NomenCode,Reporter_ISO_N,Year,ProductCode,Sum_Of_Rates,Min_Rate,Max_Rate,SimpleAverage,Nbr_NA_Lines,Nbr_Free_Lines,Nbr_AVE_Lines,Nbr_Dutiable_Lines,TotalNoOfValidLines,TotalNoOfLines
H5,392,2018,010121,      0.00,      0.00,      0.00,      0.00,1,2,0,0,2,3
H5,392,2018,010129,      0.00,      0.00,      0.00,      0.00,1,2,0,0,2,3
H5,392,2018,010130,      0.00,      0.00,      0.00,      0.00,0,1,0,0,1,1
H5,392,2018,010190,      0.00,      0.00,      0.00,      0.00,0,1,0,0,1,1
H5,392,2018,010221,      0.00,      0.00,      0.00,      0.00,0,1,0,0,1,1
H5,392,2018,010229,,,,,2,0,0,0,0,2
H5,392,2018,010231,      0.00,      0.00,      0.00,      0.00,0,1,0,0,1,1
H5,392,2018,010239,      0.00,      0.00,      0.00,      0.00,0,1,0,0,1,1
H5,392,2018,010290,      0.00,      0.00,      0.00,      0.00,2,1,0,0,1,3
H5,392,2018,010310,      0.00,      0.00,      0.00,      0.00,0,1,0,0,1,1
H5,392,2018,010391,      8.50,      8.50,      8.50,      8.50,0,0,0,1,1,1
H5,392,2018,010392,      8.50,      8.50,      8.50,      8.50,2,0,0,1,1,3
H5,392,2018,010410,      0.00,      0.00,      0.00,      0.00,0,1,0,0,1,1
H5,392,2018,010420,      0.00,      0.00,      0.00,      0.00,0,1,0,0,1,1
H5,392,2018,010511,      0.00,      0.00,      0.00,      0.00,0,1,0,0,1,1
H5,392,2018,010512,      0.00,      0.00,      0.00,      0.00,0,1,0,0,1,1
H5,392,2018,010513,      0.00,      0.00,      0.00,      0.00,0,1,0,0,1,1
H5,392,2018,010514,      0.00,      0.00,      0.00,      0.00,0,1,0,0,1,1
H5,392,2018,010515,      0.00,      0.00,      0.00,      0.00,0,1,0,0,1,1
H5,392,2018,010594,      0.00,      0.00,      0.00,      0.00,0,1,0,0,1,1
H5,392,2018,010599,      0.00,      0.00,      0.00,      0.00,0,1,0,0,1,1
H5,392,2018,010611,      0.00,      0.00,      0.00,      0.00,0,1,0,0,1,1
H5,392,2018,010612,      0.00,      0.00,      0.00,      0.00,0,2,0,0,2,2
H5,392,2018,010613,      0.00,      0.00,      0.00,      0.00,0,1,0,0,1,1
H5,392,2018,010614,      0.00,      0.00,      0.00,      0.00,0,1,0,0,1,1
H5,392,2018,010619,      0.00,      0.00,      0.00,      0.00,0,2,0,0,2,2
H5,392,2018,010620,      0.00,      0.00,      0.00,      0.00,0,5,0,0,5,5
H5,392,2018,010631,      0.00,      0.00,      0.00,      0.00,0,1,0,0,1,1
H5,392,2018,010632,      0.00,      0.00,      0.00,      0.00,0,1,0,0,1,1
H5,392,2018,010633,      0.00,      0.00,      0.00,      0.00,0,1,0,0,1,1
H5,392,2018,010639,      0.00,      0.00,      0.00,      0.00,0,1,0,0,1,1
H5,392,2018,010641,      0.00,      0.00,      0.00,      0.00,0,1,0,0,1,1
H5,392,2018,010649,      0.00,      0.00,      0.00,      0.00,0,1,0,0,1,1
H5,392,2018,010690,      0.00,      0.00,      0.00,      0.00,0,4,0,0,4,4
H5,392,2018,020110,     38.50,     38.50,     38.50,     38.50,0,0,0,1,1,1
H5,392,2018,020120,     38.50,     38.50,     38.50,     38.50,0,0,0,1,1,1
H5,392,2018,020130,    154.00,     38.50,     38.50,     38.50,0,0,0,4,4,4
H5,392,2018,020210,     38.50,     38.50,     38.50,     38.50,0,0,0,1,1,1
H5,392,2018,020220,     38.50,     38.50,     38.50,     38.50,0,0,0,1,1,1
H5,392,2018,020230,    154.00,     38.50,     38.50,     38.50,0,0,0,4,4,4
H5,392,2018,020311,      4.30,      0.00,      4.30,      2.15,2,1,0,1,2,4
H5,392,2018,020312,      4.30,      0.00,      4.30,      2.15,2,1,0,1,2,4
H5,392,2018,020319,      4.30,      0.00,      4.30,      2.15,2,1,0,1,2,4
H5,392,2018,020321,      4.30,      0.00,      4.30,      2.15,2,1,0,1,2,4
H5,392,2018,020322,      4.30,      0.00,      4.30,      2.15,2,1,0,1,2,4
H5,392,2018,020329,      4.30,      0.00,      4.30,      2.15,2,1,0,1,2,4
H5,392,2018,020410,      0.00,      0.00,      0.00,      0.00,0,1,0,0,1,1
H5,392,2018,020421,      0.00,      0.00,      0.00,      0.00,0,1,0,0,1,1
H5,392,2018,020422,      0.00,      0.00,      0.00,      0.00,0,1,0,0,1,1
H5,392,2018,020423,      0.00,      0.00,      0.00,      0.00,0,1,0,0,1,1
H5,392,2018,020430,      0.00,      0.00,      0.00,      0.00,0,1,0,0,1,1
H5,392,2018,020441,      0.00,      0.00,      0.00,      0.00,0,1,0,0,1,1
H5,392,2018,020442,      0.00,      0.00,      0.00,      0.00,0,1,0,0,1,1
H5,392,2018,020443,      0.00,      0.00,      0.00,      0.00,0,1,0,0,1,1
H5,392,2018,020450,      0.00,      0.00,      0.00,      0.00,0,1,0,0,1,1
H5,392,2018,020500,      0.00,      0.00,      0.00,      0.00,0,1,0,0,1,1
H5,392,2018,020610,     96.90,     12.80,     50.00,     24.22,0,0,0,4,4,4
H5,392,2018,020621,     12.80,     12.80,     12.80,     12.80,0,0,0,1,1,1
H5,392,2018,020622,     12.80,     12.80,     12.80,     12.80,0,0,0,1,1,1
H5,392,2018,020629,     84.10,     12.80,     50.00,     28.03,0,0,0,3,3,3
H5,392,2018,020630,     12.80,      0.00,      8.50,      4.27,2,1,0,2,3,5
H5,392,2018,020641,      8.50,      0.00,      8.50,      4.25,0,1,0,1,2,2
H5,392,2018,020649,     12.80,      0.00,      8.50,      4.27,2,1,0,2,3,5
H5,392,2018,020680,      0.00,      0.00,      0.00,      0.00,0,1,0,0,1,1
H5,392,2018,020690,      0.00,      0.00,      0.00,      0.00,0,1,0,0,1,1
H5,392,2018,020711,     11.90,     11.90,     11.90,     11.90,0,0,0,1,1,1
H5,392,2018,020712,     11.90,     11.90,     11.90,     11.90,0,0,0,1,1,1
H5,392,2018,020713,     20.40,      8.50,     11.90,     10.20,0,0,0,2,2,2
H5,392,2018,020714,     23.40,      3.00,     11.90,      7.80,0,0,0,3,3,3
H5,392,2018,020724,      3.00,      3.00,      3.00,      3.00,0,0,0,1,1,1
H5,392,2018,020725,      3.00,      3.00,      3.00,      3.00,0,0,0,1,1,1
H5,392,2018,020726,      3.00,      3.00,      3.00,      3.00,0,0,0,1,1,1
H5,392,2018,020727,      6.00,      3.00,      3.00,      3.00,0,0,0,2,2,2
H5,392,2018,020741,      9.60,      9.60,      9.60,      9.60,0,0,0,1,1,1
H5,392,2018,020742,      9.60,      9.60,      9.60,      9.60,0,0,0,1,1,1
H5,392,2018,020743,      3.00,      3.00,      3.00,      3.00,0,0,0,1,1,1
H5,392,2018,020744,      9.60,      9.60,      9.60,      9.60,0,0,0,1,1,1
H5,392,2018,020745,     12.60,      3.00,      9.60,      6.30,0,0,0,2,2,2
H5,392,2018,020751,      9.60,      9.60,      9.60,      9.60,0,0,0,1,1,1
H5,392,2018,020752,      9.60,      9.60,      9.60,      9.60,0,0,0,1,1,1
H5,392,2018,020753,      3.00,      3.00,      3.00,      3.00,0,0,0,1,1,1
H5,392,2018,020754,      9.60,      9.60,      9.60,      9.60,0,0,0,1,1,1
H5,392,2018,020755,     12.60,      3.00,      9.60,      6.30,0,0,0,2,2,2
H5,392,2018,020760,     12.60,      3.00,      9.60,      6.30,0,0,0,2,2,2
H5,392,2018,020810,      0.00,      0.00,      0.00,      0.00,0,1,0,0,1,1
H5,392,2018,020830,      0.00,      0.00,      0.00,      0.00,0,1,0,0,1,1
H5,392,2018,020840,      0.00,      0.00,      0.00,      0.00,0,2,0,0,2,2
H5,392,2018,020850,      0.00,      0.00,      0.00,      0.00,0,1,0,0,1,1
H5,392,2018,020860,      0.00,      0.00,      0.00,      0.00,0,1,0,0,1,1
H5,392,2018,020890,      0.00,      0.00,      0.00,      0.00,0,2,0,0,2,2
H5,392,2018,020910,      6.00,      6.00,      6.00,      6.00,0,0,0,1,1,1
H5,392,2018,020990,      6.00,      6.00,      6.00,      6.00,0,0,0,1,1,1
H5,392,2018,021011,      8.50,      8.50,      8.50,      8.50,1,0,0,1,1,2
H5,392,2018,021012,      8.50,      8.50,      8.50,      8.50,1,0,0,1,1,2
H5,392,2018,021019,      8.50,      8.50,      8.50,      8.50,1,0,0,1,1,2
H5,392,2018,021020,,,,,1,0,0,0,0,1
H5,392,2018,021091,      4.20,      4.20,      4.20,      4.20,0,0,0,1,1,1
H5,392,2018,021092,      4.20,      4.20,      4.20,      4.20,0,0,0,1,1,1
H5,392,2018,021093,      4.20,      4.20,      4.20,      4.20,0,0,0,1,1,1
H5,392,2018,021099,     12.70,      4.20,      8.50,      6.35,2,0,0,2,2,4
H5,392,2018,030111,      5.20,      1.70,      3.50,      2.60,0,0,0,2,2,2
H5,392,2018,030119,      1.70,      1.70,      1.70,      1.70,0,0,0,1,1,1
H5,392,2018,030191,      3.50,      0.00,      3.50,      1.75,0,1,0,1,2,2
H5,392,2018,030192,      3.50,      0.00,      3.50,      1.75,0,1,0,1,2,2
H5,392,2018,030193,      3.50,      0.00,      3.50,      1.75,0,1,0,1,2,2
H5,392,2018,030194,      7.00,      0.00,      3.50,      1.75,0,2,0,2,4,4
H5,392,2018,030195,      3.50,      0.00,      3.50,      1.75,0,1,0,1,2,2
H5,392,2018,030199,      7.00,      0.00,      3.50,      1.00,0,5,0,2,7,7
H5,392,2018,030211,      3.50,      3.50,      3.50,      3.50,0,0,0,1,1,1
H5,392,2018,030213,     10.50,      3.50,      3.50,      3.50,0,0,0,3,3,3
H5,392,2018,030214,      3.50,      3.50,      3.50,      3.50,0,0,0,1,1,1
H5,392,2018,030219,      3.50,      3.50,      3.50,      3.50,0,0,0,1,1,1
H5,392,2018,030221,      3.50,      3.50,      3.50,      3.50,0,0,0,1,1,1
H5,392,2018,030222,      3.50,      3.50,      3.50,      3.50,0,0,0,1,1,1
H5,392,2018,030223,      3.50,      3.50,      3.50,      3.50,0,0,0,1,1,1
H5,392,2018,030224,      3.50,      3.50,      3.50,      3.50,0,0,0,1,1,1
H5,392,2018,030229,      3.50,      3.50,      3.50,      3.50,0,0,0,1,1,1
H5,392,2018,030231,      3.50,      3.50,      3.50,      3.50,0,0,0,1,1,1
H5,392,2018,030232,      3.50,      3.50,      3.50,      3.50,0,0,0,1,1,1
H5,392,2018,030233,      3.50,      3.50,      3.50,      3.50,0,0,0,1,1,1
H5,392,2018,030234,      3.50,      3.50,      3.50,      3.50,0,0,0,1,1,1
H5,392,2018,030235,      7.00,      3.50,      3.50,      3.50,0,0,0,2,2,2
H5,392,2018,030236,      3.50,      3.50,      3.50,      3.50,0,0,0,1,1,1
H5,392,2018,030239,      3.50,      3.50,      3.50,      3.50,0,0,0,1,1,1
H5,392,2018,030241,     10.00,     10.00,     10.00,     10.00,0,0,0,1,1,1
H5,392,2018,030242,     10.00,     10.00,     10.00,     10.00,0,0,0,1,1,1
H5,392,2018,030243,     13.50,      3.50,     10.00,      6.75,0,0,0,2,2,2
H5,392,2018,030244,     10.00,     10.00,     10.00,     10.00,0,0,0,1,1,1
H5,392,2018,030245,     10.00,     10.00,     10.00,     10.00,0,0,0,1,1,1
H5,392,2018,030246,      3.50,      3.50,      3.50,      3.50,0,0,0,1,1,1
H5,392,2018,030247,      3.50,      3.50,      3.50,      3.50,0,0,0,1,1,1
H5,392,2018,030249,     20.50,      3.50,     10.00,      5.13,0,0,0,4,4,4
H5,392,2018,030251,     10.00,     10.00,     10.00,     10.00,0,0,0,1,1,1
H5,392,2018,030252,      3.50,      3.50,      3.50,      3.50,0,0,0,1,1,1
H5,392,2018,030253,      3.50,      3.50,      3.50,      3.50,0,0,0,1,1,1
H5,392,2018,030254,     13.50,      3.50,     10.00,      6.75,0,0,0,2,2,2
H5,392,2018,030255,     10.00,     10.00,     10.00,     10.00,0,0,0,1,1,1
H5,392,2018,030256,      3.50,      3.50,      3.50,      3.50,0,0,0,1,1,1
H5,392,2018,030259,     13.50,      3.50,     10.00,      6.75,0,0,0,2,2,2
H5,392,2018,030271,      3.50,      3.50,      3.50,      3.50,0,0,0,1,1,1
H5,392,2018,030272,      3.50,      3.50,      3.50,      3.50,0,0,0,1,1,1
H5,392,2018,030273,      3.50,      3.50,      3.50,      3.50,0,0,0,1,1,1
H5,392,2018,030274,      3.50,      3.50,      3.50,      3.50,0,0,0,1,1,1
H5,392,2018,030279,      3.50,      3.50,      3.50,      3.50,0,0,0,1,1,1
H5,392,2018,030281,      2.50,      2.50,      2.50,      2.50,0,0,0,1,1,1
H5,392,2018,030282,      3.50,      3.50,      3.50,      3.50,0,0,0,1,1,1
H5,392,2018,030283,      3.50,      3.50,      3.50,      3.50,0,0,0,1,1,1
H5,392,2018,030284,      3.50,      3.50,      3.50,      3.50,0,0,0,1,1,1
H5,392,2018,030285,      2.00,      2.00,      2.00,      2.00,0,0,0,1,1,1
H5,392,2018,030289,     32.50,      2.00,     10.00,      5.42,0,0,0,6,6,6
H5,392,2018,030291,     19.10,      3.50,     10.00,      6.37,0,0,0,3,3,3
H5,392,2018,030292,      2.50,      2.50,      2.50,      2.50,0,0,0,1,1,1
H5,392,2018,030299,     18.00,      0.00,     10.00,      3.60,0,1,0,4,5,5
H5,392,2018,030311,      3.50,      3.50,      3.50,      3.50,0,0,0,1,1,1
H5,392,2018,030312,      7.00,      3.50,      3.50,      3.50,0,0,0,2,2,2
H5,392,2018,030313,      3.50,      3.50,      3.50,      3.50,0,0,0,1,1,1
H5,392,2018,030314,      3.50,      3.50,      3.50,      3.50,0,0,0,1,1,1
H5,392,2018,030319,      3.50,      3.50,      3.50,      3.50,0,0,0,1,1,1
H5,392,2018,030323,      3.50,      3.50,      3.50,      3.50,0,0,0,1,1,1
H5,392,2018,030324,      3.50,      3.50,      3.50,      3.50,0,0,0,1,1,1
H5,392,2018,030325,      3.50,      3.50,      3.50,      3.50,0,0,0,1,1,1
H5,392,2018,030326,      3.50,      3.50,      3.50,      3.50,0,0,0,1,1,1
H5,392,2018,030329,      3.50,      3.50,      3.50,      3.50,0,0,0,1,1,1
H5,392,2018,030331,      3.50,      3.50,      3.50,      3.50,0,0,0,1,1,1
H5,392,2018,030332,      3.50,      3.50,      3.50,      3.50,0,0,0,1,1,1
H5,392,2018,030333,      3.50,      3.50,      3.50,      3.50,0,0,0,1,1,1
H5,392,2018,030334,      3.50,      3.50,      3.50,      3.50,0,0,0,1,1,1
H5,392,2018,030339,      3.50,      3.50,      3.50,      3.50,0,0,0,1,1,1
H5,392,2018,030341,      3.50,      3.50,      3.50,      3.50,0,0,0,1,1,1
H5,392,2018,030342,      3.50,      3.50,      3.50,      3.50,0,0,0,1,1,1
H5,392,2018,030343,      3.50,      3.50,      3.50,      3.50,0,0,0,1,1,1
H5,392,2018,030344,      3.50,      3.50,      3.50,      3.50,0,0,0,1,1,1
H5,392,2018,030345,      7.00,      3.50,      3.50,      3.50,0,0,0,2,2,2
H5,392,2018,030346,      3.50,      3.50,      3.50,      3.50,0,0,0,1,1,1
H5,392,2018,030349,      3.50,      3.50,      3.50,      3.50,0,0,0,1,1,1
H5,392,2018,030351,      6.00,      6.00,      6.00,      6.00,0,0,0,1,1,1
H5,392,2018,030353,     13.50,      3.50,     10.00,      6.75,0,0,0,2,2,2
H5,392,2018,030354,      7.00,      7.00,      7.00,      7.00,0,0,0,1,1,1
H5,392,2018,030355,     10.00,     10.00,     10.00,     10.00,0,0,0,1,1,1
H5,392,2018,030356,      3.50,      3.50,      3.50,      3.50,0,0,0,1,1,1
H5,392,2018,030357,      3.50,      3.50,      3.50,      3.50,0,0,0,1,1,1
H5,392,2018,030359,     43.30,      2.80,     10.00,      6.19,0,0,0,7,7,7
H5,392,2018,030363,      6.00,      6.00,      6.00,      6.00,0,0,0,1,1,1
H5,392,2018,030364,      3.50,      3.50,      3.50,      3.50,0,0,0,1,1,1
H5,392,2018,030365,      3.50,      3.50,      3.50,      3.50,0,0,0,1,1,1
H5,392,2018,030366,      9.50,      3.50,      6.00,      4.75,0,0,0,2,2,2
H5,392,2018,030367,      6.00,      6.00,      6.00,      6.00,0,0,0,1,1,1
H5,392,2018,030368,      3.50,      3.50,      3.50,      3.50,0,0,0,1,1,1
H5,392,2018,030369,      9.50,      3.50,      6.00,      4.75,0,0,0,2,2,2
H5,392,2018,030381,      2.50,      2.50,      2.50,      2.50,0,0,0,1,1,1
H5,392,2018,030382,      3.50,      3.50,      3.50,      3.50,0,0,0,1,1,1
H5,392,2018,030383,      3.50,      3.50,      3.50,      3.50,0,0,0,1,1,1
H5,392,2018,030384,      3.50,      3.50,      3.50,      3.50,0,0,0,1,1,1
H5,392,2018,030389,     58.00,      2.00,     10.00,      4.46,0,0,0,13,13,13
H5,392,2018,030391,     11.70,      3.50,      4.20,      3.90,0,0,0,3,3,3
H5,392,2018,030392,      2.50,      2.50,      2.50,      2.50,0,0,0,1,1,1
H5,392,2018,030399,     33.80,      0.00,     10.00,      4.22,0,1,0,7,8,8
H5,392,2018,030431,      3.50,      3.50,      3.50,      3.50,0,0,0,1,1,1
H5,392,2018,030432,      3.50,      3.50,      3.50,      3.50,0,0,0,1,1,1
H5,392,2018,030433,      3.50,      3.50,      3.50,      3.50,0,0,0,1,1,1
H5,392,2018,030439,      3.50,      3.50,      3.50,      3.50,0,0,0,1,1,1
H5,392,2018,030441,      3.50,      3.50,      3.50,      3.50,0,0,0,1,1,1
H5,392,2018,030442,      3.50,      3.50,      3.50,      3.50,0,0,0,1,1,1
H5,392,2018,030443,      3.50,      3.50,      3.50,      3.50,0,0,0,1,1,1
H5,392,2018,030444,     13.50,      3.50,     10.00,      6.75,0,0,0,2,2,2
H5,392,2018,030445,      3.50,      3.50,      3.50,      3.50,0,0,0,1,1,1
H5,392,2018,030446,      3.50,      3.50,      3.50,      3.50,0,0,0,1,1,1
H5,392,2018,030447,      3.50,      3.50,      3.50,      3.50,0,0,0,1,1,1
H5,392,2018,030448,      3.50,      3.50,      3.50,      3.50,0,0,0,1,1,1
H5,392,2018,030449,     20.50,      3.50,     10.00,      5.13,0,0,0,4,4,4
H5,392,2018,030451,      3.50,      3.50,      3.50,      3.50,0,0,0,1,1,1
H5,392,2018,030452,      3.50,      3.50,      3.50,      3.50,0,0,0,1,1,1
H5,392,2018,030453,     13.50,      3.50,     10.00,      6.75,0,0,0,2,2,2
H5,392,2018,030454,      3.50,      3.50,      3.50,      3.50,0,0,0,1,1,1
H5,392,2018,030455,      3.50,      3.50,      3.50,      3.50,0,0,0,1,1,1
H5,392,2018,030456,      2.50,      2.50,      2.50,      2.50,0,0,0,1,1,1
H5,392,2018,030457,      3.50,      3.50,      3.50,      3.50,0,0,0,1,1,1
H5,392,2018,030459,     22.50,      2.00,     10.00,      4.50,0,0,0,5,5,5
H5,392,2018,030461,      3.50,      3.50,      3.50,      3.50,0,0,0,1,1,1
H5,392,2018,030462,      3.50,      3.50,      3.50,      3.50,0,0,0,1,1,1
H5,392,2018,030463,      3.50,      3.50,      3.50,      3.50,0,0,0,1,1,1
H5,392,2018,030469,      3.50,      3.50,      3.50,      3.50,0,0,0,1,1,1
H5,392,2018,030471,     10.00,     10.00,     10.00,     10.00,0,0,0,1,1,1
H5,392,2018,030472,      3.50,      3.50,      3.50,      3.50,0,0,0,1,1,1
H5,392,2018,030473,      3.50,      3.50,      3.50,      3.50,0,0,0,1,1,1
H5,392,2018,030474,     13.50,      3.50,     10.00,      6.75,0,0,0,2,2,2
H5,392,2018,030475,     10.00,     10.00,     10.00,     10.00,0,0,0,1,1,1
H5,392,2018,030479,     13.50,      3.50,     10.00,      6.75,0,0,0,2,2,2
H5,392,2018,030481,      3.50,      3.50,      3.50,      3.50,0,0,0,1,1,1
H5,392,2018,030482,      3.50,      3.50,      3.50,      3.50,0,0,0,1,1,1
H5,392,2018,030483,      3.50,      3.50,      3.50,      3.50,0,0,0,1,1,1
H5,392,2018,030484,      3.50,      3.50,      3.50,      3.50,0,0,0,1,1,1
H5,392,2018,030485,      3.50,      3.50,      3.50,      3.50,0,0,0,1,1,1
H5,392,2018,030486,     10.00,     10.00,     10.00,     10.00,0,0,0,1,1,1
H5,392,2018,030487,     21.00,      3.50,      3.50,      3.50,0,0,0,6,6,6
H5,392,2018,030488,      3.50,      3.50,      3.50,      3.50,0,0,0,1,1,1
H5,392,2018,030489,     24.00,      3.50,     10.00,      4.80,0,0,0,5,5,5
H5,392,2018,030491,      3.50,      3.50,      3.50,      3.50,0,0,0,1,1,1
H5,392,2018,030492,      3.50,      3.50,      3.50,      3.50,0,0,0,1,1,1
H5,392,2018,030493,      3.50,      3.50,      3.50,      3.50,0,0,0,1,1,1
H5,392,2018,030494,     10.20,      4.20,      6.00,      5.10,0,0,0,2,2,2
H5,392,2018,030495,     13.70,      3.50,      6.00,      4.57,0,0,0,3,3,3
H5,392,2018,030496,      2.50,      2.50,      2.50,      2.50,0,0,0,1,1,1
H5,392,2018,030497,      3.50,      3.50,      3.50,      3.50,0,0,0,1,1,1
H5,392,2018,030499,     38.30,      2.00,     10.00,      4.26,0,0,0,9,9,9
H5,392,2018,030510,     10.00,     10.00,     10.00,     10.00,0,0,0,1,1,1
H5,392,2018,030520,     32.20,      2.80,     10.00,      6.44,0,0,0,5,5,5
H5,392,2018,030531,     10.50,     10.50,     10.50,     10.50,0,0,0,1,1,1
H5,392,2018,030532,     25.50,     10.50,     15.00,     12.75,0,0,0,2,2,2
H5,392,2018,030539,     33.90,      8.40,     15.00,     11.30,0,0,0,3,3,3
H5,392,2018,030541,     10.50,     10.50,     10.50,     10.50,0,0,0,1,1,1
H5,392,2018,030542,     10.00,     10.00,     10.00,     10.00,0,0,0,1,1,1
H5,392,2018,030543,     10.00,     10.00,     10.00,     10.00,0,0,0,1,1,1
H5,392,2018,030544,     10.00,     10.00,     10.00,     10.00,0,0,0,1,1,1
H5,392,2018,030549,     20.00,     10.00,     10.00,     10.00,0,0,0,2,2,2
H5,392,2018,030551,     15.00,     15.00,     15.00,     15.00,0,0,0,1,1,1
H5,392,2018,030552,     10.50,     10.50,     10.50,     10.50,0,0,0,1,1,1
H5,392,2018,030553,     25.50,     10.50,     15.00,     12.75,0,0,0,2,2,2
H5,392,2018,030554,     25.50,     10.50,     15.00,     12.75,0,0,0,2,2,2
H5,392,2018,030559,     33.90,      8.40,     15.00,     11.30,0,0,0,3,3,3
H5,392,2018,030561,     15.00,     15.00,     15.00,     15.00,0,0,0,1,1,1
H5,392,2018,030562,     15.00,     15.00,     15.00,     15.00,0,0,0,1,1,1
H5,392,2018,030563,     15.00,     15.00,     15.00,     15.00,0,0,0,1,1,1
H5,392,2018,030564,     10.50,     10.50,     10.50,     10.50,0,0,0,1,1,1
H5,392,2018,030569,     29.40,      8.40,     10.50,      9.80,0,0,0,3,3,3
H5,392,2018,030571,     20.50,     10.00,     10.50,     10.25,0,0,0,2,2,2
H5,392,2018,030572,    143.80,      0.00,     15.00,     11.06,0,1,0,12,13,13
H5,392,2018,030579,    143.80,      0.00,     15.00,     11.06,0,1,0,12,13,13
H5,392,2018,030611,      1.00,      1.00,      1.00,      1.00,0,0,0,1,1,1
H5,392,2018,030612,      1.00,      1.00,      1.00,      1.00,0,0,0,1,1,1
H5,392,2018,030614,     20.00,      4.00,      4.00,      4.00,0,0,0,5,5,5
H5,392,2018,030615,      2.00,      2.00,      2.00,      2.00,0,0,0,1,1,1
H5,392,2018,030616,      1.00,      1.00,      1.00,      1.00,0,0,0,1,1,1
H5,392,2018,030617,      1.00,      1.00,      1.00,      1.00,0,0,0,1,1,1
H5,392,2018,030619,      9.00,      2.00,      7.00,      4.50,0,0,0,2,2,2
H5,392,2018,030631,      1.00,      1.00,      1.00,      1.00,0,0,0,1,1,1
H5,392,2018,030632,      1.00,      1.00,      1.00,      1.00,0,0,0,1,1,1
H5,392,2018,030633,     28.00,      4.00,      4.00,      4.00,0,0,0,7,7,7
H5,392,2018,030634,      2.00,      2.00,      2.00,      2.00,0,0,0,1,1,1
H5,392,2018,030635,      2.00,      1.00,      1.00,      1.00,0,0,0,2,2,2
H5,392,2018,030636,      3.00,      1.00,      1.00,      1.00,0,0,0,3,3,3
H5,392,2018,030639,      9.00,      2.00,      7.00,      4.50,0,0,0,2,2,2
H5,392,2018,030691,      9.80,      4.80,      5.00,      4.90,0,0,0,2,2,2
H5,392,2018,030692,      9.80,      4.80,      5.00,      4.90,0,0,0,2,2,2
H5,392,2018,030693,     19.60,      9.60,     10.00,      9.80,0,0,0,2,2,2
H5,392,2018,030694,      9.80,      4.80,      5.00,      4.90,0,0,0,2,2,2
H5,392,2018,030695,      9.80,      4.80,      5.00,      4.90,0,0,0,2,2,2
H5,392,2018,030699,     29.40,      4.80,     10.00,      7.35,0,0,0,4,4,4
H5,392,2018,030711,      7.00,      7.00,      7.00,      7.00,0,0,0,1,1,1
H5,392,2018,030712,      7.00,      7.00,      7.00,      7.00,0,0,0,1,1,1
H5,392,2018,030719,     23.90,      6.70,     10.50,      7.97,0,0,0,3,3,3
H5,392,2018,030721,     10.00,     10.00,     10.00,     10.00,0,0,0,1,1,1
H5,392,2018,030722,     10.00,     10.00,     10.00,     10.00,0,0,0,1,1,1
H5,392,2018,030729,     21.70,      6.70,     15.00,     10.85,0,0,0,2,2,2
H5,392,2018,030731,      7.00,      7.00,      7.00,      7.00,0,0,0,1,1,1
H5,392,2018,030732,      7.00,      7.00,      7.00,      7.00,0,0,0,1,1,1
H5,392,2018,030739,     23.40,      6.70,     10.00,      7.80,0,0,0,3,3,3
H5,392,2018,030742,      8.50,      3.50,      5.00,      4.25,0,0,0,2,2,2
H5,392,2018,030743,     15.50,      3.50,      5.00,      3.88,0,0,0,4,4,4
H5,392,2018,030749,     36.70,      6.70,     15.00,     12.23,0,0,0,3,3,3
H5,392,2018,030751,      7.00,      7.00,      7.00,      7.00,0,0,0,1,1,1
H5,392,2018,030752,      7.00,      7.00,      7.00,      7.00,0,0,0,1,1,1
H5,392,2018,030759,     16.70,      6.70,     10.00,      8.35,0,0,0,2,2,2
H5,392,2018,030760,     23.70,      6.70,     10.00,      7.90,0,0,0,3,3,3
H5,392,2018,030771,     34.50,      3.50,     10.00,      6.90,0,0,0,5,5,5
H5,392,2018,030772,     27.50,      3.50,     10.00,      6.88,0,0,0,4,4,4
H5,392,2018,030779,     45.90,      5.30,     10.50,      7.65,0,0,0,6,6,6
H5,392,2018,030781,      7.00,      7.00,      7.00,      7.00,0,0,0,1,1,1
H5,392,2018,030782,      7.00,      7.00,      7.00,      7.00,0,0,0,1,1,1
H5,392,2018,030783,      7.00,      7.00,      7.00,      7.00,0,0,0,1,1,1
H5,392,2018,030784,      7.00,      7.00,      7.00,      7.00,0,0,0,1,1,1
H5,392,2018,030787,     17.20,      6.70,     10.50,      8.60,0,0,0,2,2,2
H5,392,2018,030788,     17.20,      6.70,     10.50,      8.60,0,0,0,2,2,2
H5,392,2018,030791,     31.00,      7.00,     10.00,      7.75,0,0,0,4,4,4
H5,392,2018,030792,     31.00,      7.00,     10.00,      7.75,0,0,0,4,4,4
H5,392,2018,030799,     41.10,      6.70,     10.50,      8.22,0,0,0,5,5,5
H5,392,2018,030811,      7.00,      0.00,      7.00,      3.50,0,1,0,1,2,2
H5,392,2018,030812,      7.00,      7.00,      7.00,      7.00,0,0,0,1,1,1
H5,392,2018,030819,     13.70,      6.70,      7.00,      6.85,0,0,0,2,2,2
H5,392,2018,030821,      7.00,      0.00,      7.00,      3.50,0,1,0,1,2,2
H5,392,2018,030822,      7.00,      7.00,      7.00,      7.00,0,0,0,1,1,1
H5,392,2018,030829,     13.70,      6.70,      7.00,      6.85,0,0,0,2,2,2
H5,392,2018,030830,     13.70,      0.00,      7.00,      4.57,0,1,0,2,3,3
H5,392,2018,030890,     59.20,      0.00,     10.50,      6.58,0,1,0,8,9,9
H5,392,2018,040110,     46.30,     21.30,     25.00,     23.15,1,0,0,2,2,3
H5,392,2018,040120,     46.30,     21.30,     25.00,     23.15,1,0,0,2,2,3
H5,392,2018,040140,     46.30,     21.30,     25.00,     23.15,1,0,0,2,2,3
H5,392,2018,040150,     71.30,     21.30,     25.00,     23.77,2,0,0,3,3,5
H5,392,2018,040210,    120.00,      0.00,     35.00,     20.00,4,2,0,4,6,10
H5,392,2018,040221,    110.00,      0.00,     30.00,     18.33,5,2,0,4,6,11
H5,392,2018,040229,    130.00,     30.00,     35.00,     32.50,3,0,0,4,4,7
H5,392,2018,040291,     80.50,     25.00,     30.00,     26.83,2,0,0,3,3,5
H5,392,2018,040299,     85.50,     25.50,     30.00,     28.50,2,0,0,3,3,5
H5,392,2018,040310,    137.40,     21.30,     35.00,     27.48,1,0,0,5,5,6
H5,392,2018,040390,    381.30,     21.30,     35.00,     29.33,6,0,0,13,13,19
H5,392,2018,040410,    281.30,      0.00,     35.00,     18.75,6,4,0,11,15,21
H5,392,2018,040490,    231.30,     10.00,     35.00,     23.13,6,0,0,10,10,16
H5,392,2018,040510,    140.00,     35.00,     35.00,     35.00,2,0,0,4,4,6
H5,392,2018,040520,     35.00,     35.00,     35.00,     35.00,1,0,0,1,1,2
H5,392,2018,040590,    105.00,     35.00,     35.00,     35.00,2,0,0,3,3,5
H5,392,2018,040610,     52.20,      0.00,     29.80,     17.40,0,1,0,2,3,3
H5,392,2018,040620,     66.30,     26.30,     40.00,     33.15,0,0,0,2,2,2
H5,392,2018,040630,     40.00,     40.00,     40.00,     40.00,0,0,0,1,1,1
H5,392,2018,040640,     29.80,      0.00,     29.80,     14.90,0,1,0,1,2,2
H5,392,2018,040690,     29.80,      0.00,     29.80,     14.90,0,1,0,1,2,2
H5,392,2018,040711,      0.00,      0.00,      0.00,      0.00,0,1,0,0,1,1
H5,392,2018,040719,      0.00,      0.00,      0.00,      0.00,0,1,0,0,1,1
H5,392,2018,040721,     17.00,     17.00,     17.00,     17.00,0,0,0,1,1,1
H5,392,2018,040729,     17.00,     17.00,     17.00,     17.00,0,0,0,1,1,1
H5,392,2018,040790,     38.30,     17.00,     21.30,     19.15,0,0,0,2,2,2
H5,392,2018,040811,     18.80,     18.80,     18.80,     18.80,0,0,0,1,1,1
H5,392,2018,040819,     20.00,     20.00,     20.00,     20.00,0,0,0,1,1,1
H5,392,2018,040891,     21.30,     21.30,     21.30,     21.30,0,0,0,1,1,1
H5,392,2018,040899,     21.30,     21.30,     21.30,     21.30,0,0,0,1,1,1
H5,392,2018,040900,     25.50,     25.50,     25.50,     25.50,0,0,0,1,1,1
H5,392,2018,041000,     10.50,      1.50,      9.00,      5.25,0,0,0,2,2,2
H5,392,2018,050100,      0.00,      0.00,      0.00,      0.00,0,1,0,0,1,1
H5,392,2018,050210,      0.00,      0.00,      0.00,      0.00,0,1,0,0,1,1
H5,392,2018,050290,      0.00,      0.00,      0.00,      0.00,0,1,0,0,1,1
H5,392,2018,050400,      0.00,      0.00,      0.00,      0.00,0,5,0,0,5,5
H5,392,2018,050510,      0.00,      0.00,      0.00,      0.00,0,1,0,0,1,1
H5,392,2018,050590,      0.00,      0.00,      0.00,      0.00,0,1,0,0,1,1
H5,392,2018,050610,      0.00,      0.00,      0.00,      0.00,0,1,0,0,1,1
H5,392,2018,050690,      0.00,      0.00,      0.00,      0.00,0,2,0,0,2,2
H5,392,2018,050710,      0.00,      0.00,      0.00,      0.00,0,1,0,0,1,1
H5,392,2018,050790,      0.00,      0.00,      0.00,      0.00,0,2,0,0,2,2
H5,392,2018,050800,      0.00,      0.00,      0.00,      0.00,0,2,0,0,2,2
H5,392,2018,051000,      3.00,      0.00,      3.00,      1.00,0,2,0,1,3,3
H5,392,2018,051110,      0.00,      0.00,      0.00,      0.00,0,1,0,0,1,1
H5,392,2018,051191,      1.70,      0.00,      1.70,      0.43,0,3,0,1,4,4
H5,392,2018,051199,      5.00,      0.00,      3.50,      0.83,0,4,0,2,6,6
H5,392,2018,060110,      0.00,      0.00,      0.00,      0.00,0,3,0,0,3,3
H5,392,2018,060120,      0.00,      0.00,      0.00,      0.00,0,1,0,0,1,1
H5,392,2018,060210,      0.00,      0.00,      0.00,      0.00,0,1,0,0,1,1
H5,392,2018,060220,      0.00,      0.00,      0.00,      0.00,0,1,0,0,1,1
H5,392,2018,060230,      0.00,      0.00,      0.00,      0.00,0,1,0,0,1,1
H5,392,2018,060240,      0.00,      0.00,      0.00,      0.00,0,1,0,0,1,1
H5,392,2018,060290,      0.00,      0.00,      0.00,      0.00,0,3,0,0,3,3
H5,392,2018,060311,      0.00,      0.00,      0.00,      0.00,0,1,0,0,1,1
H5,392,2018,060312,      0.00,      0.00,      0.00,      0.00,0,1,0,0,1,1
H5,392,2018,060313,      0.00,      0.00,      0.00,      0.00,0,1,0,0,1,1
H5,392,2018,060314,      0.00,      0.00,      0.00,      0.00,0,1,0,0,1,1
H5,392,2018,060315,      0.00,      0.00,      0.00,      0.00,0,1,0,0,1,1
H5,392,2018,060319,      0.00,      0.00,      0.00,      0.00,0,1,0,0,1,1
H5,392,2018,060390,      0.00,      0.00,      0.00,      0.00,0,1,0,0,1,1
H5,392,2018,060420,      3.00,      3.00,      3.00,      3.00,0,0,0,1,1,1
H5,392,2018,060490,      3.00,      3.00,      3.00,      3.00,0,0,0,1,1,1
H5,392,2018,070110,      3.00,      3.00,      3.00,      3.00,0,0,0,1,1,1
H5,392,2018,070190,      4.30,      4.30,      4.30,      4.30,0,0,0,1,1,1
H5,392,2018,070200,      3.00,      3.00,      3.00,      3.00,0,0,0,1,1,1
H5,392,2018,070310,     11.50,      0.00,      8.50,      3.83,1,1,0,2,3,4
H5,392,2018,070320,      3.00,      3.00,      3.00,      3.00,0,0,0,1,1,1
H5,392,2018,070390,      6.00,      3.00,      3.00,      3.00,0,0,0,2,2,2
H5,392,2018,070410,      3.00,      3.00,      3.00,      3.00,0,0,0,1,1,1
H5,392,2018,070420,      3.00,      3.00,      3.00,      3.00,0,0,0,1,1,1
H5,392,2018,070490,     12.00,      3.00,      3.00,      3.00,0,0,0,4,4,4
H5,392,2018,070511,      3.00,      3.00,      3.00,      3.00,0,0,0,1,1,1
H5,392,2018,070519,      3.00,      3.00,      3.00,      3.00,0,0,0,1,1,1
H5,392,2018,070521,      3.00,      3.00,      3.00,      3.00,0,0,0,1,1,1
H5,392,2018,070529,      3.00,      3.00,      3.00,      3.00,0,0,0,1,1,1
H5,392,2018,070610,      6.00,      3.00,      3.00,      3.00,0,0,0,2,2,2
H5,392,2018,070690,      5.50,      2.50,      3.00,      2.75,0,0,0,2,2,2
H5,392,2018,070700,      3.00,      3.00,      3.00,      3.00,0,0,0,1,1,1
H5,392,2018,070810,      3.00,      3.00,      3.00,      3.00,0,0,0,1,1,1
H5,392,2018,070820,      3.00,      3.00,      3.00,      3.00,0,0,0,1,1,1
H5,392,2018,070890,      3.00,      3.00,      3.00,      3.00,0,0,0,1,1,1
H5,392,2018,070920,      3.00,      3.00,      3.00,      3.00,0,0,0,1,1,1
H5,392,2018,070930,      3.00,      3.00,      3.00,      3.00,0,0,0,1,1,1
H5,392,2018,070940,      3.00,      3.00,      3.00,      3.00,0,0,0,1,1,1
H5,392,2018,070951,      4.30,      4.30,      4.30,      4.30,0,0,0,1,1,1
H5,392,2018,070959,     14.60,      3.00,      4.30,      3.65,0,0,0,4,4,4
H5,392,2018,070960,      6.00,      3.00,      3.00,      3.00,0,0,0,2,2,2
H5,392,2018,070970,      3.00,      3.00,      3.00,      3.00,0,0,0,1,1,1
H5,392,2018,070991,      3.00,      3.00,      3.00,      3.00,0,0,0,1,1,1
H5,392,2018,070992,      3.00,      3.00,      3.00,      3.00,0,0,0,1,1,1
H5,392,2018,070993,      3.00,      3.00,      3.00,      3.00,0,0,0,1,1,1
H5,392,2018,070999,      9.00,      3.00,      6.00,      4.50,0,0,0,2,2,2
H5,392,2018,071010,      8.50,      8.50,      8.50,      8.50,0,0,0,1,1,1
H5,392,2018,071021,      8.50,      8.50,      8.50,      8.50,0,0,0,1,1,1
H5,392,2018,071022,      8.50,      8.50,      8.50,      8.50,0,0,0,1,1,1
H5,392,2018,071029,     14.50,      6.00,      8.50,      7.25,0,0,0,2,2,2
H5,392,2018,071030,      6.00,      6.00,      6.00,      6.00,0,0,0,1,1,1
H5,392,2018,071040,     10.60,     10.60,     10.60,     10.60,0,0,0,1,1,1
H5,392,2018,071080,     24.00,      6.00,     12.00,      8.00,0,0,0,3,3,3
H5,392,2018,071090,     16.60,      6.00,     10.60,      8.30,0,0,0,2,2,2
H5,392,2018,071120,      9.00,      9.00,      9.00,      9.00,0,0,0,1,1,1
H5,392,2018,071140,      9.00,      9.00,      9.00,      9.00,0,0,0,1,1,1
H5,392,2018,071151,      9.00,      9.00,      9.00,      9.00,0,0,0,1,1,1
H5,392,2018,071159,      9.00,      9.00,      9.00,      9.00,0,0,0,1,1,1
H5,392,2018,071190,     66.00,      6.00,     12.00,      8.25,0,0,0,8,8,8
H5,392,2018,071220,      9.00,      9.00,      9.00,      9.00,0,0,0,1,1,1
H5,392,2018,071231,      9.00,      9.00,      9.00,      9.00,0,0,0,1,1,1
H5,392,2018,071232,      9.00,      9.00,      9.00,      9.00,0,0,0,1,1,1
H5,392,2018,071233,      9.00,      9.00,      9.00,      9.00,0,0,0,1,1,1
H5,392,2018,071239,     21.80,      9.00,     12.80,     10.90,0,0,0,2,2,2
H5,392,2018,071290,     57.80,      0.00,     12.80,      8.26,1,1,0,6,7,8
H5,392,2018,071310,     16.00,      0.00,     10.00,      5.33,1,1,0,2,3,4
H5,392,2018,071320,      8.50,      0.00,      8.50,      4.25,0,1,0,1,2,2
H5,392,2018,071331,      0.00,      0.00,      0.00,      0.00,0,1,0,0,1,1
H5,392,2018,071332,     10.00,     10.00,     10.00,     10.00,1,0,0,1,1,2
H5,392,2018,071333,     16.00,      0.00,     10.00,      5.33,1,1,0,2,3,4
H5,392,2018,071334,     16.00,      0.00,     10.00,      5.33,1,1,0,2,3,4
H5,392,2018,071335,     16.00,      0.00,     10.00,      5.33,1,1,0,2,3,4
H5,392,2018,071339,     46.00,      0.00,     10.00,      7.67,0,1,0,5,6,6
H5,392,2018,071340,      8.50,      0.00,      8.50,      4.25,0,1,0,1,2,2
H5,392,2018,071350,     16.00,      0.00,     10.00,      5.33,1,1,0,2,3,4
H5,392,2018,071360,     16.00,      0.00,     10.00,      5.33,1,1,0,2,3,4
H5,392,2018,071390,     16.00,      0.00,     10.00,      5.33,1,1,0,2,3,4
H5,392,2018,071410,     36.00,      0.00,     15.00,      6.00,0,3,0,3,6,6
H5,392,2018,071420,     24.80,     12.00,     12.80,     12.40,0,0,0,2,2,2
H5,392,2018,071430,     21.00,      9.00,     12.00,     10.50,0,0,0,2,2,2
H5,392,2018,071440,     19.00,      9.00,     10.00,      9.50,0,0,0,2,2,2
H5,392,2018,071450,     21.00,      9.00,     12.00,     10.50,0,0,0,2,2,2
H5,392,2018,071490,     21.00,      9.00,     12.00,     10.50,0,0,0,2,2,2
H5,392,2018,080111,      3.00,      3.00,      3.00,      3.00,0,0,0,1,1,1
H5,392,2018,080112,      3.00,      3.00,      3.00,      3.00,0,0,0,1,1,1
H5,392,2018,080119,      3.00,      3.00,      3.00,      3.00,0,0,0,1,1,1
H5,392,2018,080121,      3.00,      3.00,      3.00,      3.00,0,0,0,1,1,1
H5,392,2018,080122,      3.00,      3.00,      3.00,      3.00,0,0,0,1,1,1
H5,392,2018,080131,      0.00,      0.00,      0.00,      0.00,0,1,0,0,1,1
H5,392,2018,080132,      0.00,      0.00,      0.00,      0.00,0,1,0,0,1,1
H5,392,2018,080211,      2.40,      0.00,      2.40,      1.20,0,1,0,1,2,2
H5,392,2018,080212,      2.40,      0.00,      2.40,      1.20,0,1,0,1,2,2
H5,392,2018,080221,      6.00,      6.00,      6.00,      6.00,0,0,0,1,1,1
H5,392,2018,080222,      6.00,      6.00,      6.00,      6.00,0,0,0,1,1,1
H5,392,2018,080231,     10.00,     10.00,     10.00,     10.00,0,0,0,1,1,1
H5,392,2018,080232,     10.00,     10.00,     10.00,     10.00,0,0,0,1,1,1
H5,392,2018,080241,      9.60,      9.60,      9.60,      9.60,0,0,0,1,1,1
H5,392,2018,080242,      9.60,      9.60,      9.60,      9.60,0,0,0,1,1,1
H5,392,2018,080251,      0.00,      0.00,      0.00,      0.00,0,1,0,0,1,1
H5,392,2018,080252,      0.00,      0.00,      0.00,      0.00,0,1,0,0,1,1
H5,392,2018,080261,      5.00,      5.00,      5.00,      5.00,0,0,0,1,1,1
H5,392,2018,080262,      5.00,      5.00,      5.00,      5.00,0,0,0,1,1,1
H5,392,2018,080270,     12.00,     12.00,     12.00,     12.00,0,0,0,1,1,1
H5,392,2018,080280,      0.00,      0.00,      0.00,      0.00,0,1,0,0,1,1
H5,392,2018,080290,     16.50,      4.50,     12.00,      8.25,0,0,0,2,2,2
H5,392,2018,080310,     48.00,      3.00,     25.00,     16.00,0,0,0,3,3,3
H5,392,2018,080390,     48.00,      3.00,     25.00,     16.00,0,0,0,3,3,3
H5,392,2018,080410,      0.00,      0.00,      0.00,      0.00,0,1,0,0,1,1
H5,392,2018,080420,     12.00,      6.00,      6.00,      6.00,0,0,0,2,2,2
H5,392,2018,080430,     24.20,      7.20,     17.00,     12.10,0,0,0,2,2,2
H5,392,2018,080440,      6.00,      3.00,      3.00,      3.00,0,0,0,2,2,2
H5,392,2018,080450,      9.00,      3.00,      3.00,      3.00,0,0,0,3,3,3
H5,392,2018,080510,     48.00,     16.00,     32.00,     24.00,0,0,0,2,2,2
H5,392,2018,080521,     17.00,     17.00,     17.00,     17.00,0,0,0,1,1,1
H5,392,2018,080522,     17.00,     17.00,     17.00,     17.00,0,0,0,1,1,1
H5,392,2018,080529,     17.00,     17.00,     17.00,     17.00,0,0,0,1,1,1
H5,392,2018,080540,     20.00,     10.00,     10.00,     10.00,0,0,0,2,2,2
H5,392,2018,080550,      0.00,      0.00,      0.00,      0.00,0,2,0,0,2,2
H5,392,2018,080590,     17.00,      0.00,     17.00,      8.50,0,1,0,1,2,2
H5,392,2018,080610,     24.80,      7.80,     17.00,     12.40,0,0,0,2,2,2
H5,392,2018,080620,      1.20,      1.20,      1.20,      1.20,0,0,0,1,1,1
H5,392,2018,080711,      6.00,      6.00,      6.00,      6.00,0,0,0,1,1,1
H5,392,2018,080719,      6.00,      6.00,      6.00,      6.00,0,0,0,1,1,1
H5,392,2018,080720,      2.00,      2.00,      2.00,      2.00,0,0,0,1,1,1
H5,392,2018,080810,     17.00,     17.00,     17.00,     17.00,0,0,0,1,1,1
H5,392,2018,080830,      4.80,      4.80,      4.80,      4.80,0,0,0,1,1,1
H5,392,2018,080840,      4.80,      4.80,      4.80,      4.80,0,0,0,1,1,1
H5,392,2018,080910,      6.00,      6.00,      6.00,      6.00,0,0,0,1,1,1
H5,392,2018,080921,      8.50,      8.50,      8.50,      8.50,0,0,0,1,1,1
H5,392,2018,080929,      8.50,      8.50,      8.50,      8.50,0,0,0,1,1,1
H5,392,2018,080930,      6.00,      6.00,      6.00,      6.00,0,0,0,1,1,1
H5,392,2018,080940,      6.00,      6.00,      6.00,      6.00,0,0,0,1,1,1
H5,392,2018,081010,      6.00,      6.00,      6.00,      6.00,0,0,0,1,1,1
H5,392,2018,081020,      6.00,      6.00,      6.00,      6.00,0,0,0,1,1,1
H5,392,2018,081030,      6.00,      6.00,      6.00,      6.00,0,0,0,1,1,1
H5,392,2018,081040,      6.00,      6.00,      6.00,      6.00,0,0,0,1,1,1
H5,392,2018,081050,      6.40,      6.40,      6.40,      6.40,0,0,0,1,1,1
H5,392,2018,081060,      5.00,      5.00,      5.00,      5.00,0,0,0,1,1,1
H5,392,2018,081070,      6.00,      6.00,      6.00,      6.00,0,0,0,1,1,1
H5,392,2018,081090,     11.00,      5.00,      6.00,      5.50,0,0,0,2,2,2
H5,392,2018,081110,     21.60,      9.60,     12.00,     10.80,0,0,0,2,2,2
H5,392,2018,081120,     15.60,      6.00,      9.60,      7.80,0,0,0,2,2,2
H5,392,2018,081190,    146.20,      6.00,     23.80,     12.18,0,0,0,12,12,12
H5,392,2018,081210,     17.00,     17.00,     17.00,     17.00,0,0,0,1,1,1
H5,392,2018,081290,    163.60,      0.00,     32.00,     14.87,0,1,0,10,11,11
H5,392,2018,081310,      9.00,      9.00,      9.00,      9.00,0,0,0,1,1,1
H5,392,2018,081320,      2.40,      2.40,      2.40,      2.40,0,0,0,1,1,1
H5,392,2018,081330,      9.00,      9.00,      9.00,      9.00,0,0,0,1,1,1
H5,392,2018,081340,     43.50,      7.50,      9.00,      8.70,0,0,0,5,5,5
H5,392,2018,081350,     18.00,      6.00,     12.00,      9.00,0,0,0,2,2,2
H5,392,2018,081400,      1.50,      1.50,      1.50,      1.50,0,0,0,1,1,1
H5,392,2018,090111,      0.00,      0.00,      0.00,      0.00,0,1,0,0,1,1
H5,392,2018,090112,      0.00,      0.00,      0.00,      0.00,0,1,0,0,1,1
H5,392,2018,090121,     12.00,     12.00,     12.00,     12.00,0,0,0,1,1,1
H5,392,2018,090122,     12.00,     12.00,     12.00,     12.00,0,0,0,1,1,1
H5,392,2018,090190,     12.00,      0.00,     12.00,      6.00,0,1,0,1,2,2
H5,392,2018,090210,     17.00,     17.00,     17.00,     17.00,0,0,0,1,1,1
H5,392,2018,090220,     17.00,      0.00,     17.00,      8.50,0,1,0,1,2,2
H5,392,2018,090230,     29.00,     12.00,     17.00,     14.50,0,0,0,2,2,2
H5,392,2018,090240,     20.00,      0.00,     17.00,      6.67,0,1,0,2,3,3
H5,392,2018,090300,     12.00,     12.00,     12.00,     12.00,0,0,0,1,1,1
H5,392,2018,090411,      3.00,      0.00,      3.00,      1.50,0,1,0,1,2,2
H5,392,2018,090412,      3.00,      0.00,      3.00,      1.50,0,1,0,1,2,2
H5,392,2018,090421,      6.00,      0.00,      6.00,      3.00,0,1,0,1,2,2
H5,392,2018,090422,      6.00,      0.00,      6.00,      3.00,0,1,0,1,2,2
H5,392,2018,090510,      0.00,      0.00,      0.00,      0.00,0,1,0,0,1,1
H5,392,2018,090520,      0.00,      0.00,      0.00,      0.00,0,1,0,0,1,1
H5,392,2018,090611,      0.00,      0.00,      0.00,      0.00,0,1,0,0,1,1
H5,392,2018,090619,      0.00,      0.00,      0.00,      0.00,0,1,0,0,1,1
H5,392,2018,090620,      0.00,      0.00,      0.00,      0.00,0,1,0,0,1,1
H5,392,2018,090710,      3.60,      0.00,      3.60,      1.80,0,1,0,1,2,2
H5,392,2018,090720,      3.60,      0.00,      3.60,      1.80,0,1,0,1,2,2
H5,392,2018,090811,      3.60,      0.00,      3.60,      1.80,0,1,0,1,2,2
H5,392,2018,090812,      3.60,      0.00,      3.60,      1.80,0,1,0,1,2,2
H5,392,2018,090821,      3.60,      0.00,      3.60,      1.80,0,1,0,1,2,2
H5,392,2018,090822,      3.60,      0.00,      3.60,      1.80,0,1,0,1,2,2
H5,392,2018,090831,      3.60,      0.00,      3.60,      1.80,0,1,0,1,2,2
H5,392,2018,090832,      3.60,      0.00,      3.60,      1.80,0,1,0,1,2,2
H5,392,2018,090921,      6.00,      0.00,      6.00,      3.00,0,1,0,1,2,2
H5,392,2018,090922,      9.00,      3.00,      6.00,      4.50,0,0,0,2,2,2
H5,392,2018,090931,      6.00,      0.00,      6.00,      3.00,0,1,0,1,2,2
H5,392,2018,090932,      9.00,      3.00,      6.00,      4.50,0,0,0,2,2,2
H5,392,2018,090961,      6.00,      0.00,      6.00,      3.00,0,1,0,1,2,2
H5,392,2018,090962,      9.00,      3.00,      6.00,      4.50,0,0,0,2,2,2
H5,392,2018,091011,     19.00,      0.00,      9.00,      3.80,0,1,0,4,5,5
H5,392,2018,091012,     19.00,      2.50,      9.00,      4.75,0,0,0,4,4,4
H5,392,2018,091020,      3.60,      0.00,      3.60,      1.20,0,2,0,1,3,3
H5,392,2018,091030,      3.60,      0.00,      3.60,      1.20,0,2,0,1,3,3
H5,392,2018,091091,     10.80,      0.00,      7.20,      3.60,0,1,0,2,3,3
H5,392,2018,091099,      7.20,      0.00,      3.60,      1.20,0,4,0,2,6,6
H5,392,2018,100111,      0.00,      0.00,      0.00,      0.00,1,1,0,0,1,2
H5,392,2018,100119,      0.00,      0.00,      0.00,      0.00,1,1,0,0,1,2
H5,392,2018,100191,      0.00,      0.00,      0.00,      0.00,3,1,0,0,1,4
H5,392,2018,100199,      0.00,      0.00,      0.00,      0.00,4,2,0,0,2,6
H5,392,2018,100210,      4.20,      0.00,      4.20,      2.10,0,1,0,1,2,2
H5,392,2018,100290,      8.40,      4.20,      4.20,      4.20,0,0,0,2,2,2
H5,392,2018,100310,      0.00,      0.00,      0.00,      0.00,1,1,0,0,1,2
H5,392,2018,100390,      0.00,      0.00,      0.00,      0.00,2,2,0,0,2,4
H5,392,2018,100410,      0.00,      0.00,      0.00,      0.00,0,2,0,0,2,2
H5,392,2018,100490,      0.00,      0.00,      0.00,      0.00,0,1,0,0,1,1
H5,392,2018,100510,      0.00,      0.00,      0.00,      0.00,1,1,0,0,1,2
H5,392,2018,100590,     53.00,      0.00,     50.00,      7.57,0,5,0,2,7,7
H5,392,2018,100610,      0.00,      0.00,      0.00,      0.00,1,1,0,0,1,2
H5,392,2018,100620,      0.00,      0.00,      0.00,      0.00,1,1,0,0,1,2
H5,392,2018,100630,      0.00,      0.00,      0.00,      0.00,1,1,0,0,1,2
H5,392,2018,100640,      0.00,      0.00,      0.00,      0.00,1,1,0,0,1,2
H5,392,2018,100710,      3.00,      0.00,      3.00,      1.50,0,1,0,1,2,2
H5,392,2018,100790,      3.00,      0.00,      3.00,      1.50,0,1,0,1,2,2
H5,392,2018,100810,      9.00,      0.00,      9.00,      4.50,0,1,0,1,2,2
H5,392,2018,100821,      0.00,      0.00,      0.00,      0.00,0,1,0,0,1,1
H5,392,2018,100829,      0.00,      0.00,      0.00,      0.00,0,1,0,0,1,1
H5,392,2018,100830,      0.00,      0.00,      0.00,      0.00,0,1,0,0,1,1
H5,392,2018,100840,      3.00,      0.00,      3.00,      1.50,0,1,0,1,2,2
H5,392,2018,100850,      3.00,      0.00,      3.00,      1.50,0,1,0,1,2,2
H5,392,2018,100860,      0.00,      0.00,      0.00,      0.00,1,2,0,0,2,3
H5,392,2018,100890,      3.00,      0.00,      3.00,      1.50,0,1,0,1,2,2
H5,392,2018,110100,     50.00,     25.00,     25.00,     25.00,1,0,0,2,2,3
H5,392,2018,110220,     21.30,     21.30,     21.30,     21.30,0,0,0,1,1,1
H5,392,2018,110290,    111.30,     15.00,     25.00,     22.26,3,0,0,5,5,8
H5,392,2018,110311,     25.00,     25.00,     25.00,     25.00,1,0,0,1,1,2
H5,392,2018,110313,     21.30,     21.30,     21.30,     21.30,0,0,0,1,1,1
H5,392,2018,110319,     94.00,     12.00,     25.00,     18.80,3,0,0,5,5,8
H5,392,2018,110320,    140.30,     12.00,     25.00,     20.04,4,0,0,7,7,11
H5,392,2018,110412,     12.00,     12.00,     12.00,     12.00,0,0,0,1,1,1
H5,392,2018,110419,    128.30,     17.00,     25.00,     21.38,4,0,0,6,6,10
H5,392,2018,110422,     12.00,     12.00,     12.00,     12.00,0,0,0,1,1,1
H5,392,2018,110423,     34.20,     16.20,     18.00,     17.10,0,0,0,2,2,2
H5,392,2018,110429,    124.00,     17.00,     25.00,     20.67,4,0,0,6,6,10
H5,392,2018,110430,     17.00,     17.00,     17.00,     17.00,0,0,0,1,1,1
H5,392,2018,110510,     20.00,     20.00,     20.00,     20.00,0,0,0,1,1,1
H5,392,2018,110520,     20.00,     20.00,     20.00,     20.00,0,0,0,1,1,1
H5,392,2018,110610,     13.60,     13.60,     13.60,     13.60,0,0,0,1,1,1
H5,392,2018,110620,     36.30,      0.00,     21.30,     12.10,0,1,0,2,3,3
H5,392,2018,110630,     30.00,      0.00,     15.00,     10.00,0,1,0,2,3,3
H5,392,2018,110710,      0.00,      0.00,      0.00,      0.00,0,4,0,0,4,4
H5,392,2018,110720,      0.00,      0.00,      0.00,      0.00,1,1,0,0,1,2
H5,392,2018,110811,     25.00,     25.00,     25.00,     25.00,1,0,0,1,1,2
H5,392,2018,110812,     25.00,      0.00,     25.00,     12.50,1,1,0,1,2,3
H5,392,2018,110813,     25.00,      0.00,     25.00,     12.50,1,1,0,1,2,3
H5,392,2018,110814,     25.00,      0.00,     25.00,     12.50,1,1,0,1,2,3
H5,392,2018,110819,     50.00,      0.00,     25.00,     12.50,2,2,0,2,4,6
H5,392,2018,110820,     25.00,     25.00,     25.00,     25.00,1,0,0,1,1,2
H5,392,2018,110900,     21.30,     21.30,     21.30,     21.30,0,0,0,1,1,1
H5,392,2018,120110,      0.00,      0.00,      0.00,      0.00,0,1,0,0,1,1
H5,392,2018,120190,      0.00,      0.00,      0.00,      0.00,0,2,0,0,2,2
H5,392,2018,120230,     40.00,     10.00,     10.00,     10.00,0,0,0,4,4,4
H5,392,2018,120241,     10.00,      0.00,     10.00,      5.00,1,1,0,1,2,3
H5,392,2018,120242,     10.00,      0.00,     10.00,      5.00,1,1,0,1,2,3
H5,392,2018,120300,      0.00,      0.00,      0.00,      0.00,0,1,0,0,1,1
H5,392,2018,120400,      0.00,      0.00,      0.00,      0.00,0,1,0,0,1,1
H5,392,2018,120510,      0.00,      0.00,      0.00,      0.00,0,1,0,0,1,1
H5,392,2018,120590,      0.00,      0.00,      0.00,      0.00,0,1,0,0,1,1
H5,392,2018,120600,      0.00,      0.00,      0.00,      0.00,0,1,0,0,1,1
H5,392,2018,120710,      0.00,      0.00,      0.00,      0.00,0,1,0,0,1,1
H5,392,2018,120721,      0.00,      0.00,      0.00,      0.00,0,1,0,0,1,1
H5,392,2018,120729,      0.00,      0.00,      0.00,      0.00,0,1,0,0,1,1
H5,392,2018,120730,      0.00,      0.00,      0.00,      0.00,0,1,0,0,1,1
H5,392,2018,120740,      0.00,      0.00,      0.00,      0.00,0,1,0,0,1,1
H5,392,2018,120750,      0.00,      0.00,      0.00,      0.00,0,1,0,0,1,1
H5,392,2018,120760,      0.00,      0.00,      0.00,      0.00,0,1,0,0,1,1
H5,392,2018,120770,      0.00,      0.00,      0.00,      0.00,0,1,0,0,1,1
H5,392,2018,120791,      0.00,      0.00,      0.00,      0.00,0,1,0,0,1,1
H5,392,2018,120799,      0.00,      0.00,      0.00,      0.00,0,2,0,0,2,2
H5,392,2018,120810,      4.20,      4.20,      4.20,      4.20,0,0,0,1,1,1
H5,392,2018,120890,      4.20,      4.20,      4.20,      4.20,0,0,0,1,1,1
H5,392,2018,120910,      0.00,      0.00,      0.00,      0.00,0,1,0,0,1,1
H5,392,2018,120921,      0.00,      0.00,      0.00,      0.00,0,1,0,0,1,1
H5,392,2018,120922,      0.00,      0.00,      0.00,      0.00,0,1,0,0,1,1
H5,392,2018,120923,      0.00,      0.00,      0.00,      0.00,0,1,0,0,1,1
H5,392,2018,120924,      0.00,      0.00,      0.00,      0.00,0,1,0,0,1,1
H5,392,2018,120925,      0.00,      0.00,      0.00,      0.00,0,1,0,0,1,1
H5,392,2018,120929,      0.00,      0.00,      0.00,      0.00,0,2,0,0,2,2
H5,392,2018,120930,      0.00,      0.00,      0.00,      0.00,0,1,0,0,1,1
H5,392,2018,120991,      0.00,      0.00,      0.00,      0.00,0,2,0,0,2,2
H5,392,2018,120999,      0.00,      0.00,      0.00,      0.00,0,1,0,0,1,1
H5,392,2018,121010,      4.30,      4.30,      4.30,      4.30,0,0,0,1,1,1
H5,392,2018,121020,      7.30,      3.00,      4.30,      3.65,0,0,0,2,2,2
H5,392,2018,121120,      7.30,      3.00,      4.30,      3.65,0,0,0,2,2,2
H5,392,2018,121130,      0.00,      0.00,      0.00,      0.00,0,1,0,0,1,1
H5,392,2018,121140,      3.00,      3.00,      3.00,      3.00,0,0,0,1,1,1
H5,392,2018,121150,      0.00,      0.00,      0.00,      0.00,0,1,0,0,1,1
H5,392,2018,121190,     29.00,      0.00,     12.00,      2.90,0,4,0,6,10,10
H5,392,2018,121221,     92.50,     10.50,     40.00,     15.42,1,0,0,6,6,7
H5,392,2018,121229,      7.00,      0.00,      3.50,      1.40,0,3,0,2,5,5
H5,392,2018,121291,      0.00,      0.00,      0.00,      0.00,0,1,0,0,1,1
H5,392,2018,121292,      0.00,      0.00,      0.00,      0.00,0,1,0,0,1,1
H5,392,2018,121293,      0.00,      0.00,      0.00,      0.00,0,1,0,0,1,1
H5,392,2018,121294,      9.00,      9.00,      9.00,      9.00,0,0,0,1,1,1
H5,392,2018,121299,     46.00,      3.00,     40.00,     15.33,1,0,0,3,3,4
H5,392,2018,121300,      0.00,      0.00,      0.00,      0.00,0,1,0,0,1,1
H5,392,2018,121410,      0.00,      0.00,      0.00,      0.00,0,1,0,0,1,1
H5,392,2018,121490,      0.00,      0.00,      0.00,      0.00,0,2,0,0,2,2
H5,392,2018,130120,      0.00,      0.00,      0.00,      0.00,0,1,0,0,1,1
H5,392,2018,130190,     17.00,      0.00,     17.00,      4.25,0,3,0,1,4,4
H5,392,2018,130211,      0.00,      0.00,      0.00,      0.00,0,1,0,0,1,1
H5,392,2018,130212,      0.00,      0.00,      0.00,      0.00,0,1,0,0,1,1
H5,392,2018,130213,      0.00,      0.00,      0.00,      0.00,0,1,0,0,1,1
H5,392,2018,130214,      6.00,      0.00,      6.00,      3.00,0,1,0,1,2,2
H5,392,2018,130219,     38.50,      0.00,     16.50,      4.81,0,4,0,4,8,8
H5,392,2018,130220,      3.00,      3.00,      3.00,      3.00,0,0,0,1,1,1
H5,392,2018,130231,,,,,1,0,0,0,0,1
H5,392,2018,130232,      0.00,      0.00,      0.00,      0.00,0,2,0,0,2,2
H5,392,2018,130239,      0.00,      0.00,      0.00,      0.00,0,1,0,0,1,1
H5,392,2018,140110,      8.50,      8.50,      8.50,      8.50,0,0,0,1,1,1
H5,392,2018,140120,      0.00,      0.00,      0.00,      0.00,0,1,0,0,1,1
H5,392,2018,140190,     14.50,      3.00,      8.50,      4.83,0,0,0,3,3,3
H5,392,2018,140420,      0.00,      0.00,      0.00,      0.00,0,1,0,0,1,1
H5,392,2018,140490,     27.00,      0.00,      6.00,      2.70,0,5,0,5,10,10
H5,392,2018,150110,      0.00,      0.00,      0.00,      0.00,1,1,0,0,1,2
H5,392,2018,150120,      0.00,      0.00,      0.00,      0.00,1,1,0,0,1,2
H5,392,2018,150190,      6.40,      6.40,      6.40,      6.40,0,0,0,1,1,1
H5,392,2018,150210,      0.00,      0.00,      0.00,      0.00,0,2,0,0,2,2
H5,392,2018,150290,      0.00,      0.00,      0.00,      0.00,0,2,0,0,2,2
H5,392,2018,150300,      4.30,      4.30,      4.30,      4.30,0,0,0,1,1,1
H5,392,2018,150410,      3.50,      3.50,      3.50,      3.50,0,0,0,1,1,1
H5,392,2018,150420,      7.00,      7.00,      7.00,      7.00,0,0,0,1,1,1
H5,392,2018,150430,      3.50,      0.00,      3.50,      1.75,0,1,0,1,2,2
H5,392,2018,150500,      4.20,      1.20,      3.00,      2.10,0,0,0,2,2,2
H5,392,2018,150600,      6.40,      6.40,      6.40,      6.40,0,0,0,1,1,1
H5,392,2018,150710,,,,,2,0,0,0,0,2
H5,392,2018,150790,,,,,1,0,0,0,0,1
H5,392,2018,150810,,,,,2,0,0,0,0,2
H5,392,2018,150890,,,,,1,0,0,0,0,1
H5,392,2018,150910,      0.00,      0.00,      0.00,      0.00,0,1,0,0,1,1
H5,392,2018,150990,      0.00,      0.00,      0.00,      0.00,0,1,0,0,1,1
H5,392,2018,151000,      0.00,      0.00,      0.00,      0.00,0,1,0,0,1,1
H5,392,2018,151110,      3.50,      3.50,      3.50,      3.50,0,0,0,1,1,1
H5,392,2018,151190,      6.00,      2.50,      3.50,      3.00,0,0,0,2,2,2
H5,392,2018,151211,,,,,4,0,0,0,0,4
H5,392,2018,151219,,,,,2,0,0,0,0,2
H5,392,2018,151221,      0.00,      0.00,      0.00,      0.00,1,1,0,0,1,2
H5,392,2018,151229,      0.00,      0.00,      0.00,      0.00,1,1,0,0,1,2
H5,392,2018,151311,      4.50,      4.50,      4.50,      4.50,0,0,0,1,1,1
H5,392,2018,151319,      4.50,      4.50,      4.50,      4.50,0,0,0,1,1,1
H5,392,2018,151321,      4.00,      0.00,      4.00,      1.33,0,2,0,1,3,3
H5,392,2018,151329,      4.00,      0.00,      4.00,      2.00,0,1,0,1,2,2
H5,392,2018,151411,,,,,2,0,0,0,0,2
H5,392,2018,151419,,,,,1,0,0,0,0,1
H5,392,2018,151491,,,,,2,0,0,0,0,2
H5,392,2018,151499,,,,,1,0,0,0,0,1
H5,392,2018,151511,      5.00,      5.00,      5.00,      5.00,0,0,0,1,1,1
H5,392,2018,151519,      5.00,      5.00,      5.00,      5.00,0,0,0,1,1,1
H5,392,2018,151521,,,,,2,0,0,0,0,2
H5,392,2018,151529,,,,,1,0,0,0,0,1
H5,392,2018,151530,      4.50,      4.50,      4.50,      4.50,0,0,0,1,1,1
H5,392,2018,151550,,,,,2,0,0,0,0,2
H5,392,2018,151590,      4.00,      0.00,      4.00,      0.80,4,4,0,1,5,9
H5,392,2018,151610,      4.00,      4.00,      4.00,      4.00,0,0,0,1,1,1
H5,392,2018,151620,      7.00,      3.50,      3.50,      3.50,0,0,0,2,2,2
H5,392,2018,151710,     29.80,     29.80,     29.80,     29.80,0,0,0,1,1,1
H5,392,2018,151790,     50.90,      2.90,     21.30,      8.48,1,0,0,6,6,7
H5,392,2018,151800,      2.50,      2.50,      2.50,      2.50,0,0,0,1,1,1
H5,392,2018,152000,      5.00,      5.00,      5.00,      5.00,0,0,0,1,1,1
H5,392,2018,152110,      0.00,      0.00,      0.00,      0.00,0,2,0,0,2,2
H5,392,2018,152190,     22.60,      4.50,     12.80,      7.53,0,0,0,3,3,3
H5,392,2018,152200,      4.50,      0.00,      4.50,      2.25,0,1,0,1,2,2
H5,392,2018,160100,     10.00,     10.00,     10.00,     10.00,0,0,0,1,1,1
H5,392,2018,160210,     21.30,     21.30,     21.30,     21.30,0,0,0,1,1,1
H5,392,2018,160220,     33.30,      6.00,     21.30,     11.10,0,0,0,3,3,3
H5,392,2018,160231,     27.30,      0.00,     21.30,      9.10,0,1,0,2,3,3
H5,392,2018,160232,     27.30,      0.00,     21.30,      9.10,0,1,0,2,3,3
H5,392,2018,160239,     27.30,      0.00,     21.30,      9.10,0,1,0,2,3,3
H5,392,2018,160241,     28.50,      8.50,     20.00,     14.25,1,0,0,2,2,3
H5,392,2018,160242,     28.50,      8.50,     20.00,     14.25,1,0,0,2,2,3
H5,392,2018,160249,     28.50,      0.00,     20.00,      9.50,1,1,0,2,3,4
H5,392,2018,160250,    593.90,      0.00,     50.00,     24.75,0,1,0,23,24,24
H5,392,2018,160290,     27.30,      0.00,     21.30,      9.10,0,1,0,2,3,3
H5,392,2018,160300,     21.60,      9.60,     12.00,     10.80,0,0,0,2,2,2
H5,392,2018,160411,     19.20,      9.60,      9.60,      9.60,0,0,0,2,2,2
H5,392,2018,160412,      9.60,      9.60,      9.60,      9.60,0,0,0,1,1,1
H5,392,2018,160413,     19.20,      9.60,      9.60,      9.60,0,0,0,2,2,2
H5,392,2018,160414,     38.40,      9.60,      9.60,      9.60,0,0,0,4,4,4
H5,392,2018,160415,      9.60,      9.60,      9.60,      9.60,0,0,0,1,1,1
H5,392,2018,160416,      9.60,      9.60,      9.60,      9.60,0,0,0,1,1,1
H5,392,2018,160417,      9.60,      9.60,      9.60,      9.60,0,0,0,1,1,1
H5,392,2018,160418,      9.60,      9.60,      9.60,      9.60,0,0,0,1,1,1
H5,392,2018,160419,     19.20,      9.60,      9.60,      9.60,0,0,0,2,2,2
H5,392,2018,160420,     47.00,      6.40,     11.00,      9.40,0,0,0,5,5,5
H5,392,2018,160431,      6.40,      6.40,      6.40,      6.40,0,0,0,1,1,1
H5,392,2018,160432,     12.80,      6.40,      6.40,      6.40,0,0,0,2,2,2
H5,392,2018,160510,     24.20,      5.00,      9.60,      8.07,0,0,0,3,3,3
H5,392,2018,160521,     20.20,      4.80,      5.30,      5.05,0,0,0,4,4,4
H5,392,2018,160529,     15.40,      4.80,      5.30,      5.13,0,0,0,3,3,3
H5,392,2018,160530,      9.80,      4.80,      5.00,      4.90,0,0,0,2,2,2
H5,392,2018,160540,     19.40,      4.80,      9.60,      6.47,0,0,0,3,3,3
H5,392,2018,160551,     32.60,      6.70,      9.60,      8.15,0,0,0,4,4,4
H5,392,2018,160552,     16.30,      6.70,      9.60,      8.15,0,0,0,2,2,2
H5,392,2018,160553,     32.60,      6.70,      9.60,      8.15,0,0,0,4,4,4
H5,392,2018,160554,     48.70,      6.70,     10.50,      9.74,0,0,0,5,5,5
H5,392,2018,160555,     25.90,      6.70,      9.60,      8.63,0,0,0,3,3,3
H5,392,2018,160556,     32.60,      6.70,      9.60,      8.15,0,0,0,4,4,4
H5,392,2018,160557,     16.30,      6.70,      9.60,      8.15,0,0,0,2,2,2
H5,392,2018,160558,     25.90,      6.70,      9.60,      8.63,0,0,0,3,3,3
H5,392,2018,160559,     48.90,      6.70,      9.60,      8.15,0,0,0,6,6,6
H5,392,2018,160561,     16.70,      6.70,     10.00,      8.35,0,0,0,2,2,2
H5,392,2018,160562,     16.70,      6.70,     10.00,      8.35,0,0,0,2,2,2
H5,392,2018,160563,     16.70,      6.70,     10.00,      8.35,0,0,0,2,2,2
H5,392,2018,160569,     36.30,      6.70,     10.00,      9.07,0,0,0,4,4,4
H5,392,2018,170112,      0.00,      0.00,      0.00,      0.00,1,1,0,0,1,2
H5,392,2018,170113,,,,,1,0,0,0,0,1
H5,392,2018,170114,      0.00,      0.00,      0.00,      0.00,2,1,0,0,1,3
H5,392,2018,170191,,,,,1,0,0,0,0,1
H5,392,2018,170199,,,,,2,0,0,0,0,2
H5,392,2018,170211,      8.50,      8.50,      8.50,      8.50,0,0,0,1,1,1
H5,392,2018,170219,      8.50,      8.50,      8.50,      8.50,0,0,0,1,1,1
H5,392,2018,170220,     17.50,     17.50,     17.50,     17.50,1,0,0,1,1,2
H5,392,2018,170230,    151.10,     21.30,     50.00,     37.78,0,0,0,4,4,4
H5,392,2018,170240,    129.80,     29.80,     50.00,     43.27,0,0,0,3,3,3
H5,392,2018,170250,      9.00,      9.00,      9.00,      9.00,0,0,0,1,1,1
H5,392,2018,170260,    129.80,     29.80,     50.00,     43.27,0,0,0,3,3,3
H5,392,2018,170290,    417.00,      3.00,     50.00,     32.08,0,0,0,13,13,13
H5,392,2018,170310,      3.00,      0.00,      3.00,      1.50,1,1,0,1,2,3
H5,392,2018,170390,      3.00,      0.00,      3.00,      1.50,1,1,0,1,2,3
H5,392,2018,170410,     24.00,     24.00,     24.00,     24.00,0,0,0,1,1,1
H5,392,2018,170490,    100.00,      0.00,     25.00,     20.00,0,1,0,4,5,5
H5,392,2018,180100,      0.00,      0.00,      0.00,      0.00,0,1,0,0,1,1
H5,392,2018,180200,      0.00,      0.00,      0.00,      0.00,0,1,0,0,1,1
H5,392,2018,180310,      5.00,      5.00,      5.00,      5.00,0,0,0,1,1,1
H5,392,2018,180320,     10.00,     10.00,     10.00,     10.00,0,0,0,1,1,1
H5,392,2018,180400,      0.00,      0.00,      0.00,      0.00,0,1,0,0,1,1
H5,392,2018,180500,     12.90,     12.90,     12.90,     12.90,0,0,0,1,1,1
H5,392,2018,180610,     44.80,     15.00,     29.80,     22.40,0,0,0,2,2,2
H5,392,2018,180620,    175.00,      0.00,     29.80,     21.88,1,1,0,7,8,9
H5,392,2018,180631,     10.00,     10.00,     10.00,     10.00,0,0,0,1,1,1
H5,392,2018,180632,     90.90,     10.00,     29.80,     22.72,0,0,0,4,4,4
H5,392,2018,180690,    157.00,     10.00,     29.80,     22.43,1,0,0,7,7,8
H5,392,2018,190110,    132.70,     13.60,     25.00,     22.12,2,0,0,6,6,8
H5,392,2018,190120,    513.90,     12.00,     25.00,     21.41,8,0,0,24,24,32
H5,392,2018,190190,    719.00,      9.00,     29.80,     22.47,8,0,0,32,32,40
H5,392,2018,190211,,,,,1,0,0,0,0,1
H5,392,2018,190219,,,,,5,0,0,0,0,5
H5,392,2018,190220,     55.30,      5.10,     23.80,     13.82,0,0,0,4,4,4
H5,392,2018,190230,     66.40,     21.30,     23.80,     22.13,0,0,0,3,3,3
H5,392,2018,190240,,,,,1,0,0,0,0,1
H5,392,2018,190300,      9.60,      9.60,      9.60,      9.60,0,0,0,1,1,1
H5,392,2018,190410,     85.40,     11.50,     19.20,     17.08,3,0,0,5,5,8
H5,392,2018,190420,     85.40,     11.50,     19.20,     17.08,3,0,0,5,5,8
H5,392,2018,190430,     25.00,     25.00,     25.00,     25.00,1,0,0,1,1,2
H5,392,2018,190490,    121.30,     21.30,     25.00,     24.26,3,0,0,5,5,8
H5,392,2018,190510,      9.00,      9.00,      9.00,      9.00,0,0,0,1,1,1
H5,392,2018,190520,     18.00,     18.00,     18.00,     18.00,0,0,0,1,1,1
H5,392,2018,190531,     20.40,     20.40,     20.40,     20.40,0,0,0,1,1,1
H5,392,2018,190532,     18.00,     18.00,     18.00,     18.00,0,0,0,1,1,1
H5,392,2018,190540,      9.00,      9.00,      9.00,      9.00,0,0,0,1,1,1
H5,392,2018,190590,    195.60,      6.00,     34.00,     17.78,0,0,0,11,11,11
H5,392,2018,200110,     27.00,     12.00,     15.00,     13.50,0,0,0,2,2,2
H5,392,2018,200190,    108.30,      6.00,     16.80,     10.83,0,0,0,10,10,10
H5,392,2018,200210,      9.00,      9.00,      9.00,      9.00,0,0,0,1,1,1
H5,392,2018,200290,     54.40,      0.00,     16.00,      9.07,0,2,0,4,6,6
H5,392,2018,200310,     47.10,      9.60,     13.60,     11.77,0,0,0,4,4,4
H5,392,2018,200390,     53.60,      9.60,     13.40,     10.72,0,0,0,5,5,5
H5,392,2018,200410,     31.10,      8.50,     13.60,     10.37,0,0,0,3,3,3
H5,392,2018,200490,    128.40,      7.50,     23.80,     14.27,0,0,0,9,9,9
H5,392,2018,200510,     28.80,     12.00,     16.80,     14.40,0,0,0,2,2,2
H5,392,2018,200520,     34.60,      9.00,     13.60,     11.53,0,0,0,3,3,3
H5,392,2018,200540,     86.80,      9.00,     23.80,     14.47,0,0,0,6,6,6
H5,392,2018,200551,     54.80,     14.00,     23.80,     18.27,0,0,0,3,3,3
H5,392,2018,200559,     34.40,      9.00,     13.40,     11.47,0,0,0,3,3,3
H5,392,2018,200560,     28.00,     12.00,     16.00,     14.00,0,0,0,2,2,2
H5,392,2018,200570,     14.40,      5.40,      9.00,      7.20,0,0,0,2,2,2
H5,392,2018,200580,     24.90,     10.00,     14.90,     12.45,0,0,0,2,2,2
H5,392,2018,200591,     27.00,     13.40,     13.60,     13.50,0,0,0,2,2,2
H5,392,2018,200599,    151.30,      9.00,     23.80,     13.75,0,0,0,11,11,11
H5,392,2018,200600,     48.60,     12.60,     18.00,     16.20,0,0,0,3,3,3
H5,392,2018,200710,     55.30,     21.30,     34.00,     27.65,0,0,0,2,2,2
H5,392,2018,200791,    112.90,     12.00,     34.00,     18.82,0,0,0,6,6,6
H5,392,2018,200799,    168.20,     12.00,     34.00,     21.02,0,0,0,8,8,8
H5,392,2018,200811,    109.70,     10.00,     23.80,     18.28,0,0,0,6,6,6
H5,392,2018,200819,    165.60,      5.00,     21.00,     10.35,0,0,0,16,16,16
H5,392,2018,200820,     97.80,      0.00,     46.80,     19.56,2,2,0,3,5,7
H5,392,2018,200830,     91.90,     17.00,     29.80,     22.97,0,0,0,4,4,4
H5,392,2018,200840,    108.60,      9.00,     21.00,     13.57,0,0,0,8,8,8
H5,392,2018,200850,     54.00,     12.00,     15.00,     13.50,0,0,0,4,4,4
H5,392,2018,200860,     54.00,     12.00,     15.00,     13.50,0,0,0,4,4,4
H5,392,2018,200870,    133.80,      6.70,     29.80,     14.87,0,0,0,9,9,9
H5,392,2018,200880,     59.00,     11.00,     21.00,     14.75,0,0,0,4,4,4
H5,392,2018,200891,     15.00,     15.00,     15.00,     15.00,0,0,0,1,1,1
H5,392,2018,200893,     74.10,     11.00,     29.80,     18.52,0,0,0,4,4,4
H5,392,2018,200897,    103.90,      6.00,     29.80,     17.32,0,0,0,6,6,6
H5,392,2018,200899,    306.10,      7.70,     29.80,     13.91,0,0,0,22,22,22
H5,392,2018,200911,    102.10,     21.30,     29.80,     25.52,0,0,0,4,4,4
H5,392,2018,200912,    102.10,     21.30,     29.80,     25.52,0,0,0,4,4,4
H5,392,2018,200919,    102.10,     21.30,     29.80,     25.52,0,0,0,4,4,4
H5,392,2018,200921,     97.40,     19.10,     29.80,     24.35,0,0,0,4,4,4
H5,392,2018,200929,     97.40,     19.10,     29.80,     24.35,0,0,0,4,4,4
H5,392,2018,200931,    115.40,      6.00,     29.80,     19.23,0,0,0,6,6,6
H5,392,2018,200939,    115.40,      6.00,     29.80,     19.23,0,0,0,6,6,6
H5,392,2018,200941,     97.40,     19.10,     29.80,     24.35,0,0,0,4,4,4
H5,392,2018,200949,     97.40,     19.10,     29.80,     24.35,0,0,0,4,4,4
H5,392,2018,200950,     51.10,     21.30,     29.80,     25.55,0,0,0,2,2,2
H5,392,2018,200961,     71.90,     19.10,     29.80,     23.97,0,0,0,3,3,3
H5,392,2018,200969,     97.40,     19.10,     29.80,     24.35,0,0,0,4,4,4
H5,392,2018,200971,    105.90,     19.10,     34.00,     26.48,0,0,0,4,4,4
H5,392,2018,200979,    105.90,     19.10,     34.00,     26.48,0,0,0,4,4,4
H5,392,2018,200981,     97.40,     19.10,     29.80,     24.35,0,0,0,4,4,4
H5,392,2018,200989,    166.30,      7.20,     29.80,     15.12,0,0,0,11,11,11
H5,392,2018,200990,    133.90,      5.40,     29.80,     16.74,0,0,0,8,8,8
H5,392,2018,210111,     47.80,      8.80,     24.00,     15.93,0,0,0,3,3,3
H5,392,2018,210112,    190.20,      8.80,     29.80,     21.13,2,0,0,9,9,11
H5,392,2018,210120,    150.60,      8.00,     29.80,     18.83,2,0,0,8,8,10
H5,392,2018,210130,      6.00,      6.00,      6.00,      6.00,0,0,0,1,1,1
H5,392,2018,210210,     10.50,     10.50,     10.50,     10.50,0,0,0,1,1,1
H5,392,2018,210220,      3.80,      0.00,      3.80,      1.90,0,1,0,1,2,2
H5,392,2018,210230,     10.50,     10.50,     10.50,     10.50,0,0,0,1,1,1
H5,392,2018,210310,      7.20,      7.20,      7.20,      7.20,0,0,0,1,1,1
H5,392,2018,210320,     38.30,     17.00,     21.30,     19.15,0,0,0,2,2,2
H5,392,2018,210330,     16.50,      7.50,      9.00,      8.25,0,0,0,2,2,2
H5,392,2018,210390,     57.80,      7.20,     12.80,      9.63,0,0,0,6,6,6
H5,392,2018,210410,     15.40,      7.00,      8.40,      7.70,0,0,0,2,2,2
H5,392,2018,210420,     12.00,     12.00,     12.00,     12.00,0,0,0,1,1,1
H5,392,2018,210500,    196.00,     21.00,     29.80,     24.50,0,0,0,8,8,8
H5,392,2018,210610,    111.50,     10.60,     25.00,     15.93,1,0,0,7,7,8
H5,392,2018,210690,    826.30,      0.00,     35.00,     20.66,7,1,0,39,40,47
H5,392,2018,220110,      3.00,      3.00,      3.00,      3.00,0,0,0,1,1,1
H5,392,2018,220190,      0.00,      0.00,      0.00,      0.00,0,1,0,0,1,1
H5,392,2018,220210,     23.00,      9.60,     13.40,     11.50,0,0,0,2,2,2
H5,392,2018,220291,     23.00,      9.60,     13.40,     11.50,0,0,0,2,2,2
H5,392,2018,220299,     23.00,      9.60,     13.40,     11.50,0,0,0,2,2,2
H5,392,2018,220300,      0.00,      0.00,      0.00,      0.00,0,1,0,0,1,1
H5,392,2018,220410,,,,,1,0,0,0,0,1
H5,392,2018,220421,,,,,2,0,0,0,0,2
H5,392,2018,220422,,,,,1,0,0,0,0,1
H5,392,2018,220429,,,,,2,0,0,0,0,2
H5,392,2018,220430,     97.40,     19.10,     29.80,     24.35,1,0,0,4,4,5
H5,392,2018,220510,,,,,1,0,0,0,0,1
H5,392,2018,220590,     19.10,     19.10,     19.10,     19.10,1,0,0,1,1,2
H5,392,2018,220600,     29.80,      0.00,     29.80,      9.93,4,2,0,1,3,7
H5,392,2018,220710,     10.00,      0.00,     10.00,      1.43,1,6,0,1,7,8
H5,392,2018,220720,     27.20,     27.20,     27.20,     27.20,1,0,0,1,1,2
H5,392,2018,220820,      0.00,      0.00,      0.00,      0.00,0,1,0,0,1,1
H5,392,2018,220830,      0.00,      0.00,      0.00,      0.00,0,1,0,0,1,1
H5,392,2018,220840,      0.00,      0.00,      0.00,      0.00,0,1,0,0,1,1
H5,392,2018,220850,      0.00,      0.00,      0.00,      0.00,0,1,0,0,1,1
H5,392,2018,220860,      0.00,      0.00,      0.00,      0.00,0,1,0,0,1,1
H5,392,2018,220870,      0.00,      0.00,      0.00,      0.00,0,1,0,0,1,1
H5,392,2018,220890,     45.80,      0.00,     29.80,      9.16,3,3,0,2,5,8
H5,392,2018,220900,      7.50,      7.50,      7.50,      7.50,0,0,0,1,1,1
H5,392,2018,230110,      0.00,      0.00,      0.00,      0.00,0,1,0,0,1,1
H5,392,2018,230120,      0.00,      0.00,      0.00,      0.00,0,2,0,0,2,2
H5,392,2018,230210,      0.00,      0.00,      0.00,      0.00,0,1,0,0,1,1
H5,392,2018,230230,      0.00,      0.00,      0.00,      0.00,0,1,0,0,1,1
H5,392,2018,230240,      0.00,      0.00,      0.00,      0.00,0,2,0,0,2,2
H5,392,2018,230250,      0.00,      0.00,      0.00,      0.00,0,1,0,0,1,1
H5,392,2018,230310,      0.00,      0.00,      0.00,      0.00,0,1,0,0,1,1
H5,392,2018,230320,      0.00,      0.00,      0.00,      0.00,0,1,0,0,1,1
H5,392,2018,230330,      0.00,      0.00,      0.00,      0.00,0,1,0,0,1,1
H5,392,2018,230400,      0.00,      0.00,      0.00,      0.00,0,1,0,0,1,1
H5,392,2018,230500,      0.00,      0.00,      0.00,      0.00,0,1,0,0,1,1
H5,392,2018,230610,      0.00,      0.00,      0.00,      0.00,0,1,0,0,1,1
H5,392,2018,230620,      0.00,      0.00,      0.00,      0.00,0,1,0,0,1,1
H5,392,2018,230630,      0.00,      0.00,      0.00,      0.00,0,1,0,0,1,1
H5,392,2018,230641,      0.00,      0.00,      0.00,      0.00,0,1,0,0,1,1
H5,392,2018,230649,      0.00,      0.00,      0.00,      0.00,0,1,0,0,1,1
H5,392,2018,230650,      0.00,      0.00,      0.00,      0.00,0,1,0,0,1,1
H5,392,2018,230660,      0.00,      0.00,      0.00,      0.00,0,1,0,0,1,1
H5,392,2018,230690,      0.00,      0.00,      0.00,      0.00,0,2,0,0,2,2
H5,392,2018,230700,      0.00,      0.00,      0.00,      0.00,0,1,0,0,1,1
H5,392,2018,230800,      0.00,      0.00,      0.00,      0.00,0,1,0,0,1,1
H5,392,2018,230910,      0.00,      0.00,      0.00,      0.00,2,3,0,0,3,5
H5,392,2018,230990,     18.80,      0.00,     12.80,      1.88,2,7,0,3,10,12
H5,392,2018,240110,      0.00,      0.00,      0.00,      0.00,0,1,0,0,1,1
H5,392,2018,240120,      0.00,      0.00,      0.00,      0.00,0,1,0,0,1,1
H5,392,2018,240130,      0.00,      0.00,      0.00,      0.00,0,1,0,0,1,1
H5,392,2018,240210,     16.00,     16.00,     16.00,     16.00,0,0,0,1,1,1
H5,392,2018,240220,      0.00,      0.00,      0.00,      0.00,0,1,0,0,1,1
H5,392,2018,240290,      3.40,      3.40,      3.40,      3.40,0,0,0,1,1,1
H5,392,2018,240311,     29.80,     29.80,     29.80,     29.80,0,0,0,1,1,1
H5,392,2018,240319,     33.20,      3.40,     29.80,     16.60,0,0,0,2,2,2
H5,392,2018,240391,      0.00,      0.00,      0.00,      0.00,0,1,0,0,1,1
H5,392,2018,240399,      3.40,      0.00,      3.40,      1.70,0,1,0,1,2,2
H5,392,2018,250100,      0.00,      0.00,      0.00,      0.00,1,1,0,0,1,2
H5,392,2018,250200,      0.00,      0.00,      0.00,      0.00,0,1,0,0,1,1
H5,392,2018,250300,      0.00,      0.00,      0.00,      0.00,0,1,0,0,1,1
H5,392,2018,250410,      0.00,      0.00,      0.00,      0.00,0,1,0,0,1,1
H5,392,2018,250490,      0.00,      0.00,      0.00,      0.00,0,1,0,0,1,1
H5,392,2018,250510,      0.00,      0.00,      0.00,      0.00,0,1,0,0,1,1
H5,392,2018,250590,      0.00,      0.00,      0.00,      0.00,0,1,0,0,1,1
H5,392,2018,250610,      0.00,      0.00,      0.00,      0.00,0,1,0,0,1,1
H5,392,2018,250620,      0.00,      0.00,      0.00,      0.00,0,1,0,0,1,1
H5,392,2018,250700,      0.00,      0.00,      0.00,      0.00,0,1,0,0,1,1
H5,392,2018,250810,      0.00,      0.00,      0.00,      0.00,0,1,0,0,1,1
H5,392,2018,250830,      0.00,      0.00,      0.00,      0.00,0,1,0,0,1,1
H5,392,2018,250840,      0.00,      0.00,      0.00,      0.00,0,2,0,0,2,2
H5,392,2018,250850,      0.00,      0.00,      0.00,      0.00,0,1,0,0,1,1
H5,392,2018,250860,      0.00,      0.00,      0.00,      0.00,0,1,0,0,1,1
H5,392,2018,250870,      0.00,      0.00,      0.00,      0.00,0,1,0,0,1,1
H5,392,2018,250900,      1.40,      1.40,      1.40,      1.40,0,0,0,1,1,1
H5,392,2018,251010,      0.00,      0.00,      0.00,      0.00,0,1,0,0,1,1
H5,392,2018,251020,      0.00,      0.00,      0.00,      0.00,0,1,0,0,1,1
H5,392,2018,251110,      0.00,      0.00,      0.00,      0.00,0,1,0,0,1,1
H5,392,2018,251120,      0.00,      0.00,      0.00,      0.00,0,1,0,0,1,1
H5,392,2018,251200,      0.00,      0.00,      0.00,      0.00,0,1,0,0,1,1
H5,392,2018,251310,      0.00,      0.00,      0.00,      0.00,0,1,0,0,1,1
H5,392,2018,251320,      1.10,      1.10,      1.10,      1.10,0,0,0,1,1,1
H5,392,2018,251400,      0.00,      0.00,      0.00,      0.00,0,1,0,0,1,1
H5,392,2018,251511,      0.00,      0.00,      0.00,      0.00,0,1,0,0,1,1
H5,392,2018,251512,      0.00,      0.00,      0.00,      0.00,0,1,0,0,1,1
H5,392,2018,251520,      0.00,      0.00,      0.00,      0.00,0,1,0,0,1,1
H5,392,2018,251611,      0.00,      0.00,      0.00,      0.00,0,1,0,0,1,1
H5,392,2018,251612,      0.00,      0.00,      0.00,      0.00,0,1,0,0,1,1
H5,392,2018,251620,      0.00,      0.00,      0.00,      0.00,0,1,0,0,1,1
H5,392,2018,251690,      0.00,      0.00,      0.00,      0.00,0,1,0,0,1,1
H5,392,2018,251710,      0.00,      0.00,      0.00,      0.00,0,1,0,0,1,1
H5,392,2018,251720,      0.00,      0.00,      0.00,      0.00,0,1,0,0,1,1
H5,392,2018,251730,      0.00,      0.00,      0.00,      0.00,0,1,0,0,1,1
H5,392,2018,251741,      0.00,      0.00,      0.00,      0.00,0,1,0,0,1,1
H5,392,2018,251749,      0.00,      0.00,      0.00,      0.00,0,1,0,0,1,1
H5,392,2018,251810,      0.00,      0.00,      0.00,      0.00,0,1,0,0,1,1
H5,392,2018,251820,      0.00,      0.00,      0.00,      0.00,0,1,0,0,1,1
H5,392,2018,251830,      0.00,      0.00,      0.00,      0.00,0,1,0,0,1,1
H5,392,2018,251910,      0.00,      0.00,      0.00,      0.00,0,1,0,0,1,1
H5,392,2018,251990,      0.00,      0.00,      0.00,      0.00,0,3,0,0,3,3
H5,392,2018,252010,      0.00,      0.00,      0.00,      0.00,0,1,0,0,1,1
H5,392,2018,252020,      2.50,      0.00,      2.50,      1.25,0,1,0,1,2,2
H5,392,2018,252100,      0.00,      0.00,      0.00,      0.00,0,1,0,0,1,1
H5,392,2018,252210,      0.00,      0.00,      0.00,      0.00,0,1,0,0,1,1
H5,392,2018,252220,      0.00,      0.00,      0.00,      0.00,0,1,0,0,1,1
H5,392,2018,252230,      0.00,      0.00,      0.00,      0.00,0,1,0,0,1,1
H5,392,2018,252310,      2.20,      2.20,      2.20,      2.20,0,0,0,1,1,1
H5,392,2018,252321,      2.20,      2.20,      2.20,      2.20,0,0,0,1,1,1
H5,392,2018,252329,      2.20,      2.20,      2.20,      2.20,0,0,0,1,1,1
H5,392,2018,252330,      2.20,      2.20,      2.20,      2.20,0,0,0,1,1,1
H5,392,2018,252390,      2.20,      2.20,      2.20,      2.20,0,0,0,1,1,1
H5,392,2018,252410,      0.00,      0.00,      0.00,      0.00,0,1,0,0,1,1
H5,392,2018,252490,      0.00,      0.00,      0.00,      0.00,0,1,0,0,1,1
H5,392,2018,252510,      0.00,      0.00,      0.00,      0.00,0,1,0,0,1,1
H5,392,2018,252520,      0.00,      0.00,      0.00,      0.00,0,1,0,0,1,1
H5,392,2018,252530,      0.00,      0.00,      0.00,      0.00,0,1,0,0,1,1
H5,392,2018,252610,      0.00,      0.00,      0.00,      0.00,0,1,0,0,1,1
H5,392,2018,252620,      0.00,      0.00,      0.00,      0.00,0,1,0,0,1,1
H5,392,2018,252800,      0.00,      0.00,      0.00,      0.00,0,1,0,0,1,1
H5,392,2018,252910,      0.00,      0.00,      0.00,      0.00,0,1,0,0,1,1
H5,392,2018,252921,      0.00,      0.00,      0.00,      0.00,0,1,0,0,1,1
H5,392,2018,252922,      0.00,      0.00,      0.00,      0.00,0,1,0,0,1,1
H5,392,2018,252930,      0.00,      0.00,      0.00,      0.00,0,1,0,0,1,1
H5,392,2018,253010,      0.00,      0.00,      0.00,      0.00,0,1,0,0,1,1
H5,392,2018,253020,      0.00,      0.00,      0.00,      0.00,0,1,0,0,1,1
H5,392,2018,253090,      0.00,      0.00,      0.00,      0.00,0,1,0,0,1,1
H5,392,2018,260111,      0.00,      0.00,      0.00,      0.00,0,1,0,0,1,1
H5,392,2018,260112,      0.00,      0.00,      0.00,      0.00,0,1,0,0,1,1
H5,392,2018,260120,      0.00,      0.00,      0.00,      0.00,0,1,0,0,1,1
H5,392,2018,260200,      0.00,      0.00,      0.00,      0.00,0,3,0,0,3,3
H5,392,2018,260300,      0.00,      0.00,      0.00,      0.00,0,1,0,0,1,1
H5,392,2018,260400,      0.00,      0.00,      0.00,      0.00,0,1,0,0,1,1
H5,392,2018,260500,      0.00,      0.00,      0.00,      0.00,0,1,0,0,1,1
H5,392,2018,260600,      0.00,      0.00,      0.00,      0.00,0,1,0,0,1,1
H5,392,2018,260700,      0.00,      0.00,      0.00,      0.00,0,1,0,0,1,1
H5,392,2018,260800,      0.00,      0.00,      0.00,      0.00,0,1,0,0,1,1
H5,392,2018,260900,      0.00,      0.00,      0.00,      0.00,0,1,0,0,1,1
H5,392,2018,261000,      0.00,      0.00,      0.00,      0.00,0,1,0,0,1,1
H5,392,2018,261100,      0.00,      0.00,      0.00,      0.00,0,1,0,0,1,1
H5,392,2018,261210,      0.00,      0.00,      0.00,      0.00,0,1,0,0,1,1
H5,392,2018,261220,      0.00,      0.00,      0.00,      0.00,0,1,0,0,1,1
H5,392,2018,261310,      0.00,      0.00,      0.00,      0.00,0,1,0,0,1,1
H5,392,2018,261390,      0.00,      0.00,      0.00,      0.00,0,1,0,0,1,1
H5,392,2018,261400,      0.00,      0.00,      0.00,      0.00,0,2,0,0,2,2
H5,392,2018,261510,      0.00,      0.00,      0.00,      0.00,0,1,0,0,1,1
H5,392,2018,261590,      0.00,      0.00,      0.00,      0.00,0,1,0,0,1,1
H5,392,2018,261610,      0.00,      0.00,      0.00,      0.00,0,1,0,0,1,1
H5,392,2018,261690,      0.00,      0.00,      0.00,      0.00,0,1,0,0,1,1
H5,392,2018,261710,      0.00,      0.00,      0.00,      0.00,0,1,0,0,1,1
H5,392,2018,261790,      0.00,      0.00,      0.00,      0.00,0,1,0,0,1,1
H5,392,2018,261800,      0.00,      0.00,      0.00,      0.00,0,1,0,0,1,1
H5,392,2018,261900,      0.00,      0.00,      0.00,      0.00,0,1,0,0,1,1
H5,392,2018,262011,      0.00,      0.00,      0.00,      0.00,0,1,0,0,1,1
H5,392,2018,262019,      0.00,      0.00,      0.00,      0.00,0,1,0,0,1,1
H5,392,2018,262021,      0.00,      0.00,      0.00,      0.00,0,1,0,0,1,1
H5,392,2018,262029,      0.00,      0.00,      0.00,      0.00,0,1,0,0,1,1
H5,392,2018,262030,      0.00,      0.00,      0.00,      0.00,0,1,0,0,1,1
H5,392,2018,262040,      0.00,      0.00,      0.00,      0.00,0,1,0,0,1,1
H5,392,2018,262060,      0.00,      0.00,      0.00,      0.00,0,1,0,0,1,1
H5,392,2018,262091,      0.00,      0.00,      0.00,      0.00,0,1,0,0,1,1
H5,392,2018,262099,      0.00,      0.00,      0.00,      0.00,0,1,0,0,1,1
H5,392,2018,262110,      0.00,      0.00,      0.00,      0.00,0,1,0,0,1,1
H5,392,2018,262190,      0.00,      0.00,      0.00,      0.00,0,1,0,0,1,1
H5,392,2018,270111,      0.00,      0.00,      0.00,      0.00,0,1,0,0,1,1
H5,392,2018,270112,      0.00,      0.00,      0.00,      0.00,0,5,0,0,5,5
H5,392,2018,270119,      0.00,      0.00,      0.00,      0.00,0,2,0,0,2,2
H5,392,2018,270120,      3.90,      3.90,      3.90,      3.90,0,0,0,1,1,1
H5,392,2018,270210,      0.00,      0.00,      0.00,      0.00,0,1,0,0,1,1
H5,392,2018,270220,      0.00,      0.00,      0.00,      0.00,0,1,0,0,1,1
H5,392,2018,270300,      0.00,      0.00,      0.00,      0.00,0,1,0,0,1,1
H5,392,2018,270400,      3.20,      0.00,      3.20,      1.60,0,1,0,1,2,2
H5,392,2018,270500,      0.00,      0.00,      0.00,      0.00,0,1,0,0,1,1
H5,392,2018,270600,      0.00,      0.00,      0.00,      0.00,0,1,0,0,1,1
H5,392,2018,270710,      0.00,      0.00,      0.00,      0.00,0,1,0,0,1,1
H5,392,2018,270720,      0.00,      0.00,      0.00,      0.00,0,1,0,0,1,1
H5,392,2018,270730,      0.00,      0.00,      0.00,      0.00,0,1,0,0,1,1
H5,392,2018,270740,      2.50,      2.50,      2.50,      2.50,0,0,0,1,1,1
H5,392,2018,270750,      0.00,      0.00,      0.00,      0.00,0,1,0,0,1,1
H5,392,2018,270791,      0.00,      0.00,      0.00,      0.00,0,1,0,0,1,1
H5,392,2018,270799,      0.00,      0.00,      0.00,      0.00,0,1,0,0,1,1
H5,392,2018,270810,      0.00,      0.00,      0.00,      0.00,0,1,0,0,1,1
H5,392,2018,270820,      0.00,      0.00,      0.00,      0.00,0,1,0,0,1,1
H5,392,2018,270900,      0.00,      0.00,      0.00,      0.00,0,2,0,0,2,2
H5,392,2018,271000,,,,,,,,,,
H5,392,2018,271012,     11.90,      0.00,      3.90,      1.32,7,5,0,4,9,16
H5,392,2018,271019,     43.10,      0.00,      7.90,      2.15,11,9,0,11,20,31
H5,392,2018,271020,     49.20,      0.00,      7.90,      2.05,15,11,0,13,24,39
H5,392,2018,271091,      0.00,      0.00,      0.00,      0.00,0,1,0,0,1,1
H5,392,2018,271099,      0.00,      0.00,      0.00,      0.00,0,1,0,0,1,1
H5,392,2018,271111,      0.00,      0.00,      0.00,      0.00,0,1,0,0,1,1
H5,392,2018,271112,      0.00,      0.00,      0.00,      0.00,0,1,0,0,1,1
H5,392,2018,271113,      0.00,      0.00,      0.00,      0.00,0,2,0,0,2,2
H5,392,2018,271114,      0.00,      0.00,      0.00,      0.00,1,1,0,0,1,2
H5,392,2018,271119,      4.10,      0.00,      4.10,      2.05,0,1,0,1,2,2
H5,392,2018,271121,      4.10,      4.10,      4.10,      4.10,0,0,0,1,1,1
H5,392,2018,271129,      4.10,      4.10,      4.10,      4.10,0,0,0,1,1,1
H5,392,2018,271210,      2.50,      2.50,      2.50,      2.50,0,0,0,1,1,1
H5,392,2018,271220,      2.70,      2.70,      2.70,      2.70,0,0,0,1,1,1
H5,392,2018,271290,      2.70,      2.70,      2.70,      2.70,0,0,0,1,1,1
H5,392,2018,271311,      0.00,      0.00,      0.00,      0.00,0,1,0,0,1,1
H5,392,2018,271312,      0.00,      0.00,      0.00,      0.00,0,1,0,0,1,1
H5,392,2018,271320,      0.00,      0.00,      0.00,      0.00,0,1,0,0,1,1
H5,392,2018,271390,      3.90,      0.00,      3.90,      1.95,0,1,0,1,2,2
H5,392,2018,271410,      0.00,      0.00,      0.00,      0.00,0,1,0,0,1,1
H5,392,2018,271490,      0.00,      0.00,      0.00,      0.00,0,1,0,0,1,1
H5,392,2018,271500,      0.00,      0.00,      0.00,      0.00,0,1,0,0,1,1
H5,392,2018,271600,,,,,1,0,0,0,0,1
H5,392,2018,280110,      2.50,      2.50,      2.50,      2.50,0,0,0,1,1,1
H5,392,2018,280120,      0.00,      0.00,      0.00,      0.00,0,1,0,0,1,1
H5,392,2018,280130,      0.00,      0.00,      0.00,      0.00,0,1,0,0,1,1
H5,392,2018,280200,      0.00,      0.00,      0.00,      0.00,0,1,0,0,1,1
H5,392,2018,280300,      3.90,      3.90,      3.90,      3.90,0,0,0,1,1,1
H5,392,2018,280410,      3.30,      3.30,      3.30,      3.30,0,0,0,1,1,1
H5,392,2018,280421,      0.00,      0.00,      0.00,      0.00,0,1,0,0,1,1
H5,392,2018,280429,      0.00,      0.00,      0.00,      0.00,0,2,0,0,2,2
H5,392,2018,280430,      3.30,      3.30,      3.30,      3.30,0,0,0,1,1,1
H5,392,2018,280440,      3.30,      3.30,      3.30,      3.30,0,0,0,1,1,1
H5,392,2018,280450,      3.30,      3.30,      3.30,      3.30,0,0,0,1,1,1
H5,392,2018,280461,      0.00,      0.00,      0.00,      0.00,0,2,0,0,2,2
H5,392,2018,280469,      0.00,      0.00,      0.00,      0.00,0,1,0,0,1,1
H5,392,2018,280470,      0.00,      0.00,      0.00,      0.00,0,1,0,0,1,1
H5,392,2018,280480,      3.30,      3.30,      3.30,      3.30,0,0,0,1,1,1
H5,392,2018,280490,      3.90,      3.90,      3.90,      3.90,0,0,0,1,1,1
H5,392,2018,280511,      3.90,      3.90,      3.90,      3.90,0,0,0,1,1,1
H5,392,2018,280512,      0.00,      0.00,      0.00,      0.00,0,1,0,0,1,1
H5,392,2018,280519,      0.00,      0.00,      0.00,      0.00,0,1,0,0,1,1
H5,392,2018,280530,      0.00,      0.00,      0.00,      0.00,0,1,0,0,1,1
H5,392,2018,280540,      5.40,      5.40,      5.40,      5.40,0,0,0,1,1,1
H5,392,2018,280610,      2.50,      2.50,      2.50,      2.50,0,0,0,1,1,1
H5,392,2018,280620,      0.00,      0.00,      0.00,      0.00,0,1,0,0,1,1
H5,392,2018,280700,      2.50,      2.50,      2.50,      2.50,0,0,0,1,1,1
H5,392,2018,280800,      2.50,      2.50,      2.50,      2.50,0,0,0,1,1,1
H5,392,2018,280910,      3.30,      3.30,      3.30,      3.30,0,0,0,1,1,1
H5,392,2018,280920,      3.30,      3.30,      3.30,      3.30,0,0,0,1,1,1
H5,392,2018,281000,      0.00,      0.00,      0.00,      0.00,0,1,0,0,1,1
H5,392,2018,281111,      0.00,      0.00,      0.00,      0.00,0,1,0,0,1,1
H5,392,2018,281112,      3.30,      3.30,      3.30,      3.30,0,0,0,1,1,1
H5,392,2018,281119,      3.30,      0.00,      3.30,      1.65,0,1,0,1,2,2
H5,392,2018,281121,      3.30,      3.30,      3.30,      3.30,0,0,0,1,1,1
H5,392,2018,281122,      3.30,      3.30,      3.30,      3.30,0,0,0,1,1,1
H5,392,2018,281129,      3.60,      0.00,      3.60,      1.20,0,2,0,1,3,3
H5,392,2018,281211,      3.30,      3.30,      3.30,      3.30,0,0,0,1,1,1
H5,392,2018,281212,      3.30,      3.30,      3.30,      3.30,0,0,0,1,1,1
H5,392,2018,281213,      3.30,      3.30,      3.30,      3.30,0,0,0,1,1,1
H5,392,2018,281214,      3.30,      3.30,      3.30,      3.30,0,0,0,1,1,1
H5,392,2018,281215,      3.30,      3.30,      3.30,      3.30,0,0,0,1,1,1
H5,392,2018,281216,      3.30,      3.30,      3.30,      3.30,0,0,0,1,1,1
H5,392,2018,281217,      3.30,      3.30,      3.30,      3.30,0,0,0,1,1,1
H5,392,2018,281219,      3.30,      3.30,      3.30,      3.30,0,0,0,1,1,1
H5,392,2018,281290,      3.30,      3.30,      3.30,      3.30,0,0,0,1,1,1
H5,392,2018,281310,      0.00,      0.00,      0.00,      0.00,0,1,0,0,1,1
H5,392,2018,281390,      3.30,      3.30,      3.30,      3.30,0,0,0,1,1,1
H5,392,2018,281410,      2.50,      2.50,      2.50,      2.50,0,0,0,1,1,1
H5,392,2018,281420,      2.50,      2.50,      2.50,      2.50,0,0,0,1,1,1
H5,392,2018,281511,      5.30,      5.30,      5.30,      5.30,0,0,0,1,1,1
H5,392,2018,281512,      5.30,      5.30,      5.30,      5.30,0,0,0,1,1,1
H5,392,2018,281520,      3.90,      3.90,      3.90,      3.90,0,0,0,1,1,1
H5,392,2018,281530,      3.90,      3.90,      3.90,      3.90,0,0,0,1,1,1
H5,392,2018,281610,      3.30,      3.30,      3.30,      3.30,0,0,0,1,1,1
H5,392,2018,281640,      3.30,      3.30,      3.30,      3.30,0,0,0,1,1,1
H5,392,2018,281700,      4.30,      4.30,      4.30,      4.30,0,0,0,1,1,1
H5,392,2018,281810,      6.60,      3.30,      3.30,      3.30,0,0,0,2,2,2
H5,392,2018,281820,      0.00,      0.00,      0.00,      0.00,0,1,0,0,1,1
H5,392,2018,281830,      0.00,      0.00,      0.00,      0.00,0,1,0,0,1,1
H5,392,2018,281910,      3.30,      3.30,      3.30,      3.30,0,0,0,1,1,1
H5,392,2018,281990,      3.30,      3.30,      3.30,      3.30,0,0,0,1,1,1
H5,392,2018,282010,      3.30,      3.30,      3.30,      3.30,0,0,0,1,1,1
H5,392,2018,282090,      3.30,      3.30,      3.30,      3.30,0,0,0,1,1,1
H5,392,2018,282110,      6.60,      3.30,      3.30,      3.30,0,0,0,2,2,2
H5,392,2018,282120,      3.30,      3.30,      3.30,      3.30,0,0,0,1,1,1
H5,392,2018,282200,      0.00,      0.00,      0.00,      0.00,0,2,0,0,2,2
H5,392,2018,282300,      4.00,      4.00,      4.00,      4.00,0,0,0,1,1,1
H5,392,2018,282410,      4.70,      4.70,      4.70,      4.70,0,0,0,1,1,1
H5,392,2018,282490,      4.70,      0.00,      4.70,      2.35,0,1,0,1,2,2
H5,392,2018,282510,      7.80,      0.00,      3.90,      2.60,0,1,0,2,3,3
H5,392,2018,282520,      0.00,      0.00,      0.00,      0.00,0,1,0,0,1,1
H5,392,2018,282530,      0.00,      0.00,      0.00,      0.00,0,1,0,0,1,1
H5,392,2018,282540,      4.80,      4.80,      4.80,      4.80,0,0,0,1,1,1
H5,392,2018,282550,      4.80,      4.80,      4.80,      4.80,0,0,0,1,1,1
H5,392,2018,282560,      3.90,      0.00,      3.90,      1.95,0,1,0,1,2,2
H5,392,2018,282570,      0.00,      0.00,      0.00,      0.00,0,1,0,0,1,1
H5,392,2018,282580,     15.10,      4.80,      5.50,      5.03,0,0,0,3,3,3
H5,392,2018,282590,      3.30,      0.00,      3.30,      1.10,0,2,0,1,3,3
H5,392,2018,282612,      3.30,      3.30,      3.30,      3.30,0,0,0,1,1,1
H5,392,2018,282619,      6.60,      3.30,      3.30,      3.30,0,0,0,2,2,2
H5,392,2018,282630,      0.00,      0.00,      0.00,      0.00,0,1,0,0,1,1
H5,392,2018,282690,      3.30,      0.00,      3.30,      1.10,0,2,0,1,3,3
H5,392,2018,282710,      0.00,      0.00,      0.00,      0.00,0,1,0,0,1,1
H5,392,2018,282720,      3.30,      3.30,      3.30,      3.30,0,0,0,1,1,1
H5,392,2018,282731,      3.30,      3.30,      3.30,      3.30,0,0,0,1,1,1
H5,392,2018,282732,      3.30,      3.30,      3.30,      3.30,0,0,0,1,1,1
H5,392,2018,282735,      3.30,      3.30,      3.30,      3.30,0,0,0,1,1,1
H5,392,2018,282739,     13.80,      3.30,      3.90,      3.45,0,0,0,4,4,4
H5,392,2018,282741,      3.30,      3.30,      3.30,      3.30,0,0,0,1,1,1
H5,392,2018,282749,      3.30,      0.00,      3.30,      1.65,0,1,0,1,2,2
H5,392,2018,282751,      0.00,      0.00,      0.00,      0.00,0,1,0,0,1,1
H5,392,2018,282759,      3.90,      0.00,      3.90,      1.95,0,1,0,1,2,2
H5,392,2018,282760,      3.30,      3.30,      3.30,      3.30,0,0,0,1,1,1
H5,392,2018,282810,      3.30,      3.30,      3.30,      3.30,0,0,0,1,1,1
H5,392,2018,282890,      3.30,      3.30,      3.30,      3.30,0,0,0,1,1,1
H5,392,2018,282911,      3.30,      3.30,      3.30,      3.30,0,0,0,1,1,1
H5,392,2018,282919,      3.30,      3.30,      3.30,      3.30,0,0,0,1,1,1
H5,392,2018,282990,      3.90,      0.00,      3.90,      1.95,0,1,0,1,2,2
H5,392,2018,283010,      2.50,      2.50,      2.50,      2.50,0,0,0,1,1,1
H5,392,2018,283090,      0.00,      0.00,      0.00,      0.00,0,1,0,0,1,1
H5,392,2018,283110,      3.30,      3.30,      3.30,      3.30,0,0,0,1,1,1
H5,392,2018,283190,      3.30,      3.30,      3.30,      3.30,0,0,0,1,1,1
H5,392,2018,283210,      5.40,      5.40,      5.40,      5.40,0,0,0,1,1,1
H5,392,2018,283220,      5.40,      5.40,      5.40,      5.40,0,0,0,1,1,1
H5,392,2018,283230,      5.40,      5.40,      5.40,      5.40,0,0,0,1,1,1
H5,392,2018,283311,      3.30,      3.30,      3.30,      3.30,0,0,0,1,1,1
H5,392,2018,283319,      3.30,      3.30,      3.30,      3.30,0,0,0,1,1,1
H5,392,2018,283321,      0.00,      0.00,      0.00,      0.00,0,1,0,0,1,1
H5,392,2018,283322,      0.00,      0.00,      0.00,      0.00,0,1,0,0,1,1
H5,392,2018,283324,      3.90,      3.90,      3.90,      3.90,0,0,0,1,1,1
H5,392,2018,283325,      3.90,      3.90,      3.90,      3.90,0,0,0,1,1,1
H5,392,2018,283327,      3.90,      3.90,      3.90,      3.90,0,0,0,1,1,1
H5,392,2018,283329,      3.90,      0.00,      3.90,      1.95,0,1,0,1,2,2
H5,392,2018,283330,      0.00,      0.00,      0.00,      0.00,0,1,0,0,1,1
H5,392,2018,283340,      0.00,      0.00,      0.00,      0.00,0,1,0,0,1,1
H5,392,2018,283410,      3.30,      3.30,      3.30,      3.30,0,0,0,1,1,1
H5,392,2018,283421,      3.90,      3.90,      3.90,      3.90,0,0,0,1,1,1
H5,392,2018,283429,      3.30,      0.00,      3.30,      1.10,0,2,0,1,3,3
H5,392,2018,283510,      3.90,      3.90,      3.90,      3.90,0,0,0,1,1,1
H5,392,2018,283522,      3.90,      3.90,      3.90,      3.90,0,0,0,1,1,1
H5,392,2018,283524,      3.90,      3.90,      3.90,      3.90,0,0,0,1,1,1
H5,392,2018,283525,      3.90,      3.90,      3.90,      3.90,0,0,0,1,1,1
H5,392,2018,283526,      3.90,      3.90,      3.90,      3.90,0,0,0,1,1,1
H5,392,2018,283529,      7.80,      3.90,      3.90,      3.90,0,0,0,2,2,2
H5,392,2018,283531,      4.70,      4.70,      4.70,      4.70,0,0,0,1,1,1
H5,392,2018,283539,      3.90,      3.90,      3.90,      3.90,0,0,0,1,1,1
H5,392,2018,283620,      3.30,      3.30,      3.30,      3.30,1,0,0,1,1,2
H5,392,2018,283630,      3.90,      3.90,      3.90,      3.90,0,0,0,1,1,1
H5,392,2018,283640,      3.90,      3.90,      3.90,      3.90,0,0,0,1,1,1
H5,392,2018,283650,      3.30,      3.30,      3.30,      3.30,0,0,0,1,1,1
H5,392,2018,283660,      3.90,      3.90,      3.90,      3.90,0,0,0,1,1,1
H5,392,2018,283691,      0.00,      0.00,      0.00,      0.00,0,1,0,0,1,1
H5,392,2018,283692,      3.30,      3.30,      3.30,      3.30,0,0,0,1,1,1
H5,392,2018,283699,      3.30,      3.30,      3.30,      3.30,0,0,0,1,1,1
H5,392,2018,283711,      4.30,      4.30,      4.30,      4.30,0,0,0,1,1,1
H5,392,2018,283719,      3.30,      3.30,      3.30,      3.30,0,0,0,1,1,1
H5,392,2018,283720,      3.30,      3.30,      3.30,      3.30,0,0,0,1,1,1
H5,392,2018,283911,      3.30,      3.30,      3.30,      3.30,0,0,0,1,1,1
H5,392,2018,283919,      3.30,      3.30,      3.30,      3.30,0,0,0,1,1,1
H5,392,2018,283990,      6.60,      3.30,      3.30,      3.30,0,0,0,2,2,2
H5,392,2018,284011,      0.00,      0.00,      0.00,      0.00,0,1,0,0,1,1
H5,392,2018,284019,      0.00,      0.00,      0.00,      0.00,0,1,0,0,1,1
H5,392,2018,284020,      0.00,      0.00,      0.00,      0.00,0,1,0,0,1,1
H5,392,2018,284030,      0.00,      0.00,      0.00,      0.00,0,1,0,0,1,1
H5,392,2018,284130,      0.00,      0.00,      0.00,      0.00,0,1,0,0,1,1
H5,392,2018,284150,      8.00,      4.00,      4.00,      4.00,0,0,0,2,2,2
H5,392,2018,284161,      3.90,      3.90,      3.90,      3.90,0,0,0,1,1,1
H5,392,2018,284169,      3.90,      3.90,      3.90,      3.90,0,0,0,1,1,1
H5,392,2018,284170,      3.30,      3.30,      3.30,      3.30,0,0,0,1,1,1
H5,392,2018,284180,      3.30,      3.30,      3.30,      3.30,0,0,0,1,1,1
H5,392,2018,284190,      6.60,      3.30,      3.30,      3.30,0,0,0,2,2,2
H5,392,2018,284210,      2.60,      2.60,      2.60,      2.60,0,0,0,1,1,1
H5,392,2018,284290,      6.60,      3.30,      3.30,      3.30,0,0,0,2,2,2
H5,392,2018,284310,      2.50,      2.50,      2.50,      2.50,0,0,0,1,1,1
H5,392,2018,284321,      2.50,      2.50,      2.50,      2.50,0,0,0,1,1,1
H5,392,2018,284329,      2.50,      2.50,      2.50,      2.50,0,0,0,1,1,1
H5,392,2018,284330,      2.50,      2.50,      2.50,      2.50,0,0,0,1,1,1
H5,392,2018,284390,      2.50,      2.50,      2.50,      2.50,0,0,0,1,1,1
H5,392,2018,284410,      0.00,      0.00,      0.00,      0.00,0,1,0,0,1,1
H5,392,2018,284420,      0.00,      0.00,      0.00,      0.00,0,1,0,0,1,1
H5,392,2018,284430,      0.00,      0.00,      0.00,      0.00,0,1,0,0,1,1
H5,392,2018,284440,      0.00,      0.00,      0.00,      0.00,0,3,0,0,3,3
H5,392,2018,284450,      0.00,      0.00,      0.00,      0.00,0,1,0,0,1,1
H5,392,2018,284510,      0.00,      0.00,      0.00,      0.00,0,1,0,0,1,1
H5,392,2018,284590,      0.00,      0.00,      0.00,      0.00,0,1,0,0,1,1
H5,392,2018,284610,      0.00,      0.00,      0.00,      0.00,0,2,0,0,2,2
H5,392,2018,284690,      0.00,      0.00,      0.00,      0.00,0,3,0,0,3,3
H5,392,2018,284700,      3.30,      3.30,      3.30,      3.30,0,0,0,1,1,1
H5,392,2018,284910,      2.50,      2.50,      2.50,      2.50,0,0,0,1,1,1
H5,392,2018,284920,      6.60,      3.30,      3.30,      3.30,0,0,0,2,2,2
H5,392,2018,284990,      5.00,      2.50,      2.50,      2.50,0,0,0,2,2,2
H5,392,2018,285000,      3.30,      3.30,      3.30,      3.30,0,0,0,1,1,1
H5,392,2018,285210,     15.10,      0.00,      5.10,      1.68,0,4,0,5,9,9
H5,392,2018,285290,      5.00,      0.00,      2.50,      1.25,0,2,0,2,4,4
H5,392,2018,285310,      3.30,      3.30,      3.30,      3.30,0,0,0,1,1,1
H5,392,2018,285390,      3.30,      3.30,      3.30,      3.30,0,0,0,1,1,1
H5,392,2018,290110,      0.00,      0.00,      0.00,      0.00,0,1,0,0,1,1
H5,392,2018,290121,      0.00,      0.00,      0.00,      0.00,0,1,0,0,1,1
H5,392,2018,290122,      0.00,      0.00,      0.00,      0.00,0,1,0,0,1,1
H5,392,2018,290123,      0.00,      0.00,      0.00,      0.00,0,1,0,0,1,1
H5,392,2018,290124,      0.00,      0.00,      0.00,      0.00,0,2,0,0,2,2
H5,392,2018,290129,      0.00,      0.00,      0.00,      0.00,0,1,0,0,1,1
H5,392,2018,290211,      0.00,      0.00,      0.00,      0.00,0,1,0,0,1,1
H5,392,2018,290219,      0.00,      0.00,      0.00,      0.00,0,2,0,0,2,2
H5,392,2018,290220,      0.00,      0.00,      0.00,      0.00,0,1,0,0,1,1
H5,392,2018,290230,      0.00,      0.00,      0.00,      0.00,0,1,0,0,1,1
H5,392,2018,290241,      0.00,      0.00,      0.00,      0.00,0,1,0,0,1,1
H5,392,2018,290242,      0.00,      0.00,      0.00,      0.00,0,1,0,0,1,1
H5,392,2018,290243,      0.00,      0.00,      0.00,      0.00,0,1,0,0,1,1
H5,392,2018,290244,      0.00,      0.00,      0.00,      0.00,0,1,0,0,1,1
H5,392,2018,290250,      0.00,      0.00,      0.00,      0.00,0,1,0,0,1,1
H5,392,2018,290260,      0.00,      0.00,      0.00,      0.00,0,1,0,0,1,1
H5,392,2018,290270,      0.00,      0.00,      0.00,      0.00,0,1,0,0,1,1
H5,392,2018,290290,      0.00,      0.00,      0.00,      0.00,0,1,0,0,1,1
H5,392,2018,290311,      3.10,      3.10,      3.10,      3.10,0,0,0,1,1,1
H5,392,2018,290312,      3.10,      3.10,      3.10,      3.10,0,0,0,1,1,1
H5,392,2018,290313,      3.90,      3.90,      3.90,      3.90,0,0,0,1,1,1
H5,392,2018,290314,      3.90,      3.90,      3.90,      3.90,0,0,0,1,1,1
H5,392,2018,290315,      3.90,      3.90,      3.90,      3.90,0,0,0,1,1,1
H5,392,2018,290319,      6.20,      3.10,      3.10,      3.10,0,0,0,2,2,2
H5,392,2018,290321,      3.90,      3.90,      3.90,      3.90,0,0,0,1,1,1
H5,392,2018,290322,      3.90,      3.90,      3.90,      3.90,0,0,0,1,1,1
H5,392,2018,290323,      3.90,      3.90,      3.90,      3.90,0,0,0,1,1,1
H5,392,2018,290329,      3.10,      3.10,      3.10,      3.10,0,0,0,1,1,1
H5,392,2018,290331,      0.00,      0.00,      0.00,      0.00,0,1,0,0,1,1
H5,392,2018,290339,     46.50,      0.00,      3.10,      2.74,0,2,0,15,17,17
H5,392,2018,290371,      3.10,      3.10,      3.10,      3.10,0,0,0,1,1,1
H5,392,2018,290372,      3.10,      3.10,      3.10,      3.10,0,0,0,1,1,1
H5,392,2018,290373,      6.20,      3.10,      3.10,      3.10,0,0,0,2,2,2
H5,392,2018,290374,      6.20,      3.10,      3.10,      3.10,0,0,0,2,2,2
H5,392,2018,290375,      3.10,      3.10,      3.10,      3.10,0,0,0,1,1,1
H5,392,2018,290376,      9.30,      3.10,      3.10,      3.10,0,0,0,3,3,3
H5,392,2018,290377,     49.60,      3.10,      3.10,      3.10,0,0,0,16,16,16
H5,392,2018,290378,      3.10,      3.10,      3.10,      3.10,0,0,0,1,1,1
H5,392,2018,290379,     15.50,      0.00,      3.10,      2.58,0,1,0,5,6,6
H5,392,2018,290381,      3.90,      3.90,      3.90,      3.90,0,0,0,1,1,1
H5,392,2018,290382,      3.10,      0.00,      3.10,      1.55,0,1,0,1,2,2
H5,392,2018,290383,      3.10,      3.10,      3.10,      3.10,0,0,0,1,1,1
H5,392,2018,290389,      6.20,      0.00,      3.10,      2.07,0,1,0,2,3,3
H5,392,2018,290391,      3.10,      3.10,      3.10,      3.10,0,0,0,1,1,1
H5,392,2018,290392,      3.90,      3.90,      3.90,      3.90,0,0,0,1,1,1
H5,392,2018,290393,      3.10,      3.10,      3.10,      3.10,0,0,0,1,1,1
H5,392,2018,290394,      3.10,      3.10,      3.10,      3.10,0,0,0,1,1,1
H5,392,2018,290399,      3.10,      0.00,      3.10,      1.55,0,1,0,1,2,2
H5,392,2018,290410,      3.10,      3.10,      3.10,      3.10,0,0,0,1,1,1
H5,392,2018,290420,      3.10,      0.00,      3.10,      1.55,0,1,0,1,2,2
H5,392,2018,290431,      3.10,      3.10,      3.10,      3.10,0,0,0,1,1,1
H5,392,2018,290432,      3.10,      3.10,      3.10,      3.10,0,0,0,1,1,1
H5,392,2018,290433,      3.10,      3.10,      3.10,      3.10,0,0,0,1,1,1
H5,392,2018,290434,      3.10,      3.10,      3.10,      3.10,0,0,0,1,1,1
H5,392,2018,290435,      3.10,      3.10,      3.10,      3.10,0,0,0,1,1,1
H5,392,2018,290436,      3.10,      3.10,      3.10,      3.10,0,0,0,1,1,1
H5,392,2018,290491,      3.10,      3.10,      3.10,      3.10,0,0,0,1,1,1
H5,392,2018,290499,      3.10,      0.00,      3.10,      1.55,0,1,0,1,2,2
H5,392,2018,290511,      0.00,      0.00,      0.00,      0.00,0,1,0,0,1,1
H5,392,2018,290512,      3.10,      3.10,      3.10,      3.10,0,0,0,1,1,1
H5,392,2018,290513,      5.50,      5.50,      5.50,      5.50,0,0,0,1,1,1
H5,392,2018,290514,      5.50,      5.50,      5.50,      5.50,0,0,0,1,1,1
H5,392,2018,290516,      3.90,      3.90,      3.90,      3.90,1,0,0,1,1,2
H5,392,2018,290517,      4.70,      4.70,      4.70,      4.70,0,0,0,1,1,1
H5,392,2018,290519,      4.70,      4.70,      4.70,      4.70,0,0,0,1,1,1
H5,392,2018,290522,      4.40,      4.40,      4.40,      4.40,0,0,0,1,1,1
H5,392,2018,290529,      3.90,      3.90,      3.90,      3.90,0,0,0,1,1,1
H5,392,2018,290531,      5.50,      5.50,      5.50,      5.50,0,0,0,1,1,1
H5,392,2018,290532,      5.50,      5.50,      5.50,      5.50,0,0,0,1,1,1
H5,392,2018,290539,      3.10,      3.10,      3.10,      3.10,0,0,0,1,1,1
H5,392,2018,290541,      3.10,      3.10,      3.10,      3.10,0,0,0,1,1,1
H5,392,2018,290542,      3.10,      3.10,      3.10,      3.10,0,0,0,1,1,1
H5,392,2018,290543,      2.80,      2.80,      2.80,      2.80,0,0,0,1,1,1
H5,392,2018,290544,     17.00,     17.00,     17.00,     17.00,0,0,0,1,1,1
H5,392,2018,290545,      5.00,      5.00,      5.00,      5.00,0,0,0,1,1,1
H5,392,2018,290549,      3.10,      3.10,      3.10,      3.10,0,0,0,1,1,1
H5,392,2018,290551,      0.00,      0.00,      0.00,      0.00,0,1,0,0,1,1
H5,392,2018,290559,      3.90,      0.00,      3.90,      1.95,0,1,0,1,2,2
H5,392,2018,290611,      5.50,      5.50,      5.50,      5.50,0,0,0,1,1,1
H5,392,2018,290612,      3.90,      3.90,      3.90,      3.90,0,0,0,1,1,1
H5,392,2018,290613,      0.00,      0.00,      0.00,      0.00,0,1,0,0,1,1
H5,392,2018,290619,      8.30,      3.90,      4.40,      4.15,0,0,0,2,2,2
H5,392,2018,290621,      4.40,      4.40,      4.40,      4.40,0,0,0,1,1,1
H5,392,2018,290629,      3.90,      3.90,      3.90,      3.90,0,0,0,1,1,1
H5,392,2018,290711,      0.00,      0.00,      0.00,      0.00,0,1,0,0,1,1
H5,392,2018,290712,      0.00,      0.00,      0.00,      0.00,0,1,0,0,1,1
H5,392,2018,290713,      3.10,      3.10,      3.10,      3.10,0,0,0,1,1,1
H5,392,2018,290715,      3.90,      3.90,      3.90,      3.90,0,0,0,1,1,1
H5,392,2018,290719,      6.20,      0.00,      3.10,      1.55,0,2,0,2,4,4
H5,392,2018,290721,      3.10,      3.10,      3.10,      3.10,0,0,0,1,1,1
H5,392,2018,290722,      3.10,      3.10,      3.10,      3.10,0,0,0,1,1,1
H5,392,2018,290723,      3.10,      3.10,      3.10,      3.10,0,0,0,1,1,1
H5,392,2018,290729,      3.10,      3.10,      3.10,      3.10,0,0,0,1,1,1
H5,392,2018,290811,      3.10,      3.10,      3.10,      3.10,0,0,0,1,1,1
H5,392,2018,290819,      3.10,      0.00,      3.10,      1.55,0,1,0,1,2,2
H5,392,2018,290891,      3.10,      3.10,      3.10,      3.10,0,0,0,1,1,1
H5,392,2018,290892,      3.10,      3.10,      3.10,      3.10,0,0,0,1,1,1
H5,392,2018,290899,      3.10,      3.10,      3.10,      3.10,0,0,0,1,1,1
H5,392,2018,290911,      3.10,      3.10,      3.10,      3.10,0,0,0,1,1,1
H5,392,2018,290919,      6.20,      0.00,      3.10,      2.07,0,1,0,2,3,3
H5,392,2018,290920,      3.10,      3.10,      3.10,      3.10,0,0,0,1,1,1
H5,392,2018,290930,      3.10,      0.00,      3.10,      1.03,0,2,0,1,3,3
H5,392,2018,290941,      4.80,      4.80,      4.80,      4.80,0,0,0,1,1,1
H5,392,2018,290943,      3.40,      3.40,      3.40,      3.40,0,0,0,1,1,1
H5,392,2018,290944,      3.70,      3.70,      3.70,      3.70,0,0,0,1,1,1
H5,392,2018,290949,      6.20,      3.10,      3.10,      3.10,0,0,0,2,2,2
H5,392,2018,290950,      3.10,      3.10,      3.10,      3.10,0,0,0,1,1,1
H5,392,2018,290960,      3.10,      3.10,      3.10,      3.10,0,0,0,1,1,1
H5,392,2018,291010,      3.90,      3.90,      3.90,      3.90,0,0,0,1,1,1
H5,392,2018,291020,      4.70,      4.70,      4.70,      4.70,0,0,0,1,1,1
H5,392,2018,291030,      3.70,      3.70,      3.70,      3.70,0,0,0,1,1,1
H5,392,2018,291040,      3.70,      3.70,      3.70,      3.70,0,0,0,1,1,1
H5,392,2018,291050,      3.70,      3.70,      3.70,      3.70,0,0,0,1,1,1
H5,392,2018,291090,      3.70,      0.00,      3.70,      1.85,0,1,0,1,2,2
H5,392,2018,291100,      3.90,      3.90,      3.90,      3.90,0,0,0,1,1,1
H5,392,2018,291211,      3.30,      3.30,      3.30,      3.30,0,0,0,1,1,1
H5,392,2018,291212,      3.10,      3.10,      3.10,      3.10,0,0,0,1,1,1
H5,392,2018,291219,      3.10,      3.10,      3.10,      3.10,0,0,0,1,1,1
H5,392,2018,291221,      3.10,      3.10,      3.10,      3.10,0,0,0,1,1,1
H5,392,2018,291229,      3.10,      3.10,      3.10,      3.10,0,0,0,1,1,1
H5,392,2018,291241,      4.40,      4.40,      4.40,      4.40,0,0,0,1,1,1
H5,392,2018,291242,      4.40,      4.40,      4.40,      4.40,0,0,0,1,1,1
H5,392,2018,291249,      7.50,      3.10,      4.40,      3.75,0,0,0,2,2,2
H5,392,2018,291250,      3.10,      3.10,      3.10,      3.10,0,0,0,1,1,1
H5,392,2018,291260,      3.10,      3.10,      3.10,      3.10,0,0,0,1,1,1
H5,392,2018,291300,      3.90,      3.90,      3.90,      3.90,0,0,0,1,1,1
H5,392,2018,291411,      3.90,      3.90,      3.90,      3.90,0,0,0,1,1,1
H5,392,2018,291412,      3.90,      3.90,      3.90,      3.90,0,0,0,1,1,1
H5,392,2018,291413,      3.90,      3.90,      3.90,      3.90,0,0,0,1,1,1
H5,392,2018,291419,      3.90,      3.90,      3.90,      3.90,0,0,0,1,1,1
H5,392,2018,291422,      3.90,      3.90,      3.90,      3.90,0,0,0,1,1,1
H5,392,2018,291423,      4.40,      4.40,      4.40,      4.40,0,0,0,1,1,1
H5,392,2018,291429,      9.30,      0.00,      5.40,      3.10,0,1,0,2,3,3
H5,392,2018,291431,      3.90,      3.90,      3.90,      3.90,0,0,0,1,1,1
H5,392,2018,291439,      3.90,      3.90,      3.90,      3.90,0,0,0,1,1,1
H5,392,2018,291440,      3.90,      3.90,      3.90,      3.90,0,0,0,1,1,1
H5,392,2018,291450,      3.90,      3.90,      3.90,      3.90,0,0,0,1,1,1
H5,392,2018,291461,      3.90,      3.90,      3.90,      3.90,0,0,0,1,1,1
H5,392,2018,291462,      0.00,      0.00,      0.00,      0.00,0,1,0,0,1,1
H5,392,2018,291469,      3.90,      3.90,      3.90,      3.90,0,0,0,1,1,1
H5,392,2018,291471,      3.90,      3.90,      3.90,      3.90,0,0,0,1,1,1
H5,392,2018,291479,      3.90,      3.90,      3.90,      3.90,0,0,0,1,1,1
H5,392,2018,291511,      4.30,      4.30,      4.30,      4.30,0,0,0,1,1,1
H5,392,2018,291512,      4.30,      4.30,      4.30,      4.30,0,0,0,1,1,1
H5,392,2018,291513,      4.30,      4.30,      4.30,      4.30,0,0,0,1,1,1
H5,392,2018,291521,      2.00,      2.00,      2.00,      2.00,0,0,0,1,1,1
H5,392,2018,291524,      4.30,      4.30,      4.30,      4.30,0,0,0,1,1,1
H5,392,2018,291529,     11.70,      3.90,      3.90,      3.90,0,0,0,3,3,3
H5,392,2018,291531,      3.70,      3.70,      3.70,      3.70,0,0,0,1,1,1
H5,392,2018,291532,      3.70,      3.70,      3.70,      3.70,0,0,0,1,1,1
H5,392,2018,291533,      3.70,      3.70,      3.70,      3.70,0,0,0,1,1,1
H5,392,2018,291536,      3.90,      3.90,      3.90,      3.90,0,0,0,1,1,1
H5,392,2018,291539,     11.50,      3.70,      3.90,      3.83,0,0,0,3,3,3
H5,392,2018,291540,      4.30,      4.30,      4.30,      4.30,0,0,0,1,1,1
H5,392,2018,291550,      4.30,      4.30,      4.30,      4.30,0,0,0,1,1,1
H5,392,2018,291560,      4.30,      4.30,      4.30,      4.30,0,0,0,1,1,1
H5,392,2018,291570,      7.20,      3.30,      3.90,      3.60,0,0,0,2,2,2
H5,392,2018,291590,     12.10,      3.90,      4.30,      4.03,0,0,0,3,3,3
H5,392,2018,291611,      4.30,      4.30,      4.30,      4.30,0,0,0,1,1,1
H5,392,2018,291612,      4.30,      4.30,      4.30,      4.30,0,0,0,1,1,1
H5,392,2018,291613,      3.90,      3.90,      3.90,      3.90,0,0,0,1,1,1
H5,392,2018,291614,      3.90,      3.90,      3.90,      3.90,0,0,0,1,1,1
H5,392,2018,291615,      3.30,      3.30,      3.30,      3.30,0,0,0,1,1,1
H5,392,2018,291616,      4.30,      4.30,      4.30,      4.30,0,0,0,1,1,1
H5,392,2018,291619,      4.30,      4.30,      4.30,      4.30,0,0,0,1,1,1
H5,392,2018,291620,      4.30,      4.30,      4.30,      4.30,0,0,0,1,1,1
H5,392,2018,291631,      4.10,      4.10,      4.10,      4.10,0,0,0,1,1,1
H5,392,2018,291632,      4.30,      4.30,      4.30,      4.30,0,0,0,1,1,1
H5,392,2018,291634,      0.00,      0.00,      0.00,      0.00,0,1,0,0,1,1
H5,392,2018,291639,      4.30,      0.00,      4.30,      2.15,0,1,0,1,2,2
H5,392,2018,291711,      3.30,      3.30,      3.30,      3.30,0,0,0,1,1,1
H5,392,2018,291712,      7.80,      3.90,      3.90,      3.90,0,0,0,2,2,2
H5,392,2018,291713,      3.10,      3.10,      3.10,      3.10,0,0,0,1,1,1
H5,392,2018,291714,      3.90,      3.90,      3.90,      3.90,0,0,0,1,1,1
H5,392,2018,291719,      3.10,      3.10,      3.10,      3.10,0,0,0,1,1,1
H5,392,2018,291720,      3.10,      3.10,      3.10,      3.10,0,0,0,1,1,1
H5,392,2018,291732,      3.90,      3.90,      3.90,      3.90,0,0,0,1,1,1
H5,392,2018,291733,      3.10,      3.10,      3.10,      3.10,0,0,0,1,1,1
H5,392,2018,291734,      6.20,      3.10,      3.10,      3.10,0,0,0,2,2,2
H5,392,2018,291735,      3.30,      3.30,      3.30,      3.30,0,0,0,1,1,1
H5,392,2018,291736,      5.30,      5.30,      5.30,      5.30,0,0,0,1,1,1
H5,392,2018,291737,      0.00,      0.00,      0.00,      0.00,0,1,0,0,1,1
H5,392,2018,291739,      6.20,      0.00,      3.10,      2.07,0,1,0,2,3,3
H5,392,2018,291811,      4.40,      4.40,      4.40,      4.40,0,0,0,1,1,1
H5,392,2018,291812,      3.90,      3.90,      3.90,      3.90,0,0,0,1,1,1
H5,392,2018,291813,      3.90,      3.90,      3.90,      3.90,0,0,0,1,1,1
H5,392,2018,291814,      6.50,      6.50,      6.50,      6.50,0,0,0,1,1,1
H5,392,2018,291815,     10.40,      3.90,      6.50,      5.20,0,0,0,2,2,2
H5,392,2018,291816,      3.90,      3.90,      3.90,      3.90,0,0,0,1,1,1
H5,392,2018,291817,      3.90,      3.90,      3.90,      3.90,0,0,0,1,1,1
H5,392,2018,291818,      3.90,      3.90,      3.90,      3.90,0,0,0,1,1,1
H5,392,2018,291819,      3.90,      0.00,      3.90,      1.95,0,1,0,1,2,2
H5,392,2018,291821,      3.90,      3.90,      3.90,      3.90,0,0,0,1,1,1
H5,392,2018,291822,      3.90,      3.90,      3.90,      3.90,0,0,0,1,1,1
H5,392,2018,291823,      3.90,      3.90,      3.90,      3.90,0,0,0,1,1,1
H5,392,2018,291829,      3.90,      3.90,      3.90,      3.90,0,0,0,1,1,1
H5,392,2018,291830,      3.90,      0.00,      3.90,      1.95,0,1,0,1,2,2
H5,392,2018,291891,      3.90,      3.90,      3.90,      3.90,0,0,0,1,1,1
H5,392,2018,291899,      3.90,      3.90,      3.90,      3.90,0,0,0,1,1,1
H5,392,2018,291910,      3.90,      3.90,      3.90,      3.90,0,0,0,1,1,1
H5,392,2018,291990,      3.90,      3.90,      3.90,      3.90,0,0,0,1,1,1
H5,392,2018,292011,      3.90,      3.90,      3.90,      3.90,0,0,0,1,1,1
H5,392,2018,292019,      3.90,      3.90,      3.90,      3.90,0,0,0,1,1,1
H5,392,2018,292021,      3.90,      3.90,      3.90,      3.90,0,0,0,1,1,1
H5,392,2018,292022,      3.90,      3.90,      3.90,      3.90,0,0,0,1,1,1
H5,392,2018,292023,      3.90,      3.90,      3.90,      3.90,0,0,0,1,1,1
H5,392,2018,292024,      3.90,      3.90,      3.90,      3.90,0,0,0,1,1,1
H5,392,2018,292029,      3.90,      3.90,      3.90,      3.90,0,0,0,1,1,1
H5,392,2018,292030,      3.90,      3.90,      3.90,      3.90,0,0,0,1,1,1
H5,392,2018,292090,      7.80,      3.90,      3.90,      3.90,0,0,0,2,2,2
H5,392,2018,292111,      3.10,      3.10,      3.10,      3.10,0,0,0,1,1,1
H5,392,2018,292112,      3.10,      3.10,      3.10,      3.10,0,0,0,1,1,1
H5,392,2018,292113,      3.10,      3.10,      3.10,      3.10,0,0,0,1,1,1
H5,392,2018,292114,      3.10,      3.10,      3.10,      3.10,0,0,0,1,1,1
H5,392,2018,292119,      3.10,      3.10,      3.10,      3.10,0,0,0,1,1,1
H5,392,2018,292121,      3.10,      3.10,      3.10,      3.10,0,0,0,1,1,1
H5,392,2018,292122,      3.10,      3.10,      3.10,      3.10,0,0,0,1,1,1
H5,392,2018,292129,      3.10,      3.10,      3.10,      3.10,0,0,0,1,1,1
H5,392,2018,292130,      3.10,      3.10,      3.10,      3.10,0,0,0,1,1,1
H5,392,2018,292141,      8.50,      3.10,      5.40,      4.25,0,0,0,2,2,2
H5,392,2018,292142,      3.10,      3.10,      3.10,      3.10,0,0,0,1,1,1
H5,392,2018,292143,      3.10,      3.10,      3.10,      3.10,0,0,0,1,1,1
H5,392,2018,292144,      3.10,      3.10,      3.10,      3.10,0,0,0,1,1,1
H5,392,2018,292145,      3.10,      3.10,      3.10,      3.10,0,0,0,1,1,1
H5,392,2018,292146,      3.10,      3.10,      3.10,      3.10,0,0,0,1,1,1
H5,392,2018,292149,      3.10,      3.10,      3.10,      3.10,0,0,0,1,1,1
H5,392,2018,292151,      3.50,      3.50,      3.50,      3.50,0,0,0,1,1,1
H5,392,2018,292159,      3.10,      3.10,      3.10,      3.10,0,0,0,1,1,1
H5,392,2018,292211,      3.10,      3.10,      3.10,      3.10,0,0,0,1,1,1
H5,392,2018,292212,      3.10,      3.10,      3.10,      3.10,0,0,0,1,1,1
H5,392,2018,292214,      3.90,      3.90,      3.90,      3.90,0,0,0,1,1,1
H5,392,2018,292215,      3.10,      3.10,      3.10,      3.10,0,0,0,1,1,1
H5,392,2018,292216,      3.10,      3.10,      3.10,      3.10,0,0,0,1,1,1
H5,392,2018,292217,      0.00,      0.00,      0.00,      0.00,0,2,0,0,2,2
H5,392,2018,292218,      0.00,      0.00,      0.00,      0.00,0,1,0,0,1,1
H5,392,2018,292219,      7.00,      0.00,      3.90,      2.33,0,1,0,2,3,3
H5,392,2018,292221,      3.90,      3.90,      3.90,      3.90,0,0,0,1,1,1
H5,392,2018,292229,      3.90,      3.90,      3.90,      3.90,0,0,0,1,1,1
H5,392,2018,292231,      3.90,      3.90,      3.90,      3.90,0,0,0,1,1,1
H5,392,2018,292239,      3.90,      3.90,      3.90,      3.90,0,0,0,1,1,1
H5,392,2018,292241,      3.90,      3.90,      3.90,      3.90,0,0,0,1,1,1
H5,392,2018,292242,     10.40,      3.90,      6.50,      5.20,0,0,0,2,2,2
H5,392,2018,292243,      3.90,      3.90,      3.90,      3.90,0,0,0,1,1,1
H5,392,2018,292244,      3.90,      3.90,      3.90,      3.90,0,0,0,1,1,1
H5,392,2018,292249,      3.90,      3.90,      3.90,      3.90,0,0,0,1,1,1
H5,392,2018,292250,      3.90,      3.90,      3.90,      3.90,0,0,0,1,1,1
H5,392,2018,292310,      3.90,      3.90,      3.90,      3.90,0,0,0,1,1,1
H5,392,2018,292320,      6.00,      6.00,      6.00,      6.00,0,0,0,1,1,1
H5,392,2018,292330,      3.90,      3.90,      3.90,      3.90,0,0,0,1,1,1
H5,392,2018,292340,      3.90,      3.90,      3.90,      3.90,0,0,0,1,1,1
H5,392,2018,292390,      3.90,      0.00,      3.90,      1.95,0,1,0,1,2,2
H5,392,2018,292411,      0.00,      0.00,      0.00,      0.00,0,1,0,0,1,1
H5,392,2018,292412,      3.10,      3.10,      3.10,      3.10,0,0,0,1,1,1
H5,392,2018,292419,      3.10,      0.00,      3.10,      1.55,0,1,0,1,2,2
H5,392,2018,292421,      3.10,      3.10,      3.10,      3.10,0,0,0,1,1,1
H5,392,2018,292423,      3.10,      3.10,      3.10,      3.10,0,0,0,1,1,1
H5,392,2018,292424,      0.00,      0.00,      0.00,      0.00,0,1,0,0,1,1
H5,392,2018,292425,      3.10,      3.10,      3.10,      3.10,0,0,0,1,1,1
H5,392,2018,292429,      3.10,      0.00,      3.10,      1.55,0,1,0,1,2,2
H5,392,2018,292511,      3.90,      3.90,      3.90,      3.90,0,0,0,1,1,1
H5,392,2018,292512,      0.00,      0.00,      0.00,      0.00,0,1,0,0,1,1
H5,392,2018,292519,      0.00,      0.00,      0.00,      0.00,0,1,0,0,1,1
H5,392,2018,292521,      2.50,      2.50,      2.50,      2.50,0,0,0,1,1,1
H5,392,2018,292529,      2.50,      0.00,      2.50,      1.25,0,1,0,1,2,2
H5,392,2018,292610,      4.30,      4.30,      4.30,      4.30,0,0,0,1,1,1
H5,392,2018,292620,      3.10,      3.10,      3.10,      3.10,0,0,0,1,1,1
H5,392,2018,292630,      3.10,      3.10,      3.10,      3.10,0,0,0,1,1,1
H5,392,2018,292640,      3.10,      3.10,      3.10,      3.10,0,0,0,1,1,1
H5,392,2018,292690,      3.10,      3.10,      3.10,      3.10,0,0,0,1,1,1
H5,392,2018,292700,      3.90,      3.90,      3.90,      3.90,0,0,0,1,1,1
H5,392,2018,292800,      3.90,      3.90,      3.90,      3.90,0,0,0,1,1,1
H5,392,2018,292910,      9.30,      3.10,      3.10,      3.10,0,0,0,3,3,3
H5,392,2018,292990,      3.10,      3.10,      3.10,      3.10,0,0,0,1,1,1
H5,392,2018,293020,      4.40,      4.40,      4.40,      4.40,0,0,0,1,1,1
H5,392,2018,293030,      4.40,      4.40,      4.40,      4.40,0,0,0,1,1,1
H5,392,2018,293040,      3.90,      3.90,      3.90,      3.90,0,0,0,1,1,1
H5,392,2018,293060,      0.00,      0.00,      0.00,      0.00,0,1,0,0,1,1
H5,392,2018,293070,      0.00,      0.00,      0.00,      0.00,0,1,0,0,1,1
H5,392,2018,293080,      0.00,      0.00,      0.00,      0.00,0,1,0,0,1,1
H5,392,2018,293090,      0.00,      0.00,      0.00,      0.00,0,2,0,0,2,2
H5,392,2018,293110,      3.10,      3.10,      3.10,      3.10,0,0,0,1,1,1
H5,392,2018,293120,      3.10,      3.10,      3.10,      3.10,0,0,0,1,1,1
H5,392,2018,293131,      3.10,      3.10,      3.10,      3.10,0,0,0,1,1,1
H5,392,2018,293132,      3.10,      3.10,      3.10,      3.10,0,0,0,1,1,1
H5,392,2018,293133,      3.10,      3.10,      3.10,      3.10,0,0,0,1,1,1
H5,392,2018,293134,      3.10,      3.10,      3.10,      3.10,0,0,0,1,1,1
H5,392,2018,293135,      3.10,      3.10,      3.10,      3.10,0,0,0,1,1,1
H5,392,2018,293136,      3.10,      3.10,      3.10,      3.10,0,0,0,1,1,1
H5,392,2018,293137,      3.10,      3.10,      3.10,      3.10,0,0,0,1,1,1
H5,392,2018,293138,      3.10,      3.10,      3.10,      3.10,0,0,0,1,1,1
H5,392,2018,293139,      3.10,      3.10,      3.10,      3.10,0,0,0,1,1,1
H5,392,2018,293190,      3.10,      3.10,      3.10,      3.10,0,0,0,1,1,1
H5,392,2018,293211,      3.10,      3.10,      3.10,      3.10,0,0,0,1,1,1
H5,392,2018,293212,      0.00,      0.00,      0.00,      0.00,0,1,0,0,1,1
H5,392,2018,293213,      3.10,      3.10,      3.10,      3.10,0,0,0,1,1,1
H5,392,2018,293214,      3.10,      3.10,      3.10,      3.10,0,0,0,1,1,1
H5,392,2018,293219,      3.10,      3.10,      3.10,      3.10,0,0,0,1,1,1
H5,392,2018,293220,      7.50,      0.00,      4.40,      2.50,0,1,0,2,3,3
H5,392,2018,293291,      3.10,      3.10,      3.10,      3.10,0,0,0,1,1,1
H5,392,2018,293292,      3.10,      3.10,      3.10,      3.10,0,0,0,1,1,1
H5,392,2018,293293,      3.10,      3.10,      3.10,      3.10,0,0,0,1,1,1
H5,392,2018,293294,      3.10,      3.10,      3.10,      3.10,0,0,0,1,1,1
H5,392,2018,293295,      3.10,      3.10,      3.10,      3.10,0,0,0,1,1,1
H5,392,2018,293299,      3.10,      3.10,      3.10,      3.10,0,0,0,1,1,1
H5,392,2018,293311,      3.10,      3.10,      3.10,      3.10,0,0,0,1,1,1
H5,392,2018,293319,      3.10,      3.10,      3.10,      3.10,0,0,0,1,1,1
H5,392,2018,293321,      3.10,      0.00,      3.10,      1.55,0,1,0,1,2,2
H5,392,2018,293329,      3.10,      3.10,      3.10,      3.10,0,0,0,1,1,1
H5,392,2018,293331,      0.00,      0.00,      0.00,      0.00,0,1,0,0,1,1
H5,392,2018,293332,      3.10,      3.10,      3.10,      3.10,0,0,0,1,1,1
H5,392,2018,293333,      3.10,      3.10,      3.10,      3.10,0,0,0,1,1,1
H5,392,2018,293339,      3.10,      0.00,      3.10,      1.55,0,1,0,1,2,2
H5,392,2018,293341,      3.10,      3.10,      3.10,      3.10,0,0,0,1,1,1
H5,392,2018,293349,      6.40,      3.10,      3.30,      3.20,0,0,0,2,2,2
H5,392,2018,293352,      3.10,      3.10,      3.10,      3.10,0,0,0,1,1,1
H5,392,2018,293353,      3.10,      3.10,      3.10,      3.10,0,0,0,1,1,1
H5,392,2018,293354,      3.10,      3.10,      3.10,      3.10,0,0,0,1,1,1
H5,392,2018,293355,      3.10,      3.10,      3.10,      3.10,0,0,0,1,1,1
H5,392,2018,293359,      6.20,      0.00,      3.10,      2.07,0,1,0,2,3,3
H5,392,2018,293361,      3.10,      3.10,      3.10,      3.10,0,0,0,1,1,1
H5,392,2018,293369,      3.10,      3.10,      3.10,      3.10,0,0,0,1,1,1
H5,392,2018,293371,      4.70,      4.70,      4.70,      4.70,0,0,0,1,1,1
H5,392,2018,293372,      0.00,      0.00,      0.00,      0.00,0,1,0,0,1,1
H5,392,2018,293379,      3.90,      3.90,      3.90,      3.90,0,0,0,1,1,1
H5,392,2018,293391,      3.10,      3.10,      3.10,      3.10,0,0,0,1,1,1
H5,392,2018,293392,      3.10,      3.10,      3.10,      3.10,0,0,0,1,1,1
H5,392,2018,293399,      6.40,      3.10,      3.30,      3.20,0,0,0,2,2,2
H5,392,2018,293410,      3.10,      3.10,      3.10,      3.10,0,0,0,1,1,1
H5,392,2018,293420,      4.40,      4.40,      4.40,      4.40,0,0,0,1,1,1
H5,392,2018,293430,      3.10,      3.10,      3.10,      3.10,0,0,0,1,1,1
H5,392,2018,293491,      3.10,      3.10,      3.10,      3.10,0,0,0,1,1,1
H5,392,2018,293499,      3.10,      0.00,      3.10,      1.03,0,2,0,1,3,3
H5,392,2018,293510,      3.90,      3.90,      3.90,      3.90,0,0,0,1,1,1
H5,392,2018,293520,      3.90,      3.90,      3.90,      3.90,0,0,0,1,1,1
H5,392,2018,293530,      3.90,      3.90,      3.90,      3.90,0,0,0,1,1,1
H5,392,2018,293540,      3.90,      3.90,      3.90,      3.90,0,0,0,1,1,1
H5,392,2018,293550,      3.90,      3.90,      3.90,      3.90,0,0,0,1,1,1
H5,392,2018,293590,      3.90,      3.90,      3.90,      3.90,0,0,0,1,1,1
H5,392,2018,293621,      0.00,      0.00,      0.00,      0.00,0,1,0,0,1,1
H5,392,2018,293622,      0.00,      0.00,      0.00,      0.00,0,1,0,0,1,1
H5,392,2018,293623,      0.00,      0.00,      0.00,      0.00,0,1,0,0,1,1
H5,392,2018,293624,      0.00,      0.00,      0.00,      0.00,0,1,0,0,1,1
H5,392,2018,293625,      0.00,      0.00,      0.00,      0.00,0,1,0,0,1,1
H5,392,2018,293626,      0.00,      0.00,      0.00,      0.00,0,1,0,0,1,1
H5,392,2018,293627,      0.00,      0.00,      0.00,      0.00,0,1,0,0,1,1
H5,392,2018,293628,      0.00,      0.00,      0.00,      0.00,0,1,0,0,1,1
H5,392,2018,293629,      0.00,      0.00,      0.00,      0.00,0,1,0,0,1,1
H5,392,2018,293690,      0.00,      0.00,      0.00,      0.00,0,1,0,0,1,1
H5,392,2018,293711,      0.00,      0.00,      0.00,      0.00,0,1,0,0,1,1
H5,392,2018,293712,      0.00,      0.00,      0.00,      0.00,0,1,0,0,1,1
H5,392,2018,293719,      0.00,      0.00,      0.00,      0.00,0,1,0,0,1,1
H5,392,2018,293721,      0.00,      0.00,      0.00,      0.00,0,1,0,0,1,1
H5,392,2018,293722,      0.00,      0.00,      0.00,      0.00,0,1,0,0,1,1
H5,392,2018,293723,      0.00,      0.00,      0.00,      0.00,0,1,0,0,1,1
H5,392,2018,293729,      0.00,      0.00,      0.00,      0.00,0,1,0,0,1,1
H5,392,2018,293750,      0.00,      0.00,      0.00,      0.00,0,1,0,0,1,1
H5,392,2018,293790,      0.00,      0.00,      0.00,      0.00,0,1,0,0,1,1
H5,392,2018,293810,      2.30,      2.30,      2.30,      2.30,0,0,0,1,1,1
H5,392,2018,293890,      3.90,      3.90,      3.90,      3.90,0,0,0,1,1,1
H5,392,2018,293911,      0.00,      0.00,      0.00,      0.00,0,1,0,0,1,1
H5,392,2018,293919,      0.00,      0.00,      0.00,      0.00,0,1,0,0,1,1
H5,392,2018,293920,      0.00,      0.00,      0.00,      0.00,0,1,0,0,1,1
H5,392,2018,293930,      0.00,      0.00,      0.00,      0.00,0,1,0,0,1,1
H5,392,2018,293941,      0.00,      0.00,      0.00,      0.00,0,1,0,0,1,1
H5,392,2018,293942,      0.00,      0.00,      0.00,      0.00,0,1,0,0,1,1
H5,392,2018,293943,      0.00,      0.00,      0.00,      0.00,0,1,0,0,1,1
H5,392,2018,293944,      0.00,      0.00,      0.00,      0.00,0,1,0,0,1,1
H5,392,2018,293949,      0.00,      0.00,      0.00,      0.00,0,1,0,0,1,1
H5,392,2018,293951,      0.00,      0.00,      0.00,      0.00,0,1,0,0,1,1
H5,392,2018,293959,      0.00,      0.00,      0.00,      0.00,0,1,0,0,1,1
H5,392,2018,293961,      0.00,      0.00,      0.00,      0.00,0,1,0,0,1,1
H5,392,2018,293962,      0.00,      0.00,      0.00,      0.00,0,1,0,0,1,1
H5,392,2018,293963,      0.00,      0.00,      0.00,      0.00,0,1,0,0,1,1
H5,392,2018,293969,      0.00,      0.00,      0.00,      0.00,0,1,0,0,1,1
H5,392,2018,293971,      0.00,      0.00,      0.00,      0.00,0,1,0,0,1,1
H5,392,2018,293979,      0.00,      0.00,      0.00,      0.00,0,1,0,0,1,1
H5,392,2018,293980,      0.00,      0.00,      0.00,      0.00,0,1,0,0,1,1
H5,392,2018,294000,     12.50,      6.00,      6.50,      6.25,0,0,0,2,2,2
H5,392,2018,294110,      0.00,      0.00,      0.00,      0.00,0,1,0,0,1,1
H5,392,2018,294120,      0.00,      0.00,      0.00,      0.00,0,1,0,0,1,1
H5,392,2018,294130,      0.00,      0.00,      0.00,      0.00,0,1,0,0,1,1
H5,392,2018,294140,      0.00,      0.00,      0.00,      0.00,0,1,0,0,1,1
H5,392,2018,294150,      0.00,      0.00,      0.00,      0.00,0,1,0,0,1,1
H5,392,2018,294190,      0.00,      0.00,      0.00,      0.00,0,1,0,0,1,1
H5,392,2018,294200,      3.90,      3.90,      3.90,      3.90,0,0,0,1,1,1
H5,392,2018,300120,      0.00,      0.00,      0.00,      0.00,0,1,0,0,1,1
H5,392,2018,300190,      0.00,      0.00,      0.00,      0.00,0,3,0,0,3,3
H5,392,2018,300211,      0.00,      0.00,      0.00,      0.00,0,1,0,0,1,1
H5,392,2018,300212,      0.00,      0.00,      0.00,      0.00,0,5,0,0,5,5
H5,392,2018,300213,      0.00,      0.00,      0.00,      0.00,0,1,0,0,1,1
H5,392,2018,300214,      0.00,      0.00,      0.00,      0.00,0,1,0,0,1,1
H5,392,2018,300215,      0.00,      0.00,      0.00,      0.00,0,1,0,0,1,1
H5,392,2018,300219,      0.00,      0.00,      0.00,      0.00,0,1,0,0,1,1
H5,392,2018,300220,      0.00,      0.00,      0.00,      0.00,0,1,0,0,1,1
H5,392,2018,300230,      0.00,      0.00,      0.00,      0.00,0,1,0,0,1,1
H5,392,2018,300290,      0.00,      0.00,      0.00,      0.00,0,2,0,0,2,2
H5,392,2018,300310,      0.00,      0.00,      0.00,      0.00,0,1,0,0,1,1
H5,392,2018,300320,      0.00,      0.00,      0.00,      0.00,0,1,0,0,1,1
H5,392,2018,300331,      0.00,      0.00,      0.00,      0.00,0,1,0,0,1,1
H5,392,2018,300339,      0.00,      0.00,      0.00,      0.00,0,1,0,0,1,1
H5,392,2018,300341,      0.00,      0.00,      0.00,      0.00,0,1,0,0,1,1
H5,392,2018,300342,      0.00,      0.00,      0.00,      0.00,0,1,0,0,1,1
H5,392,2018,300343,      0.00,      0.00,      0.00,      0.00,0,1,0,0,1,1
H5,392,2018,300349,      0.00,      0.00,      0.00,      0.00,0,1,0,0,1,1
H5,392,2018,300360,      0.00,      0.00,      0.00,      0.00,0,1,0,0,1,1
H5,392,2018,300390,      0.00,      0.00,      0.00,      0.00,0,1,0,0,1,1
H5,392,2018,300410,      0.00,      0.00,      0.00,      0.00,0,1,0,0,1,1
H5,392,2018,300420,      0.00,      0.00,      0.00,      0.00,0,1,0,0,1,1
H5,392,2018,300431,      0.00,      0.00,      0.00,      0.00,0,1,0,0,1,1
H5,392,2018,300432,      0.00,      0.00,      0.00,      0.00,0,1,0,0,1,1
H5,392,2018,300439,      0.00,      0.00,      0.00,      0.00,0,1,0,0,1,1
H5,392,2018,300441,      0.00,      0.00,      0.00,      0.00,0,2,0,0,2,2
H5,392,2018,300442,      0.00,      0.00,      0.00,      0.00,0,2,0,0,2,2
H5,392,2018,300443,      0.00,      0.00,      0.00,      0.00,0,2,0,0,2,2
H5,392,2018,300449,      0.00,      0.00,      0.00,      0.00,0,2,0,0,2,2
H5,392,2018,300450,      0.00,      0.00,      0.00,      0.00,0,1,0,0,1,1
H5,392,2018,300460,      0.00,      0.00,      0.00,      0.00,0,1,0,0,1,1
H5,392,2018,300490,      0.00,      0.00,      0.00,      0.00,0,4,0,0,4,4
H5,392,2018,300510,      0.00,      0.00,      0.00,      0.00,0,2,0,0,2,2
H5,392,2018,300590,      0.00,      0.00,      0.00,      0.00,0,1,0,0,1,1
H5,392,2018,300610,     13.70,      0.00,      5.30,      2.74,0,2,0,3,5,5
H5,392,2018,300620,      0.00,      0.00,      0.00,      0.00,0,1,0,0,1,1
H5,392,2018,300630,      0.00,      0.00,      0.00,      0.00,0,1,0,0,1,1
H5,392,2018,300640,      0.00,      0.00,      0.00,      0.00,0,2,0,0,2,2
H5,392,2018,300650,      0.00,      0.00,      0.00,      0.00,0,1,0,0,1,1
H5,392,2018,300660,      0.00,      0.00,      0.00,      0.00,0,1,0,0,1,1
H5,392,2018,300670,      2.60,      2.60,      2.60,      2.60,0,0,0,1,1,1
H5,392,2018,300691,      7.80,      3.90,      3.90,      3.90,0,0,0,2,2,2
H5,392,2018,300692,      0.00,      0.00,      0.00,      0.00,0,1,0,0,1,1
H5,392,2018,310100,      0.00,      0.00,      0.00,      0.00,0,1,0,0,1,1
H5,392,2018,310210,      0.00,      0.00,      0.00,      0.00,0,1,0,0,1,1
H5,392,2018,310221,      0.00,      0.00,      0.00,      0.00,0,1,0,0,1,1
H5,392,2018,310229,      0.00,      0.00,      0.00,      0.00,0,1,0,0,1,1
H5,392,2018,310230,      0.00,      0.00,      0.00,      0.00,0,1,0,0,1,1
H5,392,2018,310240,      0.00,      0.00,      0.00,      0.00,0,1,0,0,1,1
H5,392,2018,310250,      0.00,      0.00,      0.00,      0.00,0,1,0,0,1,1
H5,392,2018,310260,      0.00,      0.00,      0.00,      0.00,0,1,0,0,1,1
H5,392,2018,310280,      0.00,      0.00,      0.00,      0.00,0,1,0,0,1,1
H5,392,2018,310290,      0.00,      0.00,      0.00,      0.00,0,1,0,0,1,1
H5,392,2018,310311,      0.00,      0.00,      0.00,      0.00,0,1,0,0,1,1
H5,392,2018,310319,      0.00,      0.00,      0.00,      0.00,0,1,0,0,1,1
H5,392,2018,310390,      0.00,      0.00,      0.00,      0.00,0,1,0,0,1,1
H5,392,2018,310420,      0.00,      0.00,      0.00,      0.00,0,1,0,0,1,1
H5,392,2018,310430,      0.00,      0.00,      0.00,      0.00,0,2,0,0,2,2
H5,392,2018,310490,      0.00,      0.00,      0.00,      0.00,0,1,0,0,1,1
H5,392,2018,310510,      0.00,      0.00,      0.00,      0.00,0,1,0,0,1,1
H5,392,2018,310520,      0.00,      0.00,      0.00,      0.00,0,1,0,0,1,1
H5,392,2018,310530,      0.00,      0.00,      0.00,      0.00,0,1,0,0,1,1
H5,392,2018,310540,      0.00,      0.00,      0.00,      0.00,0,1,0,0,1,1
H5,392,2018,310551,      0.00,      0.00,      0.00,      0.00,0,1,0,0,1,1
H5,392,2018,310559,      0.00,      0.00,      0.00,      0.00,0,1,0,0,1,1
H5,392,2018,310560,      0.00,      0.00,      0.00,      0.00,0,1,0,0,1,1
H5,392,2018,310590,      0.00,      0.00,      0.00,      0.00,0,1,0,0,1,1
H5,392,2018,320110,      0.00,      0.00,      0.00,      0.00,0,1,0,0,1,1
H5,392,2018,320120,      0.00,      0.00,      0.00,      0.00,0,1,0,0,1,1
H5,392,2018,320190,      2.50,      0.00,      2.50,      1.25,0,1,0,1,2,2
H5,392,2018,320210,      0.00,      0.00,      0.00,      0.00,0,1,0,0,1,1
H5,392,2018,320290,      3.90,      3.90,      3.90,      3.90,0,0,0,1,1,1
H5,392,2018,320300,      0.00,      0.00,      0.00,      0.00,0,3,0,0,3,3
H5,392,2018,320411,      4.40,      4.40,      4.40,      4.40,0,0,0,1,1,1
H5,392,2018,320412,      8.80,      4.40,      4.40,      4.40,0,0,0,2,2,2
H5,392,2018,320413,      4.40,      4.40,      4.40,      4.40,0,0,0,1,1,1
H5,392,2018,320414,      4.40,      4.40,      4.40,      4.40,0,0,0,1,1,1
H5,392,2018,320415,      4.40,      4.40,      4.40,      4.40,0,0,0,1,1,1
H5,392,2018,320416,      4.40,      4.40,      4.40,      4.40,0,0,0,1,1,1
H5,392,2018,320417,      7.00,      3.50,      3.50,      3.50,0,0,0,2,2,2
H5,392,2018,320419,      8.80,      4.40,      4.40,      4.40,0,0,0,2,2,2
H5,392,2018,320420,      4.40,      4.40,      4.40,      4.40,0,0,0,1,1,1
H5,392,2018,320490,      4.40,      4.40,      4.40,      4.40,0,0,0,1,1,1
H5,392,2018,320500,      4.40,      4.40,      4.40,      4.40,0,0,0,1,1,1
H5,392,2018,320611,      3.20,      3.20,      3.20,      3.20,0,0,0,1,1,1
H5,392,2018,320619,      2.60,      2.60,      2.60,      2.60,0,0,0,1,1,1
H5,392,2018,320620,      2.60,      2.60,      2.60,      2.60,0,0,0,1,1,1
H5,392,2018,320641,      7.00,      2.60,      4.40,      3.50,0,0,0,2,2,2
H5,392,2018,320642,      6.50,      2.60,      3.90,      3.25,0,0,0,2,2,2
H5,392,2018,320649,      5.10,      2.50,      2.60,      2.55,0,0,0,2,2,2
H5,392,2018,320650,      3.30,      3.30,      3.30,      3.30,0,0,0,1,1,1
H5,392,2018,320710,      3.20,      3.20,      3.20,      3.20,0,0,0,1,1,1
H5,392,2018,320720,      2.20,      2.20,      2.20,      2.20,0,0,0,1,1,1
H5,392,2018,320730,      2.20,      2.20,      2.20,      2.20,0,0,0,1,1,1
H5,392,2018,320740,      2.50,      2.50,      2.50,      2.50,0,0,0,1,1,1
H5,392,2018,320810,      3.20,      3.20,      3.20,      3.20,0,0,0,1,1,1
H5,392,2018,320820,      3.10,      3.10,      3.10,      3.10,0,0,0,1,1,1
H5,392,2018,320890,      6.40,      3.20,      3.20,      3.20,0,0,0,2,2,2
H5,392,2018,320910,      4.00,      4.00,      4.00,      4.00,0,0,0,1,1,1
H5,392,2018,320990,      4.00,      4.00,      4.00,      4.00,0,0,0,1,1,1
H5,392,2018,321000,      5.50,      1.60,      3.90,      2.75,0,0,0,2,2,2
H5,392,2018,321100,      3.90,      3.90,      3.90,      3.90,0,0,0,1,1,1
H5,392,2018,321210,      3.90,      3.90,      3.90,      3.90,0,0,0,1,1,1
H5,392,2018,321290,      6.20,      2.10,      4.10,      3.10,0,0,0,2,2,2
H5,392,2018,321310,      3.90,      3.90,      3.90,      3.90,0,0,0,1,1,1
H5,392,2018,321390,      3.90,      3.90,      3.90,      3.90,0,0,0,1,1,1
H5,392,2018,321410,      3.30,      3.30,      3.30,      3.30,0,0,0,1,1,1
H5,392,2018,321490,      3.30,      3.30,      3.30,      3.30,0,0,0,1,1,1
H5,392,2018,321511,      3.90,      3.90,      3.90,      3.90,0,0,0,1,1,1
H5,392,2018,321519,      3.90,      3.90,      3.90,      3.90,0,0,0,1,1,1
H5,392,2018,321590,      3.90,      3.90,      3.90,      3.90,0,0,0,1,1,1
H5,392,2018,330112,      0.00,      0.00,      0.00,      0.00,0,1,0,0,1,1
H5,392,2018,330113,      0.00,      0.00,      0.00,      0.00,0,1,0,0,1,1
H5,392,2018,330119,      6.40,      0.00,      3.20,      2.13,0,1,0,2,3,3
H5,392,2018,330124,      3.20,      3.20,      3.20,      3.20,0,0,0,1,1,1
H5,392,2018,330125,     14.40,      0.00,      9.00,      3.60,0,1,0,3,4,4
H5,392,2018,330129,     10.80,      0.00,      3.20,      1.54,0,3,0,4,7,7
H5,392,2018,330130,      0.00,      0.00,      0.00,      0.00,0,1,0,0,1,1
H5,392,2018,330190,      0.00,      0.00,      0.00,      0.00,0,1,0,0,1,1
H5,392,2018,330210,      0.00,      0.00,      0.00,      0.00,0,3,0,0,3,3
H5,392,2018,330290,      0.00,      0.00,      0.00,      0.00,0,1,0,0,1,1
H5,392,2018,330300,      0.00,      0.00,      0.00,      0.00,0,1,0,0,1,1
H5,392,2018,330410,      0.00,      0.00,      0.00,      0.00,0,1,0,0,1,1
H5,392,2018,330420,      0.00,      0.00,      0.00,      0.00,0,1,0,0,1,1
H5,392,2018,330430,      0.00,      0.00,      0.00,      0.00,0,1,0,0,1,1
H5,392,2018,330491,      0.00,      0.00,      0.00,      0.00,0,2,0,0,2,2
H5,392,2018,330499,      0.00,      0.00,      0.00,      0.00,0,4,0,0,4,4
H5,392,2018,330510,      0.00,      0.00,      0.00,      0.00,0,1,0,0,1,1
H5,392,2018,330520,      0.00,      0.00,      0.00,      0.00,0,1,0,0,1,1
H5,392,2018,330530,      0.00,      0.00,      0.00,      0.00,0,1,0,0,1,1
H5,392,2018,330590,      0.00,      0.00,      0.00,      0.00,0,1,0,0,1,1
H5,392,2018,330610,      0.00,      0.00,      0.00,      0.00,0,1,0,0,1,1
H5,392,2018,330620,      2.70,      2.70,      2.70,      2.70,0,0,0,1,1,1
H5,392,2018,330690,      0.00,      0.00,      0.00,      0.00,0,1,0,0,1,1
H5,392,2018,330710,      4.80,      4.80,      4.80,      4.80,0,0,0,1,1,1
H5,392,2018,330720,      3.90,      3.90,      3.90,      3.90,0,0,0,1,1,1
H5,392,2018,330730,      3.90,      3.90,      3.90,      3.90,0,0,0,1,1,1
H5,392,2018,330741,      5.40,      5.40,      5.40,      5.40,0,0,0,1,1,1
H5,392,2018,330749,      3.90,      3.90,      3.90,      3.90,0,0,0,1,1,1
H5,392,2018,330790,      4.00,      4.00,      4.00,      4.00,0,0,0,1,1,1
H5,392,2018,340111,      0.00,      0.00,      0.00,      0.00,0,1,0,0,1,1
H5,392,2018,340119,      0.00,      0.00,      0.00,      0.00,0,2,0,0,2,2
H5,392,2018,340120,      0.00,      0.00,      0.00,      0.00,0,2,0,0,2,2
H5,392,2018,340130,      0.00,      0.00,      0.00,      0.00,0,1,0,0,1,1
H5,392,2018,340211,      0.00,      0.00,      0.00,      0.00,0,2,0,0,2,2
H5,392,2018,340212,      0.00,      0.00,      0.00,      0.00,0,1,0,0,1,1
H5,392,2018,340213,      0.00,      0.00,      0.00,      0.00,0,1,0,0,1,1
H5,392,2018,340219,      0.00,      0.00,      0.00,      0.00,0,1,0,0,1,1
H5,392,2018,340220,      0.00,      0.00,      0.00,      0.00,0,2,0,0,2,2
H5,392,2018,340290,      0.00,      0.00,      0.00,      0.00,0,2,0,0,2,2
H5,392,2018,340311,      4.40,      4.40,      4.40,      4.40,0,0,0,1,1,1
H5,392,2018,340319,      6.40,      3.20,      3.20,      3.20,0,0,0,2,2,2
H5,392,2018,340391,      4.40,      4.40,      4.40,      4.40,0,0,0,1,1,1
H5,392,2018,340399,      3.10,      3.10,      3.10,      3.10,0,0,0,1,1,1
H5,392,2018,340420,      0.00,      0.00,      0.00,      0.00,0,1,0,0,1,1
H5,392,2018,340490,      0.00,      0.00,      0.00,      0.00,0,2,0,0,2,2
H5,392,2018,340510,      0.00,      0.00,      0.00,      0.00,0,1,0,0,1,1
H5,392,2018,340520,      0.00,      0.00,      0.00,      0.00,0,1,0,0,1,1
H5,392,2018,340530,      0.00,      0.00,      0.00,      0.00,0,1,0,0,1,1
H5,392,2018,340540,      0.00,      0.00,      0.00,      0.00,0,1,0,0,1,1
H5,392,2018,340590,      0.00,      0.00,      0.00,      0.00,0,1,0,0,1,1
H5,392,2018,340600,      0.00,      0.00,      0.00,      0.00,0,1,0,0,1,1
H5,392,2018,340700,      0.00,      0.00,      0.00,      0.00,0,1,0,0,1,1
H5,392,2018,350110,      0.00,      0.00,      0.00,      0.00,0,1,0,0,1,1
H5,392,2018,350190,      5.40,      5.40,      5.40,      5.40,0,0,0,1,1,1
H5,392,2018,350211,      8.00,      8.00,      8.00,      8.00,0,0,0,1,1,1
H5,392,2018,350219,      8.00,      8.00,      8.00,      8.00,0,0,0,1,1,1
H5,392,2018,350220,      2.90,      2.90,      2.90,      2.90,0,0,0,1,1,1
H5,392,2018,350290,      2.90,      2.90,      2.90,      2.90,0,0,0,1,1,1
H5,392,2018,350300,     40.10,      2.20,     17.00,     10.02,0,0,0,4,4,4
H5,392,2018,350400,     13.10,      2.90,      5.10,      4.37,0,0,0,3,3,3
H5,392,2018,350510,     28.10,      6.80,     21.30,     14.05,0,0,0,2,2,2
H5,392,2018,350520,     21.30,     21.30,     21.30,     21.30,0,0,0,1,1,1
H5,392,2018,350610,      3.90,      3.90,      3.90,      3.90,0,0,0,1,1,1
H5,392,2018,350691,      0.00,      0.00,      0.00,      0.00,0,1,0,0,1,1
H5,392,2018,350699,      3.90,      3.90,      3.90,      3.90,0,0,0,1,1,1
H5,392,2018,350710,      3.90,      3.90,      3.90,      3.90,0,0,0,1,1,1
H5,392,2018,350790,      3.90,      3.90,      3.90,      3.90,0,0,0,1,1,1
H5,392,2018,360100,      6.40,      6.40,      6.40,      6.40,0,0,0,1,1,1
H5,392,2018,360200,      6.40,      6.40,      6.40,      6.40,0,0,0,1,1,1
H5,392,2018,360300,      6.40,      0.00,      6.40,      3.20,0,1,0,1,2,2
H5,392,2018,360410,      8.00,      4.00,      4.00,      4.00,0,0,0,2,2,2
H5,392,2018,360490,      4.00,      4.00,      4.00,      4.00,0,0,0,1,1,1
H5,392,2018,360500,      8.80,      4.40,      4.40,      4.40,0,0,0,2,2,2
H5,392,2018,360610,      3.30,      3.30,      3.30,      3.30,0,0,0,1,1,1
H5,392,2018,360690,      3.30,      3.30,      3.30,      3.30,0,0,0,1,1,1
H5,392,2018,370110,      0.00,      0.00,      0.00,      0.00,0,3,0,0,3,3
H5,392,2018,370120,      0.00,      0.00,      0.00,      0.00,0,2,0,0,2,2
H5,392,2018,370130,      0.00,      0.00,      0.00,      0.00,0,3,0,0,3,3
H5,392,2018,370191,      0.00,      0.00,      0.00,      0.00,0,1,0,0,1,1
H5,392,2018,370199,      0.00,      0.00,      0.00,      0.00,0,1,0,0,1,1
H5,392,2018,370210,      0.00,      0.00,      0.00,      0.00,0,1,0,0,1,1
H5,392,2018,370231,      0.00,      0.00,      0.00,      0.00,0,1,0,0,1,1
H5,392,2018,370232,      0.00,      0.00,      0.00,      0.00,0,1,0,0,1,1
H5,392,2018,370239,      0.00,      0.00,      0.00,      0.00,0,1,0,0,1,1
H5,392,2018,370241,      0.00,      0.00,      0.00,      0.00,0,1,0,0,1,1
H5,392,2018,370242,      0.00,      0.00,      0.00,      0.00,0,1,0,0,1,1
H5,392,2018,370243,      0.00,      0.00,      0.00,      0.00,0,1,0,0,1,1
H5,392,2018,370244,      0.00,      0.00,      0.00,      0.00,0,1,0,0,1,1
H5,392,2018,370252,      0.00,      0.00,      0.00,      0.00,0,1,0,0,1,1
H5,392,2018,370253,      0.00,      0.00,      0.00,      0.00,0,1,0,0,1,1
H5,392,2018,370254,      0.00,      0.00,      0.00,      0.00,0,1,0,0,1,1
H5,392,2018,370255,      0.00,      0.00,      0.00,      0.00,0,1,0,0,1,1
H5,392,2018,370256,      0.00,      0.00,      0.00,      0.00,0,1,0,0,1,1
H5,392,2018,370296,      0.00,      0.00,      0.00,      0.00,0,1,0,0,1,1
H5,392,2018,370297,      0.00,      0.00,      0.00,      0.00,0,1,0,0,1,1
H5,392,2018,370298,      0.00,      0.00,      0.00,      0.00,0,1,0,0,1,1
H5,392,2018,370310,      0.00,      0.00,      0.00,      0.00,0,2,0,0,2,2
H5,392,2018,370320,      0.00,      0.00,      0.00,      0.00,0,1,0,0,1,1
H5,392,2018,370390,      0.00,      0.00,      0.00,      0.00,0,1,0,0,1,1
H5,392,2018,370400,      0.00,      0.00,      0.00,      0.00,0,1,0,0,1,1
H5,392,2018,370500,      0.00,      0.00,      0.00,      0.00,0,1,0,0,1,1
H5,392,2018,370610,      0.00,      0.00,      0.00,      0.00,0,1,0,0,1,1
H5,392,2018,370690,      0.00,      0.00,      0.00,      0.00,0,1,0,0,1,1
H5,392,2018,370710,      0.00,      0.00,      0.00,      0.00,0,1,0,0,1,1
H5,392,2018,370790,      0.00,      0.00,      0.00,      0.00,0,1,0,0,1,1
H5,392,2018,380110,      2.50,      2.50,      2.50,      2.50,0,0,0,1,1,1
H5,392,2018,380120,      2.50,      2.50,      2.50,      2.50,0,0,0,1,1,1
H5,392,2018,380130,      2.60,      2.60,      2.60,      2.60,0,0,0,1,1,1
H5,392,2018,380190,      3.20,      3.20,      3.20,      3.20,0,0,0,1,1,1
H5,392,2018,380210,      2.90,      2.90,      2.90,      2.90,0,0,0,1,1,1
H5,392,2018,380290,      2.50,      2.50,      2.50,      2.50,0,0,0,1,1,1
H5,392,2018,380300,      0.00,      0.00,      0.00,      0.00,0,1,0,0,1,1
H5,392,2018,380400,      0.00,      0.00,      0.00,      0.00,0,1,0,0,1,1
H5,392,2018,380510,      0.00,      0.00,      0.00,      0.00,0,1,0,0,1,1
H5,392,2018,380590,      2.50,      0.00,      2.50,      1.25,0,1,0,1,2,2
H5,392,2018,380610,      0.00,      0.00,      0.00,      0.00,0,1,0,0,1,1
H5,392,2018,380620,      0.00,      0.00,      0.00,      0.00,0,1,0,0,1,1
H5,392,2018,380630,      3.30,      3.30,      3.30,      3.30,0,0,0,1,1,1
H5,392,2018,380690,      0.00,      0.00,      0.00,      0.00,0,1,0,0,1,1
H5,392,2018,380700,      0.00,      0.00,      0.00,      0.00,0,1,0,0,1,1
H5,392,2018,380852,      3.90,      3.90,      3.90,      3.90,0,0,0,1,1,1
H5,392,2018,380859,      3.90,      3.90,      3.90,      3.90,0,0,0,1,1,1
H5,392,2018,380861,      3.90,      3.90,      3.90,      3.90,0,0,0,1,1,1
H5,392,2018,380862,      3.90,      3.90,      3.90,      3.90,0,0,0,1,1,1
H5,392,2018,380869,      3.90,      3.90,      3.90,      3.90,0,0,0,1,1,1
H5,392,2018,380891,     11.70,      3.90,      3.90,      3.90,0,0,0,3,3,3
H5,392,2018,380892,     11.70,      3.90,      3.90,      3.90,0,0,0,3,3,3
H5,392,2018,380893,     11.70,      3.90,      3.90,      3.90,0,0,0,3,3,3
H5,392,2018,380894,      3.90,      3.90,      3.90,      3.90,0,0,0,1,1,1
H5,392,2018,380899,      3.90,      3.90,      3.90,      3.90,0,0,0,1,1,1
H5,392,2018,380910,     21.30,     21.30,     21.30,     21.30,0,0,0,1,1,1
H5,392,2018,380991,      6.40,      3.20,      3.20,      3.20,0,0,0,2,2,2
H5,392,2018,380992,      3.90,      3.90,      3.90,      3.90,0,0,0,1,1,1
H5,392,2018,380993,      3.90,      3.90,      3.90,      3.90,0,0,0,1,1,1
H5,392,2018,381010,      3.90,      3.90,      3.90,      3.90,0,0,0,1,1,1
H5,392,2018,381090,      3.90,      3.90,      3.90,      3.90,0,0,0,1,1,1
H5,392,2018,381111,      0.00,      0.00,      0.00,      0.00,0,1,0,0,1,1
H5,392,2018,381119,      0.00,      0.00,      0.00,      0.00,0,1,0,0,1,1
H5,392,2018,381121,      0.00,      0.00,      0.00,      0.00,0,1,0,0,1,1
H5,392,2018,381129,      0.00,      0.00,      0.00,      0.00,0,1,0,0,1,1
H5,392,2018,381190,      0.00,      0.00,      0.00,      0.00,0,2,0,0,2,2
H5,392,2018,381210,      4.40,      4.40,      4.40,      4.40,0,0,0,1,1,1
H5,392,2018,381220,      2.60,      2.60,      2.60,      2.60,0,0,0,1,1,1
H5,392,2018,381231,      7.00,      2.60,      4.40,      3.50,0,0,0,2,2,2
H5,392,2018,381239,      7.00,      2.60,      4.40,      3.50,0,0,0,2,2,2
H5,392,2018,381300,      3.90,      3.90,      3.90,      3.90,0,0,0,1,1,1
H5,392,2018,381400,      3.90,      3.90,      3.90,      3.90,0,0,0,1,1,1
H5,392,2018,381511,      2.20,      2.20,      2.20,      2.20,0,0,0,1,1,1
H5,392,2018,381512,      2.20,      0.00,      2.20,      0.73,0,2,0,1,3,3
H5,392,2018,381519,      4.40,      0.00,      2.20,      1.47,0,1,0,2,3,3
H5,392,2018,381590,      8.30,      0.00,      3.90,      2.08,0,1,0,3,4,4
H5,392,2018,381600,      6.60,      3.30,      3.30,      3.30,0,0,0,2,2,2
H5,392,2018,381700,      3.30,      3.30,      3.30,      3.30,0,0,0,1,1,1
H5,392,2018,381800,      0.00,      0.00,      0.00,      0.00,0,2,0,0,2,2
H5,392,2018,381900,      2.60,      2.60,      2.60,      2.60,0,0,0,1,1,1
H5,392,2018,382000,      2.60,      2.60,      2.60,      2.60,0,0,0,1,1,1
H5,392,2018,382100,      2.50,      2.50,      2.50,      2.50,0,0,0,1,1,1
H5,392,2018,382200,      0.00,      0.00,      0.00,      0.00,0,1,0,0,1,1
H5,392,2018,382311,      2.50,      2.50,      2.50,      2.50,0,0,0,1,1,1
H5,392,2018,382312,      2.50,      2.50,      2.50,      2.50,0,0,0,1,1,1
H5,392,2018,382313,      3.00,      3.00,      3.00,      3.00,0,0,0,1,1,1
H5,392,2018,382319,      2.50,      2.50,      2.50,      2.50,0,0,0,1,1,1
H5,392,2018,382370,      2.50,      2.50,      2.50,      2.50,0,0,0,1,1,1
H5,392,2018,382410,      2.50,      2.50,      2.50,      2.50,0,0,0,1,1,1
H5,392,2018,382430,      5.80,      2.60,      3.20,      2.90,0,0,0,2,2,2
H5,392,2018,382440,      2.60,      2.60,      2.60,      2.60,0,0,0,1,1,1
H5,392,2018,382450,      2.60,      2.60,      2.60,      2.60,0,0,0,1,1,1
H5,392,2018,382460,      2.30,      2.30,      2.30,      2.30,0,0,0,1,1,1
H5,392,2018,382471,      2.60,      2.60,      2.60,      2.60,0,0,0,1,1,1
H5,392,2018,382472,      2.60,      2.60,      2.60,      2.60,0,0,0,1,1,1
H5,392,2018,382473,      2.60,      2.60,      2.60,      2.60,0,0,0,1,1,1
H5,392,2018,382474,      2.60,      2.60,      2.60,      2.60,0,0,0,1,1,1
H5,392,2018,382475,      2.60,      2.60,      2.60,      2.60,0,0,0,1,1,1
H5,392,2018,382476,      2.60,      2.60,      2.60,      2.60,0,0,0,1,1,1
H5,392,2018,382477,      2.60,      2.60,      2.60,      2.60,0,0,0,1,1,1
H5,392,2018,382478,     13.00,      2.60,      2.60,      2.60,0,0,0,5,5,5
H5,392,2018,382479,      2.60,      2.60,      2.60,      2.60,0,0,0,1,1,1
H5,392,2018,382481,      2.60,      2.60,      2.60,      2.60,0,0,0,1,1,1
H5,392,2018,382482,      2.60,      2.60,      2.60,      2.60,0,0,0,1,1,1
H5,392,2018,382483,      2.60,      2.60,      2.60,      2.60,0,0,0,1,1,1
H5,392,2018,382484,      2.60,      2.60,      2.60,      2.60,0,0,0,1,1,1
H5,392,2018,382485,      2.60,      2.60,      2.60,      2.60,0,0,0,1,1,1
H5,392,2018,382486,      2.60,      2.60,      2.60,      2.60,0,0,0,1,1,1
H5,392,2018,382487,      2.60,      2.60,      2.60,      2.60,0,0,0,1,1,1
H5,392,2018,382488,      2.60,      0.00,      2.60,      1.30,0,1,0,1,2,2
H5,392,2018,382491,      2.60,      2.60,      2.60,      2.60,0,0,0,1,1,1
H5,392,2018,382499,     15.00,      0.00,      3.90,      1.88,0,3,0,5,8,8
H5,392,2018,382510,      0.00,      0.00,      0.00,      0.00,0,1,0,0,1,1
H5,392,2018,382520,      0.00,      0.00,      0.00,      0.00,0,1,0,0,1,1
H5,392,2018,382530,      0.00,      0.00,      0.00,      0.00,0,1,0,0,1,1
H5,392,2018,382541,      2.60,      2.60,      2.60,      2.60,0,0,0,1,1,1
H5,392,2018,382549,      2.60,      2.60,      2.60,      2.60,0,0,0,1,1,1
H5,392,2018,382550,      2.60,      2.60,      2.60,      2.60,0,0,0,1,1,1
H5,392,2018,382561,      2.60,      2.60,      2.60,      2.60,0,0,0,1,1,1
H5,392,2018,382569,      2.60,      2.60,      2.60,      2.60,0,0,0,1,1,1
H5,392,2018,382590,      2.60,      0.00,      2.60,      1.30,0,1,0,1,2,2
H5,392,2018,382600,      3.90,      3.90,      3.90,      3.90,0,0,0,1,1,1
H5,392,2018,390110,      2.80,      2.80,      2.80,      2.80,2,0,0,1,1,3
H5,392,2018,390120,,,,,2,0,0,0,0,2
H5,392,2018,390130,      5.60,      2.80,      2.80,      2.80,0,0,0,2,2,2
H5,392,2018,390140,      5.60,      2.80,      2.80,      2.80,0,0,0,2,2,2
H5,392,2018,390190,      5.60,      2.80,      2.80,      2.80,0,0,0,2,2,2
H5,392,2018,390210,,,,,2,0,0,0,0,2
H5,392,2018,390220,      5.60,      2.80,      2.80,      2.80,0,0,0,2,2,2
H5,392,2018,390230,      5.60,      2.80,      2.80,      2.80,0,0,0,2,2,2
H5,392,2018,390290,      5.60,      2.80,      2.80,      2.80,0,0,0,2,2,2
H5,392,2018,390311,      7.80,      3.90,      3.90,      3.90,0,0,0,2,2,2
H5,392,2018,390319,      9.30,      2.80,      6.50,      4.65,0,0,0,2,2,2
H5,392,2018,390320,      6.20,      3.10,      3.10,      3.10,0,0,0,2,2,2
H5,392,2018,390330,      6.20,      3.10,      3.10,      3.10,0,0,0,2,2,2
H5,392,2018,390390,      6.20,      3.10,      3.10,      3.10,0,0,0,2,2,2
H5,392,2018,390410,      7.80,      3.90,      3.90,      3.90,0,0,0,2,2,2
H5,392,2018,390421,      7.80,      3.90,      3.90,      3.90,0,0,0,2,2,2
H5,392,2018,390422,      7.80,      3.90,      3.90,      3.90,0,0,0,2,2,2
H5,392,2018,390430,      6.20,      3.10,      3.10,      3.10,0,0,0,2,2,2
H5,392,2018,390440,      5.60,      2.80,      2.80,      2.80,0,0,0,2,2,2
H5,392,2018,390450,      5.60,      2.80,      2.80,      2.80,0,0,0,2,2,2
H5,392,2018,390461,      8.40,      2.80,      5.60,      4.20,0,0,0,2,2,2
H5,392,2018,390469,      8.40,      2.80,      5.60,      4.20,0,0,0,2,2,2
H5,392,2018,390490,      5.60,      2.80,      2.80,      2.80,0,0,0,2,2,2
H5,392,2018,390512,      3.90,      3.90,      3.90,      3.90,0,0,0,1,1,1
H5,392,2018,390519,      3.90,      3.90,      3.90,      3.90,0,0,0,1,1,1
H5,392,2018,390521,      3.90,      3.90,      3.90,      3.90,0,0,0,1,1,1
H5,392,2018,390529,      3.90,      3.90,      3.90,      3.90,0,0,0,1,1,1
H5,392,2018,390530,      3.90,      3.90,      3.90,      3.90,0,0,0,1,1,1
H5,392,2018,390591,      9.50,      2.80,      3.90,      3.17,0,0,0,3,3,3
H5,392,2018,390599,      2.80,      2.80,      2.80,      2.80,0,0,0,1,1,1
H5,392,2018,390610,      6.80,      3.40,      3.40,      3.40,0,0,0,2,2,2
H5,392,2018,390690,      6.70,      2.80,      3.90,      3.35,0,0,0,2,2,2
H5,392,2018,390710,      2.80,      2.80,      2.80,      2.80,0,0,0,1,1,1
H5,392,2018,390720,      5.60,      0.00,      2.80,      1.87,0,1,0,2,3,3
H5,392,2018,390730,      6.20,      3.10,      3.10,      3.10,0,0,0,2,2,2
H5,392,2018,390740,      2.80,      0.00,      2.80,      1.40,0,1,0,1,2,2
H5,392,2018,390750,      7.00,      3.10,      3.90,      3.50,0,0,0,2,2,2
H5,392,2018,390761,      3.10,      3.10,      3.10,      3.10,0,0,0,1,1,1
H5,392,2018,390769,      3.10,      3.10,      3.10,      3.10,0,0,0,1,1,1
H5,392,2018,390770,      3.10,      3.10,      3.10,      3.10,0,0,0,1,1,1
H5,392,2018,390791,      3.10,      3.10,      3.10,      3.10,0,0,0,1,1,1
H5,392,2018,390799,      6.20,      3.10,      3.10,      3.10,0,0,0,2,2,2
H5,392,2018,390810,      3.70,      3.70,      3.70,      3.70,0,0,0,1,1,1
H5,392,2018,390890,      7.40,      0.00,      3.70,      2.47,0,1,0,2,3,3
H5,392,2018,390910,      3.90,      3.90,      3.90,      3.90,0,0,0,1,1,1
H5,392,2018,390920,      3.90,      3.90,      3.90,      3.90,0,0,0,1,1,1
H5,392,2018,390931,      2.80,      2.80,      2.80,      2.80,0,0,0,1,1,1
H5,392,2018,390939,      3.90,      3.90,      3.90,      3.90,0,0,0,1,1,1
H5,392,2018,390940,      7.80,      3.90,      3.90,      3.90,0,0,0,2,2,2
H5,392,2018,390950,      6.20,      3.10,      3.10,      3.10,0,0,0,2,2,2
H5,392,2018,391000,      7.80,      3.90,      3.90,      3.90,0,0,0,2,2,2
H5,392,2018,391110,      5.60,      2.80,      2.80,      2.80,0,0,0,2,2,2
H5,392,2018,391190,      5.60,      2.80,      2.80,      2.80,0,0,0,2,2,2
H5,392,2018,391211,      4.60,      4.60,      4.60,      4.60,0,0,0,1,1,1
H5,392,2018,391212,      3.90,      3.90,      3.90,      3.90,0,0,0,1,1,1
H5,392,2018,391220,      3.90,      3.90,      3.90,      3.90,0,0,0,1,1,1
H5,392,2018,391231,      3.10,      3.10,      3.10,      3.10,0,0,0,1,1,1
H5,392,2018,391239,      3.10,      3.10,      3.10,      3.10,0,0,0,1,1,1
H5,392,2018,391290,      3.10,      3.10,      3.10,      3.10,0,0,0,1,1,1
H5,392,2018,391310,      3.30,      3.30,      3.30,      3.30,0,0,0,1,1,1
H5,392,2018,391390,      3.40,      3.40,      3.40,      3.40,0,0,0,1,1,1
H5,392,2018,391400,     15.00,      5.00,      5.00,      5.00,0,0,0,3,3,3
H5,392,2018,391510,      4.80,      4.80,      4.80,      4.80,0,0,0,1,1,1
H5,392,2018,391520,      4.80,      4.80,      4.80,      4.80,0,0,0,1,1,1
H5,392,2018,391530,      4.80,      4.80,      4.80,      4.80,0,0,0,1,1,1
H5,392,2018,391590,      4.00,      4.00,      4.00,      4.00,0,0,0,1,1,1
H5,392,2018,391610,      4.80,      4.80,      4.80,      4.80,0,0,0,1,1,1
H5,392,2018,391620,      3.90,      3.90,      3.90,      3.90,0,0,0,1,1,1
H5,392,2018,391690,      4.30,      4.30,      4.30,      4.30,0,0,0,1,1,1
H5,392,2018,391710,      4.00,      0.00,      4.00,      2.00,0,1,0,1,2,2
H5,392,2018,391721,      4.80,      4.80,      4.80,      4.80,0,0,0,1,1,1
H5,392,2018,391722,      4.80,      4.80,      4.80,      4.80,0,0,0,1,1,1
H5,392,2018,391723,      3.90,      3.90,      3.90,      3.90,0,0,0,1,1,1
H5,392,2018,391729,      3.90,      3.90,      3.90,      3.90,0,0,0,1,1,1
H5,392,2018,391731,      3.90,      3.90,      3.90,      3.90,0,0,0,1,1,1
H5,392,2018,391732,     13.20,      4.40,      4.40,      4.40,0,0,0,3,3,3
H5,392,2018,391733,      3.90,      3.90,      3.90,      3.90,0,0,0,1,1,1
H5,392,2018,391739,      8.30,      3.90,      4.40,      4.15,0,0,0,2,2,2
H5,392,2018,391740,      3.90,      3.90,      3.90,      3.90,0,0,0,1,1,1
H5,392,2018,391810,      3.10,      3.10,      3.10,      3.10,0,0,0,1,1,1
H5,392,2018,391890,      4.00,      4.00,      4.00,      4.00,0,0,0,1,1,1
H5,392,2018,391910,      8.40,      2.80,      2.80,      2.80,0,0,0,3,3,3
H5,392,2018,391990,      0.00,      0.00,      0.00,      0.00,0,4,0,0,4,4
H5,392,2018,392010,      4.80,      4.80,      4.80,      4.80,0,0,0,1,1,1
H5,392,2018,392020,      4.80,      4.80,      4.80,      4.80,0,0,0,1,1,1
H5,392,2018,392030,      4.80,      4.80,      4.80,      4.80,0,0,0,1,1,1
H5,392,2018,392043,      3.90,      3.90,      3.90,      3.90,0,0,0,1,1,1
H5,392,2018,392049,      3.90,      3.90,      3.90,      3.90,0,0,0,1,1,1
H5,392,2018,392051,      5.20,      5.20,      5.20,      5.20,0,0,0,1,1,1
H5,392,2018,392059,      4.80,      4.80,      4.80,      4.80,0,0,0,1,1,1
H5,392,2018,392061,      3.50,      3.50,      3.50,      3.50,0,0,0,1,1,1
H5,392,2018,392062,      4.80,      4.80,      4.80,      4.80,0,0,0,1,1,1
H5,392,2018,392063,      4.80,      4.80,      4.80,      4.80,0,0,0,1,1,1
H5,392,2018,392069,      3.50,      3.50,      3.50,      3.50,0,0,0,1,1,1
H5,392,2018,392071,      3.90,      3.90,      3.90,      3.90,0,0,0,1,1,1
H5,392,2018,392073,      3.90,      3.90,      3.90,      3.90,0,0,0,1,1,1
H5,392,2018,392079,      7.00,      3.10,      3.90,      3.50,0,0,0,2,2,2
H5,392,2018,392091,      3.90,      3.90,      3.90,      3.90,0,0,0,1,1,1
H5,392,2018,392092,      4.80,      4.80,      4.80,      4.80,0,0,0,1,1,1
H5,392,2018,392093,      4.80,      4.80,      4.80,      4.80,0,0,0,1,1,1
H5,392,2018,392094,      4.80,      4.80,      4.80,      4.80,0,0,0,1,1,1
H5,392,2018,392099,      7.40,      3.70,      3.70,      3.70,0,0,0,2,2,2
H5,392,2018,392111,      4.80,      4.80,      4.80,      4.80,0,0,0,1,1,1
H5,392,2018,392112,      3.90,      3.90,      3.90,      3.90,0,0,0,1,1,1
H5,392,2018,392113,      4.80,      4.80,      4.80,      4.80,0,0,0,1,1,1
H5,392,2018,392114,      3.90,      3.90,      3.90,      3.90,0,0,0,1,1,1
H5,392,2018,392119,      9.00,      4.50,      4.50,      4.50,0,0,0,2,2,2
H5,392,2018,392190,     24.60,      4.10,      4.10,      4.10,0,0,0,6,6,6
H5,392,2018,392210,      4.80,      4.80,      4.80,      4.80,0,0,0,1,1,1
H5,392,2018,392220,      4.80,      4.80,      4.80,      4.80,0,0,0,1,1,1
H5,392,2018,392290,      4.80,      4.80,      4.80,      4.80,0,0,0,1,1,1
H5,392,2018,392310,      0.00,      0.00,      0.00,      0.00,0,1,0,0,1,1
H5,392,2018,392321,      3.90,      3.90,      3.90,      3.90,0,0,0,1,1,1
H5,392,2018,392329,      3.90,      3.90,      3.90,      3.90,0,0,0,1,1,1
H5,392,2018,392330,      3.90,      3.90,      3.90,      3.90,0,0,0,1,1,1
H5,392,2018,392340,      3.30,      3.30,      3.30,      3.30,0,0,0,1,1,1
H5,392,2018,392350,      3.90,      3.90,      3.90,      3.90,0,0,0,1,1,1
H5,392,2018,392390,      3.90,      3.90,      3.90,      3.90,0,0,0,1,1,1
H5,392,2018,392410,      3.90,      3.90,      3.90,      3.90,0,0,0,1,1,1
H5,392,2018,392490,      3.90,      3.90,      3.90,      3.90,0,0,0,1,1,1
H5,392,2018,392510,      3.90,      3.90,      3.90,      3.90,0,0,0,1,1,1
H5,392,2018,392520,      3.90,      3.90,      3.90,      3.90,0,0,0,1,1,1
H5,392,2018,392530,      4.80,      4.80,      4.80,      4.80,0,0,0,1,1,1
H5,392,2018,392590,      3.90,      3.90,      3.90,      3.90,0,0,0,1,1,1
H5,392,2018,392610,      4.80,      4.80,      4.80,      4.80,0,0,0,1,1,1
H5,392,2018,392620,      4.80,      4.80,      4.80,      4.80,0,0,0,1,1,1
H5,392,2018,392630,      3.90,      3.90,      3.90,      3.90,0,0,0,1,1,1
H5,392,2018,392640,      4.80,      4.80,      4.80,      4.80,0,0,0,1,1,1
H5,392,2018,392690,      7.80,      0.00,      3.90,      2.60,0,1,0,2,3,3
H5,392,2018,400110,      0.00,      0.00,      0.00,      0.00,0,1,0,0,1,1
H5,392,2018,400121,      0.00,      0.00,      0.00,      0.00,0,1,0,0,1,1
H5,392,2018,400122,      0.00,      0.00,      0.00,      0.00,0,1,0,0,1,1
H5,392,2018,400129,      0.00,      0.00,      0.00,      0.00,0,1,0,0,1,1
H5,392,2018,400130,      0.00,      0.00,      0.00,      0.00,0,1,0,0,1,1
H5,392,2018,400211,      0.00,      0.00,      0.00,      0.00,0,1,0,0,1,1
H5,392,2018,400219,      0.00,      0.00,      0.00,      0.00,0,1,0,0,1,1
H5,392,2018,400220,      0.00,      0.00,      0.00,      0.00,0,1,0,0,1,1
H5,392,2018,400231,      0.00,      0.00,      0.00,      0.00,0,1,0,0,1,1
H5,392,2018,400239,      0.00,      0.00,      0.00,      0.00,0,1,0,0,1,1
H5,392,2018,400241,      0.00,      0.00,      0.00,      0.00,0,1,0,0,1,1
H5,392,2018,400249,      0.00,      0.00,      0.00,      0.00,0,1,0,0,1,1
H5,392,2018,400251,      0.00,      0.00,      0.00,      0.00,0,1,0,0,1,1
H5,392,2018,400259,      0.00,      0.00,      0.00,      0.00,0,1,0,0,1,1
H5,392,2018,400260,      0.00,      0.00,      0.00,      0.00,0,1,0,0,1,1
H5,392,2018,400270,      0.00,      0.00,      0.00,      0.00,0,1,0,0,1,1
H5,392,2018,400280,      0.00,      0.00,      0.00,      0.00,0,1,0,0,1,1
H5,392,2018,400291,      0.00,      0.00,      0.00,      0.00,0,1,0,0,1,1
H5,392,2018,400299,      0.00,      0.00,      0.00,      0.00,0,1,0,0,1,1
H5,392,2018,400300,      0.00,      0.00,      0.00,      0.00,0,1,0,0,1,1
H5,392,2018,400400,      0.00,      0.00,      0.00,      0.00,0,1,0,0,1,1
H5,392,2018,400510,      0.00,      0.00,      0.00,      0.00,0,1,0,0,1,1
H5,392,2018,400520,      0.00,      0.00,      0.00,      0.00,0,2,0,0,2,2
H5,392,2018,400591,      0.00,      0.00,      0.00,      0.00,0,1,0,0,1,1
H5,392,2018,400599,      0.00,      0.00,      0.00,      0.00,0,2,0,0,2,2
H5,392,2018,400610,      0.00,      0.00,      0.00,      0.00,0,1,0,0,1,1
H5,392,2018,400690,      0.00,      0.00,      0.00,      0.00,0,1,0,0,1,1
H5,392,2018,400700,      0.00,      0.00,      0.00,      0.00,0,1,0,0,1,1
H5,392,2018,400811,      0.00,      0.00,      0.00,      0.00,0,1,0,0,1,1
H5,392,2018,400819,      0.00,      0.00,      0.00,      0.00,0,1,0,0,1,1
H5,392,2018,400821,      0.00,      0.00,      0.00,      0.00,0,1,0,0,1,1
H5,392,2018,400829,      0.00,      0.00,      0.00,      0.00,0,1,0,0,1,1
H5,392,2018,400911,      2.30,      2.30,      2.30,      2.30,0,0,0,1,1,1
H5,392,2018,400912,      0.00,      0.00,      0.00,      0.00,0,2,0,0,2,2
H5,392,2018,400921,      2.50,      2.50,      2.50,      2.50,0,0,0,1,1,1
H5,392,2018,400922,      0.00,      0.00,      0.00,      0.00,0,2,0,0,2,2
H5,392,2018,400931,      2.50,      0.00,      2.50,      1.25,0,1,0,1,2,2
H5,392,2018,400932,      0.00,      0.00,      0.00,      0.00,0,2,0,0,2,2
H5,392,2018,400941,      2.50,      0.00,      2.50,      1.25,0,1,0,1,2,2
H5,392,2018,400942,      0.00,      0.00,      0.00,      0.00,0,2,0,0,2,2
H5,392,2018,401011,      1.90,      1.90,      1.90,      1.90,0,0,0,1,1,1
H5,392,2018,401012,      1.90,      1.90,      1.90,      1.90,0,0,0,1,1,1
H5,392,2018,401019,      1.90,      1.90,      1.90,      1.90,0,0,0,1,1,1
H5,392,2018,401031,      0.00,      0.00,      0.00,      0.00,0,1,0,0,1,1
H5,392,2018,401032,      0.00,      0.00,      0.00,      0.00,0,1,0,0,1,1
H5,392,2018,401033,      0.00,      0.00,      0.00,      0.00,0,1,0,0,1,1
H5,392,2018,401034,      0.00,      0.00,      0.00,      0.00,0,1,0,0,1,1
H5,392,2018,401035,      0.00,      0.00,      0.00,      0.00,0,1,0,0,1,1
H5,392,2018,401036,      0.00,      0.00,      0.00,      0.00,0,1,0,0,1,1
H5,392,2018,401039,      0.00,      0.00,      0.00,      0.00,0,1,0,0,1,1
H5,392,2018,401110,      0.00,      0.00,      0.00,      0.00,0,2,0,0,2,2
H5,392,2018,401120,      0.00,      0.00,      0.00,      0.00,0,1,0,0,1,1
H5,392,2018,401130,      0.00,      0.00,      0.00,      0.00,0,1,0,0,1,1
H5,392,2018,401140,      0.00,      0.00,      0.00,      0.00,0,2,0,0,2,2
H5,392,2018,401150,      0.00,      0.00,      0.00,      0.00,0,1,0,0,1,1
H5,392,2018,401170,      0.00,      0.00,      0.00,      0.00,0,2,0,0,2,2
H5,392,2018,401180,      0.00,      0.00,      0.00,      0.00,0,2,0,0,2,2
H5,392,2018,401190,      0.00,      0.00,      0.00,      0.00,0,2,0,0,2,2
H5,392,2018,401211,      0.00,      0.00,      0.00,      0.00,0,1,0,0,1,1
H5,392,2018,401212,      0.00,      0.00,      0.00,      0.00,0,1,0,0,1,1
H5,392,2018,401213,      0.00,      0.00,      0.00,      0.00,0,1,0,0,1,1
H5,392,2018,401219,      0.00,      0.00,      0.00,      0.00,0,1,0,0,1,1
H5,392,2018,401220,      0.00,      0.00,      0.00,      0.00,0,1,0,0,1,1
H5,392,2018,401290,      0.00,      0.00,      0.00,      0.00,0,2,0,0,2,2
H5,392,2018,401310,      0.00,      0.00,      0.00,      0.00,0,1,0,0,1,1
H5,392,2018,401320,      0.00,      0.00,      0.00,      0.00,0,1,0,0,1,1
H5,392,2018,401390,      0.00,      0.00,      0.00,      0.00,0,1,0,0,1,1
H5,392,2018,401410,      0.00,      0.00,      0.00,      0.00,0,1,0,0,1,1
H5,392,2018,401490,      0.00,      0.00,      0.00,      0.00,0,1,0,0,1,1
H5,392,2018,401511,      0.00,      0.00,      0.00,      0.00,0,1,0,0,1,1
H5,392,2018,401519,      0.00,      0.00,      0.00,      0.00,0,1,0,0,1,1
H5,392,2018,401590,      0.00,      0.00,      0.00,      0.00,0,1,0,0,1,1
H5,392,2018,401610,      0.00,      0.00,      0.00,      0.00,0,1,0,0,1,1
H5,392,2018,401691,      0.00,      0.00,      0.00,      0.00,0,2,0,0,2,2
H5,392,2018,401692,      0.00,      0.00,      0.00,      0.00,0,1,0,0,1,1
H5,392,2018,401693,      0.00,      0.00,      0.00,      0.00,0,1,0,0,1,1
H5,392,2018,401694,      0.00,      0.00,      0.00,      0.00,0,1,0,0,1,1
H5,392,2018,401695,      0.00,      0.00,      0.00,      0.00,0,1,0,0,1,1
H5,392,2018,401699,      0.00,      0.00,      0.00,      0.00,0,2,0,0,2,2
H5,392,2018,401700,      0.00,      0.00,      0.00,      0.00,0,1,0,0,1,1
H5,392,2018,410120,     42.00,      0.00,     30.00,      8.40,0,3,0,2,5,5
H5,392,2018,410150,     42.00,      0.00,     30.00,      8.40,0,3,0,2,5,5
H5,392,2018,410190,     42.00,      0.00,     30.00,     10.50,0,2,0,2,4,4
H5,392,2018,410210,      0.00,      0.00,      0.00,      0.00,0,1,0,0,1,1
H5,392,2018,410221,      0.00,      0.00,      0.00,      0.00,0,2,0,0,2,2
H5,392,2018,410229,      0.00,      0.00,      0.00,      0.00,0,2,0,0,2,2
H5,392,2018,410320,      0.00,      0.00,      0.00,      0.00,0,10,0,0,10,10
H5,392,2018,410330,      6.00,      0.00,      6.00,      3.00,0,1,0,1,2,2
H5,392,2018,410390,      0.00,      0.00,      0.00,      0.00,0,8,0,0,8,8
H5,392,2018,410411,     42.00,      0.00,     30.00,     14.00,0,1,0,2,3,3
H5,392,2018,410419,     42.00,      0.00,     30.00,     14.00,0,1,0,2,3,3
H5,392,2018,410441,    173.30,      0.00,     30.00,     19.26,0,1,0,8,9,9
H5,392,2018,410449,    130.00,      0.00,     30.00,     18.57,0,1,0,6,7,7
H5,392,2018,410510,      0.00,      0.00,      0.00,      0.00,0,1,0,0,1,1
H5,392,2018,410530,     46.00,      0.00,     30.00,     15.33,0,1,0,2,3,3
H5,392,2018,410621,      0.00,      0.00,      0.00,      0.00,0,1,0,0,1,1
H5,392,2018,410622,     46.00,      0.00,     30.00,     15.33,0,1,0,2,3,3
H5,392,2018,410631,      6.00,      6.00,      6.00,      6.00,0,0,0,1,1,1
H5,392,2018,410632,     14.00,      6.00,      8.00,      7.00,0,0,0,2,2,2
H5,392,2018,410640,     26.00,      0.00,     10.00,      2.89,0,6,0,3,9,9
H5,392,2018,410691,      0.00,      0.00,      0.00,      0.00,0,2,0,0,2,2
H5,392,2018,410692,     12.00,      0.00,      6.00,      3.00,0,2,0,2,4,4
H5,392,2018,410711,    137.30,      6.00,     30.00,     19.61,0,0,0,7,7,7
H5,392,2018,410712,    137.30,      6.00,     30.00,     19.61,0,0,0,7,7,7
H5,392,2018,410719,     94.00,      6.00,     30.00,     18.80,0,0,0,5,5,5
H5,392,2018,410791,    137.30,      6.00,     30.00,     19.61,0,0,0,7,7,7
H5,392,2018,410792,    137.30,      6.00,     30.00,     19.61,0,0,0,7,7,7
H5,392,2018,410799,     94.00,      6.00,     30.00,     18.80,0,0,0,5,5,5
H5,392,2018,411200,     52.00,      0.00,     30.00,     13.00,0,1,0,3,4,4
H5,392,2018,411310,     52.00,      0.00,     30.00,     13.00,0,1,0,3,4,4
H5,392,2018,411320,     20.00,      6.00,      8.00,      6.67,0,0,0,3,3,3
H5,392,2018,411330,     38.00,      0.00,     10.00,      4.22,0,4,0,5,9,9
H5,392,2018,411390,     18.00,      0.00,      6.00,      3.60,0,2,0,3,5,5
H5,392,2018,411410,     25.00,     25.00,     25.00,     25.00,0,0,0,1,1,1
H5,392,2018,411420,     48.00,     20.00,     28.00,     24.00,0,0,0,2,2,2
H5,392,2018,411510,      6.00,      6.00,      6.00,      6.00,0,0,0,1,1,1
H5,392,2018,411520,      3.00,      3.00,      3.00,      3.00,0,0,0,1,1,1
H5,392,2018,420100,      5.30,      5.30,      5.30,      5.30,0,0,0,1,1,1
H5,392,2018,420211,     26.00,     10.00,     16.00,     13.00,0,0,0,2,2,2
H5,392,2018,420212,     28.60,      4.60,     16.00,      9.53,0,0,0,3,3,3
H5,392,2018,420219,      4.10,      4.10,      4.10,      4.10,0,0,0,1,1,1
H5,392,2018,420221,     48.00,      8.00,     16.00,     12.00,0,0,0,4,4,4
H5,392,2018,420222,     24.00,      8.00,     16.00,     12.00,0,0,0,2,2,2
H5,392,2018,420229,      8.00,      8.00,      8.00,      8.00,0,0,0,1,1,1
H5,392,2018,420231,     26.00,     10.00,     16.00,     13.00,0,0,0,2,2,2
H5,392,2018,420232,     24.00,      8.00,     16.00,     12.00,0,0,0,2,2,2
H5,392,2018,420239,      4.10,      4.10,      4.10,      4.10,0,0,0,1,1,1
H5,392,2018,420291,     10.00,     10.00,     10.00,     10.00,0,0,0,1,1,1
H5,392,2018,420292,      8.00,      8.00,      8.00,      8.00,0,0,0,1,1,1
H5,392,2018,420299,     10.70,      2.70,      4.60,      3.57,0,0,0,3,3,3
H5,392,2018,420310,     26.00,     10.00,     16.00,     13.00,0,0,0,2,2,2
H5,392,2018,420321,     41.00,     12.50,     16.00,     13.67,0,0,0,3,3,3
H5,392,2018,420329,     40.00,     10.00,     16.00,     13.33,0,0,0,3,3,3
H5,392,2018,420330,     28.50,     12.50,     16.00,     14.25,0,0,0,2,2,2
H5,392,2018,420340,     26.00,     10.00,     16.00,     13.00,0,0,0,2,2,2
H5,392,2018,420500,     31.30,      3.30,     18.00,     10.43,0,0,0,3,3,3
H5,392,2018,420600,      3.30,      3.30,      3.30,      3.30,0,0,0,1,1,1
H5,392,2018,430110,      3.50,      3.50,      3.50,      3.50,0,0,0,1,1,1
H5,392,2018,430130,      0.00,      0.00,      0.00,      0.00,0,1,0,0,1,1
H5,392,2018,430160,      0.00,      0.00,      0.00,      0.00,0,1,0,0,1,1
H5,392,2018,430180,      0.00,      0.00,      0.00,      0.00,0,2,0,0,2,2
H5,392,2018,430190,      3.50,      0.00,      3.50,      0.88,0,3,0,1,4,4
H5,392,2018,430211,     15.00,     15.00,     15.00,     15.00,0,0,0,1,1,1
H5,392,2018,430219,     45.00,     15.00,     15.00,     15.00,0,0,0,3,3,3
H5,392,2018,430220,     30.00,     15.00,     15.00,     15.00,0,0,0,2,2,2
H5,392,2018,430230,     90.00,     15.00,     20.00,     18.00,0,0,0,5,5,5
H5,392,2018,430310,    140.00,     20.00,     20.00,     20.00,0,0,0,7,7,7
H5,392,2018,430390,     40.00,     20.00,     20.00,     20.00,0,0,0,2,2,2
H5,392,2018,430400,      5.00,      5.00,      5.00,      5.00,0,0,0,1,1,1
H5,392,2018,440111,      0.00,      0.00,      0.00,      0.00,0,1,0,0,1,1
H5,392,2018,440112,      0.00,      0.00,      0.00,      0.00,0,1,0,0,1,1
H5,392,2018,440121,      0.00,      0.00,      0.00,      0.00,0,1,0,0,1,1
H5,392,2018,440122,      0.00,      0.00,      0.00,      0.00,0,1,0,0,1,1
H5,392,2018,440131,      0.00,      0.00,      0.00,      0.00,0,1,0,0,1,1
H5,392,2018,440139,      0.00,      0.00,      0.00,      0.00,0,1,0,0,1,1
H5,392,2018,440140,      0.00,      0.00,      0.00,      0.00,0,1,0,0,1,1
H5,392,2018,440210,      0.00,      0.00,      0.00,      0.00,0,1,0,0,1,1
H5,392,2018,440290,      0.00,      0.00,      0.00,      0.00,0,4,0,0,4,4
H5,392,2018,440311,      0.00,      0.00,      0.00,      0.00,0,1,0,0,1,1
H5,392,2018,440312,      0.00,      0.00,      0.00,      0.00,0,2,0,0,2,2
H5,392,2018,440321,      0.00,      0.00,      0.00,      0.00,0,1,0,0,1,1
H5,392,2018,440322,      0.00,      0.00,      0.00,      0.00,0,1,0,0,1,1
H5,392,2018,440323,      0.00,      0.00,      0.00,      0.00,0,2,0,0,2,2
H5,392,2018,440324,      0.00,      0.00,      0.00,      0.00,0,2,0,0,2,2
H5,392,2018,440325,      0.00,      0.00,      0.00,      0.00,0,6,0,0,6,6
H5,392,2018,440326,      0.00,      0.00,      0.00,      0.00,0,6,0,0,6,6
H5,392,2018,440341,      0.00,      0.00,      0.00,      0.00,0,1,0,0,1,1
H5,392,2018,440349,      0.00,      0.00,      0.00,      0.00,0,8,0,0,8,8
H5,392,2018,440391,      0.00,      0.00,      0.00,      0.00,0,1,0,0,1,1
H5,392,2018,440393,      0.00,      0.00,      0.00,      0.00,0,1,0,0,1,1
H5,392,2018,440394,      0.00,      0.00,      0.00,      0.00,0,1,0,0,1,1
H5,392,2018,440395,      0.00,      0.00,      0.00,      0.00,0,1,0,0,1,1
H5,392,2018,440396,      0.00,      0.00,      0.00,      0.00,0,1,0,0,1,1
H5,392,2018,440397,      0.00,      0.00,      0.00,      0.00,0,1,0,0,1,1
H5,392,2018,440398,      0.00,      0.00,      0.00,      0.00,0,1,0,0,1,1
H5,392,2018,440399,      3.50,      0.00,      3.50,      0.88,0,3,0,1,4,4
H5,392,2018,440410,     12.50,      0.00,      7.50,      4.17,0,1,0,2,3,3
H5,392,2018,440420,     12.50,      0.00,      7.50,      4.17,0,1,0,2,3,3
H5,392,2018,440500,      2.50,      2.50,      2.50,      2.50,0,0,0,1,1,1
H5,392,2018,440611,      0.00,      0.00,      0.00,      0.00,0,1,0,0,1,1
H5,392,2018,440612,      0.00,      0.00,      0.00,      0.00,0,1,0,0,1,1
H5,392,2018,440691,      0.00,      0.00,      0.00,      0.00,0,1,0,0,1,1
H5,392,2018,440692,      0.00,      0.00,      0.00,      0.00,0,1,0,0,1,1
H5,392,2018,440711,      9.60,      0.00,      4.80,      2.40,0,2,0,2,4,4
H5,392,2018,440712,      9.60,      0.00,      4.80,      1.37,0,5,0,2,7,7
H5,392,2018,440719,     12.00,      0.00,      6.00,      0.86,0,12,0,2,14,14
H5,392,2018,440721,      0.00,      0.00,      0.00,      0.00,0,1,0,0,1,1
H5,392,2018,440722,      0.00,      0.00,      0.00,      0.00,0,1,0,0,1,1
H5,392,2018,440725,     12.00,      6.00,      6.00,      6.00,0,0,0,2,2,2
H5,392,2018,440726,     12.00,      6.00,      6.00,      6.00,0,0,0,2,2,2
H5,392,2018,440727,      0.00,      0.00,      0.00,      0.00,0,1,0,0,1,1
H5,392,2018,440728,      0.00,      0.00,      0.00,      0.00,0,1,0,0,1,1
H5,392,2018,440729,     12.00,      0.00,      6.00,      1.71,0,5,0,2,7,7
H5,392,2018,440791,      0.00,      0.00,      0.00,      0.00,0,1,0,0,1,1
H5,392,2018,440792,      0.00,      0.00,      0.00,      0.00,0,1,0,0,1,1
H5,392,2018,440793,      0.00,      0.00,      0.00,      0.00,0,1,0,0,1,1
H5,392,2018,440794,      0.00,      0.00,      0.00,      0.00,0,1,0,0,1,1
H5,392,2018,440795,      0.00,      0.00,      0.00,      0.00,0,1,0,0,1,1
H5,392,2018,440796,      0.00,      0.00,      0.00,      0.00,0,1,0,0,1,1
H5,392,2018,440797,      0.00,      0.00,      0.00,      0.00,0,1,0,0,1,1
H5,392,2018,440799,     12.00,      0.00,      6.00,      2.40,0,3,0,2,5,5
H5,392,2018,440810,     22.00,      0.00,      6.00,      4.40,0,1,0,4,5,5
H5,392,2018,440831,     22.00,      5.00,      6.00,      5.50,0,0,0,4,4,4
H5,392,2018,440839,     51.60,      0.00,      6.00,      4.69,0,2,0,9,11,11
H5,392,2018,440890,     39.60,      5.00,      6.00,      5.66,0,0,0,7,7,7
H5,392,2018,440910,     12.30,      0.00,      5.00,      3.08,0,1,0,3,4,4
H5,392,2018,440921,     11.10,      0.00,      7.50,      3.70,0,1,0,2,3,3
H5,392,2018,440922,     12.30,      0.00,      5.00,      2.46,0,2,0,3,5,5
H5,392,2018,440929,     12.30,      0.00,      5.00,      2.05,0,3,0,3,6,6
H5,392,2018,441011,     23.00,      5.00,      6.00,      5.75,0,0,0,4,4,4
H5,392,2018,441012,     17.00,      5.00,      6.00,      5.67,0,0,0,3,3,3
H5,392,2018,441019,     11.00,      5.00,      6.00,      5.50,0,0,0,2,2,2
H5,392,2018,441090,     14.50,      6.60,      7.90,      7.25,0,0,0,2,2,2
H5,392,2018,441112,      5.20,      2.60,      2.60,      2.60,0,0,0,2,2,2
H5,392,2018,441113,      5.20,      2.60,      2.60,      2.60,0,0,0,2,2,2
H5,392,2018,441114,      5.20,      2.60,      2.60,      2.60,0,0,0,2,2,2
H5,392,2018,441192,      2.60,      2.60,      2.60,      2.60,0,0,0,1,1,1
H5,392,2018,441193,      2.60,      2.60,      2.60,      2.60,0,0,0,1,1,1
H5,392,2018,441194,      2.60,      2.60,      2.60,      2.60,0,0,0,1,1,1
H5,392,2018,441210,     74.50,      6.00,     10.00,      7.45,0,0,0,10,10,10
H5,392,2018,441231,    107.50,      6.00,     10.00,      7.68,0,0,0,14,14,14
H5,392,2018,441233,     42.00,      6.00,      6.00,      6.00,0,0,0,7,7,7
H5,392,2018,441234,     42.00,      6.00,      6.00,      6.00,0,0,0,7,7,7
H5,392,2018,441239,     30.00,      6.00,      6.00,      6.00,0,0,0,5,5,5
H5,392,2018,441294,     18.00,      6.00,      6.00,      6.00,0,0,0,3,3,3
H5,392,2018,441299,     36.00,      6.00,      6.00,      6.00,0,0,0,6,6,6
H5,392,2018,441300,      7.00,      7.00,      7.00,      7.00,0,0,0,1,1,1
H5,392,2018,441400,      3.20,      3.20,      3.20,      3.20,0,0,0,1,1,1
H5,392,2018,441510,      2.80,      2.80,      2.80,      2.80,0,0,0,1,1,1
H5,392,2018,441520,      3.90,      3.90,      3.90,      3.90,0,0,0,1,1,1
H5,392,2018,441600,      2.20,      2.20,      2.20,      2.20,0,0,0,1,1,1
H5,392,2018,441700,      5.00,      2.20,      2.80,      2.50,0,0,0,2,2,2
H5,392,2018,441810,      0.00,      0.00,      0.00,      0.00,0,1,0,0,1,1
H5,392,2018,441820,      0.00,      0.00,      0.00,      0.00,0,1,0,0,1,1
H5,392,2018,441840,      2.00,      2.00,      2.00,      2.00,0,0,0,1,1,1
H5,392,2018,441850,      2.90,      2.90,      2.90,      2.90,0,0,0,1,1,1
H5,392,2018,441860,      3.90,      3.90,      3.90,      3.90,0,0,0,1,1,1
H5,392,2018,441873,      2.00,      2.00,      2.00,      2.00,0,0,0,1,1,1
H5,392,2018,441874,      2.00,      2.00,      2.00,      2.00,0,0,0,1,1,1
H5,392,2018,441875,      2.00,      2.00,      2.00,      2.00,0,0,0,1,1,1
H5,392,2018,441879,      2.00,      2.00,      2.00,      2.00,0,0,0,1,1,1
H5,392,2018,441891,     16.80,      0.00,      5.00,      2.80,0,1,0,5,6,6
H5,392,2018,441899,     28.50,      0.00,      5.00,      3.17,0,1,0,8,9,9
H5,392,2018,441911,      2.70,      2.70,      2.70,      2.70,0,0,0,1,1,1
H5,392,2018,441912,      7.40,      2.70,      4.70,      3.70,0,0,0,2,2,2
H5,392,2018,441919,      2.70,      2.70,      2.70,      2.70,0,0,0,1,1,1
H5,392,2018,441990,      7.40,      2.70,      4.70,      3.70,0,0,0,2,2,2
H5,392,2018,442010,      0.00,      0.00,      0.00,      0.00,0,1,0,0,1,1
H5,392,2018,442090,     12.70,      2.70,     10.00,      6.35,0,0,0,2,2,2
H5,392,2018,442110,      3.90,      3.90,      3.90,      3.90,0,0,0,1,1,1
H5,392,2018,442191,     19.70,      0.00,     10.00,      3.94,0,1,0,4,5,5
H5,392,2018,442199,     13.50,      0.00,      3.90,      2.70,0,1,0,4,5,5
H5,392,2018,450110,      0.00,      0.00,      0.00,      0.00,0,1,0,0,1,1
H5,392,2018,450190,      0.00,      0.00,      0.00,      0.00,0,1,0,0,1,1
H5,392,2018,450200,      0.00,      0.00,      0.00,      0.00,0,1,0,0,1,1
H5,392,2018,450310,      0.00,      0.00,      0.00,      0.00,0,1,0,0,1,1
H5,392,2018,450390,      0.00,      0.00,      0.00,      0.00,0,1,0,0,1,1
H5,392,2018,450410,      0.00,      0.00,      0.00,      0.00,0,1,0,0,1,1
H5,392,2018,450490,      0.00,      0.00,      0.00,      0.00,0,1,0,0,1,1
H5,392,2018,460121,      3.30,      3.30,      3.30,      3.30,0,0,0,1,1,1
H5,392,2018,460122,      3.30,      3.30,      3.30,      3.30,0,0,0,1,1,1
H5,392,2018,460129,     12.60,      3.30,      6.00,      4.20,0,0,0,3,3,3
H5,392,2018,460192,      3.30,      3.30,      3.30,      3.30,0,0,0,1,1,1
H5,392,2018,460193,      3.30,      3.30,      3.30,      3.30,0,0,0,1,1,1
H5,392,2018,460194,     21.00,      0.00,      6.00,      3.50,0,1,0,5,6,6
H5,392,2018,460199,      6.80,      3.00,      3.80,      3.40,0,0,0,2,2,2
H5,392,2018,460211,     11.30,      3.40,      7.90,      5.65,0,0,0,2,2,2
H5,392,2018,460212,      7.90,      7.90,      7.90,      7.90,0,0,0,1,1,1
H5,392,2018,460219,     27.00,      3.30,      7.90,      6.75,0,0,0,4,4,4
H5,392,2018,460290,      5.30,      2.50,      2.80,      2.65,0,0,0,2,2,2
H5,392,2018,470100,      0.00,      0.00,      0.00,      0.00,0,2,0,0,2,2
H5,392,2018,470200,      0.00,      0.00,      0.00,      0.00,0,2,0,0,2,2
H5,392,2018,470311,      0.00,      0.00,      0.00,      0.00,0,1,0,0,1,1
H5,392,2018,470319,      0.00,      0.00,      0.00,      0.00,0,1,0,0,1,1
H5,392,2018,470321,      0.00,      0.00,      0.00,      0.00,0,1,0,0,1,1
H5,392,2018,470329,      0.00,      0.00,      0.00,      0.00,0,1,0,0,1,1
H5,392,2018,470411,      0.00,      0.00,      0.00,      0.00,0,1,0,0,1,1
H5,392,2018,470419,      0.00,      0.00,      0.00,      0.00,0,1,0,0,1,1
H5,392,2018,470421,      0.00,      0.00,      0.00,      0.00,0,1,0,0,1,1
H5,392,2018,470429,      0.00,      0.00,      0.00,      0.00,0,1,0,0,1,1
H5,392,2018,470500,      0.00,      0.00,      0.00,      0.00,0,1,0,0,1,1
H5,392,2018,470610,      0.00,      0.00,      0.00,      0.00,0,1,0,0,1,1
H5,392,2018,470620,      0.00,      0.00,      0.00,      0.00,0,1,0,0,1,1
H5,392,2018,470630,      0.00,      0.00,      0.00,      0.00,0,1,0,0,1,1
H5,392,2018,470691,      0.00,      0.00,      0.00,      0.00,0,1,0,0,1,1
H5,392,2018,470692,      0.00,      0.00,      0.00,      0.00,0,1,0,0,1,1
H5,392,2018,470693,      0.00,      0.00,      0.00,      0.00,0,1,0,0,1,1
H5,392,2018,470710,      0.00,      0.00,      0.00,      0.00,0,2,0,0,2,2
H5,392,2018,470720,      0.00,      0.00,      0.00,      0.00,0,1,0,0,1,1
H5,392,2018,470730,      0.00,      0.00,      0.00,      0.00,0,2,0,0,2,2
H5,392,2018,470790,      0.00,      0.00,      0.00,      0.00,0,1,0,0,1,1
H5,392,2018,480100,      0.00,      0.00,      0.00,      0.00,0,3,0,0,3,3
H5,392,2018,480210,      0.00,      0.00,      0.00,      0.00,0,1,0,0,1,1
H5,392,2018,480220,      0.00,      0.00,      0.00,      0.00,0,1,0,0,1,1
H5,392,2018,480240,      0.00,      0.00,      0.00,      0.00,0,1,0,0,1,1
H5,392,2018,480254,      0.00,      0.00,      0.00,      0.00,0,1,0,0,1,1
H5,392,2018,480255,      0.00,      0.00,      0.00,      0.00,0,1,0,0,1,1
H5,392,2018,480256,      0.00,      0.00,      0.00,      0.00,0,1,0,0,1,1
H5,392,2018,480257,      0.00,      0.00,      0.00,      0.00,0,1,0,0,1,1
H5,392,2018,480258,      0.00,      0.00,      0.00,      0.00,0,1,0,0,1,1
H5,392,2018,480261,      0.00,      0.00,      0.00,      0.00,0,2,0,0,2,2
H5,392,2018,480262,      0.00,      0.00,      0.00,      0.00,0,2,0,0,2,2
H5,392,2018,480269,      0.00,      0.00,      0.00,      0.00,0,2,0,0,2,2
H5,392,2018,480300,      0.00,      0.00,      0.00,      0.00,0,1,0,0,1,1
H5,392,2018,480411,      0.00,      0.00,      0.00,      0.00,0,2,0,0,2,2
H5,392,2018,480419,      0.00,      0.00,      0.00,      0.00,0,2,0,0,2,2
H5,392,2018,480421,      0.00,      0.00,      0.00,      0.00,0,1,0,0,1,1
H5,392,2018,480429,      0.00,      0.00,      0.00,      0.00,0,1,0,0,1,1
H5,392,2018,480431,      0.00,      0.00,      0.00,      0.00,0,1,0,0,1,1
H5,392,2018,480439,      0.00,      0.00,      0.00,      0.00,0,1,0,0,1,1
H5,392,2018,480441,      0.00,      0.00,      0.00,      0.00,0,1,0,0,1,1
H5,392,2018,480442,      0.00,      0.00,      0.00,      0.00,0,1,0,0,1,1
H5,392,2018,480449,      0.00,      0.00,      0.00,      0.00,0,1,0,0,1,1
H5,392,2018,480451,      0.00,      0.00,      0.00,      0.00,0,2,0,0,2,2
H5,392,2018,480452,      0.00,      0.00,      0.00,      0.00,0,2,0,0,2,2
H5,392,2018,480459,      0.00,      0.00,      0.00,      0.00,0,2,0,0,2,2
H5,392,2018,480511,      0.00,      0.00,      0.00,      0.00,0,1,0,0,1,1
H5,392,2018,480512,      0.00,      0.00,      0.00,      0.00,0,1,0,0,1,1
H5,392,2018,480519,      0.00,      0.00,      0.00,      0.00,0,1,0,0,1,1
H5,392,2018,480524,      0.00,      0.00,      0.00,      0.00,0,1,0,0,1,1
H5,392,2018,480525,      0.00,      0.00,      0.00,      0.00,0,1,0,0,1,1
H5,392,2018,480530,      0.00,      0.00,      0.00,      0.00,0,1,0,0,1,1
H5,392,2018,480540,      0.00,      0.00,      0.00,      0.00,0,2,0,0,2,2
H5,392,2018,480550,      0.00,      0.00,      0.00,      0.00,0,2,0,0,2,2
H5,392,2018,480591,      0.00,      0.00,      0.00,      0.00,0,1,0,0,1,1
H5,392,2018,480592,      0.00,      0.00,      0.00,      0.00,0,1,0,0,1,1
H5,392,2018,480593,      0.00,      0.00,      0.00,      0.00,0,1,0,0,1,1
H5,392,2018,480610,      0.00,      0.00,      0.00,      0.00,0,1,0,0,1,1
H5,392,2018,480620,      0.00,      0.00,      0.00,      0.00,0,1,0,0,1,1
H5,392,2018,480630,      0.00,      0.00,      0.00,      0.00,0,1,0,0,1,1
H5,392,2018,480640,      0.00,      0.00,      0.00,      0.00,0,1,0,0,1,1
H5,392,2018,480700,      0.00,      0.00,      0.00,      0.00,0,1,0,0,1,1
H5,392,2018,480810,      0.00,      0.00,      0.00,      0.00,0,1,0,0,1,1
H5,392,2018,480840,      0.00,      0.00,      0.00,      0.00,0,1,0,0,1,1
H5,392,2018,480890,      0.00,      0.00,      0.00,      0.00,0,1,0,0,1,1
H5,392,2018,480920,      0.00,      0.00,      0.00,      0.00,0,1,0,0,1,1
H5,392,2018,480990,      0.00,      0.00,      0.00,      0.00,0,2,0,0,2,2
H5,392,2018,481013,      0.00,      0.00,      0.00,      0.00,0,1,0,0,1,1
H5,392,2018,481014,      0.00,      0.00,      0.00,      0.00,0,1,0,0,1,1
H5,392,2018,481019,      0.00,      0.00,      0.00,      0.00,0,1,0,0,1,1
H5,392,2018,481022,      0.00,      0.00,      0.00,      0.00,0,1,0,0,1,1
H5,392,2018,481029,      0.00,      0.00,      0.00,      0.00,0,2,0,0,2,2
H5,392,2018,481031,      0.00,      0.00,      0.00,      0.00,0,1,0,0,1,1
H5,392,2018,481032,      0.00,      0.00,      0.00,      0.00,0,1,0,0,1,1
H5,392,2018,481039,      0.00,      0.00,      0.00,      0.00,0,1,0,0,1,1
H5,392,2018,481092,      0.00,      0.00,      0.00,      0.00,0,1,0,0,1,1
H5,392,2018,481099,      0.00,      0.00,      0.00,      0.00,0,1,0,0,1,1
H5,392,2018,481110,      0.00,      0.00,      0.00,      0.00,0,1,0,0,1,1
H5,392,2018,481141,      0.00,      0.00,      0.00,      0.00,0,1,0,0,1,1
H5,392,2018,481149,      0.00,      0.00,      0.00,      0.00,0,1,0,0,1,1
H5,392,2018,481151,      0.00,      0.00,      0.00,      0.00,0,2,0,0,2,2
H5,392,2018,481159,      0.00,      0.00,      0.00,      0.00,0,2,0,0,2,2
H5,392,2018,481160,      0.00,      0.00,      0.00,      0.00,0,2,0,0,2,2
H5,392,2018,481190,      0.00,      0.00,      0.00,      0.00,0,2,0,0,2,2
H5,392,2018,481200,      0.00,      0.00,      0.00,      0.00,0,1,0,0,1,1
H5,392,2018,481310,      0.00,      0.00,      0.00,      0.00,0,1,0,0,1,1
H5,392,2018,481320,      0.00,      0.00,      0.00,      0.00,0,1,0,0,1,1
H5,392,2018,481390,      0.00,      0.00,      0.00,      0.00,0,1,0,0,1,1
H5,392,2018,481420,      0.00,      0.00,      0.00,      0.00,0,1,0,0,1,1
H5,392,2018,481490,      0.00,      0.00,      0.00,      0.00,0,1,0,0,1,1
H5,392,2018,481620,      0.00,      0.00,      0.00,      0.00,0,1,0,0,1,1
H5,392,2018,481690,      0.00,      0.00,      0.00,      0.00,0,1,0,0,1,1
H5,392,2018,481710,      0.00,      0.00,      0.00,      0.00,0,1,0,0,1,1
H5,392,2018,481720,      0.00,      0.00,      0.00,      0.00,0,1,0,0,1,1
H5,392,2018,481730,      0.00,      0.00,      0.00,      0.00,0,1,0,0,1,1
H5,392,2018,481810,      0.00,      0.00,      0.00,      0.00,0,1,0,0,1,1
H5,392,2018,481820,      0.00,      0.00,      0.00,      0.00,0,2,0,0,2,2
H5,392,2018,481830,      0.00,      0.00,      0.00,      0.00,0,1,0,0,1,1
H5,392,2018,481850,      0.00,      0.00,      0.00,      0.00,0,1,0,0,1,1
H5,392,2018,481890,      0.00,      0.00,      0.00,      0.00,0,1,0,0,1,1
H5,392,2018,481910,      0.00,      0.00,      0.00,      0.00,0,1,0,0,1,1
H5,392,2018,481920,      0.00,      0.00,      0.00,      0.00,0,1,0,0,1,1
H5,392,2018,481930,      0.00,      0.00,      0.00,      0.00,0,1,0,0,1,1
H5,392,2018,481940,      0.00,      0.00,      0.00,      0.00,0,1,0,0,1,1
H5,392,2018,481950,      0.00,      0.00,      0.00,      0.00,0,1,0,0,1,1
H5,392,2018,481960,      0.00,      0.00,      0.00,      0.00,0,1,0,0,1,1
H5,392,2018,482010,      0.00,      0.00,      0.00,      0.00,0,1,0,0,1,1
H5,392,2018,482020,      0.00,      0.00,      0.00,      0.00,0,1,0,0,1,1
H5,392,2018,482030,      0.00,      0.00,      0.00,      0.00,0,1,0,0,1,1
H5,392,2018,482040,      0.00,      0.00,      0.00,      0.00,0,1,0,0,1,1
H5,392,2018,482050,      0.00,      0.00,      0.00,      0.00,0,1,0,0,1,1
H5,392,2018,482090,      0.00,      0.00,      0.00,      0.00,0,1,0,0,1,1
H5,392,2018,482110,      0.00,      0.00,      0.00,      0.00,0,1,0,0,1,1
H5,392,2018,482190,      0.00,      0.00,      0.00,      0.00,0,1,0,0,1,1
H5,392,2018,482210,      0.00,      0.00,      0.00,      0.00,0,1,0,0,1,1
H5,392,2018,482290,      0.00,      0.00,      0.00,      0.00,0,1,0,0,1,1
H5,392,2018,482320,      0.00,      0.00,      0.00,      0.00,0,1,0,0,1,1
H5,392,2018,482340,      0.00,      0.00,      0.00,      0.00,0,1,0,0,1,1
H5,392,2018,482361,      0.00,      0.00,      0.00,      0.00,0,1,0,0,1,1
H5,392,2018,482369,      0.00,      0.00,      0.00,      0.00,0,1,0,0,1,1
H5,392,2018,482370,      0.00,      0.00,      0.00,      0.00,0,1,0,0,1,1
H5,392,2018,482390,      0.00,      0.00,      0.00,      0.00,0,2,0,0,2,2
H5,392,2018,490110,      0.00,      0.00,      0.00,      0.00,0,1,0,0,1,1
H5,392,2018,490191,      0.00,      0.00,      0.00,      0.00,0,1,0,0,1,1
H5,392,2018,490199,      0.00,      0.00,      0.00,      0.00,0,1,0,0,1,1
H5,392,2018,490210,      0.00,      0.00,      0.00,      0.00,0,1,0,0,1,1
H5,392,2018,490290,      0.00,      0.00,      0.00,      0.00,0,1,0,0,1,1
H5,392,2018,490300,      0.00,      0.00,      0.00,      0.00,0,1,0,0,1,1
H5,392,2018,490400,      0.00,      0.00,      0.00,      0.00,0,1,0,0,1,1
H5,392,2018,490510,      0.00,      0.00,      0.00,      0.00,0,1,0,0,1,1
H5,392,2018,490591,      0.00,      0.00,      0.00,      0.00,0,1,0,0,1,1
H5,392,2018,490599,      0.00,      0.00,      0.00,      0.00,0,1,0,0,1,1
H5,392,2018,490600,      0.00,      0.00,      0.00,      0.00,0,1,0,0,1,1
H5,392,2018,490700,      0.00,      0.00,      0.00,      0.00,0,1,0,0,1,1
H5,392,2018,490810,      0.00,      0.00,      0.00,      0.00,0,1,0,0,1,1
H5,392,2018,490890,      0.00,      0.00,      0.00,      0.00,0,1,0,0,1,1
H5,392,2018,490900,      0.00,      0.00,      0.00,      0.00,0,1,0,0,1,1
H5,392,2018,491000,      0.00,      0.00,      0.00,      0.00,0,2,0,0,2,2
H5,392,2018,491110,      0.00,      0.00,      0.00,      0.00,0,1,0,0,1,1
H5,392,2018,491191,      0.00,      0.00,      0.00,      0.00,0,2,0,0,2,2
H5,392,2018,491199,      0.00,      0.00,      0.00,      0.00,0,1,0,0,1,1
H5,392,2018,500100,      0.00,      0.00,      0.00,      0.00,1,1,0,0,1,2
H5,392,2018,500200,      0.00,      0.00,      0.00,      0.00,0,9,0,0,9,9
H5,392,2018,500300,      0.00,      0.00,      0.00,      0.00,0,3,0,0,3,3
H5,392,2018,500400,      0.00,      0.00,      0.00,      0.00,0,1,0,0,1,1
H5,392,2018,500500,      0.00,      0.00,      0.00,      0.00,0,2,0,0,2,2
H5,392,2018,500600,     11.70,      4.80,      6.90,      5.85,0,0,0,2,2,2
H5,392,2018,500710,     18.00,      8.00,     10.00,      9.00,0,0,0,2,2,2
H5,392,2018,500720,    152.50,     10.00,     12.50,     10.17,0,0,0,15,15,15
H5,392,2018,500790,     32.50,     10.00,     12.50,     10.83,0,0,0,3,3,3
H5,392,2018,510111,      0.00,      0.00,      0.00,      0.00,0,1,0,0,1,1
H5,392,2018,510119,      0.00,      0.00,      0.00,      0.00,0,1,0,0,1,1
H5,392,2018,510121,      0.00,      0.00,      0.00,      0.00,0,1,0,0,1,1
H5,392,2018,510129,      0.00,      0.00,      0.00,      0.00,0,1,0,0,1,1
H5,392,2018,510130,      0.00,      0.00,      0.00,      0.00,0,1,0,0,1,1
H5,392,2018,510211,      0.00,      0.00,      0.00,      0.00,0,1,0,0,1,1
H5,392,2018,510219,      0.00,      0.00,      0.00,      0.00,0,1,0,0,1,1
H5,392,2018,510220,      0.00,      0.00,      0.00,      0.00,0,1,0,0,1,1
H5,392,2018,510310,      0.00,      0.00,      0.00,      0.00,0,2,0,0,2,2
H5,392,2018,510320,      0.00,      0.00,      0.00,      0.00,0,1,0,0,1,1
H5,392,2018,510330,      0.00,      0.00,      0.00,      0.00,0,1,0,0,1,1
H5,392,2018,510400,      0.00,      0.00,      0.00,      0.00,0,1,0,0,1,1
H5,392,2018,510510,      0.00,      0.00,      0.00,      0.00,0,1,0,0,1,1
H5,392,2018,510521,      0.00,      0.00,      0.00,      0.00,0,1,0,0,1,1
H5,392,2018,510529,      0.00,      0.00,      0.00,      0.00,0,1,0,0,1,1
H5,392,2018,510531,      0.00,      0.00,      0.00,      0.00,0,1,0,0,1,1
H5,392,2018,510539,      0.00,      0.00,      0.00,      0.00,0,1,0,0,1,1
H5,392,2018,510540,      0.00,      0.00,      0.00,      0.00,0,1,0,0,1,1
H5,392,2018,510610,      5.40,      2.70,      2.70,      2.70,0,0,0,2,2,2
H5,392,2018,510620,      5.40,      2.70,      2.70,      2.70,0,0,0,2,2,2
H5,392,2018,510710,      5.40,      2.70,      2.70,      2.70,0,0,0,2,2,2
H5,392,2018,510720,      5.40,      2.70,      2.70,      2.70,0,0,0,2,2,2
H5,392,2018,510810,      2.50,      2.50,      2.50,      2.50,0,0,0,1,1,1
H5,392,2018,510820,      2.50,      2.50,      2.50,      2.50,0,0,0,1,1,1
H5,392,2018,510910,     10.20,      2.40,      2.70,      2.55,0,0,0,4,4,4
H5,392,2018,510990,     10.20,      2.40,      2.70,      2.55,0,0,0,4,4,4
H5,392,2018,511000,      2.50,      2.50,      2.50,      2.50,0,0,0,1,1,1
H5,392,2018,511111,     19.80,      5.30,      7.90,      6.60,0,0,0,3,3,3
H5,392,2018,511119,     14.50,      6.60,      7.90,      7.25,0,0,0,2,2,2
H5,392,2018,511120,     19.80,      5.30,      7.90,      6.60,0,0,0,3,3,3
H5,392,2018,511130,     19.80,      5.30,      7.90,      6.60,0,0,0,3,3,3
H5,392,2018,511190,     19.80,      5.30,      7.90,      6.60,0,0,0,3,3,3
H5,392,2018,511211,     11.90,      5.30,      6.60,      5.95,0,0,0,2,2,2
H5,392,2018,511219,     14.50,      6.60,      7.90,      7.25,0,0,0,2,2,2
H5,392,2018,511220,     19.80,      5.30,      7.90,      6.60,0,0,0,3,3,3
H5,392,2018,511230,     19.80,      5.30,      7.90,      6.60,0,0,0,3,3,3
H5,392,2018,511290,     19.80,      5.30,      7.90,      6.60,0,0,0,3,3,3
H5,392,2018,511300,      3.50,      3.50,      3.50,      3.50,0,0,0,1,1,1
H5,392,2018,520100,      0.00,      0.00,      0.00,      0.00,0,1,0,0,1,1
H5,392,2018,520210,      0.00,      0.00,      0.00,      0.00,0,1,0,0,1,1
H5,392,2018,520291,      0.00,      0.00,      0.00,      0.00,0,1,0,0,1,1
H5,392,2018,520299,      0.00,      0.00,      0.00,      0.00,0,1,0,0,1,1
H5,392,2018,520300,      0.00,      0.00,      0.00,      0.00,0,1,0,0,1,1
H5,392,2018,520411,      8.60,      3.00,      5.60,      4.30,0,0,0,2,2,2
H5,392,2018,520419,      8.60,      3.00,      5.60,      4.30,0,0,0,2,2,2
H5,392,2018,520420,      3.00,      3.00,      3.00,      3.00,0,0,0,1,1,1
H5,392,2018,520511,      7.50,      1.90,      5.60,      3.75,0,0,0,2,2,2
H5,392,2018,520512,     11.30,      1.90,      5.60,      2.83,0,0,0,4,4,4
H5,392,2018,520513,     11.70,      1.90,      5.60,      2.92,0,0,0,4,4,4
H5,392,2018,520514,     11.70,      1.90,      5.60,      2.92,0,0,0,4,4,4
H5,392,2018,520515,     11.70,      1.90,      5.60,      2.92,0,0,0,4,4,4
H5,392,2018,520521,      9.40,      1.90,      5.60,      3.13,0,0,0,3,3,3
H5,392,2018,520522,     11.30,      1.90,      5.60,      2.83,0,0,0,4,4,4
H5,392,2018,520523,     11.70,      1.90,      5.60,      2.92,0,0,0,4,4,4
H5,392,2018,520524,     11.70,      1.90,      5.60,      2.92,0,0,0,4,4,4
H5,392,2018,520526,     11.70,      1.90,      5.60,      2.92,0,0,0,4,4,4
H5,392,2018,520527,     11.70,      1.90,      5.60,      2.92,0,0,0,4,4,4
H5,392,2018,520528,     11.70,      1.90,      5.60,      2.92,0,0,0,4,4,4
H5,392,2018,520531,      7.50,      1.90,      5.60,      3.75,0,0,0,2,2,2
H5,392,2018,520532,      7.50,      1.90,      5.60,      3.75,0,0,0,2,2,2
H5,392,2018,520533,      9.80,      1.90,      5.60,      3.27,0,0,0,3,3,3
H5,392,2018,520534,      9.80,      1.90,      5.60,      3.27,0,0,0,3,3,3
H5,392,2018,520535,      9.80,      1.90,      5.60,      3.27,0,0,0,3,3,3
H5,392,2018,520541,      7.50,      1.90,      5.60,      3.75,0,0,0,2,2,2
H5,392,2018,520542,      7.50,      1.90,      5.60,      3.75,0,0,0,2,2,2
H5,392,2018,520543,      9.80,      1.90,      5.60,      3.27,0,0,0,3,3,3
H5,392,2018,520544,      9.80,      1.90,      5.60,      3.27,0,0,0,3,3,3
H5,392,2018,520546,      9.80,      1.90,      5.60,      3.27,0,0,0,3,3,3
H5,392,2018,520547,      9.80,      1.90,      5.60,      3.27,0,0,0,3,3,3
H5,392,2018,520548,      9.80,      1.90,      5.60,      3.27,0,0,0,3,3,3
H5,392,2018,520611,      7.50,      1.90,      5.60,      3.75,0,0,0,2,2,2
H5,392,2018,520612,      7.50,      1.90,      5.60,      3.75,0,0,0,2,2,2
H5,392,2018,520613,      7.50,      1.90,      5.60,      3.75,0,0,0,2,2,2
H5,392,2018,520614,      7.50,      1.90,      5.60,      3.75,0,0,0,2,2,2
H5,392,2018,520615,      7.50,      1.90,      5.60,      3.75,0,0,0,2,2,2
H5,392,2018,520621,      7.50,      1.90,      5.60,      3.75,0,0,0,2,2,2
H5,392,2018,520622,      7.50,      1.90,      5.60,      3.75,0,0,0,2,2,2
H5,392,2018,520623,      7.50,      1.90,      5.60,      3.75,0,0,0,2,2,2
H5,392,2018,520624,      7.50,      1.90,      5.60,      3.75,0,0,0,2,2,2
H5,392,2018,520625,      7.50,      1.90,      5.60,      3.75,0,0,0,2,2,2
H5,392,2018,520631,      7.50,      1.90,      5.60,      3.75,0,0,0,2,2,2
H5,392,2018,520632,      7.50,      1.90,      5.60,      3.75,0,0,0,2,2,2
H5,392,2018,520633,      7.50,      1.90,      5.60,      3.75,0,0,0,2,2,2
H5,392,2018,520634,      7.50,      1.90,      5.60,      3.75,0,0,0,2,2,2
H5,392,2018,520635,      7.50,      1.90,      5.60,      3.75,0,0,0,2,2,2
H5,392,2018,520641,      7.50,      1.90,      5.60,      3.75,0,0,0,2,2,2
H5,392,2018,520642,      7.50,      1.90,      5.60,      3.75,0,0,0,2,2,2
H5,392,2018,520643,      7.50,      1.90,      5.60,      3.75,0,0,0,2,2,2
H5,392,2018,520644,      7.50,      1.90,      5.60,      3.75,0,0,0,2,2,2
H5,392,2018,520645,      7.50,      1.90,      5.60,      3.75,0,0,0,2,2,2
H5,392,2018,520710,     10.50,      1.90,      5.60,      3.50,0,0,0,3,3,3
H5,392,2018,520790,     10.50,      1.90,      5.60,      3.50,0,0,0,3,3,3
H5,392,2018,520811,      5.60,      5.60,      5.60,      5.60,4,0,0,1,1,5
H5,392,2018,520812,      5.60,      5.60,      5.60,      5.60,4,0,0,1,1,5
H5,392,2018,520813,      5.60,      5.60,      5.60,      5.60,1,0,0,1,1,2
H5,392,2018,520819,      5.60,      5.60,      5.60,      5.60,2,0,0,1,1,3
H5,392,2018,520821,      5.60,      5.60,      5.60,      5.60,3,0,0,1,1,4
H5,392,2018,520822,      5.60,      5.60,      5.60,      5.60,3,0,0,1,1,4
H5,392,2018,520823,      5.60,      5.60,      5.60,      5.60,1,0,0,1,1,2
H5,392,2018,520829,      5.60,      5.60,      5.60,      5.60,1,0,0,1,1,2
H5,392,2018,520831,      5.60,      5.60,      5.60,      5.60,4,0,0,1,1,5
H5,392,2018,520832,      5.60,      5.60,      5.60,      5.60,3,0,0,1,1,4
H5,392,2018,520833,      5.60,      5.60,      5.60,      5.60,1,0,0,1,1,2
H5,392,2018,520839,      5.60,      5.60,      5.60,      5.60,2,0,0,1,1,3
H5,392,2018,520841,      5.60,      5.60,      5.60,      5.60,3,0,0,1,1,4
H5,392,2018,520842,      5.60,      5.60,      5.60,      5.60,3,0,0,1,1,4
H5,392,2018,520843,      5.60,      5.60,      5.60,      5.60,1,0,0,1,1,2
H5,392,2018,520849,      5.60,      5.60,      5.60,      5.60,1,0,0,1,1,2
H5,392,2018,520851,     11.20,      5.60,      5.60,      5.60,5,0,0,2,2,7
H5,392,2018,520852,     11.20,      5.60,      5.60,      5.60,5,0,0,2,2,7
H5,392,2018,520859,     11.20,      5.60,      5.60,      5.60,3,0,0,2,2,5
H5,392,2018,520911,      5.60,      5.60,      5.60,      5.60,2,0,0,1,1,3
H5,392,2018,520912,      5.60,      5.60,      5.60,      5.60,1,0,0,1,1,2
H5,392,2018,520919,      5.60,      5.60,      5.60,      5.60,1,0,0,1,1,2
H5,392,2018,520921,      5.60,      5.60,      5.60,      5.60,1,0,0,1,1,2
H5,392,2018,520922,      5.60,      5.60,      5.60,      5.60,1,0,0,1,1,2
H5,392,2018,520929,      5.60,      5.60,      5.60,      5.60,1,0,0,1,1,2
H5,392,2018,520931,      5.60,      5.60,      5.60,      5.60,2,0,0,1,1,3
H5,392,2018,520932,      5.60,      5.60,      5.60,      5.60,1,0,0,1,1,2
H5,392,2018,520939,      5.60,      5.60,      5.60,      5.60,1,0,0,1,1,2
H5,392,2018,520941,      5.60,      5.60,      5.60,      5.60,1,0,0,1,1,2
H5,392,2018,520942,      5.60,      5.60,      5.60,      5.60,1,0,0,1,1,2
H5,392,2018,520943,      5.60,      5.60,      5.60,      5.60,1,0,0,1,1,2
H5,392,2018,520949,      5.60,      5.60,      5.60,      5.60,1,0,0,1,1,2
H5,392,2018,520951,     11.20,      5.60,      5.60,      5.60,3,0,0,2,2,5
H5,392,2018,520952,     11.20,      5.60,      5.60,      5.60,2,0,0,2,2,4
H5,392,2018,520959,     11.20,      5.60,      5.60,      5.60,3,0,0,2,2,5
H5,392,2018,521011,     13.00,      5.60,      7.40,      6.50,1,0,0,2,2,3
H5,392,2018,521019,     26.00,      5.60,      7.40,      6.50,2,0,0,4,4,6
H5,392,2018,521021,     13.00,      5.60,      7.40,      6.50,1,0,0,2,2,3
H5,392,2018,521029,     26.00,      5.60,      7.40,      6.50,2,0,0,4,4,6
H5,392,2018,521031,     13.00,      5.60,      7.40,      6.50,1,0,0,2,2,3
H5,392,2018,521032,     13.00,      5.60,      7.40,      6.50,1,0,0,2,2,3
H5,392,2018,521039,     13.00,      5.60,      7.40,      6.50,1,0,0,2,2,3
H5,392,2018,521041,     13.00,      5.60,      7.40,      6.50,1,0,0,2,2,3
H5,392,2018,521049,     26.00,      5.60,      7.40,      6.50,2,0,0,4,4,6
H5,392,2018,521051,     26.00,      5.60,      7.40,      6.50,2,0,0,4,4,6
H5,392,2018,521059,     26.00,      5.60,      7.40,      6.50,2,0,0,4,4,6
H5,392,2018,521111,     13.00,      5.60,      7.40,      6.50,1,0,0,2,2,3
H5,392,2018,521112,     13.00,      5.60,      7.40,      6.50,1,0,0,2,2,3
H5,392,2018,521119,     13.00,      5.60,      7.40,      6.50,1,0,0,2,2,3
H5,392,2018,521120,     13.00,      5.60,      7.40,      6.50,1,0,0,2,2,3
H5,392,2018,521131,     13.00,      5.60,      7.40,      6.50,1,0,0,2,2,3
H5,392,2018,521132,     13.00,      5.60,      7.40,      6.50,1,0,0,2,2,3
H5,392,2018,521139,     13.00,      5.60,      7.40,      6.50,1,0,0,2,2,3
H5,392,2018,521141,     13.00,      5.60,      7.40,      6.50,1,0,0,2,2,3
H5,392,2018,521142,     13.00,      5.60,      7.40,      6.50,1,0,0,2,2,3
H5,392,2018,521143,     13.00,      5.60,      7.40,      6.50,1,0,0,2,2,3
H5,392,2018,521149,     13.00,      5.60,      7.40,      6.50,1,0,0,2,2,3
H5,392,2018,521151,     26.00,      5.60,      7.40,      6.50,2,0,0,4,4,6
H5,392,2018,521152,     26.00,      5.60,      7.40,      6.50,2,0,0,4,4,6
H5,392,2018,521159,     26.00,      5.60,      7.40,      6.50,2,0,0,4,4,6
H5,392,2018,521211,     13.00,      5.60,      7.40,      6.50,1,0,0,2,2,3
H5,392,2018,521212,     13.00,      5.60,      7.40,      6.50,1,0,0,2,2,3
H5,392,2018,521213,     13.00,      5.60,      7.40,      6.50,1,0,0,2,2,3
H5,392,2018,521214,     13.00,      5.60,      7.40,      6.50,1,0,0,2,2,3
H5,392,2018,521215,     26.00,      5.60,      7.40,      6.50,2,0,0,4,4,6
H5,392,2018,521221,     13.00,      5.60,      7.40,      6.50,1,0,0,2,2,3
H5,392,2018,521222,     13.00,      5.60,      7.40,      6.50,1,0,0,2,2,3
H5,392,2018,521223,     13.00,      5.60,      7.40,      6.50,1,0,0,2,2,3
H5,392,2018,521224,     13.00,      5.60,      7.40,      6.50,1,0,0,2,2,3
H5,392,2018,521225,     26.00,      5.60,      7.40,      6.50,2,0,0,4,4,6
H5,392,2018,530110,      0.00,      0.00,      0.00,      0.00,0,1,0,0,1,1
H5,392,2018,530121,      0.00,      0.00,      0.00,      0.00,0,1,0,0,1,1
H5,392,2018,530129,      0.00,      0.00,      0.00,      0.00,0,2,0,0,2,2
H5,392,2018,530130,      0.00,      0.00,      0.00,      0.00,0,1,0,0,1,1
H5,392,2018,530210,      0.00,      0.00,      0.00,      0.00,0,1,0,0,1,1
H5,392,2018,530290,      0.00,      0.00,      0.00,      0.00,0,1,0,0,1,1
H5,392,2018,530310,      0.00,      0.00,      0.00,      0.00,0,1,0,0,1,1
H5,392,2018,530390,      0.00,      0.00,      0.00,      0.00,0,1,0,0,1,1
H5,392,2018,530500,      0.00,      0.00,      0.00,      0.00,0,1,0,0,1,1
H5,392,2018,530610,      0.00,      0.00,      0.00,      0.00,0,1,0,0,1,1
H5,392,2018,530620,      7.90,      7.90,      7.90,      7.90,0,0,0,1,1,1
H5,392,2018,530710,      0.00,      0.00,      0.00,      0.00,0,1,0,0,1,1
H5,392,2018,530720,      0.00,      0.00,      0.00,      0.00,0,1,0,0,1,1
H5,392,2018,530810,      0.00,      0.00,      0.00,      0.00,0,1,0,0,1,1
H5,392,2018,530820,      2.00,      2.00,      2.00,      2.00,0,0,0,1,1,1
H5,392,2018,530890,     10.40,      0.00,      7.90,      3.47,0,1,0,2,3,3
H5,392,2018,530911,     10.00,     10.00,     10.00,     10.00,0,0,0,1,1,1
H5,392,2018,530919,     10.00,     10.00,     10.00,     10.00,0,0,0,1,1,1
H5,392,2018,530921,     10.00,     10.00,     10.00,     10.00,0,0,0,1,1,1
H5,392,2018,530929,     10.00,     10.00,     10.00,     10.00,0,0,0,1,1,1
H5,392,2018,531010,     10.00,     10.00,     10.00,     10.00,0,0,0,1,1,1
H5,392,2018,531090,     10.00,     10.00,     10.00,     10.00,0,0,0,1,1,1
H5,392,2018,531100,     16.00,      2.50,     10.00,      5.33,0,0,0,3,3,3
H5,392,2018,540110,     15.60,      4.00,      6.60,      5.20,0,0,0,3,3,3
H5,392,2018,540120,     15.60,      4.00,      6.60,      5.20,0,0,0,3,3,3
H5,392,2018,540211,      2.70,      2.70,      2.70,      2.70,0,0,0,1,1,1
H5,392,2018,540219,     20.90,      4.00,      6.60,      5.22,0,0,0,4,4,4
H5,392,2018,540220,     15.60,      4.00,      6.60,      5.20,0,0,0,3,3,3
H5,392,2018,540231,     15.60,      4.00,      6.60,      5.20,0,0,0,3,3,3
H5,392,2018,540232,     22.20,      4.00,      6.60,      5.55,0,0,0,4,4,4
H5,392,2018,540233,     15.60,      4.00,      6.60,      5.20,0,0,0,3,3,3
H5,392,2018,540234,     15.60,      4.00,      6.60,      5.20,0,0,0,3,3,3
H5,392,2018,540239,     15.60,      4.00,      6.60,      5.20,0,0,0,3,3,3
H5,392,2018,540244,     30.20,      2.70,      6.60,      5.03,0,0,0,6,6,6
H5,392,2018,540245,     17.00,      2.70,      5.30,      4.25,0,0,0,4,4,4
H5,392,2018,540246,     15.60,      4.00,      6.60,      5.20,0,0,0,3,3,3
H5,392,2018,540247,     15.60,      4.00,      6.60,      5.20,0,0,0,3,3,3
H5,392,2018,540248,     15.60,      4.00,      6.60,      5.20,0,0,0,3,3,3
H5,392,2018,540249,     15.60,      4.00,      6.60,      5.20,0,0,0,3,3,3
H5,392,2018,540251,     15.60,      4.00,      6.60,      5.20,0,0,0,3,3,3
H5,392,2018,540252,     15.60,      4.00,      6.60,      5.20,0,0,0,3,3,3
H5,392,2018,540253,     15.60,      4.00,      6.60,      5.20,0,0,0,3,3,3
H5,392,2018,540259,     15.60,      4.00,      6.60,      5.20,0,0,0,3,3,3
H5,392,2018,540261,     15.60,      4.00,      6.60,      5.20,0,0,0,3,3,3
H5,392,2018,540262,     15.60,      4.00,      6.60,      5.20,0,0,0,3,3,3
H5,392,2018,540263,     15.60,      4.00,      6.60,      5.20,0,0,0,3,3,3
H5,392,2018,540269,     15.60,      4.00,      6.60,      5.20,0,0,0,3,3,3
H5,392,2018,540310,      9.00,      4.00,      5.00,      4.50,0,0,0,2,2,2
H5,392,2018,540331,     15.60,      4.00,      6.60,      5.20,0,0,0,3,3,3
H5,392,2018,540332,     15.60,      4.00,      6.60,      5.20,0,0,0,3,3,3
H5,392,2018,540333,     15.60,      4.00,      6.60,      5.20,0,0,0,3,3,3
H5,392,2018,540339,     15.60,      4.00,      6.60,      5.20,0,0,0,3,3,3
H5,392,2018,540341,     15.60,      4.00,      6.60,      5.20,0,0,0,3,3,3
H5,392,2018,540342,     15.60,      4.00,      6.60,      5.20,0,0,0,3,3,3
H5,392,2018,540349,     15.60,      4.00,      6.60,      5.20,0,0,0,3,3,3
H5,392,2018,540411,      6.60,      6.60,      6.60,      6.60,0,0,0,1,1,1
H5,392,2018,540412,      6.60,      6.60,      6.60,      6.60,0,0,0,1,1,1
H5,392,2018,540419,     13.20,      6.60,      6.60,      6.60,0,0,0,2,2,2
H5,392,2018,540490,      6.60,      6.60,      6.60,      6.60,0,0,0,1,1,1
H5,392,2018,540500,      3.50,      3.50,      3.50,      3.50,0,0,0,1,1,1
H5,392,2018,540600,     14.30,      3.50,      5.80,      4.77,0,0,0,3,3,3
H5,392,2018,540710,     32.00,      5.30,      8.20,      6.40,0,0,0,5,5,5
H5,392,2018,540720,     34.70,      5.30,      8.20,      6.94,0,0,0,5,5,5
H5,392,2018,540730,     34.70,      5.30,      8.20,      6.94,0,0,0,5,5,5
H5,392,2018,540741,     21.60,      5.70,      8.80,      7.20,0,0,0,3,3,3
H5,392,2018,540742,     20.10,      5.30,      8.20,      6.70,0,0,0,3,3,3
H5,392,2018,540743,     20.10,      5.30,      8.20,      6.70,0,0,0,3,3,3
H5,392,2018,540744,     20.10,      5.30,      8.20,      6.70,0,0,0,3,3,3
H5,392,2018,540751,     21.60,      5.70,      8.80,      7.20,0,0,0,3,3,3
H5,392,2018,540752,     20.10,      5.30,      8.20,      6.70,0,0,0,3,3,3
H5,392,2018,540753,     20.10,      5.30,      8.20,      6.70,0,0,0,3,3,3
H5,392,2018,540754,     20.10,      5.30,      8.20,      6.70,0,0,0,3,3,3
H5,392,2018,540761,     38.70,      5.70,      8.80,      6.45,0,0,0,6,6,6
H5,392,2018,540769,     29.40,      5.30,      8.20,      5.88,0,0,0,5,5,5
H5,392,2018,540771,     21.50,      5.30,      8.20,      7.17,0,0,0,3,3,3
H5,392,2018,540772,     21.50,      5.30,      8.20,      7.17,0,0,0,3,3,3
H5,392,2018,540773,     21.50,      5.30,      8.20,      7.17,0,0,0,3,3,3
H5,392,2018,540774,     21.50,      5.30,      8.20,      7.17,0,0,0,3,3,3
H5,392,2018,540781,     21.40,      6.60,      8.20,      7.13,0,0,0,3,3,3
H5,392,2018,540782,     21.40,      6.60,      8.20,      7.13,0,0,0,3,3,3
H5,392,2018,540783,     21.40,      6.60,      8.20,      7.13,0,0,0,3,3,3
H5,392,2018,540784,     21.40,      6.60,      8.20,      7.13,0,0,0,3,3,3
H5,392,2018,540791,     31.40,      6.60,     10.00,      7.85,0,0,0,4,4,4
H5,392,2018,540792,     31.40,      6.60,     10.00,      7.85,0,0,0,4,4,4
H5,392,2018,540793,     31.40,      6.60,     10.00,      7.85,0,0,0,4,4,4
H5,392,2018,540794,     31.40,      6.60,     10.00,      7.85,0,0,0,4,4,4
H5,392,2018,540810,     10.60,      4.00,      6.60,      5.30,0,0,0,2,2,2
H5,392,2018,540821,     27.30,      4.30,      8.80,      6.82,0,0,0,4,4,4
H5,392,2018,540822,     25.40,      4.00,      8.20,      6.35,0,0,0,4,4,4
H5,392,2018,540823,     25.40,      4.00,      8.20,      6.35,0,0,0,4,4,4
H5,392,2018,540824,     25.40,      4.00,      8.20,      6.35,0,0,0,4,4,4
H5,392,2018,540831,     27.30,      4.30,      8.80,      6.82,0,0,0,4,4,4
H5,392,2018,540832,     25.40,      4.00,      8.20,      6.35,0,0,0,4,4,4
H5,392,2018,540833,     25.40,      4.00,      8.20,      6.35,0,0,0,4,4,4
H5,392,2018,540834,     25.40,      4.00,      8.20,      6.35,0,0,0,4,4,4
H5,392,2018,550110,      6.60,      0.00,      6.60,      3.30,0,1,0,1,2,2
H5,392,2018,550120,      6.60,      6.60,      6.60,      6.60,0,0,0,1,1,1
H5,392,2018,550130,      6.60,      6.60,      6.60,      6.60,0,0,0,1,1,1
H5,392,2018,550140,      6.60,      6.60,      6.60,      6.60,0,0,0,1,1,1
H5,392,2018,550190,      6.60,      6.60,      6.60,      6.60,0,0,0,1,1,1
H5,392,2018,550210,      5.80,      5.80,      5.80,      5.80,0,0,0,1,1,1
H5,392,2018,550290,      3.50,      3.50,      3.50,      3.50,0,0,0,1,1,1
H5,392,2018,550311,      5.30,      5.30,      5.30,      5.30,0,0,0,1,1,1
H5,392,2018,550319,      5.30,      5.30,      5.30,      5.30,0,0,0,1,1,1
H5,392,2018,550320,     13.20,      6.60,      6.60,      6.60,0,0,0,2,2,2
H5,392,2018,550330,      6.60,      6.60,      6.60,      6.60,0,0,0,1,1,1
H5,392,2018,550340,      6.60,      6.60,      6.60,      6.60,0,0,0,1,1,1
H5,392,2018,550390,     10.60,      4.00,      6.60,      5.30,0,0,0,2,2,2
H5,392,2018,550410,      4.00,      4.00,      4.00,      4.00,0,0,0,1,1,1
H5,392,2018,550490,     10.60,      4.00,      6.60,      5.30,0,0,0,2,2,2
H5,392,2018,550510,      0.00,      0.00,      0.00,      0.00,0,1,0,0,1,1
H5,392,2018,550520,      0.00,      0.00,      0.00,      0.00,0,1,0,0,1,1
H5,392,2018,550610,      6.60,      6.60,      6.60,      6.60,0,0,0,1,1,1
H5,392,2018,550620,      6.60,      6.60,      6.60,      6.60,0,0,0,1,1,1
H5,392,2018,550630,      6.60,      6.60,      6.60,      6.60,0,0,0,1,1,1
H5,392,2018,550640,     10.10,      3.50,      6.60,      5.05,0,0,0,2,2,2
H5,392,2018,550690,     10.10,      3.50,      6.60,      5.05,0,0,0,2,2,2
H5,392,2018,550700,     10.10,      3.50,      6.60,      5.05,0,0,0,2,2,2
H5,392,2018,550810,      6.60,      6.60,      6.60,      6.60,0,0,0,1,1,1
H5,392,2018,550820,     10.60,      4.00,      6.60,      5.30,0,0,0,2,2,2
H5,392,2018,550911,      6.60,      6.60,      6.60,      6.60,0,0,0,1,1,1
H5,392,2018,550912,      6.60,      6.60,      6.60,      6.60,0,0,0,1,1,1
H5,392,2018,550921,      6.60,      6.60,      6.60,      6.60,0,0,0,1,1,1
H5,392,2018,550922,      6.60,      6.60,      6.60,      6.60,0,0,0,1,1,1
H5,392,2018,550931,      6.60,      6.60,      6.60,      6.60,0,0,0,1,1,1
H5,392,2018,550932,      6.60,      6.60,      6.60,      6.60,0,0,0,1,1,1
H5,392,2018,550941,      6.60,      6.60,      6.60,      6.60,0,0,0,1,1,1
H5,392,2018,550942,      6.60,      6.60,      6.60,      6.60,0,0,0,1,1,1
H5,392,2018,550951,     10.60,      4.00,      6.60,      5.30,0,0,0,2,2,2
H5,392,2018,550952,     10.60,      4.00,      6.60,      5.30,0,0,0,2,2,2
H5,392,2018,550953,     10.60,      4.00,      6.60,      5.30,0,0,0,2,2,2
H5,392,2018,550959,     10.60,      4.00,      6.60,      5.30,0,0,0,2,2,2
H5,392,2018,550961,     10.60,      4.00,      6.60,      5.30,0,0,0,2,2,2
H5,392,2018,550962,     10.60,      4.00,      6.60,      5.30,0,0,0,2,2,2
H5,392,2018,550969,     10.60,      4.00,      6.60,      5.30,0,0,0,2,2,2
H5,392,2018,550991,     10.60,      4.00,      6.60,      5.30,0,0,0,2,2,2
H5,392,2018,550992,     10.60,      4.00,      6.60,      5.30,0,0,0,2,2,2
H5,392,2018,550999,     10.60,      4.00,      6.60,      5.30,0,0,0,2,2,2
H5,392,2018,551011,     12.00,      4.00,      4.00,      4.00,0,0,0,3,3,3
H5,392,2018,551012,      4.00,      4.00,      4.00,      4.00,0,0,0,1,1,1
H5,392,2018,551020,      4.00,      4.00,      4.00,      4.00,0,0,0,1,1,1
H5,392,2018,551030,      4.00,      4.00,      4.00,      4.00,0,0,0,1,1,1
H5,392,2018,551090,      4.00,      4.00,      4.00,      4.00,0,0,0,1,1,1
H5,392,2018,551110,      6.60,      6.60,      6.60,      6.60,0,0,0,1,1,1
H5,392,2018,551120,      6.60,      6.60,      6.60,      6.60,0,0,0,1,1,1
H5,392,2018,551130,      3.30,      3.30,      3.30,      3.30,0,0,0,1,1,1
H5,392,2018,551211,     14.50,      5.70,      8.80,      7.25,0,0,0,2,2,2
H5,392,2018,551219,     13.50,      5.30,      8.20,      6.75,0,0,0,2,2,2
H5,392,2018,551221,     13.50,      5.30,      8.20,      6.75,0,0,0,2,2,2
H5,392,2018,551229,     13.50,      5.30,      8.20,      6.75,0,0,0,2,2,2
H5,392,2018,551291,     28.10,      5.30,      8.20,      7.03,0,0,0,4,4,4
H5,392,2018,551299,     28.10,      5.30,      8.20,      7.03,0,0,0,4,4,4
H5,392,2018,551311,     23.00,      7.10,      8.80,      7.67,0,0,0,3,3,3
H5,392,2018,551312,     23.00,      7.10,      8.80,      7.67,0,0,0,3,3,3
H5,392,2018,551313,     23.00,      7.10,      8.80,      7.67,0,0,0,3,3,3
H5,392,2018,551319,     31.40,      6.60,     10.00,      7.85,0,0,0,4,4,4
H5,392,2018,551321,     21.40,      6.60,      8.20,      7.13,0,0,0,3,3,3
H5,392,2018,551323,     21.40,      6.60,      8.20,      7.13,0,0,0,3,3,3
H5,392,2018,551329,     31.40,      6.60,     10.00,      7.85,0,0,0,4,4,4
H5,392,2018,551331,     21.40,      6.60,      8.20,      7.13,0,0,0,3,3,3
H5,392,2018,551339,     38.00,      6.60,     10.00,      7.60,0,0,0,5,5,5
H5,392,2018,551341,     21.40,      6.60,      8.20,      7.13,0,0,0,3,3,3
H5,392,2018,551349,     38.00,      6.60,     10.00,      7.60,0,0,0,5,5,5
H5,392,2018,551411,     23.00,      7.10,      8.80,      7.67,0,0,0,3,3,3
H5,392,2018,551412,     23.00,      7.10,      8.80,      7.67,0,0,0,3,3,3
H5,392,2018,551419,     61.50,      6.60,     10.00,      7.69,0,0,0,8,8,8
H5,392,2018,551421,     21.40,      6.60,      8.20,      7.13,0,0,0,3,3,3
H5,392,2018,551422,     21.40,      6.60,      8.20,      7.13,0,0,0,3,3,3
H5,392,2018,551423,     21.40,      6.60,      8.20,      7.13,0,0,0,3,3,3
H5,392,2018,551429,     31.40,      6.60,     10.00,      7.85,0,0,0,4,4,4
H5,392,2018,551430,     38.00,      6.60,     10.00,      7.60,0,0,0,5,5,5
H5,392,2018,551441,     21.40,      6.60,      8.20,      7.13,0,0,0,3,3,3
H5,392,2018,551442,     21.40,      6.60,      8.20,      7.13,0,0,0,3,3,3
H5,392,2018,551443,     21.40,      6.60,      8.20,      7.13,0,0,0,3,3,3
H5,392,2018,551449,     31.40,      6.60,     10.00,      7.85,0,0,0,4,4,4
H5,392,2018,551511,     23.00,      7.10,      8.80,      7.67,0,0,0,3,3,3
H5,392,2018,551512,     23.00,      7.10,      8.80,      7.67,0,0,0,3,3,3
H5,392,2018,551513,     23.00,      7.10,      8.80,      7.67,0,0,0,3,3,3
H5,392,2018,551519,     23.00,      7.10,      8.80,      7.67,0,0,0,3,3,3
H5,392,2018,551521,     21.40,      6.60,      8.20,      7.13,0,0,0,3,3,3
H5,392,2018,551522,     21.40,      6.60,      8.20,      7.13,0,0,0,3,3,3
H5,392,2018,551529,     21.40,      6.60,      8.20,      7.13,0,0,0,3,3,3
H5,392,2018,551591,     31.40,      6.60,     10.00,      7.85,0,0,0,4,4,4
H5,392,2018,551599,     31.40,      6.60,     10.00,      7.85,0,0,0,4,4,4
H5,392,2018,551611,     27.30,      4.30,      8.80,      6.82,0,0,0,4,4,4
H5,392,2018,551612,     25.40,      4.00,      8.20,      6.35,0,0,0,4,4,4
H5,392,2018,551613,     25.40,      4.00,      8.20,      6.35,0,0,0,4,4,4
H5,392,2018,551614,     25.40,      4.00,      8.20,      6.35,0,0,0,4,4,4
H5,392,2018,551621,     27.30,      4.30,      8.80,      6.82,0,0,0,4,4,4
H5,392,2018,551622,     25.40,      4.00,      8.20,      6.35,0,0,0,4,4,4
H5,392,2018,551623,     25.40,      4.00,      8.20,      6.35,0,0,0,4,4,4
H5,392,2018,551624,     25.40,      4.00,      8.20,      6.35,0,0,0,4,4,4
H5,392,2018,551631,     27.30,      4.30,      8.80,      6.82,0,0,0,4,4,4
H5,392,2018,551632,     25.40,      4.00,      8.20,      6.35,0,0,0,4,4,4
H5,392,2018,551633,     25.40,      4.00,      8.20,      6.35,0,0,0,4,4,4
H5,392,2018,551634,     25.40,      4.00,      8.20,      6.35,0,0,0,4,4,4
H5,392,2018,551641,     27.30,      4.30,      8.80,      6.82,0,0,0,4,4,4
H5,392,2018,551642,     25.40,      4.00,      8.20,      6.35,0,0,0,4,4,4
H5,392,2018,551643,     25.40,      4.00,      8.20,      6.35,0,0,0,4,4,4
H5,392,2018,551644,     25.40,      4.00,      8.20,      6.35,0,0,0,4,4,4
H5,392,2018,551691,     27.30,      4.30,      8.80,      6.82,0,0,0,4,4,4
H5,392,2018,551692,     25.40,      4.00,      8.20,      6.35,0,0,0,4,4,4
H5,392,2018,551693,     25.40,      4.00,      8.20,      6.35,0,0,0,4,4,4
H5,392,2018,551694,     25.40,      4.00,      8.20,      6.35,0,0,0,4,4,4
H5,392,2018,560121,      0.00,      0.00,      0.00,      0.00,0,1,0,0,1,1
H5,392,2018,560122,      0.00,      0.00,      0.00,      0.00,0,1,0,0,1,1
H5,392,2018,560129,      0.00,      0.00,      0.00,      0.00,0,1,0,0,1,1
H5,392,2018,560130,      0.00,      0.00,      0.00,      0.00,0,2,0,0,2,2
H5,392,2018,560210,      5.60,      5.60,      5.60,      5.60,0,0,0,1,1,1
H5,392,2018,560221,      5.60,      5.60,      5.60,      5.60,0,0,0,1,1,1
H5,392,2018,560229,      5.60,      5.60,      5.60,      5.60,0,0,0,1,1,1
H5,392,2018,560290,      5.60,      5.60,      5.60,      5.60,0,0,0,1,1,1
H5,392,2018,560311,     21.50,      0.00,      4.30,      3.58,0,1,0,5,6,6
H5,392,2018,560312,     21.50,      0.00,      4.30,      3.58,0,1,0,5,6,6
H5,392,2018,560313,     21.50,      0.00,      4.30,      3.58,0,1,0,5,6,6
H5,392,2018,560314,     21.50,      0.00,      4.30,      3.58,0,1,0,5,6,6
H5,392,2018,560391,     21.50,      0.00,      4.30,      3.58,0,1,0,5,6,6
H5,392,2018,560392,     21.50,      0.00,      4.30,      3.58,0,1,0,5,6,6
H5,392,2018,560393,     21.50,      0.00,      4.30,      3.58,0,1,0,5,6,6
H5,392,2018,560394,     17.20,      0.00,      4.30,      3.44,0,1,0,4,5,5
H5,392,2018,560410,      3.30,      3.30,      3.30,      3.30,0,0,0,1,1,1
H5,392,2018,560490,     21.30,      1.90,      6.60,      3.55,0,0,0,6,6,6
H5,392,2018,560500,      4.70,      4.70,      4.70,      4.70,0,0,0,1,1,1
H5,392,2018,560600,     11.90,      5.30,      6.60,      5.95,0,0,0,2,2,2
H5,392,2018,560721,      0.00,      0.00,      0.00,      0.00,0,1,0,0,1,1
H5,392,2018,560729,      4.00,      4.00,      4.00,      4.00,0,0,0,1,1,1
H5,392,2018,560741,      5.30,      5.30,      5.30,      5.30,0,0,0,1,1,1
H5,392,2018,560749,     10.60,      5.30,      5.30,      5.30,0,0,0,2,2,2
H5,392,2018,560750,      5.30,      5.30,      5.30,      5.30,0,0,0,1,1,1
H5,392,2018,560790,      5.00,      0.00,      2.50,      1.67,0,1,0,2,3,3
H5,392,2018,560811,      5.30,      5.30,      5.30,      5.30,0,0,0,1,1,1
H5,392,2018,560819,     17.80,      2.50,      5.30,      4.45,0,0,0,4,4,4
H5,392,2018,560890,     12.30,      3.30,      5.00,      4.10,0,0,0,3,3,3
H5,392,2018,560900,      8.60,      3.30,      5.30,      4.30,0,0,0,2,2,2
H5,392,2018,570110,      7.90,      7.90,      7.90,      7.90,0,0,0,1,1,1
H5,392,2018,570190,      7.90,      7.90,      7.90,      7.90,0,0,0,1,1,1
H5,392,2018,570210,      6.00,      6.00,      6.00,      6.00,0,0,0,1,1,1
H5,392,2018,570220,      0.00,      0.00,      0.00,      0.00,0,1,0,0,1,1
H5,392,2018,570231,      8.10,      8.10,      8.10,      8.10,0,0,0,1,1,1
H5,392,2018,570232,      7.90,      7.90,      7.90,      7.90,0,0,0,1,1,1
H5,392,2018,570239,     16.30,      7.90,      8.40,      8.15,0,0,0,2,2,2
H5,392,2018,570241,      8.10,      8.10,      8.10,      8.10,0,0,0,1,1,1
H5,392,2018,570242,      7.90,      0.00,      7.90,      3.95,0,1,0,1,2,2
H5,392,2018,570249,     16.30,      7.90,      8.40,      8.15,0,0,0,2,2,2
H5,392,2018,570250,     24.40,      7.90,      8.40,      8.13,0,0,0,3,3,3
H5,392,2018,570291,      8.10,      8.10,      8.10,      8.10,0,0,0,1,1,1
H5,392,2018,570292,      7.90,      7.90,      7.90,      7.90,0,0,0,1,1,1
H5,392,2018,570299,     16.30,      7.90,      8.40,      8.15,0,0,0,2,2,2
H5,392,2018,570310,      7.90,      7.90,      7.90,      7.90,0,0,0,1,1,1
H5,392,2018,570320,     12.60,      0.00,      6.30,      4.20,0,1,0,2,3,3
H5,392,2018,570330,      6.30,      0.00,      6.30,      3.15,0,1,0,1,2,2
H5,392,2018,570390,     16.30,      7.90,      8.40,      8.15,0,0,0,2,2,2
H5,392,2018,570410,      7.40,      7.40,      7.40,      7.40,0,0,0,1,1,1
H5,392,2018,570420,      7.40,      7.40,      7.40,      7.40,0,0,0,1,1,1
H5,392,2018,570490,      7.40,      0.00,      7.40,      3.70,0,1,0,1,2,2
H5,392,2018,570500,     24.20,      7.90,      8.40,      8.07,0,0,0,3,3,3
H5,392,2018,580110,     11.70,      5.30,      6.40,      5.85,0,0,0,2,2,2
H5,392,2018,580121,     18.40,      3.50,      5.60,      4.60,0,0,0,4,4,4
H5,392,2018,580122,      8.70,      4.20,      4.50,      4.35,0,0,0,2,2,2
H5,392,2018,580123,      8.70,      4.20,      4.50,      4.35,0,0,0,2,2,2
H5,392,2018,580126,      7.20,      0.00,      3.70,      2.40,0,1,0,2,3,3
H5,392,2018,580127,     14.40,      3.50,      3.70,      3.60,0,0,0,4,4,4
H5,392,2018,580131,     30.10,      3.50,      8.00,      6.02,0,0,0,5,5,5
H5,392,2018,580132,     14.10,      3.50,      6.60,      4.70,0,0,0,3,3,3
H5,392,2018,580133,     14.10,      3.50,      6.60,      4.70,0,0,0,3,3,3
H5,392,2018,580136,     14.10,      0.00,      6.60,      3.53,0,1,0,3,4,4
H5,392,2018,580137,     28.20,      3.50,      6.60,      4.70,0,0,0,6,6,6
H5,392,2018,580190,     29.60,      3.50,      8.00,      5.92,0,0,0,5,5,5
H5,392,2018,580211,     12.70,      3.70,      4.50,      4.23,0,0,0,3,3,3
H5,392,2018,580219,     12.70,      3.70,      4.50,      4.23,0,0,0,3,3,3
H5,392,2018,580220,     16.80,      3.50,      8.00,      5.60,0,0,0,3,3,3
H5,392,2018,580230,      3.70,      3.70,      3.70,      3.70,0,0,0,1,1,1
H5,392,2018,580300,     56.30,      3.70,     10.00,      7.04,0,0,0,8,8,8
H5,392,2018,580410,     10.10,      3.50,      6.60,      5.05,0,0,0,2,2,2
H5,392,2018,580421,     21.70,      3.50,      9.10,      7.23,0,0,0,3,3,3
H5,392,2018,580429,     25.20,      3.50,     12.60,      8.40,0,0,0,3,3,3
H5,392,2018,580430,     25.20,      3.50,     12.60,      8.40,0,0,0,3,3,3
H5,392,2018,580500,      6.90,      6.90,      6.90,      6.90,0,0,0,1,1,1
H5,392,2018,580610,      5.30,      5.30,      5.30,      5.30,0,0,0,1,1,1
H5,392,2018,580620,      4.00,      4.00,      4.00,      4.00,0,0,0,1,1,1
H5,392,2018,580631,      7.40,      7.40,      7.40,      7.40,0,0,0,1,1,1
H5,392,2018,580632,      5.30,      0.00,      5.30,      2.65,0,1,0,1,2,2
H5,392,2018,580639,      6.40,      6.40,      6.40,      6.40,0,0,0,1,1,1
H5,392,2018,580640,      5.30,      5.30,      5.30,      5.30,0,0,0,1,1,1
H5,392,2018,580710,      5.30,      5.30,      5.30,      5.30,0,0,0,1,1,1
H5,392,2018,580790,     10.90,     10.90,     10.90,     10.90,0,0,0,1,1,1
H5,392,2018,580810,      6.60,      6.60,      6.60,      6.60,0,0,0,1,1,1
H5,392,2018,580890,      6.60,      6.60,      6.60,      6.60,0,0,0,1,1,1
H5,392,2018,580900,      4.70,      4.70,      4.70,      4.70,0,0,0,1,1,1
H5,392,2018,581010,      0.00,      0.00,      0.00,      0.00,0,1,0,0,1,1
H5,392,2018,581091,      0.00,      0.00,      0.00,      0.00,0,1,0,0,1,1
H5,392,2018,581092,      0.00,      0.00,      0.00,      0.00,0,1,0,0,1,1
H5,392,2018,581099,      0.00,      0.00,      0.00,      0.00,0,1,0,0,1,1
H5,392,2018,581100,     23.60,      3.50,      8.20,      5.90,1,0,0,4,4,5
H5,392,2018,590110,      3.30,      3.30,      3.30,      3.30,0,0,0,1,1,1
H5,392,2018,590190,      4.00,      4.00,      4.00,      4.00,0,0,0,1,1,1
H5,392,2018,590210,     15.90,      3.50,      6.60,      5.30,0,0,0,3,3,3
H5,392,2018,590220,      7.00,      3.50,      3.50,      3.50,0,0,0,2,2,2
H5,392,2018,590290,      3.50,      3.50,      3.50,      3.50,0,0,0,1,1,1
H5,392,2018,590310,      3.50,      3.50,      3.50,      3.50,0,0,0,1,1,1
H5,392,2018,590320,      3.50,      3.50,      3.50,      3.50,0,0,0,1,1,1
H5,392,2018,590390,      3.50,      3.50,      3.50,      3.50,0,0,0,1,1,1
H5,392,2018,590410,      0.00,      0.00,      0.00,      0.00,0,1,0,0,1,1
H5,392,2018,590490,      3.90,      3.90,      3.90,      3.90,0,0,0,1,1,1
H5,392,2018,590500,      5.30,      5.30,      5.30,      5.30,0,0,0,1,1,1
H5,392,2018,590610,      3.50,      3.50,      3.50,      3.50,0,0,0,1,1,1
H5,392,2018,590691,     11.20,      4.70,      6.50,      5.60,0,0,0,2,2,2
H5,392,2018,590699,      3.50,      3.50,      3.50,      3.50,0,0,0,1,1,1
H5,392,2018,590700,      3.30,      3.30,      3.30,      3.30,0,0,0,1,1,1
H5,392,2018,590800,      4.90,      4.90,      4.90,      4.90,0,0,0,1,1,1
H5,392,2018,590900,      3.90,      3.90,      3.90,      3.90,0,0,0,1,1,1
H5,392,2018,591000,      8.40,      3.50,      4.90,      4.20,0,0,0,2,2,2
H5,392,2018,591110,      7.70,      2.80,      4.90,      3.85,0,0,0,2,2,2
H5,392,2018,591120,      3.50,      3.50,      3.50,      3.50,0,0,0,1,1,1
H5,392,2018,591131,     11.70,      2.80,      4.90,      3.90,0,0,0,3,3,3
H5,392,2018,591132,     11.70,      2.80,      4.90,      3.90,0,0,0,3,3,3
H5,392,2018,591140,      7.70,      2.80,      4.90,      3.85,0,0,0,2,2,2
H5,392,2018,591190,      4.90,      0.00,      4.90,      2.45,0,1,0,1,2,2
H5,392,2018,600110,      7.90,      7.90,      7.90,      7.90,0,0,0,1,1,1
H5,392,2018,600121,      9.80,      9.80,      9.80,      9.80,0,0,0,1,1,1
H5,392,2018,600122,      7.90,      7.90,      7.90,      7.90,0,0,0,1,1,1
H5,392,2018,600129,      7.90,      7.90,      7.90,      7.90,0,0,0,1,1,1
H5,392,2018,600191,      9.80,      9.80,      9.80,      9.80,0,0,0,1,1,1
H5,392,2018,600192,     31.60,      0.00,      7.90,      6.32,0,1,0,4,5,5
H5,392,2018,600199,      7.90,      7.90,      7.90,      7.90,0,0,0,1,1,1
H5,392,2018,600240,     28.40,      5.30,      9.80,      7.10,0,0,0,4,4,4
H5,392,2018,600290,     59.00,      5.30,      7.80,      5.90,0,0,0,10,10,10
H5,392,2018,600310,     13.20,      5.30,      7.90,      6.60,0,0,0,2,2,2
H5,392,2018,600320,     15.20,      5.40,      9.80,      7.60,0,0,0,2,2,2
H5,392,2018,600330,     13.30,      5.40,      7.90,      6.65,0,0,0,2,2,2
H5,392,2018,600340,     13.30,      5.40,      7.90,      6.65,0,0,0,2,2,2
H5,392,2018,600390,     13.20,      5.30,      7.90,      6.60,0,0,0,2,2,2
H5,392,2018,600410,     33.80,      5.30,      9.80,      6.76,0,0,0,5,5,5
H5,392,2018,600490,     59.00,      5.30,      7.80,      5.90,0,0,0,10,10,10
H5,392,2018,600521,      9.80,      9.80,      9.80,      9.80,0,0,0,1,1,1
H5,392,2018,600522,      9.80,      9.80,      9.80,      9.80,0,0,0,1,1,1
H5,392,2018,600523,      9.80,      9.80,      9.80,      9.80,0,0,0,1,1,1
H5,392,2018,600524,      9.80,      9.80,      9.80,      9.80,0,0,0,1,1,1
H5,392,2018,600535,      7.90,      7.90,      7.90,      7.90,0,0,0,1,1,1
H5,392,2018,600536,      7.90,      7.90,      7.90,      7.90,0,0,0,1,1,1
H5,392,2018,600537,      7.90,      7.90,      7.90,      7.90,0,0,0,1,1,1
H5,392,2018,600538,      7.90,      7.90,      7.90,      7.90,0,0,0,1,1,1
H5,392,2018,600539,      7.90,      7.90,      7.90,      7.90,0,0,0,1,1,1
H5,392,2018,600541,      7.90,      7.90,      7.90,      7.90,0,0,0,1,1,1
H5,392,2018,600542,      7.90,      7.90,      7.90,      7.90,0,0,0,1,1,1
H5,392,2018,600543,      7.90,      7.90,      7.90,      7.90,0,0,0,1,1,1
H5,392,2018,600544,      7.90,      7.90,      7.90,      7.90,0,0,0,1,1,1
H5,392,2018,600590,      7.90,      7.90,      7.90,      7.90,0,0,0,1,1,1
H5,392,2018,600610,     13.20,      5.30,      7.90,      6.60,0,0,0,2,2,2
H5,392,2018,600621,     15.40,      5.60,      9.80,      7.70,0,0,0,2,2,2
H5,392,2018,600622,     15.40,      5.60,      9.80,      7.70,0,0,0,2,2,2
H5,392,2018,600623,     15.40,      5.60,      9.80,      7.70,0,0,0,2,2,2
H5,392,2018,600624,     15.40,      5.60,      9.80,      7.70,0,0,0,2,2,2
H5,392,2018,600631,     20.20,      4.00,      9.60,      6.73,0,0,0,3,3,3
H5,392,2018,600632,     20.20,      4.00,      9.60,      6.73,0,0,0,3,3,3
H5,392,2018,600633,     20.20,      4.00,      9.60,      6.73,0,0,0,3,3,3
H5,392,2018,600634,     20.20,      4.00,      9.60,      6.73,0,0,0,3,3,3
H5,392,2018,600641,     20.20,      4.00,      9.60,      6.73,0,0,0,3,3,3
H5,392,2018,600642,     20.20,      4.00,      9.60,      6.73,0,0,0,3,3,3
H5,392,2018,600643,     20.20,      4.00,      9.60,      6.73,0,0,0,3,3,3
H5,392,2018,600644,     20.20,      4.00,      9.60,      6.73,0,0,0,3,3,3
H5,392,2018,600690,     13.20,      5.30,      7.90,      6.60,0,0,0,2,2,2
H5,392,2018,610120,     10.90,     10.90,     10.90,     10.90,0,0,0,1,1,1
H5,392,2018,610130,     10.90,     10.90,     10.90,     10.90,0,0,0,1,1,1
H5,392,2018,610190,     19.30,      8.40,     10.90,      9.65,0,0,0,2,2,2
H5,392,2018,610210,     10.90,     10.90,     10.90,     10.90,0,0,0,1,1,1
H5,392,2018,610220,     10.90,     10.90,     10.90,     10.90,0,0,0,1,1,1
H5,392,2018,610230,     21.80,     10.90,     10.90,     10.90,0,0,0,2,2,2
H5,392,2018,610290,      8.40,      8.40,      8.40,      8.40,0,0,0,1,1,1
H5,392,2018,610310,     19.30,      8.40,     10.90,      9.65,0,0,0,2,2,2
H5,392,2018,610322,     10.90,     10.90,     10.90,     10.90,0,0,0,1,1,1
H5,392,2018,610323,     10.90,     10.90,     10.90,     10.90,0,0,0,1,1,1
H5,392,2018,610329,     19.30,      8.40,     10.90,      9.65,0,0,0,2,2,2
H5,392,2018,610331,     10.90,     10.90,     10.90,     10.90,0,0,0,1,1,1
H5,392,2018,610332,     10.90,     10.90,     10.90,     10.90,0,0,0,1,1,1
H5,392,2018,610333,     10.90,     10.90,     10.90,     10.90,0,0,0,1,1,1
H5,392,2018,610339,      8.40,      8.40,      8.40,      8.40,0,0,0,1,1,1
H5,392,2018,610341,     10.90,     10.90,     10.90,     10.90,0,0,0,1,1,1
H5,392,2018,610342,     10.90,     10.90,     10.90,     10.90,0,0,0,1,1,1
H5,392,2018,610343,     10.90,     10.90,     10.90,     10.90,0,0,0,1,1,1
H5,392,2018,610349,      8.40,      8.40,      8.40,      8.40,0,0,0,1,1,1
H5,392,2018,610413,     10.90,     10.90,     10.90,     10.90,0,0,0,1,1,1
H5,392,2018,610419,     19.30,      8.40,     10.90,      9.65,0,0,0,2,2,2
H5,392,2018,610422,     10.90,     10.90,     10.90,     10.90,0,0,0,1,1,1
H5,392,2018,610423,     10.90,     10.90,     10.90,     10.90,0,0,0,1,1,1
H5,392,2018,610429,     19.30,      8.40,     10.90,      9.65,0,0,0,2,2,2
H5,392,2018,610431,     10.90,     10.90,     10.90,     10.90,0,0,0,1,1,1
H5,392,2018,610432,     10.90,     10.90,     10.90,     10.90,0,0,0,1,1,1
H5,392,2018,610433,     10.90,     10.90,     10.90,     10.90,0,0,0,1,1,1
H5,392,2018,610439,      8.40,      8.40,      8.40,      8.40,0,0,0,1,1,1
H5,392,2018,610441,     10.90,     10.90,     10.90,     10.90,0,0,0,1,1,1
H5,392,2018,610442,     10.90,     10.90,     10.90,     10.90,0,0,0,1,1,1
H5,392,2018,610443,     10.90,     10.90,     10.90,     10.90,0,0,0,1,1,1
H5,392,2018,610444,     10.90,     10.90,     10.90,     10.90,0,0,0,1,1,1
H5,392,2018,610449,      8.40,      8.40,      8.40,      8.40,0,0,0,1,1,1
H5,392,2018,610451,     10.90,     10.90,     10.90,     10.90,0,0,0,1,1,1
H5,392,2018,610452,     10.90,     10.90,     10.90,     10.90,0,0,0,1,1,1
H5,392,2018,610453,     10.90,     10.90,     10.90,     10.90,0,0,0,1,1,1
H5,392,2018,610459,      8.40,      8.40,      8.40,      8.40,0,0,0,1,1,1
H5,392,2018,610461,     10.90,     10.90,     10.90,     10.90,0,0,0,1,1,1
H5,392,2018,610462,     10.90,     10.90,     10.90,     10.90,0,0,0,1,1,1
H5,392,2018,610463,     10.90,     10.90,     10.90,     10.90,0,0,0,1,1,1
H5,392,2018,610469,      8.40,      8.40,      8.40,      8.40,0,0,0,1,1,1
H5,392,2018,610510,     18.30,      7.40,     10.90,      9.15,0,0,0,2,2,2
H5,392,2018,610520,     18.30,      7.40,     10.90,      9.15,0,0,0,2,2,2
H5,392,2018,610590,     18.30,      7.40,     10.90,      9.15,0,0,0,2,2,2
H5,392,2018,610610,     27.40,      7.40,     10.90,      9.13,0,0,0,3,3,3
H5,392,2018,610620,     18.30,      7.40,     10.90,      9.15,0,0,0,2,2,2
H5,392,2018,610690,     18.30,      7.40,     10.90,      9.15,0,0,0,2,2,2
H5,392,2018,610711,      7.40,      7.40,      7.40,      7.40,0,0,0,1,1,1
H5,392,2018,610712,      7.40,      7.40,      7.40,      7.40,0,0,0,1,1,1
H5,392,2018,610719,      7.40,      7.40,      7.40,      7.40,0,0,0,1,1,1
H5,392,2018,610721,      7.40,      7.40,      7.40,      7.40,0,0,0,1,1,1
H5,392,2018,610722,      7.40,      7.40,      7.40,      7.40,0,0,0,1,1,1
H5,392,2018,610729,      7.40,      7.40,      7.40,      7.40,0,0,0,1,1,1
H5,392,2018,610791,     15.80,      7.40,      8.40,      7.90,0,0,0,2,2,2
H5,392,2018,610799,     15.80,      7.40,      8.40,      7.90,0,0,0,2,2,2
H5,392,2018,610811,      7.40,      7.40,      7.40,      7.40,0,0,0,1,1,1
H5,392,2018,610819,     14.80,      7.40,      7.40,      7.40,0,0,0,2,2,2
H5,392,2018,610821,      7.40,      7.40,      7.40,      7.40,0,0,0,1,1,1
H5,392,2018,610822,      7.40,      7.40,      7.40,      7.40,0,0,0,1,1,1
H5,392,2018,610829,      7.40,      7.40,      7.40,      7.40,0,0,0,1,1,1
H5,392,2018,610831,      7.40,      7.40,      7.40,      7.40,0,0,0,1,1,1
H5,392,2018,610832,      7.40,      7.40,      7.40,      7.40,0,0,0,1,1,1
H5,392,2018,610839,      7.40,      7.40,      7.40,      7.40,0,0,0,1,1,1
H5,392,2018,610891,     15.80,      7.40,      8.40,      7.90,0,0,0,2,2,2
H5,392,2018,610892,     15.80,      7.40,      8.40,      7.90,0,0,0,2,2,2
H5,392,2018,610899,     15.80,      7.40,      8.40,      7.90,0,0,0,2,2,2
H5,392,2018,610910,     18.30,      7.40,     10.90,      9.15,0,0,0,2,2,2
H5,392,2018,610990,     18.30,      7.40,     10.90,      9.15,0,0,0,2,2,2
H5,392,2018,611011,     10.90,     10.90,     10.90,     10.90,0,0,0,1,1,1
H5,392,2018,611012,     10.90,     10.90,     10.90,     10.90,0,0,0,1,1,1
H5,392,2018,611019,     10.90,     10.90,     10.90,     10.90,0,0,0,1,1,1
H5,392,2018,611020,     30.90,      9.10,     10.90,     10.30,0,0,0,3,3,3
H5,392,2018,611030,     41.80,      9.10,     10.90,     10.45,0,0,0,4,4,4
H5,392,2018,611090,     10.90,     10.90,     10.90,     10.90,0,0,0,1,1,1
H5,392,2018,611120,     33.00,      7.40,     10.80,      8.25,0,0,0,4,4,4
H5,392,2018,611130,     30.00,      5.30,     10.70,      7.50,0,0,0,4,4,4
H5,392,2018,611190,     37.30,      5.30,     10.90,      7.46,0,0,0,5,5,5
H5,392,2018,611211,     10.90,     10.90,     10.90,     10.90,0,0,0,1,1,1
H5,392,2018,611212,     10.90,     10.90,     10.90,     10.90,0,0,0,1,1,1
H5,392,2018,611219,      8.40,      8.40,      8.40,      8.40,0,0,0,1,1,1
H5,392,2018,611220,     19.30,      8.40,     10.90,      9.65,0,0,0,2,2,2
H5,392,2018,611231,     10.90,     10.90,     10.90,     10.90,0,0,0,1,1,1
H5,392,2018,611239,      8.40,      8.40,      8.40,      8.40,0,0,0,1,1,1
H5,392,2018,611241,     10.90,     10.90,     10.90,     10.90,0,0,0,1,1,1
H5,392,2018,611249,      8.40,      8.40,      8.40,      8.40,0,0,0,1,1,1
H5,392,2018,611300,     26.40,      5.60,     10.40,      8.80,0,0,0,3,3,3
H5,392,2018,611420,      8.10,      8.10,      8.10,      8.10,0,0,0,1,1,1
H5,392,2018,611430,     16.20,      8.10,      8.10,      8.10,0,0,0,2,2,2
H5,392,2018,611490,      8.10,      8.10,      8.10,      8.10,0,0,0,1,1,1
H5,392,2018,611510,     44.90,      5.00,      7.90,      6.41,0,0,0,7,7,7
H5,392,2018,611521,      7.40,      7.40,      7.40,      7.40,0,0,0,1,1,1
H5,392,2018,611522,      7.40,      7.40,      7.40,      7.40,0,0,0,1,1,1
H5,392,2018,611529,      7.40,      7.40,      7.40,      7.40,0,0,0,1,1,1
H5,392,2018,611530,     20.60,      5.30,      7.90,      6.87,0,0,0,3,3,3
H5,392,2018,611594,      5.30,      5.30,      5.30,      5.30,0,0,0,1,1,1
H5,392,2018,611595,      7.40,      7.40,      7.40,      7.40,0,0,0,1,1,1
H5,392,2018,611596,      6.60,      6.60,      6.60,      6.60,0,0,0,1,1,1
H5,392,2018,611599,      5.00,      5.00,      5.00,      5.00,0,0,0,1,1,1
H5,392,2018,611610,     70.90,      5.30,      7.40,      6.45,0,0,0,11,11,11
H5,392,2018,611691,     10.60,      5.30,      5.30,      5.30,0,0,0,2,2,2
H5,392,2018,611692,     14.80,      7.40,      7.40,      7.40,0,0,0,2,2,2
H5,392,2018,611693,     10.60,      5.30,      5.30,      5.30,0,0,0,2,2,2
H5,392,2018,611699,      5.00,      5.00,      5.00,      5.00,0,0,0,1,1,1
H5,392,2018,611710,     25.20,      8.40,      8.40,      8.40,0,0,0,3,3,3
H5,392,2018,611780,     30.20,      5.60,      8.40,      7.55,0,0,0,4,4,4
H5,392,2018,611790,      8.40,      8.40,      8.40,      8.40,0,0,0,1,1,1
H5,392,2018,620111,     21.90,      9.10,     12.80,     10.95,0,0,0,2,2,2
H5,392,2018,620112,     21.90,      9.10,     12.80,     10.95,0,0,0,2,2,2
H5,392,2018,620113,     21.90,      9.10,     12.80,     10.95,0,0,0,2,2,2
H5,392,2018,620119,     21.90,      9.10,     12.80,     10.95,0,0,0,2,2,2
H5,392,2018,620191,     21.90,      9.10,     12.80,     10.95,0,0,0,2,2,2
H5,392,2018,620192,     21.90,      9.10,     12.80,     10.95,0,0,0,2,2,2
H5,392,2018,620193,     21.90,      9.10,     12.80,     10.95,0,0,0,2,2,2
H5,392,2018,620199,     21.90,      9.10,     12.80,     10.95,0,0,0,2,2,2
H5,392,2018,620211,     21.90,      9.10,     12.80,     10.95,0,0,0,2,2,2
H5,392,2018,620212,     21.90,      9.10,     12.80,     10.95,0,0,0,2,2,2
H5,392,2018,620213,     21.90,      9.10,     12.80,     10.95,0,0,0,2,2,2
H5,392,2018,620219,     21.90,      9.10,     12.80,     10.95,0,0,0,2,2,2
H5,392,2018,620291,     21.90,      9.10,     12.80,     10.95,0,0,0,2,2,2
H5,392,2018,620292,     21.90,      9.10,     12.80,     10.95,0,0,0,2,2,2
H5,392,2018,620293,     21.90,      9.10,     12.80,     10.95,0,0,0,2,2,2
H5,392,2018,620299,     21.90,      9.10,     12.80,     10.95,0,0,0,2,2,2
H5,392,2018,620311,     21.90,      9.10,     12.80,     10.95,0,0,0,2,2,2
H5,392,2018,620312,     19.10,      9.10,     10.00,      9.55,0,0,0,2,2,2
H5,392,2018,620319,     19.10,      9.10,     10.00,      9.55,0,0,0,2,2,2
H5,392,2018,620322,     19.10,      9.10,     10.00,      9.55,0,0,0,2,2,2
H5,392,2018,620323,     19.10,      9.10,     10.00,      9.55,0,0,0,2,2,2
H5,392,2018,620329,     19.10,      9.10,     10.00,      9.55,0,0,0,2,2,2
H5,392,2018,620331,     21.90,      9.10,     12.80,     10.95,0,0,0,2,2,2
H5,392,2018,620332,     21.90,      9.10,     12.80,     10.95,0,0,0,2,2,2
H5,392,2018,620333,     21.90,      9.10,     12.80,     10.95,0,0,0,2,2,2
H5,392,2018,620339,     31.00,      9.10,     12.80,     10.33,0,0,0,3,3,3
H5,392,2018,620341,     19.10,      9.10,     10.00,      9.55,0,0,0,2,2,2
H5,392,2018,620342,     19.10,      9.10,     10.00,      9.55,0,0,0,2,2,2
H5,392,2018,620343,     19.10,      9.10,     10.00,      9.55,0,0,0,2,2,2
H5,392,2018,620349,     28.20,      9.10,     10.00,      9.40,0,0,0,3,3,3
H5,392,2018,620411,     21.90,      9.10,     12.80,     10.95,0,0,0,2,2,2
H5,392,2018,620412,     19.10,      9.10,     10.00,      9.55,0,0,0,2,2,2
H5,392,2018,620413,     19.10,      9.10,     10.00,      9.55,0,0,0,2,2,2
H5,392,2018,620419,     19.10,      9.10,     10.00,      9.55,0,0,0,2,2,2
H5,392,2018,620421,     19.10,      9.10,     10.00,      9.55,0,0,0,2,2,2
H5,392,2018,620422,     19.10,      9.10,     10.00,      9.55,0,0,0,2,2,2
H5,392,2018,620423,     19.10,      9.10,     10.00,      9.55,0,0,0,2,2,2
H5,392,2018,620429,     19.10,      9.10,     10.00,      9.55,0,0,0,2,2,2
H5,392,2018,620431,     21.90,      9.10,     12.80,     10.95,0,0,0,2,2,2
H5,392,2018,620432,     21.90,      9.10,     12.80,     10.95,0,0,0,2,2,2
H5,392,2018,620433,     21.90,      9.10,     12.80,     10.95,0,0,0,2,2,2
H5,392,2018,620439,     21.90,      9.10,     12.80,     10.95,0,0,0,2,2,2
H5,392,2018,620441,     19.10,      9.10,     10.00,      9.55,0,0,0,2,2,2
H5,392,2018,620442,     19.10,      9.10,     10.00,      9.55,0,0,0,2,2,2
H5,392,2018,620443,     19.10,      9.10,     10.00,      9.55,0,0,0,2,2,2
H5,392,2018,620444,     19.10,      9.10,     10.00,      9.55,0,0,0,2,2,2
H5,392,2018,620449,     19.10,      9.10,     10.00,      9.55,0,0,0,2,2,2
H5,392,2018,620451,     19.10,      9.10,     10.00,      9.55,0,0,0,2,2,2
H5,392,2018,620452,     19.10,      9.10,     10.00,      9.55,0,0,0,2,2,2
H5,392,2018,620453,     19.10,      9.10,     10.00,      9.55,0,0,0,2,2,2
H5,392,2018,620459,     19.10,      9.10,     10.00,      9.55,0,0,0,2,2,2
H5,392,2018,620461,     19.10,      9.10,     10.00,      9.55,0,0,0,2,2,2
H5,392,2018,620462,     19.10,      9.10,     10.00,      9.55,0,0,0,2,2,2
H5,392,2018,620463,     19.10,      9.10,     10.00,      9.55,0,0,0,2,2,2
H5,392,2018,620469,     19.10,      9.10,     10.00,      9.55,0,0,0,2,2,2
H5,392,2018,620520,      7.40,      7.40,      7.40,      7.40,0,0,0,1,1,1
H5,392,2018,620530,     14.80,      7.40,      7.40,      7.40,0,0,0,2,2,2
H5,392,2018,620590,     16.40,      7.40,      9.00,      8.20,0,0,0,2,2,2
H5,392,2018,620610,     29.00,      9.00,     10.00,      9.67,0,0,0,3,3,3
H5,392,2018,620620,     26.50,      7.40,     10.00,      8.83,0,0,0,3,3,3
H5,392,2018,620630,     26.50,      7.40,     10.00,      8.83,0,0,0,3,3,3
H5,392,2018,620640,     26.50,      7.40,     10.00,      8.83,0,0,0,3,3,3
H5,392,2018,620690,     26.50,      7.40,     10.00,      8.83,0,0,0,3,3,3
H5,392,2018,620711,      7.40,      7.40,      7.40,      7.40,0,0,0,1,1,1
H5,392,2018,620719,      9.00,      9.00,      9.00,      9.00,0,0,0,1,1,1
H5,392,2018,620721,      7.40,      7.40,      7.40,      7.40,0,0,0,1,1,1
H5,392,2018,620722,      7.40,      7.40,      7.40,      7.40,0,0,0,1,1,1
H5,392,2018,620729,      9.00,      9.00,      9.00,      9.00,0,0,0,1,1,1
H5,392,2018,620791,     26.50,      7.40,     10.00,      8.83,0,0,0,3,3,3
H5,392,2018,620799,     26.50,      7.40,     10.00,      8.83,0,0,0,3,3,3
H5,392,2018,620811,      7.40,      7.40,      7.40,      7.40,0,0,0,1,1,1
H5,392,2018,620819,      9.00,      9.00,      9.00,      9.00,0,0,0,1,1,1
H5,392,2018,620821,      7.40,      7.40,      7.40,      7.40,0,0,0,1,1,1
H5,392,2018,620822,      7.40,      7.40,      7.40,      7.40,0,0,0,1,1,1
H5,392,2018,620829,      9.00,      9.00,      9.00,      9.00,0,0,0,1,1,1
H5,392,2018,620891,     26.50,      7.40,     10.00,      8.83,0,0,0,3,3,3
H5,392,2018,620892,     26.50,      7.40,     10.00,      8.83,0,0,0,3,3,3
H5,392,2018,620899,     29.00,      9.00,     10.00,      9.67,0,0,0,3,3,3
H5,392,2018,620920,     33.00,      6.50,     10.00,      8.25,0,0,0,4,4,4
H5,392,2018,620930,     33.00,      6.50,     10.00,      8.25,0,0,0,4,4,4
H5,392,2018,620990,     40.40,      6.50,     10.00,      8.08,0,0,0,5,5,5
H5,392,2018,621010,     28.20,      9.10,     10.00,      9.40,0,0,0,3,3,3
H5,392,2018,621020,     19.10,      9.10,     10.00,      9.55,0,0,0,2,2,2
H5,392,2018,621030,     19.10,      9.10,     10.00,      9.55,0,0,0,2,2,2
H5,392,2018,621040,     19.10,      9.10,     10.00,      9.55,0,0,0,2,2,2
H5,392,2018,621050,     19.10,      9.10,     10.00,      9.55,0,0,0,2,2,2
H5,392,2018,621111,      9.10,      9.10,      9.10,      9.10,0,0,0,1,1,1
H5,392,2018,621112,      9.10,      9.10,      9.10,      9.10,0,0,0,1,1,1
H5,392,2018,621120,     31.00,      9.10,     12.80,     10.33,0,0,0,3,3,3
H5,392,2018,621132,     19.10,      9.10,     10.00,      9.55,0,0,0,2,2,2
H5,392,2018,621133,     21.90,      9.10,     12.80,     10.95,0,0,0,2,2,2
H5,392,2018,621139,     19.10,      9.10,     10.00,      9.55,0,0,0,2,2,2
H5,392,2018,621142,     19.10,      9.10,     10.00,      9.55,0,0,0,2,2,2
H5,392,2018,621143,     21.90,      9.10,     12.80,     10.95,0,0,0,2,2,2
H5,392,2018,621149,     39.10,      9.10,     10.00,      9.77,0,0,0,4,4,4
H5,392,2018,621210,      0.00,      0.00,      0.00,      0.00,0,1,0,0,1,1
H5,392,2018,621220,      0.00,      0.00,      0.00,      0.00,0,1,0,0,1,1
H5,392,2018,621230,      0.00,      0.00,      0.00,      0.00,0,1,0,0,1,1
H5,392,2018,621290,      0.00,      0.00,      0.00,      0.00,0,1,0,0,1,1
H5,392,2018,621320,      6.70,      6.70,      6.70,      6.70,0,0,0,1,1,1
H5,392,2018,621390,     20.70,      5.30,      9.00,      6.90,0,0,0,3,3,3
H5,392,2018,621410,     14.60,      6.60,      8.00,      7.30,0,0,0,2,2,2
H5,392,2018,621420,     12.00,      5.40,      6.60,      6.00,0,0,0,2,2,2
H5,392,2018,621430,     14.50,      5.40,      9.10,      7.25,0,0,0,2,2,2
H5,392,2018,621440,     14.50,      5.40,      9.10,      7.25,0,0,0,2,2,2
H5,392,2018,621490,     18.90,      4.40,      9.10,      6.30,0,0,0,3,3,3
H5,392,2018,621510,     26.80,     13.40,     13.40,     13.40,0,0,0,2,2,2
H5,392,2018,621520,      8.40,      8.40,      8.40,      8.40,0,0,0,1,1,1
H5,392,2018,621590,      8.40,      8.40,      8.40,      8.40,0,0,0,1,1,1
H5,392,2018,621600,      6.50,      0.00,      6.50,      3.25,0,1,0,1,2,2
H5,392,2018,621710,     18.00,      9.00,      9.00,      9.00,0,0,0,2,2,2
H5,392,2018,621790,      9.00,      9.00,      9.00,      9.00,0,0,0,1,1,1
H5,392,2018,630110,      5.30,      5.30,      5.30,      5.30,0,0,0,1,1,1
H5,392,2018,630120,     10.60,      5.30,      5.30,      5.30,0,0,0,2,2,2
H5,392,2018,630130,     27.00,      9.00,      9.00,      9.00,0,0,0,3,3,3
H5,392,2018,630140,     10.60,      5.30,      5.30,      5.30,0,0,0,2,2,2
H5,392,2018,630190,      5.30,      5.30,      5.30,      5.30,0,0,0,1,1,1
H5,392,2018,630210,      9.10,      9.10,      9.10,      9.10,0,0,0,1,1,1
H5,392,2018,630221,      4.50,      4.50,      4.50,      4.50,0,0,0,1,1,1
H5,392,2018,630222,     10.60,      5.30,      5.30,      5.30,0,0,0,2,2,2
H5,392,2018,630229,     13.20,      5.30,      7.90,      6.60,0,0,0,2,2,2
H5,392,2018,630231,      4.50,      4.50,      4.50,      4.50,0,0,0,1,1,1
H5,392,2018,630232,     10.60,      5.30,      5.30,      5.30,0,0,0,2,2,2
H5,392,2018,630239,     13.20,      5.30,      7.90,      6.60,0,0,0,2,2,2
H5,392,2018,630240,      9.10,      9.10,      9.10,      9.10,0,0,0,1,1,1
H5,392,2018,630251,      7.40,      7.40,      7.40,      7.40,0,0,0,1,1,1
H5,392,2018,630253,     10.60,      5.30,      5.30,      5.30,0,0,0,2,2,2
H5,392,2018,630259,     13.20,      5.30,      7.90,      6.60,0,0,0,2,2,2
H5,392,2018,630260,      7.40,      7.40,      7.40,      7.40,0,0,0,1,1,1
H5,392,2018,630291,      7.40,      7.40,      7.40,      7.40,0,0,0,1,1,1
H5,392,2018,630293,     10.60,      5.30,      5.30,      5.30,0,0,0,2,2,2
H5,392,2018,630299,     13.20,      5.30,      7.90,      6.60,0,0,0,2,2,2
H5,392,2018,630312,      9.10,      9.10,      9.10,      9.10,0,0,0,1,1,1
H5,392,2018,630319,      9.10,      9.10,      9.10,      9.10,0,0,0,1,1,1
H5,392,2018,630391,      7.40,      7.40,      7.40,      7.40,0,0,0,1,1,1
H5,392,2018,630392,     10.60,      5.30,      5.30,      5.30,0,0,0,2,2,2
H5,392,2018,630399,     13.20,      5.30,      7.90,      6.60,0,0,0,2,2,2
H5,392,2018,630411,      9.10,      9.10,      9.10,      9.10,0,0,0,1,1,1
H5,392,2018,630419,     20.60,      5.30,      7.90,      6.87,0,0,0,3,3,3
H5,392,2018,630420,      9.10,      9.10,      9.10,      9.10,0,0,0,1,1,1
H5,392,2018,630491,      9.10,      9.10,      9.10,      9.10,0,0,0,1,1,1
H5,392,2018,630492,      7.40,      7.40,      7.40,      7.40,0,0,0,1,1,1
H5,392,2018,630493,     10.60,      5.30,      5.30,      5.30,0,0,0,2,2,2
H5,392,2018,630499,     13.20,      5.30,      7.90,      6.60,0,0,0,2,2,2
H5,392,2018,630510,      0.00,      0.00,      0.00,      0.00,0,1,0,0,1,1
H5,392,2018,630520,      4.00,      4.00,      4.00,      4.00,0,0,0,1,1,1
H5,392,2018,630532,      3.30,      3.30,      3.30,      3.30,0,0,0,1,1,1
H5,392,2018,630533,      6.60,      3.30,      3.30,      3.30,0,0,0,2,2,2
H5,392,2018,630539,      5.30,      5.30,      5.30,      5.30,0,0,0,1,1,1
H5,392,2018,630590,      3.30,      3.30,      3.30,      3.30,0,0,0,1,1,1
H5,392,2018,630612,      4.00,      4.00,      4.00,      4.00,0,0,0,1,1,1
H5,392,2018,630619,      9.60,      4.00,      5.60,      4.80,0,0,0,2,2,2
H5,392,2018,630622,      4.00,      4.00,      4.00,      4.00,0,0,0,1,1,1
H5,392,2018,630629,      9.60,      4.00,      5.60,      4.80,0,0,0,2,2,2
H5,392,2018,630630,      4.00,      4.00,      4.00,      4.00,0,0,0,1,1,1
H5,392,2018,630640,      9.60,      4.00,      5.60,      4.80,0,0,0,2,2,2
H5,392,2018,630690,      9.60,      4.00,      5.60,      4.80,0,0,0,2,2,2
H5,392,2018,630710,     11.20,      4.70,      6.50,      5.60,0,0,0,2,2,2
H5,392,2018,630720,     11.20,      4.70,      6.50,      5.60,0,0,0,2,2,2
H5,392,2018,630790,     15.90,      4.70,      6.50,      5.30,0,0,0,3,3,3
H5,392,2018,630800,      3.70,      3.70,      3.70,      3.70,0,0,0,1,1,1
H5,392,2018,630900,      5.80,      5.80,      5.80,      5.80,0,0,0,1,1,1
H5,392,2018,631010,      0.00,      0.00,      0.00,      0.00,0,1,0,0,1,1
H5,392,2018,631090,      0.00,      0.00,      0.00,      0.00,0,1,0,0,1,1
H5,392,2018,640110,     33.70,      6.70,     27.00,     16.85,0,0,0,2,2,2
H5,392,2018,640192,     33.70,      6.70,     27.00,     16.85,0,0,0,2,2,2
H5,392,2018,640199,      6.70,      6.70,      6.70,      6.70,0,0,0,1,1,1
H5,392,2018,640212,     35.00,      8.00,     27.00,     17.50,0,0,0,2,2,2
H5,392,2018,640219,      6.70,      6.70,      6.70,      6.70,0,0,0,1,1,1
H5,392,2018,640220,      6.70,      6.70,      6.70,      6.70,0,0,0,1,1,1
H5,392,2018,640291,      6.70,      6.70,      6.70,      6.70,0,0,0,1,1,1
H5,392,2018,640299,     26.80,      6.70,      6.70,      6.70,0,0,0,4,4,4
H5,392,2018,640312,     57.00,     27.00,     30.00,     28.50,0,0,0,2,2,2
H5,392,2018,640319,     57.00,     27.00,     30.00,     28.50,0,0,0,2,2,2
H5,392,2018,640320,    105.60,     21.60,     30.00,     26.40,0,0,0,4,4,4
H5,392,2018,640340,    105.60,     21.60,     30.00,     26.40,0,0,0,4,4,4
H5,392,2018,640351,    132.60,     21.60,     30.00,     26.52,0,0,0,5,5,5
H5,392,2018,640359,    262.20,     21.60,     30.00,     23.84,0,0,0,11,11,11
H5,392,2018,640391,    162.60,     21.60,     30.00,     27.10,0,0,0,6,6,6
H5,392,2018,640399,    253.80,     21.60,     30.00,     23.07,0,0,0,11,11,11
H5,392,2018,640411,      8.00,      8.00,      8.00,      8.00,0,0,0,1,1,1
H5,392,2018,640419,    105.40,      6.70,     30.00,     17.57,0,0,0,6,6,6
H5,392,2018,640420,    243.60,      6.70,     30.00,     24.36,0,0,0,10,10,10
H5,392,2018,640510,     95.40,      3.40,     30.00,     19.08,0,0,0,5,5,5
H5,392,2018,640520,      3.40,      3.40,      3.40,      3.40,0,0,0,1,1,1
H5,392,2018,640590,    179.40,      3.40,     30.00,     22.42,0,0,0,8,8,8
H5,392,2018,640610,     53.40,      3.40,     25.00,     17.80,0,0,0,3,3,3
H5,392,2018,640620,      3.40,      3.40,      3.40,      3.40,0,0,0,1,1,1
H5,392,2018,640690,     81.80,      3.40,     25.00,     16.36,0,0,0,5,5,5
H5,392,2018,650100,      3.60,      3.60,      3.60,      3.60,0,0,0,1,1,1
H5,392,2018,650200,      3.40,      3.40,      3.40,      3.40,0,0,0,1,1,1
H5,392,2018,650400,      4.40,      4.40,      4.40,      4.40,0,0,0,1,1,1
H5,392,2018,650500,     14.80,      3.20,      5.80,      4.93,0,0,0,3,3,3
H5,392,2018,650610,      9.20,      4.40,      4.80,      4.60,0,0,0,2,2,2
H5,392,2018,650691,      9.20,      4.40,      4.80,      4.60,0,0,0,2,2,2
H5,392,2018,650699,     14.60,      4.40,      5.40,      4.87,0,0,0,3,3,3
H5,392,2018,650700,      3.90,      3.90,      3.90,      3.90,0,0,0,1,1,1
H5,392,2018,660110,      4.30,      4.30,      4.30,      4.30,0,0,0,1,1,1
H5,392,2018,660191,      4.30,      4.30,      4.30,      4.30,0,0,0,1,1,1
H5,392,2018,660199,      4.30,      4.30,      4.30,      4.30,0,0,0,1,1,1
H5,392,2018,660200,      3.10,      3.10,      3.10,      3.10,0,0,0,1,1,1
H5,392,2018,660320,      4.30,      4.30,      4.30,      4.30,0,0,0,1,1,1
H5,392,2018,660390,      4.30,      4.30,      4.30,      4.30,0,0,0,1,1,1
H5,392,2018,670100,      3.90,      3.90,      3.90,      3.90,0,0,0,1,1,1
H5,392,2018,670210,      6.60,      6.60,      6.60,      6.60,0,0,0,1,1,1
H5,392,2018,670290,      3.90,      3.90,      3.90,      3.90,0,0,0,1,1,1
H5,392,2018,670300,      0.00,      0.00,      0.00,      0.00,0,1,0,0,1,1
H5,392,2018,670411,      0.00,      0.00,      0.00,      0.00,0,1,0,0,1,1
H5,392,2018,670419,      0.00,      0.00,      0.00,      0.00,0,1,0,0,1,1
H5,392,2018,670420,      0.00,      0.00,      0.00,      0.00,0,1,0,0,1,1
H5,392,2018,670490,      0.00,      0.00,      0.00,      0.00,0,1,0,0,1,1
H5,392,2018,680100,      0.00,      0.00,      0.00,      0.00,0,1,0,0,1,1
H5,392,2018,680210,      0.00,      0.00,      0.00,      0.00,0,1,0,0,1,1
H5,392,2018,680221,      0.00,      0.00,      0.00,      0.00,0,1,0,0,1,1
H5,392,2018,680223,      0.00,      0.00,      0.00,      0.00,0,1,0,0,1,1
H5,392,2018,680229,      0.00,      0.00,      0.00,      0.00,0,1,0,0,1,1
H5,392,2018,680291,      0.00,      0.00,      0.00,      0.00,0,3,0,0,3,3
H5,392,2018,680292,      0.00,      0.00,      0.00,      0.00,0,1,0,0,1,1
H5,392,2018,680293,      0.00,      0.00,      0.00,      0.00,0,1,0,0,1,1
H5,392,2018,680299,      0.00,      0.00,      0.00,      0.00,0,1,0,0,1,1
H5,392,2018,680300,      0.00,      0.00,      0.00,      0.00,0,1,0,0,1,1
H5,392,2018,680410,      3.80,      1.50,      2.30,      1.90,0,0,0,2,2,2
H5,392,2018,680421,      2.30,      2.30,      2.30,      2.30,0,0,0,1,1,1
H5,392,2018,680422,      6.10,      1.50,      2.30,      2.03,0,0,0,3,3,3
H5,392,2018,680423,      1.50,      1.50,      1.50,      1.50,0,0,0,1,1,1
H5,392,2018,680430,      2.60,      2.60,      2.60,      2.60,0,0,0,1,1,1
H5,392,2018,680510,      3.50,      3.50,      3.50,      3.50,0,0,0,1,1,1
H5,392,2018,680520,      3.50,      3.50,      3.50,      3.50,0,0,0,1,1,1
H5,392,2018,680530,      3.50,      3.50,      3.50,      3.50,0,0,0,1,1,1
H5,392,2018,680610,      0.00,      0.00,      0.00,      0.00,0,1,0,0,1,1
H5,392,2018,680620,      0.00,      0.00,      0.00,      0.00,0,1,0,0,1,1
H5,392,2018,680690,      0.00,      0.00,      0.00,      0.00,0,1,0,0,1,1
H5,392,2018,680710,      0.00,      0.00,      0.00,      0.00,0,1,0,0,1,1
H5,392,2018,680790,      0.00,      0.00,      0.00,      0.00,0,1,0,0,1,1
H5,392,2018,680800,      0.00,      0.00,      0.00,      0.00,0,1,0,0,1,1
H5,392,2018,680911,      0.00,      0.00,      0.00,      0.00,0,1,0,0,1,1
H5,392,2018,680919,      0.00,      0.00,      0.00,      0.00,0,1,0,0,1,1
H5,392,2018,680990,      0.00,      0.00,      0.00,      0.00,0,1,0,0,1,1
H5,392,2018,681011,      0.00,      0.00,      0.00,      0.00,0,1,0,0,1,1
H5,392,2018,681019,      0.00,      0.00,      0.00,      0.00,0,1,0,0,1,1
H5,392,2018,681091,      0.00,      0.00,      0.00,      0.00,0,1,0,0,1,1
H5,392,2018,681099,      0.00,      0.00,      0.00,      0.00,0,1,0,0,1,1
H5,392,2018,681140,      2.60,      2.60,      2.60,      2.60,0,0,0,1,1,1
H5,392,2018,681181,      2.60,      2.60,      2.60,      2.60,0,0,0,1,1,1
H5,392,2018,681182,      2.60,      2.60,      2.60,      2.60,0,0,0,1,1,1
H5,392,2018,681189,      2.60,      2.60,      2.60,      2.60,0,0,0,1,1,1
H5,392,2018,681280,      2.60,      2.60,      2.60,      2.60,0,0,0,1,1,1
H5,392,2018,681291,      2.60,      2.60,      2.60,      2.60,0,0,0,1,1,1
H5,392,2018,681292,      2.60,      2.60,      2.60,      2.60,0,0,0,1,1,1
H5,392,2018,681293,      2.60,      2.60,      2.60,      2.60,0,0,0,1,1,1
H5,392,2018,681299,      2.60,      2.60,      2.60,      2.60,0,0,0,1,1,1
H5,392,2018,681320,      2.30,      0.00,      2.30,      1.15,0,1,0,1,2,2
H5,392,2018,681381,      2.30,      0.00,      2.30,      1.15,0,1,0,1,2,2
H5,392,2018,681389,      2.30,      0.00,      2.30,      1.15,0,1,0,1,2,2
H5,392,2018,681410,      0.00,      0.00,      0.00,      0.00,0,1,0,0,1,1
H5,392,2018,681490,      0.00,      0.00,      0.00,      0.00,0,1,0,0,1,1
H5,392,2018,681510,      0.00,      0.00,      0.00,      0.00,0,1,0,0,1,1
H5,392,2018,681520,      0.00,      0.00,      0.00,      0.00,0,1,0,0,1,1
H5,392,2018,681591,      0.00,      0.00,      0.00,      0.00,0,1,0,0,1,1
H5,392,2018,681599,      0.00,      0.00,      0.00,      0.00,0,2,0,0,2,2
H5,392,2018,690100,      0.00,      0.00,      0.00,      0.00,0,1,0,0,1,1
H5,392,2018,690210,      1.50,      1.50,      1.50,      1.50,0,0,0,1,1,1
H5,392,2018,690220,      1.50,      1.50,      1.50,      1.50,0,0,0,1,1,1
H5,392,2018,690290,      1.50,      1.50,      1.50,      1.50,0,0,0,1,1,1
H5,392,2018,690310,      3.50,      3.50,      3.50,      3.50,0,0,0,1,1,1
H5,392,2018,690320,      3.50,      3.50,      3.50,      3.50,0,0,0,1,1,1
H5,392,2018,690390,      3.50,      3.50,      3.50,      3.50,0,0,0,1,1,1
H5,392,2018,690410,      0.00,      0.00,      0.00,      0.00,0,1,0,0,1,1
H5,392,2018,690490,      0.00,      0.00,      0.00,      0.00,0,1,0,0,1,1
H5,392,2018,690510,      2.00,      2.00,      2.00,      2.00,0,0,0,1,1,1
H5,392,2018,690590,      2.00,      2.00,      2.00,      2.00,0,0,0,1,1,1
H5,392,2018,690600,      0.00,      0.00,      0.00,      0.00,0,1,0,0,1,1
H5,392,2018,690721,      1.70,      1.70,      1.70,      1.70,0,0,0,1,1,1
H5,392,2018,690722,      1.70,      1.70,      1.70,      1.70,0,0,0,1,1,1
H5,392,2018,690723,      1.70,      1.70,      1.70,      1.70,0,0,0,1,1,1
H5,392,2018,690730,      1.70,      1.70,      1.70,      1.70,0,0,0,1,1,1
H5,392,2018,690740,      1.70,      1.70,      1.70,      1.70,0,0,0,1,1,1
H5,392,2018,690911,      0.00,      0.00,      0.00,      0.00,0,2,0,0,2,2
H5,392,2018,690912,      0.00,      0.00,      0.00,      0.00,0,2,0,0,2,2
H5,392,2018,690919,      0.00,      0.00,      0.00,      0.00,0,2,0,0,2,2
H5,392,2018,690990,      0.00,      0.00,      0.00,      0.00,0,1,0,0,1,1
H5,392,2018,691010,      0.00,      0.00,      0.00,      0.00,0,1,0,0,1,1
H5,392,2018,691090,      0.00,      0.00,      0.00,      0.00,0,1,0,0,1,1
H5,392,2018,691110,      2.30,      2.30,      2.30,      2.30,0,0,0,1,1,1
H5,392,2018,691190,      2.30,      2.30,      2.30,      2.30,0,0,0,1,1,1
H5,392,2018,691200,      2.30,      2.30,      2.30,      2.30,0,0,0,1,1,1
H5,392,2018,691310,      2.30,      2.30,      2.30,      2.30,0,0,0,1,1,1
H5,392,2018,691390,      2.30,      2.30,      2.30,      2.30,0,0,0,1,1,1
H5,392,2018,691410,      0.00,      0.00,      0.00,      0.00,0,1,0,0,1,1
H5,392,2018,691490,      0.00,      0.00,      0.00,      0.00,0,1,0,0,1,1
H5,392,2018,700100,      0.00,      0.00,      0.00,      0.00,0,1,0,0,1,1
H5,392,2018,700210,      0.00,      0.00,      0.00,      0.00,0,1,0,0,1,1
H5,392,2018,700220,      0.00,      0.00,      0.00,      0.00,0,1,0,0,1,1
H5,392,2018,700231,      0.00,      0.00,      0.00,      0.00,0,1,0,0,1,1
H5,392,2018,700232,      0.00,      0.00,      0.00,      0.00,0,1,0,0,1,1
H5,392,2018,700239,      0.00,      0.00,      0.00,      0.00,0,1,0,0,1,1
H5,392,2018,700312,      0.00,      0.00,      0.00,      0.00,0,1,0,0,1,1
H5,392,2018,700319,      0.00,      0.00,      0.00,      0.00,0,1,0,0,1,1
H5,392,2018,700320,      0.00,      0.00,      0.00,      0.00,0,1,0,0,1,1
H5,392,2018,700330,      0.00,      0.00,      0.00,      0.00,0,1,0,0,1,1
H5,392,2018,700420,      0.00,      0.00,      0.00,      0.00,0,1,0,0,1,1
H5,392,2018,700490,      0.00,      0.00,      0.00,      0.00,0,1,0,0,1,1
H5,392,2018,700510,      4.20,      0.00,      4.20,      2.10,0,1,0,1,2,2
H5,392,2018,700521,      8.40,      4.20,      4.20,      4.20,0,0,0,2,2,2
H5,392,2018,700529,     11.50,      3.10,      4.20,      3.83,0,0,0,3,3,3
H5,392,2018,700530,      4.20,      4.20,      4.20,      4.20,0,0,0,1,1,1
H5,392,2018,700600,      0.00,      0.00,      0.00,      0.00,0,1,0,0,1,1
H5,392,2018,700711,      3.50,      0.00,      3.50,      1.75,0,1,0,1,2,2
H5,392,2018,700719,      3.50,      3.50,      3.50,      3.50,0,0,0,1,1,1
H5,392,2018,700721,      0.00,      0.00,      0.00,      0.00,0,2,0,0,2,2
H5,392,2018,700729,      3.50,      3.50,      3.50,      3.50,0,0,0,1,1,1
H5,392,2018,700800,      0.00,      0.00,      0.00,      0.00,0,1,0,0,1,1
H5,392,2018,700910,      0.00,      0.00,      0.00,      0.00,0,1,0,0,1,1
H5,392,2018,700991,      0.00,      0.00,      0.00,      0.00,0,1,0,0,1,1
H5,392,2018,700992,      0.00,      0.00,      0.00,      0.00,0,1,0,0,1,1
H5,392,2018,701010,      0.00,      0.00,      0.00,      0.00,0,1,0,0,1,1
H5,392,2018,701020,      0.00,      0.00,      0.00,      0.00,0,1,0,0,1,1
H5,392,2018,701090,      0.00,      0.00,      0.00,      0.00,0,1,0,0,1,1
H5,392,2018,701110,      0.00,      0.00,      0.00,      0.00,0,1,0,0,1,1
H5,392,2018,701120,      0.00,      0.00,      0.00,      0.00,0,1,0,0,1,1
H5,392,2018,701190,      0.00,      0.00,      0.00,      0.00,0,1,0,0,1,1
H5,392,2018,701310,      3.10,      3.10,      3.10,      3.10,0,0,0,1,1,1
H5,392,2018,701322,      3.10,      3.10,      3.10,      3.10,0,0,0,1,1,1
H5,392,2018,701328,      3.10,      3.10,      3.10,      3.10,0,0,0,1,1,1
H5,392,2018,701333,      3.10,      3.10,      3.10,      3.10,0,0,0,1,1,1
H5,392,2018,701337,      3.10,      3.10,      3.10,      3.10,0,0,0,1,1,1
H5,392,2018,701341,      3.90,      3.90,      3.90,      3.90,0,0,0,1,1,1
H5,392,2018,701342,      3.90,      3.90,      3.90,      3.90,0,0,0,1,1,1
H5,392,2018,701349,      3.90,      3.90,      3.90,      3.90,0,0,0,1,1,1
H5,392,2018,701391,      3.90,      3.90,      3.90,      3.90,0,0,0,1,1,1
H5,392,2018,701399,      3.90,      3.90,      3.90,      3.90,0,0,0,1,1,1
H5,392,2018,701400,      0.00,      0.00,      0.00,      0.00,0,1,0,0,1,1
H5,392,2018,701510,      0.00,      0.00,      0.00,      0.00,0,1,0,0,1,1
H5,392,2018,701590,      0.00,      0.00,      0.00,      0.00,0,1,0,0,1,1
H5,392,2018,701610,      0.00,      0.00,      0.00,      0.00,0,1,0,0,1,1
H5,392,2018,701690,      3.10,      0.00,      3.10,      1.55,0,1,0,1,2,2
H5,392,2018,701710,      0.00,      0.00,      0.00,      0.00,0,1,0,0,1,1
H5,392,2018,701720,      0.00,      0.00,      0.00,      0.00,0,1,0,0,1,1
H5,392,2018,701790,      0.00,      0.00,      0.00,      0.00,0,1,0,0,1,1
H5,392,2018,701810,      8.00,      8.00,      8.00,      8.00,0,0,0,1,1,1
H5,392,2018,701820,      6.60,      6.60,      6.60,      6.60,0,0,0,1,1,1
H5,392,2018,701890,      6.60,      0.00,      6.60,      3.30,0,1,0,1,2,2
H5,392,2018,701911,      0.00,      0.00,      0.00,      0.00,0,1,0,0,1,1
H5,392,2018,701912,      0.00,      0.00,      0.00,      0.00,0,1,0,0,1,1
H5,392,2018,701919,      0.00,      0.00,      0.00,      0.00,0,2,0,0,2,2
H5,392,2018,701931,      0.00,      0.00,      0.00,      0.00,0,1,0,0,1,1
H5,392,2018,701932,      0.00,      0.00,      0.00,      0.00,0,1,0,0,1,1
H5,392,2018,701939,      0.00,      0.00,      0.00,      0.00,0,1,0,0,1,1
H5,392,2018,701940,      0.00,      0.00,      0.00,      0.00,0,1,0,0,1,1
H5,392,2018,701951,      0.00,      0.00,      0.00,      0.00,0,1,0,0,1,1
H5,392,2018,701952,      0.00,      0.00,      0.00,      0.00,0,1,0,0,1,1
H5,392,2018,701959,      0.00,      0.00,      0.00,      0.00,0,1,0,0,1,1
H5,392,2018,701990,      0.00,      0.00,      0.00,      0.00,0,1,0,0,1,1
H5,392,2018,702000,      0.00,      0.00,      0.00,      0.00,0,1,0,0,1,1
H5,392,2018,710110,      0.00,      0.00,      0.00,      0.00,0,1,0,0,1,1
H5,392,2018,710121,      0.00,      0.00,      0.00,      0.00,0,3,0,0,3,3
H5,392,2018,710122,      0.00,      0.00,      0.00,      0.00,0,3,0,0,3,3
H5,392,2018,710210,      0.00,      0.00,      0.00,      0.00,0,1,0,0,1,1
H5,392,2018,710221,      0.00,      0.00,      0.00,      0.00,0,1,0,0,1,1
H5,392,2018,710229,      0.00,      0.00,      0.00,      0.00,0,1,0,0,1,1
H5,392,2018,710231,      0.00,      0.00,      0.00,      0.00,0,1,0,0,1,1
H5,392,2018,710239,      0.00,      0.00,      0.00,      0.00,0,1,0,0,1,1
H5,392,2018,710310,      0.00,      0.00,      0.00,      0.00,0,1,0,0,1,1
H5,392,2018,710391,      0.00,      0.00,      0.00,      0.00,0,1,0,0,1,1
H5,392,2018,710399,      0.00,      0.00,      0.00,      0.00,0,1,0,0,1,1
H5,392,2018,710410,      0.00,      0.00,      0.00,      0.00,0,1,0,0,1,1
H5,392,2018,710420,      0.00,      0.00,      0.00,      0.00,0,1,0,0,1,1
H5,392,2018,710490,      0.00,      0.00,      0.00,      0.00,0,1,0,0,1,1
H5,392,2018,710510,      0.00,      0.00,      0.00,      0.00,0,1,0,0,1,1
H5,392,2018,710590,      0.00,      0.00,      0.00,      0.00,0,1,0,0,1,1
H5,392,2018,710610,      0.00,      0.00,      0.00,      0.00,0,1,0,0,1,1
H5,392,2018,710691,      0.00,      0.00,      0.00,      0.00,0,1,0,0,1,1
H5,392,2018,710692,      0.00,      0.00,      0.00,      0.00,0,3,0,0,3,3
H5,392,2018,710700,      0.00,      0.00,      0.00,      0.00,0,1,0,0,1,1
H5,392,2018,710811,      0.00,      0.00,      0.00,      0.00,0,1,0,0,1,1
H5,392,2018,710812,      0.00,      0.00,      0.00,      0.00,0,1,0,0,1,1
H5,392,2018,710813,      0.00,      0.00,      0.00,      0.00,0,2,0,0,2,2
H5,392,2018,710820,      0.00,      0.00,      0.00,      0.00,0,1,0,0,1,1
H5,392,2018,710900,      0.00,      0.00,      0.00,      0.00,0,1,0,0,1,1
H5,392,2018,711011,      0.00,      0.00,      0.00,      0.00,0,1,0,0,1,1
H5,392,2018,711019,      0.00,      0.00,      0.00,      0.00,0,3,0,0,3,3
H5,392,2018,711021,      0.00,      0.00,      0.00,      0.00,0,1,0,0,1,1
H5,392,2018,711029,      0.00,      0.00,      0.00,      0.00,0,1,0,0,1,1
H5,392,2018,711031,      0.00,      0.00,      0.00,      0.00,0,2,0,0,2,2
H5,392,2018,711039,      0.00,      0.00,      0.00,      0.00,0,1,0,0,1,1
H5,392,2018,711041,      0.00,      0.00,      0.00,      0.00,0,1,0,0,1,1
H5,392,2018,711049,      0.00,      0.00,      0.00,      0.00,0,1,0,0,1,1
H5,392,2018,711100,      0.00,      0.00,      0.00,      0.00,0,1,0,0,1,1
H5,392,2018,711230,      0.00,      0.00,      0.00,      0.00,0,1,0,0,1,1
H5,392,2018,711291,      0.00,      0.00,      0.00,      0.00,0,1,0,0,1,1
H5,392,2018,711292,      0.00,      0.00,      0.00,      0.00,0,1,0,0,1,1
H5,392,2018,711299,      0.00,      0.00,      0.00,      0.00,0,1,0,0,1,1
H5,392,2018,711311,      5.20,      5.20,      5.20,      5.20,0,0,0,1,1,1
H5,392,2018,711319,     16.00,      5.20,      5.40,      5.33,0,0,0,3,3,3
H5,392,2018,711320,      5.40,      5.40,      5.40,      5.40,0,0,0,1,1,1
H5,392,2018,711411,      5.40,      5.40,      5.40,      5.40,0,0,0,1,1,1
H5,392,2018,711419,      3.30,      3.30,      3.30,      3.30,0,0,0,1,1,1
H5,392,2018,711420,      3.30,      3.30,      3.30,      3.30,0,0,0,1,1,1
H5,392,2018,711510,      0.00,      0.00,      0.00,      0.00,0,1,0,0,1,1
H5,392,2018,711590,      0.00,      0.00,      0.00,      0.00,0,1,0,0,1,1
H5,392,2018,711610,      5.20,      5.20,      5.20,      5.20,0,0,0,1,1,1
H5,392,2018,711620,     12.90,      2.50,      5.20,      4.30,0,0,0,3,3,3
H5,392,2018,711711,     10.70,      5.30,      5.40,      5.35,0,0,0,2,2,2
H5,392,2018,711719,      7.40,      3.70,      3.70,      3.70,0,0,0,2,2,2
H5,392,2018,711790,     31.10,      2.70,     10.00,      5.18,0,0,0,6,6,6
H5,392,2018,711810,      0.00,      0.00,      0.00,      0.00,0,1,0,0,1,1
H5,392,2018,711890,      0.00,      0.00,      0.00,      0.00,0,2,0,0,2,2
H5,392,2018,720110,      0.00,      0.00,      0.00,      0.00,0,3,0,0,3,3
H5,392,2018,720120,      0.00,      0.00,      0.00,      0.00,0,1,0,0,1,1
H5,392,2018,720150,      0.00,      0.00,      0.00,      0.00,0,1,0,0,1,1
H5,392,2018,720211,      6.30,      6.30,      6.30,      6.30,0,0,0,1,1,1
H5,392,2018,720219,      6.30,      6.30,      6.30,      6.30,0,0,0,1,1,1
H5,392,2018,720221,      0.00,      0.00,      0.00,      0.00,0,1,0,0,1,1
H5,392,2018,720229,      2.50,      2.50,      2.50,      2.50,0,0,0,1,1,1
H5,392,2018,720230,      2.50,      2.50,      2.50,      2.50,0,0,0,1,1,1
H5,392,2018,720241,      0.00,      0.00,      0.00,      0.00,0,1,0,0,1,1
H5,392,2018,720249,      5.30,      5.30,      5.30,      5.30,0,0,0,1,1,1
H5,392,2018,720250,      2.50,      2.50,      2.50,      2.50,0,0,0,1,1,1
H5,392,2018,720260,      6.60,      3.30,      3.30,      3.30,0,0,0,2,2,2
H5,392,2018,720270,      3.30,      3.30,      3.30,      3.30,0,0,0,1,1,1
H5,392,2018,720280,      4.50,      2.00,      2.50,      2.25,0,0,0,2,2,2
H5,392,2018,720291,      2.50,      2.50,      2.50,      2.50,0,0,0,1,1,1
H5,392,2018,720292,      2.50,      2.50,      2.50,      2.50,0,0,0,1,1,1
H5,392,2018,720293,      0.00,      0.00,      0.00,      0.00,0,1,0,0,1,1
H5,392,2018,720299,      5.00,      2.50,      2.50,      2.50,0,0,0,2,2,2
H5,392,2018,720310,      0.00,      0.00,      0.00,      0.00,0,1,0,0,1,1
H5,392,2018,720390,      0.00,      0.00,      0.00,      0.00,0,1,0,0,1,1
H5,392,2018,720410,      0.00,      0.00,      0.00,      0.00,0,1,0,0,1,1
H5,392,2018,720421,      0.00,      0.00,      0.00,      0.00,0,1,0,0,1,1
H5,392,2018,720429,      0.00,      0.00,      0.00,      0.00,0,1,0,0,1,1
H5,392,2018,720430,      0.00,      0.00,      0.00,      0.00,0,1,0,0,1,1
H5,392,2018,720441,      0.00,      0.00,      0.00,      0.00,0,1,0,0,1,1
H5,392,2018,720449,      0.00,      0.00,      0.00,      0.00,0,1,0,0,1,1
H5,392,2018,720450,      8.10,      3.40,      4.70,      4.05,0,0,0,2,2,2
H5,392,2018,720510,      0.00,      0.00,      0.00,      0.00,0,1,0,0,1,1
H5,392,2018,720521,      0.00,      0.00,      0.00,      0.00,0,2,0,0,2,2
H5,392,2018,720529,      0.00,      0.00,      0.00,      0.00,0,1,0,0,1,1
H5,392,2018,720610,      0.00,      0.00,      0.00,      0.00,0,2,0,0,2,2
H5,392,2018,720690,      3.90,      0.00,      3.90,      1.95,0,1,0,1,2,2
H5,392,2018,720711,      0.00,      0.00,      0.00,      0.00,0,1,0,0,1,1
H5,392,2018,720712,      0.00,      0.00,      0.00,      0.00,0,1,0,0,1,1
H5,392,2018,720719,      0.00,      0.00,      0.00,      0.00,0,1,0,0,1,1
H5,392,2018,720720,      0.00,      0.00,      0.00,      0.00,0,4,0,0,4,4
H5,392,2018,720810,      0.00,      0.00,      0.00,      0.00,0,3,0,0,3,3
H5,392,2018,720825,      0.00,      0.00,      0.00,      0.00,0,4,0,0,4,4
H5,392,2018,720826,      0.00,      0.00,      0.00,      0.00,0,4,0,0,4,4
H5,392,2018,720827,      0.00,      0.00,      0.00,      0.00,0,4,0,0,4,4
H5,392,2018,720836,      0.00,      0.00,      0.00,      0.00,0,3,0,0,3,3
H5,392,2018,720837,      0.00,      0.00,      0.00,      0.00,0,4,0,0,4,4
H5,392,2018,720838,      0.00,      0.00,      0.00,      0.00,0,3,0,0,3,3
H5,392,2018,720839,      0.00,      0.00,      0.00,      0.00,0,3,0,0,3,3
H5,392,2018,720840,      0.00,      0.00,      0.00,      0.00,0,3,0,0,3,3
H5,392,2018,720851,      0.00,      0.00,      0.00,      0.00,0,6,0,0,6,6
H5,392,2018,720852,      0.00,      0.00,      0.00,      0.00,0,6,0,0,6,6
H5,392,2018,720853,      0.00,      0.00,      0.00,      0.00,0,3,0,0,3,3
H5,392,2018,720854,      0.00,      0.00,      0.00,      0.00,0,3,0,0,3,3
H5,392,2018,720890,      0.00,      0.00,      0.00,      0.00,0,1,0,0,1,1
H5,392,2018,720915,      0.00,      0.00,      0.00,      0.00,0,3,0,0,3,3
H5,392,2018,720916,      0.00,      0.00,      0.00,      0.00,0,4,0,0,4,4
H5,392,2018,720917,      0.00,      0.00,      0.00,      0.00,0,4,0,0,4,4
H5,392,2018,720918,      0.00,      0.00,      0.00,      0.00,0,3,0,0,3,3
H5,392,2018,720925,      0.00,      0.00,      0.00,      0.00,0,3,0,0,3,3
H5,392,2018,720926,      0.00,      0.00,      0.00,      0.00,0,3,0,0,3,3
H5,392,2018,720927,      0.00,      0.00,      0.00,      0.00,0,3,0,0,3,3
H5,392,2018,720928,      0.00,      0.00,      0.00,      0.00,0,3,0,0,3,3
H5,392,2018,720990,      0.00,      0.00,      0.00,      0.00,0,1,0,0,1,1
H5,392,2018,721011,      0.00,      0.00,      0.00,      0.00,0,1,0,0,1,1
H5,392,2018,721012,      0.00,      0.00,      0.00,      0.00,0,1,0,0,1,1
H5,392,2018,721020,      0.00,      0.00,      0.00,      0.00,0,1,0,0,1,1
H5,392,2018,721030,      0.00,      0.00,      0.00,      0.00,0,3,0,0,3,3
H5,392,2018,721041,      0.00,      0.00,      0.00,      0.00,0,1,0,0,1,1
H5,392,2018,721049,      0.00,      0.00,      0.00,      0.00,0,2,0,0,2,2
H5,392,2018,721050,      0.00,      0.00,      0.00,      0.00,0,2,0,0,2,2
H5,392,2018,721061,      0.00,      0.00,      0.00,      0.00,0,1,0,0,1,1
H5,392,2018,721069,      0.00,      0.00,      0.00,      0.00,0,1,0,0,1,1
H5,392,2018,721070,      0.00,      0.00,      0.00,      0.00,0,1,0,0,1,1
H5,392,2018,721090,      0.00,      0.00,      0.00,      0.00,0,2,0,0,2,2
H5,392,2018,721113,      0.00,      0.00,      0.00,      0.00,0,3,0,0,3,3
H5,392,2018,721114,      0.00,      0.00,      0.00,      0.00,0,3,0,0,3,3
H5,392,2018,721119,      0.00,      0.00,      0.00,      0.00,0,3,0,0,3,3
H5,392,2018,721123,      0.00,      0.00,      0.00,      0.00,0,1,0,0,1,1
H5,392,2018,721129,      0.00,      0.00,      0.00,      0.00,0,2,0,0,2,2
H5,392,2018,721190,      0.00,      0.00,      0.00,      0.00,0,1,0,0,1,1
H5,392,2018,721210,      0.00,      0.00,      0.00,      0.00,0,1,0,0,1,1
H5,392,2018,721220,      0.00,      0.00,      0.00,      0.00,0,3,0,0,3,3
H5,392,2018,721230,      0.00,      0.00,      0.00,      0.00,0,1,0,0,1,1
H5,392,2018,721240,      0.00,      0.00,      0.00,      0.00,0,1,0,0,1,1
H5,392,2018,721250,      0.00,      0.00,      0.00,      0.00,0,2,0,0,2,2
H5,392,2018,721260,      0.00,      0.00,      0.00,      0.00,0,2,0,0,2,2
H5,392,2018,721310,      0.00,      0.00,      0.00,      0.00,0,1,0,0,1,1
H5,392,2018,721320,      0.00,      0.00,      0.00,      0.00,0,1,0,0,1,1
H5,392,2018,721391,      0.00,      0.00,      0.00,      0.00,0,4,0,0,4,4
H5,392,2018,721399,      0.00,      0.00,      0.00,      0.00,0,2,0,0,2,2
H5,392,2018,721410,      0.00,      0.00,      0.00,      0.00,0,1,0,0,1,1
H5,392,2018,721420,      0.00,      0.00,      0.00,      0.00,0,1,0,0,1,1
H5,392,2018,721430,      0.00,      0.00,      0.00,      0.00,0,1,0,0,1,1
H5,392,2018,721491,      0.00,      0.00,      0.00,      0.00,0,2,0,0,2,2
H5,392,2018,721499,      0.00,      0.00,      0.00,      0.00,0,2,0,0,2,2
H5,392,2018,721510,      0.00,      0.00,      0.00,      0.00,0,1,0,0,1,1
H5,392,2018,721550,      0.00,      0.00,      0.00,      0.00,0,3,0,0,3,3
H5,392,2018,721590,      0.00,      0.00,      0.00,      0.00,0,2,0,0,2,2
H5,392,2018,721610,      0.00,      0.00,      0.00,      0.00,0,1,0,0,1,1
H5,392,2018,721621,      0.00,      0.00,      0.00,      0.00,0,1,0,0,1,1
H5,392,2018,721622,      0.00,      0.00,      0.00,      0.00,0,1,0,0,1,1
H5,392,2018,721631,      0.00,      0.00,      0.00,      0.00,0,1,0,0,1,1
H5,392,2018,721632,      0.00,      0.00,      0.00,      0.00,0,1,0,0,1,1
H5,392,2018,721633,      0.00,      0.00,      0.00,      0.00,0,1,0,0,1,1
H5,392,2018,721640,      0.00,      0.00,      0.00,      0.00,0,1,0,0,1,1
H5,392,2018,721650,      0.00,      0.00,      0.00,      0.00,0,1,0,0,1,1
H5,392,2018,721661,      0.00,      0.00,      0.00,      0.00,0,1,0,0,1,1
H5,392,2018,721669,      0.00,      0.00,      0.00,      0.00,0,1,0,0,1,1
H5,392,2018,721691,      0.00,      0.00,      0.00,      0.00,0,1,0,0,1,1
H5,392,2018,721699,      0.00,      0.00,      0.00,      0.00,0,1,0,0,1,1
H5,392,2018,721710,      0.00,      0.00,      0.00,      0.00,0,3,0,0,3,3
H5,392,2018,721720,      0.00,      0.00,      0.00,      0.00,0,4,0,0,4,4
H5,392,2018,721730,      0.00,      0.00,      0.00,      0.00,0,4,0,0,4,4
H5,392,2018,721790,      0.00,      0.00,      0.00,      0.00,0,3,0,0,3,3
H5,392,2018,721810,      0.00,      0.00,      0.00,      0.00,0,1,0,0,1,1
H5,392,2018,721891,      0.00,      0.00,      0.00,      0.00,0,1,0,0,1,1
H5,392,2018,721899,      0.00,      0.00,      0.00,      0.00,0,1,0,0,1,1
H5,392,2018,721911,      0.00,      0.00,      0.00,      0.00,0,1,0,0,1,1
H5,392,2018,721912,      0.00,      0.00,      0.00,      0.00,0,4,0,0,4,4
H5,392,2018,721913,      0.00,      0.00,      0.00,      0.00,0,4,0,0,4,4
H5,392,2018,721914,      0.00,      0.00,      0.00,      0.00,0,1,0,0,1,1
H5,392,2018,721921,      0.00,      0.00,      0.00,      0.00,0,1,0,0,1,1
H5,392,2018,721922,      0.00,      0.00,      0.00,      0.00,0,1,0,0,1,1
H5,392,2018,721923,      0.00,      0.00,      0.00,      0.00,0,1,0,0,1,1
H5,392,2018,721924,      0.00,      0.00,      0.00,      0.00,0,1,0,0,1,1
H5,392,2018,721931,      0.00,      0.00,      0.00,      0.00,0,1,0,0,1,1
H5,392,2018,721932,      0.00,      0.00,      0.00,      0.00,0,5,0,0,5,5
H5,392,2018,721933,      0.00,      0.00,      0.00,      0.00,0,6,0,0,6,6
H5,392,2018,721934,      0.00,      0.00,      0.00,      0.00,0,6,0,0,6,6
H5,392,2018,721935,      0.00,      0.00,      0.00,      0.00,0,5,0,0,5,5
H5,392,2018,721990,      0.00,      0.00,      0.00,      0.00,0,1,0,0,1,1
H5,392,2018,722011,      0.00,      0.00,      0.00,      0.00,0,1,0,0,1,1
H5,392,2018,722012,      0.00,      0.00,      0.00,      0.00,0,1,0,0,1,1
H5,392,2018,722020,      0.00,      0.00,      0.00,      0.00,0,4,0,0,4,4
H5,392,2018,722090,      0.00,      0.00,      0.00,      0.00,0,1,0,0,1,1
H5,392,2018,722100,      0.00,      0.00,      0.00,      0.00,0,1,0,0,1,1
H5,392,2018,722211,      0.00,      0.00,      0.00,      0.00,0,1,0,0,1,1
H5,392,2018,722219,      0.00,      0.00,      0.00,      0.00,0,1,0,0,1,1
H5,392,2018,722220,      0.00,      0.00,      0.00,      0.00,0,1,0,0,1,1
H5,392,2018,722230,      0.00,      0.00,      0.00,      0.00,0,1,0,0,1,1
H5,392,2018,722240,      0.00,      0.00,      0.00,      0.00,0,1,0,0,1,1
H5,392,2018,722300,      0.00,      0.00,      0.00,      0.00,0,1,0,0,1,1
H5,392,2018,722410,      0.00,      0.00,      0.00,      0.00,0,3,0,0,3,3
H5,392,2018,722490,      0.00,      0.00,      0.00,      0.00,0,3,0,0,3,3
H5,392,2018,722511,      0.00,      0.00,      0.00,      0.00,0,1,0,0,1,1
H5,392,2018,722519,      0.00,      0.00,      0.00,      0.00,0,1,0,0,1,1
H5,392,2018,722530,      0.00,      0.00,      0.00,      0.00,0,4,0,0,4,4
H5,392,2018,722540,      0.00,      0.00,      0.00,      0.00,0,4,0,0,4,4
H5,392,2018,722550,      0.00,      0.00,      0.00,      0.00,0,3,0,0,3,3
H5,392,2018,722591,      0.00,      0.00,      0.00,      0.00,0,4,0,0,4,4
H5,392,2018,722592,      0.00,      0.00,      0.00,      0.00,0,4,0,0,4,4
H5,392,2018,722599,      0.00,      0.00,      0.00,      0.00,0,4,0,0,4,4
H5,392,2018,722611,      0.00,      0.00,      0.00,      0.00,0,1,0,0,1,1
H5,392,2018,722619,      0.00,      0.00,      0.00,      0.00,0,1,0,0,1,1
H5,392,2018,722620,      0.00,      0.00,      0.00,      0.00,0,1,0,0,1,1
H5,392,2018,722691,      0.00,      0.00,      0.00,      0.00,0,2,0,0,2,2
H5,392,2018,722692,      0.00,      0.00,      0.00,      0.00,0,2,0,0,2,2
H5,392,2018,722699,      0.00,      0.00,      0.00,      0.00,0,4,0,0,4,4
H5,392,2018,722710,      0.00,      0.00,      0.00,      0.00,0,1,0,0,1,1
H5,392,2018,722720,      0.00,      0.00,      0.00,      0.00,0,1,0,0,1,1
H5,392,2018,722790,      0.00,      0.00,      0.00,      0.00,0,3,0,0,3,3
H5,392,2018,722810,      0.00,      0.00,      0.00,      0.00,0,1,0,0,1,1
H5,392,2018,722820,      0.00,      0.00,      0.00,      0.00,0,1,0,0,1,1
H5,392,2018,722830,      0.00,      0.00,      0.00,      0.00,0,2,0,0,2,2
H5,392,2018,722840,      0.00,      0.00,      0.00,      0.00,0,2,0,0,2,2
H5,392,2018,722850,      0.00,      0.00,      0.00,      0.00,0,2,0,0,2,2
H5,392,2018,722860,      0.00,      0.00,      0.00,      0.00,0,2,0,0,2,2
H5,392,2018,722870,      0.00,      0.00,      0.00,      0.00,0,2,0,0,2,2
H5,392,2018,722880,      0.00,      0.00,      0.00,      0.00,0,1,0,0,1,1
H5,392,2018,722920,      0.00,      0.00,      0.00,      0.00,0,1,0,0,1,1
H5,392,2018,722990,      0.00,      0.00,      0.00,      0.00,0,4,0,0,4,4
H5,392,2018,730110,      0.00,      0.00,      0.00,      0.00,0,2,0,0,2,2
H5,392,2018,730120,      0.00,      0.00,      0.00,      0.00,0,1,0,0,1,1
H5,392,2018,730210,      0.00,      0.00,      0.00,      0.00,0,1,0,0,1,1
H5,392,2018,730230,      3.30,      3.30,      3.30,      3.30,0,0,0,1,1,1
H5,392,2018,730240,      0.00,      0.00,      0.00,      0.00,0,1,0,0,1,1
H5,392,2018,730290,      0.00,      0.00,      0.00,      0.00,0,1,0,0,1,1
H5,392,2018,730300,      3.30,      3.30,      3.30,      3.30,0,0,0,1,1,1
H5,392,2018,730411,      0.00,      0.00,      0.00,      0.00,0,1,0,0,1,1
H5,392,2018,730419,      0.00,      0.00,      0.00,      0.00,0,2,0,0,2,2
H5,392,2018,730422,      0.00,      0.00,      0.00,      0.00,0,1,0,0,1,1
H5,392,2018,730423,      0.00,      0.00,      0.00,      0.00,0,2,0,0,2,2
H5,392,2018,730424,      0.00,      0.00,      0.00,      0.00,0,1,0,0,1,1
H5,392,2018,730429,      0.00,      0.00,      0.00,      0.00,0,2,0,0,2,2
H5,392,2018,730431,      0.00,      0.00,      0.00,      0.00,0,2,0,0,2,2
H5,392,2018,730439,      0.00,      0.00,      0.00,      0.00,0,2,0,0,2,2
H5,392,2018,730441,      0.00,      0.00,      0.00,      0.00,0,2,0,0,2,2
H5,392,2018,730449,      0.00,      0.00,      0.00,      0.00,0,2,0,0,2,2
H5,392,2018,730451,      0.00,      0.00,      0.00,      0.00,0,2,0,0,2,2
H5,392,2018,730459,      0.00,      0.00,      0.00,      0.00,0,2,0,0,2,2
H5,392,2018,730490,      0.00,      0.00,      0.00,      0.00,0,3,0,0,3,3
H5,392,2018,730511,      0.00,      0.00,      0.00,      0.00,0,2,0,0,2,2
H5,392,2018,730512,      0.00,      0.00,      0.00,      0.00,0,2,0,0,2,2
H5,392,2018,730519,      0.00,      0.00,      0.00,      0.00,0,2,0,0,2,2
H5,392,2018,730520,      0.00,      0.00,      0.00,      0.00,0,2,0,0,2,2
H5,392,2018,730531,      0.00,      0.00,      0.00,      0.00,0,2,0,0,2,2
H5,392,2018,730539,      0.00,      0.00,      0.00,      0.00,0,2,0,0,2,2
H5,392,2018,730590,      0.00,      0.00,      0.00,      0.00,0,2,0,0,2,2
H5,392,2018,730611,      0.00,      0.00,      0.00,      0.00,0,1,0,0,1,1
H5,392,2018,730619,      0.00,      0.00,      0.00,      0.00,0,2,0,0,2,2
H5,392,2018,730621,      0.00,      0.00,      0.00,      0.00,0,1,0,0,1,1
H5,392,2018,730629,      0.00,      0.00,      0.00,      0.00,0,2,0,0,2,2
H5,392,2018,730630,      0.00,      0.00,      0.00,      0.00,0,5,0,0,5,5
H5,392,2018,730640,      0.00,      0.00,      0.00,      0.00,0,1,0,0,1,1
H5,392,2018,730650,      0.00,      0.00,      0.00,      0.00,0,1,0,0,1,1
H5,392,2018,730661,      0.00,      0.00,      0.00,      0.00,0,3,0,0,3,3
H5,392,2018,730669,      0.00,      0.00,      0.00,      0.00,0,2,0,0,2,2
H5,392,2018,730690,      0.00,      0.00,      0.00,      0.00,0,2,0,0,2,2
H5,392,2018,730711,      0.00,      0.00,      0.00,      0.00,0,1,0,0,1,1
H5,392,2018,730719,      0.00,      0.00,      0.00,      0.00,0,1,0,0,1,1
H5,392,2018,730721,      0.00,      0.00,      0.00,      0.00,0,1,0,0,1,1
H5,392,2018,730722,      0.00,      0.00,      0.00,      0.00,0,1,0,0,1,1
H5,392,2018,730723,      0.00,      0.00,      0.00,      0.00,0,1,0,0,1,1
H5,392,2018,730729,      0.00,      0.00,      0.00,      0.00,0,1,0,0,1,1
H5,392,2018,730791,      0.00,      0.00,      0.00,      0.00,0,1,0,0,1,1
H5,392,2018,730792,      0.00,      0.00,      0.00,      0.00,0,1,0,0,1,1
H5,392,2018,730793,      0.00,      0.00,      0.00,      0.00,0,2,0,0,2,2
H5,392,2018,730799,      0.00,      0.00,      0.00,      0.00,0,1,0,0,1,1
H5,392,2018,730810,      0.00,      0.00,      0.00,      0.00,0,1,0,0,1,1
H5,392,2018,730820,      0.00,      0.00,      0.00,      0.00,0,1,0,0,1,1
H5,392,2018,730830,      0.00,      0.00,      0.00,      0.00,0,1,0,0,1,1
H5,392,2018,730840,      0.00,      0.00,      0.00,      0.00,0,1,0,0,1,1
H5,392,2018,730890,      0.00,      0.00,      0.00,      0.00,0,2,0,0,2,2
H5,392,2018,730900,      3.30,      3.30,      3.30,      3.30,0,0,0,1,1,1
H5,392,2018,731010,      3.30,      3.30,      3.30,      3.30,0,0,0,1,1,1
H5,392,2018,731021,      3.30,      3.30,      3.30,      3.30,0,0,0,1,1,1
H5,392,2018,731029,      6.60,      3.30,      3.30,      3.30,0,0,0,2,2,2
H5,392,2018,731100,      3.30,      3.30,      3.30,      3.30,0,0,0,1,1,1
H5,392,2018,731210,      0.00,      0.00,      0.00,      0.00,0,3,0,0,3,3
H5,392,2018,731290,      0.00,      0.00,      0.00,      0.00,0,1,0,0,1,1
H5,392,2018,731300,      0.00,      0.00,      0.00,      0.00,0,1,0,0,1,1
H5,392,2018,731412,      0.00,      0.00,      0.00,      0.00,0,1,0,0,1,1
H5,392,2018,731414,      0.00,      0.00,      0.00,      0.00,0,1,0,0,1,1
H5,392,2018,731419,      0.00,      0.00,      0.00,      0.00,0,1,0,0,1,1
H5,392,2018,731420,      0.00,      0.00,      0.00,      0.00,0,1,0,0,1,1
H5,392,2018,731431,      0.00,      0.00,      0.00,      0.00,0,1,0,0,1,1
H5,392,2018,731439,      0.00,      0.00,      0.00,      0.00,0,1,0,0,1,1
H5,392,2018,731441,      0.00,      0.00,      0.00,      0.00,0,1,0,0,1,1
H5,392,2018,731442,      0.00,      0.00,      0.00,      0.00,0,1,0,0,1,1
H5,392,2018,731449,      0.00,      0.00,      0.00,      0.00,0,1,0,0,1,1
H5,392,2018,731450,      0.00,      0.00,      0.00,      0.00,0,1,0,0,1,1
H5,392,2018,731511,      0.00,      0.00,      0.00,      0.00,0,1,0,0,1,1
H5,392,2018,731512,      0.00,      0.00,      0.00,      0.00,0,1,0,0,1,1
H5,392,2018,731519,      0.00,      0.00,      0.00,      0.00,0,1,0,0,1,1
H5,392,2018,731520,      0.00,      0.00,      0.00,      0.00,0,1,0,0,1,1
H5,392,2018,731581,      0.00,      0.00,      0.00,      0.00,0,1,0,0,1,1
H5,392,2018,731582,      0.00,      0.00,      0.00,      0.00,0,1,0,0,1,1
H5,392,2018,731589,      0.00,      0.00,      0.00,      0.00,0,1,0,0,1,1
H5,392,2018,731590,      0.00,      0.00,      0.00,      0.00,0,1,0,0,1,1
H5,392,2018,731600,      3.30,      3.30,      3.30,      3.30,0,0,0,1,1,1
H5,392,2018,731700,      0.00,      0.00,      0.00,      0.00,0,1,0,0,1,1
H5,392,2018,731811,      2.80,      2.80,      2.80,      2.80,0,0,0,1,1,1
H5,392,2018,731812,      2.80,      2.80,      2.80,      2.80,0,0,0,1,1,1
H5,392,2018,731813,      2.80,      2.80,      2.80,      2.80,0,0,0,1,1,1
H5,392,2018,731814,      2.80,      2.80,      2.80,      2.80,0,0,0,1,1,1
H5,392,2018,731815,      8.40,      2.80,      2.80,      2.80,0,0,0,3,3,3
H5,392,2018,731816,      5.60,      2.80,      2.80,      2.80,0,0,0,2,2,2
H5,392,2018,731819,      2.80,      2.80,      2.80,      2.80,0,0,0,1,1,1
H5,392,2018,731821,      2.80,      2.80,      2.80,      2.80,0,0,0,1,1,1
H5,392,2018,731822,      2.80,      2.80,      2.80,      2.80,0,0,0,1,1,1
H5,392,2018,731823,      2.80,      2.80,      2.80,      2.80,0,0,0,1,1,1
H5,392,2018,731824,      2.80,      2.80,      2.80,      2.80,0,0,0,1,1,1
H5,392,2018,731829,      2.80,      2.80,      2.80,      2.80,0,0,0,1,1,1
H5,392,2018,731940,      0.00,      0.00,      0.00,      0.00,0,1,0,0,1,1
H5,392,2018,731990,      0.00,      0.00,      0.00,      0.00,0,1,0,0,1,1
H5,392,2018,732010,      3.30,      0.00,      3.30,      1.65,0,1,0,1,2,2
H5,392,2018,732020,      3.30,      0.00,      3.30,      1.65,0,1,0,1,2,2
H5,392,2018,732090,      3.30,      0.00,      3.30,      1.65,0,1,0,1,2,2
H5,392,2018,732111,      0.00,      0.00,      0.00,      0.00,0,1,0,0,1,1
H5,392,2018,732112,      0.00,      0.00,      0.00,      0.00,0,1,0,0,1,1
H5,392,2018,732119,      0.00,      0.00,      0.00,      0.00,0,1,0,0,1,1
H5,392,2018,732181,      0.00,      0.00,      0.00,      0.00,0,1,0,0,1,1
H5,392,2018,732182,      0.00,      0.00,      0.00,      0.00,0,1,0,0,1,1
H5,392,2018,732189,      0.00,      0.00,      0.00,      0.00,0,1,0,0,1,1
H5,392,2018,732190,      0.00,      0.00,      0.00,      0.00,0,1,0,0,1,1
H5,392,2018,732211,      0.00,      0.00,      0.00,      0.00,0,1,0,0,1,1
H5,392,2018,732219,      0.00,      0.00,      0.00,      0.00,0,1,0,0,1,1
H5,392,2018,732290,      0.00,      0.00,      0.00,      0.00,0,1,0,0,1,1
H5,392,2018,732310,      0.00,      0.00,      0.00,      0.00,0,1,0,0,1,1
H5,392,2018,732391,      0.00,      0.00,      0.00,      0.00,0,1,0,0,1,1
H5,392,2018,732392,      0.00,      0.00,      0.00,      0.00,0,1,0,0,1,1
H5,392,2018,732393,      0.00,      0.00,      0.00,      0.00,0,1,0,0,1,1
H5,392,2018,732394,      0.00,      0.00,      0.00,      0.00,0,1,0,0,1,1
H5,392,2018,732399,      0.00,      0.00,      0.00,      0.00,0,1,0,0,1,1
H5,392,2018,732410,      0.00,      0.00,      0.00,      0.00,0,1,0,0,1,1
H5,392,2018,732421,      0.00,      0.00,      0.00,      0.00,0,1,0,0,1,1
H5,392,2018,732429,      0.00,      0.00,      0.00,      0.00,0,1,0,0,1,1
H5,392,2018,732490,      0.00,      0.00,      0.00,      0.00,0,1,0,0,1,1
H5,392,2018,732510,      0.00,      0.00,      0.00,      0.00,0,1,0,0,1,1
H5,392,2018,732591,      0.00,      0.00,      0.00,      0.00,0,1,0,0,1,1
H5,392,2018,732599,      0.00,      0.00,      0.00,      0.00,0,2,0,0,2,2
H5,392,2018,732611,      0.00,      0.00,      0.00,      0.00,0,1,0,0,1,1
H5,392,2018,732619,      0.00,      0.00,      0.00,      0.00,0,1,0,0,1,1
H5,392,2018,732620,      0.00,      0.00,      0.00,      0.00,0,1,0,0,1,1
H5,392,2018,732690,      0.00,      0.00,      0.00,      0.00,0,3,0,0,3,3
H5,392,2018,740100,      0.00,      0.00,      0.00,      0.00,0,2,0,0,2,2
H5,392,2018,740200,      3.00,      0.00,      3.00,      1.50,1,1,0,1,2,3
H5,392,2018,740311,      3.00,      0.00,      3.00,      1.50,1,1,0,1,2,3
H5,392,2018,740312,      3.00,      0.00,      3.00,      1.50,1,1,0,1,2,3
H5,392,2018,740313,      3.00,      0.00,      3.00,      1.50,1,1,0,1,2,3
H5,392,2018,740319,      6.00,      0.00,      3.00,      2.00,2,1,0,2,3,5
H5,392,2018,740321,      0.00,      0.00,      0.00,      0.00,0,1,0,0,1,1
H5,392,2018,740322,      3.00,      0.00,      3.00,      1.50,1,1,0,1,2,3
H5,392,2018,740329,      6.00,      0.00,      3.00,      2.00,2,1,0,2,3,5
H5,392,2018,740400,      0.00,      0.00,      0.00,      0.00,0,3,0,0,3,3
H5,392,2018,740500,      3.00,      3.00,      3.00,      3.00,0,0,0,1,1,1
H5,392,2018,740610,      3.00,      3.00,      3.00,      3.00,0,0,0,1,1,1
H5,392,2018,740620,      3.00,      3.00,      3.00,      3.00,0,0,0,1,1,1
H5,392,2018,740710,      3.00,      3.00,      3.00,      3.00,0,0,0,1,1,1
H5,392,2018,740721,      3.00,      3.00,      3.00,      3.00,0,0,0,1,1,1
H5,392,2018,740729,      9.00,      3.00,      3.00,      3.00,0,0,0,3,3,3
H5,392,2018,740811,      3.00,      3.00,      3.00,      3.00,0,0,0,1,1,1
H5,392,2018,740819,      3.00,      3.00,      3.00,      3.00,0,0,0,1,1,1
H5,392,2018,740821,      3.00,      3.00,      3.00,      3.00,0,0,0,1,1,1
H5,392,2018,740822,      3.00,      3.00,      3.00,      3.00,0,0,0,1,1,1
H5,392,2018,740829,      6.00,      3.00,      3.00,      3.00,0,0,0,2,2,2
H5,392,2018,740911,      3.00,      3.00,      3.00,      3.00,0,0,0,1,1,1
H5,392,2018,740919,      3.00,      3.00,      3.00,      3.00,0,0,0,1,1,1
H5,392,2018,740921,      3.00,      3.00,      3.00,      3.00,0,0,0,1,1,1
H5,392,2018,740929,      3.00,      3.00,      3.00,      3.00,0,0,0,1,1,1
H5,392,2018,740931,      3.00,      3.00,      3.00,      3.00,0,0,0,1,1,1
H5,392,2018,740939,      3.00,      3.00,      3.00,      3.00,0,0,0,1,1,1
H5,392,2018,740940,      3.00,      3.00,      3.00,      3.00,0,0,0,1,1,1
H5,392,2018,740990,      3.00,      3.00,      3.00,      3.00,0,0,0,1,1,1
H5,392,2018,741011,      3.00,      3.00,      3.00,      3.00,0,0,0,1,1,1
H5,392,2018,741012,      3.00,      3.00,      3.00,      3.00,0,0,0,1,1,1
H5,392,2018,741021,      3.00,      3.00,      3.00,      3.00,0,0,0,1,1,1
H5,392,2018,741022,      3.00,      3.00,      3.00,      3.00,0,0,0,1,1,1
H5,392,2018,741110,      3.00,      3.00,      3.00,      3.00,0,0,0,1,1,1
H5,392,2018,741121,      3.00,      3.00,      3.00,      3.00,0,0,0,1,1,1
H5,392,2018,741122,      3.00,      3.00,      3.00,      3.00,0,0,0,1,1,1
H5,392,2018,741129,      3.00,      3.00,      3.00,      3.00,0,0,0,1,1,1
H5,392,2018,741210,      0.00,      0.00,      0.00,      0.00,0,1,0,0,1,1
H5,392,2018,741220,      0.00,      0.00,      0.00,      0.00,0,1,0,0,1,1
H5,392,2018,741300,      3.00,      3.00,      3.00,      3.00,0,0,0,1,1,1
H5,392,2018,741510,      0.00,      0.00,      0.00,      0.00,0,1,0,0,1,1
H5,392,2018,741521,      0.00,      0.00,      0.00,      0.00,0,1,0,0,1,1
H5,392,2018,741529,      0.00,      0.00,      0.00,      0.00,0,1,0,0,1,1
H5,392,2018,741533,      0.00,      0.00,      0.00,      0.00,0,1,0,0,1,1
H5,392,2018,741539,      0.00,      0.00,      0.00,      0.00,0,1,0,0,1,1
H5,392,2018,741810,      0.00,      0.00,      0.00,      0.00,0,1,0,0,1,1
H5,392,2018,741820,      0.00,      0.00,      0.00,      0.00,0,1,0,0,1,1
H5,392,2018,741910,      0.00,      0.00,      0.00,      0.00,0,1,0,0,1,1
H5,392,2018,741991,      0.00,      0.00,      0.00,      0.00,0,1,0,0,1,1
H5,392,2018,741999,      0.00,      0.00,      0.00,      0.00,0,1,0,0,1,1
H5,392,2018,750110,      0.00,      0.00,      0.00,      0.00,0,1,0,0,1,1
H5,392,2018,750120,      3.00,      0.00,      3.00,      1.50,1,1,0,1,2,3
H5,392,2018,750210,,,,,1,0,0,0,0,1
H5,392,2018,750220,      3.00,      0.00,      3.00,      1.50,0,1,0,1,2,2
H5,392,2018,750300,      0.00,      0.00,      0.00,      0.00,0,1,0,0,1,1
H5,392,2018,750400,      3.00,      0.00,      3.00,      1.50,1,1,0,1,2,3
H5,392,2018,750511,      3.00,      3.00,      3.00,      3.00,0,0,0,1,1,1
H5,392,2018,750512,      3.00,      3.00,      3.00,      3.00,0,0,0,1,1,1
H5,392,2018,750521,      3.00,      3.00,      3.00,      3.00,0,0,0,1,1,1
H5,392,2018,750522,      3.00,      3.00,      3.00,      3.00,0,0,0,1,1,1
H5,392,2018,750610,      3.00,      0.00,      3.00,      1.50,0,1,0,1,2,2
H5,392,2018,750620,      3.00,      3.00,      3.00,      3.00,0,0,0,1,1,1
H5,392,2018,750711,      3.00,      3.00,      3.00,      3.00,0,0,0,1,1,1
H5,392,2018,750712,      0.00,      0.00,      0.00,      0.00,0,1,0,0,1,1
H5,392,2018,750720,      0.00,      0.00,      0.00,      0.00,0,1,0,0,1,1
H5,392,2018,750810,      3.00,      3.00,      3.00,      3.00,0,0,0,1,1,1
H5,392,2018,750890,      3.00,      3.00,      3.00,      3.00,0,0,0,1,1,1
H5,392,2018,760110,      0.00,      0.00,      0.00,      0.00,0,1,0,0,1,1
H5,392,2018,760120,      0.00,      0.00,      0.00,      0.00,0,1,0,0,1,1
H5,392,2018,760200,      0.00,      0.00,      0.00,      0.00,0,2,0,0,2,2
H5,392,2018,760310,      3.00,      3.00,      3.00,      3.00,0,0,0,1,1,1
H5,392,2018,760320,      3.00,      3.00,      3.00,      3.00,0,0,0,1,1,1
H5,392,2018,760410,      7.50,      7.50,      7.50,      7.50,0,0,0,1,1,1
H5,392,2018,760421,      7.50,      7.50,      7.50,      7.50,0,0,0,1,1,1
H5,392,2018,760429,      7.50,      7.50,      7.50,      7.50,0,0,0,1,1,1
H5,392,2018,760511,      7.50,      7.50,      7.50,      7.50,0,0,0,1,1,1
H5,392,2018,760519,      7.50,      7.50,      7.50,      7.50,0,0,0,1,1,1
H5,392,2018,760521,      7.50,      7.50,      7.50,      7.50,0,0,0,1,1,1
H5,392,2018,760529,      7.50,      7.50,      7.50,      7.50,0,0,0,1,1,1
H5,392,2018,760611,      2.00,      2.00,      2.00,      2.00,0,0,0,1,1,1
H5,392,2018,760612,      2.00,      0.00,      2.00,      0.67,0,2,0,1,3,3
H5,392,2018,760691,      2.00,      2.00,      2.00,      2.00,0,0,0,1,1,1
H5,392,2018,760692,      2.00,      0.00,      2.00,      0.67,0,2,0,1,3,3
H5,392,2018,760711,      7.50,      7.50,      7.50,      7.50,0,0,0,1,1,1
H5,392,2018,760719,      7.50,      7.50,      7.50,      7.50,0,0,0,1,1,1
H5,392,2018,760720,      7.50,      7.50,      7.50,      7.50,0,0,0,1,1,1
H5,392,2018,760810,      7.50,      7.50,      7.50,      7.50,0,0,0,1,1,1
H5,392,2018,760820,      7.50,      7.50,      7.50,      7.50,0,0,0,1,1,1
H5,392,2018,760900,      3.00,      3.00,      3.00,      3.00,0,0,0,1,1,1
H5,392,2018,761010,      0.00,      0.00,      0.00,      0.00,0,1,0,0,1,1
H5,392,2018,761090,      3.00,      3.00,      3.00,      3.00,0,0,0,1,1,1
H5,392,2018,761100,      3.00,      3.00,      3.00,      3.00,0,0,0,1,1,1
H5,392,2018,761210,      3.00,      3.00,      3.00,      3.00,0,0,0,1,1,1
H5,392,2018,761290,      3.00,      3.00,      3.00,      3.00,0,0,0,1,1,1
H5,392,2018,761300,      3.00,      3.00,      3.00,      3.00,0,0,0,1,1,1
H5,392,2018,761410,      3.00,      3.00,      3.00,      3.00,0,0,0,1,1,1
H5,392,2018,761490,      3.00,      3.00,      3.00,      3.00,0,0,0,1,1,1
H5,392,2018,761510,      0.00,      0.00,      0.00,      0.00,0,1,0,0,1,1
H5,392,2018,761520,      0.00,      0.00,      0.00,      0.00,0,1,0,0,1,1
H5,392,2018,761610,      3.00,      3.00,      3.00,      3.00,0,0,0,1,1,1
H5,392,2018,761691,      3.00,      3.00,      3.00,      3.00,0,0,0,1,1,1
H5,392,2018,761699,      3.00,      3.00,      3.00,      3.00,0,0,0,1,1,1
H5,392,2018,780110,      0.00,      0.00,      0.00,      0.00,2,1,0,0,1,3
H5,392,2018,780191,      8.60,      0.00,      3.00,      2.15,0,1,0,3,4,4
H5,392,2018,780199,      8.60,      0.00,      3.00,      1.72,2,2,0,3,5,7
H5,392,2018,780200,      2.10,      2.10,      2.10,      2.10,0,0,0,1,1,1
H5,392,2018,780411,      3.00,      3.00,      3.00,      3.00,0,0,0,1,1,1
H5,392,2018,780419,      3.00,      3.00,      3.00,      3.00,0,0,0,1,1,1
H5,392,2018,780420,      3.00,      3.00,      3.00,      3.00,0,0,0,1,1,1
H5,392,2018,780600,      6.00,      3.00,      3.00,      3.00,0,0,0,2,2,2
H5,392,2018,790111,      0.00,      0.00,      0.00,      0.00,2,1,0,0,1,3
H5,392,2018,790112,      0.00,      0.00,      0.00,      0.00,2,1,0,0,1,3
H5,392,2018,790120,      0.00,      0.00,      0.00,      0.00,2,1,0,0,1,3
H5,392,2018,790200,      0.00,      0.00,      0.00,      0.00,0,1,0,0,1,1
H5,392,2018,790310,      3.00,      3.00,      3.00,      3.00,0,0,0,1,1,1
H5,392,2018,790390,      3.00,      3.00,      3.00,      3.00,0,0,0,1,1,1
H5,392,2018,790400,      3.00,      3.00,      3.00,      3.00,0,0,0,1,1,1
H5,392,2018,790500,      3.00,      3.00,      3.00,      3.00,0,0,0,1,1,1
H5,392,2018,790700,      6.00,      3.00,      3.00,      3.00,0,0,0,2,2,2
H5,392,2018,800110,      0.00,      0.00,      0.00,      0.00,0,1,0,0,1,1
H5,392,2018,800120,      2.10,      2.10,      2.10,      2.10,0,0,0,1,1,1
H5,392,2018,800200,      0.00,      0.00,      0.00,      0.00,0,1,0,0,1,1
H5,392,2018,800300,      2.50,      2.50,      2.50,      2.50,0,0,0,1,1,1
H5,392,2018,800700,     11.50,      2.50,      3.00,      2.88,0,0,0,4,4,4
H5,392,2018,810110,      0.00,      0.00,      0.00,      0.00,0,1,0,0,1,1
H5,392,2018,810194,      0.00,      0.00,      0.00,      0.00,0,1,0,0,1,1
H5,392,2018,810196,      0.00,      0.00,      0.00,      0.00,0,1,0,0,1,1
H5,392,2018,810197,      0.00,      0.00,      0.00,      0.00,0,1,0,0,1,1
H5,392,2018,810199,      0.00,      0.00,      0.00,      0.00,0,2,0,0,2,2
H5,392,2018,810210,      0.00,      0.00,      0.00,      0.00,0,1,0,0,1,1
H5,392,2018,810294,      0.00,      0.00,      0.00,      0.00,0,1,0,0,1,1
H5,392,2018,810295,      0.00,      0.00,      0.00,      0.00,0,1,0,0,1,1
H5,392,2018,810296,      0.00,      0.00,      0.00,      0.00,0,1,0,0,1,1
H5,392,2018,810297,      0.00,      0.00,      0.00,      0.00,0,1,0,0,1,1
H5,392,2018,810299,      0.00,      0.00,      0.00,      0.00,0,1,0,0,1,1
H5,392,2018,810320,      3.00,      3.00,      3.00,      3.00,0,0,0,1,1,1
H5,392,2018,810330,      0.00,      0.00,      0.00,      0.00,0,1,0,0,1,1
H5,392,2018,810390,      6.00,      3.00,      3.00,      3.00,0,0,0,2,2,2
H5,392,2018,810411,      0.00,      0.00,      0.00,      0.00,0,2,0,0,2,2
H5,392,2018,810419,      0.00,      0.00,      0.00,      0.00,0,2,0,0,2,2
H5,392,2018,810420,      0.00,      0.00,      0.00,      0.00,0,1,0,0,1,1
H5,392,2018,810430,      3.00,      3.00,      3.00,      3.00,0,0,0,1,1,1
H5,392,2018,810490,      3.00,      3.00,      3.00,      3.00,0,0,0,1,1,1
H5,392,2018,810520,      0.00,      0.00,      0.00,      0.00,0,1,0,0,1,1
H5,392,2018,810530,      0.00,      0.00,      0.00,      0.00,0,1,0,0,1,1
H5,392,2018,810590,      0.00,      0.00,      0.00,      0.00,0,1,0,0,1,1
H5,392,2018,810600,      3.00,      3.00,      3.00,      3.00,0,0,0,1,1,1
H5,392,2018,810720,      3.00,      3.00,      3.00,      3.00,0,0,0,1,1,1
H5,392,2018,810730,      3.00,      3.00,      3.00,      3.00,0,0,0,1,1,1
H5,392,2018,810790,      3.00,      3.00,      3.00,      3.00,0,0,0,1,1,1
H5,392,2018,810820,      3.00,      0.00,      3.00,      1.50,0,1,0,1,2,2
H5,392,2018,810830,      3.00,      0.00,      3.00,      1.50,0,1,0,1,2,2
H5,392,2018,810890,      3.00,      0.00,      3.00,      1.50,0,1,0,1,2,2
H5,392,2018,810920,      0.00,      0.00,      0.00,      0.00,0,1,0,0,1,1
H5,392,2018,810930,      0.00,      0.00,      0.00,      0.00,0,1,0,0,1,1
H5,392,2018,810990,      0.00,      0.00,      0.00,      0.00,0,1,0,0,1,1
H5,392,2018,811010,      0.00,      0.00,      0.00,      0.00,0,1,0,0,1,1
H5,392,2018,811020,,,,,1,0,0,0,0,1
H5,392,2018,811090,,,,,1,0,0,0,0,1
H5,392,2018,811100,      3.00,      3.00,      3.00,      3.00,0,0,0,1,1,1
H5,392,2018,811212,      0.00,      0.00,      0.00,      0.00,0,1,0,0,1,1
H5,392,2018,811213,      0.00,      0.00,      0.00,      0.00,0,1,0,0,1,1
H5,392,2018,811219,      0.00,      0.00,      0.00,      0.00,0,1,0,0,1,1
H5,392,2018,811221,      3.00,      3.00,      3.00,      3.00,0,0,0,1,1,1
H5,392,2018,811222,      3.00,      3.00,      3.00,      3.00,0,0,0,1,1,1
H5,392,2018,811229,      3.00,      3.00,      3.00,      3.00,0,0,0,1,1,1
H5,392,2018,811251,      3.00,      3.00,      3.00,      3.00,0,0,0,1,1,1
H5,392,2018,811252,      3.00,      3.00,      3.00,      3.00,0,0,0,1,1,1
H5,392,2018,811259,      3.00,      3.00,      3.00,      3.00,0,0,0,1,1,1
H5,392,2018,811292,      5.50,      0.00,      3.00,      1.38,0,2,0,2,4,4
H5,392,2018,811299,      6.00,      0.00,      3.00,      1.50,0,2,0,2,4,4
H5,392,2018,811300,      3.00,      3.00,      3.00,      3.00,0,0,0,1,1,1
H5,392,2018,820110,      0.00,      0.00,      0.00,      0.00,0,1,0,0,1,1
H5,392,2018,820130,      0.00,      0.00,      0.00,      0.00,0,1,0,0,1,1
H5,392,2018,820140,      0.00,      0.00,      0.00,      0.00,0,1,0,0,1,1
H5,392,2018,820150,      0.00,      0.00,      0.00,      0.00,0,1,0,0,1,1
H5,392,2018,820160,      0.00,      0.00,      0.00,      0.00,0,1,0,0,1,1
H5,392,2018,820190,      0.00,      0.00,      0.00,      0.00,0,1,0,0,1,1
H5,392,2018,820210,      0.00,      0.00,      0.00,      0.00,0,1,0,0,1,1
H5,392,2018,820220,      0.00,      0.00,      0.00,      0.00,0,1,0,0,1,1
H5,392,2018,820231,      0.00,      0.00,      0.00,      0.00,0,1,0,0,1,1
H5,392,2018,820239,      0.00,      0.00,      0.00,      0.00,0,1,0,0,1,1
H5,392,2018,820240,      0.00,      0.00,      0.00,      0.00,0,1,0,0,1,1
H5,392,2018,820291,      0.00,      0.00,      0.00,      0.00,0,1,0,0,1,1
H5,392,2018,820299,      0.00,      0.00,      0.00,      0.00,0,1,0,0,1,1
H5,392,2018,820310,      0.00,      0.00,      0.00,      0.00,0,1,0,0,1,1
H5,392,2018,820320,      0.00,      0.00,      0.00,      0.00,0,1,0,0,1,1
H5,392,2018,820330,      0.00,      0.00,      0.00,      0.00,0,1,0,0,1,1
H5,392,2018,820340,      0.00,      0.00,      0.00,      0.00,0,1,0,0,1,1
H5,392,2018,820411,      0.00,      0.00,      0.00,      0.00,0,1,0,0,1,1
H5,392,2018,820412,      0.00,      0.00,      0.00,      0.00,0,1,0,0,1,1
H5,392,2018,820420,      0.00,      0.00,      0.00,      0.00,0,1,0,0,1,1
H5,392,2018,820510,      0.00,      0.00,      0.00,      0.00,0,1,0,0,1,1
H5,392,2018,820520,      0.00,      0.00,      0.00,      0.00,0,1,0,0,1,1
H5,392,2018,820530,      0.00,      0.00,      0.00,      0.00,0,1,0,0,1,1
H5,392,2018,820540,      0.00,      0.00,      0.00,      0.00,0,1,0,0,1,1
H5,392,2018,820551,      0.00,      0.00,      0.00,      0.00,0,1,0,0,1,1
H5,392,2018,820559,      0.00,      0.00,      0.00,      0.00,0,1,0,0,1,1
H5,392,2018,820560,      0.00,      0.00,      0.00,      0.00,0,1,0,0,1,1
H5,392,2018,820570,      0.00,      0.00,      0.00,      0.00,0,1,0,0,1,1
H5,392,2018,820590,      0.00,      0.00,      0.00,      0.00,0,1,0,0,1,1
H5,392,2018,820600,      0.00,      0.00,      0.00,      0.00,0,1,0,0,1,1
H5,392,2018,820713,      0.00,      0.00,      0.00,      0.00,0,1,0,0,1,1
H5,392,2018,820719,      0.00,      0.00,      0.00,      0.00,0,1,0,0,1,1
H5,392,2018,820720,      0.00,      0.00,      0.00,      0.00,0,1,0,0,1,1
H5,392,2018,820730,      0.00,      0.00,      0.00,      0.00,0,1,0,0,1,1
H5,392,2018,820740,      0.00,      0.00,      0.00,      0.00,0,1,0,0,1,1
H5,392,2018,820750,      0.00,      0.00,      0.00,      0.00,0,2,0,0,2,2
H5,392,2018,820760,      0.00,      0.00,      0.00,      0.00,0,1,0,0,1,1
H5,392,2018,820770,      0.00,      0.00,      0.00,      0.00,0,2,0,0,2,2
H5,392,2018,820780,      0.00,      0.00,      0.00,      0.00,0,1,0,0,1,1
H5,392,2018,820790,      0.00,      0.00,      0.00,      0.00,0,2,0,0,2,2
H5,392,2018,820810,      0.00,      0.00,      0.00,      0.00,0,1,0,0,1,1
H5,392,2018,820820,      0.00,      0.00,      0.00,      0.00,0,1,0,0,1,1
H5,392,2018,820830,      0.00,      0.00,      0.00,      0.00,0,1,0,0,1,1
H5,392,2018,820840,      0.00,      0.00,      0.00,      0.00,0,1,0,0,1,1
H5,392,2018,820890,      0.00,      0.00,      0.00,      0.00,0,1,0,0,1,1
H5,392,2018,820900,      0.00,      0.00,      0.00,      0.00,0,2,0,0,2,2
H5,392,2018,821000,      0.00,      0.00,      0.00,      0.00,0,1,0,0,1,1
H5,392,2018,821110,      3.70,      3.70,      3.70,      3.70,0,0,0,1,1,1
H5,392,2018,821191,      3.70,      3.70,      3.70,      3.70,0,0,0,1,1,1
H5,392,2018,821192,      3.70,      3.70,      3.70,      3.70,0,0,0,1,1,1
H5,392,2018,821193,      3.70,      3.70,      3.70,      3.70,0,0,0,1,1,1
H5,392,2018,821194,      3.10,      3.10,      3.10,      3.10,0,0,0,1,1,1
H5,392,2018,821195,      3.70,      3.70,      3.70,      3.70,0,0,0,1,1,1
H5,392,2018,821210,      0.00,      0.00,      0.00,      0.00,0,2,0,0,2,2
H5,392,2018,821220,      0.00,      0.00,      0.00,      0.00,0,1,0,0,1,1
H5,392,2018,821290,      0.00,      0.00,      0.00,      0.00,0,1,0,0,1,1
H5,392,2018,821300,      3.70,      3.70,      3.70,      3.70,0,0,0,1,1,1
H5,392,2018,821410,      3.70,      3.70,      3.70,      3.70,0,0,0,1,1,1
H5,392,2018,821420,      3.90,      3.90,      3.90,      3.90,0,0,0,1,1,1
H5,392,2018,821490,      3.70,      3.70,      3.70,      3.70,0,0,0,1,1,1
H5,392,2018,821510,      3.90,      3.90,      3.90,      3.90,0,0,0,1,1,1
H5,392,2018,821520,      3.90,      3.90,      3.90,      3.90,0,0,0,1,1,1
H5,392,2018,821591,      4.60,      4.60,      4.60,      4.60,0,0,0,1,1,1
H5,392,2018,821599,      3.90,      3.90,      3.90,      3.90,0,0,0,1,1,1
H5,392,2018,830110,      2.70,      2.70,      2.70,      2.70,0,0,0,1,1,1
H5,392,2018,830120,      0.00,      0.00,      0.00,      0.00,0,1,0,0,1,1
H5,392,2018,830130,      2.70,      2.70,      2.70,      2.70,0,0,0,1,1,1
H5,392,2018,830140,      2.70,      2.70,      2.70,      2.70,0,0,0,1,1,1
H5,392,2018,830150,      2.70,      2.70,      2.70,      2.70,0,0,0,1,1,1
H5,392,2018,830160,      2.70,      2.70,      2.70,      2.70,0,0,0,1,1,1
H5,392,2018,830170,      2.70,      2.70,      2.70,      2.70,0,0,0,1,1,1
H5,392,2018,830210,      2.70,      2.70,      2.70,      2.70,0,0,0,1,1,1
H5,392,2018,830220,      2.70,      2.70,      2.70,      2.70,0,0,0,1,1,1
H5,392,2018,830230,      0.00,      0.00,      0.00,      0.00,0,1,0,0,1,1
H5,392,2018,830241,      2.70,      2.70,      2.70,      2.70,0,0,0,1,1,1
H5,392,2018,830242,      2.70,      2.70,      2.70,      2.70,0,0,0,1,1,1
H5,392,2018,830249,      2.70,      2.70,      2.70,      2.70,0,0,0,1,1,1
H5,392,2018,830250,      2.70,      2.70,      2.70,      2.70,0,0,0,1,1,1
H5,392,2018,830260,      2.70,      2.70,      2.70,      2.70,0,0,0,1,1,1
H5,392,2018,830300,      0.00,      0.00,      0.00,      0.00,0,1,0,0,1,1
H5,392,2018,830400,      3.10,      3.10,      3.10,      3.10,0,0,0,1,1,1
H5,392,2018,830510,      0.00,      0.00,      0.00,      0.00,0,1,0,0,1,1
H5,392,2018,830520,      0.00,      0.00,      0.00,      0.00,0,1,0,0,1,1
H5,392,2018,830590,      0.00,      0.00,      0.00,      0.00,0,1,0,0,1,1
H5,392,2018,830610,      0.00,      0.00,      0.00,      0.00,0,1,0,0,1,1
H5,392,2018,830621,      3.10,      3.10,      3.10,      3.10,0,0,0,1,1,1
H5,392,2018,830629,      3.10,      3.10,      3.10,      3.10,0,0,0,1,1,1
H5,392,2018,830630,      3.10,      3.10,      3.10,      3.10,0,0,0,1,1,1
H5,392,2018,830710,      0.00,      0.00,      0.00,      0.00,0,1,0,0,1,1
H5,392,2018,830790,      0.00,      0.00,      0.00,      0.00,0,1,0,0,1,1
H5,392,2018,830810,      0.00,      0.00,      0.00,      0.00,0,1,0,0,1,1
H5,392,2018,830820,      0.00,      0.00,      0.00,      0.00,0,1,0,0,1,1
H5,392,2018,830890,      8.40,      3.10,      5.30,      4.20,0,0,0,2,2,2
H5,392,2018,830910,      2.60,      2.60,      2.60,      2.60,0,0,0,1,1,1
H5,392,2018,830990,      2.50,      2.50,      2.50,      2.50,0,0,0,1,1,1
H5,392,2018,831000,      0.00,      0.00,      0.00,      0.00,0,1,0,0,1,1
H5,392,2018,831110,      3.30,      3.30,      3.30,      3.30,0,0,0,1,1,1
H5,392,2018,831120,      3.30,      3.30,      3.30,      3.30,0,0,0,1,1,1
H5,392,2018,831130,      3.30,      3.30,      3.30,      3.30,0,0,0,1,1,1
H5,392,2018,831190,      3.90,      3.90,      3.90,      3.90,0,0,0,1,1,1
H5,392,2018,840110,      0.00,      0.00,      0.00,      0.00,0,1,0,0,1,1
H5,392,2018,840120,      0.00,      0.00,      0.00,      0.00,0,1,0,0,1,1
H5,392,2018,840130,      0.00,      0.00,      0.00,      0.00,0,1,0,0,1,1
H5,392,2018,840140,      0.00,      0.00,      0.00,      0.00,0,1,0,0,1,1
H5,392,2018,840211,      0.00,      0.00,      0.00,      0.00,0,1,0,0,1,1
H5,392,2018,840212,      0.00,      0.00,      0.00,      0.00,0,1,0,0,1,1
H5,392,2018,840219,      0.00,      0.00,      0.00,      0.00,0,1,0,0,1,1
H5,392,2018,840220,      0.00,      0.00,      0.00,      0.00,0,1,0,0,1,1
H5,392,2018,840290,      0.00,      0.00,      0.00,      0.00,0,1,0,0,1,1
H5,392,2018,840310,      0.00,      0.00,      0.00,      0.00,0,1,0,0,1,1
H5,392,2018,840390,      0.00,      0.00,      0.00,      0.00,0,1,0,0,1,1
H5,392,2018,840410,      0.00,      0.00,      0.00,      0.00,0,1,0,0,1,1
H5,392,2018,840420,      0.00,      0.00,      0.00,      0.00,0,1,0,0,1,1
H5,392,2018,840490,      0.00,      0.00,      0.00,      0.00,0,1,0,0,1,1
H5,392,2018,840510,      0.00,      0.00,      0.00,      0.00,0,1,0,0,1,1
H5,392,2018,840590,      0.00,      0.00,      0.00,      0.00,0,1,0,0,1,1
H5,392,2018,840610,      0.00,      0.00,      0.00,      0.00,0,1,0,0,1,1
H5,392,2018,840681,      0.00,      0.00,      0.00,      0.00,0,1,0,0,1,1
H5,392,2018,840682,      0.00,      0.00,      0.00,      0.00,0,1,0,0,1,1
H5,392,2018,840690,      0.00,      0.00,      0.00,      0.00,0,1,0,0,1,1
H5,392,2018,840710,      0.00,      0.00,      0.00,      0.00,0,1,0,0,1,1
H5,392,2018,840721,      0.00,      0.00,      0.00,      0.00,0,1,0,0,1,1
H5,392,2018,840729,      0.00,      0.00,      0.00,      0.00,0,1,0,0,1,1
H5,392,2018,840731,      0.00,      0.00,      0.00,      0.00,0,1,0,0,1,1
H5,392,2018,840732,      0.00,      0.00,      0.00,      0.00,0,1,0,0,1,1
H5,392,2018,840733,      0.00,      0.00,      0.00,      0.00,0,1,0,0,1,1
H5,392,2018,840734,      0.00,      0.00,      0.00,      0.00,0,1,0,0,1,1
H5,392,2018,840790,      0.00,      0.00,      0.00,      0.00,0,1,0,0,1,1
H5,392,2018,840810,      0.00,      0.00,      0.00,      0.00,0,1,0,0,1,1
H5,392,2018,840820,      0.00,      0.00,      0.00,      0.00,0,1,0,0,1,1
H5,392,2018,840890,      0.00,      0.00,      0.00,      0.00,0,4,0,0,4,4
H5,392,2018,840910,      0.00,      0.00,      0.00,      0.00,0,1,0,0,1,1
H5,392,2018,840991,      0.00,      0.00,      0.00,      0.00,0,2,0,0,2,2
H5,392,2018,840999,      0.00,      0.00,      0.00,      0.00,0,2,0,0,2,2
H5,392,2018,841011,      0.00,      0.00,      0.00,      0.00,0,1,0,0,1,1
H5,392,2018,841012,      0.00,      0.00,      0.00,      0.00,0,1,0,0,1,1
H5,392,2018,841013,      0.00,      0.00,      0.00,      0.00,0,1,0,0,1,1
H5,392,2018,841090,      0.00,      0.00,      0.00,      0.00,0,1,0,0,1,1
H5,392,2018,841111,      0.00,      0.00,      0.00,      0.00,0,1,0,0,1,1
H5,392,2018,841112,      0.00,      0.00,      0.00,      0.00,0,1,0,0,1,1
H5,392,2018,841121,      0.00,      0.00,      0.00,      0.00,0,1,0,0,1,1
H5,392,2018,841122,      0.00,      0.00,      0.00,      0.00,0,1,0,0,1,1
H5,392,2018,841181,      0.00,      0.00,      0.00,      0.00,0,2,0,0,2,2
H5,392,2018,841182,      0.00,      0.00,      0.00,      0.00,0,1,0,0,1,1
H5,392,2018,841191,      0.00,      0.00,      0.00,      0.00,0,1,0,0,1,1
H5,392,2018,841199,      0.00,      0.00,      0.00,      0.00,0,2,0,0,2,2
H5,392,2018,841210,      0.00,      0.00,      0.00,      0.00,0,1,0,0,1,1
H5,392,2018,841221,      0.00,      0.00,      0.00,      0.00,0,1,0,0,1,1
H5,392,2018,841229,      0.00,      0.00,      0.00,      0.00,0,1,0,0,1,1
H5,392,2018,841231,      0.00,      0.00,      0.00,      0.00,0,1,0,0,1,1
H5,392,2018,841239,      0.00,      0.00,      0.00,      0.00,0,1,0,0,1,1
H5,392,2018,841280,      0.00,      0.00,      0.00,      0.00,0,1,0,0,1,1
H5,392,2018,841290,      0.00,      0.00,      0.00,      0.00,0,3,0,0,3,3
H5,392,2018,841311,      0.00,      0.00,      0.00,      0.00,0,1,0,0,1,1
H5,392,2018,841319,      0.00,      0.00,      0.00,      0.00,0,1,0,0,1,1
H5,392,2018,841320,      0.00,      0.00,      0.00,      0.00,0,1,0,0,1,1
H5,392,2018,841330,      0.00,      0.00,      0.00,      0.00,0,2,0,0,2,2
H5,392,2018,841340,      0.00,      0.00,      0.00,      0.00,0,1,0,0,1,1
H5,392,2018,841350,      0.00,      0.00,      0.00,      0.00,0,2,0,0,2,2
H5,392,2018,841360,      0.00,      0.00,      0.00,      0.00,0,4,0,0,4,4
H5,392,2018,841370,      0.00,      0.00,      0.00,      0.00,0,2,0,0,2,2
H5,392,2018,841381,      0.00,      0.00,      0.00,      0.00,0,1,0,0,1,1
H5,392,2018,841382,      0.00,      0.00,      0.00,      0.00,0,1,0,0,1,1
H5,392,2018,841391,      0.00,      0.00,      0.00,      0.00,0,1,0,0,1,1
H5,392,2018,841392,      0.00,      0.00,      0.00,      0.00,0,1,0,0,1,1
H5,392,2018,841410,      0.00,      0.00,      0.00,      0.00,0,1,0,0,1,1
H5,392,2018,841420,      0.00,      0.00,      0.00,      0.00,0,1,0,0,1,1
H5,392,2018,841430,      0.00,      0.00,      0.00,      0.00,0,2,0,0,2,2
H5,392,2018,841440,      0.00,      0.00,      0.00,      0.00,0,1,0,0,1,1
H5,392,2018,841451,      0.00,      0.00,      0.00,      0.00,0,3,0,0,3,3
H5,392,2018,841459,      0.00,      0.00,      0.00,      0.00,0,3,0,0,3,3
H5,392,2018,841460,      0.00,      0.00,      0.00,      0.00,0,1,0,0,1,1
H5,392,2018,841480,      0.00,      0.00,      0.00,      0.00,0,4,0,0,4,4
H5,392,2018,841490,      0.00,      0.00,      0.00,      0.00,0,3,0,0,3,3
H5,392,2018,841510,      0.00,      0.00,      0.00,      0.00,0,2,0,0,2,2
H5,392,2018,841520,      0.00,      0.00,      0.00,      0.00,0,1,0,0,1,1
H5,392,2018,841581,      0.00,      0.00,      0.00,      0.00,0,2,0,0,2,2
H5,392,2018,841582,      0.00,      0.00,      0.00,      0.00,0,3,0,0,3,3
H5,392,2018,841583,      0.00,      0.00,      0.00,      0.00,0,2,0,0,2,2
H5,392,2018,841590,      0.00,      0.00,      0.00,      0.00,0,2,0,0,2,2
H5,392,2018,841610,      0.00,      0.00,      0.00,      0.00,0,1,0,0,1,1
H5,392,2018,841620,      0.00,      0.00,      0.00,      0.00,0,1,0,0,1,1
H5,392,2018,841630,      0.00,      0.00,      0.00,      0.00,0,1,0,0,1,1
H5,392,2018,841690,      0.00,      0.00,      0.00,      0.00,0,1,0,0,1,1
H5,392,2018,841710,      0.00,      0.00,      0.00,      0.00,0,1,0,0,1,1
H5,392,2018,841720,      0.00,      0.00,      0.00,      0.00,0,1,0,0,1,1
H5,392,2018,841780,      0.00,      0.00,      0.00,      0.00,0,1,0,0,1,1
H5,392,2018,841790,      0.00,      0.00,      0.00,      0.00,0,1,0,0,1,1
H5,392,2018,841810,      0.00,      0.00,      0.00,      0.00,0,1,0,0,1,1
H5,392,2018,841821,      0.00,      0.00,      0.00,      0.00,0,1,0,0,1,1
H5,392,2018,841829,      0.00,      0.00,      0.00,      0.00,0,1,0,0,1,1
H5,392,2018,841830,      0.00,      0.00,      0.00,      0.00,0,2,0,0,2,2
H5,392,2018,841840,      0.00,      0.00,      0.00,      0.00,0,1,0,0,1,1
H5,392,2018,841850,      0.00,      0.00,      0.00,      0.00,0,2,0,0,2,2
H5,392,2018,841861,      0.00,      0.00,      0.00,      0.00,0,2,0,0,2,2
H5,392,2018,841869,      0.00,      0.00,      0.00,      0.00,0,4,0,0,4,4
H5,392,2018,841891,      0.00,      0.00,      0.00,      0.00,0,1,0,0,1,1
H5,392,2018,841899,      0.00,      0.00,      0.00,      0.00,0,1,0,0,1,1
H5,392,2018,841911,      0.00,      0.00,      0.00,      0.00,0,1,0,0,1,1
H5,392,2018,841919,      0.00,      0.00,      0.00,      0.00,0,1,0,0,1,1
H5,392,2018,841920,      0.00,      0.00,      0.00,      0.00,0,1,0,0,1,1
H5,392,2018,841931,      0.00,      0.00,      0.00,      0.00,0,1,0,0,1,1
H5,392,2018,841932,      0.00,      0.00,      0.00,      0.00,0,1,0,0,1,1
H5,392,2018,841939,      0.00,      0.00,      0.00,      0.00,0,1,0,0,1,1
H5,392,2018,841940,      0.00,      0.00,      0.00,      0.00,0,1,0,0,1,1
H5,392,2018,841950,      0.00,      0.00,      0.00,      0.00,0,1,0,0,1,1
H5,392,2018,841960,      0.00,      0.00,      0.00,      0.00,0,1,0,0,1,1
H5,392,2018,841981,      0.00,      0.00,      0.00,      0.00,0,1,0,0,1,1
H5,392,2018,841989,      0.00,      0.00,      0.00,      0.00,0,1,0,0,1,1
H5,392,2018,841990,      0.00,      0.00,      0.00,      0.00,0,1,0,0,1,1
H5,392,2018,842010,      0.00,      0.00,      0.00,      0.00,0,1,0,0,1,1
H5,392,2018,842091,      0.00,      0.00,      0.00,      0.00,0,1,0,0,1,1
H5,392,2018,842099,      0.00,      0.00,      0.00,      0.00,0,1,0,0,1,1
H5,392,2018,842111,      0.00,      0.00,      0.00,      0.00,0,1,0,0,1,1
H5,392,2018,842112,      0.00,      0.00,      0.00,      0.00,0,1,0,0,1,1
H5,392,2018,842119,      0.00,      0.00,      0.00,      0.00,0,1,0,0,1,1
H5,392,2018,842121,      0.00,      0.00,      0.00,      0.00,0,1,0,0,1,1
H5,392,2018,842122,      0.00,      0.00,      0.00,      0.00,0,1,0,0,1,1
H5,392,2018,842123,      0.00,      0.00,      0.00,      0.00,0,2,0,0,2,2
H5,392,2018,842129,      0.00,      0.00,      0.00,      0.00,0,2,0,0,2,2
H5,392,2018,842131,      0.00,      0.00,      0.00,      0.00,0,1,0,0,1,1
H5,392,2018,842139,      0.00,      0.00,      0.00,      0.00,0,2,0,0,2,2
H5,392,2018,842191,      0.00,      0.00,      0.00,      0.00,0,1,0,0,1,1
H5,392,2018,842199,      0.00,      0.00,      0.00,      0.00,0,2,0,0,2,2
H5,392,2018,842211,      0.00,      0.00,      0.00,      0.00,0,1,0,0,1,1
H5,392,2018,842219,      0.00,      0.00,      0.00,      0.00,0,1,0,0,1,1
H5,392,2018,842220,      0.00,      0.00,      0.00,      0.00,0,1,0,0,1,1
H5,392,2018,842230,      0.00,      0.00,      0.00,      0.00,0,2,0,0,2,2
H5,392,2018,842240,      0.00,      0.00,      0.00,      0.00,0,2,0,0,2,2
H5,392,2018,842290,      0.00,      0.00,      0.00,      0.00,0,1,0,0,1,1
H5,392,2018,842310,      0.00,      0.00,      0.00,      0.00,0,1,0,0,1,1
H5,392,2018,842320,      0.00,      0.00,      0.00,      0.00,0,1,0,0,1,1
H5,392,2018,842330,      0.00,      0.00,      0.00,      0.00,0,1,0,0,1,1
H5,392,2018,842381,      0.00,      0.00,      0.00,      0.00,0,1,0,0,1,1
H5,392,2018,842382,      0.00,      0.00,      0.00,      0.00,0,1,0,0,1,1
H5,392,2018,842389,      0.00,      0.00,      0.00,      0.00,0,1,0,0,1,1
H5,392,2018,842390,      0.00,      0.00,      0.00,      0.00,0,1,0,0,1,1
H5,392,2018,842410,      0.00,      0.00,      0.00,      0.00,0,1,0,0,1,1
H5,392,2018,842420,      0.00,      0.00,      0.00,      0.00,0,1,0,0,1,1
H5,392,2018,842430,      0.00,      0.00,      0.00,      0.00,0,1,0,0,1,1
H5,392,2018,842441,      0.00,      0.00,      0.00,      0.00,0,1,0,0,1,1
H5,392,2018,842449,      0.00,      0.00,      0.00,      0.00,0,1,0,0,1,1
H5,392,2018,842482,      0.00,      0.00,      0.00,      0.00,0,1,0,0,1,1
H5,392,2018,842489,      0.00,      0.00,      0.00,      0.00,0,1,0,0,1,1
H5,392,2018,842490,      0.00,      0.00,      0.00,      0.00,0,2,0,0,2,2
H5,392,2018,842511,      0.00,      0.00,      0.00,      0.00,0,1,0,0,1,1
H5,392,2018,842519,      0.00,      0.00,      0.00,      0.00,0,1,0,0,1,1
H5,392,2018,842531,      0.00,      0.00,      0.00,      0.00,0,1,0,0,1,1
H5,392,2018,842539,      0.00,      0.00,      0.00,      0.00,0,1,0,0,1,1
H5,392,2018,842541,      0.00,      0.00,      0.00,      0.00,0,1,0,0,1,1
H5,392,2018,842542,      0.00,      0.00,      0.00,      0.00,0,1,0,0,1,1
H5,392,2018,842549,      0.00,      0.00,      0.00,      0.00,0,1,0,0,1,1
H5,392,2018,842611,      0.00,      0.00,      0.00,      0.00,0,1,0,0,1,1
H5,392,2018,842612,      0.00,      0.00,      0.00,      0.00,0,1,0,0,1,1
H5,392,2018,842619,      0.00,      0.00,      0.00,      0.00,0,1,0,0,1,1
H5,392,2018,842620,      0.00,      0.00,      0.00,      0.00,0,1,0,0,1,1
H5,392,2018,842630,      0.00,      0.00,      0.00,      0.00,0,1,0,0,1,1
H5,392,2018,842641,      0.00,      0.00,      0.00,      0.00,0,1,0,0,1,1
H5,392,2018,842649,      0.00,      0.00,      0.00,      0.00,0,1,0,0,1,1
H5,392,2018,842691,      0.00,      0.00,      0.00,      0.00,0,1,0,0,1,1
H5,392,2018,842699,      0.00,      0.00,      0.00,      0.00,0,1,0,0,1,1
H5,392,2018,842710,      0.00,      0.00,      0.00,      0.00,0,1,0,0,1,1
H5,392,2018,842720,      0.00,      0.00,      0.00,      0.00,0,1,0,0,1,1
H5,392,2018,842790,      0.00,      0.00,      0.00,      0.00,0,1,0,0,1,1
H5,392,2018,842810,      0.00,      0.00,      0.00,      0.00,0,1,0,0,1,1
H5,392,2018,842820,      0.00,      0.00,      0.00,      0.00,0,1,0,0,1,1
H5,392,2018,842831,      0.00,      0.00,      0.00,      0.00,0,1,0,0,1,1
H5,392,2018,842832,      0.00,      0.00,      0.00,      0.00,0,1,0,0,1,1
H5,392,2018,842833,      0.00,      0.00,      0.00,      0.00,0,1,0,0,1,1
H5,392,2018,842839,      0.00,      0.00,      0.00,      0.00,0,1,0,0,1,1
H5,392,2018,842840,      0.00,      0.00,      0.00,      0.00,0,1,0,0,1,1
H5,392,2018,842860,      0.00,      0.00,      0.00,      0.00,0,1,0,0,1,1
H5,392,2018,842890,      0.00,      0.00,      0.00,      0.00,0,1,0,0,1,1
H5,392,2018,842911,      0.00,      0.00,      0.00,      0.00,0,1,0,0,1,1
H5,392,2018,842919,      0.00,      0.00,      0.00,      0.00,0,1,0,0,1,1
H5,392,2018,842920,      0.00,      0.00,      0.00,      0.00,0,1,0,0,1,1
H5,392,2018,842930,      0.00,      0.00,      0.00,      0.00,0,1,0,0,1,1
H5,392,2018,842940,      0.00,      0.00,      0.00,      0.00,0,1,0,0,1,1
H5,392,2018,842951,      0.00,      0.00,      0.00,      0.00,0,1,0,0,1,1
H5,392,2018,842952,      0.00,      0.00,      0.00,      0.00,0,1,0,0,1,1
H5,392,2018,842959,      0.00,      0.00,      0.00,      0.00,0,1,0,0,1,1
H5,392,2018,843010,      0.00,      0.00,      0.00,      0.00,0,1,0,0,1,1
H5,392,2018,843020,      0.00,      0.00,      0.00,      0.00,0,1,0,0,1,1
H5,392,2018,843031,      0.00,      0.00,      0.00,      0.00,0,1,0,0,1,1
H5,392,2018,843039,      0.00,      0.00,      0.00,      0.00,0,1,0,0,1,1
H5,392,2018,843041,      0.00,      0.00,      0.00,      0.00,0,1,0,0,1,1
H5,392,2018,843049,      0.00,      0.00,      0.00,      0.00,0,1,0,0,1,1
H5,392,2018,843050,      0.00,      0.00,      0.00,      0.00,0,1,0,0,1,1
H5,392,2018,843061,      0.00,      0.00,      0.00,      0.00,0,1,0,0,1,1
H5,392,2018,843069,      0.00,      0.00,      0.00,      0.00,0,1,0,0,1,1
H5,392,2018,843110,      0.00,      0.00,      0.00,      0.00,0,1,0,0,1,1
H5,392,2018,843120,      0.00,      0.00,      0.00,      0.00,0,1,0,0,1,1
H5,392,2018,843131,      0.00,      0.00,      0.00,      0.00,0,1,0,0,1,1
H5,392,2018,843139,      0.00,      0.00,      0.00,      0.00,0,1,0,0,1,1
H5,392,2018,843141,      0.00,      0.00,      0.00,      0.00,0,1,0,0,1,1
H5,392,2018,843142,      0.00,      0.00,      0.00,      0.00,0,1,0,0,1,1
H5,392,2018,843143,      0.00,      0.00,      0.00,      0.00,0,1,0,0,1,1
H5,392,2018,843149,      0.00,      0.00,      0.00,      0.00,0,2,0,0,2,2
H5,392,2018,843210,      0.00,      0.00,      0.00,      0.00,0,1,0,0,1,1
H5,392,2018,843221,      0.00,      0.00,      0.00,      0.00,0,1,0,0,1,1
H5,392,2018,843229,      0.00,      0.00,      0.00,      0.00,0,1,0,0,1,1
H5,392,2018,843231,      0.00,      0.00,      0.00,      0.00,0,1,0,0,1,1
H5,392,2018,843239,      0.00,      0.00,      0.00,      0.00,0,1,0,0,1,1
H5,392,2018,843241,      0.00,      0.00,      0.00,      0.00,0,1,0,0,1,1
H5,392,2018,843242,      0.00,      0.00,      0.00,      0.00,0,1,0,0,1,1
H5,392,2018,843280,      0.00,      0.00,      0.00,      0.00,0,1,0,0,1,1
H5,392,2018,843290,      0.00,      0.00,      0.00,      0.00,0,1,0,0,1,1
H5,392,2018,843311,      0.00,      0.00,      0.00,      0.00,0,1,0,0,1,1
H5,392,2018,843319,      0.00,      0.00,      0.00,      0.00,0,1,0,0,1,1
H5,392,2018,843320,      0.00,      0.00,      0.00,      0.00,0,1,0,0,1,1
H5,392,2018,843330,      0.00,      0.00,      0.00,      0.00,0,1,0,0,1,1
H5,392,2018,843340,      0.00,      0.00,      0.00,      0.00,0,1,0,0,1,1
H5,392,2018,843351,      0.00,      0.00,      0.00,      0.00,0,1,0,0,1,1
H5,392,2018,843352,      0.00,      0.00,      0.00,      0.00,0,1,0,0,1,1
H5,392,2018,843353,      0.00,      0.00,      0.00,      0.00,0,1,0,0,1,1
H5,392,2018,843359,      0.00,      0.00,      0.00,      0.00,0,1,0,0,1,1
H5,392,2018,843360,      0.00,      0.00,      0.00,      0.00,0,1,0,0,1,1
H5,392,2018,843390,      0.00,      0.00,      0.00,      0.00,0,1,0,0,1,1
H5,392,2018,843410,      0.00,      0.00,      0.00,      0.00,0,1,0,0,1,1
H5,392,2018,843420,      0.00,      0.00,      0.00,      0.00,0,1,0,0,1,1
H5,392,2018,843490,      0.00,      0.00,      0.00,      0.00,0,1,0,0,1,1
H5,392,2018,843510,      0.00,      0.00,      0.00,      0.00,0,1,0,0,1,1
H5,392,2018,843590,      0.00,      0.00,      0.00,      0.00,0,1,0,0,1,1
H5,392,2018,843610,      0.00,      0.00,      0.00,      0.00,0,1,0,0,1,1
H5,392,2018,843621,      0.00,      0.00,      0.00,      0.00,0,1,0,0,1,1
H5,392,2018,843629,      0.00,      0.00,      0.00,      0.00,0,1,0,0,1,1
H5,392,2018,843680,      0.00,      0.00,      0.00,      0.00,0,1,0,0,1,1
H5,392,2018,843691,      0.00,      0.00,      0.00,      0.00,0,1,0,0,1,1
H5,392,2018,843699,      0.00,      0.00,      0.00,      0.00,0,1,0,0,1,1
H5,392,2018,843710,      0.00,      0.00,      0.00,      0.00,0,1,0,0,1,1
H5,392,2018,843780,      0.00,      0.00,      0.00,      0.00,0,1,0,0,1,1
H5,392,2018,843790,      0.00,      0.00,      0.00,      0.00,0,1,0,0,1,1
H5,392,2018,843810,      0.00,      0.00,      0.00,      0.00,0,1,0,0,1,1
H5,392,2018,843820,      0.00,      0.00,      0.00,      0.00,0,1,0,0,1,1
H5,392,2018,843830,      0.00,      0.00,      0.00,      0.00,0,1,0,0,1,1
H5,392,2018,843840,      0.00,      0.00,      0.00,      0.00,0,1,0,0,1,1
H5,392,2018,843850,      0.00,      0.00,      0.00,      0.00,0,1,0,0,1,1
H5,392,2018,843860,      0.00,      0.00,      0.00,      0.00,0,1,0,0,1,1
H5,392,2018,843880,      0.00,      0.00,      0.00,      0.00,0,1,0,0,1,1
H5,392,2018,843890,      0.00,      0.00,      0.00,      0.00,0,1,0,0,1,1
H5,392,2018,843910,      0.00,      0.00,      0.00,      0.00,0,1,0,0,1,1
H5,392,2018,843920,      0.00,      0.00,      0.00,      0.00,0,1,0,0,1,1
H5,392,2018,843930,      0.00,      0.00,      0.00,      0.00,0,1,0,0,1,1
H5,392,2018,843991,      0.00,      0.00,      0.00,      0.00,0,1,0,0,1,1
H5,392,2018,843999,      0.00,      0.00,      0.00,      0.00,0,1,0,0,1,1
H5,392,2018,844010,      0.00,      0.00,      0.00,      0.00,0,2,0,0,2,2
H5,392,2018,844090,      0.00,      0.00,      0.00,      0.00,0,1,0,0,1,1
H5,392,2018,844110,      0.00,      0.00,      0.00,      0.00,0,1,0,0,1,1
H5,392,2018,844120,      0.00,      0.00,      0.00,      0.00,0,1,0,0,1,1
H5,392,2018,844130,      0.00,      0.00,      0.00,      0.00,0,1,0,0,1,1
H5,392,2018,844140,      0.00,      0.00,      0.00,      0.00,0,1,0,0,1,1
H5,392,2018,844180,      0.00,      0.00,      0.00,      0.00,0,1,0,0,1,1
H5,392,2018,844190,      0.00,      0.00,      0.00,      0.00,0,1,0,0,1,1
H5,392,2018,844230,      0.00,      0.00,      0.00,      0.00,0,1,0,0,1,1
H5,392,2018,844240,      0.00,      0.00,      0.00,      0.00,0,1,0,0,1,1
H5,392,2018,844250,      0.00,      0.00,      0.00,      0.00,0,1,0,0,1,1
H5,392,2018,844311,      0.00,      0.00,      0.00,      0.00,0,1,0,0,1,1
H5,392,2018,844312,      0.00,      0.00,      0.00,      0.00,0,1,0,0,1,1
H5,392,2018,844313,      0.00,      0.00,      0.00,      0.00,0,1,0,0,1,1
H5,392,2018,844314,      0.00,      0.00,      0.00,      0.00,0,1,0,0,1,1
H5,392,2018,844315,      0.00,      0.00,      0.00,      0.00,0,1,0,0,1,1
H5,392,2018,844316,      0.00,      0.00,      0.00,      0.00,0,1,0,0,1,1
H5,392,2018,844317,      0.00,      0.00,      0.00,      0.00,0,1,0,0,1,1
H5,392,2018,844319,      0.00,      0.00,      0.00,      0.00,0,1,0,0,1,1
H5,392,2018,844331,      0.00,      0.00,      0.00,      0.00,0,1,0,0,1,1
H5,392,2018,844332,      0.00,      0.00,      0.00,      0.00,0,2,0,0,2,2
H5,392,2018,844339,      0.00,      0.00,      0.00,      0.00,0,3,0,0,3,3
H5,392,2018,844391,      0.00,      0.00,      0.00,      0.00,0,1,0,0,1,1
H5,392,2018,844399,      0.00,      0.00,      0.00,      0.00,0,1,0,0,1,1
H5,392,2018,844400,      0.00,      0.00,      0.00,      0.00,0,1,0,0,1,1
H5,392,2018,844511,      0.00,      0.00,      0.00,      0.00,0,1,0,0,1,1
H5,392,2018,844512,      0.00,      0.00,      0.00,      0.00,0,1,0,0,1,1
H5,392,2018,844513,      0.00,      0.00,      0.00,      0.00,0,1,0,0,1,1
H5,392,2018,844519,      0.00,      0.00,      0.00,      0.00,0,1,0,0,1,1
H5,392,2018,844520,      0.00,      0.00,      0.00,      0.00,0,1,0,0,1,1
H5,392,2018,844530,      0.00,      0.00,      0.00,      0.00,0,1,0,0,1,1
H5,392,2018,844540,      0.00,      0.00,      0.00,      0.00,0,1,0,0,1,1
H5,392,2018,844590,      0.00,      0.00,      0.00,      0.00,0,1,0,0,1,1
H5,392,2018,844610,      0.00,      0.00,      0.00,      0.00,0,1,0,0,1,1
H5,392,2018,844621,      0.00,      0.00,      0.00,      0.00,0,1,0,0,1,1
H5,392,2018,844629,      0.00,      0.00,      0.00,      0.00,0,1,0,0,1,1
H5,392,2018,844630,      0.00,      0.00,      0.00,      0.00,0,1,0,0,1,1
H5,392,2018,844711,      0.00,      0.00,      0.00,      0.00,0,1,0,0,1,1
H5,392,2018,844712,      0.00,      0.00,      0.00,      0.00,0,1,0,0,1,1
H5,392,2018,844720,      0.00,      0.00,      0.00,      0.00,0,1,0,0,1,1
H5,392,2018,844790,      0.00,      0.00,      0.00,      0.00,0,1,0,0,1,1
H5,392,2018,844811,      0.00,      0.00,      0.00,      0.00,0,1,0,0,1,1
H5,392,2018,844819,      0.00,      0.00,      0.00,      0.00,0,1,0,0,1,1
H5,392,2018,844820,      0.00,      0.00,      0.00,      0.00,0,1,0,0,1,1
H5,392,2018,844831,      0.00,      0.00,      0.00,      0.00,0,1,0,0,1,1
H5,392,2018,844832,      0.00,      0.00,      0.00,      0.00,0,1,0,0,1,1
H5,392,2018,844833,      0.00,      0.00,      0.00,      0.00,0,1,0,0,1,1
H5,392,2018,844839,      0.00,      0.00,      0.00,      0.00,0,1,0,0,1,1
H5,392,2018,844842,      0.00,      0.00,      0.00,      0.00,0,1,0,0,1,1
H5,392,2018,844849,      0.00,      0.00,      0.00,      0.00,0,2,0,0,2,2
H5,392,2018,844851,      0.00,      0.00,      0.00,      0.00,0,2,0,0,2,2
H5,392,2018,844859,      0.00,      0.00,      0.00,      0.00,0,1,0,0,1,1
H5,392,2018,844900,      0.00,      0.00,      0.00,      0.00,0,1,0,0,1,1
H5,392,2018,845011,      0.00,      0.00,      0.00,      0.00,0,1,0,0,1,1
H5,392,2018,845012,      0.00,      0.00,      0.00,      0.00,0,1,0,0,1,1
H5,392,2018,845019,      0.00,      0.00,      0.00,      0.00,0,1,0,0,1,1
H5,392,2018,845020,      0.00,      0.00,      0.00,      0.00,0,1,0,0,1,1
H5,392,2018,845090,      0.00,      0.00,      0.00,      0.00,0,1,0,0,1,1
H5,392,2018,845110,      0.00,      0.00,      0.00,      0.00,0,1,0,0,1,1
H5,392,2018,845121,      0.00,      0.00,      0.00,      0.00,0,1,0,0,1,1
H5,392,2018,845129,      0.00,      0.00,      0.00,      0.00,0,1,0,0,1,1
H5,392,2018,845130,      0.00,      0.00,      0.00,      0.00,0,1,0,0,1,1
H5,392,2018,845140,      0.00,      0.00,      0.00,      0.00,0,1,0,0,1,1
H5,392,2018,845150,      0.00,      0.00,      0.00,      0.00,0,1,0,0,1,1
H5,392,2018,845180,      0.00,      0.00,      0.00,      0.00,0,1,0,0,1,1
H5,392,2018,845190,      0.00,      0.00,      0.00,      0.00,0,1,0,0,1,1
H5,392,2018,845210,      0.00,      0.00,      0.00,      0.00,0,1,0,0,1,1
H5,392,2018,845221,      0.00,      0.00,      0.00,      0.00,0,3,0,0,3,3
H5,392,2018,845229,      0.00,      0.00,      0.00,      0.00,0,3,0,0,3,3
H5,392,2018,845230,      0.00,      0.00,      0.00,      0.00,0,1,0,0,1,1
H5,392,2018,845290,      0.00,      0.00,      0.00,      0.00,0,3,0,0,3,3
H5,392,2018,845310,      0.00,      0.00,      0.00,      0.00,0,1,0,0,1,1
H5,392,2018,845320,      0.00,      0.00,      0.00,      0.00,0,1,0,0,1,1
H5,392,2018,845380,      0.00,      0.00,      0.00,      0.00,0,1,0,0,1,1
H5,392,2018,845390,      0.00,      0.00,      0.00,      0.00,0,1,0,0,1,1
H5,392,2018,845410,      0.00,      0.00,      0.00,      0.00,0,1,0,0,1,1
H5,392,2018,845420,      0.00,      0.00,      0.00,      0.00,0,1,0,0,1,1
H5,392,2018,845430,      0.00,      0.00,      0.00,      0.00,0,1,0,0,1,1
H5,392,2018,845490,      0.00,      0.00,      0.00,      0.00,0,1,0,0,1,1
H5,392,2018,845510,      0.00,      0.00,      0.00,      0.00,0,1,0,0,1,1
H5,392,2018,845521,      0.00,      0.00,      0.00,      0.00,0,1,0,0,1,1
H5,392,2018,845522,      0.00,      0.00,      0.00,      0.00,0,1,0,0,1,1
H5,392,2018,845530,      0.00,      0.00,      0.00,      0.00,0,1,0,0,1,1
H5,392,2018,845590,      0.00,      0.00,      0.00,      0.00,0,1,0,0,1,1
H5,392,2018,845611,      0.00,      0.00,      0.00,      0.00,0,1,0,0,1,1
H5,392,2018,845612,      0.00,      0.00,      0.00,      0.00,0,1,0,0,1,1
H5,392,2018,845620,      0.00,      0.00,      0.00,      0.00,0,1,0,0,1,1
H5,392,2018,845630,      0.00,      0.00,      0.00,      0.00,0,3,0,0,3,3
H5,392,2018,845640,      0.00,      0.00,      0.00,      0.00,0,1,0,0,1,1
H5,392,2018,845650,      0.00,      0.00,      0.00,      0.00,0,1,0,0,1,1
H5,392,2018,845690,      0.00,      0.00,      0.00,      0.00,0,1,0,0,1,1
H5,392,2018,845710,      0.00,      0.00,      0.00,      0.00,0,1,0,0,1,1
H5,392,2018,845720,      0.00,      0.00,      0.00,      0.00,0,1,0,0,1,1
H5,392,2018,845730,      0.00,      0.00,      0.00,      0.00,0,1,0,0,1,1
H5,392,2018,845811,      0.00,      0.00,      0.00,      0.00,0,1,0,0,1,1
H5,392,2018,845819,      0.00,      0.00,      0.00,      0.00,0,1,0,0,1,1
H5,392,2018,845891,      0.00,      0.00,      0.00,      0.00,0,1,0,0,1,1
H5,392,2018,845899,      0.00,      0.00,      0.00,      0.00,0,1,0,0,1,1
H5,392,2018,845910,      0.00,      0.00,      0.00,      0.00,0,1,0,0,1,1
H5,392,2018,845921,      0.00,      0.00,      0.00,      0.00,0,1,0,0,1,1
H5,392,2018,845929,      0.00,      0.00,      0.00,      0.00,0,1,0,0,1,1
H5,392,2018,845931,      0.00,      0.00,      0.00,      0.00,0,1,0,0,1,1
H5,392,2018,845939,      0.00,      0.00,      0.00,      0.00,0,1,0,0,1,1
H5,392,2018,845941,      0.00,      0.00,      0.00,      0.00,0,1,0,0,1,1
H5,392,2018,845949,      0.00,      0.00,      0.00,      0.00,0,1,0,0,1,1
H5,392,2018,845951,      0.00,      0.00,      0.00,      0.00,0,1,0,0,1,1
H5,392,2018,845959,      0.00,      0.00,      0.00,      0.00,0,1,0,0,1,1
H5,392,2018,845961,      0.00,      0.00,      0.00,      0.00,0,1,0,0,1,1
H5,392,2018,845969,      0.00,      0.00,      0.00,      0.00,0,1,0,0,1,1
H5,392,2018,845970,      0.00,      0.00,      0.00,      0.00,0,1,0,0,1,1
H5,392,2018,846012,      0.00,      0.00,      0.00,      0.00,0,1,0,0,1,1
H5,392,2018,846019,      0.00,      0.00,      0.00,      0.00,0,1,0,0,1,1
H5,392,2018,846022,      0.00,      0.00,      0.00,      0.00,0,1,0,0,1,1
H5,392,2018,846023,      0.00,      0.00,      0.00,      0.00,0,1,0,0,1,1
H5,392,2018,846024,      0.00,      0.00,      0.00,      0.00,0,1,0,0,1,1
H5,392,2018,846029,      0.00,      0.00,      0.00,      0.00,0,1,0,0,1,1
H5,392,2018,846031,      0.00,      0.00,      0.00,      0.00,0,1,0,0,1,1
H5,392,2018,846039,      0.00,      0.00,      0.00,      0.00,0,1,0,0,1,1
H5,392,2018,846040,      0.00,      0.00,      0.00,      0.00,0,1,0,0,1,1
H5,392,2018,846090,      0.00,      0.00,      0.00,      0.00,0,1,0,0,1,1
H5,392,2018,846120,      0.00,      0.00,      0.00,      0.00,0,1,0,0,1,1
H5,392,2018,846130,      0.00,      0.00,      0.00,      0.00,0,1,0,0,1,1
H5,392,2018,846140,      0.00,      0.00,      0.00,      0.00,0,1,0,0,1,1
H5,392,2018,846150,      0.00,      0.00,      0.00,      0.00,0,1,0,0,1,1
H5,392,2018,846190,      0.00,      0.00,      0.00,      0.00,0,1,0,0,1,1
H5,392,2018,846210,      0.00,      0.00,      0.00,      0.00,0,1,0,0,1,1
H5,392,2018,846221,      0.00,      0.00,      0.00,      0.00,0,1,0,0,1,1
H5,392,2018,846229,      0.00,      0.00,      0.00,      0.00,0,1,0,0,1,1
H5,392,2018,846231,      0.00,      0.00,      0.00,      0.00,0,1,0,0,1,1
H5,392,2018,846239,      0.00,      0.00,      0.00,      0.00,0,1,0,0,1,1
H5,392,2018,846241,      0.00,      0.00,      0.00,      0.00,0,1,0,0,1,1
H5,392,2018,846249,      0.00,      0.00,      0.00,      0.00,0,1,0,0,1,1
H5,392,2018,846291,      0.00,      0.00,      0.00,      0.00,0,1,0,0,1,1
H5,392,2018,846299,      0.00,      0.00,      0.00,      0.00,0,1,0,0,1,1
H5,392,2018,846310,      0.00,      0.00,      0.00,      0.00,0,1,0,0,1,1
H5,392,2018,846320,      0.00,      0.00,      0.00,      0.00,0,1,0,0,1,1
H5,392,2018,846330,      0.00,      0.00,      0.00,      0.00,0,1,0,0,1,1
H5,392,2018,846390,      0.00,      0.00,      0.00,      0.00,0,1,0,0,1,1
H5,392,2018,846410,      0.00,      0.00,      0.00,      0.00,0,1,0,0,1,1
H5,392,2018,846420,      0.00,      0.00,      0.00,      0.00,0,1,0,0,1,1
H5,392,2018,846490,      0.00,      0.00,      0.00,      0.00,0,1,0,0,1,1
H5,392,2018,846510,      0.00,      0.00,      0.00,      0.00,0,1,0,0,1,1
H5,392,2018,846520,      0.00,      0.00,      0.00,      0.00,0,1,0,0,1,1
H5,392,2018,846591,      0.00,      0.00,      0.00,      0.00,0,1,0,0,1,1
H5,392,2018,846592,      0.00,      0.00,      0.00,      0.00,0,1,0,0,1,1
H5,392,2018,846593,      0.00,      0.00,      0.00,      0.00,0,1,0,0,1,1
H5,392,2018,846594,      0.00,      0.00,      0.00,      0.00,0,1,0,0,1,1
H5,392,2018,846595,      0.00,      0.00,      0.00,      0.00,0,1,0,0,1,1
H5,392,2018,846596,      0.00,      0.00,      0.00,      0.00,0,1,0,0,1,1
H5,392,2018,846599,      0.00,      0.00,      0.00,      0.00,0,1,0,0,1,1
H5,392,2018,846610,      0.00,      0.00,      0.00,      0.00,0,2,0,0,2,2
H5,392,2018,846620,      0.00,      0.00,      0.00,      0.00,0,1,0,0,1,1
H5,392,2018,846630,      0.00,      0.00,      0.00,      0.00,0,1,0,0,1,1
H5,392,2018,846691,      0.00,      0.00,      0.00,      0.00,0,1,0,0,1,1
H5,392,2018,846692,      0.00,      0.00,      0.00,      0.00,0,1,0,0,1,1
H5,392,2018,846693,      0.00,      0.00,      0.00,      0.00,0,1,0,0,1,1
H5,392,2018,846694,      0.00,      0.00,      0.00,      0.00,0,1,0,0,1,1
H5,392,2018,846711,      0.00,      0.00,      0.00,      0.00,0,1,0,0,1,1
H5,392,2018,846719,      0.00,      0.00,      0.00,      0.00,0,1,0,0,1,1
H5,392,2018,846721,      0.00,      0.00,      0.00,      0.00,0,1,0,0,1,1
H5,392,2018,846722,      0.00,      0.00,      0.00,      0.00,0,1,0,0,1,1
H5,392,2018,846729,      0.00,      0.00,      0.00,      0.00,0,2,0,0,2,2
H5,392,2018,846781,      0.00,      0.00,      0.00,      0.00,0,1,0,0,1,1
H5,392,2018,846789,      0.00,      0.00,      0.00,      0.00,0,1,0,0,1,1
H5,392,2018,846791,      0.00,      0.00,      0.00,      0.00,0,1,0,0,1,1
H5,392,2018,846792,      0.00,      0.00,      0.00,      0.00,0,1,0,0,1,1
H5,392,2018,846799,      0.00,      0.00,      0.00,      0.00,0,1,0,0,1,1
H5,392,2018,846810,      0.00,      0.00,      0.00,      0.00,0,1,0,0,1,1
H5,392,2018,846820,      0.00,      0.00,      0.00,      0.00,0,1,0,0,1,1
H5,392,2018,846880,      0.00,      0.00,      0.00,      0.00,0,1,0,0,1,1
H5,392,2018,846890,      0.00,      0.00,      0.00,      0.00,0,1,0,0,1,1
H5,392,2018,847010,      0.00,      0.00,      0.00,      0.00,0,1,0,0,1,1
H5,392,2018,847021,      0.00,      0.00,      0.00,      0.00,0,1,0,0,1,1
H5,392,2018,847029,      0.00,      0.00,      0.00,      0.00,0,1,0,0,1,1
H5,392,2018,847030,      0.00,      0.00,      0.00,      0.00,0,1,0,0,1,1
H5,392,2018,847050,      0.00,      0.00,      0.00,      0.00,0,1,0,0,1,1
H5,392,2018,847090,      0.00,      0.00,      0.00,      0.00,0,1,0,0,1,1
H5,392,2018,847130,      0.00,      0.00,      0.00,      0.00,0,1,0,0,1,1
H5,392,2018,847141,      0.00,      0.00,      0.00,      0.00,0,1,0,0,1,1
H5,392,2018,847149,      0.00,      0.00,      0.00,      0.00,0,1,0,0,1,1
H5,392,2018,847150,      0.00,      0.00,      0.00,      0.00,0,1,0,0,1,1
H5,392,2018,847160,      0.00,      0.00,      0.00,      0.00,0,1,0,0,1,1
H5,392,2018,847170,      0.00,      0.00,      0.00,      0.00,0,4,0,0,4,4
H5,392,2018,847180,      0.00,      0.00,      0.00,      0.00,0,1,0,0,1,1
H5,392,2018,847190,      0.00,      0.00,      0.00,      0.00,0,1,0,0,1,1
H5,392,2018,847210,      0.00,      0.00,      0.00,      0.00,0,1,0,0,1,1
H5,392,2018,847230,      0.00,      0.00,      0.00,      0.00,0,1,0,0,1,1
H5,392,2018,847290,      0.00,      0.00,      0.00,      0.00,0,1,0,0,1,1
H5,392,2018,847321,      0.00,      0.00,      0.00,      0.00,0,1,0,0,1,1
H5,392,2018,847329,      0.00,      0.00,      0.00,      0.00,0,1,0,0,1,1
H5,392,2018,847330,      0.00,      0.00,      0.00,      0.00,0,3,0,0,3,3
H5,392,2018,847340,      0.00,      0.00,      0.00,      0.00,0,1,0,0,1,1
H5,392,2018,847350,      0.00,      0.00,      0.00,      0.00,0,1,0,0,1,1
H5,392,2018,847410,      0.00,      0.00,      0.00,      0.00,0,1,0,0,1,1
H5,392,2018,847420,      0.00,      0.00,      0.00,      0.00,0,1,0,0,1,1
H5,392,2018,847431,      0.00,      0.00,      0.00,      0.00,0,1,0,0,1,1
H5,392,2018,847432,      0.00,      0.00,      0.00,      0.00,0,1,0,0,1,1
H5,392,2018,847439,      0.00,      0.00,      0.00,      0.00,0,1,0,0,1,1
H5,392,2018,847480,      0.00,      0.00,      0.00,      0.00,0,1,0,0,1,1
H5,392,2018,847490,      0.00,      0.00,      0.00,      0.00,0,1,0,0,1,1
H5,392,2018,847510,      0.00,      0.00,      0.00,      0.00,0,1,0,0,1,1
H5,392,2018,847521,      0.00,      0.00,      0.00,      0.00,0,1,0,0,1,1
H5,392,2018,847529,      0.00,      0.00,      0.00,      0.00,0,1,0,0,1,1
H5,392,2018,847590,      0.00,      0.00,      0.00,      0.00,0,1,0,0,1,1
H5,392,2018,847621,      0.00,      0.00,      0.00,      0.00,0,1,0,0,1,1
H5,392,2018,847629,      0.00,      0.00,      0.00,      0.00,0,1,0,0,1,1
H5,392,2018,847681,      0.00,      0.00,      0.00,      0.00,0,1,0,0,1,1
H5,392,2018,847689,      0.00,      0.00,      0.00,      0.00,0,1,0,0,1,1
H5,392,2018,847690,      0.00,      0.00,      0.00,      0.00,0,1,0,0,1,1
H5,392,2018,847710,      0.00,      0.00,      0.00,      0.00,0,1,0,0,1,1
H5,392,2018,847720,      0.00,      0.00,      0.00,      0.00,0,1,0,0,1,1
H5,392,2018,847730,      0.00,      0.00,      0.00,      0.00,0,1,0,0,1,1
H5,392,2018,847740,      0.00,      0.00,      0.00,      0.00,0,1,0,0,1,1
H5,392,2018,847751,      0.00,      0.00,      0.00,      0.00,0,1,0,0,1,1
H5,392,2018,847759,      0.00,      0.00,      0.00,      0.00,0,1,0,0,1,1
H5,392,2018,847780,      0.00,      0.00,      0.00,      0.00,0,1,0,0,1,1
H5,392,2018,847790,      0.00,      0.00,      0.00,      0.00,0,2,0,0,2,2
H5,392,2018,847810,      0.00,      0.00,      0.00,      0.00,0,1,0,0,1,1
H5,392,2018,847890,      0.00,      0.00,      0.00,      0.00,0,1,0,0,1,1
H5,392,2018,847910,      0.00,      0.00,      0.00,      0.00,0,1,0,0,1,1
H5,392,2018,847920,      0.00,      0.00,      0.00,      0.00,0,1,0,0,1,1
H5,392,2018,847930,      0.00,      0.00,      0.00,      0.00,0,1,0,0,1,1
H5,392,2018,847940,      0.00,      0.00,      0.00,      0.00,0,1,0,0,1,1
H5,392,2018,847950,      0.00,      0.00,      0.00,      0.00,0,1,0,0,1,1
H5,392,2018,847960,      0.00,      0.00,      0.00,      0.00,0,1,0,0,1,1
H5,392,2018,847971,      0.00,      0.00,      0.00,      0.00,0,1,0,0,1,1
H5,392,2018,847979,      0.00,      0.00,      0.00,      0.00,0,1,0,0,1,1
H5,392,2018,847981,      0.00,      0.00,      0.00,      0.00,0,1,0,0,1,1
H5,392,2018,847982,      0.00,      0.00,      0.00,      0.00,0,1,0,0,1,1
H5,392,2018,847989,      0.00,      0.00,      0.00,      0.00,0,1,0,0,1,1
H5,392,2018,847990,      0.00,      0.00,      0.00,      0.00,0,1,0,0,1,1
H5,392,2018,848010,      0.00,      0.00,      0.00,      0.00,0,1,0,0,1,1
H5,392,2018,848020,      0.00,      0.00,      0.00,      0.00,0,1,0,0,1,1
H5,392,2018,848030,      0.00,      0.00,      0.00,      0.00,0,1,0,0,1,1
H5,392,2018,848041,      0.00,      0.00,      0.00,      0.00,0,1,0,0,1,1
H5,392,2018,848049,      0.00,      0.00,      0.00,      0.00,0,1,0,0,1,1
H5,392,2018,848050,      0.00,      0.00,      0.00,      0.00,0,1,0,0,1,1
H5,392,2018,848060,      0.00,      0.00,      0.00,      0.00,0,1,0,0,1,1
H5,392,2018,848071,      0.00,      0.00,      0.00,      0.00,0,1,0,0,1,1
H5,392,2018,848079,      0.00,      0.00,      0.00,      0.00,0,1,0,0,1,1
H5,392,2018,848110,      0.00,      0.00,      0.00,      0.00,0,1,0,0,1,1
H5,392,2018,848120,      0.00,      0.00,      0.00,      0.00,0,1,0,0,1,1
H5,392,2018,848130,      0.00,      0.00,      0.00,      0.00,0,1,0,0,1,1
H5,392,2018,848140,      0.00,      0.00,      0.00,      0.00,0,1,0,0,1,1
H5,392,2018,848180,      0.00,      0.00,      0.00,      0.00,0,3,0,0,3,3
H5,392,2018,848190,      0.00,      0.00,      0.00,      0.00,0,1,0,0,1,1
H5,392,2018,848210,      0.00,      0.00,      0.00,      0.00,0,1,0,0,1,1
H5,392,2018,848220,      0.00,      0.00,      0.00,      0.00,0,1,0,0,1,1
H5,392,2018,848230,      0.00,      0.00,      0.00,      0.00,0,1,0,0,1,1
H5,392,2018,848240,      0.00,      0.00,      0.00,      0.00,0,1,0,0,1,1
H5,392,2018,848250,      0.00,      0.00,      0.00,      0.00,0,1,0,0,1,1
H5,392,2018,848280,      0.00,      0.00,      0.00,      0.00,0,1,0,0,1,1
H5,392,2018,848291,      0.00,      0.00,      0.00,      0.00,0,1,0,0,1,1
H5,392,2018,848299,      0.00,      0.00,      0.00,      0.00,0,1,0,0,1,1
H5,392,2018,848310,      0.00,      0.00,      0.00,      0.00,0,3,0,0,3,3
H5,392,2018,848320,      0.00,      0.00,      0.00,      0.00,0,1,0,0,1,1
H5,392,2018,848330,      0.00,      0.00,      0.00,      0.00,0,2,0,0,2,2
H5,392,2018,848340,      0.00,      0.00,      0.00,      0.00,0,2,0,0,2,2
H5,392,2018,848350,      0.00,      0.00,      0.00,      0.00,0,2,0,0,2,2
H5,392,2018,848360,      0.00,      0.00,      0.00,      0.00,0,1,0,0,1,1
H5,392,2018,848390,      0.00,      0.00,      0.00,      0.00,0,4,0,0,4,4
H5,392,2018,848410,      0.00,      0.00,      0.00,      0.00,0,1,0,0,1,1
H5,392,2018,848420,      0.00,      0.00,      0.00,      0.00,0,1,0,0,1,1
H5,392,2018,848490,      0.00,      0.00,      0.00,      0.00,0,1,0,0,1,1
H5,392,2018,848610,      0.00,      0.00,      0.00,      0.00,0,1,0,0,1,1
H5,392,2018,848620,      0.00,      0.00,      0.00,      0.00,0,1,0,0,1,1
H5,392,2018,848630,      0.00,      0.00,      0.00,      0.00,0,1,0,0,1,1
H5,392,2018,848640,      0.00,      0.00,      0.00,      0.00,0,1,0,0,1,1
H5,392,2018,848690,      0.00,      0.00,      0.00,      0.00,0,1,0,0,1,1
H5,392,2018,848710,      0.00,      0.00,      0.00,      0.00,0,1,0,0,1,1
H5,392,2018,848790,      0.00,      0.00,      0.00,      0.00,0,1,0,0,1,1
H5,392,2018,850110,      0.00,      0.00,      0.00,      0.00,0,4,0,0,4,4
H5,392,2018,850120,      0.00,      0.00,      0.00,      0.00,0,1,0,0,1,1
H5,392,2018,850131,      0.00,      0.00,      0.00,      0.00,0,1,0,0,1,1
H5,392,2018,850132,      0.00,      0.00,      0.00,      0.00,0,1,0,0,1,1
H5,392,2018,850133,      0.00,      0.00,      0.00,      0.00,0,1,0,0,1,1
H5,392,2018,850134,      0.00,      0.00,      0.00,      0.00,0,1,0,0,1,1
H5,392,2018,850140,      0.00,      0.00,      0.00,      0.00,0,1,0,0,1,1
H5,392,2018,850151,      0.00,      0.00,      0.00,      0.00,0,1,0,0,1,1
H5,392,2018,850152,      0.00,      0.00,      0.00,      0.00,0,1,0,0,1,1
H5,392,2018,850153,      0.00,      0.00,      0.00,      0.00,0,1,0,0,1,1
H5,392,2018,850161,      0.00,      0.00,      0.00,      0.00,0,1,0,0,1,1
H5,392,2018,850162,      0.00,      0.00,      0.00,      0.00,0,1,0,0,1,1
H5,392,2018,850163,      0.00,      0.00,      0.00,      0.00,0,1,0,0,1,1
H5,392,2018,850164,      0.00,      0.00,      0.00,      0.00,0,1,0,0,1,1
H5,392,2018,850211,      0.00,      0.00,      0.00,      0.00,0,1,0,0,1,1
H5,392,2018,850212,      0.00,      0.00,      0.00,      0.00,0,1,0,0,1,1
H5,392,2018,850213,      0.00,      0.00,      0.00,      0.00,0,1,0,0,1,1
H5,392,2018,850220,      0.00,      0.00,      0.00,      0.00,0,1,0,0,1,1
H5,392,2018,850231,      0.00,      0.00,      0.00,      0.00,0,1,0,0,1,1
H5,392,2018,850239,      0.00,      0.00,      0.00,      0.00,0,1,0,0,1,1
H5,392,2018,850240,      0.00,      0.00,      0.00,      0.00,0,1,0,0,1,1
H5,392,2018,850300,      0.00,      0.00,      0.00,      0.00,0,1,0,0,1,1
H5,392,2018,850410,      0.00,      0.00,      0.00,      0.00,0,1,0,0,1,1
H5,392,2018,850421,      0.00,      0.00,      0.00,      0.00,0,3,0,0,3,3
H5,392,2018,850422,      0.00,      0.00,      0.00,      0.00,0,1,0,0,1,1
H5,392,2018,850423,      0.00,      0.00,      0.00,      0.00,0,1,0,0,1,1
H5,392,2018,850431,      0.00,      0.00,      0.00,      0.00,0,1,0,0,1,1
H5,392,2018,850432,      0.00,      0.00,      0.00,      0.00,0,1,0,0,1,1
H5,392,2018,850433,      0.00,      0.00,      0.00,      0.00,0,3,0,0,3,3
H5,392,2018,850434,      0.00,      0.00,      0.00,      0.00,0,1,0,0,1,1
H5,392,2018,850440,      0.00,      0.00,      0.00,      0.00,0,3,0,0,3,3
H5,392,2018,850450,      0.00,      0.00,      0.00,      0.00,0,1,0,0,1,1
H5,392,2018,850490,      0.00,      0.00,      0.00,      0.00,0,1,0,0,1,1
H5,392,2018,850511,      0.00,      0.00,      0.00,      0.00,0,1,0,0,1,1
H5,392,2018,850519,      0.00,      0.00,      0.00,      0.00,0,1,0,0,1,1
H5,392,2018,850520,      0.00,      0.00,      0.00,      0.00,0,1,0,0,1,1
H5,392,2018,850590,      0.00,      0.00,      0.00,      0.00,0,2,0,0,2,2
H5,392,2018,850610,      0.00,      0.00,      0.00,      0.00,0,3,0,0,3,3
H5,392,2018,850630,      0.00,      0.00,      0.00,      0.00,0,1,0,0,1,1
H5,392,2018,850640,      0.00,      0.00,      0.00,      0.00,0,1,0,0,1,1
H5,392,2018,850650,      0.00,      0.00,      0.00,      0.00,0,1,0,0,1,1
H5,392,2018,850660,      0.00,      0.00,      0.00,      0.00,0,1,0,0,1,1
H5,392,2018,850680,      0.00,      0.00,      0.00,      0.00,0,1,0,0,1,1
H5,392,2018,850690,      0.00,      0.00,      0.00,      0.00,0,1,0,0,1,1
H5,392,2018,850710,      0.00,      0.00,      0.00,      0.00,0,2,0,0,2,2
H5,392,2018,850720,      0.00,      0.00,      0.00,      0.00,0,2,0,0,2,2
H5,392,2018,850730,      0.00,      0.00,      0.00,      0.00,0,1,0,0,1,1
H5,392,2018,850740,      0.00,      0.00,      0.00,      0.00,0,1,0,0,1,1
H5,392,2018,850750,      0.00,      0.00,      0.00,      0.00,0,1,0,0,1,1
H5,392,2018,850760,      0.00,      0.00,      0.00,      0.00,0,1,0,0,1,1
H5,392,2018,850780,      0.00,      0.00,      0.00,      0.00,0,1,0,0,1,1
H5,392,2018,850790,      0.00,      0.00,      0.00,      0.00,0,1,0,0,1,1
H5,392,2018,850811,      0.00,      0.00,      0.00,      0.00,0,2,0,0,2,2
H5,392,2018,850819,      0.00,      0.00,      0.00,      0.00,0,1,0,0,1,1
H5,392,2018,850860,      0.00,      0.00,      0.00,      0.00,0,1,0,0,1,1
H5,392,2018,850870,      0.00,      0.00,      0.00,      0.00,0,1,0,0,1,1
H5,392,2018,850940,      0.00,      0.00,      0.00,      0.00,0,1,0,0,1,1
H5,392,2018,850980,      0.00,      0.00,      0.00,      0.00,0,1,0,0,1,1
H5,392,2018,850990,      0.00,      0.00,      0.00,      0.00,0,1,0,0,1,1
H5,392,2018,851010,      0.00,      0.00,      0.00,      0.00,0,1,0,0,1,1
H5,392,2018,851020,      0.00,      0.00,      0.00,      0.00,0,1,0,0,1,1
H5,392,2018,851030,      0.00,      0.00,      0.00,      0.00,0,1,0,0,1,1
H5,392,2018,851090,      0.00,      0.00,      0.00,      0.00,0,1,0,0,1,1
H5,392,2018,851110,      0.00,      0.00,      0.00,      0.00,0,2,0,0,2,2
H5,392,2018,851120,      0.00,      0.00,      0.00,      0.00,0,1,0,0,1,1
H5,392,2018,851130,      0.00,      0.00,      0.00,      0.00,0,1,0,0,1,1
H5,392,2018,851140,      0.00,      0.00,      0.00,      0.00,0,1,0,0,1,1
H5,392,2018,851150,      0.00,      0.00,      0.00,      0.00,0,1,0,0,1,1
H5,392,2018,851180,      0.00,      0.00,      0.00,      0.00,0,1,0,0,1,1
H5,392,2018,851190,      0.00,      0.00,      0.00,      0.00,0,2,0,0,2,2
H5,392,2018,851210,      0.00,      0.00,      0.00,      0.00,0,1,0,0,1,1
H5,392,2018,851220,      0.00,      0.00,      0.00,      0.00,0,1,0,0,1,1
H5,392,2018,851230,      0.00,      0.00,      0.00,      0.00,0,1,0,0,1,1
H5,392,2018,851240,      0.00,      0.00,      0.00,      0.00,0,1,0,0,1,1
H5,392,2018,851290,      0.00,      0.00,      0.00,      0.00,0,1,0,0,1,1
H5,392,2018,851310,      0.00,      0.00,      0.00,      0.00,0,1,0,0,1,1
H5,392,2018,851390,      0.00,      0.00,      0.00,      0.00,0,1,0,0,1,1
H5,392,2018,851410,      0.00,      0.00,      0.00,      0.00,0,1,0,0,1,1
H5,392,2018,851420,      0.00,      0.00,      0.00,      0.00,0,1,0,0,1,1
H5,392,2018,851430,      0.00,      0.00,      0.00,      0.00,0,1,0,0,1,1
H5,392,2018,851440,      0.00,      0.00,      0.00,      0.00,0,1,0,0,1,1
H5,392,2018,851490,      0.00,      0.00,      0.00,      0.00,0,1,0,0,1,1
H5,392,2018,851511,      0.00,      0.00,      0.00,      0.00,0,1,0,0,1,1
H5,392,2018,851519,      0.00,      0.00,      0.00,      0.00,0,1,0,0,1,1
H5,392,2018,851521,      0.00,      0.00,      0.00,      0.00,0,1,0,0,1,1
H5,392,2018,851529,      0.00,      0.00,      0.00,      0.00,0,1,0,0,1,1
H5,392,2018,851531,      0.00,      0.00,      0.00,      0.00,0,1,0,0,1,1
H5,392,2018,851539,      0.00,      0.00,      0.00,      0.00,0,1,0,0,1,1
H5,392,2018,851580,      0.00,      0.00,      0.00,      0.00,0,2,0,0,2,2
H5,392,2018,851590,      0.00,      0.00,      0.00,      0.00,0,2,0,0,2,2
H5,392,2018,851610,      0.00,      0.00,      0.00,      0.00,0,1,0,0,1,1
H5,392,2018,851621,      0.00,      0.00,      0.00,      0.00,0,1,0,0,1,1
H5,392,2018,851629,      0.00,      0.00,      0.00,      0.00,0,1,0,0,1,1
H5,392,2018,851631,      0.00,      0.00,      0.00,      0.00,0,1,0,0,1,1
H5,392,2018,851632,      0.00,      0.00,      0.00,      0.00,0,1,0,0,1,1
H5,392,2018,851633,      0.00,      0.00,      0.00,      0.00,0,1,0,0,1,1
H5,392,2018,851640,      0.00,      0.00,      0.00,      0.00,0,1,0,0,1,1
H5,392,2018,851650,      0.00,      0.00,      0.00,      0.00,0,2,0,0,2,2
H5,392,2018,851660,      0.00,      0.00,      0.00,      0.00,0,1,0,0,1,1
H5,392,2018,851671,      0.00,      0.00,      0.00,      0.00,0,1,0,0,1,1
H5,392,2018,851672,      0.00,      0.00,      0.00,      0.00,0,1,0,0,1,1
H5,392,2018,851679,      0.00,      0.00,      0.00,      0.00,0,2,0,0,2,2
H5,392,2018,851680,      0.00,      0.00,      0.00,      0.00,0,1,0,0,1,1
H5,392,2018,851690,      0.00,      0.00,      0.00,      0.00,0,1,0,0,1,1
H5,392,2018,851711,      0.00,      0.00,      0.00,      0.00,0,1,0,0,1,1
H5,392,2018,851712,      0.00,      0.00,      0.00,      0.00,0,1,0,0,1,1
H5,392,2018,851718,      0.00,      0.00,      0.00,      0.00,0,1,0,0,1,1
H5,392,2018,851761,      0.00,      0.00,      0.00,      0.00,0,1,0,0,1,1
H5,392,2018,851762,      0.00,      0.00,      0.00,      0.00,0,2,0,0,2,2
H5,392,2018,851769,      0.00,      0.00,      0.00,      0.00,0,1,0,0,1,1
H5,392,2018,851770,      0.00,      0.00,      0.00,      0.00,0,1,0,0,1,1
H5,392,2018,851810,      0.00,      0.00,      0.00,      0.00,0,1,0,0,1,1
H5,392,2018,851821,      0.00,      0.00,      0.00,      0.00,0,1,0,0,1,1
H5,392,2018,851822,      0.00,      0.00,      0.00,      0.00,0,1,0,0,1,1
H5,392,2018,851829,      0.00,      0.00,      0.00,      0.00,0,1,0,0,1,1
H5,392,2018,851830,      0.00,      0.00,      0.00,      0.00,0,1,0,0,1,1
H5,392,2018,851840,      0.00,      0.00,      0.00,      0.00,0,1,0,0,1,1
H5,392,2018,851850,      0.00,      0.00,      0.00,      0.00,0,1,0,0,1,1
H5,392,2018,851890,      0.00,      0.00,      0.00,      0.00,0,1,0,0,1,1
H5,392,2018,851920,      0.00,      0.00,      0.00,      0.00,0,1,0,0,1,1
H5,392,2018,851930,      0.00,      0.00,      0.00,      0.00,0,1,0,0,1,1
H5,392,2018,851950,      0.00,      0.00,      0.00,      0.00,0,1,0,0,1,1
H5,392,2018,851981,      0.00,      0.00,      0.00,      0.00,0,1,0,0,1,1
H5,392,2018,851989,      0.00,      0.00,      0.00,      0.00,0,1,0,0,1,1
H5,392,2018,852110,      0.00,      0.00,      0.00,      0.00,0,1,0,0,1,1
H5,392,2018,852190,      0.00,      0.00,      0.00,      0.00,0,1,0,0,1,1
H5,392,2018,852210,      0.00,      0.00,      0.00,      0.00,0,1,0,0,1,1
H5,392,2018,852290,      0.00,      0.00,      0.00,      0.00,0,1,0,0,1,1
H5,392,2018,852321,      0.00,      0.00,      0.00,      0.00,0,1,0,0,1,1
H5,392,2018,852329,      0.00,      0.00,      0.00,      0.00,0,1,0,0,1,1
H5,392,2018,852341,      0.00,      0.00,      0.00,      0.00,0,1,0,0,1,1
H5,392,2018,852349,      0.00,      0.00,      0.00,      0.00,0,1,0,0,1,1
H5,392,2018,852351,      0.00,      0.00,      0.00,      0.00,0,1,0,0,1,1
H5,392,2018,852352,      0.00,      0.00,      0.00,      0.00,0,2,0,0,2,2
H5,392,2018,852359,      0.00,      0.00,      0.00,      0.00,0,1,0,0,1,1
H5,392,2018,852380,      0.00,      0.00,      0.00,      0.00,0,1,0,0,1,1
H5,392,2018,852550,      0.00,      0.00,      0.00,      0.00,0,1,0,0,1,1
H5,392,2018,852560,      0.00,      0.00,      0.00,      0.00,0,1,0,0,1,1
H5,392,2018,852580,      0.00,      0.00,      0.00,      0.00,0,1,0,0,1,1
H5,392,2018,852610,      0.00,      0.00,      0.00,      0.00,0,3,0,0,3,3
H5,392,2018,852691,      0.00,      0.00,      0.00,      0.00,0,2,0,0,2,2
H5,392,2018,852692,      0.00,      0.00,      0.00,      0.00,0,1,0,0,1,1
H5,392,2018,852712,      0.00,      0.00,      0.00,      0.00,0,1,0,0,1,1
H5,392,2018,852713,      0.00,      0.00,      0.00,      0.00,0,1,0,0,1,1
H5,392,2018,852719,      0.00,      0.00,      0.00,      0.00,0,1,0,0,1,1
H5,392,2018,852721,      0.00,      0.00,      0.00,      0.00,0,1,0,0,1,1
H5,392,2018,852729,      0.00,      0.00,      0.00,      0.00,0,1,0,0,1,1
H5,392,2018,852791,      0.00,      0.00,      0.00,      0.00,0,1,0,0,1,1
H5,392,2018,852792,      0.00,      0.00,      0.00,      0.00,0,1,0,0,1,1
H5,392,2018,852799,      0.00,      0.00,      0.00,      0.00,0,1,0,0,1,1
H5,392,2018,852842,      0.00,      0.00,      0.00,      0.00,0,1,0,0,1,1
H5,392,2018,852849,      0.00,      0.00,      0.00,      0.00,0,1,0,0,1,1
H5,392,2018,852852,      0.00,      0.00,      0.00,      0.00,0,1,0,0,1,1
H5,392,2018,852859,      0.00,      0.00,      0.00,      0.00,0,1,0,0,1,1
H5,392,2018,852862,      0.00,      0.00,      0.00,      0.00,0,1,0,0,1,1
H5,392,2018,852869,      0.00,      0.00,      0.00,      0.00,0,1,0,0,1,1
H5,392,2018,852871,      0.00,      0.00,      0.00,      0.00,0,1,0,0,1,1
H5,392,2018,852872,      0.00,      0.00,      0.00,      0.00,0,2,0,0,2,2
H5,392,2018,852873,      0.00,      0.00,      0.00,      0.00,0,1,0,0,1,1
H5,392,2018,852910,      0.00,      0.00,      0.00,      0.00,0,1,0,0,1,1
H5,392,2018,852990,      0.00,      0.00,      0.00,      0.00,0,5,0,0,5,5
H5,392,2018,853010,      0.00,      0.00,      0.00,      0.00,0,1,0,0,1,1
H5,392,2018,853080,      0.00,      0.00,      0.00,      0.00,0,1,0,0,1,1
H5,392,2018,853090,      0.00,      0.00,      0.00,      0.00,0,1,0,0,1,1
H5,392,2018,853110,      0.00,      0.00,      0.00,      0.00,0,1,0,0,1,1
H5,392,2018,853120,      0.00,      0.00,      0.00,      0.00,0,1,0,0,1,1
H5,392,2018,853180,      0.00,      0.00,      0.00,      0.00,0,1,0,0,1,1
H5,392,2018,853190,      0.00,      0.00,      0.00,      0.00,0,1,0,0,1,1
H5,392,2018,853210,      0.00,      0.00,      0.00,      0.00,0,1,0,0,1,1
H5,392,2018,853221,      0.00,      0.00,      0.00,      0.00,0,1,0,0,1,1
H5,392,2018,853222,      0.00,      0.00,      0.00,      0.00,0,1,0,0,1,1
H5,392,2018,853223,      0.00,      0.00,      0.00,      0.00,0,1,0,0,1,1
H5,392,2018,853224,      0.00,      0.00,      0.00,      0.00,0,1,0,0,1,1
H5,392,2018,853225,      0.00,      0.00,      0.00,      0.00,0,1,0,0,1,1
H5,392,2018,853229,      0.00,      0.00,      0.00,      0.00,0,1,0,0,1,1
H5,392,2018,853230,      0.00,      0.00,      0.00,      0.00,0,1,0,0,1,1
H5,392,2018,853290,      0.00,      0.00,      0.00,      0.00,0,1,0,0,1,1
H5,392,2018,853310,      0.00,      0.00,      0.00,      0.00,0,1,0,0,1,1
H5,392,2018,853321,      0.00,      0.00,      0.00,      0.00,0,1,0,0,1,1
H5,392,2018,853329,      0.00,      0.00,      0.00,      0.00,0,1,0,0,1,1
H5,392,2018,853331,      0.00,      0.00,      0.00,      0.00,0,1,0,0,1,1
H5,392,2018,853339,      0.00,      0.00,      0.00,      0.00,0,1,0,0,1,1
H5,392,2018,853340,      0.00,      0.00,      0.00,      0.00,0,1,0,0,1,1
H5,392,2018,853390,      0.00,      0.00,      0.00,      0.00,0,1,0,0,1,1
H5,392,2018,853400,      0.00,      0.00,      0.00,      0.00,0,1,0,0,1,1
H5,392,2018,853510,      0.00,      0.00,      0.00,      0.00,0,1,0,0,1,1
H5,392,2018,853521,      0.00,      0.00,      0.00,      0.00,0,1,0,0,1,1
H5,392,2018,853529,      0.00,      0.00,      0.00,      0.00,0,1,0,0,1,1
H5,392,2018,853530,      0.00,      0.00,      0.00,      0.00,0,1,0,0,1,1
H5,392,2018,853540,      0.00,      0.00,      0.00,      0.00,0,1,0,0,1,1
H5,392,2018,853590,      0.00,      0.00,      0.00,      0.00,0,1,0,0,1,1
H5,392,2018,853610,      0.00,      0.00,      0.00,      0.00,0,1,0,0,1,1
H5,392,2018,853620,      0.00,      0.00,      0.00,      0.00,0,1,0,0,1,1
H5,392,2018,853630,      0.00,      0.00,      0.00,      0.00,0,1,0,0,1,1
H5,392,2018,853641,      0.00,      0.00,      0.00,      0.00,0,1,0,0,1,1
H5,392,2018,853649,      0.00,      0.00,      0.00,      0.00,0,1,0,0,1,1
H5,392,2018,853650,      0.00,      0.00,      0.00,      0.00,0,3,0,0,3,3
H5,392,2018,853661,      0.00,      0.00,      0.00,      0.00,0,1,0,0,1,1
H5,392,2018,853669,      0.00,      0.00,      0.00,      0.00,0,1,0,0,1,1
H5,392,2018,853670,      0.00,      0.00,      0.00,      0.00,0,1,0,0,1,1
H5,392,2018,853690,      0.00,      0.00,      0.00,      0.00,0,1,0,0,1,1
H5,392,2018,853710,      0.00,      0.00,      0.00,      0.00,0,1,0,0,1,1
H5,392,2018,853720,      0.00,      0.00,      0.00,      0.00,0,1,0,0,1,1
H5,392,2018,853810,      0.00,      0.00,      0.00,      0.00,0,1,0,0,1,1
H5,392,2018,853890,      0.00,      0.00,      0.00,      0.00,0,1,0,0,1,1
H5,392,2018,853910,      0.00,      0.00,      0.00,      0.00,0,1,0,0,1,1
H5,392,2018,853921,      0.00,      0.00,      0.00,      0.00,0,1,0,0,1,1
H5,392,2018,853922,      0.00,      0.00,      0.00,      0.00,0,1,0,0,1,1
H5,392,2018,853929,      0.00,      0.00,      0.00,      0.00,0,2,0,0,2,2
H5,392,2018,853931,      0.00,      0.00,      0.00,      0.00,0,1,0,0,1,1
H5,392,2018,853932,      0.00,      0.00,      0.00,      0.00,0,1,0,0,1,1
H5,392,2018,853939,      0.00,      0.00,      0.00,      0.00,0,1,0,0,1,1
H5,392,2018,853941,      0.00,      0.00,      0.00,      0.00,0,1,0,0,1,1
H5,392,2018,853949,      0.00,      0.00,      0.00,      0.00,0,1,0,0,1,1
H5,392,2018,853950,      0.00,      0.00,      0.00,      0.00,0,2,0,0,2,2
H5,392,2018,853990,      0.00,      0.00,      0.00,      0.00,0,1,0,0,1,1
H5,392,2018,854011,      0.00,      0.00,      0.00,      0.00,0,1,0,0,1,1
H5,392,2018,854012,      0.00,      0.00,      0.00,      0.00,0,1,0,0,1,1
H5,392,2018,854020,      0.00,      0.00,      0.00,      0.00,0,1,0,0,1,1
H5,392,2018,854040,      0.00,      0.00,      0.00,      0.00,0,1,0,0,1,1
H5,392,2018,854060,      0.00,      0.00,      0.00,      0.00,0,1,0,0,1,1
H5,392,2018,854071,      0.00,      0.00,      0.00,      0.00,0,1,0,0,1,1
H5,392,2018,854079,      0.00,      0.00,      0.00,      0.00,0,1,0,0,1,1
H5,392,2018,854081,      0.00,      0.00,      0.00,      0.00,0,1,0,0,1,1
H5,392,2018,854089,      0.00,      0.00,      0.00,      0.00,0,1,0,0,1,1
H5,392,2018,854091,      0.00,      0.00,      0.00,      0.00,0,1,0,0,1,1
H5,392,2018,854099,      0.00,      0.00,      0.00,      0.00,0,1,0,0,1,1
H5,392,2018,854110,      0.00,      0.00,      0.00,      0.00,0,2,0,0,2,2
H5,392,2018,854121,      0.00,      0.00,      0.00,      0.00,0,2,0,0,2,2
H5,392,2018,854129,      0.00,      0.00,      0.00,      0.00,0,2,0,0,2,2
H5,392,2018,854130,      0.00,      0.00,      0.00,      0.00,0,1,0,0,1,1
H5,392,2018,854140,      0.00,      0.00,      0.00,      0.00,0,3,0,0,3,3
H5,392,2018,854150,      0.00,      0.00,      0.00,      0.00,0,1,0,0,1,1
H5,392,2018,854160,      0.00,      0.00,      0.00,      0.00,0,2,0,0,2,2
H5,392,2018,854190,      0.00,      0.00,      0.00,      0.00,0,1,0,0,1,1
H5,392,2018,854231,      0.00,      0.00,      0.00,      0.00,0,6,0,0,6,6
H5,392,2018,854232,      0.00,      0.00,      0.00,      0.00,0,7,0,0,7,7
H5,392,2018,854233,      0.00,      0.00,      0.00,      0.00,0,3,0,0,3,3
H5,392,2018,854239,      0.00,      0.00,      0.00,      0.00,0,3,0,0,3,3
H5,392,2018,854290,      0.00,      0.00,      0.00,      0.00,0,1,0,0,1,1
H5,392,2018,854310,      0.00,      0.00,      0.00,      0.00,0,1,0,0,1,1
H5,392,2018,854320,      0.00,      0.00,      0.00,      0.00,0,2,0,0,2,2
H5,392,2018,854330,      0.00,      0.00,      0.00,      0.00,0,1,0,0,1,1
H5,392,2018,854370,      0.00,      0.00,      0.00,      0.00,0,1,0,0,1,1
H5,392,2018,854390,      0.00,      0.00,      0.00,      0.00,0,1,0,0,1,1
H5,392,2018,854411,      4.80,      4.80,      4.80,      4.80,0,0,0,1,1,1
H5,392,2018,854419,      4.80,      4.80,      4.80,      4.80,0,0,0,1,1,1
H5,392,2018,854420,      0.00,      0.00,      0.00,      0.00,0,1,0,0,1,1
H5,392,2018,854430,      0.00,      0.00,      0.00,      0.00,0,2,0,0,2,2
H5,392,2018,854442,      0.00,      0.00,      0.00,      0.00,0,3,0,0,3,3
H5,392,2018,854449,      0.00,      0.00,      0.00,      0.00,0,3,0,0,3,3
H5,392,2018,854460,      0.00,      0.00,      0.00,      0.00,0,2,0,0,2,2
H5,392,2018,854470,      0.00,      0.00,      0.00,      0.00,0,2,0,0,2,2
H5,392,2018,854511,      6.60,      3.30,      3.30,      3.30,0,0,0,2,2,2
H5,392,2018,854519,      3.30,      3.30,      3.30,      3.30,0,0,0,1,1,1
H5,392,2018,854520,      3.30,      3.30,      3.30,      3.30,0,0,0,1,1,1
H5,392,2018,854590,      3.30,      0.00,      3.30,      1.65,0,1,0,1,2,2
H5,392,2018,854610,      0.00,      0.00,      0.00,      0.00,0,1,0,0,1,1
H5,392,2018,854620,      0.00,      0.00,      0.00,      0.00,0,1,0,0,1,1
H5,392,2018,854690,      0.00,      0.00,      0.00,      0.00,0,1,0,0,1,1
H5,392,2018,854710,      0.00,      0.00,      0.00,      0.00,0,1,0,0,1,1
H5,392,2018,854720,      0.00,      0.00,      0.00,      0.00,0,1,0,0,1,1
H5,392,2018,854790,      0.00,      0.00,      0.00,      0.00,0,1,0,0,1,1
H5,392,2018,854810,      0.00,      0.00,      0.00,      0.00,0,1,0,0,1,1
H5,392,2018,854890,      0.00,      0.00,      0.00,      0.00,0,1,0,0,1,1
H5,392,2018,860110,      0.00,      0.00,      0.00,      0.00,0,1,0,0,1,1
H5,392,2018,860120,      0.00,      0.00,      0.00,      0.00,0,1,0,0,1,1
H5,392,2018,860210,      0.00,      0.00,      0.00,      0.00,0,1,0,0,1,1
H5,392,2018,860290,      0.00,      0.00,      0.00,      0.00,0,1,0,0,1,1
H5,392,2018,860310,      0.00,      0.00,      0.00,      0.00,0,1,0,0,1,1
H5,392,2018,860390,      0.00,      0.00,      0.00,      0.00,0,1,0,0,1,1
H5,392,2018,860400,      0.00,      0.00,      0.00,      0.00,0,1,0,0,1,1
H5,392,2018,860500,      0.00,      0.00,      0.00,      0.00,0,1,0,0,1,1
H5,392,2018,860610,      0.00,      0.00,      0.00,      0.00,0,1,0,0,1,1
H5,392,2018,860630,      0.00,      0.00,      0.00,      0.00,0,1,0,0,1,1
H5,392,2018,860691,      0.00,      0.00,      0.00,      0.00,0,1,0,0,1,1
H5,392,2018,860692,      0.00,      0.00,      0.00,      0.00,0,1,0,0,1,1
H5,392,2018,860699,      0.00,      0.00,      0.00,      0.00,0,1,0,0,1,1
H5,392,2018,860711,      0.00,      0.00,      0.00,      0.00,0,1,0,0,1,1
H5,392,2018,860712,      0.00,      0.00,      0.00,      0.00,0,1,0,0,1,1
H5,392,2018,860719,      0.00,      0.00,      0.00,      0.00,0,1,0,0,1,1
H5,392,2018,860721,      0.00,      0.00,      0.00,      0.00,0,1,0,0,1,1
H5,392,2018,860729,      0.00,      0.00,      0.00,      0.00,0,1,0,0,1,1
H5,392,2018,860730,      0.00,      0.00,      0.00,      0.00,0,1,0,0,1,1
H5,392,2018,860791,      0.00,      0.00,      0.00,      0.00,0,1,0,0,1,1
H5,392,2018,860799,      0.00,      0.00,      0.00,      0.00,0,1,0,0,1,1
H5,392,2018,860800,      0.00,      0.00,      0.00,      0.00,0,1,0,0,1,1
H5,392,2018,860900,      0.00,      0.00,      0.00,      0.00,0,1,0,0,1,1
H5,392,2018,870110,      0.00,      0.00,      0.00,      0.00,0,1,0,0,1,1
H5,392,2018,870120,      0.00,      0.00,      0.00,      0.00,0,1,0,0,1,1
H5,392,2018,870130,      0.00,      0.00,      0.00,      0.00,0,1,0,0,1,1
H5,392,2018,870191,      0.00,      0.00,      0.00,      0.00,0,2,0,0,2,2
H5,392,2018,870192,      0.00,      0.00,      0.00,      0.00,0,2,0,0,2,2
H5,392,2018,870193,      0.00,      0.00,      0.00,      0.00,0,3,0,0,3,3
H5,392,2018,870194,      0.00,      0.00,      0.00,      0.00,0,2,0,0,2,2
H5,392,2018,870195,      0.00,      0.00,      0.00,      0.00,0,2,0,0,2,2
H5,392,2018,870210,      0.00,      0.00,      0.00,      0.00,0,1,0,0,1,1
H5,392,2018,870220,      0.00,      0.00,      0.00,      0.00,0,1,0,0,1,1
H5,392,2018,870230,      0.00,      0.00,      0.00,      0.00,0,1,0,0,1,1
H5,392,2018,870240,      0.00,      0.00,      0.00,      0.00,0,1,0,0,1,1
H5,392,2018,870290,      0.00,      0.00,      0.00,      0.00,0,1,0,0,1,1
H5,392,2018,870310,      0.00,      0.00,      0.00,      0.00,0,1,0,0,1,1
H5,392,2018,870321,      0.00,      0.00,      0.00,      0.00,0,1,0,0,1,1
H5,392,2018,870322,      0.00,      0.00,      0.00,      0.00,0,1,0,0,1,1
H5,392,2018,870323,      0.00,      0.00,      0.00,      0.00,0,1,0,0,1,1
H5,392,2018,870324,      0.00,      0.00,      0.00,      0.00,0,1,0,0,1,1
H5,392,2018,870331,      0.00,      0.00,      0.00,      0.00,0,1,0,0,1,1
H5,392,2018,870332,      0.00,      0.00,      0.00,      0.00,0,1,0,0,1,1
H5,392,2018,870333,      0.00,      0.00,      0.00,      0.00,0,1,0,0,1,1
H5,392,2018,870340,      0.00,      0.00,      0.00,      0.00,0,1,0,0,1,1
H5,392,2018,870350,      0.00,      0.00,      0.00,      0.00,0,1,0,0,1,1
H5,392,2018,870360,      0.00,      0.00,      0.00,      0.00,0,1,0,0,1,1
H5,392,2018,870370,      0.00,      0.00,      0.00,      0.00,0,1,0,0,1,1
H5,392,2018,870380,      0.00,      0.00,      0.00,      0.00,0,1,0,0,1,1
H5,392,2018,870390,      0.00,      0.00,      0.00,      0.00,0,1,0,0,1,1
H5,392,2018,870410,      0.00,      0.00,      0.00,      0.00,0,1,0,0,1,1
H5,392,2018,870421,      0.00,      0.00,      0.00,      0.00,0,1,0,0,1,1
H5,392,2018,870422,      0.00,      0.00,      0.00,      0.00,0,1,0,0,1,1
H5,392,2018,870423,      0.00,      0.00,      0.00,      0.00,0,1,0,0,1,1
H5,392,2018,870431,      0.00,      0.00,      0.00,      0.00,0,1,0,0,1,1
H5,392,2018,870432,      0.00,      0.00,      0.00,      0.00,0,1,0,0,1,1
H5,392,2018,870490,      0.00,      0.00,      0.00,      0.00,0,1,0,0,1,1
H5,392,2018,870510,      0.00,      0.00,      0.00,      0.00,0,1,0,0,1,1
H5,392,2018,870520,      0.00,      0.00,      0.00,      0.00,0,1,0,0,1,1
H5,392,2018,870530,      0.00,      0.00,      0.00,      0.00,0,1,0,0,1,1
H5,392,2018,870540,      0.00,      0.00,      0.00,      0.00,0,1,0,0,1,1
H5,392,2018,870590,      0.00,      0.00,      0.00,      0.00,0,1,0,0,1,1
H5,392,2018,870600,      0.00,      0.00,      0.00,      0.00,0,1,0,0,1,1
H5,392,2018,870710,      0.00,      0.00,      0.00,      0.00,0,1,0,0,1,1
H5,392,2018,870790,      0.00,      0.00,      0.00,      0.00,0,1,0,0,1,1
H5,392,2018,870810,      0.00,      0.00,      0.00,      0.00,0,1,0,0,1,1
H5,392,2018,870821,      0.00,      0.00,      0.00,      0.00,0,1,0,0,1,1
H5,392,2018,870829,      0.00,      0.00,      0.00,      0.00,0,1,0,0,1,1
H5,392,2018,870830,      0.00,      0.00,      0.00,      0.00,0,2,0,0,2,2
H5,392,2018,870840,      0.00,      0.00,      0.00,      0.00,0,1,0,0,1,1
H5,392,2018,870850,      0.00,      0.00,      0.00,      0.00,0,2,0,0,2,2
H5,392,2018,870870,      0.00,      0.00,      0.00,      0.00,0,2,0,0,2,2
H5,392,2018,870880,      0.00,      0.00,      0.00,      0.00,0,1,0,0,1,1
H5,392,2018,870891,      0.00,      0.00,      0.00,      0.00,0,1,0,0,1,1
H5,392,2018,870892,      0.00,      0.00,      0.00,      0.00,0,1,0,0,1,1
H5,392,2018,870893,      0.00,      0.00,      0.00,      0.00,0,1,0,0,1,1
H5,392,2018,870894,      0.00,      0.00,      0.00,      0.00,0,1,0,0,1,1
H5,392,2018,870895,      0.00,      0.00,      0.00,      0.00,0,1,0,0,1,1
H5,392,2018,870899,      0.00,      0.00,      0.00,      0.00,0,2,0,0,2,2
H5,392,2018,870911,      0.00,      0.00,      0.00,      0.00,0,1,0,0,1,1
H5,392,2018,870919,      0.00,      0.00,      0.00,      0.00,0,1,0,0,1,1
H5,392,2018,870990,      0.00,      0.00,      0.00,      0.00,0,1,0,0,1,1
H5,392,2018,871000,      8.40,      8.40,      8.40,      8.40,0,0,0,1,1,1
H5,392,2018,871110,      0.00,      0.00,      0.00,      0.00,0,1,0,0,1,1
H5,392,2018,871120,      0.00,      0.00,      0.00,      0.00,0,2,0,0,2,2
H5,392,2018,871130,      0.00,      0.00,      0.00,      0.00,0,1,0,0,1,1
H5,392,2018,871140,      0.00,      0.00,      0.00,      0.00,0,1,0,0,1,1
H5,392,2018,871150,      0.00,      0.00,      0.00,      0.00,0,1,0,0,1,1
H5,392,2018,871160,      0.00,      0.00,      0.00,      0.00,0,1,0,0,1,1
H5,392,2018,871190,      0.00,      0.00,      0.00,      0.00,0,1,0,0,1,1
H5,392,2018,871200,      0.00,      0.00,      0.00,      0.00,0,6,0,0,6,6
H5,392,2018,871310,      0.00,      0.00,      0.00,      0.00,0,1,0,0,1,1
H5,392,2018,871390,      0.00,      0.00,      0.00,      0.00,0,1,0,0,1,1
H5,392,2018,871410,      0.00,      0.00,      0.00,      0.00,0,1,0,0,1,1
H5,392,2018,871420,      0.00,      0.00,      0.00,      0.00,0,1,0,0,1,1
H5,392,2018,871491,      0.00,      0.00,      0.00,      0.00,0,1,0,0,1,1
H5,392,2018,871492,      0.00,      0.00,      0.00,      0.00,0,1,0,0,1,1
H5,392,2018,871493,      0.00,      0.00,      0.00,      0.00,0,1,0,0,1,1
H5,392,2018,871494,      0.00,      0.00,      0.00,      0.00,0,1,0,0,1,1
H5,392,2018,871495,      0.00,      0.00,      0.00,      0.00,0,1,0,0,1,1
H5,392,2018,871496,      0.00,      0.00,      0.00,      0.00,0,1,0,0,1,1
H5,392,2018,871499,      0.00,      0.00,      0.00,      0.00,0,1,0,0,1,1
H5,392,2018,871500,      0.00,      0.00,      0.00,      0.00,0,1,0,0,1,1
H5,392,2018,871610,      0.00,      0.00,      0.00,      0.00,0,1,0,0,1,1
H5,392,2018,871620,      0.00,      0.00,      0.00,      0.00,0,1,0,0,1,1
H5,392,2018,871631,      0.00,      0.00,      0.00,      0.00,0,1,0,0,1,1
H5,392,2018,871639,      0.00,      0.00,      0.00,      0.00,0,1,0,0,1,1
H5,392,2018,871640,      0.00,      0.00,      0.00,      0.00,0,1,0,0,1,1
H5,392,2018,871680,      0.00,      0.00,      0.00,      0.00,0,1,0,0,1,1
H5,392,2018,871690,      0.00,      0.00,      0.00,      0.00,0,1,0,0,1,1
H5,392,2018,880100,      0.00,      0.00,      0.00,      0.00,0,1,0,0,1,1
H5,392,2018,880211,      0.00,      0.00,      0.00,      0.00,0,1,0,0,1,1
H5,392,2018,880212,      0.00,      0.00,      0.00,      0.00,0,1,0,0,1,1
H5,392,2018,880220,      0.00,      0.00,      0.00,      0.00,0,1,0,0,1,1
H5,392,2018,880230,      0.00,      0.00,      0.00,      0.00,0,1,0,0,1,1
H5,392,2018,880240,      0.00,      0.00,      0.00,      0.00,0,1,0,0,1,1
H5,392,2018,880260,      0.00,      0.00,      0.00,      0.00,0,1,0,0,1,1
H5,392,2018,880310,      0.00,      0.00,      0.00,      0.00,0,3,0,0,3,3
H5,392,2018,880320,      0.00,      0.00,      0.00,      0.00,0,1,0,0,1,1
H5,392,2018,880330,      0.00,      0.00,      0.00,      0.00,0,1,0,0,1,1
H5,392,2018,880390,      0.00,      0.00,      0.00,      0.00,0,1,0,0,1,1
H5,392,2018,880400,      0.00,      0.00,      0.00,      0.00,0,1,0,0,1,1
H5,392,2018,880510,      0.00,      0.00,      0.00,      0.00,0,1,0,0,1,1
H5,392,2018,880521,      0.00,      0.00,      0.00,      0.00,0,1,0,0,1,1
H5,392,2018,880529,      0.00,      0.00,      0.00,      0.00,0,1,0,0,1,1
H5,392,2018,890110,      0.00,      0.00,      0.00,      0.00,0,1,0,0,1,1
H5,392,2018,890120,      0.00,      0.00,      0.00,      0.00,0,1,0,0,1,1
H5,392,2018,890130,      0.00,      0.00,      0.00,      0.00,0,1,0,0,1,1
H5,392,2018,890190,      0.00,      0.00,      0.00,      0.00,0,1,0,0,1,1
H5,392,2018,890200,      0.00,      0.00,      0.00,      0.00,0,1,0,0,1,1
H5,392,2018,890310,      0.00,      0.00,      0.00,      0.00,0,1,0,0,1,1
H5,392,2018,890391,      0.00,      0.00,      0.00,      0.00,0,1,0,0,1,1
H5,392,2018,890392,      0.00,      0.00,      0.00,      0.00,0,1,0,0,1,1
H5,392,2018,890399,      0.00,      0.00,      0.00,      0.00,0,1,0,0,1,1
H5,392,2018,890400,      0.00,      0.00,      0.00,      0.00,0,1,0,0,1,1
H5,392,2018,890510,      0.00,      0.00,      0.00,      0.00,0,1,0,0,1,1
H5,392,2018,890520,      0.00,      0.00,      0.00,      0.00,0,1,0,0,1,1
H5,392,2018,890590,      0.00,      0.00,      0.00,      0.00,0,1,0,0,1,1
H5,392,2018,890610,      0.00,      0.00,      0.00,      0.00,0,1,0,0,1,1
H5,392,2018,890690,      0.00,      0.00,      0.00,      0.00,0,2,0,0,2,2
H5,392,2018,890710,      0.00,      0.00,      0.00,      0.00,0,1,0,0,1,1
H5,392,2018,890790,      0.00,      0.00,      0.00,      0.00,0,1,0,0,1,1
H5,392,2018,890800,      0.00,      0.00,      0.00,      0.00,0,1,0,0,1,1
H5,392,2018,900110,      0.00,      0.00,      0.00,      0.00,0,2,0,0,2,2
H5,392,2018,900120,      0.00,      0.00,      0.00,      0.00,0,1,0,0,1,1
H5,392,2018,900130,      0.00,      0.00,      0.00,      0.00,0,1,0,0,1,1
H5,392,2018,900140,      0.00,      0.00,      0.00,      0.00,0,1,0,0,1,1
H5,392,2018,900150,      0.00,      0.00,      0.00,      0.00,0,1,0,0,1,1
H5,392,2018,900190,      0.00,      0.00,      0.00,      0.00,0,1,0,0,1,1
H5,392,2018,900211,      0.00,      0.00,      0.00,      0.00,0,2,0,0,2,2
H5,392,2018,900219,      0.00,      0.00,      0.00,      0.00,0,1,0,0,1,1
H5,392,2018,900220,      0.00,      0.00,      0.00,      0.00,0,1,0,0,1,1
H5,392,2018,900290,      0.00,      0.00,      0.00,      0.00,0,1,0,0,1,1
H5,392,2018,900311,      4.70,      4.70,      4.70,      4.70,0,0,0,1,1,1
H5,392,2018,900319,      8.00,      3.30,      4.70,      4.00,0,0,0,2,2,2
H5,392,2018,900390,      4.70,      4.70,      4.70,      4.70,0,0,0,1,1,1
H5,392,2018,900410,      5.30,      5.30,      5.30,      5.30,0,0,0,1,1,1
H5,392,2018,900490,      5.30,      5.30,      5.30,      5.30,0,0,0,1,1,1
H5,392,2018,900510,      0.00,      0.00,      0.00,      0.00,0,1,0,0,1,1
H5,392,2018,900580,      0.00,      0.00,      0.00,      0.00,0,1,0,0,1,1
H5,392,2018,900590,      0.00,      0.00,      0.00,      0.00,0,1,0,0,1,1
H5,392,2018,900630,      0.00,      0.00,      0.00,      0.00,0,1,0,0,1,1
H5,392,2018,900640,      0.00,      0.00,      0.00,      0.00,0,1,0,0,1,1
H5,392,2018,900651,      0.00,      0.00,      0.00,      0.00,0,1,0,0,1,1
H5,392,2018,900652,      0.00,      0.00,      0.00,      0.00,0,1,0,0,1,1
H5,392,2018,900653,      0.00,      0.00,      0.00,      0.00,0,2,0,0,2,2
H5,392,2018,900659,      0.00,      0.00,      0.00,      0.00,0,1,0,0,1,1
H5,392,2018,900661,      0.00,      0.00,      0.00,      0.00,0,1,0,0,1,1
H5,392,2018,900669,      0.00,      0.00,      0.00,      0.00,0,1,0,0,1,1
H5,392,2018,900691,      0.00,      0.00,      0.00,      0.00,0,1,0,0,1,1
H5,392,2018,900699,      0.00,      0.00,      0.00,      0.00,0,1,0,0,1,1
H5,392,2018,900710,      0.00,      0.00,      0.00,      0.00,0,1,0,0,1,1
H5,392,2018,900720,      0.00,      0.00,      0.00,      0.00,0,1,0,0,1,1
H5,392,2018,900791,      0.00,      0.00,      0.00,      0.00,0,1,0,0,1,1
H5,392,2018,900792,      0.00,      0.00,      0.00,      0.00,0,1,0,0,1,1
H5,392,2018,900850,      0.00,      0.00,      0.00,      0.00,0,1,0,0,1,1
H5,392,2018,900890,      0.00,      0.00,      0.00,      0.00,0,1,0,0,1,1
H5,392,2018,901010,      0.00,      0.00,      0.00,      0.00,0,1,0,0,1,1
H5,392,2018,901050,      0.00,      0.00,      0.00,      0.00,0,1,0,0,1,1
H5,392,2018,901060,      0.00,      0.00,      0.00,      0.00,0,1,0,0,1,1
H5,392,2018,901090,      0.00,      0.00,      0.00,      0.00,0,1,0,0,1,1
H5,392,2018,901110,      0.00,      0.00,      0.00,      0.00,0,1,0,0,1,1
H5,392,2018,901120,      0.00,      0.00,      0.00,      0.00,0,1,0,0,1,1
H5,392,2018,901180,      0.00,      0.00,      0.00,      0.00,0,1,0,0,1,1
H5,392,2018,901190,      0.00,      0.00,      0.00,      0.00,0,1,0,0,1,1
H5,392,2018,901210,      0.00,      0.00,      0.00,      0.00,0,1,0,0,1,1
H5,392,2018,901290,      0.00,      0.00,      0.00,      0.00,0,1,0,0,1,1
H5,392,2018,901310,      0.00,      0.00,      0.00,      0.00,0,1,0,0,1,1
H5,392,2018,901320,      0.00,      0.00,      0.00,      0.00,0,2,0,0,2,2
H5,392,2018,901380,      0.00,      0.00,      0.00,      0.00,0,1,0,0,1,1
H5,392,2018,901390,      0.00,      0.00,      0.00,      0.00,0,1,0,0,1,1
H5,392,2018,901410,      0.00,      0.00,      0.00,      0.00,0,1,0,0,1,1
H5,392,2018,901420,      0.00,      0.00,      0.00,      0.00,0,1,0,0,1,1
H5,392,2018,901480,      0.00,      0.00,      0.00,      0.00,0,1,0,0,1,1
H5,392,2018,901490,      0.00,      0.00,      0.00,      0.00,0,1,0,0,1,1
H5,392,2018,901510,      0.00,      0.00,      0.00,      0.00,0,1,0,0,1,1
H5,392,2018,901520,      0.00,      0.00,      0.00,      0.00,0,1,0,0,1,1
H5,392,2018,901530,      0.00,      0.00,      0.00,      0.00,0,1,0,0,1,1
H5,392,2018,901540,      0.00,      0.00,      0.00,      0.00,0,1,0,0,1,1
H5,392,2018,901580,      0.00,      0.00,      0.00,      0.00,0,1,0,0,1,1
H5,392,2018,901590,      0.00,      0.00,      0.00,      0.00,0,2,0,0,2,2
H5,392,2018,901600,      0.00,      0.00,      0.00,      0.00,0,1,0,0,1,1
H5,392,2018,901710,      0.00,      0.00,      0.00,      0.00,0,1,0,0,1,1
H5,392,2018,901720,      0.00,      0.00,      0.00,      0.00,0,1,0,0,1,1
H5,392,2018,901730,      0.00,      0.00,      0.00,      0.00,0,2,0,0,2,2
H5,392,2018,901780,      0.00,      0.00,      0.00,      0.00,0,1,0,0,1,1
H5,392,2018,901790,      0.00,      0.00,      0.00,      0.00,0,1,0,0,1,1
H5,392,2018,901811,      0.00,      0.00,      0.00,      0.00,0,1,0,0,1,1
H5,392,2018,901812,      0.00,      0.00,      0.00,      0.00,0,1,0,0,1,1
H5,392,2018,901813,      0.00,      0.00,      0.00,      0.00,0,1,0,0,1,1
H5,392,2018,901814,      0.00,      0.00,      0.00,      0.00,0,1,0,0,1,1
H5,392,2018,901819,      0.00,      0.00,      0.00,      0.00,0,2,0,0,2,2
H5,392,2018,901820,      0.00,      0.00,      0.00,      0.00,0,1,0,0,1,1
H5,392,2018,901831,      0.00,      0.00,      0.00,      0.00,0,1,0,0,1,1
H5,392,2018,901832,      0.00,      0.00,      0.00,      0.00,0,1,0,0,1,1
H5,392,2018,901839,      0.00,      0.00,      0.00,      0.00,0,3,0,0,3,3
H5,392,2018,901841,      0.00,      0.00,      0.00,      0.00,0,1,0,0,1,1
H5,392,2018,901849,      0.00,      0.00,      0.00,      0.00,0,3,0,0,3,3
H5,392,2018,901850,      0.00,      0.00,      0.00,      0.00,0,2,0,0,2,2
H5,392,2018,901890,      0.00,      0.00,      0.00,      0.00,0,6,0,0,6,6
H5,392,2018,901910,      0.00,      0.00,      0.00,      0.00,0,1,0,0,1,1
H5,392,2018,901920,      0.00,      0.00,      0.00,      0.00,0,1,0,0,1,1
H5,392,2018,902000,      0.00,      0.00,      0.00,      0.00,0,1,0,0,1,1
H5,392,2018,902110,      0.00,      0.00,      0.00,      0.00,0,1,0,0,1,1
H5,392,2018,902121,      0.00,      0.00,      0.00,      0.00,0,2,0,0,2,2
H5,392,2018,902129,      0.00,      0.00,      0.00,      0.00,0,1,0,0,1,1
H5,392,2018,902131,      0.00,      0.00,      0.00,      0.00,0,1,0,0,1,1
H5,392,2018,902139,      0.00,      0.00,      0.00,      0.00,0,1,0,0,1,1
H5,392,2018,902140,      0.00,      0.00,      0.00,      0.00,0,1,0,0,1,1
H5,392,2018,902150,      0.00,      0.00,      0.00,      0.00,0,1,0,0,1,1
H5,392,2018,902190,      0.00,      0.00,      0.00,      0.00,0,1,0,0,1,1
H5,392,2018,902212,      0.00,      0.00,      0.00,      0.00,0,1,0,0,1,1
H5,392,2018,902213,      0.00,      0.00,      0.00,      0.00,0,1,0,0,1,1
H5,392,2018,902214,      0.00,      0.00,      0.00,      0.00,0,2,0,0,2,2
H5,392,2018,902219,      0.00,      0.00,      0.00,      0.00,0,1,0,0,1,1
H5,392,2018,902221,      0.00,      0.00,      0.00,      0.00,0,1,0,0,1,1
H5,392,2018,902229,      0.00,      0.00,      0.00,      0.00,0,1,0,0,1,1
H5,392,2018,902230,      0.00,      0.00,      0.00,      0.00,0,2,0,0,2,2
H5,392,2018,902290,      0.00,      0.00,      0.00,      0.00,0,3,0,0,3,3
H5,392,2018,902300,      0.00,      0.00,      0.00,      0.00,0,1,0,0,1,1
H5,392,2018,902410,      0.00,      0.00,      0.00,      0.00,0,1,0,0,1,1
H5,392,2018,902480,      0.00,      0.00,      0.00,      0.00,0,1,0,0,1,1
H5,392,2018,902490,      0.00,      0.00,      0.00,      0.00,0,1,0,0,1,1
H5,392,2018,902511,      0.00,      0.00,      0.00,      0.00,0,1,0,0,1,1
H5,392,2018,902519,      0.00,      0.00,      0.00,      0.00,0,2,0,0,2,2
H5,392,2018,902580,      0.00,      0.00,      0.00,      0.00,0,1,0,0,1,1
H5,392,2018,902590,      0.00,      0.00,      0.00,      0.00,0,1,0,0,1,1
H5,392,2018,902610,      0.00,      0.00,      0.00,      0.00,0,1,0,0,1,1
H5,392,2018,902620,      0.00,      0.00,      0.00,      0.00,0,2,0,0,2,2
H5,392,2018,902680,      0.00,      0.00,      0.00,      0.00,0,1,0,0,1,1
H5,392,2018,902690,      0.00,      0.00,      0.00,      0.00,0,1,0,0,1,1
H5,392,2018,902710,      0.00,      0.00,      0.00,      0.00,0,1,0,0,1,1
H5,392,2018,902720,      0.00,      0.00,      0.00,      0.00,0,1,0,0,1,1
H5,392,2018,902730,      0.00,      0.00,      0.00,      0.00,0,1,0,0,1,1
H5,392,2018,902750,      0.00,      0.00,      0.00,      0.00,0,1,0,0,1,1
H5,392,2018,902780,      0.00,      0.00,      0.00,      0.00,0,3,0,0,3,3
H5,392,2018,902790,      0.00,      0.00,      0.00,      0.00,0,2,0,0,2,2
H5,392,2018,902810,      0.00,      0.00,      0.00,      0.00,0,1,0,0,1,1
H5,392,2018,902820,      0.00,      0.00,      0.00,      0.00,0,1,0,0,1,1
H5,392,2018,902830,      0.00,      0.00,      0.00,      0.00,0,1,0,0,1,1
H5,392,2018,902890,      0.00,      0.00,      0.00,      0.00,0,1,0,0,1,1
H5,392,2018,902910,      0.00,      0.00,      0.00,      0.00,0,1,0,0,1,1
H5,392,2018,902920,      0.00,      0.00,      0.00,      0.00,0,2,0,0,2,2
H5,392,2018,902990,      0.00,      0.00,      0.00,      0.00,0,1,0,0,1,1
H5,392,2018,903010,      0.00,      0.00,      0.00,      0.00,0,1,0,0,1,1
H5,392,2018,903020,      0.00,      0.00,      0.00,      0.00,0,1,0,0,1,1
H5,392,2018,903031,      0.00,      0.00,      0.00,      0.00,0,1,0,0,1,1
H5,392,2018,903032,      0.00,      0.00,      0.00,      0.00,0,1,0,0,1,1
H5,392,2018,903033,      0.00,      0.00,      0.00,      0.00,0,2,0,0,2,2
H5,392,2018,903039,      0.00,      0.00,      0.00,      0.00,0,1,0,0,1,1
H5,392,2018,903040,      0.00,      0.00,      0.00,      0.00,0,1,0,0,1,1
H5,392,2018,903082,      0.00,      0.00,      0.00,      0.00,0,2,0,0,2,2
H5,392,2018,903084,      0.00,      0.00,      0.00,      0.00,0,1,0,0,1,1
H5,392,2018,903089,      0.00,      0.00,      0.00,      0.00,0,2,0,0,2,2
H5,392,2018,903090,      0.00,      0.00,      0.00,      0.00,0,1,0,0,1,1
H5,392,2018,903110,      0.00,      0.00,      0.00,      0.00,0,1,0,0,1,1
H5,392,2018,903120,      0.00,      0.00,      0.00,      0.00,0,1,0,0,1,1
H5,392,2018,903141,      0.00,      0.00,      0.00,      0.00,0,1,0,0,1,1
H5,392,2018,903149,      0.00,      0.00,      0.00,      0.00,0,1,0,0,1,1
H5,392,2018,903180,      0.00,      0.00,      0.00,      0.00,0,4,0,0,4,4
H5,392,2018,903190,      0.00,      0.00,      0.00,      0.00,0,2,0,0,2,2
H5,392,2018,903210,      0.00,      0.00,      0.00,      0.00,0,2,0,0,2,2
H5,392,2018,903220,      0.00,      0.00,      0.00,      0.00,0,1,0,0,1,1
H5,392,2018,903281,      0.00,      0.00,      0.00,      0.00,0,1,0,0,1,1
H5,392,2018,903289,      0.00,      0.00,      0.00,      0.00,0,2,0,0,2,2
H5,392,2018,903290,      0.00,      0.00,      0.00,      0.00,0,1,0,0,1,1
H5,392,2018,903300,      0.00,      0.00,      0.00,      0.00,0,1,0,0,1,1
H5,392,2018,910111,      0.00,      0.00,      0.00,      0.00,0,1,0,0,1,1
H5,392,2018,910119,      0.00,      0.00,      0.00,      0.00,0,1,0,0,1,1
H5,392,2018,910121,      0.00,      0.00,      0.00,      0.00,0,1,0,0,1,1
H5,392,2018,910129,      0.00,      0.00,      0.00,      0.00,0,1,0,0,1,1
H5,392,2018,910191,      0.00,      0.00,      0.00,      0.00,0,1,0,0,1,1
H5,392,2018,910199,      0.00,      0.00,      0.00,      0.00,0,1,0,0,1,1
H5,392,2018,910211,      0.00,      0.00,      0.00,      0.00,0,1,0,0,1,1
H5,392,2018,910212,      0.00,      0.00,      0.00,      0.00,0,1,0,0,1,1
H5,392,2018,910219,      0.00,      0.00,      0.00,      0.00,0,1,0,0,1,1
H5,392,2018,910221,      0.00,      0.00,      0.00,      0.00,0,1,0,0,1,1
H5,392,2018,910229,      0.00,      0.00,      0.00,      0.00,0,1,0,0,1,1
H5,392,2018,910291,      0.00,      0.00,      0.00,      0.00,0,1,0,0,1,1
H5,392,2018,910299,      0.00,      0.00,      0.00,      0.00,0,1,0,0,1,1
H5,392,2018,910310,      0.00,      0.00,      0.00,      0.00,0,1,0,0,1,1
H5,392,2018,910390,      0.00,      0.00,      0.00,      0.00,0,1,0,0,1,1
H5,392,2018,910400,      0.00,      0.00,      0.00,      0.00,0,1,0,0,1,1
H5,392,2018,910511,      0.00,      0.00,      0.00,      0.00,0,1,0,0,1,1
H5,392,2018,910519,      0.00,      0.00,      0.00,      0.00,0,1,0,0,1,1
H5,392,2018,910521,      0.00,      0.00,      0.00,      0.00,0,1,0,0,1,1
H5,392,2018,910529,      0.00,      0.00,      0.00,      0.00,0,1,0,0,1,1
H5,392,2018,910591,      0.00,      0.00,      0.00,      0.00,0,1,0,0,1,1
H5,392,2018,910599,      0.00,      0.00,      0.00,      0.00,0,1,0,0,1,1
H5,392,2018,910610,      0.00,      0.00,      0.00,      0.00,0,1,0,0,1,1
H5,392,2018,910690,      0.00,      0.00,      0.00,      0.00,0,1,0,0,1,1
H5,392,2018,910700,      0.00,      0.00,      0.00,      0.00,0,1,0,0,1,1
H5,392,2018,910811,      0.00,      0.00,      0.00,      0.00,0,1,0,0,1,1
H5,392,2018,910812,      0.00,      0.00,      0.00,      0.00,0,1,0,0,1,1
H5,392,2018,910819,      0.00,      0.00,      0.00,      0.00,0,1,0,0,1,1
H5,392,2018,910820,      0.00,      0.00,      0.00,      0.00,0,1,0,0,1,1
H5,392,2018,910890,      0.00,      0.00,      0.00,      0.00,0,1,0,0,1,1
H5,392,2018,910910,      0.00,      0.00,      0.00,      0.00,0,1,0,0,1,1
H5,392,2018,910990,      0.00,      0.00,      0.00,      0.00,0,1,0,0,1,1
H5,392,2018,911011,      0.00,      0.00,      0.00,      0.00,0,1,0,0,1,1
H5,392,2018,911012,      0.00,      0.00,      0.00,      0.00,0,1,0,0,1,1
H5,392,2018,911019,      0.00,      0.00,      0.00,      0.00,0,1,0,0,1,1
H5,392,2018,911090,      0.00,      0.00,      0.00,      0.00,0,1,0,0,1,1
H5,392,2018,911110,      0.00,      0.00,      0.00,      0.00,0,1,0,0,1,1
H5,392,2018,911120,      0.00,      0.00,      0.00,      0.00,0,1,0,0,1,1
H5,392,2018,911180,      0.00,      0.00,      0.00,      0.00,0,1,0,0,1,1
H5,392,2018,911190,      0.00,      0.00,      0.00,      0.00,0,1,0,0,1,1
H5,392,2018,911220,      0.00,      0.00,      0.00,      0.00,0,1,0,0,1,1
H5,392,2018,911290,      0.00,      0.00,      0.00,      0.00,0,1,0,0,1,1
H5,392,2018,911310,      0.00,      0.00,      0.00,      0.00,0,2,0,0,2,2
H5,392,2018,911320,      0.00,      0.00,      0.00,      0.00,0,2,0,0,2,2
H5,392,2018,911390,     36.00,      0.00,     16.00,      9.00,0,1,0,3,4,4
H5,392,2018,911410,      0.00,      0.00,      0.00,      0.00,0,1,0,0,1,1
H5,392,2018,911430,      0.00,      0.00,      0.00,      0.00,0,1,0,0,1,1
H5,392,2018,911440,      0.00,      0.00,      0.00,      0.00,0,1,0,0,1,1
H5,392,2018,911490,      0.00,      0.00,      0.00,      0.00,0,1,0,0,1,1
H5,392,2018,920110,      0.00,      0.00,      0.00,      0.00,0,1,0,0,1,1
H5,392,2018,920120,      0.00,      0.00,      0.00,      0.00,0,1,0,0,1,1
H5,392,2018,920190,      0.00,      0.00,      0.00,      0.00,0,1,0,0,1,1
H5,392,2018,920210,      0.00,      0.00,      0.00,      0.00,0,1,0,0,1,1
H5,392,2018,920290,      0.00,      0.00,      0.00,      0.00,0,2,0,0,2,2
H5,392,2018,920510,      0.00,      0.00,      0.00,      0.00,0,1,0,0,1,1
H5,392,2018,920590,      0.00,      0.00,      0.00,      0.00,0,4,0,0,4,4
H5,392,2018,920600,      0.00,      0.00,      0.00,      0.00,0,1,0,0,1,1
H5,392,2018,920710,      0.00,      0.00,      0.00,      0.00,0,1,0,0,1,1
H5,392,2018,920790,      0.00,      0.00,      0.00,      0.00,0,2,0,0,2,2
H5,392,2018,920810,      0.00,      0.00,      0.00,      0.00,0,1,0,0,1,1
H5,392,2018,920890,      0.00,      0.00,      0.00,      0.00,0,1,0,0,1,1
H5,392,2018,920930,      0.00,      0.00,      0.00,      0.00,0,1,0,0,1,1
H5,392,2018,920991,      0.00,      0.00,      0.00,      0.00,0,1,0,0,1,1
H5,392,2018,920992,      0.00,      0.00,      0.00,      0.00,0,1,0,0,1,1
H5,392,2018,920994,      0.00,      0.00,      0.00,      0.00,0,1,0,0,1,1
H5,392,2018,920999,      0.00,      0.00,      0.00,      0.00,0,1,0,0,1,1
H5,392,2018,930110,      8.40,      8.40,      8.40,      8.40,0,0,0,1,1,1
H5,392,2018,930120,      8.40,      8.40,      8.40,      8.40,0,0,0,1,1,1
H5,392,2018,930190,      8.40,      8.40,      8.40,      8.40,0,0,0,1,1,1
H5,392,2018,930200,      8.40,      8.40,      8.40,      8.40,0,0,0,1,1,1
H5,392,2018,930310,      5.40,      5.40,      5.40,      5.40,0,0,0,1,1,1
H5,392,2018,930320,      6.30,      6.30,      6.30,      6.30,0,0,0,1,1,1
H5,392,2018,930330,      5.40,      5.40,      5.40,      5.40,0,0,0,1,1,1
H5,392,2018,930390,      5.40,      5.40,      5.40,      5.40,0,0,0,1,1,1
H5,392,2018,930400,      5.40,      5.40,      5.40,      5.40,0,0,0,1,1,1
H5,392,2018,930510,     13.80,      5.40,      8.40,      6.90,0,0,0,2,2,2
H5,392,2018,930520,      5.40,      5.40,      5.40,      5.40,0,0,0,1,1,1
H5,392,2018,930591,      8.40,      8.40,      8.40,      8.40,0,0,0,1,1,1
H5,392,2018,930599,     13.60,      5.40,      8.20,      6.80,0,0,0,2,2,2
H5,392,2018,930621,      5.40,      5.40,      5.40,      5.40,0,0,0,1,1,1
H5,392,2018,930629,      5.40,      5.40,      5.40,      5.40,0,0,0,1,1,1
H5,392,2018,930630,     22.20,      5.40,      8.40,      7.40,0,0,0,3,3,3
H5,392,2018,930690,      8.40,      8.40,      8.40,      8.40,0,0,0,1,1,1
H5,392,2018,930700,      8.40,      8.40,      8.40,      8.40,0,0,0,1,1,1
H5,392,2018,940110,      0.00,      0.00,      0.00,      0.00,0,1,0,0,1,1
H5,392,2018,940120,      0.00,      0.00,      0.00,      0.00,0,1,0,0,1,1
H5,392,2018,940130,      0.00,      0.00,      0.00,      0.00,0,2,0,0,2,2
H5,392,2018,940140,      0.00,      0.00,      0.00,      0.00,0,2,0,0,2,2
H5,392,2018,940152,      0.00,      0.00,      0.00,      0.00,0,1,0,0,1,1
H5,392,2018,940153,      0.00,      0.00,      0.00,      0.00,0,1,0,0,1,1
H5,392,2018,940159,      0.00,      0.00,      0.00,      0.00,0,1,0,0,1,1
H5,392,2018,940161,      0.00,      0.00,      0.00,      0.00,0,2,0,0,2,2
H5,392,2018,940169,      0.00,      0.00,      0.00,      0.00,0,1,0,0,1,1
H5,392,2018,940171,      0.00,      0.00,      0.00,      0.00,0,2,0,0,2,2
H5,392,2018,940179,      0.00,      0.00,      0.00,      0.00,0,2,0,0,2,2
H5,392,2018,940180,      0.00,      0.00,      0.00,      0.00,0,2,0,0,2,2
H5,392,2018,940190,      7.60,      0.00,      3.80,      2.53,0,1,0,2,3,3
H5,392,2018,940210,      0.00,      0.00,      0.00,      0.00,0,1,0,0,1,1
H5,392,2018,940290,      0.00,      0.00,      0.00,      0.00,0,1,0,0,1,1
H5,392,2018,940310,      0.00,      0.00,      0.00,      0.00,0,1,0,0,1,1
H5,392,2018,940320,      0.00,      0.00,      0.00,      0.00,0,1,0,0,1,1
H5,392,2018,940330,      0.00,      0.00,      0.00,      0.00,0,1,0,0,1,1
H5,392,2018,940340,      0.00,      0.00,      0.00,      0.00,0,1,0,0,1,1
H5,392,2018,940350,      0.00,      0.00,      0.00,      0.00,0,1,0,0,1,1
H5,392,2018,940360,      0.00,      0.00,      0.00,      0.00,0,3,0,0,3,3
H5,392,2018,940370,      0.00,      0.00,      0.00,      0.00,0,1,0,0,1,1
H5,392,2018,940382,      0.00,      0.00,      0.00,      0.00,0,1,0,0,1,1
H5,392,2018,940383,      0.00,      0.00,      0.00,      0.00,0,1,0,0,1,1
H5,392,2018,940389,      0.00,      0.00,      0.00,      0.00,0,1,0,0,1,1
H5,392,2018,940390,      0.00,      0.00,      0.00,      0.00,0,3,0,0,3,3
H5,392,2018,940410,      3.20,      3.20,      3.20,      3.20,0,0,0,1,1,1
H5,392,2018,940421,      3.80,      3.80,      3.80,      3.80,0,0,0,1,1,1
H5,392,2018,940429,      3.80,      3.80,      3.80,      3.80,0,0,0,1,1,1
H5,392,2018,940430,      3.80,      3.80,      3.80,      3.80,0,0,0,1,1,1
H5,392,2018,940490,     15.20,      3.80,      3.80,      3.80,0,0,0,4,4,4
H5,392,2018,940510,      0.00,      0.00,      0.00,      0.00,0,2,0,0,2,2
H5,392,2018,940520,      0.00,      0.00,      0.00,      0.00,0,1,0,0,1,1
H5,392,2018,940530,      0.00,      0.00,      0.00,      0.00,0,1,0,0,1,1
H5,392,2018,940540,      0.00,      0.00,      0.00,      0.00,0,3,0,0,3,3
H5,392,2018,940550,      0.00,      0.00,      0.00,      0.00,0,1,0,0,1,1
H5,392,2018,940560,      4.80,      0.00,      4.80,      2.40,0,1,0,1,2,2
H5,392,2018,940591,      0.00,      0.00,      0.00,      0.00,0,1,0,0,1,1
H5,392,2018,940592,      3.90,      3.90,      3.90,      3.90,0,0,0,1,1,1
H5,392,2018,940599,      0.00,      0.00,      0.00,      0.00,0,1,0,0,1,1
H5,392,2018,940610,      0.00,      0.00,      0.00,      0.00,0,2,0,0,2,2
H5,392,2018,940690,      0.00,      0.00,      0.00,      0.00,0,2,0,0,2,2
H5,392,2018,950300,      0.00,      0.00,      0.00,      0.00,0,1,0,0,1,1
H5,392,2018,950420,      0.00,      0.00,      0.00,      0.00,0,1,0,0,1,1
H5,392,2018,950430,      0.00,      0.00,      0.00,      0.00,0,1,0,0,1,1
H5,392,2018,950440,      3.20,      3.20,      3.20,      3.20,0,0,0,1,1,1
H5,392,2018,950450,      0.00,      0.00,      0.00,      0.00,0,1,0,0,1,1
H5,392,2018,950490,      0.00,      0.00,      0.00,      0.00,0,3,0,0,3,3
H5,392,2018,950510,      3.20,      3.20,      3.20,      3.20,0,0,0,1,1,1
H5,392,2018,950590,      3.20,      3.20,      3.20,      3.20,0,0,0,1,1,1
H5,392,2018,950611,      0.00,      0.00,      0.00,      0.00,0,1,0,0,1,1
H5,392,2018,950612,      0.00,      0.00,      0.00,      0.00,0,1,0,0,1,1
H5,392,2018,950619,      0.00,      0.00,      0.00,      0.00,0,1,0,0,1,1
H5,392,2018,950621,      0.00,      0.00,      0.00,      0.00,0,1,0,0,1,1
H5,392,2018,950629,      0.00,      0.00,      0.00,      0.00,0,1,0,0,1,1
H5,392,2018,950631,      0.00,      0.00,      0.00,      0.00,0,1,0,0,1,1
H5,392,2018,950632,      0.00,      0.00,      0.00,      0.00,0,1,0,0,1,1
H5,392,2018,950639,      0.00,      0.00,      0.00,      0.00,0,1,0,0,1,1
H5,392,2018,950640,      0.00,      0.00,      0.00,      0.00,0,1,0,0,1,1
H5,392,2018,950651,      0.00,      0.00,      0.00,      0.00,0,2,0,0,2,2
H5,392,2018,950659,      0.00,      0.00,      0.00,      0.00,0,1,0,0,1,1
H5,392,2018,950661,      3.20,      3.20,      3.20,      3.20,0,0,0,1,1,1
H5,392,2018,950662,      3.20,      3.20,      3.20,      3.20,0,0,0,1,1,1
H5,392,2018,950669,      3.20,      3.20,      3.20,      3.20,0,0,0,1,1,1
H5,392,2018,950670,      0.00,      0.00,      0.00,      0.00,0,1,0,0,1,1
H5,392,2018,950691,      0.00,      0.00,      0.00,      0.00,0,1,0,0,1,1
H5,392,2018,950699,      0.00,      0.00,      0.00,      0.00,0,1,0,0,1,1
H5,392,2018,950710,      6.40,      3.20,      3.20,      3.20,0,0,0,2,2,2
H5,392,2018,950720,      3.20,      3.20,      3.20,      3.20,0,0,0,1,1,1
H5,392,2018,950730,      3.20,      3.20,      3.20,      3.20,0,0,0,1,1,1
H5,392,2018,950790,      3.20,      3.20,      3.20,      3.20,0,0,0,1,1,1
H5,392,2018,950810,      0.00,      0.00,      0.00,      0.00,0,1,0,0,1,1
H5,392,2018,950890,      0.00,      0.00,      0.00,      0.00,0,1,0,0,1,1
H5,392,2018,960110,      8.90,      3.90,      5.00,      4.45,0,0,0,2,2,2
H5,392,2018,960190,      4.10,      0.00,      4.10,      2.05,0,1,0,1,2,2
H5,392,2018,960200,      6.40,      2.50,      3.90,      3.20,0,0,0,2,2,2
H5,392,2018,960310,      2.50,      2.50,      2.50,      2.50,0,0,0,1,1,1
H5,392,2018,960321,      6.60,      6.60,      6.60,      6.60,0,0,0,1,1,1
H5,392,2018,960329,      6.60,      6.60,      6.60,      6.60,0,0,0,1,1,1
H5,392,2018,960330,      6.60,      6.60,      6.60,      6.60,0,0,0,1,1,1
H5,392,2018,960340,      6.60,      6.60,      6.60,      6.60,0,0,0,1,1,1
H5,392,2018,960350,      3.30,      3.30,      3.30,      3.30,0,0,0,1,1,1
H5,392,2018,960390,     14.20,      0.00,      6.60,      3.55,0,1,0,3,4,4
H5,392,2018,960400,      3.20,      3.20,      3.20,      3.20,0,0,0,1,1,1
H5,392,2018,960500,      6.60,      6.60,      6.60,      6.60,0,0,0,1,1,1
H5,392,2018,960610,      5.30,      5.30,      5.30,      5.30,0,0,0,1,1,1
H5,392,2018,960621,      5.30,      5.30,      5.30,      5.30,0,0,0,1,1,1
H5,392,2018,960622,      5.30,      5.30,      5.30,      5.30,0,0,0,1,1,1
H5,392,2018,960629,      8.60,      3.30,      5.30,      4.30,0,0,0,2,2,2
H5,392,2018,960630,      0.00,      0.00,      0.00,      0.00,0,1,0,0,1,1
H5,392,2018,960711,      2.80,      2.80,      2.80,      2.80,0,0,0,1,1,1
H5,392,2018,960719,      2.80,      2.80,      2.80,      2.80,0,0,0,1,1,1
H5,392,2018,960720,      2.80,      2.80,      2.80,      2.80,0,0,0,1,1,1
H5,392,2018,960810,      5.00,      0.00,      5.00,      2.50,0,1,0,1,2,2
H5,392,2018,960820,      3.90,      3.90,      3.90,      3.90,0,0,0,1,1,1
H5,392,2018,960830,      5.40,      0.00,      5.40,      2.70,0,1,0,1,2,2
H5,392,2018,960840,      5.40,      0.00,      5.40,      2.70,0,1,0,1,2,2
H5,392,2018,960850,      5.00,      5.00,      5.00,      5.00,0,0,0,1,1,1
H5,392,2018,960860,      5.00,      5.00,      5.00,      5.00,0,0,0,1,1,1
H5,392,2018,960891,      0.00,      0.00,      0.00,      0.00,0,1,0,0,1,1
H5,392,2018,960899,      6.80,      3.40,      3.40,      3.40,0,0,0,2,2,2
H5,392,2018,960910,      0.00,      0.00,      0.00,      0.00,0,2,0,0,2,2
H5,392,2018,960920,      0.00,      0.00,      0.00,      0.00,0,1,0,0,1,1
H5,392,2018,960990,      0.00,      0.00,      0.00,      0.00,0,1,0,0,1,1
H5,392,2018,961000,      0.00,      0.00,      0.00,      0.00,0,1,0,0,1,1
H5,392,2018,961100,      0.00,      0.00,      0.00,      0.00,0,1,0,0,1,1
H5,392,2018,961210,      0.00,      0.00,      0.00,      0.00,0,1,0,0,1,1
H5,392,2018,961220,      0.00,      0.00,      0.00,      0.00,0,1,0,0,1,1
H5,392,2018,961310,      0.00,      0.00,      0.00,      0.00,0,1,0,0,1,1
H5,392,2018,961320,      5.10,      0.00,      5.10,      2.55,0,1,0,1,2,2
H5,392,2018,961380,      0.00,      0.00,      0.00,      0.00,0,1,0,0,1,1
H5,392,2018,961390,      0.00,      0.00,      0.00,      0.00,0,1,0,0,1,1
H5,392,2018,961400,      9.10,      3.90,      5.20,      4.55,0,0,0,2,2,2
H5,392,2018,961511,      3.90,      3.90,      3.90,      3.90,0,0,0,1,1,1
H5,392,2018,961519,      3.90,      3.90,      3.90,      3.90,0,0,0,1,1,1
H5,392,2018,961590,     20.20,      2.50,      4.30,      3.37,0,0,0,6,6,6
H5,392,2018,961610,      3.90,      3.90,      3.90,      3.90,0,0,0,1,1,1
H5,392,2018,961620,      3.90,      3.90,      3.90,      3.90,0,0,0,1,1,1
H5,392,2018,961700,      3.90,      3.90,      3.90,      3.90,0,0,0,1,1,1
H5,392,2018,961800,      0.00,      0.00,      0.00,      0.00,0,1,0,0,1,1
H5,392,2018,961900,      0.00,      0.00,      0.00,      0.00,0,1,0,0,1,1
H5,392,2018,962000,      0.00,      0.00,      0.00,      0.00,0,1,0,0,1,1
H5,392,2018,970110,      0.00,      0.00,      0.00,      0.00,0,1,0,0,1,1
H5,392,2018,970190,      0.00,      0.00,      0.00,      0.00,0,1,0,0,1,1
H5,392,2018,970200,      0.00,      0.00,      0.00,      0.00,0,1,0,0,1,1
H5,392,2018,970300,      0.00,      0.00,      0.00,      0.00,0,1,0,0,1,1
H5,392,2018,970400,      0.00,      0.00,      0.00,      0.00,0,1,0,0,1,1
H5,392,2018,970500,      0.00,      0.00,      0.00,      0.00,0,1,0,0,1,1
H5,392,2018,970600,      0.00,      0.00,      0.00,      0.00,0,1,0,0,1,1
