NomenCode,Reporter_ISO_N,Year,ProductCode,Sum_Of_Rates,Min_Rate,Max_Rate,SimpleAverage,Nbr_NA_Lines,Nbr_Free_Lines,Nbr_AVE_Lines,Nbr_Dutiable_Lines,TotalNoOfValidLines,TotalNoOfLines
H4,484,2017,010121,     10.00,     10.00,     10.00,     10.00,0,0,0,1,1,1
H4,484,2017,010129,     60.00,     10.00,     20.00,     15.00,0,0,0,4,4,4
H4,484,2017,010130,     20.00,     20.00,     20.00,     20.00,0,0,0,1,1,1
H4,484,2017,010190,     20.00,     20.00,     20.00,     20.00,0,0,0,1,1,1
H4,484,2017,010221,      0.00,      0.00,      0.00,      0.00,0,1,0,0,1,1
H4,484,2017,010229,     15.00,      0.00,     15.00,      5.00,0,2,0,1,3,3
H4,484,2017,010231,      0.00,      0.00,      0.00,      0.00,0,1,0,0,1,1
H4,484,2017,010239,     15.00,     15.00,     15.00,     15.00,0,0,0,1,1,1
H4,484,2017,010290,     15.00,     15.00,     15.00,     15.00,0,0,0,1,1,1
H4,484,2017,010310,      0.00,      0.00,      0.00,      0.00,0,1,0,0,1,1
H4,484,2017,010391,     49.00,      9.00,     20.00,     16.33,0,0,0,3,3,3
H4,484,2017,010392,     69.00,      9.00,     20.00,     17.25,0,0,0,4,4,4
H4,484,2017,010410,     20.00,      0.00,     10.00,      6.67,0,1,0,2,3,3
H4,484,2017,010420,     30.00,      0.00,     20.00,     10.00,0,1,0,2,3,3
H4,484,2017,010511,     10.00,      0.00,     10.00,      3.33,0,2,0,1,3,3
H4,484,2017,010512,     10.00,     10.00,     10.00,     10.00,0,0,0,1,1,1
H4,484,2017,010513,     10.00,     10.00,     10.00,     10.00,0,0,0,1,1,1
H4,484,2017,010514,     10.00,     10.00,     10.00,     10.00,0,0,0,1,1,1
H4,484,2017,010515,     10.00,     10.00,     10.00,     10.00,0,0,0,1,1,1
H4,484,2017,010594,     30.00,     10.00,     20.00,     15.00,0,0,0,2,2,2
H4,484,2017,010599,     10.00,     10.00,     10.00,     10.00,0,0,0,1,1,1
H4,484,2017,010611,     30.00,     10.00,     20.00,     15.00,0,0,0,2,2,2
H4,484,2017,010612,     20.00,     20.00,     20.00,     20.00,0,0,0,1,1,1
H4,484,2017,010613,     20.00,     20.00,     20.00,     20.00,0,0,0,1,1,1
H4,484,2017,010614,     20.00,     20.00,     20.00,     20.00,0,0,0,1,1,1
H4,484,2017,010619,     60.00,      0.00,     20.00,     15.00,0,1,0,3,4,4
H4,484,2017,010620,     80.00,     20.00,     20.00,     20.00,0,0,0,4,4,4
H4,484,2017,010631,     20.00,     20.00,     20.00,     20.00,0,0,0,1,1,1
H4,484,2017,010632,     20.00,     20.00,     20.00,     20.00,0,0,0,1,1,1
H4,484,2017,010633,     20.00,     20.00,     20.00,     20.00,0,0,0,1,1,1
H4,484,2017,010639,     60.00,     20.00,     20.00,     20.00,0,0,0,3,3,3
H4,484,2017,010641,     10.00,     10.00,     10.00,     10.00,0,0,0,1,1,1
H4,484,2017,010649,     20.00,     20.00,     20.00,     20.00,0,0,0,1,1,1
H4,484,2017,010690,     30.00,      0.00,     20.00,      7.50,0,2,0,2,4,4
H4,484,2017,020110,     20.00,     20.00,     20.00,     20.00,0,0,0,1,1,1
H4,484,2017,020120,     20.00,     20.00,     20.00,     20.00,0,0,0,1,1,1
H4,484,2017,020130,     20.00,     20.00,     20.00,     20.00,0,0,0,1,1,1
H4,484,2017,020210,     25.00,     25.00,     25.00,     25.00,0,0,0,1,1,1
H4,484,2017,020220,     25.00,     25.00,     25.00,     25.00,0,0,0,1,1,1
H4,484,2017,020230,     25.00,     25.00,     25.00,     25.00,0,0,0,1,1,1
H4,484,2017,020311,     20.00,     20.00,     20.00,     20.00,0,0,0,1,1,1
H4,484,2017,020312,     20.00,     20.00,     20.00,     20.00,0,0,0,1,1,1
H4,484,2017,020319,     20.00,     20.00,     20.00,     20.00,0,0,0,1,1,1
H4,484,2017,020321,     20.00,     20.00,     20.00,     20.00,0,0,0,1,1,1
H4,484,2017,020322,     20.00,     20.00,     20.00,     20.00,0,0,0,1,1,1
H4,484,2017,020329,     20.00,     20.00,     20.00,     20.00,0,0,0,1,1,1
H4,484,2017,020410,     10.00,     10.00,     10.00,     10.00,0,0,0,1,1,1
H4,484,2017,020421,     10.00,     10.00,     10.00,     10.00,0,0,0,1,1,1
H4,484,2017,020422,     10.00,     10.00,     10.00,     10.00,0,0,0,1,1,1
H4,484,2017,020423,     10.00,     10.00,     10.00,     10.00,0,0,0,1,1,1
H4,484,2017,020430,     10.00,     10.00,     10.00,     10.00,0,0,0,1,1,1
H4,484,2017,020441,     10.00,     10.00,     10.00,     10.00,0,0,0,1,1,1
H4,484,2017,020442,     10.00,     10.00,     10.00,     10.00,0,0,0,1,1,1
H4,484,2017,020443,     10.00,     10.00,     10.00,     10.00,0,0,0,1,1,1
H4,484,2017,020450,     10.00,     10.00,     10.00,     10.00,0,0,0,1,1,1
H4,484,2017,020500,     10.00,     10.00,     10.00,     10.00,0,0,0,1,1,1
H4,484,2017,020610,     20.00,     20.00,     20.00,     20.00,0,0,0,1,1,1
H4,484,2017,020621,     20.00,     20.00,     20.00,     20.00,0,0,0,1,1,1
H4,484,2017,020622,     20.00,     20.00,     20.00,     20.00,0,0,0,1,1,1
H4,484,2017,020629,     20.00,     20.00,     20.00,     20.00,0,0,0,1,1,1
H4,484,2017,020630,     30.00,     10.00,     20.00,     15.00,0,0,0,2,2,2
H4,484,2017,020641,     10.00,     10.00,     10.00,     10.00,0,0,0,1,1,1
H4,484,2017,020649,     10.00,      0.00,     10.00,      5.00,0,1,0,1,2,2
H4,484,2017,020680,     10.00,     10.00,     10.00,     10.00,0,0,0,1,1,1
H4,484,2017,020690,     10.00,     10.00,     10.00,     10.00,0,0,0,1,1,1
H4,484,2017,020711,     75.00,     75.00,     75.00,     75.00,0,0,0,1,1,1
H4,484,2017,020712,     75.00,     75.00,     75.00,     75.00,0,0,0,1,1,1
H4,484,2017,020713,    300.00,     75.00,     75.00,     75.00,0,0,0,4,4,4
H4,484,2017,020714,    310.00,     10.00,     75.00,     62.00,0,0,0,5,5,5
H4,484,2017,020724,     45.00,     45.00,     45.00,     45.00,0,0,0,1,1,1
H4,484,2017,020725,     45.00,     45.00,     45.00,     45.00,0,0,0,1,1,1
H4,484,2017,020726,    225.00,     75.00,     75.00,     75.00,0,0,0,3,3,3
H4,484,2017,020727,    235.00,     10.00,     75.00,     58.75,0,0,0,4,4,4
H4,484,2017,020741,      0.00,      0.00,      0.00,      0.00,0,1,0,0,1,1
H4,484,2017,020742,      0.00,      0.00,      0.00,      0.00,0,1,0,0,1,1
H4,484,2017,020743,     10.00,     10.00,     10.00,     10.00,0,0,0,1,1,1
H4,484,2017,020744,      0.00,      0.00,      0.00,      0.00,0,1,0,0,1,1
H4,484,2017,020745,     10.00,      0.00,     10.00,      5.00,0,1,0,1,2,2
H4,484,2017,020751,      0.00,      0.00,      0.00,      0.00,0,1,0,0,1,1
H4,484,2017,020752,      0.00,      0.00,      0.00,      0.00,0,1,0,0,1,1
H4,484,2017,020753,     10.00,     10.00,     10.00,     10.00,0,0,0,1,1,1
H4,484,2017,020754,      0.00,      0.00,      0.00,      0.00,0,1,0,0,1,1
H4,484,2017,020755,     10.00,      0.00,     10.00,      5.00,0,1,0,1,2,2
H4,484,2017,020760,      0.00,      0.00,      0.00,      0.00,0,3,0,0,3,3
H4,484,2017,020810,     10.00,     10.00,     10.00,     10.00,0,0,0,1,1,1
H4,484,2017,020830,     10.00,     10.00,     10.00,     10.00,0,0,0,1,1,1
H4,484,2017,020840,     10.00,     10.00,     10.00,     10.00,0,0,0,1,1,1
H4,484,2017,020850,     10.00,     10.00,     10.00,     10.00,0,0,0,1,1,1
H4,484,2017,020860,     10.00,     10.00,     10.00,     10.00,0,0,0,1,1,1
H4,484,2017,020890,     30.00,     10.00,     10.00,     10.00,0,0,0,3,3,3
H4,484,2017,020910,     15.00,     15.00,     15.00,     15.00,0,0,0,1,1,1
H4,484,2017,020990,     15.00,      0.00,     15.00,      7.50,0,1,0,1,2,2
H4,484,2017,021011,     10.00,     10.00,     10.00,     10.00,0,0,0,1,1,1
H4,484,2017,021012,     10.00,     10.00,     10.00,     10.00,0,0,0,1,1,1
H4,484,2017,021019,     10.00,     10.00,     10.00,     10.00,0,0,0,1,1,1
H4,484,2017,021020,     10.00,     10.00,     10.00,     10.00,0,0,0,1,1,1
H4,484,2017,021091,     10.00,     10.00,     10.00,     10.00,0,0,0,1,1,1
H4,484,2017,021092,     10.00,     10.00,     10.00,     10.00,0,0,0,1,1,1
H4,484,2017,021093,     10.00,     10.00,     10.00,     10.00,0,0,0,1,1,1
H4,484,2017,021099,     45.00,     10.00,     15.00,     11.25,0,0,0,4,4,4
H4,484,2017,030111,     10.00,     10.00,     10.00,     10.00,0,0,0,1,1,1
H4,484,2017,030119,     10.00,     10.00,     10.00,     10.00,0,0,0,1,1,1
H4,484,2017,030191,     15.00,     15.00,     15.00,     15.00,0,0,0,1,1,1
H4,484,2017,030192,     15.00,     15.00,     15.00,     15.00,0,0,0,1,1,1
H4,484,2017,030193,     15.00,     15.00,     15.00,     15.00,0,0,0,1,1,1
H4,484,2017,030194,      0.00,      0.00,      0.00,      0.00,0,1,0,0,1,1
H4,484,2017,030195,      0.00,      0.00,      0.00,      0.00,0,1,0,0,1,1
H4,484,2017,030199,     15.00,     15.00,     15.00,     15.00,1,0,0,1,1,2
H4,484,2017,030211,     15.00,     15.00,     15.00,     15.00,0,0,0,1,1,1
H4,484,2017,030213,     15.00,     15.00,     15.00,     15.00,0,0,0,1,1,1
H4,484,2017,030214,     15.00,     15.00,     15.00,     15.00,0,0,0,1,1,1
H4,484,2017,030219,     15.00,     15.00,     15.00,     15.00,0,0,0,1,1,1
H4,484,2017,030221,     15.00,     15.00,     15.00,     15.00,0,0,0,1,1,1
H4,484,2017,030222,     15.00,     15.00,     15.00,     15.00,0,0,0,1,1,1
H4,484,2017,030223,     15.00,     15.00,     15.00,     15.00,0,0,0,1,1,1
H4,484,2017,030224,     15.00,     15.00,     15.00,     15.00,0,0,0,1,1,1
H4,484,2017,030229,     15.00,     15.00,     15.00,     15.00,0,0,0,1,1,1
H4,484,2017,030231,      0.00,      0.00,      0.00,      0.00,0,1,0,0,1,1
H4,484,2017,030232,      0.00,      0.00,      0.00,      0.00,0,1,0,0,1,1
H4,484,2017,030233,      0.00,      0.00,      0.00,      0.00,0,1,0,0,1,1
H4,484,2017,030234,      0.00,      0.00,      0.00,      0.00,0,1,0,0,1,1
H4,484,2017,030235,      0.00,      0.00,      0.00,      0.00,0,1,0,0,1,1
H4,484,2017,030236,      0.00,      0.00,      0.00,      0.00,0,1,0,0,1,1
H4,484,2017,030239,      0.00,      0.00,      0.00,      0.00,0,1,0,0,1,1
H4,484,2017,030241,     15.00,     15.00,     15.00,     15.00,0,0,0,1,1,1
H4,484,2017,030242,     15.00,     15.00,     15.00,     15.00,0,0,0,1,1,1
H4,484,2017,030243,     15.00,     15.00,     15.00,     15.00,0,0,0,1,1,1
H4,484,2017,030244,     15.00,     15.00,     15.00,     15.00,0,0,0,1,1,1
H4,484,2017,030245,     15.00,     15.00,     15.00,     15.00,0,0,0,1,1,1
H4,484,2017,030246,     15.00,     15.00,     15.00,     15.00,0,0,0,1,1,1
H4,484,2017,030247,     15.00,     15.00,     15.00,     15.00,0,0,0,1,1,1
H4,484,2017,030251,     15.00,     15.00,     15.00,     15.00,0,0,0,1,1,1
H4,484,2017,030252,     15.00,     15.00,     15.00,     15.00,0,0,0,1,1,1
H4,484,2017,030253,     15.00,     15.00,     15.00,     15.00,0,0,0,1,1,1
H4,484,2017,030254,     10.00,     10.00,     10.00,     10.00,0,0,0,1,1,1
H4,484,2017,030255,     15.00,     15.00,     15.00,     15.00,0,0,0,1,1,1
H4,484,2017,030256,     15.00,     15.00,     15.00,     15.00,0,0,0,1,1,1
H4,484,2017,030259,     15.00,     15.00,     15.00,     15.00,0,0,0,1,1,1
H4,484,2017,030271,     15.00,     15.00,     15.00,     15.00,0,0,0,1,1,1
H4,484,2017,030272,     15.00,     15.00,     15.00,     15.00,0,0,0,1,1,1
H4,484,2017,030273,     15.00,     15.00,     15.00,     15.00,0,0,0,1,1,1
H4,484,2017,030274,     15.00,     15.00,     15.00,     15.00,0,0,0,1,1,1
H4,484,2017,030279,     15.00,     15.00,     15.00,     15.00,0,0,0,1,1,1
H4,484,2017,030281,     15.00,     15.00,     15.00,     15.00,0,0,0,1,1,1
H4,484,2017,030282,     15.00,     15.00,     15.00,     15.00,0,0,0,1,1,1
H4,484,2017,030283,     15.00,     15.00,     15.00,     15.00,0,0,0,1,1,1
H4,484,2017,030284,     15.00,     15.00,     15.00,     15.00,0,0,0,1,1,1
H4,484,2017,030285,     15.00,     15.00,     15.00,     15.00,0,0,0,1,1,1
H4,484,2017,030289,     30.00,     15.00,     15.00,     15.00,0,0,0,2,2,2
H4,484,2017,030290,     15.00,     15.00,     15.00,     15.00,0,0,0,1,1,1
H4,484,2017,030311,     15.00,     15.00,     15.00,     15.00,0,0,0,1,1,1
H4,484,2017,030312,     15.00,     15.00,     15.00,     15.00,0,0,0,1,1,1
H4,484,2017,030313,     15.00,     15.00,     15.00,     15.00,0,0,0,1,1,1
H4,484,2017,030314,     15.00,     15.00,     15.00,     15.00,0,0,0,1,1,1
H4,484,2017,030319,     15.00,     15.00,     15.00,     15.00,0,0,0,1,1,1
H4,484,2017,030323,     15.00,     15.00,     15.00,     15.00,0,0,0,1,1,1
H4,484,2017,030324,     15.00,     15.00,     15.00,     15.00,0,0,0,1,1,1
H4,484,2017,030325,     15.00,     15.00,     15.00,     15.00,0,0,0,1,1,1
H4,484,2017,030326,     10.00,     10.00,     10.00,     10.00,0,0,0,1,1,1
H4,484,2017,030329,     15.00,     15.00,     15.00,     15.00,0,0,0,1,1,1
H4,484,2017,030331,     15.00,     15.00,     15.00,     15.00,0,0,0,1,1,1
H4,484,2017,030332,     15.00,     15.00,     15.00,     15.00,0,0,0,1,1,1
H4,484,2017,030333,     15.00,     15.00,     15.00,     15.00,0,0,0,1,1,1
H4,484,2017,030334,     15.00,     15.00,     15.00,     15.00,0,0,0,1,1,1
H4,484,2017,030339,     15.00,     15.00,     15.00,     15.00,0,0,0,1,1,1
H4,484,2017,030341,      0.00,      0.00,      0.00,      0.00,0,1,0,0,1,1
H4,484,2017,030342,      0.00,      0.00,      0.00,      0.00,0,1,0,0,1,1
H4,484,2017,030343,      0.00,      0.00,      0.00,      0.00,0,1,0,0,1,1
H4,484,2017,030344,      0.00,      0.00,      0.00,      0.00,0,1,0,0,1,1
H4,484,2017,030345,      0.00,      0.00,      0.00,      0.00,0,1,0,0,1,1
H4,484,2017,030346,      0.00,      0.00,      0.00,      0.00,0,1,0,0,1,1
H4,484,2017,030349,      0.00,      0.00,      0.00,      0.00,0,1,0,0,1,1
H4,484,2017,030351,     15.00,     15.00,     15.00,     15.00,0,0,0,1,1,1
H4,484,2017,030353,     15.00,     15.00,     15.00,     15.00,0,0,0,1,1,1
H4,484,2017,030354,     15.00,     15.00,     15.00,     15.00,0,0,0,1,1,1
H4,484,2017,030355,     15.00,     15.00,     15.00,     15.00,0,0,0,1,1,1
H4,484,2017,030356,     15.00,     15.00,     15.00,     15.00,0,0,0,1,1,1
H4,484,2017,030357,     15.00,     15.00,     15.00,     15.00,0,0,0,1,1,1
H4,484,2017,030363,     15.00,     15.00,     15.00,     15.00,0,0,0,1,1,1
H4,484,2017,030364,     15.00,     15.00,     15.00,     15.00,0,0,0,1,1,1
H4,484,2017,030365,     15.00,     15.00,     15.00,     15.00,0,0,0,1,1,1
H4,484,2017,030366,     10.00,     10.00,     10.00,     10.00,0,0,0,1,1,1
H4,484,2017,030367,     15.00,     15.00,     15.00,     15.00,0,0,0,1,1,1
H4,484,2017,030368,     15.00,     15.00,     15.00,     15.00,0,0,0,1,1,1
H4,484,2017,030369,     15.00,     15.00,     15.00,     15.00,0,0,0,1,1,1
H4,484,2017,030381,     15.00,     15.00,     15.00,     15.00,0,0,0,1,1,1
H4,484,2017,030382,     15.00,     15.00,     15.00,     15.00,0,0,0,1,1,1
H4,484,2017,030383,     15.00,     15.00,     15.00,     15.00,0,0,0,1,1,1
H4,484,2017,030384,     15.00,     15.00,     15.00,     15.00,0,0,0,1,1,1
H4,484,2017,030389,     30.00,     15.00,     15.00,     15.00,0,0,0,2,2,2
H4,484,2017,030390,     15.00,     15.00,     15.00,     15.00,0,0,0,1,1,1
H4,484,2017,030431,     15.00,     15.00,     15.00,     15.00,0,0,0,1,1,1
H4,484,2017,030432,     15.00,     15.00,     15.00,     15.00,0,0,0,1,1,1
H4,484,2017,030433,     15.00,     15.00,     15.00,     15.00,0,0,0,1,1,1
H4,484,2017,030439,     15.00,     15.00,     15.00,     15.00,0,0,0,1,1,1
H4,484,2017,030441,     15.00,     15.00,     15.00,     15.00,0,0,0,1,1,1
H4,484,2017,030442,     15.00,     15.00,     15.00,     15.00,0,0,0,1,1,1
H4,484,2017,030443,     15.00,     15.00,     15.00,     15.00,0,0,0,1,1,1
H4,484,2017,030444,     15.00,     15.00,     15.00,     15.00,0,0,0,1,1,1
H4,484,2017,030445,     15.00,     15.00,     15.00,     15.00,0,0,0,1,1,1
H4,484,2017,030446,     15.00,     15.00,     15.00,     15.00,0,0,0,1,1,1
H4,484,2017,030449,     15.00,     15.00,     15.00,     15.00,0,0,0,1,1,1
H4,484,2017,030451,     15.00,     15.00,     15.00,     15.00,0,0,0,1,1,1
H4,484,2017,030452,     15.00,     15.00,     15.00,     15.00,0,0,0,1,1,1
H4,484,2017,030453,     15.00,     15.00,     15.00,     15.00,0,0,0,1,1,1
H4,484,2017,030454,     15.00,     15.00,     15.00,     15.00,0,0,0,1,1,1
H4,484,2017,030455,     15.00,     15.00,     15.00,     15.00,0,0,0,1,1,1
H4,484,2017,030459,     15.00,     15.00,     15.00,     15.00,0,0,0,1,1,1
H4,484,2017,030461,     15.00,     15.00,     15.00,     15.00,0,0,0,1,1,1
H4,484,2017,030462,     15.00,     15.00,     15.00,     15.00,0,0,0,1,1,1
H4,484,2017,030463,     15.00,     15.00,     15.00,     15.00,0,0,0,1,1,1
H4,484,2017,030469,     15.00,     15.00,     15.00,     15.00,0,0,0,1,1,1
H4,484,2017,030471,     15.00,     15.00,     15.00,     15.00,0,0,0,1,1,1
H4,484,2017,030472,     15.00,     15.00,     15.00,     15.00,0,0,0,1,1,1
H4,484,2017,030473,     15.00,     15.00,     15.00,     15.00,0,0,0,1,1,1
H4,484,2017,030474,     15.00,     15.00,     15.00,     15.00,0,0,0,1,1,1
H4,484,2017,030475,     15.00,     15.00,     15.00,     15.00,0,0,0,1,1,1
H4,484,2017,030479,     15.00,     15.00,     15.00,     15.00,0,0,0,1,1,1
H4,484,2017,030481,     15.00,     15.00,     15.00,     15.00,0,0,0,1,1,1
H4,484,2017,030482,     15.00,     15.00,     15.00,     15.00,0,0,0,1,1,1
H4,484,2017,030483,     15.00,     15.00,     15.00,     15.00,0,0,0,1,1,1
H4,484,2017,030484,     15.00,     15.00,     15.00,     15.00,0,0,0,1,1,1
H4,484,2017,030485,     15.00,     15.00,     15.00,     15.00,0,0,0,1,1,1
H4,484,2017,030486,     15.00,     15.00,     15.00,     15.00,0,0,0,1,1,1
H4,484,2017,030487,     15.00,     15.00,     15.00,     15.00,0,0,0,1,1,1
H4,484,2017,030489,     15.00,     15.00,     15.00,     15.00,0,0,0,1,1,1
H4,484,2017,030491,     15.00,     15.00,     15.00,     15.00,0,0,0,1,1,1
H4,484,2017,030492,     15.00,     15.00,     15.00,     15.00,0,0,0,1,1,1
H4,484,2017,030493,     15.00,     15.00,     15.00,     15.00,0,0,0,1,1,1
H4,484,2017,030494,     15.00,     15.00,     15.00,     15.00,0,0,0,1,1,1
H4,484,2017,030495,     15.00,     15.00,     15.00,     15.00,0,0,0,1,1,1
H4,484,2017,030499,     15.00,     15.00,     15.00,     15.00,0,0,0,1,1,1
H4,484,2017,030510,     15.00,     15.00,     15.00,     15.00,0,0,0,1,1,1
H4,484,2017,030520,     15.00,     15.00,     15.00,     15.00,0,0,0,1,1,1
H4,484,2017,030531,     15.00,     15.00,     15.00,     15.00,0,0,0,1,1,1
H4,484,2017,030532,     15.00,     15.00,     15.00,     15.00,0,0,0,1,1,1
H4,484,2017,030539,     15.00,     15.00,     15.00,     15.00,0,0,0,1,1,1
H4,484,2017,030541,     15.00,     15.00,     15.00,     15.00,0,0,0,1,1,1
H4,484,2017,030542,     15.00,     15.00,     15.00,     15.00,0,0,0,1,1,1
H4,484,2017,030543,     15.00,     15.00,     15.00,     15.00,0,0,0,1,1,1
H4,484,2017,030544,     15.00,     15.00,     15.00,     15.00,0,0,0,1,1,1
H4,484,2017,030549,     30.00,     15.00,     15.00,     15.00,0,0,0,2,2,2
H4,484,2017,030551,     30.00,     15.00,     15.00,     15.00,0,0,0,2,2,2
H4,484,2017,030559,     30.00,     15.00,     15.00,     15.00,0,0,0,2,2,2
H4,484,2017,030561,     15.00,     15.00,     15.00,     15.00,0,0,0,1,1,1
H4,484,2017,030562,     15.00,     15.00,     15.00,     15.00,0,0,0,1,1,1
H4,484,2017,030563,     15.00,     15.00,     15.00,     15.00,0,0,0,1,1,1
H4,484,2017,030564,     15.00,     15.00,     15.00,     15.00,0,0,0,1,1,1
H4,484,2017,030569,     15.00,     15.00,     15.00,     15.00,0,0,0,1,1,1
H4,484,2017,030571,     15.00,     15.00,     15.00,     15.00,0,0,0,1,1,1
H4,484,2017,030572,     15.00,     15.00,     15.00,     15.00,0,0,0,1,1,1
H4,484,2017,030579,     15.00,     15.00,     15.00,     15.00,0,0,0,1,1,1
H4,484,2017,030611,     15.00,     15.00,     15.00,     15.00,0,0,0,1,1,1
H4,484,2017,030612,     15.00,     15.00,     15.00,     15.00,0,0,0,1,1,1
H4,484,2017,030614,     15.00,     15.00,     15.00,     15.00,0,0,0,1,1,1
H4,484,2017,030615,     15.00,     15.00,     15.00,     15.00,0,0,0,1,1,1
H4,484,2017,030616,     15.00,     15.00,     15.00,     15.00,0,0,0,1,1,1
H4,484,2017,030617,     15.00,     15.00,     15.00,     15.00,0,0,0,1,1,1
H4,484,2017,030619,     15.00,     15.00,     15.00,     15.00,0,0,0,1,1,1
H4,484,2017,030621,     15.00,     15.00,     15.00,     15.00,0,0,0,1,1,1
H4,484,2017,030622,     15.00,     15.00,     15.00,     15.00,0,0,0,1,1,1
H4,484,2017,030624,     15.00,     15.00,     15.00,     15.00,0,0,0,1,1,1
H4,484,2017,030625,     15.00,     15.00,     15.00,     15.00,0,0,0,1,1,1
H4,484,2017,030626,     15.00,      0.00,     15.00,      7.50,0,1,0,1,2,2
H4,484,2017,030627,     15.00,      0.00,     15.00,      7.50,0,1,0,1,2,2
H4,484,2017,030629,     15.00,     15.00,     15.00,     15.00,0,0,0,1,1,1
H4,484,2017,030711,     15.00,     15.00,     15.00,     15.00,0,0,0,1,1,1
H4,484,2017,030719,     15.00,     15.00,     15.00,     15.00,0,0,0,1,1,1
H4,484,2017,030721,     15.00,     15.00,     15.00,     15.00,0,0,0,1,1,1
H4,484,2017,030729,     15.00,     15.00,     15.00,     15.00,0,0,0,1,1,1
H4,484,2017,030731,     15.00,     15.00,     15.00,     15.00,0,0,0,1,1,1
H4,484,2017,030739,     15.00,     15.00,     15.00,     15.00,0,0,0,1,1,1
H4,484,2017,030741,     30.00,     15.00,     15.00,     15.00,0,0,0,2,2,2
H4,484,2017,030749,     30.00,     15.00,     15.00,     15.00,0,0,0,2,2,2
H4,484,2017,030751,     15.00,     15.00,     15.00,     15.00,0,0,0,1,1,1
H4,484,2017,030759,     15.00,     15.00,     15.00,     15.00,0,0,0,1,1,1
H4,484,2017,030760,     15.00,     15.00,     15.00,     15.00,0,0,0,1,1,1
H4,484,2017,030771,     15.00,     15.00,     15.00,     15.00,0,0,0,1,1,1
H4,484,2017,030779,     15.00,     15.00,     15.00,     15.00,0,0,0,1,1,1
H4,484,2017,030781,     15.00,     15.00,     15.00,     15.00,0,0,0,1,1,1
H4,484,2017,030789,     15.00,     15.00,     15.00,     15.00,0,0,0,1,1,1
H4,484,2017,030791,     15.00,     15.00,     15.00,     15.00,0,0,0,1,1,1
H4,484,2017,030799,     15.00,     15.00,     15.00,     15.00,0,0,0,1,1,1
H4,484,2017,030811,     15.00,     15.00,     15.00,     15.00,0,0,0,1,1,1
H4,484,2017,030819,     15.00,     15.00,     15.00,     15.00,0,0,0,1,1,1
H4,484,2017,030821,     15.00,     15.00,     15.00,     15.00,0,0,0,1,1,1
H4,484,2017,030829,     15.00,     15.00,     15.00,     15.00,0,0,0,1,1,1
H4,484,2017,030830,     15.00,     15.00,     15.00,     15.00,0,0,0,1,1,1
H4,484,2017,030890,     15.00,     15.00,     15.00,     15.00,0,0,0,1,1,1
H4,484,2017,040110,     20.00,     10.00,     10.00,     10.00,0,0,0,2,2,2
H4,484,2017,040120,     20.00,     10.00,     10.00,     10.00,0,0,0,2,2,2
H4,484,2017,040140,     20.00,     10.00,     10.00,     10.00,0,0,0,2,2,2
H4,484,2017,040150,     20.00,     10.00,     10.00,     10.00,0,0,0,2,2,2
H4,484,2017,040210,     45.00,     45.00,     45.00,     45.00,1,0,0,1,1,2
H4,484,2017,040221,     55.00,     10.00,     45.00,     27.50,0,0,0,2,2,2
H4,484,2017,040229,,,,,1,0,0,0,0,1
H4,484,2017,040291,     65.00,     20.00,     45.00,     32.50,0,0,0,2,2,2
H4,484,2017,040299,,,,,2,0,0,0,0,2
H4,484,2017,040310,     20.00,     20.00,     20.00,     20.00,0,0,0,1,1,1
H4,484,2017,040390,     20.00,     20.00,     20.00,     20.00,0,0,0,1,1,1
H4,484,2017,040410,     10.00,     10.00,     10.00,     10.00,1,0,0,1,1,2
H4,484,2017,040490,     20.00,     20.00,     20.00,     20.00,0,0,0,1,1,1
H4,484,2017,040510,     40.00,     20.00,     20.00,     20.00,0,0,0,2,2,2
H4,484,2017,040520,,,,,1,0,0,0,0,1
H4,484,2017,040590,     20.00,      0.00,     20.00,     10.00,0,1,0,1,2,2
H4,484,2017,040610,     45.00,     45.00,     45.00,     45.00,0,0,0,1,1,1
H4,484,2017,040620,     20.00,     20.00,     20.00,     20.00,0,0,0,1,1,1
H4,484,2017,040630,     90.00,     45.00,     45.00,     45.00,0,0,0,2,2,2
H4,484,2017,040640,     20.00,     20.00,     20.00,     20.00,0,0,0,1,1,1
H4,484,2017,040690,    220.00,      0.00,     45.00,     31.43,0,1,0,6,7,7
H4,484,2017,040711,      0.00,      0.00,      0.00,      0.00,0,1,0,0,1,1
H4,484,2017,040719,      0.00,      0.00,      0.00,      0.00,0,1,0,0,1,1
H4,484,2017,040721,      0.00,      0.00,      0.00,      0.00,0,2,0,0,2,2
H4,484,2017,040729,     65.00,     20.00,     45.00,     32.50,0,0,0,2,2,2
H4,484,2017,040790,     40.00,     20.00,     20.00,     20.00,0,0,0,2,2,2
H4,484,2017,040811,      0.00,      0.00,      0.00,      0.00,0,1,0,0,1,1
H4,484,2017,040819,      0.00,      0.00,      0.00,      0.00,0,1,0,0,1,1
H4,484,2017,040891,      0.00,      0.00,      0.00,      0.00,0,2,0,0,2,2
H4,484,2017,040899,     20.00,      0.00,     20.00,      6.67,0,2,0,1,3,3
H4,484,2017,040900,     20.00,     20.00,     20.00,     20.00,0,0,0,1,1,1
H4,484,2017,041000,     40.00,     20.00,     20.00,     20.00,0,0,0,2,2,2
H4,484,2017,050100,     20.00,     20.00,     20.00,     20.00,0,0,0,1,1,1
H4,484,2017,050210,      0.00,      0.00,      0.00,      0.00,0,1,0,0,1,1
H4,484,2017,050290,     10.00,     10.00,     10.00,     10.00,0,0,0,1,1,1
H4,484,2017,050400,     10.00,     10.00,     10.00,     10.00,0,0,0,1,1,1
H4,484,2017,050510,     10.00,     10.00,     10.00,     10.00,0,0,0,1,1,1
H4,484,2017,050590,     10.00,     10.00,     10.00,     10.00,0,0,0,1,1,1
H4,484,2017,050610,     10.00,     10.00,     10.00,     10.00,0,0,0,1,1,1
H4,484,2017,050690,     10.00,     10.00,     10.00,     10.00,0,0,0,1,1,1
H4,484,2017,050710,     10.00,     10.00,     10.00,     10.00,0,0,0,1,1,1
H4,484,2017,050790,     20.00,     10.00,     10.00,     10.00,0,0,0,2,2,2
H4,484,2017,050800,     20.00,     10.00,     10.00,     10.00,0,0,0,2,2,2
H4,484,2017,051000,     40.00,     10.00,     10.00,     10.00,0,0,0,4,4,4
H4,484,2017,051110,      0.00,      0.00,      0.00,      0.00,0,1,0,0,1,1
H4,484,2017,051191,     40.00,      0.00,     20.00,     13.33,0,1,0,2,3,3
H4,484,2017,051199,     60.00,      0.00,     20.00,      6.67,0,4,0,5,9,9
H4,484,2017,060110,      0.00,      0.00,      0.00,      0.00,0,9,0,0,9,9
H4,484,2017,060120,    100.00,     10.00,     10.00,     10.00,0,0,0,10,10,10
H4,484,2017,060210,      0.00,      0.00,      0.00,      0.00,0,7,0,0,7,7
H4,484,2017,060220,     40.00,     10.00,     10.00,     10.00,0,0,0,4,4,4
H4,484,2017,060230,     10.00,     10.00,     10.00,     10.00,0,0,0,1,1,1
H4,484,2017,060240,     10.00,      0.00,     10.00,      5.00,0,1,0,1,2,2
H4,484,2017,060290,    120.00,      0.00,     10.00,      8.57,0,2,0,12,14,14
H4,484,2017,060311,     20.00,     20.00,     20.00,     20.00,0,0,0,1,1,1
H4,484,2017,060312,     20.00,     20.00,     20.00,     20.00,0,0,0,1,1,1
H4,484,2017,060313,     20.00,     20.00,     20.00,     20.00,0,0,0,1,1,1
H4,484,2017,060314,     40.00,     20.00,     20.00,     20.00,0,0,0,2,2,2
H4,484,2017,060315,     20.00,     20.00,     20.00,     20.00,0,0,0,1,1,1
H4,484,2017,060319,    180.00,     20.00,     20.00,     20.00,0,0,0,9,9,9
H4,484,2017,060390,     20.00,     20.00,     20.00,     20.00,0,0,0,1,1,1
H4,484,2017,060420,     60.00,      0.00,     20.00,     15.00,0,1,0,3,4,4
H4,484,2017,060490,     80.00,      0.00,     20.00,     16.00,0,1,0,4,5,5
H4,484,2017,070110,      0.00,      0.00,      0.00,      0.00,0,1,0,0,1,1
H4,484,2017,070190,     75.00,     75.00,     75.00,     75.00,0,0,0,1,1,1
H4,484,2017,070200,     30.00,     10.00,     10.00,     10.00,0,0,0,3,3,3
H4,484,2017,070310,     20.00,     10.00,     10.00,     10.00,0,0,0,2,2,2
H4,484,2017,070320,     20.00,     10.00,     10.00,     10.00,0,0,0,2,2,2
H4,484,2017,070390,     10.00,     10.00,     10.00,     10.00,0,0,0,1,1,1
H4,484,2017,070410,     30.00,     10.00,     10.00,     10.00,0,0,0,3,3,3
H4,484,2017,070420,     10.00,     10.00,     10.00,     10.00,0,0,0,1,1,1
H4,484,2017,070490,     20.00,     10.00,     10.00,     10.00,0,0,0,2,2,2
H4,484,2017,070511,     10.00,     10.00,     10.00,     10.00,0,0,0,1,1,1
H4,484,2017,070519,     10.00,     10.00,     10.00,     10.00,0,0,0,1,1,1
H4,484,2017,070521,     10.00,     10.00,     10.00,     10.00,0,0,0,1,1,1
H4,484,2017,070529,     10.00,     10.00,     10.00,     10.00,0,0,0,1,1,1
H4,484,2017,070610,     10.00,     10.00,     10.00,     10.00,0,0,0,1,1,1
H4,484,2017,070690,     10.00,     10.00,     10.00,     10.00,0,0,0,1,1,1
H4,484,2017,070700,     10.00,     10.00,     10.00,     10.00,0,0,0,1,1,1
H4,484,2017,070810,     10.00,     10.00,     10.00,     10.00,0,0,0,1,1,1
H4,484,2017,070820,     10.00,     10.00,     10.00,     10.00,0,0,0,1,1,1
H4,484,2017,070890,     10.00,     10.00,     10.00,     10.00,0,0,0,1,1,1
H4,484,2017,070920,     20.00,     10.00,     10.00,     10.00,0,0,0,2,2,2
H4,484,2017,070930,     10.00,     10.00,     10.00,     10.00,0,0,0,1,1,1
H4,484,2017,070940,     20.00,     10.00,     10.00,     10.00,0,0,0,2,2,2
H4,484,2017,070951,     10.00,     10.00,     10.00,     10.00,0,0,0,1,1,1
H4,484,2017,070959,     20.00,     10.00,     10.00,     10.00,0,0,0,2,2,2
H4,484,2017,070960,     20.00,     10.00,     10.00,     10.00,0,0,0,2,2,2
H4,484,2017,070970,     10.00,     10.00,     10.00,     10.00,0,0,0,1,1,1
H4,484,2017,070991,     10.00,     10.00,     10.00,     10.00,0,0,0,1,1,1
H4,484,2017,070992,     10.00,     10.00,     10.00,     10.00,0,0,0,1,1,1
H4,484,2017,070993,     10.00,     10.00,     10.00,     10.00,0,0,0,1,1,1
H4,484,2017,070999,     20.00,     10.00,     10.00,     10.00,0,0,0,2,2,2
H4,484,2017,071010,     15.00,     15.00,     15.00,     15.00,0,0,0,1,1,1
H4,484,2017,071021,     15.00,     15.00,     15.00,     15.00,0,0,0,1,1,1
H4,484,2017,071022,     15.00,     15.00,     15.00,     15.00,0,0,0,1,1,1
H4,484,2017,071029,     15.00,     15.00,     15.00,     15.00,0,0,0,1,1,1
H4,484,2017,071030,     15.00,     15.00,     15.00,     15.00,0,0,0,1,1,1
H4,484,2017,071040,     15.00,     15.00,     15.00,     15.00,0,0,0,1,1,1
H4,484,2017,071080,     80.00,     15.00,     20.00,     16.00,0,0,0,5,5,5
H4,484,2017,071090,     30.00,     15.00,     15.00,     15.00,0,0,0,2,2,2
H4,484,2017,071120,     15.00,     15.00,     15.00,     15.00,0,0,0,1,1,1
H4,484,2017,071140,     15.00,     15.00,     15.00,     15.00,0,0,0,1,1,1
H4,484,2017,071151,     15.00,     15.00,     15.00,     15.00,0,0,0,1,1,1
H4,484,2017,071159,     15.00,     15.00,     15.00,     15.00,0,0,0,1,1,1
H4,484,2017,071190,     55.00,     10.00,     15.00,     13.75,0,0,0,4,4,4
H4,484,2017,071220,     20.00,     20.00,     20.00,     20.00,0,0,0,1,1,1
H4,484,2017,071231,     20.00,     20.00,     20.00,     20.00,0,0,0,1,1,1
H4,484,2017,071232,     20.00,     20.00,     20.00,     20.00,0,0,0,1,1,1
H4,484,2017,071233,     20.00,     20.00,     20.00,     20.00,0,0,0,1,1,1
H4,484,2017,071239,     20.00,     20.00,     20.00,     20.00,0,0,0,1,1,1
H4,484,2017,071290,     75.00,     15.00,     20.00,     18.75,0,0,0,4,4,4
H4,484,2017,071310,     10.00,      0.00,     10.00,      5.00,0,1,0,1,2,2
H4,484,2017,071320,     10.00,     10.00,     10.00,     10.00,0,0,0,1,1,1
H4,484,2017,071331,     10.00,     10.00,     10.00,     10.00,0,0,0,1,1,1
H4,484,2017,071332,     10.00,     10.00,     10.00,     10.00,0,0,0,1,1,1
H4,484,2017,071333,    135.00,      0.00,     45.00,     33.75,0,1,0,3,4,4
H4,484,2017,071334,     10.00,     10.00,     10.00,     10.00,0,0,0,1,1,1
H4,484,2017,071335,     10.00,     10.00,     10.00,     10.00,0,0,0,1,1,1
H4,484,2017,071339,     10.00,     10.00,     10.00,     10.00,0,0,0,1,1,1
H4,484,2017,071340,     10.00,     10.00,     10.00,     10.00,0,0,0,1,1,1
H4,484,2017,071350,     10.00,     10.00,     10.00,     10.00,0,0,0,1,1,1
H4,484,2017,071360,     10.00,     10.00,     10.00,     10.00,0,0,0,1,1,1
H4,484,2017,071390,     10.00,     10.00,     10.00,     10.00,0,0,0,1,1,1
H4,484,2017,071410,     30.00,     10.00,     20.00,     15.00,0,0,0,2,2,2
H4,484,2017,071420,     30.00,     10.00,     20.00,     15.00,0,0,0,2,2,2
H4,484,2017,071430,     30.00,     10.00,     20.00,     15.00,0,0,0,2,2,2
H4,484,2017,071440,     30.00,     10.00,     20.00,     15.00,0,0,0,2,2,2
H4,484,2017,071450,     30.00,     10.00,     20.00,     15.00,0,0,0,2,2,2
H4,484,2017,071490,     40.00,     10.00,     20.00,     13.33,0,0,0,3,3,3
H4,484,2017,080111,     20.00,     20.00,     20.00,     20.00,0,0,0,1,1,1
H4,484,2017,080112,     20.00,     20.00,     20.00,     20.00,0,0,0,1,1,1
H4,484,2017,080119,     20.00,     20.00,     20.00,     20.00,0,0,0,1,1,1
H4,484,2017,080121,     20.00,     20.00,     20.00,     20.00,0,0,0,1,1,1
H4,484,2017,080122,     20.00,     20.00,     20.00,     20.00,0,0,0,1,1,1
H4,484,2017,080131,     20.00,     20.00,     20.00,     20.00,0,0,0,1,1,1
H4,484,2017,080132,     20.00,     20.00,     20.00,     20.00,0,0,0,1,1,1
H4,484,2017,080211,     15.00,     15.00,     15.00,     15.00,0,0,0,1,1,1
H4,484,2017,080212,     20.00,     20.00,     20.00,     20.00,0,0,0,1,1,1
H4,484,2017,080221,      0.00,      0.00,      0.00,      0.00,0,1,0,0,1,1
H4,484,2017,080222,      0.00,      0.00,      0.00,      0.00,0,1,0,0,1,1
H4,484,2017,080231,     20.00,     20.00,     20.00,     20.00,0,0,0,1,1,1
H4,484,2017,080232,     20.00,     20.00,     20.00,     20.00,0,0,0,1,1,1
H4,484,2017,080241,     20.00,     20.00,     20.00,     20.00,0,0,0,1,1,1
H4,484,2017,080242,     20.00,     20.00,     20.00,     20.00,0,0,0,1,1,1
H4,484,2017,080251,     20.00,     20.00,     20.00,     20.00,0,0,0,1,1,1
H4,484,2017,080252,     20.00,     20.00,     20.00,     20.00,0,0,0,1,1,1
H4,484,2017,080261,     20.00,     20.00,     20.00,     20.00,0,0,0,1,1,1
H4,484,2017,080262,     20.00,     20.00,     20.00,     20.00,0,0,0,1,1,1
H4,484,2017,080270,     20.00,     20.00,     20.00,     20.00,0,0,0,1,1,1
H4,484,2017,080280,     20.00,     20.00,     20.00,     20.00,0,0,0,1,1,1
H4,484,2017,080290,     40.00,     20.00,     20.00,     20.00,0,0,0,2,2,2
H4,484,2017,080310,     20.00,     20.00,     20.00,     20.00,0,0,0,1,1,1
H4,484,2017,080390,     20.00,     20.00,     20.00,     20.00,0,0,0,1,1,1
H4,484,2017,080410,     40.00,     20.00,     20.00,     20.00,0,0,0,2,2,2
H4,484,2017,080420,     40.00,     20.00,     20.00,     20.00,0,0,0,2,2,2
H4,484,2017,080430,     20.00,     20.00,     20.00,     20.00,0,0,0,1,1,1
H4,484,2017,080440,     20.00,     20.00,     20.00,     20.00,0,0,0,1,1,1
H4,484,2017,080450,     60.00,     20.00,     20.00,     20.00,0,0,0,3,3,3
H4,484,2017,080510,     20.00,     20.00,     20.00,     20.00,0,0,0,1,1,1
H4,484,2017,080520,     20.00,     20.00,     20.00,     20.00,0,0,0,1,1,1
H4,484,2017,080540,     20.00,     20.00,     20.00,     20.00,0,0,0,1,1,1
H4,484,2017,080550,     60.00,     20.00,     20.00,     20.00,0,0,0,3,3,3
H4,484,2017,080590,     20.00,     20.00,     20.00,     20.00,0,0,0,1,1,1
H4,484,2017,080610,     15.00,     15.00,     15.00,     15.00,0,0,0,1,1,1
H4,484,2017,080620,     20.00,     20.00,     20.00,     20.00,0,0,0,1,1,1
H4,484,2017,080711,     20.00,     20.00,     20.00,     20.00,0,0,0,1,1,1
H4,484,2017,080719,     40.00,     20.00,     20.00,     20.00,0,0,0,2,2,2
H4,484,2017,080720,     20.00,     20.00,     20.00,     20.00,0,0,0,1,1,1
H4,484,2017,080810,     20.00,     20.00,     20.00,     20.00,0,0,0,1,1,1
H4,484,2017,080830,     20.00,     20.00,     20.00,     20.00,0,0,0,1,1,1
H4,484,2017,080840,     20.00,     20.00,     20.00,     20.00,0,0,0,1,1,1
H4,484,2017,080910,     20.00,     20.00,     20.00,     20.00,0,0,0,1,1,1
H4,484,2017,080921,     20.00,     20.00,     20.00,     20.00,0,0,0,1,1,1
H4,484,2017,080929,     20.00,     20.00,     20.00,     20.00,0,0,0,1,1,1
H4,484,2017,080930,     40.00,     20.00,     20.00,     20.00,0,0,0,2,2,2
H4,484,2017,080940,     20.00,     20.00,     20.00,     20.00,0,0,0,1,1,1
H4,484,2017,081010,     20.00,     20.00,     20.00,     20.00,0,0,0,1,1,1
H4,484,2017,081020,     20.00,     20.00,     20.00,     20.00,0,0,0,1,1,1
H4,484,2017,081030,     20.00,     20.00,     20.00,     20.00,0,0,0,1,1,1
H4,484,2017,081040,     20.00,     20.00,     20.00,     20.00,0,0,0,1,1,1
H4,484,2017,081050,      0.00,      0.00,      0.00,      0.00,0,1,0,0,1,1
H4,484,2017,081060,     20.00,     20.00,     20.00,     20.00,0,0,0,1,1,1
H4,484,2017,081070,     20.00,     20.00,     20.00,     20.00,0,0,0,1,1,1
H4,484,2017,081090,     20.00,     20.00,     20.00,     20.00,0,0,0,1,1,1
H4,484,2017,081110,,,,,1,0,0,0,0,1
H4,484,2017,081120,,,,,1,0,0,0,0,1
H4,484,2017,081190,,,,,1,0,0,0,0,1
H4,484,2017,081210,      0.00,      0.00,      0.00,      0.00,0,1,0,0,1,1
H4,484,2017,081290,     60.00,     20.00,     20.00,     20.00,0,0,0,3,3,3
H4,484,2017,081310,     40.00,     20.00,     20.00,     20.00,0,0,0,2,2,2
H4,484,2017,081320,     40.00,     20.00,     20.00,     20.00,0,0,0,2,2,2
H4,484,2017,081330,     20.00,     20.00,     20.00,     20.00,0,0,0,1,1,1
H4,484,2017,081340,     80.00,     20.00,     20.00,     20.00,0,0,0,4,4,4
H4,484,2017,081350,     20.00,     20.00,     20.00,     20.00,0,0,0,1,1,1
H4,484,2017,081400,     15.00,     15.00,     15.00,     15.00,0,0,0,1,1,1
H4,484,2017,090111,     40.00,     20.00,     20.00,     20.00,0,0,0,2,2,2
H4,484,2017,090112,     20.00,     20.00,     20.00,     20.00,0,0,0,1,1,1
H4,484,2017,090121,     45.00,     45.00,     45.00,     45.00,0,0,0,1,1,1
H4,484,2017,090122,     45.00,     45.00,     45.00,     45.00,0,0,0,1,1,1
H4,484,2017,090190,     90.00,     45.00,     45.00,     45.00,0,0,0,2,2,2
H4,484,2017,090210,     20.00,     20.00,     20.00,     20.00,0,0,0,1,1,1
H4,484,2017,090220,     20.00,     20.00,     20.00,     20.00,0,0,0,1,1,1
H4,484,2017,090230,     20.00,     20.00,     20.00,     20.00,0,0,0,1,1,1
H4,484,2017,090240,     20.00,     20.00,     20.00,     20.00,0,0,0,1,1,1
H4,484,2017,090300,     20.00,     20.00,     20.00,     20.00,0,0,0,1,1,1
H4,484,2017,090411,     20.00,     20.00,     20.00,     20.00,0,0,0,1,1,1
H4,484,2017,090412,     20.00,     20.00,     20.00,     20.00,0,0,0,1,1,1
H4,484,2017,090421,     40.00,     20.00,     20.00,     20.00,0,0,0,2,2,2
H4,484,2017,090422,     40.00,     20.00,     20.00,     20.00,0,0,0,2,2,2
H4,484,2017,090510,     20.00,     20.00,     20.00,     20.00,0,0,0,1,1,1
H4,484,2017,090520,     20.00,     20.00,     20.00,     20.00,0,0,0,1,1,1
H4,484,2017,090611,      0.00,      0.00,      0.00,      0.00,0,1,0,0,1,1
H4,484,2017,090619,      0.00,      0.00,      0.00,      0.00,0,1,0,0,1,1
H4,484,2017,090620,     10.00,     10.00,     10.00,     10.00,0,0,0,1,1,1
H4,484,2017,090710,     10.00,     10.00,     10.00,     10.00,0,0,0,1,1,1
H4,484,2017,090720,     10.00,     10.00,     10.00,     10.00,0,0,0,1,1,1
H4,484,2017,090811,     20.00,     20.00,     20.00,     20.00,0,0,0,1,1,1
H4,484,2017,090812,     20.00,     20.00,     20.00,     20.00,0,0,0,1,1,1
H4,484,2017,090821,     20.00,     20.00,     20.00,     20.00,0,0,0,1,1,1
H4,484,2017,090822,     20.00,     20.00,     20.00,     20.00,0,0,0,1,1,1
H4,484,2017,090831,     20.00,     20.00,     20.00,     20.00,0,0,0,1,1,1
H4,484,2017,090832,     20.00,     20.00,     20.00,     20.00,0,0,0,1,1,1
H4,484,2017,090921,     10.00,     10.00,     10.00,     10.00,0,0,0,1,1,1
H4,484,2017,090922,     10.00,     10.00,     10.00,     10.00,0,0,0,1,1,1
H4,484,2017,090931,     10.00,     10.00,     10.00,     10.00,0,0,0,1,1,1
H4,484,2017,090932,     10.00,     10.00,     10.00,     10.00,0,0,0,1,1,1
H4,484,2017,090961,     45.00,     10.00,     20.00,     15.00,0,0,0,3,3,3
H4,484,2017,090962,     45.00,     10.00,     20.00,     15.00,0,0,0,3,3,3
H4,484,2017,091011,     10.00,     10.00,     10.00,     10.00,0,0,0,1,1,1
H4,484,2017,091012,     10.00,     10.00,     10.00,     10.00,0,0,0,1,1,1
H4,484,2017,091020,     10.00,     10.00,     10.00,     10.00,0,0,0,1,1,1
H4,484,2017,091030,     20.00,     20.00,     20.00,     20.00,0,0,0,1,1,1
H4,484,2017,091091,     20.00,     20.00,     20.00,     20.00,0,0,0,1,1,1
H4,484,2017,091099,     60.00,     20.00,     20.00,     20.00,0,0,0,3,3,3
H4,484,2017,100111,     15.00,     15.00,     15.00,     15.00,0,0,0,1,1,1
H4,484,2017,100119,     15.00,     15.00,     15.00,     15.00,0,0,0,1,1,1
H4,484,2017,100191,     15.00,      0.00,     15.00,      7.50,0,1,0,1,2,2
H4,484,2017,100199,     15.00,      0.00,     15.00,      7.50,0,1,0,1,2,2
H4,484,2017,100210,      0.00,      0.00,      0.00,      0.00,0,1,0,0,1,1
H4,484,2017,100290,      0.00,      0.00,      0.00,      0.00,0,1,0,0,1,1
H4,484,2017,100310,      0.00,      0.00,      0.00,      0.00,0,1,0,0,1,1
H4,484,2017,100390,      0.00,      0.00,      0.00,      0.00,0,2,0,0,2,2
H4,484,2017,100410,      0.00,      0.00,      0.00,      0.00,0,1,0,0,1,1
H4,484,2017,100490,      0.00,      0.00,      0.00,      0.00,0,1,0,0,1,1
H4,484,2017,100510,      0.00,      0.00,      0.00,      0.00,0,1,0,0,1,1
H4,484,2017,100590,     20.00,      0.00,     20.00,      4.00,0,4,0,1,5,5
H4,484,2017,100610,      9.00,      9.00,      9.00,      9.00,0,0,0,1,1,1
H4,484,2017,100620,     20.00,     20.00,     20.00,     20.00,0,0,0,1,1,1
H4,484,2017,100630,     40.00,     20.00,     20.00,     20.00,0,0,0,2,2,2
H4,484,2017,100640,     20.00,     20.00,     20.00,     20.00,0,0,0,1,1,1
H4,484,2017,100710,      0.00,      0.00,      0.00,      0.00,0,1,0,0,1,1
H4,484,2017,100790,     15.00,      0.00,     15.00,      7.50,0,1,0,1,2,2
H4,484,2017,100810,      0.00,      0.00,      0.00,      0.00,0,1,0,0,1,1
H4,484,2017,100821,     15.00,     15.00,     15.00,     15.00,0,0,0,1,1,1
H4,484,2017,100829,     15.00,     15.00,     15.00,     15.00,0,0,0,1,1,1
H4,484,2017,100830,      0.00,      0.00,      0.00,      0.00,0,1,0,0,1,1
H4,484,2017,100840,      0.00,      0.00,      0.00,      0.00,0,1,0,0,1,1
H4,484,2017,100850,      0.00,      0.00,      0.00,      0.00,0,1,0,0,1,1
H4,484,2017,100860,      0.00,      0.00,      0.00,      0.00,0,1,0,0,1,1
H4,484,2017,100890,      0.00,      0.00,      0.00,      0.00,0,1,0,0,1,1
H4,484,2017,110100,     10.00,     10.00,     10.00,     10.00,0,0,0,1,1,1
H4,484,2017,110220,     10.00,     10.00,     10.00,     10.00,0,0,0,1,1,1
H4,484,2017,110290,     30.00,     10.00,     10.00,     10.00,0,0,0,3,3,3
H4,484,2017,110311,      5.00,      5.00,      5.00,      5.00,0,0,0,1,1,1
H4,484,2017,110313,      5.00,      5.00,      5.00,      5.00,0,0,0,1,1,1
H4,484,2017,110319,     15.00,      5.00,      5.00,      5.00,0,0,0,3,3,3
H4,484,2017,110320,     10.00,      5.00,      5.00,      5.00,0,0,0,2,2,2
H4,484,2017,110412,      5.00,      5.00,      5.00,      5.00,0,0,0,1,1,1
H4,484,2017,110419,     10.00,      5.00,      5.00,      5.00,0,0,0,2,2,2
H4,484,2017,110422,      5.00,      5.00,      5.00,      5.00,0,0,0,1,1,1
H4,484,2017,110423,      0.00,      0.00,      0.00,      0.00,0,1,0,0,1,1
H4,484,2017,110429,     10.00,      5.00,      5.00,      5.00,0,0,0,2,2,2
H4,484,2017,110430,      5.00,      5.00,      5.00,      5.00,0,0,0,1,1,1
H4,484,2017,110510,     10.00,     10.00,     10.00,     10.00,0,0,0,1,1,1
H4,484,2017,110520,     10.00,     10.00,     10.00,     10.00,0,0,0,1,1,1
H4,484,2017,110610,     10.00,     10.00,     10.00,     10.00,0,0,0,1,1,1
H4,484,2017,110620,     20.00,     10.00,     10.00,     10.00,0,0,0,2,2,2
H4,484,2017,110630,     20.00,     10.00,     10.00,     10.00,0,0,0,2,2,2
H4,484,2017,110710,      0.00,      0.00,      0.00,      0.00,0,1,0,0,1,1
H4,484,2017,110720,      0.00,      0.00,      0.00,      0.00,0,1,0,0,1,1
H4,484,2017,110811,     10.00,     10.00,     10.00,     10.00,0,0,0,1,1,1
H4,484,2017,110812,     10.00,     10.00,     10.00,     10.00,0,0,0,1,1,1
H4,484,2017,110813,     10.00,     10.00,     10.00,     10.00,0,0,0,1,1,1
H4,484,2017,110814,     10.00,     10.00,     10.00,     10.00,0,0,0,1,1,1
H4,484,2017,110819,     20.00,     10.00,     10.00,     10.00,0,0,0,2,2,2
H4,484,2017,110820,     10.00,     10.00,     10.00,     10.00,0,0,0,1,1,1
H4,484,2017,110900,     10.00,     10.00,     10.00,     10.00,0,0,0,1,1,1
H4,484,2017,120110,      0.00,      0.00,      0.00,      0.00,0,1,0,0,1,1
H4,484,2017,120190,     15.00,      0.00,     15.00,      7.50,0,1,0,1,2,2
H4,484,2017,120230,      0.00,      0.00,      0.00,      0.00,0,1,0,0,1,1
H4,484,2017,120241,      0.00,      0.00,      0.00,      0.00,0,1,0,0,1,1
H4,484,2017,120242,      0.00,      0.00,      0.00,      0.00,0,1,0,0,1,1
H4,484,2017,120300,     45.00,     45.00,     45.00,     45.00,0,0,0,1,1,1
H4,484,2017,120400,      0.00,      0.00,      0.00,      0.00,0,1,0,0,1,1
H4,484,2017,120510,      0.00,      0.00,      0.00,      0.00,0,1,0,0,1,1
H4,484,2017,120590,      0.00,      0.00,      0.00,      0.00,0,1,0,0,1,1
H4,484,2017,120600,      0.00,      0.00,      0.00,      0.00,0,2,0,0,2,2
H4,484,2017,120710,      0.00,      0.00,      0.00,      0.00,0,1,0,0,1,1
H4,484,2017,120721,      0.00,      0.00,      0.00,      0.00,0,1,0,0,1,1
H4,484,2017,120729,      0.00,      0.00,      0.00,      0.00,0,1,0,0,1,1
H4,484,2017,120730,      0.00,      0.00,      0.00,      0.00,0,1,0,0,1,1
H4,484,2017,120740,      0.00,      0.00,      0.00,      0.00,0,1,0,0,1,1
H4,484,2017,120750,      0.00,      0.00,      0.00,      0.00,0,1,0,0,1,1
H4,484,2017,120760,     10.00,      0.00,     10.00,      3.33,0,2,0,1,3,3
H4,484,2017,120770,      0.00,      0.00,      0.00,      0.00,0,1,0,0,1,1
H4,484,2017,120791,     10.00,     10.00,     10.00,     10.00,0,0,0,1,1,1
H4,484,2017,120799,      0.00,      0.00,      0.00,      0.00,0,3,0,0,3,3
H4,484,2017,120810,     15.00,     15.00,     15.00,     15.00,0,0,0,1,1,1
H4,484,2017,120890,     45.00,     15.00,     15.00,     15.00,1,0,0,3,3,4
H4,484,2017,120910,      9.00,      9.00,      9.00,      9.00,0,0,0,1,1,1
H4,484,2017,120921,      0.00,      0.00,      0.00,      0.00,0,1,0,0,1,1
H4,484,2017,120922,      0.00,      0.00,      0.00,      0.00,0,1,0,0,1,1
H4,484,2017,120923,      0.00,      0.00,      0.00,      0.00,0,1,0,0,1,1
H4,484,2017,120924,      0.00,      0.00,      0.00,      0.00,0,1,0,0,1,1
H4,484,2017,120925,      0.00,      0.00,      0.00,      0.00,0,1,0,0,1,1
H4,484,2017,120929,      9.00,      0.00,      9.00,      1.50,0,5,0,1,6,6
H4,484,2017,120930,      0.00,      0.00,      0.00,      0.00,0,1,0,0,1,1
H4,484,2017,120991,      0.00,      0.00,      0.00,      0.00,0,15,0,0,15,15
H4,484,2017,120999,      0.00,      0.00,      0.00,      0.00,1,7,0,0,7,8
H4,484,2017,121010,      0.00,      0.00,      0.00,      0.00,0,1,0,0,1,1
H4,484,2017,121020,      0.00,      0.00,      0.00,      0.00,0,1,0,0,1,1
H4,484,2017,121120,     10.00,     10.00,     10.00,     10.00,0,0,0,1,1,1
H4,484,2017,121130,      5.00,      5.00,      5.00,      5.00,0,0,0,1,1,1
H4,484,2017,121140,     10.00,     10.00,     10.00,     10.00,0,0,0,1,1,1
H4,484,2017,121190,     70.00,     10.00,     10.00,     10.00,1,0,0,7,7,8
H4,484,2017,121221,     30.00,      0.00,     20.00,     10.00,0,1,0,2,3,3
H4,484,2017,121229,     30.00,     10.00,     20.00,     15.00,0,0,0,2,2,2
H4,484,2017,121291,     10.00,     10.00,     10.00,     10.00,0,0,0,1,1,1
H4,484,2017,121292,     20.00,     10.00,     10.00,     10.00,0,0,0,2,2,2
H4,484,2017,121293,     36.00,     36.00,     36.00,     36.00,0,0,0,1,1,1
H4,484,2017,121294,     20.00,     10.00,     10.00,     10.00,0,0,0,2,2,2
H4,484,2017,121299,     20.00,     10.00,     10.00,     10.00,0,0,0,2,2,2
H4,484,2017,121300,     10.00,     10.00,     10.00,     10.00,0,0,0,1,1,1
H4,484,2017,121410,     15.00,     15.00,     15.00,     15.00,0,0,0,1,1,1
H4,484,2017,121490,     25.00,     10.00,     15.00,     12.50,0,0,0,2,2,2
H4,484,2017,130120,     10.00,     10.00,     10.00,     10.00,0,0,0,1,1,1
H4,484,2017,130190,     30.00,     10.00,     10.00,     10.00,0,0,0,3,3,3
H4,484,2017,130211,     30.00,     10.00,     10.00,     10.00,1,0,0,3,3,4
H4,484,2017,130212,     20.00,     10.00,     10.00,     10.00,0,0,0,2,2,2
H4,484,2017,130213,      0.00,      0.00,      0.00,      0.00,0,1,0,0,1,1
H4,484,2017,130219,    140.00,      0.00,     15.00,     10.00,1,1,0,13,14,15
H4,484,2017,130220,     30.00,     15.00,     15.00,     15.00,0,0,0,2,2,2
H4,484,2017,130231,     15.00,     15.00,     15.00,     15.00,0,0,0,1,1,1
H4,484,2017,130232,     25.00,      0.00,     15.00,      8.33,0,1,0,2,3,3
H4,484,2017,130239,     50.00,     10.00,     15.00,     12.50,1,0,0,4,4,5
H4,484,2017,140110,     10.00,     10.00,     10.00,     10.00,0,0,0,1,1,1
H4,484,2017,140120,      0.00,      0.00,      0.00,      0.00,0,1,0,0,1,1
H4,484,2017,140190,     10.00,     10.00,     10.00,     10.00,0,0,0,1,1,1
H4,484,2017,140420,     10.00,     10.00,     10.00,     10.00,0,0,0,1,1,1
H4,484,2017,140490,     50.00,     10.00,     10.00,     10.00,0,0,0,5,5,5
H4,484,2017,150110,     15.00,     15.00,     15.00,     15.00,0,0,0,1,1,1
H4,484,2017,150120,     15.00,     15.00,     15.00,     15.00,0,0,0,1,1,1
H4,484,2017,150190,     15.00,     15.00,     15.00,     15.00,0,0,0,1,1,1
H4,484,2017,150210,     10.00,     10.00,     10.00,     10.00,0,0,0,1,1,1
H4,484,2017,150290,     10.00,     10.00,     10.00,     10.00,0,0,0,1,1,1
H4,484,2017,150300,     20.00,     10.00,     10.00,     10.00,0,0,0,2,2,2
H4,484,2017,150410,     10.00,      0.00,     10.00,      5.00,0,1,0,1,2,2
H4,484,2017,150420,     20.00,     10.00,     10.00,     10.00,0,0,0,2,2,2
H4,484,2017,150430,     10.00,     10.00,     10.00,     10.00,0,0,0,1,1,1
H4,484,2017,150500,     40.00,     10.00,     10.00,     10.00,0,0,0,4,4,4
H4,484,2017,150600,     40.00,     10.00,     20.00,     13.33,0,0,0,3,3,3
H4,484,2017,150710,      5.00,      5.00,      5.00,      5.00,0,0,0,1,1,1
H4,484,2017,150790,      5.00,      5.00,      5.00,      5.00,0,0,0,1,1,1
H4,484,2017,150810,     10.00,     10.00,     10.00,     10.00,0,0,0,1,1,1
H4,484,2017,150890,     20.00,     20.00,     20.00,     20.00,0,0,0,1,1,1
H4,484,2017,150910,      0.00,      0.00,      0.00,      0.00,0,2,0,0,2,2
H4,484,2017,150990,      0.00,      0.00,      0.00,      0.00,0,3,0,0,3,3
H4,484,2017,151000,     10.00,     10.00,     10.00,     10.00,0,0,0,1,1,1
H4,484,2017,151110,      3.00,      3.00,      3.00,      3.00,0,0,0,1,1,1
H4,484,2017,151190,      5.00,      5.00,      5.00,      5.00,0,0,0,1,1,1
H4,484,2017,151211,      5.00,      5.00,      5.00,      5.00,0,0,0,1,1,1
H4,484,2017,151219,      5.00,      5.00,      5.00,      5.00,0,0,0,1,1,1
H4,484,2017,151221,      0.00,      0.00,      0.00,      0.00,0,1,0,0,1,1
H4,484,2017,151229,      0.00,      0.00,      0.00,      0.00,0,1,0,0,1,1
H4,484,2017,151311,      0.00,      0.00,      0.00,      0.00,0,1,0,0,1,1
H4,484,2017,151319,      3.00,      3.00,      3.00,      3.00,0,0,0,1,1,1
H4,484,2017,151321,      0.00,      0.00,      0.00,      0.00,0,1,0,0,1,1
H4,484,2017,151329,      3.00,      3.00,      3.00,      3.00,0,0,0,1,1,1
H4,484,2017,151411,      0.00,      0.00,      0.00,      0.00,0,1,0,0,1,1
H4,484,2017,151419,      0.00,      0.00,      0.00,      0.00,0,1,0,0,1,1
H4,484,2017,151491,      0.00,      0.00,      0.00,      0.00,0,1,0,0,1,1
H4,484,2017,151499,      0.00,      0.00,      0.00,      0.00,0,1,0,0,1,1
H4,484,2017,151511,     10.00,     10.00,     10.00,     10.00,0,0,0,1,1,1
H4,484,2017,151519,     20.00,     20.00,     20.00,     20.00,0,0,0,1,1,1
H4,484,2017,151521,     10.00,     10.00,     10.00,     10.00,0,0,0,1,1,1
H4,484,2017,151529,     20.00,     20.00,     20.00,     20.00,0,0,0,1,1,1
H4,484,2017,151530,      0.00,      0.00,      0.00,      0.00,0,1,0,0,1,1
H4,484,2017,151550,     10.00,     10.00,     10.00,     10.00,0,0,0,1,1,1
H4,484,2017,151590,     60.00,     10.00,     10.00,     10.00,0,0,0,6,6,6
H4,484,2017,151610,     15.00,     15.00,     15.00,     15.00,0,0,0,1,1,1
H4,484,2017,151620,      5.00,      5.00,      5.00,      5.00,0,0,0,1,1,1
H4,484,2017,151710,     20.00,     20.00,     20.00,     20.00,0,0,0,1,1,1
H4,484,2017,151790,     60.00,     20.00,     20.00,     20.00,0,0,0,3,3,3
H4,484,2017,151800,     25.00,      0.00,     15.00,      8.33,0,1,0,2,3,3
H4,484,2017,152000,     10.00,     10.00,     10.00,     10.00,0,0,0,1,1,1
H4,484,2017,152110,     10.00,      0.00,     10.00,      5.00,0,1,0,1,2,2
H4,484,2017,152190,     50.00,     10.00,     15.00,     12.50,0,0,0,4,4,4
H4,484,2017,152200,     10.00,     10.00,     10.00,     10.00,0,0,0,1,1,1
H4,484,2017,160100,     30.00,     15.00,     15.00,     15.00,0,0,0,2,2,2
H4,484,2017,160210,     40.00,     20.00,     20.00,     20.00,0,0,0,2,2,2
H4,484,2017,160220,     40.00,     20.00,     20.00,     20.00,0,0,0,2,2,2
H4,484,2017,160231,     20.00,     20.00,     20.00,     20.00,0,0,0,1,1,1
H4,484,2017,160232,     20.00,     20.00,     20.00,     20.00,0,0,0,1,1,1
H4,484,2017,160239,     20.00,     20.00,     20.00,     20.00,0,0,0,1,1,1
H4,484,2017,160241,     20.00,     20.00,     20.00,     20.00,0,0,0,1,1,1
H4,484,2017,160242,     20.00,     20.00,     20.00,     20.00,0,0,0,1,1,1
H4,484,2017,160249,     40.00,     20.00,     20.00,     20.00,0,0,0,2,2,2
H4,484,2017,160250,     40.00,     20.00,     20.00,     20.00,0,0,0,2,2,2
H4,484,2017,160290,     20.00,     20.00,     20.00,     20.00,0,0,0,1,1,1
H4,484,2017,160300,     20.00,      0.00,     20.00,     10.00,0,1,0,1,2,2
H4,484,2017,160411,      0.00,      0.00,      0.00,      0.00,0,1,0,0,1,1
H4,484,2017,160412,      0.00,      0.00,      0.00,      0.00,0,1,0,0,1,1
H4,484,2017,160413,     40.00,     20.00,     20.00,     20.00,0,0,0,2,2,2
H4,484,2017,160414,     80.00,      0.00,     20.00,     16.00,0,1,0,4,5,5
H4,484,2017,160415,     20.00,     20.00,     20.00,     20.00,0,0,0,1,1,1
H4,484,2017,160416,     40.00,     20.00,     20.00,     20.00,0,0,0,2,2,2
H4,484,2017,160417,     20.00,     20.00,     20.00,     20.00,0,0,0,1,1,1
H4,484,2017,160419,     60.00,     20.00,     20.00,     20.00,0,0,0,3,3,3
H4,484,2017,160420,     60.00,     20.00,     20.00,     20.00,0,0,0,3,3,3
H4,484,2017,160431,      0.00,      0.00,      0.00,      0.00,0,1,0,0,1,1
H4,484,2017,160432,     20.00,     20.00,     20.00,     20.00,0,0,0,1,1,1
H4,484,2017,160510,     40.00,     20.00,     20.00,     20.00,0,0,0,2,2,2
H4,484,2017,160521,     20.00,     20.00,     20.00,     20.00,0,0,0,1,1,1
H4,484,2017,160529,     20.00,     20.00,     20.00,     20.00,0,0,0,1,1,1
H4,484,2017,160530,     20.00,     20.00,     20.00,     20.00,0,0,0,1,1,1
H4,484,2017,160540,     20.00,     20.00,     20.00,     20.00,0,0,0,1,1,1
H4,484,2017,160551,     20.00,     20.00,     20.00,     20.00,0,0,0,1,1,1
H4,484,2017,160552,     20.00,     20.00,     20.00,     20.00,0,0,0,1,1,1
H4,484,2017,160553,     20.00,     20.00,     20.00,     20.00,0,0,0,1,1,1
H4,484,2017,160554,     20.00,     20.00,     20.00,     20.00,0,0,0,1,1,1
H4,484,2017,160555,     20.00,     20.00,     20.00,     20.00,0,0,0,1,1,1
H4,484,2017,160556,     20.00,     20.00,     20.00,     20.00,0,0,0,1,1,1
H4,484,2017,160557,     20.00,     20.00,     20.00,     20.00,0,0,0,1,1,1
H4,484,2017,160558,     20.00,     20.00,     20.00,     20.00,0,0,0,1,1,1
H4,484,2017,160559,     20.00,     20.00,     20.00,     20.00,0,0,0,1,1,1
H4,484,2017,160561,     20.00,     20.00,     20.00,     20.00,0,0,0,1,1,1
H4,484,2017,160562,     20.00,     20.00,     20.00,     20.00,0,0,0,1,1,1
H4,484,2017,160563,     20.00,     20.00,     20.00,     20.00,0,0,0,1,1,1
H4,484,2017,160569,     20.00,     20.00,     20.00,     20.00,0,0,0,1,1,1
H4,484,2017,170112,,,,,3,0,0,0,0,3
H4,484,2017,170113,,,,,1,0,0,0,0,1
H4,484,2017,170114,,,,,3,0,0,0,0,3
H4,484,2017,170191,,,,,1,0,0,0,0,1
H4,484,2017,170199,,,,,3,0,0,0,0,3
H4,484,2017,170211,     10.00,     10.00,     10.00,     10.00,0,0,0,1,1,1
H4,484,2017,170219,     25.00,     10.00,     15.00,     12.50,0,0,0,2,2,2
H4,484,2017,170220,     15.00,     15.00,     15.00,     15.00,0,0,0,1,1,1
H4,484,2017,170230,     15.00,     15.00,     15.00,     15.00,0,0,0,1,1,1
H4,484,2017,170240,     65.00,     15.00,     50.00,     32.50,0,0,0,2,2,2
H4,484,2017,170250,     75.00,     75.00,     75.00,     75.00,0,0,0,1,1,1
H4,484,2017,170260,    225.00,     75.00,     75.00,     75.00,0,0,0,3,3,3
H4,484,2017,170290,     15.00,     15.00,     15.00,     15.00,1,0,0,1,1,2
H4,484,2017,170310,,,,,2,0,0,0,0,2
H4,484,2017,170390,,,,,1,0,0,0,0,1
H4,484,2017,170410,,,,,1,0,0,0,0,1
H4,484,2017,170490,,,,,1,0,0,0,0,1
H4,484,2017,180100,      0.00,      0.00,      0.00,      0.00,0,1,0,0,1,1
H4,484,2017,180200,      0.00,      0.00,      0.00,      0.00,0,1,0,0,1,1
H4,484,2017,180310,      0.00,      0.00,      0.00,      0.00,0,1,0,0,1,1
H4,484,2017,180320,      0.00,      0.00,      0.00,      0.00,0,1,0,0,1,1
H4,484,2017,180400,      0.00,      0.00,      0.00,      0.00,0,1,0,0,1,1
H4,484,2017,180500,      5.00,      5.00,      5.00,      5.00,0,0,0,1,1,1
H4,484,2017,180610,,,,,2,0,0,0,0,2
H4,484,2017,180620,,,,,1,0,0,0,0,1
H4,484,2017,180631,,,,,1,0,0,0,0,1
H4,484,2017,180632,,,,,1,0,0,0,0,1
H4,484,2017,180690,,,,,3,0,0,0,0,3
H4,484,2017,190110,     20.00,     10.00,     10.00,     10.00,0,0,0,2,2,2
H4,484,2017,190120,     10.00,     10.00,     10.00,     10.00,2,0,0,1,1,3
H4,484,2017,190190,     75.00,     10.00,     45.00,     18.75,2,0,0,4,4,6
H4,484,2017,190211,     20.00,     20.00,     20.00,     20.00,0,0,0,1,1,1
H4,484,2017,190219,     10.00,     10.00,     10.00,     10.00,0,0,0,1,1,1
H4,484,2017,190220,     10.00,     10.00,     10.00,     10.00,0,0,0,1,1,1
H4,484,2017,190230,     10.00,     10.00,     10.00,     10.00,0,0,0,1,1,1
H4,484,2017,190240,     10.00,     10.00,     10.00,     10.00,0,0,0,1,1,1
H4,484,2017,190300,     10.00,     10.00,     10.00,     10.00,0,0,0,1,1,1
H4,484,2017,190410,,,,,1,0,0,0,0,1
H4,484,2017,190420,,,,,1,0,0,0,0,1
H4,484,2017,190430,     10.00,     10.00,     10.00,     10.00,0,0,0,1,1,1
H4,484,2017,190490,     10.00,     10.00,     10.00,     10.00,0,0,0,1,1,1
H4,484,2017,190510,     10.00,     10.00,     10.00,     10.00,0,0,0,1,1,1
H4,484,2017,190520,     10.00,     10.00,     10.00,     10.00,0,0,0,1,1,1
H4,484,2017,190531,,,,,1,0,0,0,0,1
H4,484,2017,190532,,,,,1,0,0,0,0,1
H4,484,2017,190540,     10.00,     10.00,     10.00,     10.00,0,0,0,1,1,1
H4,484,2017,190590,     20.00,     10.00,     10.00,     10.00,0,0,0,2,2,2
H4,484,2017,200110,     20.00,     20.00,     20.00,     20.00,0,0,0,1,1,1
H4,484,2017,200190,     80.00,     20.00,     20.00,     20.00,0,0,0,4,4,4
H4,484,2017,200210,     20.00,     20.00,     20.00,     20.00,0,0,0,1,1,1
H4,484,2017,200290,     20.00,     20.00,     20.00,     20.00,0,0,0,1,1,1
H4,484,2017,200310,     20.00,     20.00,     20.00,     20.00,0,0,0,1,1,1
H4,484,2017,200390,     20.00,     20.00,     20.00,     20.00,0,0,0,1,1,1
H4,484,2017,200410,     20.00,     20.00,     20.00,     20.00,0,0,0,1,1,1
H4,484,2017,200490,     60.00,     20.00,     20.00,     20.00,0,0,0,3,3,3
H4,484,2017,200510,     20.00,     20.00,     20.00,     20.00,0,0,0,1,1,1
H4,484,2017,200520,     20.00,     20.00,     20.00,     20.00,0,0,0,1,1,1
H4,484,2017,200540,     20.00,     20.00,     20.00,     20.00,0,0,0,1,1,1
H4,484,2017,200551,     20.00,     20.00,     20.00,     20.00,0,0,0,1,1,1
H4,484,2017,200559,     20.00,     20.00,     20.00,     20.00,0,0,0,1,1,1
H4,484,2017,200560,     20.00,     20.00,     20.00,     20.00,0,0,0,1,1,1
H4,484,2017,200570,     20.00,     20.00,     20.00,     20.00,0,0,0,1,1,1
H4,484,2017,200580,     20.00,     20.00,     20.00,     20.00,0,0,0,1,1,1
H4,484,2017,200591,     20.00,     20.00,     20.00,     20.00,0,0,0,1,1,1
H4,484,2017,200599,     60.00,     20.00,     20.00,     20.00,0,0,0,3,3,3
H4,484,2017,200600,     60.00,     20.00,     20.00,     20.00,1,0,0,3,3,4
H4,484,2017,200710,,,,,1,0,0,0,0,1
H4,484,2017,200791,,,,,1,0,0,0,0,1
H4,484,2017,200799,     60.00,     20.00,     20.00,     20.00,2,0,0,3,3,5
H4,484,2017,200811,     40.00,     20.00,     20.00,     20.00,0,0,0,2,2,2
H4,484,2017,200819,     40.00,     20.00,     20.00,     20.00,0,0,0,2,2,2
H4,484,2017,200820,     20.00,     20.00,     20.00,     20.00,0,0,0,1,1,1
H4,484,2017,200830,    180.00,     20.00,     20.00,     20.00,0,0,0,9,9,9
H4,484,2017,200840,     20.00,     20.00,     20.00,     20.00,0,0,0,1,1,1
H4,484,2017,200850,     20.00,     20.00,     20.00,     20.00,0,0,0,1,1,1
H4,484,2017,200860,     20.00,     20.00,     20.00,     20.00,0,0,0,1,1,1
H4,484,2017,200870,     20.00,     20.00,     20.00,     20.00,0,0,0,1,1,1
H4,484,2017,200880,     20.00,     20.00,     20.00,     20.00,0,0,0,1,1,1
H4,484,2017,200891,     20.00,     20.00,     20.00,     20.00,0,0,0,1,1,1
H4,484,2017,200893,     20.00,     20.00,     20.00,     20.00,0,0,0,1,1,1
H4,484,2017,200897,     20.00,     20.00,     20.00,     20.00,0,0,0,1,1,1
H4,484,2017,200899,     40.00,     20.00,     20.00,     20.00,0,0,0,2,2,2
H4,484,2017,200911,     20.00,     20.00,     20.00,     20.00,0,0,0,1,1,1
H4,484,2017,200912,     40.00,     20.00,     20.00,     20.00,0,0,0,2,2,2
H4,484,2017,200919,     40.00,     20.00,     20.00,     20.00,0,0,0,2,2,2
H4,484,2017,200921,     20.00,     20.00,     20.00,     20.00,0,0,0,1,1,1
H4,484,2017,200929,     20.00,     20.00,     20.00,     20.00,0,0,0,1,1,1
H4,484,2017,200931,     40.00,     20.00,     20.00,     20.00,0,0,0,2,2,2
H4,484,2017,200939,     40.00,     20.00,     20.00,     20.00,0,0,0,2,2,2
H4,484,2017,200941,     40.00,     20.00,     20.00,     20.00,0,0,0,2,2,2
H4,484,2017,200949,     40.00,     20.00,     20.00,     20.00,0,0,0,2,2,2
H4,484,2017,200950,     20.00,     20.00,     20.00,     20.00,0,0,0,1,1,1
H4,484,2017,200961,     20.00,     20.00,     20.00,     20.00,0,0,0,1,1,1
H4,484,2017,200969,     20.00,     20.00,     20.00,     20.00,0,0,0,1,1,1
H4,484,2017,200971,     20.00,     20.00,     20.00,     20.00,0,0,0,1,1,1
H4,484,2017,200979,     20.00,     20.00,     20.00,     20.00,0,0,0,1,1,1
H4,484,2017,200981,     20.00,     20.00,     20.00,     20.00,0,0,0,1,1,1
H4,484,2017,200989,     20.00,     20.00,     20.00,     20.00,0,0,0,1,1,1
H4,484,2017,200990,     40.00,     20.00,     20.00,     20.00,0,0,0,2,2,2
H4,484,2017,210111,    135.00,     45.00,     45.00,     45.00,0,0,0,3,3,3
H4,484,2017,210112,     45.00,     45.00,     45.00,     45.00,0,0,0,1,1,1
H4,484,2017,210120,      0.00,      0.00,      0.00,      0.00,0,1,0,0,1,1
H4,484,2017,210130,     20.00,     20.00,     20.00,     20.00,0,0,0,1,1,1
H4,484,2017,210210,     40.00,     10.00,     15.00,     13.33,0,0,0,3,3,3
H4,484,2017,210220,     25.00,     10.00,     15.00,     12.50,0,0,0,2,2,2
H4,484,2017,210230,     15.00,     15.00,     15.00,     15.00,0,0,0,1,1,1
H4,484,2017,210310,     20.00,     20.00,     20.00,     20.00,0,0,0,1,1,1
H4,484,2017,210320,     40.00,     20.00,     20.00,     20.00,0,0,0,2,2,2
H4,484,2017,210330,     40.00,     20.00,     20.00,     20.00,0,0,0,2,2,2
H4,484,2017,210390,     20.00,     20.00,     20.00,     20.00,0,0,0,1,1,1
H4,484,2017,210410,     10.00,     10.00,     10.00,     10.00,0,0,0,1,1,1
H4,484,2017,210420,     10.00,     10.00,     10.00,     10.00,0,0,0,1,1,1
H4,484,2017,210500,,,,,1,0,0,0,0,1
H4,484,2017,210610,     40.00,      0.00,     15.00,     10.00,0,1,0,3,4,4
H4,484,2017,210690,    130.00,     10.00,     20.00,     14.44,4,0,0,9,9,13
H4,484,2017,220110,     40.00,     20.00,     20.00,     20.00,0,0,0,2,2,2
H4,484,2017,220190,     40.00,     10.00,     20.00,     13.33,0,0,0,3,3,3
H4,484,2017,220210,,,,,1,0,0,0,0,1
H4,484,2017,220290,     90.00,     10.00,     20.00,     18.00,1,0,0,5,5,6
H4,484,2017,220300,     20.00,     20.00,     20.00,     20.00,0,0,0,1,1,1
H4,484,2017,220410,     40.00,     20.00,     20.00,     20.00,0,0,0,2,2,2
H4,484,2017,220421,     80.00,     20.00,     20.00,     20.00,0,0,0,4,4,4
H4,484,2017,220429,     20.00,     20.00,     20.00,     20.00,0,0,0,1,1,1
H4,484,2017,220430,     20.00,     20.00,     20.00,     20.00,0,0,0,1,1,1
H4,484,2017,220510,     40.00,     20.00,     20.00,     20.00,0,0,0,2,2,2
H4,484,2017,220590,     40.00,     20.00,     20.00,     20.00,0,0,0,2,2,2
H4,484,2017,220600,     40.00,     20.00,     20.00,     20.00,0,0,0,2,2,2
H4,484,2017,220710,,,,,1,0,0,0,0,1
H4,484,2017,220720,,,,,1,0,0,0,0,1
H4,484,2017,220820,     50.00,      0.00,     20.00,     12.50,0,1,0,3,4,4
H4,484,2017,220830,      0.00,      0.00,      0.00,      0.00,0,5,0,0,5,5
H4,484,2017,220840,     40.00,     20.00,     20.00,     20.00,0,0,0,2,2,2
H4,484,2017,220850,     20.00,     20.00,     20.00,     20.00,0,0,0,1,1,1
H4,484,2017,220860,     20.00,     20.00,     20.00,     20.00,0,0,0,1,1,1
H4,484,2017,220870,     60.00,     20.00,     20.00,     20.00,0,0,0,3,3,3
H4,484,2017,220890,    110.00,     10.00,     20.00,     18.33,0,0,0,6,6,6
H4,484,2017,220900,     20.00,     20.00,     20.00,     20.00,0,0,0,1,1,1
H4,484,2017,230110,     30.00,     15.00,     15.00,     15.00,0,0,0,2,2,2
H4,484,2017,230120,     15.00,     15.00,     15.00,     15.00,0,0,0,1,1,1
H4,484,2017,230210,     10.00,     10.00,     10.00,     10.00,0,0,0,1,1,1
H4,484,2017,230230,     10.00,     10.00,     10.00,     10.00,0,0,0,1,1,1
H4,484,2017,230240,     20.00,     10.00,     10.00,     10.00,0,0,0,2,2,2
H4,484,2017,230250,     10.00,     10.00,     10.00,     10.00,0,0,0,1,1,1
H4,484,2017,230310,     15.00,     15.00,     15.00,     15.00,0,0,0,1,1,1
H4,484,2017,230320,     10.00,     10.00,     10.00,     10.00,0,0,0,1,1,1
H4,484,2017,230330,     10.00,      0.00,     10.00,      5.00,0,1,0,1,2,2
H4,484,2017,230400,      0.00,      0.00,      0.00,      0.00,0,1,0,0,1,1
H4,484,2017,230500,     15.00,     15.00,     15.00,     15.00,0,0,0,1,1,1
H4,484,2017,230610,     15.00,     15.00,     15.00,     15.00,0,0,0,1,1,1
H4,484,2017,230620,     15.00,     15.00,     15.00,     15.00,0,0,0,1,1,1
H4,484,2017,230630,     15.00,     15.00,     15.00,     15.00,0,0,0,1,1,1
H4,484,2017,230641,     15.00,     15.00,     15.00,     15.00,0,0,0,1,1,1
H4,484,2017,230649,     15.00,     15.00,     15.00,     15.00,0,0,0,1,1,1
H4,484,2017,230650,     15.00,     15.00,     15.00,     15.00,0,0,0,1,1,1
H4,484,2017,230660,     15.00,     15.00,     15.00,     15.00,0,0,0,1,1,1
H4,484,2017,230690,     30.00,     15.00,     15.00,     15.00,0,0,0,2,2,2
H4,484,2017,230700,     10.00,     10.00,     10.00,     10.00,0,0,0,1,1,1
H4,484,2017,230800,     20.00,     10.00,     10.00,     10.00,0,0,0,2,2,2
H4,484,2017,230910,     10.00,     10.00,     10.00,     10.00,0,0,0,1,1,1
H4,484,2017,230990,     20.00,      0.00,     20.00,      1.67,0,11,0,1,12,12
H4,484,2017,240110,     90.00,     45.00,     45.00,     45.00,0,0,0,2,2,2
H4,484,2017,240120,    135.00,     45.00,     45.00,     45.00,0,0,0,3,3,3
H4,484,2017,240130,     45.00,     45.00,     45.00,     45.00,0,0,0,1,1,1
H4,484,2017,240210,     45.00,     45.00,     45.00,     45.00,0,0,0,1,1,1
H4,484,2017,240220,     67.00,     67.00,     67.00,     67.00,0,0,0,1,1,1
H4,484,2017,240290,     67.00,     67.00,     67.00,     67.00,0,0,0,1,1,1
H4,484,2017,240311,     67.00,     67.00,     67.00,     67.00,0,0,0,1,1,1
H4,484,2017,240319,     67.00,     67.00,     67.00,     67.00,0,0,0,1,1,1
H4,484,2017,240391,     90.00,     45.00,     45.00,     45.00,0,0,0,2,2,2
H4,484,2017,240399,     65.00,     20.00,     45.00,     32.50,0,0,0,2,2,2
H4,484,2017,250100,      0.00,      0.00,      0.00,      0.00,0,2,0,0,2,2
H4,484,2017,250200,      0.00,      0.00,      0.00,      0.00,0,1,0,0,1,1
H4,484,2017,250300,      0.00,      0.00,      0.00,      0.00,0,2,0,0,2,2
H4,484,2017,250410,      0.00,      0.00,      0.00,      0.00,0,1,0,0,1,1
H4,484,2017,250490,      0.00,      0.00,      0.00,      0.00,0,1,0,0,1,1
H4,484,2017,250510,      0.00,      0.00,      0.00,      0.00,0,1,0,0,1,1
H4,484,2017,250590,      0.00,      0.00,      0.00,      0.00,0,1,0,0,1,1
H4,484,2017,250610,      0.00,      0.00,      0.00,      0.00,0,1,0,0,1,1
H4,484,2017,250620,      0.00,      0.00,      0.00,      0.00,0,2,0,0,2,2
H4,484,2017,250700,      0.00,      0.00,      0.00,      0.00,0,1,0,0,1,1
H4,484,2017,250810,      0.00,      0.00,      0.00,      0.00,0,1,0,0,1,1
H4,484,2017,250830,      0.00,      0.00,      0.00,      0.00,0,1,0,0,1,1
H4,484,2017,250840,      0.00,      0.00,      0.00,      0.00,0,2,0,0,2,2
H4,484,2017,250850,      0.00,      0.00,      0.00,      0.00,0,1,0,0,1,1
H4,484,2017,250860,      0.00,      0.00,      0.00,      0.00,0,1,0,0,1,1
H4,484,2017,250870,      0.00,      0.00,      0.00,      0.00,0,1,0,0,1,1
H4,484,2017,250900,      0.00,      0.00,      0.00,      0.00,0,1,0,0,1,1
H4,484,2017,251010,      0.00,      0.00,      0.00,      0.00,0,2,0,0,2,2
H4,484,2017,251020,      0.00,      0.00,      0.00,      0.00,0,2,0,0,2,2
H4,484,2017,251110,      0.00,      0.00,      0.00,      0.00,0,1,0,0,1,1
H4,484,2017,251120,      0.00,      0.00,      0.00,      0.00,0,1,0,0,1,1
H4,484,2017,251200,      0.00,      0.00,      0.00,      0.00,0,1,0,0,1,1
H4,484,2017,251310,      0.00,      0.00,      0.00,      0.00,0,2,0,0,2,2
H4,484,2017,251320,      0.00,      0.00,      0.00,      0.00,0,1,0,0,1,1
H4,484,2017,251400,      0.00,      0.00,      0.00,      0.00,0,1,0,0,1,1
H4,484,2017,251511,      0.00,      0.00,      0.00,      0.00,0,1,0,0,1,1
H4,484,2017,251512,     10.00,      0.00,     10.00,      5.00,0,1,0,1,2,2
H4,484,2017,251520,      0.00,      0.00,      0.00,      0.00,0,1,0,0,1,1
H4,484,2017,251611,      0.00,      0.00,      0.00,      0.00,0,1,0,0,1,1
H4,484,2017,251612,      0.00,      0.00,      0.00,      0.00,0,1,0,0,1,1
H4,484,2017,251620,      0.00,      0.00,      0.00,      0.00,0,1,0,0,1,1
H4,484,2017,251690,      0.00,      0.00,      0.00,      0.00,0,1,0,0,1,1
H4,484,2017,251710,      0.00,      0.00,      0.00,      0.00,0,1,0,0,1,1
H4,484,2017,251720,      0.00,      0.00,      0.00,      0.00,0,1,0,0,1,1
H4,484,2017,251730,      0.00,      0.00,      0.00,      0.00,0,1,0,0,1,1
H4,484,2017,251741,      0.00,      0.00,      0.00,      0.00,0,1,0,0,1,1
H4,484,2017,251749,      0.00,      0.00,      0.00,      0.00,0,1,0,0,1,1
H4,484,2017,251810,      0.00,      0.00,      0.00,      0.00,0,1,0,0,1,1
H4,484,2017,251820,      0.00,      0.00,      0.00,      0.00,0,1,0,0,1,1
H4,484,2017,251830,      0.00,      0.00,      0.00,      0.00,0,1,0,0,1,1
H4,484,2017,251910,      0.00,      0.00,      0.00,      0.00,0,1,0,0,1,1
H4,484,2017,251990,     21.00,      0.00,     10.00,      5.25,0,1,0,3,4,4
H4,484,2017,252010,      0.00,      0.00,      0.00,      0.00,0,1,0,0,1,1
H4,484,2017,252020,      0.00,      0.00,      0.00,      0.00,0,1,0,0,1,1
H4,484,2017,252100,      0.00,      0.00,      0.00,      0.00,0,1,0,0,1,1
H4,484,2017,252210,      0.00,      0.00,      0.00,      0.00,0,1,0,0,1,1
H4,484,2017,252220,      0.00,      0.00,      0.00,      0.00,0,1,0,0,1,1
H4,484,2017,252230,      0.00,      0.00,      0.00,      0.00,0,1,0,0,1,1
H4,484,2017,252310,      0.00,      0.00,      0.00,      0.00,0,1,0,0,1,1
H4,484,2017,252321,      0.00,      0.00,      0.00,      0.00,0,1,0,0,1,1
H4,484,2017,252329,      0.00,      0.00,      0.00,      0.00,0,1,0,0,1,1
H4,484,2017,252330,      0.00,      0.00,      0.00,      0.00,0,1,0,0,1,1
H4,484,2017,252390,      0.00,      0.00,      0.00,      0.00,0,1,0,0,1,1
H4,484,2017,252410,      0.00,      0.00,      0.00,      0.00,0,2,0,0,2,2
H4,484,2017,252490,      0.00,      0.00,      0.00,      0.00,0,2,0,0,2,2
H4,484,2017,252510,      0.00,      0.00,      0.00,      0.00,0,1,0,0,1,1
H4,484,2017,252520,      0.00,      0.00,      0.00,      0.00,0,1,0,0,1,1
H4,484,2017,252530,      0.00,      0.00,      0.00,      0.00,0,1,0,0,1,1
H4,484,2017,252610,      0.00,      0.00,      0.00,      0.00,0,1,0,0,1,1
H4,484,2017,252620,      0.00,      0.00,      0.00,      0.00,0,1,0,0,1,1
H4,484,2017,252800,      7.00,      0.00,      7.00,      3.50,0,1,0,1,2,2
H4,484,2017,252910,      0.00,      0.00,      0.00,      0.00,0,1,0,0,1,1
H4,484,2017,252921,      0.00,      0.00,      0.00,      0.00,0,1,0,0,1,1
H4,484,2017,252922,      0.00,      0.00,      0.00,      0.00,0,1,0,0,1,1
H4,484,2017,252930,      0.00,      0.00,      0.00,      0.00,0,1,0,0,1,1
H4,484,2017,253010,      0.00,      0.00,      0.00,      0.00,0,1,0,0,1,1
H4,484,2017,253020,      0.00,      0.00,      0.00,      0.00,0,1,0,0,1,1
H4,484,2017,253090,      0.00,      0.00,      0.00,      0.00,0,9,0,0,9,9
H4,484,2017,260111,      0.00,      0.00,      0.00,      0.00,0,1,0,0,1,1
H4,484,2017,260112,      0.00,      0.00,      0.00,      0.00,0,1,0,0,1,1
H4,484,2017,260120,      0.00,      0.00,      0.00,      0.00,0,1,0,0,1,1
H4,484,2017,260200,      0.00,      0.00,      0.00,      0.00,0,2,0,0,2,2
H4,484,2017,260300,      0.00,      0.00,      0.00,      0.00,0,1,0,0,1,1
H4,484,2017,260400,      0.00,      0.00,      0.00,      0.00,0,1,0,0,1,1
H4,484,2017,260500,      0.00,      0.00,      0.00,      0.00,0,1,0,0,1,1
H4,484,2017,260600,      0.00,      0.00,      0.00,      0.00,0,2,0,0,2,2
H4,484,2017,260700,      0.00,      0.00,      0.00,      0.00,0,1,0,0,1,1
H4,484,2017,260800,      0.00,      0.00,      0.00,      0.00,0,1,0,0,1,1
H4,484,2017,260900,      0.00,      0.00,      0.00,      0.00,0,1,0,0,1,1
H4,484,2017,261000,      0.00,      0.00,      0.00,      0.00,0,2,0,0,2,2
H4,484,2017,261100,      0.00,      0.00,      0.00,      0.00,0,1,0,0,1,1
H4,484,2017,261210,      0.00,      0.00,      0.00,      0.00,0,1,0,0,1,1
H4,484,2017,261220,      0.00,      0.00,      0.00,      0.00,0,1,0,0,1,1
H4,484,2017,261310,      0.00,      0.00,      0.00,      0.00,0,1,0,0,1,1
H4,484,2017,261390,      0.00,      0.00,      0.00,      0.00,0,1,0,0,1,1
H4,484,2017,261400,      0.00,      0.00,      0.00,      0.00,0,3,0,0,3,3
H4,484,2017,261510,      0.00,      0.00,      0.00,      0.00,0,2,0,0,2,2
H4,484,2017,261590,      0.00,      0.00,      0.00,      0.00,0,1,0,0,1,1
H4,484,2017,261610,      0.00,      0.00,      0.00,      0.00,0,1,0,0,1,1
H4,484,2017,261690,      0.00,      0.00,      0.00,      0.00,0,1,0,0,1,1
H4,484,2017,261710,      0.00,      0.00,      0.00,      0.00,0,1,0,0,1,1
H4,484,2017,261790,      0.00,      0.00,      0.00,      0.00,0,1,0,0,1,1
H4,484,2017,261800,      0.00,      0.00,      0.00,      0.00,0,1,0,0,1,1
H4,484,2017,261900,      0.00,      0.00,      0.00,      0.00,0,2,0,0,2,2
H4,484,2017,262011,      0.00,      0.00,      0.00,      0.00,0,1,0,0,1,1
H4,484,2017,262019,      0.00,      0.00,      0.00,      0.00,0,1,0,0,1,1
H4,484,2017,262021,      0.00,      0.00,      0.00,      0.00,0,1,0,0,1,1
H4,484,2017,262029,      0.00,      0.00,      0.00,      0.00,0,1,0,0,1,1
H4,484,2017,262030,      0.00,      0.00,      0.00,      0.00,0,1,0,0,1,1
H4,484,2017,262040,      0.00,      0.00,      0.00,      0.00,0,2,0,0,2,2
H4,484,2017,262060,      0.00,      0.00,      0.00,      0.00,0,1,0,0,1,1
H4,484,2017,262091,      0.00,      0.00,      0.00,      0.00,0,2,0,0,2,2
H4,484,2017,262099,      0.00,      0.00,      0.00,      0.00,0,4,0,0,4,4
H4,484,2017,262110,      0.00,      0.00,      0.00,      0.00,0,1,0,0,1,1
H4,484,2017,262190,      0.00,      0.00,      0.00,      0.00,0,1,0,0,1,1
H4,484,2017,270111,      0.00,      0.00,      0.00,      0.00,0,1,0,0,1,1
H4,484,2017,270112,      0.00,      0.00,      0.00,      0.00,0,1,0,0,1,1
H4,484,2017,270119,      0.00,      0.00,      0.00,      0.00,0,1,0,0,1,1
H4,484,2017,270120,      0.00,      0.00,      0.00,      0.00,0,1,0,0,1,1
H4,484,2017,270210,      0.00,      0.00,      0.00,      0.00,0,1,0,0,1,1
H4,484,2017,270220,      0.00,      0.00,      0.00,      0.00,0,1,0,0,1,1
H4,484,2017,270300,      0.00,      0.00,      0.00,      0.00,0,2,0,0,2,2
H4,484,2017,270400,      0.00,      0.00,      0.00,      0.00,0,2,0,0,2,2
H4,484,2017,270500,      0.00,      0.00,      0.00,      0.00,0,1,0,0,1,1
H4,484,2017,270600,      0.00,      0.00,      0.00,      0.00,0,1,0,0,1,1
H4,484,2017,270710,      0.00,      0.00,      0.00,      0.00,0,1,0,0,1,1
H4,484,2017,270720,      0.00,      0.00,      0.00,      0.00,0,1,0,0,1,1
H4,484,2017,270730,      0.00,      0.00,      0.00,      0.00,0,1,0,0,1,1
H4,484,2017,270740,      0.00,      0.00,      0.00,      0.00,0,1,0,0,1,1
H4,484,2017,270750,      0.00,      0.00,      0.00,      0.00,0,1,0,0,1,1
H4,484,2017,270791,      0.00,      0.00,      0.00,      0.00,0,1,0,0,1,1
H4,484,2017,270799,      0.00,      0.00,      0.00,      0.00,0,4,0,0,4,4
H4,484,2017,270810,      0.00,      0.00,      0.00,      0.00,0,1,0,0,1,1
H4,484,2017,270820,      0.00,      0.00,      0.00,      0.00,0,1,0,0,1,1
H4,484,2017,270900,      0.00,      0.00,      0.00,      0.00,0,2,0,0,2,2
H4,484,2017,271012,      0.00,      0.00,      0.00,      0.00,0,8,0,0,8,8
H4,484,2017,271019,      3.00,      0.00,      3.00,      0.33,0,8,0,1,9,9
H4,484,2017,271020,      0.00,      0.00,      0.00,      0.00,0,1,0,0,1,1
H4,484,2017,271091,      0.00,      0.00,      0.00,      0.00,0,1,0,0,1,1
H4,484,2017,271099,      0.00,      0.00,      0.00,      0.00,0,1,0,0,1,1
H4,484,2017,271111,      0.00,      0.00,      0.00,      0.00,0,1,0,0,1,1
H4,484,2017,271112,      0.00,      0.00,      0.00,      0.00,0,1,0,0,1,1
H4,484,2017,271113,      0.00,      0.00,      0.00,      0.00,0,1,0,0,1,1
H4,484,2017,271114,      0.00,      0.00,      0.00,      0.00,0,1,0,0,1,1
H4,484,2017,271119,      0.00,      0.00,      0.00,      0.00,0,4,0,0,4,4
H4,484,2017,271121,      0.00,      0.00,      0.00,      0.00,0,1,0,0,1,1
H4,484,2017,271129,      0.00,      0.00,      0.00,      0.00,0,1,0,0,1,1
H4,484,2017,271210,      0.00,      0.00,      0.00,      0.00,0,1,0,0,1,1
H4,484,2017,271220,      0.00,      0.00,      0.00,      0.00,0,1,0,0,1,1
H4,484,2017,271290,     14.00,      0.00,      7.00,      2.80,0,3,0,2,5,5
H4,484,2017,271311,      0.00,      0.00,      0.00,      0.00,0,1,0,0,1,1
H4,484,2017,271312,      0.00,      0.00,      0.00,      0.00,0,1,0,0,1,1
H4,484,2017,271320,      0.00,      0.00,      0.00,      0.00,0,1,0,0,1,1
H4,484,2017,271390,      0.00,      0.00,      0.00,      0.00,0,1,0,0,1,1
H4,484,2017,271410,      0.00,      0.00,      0.00,      0.00,0,1,0,0,1,1
H4,484,2017,271490,      0.00,      0.00,      0.00,      0.00,0,2,0,0,2,2
H4,484,2017,271500,      0.00,      0.00,      0.00,      0.00,0,2,0,0,2,2
H4,484,2017,271600,      0.00,      0.00,      0.00,      0.00,0,1,0,0,1,1
H4,484,2017,280110,      0.00,      0.00,      0.00,      0.00,0,1,0,0,1,1
H4,484,2017,280120,      0.00,      0.00,      0.00,      0.00,0,1,0,0,1,1
H4,484,2017,280130,      0.00,      0.00,      0.00,      0.00,0,1,0,0,1,1
H4,484,2017,280200,      0.00,      0.00,      0.00,      0.00,0,1,0,0,1,1
H4,484,2017,280300,      5.00,      0.00,      5.00,      1.67,0,2,0,1,3,3
H4,484,2017,280410,      0.00,      0.00,      0.00,      0.00,0,1,0,0,1,1
H4,484,2017,280421,      0.00,      0.00,      0.00,      0.00,0,1,0,0,1,1
H4,484,2017,280429,      0.00,      0.00,      0.00,      0.00,0,2,0,0,2,2
H4,484,2017,280430,      0.00,      0.00,      0.00,      0.00,0,1,0,0,1,1
H4,484,2017,280440,      0.00,      0.00,      0.00,      0.00,0,1,0,0,1,1
H4,484,2017,280450,      0.00,      0.00,      0.00,      0.00,0,1,0,0,1,1
H4,484,2017,280461,      0.00,      0.00,      0.00,      0.00,0,1,0,0,1,1
H4,484,2017,280469,      0.00,      0.00,      0.00,      0.00,0,1,0,0,1,1
H4,484,2017,280470,      0.00,      0.00,      0.00,      0.00,0,4,0,0,4,4
H4,484,2017,280480,      0.00,      0.00,      0.00,      0.00,0,1,0,0,1,1
H4,484,2017,280490,      0.00,      0.00,      0.00,      0.00,0,1,0,0,1,1
H4,484,2017,280511,      0.00,      0.00,      0.00,      0.00,0,1,0,0,1,1
H4,484,2017,280512,      0.00,      0.00,      0.00,      0.00,0,1,0,0,1,1
H4,484,2017,280519,      0.00,      0.00,      0.00,      0.00,0,2,0,0,2,2
H4,484,2017,280530,      0.00,      0.00,      0.00,      0.00,0,1,0,0,1,1
H4,484,2017,280540,      0.00,      0.00,      0.00,      0.00,0,1,0,0,1,1
H4,484,2017,280610,      0.00,      0.00,      0.00,      0.00,0,1,0,0,1,1
H4,484,2017,280620,      0.00,      0.00,      0.00,      0.00,0,1,0,0,1,1
H4,484,2017,280700,      5.00,      5.00,      5.00,      5.00,0,0,0,1,1,1
H4,484,2017,280800,      0.00,      0.00,      0.00,      0.00,0,1,0,0,1,1
H4,484,2017,280910,      0.00,      0.00,      0.00,      0.00,0,1,0,0,1,1
H4,484,2017,280920,      7.00,      0.00,      7.00,      3.50,0,1,0,1,2,2
H4,484,2017,281000,      0.00,      0.00,      0.00,      0.00,0,2,0,0,2,2
H4,484,2017,281111,      7.00,      0.00,      7.00,      3.50,0,1,0,1,2,2
H4,484,2017,281119,      0.00,      0.00,      0.00,      0.00,0,2,0,0,2,2
H4,484,2017,281121,      0.00,      0.00,      0.00,      0.00,0,2,0,0,2,2
H4,484,2017,281122,      0.00,      0.00,      0.00,      0.00,0,2,0,0,2,2
H4,484,2017,281129,      0.00,      0.00,      0.00,      0.00,0,3,0,0,3,3
H4,484,2017,281210,      0.00,      0.00,      0.00,      0.00,0,4,0,0,4,4
H4,484,2017,281290,      0.00,      0.00,      0.00,      0.00,0,1,0,0,1,1
H4,484,2017,281310,      0.00,      0.00,      0.00,      0.00,0,1,0,0,1,1
H4,484,2017,281390,      0.00,      0.00,      0.00,      0.00,0,1,0,0,1,1
H4,484,2017,281410,      0.00,      0.00,      0.00,      0.00,0,1,0,0,1,1
H4,484,2017,281420,      0.00,      0.00,      0.00,      0.00,0,1,0,0,1,1
H4,484,2017,281511,      5.00,      5.00,      5.00,      5.00,0,0,0,1,1,1
H4,484,2017,281512,      0.00,      0.00,      0.00,      0.00,0,1,0,0,1,1
H4,484,2017,281520,      0.00,      0.00,      0.00,      0.00,0,2,0,0,2,2
H4,484,2017,281530,      0.00,      0.00,      0.00,      0.00,0,1,0,0,1,1
H4,484,2017,281610,      7.00,      7.00,      7.00,      7.00,0,0,0,1,1,1
H4,484,2017,281640,      0.00,      0.00,      0.00,      0.00,0,2,0,0,2,2
H4,484,2017,281700,      5.00,      0.00,      5.00,      2.50,0,1,0,1,2,2
H4,484,2017,281810,      0.00,      0.00,      0.00,      0.00,0,3,0,0,3,3
H4,484,2017,281820,      0.00,      0.00,      0.00,      0.00,0,2,0,0,2,2
H4,484,2017,281830,      0.00,      0.00,      0.00,      0.00,0,2,0,0,2,2
H4,484,2017,281910,      0.00,      0.00,      0.00,      0.00,0,1,0,0,1,1
H4,484,2017,281990,      0.00,      0.00,      0.00,      0.00,0,1,0,0,1,1
H4,484,2017,282010,      0.00,      0.00,      0.00,      0.00,0,2,0,0,2,2
H4,484,2017,282090,      0.00,      0.00,      0.00,      0.00,0,1,0,0,1,1
H4,484,2017,282110,      0.00,      0.00,      0.00,      0.00,0,3,0,0,3,3
H4,484,2017,282120,      0.00,      0.00,      0.00,      0.00,0,1,0,0,1,1
H4,484,2017,282200,      0.00,      0.00,      0.00,      0.00,0,1,0,0,1,1
H4,484,2017,282300,      7.00,      7.00,      7.00,      7.00,0,0,0,1,1,1
H4,484,2017,282410,      0.00,      0.00,      0.00,      0.00,0,1,0,0,1,1
H4,484,2017,282490,      0.00,      0.00,      0.00,      0.00,0,2,0,0,2,2
H4,484,2017,282510,      0.00,      0.00,      0.00,      0.00,0,2,0,0,2,2
H4,484,2017,282520,      0.00,      0.00,      0.00,      0.00,0,1,0,0,1,1
H4,484,2017,282530,      0.00,      0.00,      0.00,      0.00,0,1,0,0,1,1
H4,484,2017,282540,      0.00,      0.00,      0.00,      0.00,0,2,0,0,2,2
H4,484,2017,282550,      0.00,      0.00,      0.00,      0.00,0,3,0,0,3,3
H4,484,2017,282560,      0.00,      0.00,      0.00,      0.00,0,1,0,0,1,1
H4,484,2017,282570,      0.00,      0.00,      0.00,      0.00,0,1,0,0,1,1
H4,484,2017,282580,      0.00,      0.00,      0.00,      0.00,0,1,0,0,1,1
H4,484,2017,282590,      0.00,      0.00,      0.00,      0.00,0,2,0,0,2,2
H4,484,2017,282612,      0.00,      0.00,      0.00,      0.00,0,1,0,0,1,1
H4,484,2017,282619,      0.00,      0.00,      0.00,      0.00,0,3,0,0,3,3
H4,484,2017,282630,      0.00,      0.00,      0.00,      0.00,0,1,0,0,1,1
H4,484,2017,282690,      0.00,      0.00,      0.00,      0.00,0,2,0,0,2,2
H4,484,2017,282710,      0.00,      0.00,      0.00,      0.00,0,1,0,0,1,1
H4,484,2017,282720,      5.00,      5.00,      5.00,      5.00,0,0,0,1,1,1
H4,484,2017,282731,      0.00,      0.00,      0.00,      0.00,0,1,0,0,1,1
H4,484,2017,282732,      0.00,      0.00,      0.00,      0.00,0,1,0,0,1,1
H4,484,2017,282735,      0.00,      0.00,      0.00,      0.00,0,1,0,0,1,1
H4,484,2017,282739,      0.00,      0.00,      0.00,      0.00,0,7,0,0,7,7
H4,484,2017,282741,      0.00,      0.00,      0.00,      0.00,0,2,0,0,2,2
H4,484,2017,282749,      0.00,      0.00,      0.00,      0.00,0,1,0,0,1,1
H4,484,2017,282751,      0.00,      0.00,      0.00,      0.00,0,1,0,0,1,1
H4,484,2017,282759,      5.00,      5.00,      5.00,      5.00,0,0,0,1,1,1
H4,484,2017,282760,      0.00,      0.00,      0.00,      0.00,0,1,0,0,1,1
H4,484,2017,282810,      0.00,      0.00,      0.00,      0.00,0,1,0,0,1,1
H4,484,2017,282890,      5.00,      5.00,      5.00,      5.00,0,0,0,1,1,1
H4,484,2017,282911,      0.00,      0.00,      0.00,      0.00,0,2,0,0,2,2
H4,484,2017,282919,      0.00,      0.00,      0.00,      0.00,0,2,0,0,2,2
H4,484,2017,282990,      7.00,      0.00,      7.00,      3.50,0,1,0,1,2,2
H4,484,2017,283010,      0.00,      0.00,      0.00,      0.00,0,1,0,0,1,1
H4,484,2017,283090,      0.00,      0.00,      0.00,      0.00,0,3,0,0,3,3
H4,484,2017,283110,      0.00,      0.00,      0.00,      0.00,0,1,0,0,1,1
H4,484,2017,283190,      0.00,      0.00,      0.00,      0.00,0,2,0,0,2,2
H4,484,2017,283210,     14.00,      7.00,      7.00,      7.00,0,0,0,2,2,2
H4,484,2017,283220,      0.00,      0.00,      0.00,      0.00,0,2,0,0,2,2
H4,484,2017,283230,      7.00,      7.00,      7.00,      7.00,0,0,0,1,1,1
H4,484,2017,283311,      5.00,      5.00,      5.00,      5.00,0,0,0,1,1,1
H4,484,2017,283319,      0.00,      0.00,      0.00,      0.00,0,1,0,0,1,1
H4,484,2017,283321,      7.00,      7.00,      7.00,      7.00,0,0,0,1,1,1
H4,484,2017,283322,      0.00,      0.00,      0.00,      0.00,0,1,0,0,1,1
H4,484,2017,283324,      0.00,      0.00,      0.00,      0.00,0,1,0,0,1,1
H4,484,2017,283325,      5.00,      0.00,      5.00,      2.50,0,1,0,1,2,2
H4,484,2017,283327,      0.00,      0.00,      0.00,      0.00,0,1,0,0,1,1
H4,484,2017,283329,      7.00,      0.00,      7.00,      1.40,1,4,0,1,5,6
H4,484,2017,283330,      0.00,      0.00,      0.00,      0.00,0,1,0,0,1,1
H4,484,2017,283340,      0.00,      0.00,      0.00,      0.00,0,3,0,0,3,3
H4,484,2017,283410,      0.00,      0.00,      0.00,      0.00,0,2,0,0,2,2
H4,484,2017,283421,      0.00,      0.00,      0.00,      0.00,0,1,0,0,1,1
H4,484,2017,283429,      5.00,      0.00,      5.00,      2.50,0,1,0,1,2,2
H4,484,2017,283510,      0.00,      0.00,      0.00,      0.00,0,1,0,0,1,1
H4,484,2017,283522,      0.00,      0.00,      0.00,      0.00,0,1,0,0,1,1
H4,484,2017,283524,      0.00,      0.00,      0.00,      0.00,0,1,0,0,1,1
H4,484,2017,283525,      0.00,      0.00,      0.00,      0.00,0,2,0,0,2,2
H4,484,2017,283526,      0.00,      0.00,      0.00,      0.00,0,1,0,0,1,1
H4,484,2017,283529,      0.00,      0.00,      0.00,      0.00,0,4,0,0,4,4
H4,484,2017,283531,      7.00,      7.00,      7.00,      7.00,0,0,0,1,1,1
H4,484,2017,283539,     14.00,      0.00,      7.00,      4.67,0,1,0,2,3,3
H4,484,2017,283620,      7.00,      7.00,      7.00,      7.00,0,0,0,1,1,1
H4,484,2017,283630,      5.00,      5.00,      5.00,      5.00,0,0,0,1,1,1
H4,484,2017,283640,     14.00,      7.00,      7.00,      7.00,0,0,0,2,2,2
H4,484,2017,283650,      5.00,      5.00,      5.00,      5.00,0,0,0,1,1,1
H4,484,2017,283660,      0.00,      0.00,      0.00,      0.00,0,1,0,0,1,1
H4,484,2017,283691,      0.00,      0.00,      0.00,      0.00,0,1,0,0,1,1
H4,484,2017,283692,      0.00,      0.00,      0.00,      0.00,0,1,0,0,1,1
H4,484,2017,283699,      0.00,      0.00,      0.00,      0.00,0,5,0,0,5,5
H4,484,2017,283711,      0.00,      0.00,      0.00,      0.00,0,2,0,0,2,2
H4,484,2017,283719,      0.00,      0.00,      0.00,      0.00,0,2,0,0,2,2
H4,484,2017,283720,      0.00,      0.00,      0.00,      0.00,0,2,0,0,2,2
H4,484,2017,283911,      7.00,      7.00,      7.00,      7.00,0,0,0,1,1,1
H4,484,2017,283919,      5.00,      5.00,      5.00,      5.00,0,0,0,1,1,1
H4,484,2017,283990,      0.00,      0.00,      0.00,      0.00,0,4,0,0,4,4
H4,484,2017,284011,      0.00,      0.00,      0.00,      0.00,0,1,0,0,1,1
H4,484,2017,284019,      0.00,      0.00,      0.00,      0.00,0,1,0,0,1,1
H4,484,2017,284020,      0.00,      0.00,      0.00,      0.00,0,1,0,0,1,1
H4,484,2017,284030,      0.00,      0.00,      0.00,      0.00,0,1,0,0,1,1
H4,484,2017,284130,      0.00,      0.00,      0.00,      0.00,0,1,0,0,1,1
H4,484,2017,284150,      0.00,      0.00,      0.00,      0.00,0,3,0,0,3,3
H4,484,2017,284161,      0.00,      0.00,      0.00,      0.00,0,1,0,0,1,1
H4,484,2017,284169,      0.00,      0.00,      0.00,      0.00,0,1,0,0,1,1
H4,484,2017,284170,      0.00,      0.00,      0.00,      0.00,0,1,0,0,1,1
H4,484,2017,284180,      0.00,      0.00,      0.00,      0.00,0,1,0,0,1,1
H4,484,2017,284190,      0.00,      0.00,      0.00,      0.00,0,2,0,0,2,2
H4,484,2017,284210,      0.00,      0.00,      0.00,      0.00,0,2,0,0,2,2
H4,484,2017,284290,      0.00,      0.00,      0.00,      0.00,0,2,0,0,2,2
H4,484,2017,284310,      0.00,      0.00,      0.00,      0.00,0,1,0,0,1,1
H4,484,2017,284321,      0.00,      0.00,      0.00,      0.00,0,1,0,0,1,1
H4,484,2017,284329,      0.00,      0.00,      0.00,      0.00,0,1,0,0,1,1
H4,484,2017,284330,      0.00,      0.00,      0.00,      0.00,0,1,0,0,1,1
H4,484,2017,284390,      0.00,      0.00,      0.00,      0.00,0,2,0,0,2,2
H4,484,2017,284410,      0.00,      0.00,      0.00,      0.00,0,1,0,0,1,1
H4,484,2017,284420,      0.00,      0.00,      0.00,      0.00,0,1,0,0,1,1
H4,484,2017,284430,      0.00,      0.00,      0.00,      0.00,0,1,0,0,1,1
H4,484,2017,284440,      0.00,      0.00,      0.00,      0.00,0,3,0,0,3,3
H4,484,2017,284450,      0.00,      0.00,      0.00,      0.00,0,1,0,0,1,1
H4,484,2017,284510,      0.00,      0.00,      0.00,      0.00,0,1,0,0,1,1
H4,484,2017,284590,      0.00,      0.00,      0.00,      0.00,0,1,0,0,1,1
H4,484,2017,284610,      0.00,      0.00,      0.00,      0.00,0,1,0,0,1,1
H4,484,2017,284690,      0.00,      0.00,      0.00,      0.00,0,3,0,0,3,3
H4,484,2017,284700,      0.00,      0.00,      0.00,      0.00,0,1,0,0,1,1
H4,484,2017,284800,      0.00,      0.00,      0.00,      0.00,0,4,0,0,4,4
H4,484,2017,284910,      0.00,      0.00,      0.00,      0.00,0,1,0,0,1,1
H4,484,2017,284920,      0.00,      0.00,      0.00,      0.00,0,2,0,0,2,2
H4,484,2017,284990,      0.00,      0.00,      0.00,      0.00,0,1,0,0,1,1
H4,484,2017,285000,      0.00,      0.00,      0.00,      0.00,0,3,0,0,3,3
H4,484,2017,285210,      0.00,      0.00,      0.00,      0.00,0,4,0,0,4,4
H4,484,2017,285290,     10.00,      5.00,      5.00,      5.00,0,0,0,2,2,2
H4,484,2017,285300,      0.00,      0.00,      0.00,      0.00,0,1,0,0,1,1
H4,484,2017,290110,      0.00,      0.00,      0.00,      0.00,0,5,0,0,5,5
H4,484,2017,290121,      0.00,      0.00,      0.00,      0.00,0,1,0,0,1,1
H4,484,2017,290122,      0.00,      0.00,      0.00,      0.00,0,1,0,0,1,1
H4,484,2017,290123,      0.00,      0.00,      0.00,      0.00,0,1,0,0,1,1
H4,484,2017,290124,      0.00,      0.00,      0.00,      0.00,0,1,0,0,1,1
H4,484,2017,290129,      0.00,      0.00,      0.00,      0.00,0,1,0,0,1,1
H4,484,2017,290211,      0.00,      0.00,      0.00,      0.00,0,1,0,0,1,1
H4,484,2017,290219,      0.00,      0.00,      0.00,      0.00,0,4,0,0,4,4
H4,484,2017,290220,      0.00,      0.00,      0.00,      0.00,0,1,0,0,1,1
H4,484,2017,290230,      0.00,      0.00,      0.00,      0.00,0,1,0,0,1,1
H4,484,2017,290241,      0.00,      0.00,      0.00,      0.00,0,1,0,0,1,1
H4,484,2017,290242,      0.00,      0.00,      0.00,      0.00,0,1,0,0,1,1
H4,484,2017,290243,      0.00,      0.00,      0.00,      0.00,0,1,0,0,1,1
H4,484,2017,290244,      0.00,      0.00,      0.00,      0.00,0,1,0,0,1,1
H4,484,2017,290250,      0.00,      0.00,      0.00,      0.00,0,1,0,0,1,1
H4,484,2017,290260,      0.00,      0.00,      0.00,      0.00,0,1,0,0,1,1
H4,484,2017,290270,      0.00,      0.00,      0.00,      0.00,0,1,0,0,1,1
H4,484,2017,290290,      0.00,      0.00,      0.00,      0.00,0,8,0,0,8,8
H4,484,2017,290311,      0.00,      0.00,      0.00,      0.00,0,1,0,0,1,1
H4,484,2017,290312,      0.00,      0.00,      0.00,      0.00,0,1,0,0,1,1
H4,484,2017,290313,      0.00,      0.00,      0.00,      0.00,0,2,0,0,2,2
H4,484,2017,290314,      0.00,      0.00,      0.00,      0.00,0,1,0,0,1,1
H4,484,2017,290315,      0.00,      0.00,      0.00,      0.00,0,1,0,0,1,1
H4,484,2017,290319,      0.00,      0.00,      0.00,      0.00,0,5,0,0,5,5
H4,484,2017,290321,      0.00,      0.00,      0.00,      0.00,0,1,0,0,1,1
H4,484,2017,290322,      0.00,      0.00,      0.00,      0.00,0,1,0,0,1,1
H4,484,2017,290323,      0.00,      0.00,      0.00,      0.00,0,1,0,0,1,1
H4,484,2017,290329,      0.00,      0.00,      0.00,      0.00,0,2,0,0,2,2
H4,484,2017,290331,      0.00,      0.00,      0.00,      0.00,0,1,0,0,1,1
H4,484,2017,290339,      0.00,      0.00,      0.00,      0.00,0,3,0,0,3,3
H4,484,2017,290371,      0.00,      0.00,      0.00,      0.00,0,1,0,0,1,1
H4,484,2017,290372,      0.00,      0.00,      0.00,      0.00,0,1,0,0,1,1
H4,484,2017,290373,      0.00,      0.00,      0.00,      0.00,0,1,0,0,1,1
H4,484,2017,290374,      0.00,      0.00,      0.00,      0.00,0,1,0,0,1,1
H4,484,2017,290375,      0.00,      0.00,      0.00,      0.00,0,1,0,0,1,1
H4,484,2017,290376,      0.00,      0.00,      0.00,      0.00,0,1,0,0,1,1
H4,484,2017,290377,      0.00,      0.00,      0.00,      0.00,0,5,0,0,5,5
H4,484,2017,290378,      0.00,      0.00,      0.00,      0.00,0,1,0,0,1,1
H4,484,2017,290379,      0.00,      0.00,      0.00,      0.00,0,4,0,0,4,4
H4,484,2017,290381,      0.00,      0.00,      0.00,      0.00,0,3,0,0,3,3
H4,484,2017,290382,      0.00,      0.00,      0.00,      0.00,1,2,0,0,2,3
H4,484,2017,290389,      0.00,      0.00,      0.00,      0.00,1,3,0,0,3,4
H4,484,2017,290391,      0.00,      0.00,      0.00,      0.00,0,1,0,0,1,1
H4,484,2017,290392,      0.00,      0.00,      0.00,      0.00,0,2,0,0,2,2
H4,484,2017,290399,      0.00,      0.00,      0.00,      0.00,0,6,0,0,6,6
H4,484,2017,290410,      5.00,      0.00,      5.00,      0.83,0,5,0,1,6,6
H4,484,2017,290420,      0.00,      0.00,      0.00,      0.00,0,9,0,0,9,9
H4,484,2017,290490,      0.00,      0.00,      0.00,      0.00,0,8,0,0,8,8
H4,484,2017,290511,      0.00,      0.00,      0.00,      0.00,0,1,0,0,1,1
H4,484,2017,290512,      0.00,      0.00,      0.00,      0.00,0,2,0,0,2,2
H4,484,2017,290513,      0.00,      0.00,      0.00,      0.00,0,1,0,0,1,1
H4,484,2017,290514,      0.00,      0.00,      0.00,      0.00,0,4,0,0,4,4
H4,484,2017,290516,      0.00,      0.00,      0.00,      0.00,0,3,0,0,3,3
H4,484,2017,290517,      0.00,      0.00,      0.00,      0.00,0,1,0,0,1,1
H4,484,2017,290519,      7.00,      0.00,      7.00,      0.78,0,8,0,1,9,9
H4,484,2017,290522,      0.00,      0.00,      0.00,      0.00,0,6,0,0,6,6
H4,484,2017,290529,      0.00,      0.00,      0.00,      0.00,0,4,0,0,4,4
H4,484,2017,290531,      5.00,      5.00,      5.00,      5.00,0,0,0,1,1,1
H4,484,2017,290532,      7.00,      7.00,      7.00,      7.00,0,0,0,1,1,1
H4,484,2017,290539,     10.00,      0.00,      5.00,      2.00,0,3,0,2,5,5
H4,484,2017,290541,      0.00,      0.00,      0.00,      0.00,0,1,0,0,1,1
H4,484,2017,290542,      0.00,      0.00,      0.00,      0.00,0,1,0,0,1,1
H4,484,2017,290543,      0.00,      0.00,      0.00,      0.00,0,1,0,0,1,1
H4,484,2017,290544,      5.00,      5.00,      5.00,      5.00,0,0,0,1,1,1
H4,484,2017,290545,     22.00,      7.00,     15.00,     11.00,0,0,0,2,2,2
H4,484,2017,290549,      0.00,      0.00,      0.00,      0.00,0,3,0,0,3,3
H4,484,2017,290551,      0.00,      0.00,      0.00,      0.00,0,1,0,0,1,1
H4,484,2017,290559,      0.00,      0.00,      0.00,      0.00,0,6,0,0,6,6
H4,484,2017,290611,      0.00,      0.00,      0.00,      0.00,0,1,0,0,1,1
H4,484,2017,290612,      0.00,      0.00,      0.00,      0.00,0,2,0,0,2,2
H4,484,2017,290613,      0.00,      0.00,      0.00,      0.00,0,3,0,0,3,3
H4,484,2017,290619,      0.00,      0.00,      0.00,      0.00,0,4,0,0,4,4
H4,484,2017,290621,      0.00,      0.00,      0.00,      0.00,0,1,0,0,1,1
H4,484,2017,290629,      7.00,      0.00,      7.00,      1.00,0,6,0,1,7,7
H4,484,2017,290711,      0.00,      0.00,      0.00,      0.00,0,2,0,0,2,2
H4,484,2017,290712,      0.00,      0.00,      0.00,      0.00,0,2,0,0,2,2
H4,484,2017,290713,      0.00,      0.00,      0.00,      0.00,0,3,0,0,3,3
H4,484,2017,290715,      0.00,      0.00,      0.00,      0.00,0,3,0,0,3,3
H4,484,2017,290719,      0.00,      0.00,      0.00,      0.00,0,10,0,0,10,10
H4,484,2017,290721,      0.00,      0.00,      0.00,      0.00,0,1,0,0,1,1
H4,484,2017,290722,      7.00,      0.00,      7.00,      3.50,0,1,0,1,2,2
H4,484,2017,290723,      0.00,      0.00,      0.00,      0.00,0,2,0,0,2,2
H4,484,2017,290729,      0.00,      0.00,      0.00,      0.00,0,6,0,0,6,6
H4,484,2017,290811,      0.00,      0.00,      0.00,      0.00,0,1,0,0,1,1
H4,484,2017,290819,      0.00,      0.00,      0.00,      0.00,0,8,0,0,8,8
H4,484,2017,290891,      0.00,      0.00,      0.00,      0.00,0,1,0,0,1,1
H4,484,2017,290892,      0.00,      0.00,      0.00,      0.00,0,1,0,0,1,1
H4,484,2017,290899,      7.00,      0.00,      7.00,      0.54,0,12,0,1,13,13
H4,484,2017,290911,      0.00,      0.00,      0.00,      0.00,0,1,0,0,1,1
H4,484,2017,290919,      0.00,      0.00,      0.00,      0.00,0,4,0,0,4,4
H4,484,2017,290920,      0.00,      0.00,      0.00,      0.00,0,1,0,0,1,1
H4,484,2017,290930,      0.00,      0.00,      0.00,      0.00,0,10,0,0,10,10
H4,484,2017,290941,      7.00,      7.00,      7.00,      7.00,0,0,0,1,1,1
H4,484,2017,290943,      7.00,      7.00,      7.00,      7.00,0,0,0,1,1,1
H4,484,2017,290944,     14.00,      0.00,      7.00,      3.50,0,2,0,2,4,4
H4,484,2017,290949,     33.00,      0.00,      7.00,      3.30,0,5,0,5,10,10
H4,484,2017,290950,      7.00,      0.00,      7.00,      1.17,0,5,0,1,6,6
H4,484,2017,290960,      7.00,      0.00,      7.00,      1.17,0,5,0,1,6,6
H4,484,2017,291010,      0.00,      0.00,      0.00,      0.00,0,1,0,0,1,1
H4,484,2017,291020,      0.00,      0.00,      0.00,      0.00,0,1,0,0,1,1
H4,484,2017,291030,      0.00,      0.00,      0.00,      0.00,0,1,0,0,1,1
H4,484,2017,291040,      0.00,      0.00,      0.00,      0.00,0,1,0,0,1,1
H4,484,2017,291090,      0.00,      0.00,      0.00,      0.00,1,2,0,0,2,3
H4,484,2017,291100,      0.00,      0.00,      0.00,      0.00,0,4,0,0,4,4
H4,484,2017,291211,      7.00,      7.00,      7.00,      7.00,0,0,0,1,1,1
H4,484,2017,291212,      0.00,      0.00,      0.00,      0.00,0,1,0,0,1,1
H4,484,2017,291219,      7.00,      0.00,      7.00,      0.54,0,12,0,1,13,13
H4,484,2017,291221,      0.00,      0.00,      0.00,      0.00,0,1,0,0,1,1
H4,484,2017,291229,      0.00,      0.00,      0.00,      0.00,0,6,0,0,6,6
H4,484,2017,291241,      0.00,      0.00,      0.00,      0.00,0,1,0,0,1,1
H4,484,2017,291242,      0.00,      0.00,      0.00,      0.00,0,1,0,0,1,1
H4,484,2017,291249,      0.00,      0.00,      0.00,      0.00,0,5,0,0,5,5
H4,484,2017,291250,      0.00,      0.00,      0.00,      0.00,0,1,0,0,1,1
H4,484,2017,291260,      0.00,      0.00,      0.00,      0.00,0,1,0,0,1,1
H4,484,2017,291300,      0.00,      0.00,      0.00,      0.00,0,3,0,0,3,3
H4,484,2017,291411,      0.00,      0.00,      0.00,      0.00,0,1,0,0,1,1
H4,484,2017,291412,      0.00,      0.00,      0.00,      0.00,0,1,0,0,1,1
H4,484,2017,291413,      7.00,      7.00,      7.00,      7.00,0,0,0,1,1,1
H4,484,2017,291419,      7.00,      0.00,      7.00,      1.00,0,6,0,1,7,7
H4,484,2017,291422,      0.00,      0.00,      0.00,      0.00,0,1,0,0,1,1
H4,484,2017,291423,      0.00,      0.00,      0.00,      0.00,0,2,0,0,2,2
H4,484,2017,291429,      5.00,      0.00,      5.00,      1.00,0,4,0,1,5,5
H4,484,2017,291431,      0.00,      0.00,      0.00,      0.00,0,1,0,0,1,1
H4,484,2017,291439,      0.00,      0.00,      0.00,      0.00,0,8,0,0,8,8
H4,484,2017,291440,     12.00,      0.00,      7.00,      4.00,0,1,0,2,3,3
H4,484,2017,291450,      0.00,      0.00,      0.00,      0.00,0,4,0,0,4,4
H4,484,2017,291461,      0.00,      0.00,      0.00,      0.00,0,1,0,0,1,1
H4,484,2017,291469,      0.00,      0.00,      0.00,      0.00,0,3,0,0,3,3
H4,484,2017,291470,      0.00,      0.00,      0.00,      0.00,0,4,0,0,4,4
H4,484,2017,291511,      0.00,      0.00,      0.00,      0.00,0,1,0,0,1,1
H4,484,2017,291512,      0.00,      0.00,      0.00,      0.00,0,3,0,0,3,3
H4,484,2017,291513,      0.00,      0.00,      0.00,      0.00,0,1,0,0,1,1
H4,484,2017,291521,      0.00,      0.00,      0.00,      0.00,0,1,0,0,1,1
H4,484,2017,291524,     10.00,     10.00,     10.00,     10.00,0,0,0,1,1,1
H4,484,2017,291529,      0.00,      0.00,      0.00,      0.00,0,3,0,0,3,3
H4,484,2017,291531,     10.00,     10.00,     10.00,     10.00,0,0,0,1,1,1
H4,484,2017,291532,      0.00,      0.00,      0.00,      0.00,0,1,0,0,1,1
H4,484,2017,291533,      0.00,      0.00,      0.00,      0.00,0,1,0,0,1,1
H4,484,2017,291536,      0.00,      0.00,      0.00,      0.00,0,1,0,0,1,1
H4,484,2017,291539,     52.00,      0.00,     10.00,      2.74,0,10,0,9,19,19
H4,484,2017,291540,      9.00,      0.00,      9.00,      1.80,0,4,0,1,5,5
H4,484,2017,291550,      5.00,      0.00,      5.00,      0.83,0,5,0,1,6,6
H4,484,2017,291560,     10.00,      0.00,      5.00,      2.50,0,2,0,2,4,4
H4,484,2017,291570,     35.00,      0.00,      5.00,      3.50,0,3,0,7,10,10
H4,484,2017,291590,     47.00,      0.00,     10.00,      1.38,0,26,0,8,34,34
H4,484,2017,291611,      5.00,      5.00,      5.00,      5.00,0,0,0,1,1,1
H4,484,2017,291612,     16.00,      0.00,      7.00,      4.00,0,1,0,3,4,4
H4,484,2017,291613,      0.00,      0.00,      0.00,      0.00,0,1,0,0,1,1
H4,484,2017,291614,     26.00,      0.00,      7.00,      5.20,0,1,0,4,5,5
H4,484,2017,291615,     15.00,      0.00,      5.00,      3.00,0,2,0,3,5,5
H4,484,2017,291616,      0.00,      0.00,      0.00,      0.00,0,1,0,0,1,1
H4,484,2017,291619,      0.00,      0.00,      0.00,      0.00,0,6,0,0,6,6
H4,484,2017,291620,      0.00,      0.00,      0.00,      0.00,0,5,0,0,5,5
H4,484,2017,291631,     15.00,      0.00,      5.00,      2.50,0,3,0,3,6,6
H4,484,2017,291632,      0.00,      0.00,      0.00,      0.00,0,2,0,0,2,2
H4,484,2017,291634,      0.00,      0.00,      0.00,      0.00,0,1,0,0,1,1
H4,484,2017,291639,      0.00,      0.00,      0.00,      0.00,0,9,0,0,9,9
H4,484,2017,291711,      0.00,      0.00,      0.00,      0.00,0,2,0,0,2,2
H4,484,2017,291712,      0.00,      0.00,      0.00,      0.00,0,1,0,0,1,1
H4,484,2017,291713,      0.00,      0.00,      0.00,      0.00,0,3,0,0,3,3
H4,484,2017,291714,     10.00,     10.00,     10.00,     10.00,0,0,0,1,1,1
H4,484,2017,291719,     12.00,      0.00,      7.00,      1.33,0,7,0,2,9,9
H4,484,2017,291720,      0.00,      0.00,      0.00,      0.00,0,4,0,0,4,4
H4,484,2017,291732,      3.00,      3.00,      3.00,      3.00,0,0,0,1,1,1
H4,484,2017,291733,      7.00,      7.00,      7.00,      7.00,0,0,0,1,1,1
H4,484,2017,291734,      7.00,      0.00,      7.00,      3.50,0,1,0,1,2,2
H4,484,2017,291735,     10.00,     10.00,     10.00,     10.00,0,0,0,1,1,1
H4,484,2017,291736,     10.00,     10.00,     10.00,     10.00,0,0,0,1,1,1
H4,484,2017,291737,     10.00,     10.00,     10.00,     10.00,0,0,0,1,1,1
H4,484,2017,291739,     12.00,      0.00,      7.00,      1.71,0,5,0,2,7,7
H4,484,2017,291811,      0.00,      0.00,      0.00,      0.00,0,1,0,0,1,1
H4,484,2017,291812,      5.00,      5.00,      5.00,      5.00,0,0,0,1,1,1
H4,484,2017,291813,      0.00,      0.00,      0.00,      0.00,0,5,0,0,5,5
H4,484,2017,291814,      0.00,      0.00,      0.00,      0.00,0,1,0,0,1,1
H4,484,2017,291815,      5.00,      0.00,      5.00,      1.25,2,3,0,1,4,6
H4,484,2017,291816,      0.00,      0.00,      0.00,      0.00,0,3,0,0,3,3
H4,484,2017,291818,      0.00,      0.00,      0.00,      0.00,0,1,0,0,1,1
H4,484,2017,291819,      5.00,      0.00,      5.00,      0.45,0,10,0,1,11,11
H4,484,2017,291821,      5.00,      0.00,      5.00,      1.67,0,2,0,1,3,3
H4,484,2017,291822,      0.00,      0.00,      0.00,      0.00,0,2,0,0,2,2
H4,484,2017,291823,      0.00,      0.00,      0.00,      0.00,0,4,0,0,4,4
H4,484,2017,291829,     10.00,      0.00,      5.00,      0.59,0,15,0,2,17,17
H4,484,2017,291830,      0.00,      0.00,      0.00,      0.00,0,10,0,0,10,10
H4,484,2017,291891,      0.00,      0.00,      0.00,      0.00,0,1,0,0,1,1
H4,484,2017,291899,     20.00,      0.00,     10.00,      0.95,0,18,0,3,21,21
H4,484,2017,291910,      0.00,      0.00,      0.00,      0.00,0,1,0,0,1,1
H4,484,2017,291990,      5.00,      0.00,      5.00,      0.38,0,12,0,1,13,13
H4,484,2017,292011,      5.00,      0.00,      5.00,      2.50,0,1,0,1,2,2
H4,484,2017,292019,      0.00,      0.00,      0.00,      0.00,0,3,0,0,3,3
H4,484,2017,292090,     15.00,      0.00,     10.00,      1.07,0,12,0,2,14,14
H4,484,2017,292111,     30.00,      0.00,     10.00,      6.00,0,2,0,3,5,5
H4,484,2017,292119,     25.00,      0.00,      5.00,      1.39,0,13,0,5,18,18
H4,484,2017,292121,      0.00,      0.00,      0.00,      0.00,0,2,0,0,2,2
H4,484,2017,292122,      0.00,      0.00,      0.00,      0.00,0,1,0,0,1,1
H4,484,2017,292129,      7.00,      0.00,      7.00,      0.58,0,11,0,1,12,12
H4,484,2017,292130,     10.00,      0.00,      5.00,      3.33,0,1,0,2,3,3
H4,484,2017,292141,      0.00,      0.00,      0.00,      0.00,0,1,0,0,1,1
H4,484,2017,292142,     10.00,      0.00,      5.00,      0.53,0,17,0,2,19,19
H4,484,2017,292143,      0.00,      0.00,      0.00,      0.00,0,13,0,0,13,13
H4,484,2017,292144,      0.00,      0.00,      0.00,      0.00,0,2,0,0,2,2
H4,484,2017,292145,      5.00,      0.00,      5.00,      0.56,0,8,0,1,9,9
H4,484,2017,292146,      0.00,      0.00,      0.00,      0.00,0,1,0,0,1,1
H4,484,2017,292149,      5.00,      0.00,      5.00,      0.31,0,15,0,1,16,16
H4,484,2017,292151,      7.00,      0.00,      7.00,      0.70,0,9,0,1,10,10
H4,484,2017,292159,      0.00,      0.00,      0.00,      0.00,0,11,0,0,11,11
H4,484,2017,292211,     10.00,      0.00,     10.00,      5.00,0,1,0,1,2,2
H4,484,2017,292212,     10.00,      0.00,     10.00,      5.00,0,1,0,1,2,2
H4,484,2017,292213,     10.00,      0.00,     10.00,      5.00,0,1,0,1,2,2
H4,484,2017,292214,      0.00,      0.00,      0.00,      0.00,0,3,0,0,3,3
H4,484,2017,292219,     20.00,      0.00,      5.00,      0.48,0,38,0,4,42,42
H4,484,2017,292221,      0.00,      0.00,      0.00,      0.00,0,3,0,0,3,3
H4,484,2017,292229,      0.00,      0.00,      0.00,      0.00,0,25,0,0,25,25
H4,484,2017,292231,      0.00,      0.00,      0.00,      0.00,0,1,0,0,1,1
H4,484,2017,292239,      5.00,      0.00,      5.00,      0.42,0,11,0,1,12,12
H4,484,2017,292241,      0.00,      0.00,      0.00,      0.00,0,2,0,0,2,2
H4,484,2017,292242,      5.00,      0.00,      5.00,      2.50,0,1,0,1,2,2
H4,484,2017,292243,      0.00,      0.00,      0.00,      0.00,0,1,0,0,1,1
H4,484,2017,292244,      0.00,      0.00,      0.00,      0.00,0,1,0,0,1,1
H4,484,2017,292249,     22.00,      0.00,     10.00,      0.92,0,21,0,3,24,24
H4,484,2017,292250,      5.00,      0.00,      5.00,      0.22,0,22,0,1,23,23
H4,484,2017,292310,     10.00,      0.00,     10.00,      3.33,0,2,0,1,3,3
H4,484,2017,292320,      0.00,      0.00,      0.00,      0.00,0,2,0,0,2,2
H4,484,2017,292390,     10.00,      0.00,      5.00,      0.77,0,11,0,2,13,13
H4,484,2017,292411,      0.00,      0.00,      0.00,      0.00,0,1,0,0,1,1
H4,484,2017,292412,      0.00,      0.00,      0.00,      0.00,0,2,0,0,2,2
H4,484,2017,292419,     17.00,      0.00,     10.00,      1.13,0,13,0,2,15,15
H4,484,2017,292421,      0.00,      0.00,      0.00,      0.00,0,8,0,0,8,8
H4,484,2017,292423,      0.00,      0.00,      0.00,      0.00,0,1,0,0,1,1
H4,484,2017,292424,      0.00,      0.00,      0.00,      0.00,0,1,0,0,1,1
H4,484,2017,292429,      5.00,      0.00,      5.00,      0.10,0,48,0,1,49,49
H4,484,2017,292511,      0.00,      0.00,      0.00,      0.00,0,1,0,0,1,1
H4,484,2017,292512,      0.00,      0.00,      0.00,      0.00,0,1,0,0,1,1
H4,484,2017,292519,      0.00,      0.00,      0.00,      0.00,0,4,0,0,4,4
H4,484,2017,292521,      0.00,      0.00,      0.00,      0.00,0,1,0,0,1,1
H4,484,2017,292529,      0.00,      0.00,      0.00,      0.00,0,5,0,0,5,5
H4,484,2017,292610,      0.00,      0.00,      0.00,      0.00,0,1,0,0,1,1
H4,484,2017,292620,      0.00,      0.00,      0.00,      0.00,0,1,0,0,1,1
H4,484,2017,292630,      0.00,      0.00,      0.00,      0.00,0,1,0,0,1,1
H4,484,2017,292690,      0.00,      0.00,      0.00,      0.00,0,10,0,0,10,10
H4,484,2017,292700,      0.00,      0.00,      0.00,      0.00,0,6,0,0,6,6
H4,484,2017,292800,     14.00,      0.00,      7.00,      1.75,0,6,0,2,8,8
H4,484,2017,292910,     10.00,      0.00,      5.00,      1.43,0,5,0,2,7,7
H4,484,2017,292990,      0.00,      0.00,      0.00,      0.00,0,3,0,0,3,3
H4,484,2017,293020,     15.00,      0.00,      5.00,      1.50,0,7,0,3,10,10
H4,484,2017,293030,      0.00,      0.00,      0.00,      0.00,0,2,0,0,2,2
H4,484,2017,293040,      0.00,      0.00,      0.00,      0.00,0,1,0,0,1,1
H4,484,2017,293050,      0.00,      0.00,      0.00,      0.00,0,2,0,0,2,2
H4,484,2017,293090,     10.00,      0.00,      5.00,      0.14,0,70,0,2,72,72
H4,484,2017,293110,      0.00,      0.00,      0.00,      0.00,0,1,0,0,1,1
H4,484,2017,293120,      0.00,      0.00,      0.00,      0.00,0,1,0,0,1,1
H4,484,2017,293190,     15.00,      0.00,      5.00,      0.71,1,18,0,3,21,22
H4,484,2017,293211,      0.00,      0.00,      0.00,      0.00,0,1,0,0,1,1
H4,484,2017,293212,      0.00,      0.00,      0.00,      0.00,0,1,0,0,1,1
H4,484,2017,293213,      0.00,      0.00,      0.00,      0.00,0,1,0,0,1,1
H4,484,2017,293219,      5.00,      0.00,      5.00,      0.83,0,5,0,1,6,6
H4,484,2017,293220,      0.00,      0.00,      0.00,      0.00,0,11,0,0,11,11
H4,484,2017,293291,      0.00,      0.00,      0.00,      0.00,0,1,0,0,1,1
H4,484,2017,293292,      0.00,      0.00,      0.00,      0.00,0,1,0,0,1,1
H4,484,2017,293293,      0.00,      0.00,      0.00,      0.00,0,1,0,0,1,1
H4,484,2017,293294,      0.00,      0.00,      0.00,      0.00,0,1,0,0,1,1
H4,484,2017,293295,      0.00,      0.00,      0.00,      0.00,0,1,0,0,1,1
H4,484,2017,293299,      0.00,      0.00,      0.00,      0.00,0,12,0,0,12,12
H4,484,2017,293311,      0.00,      0.00,      0.00,      0.00,0,3,0,0,3,3
H4,484,2017,293319,     10.00,      0.00,      5.00,      1.00,0,8,0,2,10,10
H4,484,2017,293321,      0.00,      0.00,      0.00,      0.00,0,1,0,0,1,1
H4,484,2017,293329,      0.00,      0.00,      0.00,      0.00,0,17,0,0,17,17
H4,484,2017,293331,      0.00,      0.00,      0.00,      0.00,0,2,0,0,2,2
H4,484,2017,293332,      5.00,      0.00,      5.00,      2.50,0,1,0,1,2,2
H4,484,2017,293333,      0.00,      0.00,      0.00,      0.00,0,2,0,0,2,2
H4,484,2017,293339,     20.00,      0.00,      5.00,      0.63,0,28,0,4,32,32
H4,484,2017,293341,      0.00,      0.00,      0.00,      0.00,0,1,0,0,1,1
H4,484,2017,293349,     15.00,      0.00,      5.00,      1.07,0,11,0,3,14,14
H4,484,2017,293352,      0.00,      0.00,      0.00,      0.00,0,1,0,0,1,1
H4,484,2017,293353,      0.00,      0.00,      0.00,      0.00,0,1,0,0,1,1
H4,484,2017,293354,      0.00,      0.00,      0.00,      0.00,0,1,0,0,1,1
H4,484,2017,293355,      0.00,      0.00,      0.00,      0.00,0,3,0,0,3,3
H4,484,2017,293359,      5.00,      0.00,      5.00,      0.24,0,20,0,1,21,21
H4,484,2017,293361,      0.00,      0.00,      0.00,      0.00,0,1,0,0,1,1
H4,484,2017,293369,     10.00,      0.00,      5.00,      0.63,0,14,0,2,16,16
H4,484,2017,293371,      7.00,      7.00,      7.00,      7.00,0,0,0,1,1,1
H4,484,2017,293372,      0.00,      0.00,      0.00,      0.00,0,1,0,0,1,1
H4,484,2017,293379,      0.00,      0.00,      0.00,      0.00,0,5,0,0,5,5
H4,484,2017,293391,      0.00,      0.00,      0.00,      0.00,0,2,0,0,2,2
H4,484,2017,293399,     15.00,      0.00,      5.00,      0.31,0,46,0,3,49,49
H4,484,2017,293410,      0.00,      0.00,      0.00,      0.00,0,9,0,0,9,9
H4,484,2017,293420,      5.00,      0.00,      5.00,      0.71,0,6,0,1,7,7
H4,484,2017,293430,      0.00,      0.00,      0.00,      0.00,0,2,0,0,2,2
H4,484,2017,293491,      0.00,      0.00,      0.00,      0.00,0,1,0,0,1,1
H4,484,2017,293499,     25.00,      0.00,      5.00,      0.50,0,45,0,5,50,50
H4,484,2017,293500,     20.00,      0.00,      5.00,      0.53,0,34,0,4,38,38
H4,484,2017,293621,      0.00,      0.00,      0.00,      0.00,0,3,0,0,3,3
H4,484,2017,293622,      0.00,      0.00,      0.00,      0.00,0,4,0,0,4,4
H4,484,2017,293623,      0.00,      0.00,      0.00,      0.00,0,3,0,0,3,3
H4,484,2017,293624,      0.00,      0.00,      0.00,      0.00,0,3,0,0,3,3
H4,484,2017,293625,      0.00,      0.00,      0.00,      0.00,0,2,0,0,2,2
H4,484,2017,293626,      5.00,      0.00,      5.00,      1.67,0,2,0,1,3,3
H4,484,2017,293627,      0.00,      0.00,      0.00,      0.00,0,2,0,0,2,2
H4,484,2017,293628,      0.00,      0.00,      0.00,      0.00,0,2,0,0,2,2
H4,484,2017,293629,     10.00,      0.00,      5.00,      1.11,0,7,0,2,9,9
H4,484,2017,293690,      0.00,      0.00,      0.00,      0.00,0,5,0,0,5,5
H4,484,2017,293711,      0.00,      0.00,      0.00,      0.00,0,1,0,0,1,1
H4,484,2017,293712,      0.00,      0.00,      0.00,      0.00,0,2,0,0,2,2
H4,484,2017,293719,      0.00,      0.00,      0.00,      0.00,0,6,0,0,6,6
H4,484,2017,293721,      0.00,      0.00,      0.00,      0.00,0,4,0,0,4,4
H4,484,2017,293722,     10.00,      0.00,      5.00,      0.91,0,9,0,2,11,11
H4,484,2017,293723,     50.00,      0.00,      5.00,      2.08,0,14,0,10,24,24
H4,484,2017,293729,     50.00,      0.00,     15.00,      1.16,0,35,0,8,43,43
H4,484,2017,293750,      0.00,      0.00,      0.00,      0.00,0,2,0,0,2,2
H4,484,2017,293790,      0.00,      0.00,      0.00,      0.00,0,5,0,0,5,5
H4,484,2017,293810,      0.00,      0.00,      0.00,      0.00,0,1,0,0,1,1
H4,484,2017,293890,      0.00,      0.00,      0.00,      0.00,0,8,0,0,8,8
H4,484,2017,293911,      0.00,      0.00,      0.00,      0.00,1,17,0,0,17,18
H4,484,2017,293919,      0.00,      0.00,      0.00,      0.00,0,7,0,0,7,7
H4,484,2017,293920,      0.00,      0.00,      0.00,      0.00,0,2,0,0,2,2
H4,484,2017,293930,      0.00,      0.00,      0.00,      0.00,0,3,0,0,3,3
H4,484,2017,293941,      0.00,      0.00,      0.00,      0.00,0,1,0,0,1,1
H4,484,2017,293942,      0.00,      0.00,      0.00,      0.00,0,1,0,0,1,1
H4,484,2017,293943,      0.00,      0.00,      0.00,      0.00,0,1,0,0,1,1
H4,484,2017,293944,      0.00,      0.00,      0.00,      0.00,0,2,0,0,2,2
H4,484,2017,293949,      0.00,      0.00,      0.00,      0.00,0,1,0,0,1,1
H4,484,2017,293951,      0.00,      0.00,      0.00,      0.00,0,1,0,0,1,1
H4,484,2017,293959,      0.00,      0.00,      0.00,      0.00,0,3,0,0,3,3
H4,484,2017,293961,      0.00,      0.00,      0.00,      0.00,0,1,0,0,1,1
H4,484,2017,293962,      0.00,      0.00,      0.00,      0.00,0,1,0,0,1,1
H4,484,2017,293963,      0.00,      0.00,      0.00,      0.00,0,1,0,0,1,1
H4,484,2017,293969,      0.00,      0.00,      0.00,      0.00,0,2,0,0,2,2
H4,484,2017,293991,      0.00,      0.00,      0.00,      0.00,0,2,0,0,2,2
H4,484,2017,293999,      0.00,      0.00,      0.00,      0.00,0,19,0,0,19,19
H4,484,2017,294000,      0.00,      0.00,      0.00,      0.00,0,5,0,0,5,5
H4,484,2017,294110,     20.00,      0.00,      5.00,      1.43,0,10,0,4,14,14
H4,484,2017,294120,      0.00,      0.00,      0.00,      0.00,0,1,0,0,1,1
H4,484,2017,294130,      0.00,      0.00,      0.00,      0.00,0,4,0,0,4,4
H4,484,2017,294140,      0.00,      0.00,      0.00,      0.00,0,3,0,0,3,3
H4,484,2017,294150,      0.00,      0.00,      0.00,      0.00,0,2,0,0,2,2
H4,484,2017,294190,      5.00,      0.00,      5.00,      0.28,0,17,0,1,18,18
H4,484,2017,294200,      0.00,      0.00,      0.00,      0.00,0,1,0,0,1,1
H4,484,2017,300120,      5.00,      0.00,      5.00,      0.83,0,5,0,1,6,6
H4,484,2017,300190,     15.00,      0.00,      5.00,      1.67,0,6,0,3,9,9
H4,484,2017,300210,     90.00,      0.00,     15.00,      3.91,0,8,0,15,23,23
H4,484,2017,300220,     25.00,      0.00,      5.00,      2.50,0,5,0,5,10,10
H4,484,2017,300230,     15.00,      5.00,      5.00,      5.00,0,0,0,3,3,3
H4,484,2017,300290,     20.00,      0.00,      5.00,      4.00,0,1,0,4,5,5
H4,484,2017,300310,     15.00,     15.00,     15.00,     15.00,0,0,0,1,1,1
H4,484,2017,300320,     10.00,      0.00,     10.00,      5.00,0,1,0,1,2,2
H4,484,2017,300331,     10.00,      5.00,      5.00,      5.00,0,0,0,2,2,2
H4,484,2017,300339,     20.00,      0.00,     10.00,      6.67,0,1,0,2,3,3
H4,484,2017,300340,     10.00,      0.00,      5.00,      3.33,2,1,0,2,3,5
H4,484,2017,300390,     20.00,      0.00,     10.00,      0.95,1,18,0,3,21,22
H4,484,2017,300410,     20.00,      5.00,     15.00,     10.00,0,0,0,2,2,2
H4,484,2017,300420,     15.00,      0.00,     15.00,      3.75,0,3,0,1,4,4
H4,484,2017,300431,     20.00,     10.00,     10.00,     10.00,0,0,0,2,2,2
H4,484,2017,300432,     10.00,      0.00,     10.00,      5.00,0,1,0,1,2,2
H4,484,2017,300439,     20.00,      0.00,     10.00,      2.86,0,5,0,2,7,7
H4,484,2017,300440,     25.00,      0.00,     10.00,      6.25,2,1,0,3,4,6
H4,484,2017,300450,     30.00,      0.00,     15.00,      6.00,0,3,0,2,5,5
H4,484,2017,300490,     90.00,      0.00,     15.00,      1.84,1,36,0,13,49,50
H4,484,2017,300510,     40.00,      5.00,     20.00,     13.33,0,0,0,3,3,3
H4,484,2017,300590,     70.00,     15.00,     20.00,     17.50,0,0,0,4,4,4
H4,484,2017,300610,     15.00,      0.00,     15.00,      5.00,0,2,0,1,3,3
H4,484,2017,300620,     20.00,      5.00,     15.00,     10.00,0,0,0,2,2,2
H4,484,2017,300630,     20.00,      0.00,     15.00,      6.67,0,1,0,2,3,3
H4,484,2017,300640,     25.00,      0.00,     15.00,      6.25,0,1,0,3,4,4
H4,484,2017,300650,     15.00,     15.00,     15.00,     15.00,0,0,0,1,1,1
H4,484,2017,300660,     15.00,     15.00,     15.00,     15.00,0,0,0,1,1,1
H4,484,2017,300670,      0.00,      0.00,      0.00,      0.00,0,1,0,0,1,1
H4,484,2017,300691,      0.00,      0.00,      0.00,      0.00,0,1,0,0,1,1
H4,484,2017,300692,     15.00,     15.00,     15.00,     15.00,0,0,0,1,1,1
H4,484,2017,310100,      0.00,      0.00,      0.00,      0.00,0,1,0,0,1,1
H4,484,2017,310210,      0.00,      0.00,      0.00,      0.00,0,1,0,0,1,1
H4,484,2017,310221,      0.00,      0.00,      0.00,      0.00,0,1,0,0,1,1
H4,484,2017,310229,      0.00,      0.00,      0.00,      0.00,0,1,0,0,1,1
H4,484,2017,310230,      0.00,      0.00,      0.00,      0.00,0,2,0,0,2,2
H4,484,2017,310240,      0.00,      0.00,      0.00,      0.00,0,1,0,0,1,1
H4,484,2017,310250,      0.00,      0.00,      0.00,      0.00,0,1,0,0,1,1
H4,484,2017,310260,      0.00,      0.00,      0.00,      0.00,0,1,0,0,1,1
H4,484,2017,310280,      0.00,      0.00,      0.00,      0.00,0,1,0,0,1,1
H4,484,2017,310290,      0.00,      0.00,      0.00,      0.00,0,2,0,0,2,2
H4,484,2017,310310,      0.00,      0.00,      0.00,      0.00,0,1,0,0,1,1
H4,484,2017,310390,      0.00,      0.00,      0.00,      0.00,0,2,0,0,2,2
H4,484,2017,310420,      0.00,      0.00,      0.00,      0.00,0,1,0,0,1,1
H4,484,2017,310430,      0.00,      0.00,      0.00,      0.00,0,2,0,0,2,2
H4,484,2017,310490,      0.00,      0.00,      0.00,      0.00,0,2,0,0,2,2
H4,484,2017,310510,      0.00,      0.00,      0.00,      0.00,0,1,0,0,1,1
H4,484,2017,310520,      0.00,      0.00,      0.00,      0.00,0,1,0,0,1,1
H4,484,2017,310530,      0.00,      0.00,      0.00,      0.00,0,1,0,0,1,1
H4,484,2017,310540,      0.00,      0.00,      0.00,      0.00,0,1,0,0,1,1
H4,484,2017,310551,      0.00,      0.00,      0.00,      0.00,0,1,0,0,1,1
H4,484,2017,310559,      0.00,      0.00,      0.00,      0.00,0,1,0,0,1,1
H4,484,2017,310560,      0.00,      0.00,      0.00,      0.00,0,1,0,0,1,1
H4,484,2017,310590,      0.00,      0.00,      0.00,      0.00,0,2,0,0,2,2
H4,484,2017,320110,      0.00,      0.00,      0.00,      0.00,0,1,0,0,1,1
H4,484,2017,320120,      0.00,      0.00,      0.00,      0.00,0,1,0,0,1,1
H4,484,2017,320190,      0.00,      0.00,      0.00,      0.00,0,2,0,0,2,2
H4,484,2017,320210,      7.00,      7.00,      7.00,      7.00,0,0,0,1,1,1
H4,484,2017,320290,      7.00,      7.00,      7.00,      7.00,0,0,0,1,1,1
H4,484,2017,320300,      0.00,      0.00,      0.00,      0.00,0,3,0,0,3,3
H4,484,2017,320411,      6.00,      0.00,      6.00,      1.20,0,4,0,1,5,5
H4,484,2017,320412,      0.00,      0.00,      0.00,      0.00,0,7,0,0,7,7
H4,484,2017,320413,      0.00,      0.00,      0.00,      0.00,0,5,0,0,5,5
H4,484,2017,320414,      0.00,      0.00,      0.00,      0.00,0,5,0,0,5,5
H4,484,2017,320415,      0.00,      0.00,      0.00,      0.00,0,2,0,0,2,2
H4,484,2017,320416,      0.00,      0.00,      0.00,      0.00,0,5,0,0,5,5
H4,484,2017,320417,     47.00,      0.00,      6.00,      4.27,0,3,0,8,11,11
H4,484,2017,320419,      8.00,      0.00,      5.00,      0.80,0,8,0,2,10,10
H4,484,2017,320420,      6.00,      0.00,      6.00,      2.00,0,2,0,1,3,3
H4,484,2017,320490,      0.00,      0.00,      0.00,      0.00,0,3,0,0,3,3
H4,484,2017,320500,      5.00,      0.00,      5.00,      1.67,0,2,0,1,3,3
H4,484,2017,320611,      9.00,      9.00,      9.00,      9.00,0,0,0,1,1,1
H4,484,2017,320619,      9.00,      9.00,      9.00,      9.00,0,0,0,1,1,1
H4,484,2017,320620,     26.00,      6.00,     10.00,      8.67,0,0,0,3,3,3
H4,484,2017,320641,      0.00,      0.00,      0.00,      0.00,0,2,0,0,2,2
H4,484,2017,320642,      0.00,      0.00,      0.00,      0.00,0,2,0,0,2,2
H4,484,2017,320649,     53.00,      0.00,     10.00,      5.89,0,2,0,7,9,9
H4,484,2017,320650,      5.00,      0.00,      5.00,      1.67,0,2,0,1,3,3
H4,484,2017,320710,      0.00,      0.00,      0.00,      0.00,0,2,0,0,2,2
H4,484,2017,320720,      5.00,      0.00,      5.00,      2.50,0,1,0,1,2,2
H4,484,2017,320730,      0.00,      0.00,      0.00,      0.00,0,1,0,0,1,1
H4,484,2017,320740,      0.00,      0.00,      0.00,      0.00,0,3,0,0,3,3
H4,484,2017,320810,     20.00,     10.00,     10.00,     10.00,0,0,0,2,2,2
H4,484,2017,320820,     30.00,     10.00,     10.00,     10.00,0,0,0,3,3,3
H4,484,2017,320890,      0.00,      0.00,      0.00,      0.00,0,2,0,0,2,2
H4,484,2017,320910,      0.00,      0.00,      0.00,      0.00,0,2,0,0,2,2
H4,484,2017,320990,      0.00,      0.00,      0.00,      0.00,0,1,0,0,1,1
H4,484,2017,321000,      0.00,      0.00,      0.00,      0.00,0,4,0,0,4,4
H4,484,2017,321100,      0.00,      0.00,      0.00,      0.00,0,2,0,0,2,2
H4,484,2017,321210,      0.00,      0.00,      0.00,      0.00,0,1,0,0,1,1
H4,484,2017,321290,      0.00,      0.00,      0.00,      0.00,0,3,0,0,3,3
H4,484,2017,321310,      0.00,      0.00,      0.00,      0.00,0,1,0,0,1,1
H4,484,2017,321390,     10.00,     10.00,     10.00,     10.00,0,0,0,1,1,1
H4,484,2017,321410,      8.00,      3.00,      5.00,      4.00,0,0,0,2,2,2
H4,484,2017,321490,      3.00,      3.00,      3.00,      3.00,0,0,0,1,1,1
H4,484,2017,321511,      0.00,      0.00,      0.00,      0.00,0,3,0,0,3,3
H4,484,2017,321519,      5.00,      0.00,      5.00,      1.25,0,3,0,1,4,4
H4,484,2017,321590,     10.00,      0.00,      5.00,      2.50,0,2,0,2,4,4
H4,484,2017,330112,      0.00,      0.00,      0.00,      0.00,0,1,0,0,1,1
H4,484,2017,330113,      0.00,      0.00,      0.00,      0.00,0,2,0,0,2,2
H4,484,2017,330119,     20.00,      0.00,      5.00,      2.86,0,3,0,4,7,7
H4,484,2017,330124,      0.00,      0.00,      0.00,      0.00,0,1,0,0,1,1
H4,484,2017,330125,      0.00,      0.00,      0.00,      0.00,0,1,0,0,1,1
H4,484,2017,330129,      0.00,      0.00,      0.00,      0.00,0,8,0,0,8,8
H4,484,2017,330130,      0.00,      0.00,      0.00,      0.00,0,1,0,0,1,1
H4,484,2017,330190,     25.00,      0.00,     15.00,      3.57,0,5,0,2,7,7
H4,484,2017,330210,     25.00,      0.00,     15.00,      8.33,0,1,0,2,3,3
H4,484,2017,330290,      5.00,      5.00,      5.00,      5.00,0,0,0,1,1,1
H4,484,2017,330300,     25.00,     10.00,     15.00,     12.50,0,0,0,2,2,2
H4,484,2017,330410,     10.00,     10.00,     10.00,     10.00,0,0,0,1,1,1
H4,484,2017,330420,     10.00,     10.00,     10.00,     10.00,0,0,0,1,1,1
H4,484,2017,330430,     10.00,     10.00,     10.00,     10.00,0,0,0,1,1,1
H4,484,2017,330491,     10.00,     10.00,     10.00,     10.00,0,0,0,1,1,1
H4,484,2017,330499,     25.00,     10.00,     15.00,     12.50,0,0,0,2,2,2
H4,484,2017,330510,     10.00,     10.00,     10.00,     10.00,0,0,0,1,1,1
H4,484,2017,330520,     10.00,     10.00,     10.00,     10.00,0,0,0,1,1,1
H4,484,2017,330530,     10.00,     10.00,     10.00,     10.00,0,0,0,1,1,1
H4,484,2017,330590,     10.00,     10.00,     10.00,     10.00,0,0,0,1,1,1
H4,484,2017,330610,     10.00,     10.00,     10.00,     10.00,0,0,0,1,1,1
H4,484,2017,330620,     20.00,     10.00,     10.00,     10.00,0,0,0,2,2,2
H4,484,2017,330690,     10.00,     10.00,     10.00,     10.00,0,0,0,1,1,1
H4,484,2017,330710,     10.00,     10.00,     10.00,     10.00,0,0,0,1,1,1
H4,484,2017,330720,     10.00,     10.00,     10.00,     10.00,0,0,0,1,1,1
H4,484,2017,330730,     10.00,     10.00,     10.00,     10.00,0,0,0,1,1,1
H4,484,2017,330741,     10.00,     10.00,     10.00,     10.00,0,0,0,1,1,1
H4,484,2017,330749,     10.00,     10.00,     10.00,     10.00,0,0,0,1,1,1
H4,484,2017,330790,     10.00,     10.00,     10.00,     10.00,0,0,0,1,1,1
H4,484,2017,340111,     15.00,     15.00,     15.00,     15.00,0,0,0,1,1,1
H4,484,2017,340119,     15.00,     15.00,     15.00,     15.00,0,0,0,1,1,1
H4,484,2017,340120,     15.00,     15.00,     15.00,     15.00,0,0,0,1,1,1
H4,484,2017,340130,     10.00,     10.00,     10.00,     10.00,0,0,0,1,1,1
H4,484,2017,340211,      5.00,      0.00,      5.00,      1.25,0,3,0,1,4,4
H4,484,2017,340212,     15.00,      0.00,      5.00,      3.75,0,1,0,3,4,4
H4,484,2017,340213,     26.00,      0.00,     10.00,      6.50,0,1,0,3,4,4
H4,484,2017,340219,      5.00,      5.00,      5.00,      5.00,0,0,0,1,1,1
H4,484,2017,340220,     13.00,      0.00,      7.00,      2.17,0,4,0,2,6,6
H4,484,2017,340290,      3.00,      0.00,      3.00,      1.00,0,2,0,1,3,3
H4,484,2017,340311,      6.00,      6.00,      6.00,      6.00,0,0,0,1,1,1
H4,484,2017,340319,      3.00,      0.00,      3.00,      1.50,0,1,0,1,2,2
H4,484,2017,340391,      6.00,      6.00,      6.00,      6.00,0,0,0,1,1,1
H4,484,2017,340399,      6.00,      6.00,      6.00,      6.00,0,0,0,1,1,1
H4,484,2017,340420,     10.00,     10.00,     10.00,     10.00,0,0,0,1,1,1
H4,484,2017,340490,     11.00,      0.00,      6.00,      3.67,0,1,0,2,3,3
H4,484,2017,340510,      0.00,      0.00,      0.00,      0.00,0,1,0,0,1,1
H4,484,2017,340520,     30.00,     15.00,     15.00,     15.00,0,0,0,2,2,2
H4,484,2017,340530,     15.00,     15.00,     15.00,     15.00,0,0,0,1,1,1
H4,484,2017,340540,     15.00,     15.00,     15.00,     15.00,0,0,0,1,1,1
H4,484,2017,340590,     30.00,     15.00,     15.00,     15.00,0,0,0,2,2,2
H4,484,2017,340600,     20.00,     20.00,     20.00,     20.00,0,0,0,1,1,1
H4,484,2017,340700,      5.00,      0.00,      5.00,      1.00,0,4,0,1,5,5
H4,484,2017,350110,      0.00,      0.00,      0.00,      0.00,0,1,0,0,1,1
H4,484,2017,350190,     15.00,      0.00,     10.00,      3.75,0,2,0,2,4,4
H4,484,2017,350211,      0.00,      0.00,      0.00,      0.00,0,1,0,0,1,1
H4,484,2017,350219,      0.00,      0.00,      0.00,      0.00,0,1,0,0,1,1
H4,484,2017,350220,      5.00,      5.00,      5.00,      5.00,0,0,0,1,1,1
H4,484,2017,350290,      5.00,      5.00,      5.00,      5.00,0,0,0,1,1,1
H4,484,2017,350300,      5.00,      0.00,      5.00,      1.00,0,4,0,1,5,5
H4,484,2017,350400,      0.00,      0.00,      0.00,      0.00,0,7,0,0,7,7
H4,484,2017,350510,      5.00,      5.00,      5.00,      5.00,0,0,0,1,1,1
H4,484,2017,350520,      0.00,      0.00,      0.00,      0.00,0,1,0,0,1,1
H4,484,2017,350610,     22.00,      6.00,     10.00,      7.33,0,0,0,3,3,3
H4,484,2017,350691,     31.00,      6.00,      7.00,      6.20,0,0,0,5,5,5
H4,484,2017,350699,     16.00,      6.00,     10.00,      8.00,0,0,0,2,2,2
H4,484,2017,350710,      5.00,      5.00,      5.00,      5.00,0,0,0,1,1,1
H4,484,2017,350790,     20.00,      0.00,      5.00,      1.54,0,9,0,4,13,13
H4,484,2017,360100,      5.00,      0.00,      5.00,      2.50,0,1,0,1,2,2
H4,484,2017,360200,     10.00,      0.00,      5.00,      2.50,0,2,0,2,4,4
H4,484,2017,360300,     10.00,      0.00,      5.00,      3.33,0,1,0,2,3,3
H4,484,2017,360410,     15.00,     15.00,     15.00,     15.00,0,0,0,1,1,1
H4,484,2017,360490,     15.00,     15.00,     15.00,     15.00,0,0,0,1,1,1
H4,484,2017,360500,     15.00,     15.00,     15.00,     15.00,0,0,0,1,1,1
H4,484,2017,360610,      5.00,      5.00,      5.00,      5.00,0,0,0,1,1,1
H4,484,2017,360690,     25.00,      0.00,     15.00,      8.33,0,1,0,2,3,3
H4,484,2017,370110,     10.00,      0.00,      5.00,      3.33,0,1,0,2,3,3
H4,484,2017,370120,      5.00,      5.00,      5.00,      5.00,0,0,0,1,1,1
H4,484,2017,370130,      0.00,      0.00,      0.00,      0.00,0,1,0,0,1,1
H4,484,2017,370191,     10.00,     10.00,     10.00,     10.00,0,0,0,1,1,1
H4,484,2017,370199,     10.00,      0.00,      5.00,      1.67,0,4,0,2,6,6
H4,484,2017,370210,      5.00,      0.00,      5.00,      2.50,0,1,0,1,2,2
H4,484,2017,370231,     20.00,     10.00,     10.00,     10.00,0,0,0,2,2,2
H4,484,2017,370232,     15.00,      5.00,     10.00,      7.50,0,0,0,2,2,2
H4,484,2017,370239,      0.00,      0.00,      0.00,      0.00,0,2,0,0,2,2
H4,484,2017,370241,      5.00,      0.00,      5.00,      2.50,0,1,0,1,2,2
H4,484,2017,370242,      5.00,      0.00,      5.00,      1.67,0,2,0,1,3,3
H4,484,2017,370243,      5.00,      5.00,      5.00,      5.00,0,0,0,1,1,1
H4,484,2017,370244,     15.00,      5.00,     10.00,      7.50,0,0,0,2,2,2
H4,484,2017,370252,      5.00,      5.00,      5.00,      5.00,0,0,0,1,1,1
H4,484,2017,370253,      5.00,      5.00,      5.00,      5.00,0,0,0,1,1,1
H4,484,2017,370254,      0.00,      0.00,      0.00,      0.00,0,1,0,0,1,1
H4,484,2017,370255,      0.00,      0.00,      0.00,      0.00,0,1,0,0,1,1
H4,484,2017,370256,      5.00,      5.00,      5.00,      5.00,0,0,0,1,1,1
H4,484,2017,370296,      5.00,      5.00,      5.00,      5.00,0,0,0,1,1,1
H4,484,2017,370297,      5.00,      5.00,      5.00,      5.00,0,0,0,1,1,1
H4,484,2017,370298,      5.00,      5.00,      5.00,      5.00,0,0,0,1,1,1
H4,484,2017,370310,      0.00,      0.00,      0.00,      0.00,0,2,0,0,2,2
H4,484,2017,370320,      5.00,      0.00,      5.00,      2.50,0,1,0,1,2,2
H4,484,2017,370390,     10.00,      0.00,     10.00,      2.50,0,3,0,1,4,4
H4,484,2017,370400,      5.00,      5.00,      5.00,      5.00,0,0,0,1,1,1
H4,484,2017,370510,      5.00,      0.00,      5.00,      2.50,0,1,0,1,2,2
H4,484,2017,370590,     15.00,      0.00,     10.00,      5.00,0,1,0,2,3,3
H4,484,2017,370610,     15.00,      5.00,     10.00,      7.50,0,0,0,2,2,2
H4,484,2017,370690,     15.00,      5.00,     10.00,      7.50,0,0,0,2,2,2
H4,484,2017,370710,      0.00,      0.00,      0.00,      0.00,0,1,0,0,1,1
H4,484,2017,370790,      0.00,      0.00,      0.00,      0.00,0,2,0,0,2,2
H4,484,2017,380110,      5.00,      0.00,      5.00,      2.50,0,1,0,1,2,2
H4,484,2017,380120,      0.00,      0.00,      0.00,      0.00,0,1,0,0,1,1
H4,484,2017,380130,      0.00,      0.00,      0.00,      0.00,0,2,0,0,2,2
H4,484,2017,380190,      5.00,      0.00,      5.00,      1.00,0,4,0,1,5,5
H4,484,2017,380210,      6.00,      6.00,      6.00,      6.00,0,0,0,1,1,1
H4,484,2017,380290,     20.00,      0.00,     10.00,      3.33,0,4,0,2,6,6
H4,484,2017,380300,      0.00,      0.00,      0.00,      0.00,0,1,0,0,1,1
H4,484,2017,380400,      0.00,      0.00,      0.00,      0.00,0,2,0,0,2,2
H4,484,2017,380510,      0.00,      0.00,      0.00,      0.00,0,2,0,0,2,2
H4,484,2017,380590,      5.00,      0.00,      5.00,      2.50,0,1,0,1,2,2
H4,484,2017,380610,      5.00,      0.00,      5.00,      2.50,0,1,0,1,2,2
H4,484,2017,380620,     10.00,     10.00,     10.00,     10.00,0,0,0,1,1,1
H4,484,2017,380630,     15.00,      5.00,      5.00,      5.00,0,0,0,3,3,3
H4,484,2017,380690,     15.00,      5.00,     10.00,      7.50,0,0,0,2,2,2
H4,484,2017,380700,      0.00,      0.00,      0.00,      0.00,0,1,0,0,1,1
H4,484,2017,380850,      0.00,      0.00,      0.00,      0.00,0,1,0,0,1,1
H4,484,2017,380891,      0.00,      0.00,      0.00,      0.00,0,4,0,0,4,4
H4,484,2017,380892,      0.00,      0.00,      0.00,      0.00,0,3,0,0,3,3
H4,484,2017,380893,      0.00,      0.00,      0.00,      0.00,0,4,0,0,4,4
H4,484,2017,380894,      5.00,      0.00,      5.00,      1.67,0,2,0,1,3,3
H4,484,2017,380899,      0.00,      0.00,      0.00,      0.00,0,3,0,0,3,3
H4,484,2017,380910,      5.00,      5.00,      5.00,      5.00,0,0,0,1,1,1
H4,484,2017,380991,     12.00,      6.00,      6.00,      6.00,0,0,0,2,2,2
H4,484,2017,380992,     25.00,      0.00,     10.00,      6.25,0,1,0,3,4,4
H4,484,2017,380993,      6.00,      6.00,      6.00,      6.00,0,0,0,1,1,1
H4,484,2017,381010,      3.00,      3.00,      3.00,      3.00,0,0,0,1,1,1
H4,484,2017,381090,      0.00,      0.00,      0.00,      0.00,0,2,0,0,2,2
H4,484,2017,381111,      0.00,      0.00,      0.00,      0.00,0,2,0,0,2,2
H4,484,2017,381119,      0.00,      0.00,      0.00,      0.00,0,1,0,0,1,1
H4,484,2017,381121,     35.00,      0.00,     15.00,      4.38,0,3,0,5,8,8
H4,484,2017,381129,     20.00,      0.00,      5.00,      2.86,0,3,0,4,7,7
H4,484,2017,381190,      5.00,      0.00,      5.00,      2.50,0,1,0,1,2,2
H4,484,2017,381210,      3.00,      3.00,      3.00,      3.00,0,0,0,1,1,1
H4,484,2017,381220,      5.00,      5.00,      5.00,      5.00,0,0,0,1,1,1
H4,484,2017,381230,     17.00,      0.00,      6.00,      2.83,0,3,0,3,6,6
H4,484,2017,381300,      5.00,      5.00,      5.00,      5.00,0,0,0,1,1,1
H4,484,2017,381400,      6.00,      6.00,      6.00,      6.00,0,0,0,1,1,1
H4,484,2017,381511,      0.00,      0.00,      0.00,      0.00,0,3,0,0,3,3
H4,484,2017,381512,      0.00,      0.00,      0.00,      0.00,0,3,0,0,3,3
H4,484,2017,381519,     10.00,      0.00,     10.00,      5.00,0,1,0,1,2,2
H4,484,2017,381590,      5.00,      0.00,      5.00,      1.25,0,3,0,1,4,4
H4,484,2017,381600,     15.00,      0.00,      5.00,      1.88,0,5,0,3,8,8
H4,484,2017,381700,     10.00,      0.00,      5.00,      2.00,0,3,0,2,5,5
H4,484,2017,381800,      0.00,      0.00,      0.00,      0.00,0,1,0,0,1,1
H4,484,2017,381900,     25.00,      5.00,      7.00,      6.25,0,0,0,4,4,4
H4,484,2017,382000,      6.00,      6.00,      6.00,      6.00,0,0,0,1,1,1
H4,484,2017,382100,      5.00,      5.00,      5.00,      5.00,0,0,0,1,1,1
H4,484,2017,382200,     20.00,      0.00,      5.00,      3.33,0,2,0,4,6,6
H4,484,2017,382311,      0.00,      0.00,      0.00,      0.00,0,1,0,0,1,1
H4,484,2017,382312,      0.00,      0.00,      0.00,      0.00,0,2,0,0,2,2
H4,484,2017,382313,      0.00,      0.00,      0.00,      0.00,0,1,0,0,1,1
H4,484,2017,382319,      5.00,      0.00,      5.00,      1.25,0,3,0,1,4,4
H4,484,2017,382370,      0.00,      0.00,      0.00,      0.00,0,2,0,0,2,2
H4,484,2017,382410,      0.00,      0.00,      0.00,      0.00,0,1,0,0,1,1
H4,484,2017,382430,      0.00,      0.00,      0.00,      0.00,0,2,0,0,2,2
H4,484,2017,382440,     10.00,      0.00,     10.00,      5.00,0,1,0,1,2,2
H4,484,2017,382450,     15.00,      0.00,     10.00,      3.75,0,2,0,2,4,4
H4,484,2017,382460,      5.00,      5.00,      5.00,      5.00,0,0,0,1,1,1
H4,484,2017,382471,      0.00,      0.00,      0.00,      0.00,0,1,0,0,1,1
H4,484,2017,382472,      0.00,      0.00,      0.00,      0.00,0,1,0,0,1,1
H4,484,2017,382473,      0.00,      0.00,      0.00,      0.00,0,1,0,0,1,1
H4,484,2017,382474,      0.00,      0.00,      0.00,      0.00,0,1,0,0,1,1
H4,484,2017,382475,      0.00,      0.00,      0.00,      0.00,0,1,0,0,1,1
H4,484,2017,382476,      0.00,      0.00,      0.00,      0.00,0,1,0,0,1,1
H4,484,2017,382477,      0.00,      0.00,      0.00,      0.00,0,1,0,0,1,1
H4,484,2017,382478,      0.00,      0.00,      0.00,      0.00,0,1,0,0,1,1
H4,484,2017,382479,      0.00,      0.00,      0.00,      0.00,0,1,0,0,1,1
H4,484,2017,382481,      0.00,      0.00,      0.00,      0.00,0,1,0,0,1,1
H4,484,2017,382482,      0.00,      0.00,      0.00,      0.00,0,1,0,0,1,1
H4,484,2017,382483,      0.00,      0.00,      0.00,      0.00,0,1,0,0,1,1
H4,484,2017,382490,     91.00,      0.00,      6.00,      1.17,0,60,0,18,78,78
H4,484,2017,382510,      0.00,      0.00,      0.00,      0.00,0,1,0,0,1,1
H4,484,2017,382520,      0.00,      0.00,      0.00,      0.00,0,1,0,0,1,1
H4,484,2017,382530,      0.00,      0.00,      0.00,      0.00,0,1,0,0,1,1
H4,484,2017,382541,      0.00,      0.00,      0.00,      0.00,0,1,0,0,1,1
H4,484,2017,382549,      0.00,      0.00,      0.00,      0.00,0,1,0,0,1,1
H4,484,2017,382550,      0.00,      0.00,      0.00,      0.00,0,1,0,0,1,1
H4,484,2017,382561,      0.00,      0.00,      0.00,      0.00,0,3,0,0,3,3
H4,484,2017,382569,      0.00,      0.00,      0.00,      0.00,0,2,0,0,2,2
H4,484,2017,382590,      0.00,      0.00,      0.00,      0.00,0,1,0,0,1,1
H4,484,2017,382600,      5.00,      5.00,      5.00,      5.00,0,0,0,1,1,1
H4,484,2017,390110,     10.00,      5.00,      5.00,      5.00,0,0,0,2,2,2
H4,484,2017,390120,      5.00,      5.00,      5.00,      5.00,0,0,0,1,1,1
H4,484,2017,390130,      5.00,      5.00,      5.00,      5.00,0,0,0,1,1,1
H4,484,2017,390190,     15.00,      0.00,      5.00,      3.75,0,1,0,3,4,4
H4,484,2017,390210,     11.00,      5.00,      6.00,      5.50,0,0,0,2,2,2
H4,484,2017,390220,      0.00,      0.00,      0.00,      0.00,0,2,0,0,2,2
H4,484,2017,390230,      6.00,      0.00,      6.00,      3.00,0,1,0,1,2,2
H4,484,2017,390290,      5.00,      0.00,      5.00,      2.50,0,1,0,1,2,2
H4,484,2017,390311,      9.00,      9.00,      9.00,      9.00,0,0,0,1,1,1
H4,484,2017,390319,     19.00,      6.00,      7.00,      6.33,0,0,0,3,3,3
H4,484,2017,390320,      6.00,      6.00,      6.00,      6.00,0,0,0,1,1,1
H4,484,2017,390330,      5.00,      5.00,      5.00,      5.00,0,0,0,1,1,1
H4,484,2017,390390,     35.00,      5.00,      7.00,      5.83,0,0,0,6,6,6
H4,484,2017,390410,     27.00,      3.00,      7.00,      5.40,0,0,0,5,5,5
H4,484,2017,390421,     19.00,      5.00,      7.00,      6.33,0,0,0,3,3,3
H4,484,2017,390422,      5.00,      5.00,      5.00,      5.00,0,0,0,1,1,1
H4,484,2017,390430,     10.00,      0.00,     10.00,      5.00,0,1,0,1,2,2
H4,484,2017,390440,      7.00,      0.00,      7.00,      3.50,0,1,0,1,2,2
H4,484,2017,390450,      7.00,      7.00,      7.00,      7.00,0,0,0,1,1,1
H4,484,2017,390461,      0.00,      0.00,      0.00,      0.00,0,1,0,0,1,1
H4,484,2017,390469,      0.00,      0.00,      0.00,      0.00,0,1,0,0,1,1
H4,484,2017,390490,      0.00,      0.00,      0.00,      0.00,0,1,0,0,1,1
H4,484,2017,390512,      6.00,      6.00,      6.00,      6.00,0,0,0,1,1,1
H4,484,2017,390519,     20.00,      0.00,     10.00,      5.00,0,1,0,3,4,4
H4,484,2017,390521,     10.00,     10.00,     10.00,     10.00,0,0,0,1,1,1
H4,484,2017,390529,     17.00,      0.00,     10.00,      5.67,0,1,0,2,3,3
H4,484,2017,390530,      0.00,      0.00,      0.00,      0.00,0,1,0,0,1,1
H4,484,2017,390591,      0.00,      0.00,      0.00,      0.00,0,1,0,0,1,1
H4,484,2017,390599,      0.00,      0.00,      0.00,      0.00,0,3,0,0,3,3
H4,484,2017,390610,      0.00,      0.00,      0.00,      0.00,0,2,0,0,2,2
H4,484,2017,390690,     71.00,      0.00,     10.00,      6.45,0,1,0,10,11,11
H4,484,2017,390710,      0.00,      0.00,      0.00,      0.00,0,5,0,0,5,5
H4,484,2017,390720,     23.00,      0.00,      6.00,      2.88,0,4,0,4,8,8
H4,484,2017,390730,     17.00,      5.00,      6.00,      5.67,0,0,0,3,3,3
H4,484,2017,390740,      0.00,      0.00,      0.00,      0.00,0,4,0,0,4,4
H4,484,2017,390750,     19.00,      6.00,      7.00,      6.33,0,0,0,3,3,3
H4,484,2017,390760,     16.00,      7.00,      9.00,      8.00,0,0,0,2,2,2
H4,484,2017,390770,      0.00,      0.00,      0.00,      0.00,0,1,0,0,1,1
H4,484,2017,390791,      6.00,      0.00,      6.00,      3.00,0,1,0,1,2,2
H4,484,2017,390799,     21.00,      0.00,      6.00,      1.75,0,8,0,4,12,12
H4,484,2017,390810,     31.00,      0.00,     10.00,      4.43,0,2,0,5,7,7
H4,484,2017,390890,     11.00,      0.00,      6.00,      2.75,0,2,0,2,4,4
H4,484,2017,390910,     10.00,     10.00,     10.00,     10.00,0,0,0,1,1,1
H4,484,2017,390920,     10.00,      0.00,      5.00,      3.33,0,1,0,2,3,3
H4,484,2017,390930,      3.00,      0.00,      3.00,      1.50,0,1,0,1,2,2
H4,484,2017,390940,     33.00,      5.00,     10.00,      6.60,0,0,0,5,5,5
H4,484,2017,390950,     38.00,      6.00,      7.00,      6.33,0,0,0,6,6,6
H4,484,2017,391000,     11.00,      0.00,      6.00,      1.83,0,4,0,2,6,6
H4,484,2017,391110,      0.00,      0.00,      0.00,      0.00,0,1,0,0,1,1
H4,484,2017,391190,     11.00,      0.00,      6.00,      1.57,0,5,0,2,7,7
H4,484,2017,391211,      0.00,      0.00,      0.00,      0.00,0,1,0,0,1,1
H4,484,2017,391212,      0.00,      0.00,      0.00,      0.00,0,1,0,0,1,1
H4,484,2017,391220,      0.00,      0.00,      0.00,      0.00,0,2,0,0,2,2
H4,484,2017,391231,     10.00,     10.00,     10.00,     10.00,0,0,0,1,1,1
H4,484,2017,391239,     51.00,      7.00,     10.00,      8.50,0,0,0,6,6,6
H4,484,2017,391290,      5.00,      0.00,      5.00,      1.67,0,2,0,1,3,3
H4,484,2017,391310,      0.00,      0.00,      0.00,      0.00,0,6,0,0,6,6
H4,484,2017,391390,     15.00,      0.00,      7.00,      1.67,0,6,0,3,9,9
H4,484,2017,391400,      6.00,      0.00,      6.00,      3.00,0,1,0,1,2,2
H4,484,2017,391510,     15.00,     15.00,     15.00,     15.00,0,0,0,1,1,1
H4,484,2017,391520,      7.00,      7.00,      7.00,      7.00,0,0,0,1,1,1
H4,484,2017,391530,     15.00,     15.00,     15.00,     15.00,0,0,0,1,1,1
H4,484,2017,391590,     35.00,     10.00,     15.00,     11.67,0,0,0,3,3,3
H4,484,2017,391610,      0.00,      0.00,      0.00,      0.00,0,2,0,0,2,2
H4,484,2017,391620,      0.00,      0.00,      0.00,      0.00,0,3,0,0,3,3
H4,484,2017,391690,      0.00,      0.00,      0.00,      0.00,0,5,0,0,5,5
H4,484,2017,391710,      0.00,      0.00,      0.00,      0.00,0,5,0,0,5,5
H4,484,2017,391721,      0.00,      0.00,      0.00,      0.00,0,3,0,0,3,3
H4,484,2017,391722,      0.00,      0.00,      0.00,      0.00,0,3,0,0,3,3
H4,484,2017,391723,      0.00,      0.00,      0.00,      0.00,0,4,0,0,4,4
H4,484,2017,391729,      0.00,      0.00,      0.00,      0.00,0,6,0,0,6,6
H4,484,2017,391731,      0.00,      0.00,      0.00,      0.00,0,1,0,0,1,1
H4,484,2017,391732,      0.00,      0.00,      0.00,      0.00,0,3,0,0,3,3
H4,484,2017,391733,     25.00,     10.00,     15.00,     12.50,0,0,0,2,2,2
H4,484,2017,391739,      0.00,      0.00,      0.00,      0.00,0,1,0,0,1,1
H4,484,2017,391740,      0.00,      0.00,      0.00,      0.00,0,1,0,0,1,1
H4,484,2017,391810,     30.00,     15.00,     15.00,     15.00,0,0,0,2,2,2
H4,484,2017,391890,     15.00,     15.00,     15.00,     15.00,0,0,0,1,1,1
H4,484,2017,391910,      0.00,      0.00,      0.00,      0.00,0,1,0,0,1,1
H4,484,2017,391990,      0.00,      0.00,      0.00,      0.00,0,1,0,0,1,1
H4,484,2017,392010,      0.00,      0.00,      0.00,      0.00,0,5,0,0,5,5
H4,484,2017,392020,      0.00,      0.00,      0.00,      0.00,0,5,0,0,5,5
H4,484,2017,392030,      0.00,      0.00,      0.00,      0.00,0,4,0,0,4,4
H4,484,2017,392043,      0.00,      0.00,      0.00,      0.00,0,3,0,0,3,3
H4,484,2017,392049,      0.00,      0.00,      0.00,      0.00,0,3,0,0,3,3
H4,484,2017,392051,      0.00,      0.00,      0.00,      0.00,0,1,0,0,1,1
H4,484,2017,392059,      0.00,      0.00,      0.00,      0.00,0,2,0,0,2,2
H4,484,2017,392061,      0.00,      0.00,      0.00,      0.00,0,1,0,0,1,1
H4,484,2017,392062,      7.00,      0.00,      7.00,      2.33,0,2,0,1,3,3
H4,484,2017,392063,      0.00,      0.00,      0.00,      0.00,0,3,0,0,3,3
H4,484,2017,392069,      0.00,      0.00,      0.00,      0.00,0,1,0,0,1,1
H4,484,2017,392071,      0.00,      0.00,      0.00,      0.00,0,1,0,0,1,1
H4,484,2017,392073,      0.00,      0.00,      0.00,      0.00,0,2,0,0,2,2
H4,484,2017,392079,      0.00,      0.00,      0.00,      0.00,0,2,0,0,2,2
H4,484,2017,392091,      0.00,      0.00,      0.00,      0.00,0,1,0,0,1,1
H4,484,2017,392092,      0.00,      0.00,      0.00,      0.00,0,2,0,0,2,2
H4,484,2017,392093,      0.00,      0.00,      0.00,      0.00,0,1,0,0,1,1
H4,484,2017,392094,      0.00,      0.00,      0.00,      0.00,0,1,0,0,1,1
H4,484,2017,392099,      0.00,      0.00,      0.00,      0.00,0,2,0,0,2,2
H4,484,2017,392111,     10.00,     10.00,     10.00,     10.00,0,0,0,1,1,1
H4,484,2017,392112,      0.00,      0.00,      0.00,      0.00,0,1,0,0,1,1
H4,484,2017,392113,      0.00,      0.00,      0.00,      0.00,0,2,0,0,2,2
H4,484,2017,392114,      0.00,      0.00,      0.00,      0.00,0,1,0,0,1,1
H4,484,2017,392119,      0.00,      0.00,      0.00,      0.00,0,2,0,0,2,2
H4,484,2017,392190,      7.00,      0.00,      7.00,      0.70,0,9,0,1,10,10
H4,484,2017,392210,     15.00,     15.00,     15.00,     15.00,0,0,0,1,1,1
H4,484,2017,392220,     15.00,     15.00,     15.00,     15.00,0,0,0,1,1,1
H4,484,2017,392290,     15.00,     15.00,     15.00,     15.00,0,0,0,1,1,1
H4,484,2017,392310,     30.00,     15.00,     15.00,     15.00,0,0,0,2,2,2
H4,484,2017,392321,      0.00,      0.00,      0.00,      0.00,0,1,0,0,1,1
H4,484,2017,392329,      0.00,      0.00,      0.00,      0.00,0,3,0,0,3,3
H4,484,2017,392330,     30.00,     15.00,     15.00,     15.00,0,0,0,2,2,2
H4,484,2017,392340,     15.00,      0.00,     15.00,      5.00,0,2,0,1,3,3
H4,484,2017,392350,     15.00,     15.00,     15.00,     15.00,0,0,0,1,1,1
H4,484,2017,392390,     15.00,     15.00,     15.00,     15.00,0,0,0,1,1,1
H4,484,2017,392410,     15.00,     15.00,     15.00,     15.00,0,0,0,1,1,1
H4,484,2017,392490,     15.00,      0.00,     15.00,      7.50,0,1,0,1,2,2
H4,484,2017,392510,     15.00,     15.00,     15.00,     15.00,0,0,0,1,1,1
H4,484,2017,392520,     15.00,     15.00,     15.00,     15.00,0,0,0,1,1,1
H4,484,2017,392530,     15.00,     15.00,     15.00,     15.00,0,0,0,1,1,1
H4,484,2017,392590,     15.00,     15.00,     15.00,     15.00,0,0,0,1,1,1
H4,484,2017,392610,     15.00,     15.00,     15.00,     15.00,0,0,0,1,1,1
H4,484,2017,392620,     30.00,      0.00,     15.00,     10.00,0,1,0,2,3,3
H4,484,2017,392630,     30.00,     15.00,     15.00,     15.00,0,0,0,2,2,2
H4,484,2017,392640,     15.00,     15.00,     15.00,     15.00,0,0,0,1,1,1
H4,484,2017,392690,    240.00,      0.00,     15.00,      6.67,0,20,0,16,36,36
H4,484,2017,400110,      0.00,      0.00,      0.00,      0.00,0,1,0,0,1,1
H4,484,2017,400121,      0.00,      0.00,      0.00,      0.00,0,1,0,0,1,1
H4,484,2017,400122,      0.00,      0.00,      0.00,      0.00,0,1,0,0,1,1
H4,484,2017,400129,      0.00,      0.00,      0.00,      0.00,0,1,0,0,1,1
H4,484,2017,400130,      0.00,      0.00,      0.00,      0.00,0,3,0,0,3,3
H4,484,2017,400211,     17.00,      5.00,      6.00,      5.67,0,0,0,3,3,3
H4,484,2017,400219,     31.00,      5.00,     10.00,      7.75,0,0,0,4,4,4
H4,484,2017,400220,      0.00,      0.00,      0.00,      0.00,0,1,0,0,1,1
H4,484,2017,400231,      7.00,      0.00,      7.00,      3.50,0,1,0,1,2,2
H4,484,2017,400239,      5.00,      0.00,      5.00,      2.50,0,1,0,1,2,2
H4,484,2017,400241,      0.00,      0.00,      0.00,      0.00,0,1,0,0,1,1
H4,484,2017,400249,      0.00,      0.00,      0.00,      0.00,0,2,0,0,2,2
H4,484,2017,400251,      0.00,      0.00,      0.00,      0.00,0,1,0,0,1,1
H4,484,2017,400259,     24.00,      0.00,     10.00,      6.00,0,1,0,3,4,4
H4,484,2017,400260,      0.00,      0.00,      0.00,      0.00,0,2,0,0,2,2
H4,484,2017,400270,      0.00,      0.00,      0.00,      0.00,0,1,0,0,1,1
H4,484,2017,400280,      0.00,      0.00,      0.00,      0.00,0,1,0,0,1,1
H4,484,2017,400291,     10.00,      0.00,      5.00,      3.33,0,1,0,2,3,3
H4,484,2017,400299,      5.00,      0.00,      5.00,      2.50,0,1,0,1,2,2
H4,484,2017,400300,      0.00,      0.00,      0.00,      0.00,0,1,0,0,1,1
H4,484,2017,400400,     25.00,      0.00,     15.00,      8.33,0,1,0,2,3,3
H4,484,2017,400510,      0.00,      0.00,      0.00,      0.00,0,1,0,0,1,1
H4,484,2017,400520,      0.00,      0.00,      0.00,      0.00,0,2,0,0,2,2
H4,484,2017,400591,      0.00,      0.00,      0.00,      0.00,0,4,0,0,4,4
H4,484,2017,400599,      0.00,      0.00,      0.00,      0.00,0,1,0,0,1,1
H4,484,2017,400610,      0.00,      0.00,      0.00,      0.00,0,1,0,0,1,1
H4,484,2017,400690,     25.00,      0.00,     15.00,      5.00,0,3,0,2,5,5
H4,484,2017,400700,      0.00,      0.00,      0.00,      0.00,0,1,0,0,1,1
H4,484,2017,400811,      0.00,      0.00,      0.00,      0.00,0,1,0,0,1,1
H4,484,2017,400819,      0.00,      0.00,      0.00,      0.00,0,2,0,0,2,2
H4,484,2017,400821,      0.00,      0.00,      0.00,      0.00,0,2,0,0,2,2
H4,484,2017,400829,      0.00,      0.00,      0.00,      0.00,0,3,0,0,3,3
H4,484,2017,400911,      0.00,      0.00,      0.00,      0.00,0,2,0,0,2,2
H4,484,2017,400912,      0.00,      0.00,      0.00,      0.00,0,3,0,0,3,3
H4,484,2017,400921,      0.00,      0.00,      0.00,      0.00,0,4,0,0,4,4
H4,484,2017,400922,      0.00,      0.00,      0.00,      0.00,0,5,0,0,5,5
H4,484,2017,400931,      0.00,      0.00,      0.00,      0.00,0,5,0,0,5,5
H4,484,2017,400932,      0.00,      0.00,      0.00,      0.00,0,5,0,0,5,5
H4,484,2017,400941,      0.00,      0.00,      0.00,      0.00,0,4,0,0,4,4
H4,484,2017,400942,      0.00,      0.00,      0.00,      0.00,0,3,0,0,3,3
H4,484,2017,401011,      0.00,      0.00,      0.00,      0.00,0,2,0,0,2,2
H4,484,2017,401012,      0.00,      0.00,      0.00,      0.00,0,3,0,0,3,3
H4,484,2017,401019,      0.00,      0.00,      0.00,      0.00,0,5,0,0,5,5
H4,484,2017,401031,      0.00,      0.00,      0.00,      0.00,0,1,0,0,1,1
H4,484,2017,401032,      0.00,      0.00,      0.00,      0.00,0,1,0,0,1,1
H4,484,2017,401033,      0.00,      0.00,      0.00,      0.00,0,1,0,0,1,1
H4,484,2017,401034,      0.00,      0.00,      0.00,      0.00,0,1,0,0,1,1
H4,484,2017,401035,      0.00,      0.00,      0.00,      0.00,0,2,0,0,2,2
H4,484,2017,401036,      0.00,      0.00,      0.00,      0.00,0,2,0,0,2,2
H4,484,2017,401039,      0.00,      0.00,      0.00,      0.00,0,5,0,0,5,5
H4,484,2017,401110,    135.00,     15.00,     15.00,     15.00,0,0,0,9,9,9
H4,484,2017,401120,     45.00,      0.00,     15.00,     11.25,0,1,0,3,4,4
H4,484,2017,401130,      0.00,      0.00,      0.00,      0.00,0,1,0,0,1,1
H4,484,2017,401140,      0.00,      0.00,      0.00,      0.00,0,1,0,0,1,1
H4,484,2017,401150,      0.00,      0.00,      0.00,      0.00,0,1,0,0,1,1
H4,484,2017,401161,     15.00,      0.00,     15.00,      5.00,0,2,0,1,3,3
H4,484,2017,401162,     15.00,      0.00,     15.00,      7.50,0,1,0,1,2,2
H4,484,2017,401163,     15.00,      0.00,     15.00,      3.75,0,3,0,1,4,4
H4,484,2017,401169,     15.00,     15.00,     15.00,     15.00,0,0,0,1,1,1
H4,484,2017,401192,     15.00,      0.00,     15.00,      7.50,0,1,0,1,2,2
H4,484,2017,401193,     15.00,      0.00,     15.00,      7.50,0,1,0,1,2,2
H4,484,2017,401194,     15.00,      0.00,     15.00,      7.50,0,1,0,1,2,2
H4,484,2017,401199,     15.00,      0.00,     15.00,      5.00,0,2,0,1,3,3
H4,484,2017,401211,     15.00,     15.00,     15.00,     15.00,0,0,0,1,1,1
H4,484,2017,401212,     15.00,     15.00,     15.00,     15.00,0,0,0,1,1,1
H4,484,2017,401213,     15.00,     15.00,     15.00,     15.00,0,0,0,1,1,1
H4,484,2017,401219,     15.00,     15.00,     15.00,     15.00,0,0,0,1,1,1
H4,484,2017,401220,     30.00,     15.00,     15.00,     15.00,1,0,0,2,2,3
H4,484,2017,401290,     45.00,      0.00,     15.00,     11.25,0,1,0,3,4,4
H4,484,2017,401310,     15.00,     15.00,     15.00,     15.00,0,0,0,1,1,1
H4,484,2017,401320,      0.00,      0.00,      0.00,      0.00,0,1,0,0,1,1
H4,484,2017,401390,     15.00,      0.00,     15.00,      3.75,0,3,0,1,4,4
H4,484,2017,401410,      5.00,      5.00,      5.00,      5.00,0,0,0,1,1,1
H4,484,2017,401490,     15.00,      0.00,     15.00,      5.00,0,2,0,1,3,3
H4,484,2017,401511,      0.00,      0.00,      0.00,      0.00,0,1,0,0,1,1
H4,484,2017,401519,     15.00,     15.00,     15.00,     15.00,0,0,0,1,1,1
H4,484,2017,401590,     30.00,      0.00,     15.00,      6.00,0,3,0,2,5,5
H4,484,2017,401610,      0.00,      0.00,      0.00,      0.00,0,1,0,0,1,1
H4,484,2017,401691,     10.00,     10.00,     10.00,     10.00,0,0,0,1,1,1
H4,484,2017,401692,     10.00,      0.00,     10.00,      5.00,0,1,0,1,2,2
H4,484,2017,401693,      0.00,      0.00,      0.00,      0.00,0,4,0,0,4,4
H4,484,2017,401694,     10.00,      0.00,      5.00,      3.33,0,1,0,2,3,3
H4,484,2017,401695,     10.00,      0.00,     10.00,      3.33,0,2,0,1,3,3
H4,484,2017,401699,     15.00,      0.00,     10.00,      1.36,0,9,0,2,11,11
H4,484,2017,401700,      5.00,      0.00,      5.00,      1.25,0,3,0,1,4,4
H4,484,2017,410120,      0.00,      0.00,      0.00,      0.00,0,2,0,0,2,2
H4,484,2017,410150,      0.00,      0.00,      0.00,      0.00,0,3,0,0,3,3
H4,484,2017,410190,      0.00,      0.00,      0.00,      0.00,0,3,0,0,3,3
H4,484,2017,410210,      0.00,      0.00,      0.00,      0.00,0,1,0,0,1,1
H4,484,2017,410221,      0.00,      0.00,      0.00,      0.00,0,1,0,0,1,1
H4,484,2017,410229,      0.00,      0.00,      0.00,      0.00,0,1,0,0,1,1
H4,484,2017,410320,      0.00,      0.00,      0.00,      0.00,1,2,0,0,2,3
H4,484,2017,410330,      0.00,      0.00,      0.00,      0.00,0,1,0,0,1,1
H4,484,2017,410390,      0.00,      0.00,      0.00,      0.00,0,4,0,0,4,4
H4,484,2017,410411,      0.00,      0.00,      0.00,      0.00,0,4,0,0,4,4
H4,484,2017,410419,      0.00,      0.00,      0.00,      0.00,0,4,0,0,4,4
H4,484,2017,410441,      0.00,      0.00,      0.00,      0.00,0,2,0,0,2,2
H4,484,2017,410449,      0.00,      0.00,      0.00,      0.00,0,2,0,0,2,2
H4,484,2017,410510,      0.00,      0.00,      0.00,      0.00,0,4,0,0,4,4
H4,484,2017,410530,      0.00,      0.00,      0.00,      0.00,0,1,0,0,1,1
H4,484,2017,410621,      0.00,      0.00,      0.00,      0.00,0,4,0,0,4,4
H4,484,2017,410622,      0.00,      0.00,      0.00,      0.00,0,1,0,0,1,1
H4,484,2017,410631,      0.00,      0.00,      0.00,      0.00,0,1,0,0,1,1
H4,484,2017,410632,      0.00,      0.00,      0.00,      0.00,0,1,0,0,1,1
H4,484,2017,410640,      0.00,      0.00,      0.00,      0.00,0,2,0,0,2,2
H4,484,2017,410691,      0.00,      0.00,      0.00,      0.00,0,1,0,0,1,1
H4,484,2017,410692,      0.00,      0.00,      0.00,      0.00,0,1,0,0,1,1
H4,484,2017,410711,      0.00,      0.00,      0.00,      0.00,0,2,0,0,2,2
H4,484,2017,410712,      0.00,      0.00,      0.00,      0.00,0,2,0,0,2,2
H4,484,2017,410719,      0.00,      0.00,      0.00,      0.00,0,2,0,0,2,2
H4,484,2017,410791,      0.00,      0.00,      0.00,      0.00,0,1,0,0,1,1
H4,484,2017,410792,      0.00,      0.00,      0.00,      0.00,0,1,0,0,1,1
H4,484,2017,410799,      0.00,      0.00,      0.00,      0.00,0,2,0,0,2,2
H4,484,2017,411200,      0.00,      0.00,      0.00,      0.00,0,1,0,0,1,1
H4,484,2017,411310,      0.00,      0.00,      0.00,      0.00,0,1,0,0,1,1
H4,484,2017,411320,      0.00,      0.00,      0.00,      0.00,0,1,0,0,1,1
H4,484,2017,411330,      0.00,      0.00,      0.00,      0.00,0,1,0,0,1,1
H4,484,2017,411390,      0.00,      0.00,      0.00,      0.00,0,2,0,0,2,2
H4,484,2017,411410,      0.00,      0.00,      0.00,      0.00,0,1,0,0,1,1
H4,484,2017,411420,      0.00,      0.00,      0.00,      0.00,0,1,0,0,1,1
H4,484,2017,411510,      0.00,      0.00,      0.00,      0.00,0,1,0,0,1,1
H4,484,2017,411520,      0.00,      0.00,      0.00,      0.00,0,1,0,0,1,1
H4,484,2017,420100,     20.00,     20.00,     20.00,     20.00,0,0,0,1,1,1
H4,484,2017,420211,     20.00,     20.00,     20.00,     20.00,0,0,0,1,1,1
H4,484,2017,420212,     40.00,     20.00,     20.00,     20.00,0,0,0,2,2,2
H4,484,2017,420219,     20.00,     20.00,     20.00,     20.00,0,0,0,1,1,1
H4,484,2017,420221,     20.00,     20.00,     20.00,     20.00,0,0,0,1,1,1
H4,484,2017,420222,     40.00,     20.00,     20.00,     20.00,0,0,0,2,2,2
H4,484,2017,420229,     20.00,     20.00,     20.00,     20.00,0,0,0,1,1,1
H4,484,2017,420231,     20.00,     20.00,     20.00,     20.00,0,0,0,1,1,1
H4,484,2017,420232,     40.00,     20.00,     20.00,     20.00,0,0,0,2,2,2
H4,484,2017,420239,     20.00,     20.00,     20.00,     20.00,0,0,0,1,1,1
H4,484,2017,420291,     20.00,     20.00,     20.00,     20.00,0,0,0,1,1,1
H4,484,2017,420292,     60.00,     20.00,     20.00,     20.00,0,0,0,3,3,3
H4,484,2017,420299,     20.00,     20.00,     20.00,     20.00,0,0,0,1,1,1
H4,484,2017,420310,     20.00,      0.00,     20.00,     10.00,0,1,0,1,2,2
H4,484,2017,420321,     20.00,     20.00,     20.00,     20.00,0,0,0,1,1,1
H4,484,2017,420329,     20.00,      0.00,     20.00,     10.00,0,1,0,1,2,2
H4,484,2017,420330,     40.00,     20.00,     20.00,     20.00,0,0,0,2,2,2
H4,484,2017,420340,     20.00,      0.00,     20.00,     10.00,0,1,0,1,2,2
H4,484,2017,420500,     40.00,      0.00,     20.00,     13.33,0,1,0,2,3,3
H4,484,2017,420600,     10.00,      0.00,      5.00,      3.33,0,1,0,2,3,3
H4,484,2017,430110,      0.00,      0.00,      0.00,      0.00,0,1,0,0,1,1
H4,484,2017,430130,      0.00,      0.00,      0.00,      0.00,0,1,0,0,1,1
H4,484,2017,430160,      0.00,      0.00,      0.00,      0.00,0,1,0,0,1,1
H4,484,2017,430180,      0.00,      0.00,      0.00,      0.00,0,8,0,0,8,8
H4,484,2017,430190,      0.00,      0.00,      0.00,      0.00,0,1,0,0,1,1
H4,484,2017,430211,      0.00,      0.00,      0.00,      0.00,0,1,0,0,1,1
H4,484,2017,430219,      0.00,      0.00,      0.00,      0.00,0,4,0,0,4,4
H4,484,2017,430220,      0.00,      0.00,      0.00,      0.00,0,2,0,0,2,2
H4,484,2017,430230,      0.00,      0.00,      0.00,      0.00,0,2,0,0,2,2
H4,484,2017,430310,     20.00,     20.00,     20.00,     20.00,0,0,0,1,1,1
H4,484,2017,430390,     20.00,     20.00,     20.00,     20.00,0,0,0,1,1,1
H4,484,2017,430400,     20.00,     20.00,     20.00,     20.00,0,0,0,1,1,1
H4,484,2017,440110,      0.00,      0.00,      0.00,      0.00,0,1,0,0,1,1
H4,484,2017,440121,      0.00,      0.00,      0.00,      0.00,0,1,0,0,1,1
H4,484,2017,440122,      0.00,      0.00,      0.00,      0.00,0,1,0,0,1,1
H4,484,2017,440131,      0.00,      0.00,      0.00,      0.00,0,1,0,0,1,1
H4,484,2017,440139,      0.00,      0.00,      0.00,      0.00,0,1,0,0,1,1
H4,484,2017,440210,      0.00,      0.00,      0.00,      0.00,0,1,0,0,1,1
H4,484,2017,440290,      0.00,      0.00,      0.00,      0.00,0,1,0,0,1,1
H4,484,2017,440310,      0.00,      0.00,      0.00,      0.00,0,1,0,0,1,1
H4,484,2017,440320,      0.00,      0.00,      0.00,      0.00,0,1,0,0,1,1
H4,484,2017,440341,      0.00,      0.00,      0.00,      0.00,0,1,0,0,1,1
H4,484,2017,440349,      0.00,      0.00,      0.00,      0.00,0,3,0,0,3,3
H4,484,2017,440391,      0.00,      0.00,      0.00,      0.00,0,1,0,0,1,1
H4,484,2017,440392,      0.00,      0.00,      0.00,      0.00,0,1,0,0,1,1
H4,484,2017,440399,      0.00,      0.00,      0.00,      0.00,0,1,0,0,1,1
H4,484,2017,440410,     10.00,      5.00,      5.00,      5.00,0,0,0,2,2,2
H4,484,2017,440420,     40.00,      5.00,     15.00,      8.00,0,0,0,5,5,5
H4,484,2017,440500,     10.00,      5.00,      5.00,      5.00,0,0,0,2,2,2
H4,484,2017,440610,      5.00,      5.00,      5.00,      5.00,0,0,0,1,1,1
H4,484,2017,440690,      5.00,      5.00,      5.00,      5.00,0,0,0,1,1,1
H4,484,2017,440710,     10.00,      0.00,      5.00,      2.00,0,3,0,2,5,5
H4,484,2017,440721,      0.00,      0.00,      0.00,      0.00,0,3,0,0,3,3
H4,484,2017,440722,      0.00,      0.00,      0.00,      0.00,0,2,0,0,2,2
H4,484,2017,440725,      5.00,      5.00,      5.00,      5.00,0,0,0,1,1,1
H4,484,2017,440726,      5.00,      5.00,      5.00,      5.00,0,0,0,1,1,1
H4,484,2017,440727,      0.00,      0.00,      0.00,      0.00,0,1,0,0,1,1
H4,484,2017,440728,      0.00,      0.00,      0.00,      0.00,0,1,0,0,1,1
H4,484,2017,440729,      0.00,      0.00,      0.00,      0.00,0,4,0,0,4,4
H4,484,2017,440791,      0.00,      0.00,      0.00,      0.00,0,1,0,0,1,1
H4,484,2017,440792,      0.00,      0.00,      0.00,      0.00,0,2,0,0,2,2
H4,484,2017,440793,      0.00,      0.00,      0.00,      0.00,0,1,0,0,1,1
H4,484,2017,440794,      0.00,      0.00,      0.00,      0.00,0,1,0,0,1,1
H4,484,2017,440795,      0.00,      0.00,      0.00,      0.00,0,3,0,0,3,3
H4,484,2017,440799,      0.00,      0.00,      0.00,      0.00,0,4,0,0,4,4
H4,484,2017,440810,      0.00,      0.00,      0.00,      0.00,0,2,0,0,2,2
H4,484,2017,440831,      0.00,      0.00,      0.00,      0.00,0,1,0,0,1,1
H4,484,2017,440839,      0.00,      0.00,      0.00,      0.00,0,2,0,0,2,2
H4,484,2017,440890,      0.00,      0.00,      0.00,      0.00,0,2,0,0,2,2
H4,484,2017,440910,     30.00,      0.00,     15.00,     10.00,0,1,0,2,3,3
H4,484,2017,440921,     45.00,     15.00,     15.00,     15.00,0,0,0,3,3,3
H4,484,2017,440929,     45.00,     15.00,     15.00,     15.00,0,0,0,3,3,3
H4,484,2017,441011,     60.00,     15.00,     15.00,     15.00,0,0,0,4,4,4
H4,484,2017,441012,     30.00,     15.00,     15.00,     15.00,0,0,0,2,2,2
H4,484,2017,441019,     60.00,     15.00,     15.00,     15.00,0,0,0,4,4,4
H4,484,2017,441090,     20.00,      5.00,     15.00,     10.00,0,0,0,2,2,2
H4,484,2017,441112,     25.00,      0.00,      5.00,      4.17,0,1,0,5,6,6
H4,484,2017,441113,     25.00,      0.00,      5.00,      4.17,0,1,0,5,6,6
H4,484,2017,441114,     20.00,      0.00,      5.00,      3.33,0,2,0,4,6,6
H4,484,2017,441192,     10.00,      5.00,      5.00,      5.00,0,0,0,2,2,2
H4,484,2017,441193,     20.00,      5.00,      5.00,      5.00,0,0,0,4,4,4
H4,484,2017,441194,     20.00,      5.00,      5.00,      5.00,0,0,0,4,4,4
H4,484,2017,441210,      7.00,      7.00,      7.00,      7.00,0,0,0,1,1,1
H4,484,2017,441231,     14.00,      7.00,      7.00,      7.00,0,0,0,2,2,2
H4,484,2017,441232,     14.00,      7.00,      7.00,      7.00,0,0,0,2,2,2
H4,484,2017,441239,     14.00,      7.00,      7.00,      7.00,0,0,0,2,2,2
H4,484,2017,441294,     21.00,      7.00,      7.00,      7.00,0,0,0,3,3,3
H4,484,2017,441299,     21.00,      7.00,      7.00,      7.00,0,0,0,3,3,3
H4,484,2017,441300,     20.00,      0.00,     15.00,      6.67,0,1,0,2,3,3
H4,484,2017,441400,     15.00,     15.00,     15.00,     15.00,0,0,0,1,1,1
H4,484,2017,441510,     15.00,     15.00,     15.00,     15.00,0,0,0,1,1,1
H4,484,2017,441520,     30.00,     15.00,     15.00,     15.00,0,0,0,2,2,2
H4,484,2017,441600,     60.00,      0.00,     15.00,     10.00,0,2,0,4,6,6
H4,484,2017,441700,     20.00,      5.00,     15.00,     10.00,0,0,0,2,2,2
H4,484,2017,441810,     15.00,     15.00,     15.00,     15.00,0,0,0,1,1,1
H4,484,2017,441820,     15.00,     15.00,     15.00,     15.00,0,0,0,1,1,1
H4,484,2017,441840,     15.00,     15.00,     15.00,     15.00,0,0,0,1,1,1
H4,484,2017,441850,     15.00,     15.00,     15.00,     15.00,0,0,0,1,1,1
H4,484,2017,441860,     15.00,     15.00,     15.00,     15.00,0,0,0,1,1,1
H4,484,2017,441871,     15.00,     15.00,     15.00,     15.00,0,0,0,1,1,1
H4,484,2017,441872,     20.00,      5.00,     15.00,     10.00,0,0,0,2,2,2
H4,484,2017,441879,     30.00,     15.00,     15.00,     15.00,0,0,0,2,2,2
H4,484,2017,441890,     30.00,     15.00,     15.00,     15.00,0,0,0,2,2,2
H4,484,2017,441900,     15.00,     15.00,     15.00,     15.00,0,0,0,1,1,1
H4,484,2017,442010,     15.00,     15.00,     15.00,     15.00,0,0,0,1,1,1
H4,484,2017,442090,     15.00,     15.00,     15.00,     15.00,0,0,0,1,1,1
H4,484,2017,442110,     15.00,     15.00,     15.00,     15.00,0,0,0,1,1,1
H4,484,2017,442190,     50.00,      5.00,     15.00,     10.00,0,0,0,5,5,5
H4,484,2017,450110,      0.00,      0.00,      0.00,      0.00,0,1,0,0,1,1
H4,484,2017,450190,      0.00,      0.00,      0.00,      0.00,0,1,0,0,1,1
H4,484,2017,450200,      0.00,      0.00,      0.00,      0.00,0,1,0,0,1,1
H4,484,2017,450310,      0.00,      0.00,      0.00,      0.00,0,1,0,0,1,1
H4,484,2017,450390,      0.00,      0.00,      0.00,      0.00,0,1,0,0,1,1
H4,484,2017,450410,      5.00,      0.00,      5.00,      1.25,0,3,0,1,4,4
H4,484,2017,450490,      0.00,      0.00,      0.00,      0.00,0,1,0,0,1,1
H4,484,2017,460121,     10.00,     10.00,     10.00,     10.00,0,0,0,1,1,1
H4,484,2017,460122,     15.00,     15.00,     15.00,     15.00,0,0,0,1,1,1
H4,484,2017,460129,     30.00,     15.00,     15.00,     15.00,0,0,0,2,2,2
H4,484,2017,460192,     25.00,     10.00,     15.00,     12.50,0,0,0,2,2,2
H4,484,2017,460193,     30.00,     15.00,     15.00,     15.00,0,0,0,2,2,2
H4,484,2017,460194,     25.00,     10.00,     15.00,     12.50,0,0,0,2,2,2
H4,484,2017,460199,     25.00,     10.00,     15.00,     12.50,0,0,0,2,2,2
H4,484,2017,460211,     15.00,     15.00,     15.00,     15.00,0,0,0,1,1,1
H4,484,2017,460212,     15.00,     15.00,     15.00,     15.00,0,0,0,1,1,1
H4,484,2017,460219,     15.00,     15.00,     15.00,     15.00,0,0,0,1,1,1
H4,484,2017,460290,     15.00,     15.00,     15.00,     15.00,0,0,0,1,1,1
H4,484,2017,470100,      0.00,      0.00,      0.00,      0.00,0,1,0,0,1,1
H4,484,2017,470200,      0.00,      0.00,      0.00,      0.00,0,2,0,0,2,2
H4,484,2017,470311,      0.00,      0.00,      0.00,      0.00,0,3,0,0,3,3
H4,484,2017,470319,      0.00,      0.00,      0.00,      0.00,0,2,0,0,2,2
H4,484,2017,470321,      0.00,      0.00,      0.00,      0.00,0,2,0,0,2,2
H4,484,2017,470329,      0.00,      0.00,      0.00,      0.00,0,2,0,0,2,2
H4,484,2017,470411,      0.00,      0.00,      0.00,      0.00,0,1,0,0,1,1
H4,484,2017,470419,      0.00,      0.00,      0.00,      0.00,0,1,0,0,1,1
H4,484,2017,470421,      0.00,      0.00,      0.00,      0.00,0,1,0,0,1,1
H4,484,2017,470429,      0.00,      0.00,      0.00,      0.00,0,1,0,0,1,1
H4,484,2017,470500,      0.00,      0.00,      0.00,      0.00,0,1,0,0,1,1
H4,484,2017,470610,      0.00,      0.00,      0.00,      0.00,0,1,0,0,1,1
H4,484,2017,470620,      0.00,      0.00,      0.00,      0.00,0,1,0,0,1,1
H4,484,2017,470630,      0.00,      0.00,      0.00,      0.00,0,3,0,0,3,3
H4,484,2017,470691,      0.00,      0.00,      0.00,      0.00,0,1,0,0,1,1
H4,484,2017,470692,      0.00,      0.00,      0.00,      0.00,0,1,0,0,1,1
H4,484,2017,470693,      0.00,      0.00,      0.00,      0.00,0,1,0,0,1,1
H4,484,2017,470710,      0.00,      0.00,      0.00,      0.00,0,1,0,0,1,1
H4,484,2017,470720,      0.00,      0.00,      0.00,      0.00,0,1,0,0,1,1
H4,484,2017,470730,      0.00,      0.00,      0.00,      0.00,0,1,0,0,1,1
H4,484,2017,470790,      0.00,      0.00,      0.00,      0.00,0,1,0,0,1,1
H4,484,2017,480100,      5.00,      5.00,      5.00,      5.00,0,0,0,1,1,1
H4,484,2017,480210,      5.00,      5.00,      5.00,      5.00,0,0,0,1,1,1
H4,484,2017,480220,     15.00,      5.00,      5.00,      5.00,0,0,0,3,3,3
H4,484,2017,480240,      5.00,      5.00,      5.00,      5.00,0,0,0,1,1,1
H4,484,2017,480254,     35.00,      0.00,      5.00,      4.38,0,1,0,7,8,8
H4,484,2017,480255,     25.00,      0.00,     15.00,      6.25,0,1,0,3,4,4
H4,484,2017,480256,     10.00,      0.00,      5.00,      3.33,0,1,0,2,3,3
H4,484,2017,480257,     10.00,      5.00,      5.00,      5.00,0,0,0,2,2,2
H4,484,2017,480258,     20.00,      5.00,      5.00,      5.00,0,0,0,4,4,4
H4,484,2017,480261,     15.00,      5.00,      5.00,      5.00,0,0,0,3,3,3
H4,484,2017,480262,     10.00,      5.00,      5.00,      5.00,0,0,0,2,2,2
H4,484,2017,480269,     10.00,      5.00,      5.00,      5.00,0,0,0,2,2,2
H4,484,2017,480300,      0.00,      0.00,      0.00,      0.00,0,4,0,0,4,4
H4,484,2017,480411,      0.00,      0.00,      0.00,      0.00,0,1,0,0,1,1
H4,484,2017,480419,      0.00,      0.00,      0.00,      0.00,0,3,0,0,3,3
H4,484,2017,480421,      0.00,      0.00,      0.00,      0.00,0,1,0,0,1,1
H4,484,2017,480429,      0.00,      0.00,      0.00,      0.00,0,1,0,0,1,1
H4,484,2017,480431,      0.00,      0.00,      0.00,      0.00,0,5,0,0,5,5
H4,484,2017,480439,      0.00,      0.00,      0.00,      0.00,0,4,0,0,4,4
H4,484,2017,480441,      0.00,      0.00,      0.00,      0.00,0,1,0,0,1,1
H4,484,2017,480442,      0.00,      0.00,      0.00,      0.00,0,1,0,0,1,1
H4,484,2017,480449,      0.00,      0.00,      0.00,      0.00,0,3,0,0,3,3
H4,484,2017,480451,      0.00,      0.00,      0.00,      0.00,0,2,0,0,2,2
H4,484,2017,480452,      0.00,      0.00,      0.00,      0.00,0,1,0,0,1,1
H4,484,2017,480459,      0.00,      0.00,      0.00,      0.00,0,3,0,0,3,3
H4,484,2017,480511,      0.00,      0.00,      0.00,      0.00,0,1,0,0,1,1
H4,484,2017,480512,      0.00,      0.00,      0.00,      0.00,0,1,0,0,1,1
H4,484,2017,480519,      0.00,      0.00,      0.00,      0.00,0,1,0,0,1,1
H4,484,2017,480524,      0.00,      0.00,      0.00,      0.00,0,2,0,0,2,2
H4,484,2017,480525,      0.00,      0.00,      0.00,      0.00,0,2,0,0,2,2
H4,484,2017,480530,      0.00,      0.00,      0.00,      0.00,0,1,0,0,1,1
H4,484,2017,480540,      0.00,      0.00,      0.00,      0.00,0,1,0,0,1,1
H4,484,2017,480550,      0.00,      0.00,      0.00,      0.00,0,1,0,0,1,1
H4,484,2017,480591,      0.00,      0.00,      0.00,      0.00,0,1,0,0,1,1
H4,484,2017,480592,      0.00,      0.00,      0.00,      0.00,0,1,0,0,1,1
H4,484,2017,480593,      0.00,      0.00,      0.00,      0.00,0,1,0,0,1,1
H4,484,2017,480610,      0.00,      0.00,      0.00,      0.00,0,1,0,0,1,1
H4,484,2017,480620,      0.00,      0.00,      0.00,      0.00,0,1,0,0,1,1
H4,484,2017,480630,      0.00,      0.00,      0.00,      0.00,0,1,0,0,1,1
H4,484,2017,480640,      0.00,      0.00,      0.00,      0.00,0,1,0,0,1,1
H4,484,2017,480700,      0.00,      0.00,      0.00,      0.00,0,3,0,0,3,3
H4,484,2017,480810,      0.00,      0.00,      0.00,      0.00,0,1,0,0,1,1
H4,484,2017,480840,      0.00,      0.00,      0.00,      0.00,0,4,0,0,4,4
H4,484,2017,480890,      0.00,      0.00,      0.00,      0.00,0,2,0,0,2,2
H4,484,2017,480920,      5.00,      5.00,      5.00,      5.00,0,0,0,1,1,1
H4,484,2017,480990,      5.00,      0.00,      5.00,      1.67,0,2,0,1,3,3
H4,484,2017,481013,      0.00,      0.00,      0.00,      0.00,0,7,0,0,7,7
H4,484,2017,481014,      0.00,      0.00,      0.00,      0.00,0,7,0,0,7,7
H4,484,2017,481019,      0.00,      0.00,      0.00,      0.00,0,1,0,0,1,1
H4,484,2017,481022,      0.00,      0.00,      0.00,      0.00,0,2,0,0,2,2
H4,484,2017,481029,      0.00,      0.00,      0.00,      0.00,0,2,0,0,2,2
H4,484,2017,481031,     10.00,      0.00,      5.00,      2.00,0,3,0,2,5,5
H4,484,2017,481032,      0.00,      0.00,      0.00,      0.00,0,1,0,0,1,1
H4,484,2017,481039,      0.00,      0.00,      0.00,      0.00,0,1,0,0,1,1
H4,484,2017,481092,      0.00,      0.00,      0.00,      0.00,0,1,0,0,1,1
H4,484,2017,481099,      0.00,      0.00,      0.00,      0.00,0,2,0,0,2,2
H4,484,2017,481110,      5.00,      0.00,      5.00,      1.67,0,2,0,1,3,3
H4,484,2017,481141,      5.00,      0.00,      5.00,      2.50,0,1,0,1,2,2
H4,484,2017,481149,      5.00,      0.00,      5.00,      2.50,0,1,0,1,2,2
H4,484,2017,481151,     15.00,      0.00,      5.00,      2.14,0,4,0,3,7,7
H4,484,2017,481159,      5.00,      0.00,      5.00,      0.63,0,7,0,1,8,8
H4,484,2017,481160,     15.00,      5.00,      5.00,      5.00,0,0,0,3,3,3
H4,484,2017,481190,      5.00,      0.00,      5.00,      0.45,0,10,0,1,11,11
H4,484,2017,481200,      0.00,      0.00,      0.00,      0.00,0,1,0,0,1,1
H4,484,2017,481310,      0.00,      0.00,      0.00,      0.00,0,1,0,0,1,1
H4,484,2017,481320,      0.00,      0.00,      0.00,      0.00,0,1,0,0,1,1
H4,484,2017,481390,      0.00,      0.00,      0.00,      0.00,0,1,0,0,1,1
H4,484,2017,481420,      5.00,      5.00,      5.00,      5.00,0,0,0,1,1,1
H4,484,2017,481490,     10.00,      0.00,      5.00,      3.33,0,1,0,2,3,3
H4,484,2017,481620,      5.00,      5.00,      5.00,      5.00,0,0,0,1,1,1
H4,484,2017,481690,     15.00,      5.00,      5.00,      5.00,0,0,0,3,3,3
H4,484,2017,481710,      5.00,      5.00,      5.00,      5.00,0,0,0,1,1,1
H4,484,2017,481720,      5.00,      5.00,      5.00,      5.00,0,0,0,1,1,1
H4,484,2017,481730,      5.00,      5.00,      5.00,      5.00,0,0,0,1,1,1
H4,484,2017,481810,      5.00,      5.00,      5.00,      5.00,0,0,0,1,1,1
H4,484,2017,481820,      5.00,      5.00,      5.00,      5.00,0,0,0,1,1,1
H4,484,2017,481830,      5.00,      5.00,      5.00,      5.00,0,0,0,1,1,1
H4,484,2017,481850,      5.00,      5.00,      5.00,      5.00,0,0,0,1,1,1
H4,484,2017,481890,      5.00,      5.00,      5.00,      5.00,0,0,0,1,1,1
H4,484,2017,481910,      0.00,      0.00,      0.00,      0.00,0,1,0,0,1,1
H4,484,2017,481920,     10.00,      5.00,      5.00,      5.00,0,0,0,2,2,2
H4,484,2017,481930,      0.00,      0.00,      0.00,      0.00,0,1,0,0,1,1
H4,484,2017,481940,      5.00,      5.00,      5.00,      5.00,0,0,0,1,1,1
H4,484,2017,481950,      5.00,      5.00,      5.00,      5.00,0,0,0,1,1,1
H4,484,2017,481960,      5.00,      5.00,      5.00,      5.00,0,0,0,1,1,1
H4,484,2017,482010,     10.00,      5.00,      5.00,      5.00,0,0,0,2,2,2
H4,484,2017,482020,      5.00,      5.00,      5.00,      5.00,0,0,0,1,1,1
H4,484,2017,482030,      5.00,      5.00,      5.00,      5.00,0,0,0,1,1,1
H4,484,2017,482040,      5.00,      5.00,      5.00,      5.00,0,0,0,1,1,1
H4,484,2017,482050,      5.00,      5.00,      5.00,      5.00,0,0,0,1,1,1
H4,484,2017,482090,      5.00,      5.00,      5.00,      5.00,0,0,0,1,1,1
H4,484,2017,482110,      0.00,      0.00,      0.00,      0.00,0,1,0,0,1,1
H4,484,2017,482190,      0.00,      0.00,      0.00,      0.00,0,1,0,0,1,1
H4,484,2017,482210,      5.00,      5.00,      5.00,      5.00,0,0,0,1,1,1
H4,484,2017,482290,      5.00,      5.00,      5.00,      5.00,0,0,0,1,1,1
H4,484,2017,482320,      0.00,      0.00,      0.00,      0.00,0,2,0,0,2,2
H4,484,2017,482340,      0.00,      0.00,      0.00,      0.00,0,1,0,0,1,1
H4,484,2017,482361,      5.00,      5.00,      5.00,      5.00,0,0,0,1,1,1
H4,484,2017,482369,      5.00,      5.00,      5.00,      5.00,0,0,0,1,1,1
H4,484,2017,482370,     15.00,      0.00,      5.00,      3.75,0,1,0,3,4,4
H4,484,2017,482390,     62.00,      0.00,      7.00,      3.44,0,6,0,12,18,18
H4,484,2017,490110,     15.00,      0.00,     15.00,      7.50,0,1,0,1,2,2
H4,484,2017,490191,      0.00,      0.00,      0.00,      0.00,0,4,0,0,4,4
H4,484,2017,490199,     15.00,      0.00,     15.00,      2.14,0,6,0,1,7,7
H4,484,2017,490210,      0.00,      0.00,      0.00,      0.00,0,2,0,0,2,2
H4,484,2017,490290,      0.00,      0.00,      0.00,      0.00,0,2,0,0,2,2
H4,484,2017,490300,     15.00,      0.00,     15.00,      7.50,0,1,0,1,2,2
H4,484,2017,490400,      0.00,      0.00,      0.00,      0.00,0,1,0,0,1,1
H4,484,2017,490510,     10.00,     10.00,     10.00,     10.00,0,0,0,1,1,1
H4,484,2017,490591,     15.00,      5.00,     10.00,      7.50,0,0,0,2,2,2
H4,484,2017,490599,     15.00,      5.00,     10.00,      7.50,0,0,0,2,2,2
H4,484,2017,490600,      5.00,      5.00,      5.00,      5.00,0,0,0,1,1,1
H4,484,2017,490700,     15.00,      0.00,     15.00,      5.00,0,2,0,1,3,3
H4,484,2017,490810,     15.00,      0.00,     15.00,      7.50,0,1,0,1,2,2
H4,484,2017,490890,     60.00,      5.00,     15.00,     12.00,1,0,0,5,5,6
H4,484,2017,490900,     15.00,     15.00,     15.00,     15.00,0,0,0,1,1,1
H4,484,2017,491000,     15.00,     15.00,     15.00,     15.00,0,0,0,1,1,1
H4,484,2017,491110,     35.00,      5.00,     15.00,      7.00,0,0,0,5,5,5
H4,484,2017,491191,     55.00,      5.00,     15.00,     11.00,1,0,0,5,5,6
H4,484,2017,491199,     85.00,      5.00,     15.00,     12.14,0,0,0,7,7,7
H4,484,2017,500100,      0.00,      0.00,      0.00,      0.00,0,1,0,0,1,1
H4,484,2017,500200,      0.00,      0.00,      0.00,      0.00,0,1,0,0,1,1
H4,484,2017,500300,      0.00,      0.00,      0.00,      0.00,0,2,0,0,2,2
H4,484,2017,500400,     10.00,     10.00,     10.00,     10.00,0,0,0,1,1,1
H4,484,2017,500500,     10.00,     10.00,     10.00,     10.00,0,0,0,1,1,1
H4,484,2017,500600,     10.00,     10.00,     10.00,     10.00,0,0,0,1,1,1
H4,484,2017,500710,     10.00,     10.00,     10.00,     10.00,0,0,0,1,1,1
H4,484,2017,500720,     10.00,     10.00,     10.00,     10.00,0,0,0,1,1,1
H4,484,2017,500790,     10.00,     10.00,     10.00,     10.00,0,0,0,1,1,1
H4,484,2017,510111,      0.00,      0.00,      0.00,      0.00,0,2,0,0,2,2
H4,484,2017,510119,      0.00,      0.00,      0.00,      0.00,0,2,0,0,2,2
H4,484,2017,510121,      0.00,      0.00,      0.00,      0.00,0,2,0,0,2,2
H4,484,2017,510129,      0.00,      0.00,      0.00,      0.00,0,2,0,0,2,2
H4,484,2017,510130,      0.00,      0.00,      0.00,      0.00,0,2,0,0,2,2
H4,484,2017,510211,      0.00,      0.00,      0.00,      0.00,0,1,0,0,1,1
H4,484,2017,510219,      0.00,      0.00,      0.00,      0.00,0,3,0,0,3,3
H4,484,2017,510220,      0.00,      0.00,      0.00,      0.00,0,2,0,0,2,2
H4,484,2017,510310,      0.00,      0.00,      0.00,      0.00,0,3,0,0,3,3
H4,484,2017,510320,      0.00,      0.00,      0.00,      0.00,0,3,0,0,3,3
H4,484,2017,510330,      0.00,      0.00,      0.00,      0.00,0,1,0,0,1,1
H4,484,2017,510400,      0.00,      0.00,      0.00,      0.00,0,1,0,0,1,1
H4,484,2017,510510,      0.00,      0.00,      0.00,      0.00,0,1,0,0,1,1
H4,484,2017,510521,      0.00,      0.00,      0.00,      0.00,0,1,0,0,1,1
H4,484,2017,510529,      0.00,      0.00,      0.00,      0.00,0,2,0,0,2,2
H4,484,2017,510531,      0.00,      0.00,      0.00,      0.00,0,1,0,0,1,1
H4,484,2017,510539,      0.00,      0.00,      0.00,      0.00,0,3,0,0,3,3
H4,484,2017,510540,      0.00,      0.00,      0.00,      0.00,0,1,0,0,1,1
H4,484,2017,510610,     10.00,     10.00,     10.00,     10.00,0,0,0,1,1,1
H4,484,2017,510620,     10.00,     10.00,     10.00,     10.00,0,0,0,1,1,1
H4,484,2017,510710,     10.00,     10.00,     10.00,     10.00,0,0,0,1,1,1
H4,484,2017,510720,     10.00,     10.00,     10.00,     10.00,0,0,0,1,1,1
H4,484,2017,510810,     10.00,     10.00,     10.00,     10.00,0,0,0,1,1,1
H4,484,2017,510820,     10.00,     10.00,     10.00,     10.00,0,0,0,1,1,1
H4,484,2017,510910,     10.00,     10.00,     10.00,     10.00,0,0,0,1,1,1
H4,484,2017,510990,     10.00,     10.00,     10.00,     10.00,0,0,0,1,1,1
H4,484,2017,511000,     10.00,     10.00,     10.00,     10.00,0,0,0,1,1,1
H4,484,2017,511111,     20.00,     10.00,     10.00,     10.00,0,0,0,2,2,2
H4,484,2017,511119,     20.00,     10.00,     10.00,     10.00,0,0,0,2,2,2
H4,484,2017,511120,     20.00,     10.00,     10.00,     10.00,0,0,0,2,2,2
H4,484,2017,511130,     20.00,     10.00,     10.00,     10.00,0,0,0,2,2,2
H4,484,2017,511190,     10.00,     10.00,     10.00,     10.00,0,0,0,1,1,1
H4,484,2017,511211,     20.00,     10.00,     10.00,     10.00,0,0,0,2,2,2
H4,484,2017,511219,     30.00,     10.00,     10.00,     10.00,0,0,0,3,3,3
H4,484,2017,511220,     20.00,     10.00,     10.00,     10.00,0,0,0,2,2,2
H4,484,2017,511230,     30.00,     10.00,     10.00,     10.00,0,0,0,3,3,3
H4,484,2017,511290,     10.00,     10.00,     10.00,     10.00,0,0,0,1,1,1
H4,484,2017,511300,     20.00,     10.00,     10.00,     10.00,0,0,0,2,2,2
H4,484,2017,520100,      0.00,      0.00,      0.00,      0.00,0,3,0,0,3,3
H4,484,2017,520210,      0.00,      0.00,      0.00,      0.00,0,1,0,0,1,1
H4,484,2017,520291,      0.00,      0.00,      0.00,      0.00,0,1,0,0,1,1
H4,484,2017,520299,      0.00,      0.00,      0.00,      0.00,0,2,0,0,2,2
H4,484,2017,520300,      0.00,      0.00,      0.00,      0.00,0,1,0,0,1,1
H4,484,2017,520411,     10.00,     10.00,     10.00,     10.00,0,0,0,1,1,1
H4,484,2017,520419,     10.00,     10.00,     10.00,     10.00,0,0,0,1,1,1
H4,484,2017,520420,     10.00,     10.00,     10.00,     10.00,0,0,0,1,1,1
H4,484,2017,520511,     10.00,     10.00,     10.00,     10.00,0,0,0,1,1,1
H4,484,2017,520512,     10.00,     10.00,     10.00,     10.00,0,0,0,1,1,1
H4,484,2017,520513,     10.00,     10.00,     10.00,     10.00,0,0,0,1,1,1
H4,484,2017,520514,     10.00,     10.00,     10.00,     10.00,0,0,0,1,1,1
H4,484,2017,520515,     10.00,     10.00,     10.00,     10.00,0,0,0,1,1,1
H4,484,2017,520521,     10.00,     10.00,     10.00,     10.00,0,0,0,1,1,1
H4,484,2017,520522,     10.00,     10.00,     10.00,     10.00,0,0,0,1,1,1
H4,484,2017,520523,     10.00,     10.00,     10.00,     10.00,0,0,0,1,1,1
H4,484,2017,520524,     10.00,     10.00,     10.00,     10.00,0,0,0,1,1,1
H4,484,2017,520526,     10.00,     10.00,     10.00,     10.00,0,0,0,1,1,1
H4,484,2017,520527,     10.00,     10.00,     10.00,     10.00,0,0,0,1,1,1
H4,484,2017,520528,     10.00,     10.00,     10.00,     10.00,0,0,0,1,1,1
H4,484,2017,520531,     10.00,     10.00,     10.00,     10.00,0,0,0,1,1,1
H4,484,2017,520532,     10.00,     10.00,     10.00,     10.00,0,0,0,1,1,1
H4,484,2017,520533,     10.00,     10.00,     10.00,     10.00,0,0,0,1,1,1
H4,484,2017,520534,     10.00,     10.00,     10.00,     10.00,0,0,0,1,1,1
H4,484,2017,520535,     10.00,     10.00,     10.00,     10.00,0,0,0,1,1,1
H4,484,2017,520541,     10.00,     10.00,     10.00,     10.00,0,0,0,1,1,1
H4,484,2017,520542,     10.00,     10.00,     10.00,     10.00,0,0,0,1,1,1
H4,484,2017,520543,     10.00,     10.00,     10.00,     10.00,0,0,0,1,1,1
H4,484,2017,520544,     10.00,     10.00,     10.00,     10.00,0,0,0,1,1,1
H4,484,2017,520546,     10.00,     10.00,     10.00,     10.00,0,0,0,1,1,1
H4,484,2017,520547,     10.00,     10.00,     10.00,     10.00,0,0,0,1,1,1
H4,484,2017,520548,     10.00,     10.00,     10.00,     10.00,0,0,0,1,1,1
H4,484,2017,520611,     10.00,     10.00,     10.00,     10.00,0,0,0,1,1,1
H4,484,2017,520612,     10.00,     10.00,     10.00,     10.00,0,0,0,1,1,1
H4,484,2017,520613,     10.00,     10.00,     10.00,     10.00,0,0,0,1,1,1
H4,484,2017,520614,     10.00,     10.00,     10.00,     10.00,0,0,0,1,1,1
H4,484,2017,520615,     10.00,     10.00,     10.00,     10.00,0,0,0,1,1,1
H4,484,2017,520621,     10.00,     10.00,     10.00,     10.00,0,0,0,1,1,1
H4,484,2017,520622,     10.00,     10.00,     10.00,     10.00,0,0,0,1,1,1
H4,484,2017,520623,     10.00,     10.00,     10.00,     10.00,0,0,0,1,1,1
H4,484,2017,520624,     10.00,     10.00,     10.00,     10.00,0,0,0,1,1,1
H4,484,2017,520625,     10.00,     10.00,     10.00,     10.00,0,0,0,1,1,1
H4,484,2017,520631,     10.00,     10.00,     10.00,     10.00,0,0,0,1,1,1
H4,484,2017,520632,     10.00,     10.00,     10.00,     10.00,0,0,0,1,1,1
H4,484,2017,520633,     10.00,     10.00,     10.00,     10.00,0,0,0,1,1,1
H4,484,2017,520634,     10.00,     10.00,     10.00,     10.00,0,0,0,1,1,1
H4,484,2017,520635,     10.00,     10.00,     10.00,     10.00,0,0,0,1,1,1
H4,484,2017,520641,     10.00,     10.00,     10.00,     10.00,0,0,0,1,1,1
H4,484,2017,520642,     10.00,     10.00,     10.00,     10.00,0,0,0,1,1,1
H4,484,2017,520643,     10.00,     10.00,     10.00,     10.00,0,0,0,1,1,1
H4,484,2017,520644,     10.00,     10.00,     10.00,     10.00,0,0,0,1,1,1
H4,484,2017,520645,     10.00,     10.00,     10.00,     10.00,0,0,0,1,1,1
H4,484,2017,520710,     10.00,     10.00,     10.00,     10.00,0,0,0,1,1,1
H4,484,2017,520790,     10.00,     10.00,     10.00,     10.00,0,0,0,1,1,1
H4,484,2017,520811,     10.00,     10.00,     10.00,     10.00,0,0,0,1,1,1
H4,484,2017,520812,     10.00,     10.00,     10.00,     10.00,0,0,0,1,1,1
H4,484,2017,520813,     10.00,     10.00,     10.00,     10.00,0,0,0,1,1,1
H4,484,2017,520819,     30.00,     10.00,     10.00,     10.00,0,0,0,3,3,3
H4,484,2017,520821,     10.00,     10.00,     10.00,     10.00,0,0,0,1,1,1
H4,484,2017,520822,     10.00,     10.00,     10.00,     10.00,0,0,0,1,1,1
H4,484,2017,520823,     10.00,     10.00,     10.00,     10.00,0,0,0,1,1,1
H4,484,2017,520829,     20.00,     10.00,     10.00,     10.00,0,0,0,2,2,2
H4,484,2017,520831,     10.00,     10.00,     10.00,     10.00,0,0,0,1,1,1
H4,484,2017,520832,     10.00,     10.00,     10.00,     10.00,0,0,0,1,1,1
H4,484,2017,520833,     10.00,     10.00,     10.00,     10.00,0,0,0,1,1,1
H4,484,2017,520839,     20.00,     10.00,     10.00,     10.00,0,0,0,2,2,2
H4,484,2017,520841,     10.00,     10.00,     10.00,     10.00,0,0,0,1,1,1
H4,484,2017,520842,     10.00,     10.00,     10.00,     10.00,0,0,0,1,1,1
H4,484,2017,520843,     10.00,     10.00,     10.00,     10.00,0,0,0,1,1,1
H4,484,2017,520849,     10.00,     10.00,     10.00,     10.00,0,0,0,1,1,1
H4,484,2017,520851,     10.00,     10.00,     10.00,     10.00,0,0,0,1,1,1
H4,484,2017,520852,     10.00,     10.00,     10.00,     10.00,0,0,0,1,1,1
H4,484,2017,520859,     30.00,     10.00,     10.00,     10.00,0,0,0,3,3,3
H4,484,2017,520911,     10.00,     10.00,     10.00,     10.00,0,0,0,1,1,1
H4,484,2017,520912,     10.00,     10.00,     10.00,     10.00,0,0,0,1,1,1
H4,484,2017,520919,     20.00,     10.00,     10.00,     10.00,0,0,0,2,2,2
H4,484,2017,520921,     10.00,     10.00,     10.00,     10.00,0,0,0,1,1,1
H4,484,2017,520922,     10.00,     10.00,     10.00,     10.00,0,0,0,1,1,1
H4,484,2017,520929,     20.00,     10.00,     10.00,     10.00,0,0,0,2,2,2
H4,484,2017,520931,     10.00,     10.00,     10.00,     10.00,0,0,0,1,1,1
H4,484,2017,520932,     10.00,     10.00,     10.00,     10.00,0,0,0,1,1,1
H4,484,2017,520939,     20.00,     10.00,     10.00,     10.00,0,0,0,2,2,2
H4,484,2017,520941,     10.00,     10.00,     10.00,     10.00,0,0,0,1,1,1
H4,484,2017,520942,     40.00,     10.00,     10.00,     10.00,0,0,0,4,4,4
H4,484,2017,520943,     10.00,     10.00,     10.00,     10.00,0,0,0,1,1,1
H4,484,2017,520949,     10.00,     10.00,     10.00,     10.00,0,0,0,1,1,1
H4,484,2017,520951,     10.00,     10.00,     10.00,     10.00,0,0,0,1,1,1
H4,484,2017,520952,     10.00,     10.00,     10.00,     10.00,0,0,0,1,1,1
H4,484,2017,520959,     20.00,     10.00,     10.00,     10.00,0,0,0,2,2,2
H4,484,2017,521011,     20.00,     10.00,     10.00,     10.00,0,0,0,2,2,2
H4,484,2017,521019,     30.00,     10.00,     10.00,     10.00,0,0,0,3,3,3
H4,484,2017,521021,     10.00,     10.00,     10.00,     10.00,0,0,0,1,1,1
H4,484,2017,521029,     30.00,     10.00,     10.00,     10.00,0,0,0,3,3,3
H4,484,2017,521031,     10.00,     10.00,     10.00,     10.00,0,0,0,1,1,1
H4,484,2017,521032,     10.00,     10.00,     10.00,     10.00,0,0,0,1,1,1
H4,484,2017,521039,     20.00,     10.00,     10.00,     10.00,0,0,0,2,2,2
H4,484,2017,521041,     10.00,     10.00,     10.00,     10.00,0,0,0,1,1,1
H4,484,2017,521049,     20.00,     10.00,     10.00,     10.00,0,0,0,2,2,2
H4,484,2017,521051,     10.00,     10.00,     10.00,     10.00,0,0,0,1,1,1
H4,484,2017,521059,     30.00,     10.00,     10.00,     10.00,0,0,0,3,3,3
H4,484,2017,521111,     20.00,     10.00,     10.00,     10.00,0,0,0,2,2,2
H4,484,2017,521112,     10.00,     10.00,     10.00,     10.00,0,0,0,1,1,1
H4,484,2017,521119,     20.00,     10.00,     10.00,     10.00,0,0,0,2,2,2
H4,484,2017,521120,     40.00,     10.00,     10.00,     10.00,0,0,0,4,4,4
H4,484,2017,521131,     10.00,     10.00,     10.00,     10.00,0,0,0,1,1,1
H4,484,2017,521132,     10.00,     10.00,     10.00,     10.00,0,0,0,1,1,1
H4,484,2017,521139,     20.00,     10.00,     10.00,     10.00,0,0,0,2,2,2
H4,484,2017,521141,     10.00,     10.00,     10.00,     10.00,0,0,0,1,1,1
H4,484,2017,521142,     40.00,     10.00,     10.00,     10.00,0,0,0,4,4,4
H4,484,2017,521143,     10.00,     10.00,     10.00,     10.00,0,0,0,1,1,1
H4,484,2017,521149,     10.00,     10.00,     10.00,     10.00,0,0,0,1,1,1
H4,484,2017,521151,     10.00,     10.00,     10.00,     10.00,0,0,0,1,1,1
H4,484,2017,521152,     10.00,     10.00,     10.00,     10.00,0,0,0,1,1,1
H4,484,2017,521159,     20.00,     10.00,     10.00,     10.00,0,0,0,2,2,2
H4,484,2017,521211,     10.00,     10.00,     10.00,     10.00,0,0,0,1,1,1
H4,484,2017,521212,     10.00,     10.00,     10.00,     10.00,0,0,0,1,1,1
H4,484,2017,521213,     10.00,     10.00,     10.00,     10.00,0,0,0,1,1,1
H4,484,2017,521214,     10.00,     10.00,     10.00,     10.00,0,0,0,1,1,1
H4,484,2017,521215,     10.00,     10.00,     10.00,     10.00,0,0,0,1,1,1
H4,484,2017,521221,     10.00,     10.00,     10.00,     10.00,0,0,0,1,1,1
H4,484,2017,521222,     10.00,     10.00,     10.00,     10.00,0,0,0,1,1,1
H4,484,2017,521223,     10.00,     10.00,     10.00,     10.00,0,0,0,1,1,1
H4,484,2017,521224,     20.00,     10.00,     10.00,     10.00,0,0,0,2,2,2
H4,484,2017,521225,     10.00,     10.00,     10.00,     10.00,0,0,0,1,1,1
H4,484,2017,530110,      0.00,      0.00,      0.00,      0.00,0,1,0,0,1,1
H4,484,2017,530121,      0.00,      0.00,      0.00,      0.00,0,1,0,0,1,1
H4,484,2017,530129,      0.00,      0.00,      0.00,      0.00,0,1,0,0,1,1
H4,484,2017,530130,      0.00,      0.00,      0.00,      0.00,0,1,0,0,1,1
H4,484,2017,530210,      0.00,      0.00,      0.00,      0.00,0,1,0,0,1,1
H4,484,2017,530290,      0.00,      0.00,      0.00,      0.00,0,1,0,0,1,1
H4,484,2017,530310,      0.00,      0.00,      0.00,      0.00,0,1,0,0,1,1
H4,484,2017,530390,      0.00,      0.00,      0.00,      0.00,0,1,0,0,1,1
H4,484,2017,530500,      0.00,      0.00,      0.00,      0.00,0,8,0,0,8,8
H4,484,2017,530610,     10.00,     10.00,     10.00,     10.00,0,0,0,1,1,1
H4,484,2017,530620,     10.00,     10.00,     10.00,     10.00,0,0,0,1,1,1
H4,484,2017,530710,      0.00,      0.00,      0.00,      0.00,0,1,0,0,1,1
H4,484,2017,530720,      0.00,      0.00,      0.00,      0.00,0,1,0,0,1,1
H4,484,2017,530810,      0.00,      0.00,      0.00,      0.00,0,1,0,0,1,1
H4,484,2017,530820,     10.00,     10.00,     10.00,     10.00,0,0,0,1,1,1
H4,484,2017,530890,     10.00,      0.00,     10.00,      3.33,0,2,0,1,3,3
H4,484,2017,530911,     10.00,     10.00,     10.00,     10.00,0,0,0,1,1,1
H4,484,2017,530919,     10.00,     10.00,     10.00,     10.00,0,0,0,1,1,1
H4,484,2017,530921,     10.00,     10.00,     10.00,     10.00,0,0,0,1,1,1
H4,484,2017,530929,     10.00,     10.00,     10.00,     10.00,0,0,0,1,1,1
H4,484,2017,531010,     10.00,     10.00,     10.00,     10.00,0,0,0,1,1,1
H4,484,2017,531090,     10.00,     10.00,     10.00,     10.00,0,0,0,1,1,1
H4,484,2017,531100,     20.00,     10.00,     10.00,     10.00,0,0,0,2,2,2
H4,484,2017,540110,     10.00,     10.00,     10.00,     10.00,0,0,0,1,1,1
H4,484,2017,540120,     10.00,     10.00,     10.00,     10.00,0,0,0,1,1,1
H4,484,2017,540211,      0.00,      0.00,      0.00,      0.00,0,1,0,0,1,1
H4,484,2017,540219,     10.00,      5.00,      5.00,      5.00,0,0,0,2,2,2
H4,484,2017,540220,     10.00,      5.00,      5.00,      5.00,0,0,0,2,2,2
H4,484,2017,540231,      5.00,      5.00,      5.00,      5.00,0,0,0,1,1,1
H4,484,2017,540232,      5.00,      5.00,      5.00,      5.00,0,0,0,1,1,1
H4,484,2017,540233,      5.00,      5.00,      5.00,      5.00,0,0,0,1,1,1
H4,484,2017,540234,      0.00,      0.00,      0.00,      0.00,0,1,0,0,1,1
H4,484,2017,540239,      0.00,      0.00,      0.00,      0.00,0,2,0,0,2,2
H4,484,2017,540244,      5.00,      0.00,      5.00,      2.50,0,1,0,1,2,2
H4,484,2017,540245,     20.00,      0.00,      5.00,      4.00,0,1,0,4,5,5
H4,484,2017,540246,      5.00,      5.00,      5.00,      5.00,0,0,0,1,1,1
H4,484,2017,540247,     15.00,      5.00,      5.00,      5.00,0,0,0,3,3,3
H4,484,2017,540248,      0.00,      0.00,      0.00,      0.00,0,3,0,0,3,3
H4,484,2017,540249,     10.00,      0.00,      5.00,      1.67,0,4,0,2,6,6
H4,484,2017,540251,      0.00,      0.00,      0.00,      0.00,0,2,0,0,2,2
H4,484,2017,540252,     15.00,      5.00,      5.00,      5.00,0,0,0,3,3,3
H4,484,2017,540259,      0.00,      0.00,      0.00,      0.00,0,6,0,0,6,6
H4,484,2017,540261,      0.00,      0.00,      0.00,      0.00,0,2,0,0,2,2
H4,484,2017,540262,     10.00,      5.00,      5.00,      5.00,0,0,0,2,2,2
H4,484,2017,540269,      0.00,      0.00,      0.00,      0.00,0,6,0,0,6,6
H4,484,2017,540310,      0.00,      0.00,      0.00,      0.00,0,1,0,0,1,1
H4,484,2017,540331,      0.00,      0.00,      0.00,      0.00,0,2,0,0,2,2
H4,484,2017,540332,      0.00,      0.00,      0.00,      0.00,0,2,0,0,2,2
H4,484,2017,540333,      0.00,      0.00,      0.00,      0.00,0,1,0,0,1,1
H4,484,2017,540339,      0.00,      0.00,      0.00,      0.00,0,2,0,0,2,2
H4,484,2017,540341,      0.00,      0.00,      0.00,      0.00,0,2,0,0,2,2
H4,484,2017,540342,      0.00,      0.00,      0.00,      0.00,0,1,0,0,1,1
H4,484,2017,540349,      0.00,      0.00,      0.00,      0.00,0,2,0,0,2,2
H4,484,2017,540411,      5.00,      0.00,      5.00,      2.50,0,1,0,1,2,2
H4,484,2017,540412,      0.00,      0.00,      0.00,      0.00,0,2,0,0,2,2
H4,484,2017,540419,      0.00,      0.00,      0.00,      0.00,0,4,0,0,4,4
H4,484,2017,540490,      5.00,      5.00,      5.00,      5.00,0,0,0,1,1,1
H4,484,2017,540500,      0.00,      0.00,      0.00,      0.00,0,5,0,0,5,5
H4,484,2017,540600,     30.00,      0.00,     10.00,      6.00,0,2,0,3,5,5
H4,484,2017,540710,     30.00,     10.00,     10.00,     10.00,0,0,0,3,3,3
H4,484,2017,540720,     20.00,     10.00,     10.00,     10.00,0,0,0,2,2,2
H4,484,2017,540730,     40.00,     10.00,     10.00,     10.00,0,0,0,4,4,4
H4,484,2017,540741,     30.00,     10.00,     10.00,     10.00,0,0,0,3,3,3
H4,484,2017,540742,     30.00,     10.00,     10.00,     10.00,0,0,0,3,3,3
H4,484,2017,540743,     40.00,     10.00,     10.00,     10.00,0,0,0,4,4,4
H4,484,2017,540744,     10.00,     10.00,     10.00,     10.00,0,0,0,1,1,1
H4,484,2017,540751,     30.00,     10.00,     10.00,     10.00,0,0,0,3,3,3
H4,484,2017,540752,     30.00,     10.00,     10.00,     10.00,0,0,0,3,3,3
H4,484,2017,540753,     60.00,     10.00,     10.00,     10.00,0,0,0,6,6,6
H4,484,2017,540754,     30.00,     10.00,     10.00,     10.00,0,0,0,3,3,3
H4,484,2017,540761,     70.00,     10.00,     10.00,     10.00,0,0,0,7,7,7
H4,484,2017,540769,     40.00,     10.00,     10.00,     10.00,0,0,0,4,4,4
H4,484,2017,540771,     10.00,     10.00,     10.00,     10.00,0,0,0,1,1,1
H4,484,2017,540772,     10.00,     10.00,     10.00,     10.00,0,0,0,1,1,1
H4,484,2017,540773,     40.00,     10.00,     10.00,     10.00,0,0,0,4,4,4
H4,484,2017,540774,     10.00,     10.00,     10.00,     10.00,0,0,0,1,1,1
H4,484,2017,540781,     10.00,     10.00,     10.00,     10.00,0,0,0,1,1,1
H4,484,2017,540782,     40.00,     10.00,     10.00,     10.00,0,0,0,4,4,4
H4,484,2017,540783,     10.00,     10.00,     10.00,     10.00,0,0,0,1,1,1
H4,484,2017,540784,     10.00,     10.00,     10.00,     10.00,0,0,0,1,1,1
H4,484,2017,540791,     80.00,     10.00,     10.00,     10.00,0,0,0,8,8,8
H4,484,2017,540792,     70.00,     10.00,     10.00,     10.00,0,0,0,7,7,7
H4,484,2017,540793,     80.00,     10.00,     10.00,     10.00,0,0,0,8,8,8
H4,484,2017,540794,     80.00,     10.00,     10.00,     10.00,0,0,0,8,8,8
H4,484,2017,540810,     50.00,     10.00,     10.00,     10.00,0,0,0,5,5,5
H4,484,2017,540821,     40.00,     10.00,     10.00,     10.00,0,0,0,4,4,4
H4,484,2017,540822,     50.00,     10.00,     10.00,     10.00,0,0,0,5,5,5
H4,484,2017,540823,     60.00,     10.00,     10.00,     10.00,0,0,0,6,6,6
H4,484,2017,540824,     20.00,     10.00,     10.00,     10.00,0,0,0,2,2,2
H4,484,2017,540831,     50.00,     10.00,     10.00,     10.00,0,0,0,5,5,5
H4,484,2017,540832,     60.00,     10.00,     10.00,     10.00,0,0,0,6,6,6
H4,484,2017,540833,     50.00,     10.00,     10.00,     10.00,0,0,0,5,5,5
H4,484,2017,540834,     40.00,     10.00,     10.00,     10.00,0,0,0,4,4,4
H4,484,2017,550110,      5.00,      5.00,      5.00,      5.00,0,0,0,1,1,1
H4,484,2017,550120,      5.00,      0.00,      5.00,      1.25,0,3,0,1,4,4
H4,484,2017,550130,      5.00,      5.00,      5.00,      5.00,0,0,0,1,1,1
H4,484,2017,550140,      5.00,      5.00,      5.00,      5.00,0,0,0,1,1,1
H4,484,2017,550190,      5.00,      5.00,      5.00,      5.00,0,0,0,1,1,1
H4,484,2017,550200,      5.00,      0.00,      5.00,      2.50,0,1,0,1,2,2
H4,484,2017,550311,      5.00,      5.00,      5.00,      5.00,0,0,0,1,1,1
H4,484,2017,550319,      5.00,      5.00,      5.00,      5.00,0,0,0,1,1,1
H4,484,2017,550320,     15.00,      0.00,      5.00,      3.75,0,1,0,3,4,4
H4,484,2017,550330,      5.00,      5.00,      5.00,      5.00,0,0,0,1,1,1
H4,484,2017,550340,      5.00,      0.00,      5.00,      2.50,0,1,0,1,2,2
H4,484,2017,550390,      5.00,      0.00,      5.00,      2.50,0,1,0,1,2,2
H4,484,2017,550410,      0.00,      0.00,      0.00,      0.00,0,2,0,0,2,2
H4,484,2017,550490,      0.00,      0.00,      0.00,      0.00,0,1,0,0,1,1
H4,484,2017,550510,      5.00,      5.00,      5.00,      5.00,0,0,0,1,1,1
H4,484,2017,550520,      0.00,      0.00,      0.00,      0.00,0,1,0,0,1,1
H4,484,2017,550610,      5.00,      5.00,      5.00,      5.00,0,0,0,1,1,1
H4,484,2017,550620,      5.00,      5.00,      5.00,      5.00,0,0,0,1,1,1
H4,484,2017,550630,      5.00,      5.00,      5.00,      5.00,0,0,0,1,1,1
H4,484,2017,550690,      5.00,      5.00,      5.00,      5.00,0,0,0,1,1,1
H4,484,2017,550700,      5.00,      5.00,      5.00,      5.00,0,0,0,1,1,1
H4,484,2017,550810,     10.00,     10.00,     10.00,     10.00,0,0,0,1,1,1
H4,484,2017,550820,     10.00,     10.00,     10.00,     10.00,0,0,0,1,1,1
H4,484,2017,550911,     10.00,     10.00,     10.00,     10.00,0,0,0,1,1,1
H4,484,2017,550912,     10.00,     10.00,     10.00,     10.00,0,0,0,1,1,1
H4,484,2017,550921,     10.00,     10.00,     10.00,     10.00,0,0,0,1,1,1
H4,484,2017,550922,     10.00,     10.00,     10.00,     10.00,0,0,0,1,1,1
H4,484,2017,550931,     10.00,     10.00,     10.00,     10.00,0,0,0,1,1,1
H4,484,2017,550932,     10.00,     10.00,     10.00,     10.00,0,0,0,1,1,1
H4,484,2017,550941,     10.00,     10.00,     10.00,     10.00,0,0,0,1,1,1
H4,484,2017,550942,     10.00,     10.00,     10.00,     10.00,0,0,0,1,1,1
H4,484,2017,550951,     10.00,     10.00,     10.00,     10.00,0,0,0,1,1,1
H4,484,2017,550952,     10.00,     10.00,     10.00,     10.00,0,0,0,1,1,1
H4,484,2017,550953,     10.00,     10.00,     10.00,     10.00,0,0,0,1,1,1
H4,484,2017,550959,     10.00,     10.00,     10.00,     10.00,0,0,0,1,1,1
H4,484,2017,550961,     10.00,     10.00,     10.00,     10.00,0,0,0,1,1,1
H4,484,2017,550962,     10.00,     10.00,     10.00,     10.00,0,0,0,1,1,1
H4,484,2017,550969,     10.00,     10.00,     10.00,     10.00,0,0,0,1,1,1
H4,484,2017,550991,     10.00,     10.00,     10.00,     10.00,0,0,0,1,1,1
H4,484,2017,550992,     10.00,     10.00,     10.00,     10.00,0,0,0,1,1,1
H4,484,2017,550999,     10.00,     10.00,     10.00,     10.00,0,0,0,1,1,1
H4,484,2017,551011,     10.00,     10.00,     10.00,     10.00,0,0,0,1,1,1
H4,484,2017,551012,     10.00,     10.00,     10.00,     10.00,0,0,0,1,1,1
H4,484,2017,551020,     10.00,     10.00,     10.00,     10.00,0,0,0,1,1,1
H4,484,2017,551030,     10.00,     10.00,     10.00,     10.00,0,0,0,1,1,1
H4,484,2017,551090,     10.00,     10.00,     10.00,     10.00,0,0,0,1,1,1
H4,484,2017,551110,     10.00,     10.00,     10.00,     10.00,0,0,0,1,1,1
H4,484,2017,551120,     10.00,     10.00,     10.00,     10.00,0,0,0,1,1,1
H4,484,2017,551130,     10.00,     10.00,     10.00,     10.00,0,0,0,1,1,1
H4,484,2017,551211,     30.00,     10.00,     10.00,     10.00,0,0,0,3,3,3
H4,484,2017,551219,     40.00,     10.00,     10.00,     10.00,0,0,0,4,4,4
H4,484,2017,551221,     10.00,     10.00,     10.00,     10.00,0,0,0,1,1,1
H4,484,2017,551229,     10.00,     10.00,     10.00,     10.00,0,0,0,1,1,1
H4,484,2017,551291,     10.00,     10.00,     10.00,     10.00,0,0,0,1,1,1
H4,484,2017,551299,     10.00,     10.00,     10.00,     10.00,0,0,0,1,1,1
H4,484,2017,551311,     20.00,     10.00,     10.00,     10.00,0,0,0,2,2,2
H4,484,2017,551312,     10.00,     10.00,     10.00,     10.00,0,0,0,1,1,1
H4,484,2017,551313,     10.00,     10.00,     10.00,     10.00,0,0,0,1,1,1
H4,484,2017,551319,     10.00,     10.00,     10.00,     10.00,0,0,0,1,1,1
H4,484,2017,551321,     20.00,     10.00,     10.00,     10.00,0,0,0,2,2,2
H4,484,2017,551323,     20.00,     10.00,     10.00,     10.00,0,0,0,2,2,2
H4,484,2017,551329,     10.00,     10.00,     10.00,     10.00,0,0,0,1,1,1
H4,484,2017,551331,     10.00,     10.00,     10.00,     10.00,0,0,0,1,1,1
H4,484,2017,551339,     30.00,     10.00,     10.00,     10.00,0,0,0,3,3,3
H4,484,2017,551341,     10.00,     10.00,     10.00,     10.00,0,0,0,1,1,1
H4,484,2017,551349,     30.00,     10.00,     10.00,     10.00,0,0,0,3,3,3
H4,484,2017,551411,     10.00,     10.00,     10.00,     10.00,0,0,0,1,1,1
H4,484,2017,551412,     10.00,     10.00,     10.00,     10.00,0,0,0,1,1,1
H4,484,2017,551419,     20.00,     10.00,     10.00,     10.00,0,0,0,2,2,2
H4,484,2017,551421,     10.00,     10.00,     10.00,     10.00,0,0,0,1,1,1
H4,484,2017,551422,     10.00,     10.00,     10.00,     10.00,0,0,0,1,1,1
H4,484,2017,551423,     10.00,     10.00,     10.00,     10.00,0,0,0,1,1,1
H4,484,2017,551429,     10.00,     10.00,     10.00,     10.00,0,0,0,1,1,1
H4,484,2017,551430,     50.00,     10.00,     10.00,     10.00,0,0,0,5,5,5
H4,484,2017,551441,     10.00,     10.00,     10.00,     10.00,0,0,0,1,1,1
H4,484,2017,551442,     10.00,     10.00,     10.00,     10.00,0,0,0,1,1,1
H4,484,2017,551443,     10.00,     10.00,     10.00,     10.00,0,0,0,1,1,1
H4,484,2017,551449,     10.00,     10.00,     10.00,     10.00,0,0,0,1,1,1
H4,484,2017,551511,     10.00,     10.00,     10.00,     10.00,0,0,0,1,1,1
H4,484,2017,551512,     10.00,     10.00,     10.00,     10.00,0,0,0,1,1,1
H4,484,2017,551513,     20.00,     10.00,     10.00,     10.00,0,0,0,2,2,2
H4,484,2017,551519,     10.00,     10.00,     10.00,     10.00,0,0,0,1,1,1
H4,484,2017,551521,     10.00,     10.00,     10.00,     10.00,0,0,0,1,1,1
H4,484,2017,551522,     20.00,     10.00,     10.00,     10.00,0,0,0,2,2,2
H4,484,2017,551529,     10.00,     10.00,     10.00,     10.00,0,0,0,1,1,1
H4,484,2017,551591,     10.00,     10.00,     10.00,     10.00,0,0,0,1,1,1
H4,484,2017,551599,     30.00,     10.00,     10.00,     10.00,0,0,0,3,3,3
H4,484,2017,551611,     10.00,     10.00,     10.00,     10.00,0,0,0,1,1,1
H4,484,2017,551612,     10.00,     10.00,     10.00,     10.00,0,0,0,1,1,1
H4,484,2017,551613,     10.00,     10.00,     10.00,     10.00,0,0,0,1,1,1
H4,484,2017,551614,     10.00,     10.00,     10.00,     10.00,0,0,0,1,1,1
H4,484,2017,551621,     10.00,     10.00,     10.00,     10.00,0,0,0,1,1,1
H4,484,2017,551622,     10.00,     10.00,     10.00,     10.00,0,0,0,1,1,1
H4,484,2017,551623,     10.00,     10.00,     10.00,     10.00,0,0,0,1,1,1
H4,484,2017,551624,     10.00,     10.00,     10.00,     10.00,0,0,0,1,1,1
H4,484,2017,551631,     20.00,     10.00,     10.00,     10.00,0,0,0,2,2,2
H4,484,2017,551632,     20.00,     10.00,     10.00,     10.00,0,0,0,2,2,2
H4,484,2017,551633,     20.00,     10.00,     10.00,     10.00,0,0,0,2,2,2
H4,484,2017,551634,     20.00,     10.00,     10.00,     10.00,0,0,0,2,2,2
H4,484,2017,551641,     10.00,     10.00,     10.00,     10.00,0,0,0,1,1,1
H4,484,2017,551642,     10.00,     10.00,     10.00,     10.00,0,0,0,1,1,1
H4,484,2017,551643,     10.00,     10.00,     10.00,     10.00,0,0,0,1,1,1
H4,484,2017,551644,     10.00,     10.00,     10.00,     10.00,0,0,0,1,1,1
H4,484,2017,551691,     10.00,     10.00,     10.00,     10.00,0,0,0,1,1,1
H4,484,2017,551692,     10.00,     10.00,     10.00,     10.00,0,0,0,1,1,1
H4,484,2017,551693,     10.00,     10.00,     10.00,     10.00,0,0,0,1,1,1
H4,484,2017,551694,     10.00,     10.00,     10.00,     10.00,0,0,0,1,1,1
H4,484,2017,560121,      0.00,      0.00,      0.00,      0.00,0,2,0,0,2,2
H4,484,2017,560122,     10.00,      0.00,     10.00,      5.00,0,1,0,1,2,2
H4,484,2017,560129,      0.00,      0.00,      0.00,      0.00,0,1,0,0,1,1
H4,484,2017,560130,      0.00,      0.00,      0.00,      0.00,0,2,0,0,2,2
H4,484,2017,560210,     20.00,     10.00,     10.00,     10.00,0,0,0,2,2,2
H4,484,2017,560221,     30.00,     10.00,     10.00,     10.00,0,0,0,3,3,3
H4,484,2017,560229,     10.00,     10.00,     10.00,     10.00,0,0,0,1,1,1
H4,484,2017,560290,     10.00,     10.00,     10.00,     10.00,0,0,0,1,1,1
H4,484,2017,560311,     10.00,     10.00,     10.00,     10.00,0,0,0,1,1,1
H4,484,2017,560312,     20.00,     10.00,     10.00,     10.00,0,0,0,2,2,2
H4,484,2017,560313,     20.00,     10.00,     10.00,     10.00,0,0,0,2,2,2
H4,484,2017,560314,     10.00,     10.00,     10.00,     10.00,0,0,0,1,1,1
H4,484,2017,560391,     10.00,     10.00,     10.00,     10.00,0,0,0,1,1,1
H4,484,2017,560392,     10.00,     10.00,     10.00,     10.00,0,0,0,1,1,1
H4,484,2017,560393,     10.00,     10.00,     10.00,     10.00,0,0,0,1,1,1
H4,484,2017,560394,     10.00,     10.00,     10.00,     10.00,0,0,0,1,1,1
H4,484,2017,560410,     10.00,     10.00,     10.00,     10.00,0,0,0,1,1,1
H4,484,2017,560490,    100.00,      0.00,     10.00,      6.67,0,5,0,10,15,15
H4,484,2017,560500,     10.00,     10.00,     10.00,     10.00,0,0,0,1,1,1
H4,484,2017,560600,     30.00,     10.00,     10.00,     10.00,0,0,0,3,3,3
H4,484,2017,560721,     10.00,     10.00,     10.00,     10.00,0,0,0,1,1,1
H4,484,2017,560729,     10.00,     10.00,     10.00,     10.00,0,0,0,1,1,1
H4,484,2017,560741,     10.00,     10.00,     10.00,     10.00,0,0,0,1,1,1
H4,484,2017,560749,     10.00,     10.00,     10.00,     10.00,0,0,0,1,1,1
H4,484,2017,560750,     10.00,     10.00,     10.00,     10.00,0,0,0,1,1,1
H4,484,2017,560790,     20.00,      0.00,     10.00,      6.67,0,1,0,2,3,3
H4,484,2017,560811,     20.00,     10.00,     10.00,     10.00,0,0,0,2,2,2
H4,484,2017,560819,     10.00,     10.00,     10.00,     10.00,0,0,0,1,1,1
H4,484,2017,560890,     10.00,     10.00,     10.00,     10.00,0,0,0,1,1,1
H4,484,2017,560900,     20.00,     10.00,     10.00,     10.00,0,0,0,2,2,2
H4,484,2017,570110,     15.00,     15.00,     15.00,     15.00,0,0,0,1,1,1
H4,484,2017,570190,     15.00,     15.00,     15.00,     15.00,0,0,0,1,1,1
H4,484,2017,570210,     15.00,     15.00,     15.00,     15.00,0,0,0,1,1,1
H4,484,2017,570220,     15.00,     15.00,     15.00,     15.00,0,0,0,1,1,1
H4,484,2017,570231,     15.00,     15.00,     15.00,     15.00,0,0,0,1,1,1
H4,484,2017,570232,     15.00,     15.00,     15.00,     15.00,0,0,0,1,1,1
H4,484,2017,570239,     15.00,     15.00,     15.00,     15.00,0,0,0,1,1,1
H4,484,2017,570241,     15.00,     15.00,     15.00,     15.00,0,0,0,1,1,1
H4,484,2017,570242,     15.00,     15.00,     15.00,     15.00,0,0,0,1,1,1
H4,484,2017,570249,     15.00,     15.00,     15.00,     15.00,0,0,0,1,1,1
H4,484,2017,570250,     45.00,     15.00,     15.00,     15.00,0,0,0,3,3,3
H4,484,2017,570291,     15.00,     15.00,     15.00,     15.00,0,0,0,1,1,1
H4,484,2017,570292,     15.00,     15.00,     15.00,     15.00,0,0,0,1,1,1
H4,484,2017,570299,     15.00,     15.00,     15.00,     15.00,0,0,0,1,1,1
H4,484,2017,570310,     15.00,     15.00,     15.00,     15.00,0,0,0,1,1,1
H4,484,2017,570320,     30.00,     15.00,     15.00,     15.00,0,0,0,2,2,2
H4,484,2017,570330,     30.00,     15.00,     15.00,     15.00,0,0,0,2,2,2
H4,484,2017,570390,     15.00,     15.00,     15.00,     15.00,0,0,0,1,1,1
H4,484,2017,570410,     15.00,     15.00,     15.00,     15.00,0,0,0,1,1,1
H4,484,2017,570490,     15.00,     15.00,     15.00,     15.00,0,0,0,1,1,1
H4,484,2017,570500,     30.00,     15.00,     15.00,     15.00,0,0,0,2,2,2
H4,484,2017,580110,     10.00,     10.00,     10.00,     10.00,0,0,0,1,1,1
H4,484,2017,580121,     10.00,     10.00,     10.00,     10.00,0,0,0,1,1,1
H4,484,2017,580122,     10.00,     10.00,     10.00,     10.00,0,0,0,1,1,1
H4,484,2017,580123,     10.00,     10.00,     10.00,     10.00,0,0,0,1,1,1
H4,484,2017,580126,     10.00,     10.00,     10.00,     10.00,0,0,0,1,1,1
H4,484,2017,580127,     10.00,     10.00,     10.00,     10.00,0,0,0,1,1,1
H4,484,2017,580131,     10.00,     10.00,     10.00,     10.00,0,0,0,1,1,1
H4,484,2017,580132,     10.00,     10.00,     10.00,     10.00,0,0,0,1,1,1
H4,484,2017,580133,     10.00,     10.00,     10.00,     10.00,0,0,0,1,1,1
H4,484,2017,580136,     10.00,     10.00,     10.00,     10.00,0,0,0,1,1,1
H4,484,2017,580137,     10.00,     10.00,     10.00,     10.00,0,0,0,1,1,1
H4,484,2017,580190,     10.00,     10.00,     10.00,     10.00,0,0,0,1,1,1
H4,484,2017,580211,     10.00,     10.00,     10.00,     10.00,0,0,0,1,1,1
H4,484,2017,580219,     20.00,     20.00,     20.00,     20.00,0,0,0,1,1,1
H4,484,2017,580220,     10.00,     10.00,     10.00,     10.00,0,0,0,1,1,1
H4,484,2017,580230,     10.00,     10.00,     10.00,     10.00,0,0,0,1,1,1
H4,484,2017,580300,     50.00,     10.00,     10.00,     10.00,0,0,0,5,5,5
H4,484,2017,580410,     10.00,     10.00,     10.00,     10.00,0,0,0,1,1,1
H4,484,2017,580421,     10.00,     10.00,     10.00,     10.00,0,0,0,1,1,1
H4,484,2017,580429,     10.00,     10.00,     10.00,     10.00,0,0,0,1,1,1
H4,484,2017,580430,     10.00,     10.00,     10.00,     10.00,0,0,0,1,1,1
H4,484,2017,580500,     10.00,     10.00,     10.00,     10.00,0,0,0,1,1,1
H4,484,2017,580610,     10.00,      0.00,     10.00,      5.00,0,1,0,1,2,2
H4,484,2017,580620,     10.00,      0.00,     10.00,      5.00,0,1,0,1,2,2
H4,484,2017,580631,     10.00,     10.00,     10.00,     10.00,0,0,0,1,1,1
H4,484,2017,580632,     10.00,     10.00,     10.00,     10.00,0,0,0,1,1,1
H4,484,2017,580639,     10.00,      0.00,     10.00,      5.00,0,1,0,1,2,2
H4,484,2017,580640,     10.00,      0.00,     10.00,      5.00,0,1,0,1,2,2
H4,484,2017,580710,     10.00,     10.00,     10.00,     10.00,0,0,0,1,1,1
H4,484,2017,580790,     10.00,     10.00,     10.00,     10.00,0,0,0,1,1,1
H4,484,2017,580810,     10.00,     10.00,     10.00,     10.00,0,0,0,1,1,1
H4,484,2017,580890,     10.00,     10.00,     10.00,     10.00,0,0,0,1,1,1
H4,484,2017,580900,     10.00,     10.00,     10.00,     10.00,0,0,0,1,1,1
H4,484,2017,581010,     10.00,     10.00,     10.00,     10.00,0,0,0,1,1,1
H4,484,2017,581091,     10.00,     10.00,     10.00,     10.00,0,0,0,1,1,1
H4,484,2017,581092,     10.00,     10.00,     10.00,     10.00,0,0,0,1,1,1
H4,484,2017,581099,     10.00,     10.00,     10.00,     10.00,0,0,0,1,1,1
H4,484,2017,581100,     10.00,     10.00,     10.00,     10.00,0,0,0,1,1,1
H4,484,2017,590110,     10.00,     10.00,     10.00,     10.00,0,0,0,1,1,1
H4,484,2017,590190,     30.00,     10.00,     10.00,     10.00,0,0,0,3,3,3
H4,484,2017,590210,     10.00,     10.00,     10.00,     10.00,0,0,0,1,1,1
H4,484,2017,590220,     10.00,     10.00,     10.00,     10.00,0,0,0,1,1,1
H4,484,2017,590290,     10.00,     10.00,     10.00,     10.00,0,0,0,1,1,1
H4,484,2017,590310,     20.00,     10.00,     10.00,     10.00,0,0,0,2,2,2
H4,484,2017,590320,     20.00,     10.00,     10.00,     10.00,0,0,0,2,2,2
H4,484,2017,590390,     30.00,     10.00,     10.00,     10.00,0,0,0,3,3,3
H4,484,2017,590410,     10.00,     10.00,     10.00,     10.00,0,0,0,1,1,1
H4,484,2017,590490,     20.00,     10.00,     10.00,     10.00,0,0,0,2,2,2
H4,484,2017,590500,     10.00,     10.00,     10.00,     10.00,0,0,0,1,1,1
H4,484,2017,590610,     10.00,     10.00,     10.00,     10.00,0,0,0,1,1,1
H4,484,2017,590691,     20.00,     10.00,     10.00,     10.00,0,0,0,2,2,2
H4,484,2017,590699,     40.00,     10.00,     10.00,     10.00,0,0,0,4,4,4
H4,484,2017,590700,     70.00,     10.00,     10.00,     10.00,0,0,0,7,7,7
H4,484,2017,590800,     30.00,      0.00,     10.00,      7.50,0,1,0,3,4,4
H4,484,2017,590900,     10.00,     10.00,     10.00,     10.00,0,0,0,1,1,1
H4,484,2017,591000,     10.00,     10.00,     10.00,     10.00,0,0,0,1,1,1
H4,484,2017,591110,     10.00,      0.00,     10.00,      5.00,0,1,0,1,2,2
H4,484,2017,591120,      0.00,      0.00,      0.00,      0.00,0,1,0,0,1,1
H4,484,2017,591131,     10.00,     10.00,     10.00,     10.00,0,0,0,1,1,1
H4,484,2017,591132,     10.00,     10.00,     10.00,     10.00,0,0,0,1,1,1
H4,484,2017,591140,     10.00,     10.00,     10.00,     10.00,0,0,0,1,1,1
H4,484,2017,591190,     30.00,      0.00,     10.00,      7.50,0,1,0,3,4,4
H4,484,2017,600110,     10.00,     10.00,     10.00,     10.00,0,0,0,1,1,1
H4,484,2017,600121,     10.00,     10.00,     10.00,     10.00,0,0,0,1,1,1
H4,484,2017,600122,     10.00,     10.00,     10.00,     10.00,0,0,0,1,1,1
H4,484,2017,600129,     20.00,      0.00,     10.00,      6.67,0,1,0,2,3,3
H4,484,2017,600191,     10.00,     10.00,     10.00,     10.00,0,0,0,1,1,1
H4,484,2017,600192,     10.00,     10.00,     10.00,     10.00,0,0,0,1,1,1
H4,484,2017,600199,     10.00,     10.00,     10.00,     10.00,0,0,0,1,1,1
H4,484,2017,600240,     10.00,      0.00,     10.00,      5.00,0,1,0,1,2,2
H4,484,2017,600290,     10.00,      0.00,     10.00,      5.00,0,1,0,1,2,2
H4,484,2017,600310,     10.00,     10.00,     10.00,     10.00,0,0,0,1,1,1
H4,484,2017,600320,     10.00,     10.00,     10.00,     10.00,0,0,0,1,1,1
H4,484,2017,600330,     10.00,     10.00,     10.00,     10.00,0,0,0,1,1,1
H4,484,2017,600340,     10.00,     10.00,     10.00,     10.00,0,0,0,1,1,1
H4,484,2017,600390,     10.00,      0.00,     10.00,      5.00,0,1,0,1,2,2
H4,484,2017,600410,     10.00,      0.00,     10.00,      5.00,0,1,0,1,2,2
H4,484,2017,600490,     10.00,      0.00,     10.00,      5.00,0,1,0,1,2,2
H4,484,2017,600521,     10.00,     10.00,     10.00,     10.00,0,0,0,1,1,1
H4,484,2017,600522,     10.00,     10.00,     10.00,     10.00,0,0,0,1,1,1
H4,484,2017,600523,     10.00,     10.00,     10.00,     10.00,0,0,0,1,1,1
H4,484,2017,600524,     10.00,     10.00,     10.00,     10.00,0,0,0,1,1,1
H4,484,2017,600531,     10.00,     10.00,     10.00,     10.00,0,0,0,1,1,1
H4,484,2017,600532,     20.00,     10.00,     10.00,     10.00,0,0,0,2,2,2
H4,484,2017,600533,     10.00,     10.00,     10.00,     10.00,0,0,0,1,1,1
H4,484,2017,600534,     10.00,     10.00,     10.00,     10.00,0,0,0,1,1,1
H4,484,2017,600541,     10.00,     10.00,     10.00,     10.00,0,0,0,1,1,1
H4,484,2017,600542,     10.00,     10.00,     10.00,     10.00,0,0,0,1,1,1
H4,484,2017,600543,     10.00,     10.00,     10.00,     10.00,0,0,0,1,1,1
H4,484,2017,600544,     10.00,     10.00,     10.00,     10.00,0,0,0,1,1,1
H4,484,2017,600590,     20.00,     10.00,     10.00,     10.00,0,0,0,2,2,2
H4,484,2017,600610,     10.00,     10.00,     10.00,     10.00,0,0,0,1,1,1
H4,484,2017,600621,     20.00,     10.00,     10.00,     10.00,0,0,0,2,2,2
H4,484,2017,600622,     20.00,     10.00,     10.00,     10.00,0,0,0,2,2,2
H4,484,2017,600623,     20.00,     10.00,     10.00,     10.00,0,0,0,2,2,2
H4,484,2017,600624,     20.00,     10.00,     10.00,     10.00,0,0,0,2,2,2
H4,484,2017,600631,     20.00,     10.00,     10.00,     10.00,0,0,0,2,2,2
H4,484,2017,600632,     20.00,     10.00,     10.00,     10.00,0,0,0,2,2,2
H4,484,2017,600633,     20.00,     10.00,     10.00,     10.00,0,0,0,2,2,2
H4,484,2017,600634,     20.00,     10.00,     10.00,     10.00,0,0,0,2,2,2
H4,484,2017,600641,     10.00,     10.00,     10.00,     10.00,0,0,0,1,1,1
H4,484,2017,600642,     10.00,     10.00,     10.00,     10.00,0,0,0,1,1,1
H4,484,2017,600643,     10.00,     10.00,     10.00,     10.00,0,0,0,1,1,1
H4,484,2017,600644,     10.00,     10.00,     10.00,     10.00,0,0,0,1,1,1
H4,484,2017,600690,     10.00,     10.00,     10.00,     10.00,0,0,0,1,1,1
H4,484,2017,610120,     20.00,     20.00,     20.00,     20.00,0,0,0,1,1,1
H4,484,2017,610130,     45.00,     20.00,     25.00,     22.50,0,0,0,2,2,2
H4,484,2017,610190,     40.00,     20.00,     20.00,     20.00,0,0,0,2,2,2
H4,484,2017,610210,     20.00,     20.00,     20.00,     20.00,0,0,0,1,1,1
H4,484,2017,610220,     20.00,     20.00,     20.00,     20.00,0,0,0,1,1,1
H4,484,2017,610230,     45.00,     20.00,     25.00,     22.50,0,0,0,2,2,2
H4,484,2017,610290,     20.00,     20.00,     20.00,     20.00,0,0,0,1,1,1
H4,484,2017,610310,    100.00,     20.00,     20.00,     20.00,0,0,0,5,5,5
H4,484,2017,610322,     20.00,     20.00,     20.00,     20.00,0,0,0,1,1,1
H4,484,2017,610323,     20.00,     20.00,     20.00,     20.00,0,0,0,1,1,1
H4,484,2017,610329,     40.00,     20.00,     20.00,     20.00,0,0,0,2,2,2
H4,484,2017,610331,     20.00,     20.00,     20.00,     20.00,0,0,0,1,1,1
H4,484,2017,610332,     20.00,     20.00,     20.00,     20.00,0,0,0,1,1,1
H4,484,2017,610333,     40.00,     20.00,     20.00,     20.00,0,0,0,2,2,2
H4,484,2017,610339,     60.00,     20.00,     20.00,     20.00,0,0,0,3,3,3
H4,484,2017,610341,     20.00,     20.00,     20.00,     20.00,0,0,0,1,1,1
H4,484,2017,610342,     40.00,     20.00,     20.00,     20.00,0,0,0,2,2,2
H4,484,2017,610343,     45.00,     20.00,     25.00,     22.50,0,0,0,2,2,2
H4,484,2017,610349,     60.00,     20.00,     20.00,     20.00,0,0,0,3,3,3
H4,484,2017,610413,     40.00,     20.00,     20.00,     20.00,0,0,0,2,2,2
H4,484,2017,610419,    120.00,     20.00,     20.00,     20.00,0,0,0,6,6,6
H4,484,2017,610422,     20.00,     20.00,     20.00,     20.00,0,0,0,1,1,1
H4,484,2017,610423,     20.00,     20.00,     20.00,     20.00,0,0,0,1,1,1
H4,484,2017,610429,     40.00,     20.00,     20.00,     20.00,0,0,0,2,2,2
H4,484,2017,610431,     20.00,     20.00,     20.00,     20.00,0,0,0,1,1,1
H4,484,2017,610432,     20.00,     20.00,     20.00,     20.00,0,0,0,1,1,1
H4,484,2017,610433,     40.00,     20.00,     20.00,     20.00,0,0,0,2,2,2
H4,484,2017,610439,     60.00,     20.00,     20.00,     20.00,0,0,0,3,3,3
H4,484,2017,610441,     20.00,     20.00,     20.00,     20.00,0,0,0,1,1,1
H4,484,2017,610442,     20.00,     20.00,     20.00,     20.00,0,0,0,1,1,1
H4,484,2017,610443,     40.00,     20.00,     20.00,     20.00,0,0,0,2,2,2
H4,484,2017,610444,     40.00,     20.00,     20.00,     20.00,0,0,0,2,2,2
H4,484,2017,610449,     40.00,     20.00,     20.00,     20.00,0,0,0,2,2,2
H4,484,2017,610451,     20.00,     20.00,     20.00,     20.00,0,0,0,1,1,1
H4,484,2017,610452,     20.00,     20.00,     20.00,     20.00,0,0,0,1,1,1
H4,484,2017,610453,     40.00,     20.00,     20.00,     20.00,0,0,0,2,2,2
H4,484,2017,610459,     60.00,     20.00,     20.00,     20.00,0,0,0,3,3,3
H4,484,2017,610461,     20.00,     20.00,     20.00,     20.00,0,0,0,1,1,1
H4,484,2017,610462,     40.00,     20.00,     20.00,     20.00,0,0,0,2,2,2
H4,484,2017,610463,     45.00,     20.00,     25.00,     22.50,0,0,0,2,2,2
H4,484,2017,610469,     60.00,     20.00,     20.00,     20.00,0,0,0,3,3,3
H4,484,2017,610510,     50.00,     25.00,     25.00,     25.00,0,0,0,2,2,2
H4,484,2017,610520,     25.00,     25.00,     25.00,     25.00,0,0,0,1,1,1
H4,484,2017,610590,     40.00,     20.00,     20.00,     20.00,0,0,0,2,2,2
H4,484,2017,610610,     50.00,     25.00,     25.00,     25.00,0,0,0,2,2,2
H4,484,2017,610620,     45.00,     20.00,     25.00,     22.50,0,0,0,2,2,2
H4,484,2017,610690,     60.00,     20.00,     20.00,     20.00,0,0,0,3,3,3
H4,484,2017,610711,     25.00,     25.00,     25.00,     25.00,0,0,0,1,1,1
H4,484,2017,610712,     25.00,     25.00,     25.00,     25.00,0,0,0,1,1,1
H4,484,2017,610719,     20.00,     20.00,     20.00,     20.00,0,0,0,1,1,1
H4,484,2017,610721,     25.00,     25.00,     25.00,     25.00,0,0,0,1,1,1
H4,484,2017,610722,     20.00,     20.00,     20.00,     20.00,0,0,0,1,1,1
H4,484,2017,610729,     40.00,     20.00,     20.00,     20.00,0,0,0,2,2,2
H4,484,2017,610791,     20.00,     20.00,     20.00,     20.00,0,0,0,1,1,1
H4,484,2017,610799,     60.00,     20.00,     20.00,     20.00,0,0,0,3,3,3
H4,484,2017,610811,     20.00,     20.00,     20.00,     20.00,0,0,0,1,1,1
H4,484,2017,610819,     20.00,     20.00,     20.00,     20.00,0,0,0,1,1,1
H4,484,2017,610821,     25.00,     25.00,     25.00,     25.00,0,0,0,1,1,1
H4,484,2017,610822,     25.00,     25.00,     25.00,     25.00,0,0,0,1,1,1
H4,484,2017,610829,     20.00,     20.00,     20.00,     20.00,0,0,0,1,1,1
H4,484,2017,610831,     25.00,     25.00,     25.00,     25.00,0,0,0,1,1,1
H4,484,2017,610832,     25.00,     25.00,     25.00,     25.00,0,0,0,1,1,1
H4,484,2017,610839,     40.00,     20.00,     20.00,     20.00,0,0,0,2,2,2
H4,484,2017,610891,     40.00,     20.00,     20.00,     20.00,0,0,0,2,2,2
H4,484,2017,610892,     40.00,     20.00,     20.00,     20.00,0,0,0,2,2,2
H4,484,2017,610899,     40.00,     20.00,     20.00,     20.00,0,0,0,2,2,2
H4,484,2017,610910,     25.00,     25.00,     25.00,     25.00,0,0,0,1,1,1
H4,484,2017,610990,     65.00,     20.00,     25.00,     21.67,0,0,0,3,3,3
H4,484,2017,611011,     20.00,     20.00,     20.00,     20.00,0,0,0,1,1,1
H4,484,2017,611012,     20.00,     20.00,     20.00,     20.00,0,0,0,1,1,1
H4,484,2017,611019,     20.00,     20.00,     20.00,     20.00,0,0,0,1,1,1
H4,484,2017,611020,     50.00,     25.00,     25.00,     25.00,0,0,0,2,2,2
H4,484,2017,611030,     70.00,     20.00,     25.00,     23.33,0,0,0,3,3,3
H4,484,2017,611090,     40.00,     20.00,     20.00,     20.00,0,0,0,2,2,2
H4,484,2017,611120,    100.00,     25.00,     25.00,     25.00,0,0,0,4,4,4
H4,484,2017,611130,    100.00,     25.00,     25.00,     25.00,0,0,0,4,4,4
H4,484,2017,611190,     40.00,     20.00,     20.00,     20.00,0,0,0,2,2,2
H4,484,2017,611211,     20.00,     20.00,     20.00,     20.00,0,0,0,1,1,1
H4,484,2017,611212,     25.00,     25.00,     25.00,     25.00,0,0,0,1,1,1
H4,484,2017,611219,     60.00,     20.00,     20.00,     20.00,0,0,0,3,3,3
H4,484,2017,611220,     40.00,     20.00,     20.00,     20.00,0,0,0,2,2,2
H4,484,2017,611231,     20.00,     20.00,     20.00,     20.00,0,0,0,1,1,1
H4,484,2017,611239,     20.00,     20.00,     20.00,     20.00,0,0,0,1,1,1
H4,484,2017,611241,     25.00,     25.00,     25.00,     25.00,0,0,0,1,1,1
H4,484,2017,611249,     20.00,     20.00,     20.00,     20.00,0,0,0,1,1,1
H4,484,2017,611300,     40.00,     20.00,     20.00,     20.00,0,0,0,2,2,2
H4,484,2017,611420,     20.00,     20.00,     20.00,     20.00,0,0,0,1,1,1
H4,484,2017,611430,     40.00,     20.00,     20.00,     20.00,0,0,0,2,2,2
H4,484,2017,611490,     40.00,     20.00,     20.00,     20.00,0,0,0,2,2,2
H4,484,2017,611510,     20.00,     20.00,     20.00,     20.00,0,0,0,1,1,1
H4,484,2017,611521,     20.00,     20.00,     20.00,     20.00,0,0,0,1,1,1
H4,484,2017,611522,     20.00,     20.00,     20.00,     20.00,0,0,0,1,1,1
H4,484,2017,611529,     20.00,     20.00,     20.00,     20.00,0,0,0,1,1,1
H4,484,2017,611530,     20.00,     20.00,     20.00,     20.00,0,0,0,1,1,1
H4,484,2017,611594,     20.00,     20.00,     20.00,     20.00,0,0,0,1,1,1
H4,484,2017,611595,     25.00,     25.00,     25.00,     25.00,0,0,0,1,1,1
H4,484,2017,611596,     25.00,     25.00,     25.00,     25.00,0,0,0,1,1,1
H4,484,2017,611599,     20.00,     20.00,     20.00,     20.00,0,0,0,1,1,1
H4,484,2017,611610,     40.00,     20.00,     20.00,     20.00,0,0,0,2,2,2
H4,484,2017,611691,     20.00,     20.00,     20.00,     20.00,0,0,0,1,1,1
H4,484,2017,611692,     20.00,     20.00,     20.00,     20.00,0,0,0,1,1,1
H4,484,2017,611693,     20.00,     20.00,     20.00,     20.00,0,0,0,1,1,1
H4,484,2017,611699,     20.00,     20.00,     20.00,     20.00,0,0,0,1,1,1
H4,484,2017,611710,     40.00,     20.00,     20.00,     20.00,0,0,0,2,2,2
H4,484,2017,611780,     40.00,     20.00,     20.00,     20.00,0,0,0,2,2,2
H4,484,2017,611790,     20.00,     20.00,     20.00,     20.00,0,0,0,1,1,1
H4,484,2017,620111,     25.00,     25.00,     25.00,     25.00,0,0,0,1,1,1
H4,484,2017,620112,     45.00,     20.00,     25.00,     22.50,0,0,0,2,2,2
H4,484,2017,620113,     65.00,     20.00,     25.00,     21.67,0,0,0,3,3,3
H4,484,2017,620119,     20.00,     20.00,     20.00,     20.00,0,0,0,1,1,1
H4,484,2017,620191,     20.00,     20.00,     20.00,     20.00,0,0,0,1,1,1
H4,484,2017,620192,     45.00,     20.00,     25.00,     22.50,0,0,0,2,2,2
H4,484,2017,620193,     45.00,     20.00,     25.00,     22.50,0,0,0,2,2,2
H4,484,2017,620199,     20.00,     20.00,     20.00,     20.00,0,0,0,1,1,1
H4,484,2017,620211,     25.00,     25.00,     25.00,     25.00,0,0,0,1,1,1
H4,484,2017,620212,     45.00,     20.00,     25.00,     22.50,0,0,0,2,2,2
H4,484,2017,620213,     65.00,     20.00,     25.00,     21.67,0,0,0,3,3,3
H4,484,2017,620219,     20.00,     20.00,     20.00,     20.00,0,0,0,1,1,1
H4,484,2017,620291,     20.00,     20.00,     20.00,     20.00,0,0,0,1,1,1
H4,484,2017,620292,     45.00,     20.00,     25.00,     22.50,0,0,0,2,2,2
H4,484,2017,620293,     45.00,     20.00,     25.00,     22.50,0,0,0,2,2,2
H4,484,2017,620299,     20.00,     20.00,     20.00,     20.00,0,0,0,1,1,1
H4,484,2017,620311,     25.00,     25.00,     25.00,     25.00,0,0,0,1,1,1
H4,484,2017,620312,     25.00,     25.00,     25.00,     25.00,0,0,0,1,1,1
H4,484,2017,620319,     60.00,     20.00,     20.00,     20.00,0,0,0,3,3,3
H4,484,2017,620322,     20.00,     20.00,     20.00,     20.00,0,0,0,1,1,1
H4,484,2017,620323,     20.00,     20.00,     20.00,     20.00,0,0,0,1,1,1
H4,484,2017,620329,     40.00,     20.00,     20.00,     20.00,0,0,0,2,2,2
H4,484,2017,620331,     25.00,     25.00,     25.00,     25.00,0,0,0,1,1,1
H4,484,2017,620332,     25.00,     25.00,     25.00,     25.00,0,0,0,1,1,1
H4,484,2017,620333,     45.00,     20.00,     25.00,     22.50,0,0,0,2,2,2
H4,484,2017,620339,     80.00,     20.00,     20.00,     20.00,0,0,0,4,4,4
H4,484,2017,620341,     25.00,     25.00,     25.00,     25.00,0,0,0,1,1,1
H4,484,2017,620342,    190.00,     20.00,     25.00,     23.75,0,0,0,8,8,8
H4,484,2017,620343,    220.00,     20.00,     25.00,     24.44,0,0,0,9,9,9
H4,484,2017,620349,     25.00,     25.00,     25.00,     25.00,0,0,0,1,1,1
H4,484,2017,620411,     20.00,     20.00,     20.00,     20.00,0,0,0,1,1,1
H4,484,2017,620412,     20.00,     20.00,     20.00,     20.00,0,0,0,1,1,1
H4,484,2017,620413,     40.00,     20.00,     20.00,     20.00,0,0,0,2,2,2
H4,484,2017,620419,     80.00,     20.00,     20.00,     20.00,0,0,0,4,4,4
H4,484,2017,620421,     20.00,     20.00,     20.00,     20.00,0,0,0,1,1,1
H4,484,2017,620422,     20.00,     20.00,     20.00,     20.00,0,0,0,1,1,1
H4,484,2017,620423,     20.00,     20.00,     20.00,     20.00,0,0,0,1,1,1
H4,484,2017,620429,     20.00,     20.00,     20.00,     20.00,0,0,0,1,1,1
H4,484,2017,620431,     20.00,     20.00,     20.00,     20.00,0,0,0,1,1,1
H4,484,2017,620432,     25.00,     25.00,     25.00,     25.00,0,0,0,1,1,1
H4,484,2017,620433,     65.00,     20.00,     25.00,     21.67,0,0,0,3,3,3
H4,484,2017,620439,     80.00,     20.00,     20.00,     20.00,0,0,0,4,4,4
H4,484,2017,620441,     20.00,     20.00,     20.00,     20.00,0,0,0,1,1,1
H4,484,2017,620442,     45.00,     20.00,     25.00,     22.50,0,0,0,2,2,2
H4,484,2017,620443,     65.00,     20.00,     25.00,     21.67,0,0,0,3,3,3
H4,484,2017,620444,     65.00,     20.00,     25.00,     21.67,0,0,0,3,3,3
H4,484,2017,620449,     40.00,     20.00,     20.00,     20.00,0,0,0,2,2,2
H4,484,2017,620451,     20.00,     20.00,     20.00,     20.00,0,0,0,1,1,1
H4,484,2017,620452,     25.00,     25.00,     25.00,     25.00,0,0,0,1,1,1
H4,484,2017,620453,     65.00,     20.00,     25.00,     21.67,0,0,0,3,3,3
H4,484,2017,620459,    120.00,     20.00,     20.00,     20.00,0,0,0,6,6,6
H4,484,2017,620461,     20.00,     20.00,     20.00,     20.00,0,0,0,1,1,1
H4,484,2017,620462,    150.00,     25.00,     25.00,     25.00,0,0,0,6,6,6
H4,484,2017,620463,    220.00,     20.00,     25.00,     24.44,0,0,0,9,9,9
H4,484,2017,620469,     65.00,     20.00,     25.00,     21.67,0,0,0,3,3,3
H4,484,2017,620520,     70.00,     20.00,     25.00,     23.33,0,0,0,3,3,3
H4,484,2017,620530,     70.00,     20.00,     25.00,     23.33,0,0,0,3,3,3
H4,484,2017,620590,     65.00,     20.00,     25.00,     21.67,0,0,0,3,3,3
H4,484,2017,620610,     20.00,     20.00,     20.00,     20.00,0,0,0,1,1,1
H4,484,2017,620620,     40.00,     20.00,     20.00,     20.00,0,0,0,2,2,2
H4,484,2017,620630,     50.00,     25.00,     25.00,     25.00,0,0,0,2,2,2
H4,484,2017,620640,     90.00,     20.00,     25.00,     22.50,0,0,0,4,4,4
H4,484,2017,620690,     45.00,     20.00,     25.00,     22.50,0,0,0,2,2,2
H4,484,2017,620711,     25.00,     25.00,     25.00,     25.00,0,0,0,1,1,1
H4,484,2017,620719,     20.00,     20.00,     20.00,     20.00,0,0,0,1,1,1
H4,484,2017,620721,     20.00,     20.00,     20.00,     20.00,0,0,0,1,1,1
H4,484,2017,620722,     20.00,     20.00,     20.00,     20.00,0,0,0,1,1,1
H4,484,2017,620729,     40.00,     20.00,     20.00,     20.00,0,0,0,2,2,2
H4,484,2017,620791,     20.00,     20.00,     20.00,     20.00,0,0,0,1,1,1
H4,484,2017,620799,     60.00,     20.00,     20.00,     20.00,0,0,0,3,3,3
H4,484,2017,620811,     20.00,     20.00,     20.00,     20.00,0,0,0,1,1,1
H4,484,2017,620819,     20.00,     20.00,     20.00,     20.00,0,0,0,1,1,1
H4,484,2017,620821,     20.00,     20.00,     20.00,     20.00,0,0,0,1,1,1
H4,484,2017,620822,     20.00,     20.00,     20.00,     20.00,0,0,0,1,1,1
H4,484,2017,620829,     40.00,     20.00,     20.00,     20.00,0,0,0,2,2,2
H4,484,2017,620891,     20.00,     20.00,     20.00,     20.00,0,0,0,1,1,1
H4,484,2017,620892,     40.00,     20.00,     20.00,     20.00,0,0,0,2,2,2
H4,484,2017,620899,     60.00,     20.00,     20.00,     20.00,0,0,0,3,3,3
H4,484,2017,620920,    100.00,     25.00,     25.00,     25.00,0,0,0,4,4,4
H4,484,2017,620930,    100.00,     25.00,     25.00,     25.00,0,0,0,4,4,4
H4,484,2017,620990,     40.00,     20.00,     20.00,     20.00,0,0,0,2,2,2
H4,484,2017,621010,     20.00,     20.00,     20.00,     20.00,0,0,0,1,1,1
H4,484,2017,621020,     20.00,     20.00,     20.00,     20.00,0,0,0,1,1,1
H4,484,2017,621030,     20.00,     20.00,     20.00,     20.00,0,0,0,1,1,1
H4,484,2017,621040,     20.00,     20.00,     20.00,     20.00,0,0,0,1,1,1
H4,484,2017,621050,     20.00,     20.00,     20.00,     20.00,0,0,0,1,1,1
H4,484,2017,621111,     25.00,     25.00,     25.00,     25.00,0,0,0,1,1,1
H4,484,2017,621112,     20.00,     20.00,     20.00,     20.00,0,0,0,1,1,1
H4,484,2017,621120,     40.00,     20.00,     20.00,     20.00,0,0,0,2,2,2
H4,484,2017,621132,     40.00,     20.00,     20.00,     20.00,0,0,0,2,2,2
H4,484,2017,621133,     40.00,     20.00,     20.00,     20.00,0,0,0,2,2,2
H4,484,2017,621139,     60.00,     20.00,     20.00,     20.00,0,0,0,3,3,3
H4,484,2017,621142,     40.00,     20.00,     20.00,     20.00,0,0,0,2,2,2
H4,484,2017,621143,     40.00,     20.00,     20.00,     20.00,0,0,0,2,2,2
H4,484,2017,621149,     20.00,     20.00,     20.00,     20.00,0,0,0,1,1,1
H4,484,2017,621210,    125.00,     25.00,     25.00,     25.00,0,0,0,5,5,5
H4,484,2017,621220,     25.00,     25.00,     25.00,     25.00,0,0,0,1,1,1
H4,484,2017,621230,     25.00,     25.00,     25.00,     25.00,0,0,0,1,1,1
H4,484,2017,621290,     60.00,     20.00,     20.00,     20.00,0,0,0,3,3,3
H4,484,2017,621320,     20.00,     20.00,     20.00,     20.00,0,0,0,1,1,1
H4,484,2017,621390,     40.00,     20.00,     20.00,     20.00,0,0,0,2,2,2
H4,484,2017,621410,     20.00,     20.00,     20.00,     20.00,0,0,0,1,1,1
H4,484,2017,621420,     20.00,     20.00,     20.00,     20.00,0,0,0,1,1,1
H4,484,2017,621430,     20.00,     20.00,     20.00,     20.00,0,0,0,1,1,1
H4,484,2017,621440,     20.00,     20.00,     20.00,     20.00,0,0,0,1,1,1
H4,484,2017,621490,     20.00,     20.00,     20.00,     20.00,0,0,0,1,1,1
H4,484,2017,621510,     20.00,     20.00,     20.00,     20.00,0,0,0,1,1,1
H4,484,2017,621520,     20.00,     20.00,     20.00,     20.00,0,0,0,1,1,1
H4,484,2017,621590,     20.00,     20.00,     20.00,     20.00,0,0,0,1,1,1
H4,484,2017,621600,     20.00,     20.00,     20.00,     20.00,0,0,0,1,1,1
H4,484,2017,621710,     20.00,     20.00,     20.00,     20.00,0,0,0,1,1,1
H4,484,2017,621790,     20.00,     20.00,     20.00,     20.00,0,0,0,1,1,1
H4,484,2017,630110,     15.00,     15.00,     15.00,     15.00,0,0,0,1,1,1
H4,484,2017,630120,     20.00,     20.00,     20.00,     20.00,0,0,0,1,1,1
H4,484,2017,630130,     20.00,     20.00,     20.00,     20.00,0,0,0,1,1,1
H4,484,2017,630140,     25.00,     25.00,     25.00,     25.00,0,0,0,1,1,1
H4,484,2017,630190,     20.00,     20.00,     20.00,     20.00,0,0,0,1,1,1
H4,484,2017,630210,     20.00,     20.00,     20.00,     20.00,0,0,0,1,1,1
H4,484,2017,630221,     25.00,     25.00,     25.00,     25.00,0,0,0,1,1,1
H4,484,2017,630222,     25.00,     25.00,     25.00,     25.00,0,0,0,1,1,1
H4,484,2017,630229,     20.00,     20.00,     20.00,     20.00,0,0,0,1,1,1
H4,484,2017,630231,    125.00,     25.00,     25.00,     25.00,0,0,0,5,5,5
H4,484,2017,630232,    125.00,     25.00,     25.00,     25.00,0,0,0,5,5,5
H4,484,2017,630239,     20.00,     20.00,     20.00,     20.00,0,0,0,1,1,1
H4,484,2017,630240,     20.00,     20.00,     20.00,     20.00,0,0,0,1,1,1
H4,484,2017,630251,     20.00,     20.00,     20.00,     20.00,0,0,0,1,1,1
H4,484,2017,630253,     20.00,     20.00,     20.00,     20.00,0,0,0,1,1,1
H4,484,2017,630259,     40.00,     20.00,     20.00,     20.00,0,0,0,2,2,2
H4,484,2017,630260,    125.00,     25.00,     25.00,     25.00,0,0,0,5,5,5
H4,484,2017,630291,     20.00,     20.00,     20.00,     20.00,0,0,0,1,1,1
H4,484,2017,630293,     20.00,     20.00,     20.00,     20.00,0,0,0,1,1,1
H4,484,2017,630299,     40.00,     20.00,     20.00,     20.00,0,0,0,2,2,2
H4,484,2017,630312,     20.00,     20.00,     20.00,     20.00,0,0,0,1,1,1
H4,484,2017,630319,     40.00,     20.00,     20.00,     20.00,0,0,0,2,2,2
H4,484,2017,630391,     20.00,     20.00,     20.00,     20.00,0,0,0,1,1,1
H4,484,2017,630392,     40.00,     20.00,     20.00,     20.00,0,0,0,2,2,2
H4,484,2017,630399,     20.00,     20.00,     20.00,     20.00,0,0,0,1,1,1
H4,484,2017,630411,     20.00,     20.00,     20.00,     20.00,0,0,0,1,1,1
H4,484,2017,630419,     25.00,     25.00,     25.00,     25.00,0,0,0,1,1,1
H4,484,2017,630491,     20.00,     20.00,     20.00,     20.00,0,0,0,1,1,1
H4,484,2017,630492,     20.00,     20.00,     20.00,     20.00,0,0,0,1,1,1
H4,484,2017,630493,     20.00,     20.00,     20.00,     20.00,0,0,0,1,1,1
H4,484,2017,630499,     20.00,     20.00,     20.00,     20.00,0,0,0,1,1,1
H4,484,2017,630510,     15.00,     15.00,     15.00,     15.00,0,0,0,1,1,1
H4,484,2017,630520,     15.00,     15.00,     15.00,     15.00,0,0,0,1,1,1
H4,484,2017,630532,     15.00,     15.00,     15.00,     15.00,0,0,0,1,1,1
H4,484,2017,630533,     15.00,     15.00,     15.00,     15.00,0,0,0,1,1,1
H4,484,2017,630539,     15.00,     15.00,     15.00,     15.00,0,0,0,1,1,1
H4,484,2017,630590,     15.00,     15.00,     15.00,     15.00,0,0,0,1,1,1
H4,484,2017,630612,     15.00,     15.00,     15.00,     15.00,0,0,0,1,1,1
H4,484,2017,630619,     30.00,     15.00,     15.00,     15.00,0,0,0,2,2,2
H4,484,2017,630622,     15.00,     15.00,     15.00,     15.00,0,0,0,1,1,1
H4,484,2017,630629,     30.00,     15.00,     15.00,     15.00,0,0,0,2,2,2
H4,484,2017,630630,     30.00,     15.00,     15.00,     15.00,0,0,0,2,2,2
H4,484,2017,630640,     30.00,     15.00,     15.00,     15.00,0,0,0,2,2,2
H4,484,2017,630690,     30.00,     15.00,     15.00,     15.00,0,0,0,2,2,2
H4,484,2017,630710,     20.00,     20.00,     20.00,     20.00,0,0,0,1,1,1
H4,484,2017,630720,     15.00,     15.00,     15.00,     15.00,0,0,0,1,1,1
H4,484,2017,630790,     30.00,     10.00,     20.00,     15.00,0,0,0,2,2,2
H4,484,2017,630800,     15.00,     15.00,     15.00,     15.00,0,0,0,1,1,1
H4,484,2017,630900,     20.00,     20.00,     20.00,     20.00,0,0,0,1,1,1
H4,484,2017,631010,     40.00,     20.00,     20.00,     20.00,0,0,0,2,2,2
H4,484,2017,631090,     40.00,     20.00,     20.00,     20.00,0,0,0,2,2,2
H4,484,2017,640110,     10.00,     10.00,     10.00,     10.00,0,0,0,1,1,1
H4,484,2017,640192,    150.00,     10.00,     20.00,     16.67,0,0,0,9,9,9
H4,484,2017,640199,     20.00,     10.00,     10.00,     10.00,0,0,0,2,2,2
H4,484,2017,640212,      0.00,      0.00,      0.00,      0.00,0,1,0,0,1,1
H4,484,2017,640219,    190.00,     20.00,     30.00,     21.11,0,0,0,9,9,9
H4,484,2017,640220,     60.00,     30.00,     30.00,     30.00,0,0,0,2,2,2
H4,484,2017,640291,     10.00,     10.00,     10.00,     10.00,0,0,0,1,1,1
H4,484,2017,640299,     80.00,     10.00,     30.00,     20.00,0,0,0,4,4,4
H4,484,2017,640312,      0.00,      0.00,      0.00,      0.00,0,1,0,0,1,1
H4,484,2017,640319,     40.00,     10.00,     20.00,     13.33,0,0,0,3,3,3
H4,484,2017,640320,     10.00,     10.00,     10.00,     10.00,0,0,0,1,1,1
H4,484,2017,640340,,,,,1,0,0,0,0,1
H4,484,2017,640351,     80.00,     20.00,     20.00,     20.00,0,0,0,4,4,4
H4,484,2017,640359,    140.00,     20.00,     20.00,     20.00,0,0,0,7,7,7
H4,484,2017,640391,     20.00,      0.00,     20.00,     10.00,0,1,0,1,2,2
H4,484,2017,640399,    100.00,      0.00,     30.00,     20.00,0,1,0,4,5,5
H4,484,2017,640411,    320.00,     20.00,     30.00,     26.67,0,0,0,12,12,12
H4,484,2017,640419,    250.00,     20.00,     25.00,     20.83,0,0,0,12,12,12
H4,484,2017,640420,     10.00,     10.00,     10.00,     10.00,0,0,0,1,1,1
H4,484,2017,640510,     10.00,     10.00,     10.00,     10.00,0,0,0,1,1,1
H4,484,2017,640520,     10.00,      0.00,     10.00,      5.00,0,1,0,1,2,2
H4,484,2017,640590,      0.00,      0.00,      0.00,      0.00,0,2,0,0,2,2
H4,484,2017,640610,    160.00,     20.00,     20.00,     20.00,0,0,0,8,8,8
H4,484,2017,640620,      5.00,      0.00,      5.00,      2.50,0,1,0,1,2,2
H4,484,2017,640690,     10.00,      0.00,     10.00,      3.33,0,2,0,1,3,3
H4,484,2017,650100,      0.00,      0.00,      0.00,      0.00,0,1,0,0,1,1
H4,484,2017,650200,      0.00,      0.00,      0.00,      0.00,0,1,0,0,1,1
H4,484,2017,650400,     15.00,     15.00,     15.00,     15.00,0,0,0,1,1,1
H4,484,2017,650500,     60.00,     15.00,     15.00,     15.00,0,0,0,4,4,4
H4,484,2017,650610,      5.00,      5.00,      5.00,      5.00,0,0,0,1,1,1
H4,484,2017,650691,     25.00,     10.00,     15.00,     12.50,0,0,0,2,2,2
H4,484,2017,650699,     30.00,     15.00,     15.00,     15.00,0,0,0,2,2,2
H4,484,2017,650700,     15.00,     15.00,     15.00,     15.00,0,0,0,1,1,1
H4,484,2017,660110,     15.00,     15.00,     15.00,     15.00,0,0,0,1,1,1
H4,484,2017,660191,     15.00,     15.00,     15.00,     15.00,0,0,0,1,1,1
H4,484,2017,660199,     15.00,     15.00,     15.00,     15.00,0,0,0,1,1,1
H4,484,2017,660200,     15.00,     15.00,     15.00,     15.00,0,0,0,1,1,1
H4,484,2017,660320,     15.00,      0.00,     15.00,      7.50,0,1,0,1,2,2
H4,484,2017,660390,     30.00,     15.00,     15.00,     15.00,0,0,0,2,2,2
H4,484,2017,670100,     15.00,      0.00,     15.00,      7.50,0,1,0,1,2,2
H4,484,2017,670210,     15.00,     15.00,     15.00,     15.00,0,0,0,1,1,1
H4,484,2017,670290,      0.00,      0.00,      0.00,      0.00,0,1,0,0,1,1
H4,484,2017,670300,     15.00,     15.00,     15.00,     15.00,0,0,0,1,1,1
H4,484,2017,670411,      0.00,      0.00,      0.00,      0.00,0,1,0,0,1,1
H4,484,2017,670419,      0.00,      0.00,      0.00,      0.00,0,1,0,0,1,1
H4,484,2017,670420,      0.00,      0.00,      0.00,      0.00,0,1,0,0,1,1
H4,484,2017,670490,     15.00,     15.00,     15.00,     15.00,0,0,0,1,1,1
H4,484,2017,680100,     15.00,     15.00,     15.00,     15.00,0,0,0,1,1,1
H4,484,2017,680210,     25.00,     10.00,     15.00,     12.50,0,0,0,2,2,2
H4,484,2017,680221,     15.00,     15.00,     15.00,     15.00,0,0,0,1,1,1
H4,484,2017,680223,      0.00,      0.00,      0.00,      0.00,0,2,0,0,2,2
H4,484,2017,680229,     30.00,     15.00,     15.00,     15.00,0,0,0,2,2,2
H4,484,2017,680291,     15.00,     15.00,     15.00,     15.00,0,0,0,1,1,1
H4,484,2017,680292,     15.00,     15.00,     15.00,     15.00,0,0,0,1,1,1
H4,484,2017,680293,      0.00,      0.00,      0.00,      0.00,0,1,0,0,1,1
H4,484,2017,680299,     15.00,     15.00,     15.00,     15.00,0,0,0,1,1,1
H4,484,2017,680300,     20.00,      5.00,     15.00,     10.00,0,0,0,2,2,2
H4,484,2017,680410,      0.00,      0.00,      0.00,      0.00,0,2,0,0,2,2
H4,484,2017,680421,      0.00,      0.00,      0.00,      0.00,0,2,0,0,2,2
H4,484,2017,680422,      0.00,      0.00,      0.00,      0.00,0,4,0,0,4,4
H4,484,2017,680423,      0.00,      0.00,      0.00,      0.00,0,2,0,0,2,2
H4,484,2017,680430,     10.00,     10.00,     10.00,     10.00,0,0,0,1,1,1
H4,484,2017,680510,     10.00,      5.00,      5.00,      5.00,0,0,0,2,2,2
H4,484,2017,680520,      5.00,      5.00,      5.00,      5.00,0,0,0,1,1,1
H4,484,2017,680530,      5.00,      5.00,      5.00,      5.00,0,0,0,1,1,1
H4,484,2017,680610,      0.00,      0.00,      0.00,      0.00,0,1,0,0,1,1
H4,484,2017,680620,      0.00,      0.00,      0.00,      0.00,0,1,0,0,1,1
H4,484,2017,680690,      0.00,      0.00,      0.00,      0.00,0,1,0,0,1,1
H4,484,2017,680710,      0.00,      0.00,      0.00,      0.00,0,1,0,0,1,1
H4,484,2017,680790,      0.00,      0.00,      0.00,      0.00,0,1,0,0,1,1
H4,484,2017,680800,     15.00,     15.00,     15.00,     15.00,0,0,0,1,1,1
H4,484,2017,680911,     15.00,     15.00,     15.00,     15.00,0,0,0,1,1,1
H4,484,2017,680919,     15.00,     15.00,     15.00,     15.00,0,0,0,1,1,1
H4,484,2017,680990,     15.00,     15.00,     15.00,     15.00,0,0,0,1,1,1
H4,484,2017,681011,     15.00,     15.00,     15.00,     15.00,0,0,0,1,1,1
H4,484,2017,681019,     15.00,     15.00,     15.00,     15.00,0,0,0,1,1,1
H4,484,2017,681091,     20.00,      5.00,     15.00,     10.00,0,0,0,2,2,2
H4,484,2017,681099,     30.00,     15.00,     15.00,     15.00,0,0,0,2,2,2
H4,484,2017,681140,     20.00,      0.00,      5.00,      4.00,0,1,0,4,5,5
H4,484,2017,681181,      5.00,      5.00,      5.00,      5.00,0,0,0,1,1,1
H4,484,2017,681182,      5.00,      5.00,      5.00,      5.00,0,0,0,1,1,1
H4,484,2017,681189,      5.00,      0.00,      5.00,      2.50,0,1,0,1,2,2
H4,484,2017,681280,     25.00,      0.00,     10.00,      2.78,0,5,0,4,9,9
H4,484,2017,681291,     10.00,     10.00,     10.00,     10.00,0,0,0,1,1,1
H4,484,2017,681292,      0.00,      0.00,      0.00,      0.00,0,1,0,0,1,1
H4,484,2017,681293,      0.00,      0.00,      0.00,      0.00,0,2,0,0,2,2
H4,484,2017,681299,     15.00,      0.00,      5.00,      2.50,0,3,0,3,6,6
H4,484,2017,681320,      0.00,      0.00,      0.00,      0.00,0,5,0,0,5,5
H4,484,2017,681381,      5.00,      0.00,      5.00,      2.50,0,1,0,1,2,2
H4,484,2017,681389,      0.00,      0.00,      0.00,      0.00,0,3,0,0,3,3
H4,484,2017,681410,      0.00,      0.00,      0.00,      0.00,0,2,0,0,2,2
H4,484,2017,681490,      0.00,      0.00,      0.00,      0.00,0,1,0,0,1,1
H4,484,2017,681510,      5.00,      0.00,      5.00,      1.00,0,4,0,1,5,5
H4,484,2017,681520,      5.00,      5.00,      5.00,      5.00,0,0,0,1,1,1
H4,484,2017,681591,      0.00,      0.00,      0.00,      0.00,0,2,0,0,2,2
H4,484,2017,681599,      5.00,      0.00,      5.00,      2.50,0,1,0,1,2,2
H4,484,2017,690100,      0.00,      0.00,      0.00,      0.00,0,1,0,0,1,1
H4,484,2017,690210,      0.00,      0.00,      0.00,      0.00,0,1,0,0,1,1
H4,484,2017,690220,      0.00,      0.00,      0.00,      0.00,0,1,0,0,1,1
H4,484,2017,690290,      0.00,      0.00,      0.00,      0.00,0,4,0,0,4,4
H4,484,2017,690310,      0.00,      0.00,      0.00,      0.00,0,3,0,0,3,3
H4,484,2017,690320,      0.00,      0.00,      0.00,      0.00,0,6,0,0,6,6
H4,484,2017,690390,      0.00,      0.00,      0.00,      0.00,0,2,0,0,2,2
H4,484,2017,690410,     15.00,     15.00,     15.00,     15.00,0,0,0,1,1,1
H4,484,2017,690490,     15.00,     15.00,     15.00,     15.00,0,0,0,1,1,1
H4,484,2017,690510,     15.00,     15.00,     15.00,     15.00,0,0,0,1,1,1
H4,484,2017,690590,     15.00,      0.00,     15.00,      7.50,0,1,0,1,2,2
H4,484,2017,690600,     15.00,     15.00,     15.00,     15.00,0,0,0,1,1,1
H4,484,2017,690710,     15.00,     15.00,     15.00,     15.00,0,0,0,1,1,1
H4,484,2017,690790,     45.00,     15.00,     15.00,     15.00,0,0,0,3,3,3
H4,484,2017,690810,     15.00,     15.00,     15.00,     15.00,0,0,0,1,1,1
H4,484,2017,690890,     45.00,     15.00,     15.00,     15.00,0,0,0,3,3,3
H4,484,2017,690911,      0.00,      0.00,      0.00,      0.00,0,6,0,0,6,6
H4,484,2017,690912,      5.00,      5.00,      5.00,      5.00,0,0,0,1,1,1
H4,484,2017,690919,      0.00,      0.00,      0.00,      0.00,0,1,0,0,1,1
H4,484,2017,690990,      0.00,      0.00,      0.00,      0.00,0,1,0,0,1,1
H4,484,2017,691010,      0.00,      0.00,      0.00,      0.00,0,1,0,0,1,1
H4,484,2017,691090,     15.00,      0.00,     15.00,      7.50,0,1,0,1,2,2
H4,484,2017,691110,     15.00,     15.00,     15.00,     15.00,0,0,0,1,1,1
H4,484,2017,691190,     15.00,     15.00,     15.00,     15.00,0,0,0,1,1,1
H4,484,2017,691200,     30.00,     15.00,     15.00,     15.00,0,0,0,2,2,2
H4,484,2017,691310,     15.00,     15.00,     15.00,     15.00,0,0,0,1,1,1
H4,484,2017,691390,     15.00,     15.00,     15.00,     15.00,0,0,0,1,1,1
H4,484,2017,691410,     15.00,     15.00,     15.00,     15.00,0,0,0,1,1,1
H4,484,2017,691490,     15.00,     15.00,     15.00,     15.00,0,0,0,1,1,1
H4,484,2017,700100,      0.00,      0.00,      0.00,      0.00,0,1,0,0,1,1
H4,484,2017,700210,      5.00,      5.00,      5.00,      5.00,0,0,0,1,1,1
H4,484,2017,700220,      0.00,      0.00,      0.00,      0.00,0,5,0,0,5,5
H4,484,2017,700231,      0.00,      0.00,      0.00,      0.00,0,3,0,0,3,3
H4,484,2017,700232,      5.00,      5.00,      5.00,      5.00,0,0,0,1,1,1
H4,484,2017,700239,      0.00,      0.00,      0.00,      0.00,0,1,0,0,1,1
H4,484,2017,700312,     30.00,     15.00,     15.00,     15.00,0,0,0,2,2,2
H4,484,2017,700319,     30.00,     15.00,     15.00,     15.00,0,0,0,2,2,2
H4,484,2017,700320,     15.00,     15.00,     15.00,     15.00,0,0,0,1,1,1
H4,484,2017,700330,     15.00,     15.00,     15.00,     15.00,0,0,0,1,1,1
H4,484,2017,700420,     45.00,     15.00,     15.00,     15.00,0,0,0,3,3,3
H4,484,2017,700490,     30.00,     15.00,     15.00,     15.00,0,0,0,2,2,2
H4,484,2017,700510,     30.00,     15.00,     15.00,     15.00,0,0,0,2,2,2
H4,484,2017,700521,     45.00,     15.00,     15.00,     15.00,0,0,0,3,3,3
H4,484,2017,700529,     60.00,      0.00,     15.00,     12.00,0,1,0,4,5,5
H4,484,2017,700530,     15.00,     15.00,     15.00,     15.00,0,0,0,1,1,1
H4,484,2017,700600,     60.00,     15.00,     15.00,     15.00,0,0,0,4,4,4
H4,484,2017,700711,     45.00,      0.00,     15.00,     11.25,0,1,0,3,4,4
H4,484,2017,700719,     30.00,     15.00,     15.00,     15.00,0,0,0,2,2,2
H4,484,2017,700721,     45.00,      0.00,     15.00,     11.25,0,1,0,3,4,4
H4,484,2017,700729,     15.00,     15.00,     15.00,     15.00,0,0,0,1,1,1
H4,484,2017,700800,     15.00,     15.00,     15.00,     15.00,0,0,0,1,1,1
H4,484,2017,700910,     60.00,      0.00,     15.00,     12.00,0,1,0,4,5,5
H4,484,2017,700991,     15.00,      0.00,     15.00,      7.50,0,1,0,1,2,2
H4,484,2017,700992,     15.00,     15.00,     15.00,     15.00,0,0,0,1,1,1
H4,484,2017,701010,     20.00,      5.00,     15.00,     10.00,0,0,0,2,2,2
H4,484,2017,701020,      5.00,      5.00,      5.00,      5.00,0,0,0,1,1,1
H4,484,2017,701090,     40.00,     10.00,     10.00,     10.00,0,0,0,4,4,4
H4,484,2017,701110,      0.00,      0.00,      0.00,      0.00,0,5,0,0,5,5
H4,484,2017,701120,      0.00,      0.00,      0.00,      0.00,0,5,0,0,5,5
H4,484,2017,701190,      0.00,      0.00,      0.00,      0.00,0,2,0,0,2,2
H4,484,2017,701310,     15.00,     15.00,     15.00,     15.00,0,0,0,1,1,1
H4,484,2017,701322,     15.00,     15.00,     15.00,     15.00,0,0,0,1,1,1
H4,484,2017,701328,     30.00,     15.00,     15.00,     15.00,0,0,0,2,2,2
H4,484,2017,701333,     15.00,     15.00,     15.00,     15.00,0,0,0,1,1,1
H4,484,2017,701337,     60.00,     15.00,     15.00,     15.00,0,0,0,4,4,4
H4,484,2017,701341,     15.00,     15.00,     15.00,     15.00,0,0,0,1,1,1
H4,484,2017,701342,     15.00,     15.00,     15.00,     15.00,0,0,0,1,1,1
H4,484,2017,701349,     75.00,     15.00,     15.00,     15.00,0,0,0,5,5,5
H4,484,2017,701391,     15.00,     15.00,     15.00,     15.00,0,0,0,1,1,1
H4,484,2017,701399,     15.00,     15.00,     15.00,     15.00,0,0,0,1,1,1
H4,484,2017,701400,     15.00,      0.00,     15.00,      3.00,0,4,0,1,5,5
H4,484,2017,701510,      5.00,      5.00,      5.00,      5.00,0,0,0,1,1,1
H4,484,2017,701590,      0.00,      0.00,      0.00,      0.00,0,1,0,0,1,1
H4,484,2017,701610,     15.00,     15.00,     15.00,     15.00,0,0,0,1,1,1
H4,484,2017,701690,      0.00,      0.00,      0.00,      0.00,0,1,0,0,1,1
H4,484,2017,701710,     30.00,      0.00,      5.00,      2.14,0,8,0,6,14,14
H4,484,2017,701720,     10.00,      0.00,      5.00,      2.50,0,2,0,2,4,4
H4,484,2017,701790,     10.00,      0.00,      5.00,      1.67,0,4,0,2,6,6
H4,484,2017,701810,      0.00,      0.00,      0.00,      0.00,0,1,0,0,1,1
H4,484,2017,701820,      5.00,      0.00,      5.00,      2.50,0,1,0,1,2,2
H4,484,2017,701890,      0.00,      0.00,      0.00,      0.00,0,2,0,0,2,2
H4,484,2017,701911,      0.00,      0.00,      0.00,      0.00,0,1,0,0,1,1
H4,484,2017,701912,      0.00,      0.00,      0.00,      0.00,0,1,0,0,1,1
H4,484,2017,701919,      0.00,      0.00,      0.00,      0.00,0,1,0,0,1,1
H4,484,2017,701931,      0.00,      0.00,      0.00,      0.00,0,1,0,0,1,1
H4,484,2017,701932,      0.00,      0.00,      0.00,      0.00,0,1,0,0,1,1
H4,484,2017,701939,      0.00,      0.00,      0.00,      0.00,0,5,0,0,5,5
H4,484,2017,701940,      0.00,      0.00,      0.00,      0.00,0,2,0,0,2,2
H4,484,2017,701951,      0.00,      0.00,      0.00,      0.00,0,2,0,0,2,2
H4,484,2017,701952,      5.00,      0.00,      5.00,      2.50,0,1,0,1,2,2
H4,484,2017,701959,      0.00,      0.00,      0.00,      0.00,0,2,0,0,2,2
H4,484,2017,701990,      0.00,      0.00,      0.00,      0.00,0,9,0,0,9,9
H4,484,2017,702000,      0.00,      0.00,      0.00,      0.00,0,6,0,0,6,6
H4,484,2017,710110,      0.00,      0.00,      0.00,      0.00,0,2,0,0,2,2
H4,484,2017,710121,      0.00,      0.00,      0.00,      0.00,0,1,0,0,1,1
H4,484,2017,710122,      5.00,      0.00,      5.00,      2.50,0,1,0,1,2,2
H4,484,2017,710210,      0.00,      0.00,      0.00,      0.00,0,1,0,0,1,1
H4,484,2017,710221,      0.00,      0.00,      0.00,      0.00,0,1,0,0,1,1
H4,484,2017,710229,      0.00,      0.00,      0.00,      0.00,0,1,0,0,1,1
H4,484,2017,710231,      0.00,      0.00,      0.00,      0.00,0,1,0,0,1,1
H4,484,2017,710239,      0.00,      0.00,      0.00,      0.00,0,1,0,0,1,1
H4,484,2017,710310,      0.00,      0.00,      0.00,      0.00,0,1,0,0,1,1
H4,484,2017,710391,      0.00,      0.00,      0.00,      0.00,0,1,0,0,1,1
H4,484,2017,710399,      0.00,      0.00,      0.00,      0.00,0,1,0,0,1,1
H4,484,2017,710410,      0.00,      0.00,      0.00,      0.00,0,1,0,0,1,1
H4,484,2017,710420,      0.00,      0.00,      0.00,      0.00,0,1,0,0,1,1
H4,484,2017,710490,      0.00,      0.00,      0.00,      0.00,0,1,0,0,1,1
H4,484,2017,710510,      0.00,      0.00,      0.00,      0.00,0,1,0,0,1,1
H4,484,2017,710590,      0.00,      0.00,      0.00,      0.00,0,1,0,0,1,1
H4,484,2017,710610,      5.00,      5.00,      5.00,      5.00,0,0,0,1,1,1
H4,484,2017,710691,      0.00,      0.00,      0.00,      0.00,0,1,0,0,1,1
H4,484,2017,710692,      5.00,      5.00,      5.00,      5.00,0,0,0,1,1,1
H4,484,2017,710700,     15.00,     15.00,     15.00,     15.00,0,0,0,1,1,1
H4,484,2017,710811,      0.00,      0.00,      0.00,      0.00,0,1,0,0,1,1
H4,484,2017,710812,      0.00,      0.00,      0.00,      0.00,0,1,0,0,1,1
H4,484,2017,710813,      0.00,      0.00,      0.00,      0.00,0,1,0,0,1,1
H4,484,2017,710820,     15.00,      0.00,     15.00,      7.50,0,1,0,1,2,2
H4,484,2017,710900,     15.00,     15.00,     15.00,     15.00,0,0,0,1,1,1
H4,484,2017,711011,      0.00,      0.00,      0.00,      0.00,0,1,0,0,1,1
H4,484,2017,711019,      0.00,      0.00,      0.00,      0.00,0,1,0,0,1,1
H4,484,2017,711021,      0.00,      0.00,      0.00,      0.00,0,1,0,0,1,1
H4,484,2017,711029,      0.00,      0.00,      0.00,      0.00,0,1,0,0,1,1
H4,484,2017,711031,      0.00,      0.00,      0.00,      0.00,0,1,0,0,1,1
H4,484,2017,711039,      0.00,      0.00,      0.00,      0.00,0,1,0,0,1,1
H4,484,2017,711041,      0.00,      0.00,      0.00,      0.00,0,1,0,0,1,1
H4,484,2017,711049,      0.00,      0.00,      0.00,      0.00,0,1,0,0,1,1
H4,484,2017,711100,     15.00,     15.00,     15.00,     15.00,0,0,0,1,1,1
H4,484,2017,711230,      0.00,      0.00,      0.00,      0.00,0,1,0,0,1,1
H4,484,2017,711291,      0.00,      0.00,      0.00,      0.00,0,2,0,0,2,2
H4,484,2017,711292,      0.00,      0.00,      0.00,      0.00,0,1,0,0,1,1
H4,484,2017,711299,      0.00,      0.00,      0.00,      0.00,0,1,0,0,1,1
H4,484,2017,711311,     30.00,      0.00,     15.00,     10.00,0,1,0,2,3,3
H4,484,2017,711319,     15.00,      0.00,     15.00,      3.75,0,3,0,1,4,4
H4,484,2017,711320,      0.00,      0.00,      0.00,      0.00,0,1,0,0,1,1
H4,484,2017,711411,     15.00,     15.00,     15.00,     15.00,0,0,0,1,1,1
H4,484,2017,711419,      0.00,      0.00,      0.00,      0.00,0,1,0,0,1,1
H4,484,2017,711420,     15.00,     15.00,     15.00,     15.00,0,0,0,1,1,1
H4,484,2017,711510,      0.00,      0.00,      0.00,      0.00,0,1,0,0,1,1
H4,484,2017,711590,      0.00,      0.00,      0.00,      0.00,0,2,0,0,2,2
H4,484,2017,711610,      5.00,      5.00,      5.00,      5.00,0,0,0,1,1,1
H4,484,2017,711620,     15.00,     15.00,     15.00,     15.00,0,0,0,1,1,1
H4,484,2017,711711,     15.00,     15.00,     15.00,     15.00,0,0,0,1,1,1
H4,484,2017,711719,     20.00,      5.00,     15.00,     10.00,0,0,0,2,2,2
H4,484,2017,711790,     10.00,      0.00,     10.00,      5.00,0,1,0,1,2,2
H4,484,2017,711810,      0.00,      0.00,      0.00,      0.00,0,1,0,0,1,1
H4,484,2017,711890,      0.00,      0.00,      0.00,      0.00,0,1,0,0,1,1
H4,484,2017,720110,      0.00,      0.00,      0.00,      0.00,0,1,0,0,1,1
H4,484,2017,720120,      0.00,      0.00,      0.00,      0.00,0,1,0,0,1,1
H4,484,2017,720150,      0.00,      0.00,      0.00,      0.00,0,2,0,0,2,2
H4,484,2017,720211,      0.00,      0.00,      0.00,      0.00,0,1,0,0,1,1
H4,484,2017,720219,      0.00,      0.00,      0.00,      0.00,0,1,0,0,1,1
H4,484,2017,720221,      0.00,      0.00,      0.00,      0.00,0,2,0,0,2,2
H4,484,2017,720229,      0.00,      0.00,      0.00,      0.00,0,1,0,0,1,1
H4,484,2017,720230,      0.00,      0.00,      0.00,      0.00,0,1,0,0,1,1
H4,484,2017,720241,      0.00,      0.00,      0.00,      0.00,0,1,0,0,1,1
H4,484,2017,720249,      0.00,      0.00,      0.00,      0.00,0,1,0,0,1,1
H4,484,2017,720250,      0.00,      0.00,      0.00,      0.00,0,1,0,0,1,1
H4,484,2017,720260,      0.00,      0.00,      0.00,      0.00,0,1,0,0,1,1
H4,484,2017,720270,      0.00,      0.00,      0.00,      0.00,0,1,0,0,1,1
H4,484,2017,720280,      0.00,      0.00,      0.00,      0.00,0,1,0,0,1,1
H4,484,2017,720291,      0.00,      0.00,      0.00,      0.00,0,3,0,0,3,3
H4,484,2017,720292,      0.00,      0.00,      0.00,      0.00,0,2,0,0,2,2
H4,484,2017,720293,      0.00,      0.00,      0.00,      0.00,0,1,0,0,1,1
H4,484,2017,720299,      0.00,      0.00,      0.00,      0.00,0,4,0,0,4,4
H4,484,2017,720310,      0.00,      0.00,      0.00,      0.00,0,1,0,0,1,1
H4,484,2017,720390,      0.00,      0.00,      0.00,      0.00,0,1,0,0,1,1
H4,484,2017,720410,      0.00,      0.00,      0.00,      0.00,0,1,0,0,1,1
H4,484,2017,720421,      0.00,      0.00,      0.00,      0.00,0,1,0,0,1,1
H4,484,2017,720429,      0.00,      0.00,      0.00,      0.00,0,1,0,0,1,1
H4,484,2017,720430,      0.00,      0.00,      0.00,      0.00,0,1,0,0,1,1
H4,484,2017,720441,      0.00,      0.00,      0.00,      0.00,0,1,0,0,1,1
H4,484,2017,720449,      0.00,      0.00,      0.00,      0.00,0,1,0,0,1,1
H4,484,2017,720450,      0.00,      0.00,      0.00,      0.00,0,1,0,0,1,1
H4,484,2017,720510,      0.00,      0.00,      0.00,      0.00,0,1,0,0,1,1
H4,484,2017,720521,      0.00,      0.00,      0.00,      0.00,0,1,0,0,1,1
H4,484,2017,720529,      0.00,      0.00,      0.00,      0.00,0,1,0,0,1,1
H4,484,2017,720610,      0.00,      0.00,      0.00,      0.00,0,1,0,0,1,1
H4,484,2017,720690,      0.00,      0.00,      0.00,      0.00,0,1,0,0,1,1
H4,484,2017,720711,      0.00,      0.00,      0.00,      0.00,0,1,0,0,1,1
H4,484,2017,720712,     30.00,     15.00,     15.00,     15.00,0,0,0,2,2,2
H4,484,2017,720719,      0.00,      0.00,      0.00,      0.00,0,1,0,0,1,1
H4,484,2017,720720,      0.00,      0.00,      0.00,      0.00,0,2,0,0,2,2
H4,484,2017,720810,     45.00,     15.00,     15.00,     15.00,0,0,0,3,3,3
H4,484,2017,720825,     30.00,     15.00,     15.00,     15.00,0,0,0,2,2,2
H4,484,2017,720826,     15.00,     15.00,     15.00,     15.00,0,0,0,1,1,1
H4,484,2017,720827,     15.00,     15.00,     15.00,     15.00,0,0,0,1,1,1
H4,484,2017,720836,     15.00,     15.00,     15.00,     15.00,0,0,0,1,1,1
H4,484,2017,720837,     15.00,     15.00,     15.00,     15.00,0,0,0,1,1,1
H4,484,2017,720838,     15.00,     15.00,     15.00,     15.00,0,0,0,1,1,1
H4,484,2017,720839,     15.00,     15.00,     15.00,     15.00,0,0,0,1,1,1
H4,484,2017,720840,     30.00,     15.00,     15.00,     15.00,0,0,0,2,2,2
H4,484,2017,720851,     45.00,     15.00,     15.00,     15.00,0,0,0,3,3,3
H4,484,2017,720852,     15.00,     15.00,     15.00,     15.00,0,0,0,1,1,1
H4,484,2017,720853,     15.00,     15.00,     15.00,     15.00,0,0,0,1,1,1
H4,484,2017,720854,     15.00,     15.00,     15.00,     15.00,0,0,0,1,1,1
H4,484,2017,720890,     15.00,     15.00,     15.00,     15.00,0,0,0,1,1,1
H4,484,2017,720915,     60.00,     15.00,     15.00,     15.00,0,0,0,4,4,4
H4,484,2017,720916,     15.00,     15.00,     15.00,     15.00,0,0,0,1,1,1
H4,484,2017,720917,     15.00,     15.00,     15.00,     15.00,0,0,0,1,1,1
H4,484,2017,720918,     15.00,     15.00,     15.00,     15.00,0,0,0,1,1,1
H4,484,2017,720925,     15.00,     15.00,     15.00,     15.00,0,0,0,1,1,1
H4,484,2017,720926,     15.00,     15.00,     15.00,     15.00,0,0,0,1,1,1
H4,484,2017,720927,     15.00,     15.00,     15.00,     15.00,0,0,0,1,1,1
H4,484,2017,720928,     15.00,     15.00,     15.00,     15.00,0,0,0,1,1,1
H4,484,2017,720990,     15.00,     15.00,     15.00,     15.00,0,0,0,1,1,1
H4,484,2017,721011,      0.00,      0.00,      0.00,      0.00,0,1,0,0,1,1
H4,484,2017,721012,      0.00,      0.00,      0.00,      0.00,0,4,0,0,4,4
H4,484,2017,721020,      0.00,      0.00,      0.00,      0.00,0,1,0,0,1,1
H4,484,2017,721030,      0.00,      0.00,      0.00,      0.00,0,2,0,0,2,2
H4,484,2017,721041,      3.00,      0.00,      3.00,      1.50,0,1,0,1,2,2
H4,484,2017,721049,      0.00,      0.00,      0.00,      0.00,0,5,0,0,5,5
H4,484,2017,721050,      0.00,      0.00,      0.00,      0.00,0,3,0,0,3,3
H4,484,2017,721061,      0.00,      0.00,      0.00,      0.00,0,1,0,0,1,1
H4,484,2017,721069,      0.00,      0.00,      0.00,      0.00,0,2,0,0,2,2
H4,484,2017,721070,      0.00,      0.00,      0.00,      0.00,0,2,0,0,2,2
H4,484,2017,721090,      0.00,      0.00,      0.00,      0.00,0,2,0,0,2,2
H4,484,2017,721113,     15.00,     15.00,     15.00,     15.00,0,0,0,1,1,1
H4,484,2017,721114,     45.00,     15.00,     15.00,     15.00,0,0,0,3,3,3
H4,484,2017,721119,     75.00,     15.00,     15.00,     15.00,0,0,0,5,5,5
H4,484,2017,721123,     45.00,     15.00,     15.00,     15.00,0,0,0,3,3,3
H4,484,2017,721129,     60.00,     15.00,     15.00,     15.00,0,0,0,4,4,4
H4,484,2017,721190,     15.00,     15.00,     15.00,     15.00,0,0,0,1,1,1
H4,484,2017,721210,      0.00,      0.00,      0.00,      0.00,0,3,0,0,3,3
H4,484,2017,721220,      0.00,      0.00,      0.00,      0.00,0,3,0,0,3,3
H4,484,2017,721230,      0.00,      0.00,      0.00,      0.00,0,3,0,0,3,3
H4,484,2017,721240,      0.00,      0.00,      0.00,      0.00,0,4,0,0,4,4
H4,484,2017,721250,      0.00,      0.00,      0.00,      0.00,0,1,0,0,1,1
H4,484,2017,721260,      0.00,      0.00,      0.00,      0.00,0,4,0,0,4,4
H4,484,2017,721310,     15.00,     15.00,     15.00,     15.00,0,0,0,1,1,1
H4,484,2017,721320,     15.00,     15.00,     15.00,     15.00,0,0,0,1,1,1
H4,484,2017,721391,     30.00,     15.00,     15.00,     15.00,0,0,0,2,2,2
H4,484,2017,721399,     30.00,     15.00,     15.00,     15.00,0,0,0,2,2,2
H4,484,2017,721410,      0.00,      0.00,      0.00,      0.00,0,1,0,0,1,1
H4,484,2017,721420,      0.00,      0.00,      0.00,      0.00,0,2,0,0,2,2
H4,484,2017,721430,      0.00,      0.00,      0.00,      0.00,0,1,0,0,1,1
H4,484,2017,721491,      0.00,      0.00,      0.00,      0.00,0,3,0,0,3,3
H4,484,2017,721499,      0.00,      0.00,      0.00,      0.00,0,3,0,0,3,3
H4,484,2017,721510,      0.00,      0.00,      0.00,      0.00,0,1,0,0,1,1
H4,484,2017,721550,      0.00,      0.00,      0.00,      0.00,0,2,0,0,2,2
H4,484,2017,721590,      0.00,      0.00,      0.00,      0.00,0,1,0,0,1,1
H4,484,2017,721610,      0.00,      0.00,      0.00,      0.00,0,1,0,0,1,1
H4,484,2017,721621,      0.00,      0.00,      0.00,      0.00,0,1,0,0,1,1
H4,484,2017,721622,      0.00,      0.00,      0.00,      0.00,0,1,0,0,1,1
H4,484,2017,721631,      0.00,      0.00,      0.00,      0.00,0,3,0,0,3,3
H4,484,2017,721632,      0.00,      0.00,      0.00,      0.00,0,3,0,0,3,3
H4,484,2017,721633,      0.00,      0.00,      0.00,      0.00,0,1,0,0,1,1
H4,484,2017,721640,      0.00,      0.00,      0.00,      0.00,0,1,0,0,1,1
H4,484,2017,721650,      0.00,      0.00,      0.00,      0.00,0,2,0,0,2,2
H4,484,2017,721661,      0.00,      0.00,      0.00,      0.00,0,3,0,0,3,3
H4,484,2017,721669,      0.00,      0.00,      0.00,      0.00,0,3,0,0,3,3
H4,484,2017,721691,      0.00,      0.00,      0.00,      0.00,0,1,0,0,1,1
H4,484,2017,721699,      0.00,      0.00,      0.00,      0.00,0,1,0,0,1,1
H4,484,2017,721710,      0.00,      0.00,      0.00,      0.00,0,2,0,0,2,2
H4,484,2017,721720,      0.00,      0.00,      0.00,      0.00,0,2,0,0,2,2
H4,484,2017,721730,      0.00,      0.00,      0.00,      0.00,0,2,0,0,2,2
H4,484,2017,721790,      0.00,      0.00,      0.00,      0.00,0,1,0,0,1,1
H4,484,2017,721810,      0.00,      0.00,      0.00,      0.00,0,1,0,0,1,1
H4,484,2017,721891,      0.00,      0.00,      0.00,      0.00,0,1,0,0,1,1
H4,484,2017,721899,      0.00,      0.00,      0.00,      0.00,0,1,0,0,1,1
H4,484,2017,721911,      0.00,      0.00,      0.00,      0.00,0,1,0,0,1,1
H4,484,2017,721912,      0.00,      0.00,      0.00,      0.00,0,2,0,0,2,2
H4,484,2017,721913,      0.00,      0.00,      0.00,      0.00,0,1,0,0,1,1
H4,484,2017,721914,      0.00,      0.00,      0.00,      0.00,0,1,0,0,1,1
H4,484,2017,721921,      0.00,      0.00,      0.00,      0.00,0,1,0,0,1,1
H4,484,2017,721922,      0.00,      0.00,      0.00,      0.00,0,1,0,0,1,1
H4,484,2017,721923,      0.00,      0.00,      0.00,      0.00,0,1,0,0,1,1
H4,484,2017,721924,      0.00,      0.00,      0.00,      0.00,0,1,0,0,1,1
H4,484,2017,721931,      0.00,      0.00,      0.00,      0.00,0,1,0,0,1,1
H4,484,2017,721932,      0.00,      0.00,      0.00,      0.00,0,2,0,0,2,2
H4,484,2017,721933,      0.00,      0.00,      0.00,      0.00,0,1,0,0,1,1
H4,484,2017,721934,      0.00,      0.00,      0.00,      0.00,0,1,0,0,1,1
H4,484,2017,721935,      0.00,      0.00,      0.00,      0.00,0,2,0,0,2,2
H4,484,2017,721990,      0.00,      0.00,      0.00,      0.00,0,1,0,0,1,1
H4,484,2017,722011,      0.00,      0.00,      0.00,      0.00,0,1,0,0,1,1
H4,484,2017,722012,      0.00,      0.00,      0.00,      0.00,0,1,0,0,1,1
H4,484,2017,722020,      0.00,      0.00,      0.00,      0.00,0,3,0,0,3,3
H4,484,2017,722090,      0.00,      0.00,      0.00,      0.00,0,1,0,0,1,1
H4,484,2017,722100,      0.00,      0.00,      0.00,      0.00,0,1,0,0,1,1
H4,484,2017,722211,      0.00,      0.00,      0.00,      0.00,0,2,0,0,2,2
H4,484,2017,722219,      0.00,      0.00,      0.00,      0.00,0,1,0,0,1,1
H4,484,2017,722220,      0.00,      0.00,      0.00,      0.00,0,1,0,0,1,1
H4,484,2017,722230,      0.00,      0.00,      0.00,      0.00,0,2,0,0,2,2
H4,484,2017,722240,      0.00,      0.00,      0.00,      0.00,0,1,0,0,1,1
H4,484,2017,722300,      0.00,      0.00,      0.00,      0.00,0,2,0,0,2,2
H4,484,2017,722410,      0.00,      0.00,      0.00,      0.00,0,6,0,0,6,6
H4,484,2017,722490,     15.00,      0.00,     15.00,      5.00,0,2,0,1,3,3
H4,484,2017,722511,      0.00,      0.00,      0.00,      0.00,0,1,0,0,1,1
H4,484,2017,722519,     15.00,     15.00,     15.00,     15.00,0,0,0,1,1,1
H4,484,2017,722530,    105.00,     15.00,     15.00,     15.00,0,0,0,7,7,7
H4,484,2017,722540,     90.00,     15.00,     15.00,     15.00,0,0,0,6,6,6
H4,484,2017,722550,    105.00,     15.00,     15.00,     15.00,0,0,0,7,7,7
H4,484,2017,722591,      0.00,      0.00,      0.00,      0.00,0,1,0,0,1,1
H4,484,2017,722592,      0.00,      0.00,      0.00,      0.00,0,1,0,0,1,1
H4,484,2017,722599,      0.00,      0.00,      0.00,      0.00,0,1,0,0,1,1
H4,484,2017,722611,      0.00,      0.00,      0.00,      0.00,0,1,0,0,1,1
H4,484,2017,722619,     15.00,     15.00,     15.00,     15.00,0,0,0,1,1,1
H4,484,2017,722620,      0.00,      0.00,      0.00,      0.00,0,1,0,0,1,1
H4,484,2017,722691,    105.00,     15.00,     15.00,     15.00,0,0,0,7,7,7
H4,484,2017,722692,     90.00,     15.00,     15.00,     15.00,0,0,0,6,6,6
H4,484,2017,722699,      0.00,      0.00,      0.00,      0.00,0,3,0,0,3,3
H4,484,2017,722710,     15.00,     15.00,     15.00,     15.00,0,0,0,1,1,1
H4,484,2017,722720,     15.00,     15.00,     15.00,     15.00,0,0,0,1,1,1
H4,484,2017,722790,     30.00,     15.00,     15.00,     15.00,0,0,0,2,2,2
H4,484,2017,722810,      0.00,      0.00,      0.00,      0.00,0,2,0,0,2,2
H4,484,2017,722820,      0.00,      0.00,      0.00,      0.00,0,2,0,0,2,2
H4,484,2017,722830,      0.00,      0.00,      0.00,      0.00,0,2,0,0,2,2
H4,484,2017,722840,      0.00,      0.00,      0.00,      0.00,0,2,0,0,2,2
H4,484,2017,722850,      0.00,      0.00,      0.00,      0.00,0,2,0,0,2,2
H4,484,2017,722860,      0.00,      0.00,      0.00,      0.00,0,2,0,0,2,2
H4,484,2017,722870,      0.00,      0.00,      0.00,      0.00,0,1,0,0,1,1
H4,484,2017,722880,      0.00,      0.00,      0.00,      0.00,0,1,0,0,1,1
H4,484,2017,722920,      0.00,      0.00,      0.00,      0.00,0,1,0,0,1,1
H4,484,2017,722990,      0.00,      0.00,      0.00,      0.00,0,5,0,0,5,5
H4,484,2017,730110,      0.00,      0.00,      0.00,      0.00,0,1,0,0,1,1
H4,484,2017,730120,      0.00,      0.00,      0.00,      0.00,0,1,0,0,1,1
H4,484,2017,730210,      0.00,      0.00,      0.00,      0.00,0,2,0,0,2,2
H4,484,2017,730230,      0.00,      0.00,      0.00,      0.00,0,1,0,0,1,1
H4,484,2017,730240,      0.00,      0.00,      0.00,      0.00,0,2,0,0,2,2
H4,484,2017,730290,      0.00,      0.00,      0.00,      0.00,0,3,0,0,3,3
H4,484,2017,730300,      0.00,      0.00,      0.00,      0.00,0,2,0,0,2,2
H4,484,2017,730411,     20.00,      0.00,      5.00,      3.33,0,2,0,4,6,6
H4,484,2017,730419,     20.00,      0.00,      5.00,      3.33,0,2,0,4,6,6
H4,484,2017,730422,      0.00,      0.00,      0.00,      0.00,0,4,0,0,4,4
H4,484,2017,730423,      0.00,      0.00,      0.00,      0.00,0,4,0,0,4,4
H4,484,2017,730424,     35.00,      5.00,      5.00,      5.00,0,0,0,7,7,7
H4,484,2017,730429,     35.00,      5.00,      5.00,      5.00,0,0,0,7,7,7
H4,484,2017,730431,     10.00,      0.00,      5.00,      0.91,0,9,0,2,11,11
H4,484,2017,730439,     35.00,      0.00,      5.00,      3.50,0,3,0,7,10,10
H4,484,2017,730441,      0.00,      0.00,      0.00,      0.00,0,3,0,0,3,3
H4,484,2017,730449,      0.00,      0.00,      0.00,      0.00,0,2,0,0,2,2
H4,484,2017,730451,      0.00,      0.00,      0.00,      0.00,0,12,0,0,12,12
H4,484,2017,730459,      5.00,      0.00,      5.00,      0.45,0,10,0,1,11,11
H4,484,2017,730490,      0.00,      0.00,      0.00,      0.00,0,1,0,0,1,1
H4,484,2017,730511,      0.00,      0.00,      0.00,      0.00,0,2,0,0,2,2
H4,484,2017,730512,      0.00,      0.00,      0.00,      0.00,0,2,0,0,2,2
H4,484,2017,730519,      0.00,      0.00,      0.00,      0.00,0,2,0,0,2,2
H4,484,2017,730520,      5.00,      0.00,      5.00,      2.50,0,1,0,1,2,2
H4,484,2017,730531,     10.00,      0.00,      5.00,      1.43,0,5,0,2,7,7
H4,484,2017,730539,      5.00,      0.00,      5.00,      0.83,0,5,0,1,6,6
H4,484,2017,730590,      0.00,      0.00,      0.00,      0.00,0,2,0,0,2,2
H4,484,2017,730611,      5.00,      5.00,      5.00,      5.00,0,0,0,1,1,1
H4,484,2017,730619,      5.00,      5.00,      5.00,      5.00,0,0,0,1,1,1
H4,484,2017,730621,      5.00,      5.00,      5.00,      5.00,0,0,0,1,1,1
H4,484,2017,730629,      5.00,      5.00,      5.00,      5.00,0,0,0,1,1,1
H4,484,2017,730630,      5.00,      0.00,      5.00,      1.67,0,2,0,1,3,3
H4,484,2017,730640,      0.00,      0.00,      0.00,      0.00,0,2,0,0,2,2
H4,484,2017,730650,      0.00,      0.00,      0.00,      0.00,0,2,0,0,2,2
H4,484,2017,730661,      0.00,      0.00,      0.00,      0.00,0,1,0,0,1,1
H4,484,2017,730669,      0.00,      0.00,      0.00,      0.00,0,1,0,0,1,1
H4,484,2017,730690,      0.00,      0.00,      0.00,      0.00,0,1,0,0,1,1
H4,484,2017,730711,      0.00,      0.00,      0.00,      0.00,0,2,0,0,2,2
H4,484,2017,730719,      0.00,      0.00,      0.00,      0.00,0,7,0,0,7,7
H4,484,2017,730721,      0.00,      0.00,      0.00,      0.00,0,1,0,0,1,1
H4,484,2017,730722,      0.00,      0.00,      0.00,      0.00,0,2,0,0,2,2
H4,484,2017,730723,      0.00,      0.00,      0.00,      0.00,0,2,0,0,2,2
H4,484,2017,730729,      0.00,      0.00,      0.00,      0.00,0,1,0,0,1,1
H4,484,2017,730791,      0.00,      0.00,      0.00,      0.00,0,1,0,0,1,1
H4,484,2017,730792,      0.00,      0.00,      0.00,      0.00,0,2,0,0,2,2
H4,484,2017,730793,      0.00,      0.00,      0.00,      0.00,0,1,0,0,1,1
H4,484,2017,730799,      0.00,      0.00,      0.00,      0.00,0,6,0,0,6,6
H4,484,2017,730810,      5.00,      5.00,      5.00,      5.00,0,0,0,1,1,1
H4,484,2017,730820,     10.00,      5.00,      5.00,      5.00,0,0,0,2,2,2
H4,484,2017,730830,     14.00,      7.00,      7.00,      7.00,0,0,0,2,2,2
H4,484,2017,730840,      5.00,      5.00,      5.00,      5.00,0,0,0,1,1,1
H4,484,2017,730890,     21.00,      7.00,      7.00,      7.00,0,0,0,3,3,3
H4,484,2017,730900,      0.00,      0.00,      0.00,      0.00,0,4,0,0,4,4
H4,484,2017,731010,      0.00,      0.00,      0.00,      0.00,0,5,0,0,5,5
H4,484,2017,731021,      0.00,      0.00,      0.00,      0.00,0,1,0,0,1,1
H4,484,2017,731029,      0.00,      0.00,      0.00,      0.00,0,6,0,0,6,6
H4,484,2017,731100,      0.00,      0.00,      0.00,      0.00,0,5,0,0,5,5
H4,484,2017,731210,     15.00,      0.00,      5.00,      1.36,0,8,0,3,11,11
H4,484,2017,731290,      0.00,      0.00,      0.00,      0.00,0,1,0,0,1,1
H4,484,2017,731300,      7.00,      7.00,      7.00,      7.00,0,0,0,1,1,1
H4,484,2017,731412,      0.00,      0.00,      0.00,      0.00,0,1,0,0,1,1
H4,484,2017,731414,      0.00,      0.00,      0.00,      0.00,0,1,0,0,1,1
H4,484,2017,731419,      5.00,      0.00,      5.00,      1.25,0,3,0,1,4,4
H4,484,2017,731420,      5.00,      5.00,      5.00,      5.00,0,0,0,1,1,1
H4,484,2017,731431,      0.00,      0.00,      0.00,      0.00,0,1,0,0,1,1
H4,484,2017,731439,      0.00,      0.00,      0.00,      0.00,0,1,0,0,1,1
H4,484,2017,731441,      0.00,      0.00,      0.00,      0.00,0,1,0,0,1,1
H4,484,2017,731442,      5.00,      5.00,      5.00,      5.00,0,0,0,1,1,1
H4,484,2017,731449,      0.00,      0.00,      0.00,      0.00,0,1,0,0,1,1
H4,484,2017,731450,      0.00,      0.00,      0.00,      0.00,0,1,0,0,1,1
H4,484,2017,731511,      0.00,      0.00,      0.00,      0.00,0,6,0,0,6,6
H4,484,2017,731512,      0.00,      0.00,      0.00,      0.00,0,3,0,0,3,3
H4,484,2017,731519,      0.00,      0.00,      0.00,      0.00,0,4,0,0,4,4
H4,484,2017,731520,      0.00,      0.00,      0.00,      0.00,0,1,0,0,1,1
H4,484,2017,731581,      0.00,      0.00,      0.00,      0.00,0,3,0,0,3,3
H4,484,2017,731582,      0.00,      0.00,      0.00,      0.00,0,3,0,0,3,3
H4,484,2017,731589,      0.00,      0.00,      0.00,      0.00,0,3,0,0,3,3
H4,484,2017,731590,      0.00,      0.00,      0.00,      0.00,0,1,0,0,1,1
H4,484,2017,731600,      0.00,      0.00,      0.00,      0.00,0,1,0,0,1,1
H4,484,2017,731700,     12.00,      0.00,      7.00,      2.40,0,3,0,2,5,5
H4,484,2017,731811,      0.00,      0.00,      0.00,      0.00,0,1,0,0,1,1
H4,484,2017,731812,      0.00,      0.00,      0.00,      0.00,0,1,0,0,1,1
H4,484,2017,731813,      0.00,      0.00,      0.00,      0.00,0,1,0,0,1,1
H4,484,2017,731814,      0.00,      0.00,      0.00,      0.00,0,1,0,0,1,1
H4,484,2017,731815,      5.00,      0.00,      5.00,      0.45,0,10,0,1,11,11
H4,484,2017,731816,      0.00,      0.00,      0.00,      0.00,0,5,0,0,5,5
H4,484,2017,731819,      0.00,      0.00,      0.00,      0.00,0,3,0,0,3,3
H4,484,2017,731821,      0.00,      0.00,      0.00,      0.00,0,2,0,0,2,2
H4,484,2017,731822,      0.00,      0.00,      0.00,      0.00,0,2,0,0,2,2
H4,484,2017,731823,      0.00,      0.00,      0.00,      0.00,0,2,0,0,2,2
H4,484,2017,731824,      0.00,      0.00,      0.00,      0.00,0,3,0,0,3,3
H4,484,2017,731829,      0.00,      0.00,      0.00,      0.00,0,2,0,0,2,2
H4,484,2017,731940,     10.00,     10.00,     10.00,     10.00,0,0,0,1,1,1
H4,484,2017,731990,     15.00,      5.00,     10.00,      7.50,0,0,0,2,2,2
H4,484,2017,732010,      0.00,      0.00,      0.00,      0.00,0,2,0,0,2,2
H4,484,2017,732020,      0.00,      0.00,      0.00,      0.00,0,5,0,0,5,5
H4,484,2017,732090,      0.00,      0.00,      0.00,      0.00,0,4,0,0,4,4
H4,484,2017,732111,     45.00,     15.00,     15.00,     15.00,0,0,0,3,3,3
H4,484,2017,732112,     15.00,     15.00,     15.00,     15.00,0,0,0,1,1,1
H4,484,2017,732119,     15.00,     15.00,     15.00,     15.00,0,0,0,1,1,1
H4,484,2017,732181,     30.00,     15.00,     15.00,     15.00,0,0,0,2,2,2
H4,484,2017,732182,     30.00,     15.00,     15.00,     15.00,0,0,0,2,2,2
H4,484,2017,732189,     15.00,     15.00,     15.00,     15.00,0,0,0,1,1,1
H4,484,2017,732190,     20.00,      0.00,     15.00,      2.50,0,6,0,2,8,8
H4,484,2017,732211,     30.00,     15.00,     15.00,     15.00,0,0,0,2,2,2
H4,484,2017,732219,     15.00,      0.00,     15.00,      7.50,0,1,0,1,2,2
H4,484,2017,732290,     15.00,      0.00,     15.00,      7.50,0,1,0,1,2,2
H4,484,2017,732310,     15.00,     15.00,     15.00,     15.00,0,0,0,1,1,1
H4,484,2017,732391,     45.00,     15.00,     15.00,     15.00,0,0,0,3,3,3
H4,484,2017,732392,     60.00,     15.00,     15.00,     15.00,0,0,0,4,4,4
H4,484,2017,732393,     75.00,     15.00,     15.00,     15.00,0,0,0,5,5,5
H4,484,2017,732394,     75.00,     15.00,     15.00,     15.00,0,0,0,5,5,5
H4,484,2017,732399,     15.00,     15.00,     15.00,     15.00,0,0,0,1,1,1
H4,484,2017,732410,     15.00,     15.00,     15.00,     15.00,0,0,0,1,1,1
H4,484,2017,732421,     15.00,     15.00,     15.00,     15.00,0,0,0,1,1,1
H4,484,2017,732429,     15.00,     15.00,     15.00,     15.00,0,0,0,1,1,1
H4,484,2017,732490,     60.00,     15.00,     15.00,     15.00,0,0,0,4,4,4
H4,484,2017,732510,      0.00,      0.00,      0.00,      0.00,0,5,0,0,5,5
H4,484,2017,732591,      0.00,      0.00,      0.00,      0.00,0,3,0,0,3,3
H4,484,2017,732599,      0.00,      0.00,      0.00,      0.00,0,7,0,0,7,7
H4,484,2017,732611,      0.00,      0.00,      0.00,      0.00,0,3,0,0,3,3
H4,484,2017,732619,      0.00,      0.00,      0.00,      0.00,0,15,0,0,15,15
H4,484,2017,732620,      0.00,      0.00,      0.00,      0.00,0,6,0,0,6,6
H4,484,2017,732690,      0.00,      0.00,      0.00,      0.00,0,19,0,0,19,19
H4,484,2017,740100,      0.00,      0.00,      0.00,      0.00,0,2,0,0,2,2
H4,484,2017,740200,      0.00,      0.00,      0.00,      0.00,0,1,0,0,1,1
H4,484,2017,740311,      0.00,      0.00,      0.00,      0.00,0,1,0,0,1,1
H4,484,2017,740312,      0.00,      0.00,      0.00,      0.00,0,1,0,0,1,1
H4,484,2017,740313,      0.00,      0.00,      0.00,      0.00,0,1,0,0,1,1
H4,484,2017,740319,      0.00,      0.00,      0.00,      0.00,0,1,0,0,1,1
H4,484,2017,740321,      0.00,      0.00,      0.00,      0.00,0,1,0,0,1,1
H4,484,2017,740322,      0.00,      0.00,      0.00,      0.00,0,1,0,0,1,1
H4,484,2017,740329,      0.00,      0.00,      0.00,      0.00,0,2,0,0,2,2
H4,484,2017,740400,      0.00,      0.00,      0.00,      0.00,0,3,0,0,3,3
H4,484,2017,740500,      0.00,      0.00,      0.00,      0.00,0,1,0,0,1,1
H4,484,2017,740610,      0.00,      0.00,      0.00,      0.00,0,1,0,0,1,1
H4,484,2017,740620,      0.00,      0.00,      0.00,      0.00,0,1,0,0,1,1
H4,484,2017,740710,      5.00,      0.00,      5.00,      1.67,0,2,0,1,3,3
H4,484,2017,740721,     10.00,      0.00,      5.00,      3.33,0,1,0,2,3,3
H4,484,2017,740729,      0.00,      0.00,      0.00,      0.00,0,6,0,0,6,6
H4,484,2017,740811,     10.00,      5.00,      5.00,      5.00,0,0,0,2,2,2
H4,484,2017,740819,      5.00,      0.00,      5.00,      1.67,0,2,0,1,3,3
H4,484,2017,740821,      0.00,      0.00,      0.00,      0.00,0,1,0,0,1,1
H4,484,2017,740822,      5.00,      0.00,      5.00,      2.50,0,1,0,1,2,2
H4,484,2017,740829,      0.00,      0.00,      0.00,      0.00,0,1,0,0,1,1
H4,484,2017,740911,      0.00,      0.00,      0.00,      0.00,0,1,0,0,1,1
H4,484,2017,740919,      0.00,      0.00,      0.00,      0.00,0,1,0,0,1,1
H4,484,2017,740921,      0.00,      0.00,      0.00,      0.00,0,1,0,0,1,1
H4,484,2017,740929,      0.00,      0.00,      0.00,      0.00,0,1,0,0,1,1
H4,484,2017,740931,      0.00,      0.00,      0.00,      0.00,0,1,0,0,1,1
H4,484,2017,740939,      0.00,      0.00,      0.00,      0.00,0,1,0,0,1,1
H4,484,2017,740940,      0.00,      0.00,      0.00,      0.00,0,1,0,0,1,1
H4,484,2017,740990,      0.00,      0.00,      0.00,      0.00,0,1,0,0,1,1
H4,484,2017,741011,      0.00,      0.00,      0.00,      0.00,0,1,0,0,1,1
H4,484,2017,741012,      0.00,      0.00,      0.00,      0.00,0,1,0,0,1,1
H4,484,2017,741021,      0.00,      0.00,      0.00,      0.00,0,4,0,0,4,4
H4,484,2017,741022,      0.00,      0.00,      0.00,      0.00,0,1,0,0,1,1
H4,484,2017,741110,      5.00,      0.00,      5.00,      1.00,0,4,0,1,5,5
H4,484,2017,741121,     10.00,      0.00,      5.00,      1.67,0,4,0,2,6,6
H4,484,2017,741122,     10.00,      0.00,      5.00,      2.00,0,3,0,2,5,5
H4,484,2017,741129,      5.00,      0.00,      5.00,      1.00,0,4,0,1,5,5
H4,484,2017,741210,      5.00,      5.00,      5.00,      5.00,0,0,0,1,1,1
H4,484,2017,741220,      5.00,      5.00,      5.00,      5.00,0,0,0,1,1,1
H4,484,2017,741300,     10.00,      5.00,      5.00,      5.00,0,0,0,2,2,2
H4,484,2017,741510,      0.00,      0.00,      0.00,      0.00,0,2,0,0,2,2
H4,484,2017,741521,      0.00,      0.00,      0.00,      0.00,0,1,0,0,1,1
H4,484,2017,741529,      0.00,      0.00,      0.00,      0.00,0,2,0,0,2,2
H4,484,2017,741533,      0.00,      0.00,      0.00,      0.00,0,3,0,0,3,3
H4,484,2017,741539,      0.00,      0.00,      0.00,      0.00,0,2,0,0,2,2
H4,484,2017,741810,     15.00,     15.00,     15.00,     15.00,0,0,0,1,1,1
H4,484,2017,741820,     15.00,     15.00,     15.00,     15.00,0,0,0,1,1,1
H4,484,2017,741910,      0.00,      0.00,      0.00,      0.00,0,1,0,0,1,1
H4,484,2017,741991,     40.00,      0.00,     15.00,      5.71,0,4,0,3,7,7
H4,484,2017,741999,     30.00,      0.00,     15.00,      1.88,0,14,0,2,16,16
H4,484,2017,750110,      0.00,      0.00,      0.00,      0.00,0,1,0,0,1,1
H4,484,2017,750120,      0.00,      0.00,      0.00,      0.00,0,1,0,0,1,1
H4,484,2017,750210,      0.00,      0.00,      0.00,      0.00,0,1,0,0,1,1
H4,484,2017,750220,      0.00,      0.00,      0.00,      0.00,0,1,0,0,1,1
H4,484,2017,750300,      0.00,      0.00,      0.00,      0.00,0,1,0,0,1,1
H4,484,2017,750400,      0.00,      0.00,      0.00,      0.00,0,1,0,0,1,1
H4,484,2017,750511,      0.00,      0.00,      0.00,      0.00,0,1,0,0,1,1
H4,484,2017,750512,      0.00,      0.00,      0.00,      0.00,0,1,0,0,1,1
H4,484,2017,750521,      0.00,      0.00,      0.00,      0.00,0,1,0,0,1,1
H4,484,2017,750522,      0.00,      0.00,      0.00,      0.00,0,1,0,0,1,1
H4,484,2017,750610,      0.00,      0.00,      0.00,      0.00,0,2,0,0,2,2
H4,484,2017,750620,      0.00,      0.00,      0.00,      0.00,0,2,0,0,2,2
H4,484,2017,750711,      0.00,      0.00,      0.00,      0.00,0,1,0,0,1,1
H4,484,2017,750712,      0.00,      0.00,      0.00,      0.00,0,1,0,0,1,1
H4,484,2017,750720,      0.00,      0.00,      0.00,      0.00,0,1,0,0,1,1
H4,484,2017,750810,      0.00,      0.00,      0.00,      0.00,0,1,0,0,1,1
H4,484,2017,750890,      0.00,      0.00,      0.00,      0.00,0,4,0,0,4,4
H4,484,2017,760110,      0.00,      0.00,      0.00,      0.00,0,2,0,0,2,2
H4,484,2017,760120,      0.00,      0.00,      0.00,      0.00,0,2,0,0,2,2
H4,484,2017,760200,      0.00,      0.00,      0.00,      0.00,0,2,0,0,2,2
H4,484,2017,760310,      0.00,      0.00,      0.00,      0.00,0,1,0,0,1,1
H4,484,2017,760320,      0.00,      0.00,      0.00,      0.00,0,1,0,0,1,1
H4,484,2017,760410,     10.00,      0.00,      5.00,      3.33,0,1,0,2,3,3
H4,484,2017,760421,      0.00,      0.00,      0.00,      0.00,0,1,0,0,1,1
H4,484,2017,760429,      8.00,      0.00,      5.00,      2.67,0,1,0,2,3,3
H4,484,2017,760511,      8.00,      3.00,      5.00,      4.00,0,0,0,2,2,2
H4,484,2017,760519,      5.00,      5.00,      5.00,      5.00,0,0,0,1,1,1
H4,484,2017,760521,      8.00,      0.00,      5.00,      2.67,0,1,0,2,3,3
H4,484,2017,760529,      5.00,      0.00,      5.00,      1.67,0,2,0,1,3,3
H4,484,2017,760611,      5.00,      0.00,      5.00,      2.50,0,1,0,1,2,2
H4,484,2017,760612,     10.00,      0.00,      5.00,      2.50,0,2,0,2,4,4
H4,484,2017,760691,      3.00,      0.00,      3.00,      1.50,0,1,0,1,2,2
H4,484,2017,760692,      5.00,      0.00,      5.00,      2.50,0,1,0,1,2,2
H4,484,2017,760711,      5.00,      5.00,      5.00,      5.00,0,0,0,1,1,1
H4,484,2017,760719,      5.00,      0.00,      5.00,      1.25,0,3,0,1,4,4
H4,484,2017,760720,      0.00,      0.00,      0.00,      0.00,0,2,0,0,2,2
H4,484,2017,760810,      5.00,      0.00,      5.00,      1.25,0,3,0,1,4,4
H4,484,2017,760820,     10.00,      0.00,      5.00,      2.50,0,2,0,2,4,4
H4,484,2017,760900,      0.00,      0.00,      0.00,      0.00,0,2,0,0,2,2
H4,484,2017,761010,     15.00,     15.00,     15.00,     15.00,0,0,0,1,1,1
H4,484,2017,761090,     15.00,      0.00,     15.00,      7.50,0,1,0,1,2,2
H4,484,2017,761100,     15.00,     15.00,     15.00,     15.00,0,0,0,1,1,1
H4,484,2017,761210,     15.00,     15.00,     15.00,     15.00,0,0,0,1,1,1
H4,484,2017,761290,     15.00,      0.00,     15.00,      7.50,0,1,0,1,2,2
H4,484,2017,761300,     10.00,     10.00,     10.00,     10.00,0,0,0,1,1,1
H4,484,2017,761410,      5.00,      5.00,      5.00,      5.00,0,0,0,1,1,1
H4,484,2017,761490,      5.00,      5.00,      5.00,      5.00,0,0,0,1,1,1
H4,484,2017,761510,     30.00,     15.00,     15.00,     15.00,0,0,0,2,2,2
H4,484,2017,761520,     15.00,     15.00,     15.00,     15.00,0,0,0,1,1,1
H4,484,2017,761610,     15.00,      0.00,     15.00,      3.75,0,3,0,1,4,4
H4,484,2017,761691,     15.00,     15.00,     15.00,     15.00,0,0,0,1,1,1
H4,484,2017,761699,     71.00,      0.00,     15.00,      4.44,0,9,0,7,16,16
H4,484,2017,780110,      0.00,      0.00,      0.00,      0.00,0,1,0,0,1,1
H4,484,2017,780191,      0.00,      0.00,      0.00,      0.00,0,1,0,0,1,1
H4,484,2017,780199,      0.00,      0.00,      0.00,      0.00,0,1,0,0,1,1
H4,484,2017,780200,      0.00,      0.00,      0.00,      0.00,0,1,0,0,1,1
H4,484,2017,780411,      0.00,      0.00,      0.00,      0.00,0,1,0,0,1,1
H4,484,2017,780419,      0.00,      0.00,      0.00,      0.00,0,1,0,0,1,1
H4,484,2017,780420,      0.00,      0.00,      0.00,      0.00,0,1,0,0,1,1
H4,484,2017,780600,      0.00,      0.00,      0.00,      0.00,0,3,0,0,3,3
H4,484,2017,790111,      0.00,      0.00,      0.00,      0.00,0,1,0,0,1,1
H4,484,2017,790112,      0.00,      0.00,      0.00,      0.00,0,1,0,0,1,1
H4,484,2017,790120,      0.00,      0.00,      0.00,      0.00,0,1,0,0,1,1
H4,484,2017,790200,      0.00,      0.00,      0.00,      0.00,0,1,0,0,1,1
H4,484,2017,790310,      0.00,      0.00,      0.00,      0.00,0,1,0,0,1,1
H4,484,2017,790390,      0.00,      0.00,      0.00,      0.00,0,1,0,0,1,1
H4,484,2017,790400,      0.00,      0.00,      0.00,      0.00,0,1,0,0,1,1
H4,484,2017,790500,      0.00,      0.00,      0.00,      0.00,0,1,0,0,1,1
H4,484,2017,790700,      0.00,      0.00,      0.00,      0.00,0,2,0,0,2,2
H4,484,2017,800110,      0.00,      0.00,      0.00,      0.00,0,1,0,0,1,1
H4,484,2017,800120,      0.00,      0.00,      0.00,      0.00,0,1,0,0,1,1
H4,484,2017,800200,      0.00,      0.00,      0.00,      0.00,0,1,0,0,1,1
H4,484,2017,800300,      0.00,      0.00,      0.00,      0.00,0,1,0,0,1,1
H4,484,2017,800700,     15.00,      0.00,     15.00,      3.75,0,3,0,1,4,4
H4,484,2017,810110,      0.00,      0.00,      0.00,      0.00,0,1,0,0,1,1
H4,484,2017,810194,      0.00,      0.00,      0.00,      0.00,0,1,0,0,1,1
H4,484,2017,810196,      0.00,      0.00,      0.00,      0.00,0,3,0,0,3,3
H4,484,2017,810197,      0.00,      0.00,      0.00,      0.00,0,1,0,0,1,1
H4,484,2017,810199,      0.00,      0.00,      0.00,      0.00,0,2,0,0,2,2
H4,484,2017,810210,      0.00,      0.00,      0.00,      0.00,0,1,0,0,1,1
H4,484,2017,810294,      0.00,      0.00,      0.00,      0.00,0,1,0,0,1,1
H4,484,2017,810295,      0.00,      0.00,      0.00,      0.00,0,2,0,0,2,2
H4,484,2017,810296,      0.00,      0.00,      0.00,      0.00,0,1,0,0,1,1
H4,484,2017,810297,      0.00,      0.00,      0.00,      0.00,0,1,0,0,1,1
H4,484,2017,810299,      0.00,      0.00,      0.00,      0.00,0,1,0,0,1,1
H4,484,2017,810320,      0.00,      0.00,      0.00,      0.00,0,1,0,0,1,1
H4,484,2017,810330,      0.00,      0.00,      0.00,      0.00,0,1,0,0,1,1
H4,484,2017,810390,      0.00,      0.00,      0.00,      0.00,0,1,0,0,1,1
H4,484,2017,810411,      0.00,      0.00,      0.00,      0.00,0,1,0,0,1,1
H4,484,2017,810419,      0.00,      0.00,      0.00,      0.00,0,1,0,0,1,1
H4,484,2017,810420,      0.00,      0.00,      0.00,      0.00,0,1,0,0,1,1
H4,484,2017,810430,      0.00,      0.00,      0.00,      0.00,0,1,0,0,1,1
H4,484,2017,810490,      0.00,      0.00,      0.00,      0.00,0,3,0,0,3,3
H4,484,2017,810520,      0.00,      0.00,      0.00,      0.00,0,1,0,0,1,1
H4,484,2017,810530,      0.00,      0.00,      0.00,      0.00,0,1,0,0,1,1
H4,484,2017,810590,      0.00,      0.00,      0.00,      0.00,0,1,0,0,1,1
H4,484,2017,810600,      0.00,      0.00,      0.00,      0.00,0,1,0,0,1,1
H4,484,2017,810720,      0.00,      0.00,      0.00,      0.00,0,1,0,0,1,1
H4,484,2017,810730,      0.00,      0.00,      0.00,      0.00,0,1,0,0,1,1
H4,484,2017,810790,      0.00,      0.00,      0.00,      0.00,0,1,0,0,1,1
H4,484,2017,810820,      0.00,      0.00,      0.00,      0.00,0,1,0,0,1,1
H4,484,2017,810830,      0.00,      0.00,      0.00,      0.00,0,1,0,0,1,1
H4,484,2017,810890,     10.00,      0.00,     10.00,      5.00,0,1,0,1,2,2
H4,484,2017,810920,      0.00,      0.00,      0.00,      0.00,0,1,0,0,1,1
H4,484,2017,810930,      0.00,      0.00,      0.00,      0.00,0,1,0,0,1,1
H4,484,2017,810990,      0.00,      0.00,      0.00,      0.00,0,1,0,0,1,1
H4,484,2017,811010,      0.00,      0.00,      0.00,      0.00,0,1,0,0,1,1
H4,484,2017,811020,      0.00,      0.00,      0.00,      0.00,0,1,0,0,1,1
H4,484,2017,811090,      0.00,      0.00,      0.00,      0.00,0,1,0,0,1,1
H4,484,2017,811100,      0.00,      0.00,      0.00,      0.00,0,2,0,0,2,2
H4,484,2017,811212,      0.00,      0.00,      0.00,      0.00,0,1,0,0,1,1
H4,484,2017,811213,      0.00,      0.00,      0.00,      0.00,0,1,0,0,1,1
H4,484,2017,811219,      0.00,      0.00,      0.00,      0.00,0,1,0,0,1,1
H4,484,2017,811221,      0.00,      0.00,      0.00,      0.00,0,1,0,0,1,1
H4,484,2017,811222,      0.00,      0.00,      0.00,      0.00,0,1,0,0,1,1
H4,484,2017,811229,      0.00,      0.00,      0.00,      0.00,0,1,0,0,1,1
H4,484,2017,811251,      0.00,      0.00,      0.00,      0.00,0,1,0,0,1,1
H4,484,2017,811252,      0.00,      0.00,      0.00,      0.00,0,1,0,0,1,1
H4,484,2017,811259,      0.00,      0.00,      0.00,      0.00,0,1,0,0,1,1
H4,484,2017,811292,      0.00,      0.00,      0.00,      0.00,0,1,0,0,1,1
H4,484,2017,811299,      0.00,      0.00,      0.00,      0.00,0,1,0,0,1,1
H4,484,2017,811300,      0.00,      0.00,      0.00,      0.00,0,2,0,0,2,2
H4,484,2017,820110,     30.00,     15.00,     15.00,     15.00,0,0,0,2,2,2
H4,484,2017,820130,     30.00,     15.00,     15.00,     15.00,0,0,0,2,2,2
H4,484,2017,820140,     15.00,     15.00,     15.00,     15.00,0,0,0,1,1,1
H4,484,2017,820150,     15.00,     15.00,     15.00,     15.00,0,0,0,1,1,1
H4,484,2017,820160,     15.00,      0.00,     15.00,      7.50,0,1,0,1,2,2
H4,484,2017,820190,     45.00,      0.00,     15.00,      9.00,0,2,0,3,5,5
H4,484,2017,820210,     40.00,      0.00,     15.00,      8.00,0,2,0,3,5,5
H4,484,2017,820220,      0.00,      0.00,      0.00,      0.00,0,1,0,0,1,1
H4,484,2017,820231,     15.00,      0.00,     15.00,      7.50,0,1,0,1,2,2
H4,484,2017,820239,     25.00,      0.00,     15.00,      3.13,0,6,0,2,8,8
H4,484,2017,820240,      0.00,      0.00,      0.00,      0.00,0,2,0,0,2,2
H4,484,2017,820291,      0.00,      0.00,      0.00,      0.00,0,4,0,0,4,4
H4,484,2017,820299,      5.00,      0.00,      5.00,      2.50,0,1,0,1,2,2
H4,484,2017,820310,     30.00,      0.00,     15.00,     10.00,0,1,0,2,3,3
H4,484,2017,820320,     15.00,      0.00,     15.00,      7.50,0,1,0,1,2,2
H4,484,2017,820330,     15.00,     15.00,     15.00,     15.00,0,0,0,1,1,1
H4,484,2017,820340,     30.00,      0.00,     15.00,      7.50,0,2,0,2,4,4
H4,484,2017,820411,     40.00,     10.00,     15.00,     13.33,0,0,0,3,3,3
H4,484,2017,820412,     30.00,      0.00,     15.00,     10.00,0,1,0,2,3,3
H4,484,2017,820420,     25.00,     10.00,     15.00,     12.50,0,0,0,2,2,2
H4,484,2017,820510,     45.00,      0.00,     15.00,     11.25,0,1,0,3,4,4
H4,484,2017,820520,     15.00,     15.00,     15.00,     15.00,0,0,0,1,1,1
H4,484,2017,820530,     15.00,      0.00,     15.00,      7.50,0,1,0,1,2,2
H4,484,2017,820540,     15.00,      0.00,     15.00,      7.50,0,1,0,1,2,2
H4,484,2017,820551,     50.00,      5.00,     15.00,     12.50,0,0,0,4,4,4
H4,484,2017,820559,    190.00,      0.00,     15.00,      9.50,0,6,0,14,20,20
H4,484,2017,820560,     30.00,     15.00,     15.00,     15.00,0,0,0,2,2,2
H4,484,2017,820570,     45.00,      0.00,     15.00,     11.25,0,1,0,3,4,4
H4,484,2017,820590,     45.00,     15.00,     15.00,     15.00,0,0,0,3,3,3
H4,484,2017,820600,     15.00,     15.00,     15.00,     15.00,0,0,0,1,1,1
H4,484,2017,820713,      0.00,      0.00,      0.00,      0.00,0,8,0,0,8,8
H4,484,2017,820719,      0.00,      0.00,      0.00,      0.00,0,10,0,0,10,10
H4,484,2017,820720,      0.00,      0.00,      0.00,      0.00,0,1,0,0,1,1
H4,484,2017,820730,      0.00,      0.00,      0.00,      0.00,0,2,0,0,2,2
H4,484,2017,820740,      0.00,      0.00,      0.00,      0.00,0,4,0,0,4,4
H4,484,2017,820750,      0.00,      0.00,      0.00,      0.00,0,7,0,0,7,7
H4,484,2017,820760,      0.00,      0.00,      0.00,      0.00,0,6,0,0,6,6
H4,484,2017,820770,      0.00,      0.00,      0.00,      0.00,0,3,0,0,3,3
H4,484,2017,820780,      0.00,      0.00,      0.00,      0.00,0,1,0,0,1,1
H4,484,2017,820790,      5.00,      0.00,      5.00,      2.50,0,1,0,1,2,2
H4,484,2017,820810,      0.00,      0.00,      0.00,      0.00,0,2,0,0,2,2
H4,484,2017,820820,      0.00,      0.00,      0.00,      0.00,0,2,0,0,2,2
H4,484,2017,820830,      0.00,      0.00,      0.00,      0.00,0,2,0,0,2,2
H4,484,2017,820840,      0.00,      0.00,      0.00,      0.00,0,3,0,0,3,3
H4,484,2017,820890,      0.00,      0.00,      0.00,      0.00,0,1,0,0,1,1
H4,484,2017,820900,      0.00,      0.00,      0.00,      0.00,0,1,0,0,1,1
H4,484,2017,821000,     15.00,     15.00,     15.00,     15.00,0,0,0,1,1,1
H4,484,2017,821110,     15.00,     15.00,     15.00,     15.00,0,0,0,1,1,1
H4,484,2017,821191,     15.00,     15.00,     15.00,     15.00,0,0,0,1,1,1
H4,484,2017,821192,     15.00,      0.00,     15.00,      7.50,0,1,0,1,2,2
H4,484,2017,821193,     15.00,     15.00,     15.00,     15.00,0,0,0,1,1,1
H4,484,2017,821194,     15.00,     15.00,     15.00,     15.00,0,0,0,1,1,1
H4,484,2017,821195,      0.00,      0.00,      0.00,      0.00,0,1,0,0,1,1
H4,484,2017,821210,      5.00,      0.00,      5.00,      2.50,0,1,0,1,2,2
H4,484,2017,821220,      0.00,      0.00,      0.00,      0.00,0,1,0,0,1,1
H4,484,2017,821290,     15.00,      0.00,     15.00,      7.50,0,1,0,1,2,2
H4,484,2017,821300,     15.00,     15.00,     15.00,     15.00,0,0,0,1,1,1
H4,484,2017,821410,     30.00,     15.00,     15.00,     15.00,0,0,0,2,2,2
H4,484,2017,821420,     30.00,     15.00,     15.00,     15.00,0,0,0,2,2,2
H4,484,2017,821490,     35.00,      0.00,     15.00,      7.00,0,2,0,3,5,5
H4,484,2017,821510,     15.00,     15.00,     15.00,     15.00,0,0,0,1,1,1
H4,484,2017,821520,     15.00,     15.00,     15.00,     15.00,0,0,0,1,1,1
H4,484,2017,821591,     15.00,     15.00,     15.00,     15.00,0,0,0,1,1,1
H4,484,2017,821599,     30.00,     15.00,     15.00,     15.00,0,0,0,2,2,2
H4,484,2017,830110,     15.00,     15.00,     15.00,     15.00,0,0,0,1,1,1
H4,484,2017,830120,     30.00,     15.00,     15.00,     15.00,0,0,0,2,2,2
H4,484,2017,830130,     15.00,     15.00,     15.00,     15.00,0,0,0,1,1,1
H4,484,2017,830140,     15.00,     15.00,     15.00,     15.00,0,0,0,1,1,1
H4,484,2017,830150,     20.00,      5.00,     15.00,     10.00,0,0,0,2,2,2
H4,484,2017,830160,      0.00,      0.00,      0.00,      0.00,0,2,0,0,2,2
H4,484,2017,830170,      0.00,      0.00,      0.00,      0.00,0,2,0,0,2,2
H4,484,2017,830210,     30.00,      0.00,     15.00,     10.00,0,1,0,2,3,3
H4,484,2017,830220,     30.00,     15.00,     15.00,     15.00,0,0,0,2,2,2
H4,484,2017,830230,     15.00,     15.00,     15.00,     15.00,0,0,0,1,1,1
H4,484,2017,830241,     90.00,     15.00,     15.00,     15.00,0,0,0,6,6,6
H4,484,2017,830242,     45.00,     15.00,     15.00,     15.00,0,0,0,3,3,3
H4,484,2017,830249,     15.00,     15.00,     15.00,     15.00,0,0,0,1,1,1
H4,484,2017,830250,     15.00,     15.00,     15.00,     15.00,0,0,0,1,1,1
H4,484,2017,830260,     15.00,     15.00,     15.00,     15.00,0,0,0,1,1,1
H4,484,2017,830300,     15.00,     15.00,     15.00,     15.00,0,0,0,1,1,1
H4,484,2017,830400,     45.00,     15.00,     15.00,     15.00,0,0,0,3,3,3
H4,484,2017,830510,     15.00,     15.00,     15.00,     15.00,0,0,0,1,1,1
H4,484,2017,830520,     15.00,     15.00,     15.00,     15.00,0,0,0,1,1,1
H4,484,2017,830590,     35.00,      5.00,     15.00,     11.67,0,0,0,3,3,3
H4,484,2017,830610,     15.00,     15.00,     15.00,     15.00,0,0,0,1,1,1
H4,484,2017,830621,     15.00,     15.00,     15.00,     15.00,0,0,0,1,1,1
H4,484,2017,830629,     15.00,     15.00,     15.00,     15.00,0,0,0,1,1,1
H4,484,2017,830630,     15.00,     15.00,     15.00,     15.00,0,0,0,1,1,1
H4,484,2017,830710,      5.00,      0.00,      5.00,      2.50,0,1,0,1,2,2
H4,484,2017,830790,      5.00,      5.00,      5.00,      5.00,0,0,0,1,1,1
H4,484,2017,830810,      5.00,      0.00,      5.00,      2.50,0,1,0,1,2,2
H4,484,2017,830820,      5.00,      5.00,      5.00,      5.00,0,0,0,1,1,1
H4,484,2017,830890,      5.00,      5.00,      5.00,      5.00,0,0,0,1,1,1
H4,484,2017,830910,      5.00,      5.00,      5.00,      5.00,0,0,0,1,1,1
H4,484,2017,830990,     60.00,      0.00,     15.00,      6.67,0,5,0,4,9,9
H4,484,2017,831000,     25.00,     10.00,     15.00,     12.50,0,0,0,2,2,2
H4,484,2017,831110,     10.00,      0.00,      5.00,      2.00,0,3,0,2,5,5
H4,484,2017,831120,      0.00,      0.00,      0.00,      0.00,0,5,0,0,5,5
H4,484,2017,831130,      5.00,      0.00,      5.00,      1.00,0,4,0,1,5,5
H4,484,2017,831190,      5.00,      0.00,      5.00,      0.83,0,5,0,1,6,6
H4,484,2017,840110,      0.00,      0.00,      0.00,      0.00,0,1,0,0,1,1
H4,484,2017,840120,      0.00,      0.00,      0.00,      0.00,0,1,0,0,1,1
H4,484,2017,840130,      0.00,      0.00,      0.00,      0.00,0,1,0,0,1,1
H4,484,2017,840140,      0.00,      0.00,      0.00,      0.00,0,1,0,0,1,1
H4,484,2017,840211,     15.00,     15.00,     15.00,     15.00,0,0,0,1,1,1
H4,484,2017,840212,     15.00,     15.00,     15.00,     15.00,0,0,0,1,1,1
H4,484,2017,840219,     30.00,     15.00,     15.00,     15.00,0,0,0,2,2,2
H4,484,2017,840220,     15.00,     15.00,     15.00,     15.00,0,0,0,1,1,1
H4,484,2017,840290,      0.00,      0.00,      0.00,      0.00,0,1,0,0,1,1
H4,484,2017,840310,     15.00,     15.00,     15.00,     15.00,0,0,0,1,1,1
H4,484,2017,840390,      0.00,      0.00,      0.00,      0.00,0,1,0,0,1,1
H4,484,2017,840410,      0.00,      0.00,      0.00,      0.00,0,1,0,0,1,1
H4,484,2017,840420,      0.00,      0.00,      0.00,      0.00,0,1,0,0,1,1
H4,484,2017,840490,      0.00,      0.00,      0.00,      0.00,0,1,0,0,1,1
H4,484,2017,840510,     25.00,      0.00,     15.00,      8.33,0,1,0,2,3,3
H4,484,2017,840590,      0.00,      0.00,      0.00,      0.00,0,1,0,0,1,1
H4,484,2017,840610,     15.00,      0.00,     15.00,      7.50,0,1,0,1,2,2
H4,484,2017,840681,      0.00,      0.00,      0.00,      0.00,0,1,0,0,1,1
H4,484,2017,840682,     15.00,      0.00,     15.00,      7.50,0,1,0,1,2,2
H4,484,2017,840690,      0.00,      0.00,      0.00,      0.00,0,4,0,0,4,4
H4,484,2017,840710,      0.00,      0.00,      0.00,      0.00,0,1,0,0,1,1
H4,484,2017,840721,      0.00,      0.00,      0.00,      0.00,0,2,0,0,2,2
H4,484,2017,840729,      5.00,      0.00,      5.00,      2.50,0,1,0,1,2,2
H4,484,2017,840731,      5.00,      0.00,      5.00,      2.50,0,1,0,1,2,2
H4,484,2017,840732,      5.00,      0.00,      5.00,      1.25,0,3,0,1,4,4
H4,484,2017,840733,      0.00,      0.00,      0.00,      0.00,0,4,0,0,4,4
H4,484,2017,840734,      0.00,      0.00,      0.00,      0.00,0,3,0,0,3,3
H4,484,2017,840790,      0.00,      0.00,      0.00,      0.00,0,2,0,0,2,2
H4,484,2017,840810,      5.00,      0.00,      5.00,      2.50,0,1,0,1,2,2
H4,484,2017,840820,      0.00,      0.00,      0.00,      0.00,0,1,0,0,1,1
H4,484,2017,840890,      5.00,      0.00,      5.00,      2.50,0,1,0,1,2,2
H4,484,2017,840910,      0.00,      0.00,      0.00,      0.00,0,1,0,0,1,1
H4,484,2017,840991,     10.00,      0.00,      5.00,      0.50,0,18,0,2,20,20
H4,484,2017,840999,      5.00,      0.00,      5.00,      0.33,0,14,0,1,15,15
H4,484,2017,841011,      0.00,      0.00,      0.00,      0.00,0,1,0,0,1,1
H4,484,2017,841012,      0.00,      0.00,      0.00,      0.00,0,2,0,0,2,2
H4,484,2017,841013,      0.00,      0.00,      0.00,      0.00,0,2,0,0,2,2
H4,484,2017,841090,      0.00,      0.00,      0.00,      0.00,0,1,0,0,1,1
H4,484,2017,841111,      0.00,      0.00,      0.00,      0.00,0,1,0,0,1,1
H4,484,2017,841112,      0.00,      0.00,      0.00,      0.00,0,1,0,0,1,1
H4,484,2017,841121,      0.00,      0.00,      0.00,      0.00,0,1,0,0,1,1
H4,484,2017,841122,      0.00,      0.00,      0.00,      0.00,0,1,0,0,1,1
H4,484,2017,841181,      0.00,      0.00,      0.00,      0.00,0,1,0,0,1,1
H4,484,2017,841182,      0.00,      0.00,      0.00,      0.00,0,1,0,0,1,1
H4,484,2017,841191,      0.00,      0.00,      0.00,      0.00,0,1,0,0,1,1
H4,484,2017,841199,      0.00,      0.00,      0.00,      0.00,0,1,0,0,1,1
H4,484,2017,841210,      0.00,      0.00,      0.00,      0.00,0,1,0,0,1,1
H4,484,2017,841221,      0.00,      0.00,      0.00,      0.00,0,1,0,0,1,1
H4,484,2017,841229,      0.00,      0.00,      0.00,      0.00,0,1,0,0,1,1
H4,484,2017,841231,     15.00,      0.00,     15.00,      7.50,0,1,0,1,2,2
H4,484,2017,841239,      0.00,      0.00,      0.00,      0.00,0,2,0,0,2,2
H4,484,2017,841280,     15.00,      0.00,     15.00,      7.50,0,1,0,1,2,2
H4,484,2017,841290,      0.00,      0.00,      0.00,      0.00,0,1,0,0,1,1
H4,484,2017,841311,     25.00,     10.00,     15.00,     12.50,0,0,0,2,2,2
H4,484,2017,841319,     30.00,      0.00,     15.00,      6.00,0,3,0,2,5,5
H4,484,2017,841320,     15.00,     15.00,     15.00,     15.00,0,0,0,1,1,1
H4,484,2017,841330,      5.00,      0.00,      5.00,      0.71,0,6,0,1,7,7
H4,484,2017,841340,      0.00,      0.00,      0.00,      0.00,0,2,0,0,2,2
H4,484,2017,841350,      5.00,      0.00,      5.00,      1.67,0,2,0,1,3,3
H4,484,2017,841360,     35.00,      0.00,     15.00,      5.00,0,4,0,3,7,7
H4,484,2017,841370,     65.00,      0.00,     15.00,      8.13,0,3,0,5,8,8
H4,484,2017,841381,     35.00,      0.00,     15.00,      8.75,0,1,0,3,4,4
H4,484,2017,841382,      0.00,      0.00,      0.00,      0.00,0,1,0,0,1,1
H4,484,2017,841391,      0.00,      0.00,      0.00,      0.00,0,13,0,0,13,13
H4,484,2017,841392,      0.00,      0.00,      0.00,      0.00,0,1,0,0,1,1
H4,484,2017,841410,      0.00,      0.00,      0.00,      0.00,0,6,0,0,6,6
H4,484,2017,841420,     10.00,     10.00,     10.00,     10.00,0,0,0,1,1,1
H4,484,2017,841430,     85.00,      0.00,     15.00,      7.73,0,5,0,6,11,11
H4,484,2017,841440,     25.00,      0.00,     15.00,      8.33,0,1,0,2,3,3
H4,484,2017,841451,     40.00,     10.00,     15.00,     13.33,0,0,0,3,3,3
H4,484,2017,841459,     25.00,     10.00,     15.00,     12.50,0,0,0,2,2,2
H4,484,2017,841460,     10.00,      0.00,     10.00,      5.00,0,1,0,1,2,2
H4,484,2017,841480,     50.00,      0.00,     15.00,      2.94,0,13,0,4,17,17
H4,484,2017,841490,      0.00,      0.00,      0.00,      0.00,0,10,0,0,10,10
H4,484,2017,841510,      0.00,      0.00,      0.00,      0.00,0,1,0,0,1,1
H4,484,2017,841520,      5.00,      5.00,      5.00,      5.00,0,0,0,1,1,1
H4,484,2017,841581,     15.00,     15.00,     15.00,     15.00,0,0,0,1,1,1
H4,484,2017,841582,     10.00,      0.00,     10.00,      5.00,0,1,0,1,2,2
H4,484,2017,841583,     10.00,     10.00,     10.00,     10.00,0,0,0,1,1,1
H4,484,2017,841590,      0.00,      0.00,      0.00,      0.00,0,2,0,0,2,2
H4,484,2017,841610,     10.00,      0.00,     10.00,      5.00,0,1,0,1,2,2
H4,484,2017,841620,     10.00,      0.00,     10.00,      5.00,0,1,0,1,2,2
H4,484,2017,841630,     10.00,      0.00,     10.00,      5.00,0,1,0,1,2,2
H4,484,2017,841690,      0.00,      0.00,      0.00,      0.00,0,2,0,0,2,2
H4,484,2017,841710,     15.00,      0.00,     15.00,      2.50,0,5,0,1,6,6
H4,484,2017,841720,     30.00,     15.00,     15.00,     15.00,0,0,0,2,2,2
H4,484,2017,841780,     25.00,      0.00,     15.00,      4.17,0,3,0,3,6,6
H4,484,2017,841790,      0.00,      0.00,      0.00,      0.00,0,1,0,0,1,1
H4,484,2017,841810,     25.00,     10.00,     15.00,     12.50,0,0,0,2,2,2
H4,484,2017,841821,     15.00,     15.00,     15.00,     15.00,0,0,0,1,1,1
H4,484,2017,841829,     25.00,     10.00,     15.00,     12.50,0,0,0,2,2,2
H4,484,2017,841830,     65.00,     10.00,     15.00,     13.00,0,0,0,5,5,5
H4,484,2017,841840,     65.00,     10.00,     15.00,     13.00,0,0,0,5,5,5
H4,484,2017,841850,     20.00,      0.00,     10.00,      5.00,0,2,0,2,4,4
H4,484,2017,841861,     30.00,      0.00,     15.00,     10.00,0,1,0,2,3,3
H4,484,2017,841869,    215.00,      0.00,     15.00,     11.94,0,3,0,15,18,18
H4,484,2017,841891,      0.00,      0.00,      0.00,      0.00,0,1,0,0,1,1
H4,484,2017,841899,      0.00,      0.00,      0.00,      0.00,0,5,0,0,5,5
H4,484,2017,841911,     10.00,     10.00,     10.00,     10.00,0,0,0,1,1,1
H4,484,2017,841919,     25.00,      5.00,     10.00,      6.25,0,0,0,4,4,4
H4,484,2017,841920,      0.00,      0.00,      0.00,      0.00,0,2,0,0,2,2
H4,484,2017,841931,     55.00,      0.00,     15.00,      9.17,0,2,0,4,6,6
H4,484,2017,841932,      0.00,      0.00,      0.00,      0.00,0,2,0,0,2,2
H4,484,2017,841939,      0.00,      0.00,      0.00,      0.00,0,6,0,0,6,6
H4,484,2017,841940,      5.00,      0.00,      5.00,      1.00,0,4,0,1,5,5
H4,484,2017,841950,      5.00,      0.00,      5.00,      0.83,0,5,0,1,6,6
H4,484,2017,841960,      0.00,      0.00,      0.00,      0.00,0,1,0,0,1,1
H4,484,2017,841981,     30.00,      0.00,     15.00,      7.50,0,2,0,2,4,4
H4,484,2017,841989,    105.00,      0.00,     15.00,      4.77,0,13,0,9,22,22
H4,484,2017,841990,      0.00,      0.00,      0.00,      0.00,0,4,0,0,4,4
H4,484,2017,842010,      0.00,      0.00,      0.00,      0.00,0,1,0,0,1,1
H4,484,2017,842091,      0.00,      0.00,      0.00,      0.00,0,2,0,0,2,2
H4,484,2017,842099,      0.00,      0.00,      0.00,      0.00,0,1,0,0,1,1
H4,484,2017,842111,      0.00,      0.00,      0.00,      0.00,0,2,0,0,2,2
H4,484,2017,842112,     20.00,     10.00,     10.00,     10.00,0,0,0,2,2,2
H4,484,2017,842119,     30.00,      0.00,     15.00,      6.00,0,3,0,2,5,5
H4,484,2017,842121,     10.00,      0.00,      5.00,      2.00,0,3,0,2,5,5
H4,484,2017,842122,      0.00,      0.00,      0.00,      0.00,0,1,0,0,1,1
H4,484,2017,842123,      5.00,      5.00,      5.00,      5.00,0,0,0,1,1,1
H4,484,2017,842129,     10.00,      0.00,      5.00,      1.11,0,7,0,2,9,9
H4,484,2017,842131,      5.00,      0.00,      5.00,      1.67,0,2,0,1,3,3
H4,484,2017,842139,     15.00,      0.00,      5.00,      1.67,0,6,0,3,9,9
H4,484,2017,842191,      0.00,      0.00,      0.00,      0.00,0,4,0,0,4,4
H4,484,2017,842199,      0.00,      0.00,      0.00,      0.00,0,4,0,0,4,4
H4,484,2017,842211,     10.00,     10.00,     10.00,     10.00,0,0,0,1,1,1
H4,484,2017,842219,     15.00,     15.00,     15.00,     15.00,0,0,0,1,1,1
H4,484,2017,842220,     20.00,      0.00,     15.00,      5.00,0,2,0,2,4,4
H4,484,2017,842230,      5.00,      0.00,      5.00,      0.45,0,10,0,1,11,11
H4,484,2017,842240,     15.00,      0.00,     15.00,      2.14,0,6,0,1,7,7
H4,484,2017,842290,      0.00,      0.00,      0.00,      0.00,0,5,0,0,5,5
H4,484,2017,842310,     30.00,     15.00,     15.00,     15.00,0,0,0,2,2,2
H4,484,2017,842320,     15.00,      0.00,     15.00,      7.50,0,1,0,1,2,2
H4,484,2017,842330,     30.00,     15.00,     15.00,     15.00,0,0,0,2,2,2
H4,484,2017,842381,     30.00,     15.00,     15.00,     15.00,0,0,0,2,2,2
H4,484,2017,842382,     30.00,     15.00,     15.00,     15.00,0,0,0,2,2,2
H4,484,2017,842389,     15.00,     15.00,     15.00,     15.00,0,0,0,1,1,1
H4,484,2017,842390,      0.00,      0.00,      0.00,      0.00,0,2,0,0,2,2
H4,484,2017,842410,      0.00,      0.00,      0.00,      0.00,0,3,0,0,3,3
H4,484,2017,842420,     15.00,      0.00,     15.00,      3.75,0,3,0,1,4,4
H4,484,2017,842430,     15.00,      0.00,     15.00,      3.00,0,4,0,1,5,5
H4,484,2017,842481,      0.00,      0.00,      0.00,      0.00,0,7,0,0,7,7
H4,484,2017,842489,      0.00,      0.00,      0.00,      0.00,0,3,0,0,3,3
H4,484,2017,842490,      0.00,      0.00,      0.00,      0.00,0,1,0,0,1,1
H4,484,2017,842511,     15.00,      0.00,     15.00,      7.50,0,1,0,1,2,2
H4,484,2017,842519,     15.00,     15.00,     15.00,     15.00,0,0,0,1,1,1
H4,484,2017,842531,     20.00,      0.00,     15.00,      6.67,0,1,0,2,3,3
H4,484,2017,842539,     20.00,      0.00,     15.00,      5.00,0,2,0,2,4,4
H4,484,2017,842541,     15.00,     15.00,     15.00,     15.00,0,0,0,1,1,1
H4,484,2017,842542,     30.00,      0.00,     15.00,     10.00,0,1,0,2,3,3
H4,484,2017,842549,     15.00,     15.00,     15.00,     15.00,0,0,0,1,1,1
H4,484,2017,842611,      0.00,      0.00,      0.00,      0.00,0,1,0,0,1,1
H4,484,2017,842612,      5.00,      5.00,      5.00,      5.00,0,0,0,1,1,1
H4,484,2017,842619,      0.00,      0.00,      0.00,      0.00,0,1,0,0,1,1
H4,484,2017,842620,      0.00,      0.00,      0.00,      0.00,0,1,0,0,1,1
H4,484,2017,842630,      0.00,      0.00,      0.00,      0.00,0,1,0,0,1,1
H4,484,2017,842641,     10.00,      0.00,      5.00,      2.00,0,3,0,2,5,5
H4,484,2017,842649,      0.00,      0.00,      0.00,      0.00,0,3,0,0,3,3
H4,484,2017,842691,      5.00,      0.00,      5.00,      1.25,0,3,0,1,4,4
H4,484,2017,842699,     20.00,      0.00,     15.00,      4.00,0,3,0,2,5,5
H4,484,2017,842710,     15.00,      0.00,     15.00,      5.00,0,2,0,1,3,3
H4,484,2017,842720,     35.00,      0.00,     15.00,      5.83,0,3,0,3,6,6
H4,484,2017,842790,     30.00,     15.00,     15.00,     15.00,0,0,0,2,2,2
H4,484,2017,842810,     15.00,     15.00,     15.00,     15.00,0,0,0,1,1,1
H4,484,2017,842820,     30.00,      0.00,     15.00,      7.50,0,2,0,2,4,4
H4,484,2017,842831,      0.00,      0.00,      0.00,      0.00,0,1,0,0,1,1
H4,484,2017,842832,      0.00,      0.00,      0.00,      0.00,0,1,0,0,1,1
H4,484,2017,842833,      0.00,      0.00,      0.00,      0.00,0,1,0,0,1,1
H4,484,2017,842839,      0.00,      0.00,      0.00,      0.00,0,3,0,0,3,3
H4,484,2017,842840,     30.00,     15.00,     15.00,     15.00,0,0,0,2,2,2
H4,484,2017,842860,      0.00,      0.00,      0.00,      0.00,0,1,0,0,1,1
H4,484,2017,842890,     45.00,      0.00,     15.00,      6.43,0,4,0,3,7,7
H4,484,2017,842911,      0.00,      0.00,      0.00,      0.00,0,1,0,0,1,1
H4,484,2017,842919,      0.00,      0.00,      0.00,      0.00,0,1,0,0,1,1
H4,484,2017,842920,     15.00,     15.00,     15.00,     15.00,0,0,0,1,1,1
H4,484,2017,842930,      0.00,      0.00,      0.00,      0.00,0,1,0,0,1,1
H4,484,2017,842940,      0.00,      0.00,      0.00,      0.00,0,2,0,0,2,2
H4,484,2017,842951,     15.00,      0.00,     15.00,      3.75,0,3,0,1,4,4
H4,484,2017,842952,      0.00,      0.00,      0.00,      0.00,0,3,0,0,3,3
H4,484,2017,842959,     45.00,      0.00,     15.00,      7.50,0,3,0,3,6,6
H4,484,2017,843010,      5.00,      5.00,      5.00,      5.00,0,0,0,1,1,1
H4,484,2017,843020,     10.00,     10.00,     10.00,     10.00,0,0,0,1,1,1
H4,484,2017,843031,      0.00,      0.00,      0.00,      0.00,0,3,0,0,3,3
H4,484,2017,843039,      5.00,      0.00,      5.00,      2.50,0,1,0,1,2,2
H4,484,2017,843041,      0.00,      0.00,      0.00,      0.00,0,3,0,0,3,3
H4,484,2017,843049,      0.00,      0.00,      0.00,      0.00,0,3,0,0,3,3
H4,484,2017,843050,     40.00,     10.00,     15.00,     13.33,0,0,0,3,3,3
H4,484,2017,843061,     40.00,     10.00,     15.00,     13.33,0,0,0,3,3,3
H4,484,2017,843069,     70.00,     10.00,     15.00,     14.00,0,0,0,5,5,5
H4,484,2017,843110,      0.00,      0.00,      0.00,      0.00,0,1,0,0,1,1
H4,484,2017,843120,      0.00,      0.00,      0.00,      0.00,0,2,0,0,2,2
H4,484,2017,843131,      0.00,      0.00,      0.00,      0.00,0,2,0,0,2,2
H4,484,2017,843139,      0.00,      0.00,      0.00,      0.00,0,1,0,0,1,1
H4,484,2017,843141,      0.00,      0.00,      0.00,      0.00,0,4,0,0,4,4
H4,484,2017,843142,      0.00,      0.00,      0.00,      0.00,0,1,0,0,1,1
H4,484,2017,843143,      0.00,      0.00,      0.00,      0.00,0,3,0,0,3,3
H4,484,2017,843149,      0.00,      0.00,      0.00,      0.00,0,4,0,0,4,4
H4,484,2017,843210,      0.00,      0.00,      0.00,      0.00,0,1,0,0,1,1
H4,484,2017,843221,      0.00,      0.00,      0.00,      0.00,0,1,0,0,1,1
H4,484,2017,843229,      0.00,      0.00,      0.00,      0.00,0,2,0,0,2,2
H4,484,2017,843230,      0.00,      0.00,      0.00,      0.00,0,4,0,0,4,4
H4,484,2017,843240,      0.00,      0.00,      0.00,      0.00,0,1,0,0,1,1
H4,484,2017,843280,      0.00,      0.00,      0.00,      0.00,0,4,0,0,4,4
H4,484,2017,843290,      0.00,      0.00,      0.00,      0.00,0,1,0,0,1,1
H4,484,2017,843311,     15.00,     15.00,     15.00,     15.00,0,0,0,1,1,1
H4,484,2017,843319,     15.00,     15.00,     15.00,     15.00,0,0,0,1,1,1
H4,484,2017,843320,      0.00,      0.00,      0.00,      0.00,0,3,0,0,3,3
H4,484,2017,843330,      0.00,      0.00,      0.00,      0.00,0,1,0,0,1,1
H4,484,2017,843340,      0.00,      0.00,      0.00,      0.00,0,3,0,0,3,3
H4,484,2017,843351,      0.00,      0.00,      0.00,      0.00,0,1,0,0,1,1
H4,484,2017,843352,      0.00,      0.00,      0.00,      0.00,0,1,0,0,1,1
H4,484,2017,843353,      0.00,      0.00,      0.00,      0.00,0,1,0,0,1,1
H4,484,2017,843359,      0.00,      0.00,      0.00,      0.00,0,5,0,0,5,5
H4,484,2017,843360,      0.00,      0.00,      0.00,      0.00,0,4,0,0,4,4
H4,484,2017,843390,      0.00,      0.00,      0.00,      0.00,0,4,0,0,4,4
H4,484,2017,843410,      0.00,      0.00,      0.00,      0.00,0,1,0,0,1,1
H4,484,2017,843420,      0.00,      0.00,      0.00,      0.00,0,1,0,0,1,1
H4,484,2017,843490,      0.00,      0.00,      0.00,      0.00,0,1,0,0,1,1
H4,484,2017,843510,      0.00,      0.00,      0.00,      0.00,0,1,0,0,1,1
H4,484,2017,843590,      0.00,      0.00,      0.00,      0.00,0,1,0,0,1,1
H4,484,2017,843610,      0.00,      0.00,      0.00,      0.00,0,1,0,0,1,1
H4,484,2017,843621,      0.00,      0.00,      0.00,      0.00,0,1,0,0,1,1
H4,484,2017,843629,      0.00,      0.00,      0.00,      0.00,0,2,0,0,2,2
H4,484,2017,843680,      0.00,      0.00,      0.00,      0.00,0,4,0,0,4,4
H4,484,2017,843691,      0.00,      0.00,      0.00,      0.00,0,1,0,0,1,1
H4,484,2017,843699,      0.00,      0.00,      0.00,      0.00,0,1,0,0,1,1
H4,484,2017,843710,      0.00,      0.00,      0.00,      0.00,0,4,0,0,4,4
H4,484,2017,843780,      0.00,      0.00,      0.00,      0.00,0,3,0,0,3,3
H4,484,2017,843790,      0.00,      0.00,      0.00,      0.00,0,2,0,0,2,2
H4,484,2017,843810,     45.00,      0.00,     15.00,      5.63,0,5,0,3,8,8
H4,484,2017,843820,      0.00,      0.00,      0.00,      0.00,0,3,0,0,3,3
H4,484,2017,843830,     15.00,      0.00,     15.00,      7.50,0,1,0,1,2,2
H4,484,2017,843840,      0.00,      0.00,      0.00,      0.00,0,2,0,0,2,2
H4,484,2017,843850,     15.00,      0.00,     15.00,      1.67,0,8,0,1,9,9
H4,484,2017,843860,      5.00,      0.00,      5.00,      0.83,0,5,0,1,6,6
H4,484,2017,843880,      0.00,      0.00,      0.00,      0.00,0,4,0,0,4,4
H4,484,2017,843890,      0.00,      0.00,      0.00,      0.00,0,6,0,0,6,6
H4,484,2017,843910,      0.00,      0.00,      0.00,      0.00,0,6,0,0,6,6
H4,484,2017,843920,      0.00,      0.00,      0.00,      0.00,0,1,0,0,1,1
H4,484,2017,843930,      0.00,      0.00,      0.00,      0.00,0,1,0,0,1,1
H4,484,2017,843991,      0.00,      0.00,      0.00,      0.00,0,1,0,0,1,1
H4,484,2017,843999,      0.00,      0.00,      0.00,      0.00,0,1,0,0,1,1
H4,484,2017,844010,      0.00,      0.00,      0.00,      0.00,0,2,0,0,2,2
H4,484,2017,844090,      0.00,      0.00,      0.00,      0.00,0,1,0,0,1,1
H4,484,2017,844110,      0.00,      0.00,      0.00,      0.00,0,4,0,0,4,4
H4,484,2017,844120,      0.00,      0.00,      0.00,      0.00,0,1,0,0,1,1
H4,484,2017,844130,      0.00,      0.00,      0.00,      0.00,0,1,0,0,1,1
H4,484,2017,844140,      0.00,      0.00,      0.00,      0.00,0,2,0,0,2,2
H4,484,2017,844180,      0.00,      0.00,      0.00,      0.00,0,1,0,0,1,1
H4,484,2017,844190,      0.00,      0.00,      0.00,      0.00,0,1,0,0,1,1
H4,484,2017,844230,      0.00,      0.00,      0.00,      0.00,0,3,0,0,3,3
H4,484,2017,844240,      0.00,      0.00,      0.00,      0.00,0,1,0,0,1,1
H4,484,2017,844250,     20.00,      0.00,     15.00,      5.00,0,2,0,2,4,4
H4,484,2017,844311,      0.00,      0.00,      0.00,      0.00,0,2,0,0,2,2
H4,484,2017,844312,      0.00,      0.00,      0.00,      0.00,0,1,0,0,1,1
H4,484,2017,844313,      5.00,      0.00,      5.00,      1.67,0,2,0,1,3,3
H4,484,2017,844314,      0.00,      0.00,      0.00,      0.00,0,2,0,0,2,2
H4,484,2017,844315,      0.00,      0.00,      0.00,      0.00,0,2,0,0,2,2
H4,484,2017,844316,      0.00,      0.00,      0.00,      0.00,0,1,0,0,1,1
H4,484,2017,844317,      0.00,      0.00,      0.00,      0.00,0,1,0,0,1,1
H4,484,2017,844319,      0.00,      0.00,      0.00,      0.00,0,4,0,0,4,4
H4,484,2017,844331,      0.00,      0.00,      0.00,      0.00,0,1,0,0,1,1
H4,484,2017,844332,      0.00,      0.00,      0.00,      0.00,0,9,0,0,9,9
H4,484,2017,844339,     45.00,      0.00,     15.00,      5.00,0,6,0,3,9,9
H4,484,2017,844391,      0.00,      0.00,      0.00,      0.00,0,3,0,0,3,3
H4,484,2017,844399,      0.00,      0.00,      0.00,      0.00,0,11,0,0,11,11
H4,484,2017,844400,      0.00,      0.00,      0.00,      0.00,0,1,0,0,1,1
H4,484,2017,844511,      0.00,      0.00,      0.00,      0.00,0,1,0,0,1,1
H4,484,2017,844512,      0.00,      0.00,      0.00,      0.00,0,1,0,0,1,1
H4,484,2017,844513,      0.00,      0.00,      0.00,      0.00,0,1,0,0,1,1
H4,484,2017,844519,      0.00,      0.00,      0.00,      0.00,0,2,0,0,2,2
H4,484,2017,844520,      0.00,      0.00,      0.00,      0.00,0,1,0,0,1,1
H4,484,2017,844530,      0.00,      0.00,      0.00,      0.00,0,2,0,0,2,2
H4,484,2017,844540,      0.00,      0.00,      0.00,      0.00,0,1,0,0,1,1
H4,484,2017,844590,      0.00,      0.00,      0.00,      0.00,0,2,0,0,2,2
H4,484,2017,844610,      0.00,      0.00,      0.00,      0.00,0,1,0,0,1,1
H4,484,2017,844621,      0.00,      0.00,      0.00,      0.00,0,1,0,0,1,1
H4,484,2017,844629,      0.00,      0.00,      0.00,      0.00,0,1,0,0,1,1
H4,484,2017,844630,      0.00,      0.00,      0.00,      0.00,0,1,0,0,1,1
H4,484,2017,844711,      0.00,      0.00,      0.00,      0.00,0,1,0,0,1,1
H4,484,2017,844712,      0.00,      0.00,      0.00,      0.00,0,1,0,0,1,1
H4,484,2017,844720,      0.00,      0.00,      0.00,      0.00,0,2,0,0,2,2
H4,484,2017,844790,      0.00,      0.00,      0.00,      0.00,0,2,0,0,2,2
H4,484,2017,844811,      0.00,      0.00,      0.00,      0.00,0,1,0,0,1,1
H4,484,2017,844819,      0.00,      0.00,      0.00,      0.00,0,1,0,0,1,1
H4,484,2017,844820,      0.00,      0.00,      0.00,      0.00,0,1,0,0,1,1
H4,484,2017,844831,      0.00,      0.00,      0.00,      0.00,0,1,0,0,1,1
H4,484,2017,844832,      0.00,      0.00,      0.00,      0.00,0,1,0,0,1,1
H4,484,2017,844833,      0.00,      0.00,      0.00,      0.00,0,1,0,0,1,1
H4,484,2017,844839,      0.00,      0.00,      0.00,      0.00,0,1,0,0,1,1
H4,484,2017,844842,      0.00,      0.00,      0.00,      0.00,0,1,0,0,1,1
H4,484,2017,844849,      0.00,      0.00,      0.00,      0.00,0,2,0,0,2,2
H4,484,2017,844851,      0.00,      0.00,      0.00,      0.00,0,1,0,0,1,1
H4,484,2017,844859,      0.00,      0.00,      0.00,      0.00,0,1,0,0,1,1
H4,484,2017,844900,      0.00,      0.00,      0.00,      0.00,0,1,0,0,1,1
H4,484,2017,845011,     15.00,      0.00,     15.00,      7.50,0,1,0,1,2,2
H4,484,2017,845012,     30.00,     15.00,     15.00,     15.00,0,0,0,2,2,2
H4,484,2017,845019,     30.00,     15.00,     15.00,     15.00,0,0,0,2,2,2
H4,484,2017,845020,      0.00,      0.00,      0.00,      0.00,0,1,0,0,1,1
H4,484,2017,845090,      0.00,      0.00,      0.00,      0.00,0,3,0,0,3,3
H4,484,2017,845110,      0.00,      0.00,      0.00,      0.00,0,1,0,0,1,1
H4,484,2017,845121,     30.00,     15.00,     15.00,     15.00,0,0,0,2,2,2
H4,484,2017,845129,      0.00,      0.00,      0.00,      0.00,0,4,0,0,4,4
H4,484,2017,845130,      0.00,      0.00,      0.00,      0.00,0,1,0,0,1,1
H4,484,2017,845140,      0.00,      0.00,      0.00,      0.00,0,1,0,0,1,1
H4,484,2017,845150,      0.00,      0.00,      0.00,      0.00,0,1,0,0,1,1
H4,484,2017,845180,      0.00,      0.00,      0.00,      0.00,0,2,0,0,2,2
H4,484,2017,845190,      0.00,      0.00,      0.00,      0.00,0,3,0,0,3,3
H4,484,2017,845210,     15.00,     15.00,     15.00,     15.00,0,0,0,1,1,1
H4,484,2017,845221,      0.00,      0.00,      0.00,      0.00,0,6,0,0,6,6
H4,484,2017,845229,      0.00,      0.00,      0.00,      0.00,0,8,0,0,8,8
H4,484,2017,845230,      0.00,      0.00,      0.00,      0.00,0,1,0,0,1,1
H4,484,2017,845290,      5.00,      0.00,      5.00,      1.67,0,2,0,1,3,3
H4,484,2017,845310,      0.00,      0.00,      0.00,      0.00,0,1,0,0,1,1
H4,484,2017,845320,      0.00,      0.00,      0.00,      0.00,0,1,0,0,1,1
H4,484,2017,845380,      0.00,      0.00,      0.00,      0.00,0,1,0,0,1,1
H4,484,2017,845390,      0.00,      0.00,      0.00,      0.00,0,1,0,0,1,1
H4,484,2017,845410,      0.00,      0.00,      0.00,      0.00,0,1,0,0,1,1
H4,484,2017,845420,      0.00,      0.00,      0.00,      0.00,0,2,0,0,2,2
H4,484,2017,845430,      0.00,      0.00,      0.00,      0.00,0,2,0,0,2,2
H4,484,2017,845490,      0.00,      0.00,      0.00,      0.00,0,2,0,0,2,2
H4,484,2017,845510,      0.00,      0.00,      0.00,      0.00,0,1,0,0,1,1
H4,484,2017,845521,      0.00,      0.00,      0.00,      0.00,0,3,0,0,3,3
H4,484,2017,845522,      0.00,      0.00,      0.00,      0.00,0,3,0,0,3,3
H4,484,2017,845530,      0.00,      0.00,      0.00,      0.00,0,3,0,0,3,3
H4,484,2017,845590,      0.00,      0.00,      0.00,      0.00,0,2,0,0,2,2
H4,484,2017,845610,      0.00,      0.00,      0.00,      0.00,0,2,0,0,2,2
H4,484,2017,845620,      0.00,      0.00,      0.00,      0.00,0,2,0,0,2,2
H4,484,2017,845630,      0.00,      0.00,      0.00,      0.00,0,1,0,0,1,1
H4,484,2017,845690,      0.00,      0.00,      0.00,      0.00,0,1,0,0,1,1
H4,484,2017,845710,      0.00,      0.00,      0.00,      0.00,0,1,0,0,1,1
H4,484,2017,845720,      0.00,      0.00,      0.00,      0.00,0,1,0,0,1,1
H4,484,2017,845730,     30.00,      0.00,     15.00,      6.00,0,3,0,2,5,5
H4,484,2017,845811,     15.00,      0.00,     15.00,      5.00,0,2,0,1,3,3
H4,484,2017,845819,     15.00,      0.00,     15.00,      5.00,0,2,0,1,3,3
H4,484,2017,845891,      0.00,      0.00,      0.00,      0.00,0,2,0,0,2,2
H4,484,2017,845899,      0.00,      0.00,      0.00,      0.00,0,2,0,0,2,2
H4,484,2017,845910,      0.00,      0.00,      0.00,      0.00,0,2,0,0,2,2
H4,484,2017,845921,      0.00,      0.00,      0.00,      0.00,0,2,0,0,2,2
H4,484,2017,845929,      0.00,      0.00,      0.00,      0.00,0,2,0,0,2,2
H4,484,2017,845931,      0.00,      0.00,      0.00,      0.00,0,1,0,0,1,1
H4,484,2017,845939,      0.00,      0.00,      0.00,      0.00,0,1,0,0,1,1
H4,484,2017,845940,     15.00,      0.00,     15.00,      7.50,0,1,0,1,2,2
H4,484,2017,845951,     15.00,     15.00,     15.00,     15.00,0,0,0,1,1,1
H4,484,2017,845959,      0.00,      0.00,      0.00,      0.00,0,1,0,0,1,1
H4,484,2017,845961,      0.00,      0.00,      0.00,      0.00,0,1,0,0,1,1
H4,484,2017,845969,      0.00,      0.00,      0.00,      0.00,0,1,0,0,1,1
H4,484,2017,845970,      0.00,      0.00,      0.00,      0.00,0,3,0,0,3,3
H4,484,2017,846011,      0.00,      0.00,      0.00,      0.00,0,2,0,0,2,2
H4,484,2017,846019,      0.00,      0.00,      0.00,      0.00,0,2,0,0,2,2
H4,484,2017,846021,      0.00,      0.00,      0.00,      0.00,0,5,0,0,5,5
H4,484,2017,846029,      0.00,      0.00,      0.00,      0.00,0,5,0,0,5,5
H4,484,2017,846031,      0.00,      0.00,      0.00,      0.00,0,2,0,0,2,2
H4,484,2017,846039,      0.00,      0.00,      0.00,      0.00,0,2,0,0,2,2
H4,484,2017,846040,      0.00,      0.00,      0.00,      0.00,0,3,0,0,3,3
H4,484,2017,846090,      0.00,      0.00,      0.00,      0.00,0,4,0,0,4,4
H4,484,2017,846120,      0.00,      0.00,      0.00,      0.00,0,2,0,0,2,2
H4,484,2017,846130,      0.00,      0.00,      0.00,      0.00,0,2,0,0,2,2
H4,484,2017,846140,      0.00,      0.00,      0.00,      0.00,0,1,0,0,1,1
H4,484,2017,846150,     30.00,      0.00,     15.00,      7.50,0,2,0,2,4,4
H4,484,2017,846190,     15.00,      0.00,     15.00,      3.00,0,4,0,1,5,5
H4,484,2017,846210,     15.00,      0.00,     15.00,      7.50,0,1,0,1,2,2
H4,484,2017,846221,     45.00,      0.00,     15.00,      5.63,0,5,0,3,8,8
H4,484,2017,846229,     75.00,      0.00,     15.00,      9.38,0,3,0,5,8,8
H4,484,2017,846231,     30.00,      0.00,     15.00,      7.50,0,2,0,2,4,4
H4,484,2017,846239,     30.00,      0.00,     15.00,      7.50,0,2,0,2,4,4
H4,484,2017,846241,      0.00,      0.00,      0.00,      0.00,0,4,0,0,4,4
H4,484,2017,846249,     30.00,      0.00,     15.00,      7.50,0,2,0,2,4,4
H4,484,2017,846291,     15.00,      0.00,     15.00,      3.75,0,3,0,1,4,4
H4,484,2017,846299,     15.00,      0.00,     15.00,      3.00,0,4,0,1,5,5
H4,484,2017,846310,      0.00,      0.00,      0.00,      0.00,0,1,0,0,1,1
H4,484,2017,846320,      0.00,      0.00,      0.00,      0.00,0,1,0,0,1,1
H4,484,2017,846330,      0.00,      0.00,      0.00,      0.00,0,4,0,0,4,4
H4,484,2017,846390,      0.00,      0.00,      0.00,      0.00,0,2,0,0,2,2
H4,484,2017,846410,      0.00,      0.00,      0.00,      0.00,0,1,0,0,1,1
H4,484,2017,846420,      0.00,      0.00,      0.00,      0.00,0,1,0,0,1,1
H4,484,2017,846490,      0.00,      0.00,      0.00,      0.00,0,2,0,0,2,2
H4,484,2017,846510,      0.00,      0.00,      0.00,      0.00,0,1,0,0,1,1
H4,484,2017,846591,      5.00,      0.00,      5.00,      2.50,0,1,0,1,2,2
H4,484,2017,846592,      0.00,      0.00,      0.00,      0.00,0,4,0,0,4,4
H4,484,2017,846593,      0.00,      0.00,      0.00,      0.00,0,2,0,0,2,2
H4,484,2017,846594,      0.00,      0.00,      0.00,      0.00,0,3,0,0,3,3
H4,484,2017,846595,     15.00,      0.00,     15.00,      7.50,0,1,0,1,2,2
H4,484,2017,846596,      0.00,      0.00,      0.00,      0.00,0,1,0,0,1,1
H4,484,2017,846599,      5.00,      0.00,      5.00,      1.25,0,3,0,1,4,4
H4,484,2017,846610,     15.00,      0.00,     15.00,      3.75,0,3,0,1,4,4
H4,484,2017,846620,      0.00,      0.00,      0.00,      0.00,0,2,0,0,2,2
H4,484,2017,846630,      0.00,      0.00,      0.00,      0.00,0,3,0,0,3,3
H4,484,2017,846691,      0.00,      0.00,      0.00,      0.00,0,1,0,0,1,1
H4,484,2017,846692,      0.00,      0.00,      0.00,      0.00,0,1,0,0,1,1
H4,484,2017,846693,     15.00,      0.00,     15.00,      3.00,0,4,0,1,5,5
H4,484,2017,846694,      0.00,      0.00,      0.00,      0.00,0,3,0,0,3,3
H4,484,2017,846711,      0.00,      0.00,      0.00,      0.00,0,2,0,0,2,2
H4,484,2017,846719,      0.00,      0.00,      0.00,      0.00,0,2,0,0,2,2
H4,484,2017,846721,     35.00,      0.00,     15.00,      8.75,0,1,0,3,4,4
H4,484,2017,846722,     20.00,      0.00,     15.00,      5.00,0,2,0,2,4,4
H4,484,2017,846729,     35.00,      0.00,     15.00,      8.75,0,1,0,3,4,4
H4,484,2017,846781,      0.00,      0.00,      0.00,      0.00,0,1,0,0,1,1
H4,484,2017,846789,     30.00,      0.00,     15.00,      7.50,0,2,0,2,4,4
H4,484,2017,846791,      0.00,      0.00,      0.00,      0.00,0,2,0,0,2,2
H4,484,2017,846792,      0.00,      0.00,      0.00,      0.00,0,1,0,0,1,1
H4,484,2017,846799,      0.00,      0.00,      0.00,      0.00,0,3,0,0,3,3
H4,484,2017,846810,     15.00,     15.00,     15.00,     15.00,0,0,0,1,1,1
H4,484,2017,846820,      0.00,      0.00,      0.00,      0.00,0,2,0,0,2,2
H4,484,2017,846880,      0.00,      0.00,      0.00,      0.00,0,1,0,0,1,1
H4,484,2017,846890,      0.00,      0.00,      0.00,      0.00,0,1,0,0,1,1
H4,484,2017,846900,     60.00,      0.00,     15.00,     12.00,0,1,0,4,5,5
H4,484,2017,847010,      0.00,      0.00,      0.00,      0.00,0,3,0,0,3,3
H4,484,2017,847021,      0.00,      0.00,      0.00,      0.00,0,1,0,0,1,1
H4,484,2017,847029,      0.00,      0.00,      0.00,      0.00,0,2,0,0,2,2
H4,484,2017,847030,      0.00,      0.00,      0.00,      0.00,0,1,0,0,1,1
H4,484,2017,847050,      0.00,      0.00,      0.00,      0.00,0,1,0,0,1,1
H4,484,2017,847090,      5.00,      0.00,      5.00,      1.25,0,3,0,1,4,4
H4,484,2017,847130,      0.00,      0.00,      0.00,      0.00,0,1,0,0,1,1
H4,484,2017,847141,      0.00,      0.00,      0.00,      0.00,0,1,0,0,1,1
H4,484,2017,847149,      0.00,      0.00,      0.00,      0.00,0,1,0,0,1,1
H4,484,2017,847150,      0.00,      0.00,      0.00,      0.00,0,1,0,0,1,1
H4,484,2017,847160,      0.00,      0.00,      0.00,      0.00,0,4,0,0,4,4
H4,484,2017,847170,      0.00,      0.00,      0.00,      0.00,0,1,0,0,1,1
H4,484,2017,847180,      0.00,      0.00,      0.00,      0.00,0,4,0,0,4,4
H4,484,2017,847190,      0.00,      0.00,      0.00,      0.00,0,1,0,0,1,1
H4,484,2017,847210,     15.00,      0.00,     15.00,      7.50,0,1,0,1,2,2
H4,484,2017,847230,     20.00,      0.00,     15.00,      6.67,0,1,0,2,3,3
H4,484,2017,847290,    155.00,      0.00,     15.00,      9.69,0,5,0,11,16,16
H4,484,2017,847310,      0.00,      0.00,      0.00,      0.00,0,2,0,0,2,2
H4,484,2017,847321,      0.00,      0.00,      0.00,      0.00,0,1,0,0,1,1
H4,484,2017,847329,      0.00,      0.00,      0.00,      0.00,0,1,0,0,1,1
H4,484,2017,847330,      0.00,      0.00,      0.00,      0.00,0,3,0,0,3,3
H4,484,2017,847340,      0.00,      0.00,      0.00,      0.00,0,3,0,0,3,3
H4,484,2017,847350,      0.00,      0.00,      0.00,      0.00,0,3,0,0,3,3
H4,484,2017,847410,     15.00,      0.00,     15.00,      5.00,0,2,0,1,3,3
H4,484,2017,847420,     30.00,      0.00,      5.00,      3.33,0,3,0,6,9,9
H4,484,2017,847431,     15.00,     15.00,     15.00,     15.00,0,0,0,1,1,1
H4,484,2017,847432,      0.00,      0.00,      0.00,      0.00,0,1,0,0,1,1
H4,484,2017,847439,      0.00,      0.00,      0.00,      0.00,0,3,0,0,3,3
H4,484,2017,847480,     30.00,      0.00,     15.00,      2.73,0,9,0,2,11,11
H4,484,2017,847490,      0.00,      0.00,      0.00,      0.00,0,3,0,0,3,3
H4,484,2017,847510,      0.00,      0.00,      0.00,      0.00,0,1,0,0,1,1
H4,484,2017,847521,      0.00,      0.00,      0.00,      0.00,0,1,0,0,1,1
H4,484,2017,847529,     15.00,      0.00,     15.00,      7.50,0,1,0,1,2,2
H4,484,2017,847590,      0.00,      0.00,      0.00,      0.00,0,1,0,0,1,1
H4,484,2017,847621,     15.00,     15.00,     15.00,     15.00,0,0,0,1,1,1
H4,484,2017,847629,     15.00,     15.00,     15.00,     15.00,0,0,0,1,1,1
H4,484,2017,847681,     15.00,     15.00,     15.00,     15.00,0,0,0,1,1,1
H4,484,2017,847689,     15.00,     15.00,     15.00,     15.00,0,0,0,1,1,1
H4,484,2017,847690,     30.00,     15.00,     15.00,     15.00,0,0,0,2,2,2
H4,484,2017,847710,      0.00,      0.00,      0.00,      0.00,0,2,0,0,2,2
H4,484,2017,847720,     15.00,      0.00,     15.00,      5.00,0,2,0,1,3,3
H4,484,2017,847730,      0.00,      0.00,      0.00,      0.00,0,1,0,0,1,1
H4,484,2017,847740,      0.00,      0.00,      0.00,      0.00,0,1,0,0,1,1
H4,484,2017,847751,      0.00,      0.00,      0.00,      0.00,0,1,0,0,1,1
H4,484,2017,847759,      0.00,      0.00,      0.00,      0.00,0,1,0,0,1,1
H4,484,2017,847780,      0.00,      0.00,      0.00,      0.00,0,8,0,0,8,8
H4,484,2017,847790,      0.00,      0.00,      0.00,      0.00,0,4,0,0,4,4
H4,484,2017,847810,     20.00,      0.00,      5.00,      3.33,0,2,0,4,6,6
H4,484,2017,847890,      0.00,      0.00,      0.00,      0.00,0,1,0,0,1,1
H4,484,2017,847910,     40.00,      0.00,     15.00,      4.44,0,5,0,4,9,9
H4,484,2017,847920,      0.00,      0.00,      0.00,      0.00,0,1,0,0,1,1
H4,484,2017,847930,     30.00,      0.00,     15.00,     10.00,0,1,0,2,3,3
H4,484,2017,847940,      0.00,      0.00,      0.00,      0.00,0,2,0,0,2,2
H4,484,2017,847950,      0.00,      0.00,      0.00,      0.00,0,1,0,0,1,1
H4,484,2017,847960,      0.00,      0.00,      0.00,      0.00,0,1,0,0,1,1
H4,484,2017,847971,      0.00,      0.00,      0.00,      0.00,0,1,0,0,1,1
H4,484,2017,847979,      0.00,      0.00,      0.00,      0.00,0,1,0,0,1,1
H4,484,2017,847981,     45.00,      0.00,     15.00,      4.50,0,7,0,3,10,10
H4,484,2017,847982,     35.00,      0.00,     15.00,      5.83,0,3,0,3,6,6
H4,484,2017,847989,    185.00,      0.00,     15.00,      6.61,0,13,0,15,28,28
H4,484,2017,847990,      0.00,      0.00,      0.00,      0.00,0,17,0,0,17,17
H4,484,2017,848010,      0.00,      0.00,      0.00,      0.00,0,1,0,0,1,1
H4,484,2017,848020,      0.00,      0.00,      0.00,      0.00,0,1,0,0,1,1
H4,484,2017,848030,      0.00,      0.00,      0.00,      0.00,0,3,0,0,3,3
H4,484,2017,848041,      0.00,      0.00,      0.00,      0.00,0,2,0,0,2,2
H4,484,2017,848049,      0.00,      0.00,      0.00,      0.00,0,2,0,0,2,2
H4,484,2017,848050,      0.00,      0.00,      0.00,      0.00,0,3,0,0,3,3
H4,484,2017,848060,     25.00,     10.00,     15.00,     12.50,0,0,0,2,2,2
H4,484,2017,848071,      0.00,      0.00,      0.00,      0.00,0,3,0,0,3,3
H4,484,2017,848079,      0.00,      0.00,      0.00,      0.00,0,5,0,0,5,5
H4,484,2017,848110,      5.00,      0.00,      5.00,      1.67,0,2,0,1,3,3
H4,484,2017,848120,     15.00,      0.00,      5.00,      1.15,0,10,0,3,13,13
H4,484,2017,848130,      5.00,      0.00,      5.00,      1.25,0,3,0,1,4,4
H4,484,2017,848140,      5.00,      0.00,      5.00,      1.00,0,4,0,1,5,5
H4,484,2017,848180,     50.00,      0.00,     15.00,      1.92,0,20,0,6,26,26
H4,484,2017,848190,      0.00,      0.00,      0.00,      0.00,0,5,0,0,5,5
H4,484,2017,848210,      5.00,      0.00,      5.00,      1.25,0,3,0,1,4,4
H4,484,2017,848220,      5.00,      0.00,      5.00,      1.25,0,3,0,1,4,4
H4,484,2017,848230,      0.00,      0.00,      0.00,      0.00,0,1,0,0,1,1
H4,484,2017,848240,      0.00,      0.00,      0.00,      0.00,0,1,0,0,1,1
H4,484,2017,848250,      0.00,      0.00,      0.00,      0.00,0,1,0,0,1,1
H4,484,2017,848280,      0.00,      0.00,      0.00,      0.00,0,1,0,0,1,1
H4,484,2017,848291,      0.00,      0.00,      0.00,      0.00,0,2,0,0,2,2
H4,484,2017,848299,      5.00,      0.00,      5.00,      1.25,0,3,0,1,4,4
H4,484,2017,848310,      0.00,      0.00,      0.00,      0.00,0,8,0,0,8,8
H4,484,2017,848320,      0.00,      0.00,      0.00,      0.00,0,1,0,0,1,1
H4,484,2017,848330,      0.00,      0.00,      0.00,      0.00,0,4,0,0,4,4
H4,484,2017,848340,      0.00,      0.00,      0.00,      0.00,0,9,0,0,9,9
H4,484,2017,848350,      0.00,      0.00,      0.00,      0.00,0,3,0,0,3,3
H4,484,2017,848360,     25.00,      0.00,     15.00,      8.33,0,1,0,2,3,3
H4,484,2017,848390,      0.00,      0.00,      0.00,      0.00,0,3,0,0,3,3
H4,484,2017,848410,      5.00,      5.00,      5.00,      5.00,0,0,0,1,1,1
H4,484,2017,848420,      0.00,      0.00,      0.00,      0.00,0,1,0,0,1,1
H4,484,2017,848490,      0.00,      0.00,      0.00,      0.00,0,3,0,0,3,3
H4,484,2017,848610,      0.00,      0.00,      0.00,      0.00,0,1,0,0,1,1
H4,484,2017,848620,      0.00,      0.00,      0.00,      0.00,0,2,0,0,2,2
H4,484,2017,848630,      0.00,      0.00,      0.00,      0.00,0,1,0,0,1,1
H4,484,2017,848640,      0.00,      0.00,      0.00,      0.00,0,1,0,0,1,1
H4,484,2017,848690,      0.00,      0.00,      0.00,      0.00,0,4,0,0,4,4
H4,484,2017,848710,      0.00,      0.00,      0.00,      0.00,0,2,0,0,2,2
H4,484,2017,848790,     20.00,      0.00,     15.00,      2.50,0,6,0,2,8,8
H4,484,2017,850110,      0.00,      0.00,      0.00,      0.00,0,10,0,0,10,10
H4,484,2017,850120,      0.00,      0.00,      0.00,      0.00,0,5,0,0,5,5
H4,484,2017,850131,     35.00,      0.00,     15.00,      5.83,0,3,0,3,6,6
H4,484,2017,850132,     40.00,      0.00,     15.00,      5.71,0,4,0,3,7,7
H4,484,2017,850133,     25.00,      0.00,     15.00,      4.17,0,4,0,2,6,6
H4,484,2017,850134,      5.00,      0.00,      5.00,      0.83,0,5,0,1,6,6
H4,484,2017,850140,     10.00,      0.00,      5.00,      1.11,0,7,0,2,9,9
H4,484,2017,850151,     15.00,      0.00,     15.00,      3.75,0,3,0,1,4,4
H4,484,2017,850152,     15.00,      0.00,     15.00,      2.50,0,5,0,1,6,6
H4,484,2017,850153,     20.00,      0.00,     15.00,      2.50,0,6,0,2,8,8
H4,484,2017,850161,     15.00,     15.00,     15.00,     15.00,0,0,0,1,1,1
H4,484,2017,850162,     15.00,     15.00,     15.00,     15.00,0,0,0,1,1,1
H4,484,2017,850163,     15.00,     15.00,     15.00,     15.00,0,0,0,1,1,1
H4,484,2017,850164,     20.00,      0.00,     15.00,      5.00,0,2,0,2,4,4
H4,484,2017,850211,     15.00,     15.00,     15.00,     15.00,0,0,0,1,1,1
H4,484,2017,850212,     15.00,     15.00,     15.00,     15.00,0,0,0,1,1,1
H4,484,2017,850213,     35.00,      5.00,     15.00,     11.67,0,0,0,3,3,3
H4,484,2017,850220,     30.00,      0.00,     15.00,     10.00,0,1,0,2,3,3
H4,484,2017,850231,      5.00,      0.00,      5.00,      2.50,0,1,0,1,2,2
H4,484,2017,850239,     20.00,      0.00,     15.00,      4.00,0,3,0,2,5,5
H4,484,2017,850240,      5.00,      5.00,      5.00,      5.00,0,0,0,1,1,1
H4,484,2017,850300,      0.00,      0.00,      0.00,      0.00,0,7,0,0,7,7
H4,484,2017,850410,      5.00,      0.00,      5.00,      2.50,0,1,0,1,2,2
H4,484,2017,850421,     10.00,      0.00,      5.00,      2.00,0,3,0,2,5,5
H4,484,2017,850422,      5.00,      5.00,      5.00,      5.00,0,0,0,1,1,1
H4,484,2017,850423,      5.00,      5.00,      5.00,      5.00,0,0,0,1,1,1
H4,484,2017,850431,     10.00,      0.00,      5.00,      1.43,0,5,0,2,7,7
H4,484,2017,850432,     10.00,      0.00,      5.00,      3.33,0,1,0,2,3,3
H4,484,2017,850433,     10.00,      5.00,      5.00,      5.00,0,0,0,2,2,2
H4,484,2017,850434,      5.00,      5.00,      5.00,      5.00,0,0,0,1,1,1
H4,484,2017,850440,     35.00,      0.00,     15.00,      2.19,0,12,0,4,16,16
H4,484,2017,850450,      0.00,      0.00,      0.00,      0.00,0,3,0,0,3,3
H4,484,2017,850490,      0.00,      0.00,      0.00,      0.00,0,9,0,0,9,9
H4,484,2017,850511,      0.00,      0.00,      0.00,      0.00,0,1,0,0,1,1
H4,484,2017,850519,      0.00,      0.00,      0.00,      0.00,0,1,0,0,1,1
H4,484,2017,850520,      5.00,      5.00,      5.00,      5.00,0,0,0,1,1,1
H4,484,2017,850590,      0.00,      0.00,      0.00,      0.00,0,6,0,0,6,6
H4,484,2017,850610,      0.00,      0.00,      0.00,      0.00,0,2,0,0,2,2
H4,484,2017,850630,      0.00,      0.00,      0.00,      0.00,0,1,0,0,1,1
H4,484,2017,850640,      0.00,      0.00,      0.00,      0.00,0,1,0,0,1,1
H4,484,2017,850650,      0.00,      0.00,      0.00,      0.00,0,1,0,0,1,1
H4,484,2017,850660,      0.00,      0.00,      0.00,      0.00,0,1,0,0,1,1
H4,484,2017,850680,      0.00,      0.00,      0.00,      0.00,0,1,0,0,1,1
H4,484,2017,850690,      0.00,      0.00,      0.00,      0.00,0,1,0,0,1,1
H4,484,2017,850710,     15.00,      0.00,     15.00,      7.50,0,1,0,1,2,2
H4,484,2017,850720,     30.00,      0.00,     15.00,      6.00,0,3,0,2,5,5
H4,484,2017,850730,      0.00,      0.00,      0.00,      0.00,0,1,0,0,1,1
H4,484,2017,850740,      0.00,      0.00,      0.00,      0.00,0,1,0,0,1,1
H4,484,2017,850750,      0.00,      0.00,      0.00,      0.00,0,1,0,0,1,1
H4,484,2017,850760,      0.00,      0.00,      0.00,      0.00,0,1,0,0,1,1
H4,484,2017,850780,      0.00,      0.00,      0.00,      0.00,0,1,0,0,1,1
H4,484,2017,850790,      0.00,      0.00,      0.00,      0.00,0,1,0,0,1,1
H4,484,2017,850811,     20.00,     20.00,     20.00,     20.00,0,0,0,1,1,1
H4,484,2017,850819,     40.00,     20.00,     20.00,     20.00,0,0,0,2,2,2
H4,484,2017,850860,     20.00,     20.00,     20.00,     20.00,0,0,0,1,1,1
H4,484,2017,850870,     27.00,      7.00,     10.00,      9.00,0,0,0,3,3,3
H4,484,2017,850940,     30.00,      0.00,     15.00,      7.50,0,2,0,2,4,4
H4,484,2017,850980,    135.00,      0.00,     15.00,     10.38,0,4,0,9,13,13
H4,484,2017,850990,      0.00,      0.00,      0.00,      0.00,0,3,0,0,3,3
H4,484,2017,851010,     15.00,     15.00,     15.00,     15.00,0,0,0,1,1,1
H4,484,2017,851020,     15.00,     15.00,     15.00,     15.00,0,0,0,1,1,1
H4,484,2017,851030,     15.00,     15.00,     15.00,     15.00,0,0,0,1,1,1
H4,484,2017,851090,     40.00,      0.00,     15.00,      8.00,0,2,0,3,5,5
H4,484,2017,851110,      5.00,      0.00,      5.00,      1.25,0,3,0,1,4,4
H4,484,2017,851120,      0.00,      0.00,      0.00,      0.00,0,4,0,0,4,4
H4,484,2017,851130,      0.00,      0.00,      0.00,      0.00,0,5,0,0,5,5
H4,484,2017,851140,      0.00,      0.00,      0.00,      0.00,0,4,0,0,4,4
H4,484,2017,851150,      0.00,      0.00,      0.00,      0.00,0,5,0,0,5,5
H4,484,2017,851180,     25.00,      0.00,     15.00,      5.00,0,3,0,2,5,5
H4,484,2017,851190,      0.00,      0.00,      0.00,      0.00,0,6,0,0,6,6
H4,484,2017,851210,      0.00,      0.00,      0.00,      0.00,0,3,0,0,3,3
H4,484,2017,851220,      5.00,      0.00,      5.00,      1.67,0,2,0,1,3,3
H4,484,2017,851230,      5.00,      0.00,      5.00,      2.50,0,1,0,1,2,2
H4,484,2017,851240,      0.00,      0.00,      0.00,      0.00,0,1,0,0,1,1
H4,484,2017,851290,      0.00,      0.00,      0.00,      0.00,0,7,0,0,7,7
H4,484,2017,851310,     15.00,      0.00,     15.00,      7.50,0,1,0,1,2,2
H4,484,2017,851390,      0.00,      0.00,      0.00,      0.00,0,1,0,0,1,1
H4,484,2017,851410,     45.00,      0.00,     15.00,      9.00,0,1,0,4,5,5
H4,484,2017,851420,     30.00,      0.00,     15.00,      5.00,0,3,0,3,6,6
H4,484,2017,851430,     15.00,      0.00,     15.00,      2.14,0,6,0,1,7,7
H4,484,2017,851440,      0.00,      0.00,      0.00,      0.00,0,2,0,0,2,2
H4,484,2017,851490,      0.00,      0.00,      0.00,      0.00,0,4,0,0,4,4
H4,484,2017,851511,     25.00,     10.00,     15.00,     12.50,0,0,0,2,2,2
H4,484,2017,851519,      5.00,      5.00,      5.00,      5.00,0,0,0,1,1,1
H4,484,2017,851521,     10.00,      0.00,     10.00,      5.00,0,1,0,1,2,2
H4,484,2017,851529,      0.00,      0.00,      0.00,      0.00,0,2,0,0,2,2
H4,484,2017,851531,     25.00,      0.00,     15.00,      8.33,0,1,0,2,3,3
H4,484,2017,851539,     25.00,      0.00,     15.00,      8.33,0,1,0,2,3,3
H4,484,2017,851580,      0.00,      0.00,      0.00,      0.00,0,3,0,0,3,3
H4,484,2017,851590,      5.00,      0.00,      5.00,      2.50,0,1,0,1,2,2
H4,484,2017,851610,     20.00,     10.00,     10.00,     10.00,0,0,0,2,2,2
H4,484,2017,851621,     15.00,     15.00,     15.00,     15.00,0,0,0,1,1,1
H4,484,2017,851629,     30.00,     15.00,     15.00,     15.00,0,0,0,2,2,2
H4,484,2017,851631,     15.00,     15.00,     15.00,     15.00,0,0,0,1,1,1
H4,484,2017,851632,     15.00,     15.00,     15.00,     15.00,0,0,0,1,1,1
H4,484,2017,851633,      0.00,      0.00,      0.00,      0.00,0,1,0,0,1,1
H4,484,2017,851640,     15.00,     15.00,     15.00,     15.00,0,0,0,1,1,1
H4,484,2017,851650,      5.00,      5.00,      5.00,      5.00,0,0,0,1,1,1
H4,484,2017,851660,     45.00,      5.00,     15.00,     11.25,0,0,0,4,4,4
H4,484,2017,851671,      0.00,      0.00,      0.00,      0.00,0,1,0,0,1,1
H4,484,2017,851672,      0.00,      0.00,      0.00,      0.00,0,1,0,0,1,1
H4,484,2017,851679,     20.00,      5.00,     15.00,     10.00,0,0,0,2,2,2
H4,484,2017,851680,      0.00,      0.00,      0.00,      0.00,0,4,0,0,4,4
H4,484,2017,851690,      0.00,      0.00,      0.00,      0.00,0,11,0,0,11,11
H4,484,2017,851711,     15.00,     15.00,     15.00,     15.00,0,0,0,1,1,1
H4,484,2017,851712,      0.00,      0.00,      0.00,      0.00,0,2,0,0,2,2
H4,484,2017,851718,     30.00,      0.00,     15.00,     10.00,0,1,0,2,3,3
H4,484,2017,851761,      0.00,      0.00,      0.00,      0.00,0,1,0,0,1,1
H4,484,2017,851762,      0.00,      0.00,      0.00,      0.00,0,17,0,0,17,17
H4,484,2017,851769,     90.00,      0.00,     15.00,      4.29,0,14,0,7,21,21
H4,484,2017,851770,      0.00,      0.00,      0.00,      0.00,0,14,0,0,14,14
H4,484,2017,851810,      0.00,      0.00,      0.00,      0.00,0,4,0,0,4,4
H4,484,2017,851821,     30.00,     15.00,     15.00,     15.00,0,0,0,2,2,2
H4,484,2017,851822,     30.00,     15.00,     15.00,     15.00,0,0,0,2,2,2
H4,484,2017,851829,      0.00,      0.00,      0.00,      0.00,0,2,0,0,2,2
H4,484,2017,851830,     15.00,      0.00,     15.00,      3.00,0,4,0,1,5,5
H4,484,2017,851840,     60.00,      0.00,     15.00,      8.57,0,3,0,4,7,7
H4,484,2017,851850,     15.00,     15.00,     15.00,     15.00,0,0,0,1,1,1
H4,484,2017,851890,      0.00,      0.00,      0.00,      0.00,0,4,0,0,4,4
H4,484,2017,851920,     15.00,     15.00,     15.00,     15.00,0,0,0,1,1,1
H4,484,2017,851930,     30.00,     15.00,     15.00,     15.00,0,0,0,2,2,2
H4,484,2017,851950,     10.00,     10.00,     10.00,     10.00,0,0,0,1,1,1
H4,484,2017,851981,     50.00,      0.00,     15.00,      4.17,0,7,0,5,12,12
H4,484,2017,851989,      5.00,      0.00,      5.00,      1.00,0,4,0,1,5,5
H4,484,2017,852110,      0.00,      0.00,      0.00,      0.00,0,2,0,0,2,2
H4,484,2017,852190,     20.00,      0.00,     15.00,      3.33,0,4,0,2,6,6
H4,484,2017,852210,      0.00,      0.00,      0.00,      0.00,0,1,0,0,1,1
H4,484,2017,852290,      0.00,      0.00,      0.00,      0.00,0,15,0,0,15,15
H4,484,2017,852321,      0.00,      0.00,      0.00,      0.00,0,2,0,0,2,2
H4,484,2017,852329,     20.00,      0.00,     10.00,      2.00,0,8,0,2,10,10
H4,484,2017,852341,     10.00,      0.00,     10.00,      5.00,0,1,0,1,2,2
H4,484,2017,852349,      0.00,      0.00,      0.00,      0.00,0,2,0,0,2,2
H4,484,2017,852351,     10.00,      0.00,     10.00,      5.00,0,1,0,1,2,2
H4,484,2017,852352,      0.00,      0.00,      0.00,      0.00,0,2,0,0,2,2
H4,484,2017,852359,      0.00,      0.00,      0.00,      0.00,0,2,0,0,2,2
H4,484,2017,852380,      0.00,      0.00,      0.00,      0.00,0,1,0,0,1,1
H4,484,2017,852550,      0.00,      0.00,      0.00,      0.00,0,5,0,0,5,5
H4,484,2017,852560,      0.00,      0.00,      0.00,      0.00,0,10,0,0,10,10
H4,484,2017,852580,      0.00,      0.00,      0.00,      0.00,0,5,0,0,5,5
H4,484,2017,852610,      5.00,      0.00,      5.00,      2.50,0,1,0,1,2,2
H4,484,2017,852691,      5.00,      0.00,      5.00,      2.50,0,1,0,1,2,2
H4,484,2017,852692,     10.00,      0.00,     10.00,      5.00,0,1,0,1,2,2
H4,484,2017,852712,     15.00,     15.00,     15.00,     15.00,0,0,0,1,1,1
H4,484,2017,852713,     15.00,      0.00,     15.00,      7.50,0,1,0,1,2,2
H4,484,2017,852719,     15.00,      0.00,     15.00,      7.50,0,1,0,1,2,2
H4,484,2017,852721,     30.00,     15.00,     15.00,     15.00,0,0,0,2,2,2
H4,484,2017,852729,     30.00,     15.00,     15.00,     15.00,0,0,0,2,2,2
H4,484,2017,852791,     30.00,     15.00,     15.00,     15.00,0,0,0,2,2,2
H4,484,2017,852792,     15.00,     15.00,     15.00,     15.00,0,0,0,1,1,1
H4,484,2017,852799,     30.00,     15.00,     15.00,     15.00,0,0,0,2,2,2
H4,484,2017,852841,      0.00,      0.00,      0.00,      0.00,0,2,0,0,2,2
H4,484,2017,852849,     10.00,      0.00,     10.00,      1.00,0,9,0,1,10,10
H4,484,2017,852851,      0.00,      0.00,      0.00,      0.00,0,2,0,0,2,2
H4,484,2017,852859,     25.00,      0.00,     15.00,      5.00,0,3,0,2,5,5
H4,484,2017,852861,      0.00,      0.00,      0.00,      0.00,0,1,0,0,1,1
H4,484,2017,852869,      0.00,      0.00,      0.00,      0.00,0,5,0,0,5,5
H4,484,2017,852871,     25.00,      0.00,     15.00,      5.00,0,3,0,2,5,5
H4,484,2017,852872,     70.00,      0.00,     15.00,      8.75,0,3,0,5,8,8
H4,484,2017,852873,     15.00,     15.00,     15.00,     15.00,0,0,0,1,1,1
H4,484,2017,852910,      0.00,      0.00,      0.00,      0.00,0,9,0,0,9,9
H4,484,2017,852990,     15.00,      0.00,      5.00,      0.63,0,21,0,3,24,24
H4,484,2017,853010,      0.00,      0.00,      0.00,      0.00,0,1,0,0,1,1
H4,484,2017,853080,      5.00,      0.00,      5.00,      1.67,0,2,0,1,3,3
H4,484,2017,853090,      0.00,      0.00,      0.00,      0.00,0,1,0,0,1,1
H4,484,2017,853110,     45.00,      0.00,     15.00,      7.50,0,3,0,3,6,6
H4,484,2017,853120,      0.00,      0.00,      0.00,      0.00,0,1,0,0,1,1
H4,484,2017,853180,     35.00,      0.00,     15.00,      8.75,0,1,0,3,4,4
H4,484,2017,853190,      0.00,      0.00,      0.00,      0.00,0,3,0,0,3,3
H4,484,2017,853210,      5.00,      0.00,      5.00,      2.50,0,1,0,1,2,2
H4,484,2017,853221,      0.00,      0.00,      0.00,      0.00,0,1,0,0,1,1
H4,484,2017,853222,      0.00,      0.00,      0.00,      0.00,0,4,0,0,4,4
H4,484,2017,853223,      0.00,      0.00,      0.00,      0.00,0,6,0,0,6,6
H4,484,2017,853224,      0.00,      0.00,      0.00,      0.00,0,4,0,0,4,4
H4,484,2017,853225,      5.00,      0.00,      5.00,      1.00,0,4,0,1,5,5
H4,484,2017,853229,      0.00,      0.00,      0.00,      0.00,0,6,0,0,6,6
H4,484,2017,853230,      0.00,      0.00,      0.00,      0.00,0,5,0,0,5,5
H4,484,2017,853290,      0.00,      0.00,      0.00,      0.00,0,1,0,0,1,1
H4,484,2017,853310,      0.00,      0.00,      0.00,      0.00,0,2,0,0,2,2
H4,484,2017,853321,      0.00,      0.00,      0.00,      0.00,0,1,0,0,1,1
H4,484,2017,853329,      0.00,      0.00,      0.00,      0.00,0,2,0,0,2,2
H4,484,2017,853331,      0.00,      0.00,      0.00,      0.00,0,2,0,0,2,2
H4,484,2017,853339,      0.00,      0.00,      0.00,      0.00,0,3,0,0,3,3
H4,484,2017,853340,      0.00,      0.00,      0.00,      0.00,0,8,0,0,8,8
H4,484,2017,853390,      0.00,      0.00,      0.00,      0.00,0,3,0,0,3,3
H4,484,2017,853400,      0.00,      0.00,      0.00,      0.00,0,4,0,0,4,4
H4,484,2017,853510,     15.00,      0.00,     15.00,      3.75,0,3,0,1,4,4
H4,484,2017,853521,      0.00,      0.00,      0.00,      0.00,0,1,0,0,1,1
H4,484,2017,853529,      0.00,      0.00,      0.00,      0.00,0,1,0,0,1,1
H4,484,2017,853530,      0.00,      0.00,      0.00,      0.00,0,7,0,0,7,7
H4,484,2017,853540,      5.00,      0.00,      5.00,      1.67,0,2,0,1,3,3
H4,484,2017,853590,      0.00,      0.00,      0.00,      0.00,0,23,0,0,23,23
H4,484,2017,853610,     30.00,      0.00,     15.00,      5.00,0,4,0,2,6,6
H4,484,2017,853620,      5.00,      0.00,      5.00,      1.67,0,2,0,1,3,3
H4,484,2017,853630,      0.00,      0.00,      0.00,      0.00,0,6,0,0,6,6
H4,484,2017,853641,      5.00,      0.00,      5.00,      0.42,0,11,0,1,12,12
H4,484,2017,853649,      0.00,      0.00,      0.00,      0.00,0,6,0,0,6,6
H4,484,2017,853650,      5.00,      0.00,      5.00,      0.28,0,17,0,1,18,18
H4,484,2017,853661,      0.00,      0.00,      0.00,      0.00,0,4,0,0,4,4
H4,484,2017,853669,      5.00,      0.00,      5.00,      1.67,0,2,0,1,3,3
H4,484,2017,853670,      0.00,      0.00,      0.00,      0.00,0,1,0,0,1,1
H4,484,2017,853690,      5.00,      0.00,      5.00,      0.17,0,28,0,1,29,29
H4,484,2017,853710,     20.00,      0.00,     15.00,      2.86,0,5,0,2,7,7
H4,484,2017,853720,     15.00,      0.00,     15.00,      5.00,0,2,0,1,3,3
H4,484,2017,853810,      0.00,      0.00,      0.00,      0.00,0,1,0,0,1,1
H4,484,2017,853890,      0.00,      0.00,      0.00,      0.00,0,6,0,0,6,6
H4,484,2017,853910,      0.00,      0.00,      0.00,      0.00,0,4,0,0,4,4
H4,484,2017,853921,     10.00,      0.00,     10.00,      5.00,0,1,0,1,2,2
H4,484,2017,853922,     10.00,      0.00,     10.00,      1.67,0,5,0,1,6,6
H4,484,2017,853929,      0.00,      0.00,      0.00,      0.00,0,9,0,0,9,9
H4,484,2017,853931,     10.00,      0.00,     10.00,      5.00,0,1,0,1,2,2
H4,484,2017,853932,      0.00,      0.00,      0.00,      0.00,0,4,0,0,4,4
H4,484,2017,853939,     15.00,      0.00,     10.00,      2.14,0,5,0,2,7,7
H4,484,2017,853941,      0.00,      0.00,      0.00,      0.00,0,1,0,0,1,1
H4,484,2017,853949,      0.00,      0.00,      0.00,      0.00,0,2,0,0,2,2
H4,484,2017,853990,      0.00,      0.00,      0.00,      0.00,0,7,0,0,7,7
H4,484,2017,854011,      0.00,      0.00,      0.00,      0.00,0,6,0,0,6,6
H4,484,2017,854012,      0.00,      0.00,      0.00,      0.00,0,2,0,0,2,2
H4,484,2017,854020,      0.00,      0.00,      0.00,      0.00,0,2,0,0,2,2
H4,484,2017,854040,      0.00,      0.00,      0.00,      0.00,0,1,0,0,1,1
H4,484,2017,854060,      0.00,      0.00,      0.00,      0.00,0,2,0,0,2,2
H4,484,2017,854071,      0.00,      0.00,      0.00,      0.00,0,1,0,0,1,1
H4,484,2017,854079,      0.00,      0.00,      0.00,      0.00,0,1,0,0,1,1
H4,484,2017,854081,      0.00,      0.00,      0.00,      0.00,0,3,0,0,3,3
H4,484,2017,854089,      0.00,      0.00,      0.00,      0.00,0,4,0,0,4,4
H4,484,2017,854091,      0.00,      0.00,      0.00,      0.00,0,5,0,0,5,5
H4,484,2017,854099,      0.00,      0.00,      0.00,      0.00,0,5,0,0,5,5
H4,484,2017,854110,      0.00,      0.00,      0.00,      0.00,0,2,0,0,2,2
H4,484,2017,854121,      0.00,      0.00,      0.00,      0.00,0,1,0,0,1,1
H4,484,2017,854129,      0.00,      0.00,      0.00,      0.00,0,1,0,0,1,1
H4,484,2017,854130,      0.00,      0.00,      0.00,      0.00,0,2,0,0,2,2
H4,484,2017,854140,      0.00,      0.00,      0.00,      0.00,0,3,0,0,3,3
H4,484,2017,854150,      0.00,      0.00,      0.00,      0.00,0,1,0,0,1,1
H4,484,2017,854160,      0.00,      0.00,      0.00,      0.00,0,1,0,0,1,1
H4,484,2017,854190,      0.00,      0.00,      0.00,      0.00,0,2,0,0,2,2
H4,484,2017,854231,      0.00,      0.00,      0.00,      0.00,0,3,0,0,3,3
H4,484,2017,854232,      0.00,      0.00,      0.00,      0.00,0,2,0,0,2,2
H4,484,2017,854233,      0.00,      0.00,      0.00,      0.00,0,2,0,0,2,2
H4,484,2017,854239,      0.00,      0.00,      0.00,      0.00,0,2,0,0,2,2
H4,484,2017,854290,      0.00,      0.00,      0.00,      0.00,0,1,0,0,1,1
H4,484,2017,854310,      0.00,      0.00,      0.00,      0.00,0,1,0,0,1,1
H4,484,2017,854320,      0.00,      0.00,      0.00,      0.00,0,6,0,0,6,6
H4,484,2017,854330,      0.00,      0.00,      0.00,      0.00,0,1,0,0,1,1
H4,484,2017,854370,     30.00,      0.00,     15.00,      1.67,0,15,0,3,18,18
H4,484,2017,854390,      0.00,      0.00,      0.00,      0.00,0,3,0,0,3,3
H4,484,2017,854411,      5.00,      5.00,      5.00,      5.00,0,0,0,1,1,1
H4,484,2017,854419,     10.00,      5.00,      5.00,      5.00,0,0,0,2,2,2
H4,484,2017,854420,     10.00,      0.00,      5.00,      2.50,0,2,0,2,4,4
H4,484,2017,854430,     10.00,      0.00,      5.00,      3.33,0,1,0,2,3,3
H4,484,2017,854442,     25.00,      0.00,      5.00,      4.17,0,1,0,5,6,6
H4,484,2017,854449,     30.00,      0.00,      5.00,      4.29,0,1,0,6,7,7
H4,484,2017,854460,     10.00,      5.00,      5.00,      5.00,0,0,0,2,2,2
H4,484,2017,854470,      0.00,      0.00,      0.00,      0.00,0,1,0,0,1,1
H4,484,2017,854511,      0.00,      0.00,      0.00,      0.00,0,1,0,0,1,1
H4,484,2017,854519,      0.00,      0.00,      0.00,      0.00,0,1,0,0,1,1
H4,484,2017,854520,      0.00,      0.00,      0.00,      0.00,0,1,0,0,1,1
H4,484,2017,854590,      0.00,      0.00,      0.00,      0.00,0,3,0,0,3,3
H4,484,2017,854610,      5.00,      0.00,      5.00,      1.25,0,3,0,1,4,4
H4,484,2017,854620,      5.00,      0.00,      5.00,      0.83,0,5,0,1,6,6
H4,484,2017,854690,      5.00,      0.00,      5.00,      1.25,0,3,0,1,4,4
H4,484,2017,854710,      0.00,      0.00,      0.00,      0.00,0,7,0,0,7,7
H4,484,2017,854720,      0.00,      0.00,      0.00,      0.00,0,4,0,0,4,4
H4,484,2017,854790,      0.00,      0.00,      0.00,      0.00,0,13,0,0,13,13
H4,484,2017,854810,     15.00,     15.00,     15.00,     15.00,0,0,0,1,1,1
H4,484,2017,854890,      0.00,      0.00,      0.00,      0.00,0,5,0,0,5,5
H4,484,2017,860110,      0.00,      0.00,      0.00,      0.00,0,1,0,0,1,1
H4,484,2017,860120,      0.00,      0.00,      0.00,      0.00,0,1,0,0,1,1
H4,484,2017,860210,      0.00,      0.00,      0.00,      0.00,0,1,0,0,1,1
H4,484,2017,860290,      0.00,      0.00,      0.00,      0.00,0,1,0,0,1,1
H4,484,2017,860310,      0.00,      0.00,      0.00,      0.00,0,1,0,0,1,1
H4,484,2017,860390,      0.00,      0.00,      0.00,      0.00,0,1,0,0,1,1
H4,484,2017,860400,     15.00,      5.00,      5.00,      5.00,0,0,0,3,3,3
H4,484,2017,860500,     15.00,      5.00,     10.00,      7.50,0,0,0,2,2,2
H4,484,2017,860610,      5.00,      5.00,      5.00,      5.00,0,0,0,1,1,1
H4,484,2017,860630,      0.00,      0.00,      0.00,      0.00,0,1,0,0,1,1
H4,484,2017,860691,     10.00,      5.00,      5.00,      5.00,0,0,0,2,2,2
H4,484,2017,860692,      5.00,      5.00,      5.00,      5.00,0,0,0,1,1,1
H4,484,2017,860699,      0.00,      0.00,      0.00,      0.00,0,1,0,0,1,1
H4,484,2017,860711,      0.00,      0.00,      0.00,      0.00,0,1,0,0,1,1
H4,484,2017,860712,      0.00,      0.00,      0.00,      0.00,0,1,0,0,1,1
H4,484,2017,860719,      0.00,      0.00,      0.00,      0.00,0,7,0,0,7,7
H4,484,2017,860721,      0.00,      0.00,      0.00,      0.00,0,2,0,0,2,2
H4,484,2017,860729,      0.00,      0.00,      0.00,      0.00,0,1,0,0,1,1
H4,484,2017,860730,      0.00,      0.00,      0.00,      0.00,0,1,0,0,1,1
H4,484,2017,860791,      0.00,      0.00,      0.00,      0.00,0,2,0,0,2,2
H4,484,2017,860799,      0.00,      0.00,      0.00,      0.00,0,1,0,0,1,1
H4,484,2017,860800,      0.00,      0.00,      0.00,      0.00,0,4,0,0,4,4
H4,484,2017,860900,     15.00,     15.00,     15.00,     15.00,0,0,0,1,1,1
H4,484,2017,870110,      0.00,      0.00,      0.00,      0.00,0,1,0,0,1,1
H4,484,2017,870120,     70.00,     20.00,     50.00,     35.00,0,0,0,2,2,2
H4,484,2017,870130,     15.00,      0.00,     15.00,      7.50,0,1,0,1,2,2
H4,484,2017,870190,      5.00,      0.00,      5.00,      0.56,0,8,0,1,9,9
H4,484,2017,870210,    130.00,     20.00,     50.00,     26.00,0,0,0,5,5,5
H4,484,2017,870290,    145.00,     15.00,     50.00,     24.17,0,0,0,6,6,6
H4,484,2017,870310,     45.00,     15.00,     15.00,     15.00,0,0,0,3,3,3
H4,484,2017,870321,     85.00,     15.00,     50.00,     28.33,0,0,0,3,3,3
H4,484,2017,870322,     70.00,     20.00,     50.00,     35.00,0,0,0,2,2,2
H4,484,2017,870323,     70.00,     20.00,     50.00,     35.00,0,0,0,2,2,2
H4,484,2017,870324,     70.00,     20.00,     50.00,     35.00,0,0,0,2,2,2
H4,484,2017,870331,     70.00,     20.00,     50.00,     35.00,0,0,0,2,2,2
H4,484,2017,870332,     70.00,     20.00,     50.00,     35.00,0,0,0,2,2,2
H4,484,2017,870333,     70.00,     20.00,     50.00,     35.00,0,0,0,2,2,2
H4,484,2017,870390,     85.00,     15.00,     50.00,     28.33,0,0,0,3,3,3
H4,484,2017,870410,      0.00,      0.00,      0.00,      0.00,0,2,0,0,2,2
H4,484,2017,870421,    115.00,      5.00,     50.00,     23.00,0,0,0,5,5,5
H4,484,2017,870422,    175.00,      5.00,     50.00,     21.88,0,0,0,8,8,8
H4,484,2017,870423,     75.00,      5.00,     50.00,     25.00,0,0,0,3,3,3
H4,484,2017,870431,    110.00,      5.00,     50.00,     22.00,0,0,0,5,5,5
H4,484,2017,870432,    175.00,      5.00,     50.00,     21.88,0,0,0,8,8,8
H4,484,2017,870490,     30.00,     15.00,     15.00,     15.00,0,0,0,2,2,2
H4,484,2017,870510,     15.00,     15.00,     15.00,     15.00,0,0,0,1,1,1
H4,484,2017,870520,     20.00,      5.00,     15.00,     10.00,0,0,0,2,2,2
H4,484,2017,870530,      5.00,      5.00,      5.00,      5.00,0,0,0,1,1,1
H4,484,2017,870540,     70.00,     20.00,     50.00,     35.00,0,0,0,2,2,2
H4,484,2017,870590,     15.00,      0.00,     15.00,      5.00,0,2,0,1,3,3
H4,484,2017,870600,     40.00,      0.00,     20.00,     13.33,0,1,0,2,3,3
H4,484,2017,870710,      0.00,      0.00,      0.00,      0.00,0,2,0,0,2,2
H4,484,2017,870790,      5.00,      0.00,      5.00,      1.67,0,2,0,1,3,3
H4,484,2017,870810,     10.00,      0.00,      5.00,      2.50,0,2,0,2,4,4
H4,484,2017,870821,      0.00,      0.00,      0.00,      0.00,0,1,0,0,1,1
H4,484,2017,870829,     20.00,      0.00,      5.00,      0.80,0,21,0,4,25,25
H4,484,2017,870830,     20.00,      0.00,      5.00,      1.33,0,11,0,4,15,15
H4,484,2017,870840,     10.00,      0.00,      5.00,      1.11,0,7,0,2,9,9
H4,484,2017,870850,     50.00,      0.00,      5.00,      1.61,0,21,0,10,31,31
H4,484,2017,870870,      5.00,      0.00,      5.00,      0.63,0,7,0,1,8,8
H4,484,2017,870880,     40.00,      0.00,      5.00,      3.08,0,5,0,8,13,13
H4,484,2017,870891,      5.00,      0.00,      5.00,      1.67,0,2,0,1,3,3
H4,484,2017,870892,      0.00,      0.00,      0.00,      0.00,0,3,0,0,3,3
H4,484,2017,870893,      0.00,      0.00,      0.00,      0.00,0,5,0,0,5,5
H4,484,2017,870894,      0.00,      0.00,      0.00,      0.00,0,12,0,0,12,12
H4,484,2017,870895,      0.00,      0.00,      0.00,      0.00,0,2,0,0,2,2
H4,484,2017,870899,     20.00,      0.00,      5.00,      1.33,0,11,0,4,15,15
H4,484,2017,870911,      0.00,      0.00,      0.00,      0.00,0,1,0,0,1,1
H4,484,2017,870919,      0.00,      0.00,      0.00,      0.00,0,3,0,0,3,3
H4,484,2017,870990,      0.00,      0.00,      0.00,      0.00,0,1,0,0,1,1
H4,484,2017,871000,      5.00,      5.00,      5.00,      5.00,0,0,0,1,1,1
H4,484,2017,871110,     45.00,     15.00,     15.00,     15.00,0,0,0,3,3,3
H4,484,2017,871120,     60.00,     15.00,     15.00,     15.00,0,0,0,4,4,4
H4,484,2017,871130,     60.00,     15.00,     15.00,     15.00,0,0,0,4,4,4
H4,484,2017,871140,     30.00,      0.00,     15.00,      7.50,0,2,0,2,4,4
H4,484,2017,871150,      0.00,      0.00,      0.00,      0.00,0,3,0,0,3,3
H4,484,2017,871190,     15.00,      0.00,     15.00,      7.50,0,1,0,1,2,2
H4,484,2017,871200,     75.00,     15.00,     15.00,     15.00,0,0,0,5,5,5
H4,484,2017,871310,      0.00,      0.00,      0.00,      0.00,0,1,0,0,1,1
H4,484,2017,871390,      0.00,      0.00,      0.00,      0.00,0,1,0,0,1,1
H4,484,2017,871410,      5.00,      0.00,      5.00,      1.25,0,3,0,1,4,4
H4,484,2017,871420,      0.00,      0.00,      0.00,      0.00,0,1,0,0,1,1
H4,484,2017,871491,      0.00,      0.00,      0.00,      0.00,0,1,0,0,1,1
H4,484,2017,871492,      0.00,      0.00,      0.00,      0.00,0,1,0,0,1,1
H4,484,2017,871493,      0.00,      0.00,      0.00,      0.00,0,1,0,0,1,1
H4,484,2017,871494,      5.00,      0.00,      5.00,      2.50,0,1,0,1,2,2
H4,484,2017,871495,      0.00,      0.00,      0.00,      0.00,0,1,0,0,1,1
H4,484,2017,871496,      0.00,      0.00,      0.00,      0.00,0,1,0,0,1,1
H4,484,2017,871499,      0.00,      0.00,      0.00,      0.00,0,1,0,0,1,1
H4,484,2017,871500,     15.00,      5.00,     10.00,      7.50,0,0,0,2,2,2
H4,484,2017,871610,     15.00,     15.00,     15.00,     15.00,0,0,0,1,1,1
H4,484,2017,871620,     60.00,     15.00,     15.00,     15.00,0,0,0,4,4,4
H4,484,2017,871631,     45.00,     15.00,     15.00,     15.00,0,0,0,3,3,3
H4,484,2017,871639,     90.00,      0.00,     15.00,     10.00,0,3,0,6,9,9
H4,484,2017,871640,     15.00,     15.00,     15.00,     15.00,0,0,0,1,1,1
H4,484,2017,871680,     60.00,     15.00,     15.00,     15.00,0,0,0,4,4,4
H4,484,2017,871690,      5.00,      0.00,      5.00,      1.25,0,3,0,1,4,4
H4,484,2017,880100,     30.00,     15.00,     15.00,     15.00,0,0,0,2,2,2
H4,484,2017,880211,     15.00,      0.00,     15.00,      7.50,0,1,0,1,2,2
H4,484,2017,880212,     20.00,      5.00,     15.00,     10.00,0,0,0,2,2,2
H4,484,2017,880220,     20.00,      5.00,     15.00,     10.00,0,0,0,2,2,2
H4,484,2017,880230,     20.00,      0.00,     15.00,      6.67,0,1,0,2,3,3
H4,484,2017,880240,      0.00,      0.00,      0.00,      0.00,0,1,0,0,1,1
H4,484,2017,880260,      5.00,      5.00,      5.00,      5.00,0,0,0,1,1,1
H4,484,2017,880310,      0.00,      0.00,      0.00,      0.00,0,1,0,0,1,1
H4,484,2017,880320,      0.00,      0.00,      0.00,      0.00,0,1,0,0,1,1
H4,484,2017,880330,      0.00,      0.00,      0.00,      0.00,0,1,0,0,1,1
H4,484,2017,880390,      5.00,      5.00,      5.00,      5.00,0,0,0,1,1,1
H4,484,2017,880400,     10.00,     10.00,     10.00,     10.00,0,0,0,1,1,1
H4,484,2017,880510,      5.00,      5.00,      5.00,      5.00,0,0,0,1,1,1
H4,484,2017,880521,      0.00,      0.00,      0.00,      0.00,0,1,0,0,1,1
H4,484,2017,880529,      0.00,      0.00,      0.00,      0.00,0,1,0,0,1,1
H4,484,2017,890110,      5.00,      0.00,      5.00,      2.50,0,1,0,1,2,2
H4,484,2017,890120,     20.00,      5.00,     15.00,     10.00,0,0,0,2,2,2
H4,484,2017,890130,     20.00,      5.00,     15.00,     10.00,0,0,0,2,2,2
H4,484,2017,890190,     45.00,      5.00,     15.00,     11.25,0,0,0,4,4,4
H4,484,2017,890200,     15.00,      5.00,      5.00,      5.00,0,0,0,3,3,3
H4,484,2017,890310,     15.00,     15.00,     15.00,     15.00,0,0,0,1,1,1
H4,484,2017,890391,     15.00,     15.00,     15.00,     15.00,0,0,0,1,1,1
H4,484,2017,890392,     15.00,     15.00,     15.00,     15.00,0,0,0,1,1,1
H4,484,2017,890399,     15.00,     15.00,     15.00,     15.00,0,0,0,1,1,1
H4,484,2017,890400,      5.00,      5.00,      5.00,      5.00,0,0,0,1,1,1
H4,484,2017,890510,      0.00,      0.00,      0.00,      0.00,0,1,0,0,1,1
H4,484,2017,890520,      0.00,      0.00,      0.00,      0.00,0,1,0,0,1,1
H4,484,2017,890590,      5.00,      0.00,      5.00,      2.50,0,1,0,1,2,2
H4,484,2017,890610,     10.00,     10.00,     10.00,     10.00,0,0,0,1,1,1
H4,484,2017,890690,     10.00,     10.00,     10.00,     10.00,0,0,0,1,1,1
H4,484,2017,890710,     10.00,     10.00,     10.00,     10.00,0,0,0,1,1,1
H4,484,2017,890790,     10.00,     10.00,     10.00,     10.00,0,0,0,1,1,1
H4,484,2017,890800,      0.00,      0.00,      0.00,      0.00,0,1,0,0,1,1
H4,484,2017,900110,      0.00,      0.00,      0.00,      0.00,0,2,0,0,2,2
H4,484,2017,900120,      0.00,      0.00,      0.00,      0.00,0,1,0,0,1,1
H4,484,2017,900130,     20.00,      0.00,     10.00,      6.67,0,1,0,2,3,3
H4,484,2017,900140,     15.00,      5.00,      5.00,      5.00,0,0,0,3,3,3
H4,484,2017,900150,      0.00,      0.00,      0.00,      0.00,0,2,0,0,2,2
H4,484,2017,900190,      0.00,      0.00,      0.00,      0.00,0,2,0,0,2,2
H4,484,2017,900211,      0.00,      0.00,      0.00,      0.00,0,1,0,0,1,1
H4,484,2017,900219,      0.00,      0.00,      0.00,      0.00,0,1,0,0,1,1
H4,484,2017,900220,      0.00,      0.00,      0.00,      0.00,0,1,0,0,1,1
H4,484,2017,900290,      0.00,      0.00,      0.00,      0.00,0,1,0,0,1,1
H4,484,2017,900311,      0.00,      0.00,      0.00,      0.00,0,1,0,0,1,1
H4,484,2017,900319,      0.00,      0.00,      0.00,      0.00,0,1,0,0,1,1
H4,484,2017,900390,      0.00,      0.00,      0.00,      0.00,0,2,0,0,2,2
H4,484,2017,900410,     10.00,     10.00,     10.00,     10.00,0,0,0,1,1,1
H4,484,2017,900490,     10.00,     10.00,     10.00,     10.00,0,0,0,1,1,1
H4,484,2017,900510,     10.00,     10.00,     10.00,     10.00,0,0,0,1,1,1
H4,484,2017,900580,     10.00,     10.00,     10.00,     10.00,0,0,0,1,1,1
H4,484,2017,900590,      5.00,      0.00,      5.00,      1.67,0,2,0,1,3,3
H4,484,2017,900610,      0.00,      0.00,      0.00,      0.00,0,1,0,0,1,1
H4,484,2017,900630,      0.00,      0.00,      0.00,      0.00,0,1,0,0,1,1
H4,484,2017,900640,     10.00,     10.00,     10.00,     10.00,0,0,0,1,1,1
H4,484,2017,900651,     10.00,     10.00,     10.00,     10.00,0,0,0,1,1,1
H4,484,2017,900652,     10.00,      0.00,     10.00,      5.00,0,1,0,1,2,2
H4,484,2017,900653,     10.00,      0.00,     10.00,      5.00,0,1,0,1,2,2
H4,484,2017,900659,      0.00,      0.00,      0.00,      0.00,0,3,0,0,3,3
H4,484,2017,900661,      5.00,      5.00,      5.00,      5.00,0,0,0,1,1,1
H4,484,2017,900669,     20.00,     10.00,     10.00,     10.00,0,0,0,2,2,2
H4,484,2017,900691,     10.00,      0.00,     10.00,      3.33,0,2,0,1,3,3
H4,484,2017,900699,      0.00,      0.00,      0.00,      0.00,0,1,0,0,1,1
H4,484,2017,900710,     15.00,      0.00,     10.00,      5.00,0,1,0,2,3,3
H4,484,2017,900720,      0.00,      0.00,      0.00,      0.00,0,1,0,0,1,1
H4,484,2017,900791,      0.00,      0.00,      0.00,      0.00,0,1,0,0,1,1
H4,484,2017,900792,      0.00,      0.00,      0.00,      0.00,0,1,0,0,1,1
H4,484,2017,900850,      0.00,      0.00,      0.00,      0.00,0,1,0,0,1,1
H4,484,2017,900890,      0.00,      0.00,      0.00,      0.00,0,2,0,0,2,2
H4,484,2017,901010,      0.00,      0.00,      0.00,      0.00,0,1,0,0,1,1
H4,484,2017,901050,      0.00,      0.00,      0.00,      0.00,0,1,0,0,1,1
H4,484,2017,901060,     15.00,     15.00,     15.00,     15.00,0,0,0,1,1,1
H4,484,2017,901090,      0.00,      0.00,      0.00,      0.00,0,1,0,0,1,1
H4,484,2017,901110,     15.00,      0.00,     15.00,      7.50,0,1,0,1,2,2
H4,484,2017,901120,     15.00,     15.00,     15.00,     15.00,0,0,0,1,1,1
H4,484,2017,901180,     15.00,     15.00,     15.00,     15.00,0,0,0,1,1,1
H4,484,2017,901190,      0.00,      0.00,      0.00,      0.00,0,1,0,0,1,1
H4,484,2017,901210,      0.00,      0.00,      0.00,      0.00,0,1,0,0,1,1
H4,484,2017,901290,      0.00,      0.00,      0.00,      0.00,0,1,0,0,1,1
H4,484,2017,901310,      0.00,      0.00,      0.00,      0.00,0,1,0,0,1,1
H4,484,2017,901320,      0.00,      0.00,      0.00,      0.00,0,1,0,0,1,1
H4,484,2017,901380,      0.00,      0.00,      0.00,      0.00,0,2,0,0,2,2
H4,484,2017,901390,      0.00,      0.00,      0.00,      0.00,0,1,0,0,1,1
H4,484,2017,901410,     10.00,      0.00,     10.00,      2.50,0,3,0,1,4,4
H4,484,2017,901420,      0.00,      0.00,      0.00,      0.00,0,1,0,0,1,1
H4,484,2017,901480,      0.00,      0.00,      0.00,      0.00,0,3,0,0,3,3
H4,484,2017,901490,      0.00,      0.00,      0.00,      0.00,0,2,0,0,2,2
H4,484,2017,901510,      0.00,      0.00,      0.00,      0.00,0,1,0,0,1,1
H4,484,2017,901520,     25.00,     10.00,     15.00,     12.50,0,0,0,2,2,2
H4,484,2017,901530,      0.00,      0.00,      0.00,      0.00,0,1,0,0,1,1
H4,484,2017,901540,      0.00,      0.00,      0.00,      0.00,0,1,0,0,1,1
H4,484,2017,901580,     20.00,      0.00,      5.00,      2.50,0,4,0,4,8,8
H4,484,2017,901590,      0.00,      0.00,      0.00,      0.00,0,1,0,0,1,1
H4,484,2017,901600,      0.00,      0.00,      0.00,      0.00,0,2,0,0,2,2
H4,484,2017,901710,     30.00,      0.00,     15.00,     10.00,0,1,0,2,3,3
H4,484,2017,901720,     15.00,      0.00,     15.00,      7.50,0,1,0,1,2,2
H4,484,2017,901730,      0.00,      0.00,      0.00,      0.00,0,2,0,0,2,2
H4,484,2017,901780,     45.00,      0.00,     15.00,      9.00,0,2,0,3,5,5
H4,484,2017,901790,      0.00,      0.00,      0.00,      0.00,0,2,0,0,2,2
H4,484,2017,901811,      5.00,      0.00,      5.00,      2.50,0,1,0,1,2,2
H4,484,2017,901812,      5.00,      5.00,      5.00,      5.00,0,0,0,1,1,1
H4,484,2017,901813,      0.00,      0.00,      0.00,      0.00,0,1,0,0,1,1
H4,484,2017,901814,      0.00,      0.00,      0.00,      0.00,0,1,0,0,1,1
H4,484,2017,901819,      0.00,      0.00,      0.00,      0.00,0,11,0,0,11,11
H4,484,2017,901820,      0.00,      0.00,      0.00,      0.00,0,1,0,0,1,1
H4,484,2017,901831,     10.00,      0.00,     10.00,      5.00,0,1,0,1,2,2
H4,484,2017,901832,     25.00,      0.00,     10.00,      5.00,0,2,0,3,5,5
H4,484,2017,901839,     30.00,      0.00,     15.00,      5.00,0,2,0,4,6,6
H4,484,2017,901841,     15.00,      5.00,     10.00,      7.50,0,0,0,2,2,2
H4,484,2017,901849,     50.00,      5.00,     10.00,      7.14,0,0,0,7,7,7
H4,484,2017,901850,      5.00,      5.00,      5.00,      5.00,0,0,0,1,1,1
H4,484,2017,901890,    180.00,      0.00,     15.00,      5.63,0,11,0,21,32,32
H4,484,2017,901910,     20.00,      5.00,     10.00,      6.67,0,0,0,3,3,3
H4,484,2017,901920,      0.00,      0.00,      0.00,      0.00,0,1,0,0,1,1
H4,484,2017,902000,     20.00,      0.00,     10.00,      5.00,0,1,0,3,4,4
H4,484,2017,902110,     30.00,      5.00,      5.00,      5.00,0,0,0,6,6,6
H4,484,2017,902121,     10.00,      5.00,      5.00,      5.00,0,0,0,2,2,2
H4,484,2017,902129,      5.00,      5.00,      5.00,      5.00,0,0,0,1,1,1
H4,484,2017,902131,      5.00,      5.00,      5.00,      5.00,0,0,0,1,1,1
H4,484,2017,902139,     15.00,      0.00,      5.00,      3.00,0,2,0,3,5,5
H4,484,2017,902140,      5.00,      5.00,      5.00,      5.00,0,0,0,1,1,1
H4,484,2017,902150,      0.00,      0.00,      0.00,      0.00,0,1,0,0,1,1
H4,484,2017,902190,      0.00,      0.00,      0.00,      0.00,0,1,0,0,1,1
H4,484,2017,902212,      0.00,      0.00,      0.00,      0.00,0,1,0,0,1,1
H4,484,2017,902213,      0.00,      0.00,      0.00,      0.00,0,1,0,0,1,1
H4,484,2017,902214,      0.00,      0.00,      0.00,      0.00,0,2,0,0,2,2
H4,484,2017,902219,      0.00,      0.00,      0.00,      0.00,0,1,0,0,1,1
H4,484,2017,902221,      0.00,      0.00,      0.00,      0.00,0,2,0,0,2,2
H4,484,2017,902229,      0.00,      0.00,      0.00,      0.00,0,1,0,0,1,1
H4,484,2017,902230,      0.00,      0.00,      0.00,      0.00,0,1,0,0,1,1
H4,484,2017,902290,      0.00,      0.00,      0.00,      0.00,0,4,0,0,4,4
H4,484,2017,902300,      0.00,      0.00,      0.00,      0.00,0,1,0,0,1,1
H4,484,2017,902410,      0.00,      0.00,      0.00,      0.00,0,1,0,0,1,1
H4,484,2017,902480,      0.00,      0.00,      0.00,      0.00,0,1,0,0,1,1
H4,484,2017,902490,      0.00,      0.00,      0.00,      0.00,0,1,0,0,1,1
H4,484,2017,902511,     15.00,      0.00,     15.00,      7.50,0,1,0,1,2,2
H4,484,2017,902519,     15.00,      0.00,     15.00,      3.00,0,4,0,1,5,5
H4,484,2017,902580,     15.00,      0.00,     15.00,      3.75,0,3,0,1,4,4
H4,484,2017,902590,      0.00,      0.00,      0.00,      0.00,0,1,0,0,1,1
H4,484,2017,902610,      0.00,      0.00,      0.00,      0.00,0,7,0,0,7,7
H4,484,2017,902620,     20.00,      0.00,     15.00,      2.86,0,5,0,2,7,7
H4,484,2017,902680,      0.00,      0.00,      0.00,      0.00,0,3,0,0,3,3
H4,484,2017,902690,      0.00,      0.00,      0.00,      0.00,0,1,0,0,1,1
H4,484,2017,902710,      0.00,      0.00,      0.00,      0.00,0,1,0,0,1,1
H4,484,2017,902720,      0.00,      0.00,      0.00,      0.00,0,1,0,0,1,1
H4,484,2017,902730,      0.00,      0.00,      0.00,      0.00,0,1,0,0,1,1
H4,484,2017,902750,      0.00,      0.00,      0.00,      0.00,0,1,0,0,1,1
H4,484,2017,902780,      0.00,      0.00,      0.00,      0.00,0,4,0,0,4,4
H4,484,2017,902790,      0.00,      0.00,      0.00,      0.00,0,4,0,0,4,4
H4,484,2017,902810,      0.00,      0.00,      0.00,      0.00,0,1,0,0,1,1
H4,484,2017,902820,     30.00,      0.00,     15.00,      7.50,0,2,0,2,4,4
H4,484,2017,902830,      5.00,      0.00,      5.00,      2.50,0,1,0,1,2,2
H4,484,2017,902890,      0.00,      0.00,      0.00,      0.00,0,3,0,0,3,3
H4,484,2017,902910,     15.00,      0.00,     15.00,      3.00,0,4,0,1,5,5
H4,484,2017,902920,      0.00,      0.00,      0.00,      0.00,0,6,0,0,6,6
H4,484,2017,902990,      0.00,      0.00,      0.00,      0.00,0,1,0,0,1,1
H4,484,2017,903010,      0.00,      0.00,      0.00,      0.00,0,1,0,0,1,1
H4,484,2017,903020,      0.00,      0.00,      0.00,      0.00,0,2,0,0,2,2
H4,484,2017,903031,      0.00,      0.00,      0.00,      0.00,0,1,0,0,1,1
H4,484,2017,903032,      0.00,      0.00,      0.00,      0.00,0,1,0,0,1,1
H4,484,2017,903033,      0.00,      0.00,      0.00,      0.00,0,7,0,0,7,7
H4,484,2017,903039,      0.00,      0.00,      0.00,      0.00,0,1,0,0,1,1
H4,484,2017,903040,      0.00,      0.00,      0.00,      0.00,0,2,0,0,2,2
H4,484,2017,903082,      0.00,      0.00,      0.00,      0.00,0,1,0,0,1,1
H4,484,2017,903084,      0.00,      0.00,      0.00,      0.00,0,1,0,0,1,1
H4,484,2017,903089,      0.00,      0.00,      0.00,      0.00,0,5,0,0,5,5
H4,484,2017,903090,      0.00,      0.00,      0.00,      0.00,0,5,0,0,5,5
H4,484,2017,903110,      0.00,      0.00,      0.00,      0.00,0,1,0,0,1,1
H4,484,2017,903120,      0.00,      0.00,      0.00,      0.00,0,2,0,0,2,2
H4,484,2017,903141,      0.00,      0.00,      0.00,      0.00,0,1,0,0,1,1
H4,484,2017,903149,      0.00,      0.00,      0.00,      0.00,0,3,0,0,3,3
H4,484,2017,903180,     20.00,      0.00,     15.00,      2.50,0,6,0,2,8,8
H4,484,2017,903190,      0.00,      0.00,      0.00,      0.00,0,3,0,0,3,3
H4,484,2017,903210,     25.00,      0.00,     15.00,      5.00,0,2,0,3,5,5
H4,484,2017,903220,     15.00,     15.00,     15.00,     15.00,0,0,0,1,1,1
H4,484,2017,903281,      0.00,      0.00,      0.00,      0.00,0,2,0,0,2,2
H4,484,2017,903289,     35.00,      0.00,     15.00,      5.00,0,4,0,3,7,7
H4,484,2017,903290,      0.00,      0.00,      0.00,      0.00,0,2,0,0,2,2
H4,484,2017,903300,      0.00,      0.00,      0.00,      0.00,0,1,0,0,1,1
H4,484,2017,910111,      0.00,      0.00,      0.00,      0.00,0,1,0,0,1,1
H4,484,2017,910119,      0.00,      0.00,      0.00,      0.00,0,2,0,0,2,2
H4,484,2017,910121,      0.00,      0.00,      0.00,      0.00,0,1,0,0,1,1
H4,484,2017,910129,      0.00,      0.00,      0.00,      0.00,0,1,0,0,1,1
H4,484,2017,910191,      0.00,      0.00,      0.00,      0.00,0,1,0,0,1,1
H4,484,2017,910199,      0.00,      0.00,      0.00,      0.00,0,1,0,0,1,1
H4,484,2017,910211,      0.00,      0.00,      0.00,      0.00,0,1,0,0,1,1
H4,484,2017,910212,      0.00,      0.00,      0.00,      0.00,0,1,0,0,1,1
H4,484,2017,910219,      0.00,      0.00,      0.00,      0.00,0,1,0,0,1,1
H4,484,2017,910221,      0.00,      0.00,      0.00,      0.00,0,1,0,0,1,1
H4,484,2017,910229,      0.00,      0.00,      0.00,      0.00,0,1,0,0,1,1
H4,484,2017,910291,      0.00,      0.00,      0.00,      0.00,0,1,0,0,1,1
H4,484,2017,910299,      0.00,      0.00,      0.00,      0.00,0,1,0,0,1,1
H4,484,2017,910310,      0.00,      0.00,      0.00,      0.00,0,1,0,0,1,1
H4,484,2017,910390,      0.00,      0.00,      0.00,      0.00,0,1,0,0,1,1
H4,484,2017,910400,      0.00,      0.00,      0.00,      0.00,0,4,0,0,4,4
H4,484,2017,910511,      0.00,      0.00,      0.00,      0.00,0,2,0,0,2,2
H4,484,2017,910519,      0.00,      0.00,      0.00,      0.00,0,1,0,0,1,1
H4,484,2017,910521,      0.00,      0.00,      0.00,      0.00,0,1,0,0,1,1
H4,484,2017,910529,      0.00,      0.00,      0.00,      0.00,0,1,0,0,1,1
H4,484,2017,910591,      0.00,      0.00,      0.00,      0.00,0,2,0,0,2,2
H4,484,2017,910599,      0.00,      0.00,      0.00,      0.00,0,2,0,0,2,2
H4,484,2017,910610,      0.00,      0.00,      0.00,      0.00,0,2,0,0,2,2
H4,484,2017,910690,      0.00,      0.00,      0.00,      0.00,0,2,0,0,2,2
H4,484,2017,910700,      0.00,      0.00,      0.00,      0.00,0,1,0,0,1,1
H4,484,2017,910811,      0.00,      0.00,      0.00,      0.00,0,1,0,0,1,1
H4,484,2017,910812,      0.00,      0.00,      0.00,      0.00,0,1,0,0,1,1
H4,484,2017,910819,      0.00,      0.00,      0.00,      0.00,0,1,0,0,1,1
H4,484,2017,910820,      0.00,      0.00,      0.00,      0.00,0,1,0,0,1,1
H4,484,2017,910890,      0.00,      0.00,      0.00,      0.00,0,1,0,0,1,1
H4,484,2017,910910,      0.00,      0.00,      0.00,      0.00,0,1,0,0,1,1
H4,484,2017,910990,      0.00,      0.00,      0.00,      0.00,0,1,0,0,1,1
H4,484,2017,911011,      0.00,      0.00,      0.00,      0.00,0,1,0,0,1,1
H4,484,2017,911012,      0.00,      0.00,      0.00,      0.00,0,1,0,0,1,1
H4,484,2017,911019,      0.00,      0.00,      0.00,      0.00,0,1,0,0,1,1
H4,484,2017,911090,      0.00,      0.00,      0.00,      0.00,0,1,0,0,1,1
H4,484,2017,911110,      0.00,      0.00,      0.00,      0.00,0,2,0,0,2,2
H4,484,2017,911120,      0.00,      0.00,      0.00,      0.00,0,1,0,0,1,1
H4,484,2017,911180,      0.00,      0.00,      0.00,      0.00,0,1,0,0,1,1
H4,484,2017,911190,      0.00,      0.00,      0.00,      0.00,0,1,0,0,1,1
H4,484,2017,911220,      0.00,      0.00,      0.00,      0.00,0,2,0,0,2,2
H4,484,2017,911290,      0.00,      0.00,      0.00,      0.00,0,1,0,0,1,1
H4,484,2017,911310,      0.00,      0.00,      0.00,      0.00,0,2,0,0,2,2
H4,484,2017,911320,      0.00,      0.00,      0.00,      0.00,0,2,0,0,2,2
H4,484,2017,911390,      0.00,      0.00,      0.00,      0.00,0,2,0,0,2,2
H4,484,2017,911410,      0.00,      0.00,      0.00,      0.00,0,1,0,0,1,1
H4,484,2017,911430,      0.00,      0.00,      0.00,      0.00,0,1,0,0,1,1
H4,484,2017,911440,      0.00,      0.00,      0.00,      0.00,0,1,0,0,1,1
H4,484,2017,911490,      0.00,      0.00,      0.00,      0.00,0,3,0,0,3,3
H4,484,2017,920110,      0.00,      0.00,      0.00,      0.00,0,1,0,0,1,1
H4,484,2017,920120,      0.00,      0.00,      0.00,      0.00,0,1,0,0,1,1
H4,484,2017,920190,     40.00,     10.00,     15.00,     13.33,0,0,0,3,3,3
H4,484,2017,920210,      0.00,      0.00,      0.00,      0.00,0,1,0,0,1,1
H4,484,2017,920290,     25.00,      0.00,     15.00,      8.33,0,1,0,2,3,3
H4,484,2017,920510,      0.00,      0.00,      0.00,      0.00,0,1,0,0,1,1
H4,484,2017,920590,     30.00,      0.00,     10.00,      6.00,0,2,0,3,5,5
H4,484,2017,920600,     10.00,     10.00,     10.00,     10.00,0,0,0,1,1,1
H4,484,2017,920710,     25.00,      0.00,     15.00,      8.33,0,1,0,2,3,3
H4,484,2017,920790,      0.00,      0.00,      0.00,      0.00,0,1,0,0,1,1
H4,484,2017,920810,     15.00,     15.00,     15.00,     15.00,0,0,0,1,1,1
H4,484,2017,920890,     15.00,     15.00,     15.00,     15.00,0,0,0,1,1,1
H4,484,2017,920930,      0.00,      0.00,      0.00,      0.00,0,1,0,0,1,1
H4,484,2017,920991,      5.00,      0.00,      5.00,      2.50,0,1,0,1,2,2
H4,484,2017,920992,      0.00,      0.00,      0.00,      0.00,0,1,0,0,1,1
H4,484,2017,920994,      5.00,      0.00,      5.00,      2.50,0,1,0,1,2,2
H4,484,2017,920999,      0.00,      0.00,      0.00,      0.00,0,4,0,0,4,4
H4,484,2017,930110,     10.00,      5.00,      5.00,      5.00,0,0,0,2,2,2
H4,484,2017,930120,      5.00,      5.00,      5.00,      5.00,0,0,0,1,1,1
H4,484,2017,930190,      5.00,      5.00,      5.00,      5.00,0,0,0,1,1,1
H4,484,2017,930200,     30.00,     15.00,     15.00,     15.00,0,0,0,2,2,2
H4,484,2017,930310,     20.00,      5.00,     15.00,     10.00,0,0,0,2,2,2
H4,484,2017,930320,     15.00,     15.00,     15.00,     15.00,0,0,0,1,1,1
H4,484,2017,930330,     15.00,     15.00,     15.00,     15.00,0,0,0,1,1,1
H4,484,2017,930390,     25.00,     10.00,     15.00,     12.50,0,0,0,2,2,2
H4,484,2017,930400,     15.00,      0.00,     15.00,      7.50,0,1,0,1,2,2
H4,484,2017,930510,     15.00,      0.00,     15.00,      7.50,0,1,0,1,2,2
H4,484,2017,930520,     30.00,     15.00,     15.00,     15.00,0,0,0,2,2,2
H4,484,2017,930591,     15.00,     15.00,     15.00,     15.00,0,0,0,1,1,1
H4,484,2017,930599,     15.00,     15.00,     15.00,     15.00,0,0,0,1,1,1
H4,484,2017,930621,     20.00,      5.00,     15.00,     10.00,0,0,0,2,2,2
H4,484,2017,930629,     30.00,     15.00,     15.00,     15.00,0,0,0,2,2,2
H4,484,2017,930630,     65.00,      5.00,     15.00,     13.00,0,0,0,5,5,5
H4,484,2017,930690,     25.00,      5.00,     15.00,      8.33,0,0,0,3,3,3
H4,484,2017,930700,     15.00,     15.00,     15.00,     15.00,0,0,0,1,1,1
H4,484,2017,940110,      0.00,      0.00,      0.00,      0.00,0,1,0,0,1,1
H4,484,2017,940120,      0.00,      0.00,      0.00,      0.00,0,1,0,0,1,1
H4,484,2017,940130,     10.00,     10.00,     10.00,     10.00,0,0,0,1,1,1
H4,484,2017,940140,     10.00,     10.00,     10.00,     10.00,0,0,0,1,1,1
H4,484,2017,940151,     10.00,     10.00,     10.00,     10.00,0,0,0,1,1,1
H4,484,2017,940159,     10.00,     10.00,     10.00,     10.00,0,0,0,1,1,1
H4,484,2017,940161,     10.00,     10.00,     10.00,     10.00,0,0,0,1,1,1
H4,484,2017,940169,     10.00,     10.00,     10.00,     10.00,0,0,0,1,1,1
H4,484,2017,940171,     10.00,     10.00,     10.00,     10.00,0,0,0,1,1,1
H4,484,2017,940179,     10.00,     10.00,     10.00,     10.00,0,0,0,1,1,1
H4,484,2017,940180,     10.00,     10.00,     10.00,     10.00,0,0,0,1,1,1
H4,484,2017,940190,      0.00,      0.00,      0.00,      0.00,0,3,0,0,3,3
H4,484,2017,940210,     30.00,     15.00,     15.00,     15.00,0,0,0,2,2,2
H4,484,2017,940290,     35.00,     10.00,     15.00,     11.67,0,0,0,3,3,3
H4,484,2017,940310,     45.00,     15.00,     15.00,     15.00,0,0,0,3,3,3
H4,484,2017,940320,     35.00,      7.00,      7.00,      7.00,0,0,0,5,5,5
H4,484,2017,940330,     25.00,     10.00,     15.00,     12.50,0,0,0,2,2,2
H4,484,2017,940340,     10.00,     10.00,     10.00,     10.00,0,0,0,1,1,1
H4,484,2017,940350,     10.00,     10.00,     10.00,     10.00,0,0,0,1,1,1
H4,484,2017,940360,     55.00,     10.00,     15.00,     13.75,0,0,0,4,4,4
H4,484,2017,940370,     45.00,     15.00,     15.00,     15.00,0,0,0,3,3,3
H4,484,2017,940381,     15.00,     15.00,     15.00,     15.00,0,0,0,1,1,1
H4,484,2017,940389,     15.00,     15.00,     15.00,     15.00,0,0,0,1,1,1
H4,484,2017,940390,      0.00,      0.00,      0.00,      0.00,0,1,0,0,1,1
H4,484,2017,940410,     15.00,     15.00,     15.00,     15.00,0,0,0,1,1,1
H4,484,2017,940421,     30.00,     15.00,     15.00,     15.00,0,0,0,2,2,2
H4,484,2017,940429,     15.00,     15.00,     15.00,     15.00,0,0,0,1,1,1
H4,484,2017,940430,     15.00,     15.00,     15.00,     15.00,0,0,0,1,1,1
H4,484,2017,940490,     15.00,     15.00,     15.00,     15.00,0,0,0,1,1,1
H4,484,2017,940510,     60.00,     15.00,     15.00,     15.00,0,0,0,4,4,4
H4,484,2017,940520,     30.00,     15.00,     15.00,     15.00,0,0,0,2,2,2
H4,484,2017,940530,      0.00,      0.00,      0.00,      0.00,0,1,0,0,1,1
H4,484,2017,940540,     15.00,     15.00,     15.00,     15.00,0,0,0,1,1,1
H4,484,2017,940550,     30.00,     15.00,     15.00,     15.00,0,0,0,2,2,2
H4,484,2017,940560,     15.00,     15.00,     15.00,     15.00,0,0,0,1,1,1
H4,484,2017,940591,     25.00,      0.00,     15.00,      5.00,0,2,0,3,5,5
H4,484,2017,940592,      5.00,      5.00,      5.00,      5.00,0,0,0,1,1,1
H4,484,2017,940599,     15.00,     15.00,     15.00,     15.00,0,0,0,1,1,1
H4,484,2017,940600,     10.00,     10.00,     10.00,     10.00,0,0,0,1,1,1
H4,484,2017,950300,    335.00,      0.00,     15.00,      9.05,0,14,0,23,37,37
H4,484,2017,950420,     15.00,      5.00,     10.00,      7.50,0,0,0,2,2,2
H4,484,2017,950430,     30.00,      0.00,     15.00,     10.00,0,1,0,2,3,3
H4,484,2017,950440,     15.00,     15.00,     15.00,     15.00,0,0,0,1,1,1
H4,484,2017,950450,      0.00,      0.00,      0.00,      0.00,0,3,0,0,3,3
H4,484,2017,950490,     25.00,      0.00,     15.00,      4.17,0,4,0,2,6,6
H4,484,2017,950510,     25.00,     10.00,     15.00,     12.50,0,0,0,2,2,2
H4,484,2017,950590,     15.00,     15.00,     15.00,     15.00,0,0,0,1,1,1
H4,484,2017,950611,      0.00,      0.00,      0.00,      0.00,0,1,0,0,1,1
H4,484,2017,950612,      0.00,      0.00,      0.00,      0.00,0,1,0,0,1,1
H4,484,2017,950619,      0.00,      0.00,      0.00,      0.00,0,1,0,0,1,1
H4,484,2017,950621,      0.00,      0.00,      0.00,      0.00,0,1,0,0,1,1
H4,484,2017,950629,      0.00,      0.00,      0.00,      0.00,0,2,0,0,2,2
H4,484,2017,950631,     10.00,      0.00,     10.00,      5.00,0,1,0,1,2,2
H4,484,2017,950632,      0.00,      0.00,      0.00,      0.00,0,1,0,0,1,1
H4,484,2017,950639,      0.00,      0.00,      0.00,      0.00,0,2,0,0,2,2
H4,484,2017,950640,     10.00,     10.00,     10.00,     10.00,0,0,0,1,1,1
H4,484,2017,950651,     10.00,      0.00,     10.00,      5.00,0,1,0,1,2,2
H4,484,2017,950659,     10.00,     10.00,     10.00,     10.00,0,0,0,1,1,1
H4,484,2017,950661,     10.00,     10.00,     10.00,     10.00,0,0,0,1,1,1
H4,484,2017,950662,     15.00,     15.00,     15.00,     15.00,0,0,0,1,1,1
H4,484,2017,950669,     15.00,     15.00,     15.00,     15.00,0,0,0,1,1,1
H4,484,2017,950670,      0.00,      0.00,      0.00,      0.00,0,1,0,0,1,1
H4,484,2017,950691,      0.00,      0.00,      0.00,      0.00,0,3,0,0,3,3
H4,484,2017,950699,     35.00,      0.00,     15.00,      5.00,0,4,0,3,7,7
H4,484,2017,950710,     10.00,     10.00,     10.00,     10.00,0,0,0,1,1,1
H4,484,2017,950720,     10.00,     10.00,     10.00,     10.00,0,0,0,1,1,1
H4,484,2017,950730,     10.00,     10.00,     10.00,     10.00,0,0,0,1,1,1
H4,484,2017,950790,     10.00,     10.00,     10.00,     10.00,0,0,0,1,1,1
H4,484,2017,950810,      0.00,      0.00,      0.00,      0.00,0,1,0,0,1,1
H4,484,2017,950890,     20.00,      0.00,     10.00,      6.67,0,1,0,2,3,3
H4,484,2017,960110,     15.00,     15.00,     15.00,     15.00,0,0,0,1,1,1
H4,484,2017,960190,     15.00,     15.00,     15.00,     15.00,0,0,0,1,1,1
H4,484,2017,960200,     20.00,      5.00,     15.00,     10.00,0,0,0,2,2,2
H4,484,2017,960310,     15.00,     15.00,     15.00,     15.00,0,0,0,1,1,1
H4,484,2017,960321,     15.00,     15.00,     15.00,     15.00,0,0,0,1,1,1
H4,484,2017,960329,     15.00,     15.00,     15.00,     15.00,0,0,0,1,1,1
H4,484,2017,960330,     15.00,     15.00,     15.00,     15.00,0,0,0,1,1,1
H4,484,2017,960340,     15.00,     15.00,     15.00,     15.00,0,0,0,1,1,1
H4,484,2017,960350,      0.00,      0.00,      0.00,      0.00,0,1,0,0,1,1
H4,484,2017,960390,     15.00,      0.00,     15.00,      7.50,0,1,0,1,2,2
H4,484,2017,960400,      0.00,      0.00,      0.00,      0.00,0,1,0,0,1,1
H4,484,2017,960500,     15.00,     15.00,     15.00,     15.00,0,0,0,1,1,1
H4,484,2017,960610,     15.00,     15.00,     15.00,     15.00,0,0,0,1,1,1
H4,484,2017,960621,     15.00,     15.00,     15.00,     15.00,0,0,0,1,1,1
H4,484,2017,960622,     15.00,     15.00,     15.00,     15.00,0,0,0,1,1,1
H4,484,2017,960629,     30.00,     15.00,     15.00,     15.00,0,0,0,2,2,2
H4,484,2017,960630,     15.00,     15.00,     15.00,     15.00,0,0,0,1,1,1
H4,484,2017,960711,     15.00,     15.00,     15.00,     15.00,0,0,0,1,1,1
H4,484,2017,960719,     15.00,     15.00,     15.00,     15.00,0,0,0,1,1,1
H4,484,2017,960720,     15.00,     15.00,     15.00,     15.00,0,0,0,1,1,1
H4,484,2017,960810,     30.00,     15.00,     15.00,     15.00,0,0,0,2,2,2
H4,484,2017,960820,     15.00,     15.00,     15.00,     15.00,0,0,0,1,1,1
H4,484,2017,960830,     15.00,      0.00,     15.00,      7.50,0,1,0,1,2,2
H4,484,2017,960840,     40.00,     10.00,     15.00,     13.33,0,0,0,3,3,3
H4,484,2017,960850,     30.00,     15.00,     15.00,     15.00,0,0,0,2,2,2
H4,484,2017,960860,      0.00,      0.00,      0.00,      0.00,0,1,0,0,1,1
H4,484,2017,960891,      0.00,      0.00,      0.00,      0.00,0,2,0,0,2,2
H4,484,2017,960899,     50.00,      0.00,     15.00,      4.17,0,8,0,4,12,12
H4,484,2017,960910,     15.00,     15.00,     15.00,     15.00,0,0,0,1,1,1
H4,484,2017,960920,     25.00,     10.00,     15.00,     12.50,0,0,0,2,2,2
H4,484,2017,960990,     25.00,     10.00,     15.00,     12.50,0,0,0,2,2,2
H4,484,2017,961000,     15.00,     15.00,     15.00,     15.00,0,0,0,1,1,1
H4,484,2017,961100,     15.00,      0.00,     15.00,      7.50,0,1,0,1,2,2
H4,484,2017,961210,      0.00,      0.00,      0.00,      0.00,0,4,0,0,4,4
H4,484,2017,961220,      0.00,      0.00,      0.00,      0.00,0,1,0,0,1,1
H4,484,2017,961310,     15.00,     15.00,     15.00,     15.00,0,0,0,1,1,1
H4,484,2017,961320,     15.00,     15.00,     15.00,     15.00,0,0,0,1,1,1
H4,484,2017,961380,     15.00,      0.00,     15.00,      5.00,0,2,0,1,3,3
H4,484,2017,961390,      5.00,      0.00,      5.00,      1.67,0,2,0,1,3,3
H4,484,2017,961400,     30.00,      0.00,     15.00,      7.50,0,2,0,2,4,4
H4,484,2017,961511,     15.00,     15.00,     15.00,     15.00,0,0,0,1,1,1
H4,484,2017,961519,     15.00,     15.00,     15.00,     15.00,0,0,0,1,1,1
H4,484,2017,961590,     15.00,     15.00,     15.00,     15.00,0,0,0,1,1,1
H4,484,2017,961610,     15.00,     15.00,     15.00,     15.00,0,0,0,1,1,1
H4,484,2017,961620,     15.00,     15.00,     15.00,     15.00,0,0,0,1,1,1
H4,484,2017,961700,     15.00,     15.00,     15.00,     15.00,0,0,0,1,1,1
H4,484,2017,961800,     25.00,     10.00,     15.00,     12.50,0,0,0,2,2,2
H4,484,2017,961900,     65.00,      5.00,     20.00,     13.00,0,0,0,5,5,5
H4,484,2017,970110,      0.00,      0.00,      0.00,      0.00,0,1,0,0,1,1
H4,484,2017,970190,      0.00,      0.00,      0.00,      0.00,0,1,0,0,1,1
H4,484,2017,970200,      0.00,      0.00,      0.00,      0.00,0,1,0,0,1,1
H4,484,2017,970300,      0.00,      0.00,      0.00,      0.00,0,1,0,0,1,1
H4,484,2017,970400,      0.00,      0.00,      0.00,      0.00,0,2,0,0,2,2
H4,484,2017,970500,      0.00,      0.00,      0.00,      0.00,0,7,0,0,7,7
H4,484,2017,970600,      0.00,      0.00,      0.00,      0.00,0,1,0,0,1,1
