NomenCode,Reporter_ISO_N,Year,ProductCode,Sum_Of_Rates,Min_Rate,Max_Rate,SimpleAverage,Nbr_NA_Lines,Nbr_Free_Lines,Nbr_AVE_Lines,Nbr_Dutiable_Lines,TotalNoOfValidLines,TotalNoOfLines
H5,604,2017,010121,      0.00,      0.00,      0.00,      0.00,0,1,0,0,1,1
H5,604,2017,010129,     12.00,      6.00,      6.00,      6.00,0,0,0,2,2,2
H5,604,2017,010130,      0.00,      0.00,      0.00,      0.00,0,1,0,0,1,1
H5,604,2017,010190,      0.00,      0.00,      0.00,      0.00,0,1,0,0,1,1
H5,604,2017,010221,      0.00,      0.00,      0.00,      0.00,0,1,0,0,1,1
H5,604,2017,010229,      6.00,      0.00,      6.00,      3.00,0,1,0,1,2,2
H5,604,2017,010231,      0.00,      0.00,      0.00,      0.00,0,1,0,0,1,1
H5,604,2017,010239,      0.00,      0.00,      0.00,      0.00,0,1,0,0,1,1
H5,604,2017,010290,      0.00,      0.00,      0.00,      0.00,0,1,0,0,1,1
H5,604,2017,010310,      0.00,      0.00,      0.00,      0.00,0,1,0,0,1,1
H5,604,2017,010391,      0.00,      0.00,      0.00,      0.00,0,1,0,0,1,1
H5,604,2017,010392,      0.00,      0.00,      0.00,      0.00,0,1,0,0,1,1
H5,604,2017,010410,      0.00,      0.00,      0.00,      0.00,0,2,0,0,2,2
H5,604,2017,010420,      0.00,      0.00,      0.00,      0.00,0,2,0,0,2,2
H5,604,2017,010511,      0.00,      0.00,      0.00,      0.00,0,1,0,0,1,1
H5,604,2017,010512,      0.00,      0.00,      0.00,      0.00,0,1,0,0,1,1
H5,604,2017,010513,      0.00,      0.00,      0.00,      0.00,0,1,0,0,1,1
H5,604,2017,010514,      0.00,      0.00,      0.00,      0.00,0,1,0,0,1,1
H5,604,2017,010515,      0.00,      0.00,      0.00,      0.00,0,1,0,0,1,1
H5,604,2017,010594,      0.00,      0.00,      0.00,      0.00,0,1,0,0,1,1
H5,604,2017,010599,      0.00,      0.00,      0.00,      0.00,0,1,0,0,1,1
H5,604,2017,010611,      6.00,      6.00,      6.00,      6.00,0,0,0,1,1,1
H5,604,2017,010612,      6.00,      6.00,      6.00,      6.00,0,0,0,1,1,1
H5,604,2017,010613,     24.00,      6.00,      6.00,      6.00,0,0,0,4,4,4
H5,604,2017,010614,      6.00,      6.00,      6.00,      6.00,0,0,0,1,1,1
H5,604,2017,010619,      6.00,      6.00,      6.00,      6.00,0,0,0,1,1,1
H5,604,2017,010620,      6.00,      6.00,      6.00,      6.00,0,0,0,1,1,1
H5,604,2017,010631,      6.00,      6.00,      6.00,      6.00,0,0,0,1,1,1
H5,604,2017,010632,      6.00,      6.00,      6.00,      6.00,0,0,0,1,1,1
H5,604,2017,010633,      6.00,      6.00,      6.00,      6.00,0,0,0,1,1,1
H5,604,2017,010639,      6.00,      6.00,      6.00,      6.00,0,0,0,1,1,1
H5,604,2017,010641,      6.00,      6.00,      6.00,      6.00,0,0,0,1,1,1
H5,604,2017,010649,      6.00,      6.00,      6.00,      6.00,0,0,0,1,1,1
H5,604,2017,010690,      6.00,      6.00,      6.00,      6.00,0,0,0,1,1,1
H5,604,2017,020110,     11.00,     11.00,     11.00,     11.00,0,0,0,1,1,1
H5,604,2017,020120,     11.00,     11.00,     11.00,     11.00,0,0,0,1,1,1
H5,604,2017,020130,     22.00,     11.00,     11.00,     11.00,0,0,0,2,2,2
H5,604,2017,020210,     11.00,     11.00,     11.00,     11.00,0,0,0,1,1,1
H5,604,2017,020220,     11.00,     11.00,     11.00,     11.00,0,0,0,1,1,1
H5,604,2017,020230,     22.00,     11.00,     11.00,     11.00,0,0,0,2,2,2
H5,604,2017,020311,      6.00,      6.00,      6.00,      6.00,0,0,0,1,1,1
H5,604,2017,020312,      6.00,      6.00,      6.00,      6.00,0,0,0,1,1,1
H5,604,2017,020319,     24.00,      6.00,      6.00,      6.00,0,0,0,4,4,4
H5,604,2017,020321,      6.00,      6.00,      6.00,      6.00,0,0,0,1,1,1
H5,604,2017,020322,      6.00,      6.00,      6.00,      6.00,0,0,0,1,1,1
H5,604,2017,020329,     24.00,      6.00,      6.00,      6.00,0,0,0,4,4,4
H5,604,2017,020410,      6.00,      6.00,      6.00,      6.00,0,0,0,1,1,1
H5,604,2017,020421,      6.00,      6.00,      6.00,      6.00,0,0,0,1,1,1
H5,604,2017,020422,      6.00,      6.00,      6.00,      6.00,0,0,0,1,1,1
H5,604,2017,020423,      6.00,      6.00,      6.00,      6.00,0,0,0,1,1,1
H5,604,2017,020430,      6.00,      6.00,      6.00,      6.00,0,0,0,1,1,1
H5,604,2017,020441,      6.00,      6.00,      6.00,      6.00,0,0,0,1,1,1
H5,604,2017,020442,      6.00,      6.00,      6.00,      6.00,0,0,0,1,1,1
H5,604,2017,020443,      6.00,      6.00,      6.00,      6.00,0,0,0,1,1,1
H5,604,2017,020450,      6.00,      6.00,      6.00,      6.00,0,0,0,1,1,1
H5,604,2017,020500,      0.00,      0.00,      0.00,      0.00,0,1,0,0,1,1
H5,604,2017,020610,      0.00,      0.00,      0.00,      0.00,0,1,0,0,1,1
H5,604,2017,020621,      0.00,      0.00,      0.00,      0.00,0,1,0,0,1,1
H5,604,2017,020622,      0.00,      0.00,      0.00,      0.00,0,1,0,0,1,1
H5,604,2017,020629,      0.00,      0.00,      0.00,      0.00,0,1,0,0,1,1
H5,604,2017,020630,      0.00,      0.00,      0.00,      0.00,0,1,0,0,1,1
H5,604,2017,020641,      0.00,      0.00,      0.00,      0.00,0,1,0,0,1,1
H5,604,2017,020649,      0.00,      0.00,      0.00,      0.00,0,2,0,0,2,2
H5,604,2017,020680,      0.00,      0.00,      0.00,      0.00,0,1,0,0,1,1
H5,604,2017,020690,      0.00,      0.00,      0.00,      0.00,0,1,0,0,1,1
H5,604,2017,020711,      6.00,      6.00,      6.00,      6.00,0,0,0,1,1,1
H5,604,2017,020712,      6.00,      6.00,      6.00,      6.00,0,0,0,1,1,1
H5,604,2017,020713,     18.00,      6.00,      6.00,      6.00,0,0,0,3,3,3
H5,604,2017,020714,     24.00,      6.00,      6.00,      6.00,0,0,0,4,4,4
H5,604,2017,020724,      6.00,      6.00,      6.00,      6.00,0,0,0,1,1,1
H5,604,2017,020725,      6.00,      6.00,      6.00,      6.00,0,0,0,1,1,1
H5,604,2017,020726,      6.00,      6.00,      6.00,      6.00,0,0,0,1,1,1
H5,604,2017,020727,      6.00,      6.00,      6.00,      6.00,0,0,0,1,1,1
H5,604,2017,020741,      6.00,      6.00,      6.00,      6.00,0,0,0,1,1,1
H5,604,2017,020742,      6.00,      6.00,      6.00,      6.00,0,0,0,1,1,1
H5,604,2017,020743,      6.00,      6.00,      6.00,      6.00,0,0,0,1,1,1
H5,604,2017,020744,      6.00,      6.00,      6.00,      6.00,0,0,0,1,1,1
H5,604,2017,020745,      6.00,      6.00,      6.00,      6.00,0,0,0,1,1,1
H5,604,2017,020751,      6.00,      6.00,      6.00,      6.00,0,0,0,1,1,1
H5,604,2017,020752,      6.00,      6.00,      6.00,      6.00,0,0,0,1,1,1
H5,604,2017,020753,      6.00,      6.00,      6.00,      6.00,0,0,0,1,1,1
H5,604,2017,020754,      6.00,      6.00,      6.00,      6.00,0,0,0,1,1,1
H5,604,2017,020755,      6.00,      6.00,      6.00,      6.00,0,0,0,1,1,1
H5,604,2017,020760,      6.00,      6.00,      6.00,      6.00,0,0,0,1,1,1
H5,604,2017,020810,      6.00,      6.00,      6.00,      6.00,0,0,0,1,1,1
H5,604,2017,020830,      6.00,      6.00,      6.00,      6.00,0,0,0,1,1,1
H5,604,2017,020840,      6.00,      6.00,      6.00,      6.00,0,0,0,1,1,1
H5,604,2017,020850,      6.00,      6.00,      6.00,      6.00,0,0,0,1,1,1
H5,604,2017,020860,      6.00,      6.00,      6.00,      6.00,0,0,0,1,1,1
H5,604,2017,020890,      6.00,      6.00,      6.00,      6.00,0,0,0,1,1,1
H5,604,2017,020910,     22.00,     11.00,     11.00,     11.00,0,0,0,2,2,2
H5,604,2017,020990,     11.00,     11.00,     11.00,     11.00,0,0,0,1,1,1
H5,604,2017,021011,      6.00,      6.00,      6.00,      6.00,0,0,0,1,1,1
H5,604,2017,021012,      6.00,      6.00,      6.00,      6.00,0,0,0,1,1,1
H5,604,2017,021019,      6.00,      6.00,      6.00,      6.00,0,0,0,1,1,1
H5,604,2017,021020,     11.00,     11.00,     11.00,     11.00,0,0,0,1,1,1
H5,604,2017,021091,      6.00,      6.00,      6.00,      6.00,0,0,0,1,1,1
H5,604,2017,021092,     17.00,      6.00,     11.00,      8.50,0,0,0,2,2,2
H5,604,2017,021093,      6.00,      6.00,      6.00,      6.00,0,0,0,1,1,1
H5,604,2017,021099,     22.00,     11.00,     11.00,     11.00,0,0,0,2,2,2
H5,604,2017,030111,      6.00,      6.00,      6.00,      6.00,0,0,0,1,1,1
H5,604,2017,030119,      6.00,      6.00,      6.00,      6.00,0,0,0,1,1,1
H5,604,2017,030191,      0.00,      0.00,      0.00,      0.00,0,2,0,0,2,2
H5,604,2017,030192,      0.00,      0.00,      0.00,      0.00,0,1,0,0,1,1
H5,604,2017,030193,      0.00,      0.00,      0.00,      0.00,0,1,0,0,1,1
H5,604,2017,030194,      6.00,      0.00,      6.00,      2.00,0,2,0,1,3,3
H5,604,2017,030195,      6.00,      6.00,      6.00,      6.00,0,0,0,1,1,1
H5,604,2017,030199,      0.00,      0.00,      0.00,      0.00,0,3,0,0,3,3
H5,604,2017,030211,      0.00,      0.00,      0.00,      0.00,0,1,0,0,1,1
H5,604,2017,030213,      0.00,      0.00,      0.00,      0.00,0,1,0,0,1,1
H5,604,2017,030214,      0.00,      0.00,      0.00,      0.00,0,1,0,0,1,1
H5,604,2017,030219,      0.00,      0.00,      0.00,      0.00,0,1,0,0,1,1
H5,604,2017,030221,      0.00,      0.00,      0.00,      0.00,0,1,0,0,1,1
H5,604,2017,030222,      0.00,      0.00,      0.00,      0.00,0,1,0,0,1,1
H5,604,2017,030223,      0.00,      0.00,      0.00,      0.00,0,1,0,0,1,1
H5,604,2017,030224,      0.00,      0.00,      0.00,      0.00,0,1,0,0,1,1
H5,604,2017,030229,      0.00,      0.00,      0.00,      0.00,0,1,0,0,1,1
H5,604,2017,030231,      0.00,      0.00,      0.00,      0.00,0,1,0,0,1,1
H5,604,2017,030232,      0.00,      0.00,      0.00,      0.00,0,1,0,0,1,1
H5,604,2017,030233,      0.00,      0.00,      0.00,      0.00,0,1,0,0,1,1
H5,604,2017,030234,      0.00,      0.00,      0.00,      0.00,0,1,0,0,1,1
H5,604,2017,030235,      0.00,      0.00,      0.00,      0.00,0,1,0,0,1,1
H5,604,2017,030236,      0.00,      0.00,      0.00,      0.00,0,1,0,0,1,1
H5,604,2017,030239,      0.00,      0.00,      0.00,      0.00,0,1,0,0,1,1
H5,604,2017,030241,      0.00,      0.00,      0.00,      0.00,0,1,0,0,1,1
H5,604,2017,030242,      0.00,      0.00,      0.00,      0.00,0,1,0,0,1,1
H5,604,2017,030243,      0.00,      0.00,      0.00,      0.00,0,1,0,0,1,1
H5,604,2017,030244,      0.00,      0.00,      0.00,      0.00,0,1,0,0,1,1
H5,604,2017,030245,      0.00,      0.00,      0.00,      0.00,0,1,0,0,1,1
H5,604,2017,030246,      0.00,      0.00,      0.00,      0.00,0,1,0,0,1,1
H5,604,2017,030247,      0.00,      0.00,      0.00,      0.00,0,1,0,0,1,1
H5,604,2017,030249,      0.00,      0.00,      0.00,      0.00,0,1,0,0,1,1
H5,604,2017,030251,      0.00,      0.00,      0.00,      0.00,0,1,0,0,1,1
H5,604,2017,030252,      0.00,      0.00,      0.00,      0.00,0,1,0,0,1,1
H5,604,2017,030253,      0.00,      0.00,      0.00,      0.00,0,1,0,0,1,1
H5,604,2017,030254,      0.00,      0.00,      0.00,      0.00,0,1,0,0,1,1
H5,604,2017,030255,      0.00,      0.00,      0.00,      0.00,0,1,0,0,1,1
H5,604,2017,030256,      0.00,      0.00,      0.00,      0.00,0,1,0,0,1,1
H5,604,2017,030259,      0.00,      0.00,      0.00,      0.00,0,1,0,0,1,1
H5,604,2017,030271,      0.00,      0.00,      0.00,      0.00,0,1,0,0,1,1
H5,604,2017,030272,      0.00,      0.00,      0.00,      0.00,0,1,0,0,1,1
H5,604,2017,030273,      0.00,      0.00,      0.00,      0.00,0,1,0,0,1,1
H5,604,2017,030274,      0.00,      0.00,      0.00,      0.00,0,1,0,0,1,1
H5,604,2017,030279,      0.00,      0.00,      0.00,      0.00,0,1,0,0,1,1
H5,604,2017,030281,      0.00,      0.00,      0.00,      0.00,0,1,0,0,1,1
H5,604,2017,030282,      0.00,      0.00,      0.00,      0.00,0,1,0,0,1,1
H5,604,2017,030283,      0.00,      0.00,      0.00,      0.00,0,1,0,0,1,1
H5,604,2017,030284,      0.00,      0.00,      0.00,      0.00,0,1,0,0,1,1
H5,604,2017,030285,      0.00,      0.00,      0.00,      0.00,0,1,0,0,1,1
H5,604,2017,030289,      0.00,      0.00,      0.00,      0.00,0,1,0,0,1,1
H5,604,2017,030291,      0.00,      0.00,      0.00,      0.00,0,1,0,0,1,1
H5,604,2017,030292,      0.00,      0.00,      0.00,      0.00,0,1,0,0,1,1
H5,604,2017,030299,      0.00,      0.00,      0.00,      0.00,0,1,0,0,1,1
H5,604,2017,030311,      0.00,      0.00,      0.00,      0.00,0,1,0,0,1,1
H5,604,2017,030312,      0.00,      0.00,      0.00,      0.00,0,1,0,0,1,1
H5,604,2017,030313,      0.00,      0.00,      0.00,      0.00,0,1,0,0,1,1
H5,604,2017,030314,      0.00,      0.00,      0.00,      0.00,0,1,0,0,1,1
H5,604,2017,030319,      0.00,      0.00,      0.00,      0.00,0,1,0,0,1,1
H5,604,2017,030323,      0.00,      0.00,      0.00,      0.00,0,1,0,0,1,1
H5,604,2017,030324,      0.00,      0.00,      0.00,      0.00,0,1,0,0,1,1
H5,604,2017,030325,      0.00,      0.00,      0.00,      0.00,0,1,0,0,1,1
H5,604,2017,030326,      0.00,      0.00,      0.00,      0.00,0,1,0,0,1,1
H5,604,2017,030329,      0.00,      0.00,      0.00,      0.00,0,1,0,0,1,1
H5,604,2017,030331,      0.00,      0.00,      0.00,      0.00,0,1,0,0,1,1
H5,604,2017,030332,      0.00,      0.00,      0.00,      0.00,0,1,0,0,1,1
H5,604,2017,030333,      0.00,      0.00,      0.00,      0.00,0,1,0,0,1,1
H5,604,2017,030334,      0.00,      0.00,      0.00,      0.00,0,1,0,0,1,1
H5,604,2017,030339,      0.00,      0.00,      0.00,      0.00,0,1,0,0,1,1
H5,604,2017,030341,      0.00,      0.00,      0.00,      0.00,0,1,0,0,1,1
H5,604,2017,030342,      0.00,      0.00,      0.00,      0.00,0,1,0,0,1,1
H5,604,2017,030343,      0.00,      0.00,      0.00,      0.00,0,1,0,0,1,1
H5,604,2017,030344,      0.00,      0.00,      0.00,      0.00,0,1,0,0,1,1
H5,604,2017,030345,      0.00,      0.00,      0.00,      0.00,0,1,0,0,1,1
H5,604,2017,030346,      0.00,      0.00,      0.00,      0.00,0,1,0,0,1,1
H5,604,2017,030349,      0.00,      0.00,      0.00,      0.00,0,1,0,0,1,1
H5,604,2017,030351,      0.00,      0.00,      0.00,      0.00,0,1,0,0,1,1
H5,604,2017,030353,      0.00,      0.00,      0.00,      0.00,0,2,0,0,2,2
H5,604,2017,030354,      0.00,      0.00,      0.00,      0.00,0,1,0,0,1,1
H5,604,2017,030355,      0.00,      0.00,      0.00,      0.00,0,1,0,0,1,1
H5,604,2017,030356,      0.00,      0.00,      0.00,      0.00,0,1,0,0,1,1
H5,604,2017,030357,      0.00,      0.00,      0.00,      0.00,0,1,0,0,1,1
H5,604,2017,030359,      0.00,      0.00,      0.00,      0.00,0,1,0,0,1,1
H5,604,2017,030363,      0.00,      0.00,      0.00,      0.00,0,1,0,0,1,1
H5,604,2017,030364,      0.00,      0.00,      0.00,      0.00,0,1,0,0,1,1
H5,604,2017,030365,      0.00,      0.00,      0.00,      0.00,0,1,0,0,1,1
H5,604,2017,030366,      0.00,      0.00,      0.00,      0.00,0,1,0,0,1,1
H5,604,2017,030367,      0.00,      0.00,      0.00,      0.00,0,1,0,0,1,1
H5,604,2017,030368,      0.00,      0.00,      0.00,      0.00,0,1,0,0,1,1
H5,604,2017,030369,      0.00,      0.00,      0.00,      0.00,0,1,0,0,1,1
H5,604,2017,030381,      0.00,      0.00,      0.00,      0.00,0,1,0,0,1,1
H5,604,2017,030382,      0.00,      0.00,      0.00,      0.00,0,1,0,0,1,1
H5,604,2017,030383,      0.00,      0.00,      0.00,      0.00,0,1,0,0,1,1
H5,604,2017,030384,      0.00,      0.00,      0.00,      0.00,0,1,0,0,1,1
H5,604,2017,030389,      0.00,      0.00,      0.00,      0.00,0,1,0,0,1,1
H5,604,2017,030391,      0.00,      0.00,      0.00,      0.00,0,1,0,0,1,1
H5,604,2017,030392,      0.00,      0.00,      0.00,      0.00,0,1,0,0,1,1
H5,604,2017,030399,      0.00,      0.00,      0.00,      0.00,0,1,0,0,1,1
H5,604,2017,030431,      0.00,      0.00,      0.00,      0.00,0,1,0,0,1,1
H5,604,2017,030432,      0.00,      0.00,      0.00,      0.00,0,1,0,0,1,1
H5,604,2017,030433,      0.00,      0.00,      0.00,      0.00,0,1,0,0,1,1
H5,604,2017,030439,      0.00,      0.00,      0.00,      0.00,0,1,0,0,1,1
H5,604,2017,030441,      0.00,      0.00,      0.00,      0.00,0,1,0,0,1,1
H5,604,2017,030442,      0.00,      0.00,      0.00,      0.00,0,1,0,0,1,1
H5,604,2017,030443,      0.00,      0.00,      0.00,      0.00,0,1,0,0,1,1
H5,604,2017,030444,      0.00,      0.00,      0.00,      0.00,0,1,0,0,1,1
H5,604,2017,030445,      0.00,      0.00,      0.00,      0.00,0,1,0,0,1,1
H5,604,2017,030446,      0.00,      0.00,      0.00,      0.00,0,1,0,0,1,1
H5,604,2017,030447,      0.00,      0.00,      0.00,      0.00,0,1,0,0,1,1
H5,604,2017,030448,      0.00,      0.00,      0.00,      0.00,0,1,0,0,1,1
H5,604,2017,030449,      0.00,      0.00,      0.00,      0.00,0,1,0,0,1,1
H5,604,2017,030451,      0.00,      0.00,      0.00,      0.00,0,1,0,0,1,1
H5,604,2017,030452,      0.00,      0.00,      0.00,      0.00,0,1,0,0,1,1
H5,604,2017,030453,      0.00,      0.00,      0.00,      0.00,0,1,0,0,1,1
H5,604,2017,030454,      0.00,      0.00,      0.00,      0.00,0,1,0,0,1,1
H5,604,2017,030455,      0.00,      0.00,      0.00,      0.00,0,1,0,0,1,1
H5,604,2017,030456,      0.00,      0.00,      0.00,      0.00,0,1,0,0,1,1
H5,604,2017,030457,      0.00,      0.00,      0.00,      0.00,0,1,0,0,1,1
H5,604,2017,030459,      0.00,      0.00,      0.00,      0.00,0,1,0,0,1,1
H5,604,2017,030461,      0.00,      0.00,      0.00,      0.00,0,1,0,0,1,1
H5,604,2017,030462,      0.00,      0.00,      0.00,      0.00,0,1,0,0,1,1
H5,604,2017,030463,      0.00,      0.00,      0.00,      0.00,0,1,0,0,1,1
H5,604,2017,030469,      0.00,      0.00,      0.00,      0.00,0,1,0,0,1,1
H5,604,2017,030471,      0.00,      0.00,      0.00,      0.00,0,1,0,0,1,1
H5,604,2017,030472,      0.00,      0.00,      0.00,      0.00,0,1,0,0,1,1
H5,604,2017,030473,      0.00,      0.00,      0.00,      0.00,0,1,0,0,1,1
H5,604,2017,030474,      0.00,      0.00,      0.00,      0.00,0,7,0,0,7,7
H5,604,2017,030475,      0.00,      0.00,      0.00,      0.00,0,1,0,0,1,1
H5,604,2017,030479,      0.00,      0.00,      0.00,      0.00,0,1,0,0,1,1
H5,604,2017,030481,      0.00,      0.00,      0.00,      0.00,0,1,0,0,1,1
H5,604,2017,030482,      0.00,      0.00,      0.00,      0.00,0,1,0,0,1,1
H5,604,2017,030483,      0.00,      0.00,      0.00,      0.00,0,1,0,0,1,1
H5,604,2017,030484,      0.00,      0.00,      0.00,      0.00,0,1,0,0,1,1
H5,604,2017,030485,      0.00,      0.00,      0.00,      0.00,0,1,0,0,1,1
H5,604,2017,030486,      0.00,      0.00,      0.00,      0.00,0,1,0,0,1,1
H5,604,2017,030487,      0.00,      0.00,      0.00,      0.00,0,1,0,0,1,1
H5,604,2017,030488,      0.00,      0.00,      0.00,      0.00,0,1,0,0,1,1
H5,604,2017,030489,      0.00,      0.00,      0.00,      0.00,0,1,0,0,1,1
H5,604,2017,030491,      0.00,      0.00,      0.00,      0.00,0,1,0,0,1,1
H5,604,2017,030492,      0.00,      0.00,      0.00,      0.00,0,1,0,0,1,1
H5,604,2017,030493,      0.00,      0.00,      0.00,      0.00,0,1,0,0,1,1
H5,604,2017,030494,      0.00,      0.00,      0.00,      0.00,0,1,0,0,1,1
H5,604,2017,030495,      0.00,      0.00,      0.00,      0.00,0,1,0,0,1,1
H5,604,2017,030496,      0.00,      0.00,      0.00,      0.00,0,1,0,0,1,1
H5,604,2017,030497,      0.00,      0.00,      0.00,      0.00,0,1,0,0,1,1
H5,604,2017,030499,      0.00,      0.00,      0.00,      0.00,0,1,0,0,1,1
H5,604,2017,030510,      6.00,      6.00,      6.00,      6.00,0,0,0,1,1,1
H5,604,2017,030520,      0.00,      0.00,      0.00,      0.00,0,1,0,0,1,1
H5,604,2017,030531,      0.00,      0.00,      0.00,      0.00,0,1,0,0,1,1
H5,604,2017,030532,      0.00,      0.00,      0.00,      0.00,0,1,0,0,1,1
H5,604,2017,030539,      0.00,      0.00,      0.00,      0.00,0,2,0,0,2,2
H5,604,2017,030541,      0.00,      0.00,      0.00,      0.00,0,1,0,0,1,1
H5,604,2017,030542,      0.00,      0.00,      0.00,      0.00,0,1,0,0,1,1
H5,604,2017,030543,      0.00,      0.00,      0.00,      0.00,0,1,0,0,1,1
H5,604,2017,030544,      0.00,      0.00,      0.00,      0.00,0,1,0,0,1,1
H5,604,2017,030549,      0.00,      0.00,      0.00,      0.00,0,1,0,0,1,1
H5,604,2017,030551,      0.00,      0.00,      0.00,      0.00,0,1,0,0,1,1
H5,604,2017,030552,      0.00,      0.00,      0.00,      0.00,0,1,0,0,1,1
H5,604,2017,030553,      0.00,      0.00,      0.00,      0.00,0,2,0,0,2,2
H5,604,2017,030554,      0.00,      0.00,      0.00,      0.00,0,1,0,0,1,1
H5,604,2017,030559,      0.00,      0.00,      0.00,      0.00,0,1,0,0,1,1
H5,604,2017,030561,      0.00,      0.00,      0.00,      0.00,0,1,0,0,1,1
H5,604,2017,030562,      0.00,      0.00,      0.00,      0.00,0,1,0,0,1,1
H5,604,2017,030563,      0.00,      0.00,      0.00,      0.00,0,1,0,0,1,1
H5,604,2017,030564,      0.00,      0.00,      0.00,      0.00,0,1,0,0,1,1
H5,604,2017,030569,      0.00,      0.00,      0.00,      0.00,0,1,0,0,1,1
H5,604,2017,030571,      0.00,      0.00,      0.00,      0.00,0,1,0,0,1,1
H5,604,2017,030572,      0.00,      0.00,      0.00,      0.00,0,1,0,0,1,1
H5,604,2017,030579,      0.00,      0.00,      0.00,      0.00,0,1,0,0,1,1
H5,604,2017,030611,      0.00,      0.00,      0.00,      0.00,0,1,0,0,1,1
H5,604,2017,030612,      0.00,      0.00,      0.00,      0.00,0,1,0,0,1,1
H5,604,2017,030614,      0.00,      0.00,      0.00,      0.00,0,1,0,0,1,1
H5,604,2017,030615,      0.00,      0.00,      0.00,      0.00,0,1,0,0,1,1
H5,604,2017,030616,      0.00,      0.00,      0.00,      0.00,0,1,0,0,1,1
H5,604,2017,030617,      0.00,      0.00,      0.00,      0.00,0,7,0,0,7,7
H5,604,2017,030619,      0.00,      0.00,      0.00,      0.00,0,1,0,0,1,1
H5,604,2017,030631,      0.00,      0.00,      0.00,      0.00,0,1,0,0,1,1
H5,604,2017,030632,      0.00,      0.00,      0.00,      0.00,0,1,0,0,1,1
H5,604,2017,030633,      0.00,      0.00,      0.00,      0.00,0,1,0,0,1,1
H5,604,2017,030634,      0.00,      0.00,      0.00,      0.00,0,1,0,0,1,1
H5,604,2017,030635,      0.00,      0.00,      0.00,      0.00,0,1,0,0,1,1
H5,604,2017,030636,      0.00,      0.00,      0.00,      0.00,0,6,0,0,6,6
H5,604,2017,030639,      0.00,      0.00,      0.00,      0.00,0,1,0,0,1,1
H5,604,2017,030691,      0.00,      0.00,      0.00,      0.00,0,1,0,0,1,1
H5,604,2017,030692,      0.00,      0.00,      0.00,      0.00,0,1,0,0,1,1
H5,604,2017,030693,      0.00,      0.00,      0.00,      0.00,0,1,0,0,1,1
H5,604,2017,030694,      0.00,      0.00,      0.00,      0.00,0,1,0,0,1,1
H5,604,2017,030695,      0.00,      0.00,      0.00,      0.00,0,2,0,0,2,2
H5,604,2017,030699,      0.00,      0.00,      0.00,      0.00,0,2,0,0,2,2
H5,604,2017,030711,      0.00,      0.00,      0.00,      0.00,0,1,0,0,1,1
H5,604,2017,030712,      0.00,      0.00,      0.00,      0.00,0,1,0,0,1,1
H5,604,2017,030719,      0.00,      0.00,      0.00,      0.00,0,1,0,0,1,1
H5,604,2017,030721,      0.00,      0.00,      0.00,      0.00,0,2,0,0,2,2
H5,604,2017,030722,      0.00,      0.00,      0.00,      0.00,0,2,0,0,2,2
H5,604,2017,030729,      0.00,      0.00,      0.00,      0.00,0,2,0,0,2,2
H5,604,2017,030731,      0.00,      0.00,      0.00,      0.00,0,1,0,0,1,1
H5,604,2017,030732,      0.00,      0.00,      0.00,      0.00,0,1,0,0,1,1
H5,604,2017,030739,      0.00,      0.00,      0.00,      0.00,0,1,0,0,1,1
H5,604,2017,030742,      0.00,      0.00,      0.00,      0.00,0,1,0,0,1,1
H5,604,2017,030743,      0.00,      0.00,      0.00,      0.00,0,1,0,0,1,1
H5,604,2017,030749,      0.00,      0.00,      0.00,      0.00,0,1,0,0,1,1
H5,604,2017,030751,      0.00,      0.00,      0.00,      0.00,0,1,0,0,1,1
H5,604,2017,030752,      0.00,      0.00,      0.00,      0.00,0,1,0,0,1,1
H5,604,2017,030759,      0.00,      0.00,      0.00,      0.00,0,1,0,0,1,1
H5,604,2017,030760,      0.00,      0.00,      0.00,      0.00,0,1,0,0,1,1
H5,604,2017,030771,      0.00,      0.00,      0.00,      0.00,0,1,0,0,1,1
H5,604,2017,030772,      0.00,      0.00,      0.00,      0.00,0,1,0,0,1,1
H5,604,2017,030779,      0.00,      0.00,      0.00,      0.00,0,1,0,0,1,1
H5,604,2017,030781,      0.00,      0.00,      0.00,      0.00,0,1,0,0,1,1
H5,604,2017,030782,      0.00,      0.00,      0.00,      0.00,0,1,0,0,1,1
H5,604,2017,030783,      0.00,      0.00,      0.00,      0.00,0,1,0,0,1,1
H5,604,2017,030784,      0.00,      0.00,      0.00,      0.00,0,1,0,0,1,1
H5,604,2017,030787,      0.00,      0.00,      0.00,      0.00,0,1,0,0,1,1
H5,604,2017,030788,      0.00,      0.00,      0.00,      0.00,0,1,0,0,1,1
H5,604,2017,030791,      0.00,      0.00,      0.00,      0.00,0,1,0,0,1,1
H5,604,2017,030792,      0.00,      0.00,      0.00,      0.00,0,4,0,0,4,4
H5,604,2017,030799,      0.00,      0.00,      0.00,      0.00,0,4,0,0,4,4
H5,604,2017,030811,      0.00,      0.00,      0.00,      0.00,0,1,0,0,1,1
H5,604,2017,030812,      0.00,      0.00,      0.00,      0.00,0,1,0,0,1,1
H5,604,2017,030819,      0.00,      0.00,      0.00,      0.00,0,1,0,0,1,1
H5,604,2017,030821,      0.00,      0.00,      0.00,      0.00,0,1,0,0,1,1
H5,604,2017,030822,      0.00,      0.00,      0.00,      0.00,0,1,0,0,1,1
H5,604,2017,030829,      0.00,      0.00,      0.00,      0.00,0,1,0,0,1,1
H5,604,2017,030830,      0.00,      0.00,      0.00,      0.00,0,1,0,0,1,1
H5,604,2017,030890,      0.00,      0.00,      0.00,      0.00,0,1,0,0,1,1
H5,604,2017,040110,      0.00,      0.00,      0.00,      0.00,0,1,0,0,1,1
H5,604,2017,040120,      0.00,      0.00,      0.00,      0.00,0,1,0,0,1,1
H5,604,2017,040140,      0.00,      0.00,      0.00,      0.00,0,1,0,0,1,1
H5,604,2017,040150,      0.00,      0.00,      0.00,      0.00,0,1,0,0,1,1
H5,604,2017,040210,      0.00,      0.00,      0.00,      0.00,0,2,0,0,2,2
H5,604,2017,040221,      0.00,      0.00,      0.00,      0.00,0,4,0,0,4,4
H5,604,2017,040229,      0.00,      0.00,      0.00,      0.00,0,4,0,0,4,4
H5,604,2017,040291,      0.00,      0.00,      0.00,      0.00,0,2,0,0,2,2
H5,604,2017,040299,      0.00,      0.00,      0.00,      0.00,0,2,0,0,2,2
H5,604,2017,040310,      0.00,      0.00,      0.00,      0.00,0,2,0,0,2,2
H5,604,2017,040390,      0.00,      0.00,      0.00,      0.00,0,3,0,0,3,3
H5,604,2017,040410,      0.00,      0.00,      0.00,      0.00,0,2,0,0,2,2
H5,604,2017,040490,      0.00,      0.00,      0.00,      0.00,0,1,0,0,1,1
H5,604,2017,040510,      0.00,      0.00,      0.00,      0.00,0,1,0,0,1,1
H5,604,2017,040520,      0.00,      0.00,      0.00,      0.00,0,1,0,0,1,1
H5,604,2017,040590,      0.00,      0.00,      0.00,      0.00,0,2,0,0,2,2
H5,604,2017,040610,      0.00,      0.00,      0.00,      0.00,0,1,0,0,1,1
H5,604,2017,040620,      0.00,      0.00,      0.00,      0.00,0,1,0,0,1,1
H5,604,2017,040630,      0.00,      0.00,      0.00,      0.00,0,1,0,0,1,1
H5,604,2017,040640,      0.00,      0.00,      0.00,      0.00,0,1,0,0,1,1
H5,604,2017,040690,      0.00,      0.00,      0.00,      0.00,0,4,0,0,4,4
H5,604,2017,040711,      0.00,      0.00,      0.00,      0.00,0,1,0,0,1,1
H5,604,2017,040719,      0.00,      0.00,      0.00,      0.00,0,1,0,0,1,1
H5,604,2017,040721,      6.00,      0.00,      6.00,      3.00,0,1,0,1,2,2
H5,604,2017,040729,      6.00,      0.00,      6.00,      3.00,0,1,0,1,2,2
H5,604,2017,040790,      0.00,      0.00,      0.00,      0.00,0,1,0,0,1,1
H5,604,2017,040811,      0.00,      0.00,      0.00,      0.00,0,1,0,0,1,1
H5,604,2017,040819,      0.00,      0.00,      0.00,      0.00,0,1,0,0,1,1
H5,604,2017,040891,      0.00,      0.00,      0.00,      0.00,0,1,0,0,1,1
H5,604,2017,040899,      0.00,      0.00,      0.00,      0.00,0,1,0,0,1,1
H5,604,2017,040900,     12.00,      6.00,      6.00,      6.00,0,0,0,2,2,2
H5,604,2017,041000,      6.00,      6.00,      6.00,      6.00,0,0,0,1,1,1
H5,604,2017,050100,      0.00,      0.00,      0.00,      0.00,0,1,0,0,1,1
H5,604,2017,050210,      0.00,      0.00,      0.00,      0.00,0,1,0,0,1,1
H5,604,2017,050290,      0.00,      0.00,      0.00,      0.00,0,1,0,0,1,1
H5,604,2017,050400,     12.00,      0.00,      6.00,      4.00,0,1,0,2,3,3
H5,604,2017,050510,      0.00,      0.00,      0.00,      0.00,0,1,0,0,1,1
H5,604,2017,050590,      0.00,      0.00,      0.00,      0.00,0,1,0,0,1,1
H5,604,2017,050610,      0.00,      0.00,      0.00,      0.00,0,1,0,0,1,1
H5,604,2017,050690,      0.00,      0.00,      0.00,      0.00,0,1,0,0,1,1
H5,604,2017,050710,      0.00,      0.00,      0.00,      0.00,0,1,0,0,1,1
H5,604,2017,050790,      0.00,      0.00,      0.00,      0.00,0,1,0,0,1,1
H5,604,2017,050800,      0.00,      0.00,      0.00,      0.00,0,1,0,0,1,1
H5,604,2017,051000,      0.00,      0.00,      0.00,      0.00,0,2,0,0,2,2
H5,604,2017,051110,      0.00,      0.00,      0.00,      0.00,0,1,0,0,1,1
H5,604,2017,051191,      0.00,      0.00,      0.00,      0.00,0,3,0,0,3,3
H5,604,2017,051199,      0.00,      0.00,      0.00,      0.00,0,5,0,0,5,5
H5,604,2017,060110,      0.00,      0.00,      0.00,      0.00,0,1,0,0,1,1
H5,604,2017,060120,      0.00,      0.00,      0.00,      0.00,0,1,0,0,1,1
H5,604,2017,060210,      0.00,      0.00,      0.00,      0.00,0,2,0,0,2,2
H5,604,2017,060220,      0.00,      0.00,      0.00,      0.00,0,1,0,0,1,1
H5,604,2017,060230,      0.00,      0.00,      0.00,      0.00,0,1,0,0,1,1
H5,604,2017,060240,      0.00,      0.00,      0.00,      0.00,0,1,0,0,1,1
H5,604,2017,060290,      0.00,      0.00,      0.00,      0.00,0,2,0,0,2,2
H5,604,2017,060311,      6.00,      6.00,      6.00,      6.00,0,0,0,1,1,1
H5,604,2017,060312,     12.00,      6.00,      6.00,      6.00,0,0,0,2,2,2
H5,604,2017,060313,      6.00,      6.00,      6.00,      6.00,0,0,0,1,1,1
H5,604,2017,060314,     12.00,      6.00,      6.00,      6.00,0,0,0,2,2,2
H5,604,2017,060315,      6.00,      6.00,      6.00,      6.00,0,0,0,1,1,1
H5,604,2017,060319,     30.00,      6.00,      6.00,      6.00,0,0,0,5,5,5
H5,604,2017,060390,      6.00,      6.00,      6.00,      6.00,0,0,0,1,1,1
H5,604,2017,060420,      6.00,      6.00,      6.00,      6.00,0,0,0,1,1,1
H5,604,2017,060490,      6.00,      6.00,      6.00,      6.00,0,0,0,1,1,1
H5,604,2017,070110,      0.00,      0.00,      0.00,      0.00,0,1,0,0,1,1
H5,604,2017,070190,      6.00,      6.00,      6.00,      6.00,0,0,0,1,1,1
H5,604,2017,070200,      0.00,      0.00,      0.00,      0.00,0,1,0,0,1,1
H5,604,2017,070310,      6.00,      6.00,      6.00,      6.00,0,0,0,1,1,1
H5,604,2017,070320,     12.00,      6.00,      6.00,      6.00,0,0,0,2,2,2
H5,604,2017,070390,      6.00,      6.00,      6.00,      6.00,0,0,0,1,1,1
H5,604,2017,070410,      0.00,      0.00,      0.00,      0.00,0,1,0,0,1,1
H5,604,2017,070420,      0.00,      0.00,      0.00,      0.00,0,1,0,0,1,1
H5,604,2017,070490,      0.00,      0.00,      0.00,      0.00,0,1,0,0,1,1
H5,604,2017,070511,      0.00,      0.00,      0.00,      0.00,0,1,0,0,1,1
H5,604,2017,070519,      0.00,      0.00,      0.00,      0.00,0,1,0,0,1,1
H5,604,2017,070521,      0.00,      0.00,      0.00,      0.00,0,1,0,0,1,1
H5,604,2017,070529,      0.00,      0.00,      0.00,      0.00,0,1,0,0,1,1
H5,604,2017,070610,      0.00,      0.00,      0.00,      0.00,0,1,0,0,1,1
H5,604,2017,070690,      0.00,      0.00,      0.00,      0.00,0,1,0,0,1,1
H5,604,2017,070700,      0.00,      0.00,      0.00,      0.00,0,1,0,0,1,1
H5,604,2017,070810,      6.00,      6.00,      6.00,      6.00,0,0,0,1,1,1
H5,604,2017,070820,      6.00,      6.00,      6.00,      6.00,0,0,0,1,1,1
H5,604,2017,070890,      6.00,      6.00,      6.00,      6.00,0,0,0,1,1,1
H5,604,2017,070920,      0.00,      0.00,      0.00,      0.00,0,1,0,0,1,1
H5,604,2017,070930,      0.00,      0.00,      0.00,      0.00,0,1,0,0,1,1
H5,604,2017,070940,      0.00,      0.00,      0.00,      0.00,0,1,0,0,1,1
H5,604,2017,070951,      0.00,      0.00,      0.00,      0.00,0,1,0,0,1,1
H5,604,2017,070959,      0.00,      0.00,      0.00,      0.00,0,1,0,0,1,1
H5,604,2017,070960,      0.00,      0.00,      0.00,      0.00,0,1,0,0,1,1
H5,604,2017,070970,      0.00,      0.00,      0.00,      0.00,0,1,0,0,1,1
H5,604,2017,070991,      0.00,      0.00,      0.00,      0.00,0,1,0,0,1,1
H5,604,2017,070992,      0.00,      0.00,      0.00,      0.00,0,1,0,0,1,1
H5,604,2017,070993,      0.00,      0.00,      0.00,      0.00,0,1,0,0,1,1
H5,604,2017,070999,      0.00,      0.00,      0.00,      0.00,0,2,0,0,2,2
H5,604,2017,071010,      6.00,      6.00,      6.00,      6.00,0,0,0,1,1,1
H5,604,2017,071021,      6.00,      6.00,      6.00,      6.00,0,0,0,1,1,1
H5,604,2017,071022,      6.00,      6.00,      6.00,      6.00,0,0,0,1,1,1
H5,604,2017,071029,      6.00,      6.00,      6.00,      6.00,0,0,0,1,1,1
H5,604,2017,071030,      6.00,      6.00,      6.00,      6.00,0,0,0,1,1,1
H5,604,2017,071040,      0.00,      0.00,      0.00,      0.00,0,1,0,0,1,1
H5,604,2017,071080,     18.00,      6.00,      6.00,      6.00,0,0,0,3,3,3
H5,604,2017,071090,      6.00,      6.00,      6.00,      6.00,0,0,0,1,1,1
H5,604,2017,071120,      0.00,      0.00,      0.00,      0.00,0,1,0,0,1,1
H5,604,2017,071140,      0.00,      0.00,      0.00,      0.00,0,1,0,0,1,1
H5,604,2017,071151,      0.00,      0.00,      0.00,      0.00,0,1,0,0,1,1
H5,604,2017,071159,      0.00,      0.00,      0.00,      0.00,0,1,0,0,1,1
H5,604,2017,071190,      0.00,      0.00,      0.00,      0.00,0,1,0,0,1,1
H5,604,2017,071220,      6.00,      6.00,      6.00,      6.00,0,0,0,1,1,1
H5,604,2017,071231,      6.00,      6.00,      6.00,      6.00,0,0,0,1,1,1
H5,604,2017,071232,      6.00,      6.00,      6.00,      6.00,0,0,0,1,1,1
H5,604,2017,071233,      6.00,      6.00,      6.00,      6.00,0,0,0,1,1,1
H5,604,2017,071239,      6.00,      6.00,      6.00,      6.00,0,0,0,1,1,1
H5,604,2017,071290,     18.00,      6.00,      6.00,      6.00,0,0,0,3,3,3
H5,604,2017,071310,     12.00,      0.00,      6.00,      4.00,0,1,0,2,3,3
H5,604,2017,071320,      6.00,      0.00,      6.00,      3.00,0,1,0,1,2,2
H5,604,2017,071331,      6.00,      0.00,      6.00,      3.00,0,1,0,1,2,2
H5,604,2017,071332,      6.00,      0.00,      6.00,      3.00,0,1,0,1,2,2
H5,604,2017,071333,     18.00,      0.00,      6.00,      3.60,0,2,0,3,5,5
H5,604,2017,071334,      6.00,      0.00,      6.00,      3.00,0,1,0,1,2,2
H5,604,2017,071335,      6.00,      0.00,      6.00,      3.00,0,1,0,1,2,2
H5,604,2017,071339,     12.00,      0.00,      6.00,      4.00,0,1,0,2,3,3
H5,604,2017,071340,      6.00,      0.00,      6.00,      3.00,0,1,0,1,2,2
H5,604,2017,071350,      6.00,      0.00,      6.00,      3.00,0,1,0,1,2,2
H5,604,2017,071360,      6.00,      0.00,      6.00,      3.00,0,1,0,1,2,2
H5,604,2017,071390,      6.00,      0.00,      6.00,      3.00,0,1,0,1,2,2
H5,604,2017,071410,      6.00,      6.00,      6.00,      6.00,0,0,0,1,1,1
H5,604,2017,071420,      0.00,      0.00,      0.00,      0.00,0,2,0,0,2,2
H5,604,2017,071430,      0.00,      0.00,      0.00,      0.00,0,1,0,0,1,1
H5,604,2017,071440,      0.00,      0.00,      0.00,      0.00,0,1,0,0,1,1
H5,604,2017,071450,      0.00,      0.00,      0.00,      0.00,0,1,0,0,1,1
H5,604,2017,071490,      0.00,      0.00,      0.00,      0.00,0,2,0,0,2,2
H5,604,2017,080111,     12.00,      6.00,      6.00,      6.00,0,0,0,2,2,2
H5,604,2017,080112,      6.00,      6.00,      6.00,      6.00,0,0,0,1,1,1
H5,604,2017,080119,      6.00,      6.00,      6.00,      6.00,0,0,0,1,1,1
H5,604,2017,080121,      6.00,      6.00,      6.00,      6.00,0,0,0,1,1,1
H5,604,2017,080122,      6.00,      6.00,      6.00,      6.00,0,0,0,1,1,1
H5,604,2017,080131,      6.00,      6.00,      6.00,      6.00,0,0,0,1,1,1
H5,604,2017,080132,      6.00,      6.00,      6.00,      6.00,0,0,0,1,1,1
H5,604,2017,080211,      6.00,      6.00,      6.00,      6.00,0,0,0,1,1,1
H5,604,2017,080212,     12.00,      6.00,      6.00,      6.00,0,0,0,2,2,2
H5,604,2017,080221,      6.00,      6.00,      6.00,      6.00,0,0,0,1,1,1
H5,604,2017,080222,      6.00,      6.00,      6.00,      6.00,0,0,0,1,1,1
H5,604,2017,080231,      6.00,      6.00,      6.00,      6.00,0,0,0,1,1,1
H5,604,2017,080232,      6.00,      6.00,      6.00,      6.00,0,0,0,1,1,1
H5,604,2017,080241,      6.00,      6.00,      6.00,      6.00,0,0,0,1,1,1
H5,604,2017,080242,      6.00,      6.00,      6.00,      6.00,0,0,0,1,1,1
H5,604,2017,080251,      6.00,      6.00,      6.00,      6.00,0,0,0,1,1,1
H5,604,2017,080252,      6.00,      6.00,      6.00,      6.00,0,0,0,1,1,1
H5,604,2017,080261,      6.00,      6.00,      6.00,      6.00,0,0,0,1,1,1
H5,604,2017,080262,      6.00,      6.00,      6.00,      6.00,0,0,0,1,1,1
H5,604,2017,080270,      6.00,      6.00,      6.00,      6.00,0,0,0,1,1,1
H5,604,2017,080280,      6.00,      6.00,      6.00,      6.00,0,0,0,1,1,1
H5,604,2017,080290,      6.00,      6.00,      6.00,      6.00,0,0,0,1,1,1
H5,604,2017,080310,     12.00,      6.00,      6.00,      6.00,0,0,0,2,2,2
H5,604,2017,080390,     24.00,      6.00,      6.00,      6.00,0,0,0,4,4,4
H5,604,2017,080410,      6.00,      6.00,      6.00,      6.00,0,0,0,1,1,1
H5,604,2017,080420,      6.00,      6.00,      6.00,      6.00,0,0,0,1,1,1
H5,604,2017,080430,      6.00,      6.00,      6.00,      6.00,0,0,0,1,1,1
H5,604,2017,080440,      6.00,      6.00,      6.00,      6.00,0,0,0,1,1,1
H5,604,2017,080450,     12.00,      6.00,      6.00,      6.00,0,0,0,2,2,2
H5,604,2017,080510,      6.00,      6.00,      6.00,      6.00,0,0,0,1,1,1
H5,604,2017,080521,      6.00,      6.00,      6.00,      6.00,0,0,0,1,1,1
H5,604,2017,080522,      6.00,      6.00,      6.00,      6.00,0,0,0,1,1,1
H5,604,2017,080529,     12.00,      6.00,      6.00,      6.00,0,0,0,2,2,2
H5,604,2017,080540,      6.00,      6.00,      6.00,      6.00,0,0,0,1,1,1
H5,604,2017,080550,     18.00,      6.00,      6.00,      6.00,0,0,0,3,3,3
H5,604,2017,080590,      6.00,      6.00,      6.00,      6.00,0,0,0,1,1,1
H5,604,2017,080610,      6.00,      6.00,      6.00,      6.00,0,0,0,1,1,1
H5,604,2017,080620,      6.00,      6.00,      6.00,      6.00,0,0,0,1,1,1
H5,604,2017,080711,      6.00,      6.00,      6.00,      6.00,0,0,0,1,1,1
H5,604,2017,080719,      6.00,      6.00,      6.00,      6.00,0,0,0,1,1,1
H5,604,2017,080720,      6.00,      6.00,      6.00,      6.00,0,0,0,1,1,1
H5,604,2017,080810,      6.00,      6.00,      6.00,      6.00,0,0,0,1,1,1
H5,604,2017,080830,      6.00,      6.00,      6.00,      6.00,0,0,0,1,1,1
H5,604,2017,080840,      6.00,      6.00,      6.00,      6.00,0,0,0,1,1,1
H5,604,2017,080910,      6.00,      6.00,      6.00,      6.00,0,0,0,1,1,1
H5,604,2017,080921,      6.00,      6.00,      6.00,      6.00,0,0,0,1,1,1
H5,604,2017,080929,      6.00,      6.00,      6.00,      6.00,0,0,0,1,1,1
H5,604,2017,080930,      6.00,      6.00,      6.00,      6.00,0,0,0,1,1,1
H5,604,2017,080940,      6.00,      6.00,      6.00,      6.00,0,0,0,1,1,1
H5,604,2017,081010,      6.00,      6.00,      6.00,      6.00,0,0,0,1,1,1
H5,604,2017,081020,      6.00,      6.00,      6.00,      6.00,0,0,0,1,1,1
H5,604,2017,081030,      6.00,      6.00,      6.00,      6.00,0,0,0,1,1,1
H5,604,2017,081040,      6.00,      6.00,      6.00,      6.00,0,0,0,1,1,1
H5,604,2017,081050,      6.00,      6.00,      6.00,      6.00,0,0,0,1,1,1
H5,604,2017,081060,      6.00,      6.00,      6.00,      6.00,0,0,0,1,1,1
H5,604,2017,081070,      6.00,      6.00,      6.00,      6.00,0,0,0,1,1,1
H5,604,2017,081090,     36.00,      6.00,      6.00,      6.00,0,0,0,6,6,6
H5,604,2017,081110,      0.00,      0.00,      0.00,      0.00,0,2,0,0,2,2
H5,604,2017,081120,      0.00,      0.00,      0.00,      0.00,0,1,0,0,1,1
H5,604,2017,081190,     88.00,     11.00,     11.00,     11.00,0,0,0,8,8,8
H5,604,2017,081210,      0.00,      0.00,      0.00,      0.00,0,1,0,0,1,1
H5,604,2017,081290,      0.00,      0.00,      0.00,      0.00,0,2,0,0,2,2
H5,604,2017,081310,      6.00,      6.00,      6.00,      6.00,0,0,0,1,1,1
H5,604,2017,081320,      6.00,      6.00,      6.00,      6.00,0,0,0,1,1,1
H5,604,2017,081330,      6.00,      6.00,      6.00,      6.00,0,0,0,1,1,1
H5,604,2017,081340,      6.00,      6.00,      6.00,      6.00,0,0,0,1,1,1
H5,604,2017,081350,      6.00,      6.00,      6.00,      6.00,0,0,0,1,1,1
H5,604,2017,081400,      0.00,      0.00,      0.00,      0.00,0,2,0,0,2,2
H5,604,2017,090111,     22.00,     11.00,     11.00,     11.00,0,0,0,2,2,2
H5,604,2017,090112,     11.00,     11.00,     11.00,     11.00,0,0,0,1,1,1
H5,604,2017,090121,     17.00,      6.00,     11.00,      8.50,0,0,0,2,2,2
H5,604,2017,090122,      6.00,      6.00,      6.00,      6.00,0,0,0,1,1,1
H5,604,2017,090190,      6.00,      6.00,      6.00,      6.00,0,0,0,1,1,1
H5,604,2017,090210,      6.00,      6.00,      6.00,      6.00,0,0,0,1,1,1
H5,604,2017,090220,      6.00,      6.00,      6.00,      6.00,0,0,0,1,1,1
H5,604,2017,090230,      6.00,      6.00,      6.00,      6.00,0,0,0,1,1,1
H5,604,2017,090240,      6.00,      6.00,      6.00,      6.00,0,0,0,1,1,1
H5,604,2017,090300,      0.00,      0.00,      0.00,      0.00,0,1,0,0,1,1
H5,604,2017,090411,      0.00,      0.00,      0.00,      0.00,0,1,0,0,1,1
H5,604,2017,090412,      0.00,      0.00,      0.00,      0.00,0,1,0,0,1,1
H5,604,2017,090421,      0.00,      0.00,      0.00,      0.00,0,3,0,0,3,3
H5,604,2017,090422,      0.00,      0.00,      0.00,      0.00,0,2,0,0,2,2
H5,604,2017,090510,      0.00,      0.00,      0.00,      0.00,0,1,0,0,1,1
H5,604,2017,090520,      0.00,      0.00,      0.00,      0.00,0,1,0,0,1,1
H5,604,2017,090611,      0.00,      0.00,      0.00,      0.00,0,1,0,0,1,1
H5,604,2017,090619,      0.00,      0.00,      0.00,      0.00,0,1,0,0,1,1
H5,604,2017,090620,      0.00,      0.00,      0.00,      0.00,0,1,0,0,1,1
H5,604,2017,090710,      0.00,      0.00,      0.00,      0.00,0,1,0,0,1,1
H5,604,2017,090720,      0.00,      0.00,      0.00,      0.00,0,1,0,0,1,1
H5,604,2017,090811,      0.00,      0.00,      0.00,      0.00,0,1,0,0,1,1
H5,604,2017,090812,      0.00,      0.00,      0.00,      0.00,0,1,0,0,1,1
H5,604,2017,090821,      0.00,      0.00,      0.00,      0.00,0,1,0,0,1,1
H5,604,2017,090822,      0.00,      0.00,      0.00,      0.00,0,1,0,0,1,1
H5,604,2017,090831,      0.00,      0.00,      0.00,      0.00,0,1,0,0,1,1
H5,604,2017,090832,      0.00,      0.00,      0.00,      0.00,0,1,0,0,1,1
H5,604,2017,090921,      0.00,      0.00,      0.00,      0.00,0,2,0,0,2,2
H5,604,2017,090922,      0.00,      0.00,      0.00,      0.00,0,1,0,0,1,1
H5,604,2017,090931,      0.00,      0.00,      0.00,      0.00,0,1,0,0,1,1
H5,604,2017,090932,      0.00,      0.00,      0.00,      0.00,0,1,0,0,1,1
H5,604,2017,090961,      0.00,      0.00,      0.00,      0.00,0,1,0,0,1,1
H5,604,2017,090962,      0.00,      0.00,      0.00,      0.00,0,1,0,0,1,1
H5,604,2017,091011,      0.00,      0.00,      0.00,      0.00,0,1,0,0,1,1
H5,604,2017,091012,      0.00,      0.00,      0.00,      0.00,0,1,0,0,1,1
H5,604,2017,091020,      0.00,      0.00,      0.00,      0.00,0,1,0,0,1,1
H5,604,2017,091030,      0.00,      0.00,      0.00,      0.00,0,1,0,0,1,1
H5,604,2017,091091,      0.00,      0.00,      0.00,      0.00,0,1,0,0,1,1
H5,604,2017,091099,      0.00,      0.00,      0.00,      0.00,0,2,0,0,2,2
H5,604,2017,100111,      0.00,      0.00,      0.00,      0.00,0,1,0,0,1,1
H5,604,2017,100119,      0.00,      0.00,      0.00,      0.00,0,1,0,0,1,1
H5,604,2017,100191,      0.00,      0.00,      0.00,      0.00,0,2,0,0,2,2
H5,604,2017,100199,      0.00,      0.00,      0.00,      0.00,0,2,0,0,2,2
H5,604,2017,100210,      0.00,      0.00,      0.00,      0.00,0,1,0,0,1,1
H5,604,2017,100290,      0.00,      0.00,      0.00,      0.00,0,1,0,0,1,1
H5,604,2017,100310,      0.00,      0.00,      0.00,      0.00,0,1,0,0,1,1
H5,604,2017,100390,      6.00,      6.00,      6.00,      6.00,0,0,0,1,1,1
H5,604,2017,100410,      0.00,      0.00,      0.00,      0.00,0,1,0,0,1,1
H5,604,2017,100490,      0.00,      0.00,      0.00,      0.00,0,1,0,0,1,1
H5,604,2017,100510,      0.00,      0.00,      0.00,      0.00,0,1,0,0,1,1
H5,604,2017,100590,      0.00,      0.00,      0.00,      0.00,0,7,0,0,7,7
H5,604,2017,100610,      0.00,      0.00,      0.00,      0.00,0,2,0,0,2,2
H5,604,2017,100620,      0.00,      0.00,      0.00,      0.00,0,1,0,0,1,1
H5,604,2017,100630,      0.00,      0.00,      0.00,      0.00,0,1,0,0,1,1
H5,604,2017,100640,      0.00,      0.00,      0.00,      0.00,0,1,0,0,1,1
H5,604,2017,100710,      0.00,      0.00,      0.00,      0.00,0,1,0,0,1,1
H5,604,2017,100790,      0.00,      0.00,      0.00,      0.00,0,1,0,0,1,1
H5,604,2017,100810,      0.00,      0.00,      0.00,      0.00,0,2,0,0,2,2
H5,604,2017,100821,      0.00,      0.00,      0.00,      0.00,0,1,0,0,1,1
H5,604,2017,100829,      0.00,      0.00,      0.00,      0.00,0,1,0,0,1,1
H5,604,2017,100830,      0.00,      0.00,      0.00,      0.00,0,2,0,0,2,2
H5,604,2017,100840,      6.00,      6.00,      6.00,      6.00,0,0,0,1,1,1
H5,604,2017,100850,      0.00,      0.00,      0.00,      0.00,0,2,0,0,2,2
H5,604,2017,100860,      6.00,      6.00,      6.00,      6.00,0,0,0,1,1,1
H5,604,2017,100890,     24.00,      6.00,      6.00,      6.00,0,0,0,4,4,4
H5,604,2017,110100,      0.00,      0.00,      0.00,      0.00,0,1,0,0,1,1
H5,604,2017,110220,      6.00,      6.00,      6.00,      6.00,0,0,0,1,1,1
H5,604,2017,110290,      6.00,      0.00,      6.00,      3.00,0,1,0,1,2,2
H5,604,2017,110311,      6.00,      6.00,      6.00,      6.00,0,0,0,1,1,1
H5,604,2017,110313,      0.00,      0.00,      0.00,      0.00,0,1,0,0,1,1
H5,604,2017,110319,      0.00,      0.00,      0.00,      0.00,0,1,0,0,1,1
H5,604,2017,110320,      0.00,      0.00,      0.00,      0.00,0,1,0,0,1,1
H5,604,2017,110412,      6.00,      6.00,      6.00,      6.00,0,0,0,1,1,1
H5,604,2017,110419,      6.00,      6.00,      6.00,      6.00,0,0,0,1,1,1
H5,604,2017,110422,      6.00,      6.00,      6.00,      6.00,0,0,0,1,1,1
H5,604,2017,110423,      6.00,      6.00,      6.00,      6.00,0,0,0,1,1,1
H5,604,2017,110429,     12.00,      6.00,      6.00,      6.00,0,0,0,2,2,2
H5,604,2017,110430,      6.00,      6.00,      6.00,      6.00,0,0,0,1,1,1
H5,604,2017,110510,      0.00,      0.00,      0.00,      0.00,0,1,0,0,1,1
H5,604,2017,110520,      0.00,      0.00,      0.00,      0.00,0,1,0,0,1,1
H5,604,2017,110610,      0.00,      0.00,      0.00,      0.00,0,1,0,0,1,1
H5,604,2017,110620,     12.00,      6.00,      6.00,      6.00,0,0,0,2,2,2
H5,604,2017,110630,      0.00,      0.00,      0.00,      0.00,0,3,0,0,3,3
H5,604,2017,110710,      6.00,      6.00,      6.00,      6.00,0,0,0,1,1,1
H5,604,2017,110720,      6.00,      6.00,      6.00,      6.00,0,0,0,1,1,1
H5,604,2017,110811,      6.00,      6.00,      6.00,      6.00,0,0,0,1,1,1
H5,604,2017,110812,      6.00,      6.00,      6.00,      6.00,0,0,0,1,1,1
H5,604,2017,110813,      6.00,      6.00,      6.00,      6.00,0,0,0,1,1,1
H5,604,2017,110814,      6.00,      6.00,      6.00,      6.00,0,0,0,1,1,1
H5,604,2017,110819,      6.00,      6.00,      6.00,      6.00,0,0,0,1,1,1
H5,604,2017,110820,      6.00,      6.00,      6.00,      6.00,0,0,0,1,1,1
H5,604,2017,110900,      6.00,      6.00,      6.00,      6.00,0,0,0,1,1,1
H5,604,2017,120110,      0.00,      0.00,      0.00,      0.00,0,1,0,0,1,1
H5,604,2017,120190,      0.00,      0.00,      0.00,      0.00,0,1,0,0,1,1
H5,604,2017,120230,      0.00,      0.00,      0.00,      0.00,0,1,0,0,1,1
H5,604,2017,120241,      0.00,      0.00,      0.00,      0.00,0,1,0,0,1,1
H5,604,2017,120242,      0.00,      0.00,      0.00,      0.00,0,1,0,0,1,1
H5,604,2017,120300,      6.00,      6.00,      6.00,      6.00,0,0,0,1,1,1
H5,604,2017,120400,      0.00,      0.00,      0.00,      0.00,0,2,0,0,2,2
H5,604,2017,120510,      0.00,      0.00,      0.00,      0.00,0,2,0,0,2,2
H5,604,2017,120590,      0.00,      0.00,      0.00,      0.00,0,2,0,0,2,2
H5,604,2017,120600,      0.00,      0.00,      0.00,      0.00,0,2,0,0,2,2
H5,604,2017,120710,      0.00,      0.00,      0.00,      0.00,0,2,0,0,2,2
H5,604,2017,120721,      0.00,      0.00,      0.00,      0.00,0,1,0,0,1,1
H5,604,2017,120729,      0.00,      0.00,      0.00,      0.00,0,1,0,0,1,1
H5,604,2017,120730,      0.00,      0.00,      0.00,      0.00,0,2,0,0,2,2
H5,604,2017,120740,      0.00,      0.00,      0.00,      0.00,0,2,0,0,2,2
H5,604,2017,120750,      0.00,      0.00,      0.00,      0.00,0,2,0,0,2,2
H5,604,2017,120760,      0.00,      0.00,      0.00,      0.00,0,2,0,0,2,2
H5,604,2017,120770,      0.00,      0.00,      0.00,      0.00,0,2,0,0,2,2
H5,604,2017,120791,      0.00,      0.00,      0.00,      0.00,0,1,0,0,1,1
H5,604,2017,120799,      0.00,      0.00,      0.00,      0.00,0,3,0,0,3,3
H5,604,2017,120810,      0.00,      0.00,      0.00,      0.00,0,1,0,0,1,1
H5,604,2017,120890,      0.00,      0.00,      0.00,      0.00,0,1,0,0,1,1
H5,604,2017,120910,      0.00,      0.00,      0.00,      0.00,0,1,0,0,1,1
H5,604,2017,120921,      0.00,      0.00,      0.00,      0.00,0,1,0,0,1,1
H5,604,2017,120922,      0.00,      0.00,      0.00,      0.00,0,1,0,0,1,1
H5,604,2017,120923,      0.00,      0.00,      0.00,      0.00,0,1,0,0,1,1
H5,604,2017,120924,      0.00,      0.00,      0.00,      0.00,0,1,0,0,1,1
H5,604,2017,120925,      0.00,      0.00,      0.00,      0.00,0,1,0,0,1,1
H5,604,2017,120929,      0.00,      0.00,      0.00,      0.00,0,1,0,0,1,1
H5,604,2017,120930,      0.00,      0.00,      0.00,      0.00,0,1,0,0,1,1
H5,604,2017,120991,      0.00,      0.00,      0.00,      0.00,0,6,0,0,6,6
H5,604,2017,120999,      0.00,      0.00,      0.00,      0.00,0,5,0,0,5,5
H5,604,2017,121010,      0.00,      0.00,      0.00,      0.00,0,1,0,0,1,1
H5,604,2017,121020,      0.00,      0.00,      0.00,      0.00,0,1,0,0,1,1
H5,604,2017,121120,      6.00,      0.00,      6.00,      3.00,0,1,0,1,2,2
H5,604,2017,121130,      0.00,      0.00,      0.00,      0.00,0,1,0,0,1,1
H5,604,2017,121140,      0.00,      0.00,      0.00,      0.00,0,1,0,0,1,1
H5,604,2017,121150,      0.00,      0.00,      0.00,      0.00,0,1,0,0,1,1
H5,604,2017,121190,      6.00,      0.00,      6.00,      1.00,0,5,0,1,6,6
H5,604,2017,121221,      6.00,      6.00,      6.00,      6.00,0,0,0,1,1,1
H5,604,2017,121229,      6.00,      6.00,      6.00,      6.00,0,0,0,1,1,1
H5,604,2017,121291,      0.00,      0.00,      0.00,      0.00,0,1,0,0,1,1
H5,604,2017,121292,      0.00,      0.00,      0.00,      0.00,0,1,0,0,1,1
H5,604,2017,121293,      6.00,      6.00,      6.00,      6.00,0,0,0,1,1,1
H5,604,2017,121294,      0.00,      0.00,      0.00,      0.00,0,1,0,0,1,1
H5,604,2017,121299,      6.00,      0.00,      6.00,      3.00,0,1,0,1,2,2
H5,604,2017,121300,      0.00,      0.00,      0.00,      0.00,0,1,0,0,1,1
H5,604,2017,121410,      0.00,      0.00,      0.00,      0.00,0,1,0,0,1,1
H5,604,2017,121490,      0.00,      0.00,      0.00,      0.00,0,1,0,0,1,1
H5,604,2017,130120,      0.00,      0.00,      0.00,      0.00,0,1,0,0,1,1
H5,604,2017,130190,      0.00,      0.00,      0.00,      0.00,0,3,0,0,3,3
H5,604,2017,130211,      0.00,      0.00,      0.00,      0.00,0,2,0,0,2,2
H5,604,2017,130212,      0.00,      0.00,      0.00,      0.00,0,1,0,0,1,1
H5,604,2017,130213,      0.00,      0.00,      0.00,      0.00,0,1,0,0,1,1
H5,604,2017,130214,      6.00,      6.00,      6.00,      6.00,0,0,0,1,1,1
H5,604,2017,130219,     30.00,      6.00,      6.00,      6.00,0,0,0,5,5,5
H5,604,2017,130220,      0.00,      0.00,      0.00,      0.00,0,1,0,0,1,1
H5,604,2017,130231,      0.00,      0.00,      0.00,      0.00,0,1,0,0,1,1
H5,604,2017,130232,      0.00,      0.00,      0.00,      0.00,0,1,0,0,1,1
H5,604,2017,130239,      0.00,      0.00,      0.00,      0.00,0,2,0,0,2,2
H5,604,2017,140110,      0.00,      0.00,      0.00,      0.00,0,1,0,0,1,1
H5,604,2017,140120,      0.00,      0.00,      0.00,      0.00,0,1,0,0,1,1
H5,604,2017,140190,      0.00,      0.00,      0.00,      0.00,0,1,0,0,1,1
H5,604,2017,140420,      0.00,      0.00,      0.00,      0.00,0,1,0,0,1,1
H5,604,2017,140490,      0.00,      0.00,      0.00,      0.00,0,4,0,0,4,4
H5,604,2017,150110,      6.00,      6.00,      6.00,      6.00,0,0,0,1,1,1
H5,604,2017,150120,      6.00,      6.00,      6.00,      6.00,0,0,0,1,1,1
H5,604,2017,150190,      6.00,      6.00,      6.00,      6.00,0,0,0,1,1,1
H5,604,2017,150210,     12.00,      0.00,      6.00,      3.00,0,2,0,2,4,4
H5,604,2017,150290,     12.00,      0.00,      6.00,      3.00,0,2,0,2,4,4
H5,604,2017,150300,      0.00,      0.00,      0.00,      0.00,0,1,0,0,1,1
H5,604,2017,150410,      0.00,      0.00,      0.00,      0.00,0,3,0,0,3,3
H5,604,2017,150420,      0.00,      0.00,      0.00,      0.00,0,2,0,0,2,2
H5,604,2017,150430,      0.00,      0.00,      0.00,      0.00,0,1,0,0,1,1
H5,604,2017,150500,      0.00,      0.00,      0.00,      0.00,0,3,0,0,3,3
H5,604,2017,150600,      0.00,      0.00,      0.00,      0.00,0,2,0,0,2,2
H5,604,2017,150710,      0.00,      0.00,      0.00,      0.00,0,1,0,0,1,1
H5,604,2017,150790,      0.00,      0.00,      0.00,      0.00,0,2,0,0,2,2
H5,604,2017,150810,      0.00,      0.00,      0.00,      0.00,0,1,0,0,1,1
H5,604,2017,150890,      0.00,      0.00,      0.00,      0.00,0,1,0,0,1,1
H5,604,2017,150910,      0.00,      0.00,      0.00,      0.00,0,1,0,0,1,1
H5,604,2017,150990,      0.00,      0.00,      0.00,      0.00,0,1,0,0,1,1
H5,604,2017,151000,      0.00,      0.00,      0.00,      0.00,0,1,0,0,1,1
H5,604,2017,151110,      6.00,      6.00,      6.00,      6.00,0,0,0,1,1,1
H5,604,2017,151190,      0.00,      0.00,      0.00,      0.00,0,1,0,0,1,1
H5,604,2017,151211,      0.00,      0.00,      0.00,      0.00,0,2,0,0,2,2
H5,604,2017,151219,     12.00,      6.00,      6.00,      6.00,0,0,0,2,2,2
H5,604,2017,151221,      0.00,      0.00,      0.00,      0.00,0,1,0,0,1,1
H5,604,2017,151229,      0.00,      0.00,      0.00,      0.00,0,1,0,0,1,1
H5,604,2017,151311,      0.00,      0.00,      0.00,      0.00,0,1,0,0,1,1
H5,604,2017,151319,      0.00,      0.00,      0.00,      0.00,0,1,0,0,1,1
H5,604,2017,151321,      6.00,      0.00,      6.00,      3.00,0,1,0,1,2,2
H5,604,2017,151329,     12.00,      6.00,      6.00,      6.00,0,0,0,2,2,2
H5,604,2017,151411,      0.00,      0.00,      0.00,      0.00,0,1,0,0,1,1
H5,604,2017,151419,      6.00,      6.00,      6.00,      6.00,0,0,0,1,1,1
H5,604,2017,151491,      0.00,      0.00,      0.00,      0.00,0,1,0,0,1,1
H5,604,2017,151499,      0.00,      0.00,      0.00,      0.00,0,1,0,0,1,1
H5,604,2017,151511,      0.00,      0.00,      0.00,      0.00,0,1,0,0,1,1
H5,604,2017,151519,      0.00,      0.00,      0.00,      0.00,0,1,0,0,1,1
H5,604,2017,151521,      6.00,      6.00,      6.00,      6.00,0,0,0,1,1,1
H5,604,2017,151529,      0.00,      0.00,      0.00,      0.00,0,1,0,0,1,1
H5,604,2017,151530,      0.00,      0.00,      0.00,      0.00,0,1,0,0,1,1
H5,604,2017,151550,      0.00,      0.00,      0.00,      0.00,0,1,0,0,1,1
H5,604,2017,151590,      6.00,      0.00,      6.00,      3.00,0,1,0,1,2,2
H5,604,2017,151610,      6.00,      6.00,      6.00,      6.00,0,0,0,1,1,1
H5,604,2017,151620,      6.00,      6.00,      6.00,      6.00,0,0,0,1,1,1
H5,604,2017,151710,      0.00,      0.00,      0.00,      0.00,0,1,0,0,1,1
H5,604,2017,151790,      6.00,      6.00,      6.00,      6.00,0,0,0,1,1,1
H5,604,2017,151800,      0.00,      0.00,      0.00,      0.00,0,2,0,0,2,2
H5,604,2017,152000,      0.00,      0.00,      0.00,      0.00,0,1,0,0,1,1
H5,604,2017,152110,      0.00,      0.00,      0.00,      0.00,0,3,0,0,3,3
H5,604,2017,152190,      6.00,      0.00,      6.00,      3.00,0,1,0,1,2,2
H5,604,2017,152200,      0.00,      0.00,      0.00,      0.00,0,1,0,0,1,1
H5,604,2017,160100,      6.00,      6.00,      6.00,      6.00,0,0,0,1,1,1
H5,604,2017,160210,      6.00,      6.00,      6.00,      6.00,0,0,0,1,1,1
H5,604,2017,160220,      6.00,      6.00,      6.00,      6.00,0,0,0,1,1,1
H5,604,2017,160231,     12.00,      6.00,      6.00,      6.00,0,0,0,2,2,2
H5,604,2017,160232,     36.00,      6.00,      6.00,      6.00,0,0,0,6,6,6
H5,604,2017,160239,     12.00,      6.00,      6.00,      6.00,0,0,0,2,2,2
H5,604,2017,160241,      6.00,      6.00,      6.00,      6.00,0,0,0,1,1,1
H5,604,2017,160242,      6.00,      6.00,      6.00,      6.00,0,0,0,1,1,1
H5,604,2017,160249,      6.00,      6.00,      6.00,      6.00,0,0,0,1,1,1
H5,604,2017,160250,     11.00,     11.00,     11.00,     11.00,0,0,0,1,1,1
H5,604,2017,160290,     11.00,     11.00,     11.00,     11.00,0,0,0,1,1,1
H5,604,2017,160300,      0.00,      0.00,      0.00,      0.00,0,1,0,0,1,1
H5,604,2017,160411,      0.00,      0.00,      0.00,      0.00,0,1,0,0,1,1
H5,604,2017,160412,      0.00,      0.00,      0.00,      0.00,0,1,0,0,1,1
H5,604,2017,160413,      0.00,      0.00,      0.00,      0.00,0,6,0,0,6,6
H5,604,2017,160414,      0.00,      0.00,      0.00,      0.00,0,2,0,0,2,2
H5,604,2017,160415,      0.00,      0.00,      0.00,      0.00,0,1,0,0,1,1
H5,604,2017,160416,      0.00,      0.00,      0.00,      0.00,0,1,0,0,1,1
H5,604,2017,160417,      0.00,      0.00,      0.00,      0.00,0,1,0,0,1,1
H5,604,2017,160418,      0.00,      0.00,      0.00,      0.00,0,1,0,0,1,1
H5,604,2017,160419,      0.00,      0.00,      0.00,      0.00,0,1,0,0,1,1
H5,604,2017,160420,      0.00,      0.00,      0.00,      0.00,0,1,0,0,1,1
H5,604,2017,160431,      0.00,      0.00,      0.00,      0.00,0,1,0,0,1,1
H5,604,2017,160432,      0.00,      0.00,      0.00,      0.00,0,1,0,0,1,1
H5,604,2017,160510,      0.00,      0.00,      0.00,      0.00,0,1,0,0,1,1
H5,604,2017,160521,      0.00,      0.00,      0.00,      0.00,0,1,0,0,1,1
H5,604,2017,160529,      0.00,      0.00,      0.00,      0.00,0,1,0,0,1,1
H5,604,2017,160530,      0.00,      0.00,      0.00,      0.00,0,1,0,0,1,1
H5,604,2017,160540,      0.00,      0.00,      0.00,      0.00,0,1,0,0,1,1
H5,604,2017,160551,      0.00,      0.00,      0.00,      0.00,0,1,0,0,1,1
H5,604,2017,160552,      0.00,      0.00,      0.00,      0.00,0,1,0,0,1,1
H5,604,2017,160553,      0.00,      0.00,      0.00,      0.00,0,1,0,0,1,1
H5,604,2017,160554,      0.00,      0.00,      0.00,      0.00,0,1,0,0,1,1
H5,604,2017,160555,      0.00,      0.00,      0.00,      0.00,0,1,0,0,1,1
H5,604,2017,160556,      0.00,      0.00,      0.00,      0.00,0,1,0,0,1,1
H5,604,2017,160557,      0.00,      0.00,      0.00,      0.00,0,1,0,0,1,1
H5,604,2017,160558,      0.00,      0.00,      0.00,      0.00,0,1,0,0,1,1
H5,604,2017,160559,      0.00,      0.00,      0.00,      0.00,0,2,0,0,2,2
H5,604,2017,160561,      0.00,      0.00,      0.00,      0.00,0,1,0,0,1,1
H5,604,2017,160562,      0.00,      0.00,      0.00,      0.00,0,1,0,0,1,1
H5,604,2017,160563,      0.00,      0.00,      0.00,      0.00,0,1,0,0,1,1
H5,604,2017,160569,      0.00,      0.00,      0.00,      0.00,0,1,0,0,1,1
H5,604,2017,170112,      0.00,      0.00,      0.00,      0.00,0,1,0,0,1,1
H5,604,2017,170113,      0.00,      0.00,      0.00,      0.00,0,1,0,0,1,1
H5,604,2017,170114,      0.00,      0.00,      0.00,      0.00,0,1,0,0,1,1
H5,604,2017,170191,      0.00,      0.00,      0.00,      0.00,0,1,0,0,1,1
H5,604,2017,170199,      0.00,      0.00,      0.00,      0.00,0,2,0,0,2,2
H5,604,2017,170211,      0.00,      0.00,      0.00,      0.00,0,1,0,0,1,1
H5,604,2017,170219,      0.00,      0.00,      0.00,      0.00,0,2,0,0,2,2
H5,604,2017,170220,      0.00,      0.00,      0.00,      0.00,0,1,0,0,1,1
H5,604,2017,170230,      0.00,      0.00,      0.00,      0.00,0,3,0,0,3,3
H5,604,2017,170240,      0.00,      0.00,      0.00,      0.00,0,2,0,0,2,2
H5,604,2017,170250,      0.00,      0.00,      0.00,      0.00,0,1,0,0,1,1
H5,604,2017,170260,      0.00,      0.00,      0.00,      0.00,0,1,0,0,1,1
H5,604,2017,170290,      0.00,      0.00,      0.00,      0.00,0,5,0,0,5,5
H5,604,2017,170310,      0.00,      0.00,      0.00,      0.00,0,1,0,0,1,1
H5,604,2017,170390,      0.00,      0.00,      0.00,      0.00,0,1,0,0,1,1
H5,604,2017,170410,     12.00,      6.00,      6.00,      6.00,0,0,0,2,2,2
H5,604,2017,170490,     12.00,      6.00,      6.00,      6.00,0,0,0,2,2,2
H5,604,2017,180100,      0.00,      0.00,      0.00,      0.00,0,3,0,0,3,3
H5,604,2017,180200,      0.00,      0.00,      0.00,      0.00,0,1,0,0,1,1
H5,604,2017,180310,      6.00,      6.00,      6.00,      6.00,0,0,0,1,1,1
H5,604,2017,180320,      0.00,      0.00,      0.00,      0.00,0,1,0,0,1,1
H5,604,2017,180400,      0.00,      0.00,      0.00,      0.00,0,4,0,0,4,4
H5,604,2017,180500,      0.00,      0.00,      0.00,      0.00,0,1,0,0,1,1
H5,604,2017,180610,      6.00,      6.00,      6.00,      6.00,0,0,0,1,1,1
H5,604,2017,180620,     22.00,     11.00,     11.00,     11.00,0,0,0,2,2,2
H5,604,2017,180631,      6.00,      6.00,      6.00,      6.00,0,0,0,1,1,1
H5,604,2017,180632,      6.00,      6.00,      6.00,      6.00,0,0,0,1,1,1
H5,604,2017,180690,      6.00,      6.00,      6.00,      6.00,0,0,0,1,1,1
H5,604,2017,190110,      0.00,      0.00,      0.00,      0.00,0,3,0,0,3,3
H5,604,2017,190120,      0.00,      0.00,      0.00,      0.00,0,1,0,0,1,1
H5,604,2017,190190,      6.00,      0.00,      6.00,      2.00,0,2,0,1,3,3
H5,604,2017,190211,      0.00,      0.00,      0.00,      0.00,0,1,0,0,1,1
H5,604,2017,190219,      0.00,      0.00,      0.00,      0.00,0,1,0,0,1,1
H5,604,2017,190220,      0.00,      0.00,      0.00,      0.00,0,1,0,0,1,1
H5,604,2017,190230,      0.00,      0.00,      0.00,      0.00,0,1,0,0,1,1
H5,604,2017,190240,      0.00,      0.00,      0.00,      0.00,0,1,0,0,1,1
H5,604,2017,190300,      0.00,      0.00,      0.00,      0.00,0,1,0,0,1,1
H5,604,2017,190410,      6.00,      6.00,      6.00,      6.00,0,0,0,1,1,1
H5,604,2017,190420,      6.00,      6.00,      6.00,      6.00,0,0,0,1,1,1
H5,604,2017,190430,      0.00,      0.00,      0.00,      0.00,0,1,0,0,1,1
H5,604,2017,190490,      6.00,      6.00,      6.00,      6.00,0,0,0,1,1,1
H5,604,2017,190510,      0.00,      0.00,      0.00,      0.00,0,1,0,0,1,1
H5,604,2017,190520,      0.00,      0.00,      0.00,      0.00,0,1,0,0,1,1
H5,604,2017,190531,      0.00,      0.00,      0.00,      0.00,0,1,0,0,1,1
H5,604,2017,190532,      0.00,      0.00,      0.00,      0.00,0,1,0,0,1,1
H5,604,2017,190540,      0.00,      0.00,      0.00,      0.00,0,1,0,0,1,1
H5,604,2017,190590,      0.00,      0.00,      0.00,      0.00,0,2,0,0,2,2
H5,604,2017,200110,      6.00,      6.00,      6.00,      6.00,0,0,0,1,1,1
H5,604,2017,200190,     12.00,      6.00,      6.00,      6.00,0,0,0,2,2,2
H5,604,2017,200210,      6.00,      6.00,      6.00,      6.00,0,0,0,1,1,1
H5,604,2017,200290,      6.00,      6.00,      6.00,      6.00,0,0,0,1,1,1
H5,604,2017,200310,      6.00,      6.00,      6.00,      6.00,0,0,0,1,1,1
H5,604,2017,200390,      6.00,      6.00,      6.00,      6.00,0,0,0,1,1,1
H5,604,2017,200410,      6.00,      6.00,      6.00,      6.00,0,0,0,1,1,1
H5,604,2017,200490,      6.00,      6.00,      6.00,      6.00,0,0,0,1,1,1
H5,604,2017,200510,      6.00,      6.00,      6.00,      6.00,0,0,0,1,1,1
H5,604,2017,200520,      6.00,      6.00,      6.00,      6.00,0,0,0,1,1,1
H5,604,2017,200540,      6.00,      6.00,      6.00,      6.00,0,0,0,1,1,1
H5,604,2017,200551,      6.00,      6.00,      6.00,      6.00,0,0,0,1,1,1
H5,604,2017,200559,      6.00,      6.00,      6.00,      6.00,0,0,0,1,1,1
H5,604,2017,200560,      6.00,      6.00,      6.00,      6.00,0,0,0,1,1,1
H5,604,2017,200570,      6.00,      6.00,      6.00,      6.00,0,0,0,1,1,1
H5,604,2017,200580,      6.00,      6.00,      6.00,      6.00,0,0,0,1,1,1
H5,604,2017,200591,      6.00,      6.00,      6.00,      6.00,0,0,0,1,1,1
H5,604,2017,200599,     18.00,      6.00,      6.00,      6.00,0,0,0,3,3,3
H5,604,2017,200600,      6.00,      6.00,      6.00,      6.00,0,0,0,1,1,1
H5,604,2017,200710,      6.00,      6.00,      6.00,      6.00,0,0,0,1,1,1
H5,604,2017,200791,     12.00,      6.00,      6.00,      6.00,0,0,0,2,2,2
H5,604,2017,200799,     24.00,      6.00,      6.00,      6.00,0,0,0,4,4,4
H5,604,2017,200811,      6.00,      0.00,      6.00,      3.00,0,1,0,1,2,2
H5,604,2017,200819,     18.00,      6.00,      6.00,      6.00,0,0,0,3,3,3
H5,604,2017,200820,     12.00,      6.00,      6.00,      6.00,0,0,0,2,2,2
H5,604,2017,200830,      6.00,      6.00,      6.00,      6.00,0,0,0,1,1,1
H5,604,2017,200840,      6.00,      6.00,      6.00,      6.00,0,0,0,1,1,1
H5,604,2017,200850,      6.00,      6.00,      6.00,      6.00,0,0,0,1,1,1
H5,604,2017,200860,     12.00,      6.00,      6.00,      6.00,0,0,0,2,2,2
H5,604,2017,200870,     12.00,      6.00,      6.00,      6.00,0,0,0,2,2,2
H5,604,2017,200880,      6.00,      6.00,      6.00,      6.00,0,0,0,1,1,1
H5,604,2017,200891,      6.00,      6.00,      6.00,      6.00,0,0,0,1,1,1
H5,604,2017,200893,      6.00,      6.00,      6.00,      6.00,0,0,0,1,1,1
H5,604,2017,200897,      6.00,      6.00,      6.00,      6.00,0,0,0,1,1,1
H5,604,2017,200899,     18.00,      6.00,      6.00,      6.00,0,0,0,3,3,3
H5,604,2017,200911,      6.00,      6.00,      6.00,      6.00,0,0,0,1,1,1
H5,604,2017,200912,      6.00,      6.00,      6.00,      6.00,0,0,0,1,1,1
H5,604,2017,200919,      6.00,      6.00,      6.00,      6.00,0,0,0,1,1,1
H5,604,2017,200921,      6.00,      6.00,      6.00,      6.00,0,0,0,1,1,1
H5,604,2017,200929,      6.00,      6.00,      6.00,      6.00,0,0,0,1,1,1
H5,604,2017,200931,      6.00,      6.00,      6.00,      6.00,0,0,0,1,1,1
H5,604,2017,200939,     12.00,      6.00,      6.00,      6.00,0,0,0,2,2,2
H5,604,2017,200941,      6.00,      6.00,      6.00,      6.00,0,0,0,1,1,1
H5,604,2017,200949,      6.00,      6.00,      6.00,      6.00,0,0,0,1,1,1
H5,604,2017,200950,      6.00,      6.00,      6.00,      6.00,0,0,0,1,1,1
H5,604,2017,200961,      0.00,      0.00,      0.00,      0.00,0,1,0,0,1,1
H5,604,2017,200969,      0.00,      0.00,      0.00,      0.00,0,1,0,0,1,1
H5,604,2017,200971,      6.00,      6.00,      6.00,      6.00,0,0,0,1,1,1
H5,604,2017,200979,      6.00,      6.00,      6.00,      6.00,0,0,0,1,1,1
H5,604,2017,200981,      6.00,      6.00,      6.00,      6.00,0,0,0,1,1,1
H5,604,2017,200989,     42.00,      6.00,      6.00,      6.00,0,0,0,7,7,7
H5,604,2017,200990,      6.00,      6.00,      6.00,      6.00,0,0,0,1,1,1
H5,604,2017,210111,      0.00,      0.00,      0.00,      0.00,0,1,0,0,1,1
H5,604,2017,210112,      0.00,      0.00,      0.00,      0.00,0,1,0,0,1,1
H5,604,2017,210120,      0.00,      0.00,      0.00,      0.00,0,1,0,0,1,1
H5,604,2017,210130,      0.00,      0.00,      0.00,      0.00,0,1,0,0,1,1
H5,604,2017,210210,     12.00,      6.00,      6.00,      6.00,0,0,0,2,2,2
H5,604,2017,210220,      0.00,      0.00,      0.00,      0.00,0,1,0,0,1,1
H5,604,2017,210230,      0.00,      0.00,      0.00,      0.00,0,1,0,0,1,1
H5,604,2017,210310,      0.00,      0.00,      0.00,      0.00,0,1,0,0,1,1
H5,604,2017,210320,      0.00,      0.00,      0.00,      0.00,0,1,0,0,1,1
H5,604,2017,210330,      0.00,      0.00,      0.00,      0.00,0,2,0,0,2,2
H5,604,2017,210390,      0.00,      0.00,      0.00,      0.00,0,3,0,0,3,3
H5,604,2017,210410,      0.00,      0.00,      0.00,      0.00,0,2,0,0,2,2
H5,604,2017,210420,      0.00,      0.00,      0.00,      0.00,0,1,0,0,1,1
H5,604,2017,210500,      6.00,      0.00,      6.00,      3.00,0,1,0,1,2,2
H5,604,2017,210610,      0.00,      0.00,      0.00,      0.00,0,3,0,0,3,3
H5,604,2017,210690,     18.00,      0.00,      6.00,      1.20,0,12,0,3,15,15
H5,604,2017,220110,     18.00,      6.00,      6.00,      6.00,0,0,0,3,3,3
H5,604,2017,220190,     18.00,      6.00,      6.00,      6.00,0,0,0,3,3,3
H5,604,2017,220210,      6.00,      6.00,      6.00,      6.00,0,0,0,1,1,1
H5,604,2017,220291,      6.00,      6.00,      6.00,      6.00,0,0,0,1,1,1
H5,604,2017,220299,      6.00,      6.00,      6.00,      6.00,0,0,0,1,1,1
H5,604,2017,220300,      6.00,      6.00,      6.00,      6.00,0,0,0,1,1,1
H5,604,2017,220410,      6.00,      6.00,      6.00,      6.00,0,0,0,1,1,1
H5,604,2017,220421,      6.00,      6.00,      6.00,      6.00,0,0,0,1,1,1
H5,604,2017,220422,      6.00,      0.00,      6.00,      3.00,0,1,0,1,2,2
H5,604,2017,220429,      6.00,      0.00,      6.00,      3.00,0,1,0,1,2,2
H5,604,2017,220430,      0.00,      0.00,      0.00,      0.00,0,1,0,0,1,1
H5,604,2017,220510,      6.00,      6.00,      6.00,      6.00,0,0,0,1,1,1
H5,604,2017,220590,      6.00,      6.00,      6.00,      6.00,0,0,0,1,1,1
H5,604,2017,220600,      6.00,      6.00,      6.00,      6.00,0,0,0,1,1,1
H5,604,2017,220710,      6.00,      6.00,      6.00,      6.00,0,0,0,1,1,1
H5,604,2017,220720,     12.00,      6.00,      6.00,      6.00,0,0,0,2,2,2
H5,604,2017,220820,     24.00,      6.00,      6.00,      6.00,0,0,0,4,4,4
H5,604,2017,220830,      6.00,      6.00,      6.00,      6.00,0,0,0,1,1,1
H5,604,2017,220840,      6.00,      6.00,      6.00,      6.00,0,0,0,1,1,1
H5,604,2017,220850,      6.00,      6.00,      6.00,      6.00,0,0,0,1,1,1
H5,604,2017,220860,      6.00,      6.00,      6.00,      6.00,0,0,0,1,1,1
H5,604,2017,220870,     18.00,      6.00,      6.00,      6.00,0,0,0,3,3,3
H5,604,2017,220890,     30.00,      6.00,      6.00,      6.00,0,0,0,5,5,5
H5,604,2017,220900,      0.00,      0.00,      0.00,      0.00,0,1,0,0,1,1
H5,604,2017,230110,      0.00,      0.00,      0.00,      0.00,0,2,0,0,2,2
H5,604,2017,230120,      0.00,      0.00,      0.00,      0.00,0,3,0,0,3,3
H5,604,2017,230210,      0.00,      0.00,      0.00,      0.00,0,1,0,0,1,1
H5,604,2017,230230,      0.00,      0.00,      0.00,      0.00,0,1,0,0,1,1
H5,604,2017,230240,      0.00,      0.00,      0.00,      0.00,0,2,0,0,2,2
H5,604,2017,230250,      0.00,      0.00,      0.00,      0.00,0,1,0,0,1,1
H5,604,2017,230310,      0.00,      0.00,      0.00,      0.00,0,1,0,0,1,1
H5,604,2017,230320,      0.00,      0.00,      0.00,      0.00,0,1,0,0,1,1
H5,604,2017,230330,      0.00,      0.00,      0.00,      0.00,0,1,0,0,1,1
H5,604,2017,230400,      0.00,      0.00,      0.00,      0.00,0,1,0,0,1,1
H5,604,2017,230500,      0.00,      0.00,      0.00,      0.00,0,1,0,0,1,1
H5,604,2017,230610,      0.00,      0.00,      0.00,      0.00,0,1,0,0,1,1
H5,604,2017,230620,      0.00,      0.00,      0.00,      0.00,0,1,0,0,1,1
H5,604,2017,230630,      0.00,      0.00,      0.00,      0.00,0,1,0,0,1,1
H5,604,2017,230641,      0.00,      0.00,      0.00,      0.00,0,1,0,0,1,1
H5,604,2017,230649,      0.00,      0.00,      0.00,      0.00,0,1,0,0,1,1
H5,604,2017,230650,      0.00,      0.00,      0.00,      0.00,0,1,0,0,1,1
H5,604,2017,230660,      0.00,      0.00,      0.00,      0.00,0,1,0,0,1,1
H5,604,2017,230690,      0.00,      0.00,      0.00,      0.00,0,1,0,0,1,1
H5,604,2017,230700,      0.00,      0.00,      0.00,      0.00,0,1,0,0,1,1
H5,604,2017,230800,      0.00,      0.00,      0.00,      0.00,0,2,0,0,2,2
H5,604,2017,230910,      0.00,      0.00,      0.00,      0.00,0,2,0,0,2,2
H5,604,2017,230990,      0.00,      0.00,      0.00,      0.00,0,4,0,0,4,4
H5,604,2017,240110,      0.00,      0.00,      0.00,      0.00,0,2,0,0,2,2
H5,604,2017,240120,      0.00,      0.00,      0.00,      0.00,0,2,0,0,2,2
H5,604,2017,240130,      0.00,      0.00,      0.00,      0.00,0,1,0,0,1,1
H5,604,2017,240210,      6.00,      6.00,      6.00,      6.00,0,0,0,1,1,1
H5,604,2017,240220,     12.00,      6.00,      6.00,      6.00,0,0,0,2,2,2
H5,604,2017,240290,      6.00,      6.00,      6.00,      6.00,0,0,0,1,1,1
H5,604,2017,240311,      6.00,      6.00,      6.00,      6.00,0,0,0,1,1,1
H5,604,2017,240319,      6.00,      6.00,      6.00,      6.00,0,0,0,1,1,1
H5,604,2017,240391,      6.00,      6.00,      6.00,      6.00,0,0,0,1,1,1
H5,604,2017,240399,      6.00,      6.00,      6.00,      6.00,0,0,0,1,1,1
H5,604,2017,250100,     24.00,      0.00,      6.00,      4.00,0,2,0,4,6,6
H5,604,2017,250200,      0.00,      0.00,      0.00,      0.00,0,1,0,0,1,1
H5,604,2017,250300,      0.00,      0.00,      0.00,      0.00,0,1,0,0,1,1
H5,604,2017,250410,      0.00,      0.00,      0.00,      0.00,0,1,0,0,1,1
H5,604,2017,250490,      0.00,      0.00,      0.00,      0.00,0,1,0,0,1,1
H5,604,2017,250510,      0.00,      0.00,      0.00,      0.00,0,1,0,0,1,1
H5,604,2017,250590,      0.00,      0.00,      0.00,      0.00,0,1,0,0,1,1
H5,604,2017,250610,      0.00,      0.00,      0.00,      0.00,0,1,0,0,1,1
H5,604,2017,250620,      0.00,      0.00,      0.00,      0.00,0,1,0,0,1,1
H5,604,2017,250700,      0.00,      0.00,      0.00,      0.00,0,2,0,0,2,2
H5,604,2017,250810,      6.00,      6.00,      6.00,      6.00,0,0,0,1,1,1
H5,604,2017,250830,      0.00,      0.00,      0.00,      0.00,0,1,0,0,1,1
H5,604,2017,250840,      0.00,      0.00,      0.00,      0.00,0,1,0,0,1,1
H5,604,2017,250850,      0.00,      0.00,      0.00,      0.00,0,1,0,0,1,1
H5,604,2017,250860,      0.00,      0.00,      0.00,      0.00,0,1,0,0,1,1
H5,604,2017,250870,      0.00,      0.00,      0.00,      0.00,0,1,0,0,1,1
H5,604,2017,250900,      0.00,      0.00,      0.00,      0.00,0,1,0,0,1,1
H5,604,2017,251010,      0.00,      0.00,      0.00,      0.00,0,1,0,0,1,1
H5,604,2017,251020,      0.00,      0.00,      0.00,      0.00,0,1,0,0,1,1
H5,604,2017,251110,      0.00,      0.00,      0.00,      0.00,0,1,0,0,1,1
H5,604,2017,251120,      0.00,      0.00,      0.00,      0.00,0,1,0,0,1,1
H5,604,2017,251200,      0.00,      0.00,      0.00,      0.00,0,1,0,0,1,1
H5,604,2017,251310,      0.00,      0.00,      0.00,      0.00,0,2,0,0,2,2
H5,604,2017,251320,      0.00,      0.00,      0.00,      0.00,0,1,0,0,1,1
H5,604,2017,251400,      0.00,      0.00,      0.00,      0.00,0,1,0,0,1,1
H5,604,2017,251511,      0.00,      0.00,      0.00,      0.00,0,1,0,0,1,1
H5,604,2017,251512,      0.00,      0.00,      0.00,      0.00,0,1,0,0,1,1
H5,604,2017,251520,      0.00,      0.00,      0.00,      0.00,0,1,0,0,1,1
H5,604,2017,251611,      0.00,      0.00,      0.00,      0.00,0,1,0,0,1,1
H5,604,2017,251612,      0.00,      0.00,      0.00,      0.00,0,1,0,0,1,1
H5,604,2017,251620,      0.00,      0.00,      0.00,      0.00,0,1,0,0,1,1
H5,604,2017,251690,      0.00,      0.00,      0.00,      0.00,0,1,0,0,1,1
H5,604,2017,251710,      0.00,      0.00,      0.00,      0.00,0,1,0,0,1,1
H5,604,2017,251720,      0.00,      0.00,      0.00,      0.00,0,1,0,0,1,1
H5,604,2017,251730,      0.00,      0.00,      0.00,      0.00,0,1,0,0,1,1
H5,604,2017,251741,      0.00,      0.00,      0.00,      0.00,0,1,0,0,1,1
H5,604,2017,251749,      0.00,      0.00,      0.00,      0.00,0,1,0,0,1,1
H5,604,2017,251810,      0.00,      0.00,      0.00,      0.00,0,1,0,0,1,1
H5,604,2017,251820,      0.00,      0.00,      0.00,      0.00,0,1,0,0,1,1
H5,604,2017,251830,      0.00,      0.00,      0.00,      0.00,0,1,0,0,1,1
H5,604,2017,251910,      0.00,      0.00,      0.00,      0.00,0,1,0,0,1,1
H5,604,2017,251990,      0.00,      0.00,      0.00,      0.00,0,3,0,0,3,3
H5,604,2017,252010,      0.00,      0.00,      0.00,      0.00,0,1,0,0,1,1
H5,604,2017,252020,      0.00,      0.00,      0.00,      0.00,0,1,0,0,1,1
H5,604,2017,252100,      0.00,      0.00,      0.00,      0.00,0,1,0,0,1,1
H5,604,2017,252210,      0.00,      0.00,      0.00,      0.00,0,1,0,0,1,1
H5,604,2017,252220,      0.00,      0.00,      0.00,      0.00,0,1,0,0,1,1
H5,604,2017,252230,      0.00,      0.00,      0.00,      0.00,0,1,0,0,1,1
H5,604,2017,252310,      0.00,      0.00,      0.00,      0.00,0,1,0,0,1,1
H5,604,2017,252321,      0.00,      0.00,      0.00,      0.00,0,1,0,0,1,1
H5,604,2017,252329,      0.00,      0.00,      0.00,      0.00,0,1,0,0,1,1
H5,604,2017,252330,      0.00,      0.00,      0.00,      0.00,0,1,0,0,1,1
H5,604,2017,252390,      0.00,      0.00,      0.00,      0.00,0,1,0,0,1,1
H5,604,2017,252410,      0.00,      0.00,      0.00,      0.00,0,2,0,0,2,2
H5,604,2017,252490,      0.00,      0.00,      0.00,      0.00,0,1,0,0,1,1
H5,604,2017,252510,      0.00,      0.00,      0.00,      0.00,0,1,0,0,1,1
H5,604,2017,252520,      6.00,      6.00,      6.00,      6.00,0,0,0,1,1,1
H5,604,2017,252530,      0.00,      0.00,      0.00,      0.00,0,1,0,0,1,1
H5,604,2017,252610,      0.00,      0.00,      0.00,      0.00,0,1,0,0,1,1
H5,604,2017,252620,      0.00,      0.00,      0.00,      0.00,0,1,0,0,1,1
H5,604,2017,252800,      0.00,      0.00,      0.00,      0.00,0,2,0,0,2,2
H5,604,2017,252910,      0.00,      0.00,      0.00,      0.00,0,1,0,0,1,1
H5,604,2017,252921,      0.00,      0.00,      0.00,      0.00,0,1,0,0,1,1
H5,604,2017,252922,      0.00,      0.00,      0.00,      0.00,0,1,0,0,1,1
H5,604,2017,252930,      0.00,      0.00,      0.00,      0.00,0,1,0,0,1,1
H5,604,2017,253010,      0.00,      0.00,      0.00,      0.00,0,1,0,0,1,1
H5,604,2017,253020,      0.00,      0.00,      0.00,      0.00,0,1,0,0,1,1
H5,604,2017,253090,      0.00,      0.00,      0.00,      0.00,0,3,0,0,3,3
H5,604,2017,260111,      0.00,      0.00,      0.00,      0.00,0,1,0,0,1,1
H5,604,2017,260112,      0.00,      0.00,      0.00,      0.00,0,1,0,0,1,1
H5,604,2017,260120,      0.00,      0.00,      0.00,      0.00,0,1,0,0,1,1
H5,604,2017,260200,      0.00,      0.00,      0.00,      0.00,0,1,0,0,1,1
H5,604,2017,260300,      0.00,      0.00,      0.00,      0.00,0,1,0,0,1,1
H5,604,2017,260400,      0.00,      0.00,      0.00,      0.00,0,1,0,0,1,1
H5,604,2017,260500,      0.00,      0.00,      0.00,      0.00,0,1,0,0,1,1
H5,604,2017,260600,      0.00,      0.00,      0.00,      0.00,0,1,0,0,1,1
H5,604,2017,260700,      0.00,      0.00,      0.00,      0.00,0,1,0,0,1,1
H5,604,2017,260800,      0.00,      0.00,      0.00,      0.00,0,1,0,0,1,1
H5,604,2017,260900,      0.00,      0.00,      0.00,      0.00,0,1,0,0,1,1
H5,604,2017,261000,      0.00,      0.00,      0.00,      0.00,0,1,0,0,1,1
H5,604,2017,261100,      0.00,      0.00,      0.00,      0.00,0,1,0,0,1,1
H5,604,2017,261210,      0.00,      0.00,      0.00,      0.00,0,1,0,0,1,1
H5,604,2017,261220,      0.00,      0.00,      0.00,      0.00,0,1,0,0,1,1
H5,604,2017,261310,      0.00,      0.00,      0.00,      0.00,0,1,0,0,1,1
H5,604,2017,261390,      0.00,      0.00,      0.00,      0.00,0,1,0,0,1,1
H5,604,2017,261400,      0.00,      0.00,      0.00,      0.00,0,1,0,0,1,1
H5,604,2017,261510,      0.00,      0.00,      0.00,      0.00,0,1,0,0,1,1
H5,604,2017,261590,      0.00,      0.00,      0.00,      0.00,0,1,0,0,1,1
H5,604,2017,261610,      0.00,      0.00,      0.00,      0.00,0,1,0,0,1,1
H5,604,2017,261690,      0.00,      0.00,      0.00,      0.00,0,2,0,0,2,2
H5,604,2017,261710,      0.00,      0.00,      0.00,      0.00,0,1,0,0,1,1
H5,604,2017,261790,      0.00,      0.00,      0.00,      0.00,0,1,0,0,1,1
H5,604,2017,261800,      0.00,      0.00,      0.00,      0.00,0,1,0,0,1,1
H5,604,2017,261900,      0.00,      0.00,      0.00,      0.00,0,1,0,0,1,1
H5,604,2017,262011,      0.00,      0.00,      0.00,      0.00,0,1,0,0,1,1
H5,604,2017,262019,      0.00,      0.00,      0.00,      0.00,0,1,0,0,1,1
H5,604,2017,262021,      0.00,      0.00,      0.00,      0.00,0,1,0,0,1,1
H5,604,2017,262029,      0.00,      0.00,      0.00,      0.00,0,1,0,0,1,1
H5,604,2017,262030,      0.00,      0.00,      0.00,      0.00,0,1,0,0,1,1
H5,604,2017,262040,      0.00,      0.00,      0.00,      0.00,0,1,0,0,1,1
H5,604,2017,262060,      0.00,      0.00,      0.00,      0.00,0,1,0,0,1,1
H5,604,2017,262091,      0.00,      0.00,      0.00,      0.00,0,1,0,0,1,1
H5,604,2017,262099,      0.00,      0.00,      0.00,      0.00,0,1,0,0,1,1
H5,604,2017,262110,      0.00,      0.00,      0.00,      0.00,0,1,0,0,1,1
H5,604,2017,262190,      0.00,      0.00,      0.00,      0.00,0,1,0,0,1,1
H5,604,2017,270111,      0.00,      0.00,      0.00,      0.00,0,1,0,0,1,1
H5,604,2017,270112,      0.00,      0.00,      0.00,      0.00,0,1,0,0,1,1
H5,604,2017,270119,      0.00,      0.00,      0.00,      0.00,0,1,0,0,1,1
H5,604,2017,270120,      0.00,      0.00,      0.00,      0.00,0,1,0,0,1,1
H5,604,2017,270210,      0.00,      0.00,      0.00,      0.00,0,1,0,0,1,1
H5,604,2017,270220,      0.00,      0.00,      0.00,      0.00,0,1,0,0,1,1
H5,604,2017,270300,      0.00,      0.00,      0.00,      0.00,0,1,0,0,1,1
H5,604,2017,270400,      0.00,      0.00,      0.00,      0.00,0,3,0,0,3,3
H5,604,2017,270500,      0.00,      0.00,      0.00,      0.00,0,1,0,0,1,1
H5,604,2017,270600,      0.00,      0.00,      0.00,      0.00,0,1,0,0,1,1
H5,604,2017,270710,      0.00,      0.00,      0.00,      0.00,0,1,0,0,1,1
H5,604,2017,270720,      0.00,      0.00,      0.00,      0.00,0,1,0,0,1,1
H5,604,2017,270730,      0.00,      0.00,      0.00,      0.00,0,1,0,0,1,1
H5,604,2017,270740,      0.00,      0.00,      0.00,      0.00,0,1,0,0,1,1
H5,604,2017,270750,      0.00,      0.00,      0.00,      0.00,0,2,0,0,2,2
H5,604,2017,270791,      0.00,      0.00,      0.00,      0.00,0,1,0,0,1,1
H5,604,2017,270799,      0.00,      0.00,      0.00,      0.00,0,2,0,0,2,2
H5,604,2017,270810,      0.00,      0.00,      0.00,      0.00,0,1,0,0,1,1
H5,604,2017,270820,      0.00,      0.00,      0.00,      0.00,0,1,0,0,1,1
H5,604,2017,270900,      0.00,      0.00,      0.00,      0.00,0,1,0,0,1,1
H5,604,2017,271000,,,,,,,,,,
H5,604,2017,271012,      0.00,      0.00,      0.00,      0.00,0,18,0,0,18,18
H5,604,2017,271019,      0.00,      0.00,      0.00,      0.00,0,22,0,0,22,22
H5,604,2017,271020,      0.00,      0.00,      0.00,      0.00,0,5,0,0,5,5
H5,604,2017,271091,      0.00,      0.00,      0.00,      0.00,0,1,0,0,1,1
H5,604,2017,271099,      0.00,      0.00,      0.00,      0.00,0,1,0,0,1,1
H5,604,2017,271111,      0.00,      0.00,      0.00,      0.00,0,1,0,0,1,1
H5,604,2017,271112,      0.00,      0.00,      0.00,      0.00,0,1,0,0,1,1
H5,604,2017,271113,      0.00,      0.00,      0.00,      0.00,0,1,0,0,1,1
H5,604,2017,271114,      0.00,      0.00,      0.00,      0.00,0,1,0,0,1,1
H5,604,2017,271119,      0.00,      0.00,      0.00,      0.00,0,1,0,0,1,1
H5,604,2017,271121,      0.00,      0.00,      0.00,      0.00,0,1,0,0,1,1
H5,604,2017,271129,      0.00,      0.00,      0.00,      0.00,0,1,0,0,1,1
H5,604,2017,271210,      0.00,      0.00,      0.00,      0.00,0,2,0,0,2,2
H5,604,2017,271220,      0.00,      0.00,      0.00,      0.00,0,1,0,0,1,1
H5,604,2017,271290,      0.00,      0.00,      0.00,      0.00,0,4,0,0,4,4
H5,604,2017,271311,      0.00,      0.00,      0.00,      0.00,0,1,0,0,1,1
H5,604,2017,271312,      0.00,      0.00,      0.00,      0.00,0,1,0,0,1,1
H5,604,2017,271320,      0.00,      0.00,      0.00,      0.00,0,1,0,0,1,1
H5,604,2017,271390,      0.00,      0.00,      0.00,      0.00,0,1,0,0,1,1
H5,604,2017,271410,      0.00,      0.00,      0.00,      0.00,0,1,0,0,1,1
H5,604,2017,271490,      0.00,      0.00,      0.00,      0.00,0,1,0,0,1,1
H5,604,2017,271500,      0.00,      0.00,      0.00,      0.00,0,2,0,0,2,2
H5,604,2017,271600,      0.00,      0.00,      0.00,      0.00,0,1,0,0,1,1
H5,604,2017,280110,      6.00,      6.00,      6.00,      6.00,0,0,0,1,1,1
H5,604,2017,280120,      0.00,      0.00,      0.00,      0.00,0,1,0,0,1,1
H5,604,2017,280130,      0.00,      0.00,      0.00,      0.00,0,1,0,0,1,1
H5,604,2017,280200,      0.00,      0.00,      0.00,      0.00,0,1,0,0,1,1
H5,604,2017,280300,      0.00,      0.00,      0.00,      0.00,0,2,0,0,2,2
H5,604,2017,280410,      0.00,      0.00,      0.00,      0.00,0,1,0,0,1,1
H5,604,2017,280421,      0.00,      0.00,      0.00,      0.00,0,1,0,0,1,1
H5,604,2017,280429,      0.00,      0.00,      0.00,      0.00,0,1,0,0,1,1
H5,604,2017,280430,      0.00,      0.00,      0.00,      0.00,0,1,0,0,1,1
H5,604,2017,280440,      0.00,      0.00,      0.00,      0.00,0,1,0,0,1,1
H5,604,2017,280450,      0.00,      0.00,      0.00,      0.00,0,2,0,0,2,2
H5,604,2017,280461,      0.00,      0.00,      0.00,      0.00,0,1,0,0,1,1
H5,604,2017,280469,      0.00,      0.00,      0.00,      0.00,0,1,0,0,1,1
H5,604,2017,280470,      0.00,      0.00,      0.00,      0.00,0,2,0,0,2,2
H5,604,2017,280480,      0.00,      0.00,      0.00,      0.00,0,1,0,0,1,1
H5,604,2017,280490,     12.00,      6.00,      6.00,      6.00,0,0,0,2,2,2
H5,604,2017,280511,      0.00,      0.00,      0.00,      0.00,0,1,0,0,1,1
H5,604,2017,280512,      0.00,      0.00,      0.00,      0.00,0,1,0,0,1,1
H5,604,2017,280519,      0.00,      0.00,      0.00,      0.00,0,1,0,0,1,1
H5,604,2017,280530,      0.00,      0.00,      0.00,      0.00,0,1,0,0,1,1
H5,604,2017,280540,      0.00,      0.00,      0.00,      0.00,0,1,0,0,1,1
H5,604,2017,280610,      6.00,      6.00,      6.00,      6.00,0,0,0,1,1,1
H5,604,2017,280620,      0.00,      0.00,      0.00,      0.00,0,1,0,0,1,1
H5,604,2017,280700,      6.00,      0.00,      6.00,      3.00,0,1,0,1,2,2
H5,604,2017,280800,      0.00,      0.00,      0.00,      0.00,0,2,0,0,2,2
H5,604,2017,280910,      0.00,      0.00,      0.00,      0.00,0,1,0,0,1,1
H5,604,2017,280920,      0.00,      0.00,      0.00,      0.00,0,2,0,0,2,2
H5,604,2017,281000,      0.00,      0.00,      0.00,      0.00,0,2,0,0,2,2
H5,604,2017,281111,      0.00,      0.00,      0.00,      0.00,0,1,0,0,1,1
H5,604,2017,281112,      0.00,      0.00,      0.00,      0.00,0,1,0,0,1,1
H5,604,2017,281119,      0.00,      0.00,      0.00,      0.00,0,4,0,0,4,4
H5,604,2017,281121,      0.00,      0.00,      0.00,      0.00,0,1,0,0,1,1
H5,604,2017,281122,      0.00,      0.00,      0.00,      0.00,0,2,0,0,2,2
H5,604,2017,281129,      0.00,      0.00,      0.00,      0.00,0,3,0,0,3,3
H5,604,2017,281211,      0.00,      0.00,      0.00,      0.00,0,1,0,0,1,1
H5,604,2017,281212,      0.00,      0.00,      0.00,      0.00,0,1,0,0,1,1
H5,604,2017,281213,      0.00,      0.00,      0.00,      0.00,0,1,0,0,1,1
H5,604,2017,281214,      0.00,      0.00,      0.00,      0.00,0,1,0,0,1,1
H5,604,2017,281215,      0.00,      0.00,      0.00,      0.00,0,1,0,0,1,1
H5,604,2017,281216,      0.00,      0.00,      0.00,      0.00,0,1,0,0,1,1
H5,604,2017,281217,      0.00,      0.00,      0.00,      0.00,0,1,0,0,1,1
H5,604,2017,281219,      0.00,      0.00,      0.00,      0.00,0,2,0,0,2,2
H5,604,2017,281290,      0.00,      0.00,      0.00,      0.00,0,1,0,0,1,1
H5,604,2017,281310,      0.00,      0.00,      0.00,      0.00,0,1,0,0,1,1
H5,604,2017,281390,      0.00,      0.00,      0.00,      0.00,0,2,0,0,2,2
H5,604,2017,281410,      0.00,      0.00,      0.00,      0.00,0,1,0,0,1,1
H5,604,2017,281420,      6.00,      6.00,      6.00,      6.00,0,0,0,1,1,1
H5,604,2017,281511,      6.00,      6.00,      6.00,      6.00,0,0,0,1,1,1
H5,604,2017,281512,      0.00,      0.00,      0.00,      0.00,0,1,0,0,1,1
H5,604,2017,281520,      0.00,      0.00,      0.00,      0.00,0,1,0,0,1,1
H5,604,2017,281530,      0.00,      0.00,      0.00,      0.00,0,1,0,0,1,1
H5,604,2017,281610,      0.00,      0.00,      0.00,      0.00,0,1,0,0,1,1
H5,604,2017,281640,      0.00,      0.00,      0.00,      0.00,0,1,0,0,1,1
H5,604,2017,281700,      0.00,      0.00,      0.00,      0.00,0,2,0,0,2,2
H5,604,2017,281810,      0.00,      0.00,      0.00,      0.00,0,1,0,0,1,1
H5,604,2017,281820,      0.00,      0.00,      0.00,      0.00,0,1,0,0,1,1
H5,604,2017,281830,      0.00,      0.00,      0.00,      0.00,0,1,0,0,1,1
H5,604,2017,281910,      0.00,      0.00,      0.00,      0.00,0,1,0,0,1,1
H5,604,2017,281990,      6.00,      0.00,      6.00,      3.00,0,1,0,1,2,2
H5,604,2017,282010,      0.00,      0.00,      0.00,      0.00,0,1,0,0,1,1
H5,604,2017,282090,      0.00,      0.00,      0.00,      0.00,0,1,0,0,1,1
H5,604,2017,282110,      0.00,      0.00,      0.00,      0.00,0,2,0,0,2,2
H5,604,2017,282120,      0.00,      0.00,      0.00,      0.00,0,1,0,0,1,1
H5,604,2017,282200,      0.00,      0.00,      0.00,      0.00,0,1,0,0,1,1
H5,604,2017,282300,      0.00,      0.00,      0.00,      0.00,0,2,0,0,2,2
H5,604,2017,282410,      0.00,      0.00,      0.00,      0.00,0,1,0,0,1,1
H5,604,2017,282490,      0.00,      0.00,      0.00,      0.00,0,1,0,0,1,1
H5,604,2017,282510,      0.00,      0.00,      0.00,      0.00,0,1,0,0,1,1
H5,604,2017,282520,      0.00,      0.00,      0.00,      0.00,0,1,0,0,1,1
H5,604,2017,282530,      0.00,      0.00,      0.00,      0.00,0,1,0,0,1,1
H5,604,2017,282540,      0.00,      0.00,      0.00,      0.00,0,1,0,0,1,1
H5,604,2017,282550,      0.00,      0.00,      0.00,      0.00,0,1,0,0,1,1
H5,604,2017,282560,      0.00,      0.00,      0.00,      0.00,0,1,0,0,1,1
H5,604,2017,282570,      0.00,      0.00,      0.00,      0.00,0,1,0,0,1,1
H5,604,2017,282580,      0.00,      0.00,      0.00,      0.00,0,1,0,0,1,1
H5,604,2017,282590,      0.00,      0.00,      0.00,      0.00,0,4,0,0,4,4
H5,604,2017,282612,      0.00,      0.00,      0.00,      0.00,0,1,0,0,1,1
H5,604,2017,282619,      0.00,      0.00,      0.00,      0.00,0,2,0,0,2,2
H5,604,2017,282630,      0.00,      0.00,      0.00,      0.00,0,1,0,0,1,1
H5,604,2017,282690,      0.00,      0.00,      0.00,      0.00,0,1,0,0,1,1
H5,604,2017,282710,      6.00,      6.00,      6.00,      6.00,0,0,0,1,1,1
H5,604,2017,282720,      6.00,      6.00,      6.00,      6.00,0,0,0,1,1,1
H5,604,2017,282731,      0.00,      0.00,      0.00,      0.00,0,1,0,0,1,1
H5,604,2017,282732,      0.00,      0.00,      0.00,      0.00,0,1,0,0,1,1
H5,604,2017,282735,      0.00,      0.00,      0.00,      0.00,0,1,0,0,1,1
H5,604,2017,282739,      6.00,      0.00,      6.00,      1.00,0,5,0,1,6,6
H5,604,2017,282741,      0.00,      0.00,      0.00,      0.00,0,1,0,0,1,1
H5,604,2017,282749,      0.00,      0.00,      0.00,      0.00,0,2,0,0,2,2
H5,604,2017,282751,      0.00,      0.00,      0.00,      0.00,0,1,0,0,1,1
H5,604,2017,282759,      0.00,      0.00,      0.00,      0.00,0,1,0,0,1,1
H5,604,2017,282760,      0.00,      0.00,      0.00,      0.00,0,2,0,0,2,2
H5,604,2017,282810,      0.00,      0.00,      0.00,      0.00,0,1,0,0,1,1
H5,604,2017,282890,      6.00,      0.00,      6.00,      1.50,0,3,0,1,4,4
H5,604,2017,282911,      0.00,      0.00,      0.00,      0.00,0,1,0,0,1,1
H5,604,2017,282919,      0.00,      0.00,      0.00,      0.00,0,2,0,0,2,2
H5,604,2017,282990,      0.00,      0.00,      0.00,      0.00,0,3,0,0,3,3
H5,604,2017,283010,      6.00,      0.00,      6.00,      3.00,0,1,0,1,2,2
H5,604,2017,283090,      0.00,      0.00,      0.00,      0.00,0,2,0,0,2,2
H5,604,2017,283110,      0.00,      0.00,      0.00,      0.00,0,1,0,0,1,1
H5,604,2017,283190,      0.00,      0.00,      0.00,      0.00,0,1,0,0,1,1
H5,604,2017,283210,      0.00,      0.00,      0.00,      0.00,0,1,0,0,1,1
H5,604,2017,283220,      0.00,      0.00,      0.00,      0.00,0,2,0,0,2,2
H5,604,2017,283230,      0.00,      0.00,      0.00,      0.00,0,2,0,0,2,2
H5,604,2017,283311,      0.00,      0.00,      0.00,      0.00,0,1,0,0,1,1
H5,604,2017,283319,      0.00,      0.00,      0.00,      0.00,0,1,0,0,1,1
H5,604,2017,283321,      0.00,      0.00,      0.00,      0.00,0,1,0,0,1,1
H5,604,2017,283322,      6.00,      6.00,      6.00,      6.00,0,0,0,1,1,1
H5,604,2017,283324,      0.00,      0.00,      0.00,      0.00,0,1,0,0,1,1
H5,604,2017,283325,      0.00,      0.00,      0.00,      0.00,0,1,0,0,1,1
H5,604,2017,283327,      0.00,      0.00,      0.00,      0.00,0,1,0,0,1,1
H5,604,2017,283329,      6.00,      0.00,      6.00,      1.20,0,4,0,1,5,5
H5,604,2017,283330,      0.00,      0.00,      0.00,      0.00,0,2,0,0,2,2
H5,604,2017,283340,      0.00,      0.00,      0.00,      0.00,0,2,0,0,2,2
H5,604,2017,283410,      0.00,      0.00,      0.00,      0.00,0,1,0,0,1,1
H5,604,2017,283421,      0.00,      0.00,      0.00,      0.00,0,1,0,0,1,1
H5,604,2017,283429,      0.00,      0.00,      0.00,      0.00,0,2,0,0,2,2
H5,604,2017,283510,      0.00,      0.00,      0.00,      0.00,0,1,0,0,1,1
H5,604,2017,283522,      0.00,      0.00,      0.00,      0.00,0,1,0,0,1,1
H5,604,2017,283524,      0.00,      0.00,      0.00,      0.00,0,1,0,0,1,1
H5,604,2017,283525,      0.00,      0.00,      0.00,      0.00,0,1,0,0,1,1
H5,604,2017,283526,      0.00,      0.00,      0.00,      0.00,0,1,0,0,1,1
H5,604,2017,283529,      6.00,      0.00,      6.00,      1.50,0,3,0,1,4,4
H5,604,2017,283531,      0.00,      0.00,      0.00,      0.00,0,1,0,0,1,1
H5,604,2017,283539,      0.00,      0.00,      0.00,      0.00,0,2,0,0,2,2
H5,604,2017,283620,      0.00,      0.00,      0.00,      0.00,0,1,0,0,1,1
H5,604,2017,283630,      6.00,      6.00,      6.00,      6.00,0,0,0,1,1,1
H5,604,2017,283640,      0.00,      0.00,      0.00,      0.00,0,1,0,0,1,1
H5,604,2017,283650,      6.00,      6.00,      6.00,      6.00,0,0,0,1,1,1
H5,604,2017,283660,      0.00,      0.00,      0.00,      0.00,0,1,0,0,1,1
H5,604,2017,283691,      0.00,      0.00,      0.00,      0.00,0,1,0,0,1,1
H5,604,2017,283692,      0.00,      0.00,      0.00,      0.00,0,1,0,0,1,1
H5,604,2017,283699,      0.00,      0.00,      0.00,      0.00,0,6,0,0,6,6
H5,604,2017,283711,      0.00,      0.00,      0.00,      0.00,0,2,0,0,2,2
H5,604,2017,283719,      0.00,      0.00,      0.00,      0.00,0,1,0,0,1,1
H5,604,2017,283720,      0.00,      0.00,      0.00,      0.00,0,1,0,0,1,1
H5,604,2017,283911,      6.00,      6.00,      6.00,      6.00,0,0,0,1,1,1
H5,604,2017,283919,      6.00,      6.00,      6.00,      6.00,0,0,0,1,1,1
H5,604,2017,283990,      6.00,      0.00,      6.00,      1.20,0,4,0,1,5,5
H5,604,2017,284011,      0.00,      0.00,      0.00,      0.00,0,1,0,0,1,1
H5,604,2017,284019,      0.00,      0.00,      0.00,      0.00,0,1,0,0,1,1
H5,604,2017,284020,      0.00,      0.00,      0.00,      0.00,0,1,0,0,1,1
H5,604,2017,284030,      0.00,      0.00,      0.00,      0.00,0,1,0,0,1,1
H5,604,2017,284130,      0.00,      0.00,      0.00,      0.00,0,1,0,0,1,1
H5,604,2017,284150,      0.00,      0.00,      0.00,      0.00,0,6,0,0,6,6
H5,604,2017,284161,      0.00,      0.00,      0.00,      0.00,0,1,0,0,1,1
H5,604,2017,284169,      0.00,      0.00,      0.00,      0.00,0,1,0,0,1,1
H5,604,2017,284170,      0.00,      0.00,      0.00,      0.00,0,1,0,0,1,1
H5,604,2017,284180,      0.00,      0.00,      0.00,      0.00,0,1,0,0,1,1
H5,604,2017,284190,      0.00,      0.00,      0.00,      0.00,0,2,0,0,2,2
H5,604,2017,284210,      0.00,      0.00,      0.00,      0.00,0,1,0,0,1,1
H5,604,2017,284290,      6.00,      0.00,      6.00,      1.20,0,4,0,1,5,5
H5,604,2017,284310,      0.00,      0.00,      0.00,      0.00,0,1,0,0,1,1
H5,604,2017,284321,      6.00,      6.00,      6.00,      6.00,0,0,0,1,1,1
H5,604,2017,284329,      0.00,      0.00,      0.00,      0.00,0,1,0,0,1,1
H5,604,2017,284330,      0.00,      0.00,      0.00,      0.00,0,1,0,0,1,1
H5,604,2017,284390,      0.00,      0.00,      0.00,      0.00,0,1,0,0,1,1
H5,604,2017,284410,      0.00,      0.00,      0.00,      0.00,0,1,0,0,1,1
H5,604,2017,284420,      0.00,      0.00,      0.00,      0.00,0,1,0,0,1,1
H5,604,2017,284430,      0.00,      0.00,      0.00,      0.00,0,1,0,0,1,1
H5,604,2017,284440,      0.00,      0.00,      0.00,      0.00,0,2,0,0,2,2
H5,604,2017,284450,      0.00,      0.00,      0.00,      0.00,0,1,0,0,1,1
H5,604,2017,284510,      0.00,      0.00,      0.00,      0.00,0,1,0,0,1,1
H5,604,2017,284590,      0.00,      0.00,      0.00,      0.00,0,1,0,0,1,1
H5,604,2017,284610,      0.00,      0.00,      0.00,      0.00,0,1,0,0,1,1
H5,604,2017,284690,      0.00,      0.00,      0.00,      0.00,0,1,0,0,1,1
H5,604,2017,284700,      0.00,      0.00,      0.00,      0.00,0,1,0,0,1,1
H5,604,2017,284910,      6.00,      6.00,      6.00,      6.00,0,0,0,1,1,1
H5,604,2017,284920,      0.00,      0.00,      0.00,      0.00,0,1,0,0,1,1
H5,604,2017,284990,      0.00,      0.00,      0.00,      0.00,0,2,0,0,2,2
H5,604,2017,285000,      0.00,      0.00,      0.00,      0.00,0,3,0,0,3,3
H5,604,2017,285210,     12.00,      0.00,      6.00,      0.46,0,24,0,2,26,26
H5,604,2017,285290,      0.00,      0.00,      0.00,      0.00,0,9,0,0,9,9
H5,604,2017,285310,      0.00,      0.00,      0.00,      0.00,0,1,0,0,1,1
H5,604,2017,285390,      6.00,      0.00,      6.00,      3.00,0,1,0,1,2,2
H5,604,2017,290110,      0.00,      0.00,      0.00,      0.00,0,1,0,0,1,1
H5,604,2017,290121,      0.00,      0.00,      0.00,      0.00,0,1,0,0,1,1
H5,604,2017,290122,      0.00,      0.00,      0.00,      0.00,0,1,0,0,1,1
H5,604,2017,290123,      0.00,      0.00,      0.00,      0.00,0,1,0,0,1,1
H5,604,2017,290124,      0.00,      0.00,      0.00,      0.00,0,1,0,0,1,1
H5,604,2017,290129,      0.00,      0.00,      0.00,      0.00,0,1,0,0,1,1
H5,604,2017,290211,      0.00,      0.00,      0.00,      0.00,0,1,0,0,1,1
H5,604,2017,290219,      0.00,      0.00,      0.00,      0.00,0,1,0,0,1,1
H5,604,2017,290220,      0.00,      0.00,      0.00,      0.00,0,1,0,0,1,1
H5,604,2017,290230,      0.00,      0.00,      0.00,      0.00,0,1,0,0,1,1
H5,604,2017,290241,      0.00,      0.00,      0.00,      0.00,0,1,0,0,1,1
H5,604,2017,290242,      0.00,      0.00,      0.00,      0.00,0,1,0,0,1,1
H5,604,2017,290243,      0.00,      0.00,      0.00,      0.00,0,1,0,0,1,1
H5,604,2017,290244,      0.00,      0.00,      0.00,      0.00,0,1,0,0,1,1
H5,604,2017,290250,      0.00,      0.00,      0.00,      0.00,0,1,0,0,1,1
H5,604,2017,290260,      0.00,      0.00,      0.00,      0.00,0,1,0,0,1,1
H5,604,2017,290270,      0.00,      0.00,      0.00,      0.00,0,1,0,0,1,1
H5,604,2017,290290,      0.00,      0.00,      0.00,      0.00,0,2,0,0,2,2
H5,604,2017,290311,      0.00,      0.00,      0.00,      0.00,0,2,0,0,2,2
H5,604,2017,290312,      0.00,      0.00,      0.00,      0.00,0,1,0,0,1,1
H5,604,2017,290313,      0.00,      0.00,      0.00,      0.00,0,1,0,0,1,1
H5,604,2017,290314,      0.00,      0.00,      0.00,      0.00,0,1,0,0,1,1
H5,604,2017,290315,      0.00,      0.00,      0.00,      0.00,0,1,0,0,1,1
H5,604,2017,290319,      0.00,      0.00,      0.00,      0.00,0,2,0,0,2,2
H5,604,2017,290321,      0.00,      0.00,      0.00,      0.00,0,1,0,0,1,1
H5,604,2017,290322,      0.00,      0.00,      0.00,      0.00,0,1,0,0,1,1
H5,604,2017,290323,      0.00,      0.00,      0.00,      0.00,0,1,0,0,1,1
H5,604,2017,290329,      0.00,      0.00,      0.00,      0.00,0,2,0,0,2,2
H5,604,2017,290331,      0.00,      0.00,      0.00,      0.00,0,1,0,0,1,1
H5,604,2017,290339,      0.00,      0.00,      0.00,      0.00,0,9,0,0,9,9
H5,604,2017,290371,      0.00,      0.00,      0.00,      0.00,0,1,0,0,1,1
H5,604,2017,290372,      0.00,      0.00,      0.00,      0.00,0,1,0,0,1,1
H5,604,2017,290373,      0.00,      0.00,      0.00,      0.00,0,1,0,0,1,1
H5,604,2017,290374,      0.00,      0.00,      0.00,      0.00,0,1,0,0,1,1
H5,604,2017,290375,      0.00,      0.00,      0.00,      0.00,0,1,0,0,1,1
H5,604,2017,290376,      0.00,      0.00,      0.00,      0.00,0,1,0,0,1,1
H5,604,2017,290377,      0.00,      0.00,      0.00,      0.00,0,16,0,0,16,16
H5,604,2017,290378,      0.00,      0.00,      0.00,      0.00,0,1,0,0,1,1
H5,604,2017,290379,      0.00,      0.00,      0.00,      0.00,0,5,0,0,5,5
H5,604,2017,290381,      0.00,      0.00,      0.00,      0.00,0,3,0,0,3,3
H5,604,2017,290382,      0.00,      0.00,      0.00,      0.00,0,3,0,0,3,3
H5,604,2017,290383,      0.00,      0.00,      0.00,      0.00,0,1,0,0,1,1
H5,604,2017,290389,      0.00,      0.00,      0.00,      0.00,0,2,0,0,2,2
H5,604,2017,290391,      0.00,      0.00,      0.00,      0.00,0,1,0,0,1,1
H5,604,2017,290392,      0.00,      0.00,      0.00,      0.00,0,2,0,0,2,2
H5,604,2017,290393,      0.00,      0.00,      0.00,      0.00,0,1,0,0,1,1
H5,604,2017,290394,      0.00,      0.00,      0.00,      0.00,0,1,0,0,1,1
H5,604,2017,290399,      0.00,      0.00,      0.00,      0.00,0,4,0,0,4,4
H5,604,2017,290410,      6.00,      0.00,      6.00,      3.00,0,1,0,1,2,2
H5,604,2017,290420,      0.00,      0.00,      0.00,      0.00,0,5,0,0,5,5
H5,604,2017,290431,      0.00,      0.00,      0.00,      0.00,0,1,0,0,1,1
H5,604,2017,290432,      0.00,      0.00,      0.00,      0.00,0,1,0,0,1,1
H5,604,2017,290433,      0.00,      0.00,      0.00,      0.00,0,1,0,0,1,1
H5,604,2017,290434,      0.00,      0.00,      0.00,      0.00,0,1,0,0,1,1
H5,604,2017,290435,      0.00,      0.00,      0.00,      0.00,0,1,0,0,1,1
H5,604,2017,290436,      0.00,      0.00,      0.00,      0.00,0,1,0,0,1,1
H5,604,2017,290491,      0.00,      0.00,      0.00,      0.00,0,1,0,0,1,1
H5,604,2017,290499,      0.00,      0.00,      0.00,      0.00,0,1,0,0,1,1
H5,604,2017,290511,      0.00,      0.00,      0.00,      0.00,0,1,0,0,1,1
H5,604,2017,290512,      0.00,      0.00,      0.00,      0.00,0,2,0,0,2,2
H5,604,2017,290513,      0.00,      0.00,      0.00,      0.00,0,1,0,0,1,1
H5,604,2017,290514,      0.00,      0.00,      0.00,      0.00,0,2,0,0,2,2
H5,604,2017,290516,      0.00,      0.00,      0.00,      0.00,0,2,0,0,2,2
H5,604,2017,290517,      0.00,      0.00,      0.00,      0.00,0,1,0,0,1,1
H5,604,2017,290519,      0.00,      0.00,      0.00,      0.00,0,7,0,0,7,7
H5,604,2017,290522,      0.00,      0.00,      0.00,      0.00,0,1,0,0,1,1
H5,604,2017,290529,      0.00,      0.00,      0.00,      0.00,0,1,0,0,1,1
H5,604,2017,290531,      0.00,      0.00,      0.00,      0.00,0,1,0,0,1,1
H5,604,2017,290532,      0.00,      0.00,      0.00,      0.00,0,1,0,0,1,1
H5,604,2017,290539,      0.00,      0.00,      0.00,      0.00,0,2,0,0,2,2
H5,604,2017,290541,      0.00,      0.00,      0.00,      0.00,0,1,0,0,1,1
H5,604,2017,290542,      0.00,      0.00,      0.00,      0.00,0,1,0,0,1,1
H5,604,2017,290543,      0.00,      0.00,      0.00,      0.00,0,1,0,0,1,1
H5,604,2017,290544,      0.00,      0.00,      0.00,      0.00,0,1,0,0,1,1
H5,604,2017,290545,      0.00,      0.00,      0.00,      0.00,0,1,0,0,1,1
H5,604,2017,290549,      0.00,      0.00,      0.00,      0.00,0,1,0,0,1,1
H5,604,2017,290551,      0.00,      0.00,      0.00,      0.00,0,1,0,0,1,1
H5,604,2017,290559,      0.00,      0.00,      0.00,      0.00,0,1,0,0,1,1
H5,604,2017,290611,      0.00,      0.00,      0.00,      0.00,0,1,0,0,1,1
H5,604,2017,290612,      0.00,      0.00,      0.00,      0.00,0,1,0,0,1,1
H5,604,2017,290613,      0.00,      0.00,      0.00,      0.00,0,1,0,0,1,1
H5,604,2017,290619,      0.00,      0.00,      0.00,      0.00,0,1,0,0,1,1
H5,604,2017,290621,      0.00,      0.00,      0.00,      0.00,0,1,0,0,1,1
H5,604,2017,290629,      0.00,      0.00,      0.00,      0.00,0,1,0,0,1,1
H5,604,2017,290711,      0.00,      0.00,      0.00,      0.00,0,2,0,0,2,2
H5,604,2017,290712,      0.00,      0.00,      0.00,      0.00,0,1,0,0,1,1
H5,604,2017,290713,      0.00,      0.00,      0.00,      0.00,0,2,0,0,2,2
H5,604,2017,290715,      0.00,      0.00,      0.00,      0.00,0,1,0,0,1,1
H5,604,2017,290719,      0.00,      0.00,      0.00,      0.00,0,1,0,0,1,1
H5,604,2017,290721,      0.00,      0.00,      0.00,      0.00,0,1,0,0,1,1
H5,604,2017,290722,      0.00,      0.00,      0.00,      0.00,0,1,0,0,1,1
H5,604,2017,290723,      0.00,      0.00,      0.00,      0.00,0,1,0,0,1,1
H5,604,2017,290729,      0.00,      0.00,      0.00,      0.00,0,2,0,0,2,2
H5,604,2017,290811,      0.00,      0.00,      0.00,      0.00,0,1,0,0,1,1
H5,604,2017,290819,      0.00,      0.00,      0.00,      0.00,0,1,0,0,1,1
H5,604,2017,290891,      0.00,      0.00,      0.00,      0.00,0,1,0,0,1,1
H5,604,2017,290892,      0.00,      0.00,      0.00,      0.00,0,1,0,0,1,1
H5,604,2017,290899,      0.00,      0.00,      0.00,      0.00,0,5,0,0,5,5
H5,604,2017,290911,      0.00,      0.00,      0.00,      0.00,0,1,0,0,1,1
H5,604,2017,290919,      0.00,      0.00,      0.00,      0.00,0,2,0,0,2,2
H5,604,2017,290920,      0.00,      0.00,      0.00,      0.00,0,1,0,0,1,1
H5,604,2017,290930,      0.00,      0.00,      0.00,      0.00,0,2,0,0,2,2
H5,604,2017,290941,      0.00,      0.00,      0.00,      0.00,0,1,0,0,1,1
H5,604,2017,290943,      0.00,      0.00,      0.00,      0.00,0,1,0,0,1,1
H5,604,2017,290944,      0.00,      0.00,      0.00,      0.00,0,1,0,0,1,1
H5,604,2017,290949,      0.00,      0.00,      0.00,      0.00,0,7,0,0,7,7
H5,604,2017,290950,      0.00,      0.00,      0.00,      0.00,0,2,0,0,2,2
H5,604,2017,290960,      0.00,      0.00,      0.00,      0.00,0,2,0,0,2,2
H5,604,2017,291010,      0.00,      0.00,      0.00,      0.00,0,1,0,0,1,1
H5,604,2017,291020,      0.00,      0.00,      0.00,      0.00,0,1,0,0,1,1
H5,604,2017,291030,      0.00,      0.00,      0.00,      0.00,0,1,0,0,1,1
H5,604,2017,291040,      0.00,      0.00,      0.00,      0.00,0,1,0,0,1,1
H5,604,2017,291050,      0.00,      0.00,      0.00,      0.00,0,1,0,0,1,1
H5,604,2017,291090,      0.00,      0.00,      0.00,      0.00,0,1,0,0,1,1
H5,604,2017,291100,      0.00,      0.00,      0.00,      0.00,0,1,0,0,1,1
H5,604,2017,291211,      6.00,      6.00,      6.00,      6.00,0,0,0,1,1,1
H5,604,2017,291212,      0.00,      0.00,      0.00,      0.00,0,1,0,0,1,1
H5,604,2017,291219,      0.00,      0.00,      0.00,      0.00,0,3,0,0,3,3
H5,604,2017,291221,      0.00,      0.00,      0.00,      0.00,0,1,0,0,1,1
H5,604,2017,291229,      0.00,      0.00,      0.00,      0.00,0,2,0,0,2,2
H5,604,2017,291241,      0.00,      0.00,      0.00,      0.00,0,1,0,0,1,1
H5,604,2017,291242,      0.00,      0.00,      0.00,      0.00,0,1,0,0,1,1
H5,604,2017,291249,      0.00,      0.00,      0.00,      0.00,0,2,0,0,2,2
H5,604,2017,291250,      0.00,      0.00,      0.00,      0.00,0,1,0,0,1,1
H5,604,2017,291260,      0.00,      0.00,      0.00,      0.00,0,1,0,0,1,1
H5,604,2017,291300,      0.00,      0.00,      0.00,      0.00,0,1,0,0,1,1
H5,604,2017,291411,      0.00,      0.00,      0.00,      0.00,0,1,0,0,1,1
H5,604,2017,291412,      0.00,      0.00,      0.00,      0.00,0,1,0,0,1,1
H5,604,2017,291413,      0.00,      0.00,      0.00,      0.00,0,1,0,0,1,1
H5,604,2017,291419,      0.00,      0.00,      0.00,      0.00,0,1,0,0,1,1
H5,604,2017,291422,      0.00,      0.00,      0.00,      0.00,0,2,0,0,2,2
H5,604,2017,291423,      0.00,      0.00,      0.00,      0.00,0,1,0,0,1,1
H5,604,2017,291429,      0.00,      0.00,      0.00,      0.00,0,3,0,0,3,3
H5,604,2017,291431,      0.00,      0.00,      0.00,      0.00,0,1,0,0,1,1
H5,604,2017,291439,      0.00,      0.00,      0.00,      0.00,0,1,0,0,1,1
H5,604,2017,291440,      0.00,      0.00,      0.00,      0.00,0,2,0,0,2,2
H5,604,2017,291450,      0.00,      0.00,      0.00,      0.00,0,1,0,0,1,1
H5,604,2017,291461,      0.00,      0.00,      0.00,      0.00,0,1,0,0,1,1
H5,604,2017,291462,      0.00,      0.00,      0.00,      0.00,0,1,0,0,1,1
H5,604,2017,291469,      0.00,      0.00,      0.00,      0.00,0,1,0,0,1,1
H5,604,2017,291471,      0.00,      0.00,      0.00,      0.00,0,1,0,0,1,1
H5,604,2017,291479,      0.00,      0.00,      0.00,      0.00,0,1,0,0,1,1
H5,604,2017,291511,      0.00,      0.00,      0.00,      0.00,0,1,0,0,1,1
H5,604,2017,291512,      0.00,      0.00,      0.00,      0.00,0,2,0,0,2,2
H5,604,2017,291513,      0.00,      0.00,      0.00,      0.00,0,1,0,0,1,1
H5,604,2017,291521,      0.00,      0.00,      0.00,      0.00,0,1,0,0,1,1
H5,604,2017,291524,      0.00,      0.00,      0.00,      0.00,0,1,0,0,1,1
H5,604,2017,291529,      0.00,      0.00,      0.00,      0.00,0,4,0,0,4,4
H5,604,2017,291531,      0.00,      0.00,      0.00,      0.00,0,1,0,0,1,1
H5,604,2017,291532,      0.00,      0.00,      0.00,      0.00,0,1,0,0,1,1
H5,604,2017,291533,      0.00,      0.00,      0.00,      0.00,0,1,0,0,1,1
H5,604,2017,291536,      0.00,      0.00,      0.00,      0.00,0,1,0,0,1,1
H5,604,2017,291539,      0.00,      0.00,      0.00,      0.00,0,5,0,0,5,5
H5,604,2017,291540,      0.00,      0.00,      0.00,      0.00,0,2,0,0,2,2
H5,604,2017,291550,      0.00,      0.00,      0.00,      0.00,0,3,0,0,3,3
H5,604,2017,291560,      0.00,      0.00,      0.00,      0.00,0,3,0,0,3,3
H5,604,2017,291570,     18.00,      0.00,      6.00,      4.50,0,1,0,3,4,4
H5,604,2017,291590,      0.00,      0.00,      0.00,      0.00,0,6,0,0,6,6
H5,604,2017,291611,      0.00,      0.00,      0.00,      0.00,0,2,0,0,2,2
H5,604,2017,291612,      0.00,      0.00,      0.00,      0.00,0,2,0,0,2,2
H5,604,2017,291613,      0.00,      0.00,      0.00,      0.00,0,1,0,0,1,1
H5,604,2017,291614,      0.00,      0.00,      0.00,      0.00,0,2,0,0,2,2
H5,604,2017,291615,      0.00,      0.00,      0.00,      0.00,0,3,0,0,3,3
H5,604,2017,291616,      0.00,      0.00,      0.00,      0.00,0,1,0,0,1,1
H5,604,2017,291619,      0.00,      0.00,      0.00,      0.00,0,3,0,0,3,3
H5,604,2017,291620,      0.00,      0.00,      0.00,      0.00,0,3,0,0,3,3
H5,604,2017,291631,      0.00,      0.00,      0.00,      0.00,0,4,0,0,4,4
H5,604,2017,291632,      0.00,      0.00,      0.00,      0.00,0,2,0,0,2,2
H5,604,2017,291634,      0.00,      0.00,      0.00,      0.00,0,1,0,0,1,1
H5,604,2017,291639,      0.00,      0.00,      0.00,      0.00,0,1,0,0,1,1
H5,604,2017,291711,      0.00,      0.00,      0.00,      0.00,0,2,0,0,2,2
H5,604,2017,291712,      0.00,      0.00,      0.00,      0.00,0,2,0,0,2,2
H5,604,2017,291713,      0.00,      0.00,      0.00,      0.00,0,2,0,0,2,2
H5,604,2017,291714,      0.00,      0.00,      0.00,      0.00,0,1,0,0,1,1
H5,604,2017,291719,      0.00,      0.00,      0.00,      0.00,0,4,0,0,4,4
H5,604,2017,291720,      0.00,      0.00,      0.00,      0.00,0,1,0,0,1,1
H5,604,2017,291732,      0.00,      0.00,      0.00,      0.00,0,1,0,0,1,1
H5,604,2017,291733,      0.00,      0.00,      0.00,      0.00,0,1,0,0,1,1
H5,604,2017,291734,      0.00,      0.00,      0.00,      0.00,0,3,0,0,3,3
H5,604,2017,291735,      0.00,      0.00,      0.00,      0.00,0,1,0,0,1,1
H5,604,2017,291736,      0.00,      0.00,      0.00,      0.00,0,2,0,0,2,2
H5,604,2017,291737,      0.00,      0.00,      0.00,      0.00,0,1,0,0,1,1
H5,604,2017,291739,      0.00,      0.00,      0.00,      0.00,0,4,0,0,4,4
H5,604,2017,291811,      6.00,      0.00,      6.00,      2.00,0,2,0,1,3,3
H5,604,2017,291812,      0.00,      0.00,      0.00,      0.00,0,1,0,0,1,1
H5,604,2017,291813,      0.00,      0.00,      0.00,      0.00,0,1,0,0,1,1
H5,604,2017,291814,      0.00,      0.00,      0.00,      0.00,0,1,0,0,1,1
H5,604,2017,291815,      0.00,      0.00,      0.00,      0.00,0,2,0,0,2,2
H5,604,2017,291816,      0.00,      0.00,      0.00,      0.00,0,4,0,0,4,4
H5,604,2017,291817,      0.00,      0.00,      0.00,      0.00,0,1,0,0,1,1
H5,604,2017,291818,      0.00,      0.00,      0.00,      0.00,0,1,0,0,1,1
H5,604,2017,291819,      0.00,      0.00,      0.00,      0.00,0,2,0,0,2,2
H5,604,2017,291821,      0.00,      0.00,      0.00,      0.00,0,2,0,0,2,2
H5,604,2017,291822,      0.00,      0.00,      0.00,      0.00,0,2,0,0,2,2
H5,604,2017,291823,      0.00,      0.00,      0.00,      0.00,0,1,0,0,1,1
H5,604,2017,291829,      0.00,      0.00,      0.00,      0.00,0,4,0,0,4,4
H5,604,2017,291830,      0.00,      0.00,      0.00,      0.00,0,1,0,0,1,1
H5,604,2017,291891,      0.00,      0.00,      0.00,      0.00,0,1,0,0,1,1
H5,604,2017,291899,      0.00,      0.00,      0.00,      0.00,0,11,0,0,11,11
H5,604,2017,291910,      0.00,      0.00,      0.00,      0.00,0,1,0,0,1,1
H5,604,2017,291990,      0.00,      0.00,      0.00,      0.00,0,5,0,0,5,5
H5,604,2017,292011,      0.00,      0.00,      0.00,      0.00,0,2,0,0,2,2
H5,604,2017,292019,      0.00,      0.00,      0.00,      0.00,0,2,0,0,2,2
H5,604,2017,292021,      0.00,      0.00,      0.00,      0.00,0,1,0,0,1,1
H5,604,2017,292022,      0.00,      0.00,      0.00,      0.00,0,1,0,0,1,1
H5,604,2017,292023,      0.00,      0.00,      0.00,      0.00,0,1,0,0,1,1
H5,604,2017,292024,      0.00,      0.00,      0.00,      0.00,0,1,0,0,1,1
H5,604,2017,292029,      0.00,      0.00,      0.00,      0.00,0,1,0,0,1,1
H5,604,2017,292030,      0.00,      0.00,      0.00,      0.00,0,1,0,0,1,1
H5,604,2017,292090,      0.00,      0.00,      0.00,      0.00,0,3,0,0,3,3
H5,604,2017,292111,      0.00,      0.00,      0.00,      0.00,0,1,0,0,1,1
H5,604,2017,292112,      0.00,      0.00,      0.00,      0.00,0,1,0,0,1,1
H5,604,2017,292113,      0.00,      0.00,      0.00,      0.00,0,1,0,0,1,1
H5,604,2017,292114,      0.00,      0.00,      0.00,      0.00,0,1,0,0,1,1
H5,604,2017,292119,      0.00,      0.00,      0.00,      0.00,0,8,0,0,8,8
H5,604,2017,292121,      0.00,      0.00,      0.00,      0.00,0,1,0,0,1,1
H5,604,2017,292122,      0.00,      0.00,      0.00,      0.00,0,1,0,0,1,1
H5,604,2017,292129,      0.00,      0.00,      0.00,      0.00,0,1,0,0,1,1
H5,604,2017,292130,      0.00,      0.00,      0.00,      0.00,0,1,0,0,1,1
H5,604,2017,292141,      0.00,      0.00,      0.00,      0.00,0,1,0,0,1,1
H5,604,2017,292142,      0.00,      0.00,      0.00,      0.00,0,3,0,0,3,3
H5,604,2017,292143,      0.00,      0.00,      0.00,      0.00,0,1,0,0,1,1
H5,604,2017,292144,      0.00,      0.00,      0.00,      0.00,0,1,0,0,1,1
H5,604,2017,292145,      0.00,      0.00,      0.00,      0.00,0,1,0,0,1,1
H5,604,2017,292146,      0.00,      0.00,      0.00,      0.00,0,4,0,0,4,4
H5,604,2017,292149,      0.00,      0.00,      0.00,      0.00,0,2,0,0,2,2
H5,604,2017,292151,      0.00,      0.00,      0.00,      0.00,0,1,0,0,1,1
H5,604,2017,292159,      0.00,      0.00,      0.00,      0.00,0,1,0,0,1,1
H5,604,2017,292211,      0.00,      0.00,      0.00,      0.00,0,2,0,0,2,2
H5,604,2017,292212,      0.00,      0.00,      0.00,      0.00,0,2,0,0,2,2
H5,604,2017,292214,      0.00,      0.00,      0.00,      0.00,0,2,0,0,2,2
H5,604,2017,292215,      0.00,      0.00,      0.00,      0.00,0,1,0,0,1,1
H5,604,2017,292216,      0.00,      0.00,      0.00,      0.00,0,1,0,0,1,1
H5,604,2017,292217,      0.00,      0.00,      0.00,      0.00,0,2,0,0,2,2
H5,604,2017,292218,      0.00,      0.00,      0.00,      0.00,0,1,0,0,1,1
H5,604,2017,292219,      0.00,      0.00,      0.00,      0.00,0,5,0,0,5,5
H5,604,2017,292221,      0.00,      0.00,      0.00,      0.00,0,1,0,0,1,1
H5,604,2017,292229,      0.00,      0.00,      0.00,      0.00,0,1,0,0,1,1
H5,604,2017,292231,      0.00,      0.00,      0.00,      0.00,0,4,0,0,4,4
H5,604,2017,292239,      0.00,      0.00,      0.00,      0.00,0,1,0,0,1,1
H5,604,2017,292241,      0.00,      0.00,      0.00,      0.00,0,1,0,0,1,1
H5,604,2017,292242,      0.00,      0.00,      0.00,      0.00,0,2,0,0,2,2
H5,604,2017,292243,      0.00,      0.00,      0.00,      0.00,0,1,0,0,1,1
H5,604,2017,292244,      0.00,      0.00,      0.00,      0.00,0,2,0,0,2,2
H5,604,2017,292249,      0.00,      0.00,      0.00,      0.00,0,5,0,0,5,5
H5,604,2017,292250,      0.00,      0.00,      0.00,      0.00,0,3,0,0,3,3
H5,604,2017,292310,      0.00,      0.00,      0.00,      0.00,0,1,0,0,1,1
H5,604,2017,292320,      0.00,      0.00,      0.00,      0.00,0,1,0,0,1,1
H5,604,2017,292330,      0.00,      0.00,      0.00,      0.00,0,1,0,0,1,1
H5,604,2017,292340,      0.00,      0.00,      0.00,      0.00,0,1,0,0,1,1
H5,604,2017,292390,      0.00,      0.00,      0.00,      0.00,0,2,0,0,2,2
H5,604,2017,292411,      0.00,      0.00,      0.00,      0.00,0,1,0,0,1,1
H5,604,2017,292412,      0.00,      0.00,      0.00,      0.00,0,1,0,0,1,1
H5,604,2017,292419,      0.00,      0.00,      0.00,      0.00,0,1,0,0,1,1
H5,604,2017,292421,      0.00,      0.00,      0.00,      0.00,0,2,0,0,2,2
H5,604,2017,292423,      0.00,      0.00,      0.00,      0.00,0,1,0,0,1,1
H5,604,2017,292424,      0.00,      0.00,      0.00,      0.00,0,1,0,0,1,1
H5,604,2017,292425,      0.00,      0.00,      0.00,      0.00,0,1,0,0,1,1
H5,604,2017,292429,      0.00,      0.00,      0.00,      0.00,0,9,0,0,9,9
H5,604,2017,292511,      0.00,      0.00,      0.00,      0.00,0,1,0,0,1,1
H5,604,2017,292512,      0.00,      0.00,      0.00,      0.00,0,1,0,0,1,1
H5,604,2017,292519,      0.00,      0.00,      0.00,      0.00,0,1,0,0,1,1
H5,604,2017,292521,      0.00,      0.00,      0.00,      0.00,0,1,0,0,1,1
H5,604,2017,292529,      0.00,      0.00,      0.00,      0.00,0,2,0,0,2,2
H5,604,2017,292610,      0.00,      0.00,      0.00,      0.00,0,1,0,0,1,1
H5,604,2017,292620,      0.00,      0.00,      0.00,      0.00,0,1,0,0,1,1
H5,604,2017,292630,      0.00,      0.00,      0.00,      0.00,0,2,0,0,2,2
H5,604,2017,292640,      0.00,      0.00,      0.00,      0.00,0,1,0,0,1,1
H5,604,2017,292690,      0.00,      0.00,      0.00,      0.00,0,5,0,0,5,5
H5,604,2017,292700,      0.00,      0.00,      0.00,      0.00,0,1,0,0,1,1
H5,604,2017,292800,      0.00,      0.00,      0.00,      0.00,0,3,0,0,3,3
H5,604,2017,292910,      0.00,      0.00,      0.00,      0.00,0,2,0,0,2,2
H5,604,2017,292990,      0.00,      0.00,      0.00,      0.00,0,4,0,0,4,4
H5,604,2017,293020,      0.00,      0.00,      0.00,      0.00,0,3,0,0,3,3
H5,604,2017,293030,      0.00,      0.00,      0.00,      0.00,0,2,0,0,2,2
H5,604,2017,293040,      0.00,      0.00,      0.00,      0.00,0,1,0,0,1,1
H5,604,2017,293060,      0.00,      0.00,      0.00,      0.00,0,1,0,0,1,1
H5,604,2017,293070,      0.00,      0.00,      0.00,      0.00,0,1,0,0,1,1
H5,604,2017,293080,      0.00,      0.00,      0.00,      0.00,0,1,0,0,1,1
H5,604,2017,293090,      6.00,      0.00,      6.00,      0.33,0,17,0,1,18,18
H5,604,2017,293110,      0.00,      0.00,      0.00,      0.00,0,1,0,0,1,1
H5,604,2017,293120,      0.00,      0.00,      0.00,      0.00,0,1,0,0,1,1
H5,604,2017,293131,      0.00,      0.00,      0.00,      0.00,0,1,0,0,1,1
H5,604,2017,293132,      0.00,      0.00,      0.00,      0.00,0,1,0,0,1,1
H5,604,2017,293133,      0.00,      0.00,      0.00,      0.00,0,1,0,0,1,1
H5,604,2017,293134,      0.00,      0.00,      0.00,      0.00,0,1,0,0,1,1
H5,604,2017,293135,      0.00,      0.00,      0.00,      0.00,0,1,0,0,1,1
H5,604,2017,293136,      0.00,      0.00,      0.00,      0.00,0,1,0,0,1,1
H5,604,2017,293137,      0.00,      0.00,      0.00,      0.00,0,1,0,0,1,1
H5,604,2017,293138,      0.00,      0.00,      0.00,      0.00,0,1,0,0,1,1
H5,604,2017,293139,      0.00,      0.00,      0.00,      0.00,0,10,0,0,10,10
H5,604,2017,293190,      0.00,      0.00,      0.00,      0.00,0,2,0,0,2,2
H5,604,2017,293211,      0.00,      0.00,      0.00,      0.00,0,1,0,0,1,1
H5,604,2017,293212,      0.00,      0.00,      0.00,      0.00,0,1,0,0,1,1
H5,604,2017,293213,      0.00,      0.00,      0.00,      0.00,0,2,0,0,2,2
H5,604,2017,293214,      0.00,      0.00,      0.00,      0.00,0,1,0,0,1,1
H5,604,2017,293219,      0.00,      0.00,      0.00,      0.00,0,1,0,0,1,1
H5,604,2017,293220,      0.00,      0.00,      0.00,      0.00,0,3,0,0,3,3
H5,604,2017,293291,      0.00,      0.00,      0.00,      0.00,0,1,0,0,1,1
H5,604,2017,293292,      0.00,      0.00,      0.00,      0.00,0,1,0,0,1,1
H5,604,2017,293293,      0.00,      0.00,      0.00,      0.00,0,1,0,0,1,1
H5,604,2017,293294,      0.00,      0.00,      0.00,      0.00,0,1,0,0,1,1
H5,604,2017,293295,      0.00,      0.00,      0.00,      0.00,0,1,0,0,1,1
H5,604,2017,293299,      0.00,      0.00,      0.00,      0.00,0,4,0,0,4,4
H5,604,2017,293311,      0.00,      0.00,      0.00,      0.00,0,3,0,0,3,3
H5,604,2017,293319,      0.00,      0.00,      0.00,      0.00,0,2,0,0,2,2
H5,604,2017,293321,      0.00,      0.00,      0.00,      0.00,0,1,0,0,1,1
H5,604,2017,293329,      0.00,      0.00,      0.00,      0.00,0,1,0,0,1,1
H5,604,2017,293331,      0.00,      0.00,      0.00,      0.00,0,1,0,0,1,1
H5,604,2017,293332,      0.00,      0.00,      0.00,      0.00,0,1,0,0,1,1
H5,604,2017,293333,      0.00,      0.00,      0.00,      0.00,0,6,0,0,6,6
H5,604,2017,293339,      0.00,      0.00,      0.00,      0.00,0,7,0,0,7,7
H5,604,2017,293341,      0.00,      0.00,      0.00,      0.00,0,1,0,0,1,1
H5,604,2017,293349,      0.00,      0.00,      0.00,      0.00,0,2,0,0,2,2
H5,604,2017,293352,      0.00,      0.00,      0.00,      0.00,0,1,0,0,1,1
H5,604,2017,293353,      0.00,      0.00,      0.00,      0.00,0,5,0,0,5,5
H5,604,2017,293354,      0.00,      0.00,      0.00,      0.00,0,1,0,0,1,1
H5,604,2017,293355,      0.00,      0.00,      0.00,      0.00,0,5,0,0,5,5
H5,604,2017,293359,      0.00,      0.00,      0.00,      0.00,0,7,0,0,7,7
H5,604,2017,293361,      0.00,      0.00,      0.00,      0.00,0,1,0,0,1,1
H5,604,2017,293369,      0.00,      0.00,      0.00,      0.00,0,2,0,0,2,2
H5,604,2017,293371,      0.00,      0.00,      0.00,      0.00,0,1,0,0,1,1
H5,604,2017,293372,      0.00,      0.00,      0.00,      0.00,0,1,0,0,1,1
H5,604,2017,293379,      0.00,      0.00,      0.00,      0.00,0,2,0,0,2,2
H5,604,2017,293391,      0.00,      0.00,      0.00,      0.00,0,8,0,0,8,8
H5,604,2017,293392,      0.00,      0.00,      0.00,      0.00,0,1,0,0,1,1
H5,604,2017,293399,      0.00,      0.00,      0.00,      0.00,0,4,0,0,4,4
H5,604,2017,293410,      0.00,      0.00,      0.00,      0.00,0,2,0,0,2,2
H5,604,2017,293420,      0.00,      0.00,      0.00,      0.00,0,2,0,0,2,2
H5,604,2017,293430,      0.00,      0.00,      0.00,      0.00,0,2,0,0,2,2
H5,604,2017,293491,      0.00,      0.00,      0.00,      0.00,0,4,0,0,4,4
H5,604,2017,293499,      0.00,      0.00,      0.00,      0.00,0,5,0,0,5,5
H5,604,2017,293510,      0.00,      0.00,      0.00,      0.00,0,1,0,0,1,1
H5,604,2017,293520,      0.00,      0.00,      0.00,      0.00,0,1,0,0,1,1
H5,604,2017,293530,      0.00,      0.00,      0.00,      0.00,0,1,0,0,1,1
H5,604,2017,293540,      0.00,      0.00,      0.00,      0.00,0,1,0,0,1,1
H5,604,2017,293550,      0.00,      0.00,      0.00,      0.00,0,1,0,0,1,1
H5,604,2017,293590,      0.00,      0.00,      0.00,      0.00,0,2,0,0,2,2
H5,604,2017,293621,      0.00,      0.00,      0.00,      0.00,0,1,0,0,1,1
H5,604,2017,293622,      0.00,      0.00,      0.00,      0.00,0,1,0,0,1,1
H5,604,2017,293623,      0.00,      0.00,      0.00,      0.00,0,1,0,0,1,1
H5,604,2017,293624,      0.00,      0.00,      0.00,      0.00,0,1,0,0,1,1
H5,604,2017,293625,      0.00,      0.00,      0.00,      0.00,0,1,0,0,1,1
H5,604,2017,293626,      0.00,      0.00,      0.00,      0.00,0,1,0,0,1,1
H5,604,2017,293627,      0.00,      0.00,      0.00,      0.00,0,1,0,0,1,1
H5,604,2017,293628,      0.00,      0.00,      0.00,      0.00,0,1,0,0,1,1
H5,604,2017,293629,      0.00,      0.00,      0.00,      0.00,0,4,0,0,4,4
H5,604,2017,293690,      0.00,      0.00,      0.00,      0.00,0,1,0,0,1,1
H5,604,2017,293711,      0.00,      0.00,      0.00,      0.00,0,1,0,0,1,1
H5,604,2017,293712,      0.00,      0.00,      0.00,      0.00,0,1,0,0,1,1
H5,604,2017,293719,      0.00,      0.00,      0.00,      0.00,0,2,0,0,2,2
H5,604,2017,293721,      0.00,      0.00,      0.00,      0.00,0,4,0,0,4,4
H5,604,2017,293722,      0.00,      0.00,      0.00,      0.00,0,6,0,0,6,6
H5,604,2017,293723,      0.00,      0.00,      0.00,      0.00,0,3,0,0,3,3
H5,604,2017,293729,      0.00,      0.00,      0.00,      0.00,0,7,0,0,7,7
H5,604,2017,293750,      0.00,      0.00,      0.00,      0.00,0,1,0,0,1,1
H5,604,2017,293790,      0.00,      0.00,      0.00,      0.00,0,1,0,0,1,1
H5,604,2017,293810,      0.00,      0.00,      0.00,      0.00,0,1,0,0,1,1
H5,604,2017,293890,      0.00,      0.00,      0.00,      0.00,0,2,0,0,2,2
H5,604,2017,293911,      0.00,      0.00,      0.00,      0.00,0,7,0,0,7,7
H5,604,2017,293919,      0.00,      0.00,      0.00,      0.00,0,2,0,0,2,2
H5,604,2017,293920,      0.00,      0.00,      0.00,      0.00,0,1,0,0,1,1
H5,604,2017,293930,      0.00,      0.00,      0.00,      0.00,0,1,0,0,1,1
H5,604,2017,293941,      0.00,      0.00,      0.00,      0.00,0,1,0,0,1,1
H5,604,2017,293942,      0.00,      0.00,      0.00,      0.00,0,1,0,0,1,1
H5,604,2017,293943,      0.00,      0.00,      0.00,      0.00,0,1,0,0,1,1
H5,604,2017,293944,      0.00,      0.00,      0.00,      0.00,0,1,0,0,1,1
H5,604,2017,293949,      0.00,      0.00,      0.00,      0.00,0,1,0,0,1,1
H5,604,2017,293951,      0.00,      0.00,      0.00,      0.00,0,1,0,0,1,1
H5,604,2017,293959,      0.00,      0.00,      0.00,      0.00,0,1,0,0,1,1
H5,604,2017,293961,      0.00,      0.00,      0.00,      0.00,0,1,0,0,1,1
H5,604,2017,293962,      0.00,      0.00,      0.00,      0.00,0,1,0,0,1,1
H5,604,2017,293963,      0.00,      0.00,      0.00,      0.00,0,1,0,0,1,1
H5,604,2017,293969,      0.00,      0.00,      0.00,      0.00,0,1,0,0,1,1
H5,604,2017,293971,      0.00,      0.00,      0.00,      0.00,0,8,0,0,8,8
H5,604,2017,293979,      0.00,      0.00,      0.00,      0.00,0,2,0,0,2,2
H5,604,2017,293980,      0.00,      0.00,      0.00,      0.00,0,1,0,0,1,1
H5,604,2017,294000,      0.00,      0.00,      0.00,      0.00,0,1,0,0,1,1
H5,604,2017,294110,      0.00,      0.00,      0.00,      0.00,0,5,0,0,5,5
H5,604,2017,294120,      0.00,      0.00,      0.00,      0.00,0,1,0,0,1,1
H5,604,2017,294130,      0.00,      0.00,      0.00,      0.00,0,3,0,0,3,3
H5,604,2017,294140,      0.00,      0.00,      0.00,      0.00,0,1,0,0,1,1
H5,604,2017,294150,      0.00,      0.00,      0.00,      0.00,0,1,0,0,1,1
H5,604,2017,294190,      0.00,      0.00,      0.00,      0.00,0,8,0,0,8,8
H5,604,2017,294200,      0.00,      0.00,      0.00,      0.00,0,1,0,0,1,1
H5,604,2017,300120,      0.00,      0.00,      0.00,      0.00,0,3,0,0,3,3
H5,604,2017,300190,      0.00,      0.00,      0.00,      0.00,0,2,0,0,2,2
H5,604,2017,300211,      0.00,      0.00,      0.00,      0.00,0,1,0,0,1,1
H5,604,2017,300212,      0.00,      0.00,      0.00,      0.00,0,6,0,0,6,6
H5,604,2017,300213,      0.00,      0.00,      0.00,      0.00,0,3,0,0,3,3
H5,604,2017,300214,      0.00,      0.00,      0.00,      0.00,0,3,0,0,3,3
H5,604,2017,300215,      0.00,      0.00,      0.00,      0.00,0,3,0,0,3,3
H5,604,2017,300219,      0.00,      0.00,      0.00,      0.00,0,3,0,0,3,3
H5,604,2017,300220,      0.00,      0.00,      0.00,      0.00,0,4,0,0,4,4
H5,604,2017,300230,      0.00,      0.00,      0.00,      0.00,0,2,0,0,2,2
H5,604,2017,300290,      0.00,      0.00,      0.00,      0.00,0,6,0,0,6,6
H5,604,2017,300310,      0.00,      0.00,      0.00,      0.00,0,1,0,0,1,1
H5,604,2017,300320,      0.00,      0.00,      0.00,      0.00,0,1,0,0,1,1
H5,604,2017,300331,      0.00,      0.00,      0.00,      0.00,0,1,0,0,1,1
H5,604,2017,300339,      0.00,      0.00,      0.00,      0.00,0,1,0,0,1,1
H5,604,2017,300341,      0.00,      0.00,      0.00,      0.00,0,1,0,0,1,1
H5,604,2017,300342,      0.00,      0.00,      0.00,      0.00,0,1,0,0,1,1
H5,604,2017,300343,      0.00,      0.00,      0.00,      0.00,0,1,0,0,1,1
H5,604,2017,300349,      0.00,      0.00,      0.00,      0.00,0,1,0,0,1,1
H5,604,2017,300360,      0.00,      0.00,      0.00,      0.00,0,1,0,0,1,1
H5,604,2017,300390,      0.00,      0.00,      0.00,      0.00,0,2,0,0,2,2
H5,604,2017,300410,     12.00,      6.00,      6.00,      6.00,0,0,0,2,2,2
H5,604,2017,300420,     18.00,      6.00,      6.00,      6.00,0,0,0,3,3,3
H5,604,2017,300431,      6.00,      6.00,      6.00,      6.00,0,0,0,1,1,1
H5,604,2017,300432,     18.00,      6.00,      6.00,      6.00,0,0,0,3,3,3
H5,604,2017,300439,     18.00,      6.00,      6.00,      6.00,0,0,0,3,3,3
H5,604,2017,300441,     12.00,      6.00,      6.00,      6.00,0,0,0,2,2,2
H5,604,2017,300442,     12.00,      6.00,      6.00,      6.00,0,0,0,2,2,2
H5,604,2017,300443,     12.00,      6.00,      6.00,      6.00,0,0,0,2,2,2
H5,604,2017,300449,     12.00,      6.00,      6.00,      6.00,0,0,0,2,2,2
H5,604,2017,300450,     12.00,      6.00,      6.00,      6.00,0,0,0,2,2,2
H5,604,2017,300460,      6.00,      6.00,      6.00,      6.00,0,0,0,1,1,1
H5,604,2017,300490,     42.00,      6.00,      6.00,      6.00,0,0,0,7,7,7
H5,604,2017,300510,     12.00,      6.00,      6.00,      6.00,0,0,0,2,2,2
H5,604,2017,300590,     30.00,      6.00,      6.00,      6.00,0,0,0,5,5,5
H5,604,2017,300610,      0.00,      0.00,      0.00,      0.00,0,3,0,0,3,3
H5,604,2017,300620,      0.00,      0.00,      0.00,      0.00,0,1,0,0,1,1
H5,604,2017,300630,      0.00,      0.00,      0.00,      0.00,0,3,0,0,3,3
H5,604,2017,300640,      0.00,      0.00,      0.00,      0.00,0,2,0,0,2,2
H5,604,2017,300650,      6.00,      6.00,      6.00,      6.00,0,0,0,1,1,1
H5,604,2017,300660,      6.00,      6.00,      6.00,      6.00,0,0,0,1,1,1
H5,604,2017,300670,      0.00,      0.00,      0.00,      0.00,0,1,0,0,1,1
H5,604,2017,300691,      6.00,      6.00,      6.00,      6.00,0,0,0,1,1,1
H5,604,2017,300692,      0.00,      0.00,      0.00,      0.00,0,1,0,0,1,1
H5,604,2017,310100,      0.00,      0.00,      0.00,      0.00,0,2,0,0,2,2
H5,604,2017,310210,      0.00,      0.00,      0.00,      0.00,0,2,0,0,2,2
H5,604,2017,310221,      0.00,      0.00,      0.00,      0.00,0,1,0,0,1,1
H5,604,2017,310229,      0.00,      0.00,      0.00,      0.00,0,1,0,0,1,1
H5,604,2017,310230,      0.00,      0.00,      0.00,      0.00,0,3,0,0,3,3
H5,604,2017,310240,      0.00,      0.00,      0.00,      0.00,0,1,0,0,1,1
H5,604,2017,310250,      0.00,      0.00,      0.00,      0.00,0,1,0,0,1,1
H5,604,2017,310260,      0.00,      0.00,      0.00,      0.00,0,1,0,0,1,1
H5,604,2017,310280,      0.00,      0.00,      0.00,      0.00,0,1,0,0,1,1
H5,604,2017,310290,      0.00,      0.00,      0.00,      0.00,0,2,0,0,2,2
H5,604,2017,310311,      0.00,      0.00,      0.00,      0.00,0,1,0,0,1,1
H5,604,2017,310319,      0.00,      0.00,      0.00,      0.00,0,1,0,0,1,1
H5,604,2017,310390,      0.00,      0.00,      0.00,      0.00,0,2,0,0,2,2
H5,604,2017,310420,      0.00,      0.00,      0.00,      0.00,0,2,0,0,2,2
H5,604,2017,310430,      0.00,      0.00,      0.00,      0.00,0,1,0,0,1,1
H5,604,2017,310490,      0.00,      0.00,      0.00,      0.00,0,3,0,0,3,3
H5,604,2017,310510,      0.00,      0.00,      0.00,      0.00,0,1,0,0,1,1
H5,604,2017,310520,      0.00,      0.00,      0.00,      0.00,0,1,0,0,1,1
H5,604,2017,310530,      0.00,      0.00,      0.00,      0.00,0,1,0,0,1,1
H5,604,2017,310540,      0.00,      0.00,      0.00,      0.00,0,1,0,0,1,1
H5,604,2017,310551,      0.00,      0.00,      0.00,      0.00,0,1,0,0,1,1
H5,604,2017,310559,      0.00,      0.00,      0.00,      0.00,0,1,0,0,1,1
H5,604,2017,310560,      0.00,      0.00,      0.00,      0.00,0,1,0,0,1,1
H5,604,2017,310590,      0.00,      0.00,      0.00,      0.00,0,3,0,0,3,3
H5,604,2017,320110,      0.00,      0.00,      0.00,      0.00,0,1,0,0,1,1
H5,604,2017,320120,      0.00,      0.00,      0.00,      0.00,0,1,0,0,1,1
H5,604,2017,320190,      0.00,      0.00,      0.00,      0.00,0,4,0,0,4,4
H5,604,2017,320210,      0.00,      0.00,      0.00,      0.00,0,1,0,0,1,1
H5,604,2017,320290,      0.00,      0.00,      0.00,      0.00,0,2,0,0,2,2
H5,604,2017,320300,      0.00,      0.00,      0.00,      0.00,0,10,0,0,10,10
H5,604,2017,320411,      0.00,      0.00,      0.00,      0.00,0,1,0,0,1,1
H5,604,2017,320412,      0.00,      0.00,      0.00,      0.00,0,1,0,0,1,1
H5,604,2017,320413,      0.00,      0.00,      0.00,      0.00,0,1,0,0,1,1
H5,604,2017,320414,      0.00,      0.00,      0.00,      0.00,0,1,0,0,1,1
H5,604,2017,320415,      0.00,      0.00,      0.00,      0.00,0,2,0,0,2,2
H5,604,2017,320416,      0.00,      0.00,      0.00,      0.00,0,1,0,0,1,1
H5,604,2017,320417,      0.00,      0.00,      0.00,      0.00,0,1,0,0,1,1
H5,604,2017,320419,      0.00,      0.00,      0.00,      0.00,0,2,0,0,2,2
H5,604,2017,320420,      0.00,      0.00,      0.00,      0.00,0,1,0,0,1,1
H5,604,2017,320490,      0.00,      0.00,      0.00,      0.00,0,1,0,0,1,1
H5,604,2017,320500,      6.00,      6.00,      6.00,      6.00,0,0,0,1,1,1
H5,604,2017,320611,      0.00,      0.00,      0.00,      0.00,0,1,0,0,1,1
H5,604,2017,320619,      0.00,      0.00,      0.00,      0.00,0,1,0,0,1,1
H5,604,2017,320620,      6.00,      6.00,      6.00,      6.00,0,0,0,1,1,1
H5,604,2017,320641,      0.00,      0.00,      0.00,      0.00,0,1,0,0,1,1
H5,604,2017,320642,      0.00,      0.00,      0.00,      0.00,0,1,0,0,1,1
H5,604,2017,320649,      0.00,      0.00,      0.00,      0.00,0,5,0,0,5,5
H5,604,2017,320650,      0.00,      0.00,      0.00,      0.00,0,1,0,0,1,1
H5,604,2017,320710,      0.00,      0.00,      0.00,      0.00,0,1,0,0,1,1
H5,604,2017,320720,      0.00,      0.00,      0.00,      0.00,0,2,0,0,2,2
H5,604,2017,320730,      6.00,      6.00,      6.00,      6.00,0,0,0,1,1,1
H5,604,2017,320740,      0.00,      0.00,      0.00,      0.00,0,2,0,0,2,2
H5,604,2017,320810,      6.00,      6.00,      6.00,      6.00,0,0,0,1,1,1
H5,604,2017,320820,      6.00,      6.00,      6.00,      6.00,0,0,0,1,1,1
H5,604,2017,320890,      6.00,      6.00,      6.00,      6.00,0,0,0,1,1,1
H5,604,2017,320910,      6.00,      6.00,      6.00,      6.00,0,0,0,1,1,1
H5,604,2017,320990,      6.00,      6.00,      6.00,      6.00,0,0,0,1,1,1
H5,604,2017,321000,     12.00,      0.00,      6.00,      4.00,0,1,0,2,3,3
H5,604,2017,321100,      6.00,      6.00,      6.00,      6.00,0,0,0,1,1,1
H5,604,2017,321210,      0.00,      0.00,      0.00,      0.00,0,1,0,0,1,1
H5,604,2017,321290,      6.00,      0.00,      6.00,      3.00,0,1,0,1,2,2
H5,604,2017,321310,     12.00,      6.00,      6.00,      6.00,0,0,0,2,2,2
H5,604,2017,321390,      6.00,      6.00,      6.00,      6.00,0,0,0,1,1,1
H5,604,2017,321410,     12.00,      6.00,      6.00,      6.00,0,0,0,2,2,2
H5,604,2017,321490,      0.00,      0.00,      0.00,      0.00,0,1,0,0,1,1
H5,604,2017,321511,      6.00,      6.00,      6.00,      6.00,0,0,0,1,1,1
H5,604,2017,321519,      6.00,      6.00,      6.00,      6.00,0,0,0,1,1,1
H5,604,2017,321590,     12.00,      0.00,      6.00,      4.00,0,1,0,2,3,3
H5,604,2017,330112,      0.00,      0.00,      0.00,      0.00,0,1,0,0,1,1
H5,604,2017,330113,      0.00,      0.00,      0.00,      0.00,0,1,0,0,1,1
H5,604,2017,330119,      0.00,      0.00,      0.00,      0.00,0,2,0,0,2,2
H5,604,2017,330124,      0.00,      0.00,      0.00,      0.00,0,1,0,0,1,1
H5,604,2017,330125,      0.00,      0.00,      0.00,      0.00,0,1,0,0,1,1
H5,604,2017,330129,      0.00,      0.00,      0.00,      0.00,0,4,0,0,4,4
H5,604,2017,330130,      0.00,      0.00,      0.00,      0.00,0,1,0,0,1,1
H5,604,2017,330190,      0.00,      0.00,      0.00,      0.00,0,3,0,0,3,3
H5,604,2017,330210,     12.00,      6.00,      6.00,      6.00,0,0,0,2,2,2
H5,604,2017,330290,      6.00,      6.00,      6.00,      6.00,0,0,0,1,1,1
H5,604,2017,330300,      6.00,      6.00,      6.00,      6.00,0,0,0,1,1,1
H5,604,2017,330410,      6.00,      6.00,      6.00,      6.00,0,0,0,1,1,1
H5,604,2017,330420,      6.00,      6.00,      6.00,      6.00,0,0,0,1,1,1
H5,604,2017,330430,      6.00,      6.00,      6.00,      6.00,0,0,0,1,1,1
H5,604,2017,330491,      6.00,      6.00,      6.00,      6.00,0,0,0,1,1,1
H5,604,2017,330499,      6.00,      6.00,      6.00,      6.00,0,0,0,1,1,1
H5,604,2017,330510,      6.00,      6.00,      6.00,      6.00,0,0,0,1,1,1
H5,604,2017,330520,      6.00,      6.00,      6.00,      6.00,0,0,0,1,1,1
H5,604,2017,330530,      6.00,      6.00,      6.00,      6.00,0,0,0,1,1,1
H5,604,2017,330590,      6.00,      6.00,      6.00,      6.00,0,0,0,1,1,1
H5,604,2017,330610,      6.00,      6.00,      6.00,      6.00,0,0,0,1,1,1
H5,604,2017,330620,      6.00,      6.00,      6.00,      6.00,0,0,0,1,1,1
H5,604,2017,330690,      6.00,      6.00,      6.00,      6.00,0,0,0,1,1,1
H5,604,2017,330710,      6.00,      6.00,      6.00,      6.00,0,0,0,1,1,1
H5,604,2017,330720,      6.00,      6.00,      6.00,      6.00,0,0,0,1,1,1
H5,604,2017,330730,      6.00,      6.00,      6.00,      6.00,0,0,0,1,1,1
H5,604,2017,330741,      6.00,      6.00,      6.00,      6.00,0,0,0,1,1,1
H5,604,2017,330749,      6.00,      6.00,      6.00,      6.00,0,0,0,1,1,1
H5,604,2017,330790,     12.00,      6.00,      6.00,      6.00,0,0,0,2,2,2
H5,604,2017,340111,      6.00,      6.00,      6.00,      6.00,0,0,0,1,1,1
H5,604,2017,340119,     12.00,      6.00,      6.00,      6.00,0,0,0,2,2,2
H5,604,2017,340120,      6.00,      6.00,      6.00,      6.00,0,0,0,1,1,1
H5,604,2017,340130,      6.00,      6.00,      6.00,      6.00,0,0,0,1,1,1
H5,604,2017,340211,     12.00,      6.00,      6.00,      6.00,0,0,0,2,2,2
H5,604,2017,340212,     12.00,      6.00,      6.00,      6.00,0,0,0,2,2,2
H5,604,2017,340213,     12.00,      6.00,      6.00,      6.00,0,0,0,2,2,2
H5,604,2017,340219,     12.00,      6.00,      6.00,      6.00,0,0,0,2,2,2
H5,604,2017,340220,      6.00,      6.00,      6.00,      6.00,0,0,0,1,1,1
H5,604,2017,340290,     18.00,      6.00,      6.00,      6.00,0,0,0,3,3,3
H5,604,2017,340311,      0.00,      0.00,      0.00,      0.00,0,1,0,0,1,1
H5,604,2017,340319,      0.00,      0.00,      0.00,      0.00,0,1,0,0,1,1
H5,604,2017,340391,      0.00,      0.00,      0.00,      0.00,0,1,0,0,1,1
H5,604,2017,340399,      0.00,      0.00,      0.00,      0.00,0,1,0,0,1,1
H5,604,2017,340420,      0.00,      0.00,      0.00,      0.00,0,1,0,0,1,1
H5,604,2017,340490,     12.00,      0.00,      6.00,      2.40,0,3,0,2,5,5
H5,604,2017,340510,      6.00,      6.00,      6.00,      6.00,0,0,0,1,1,1
H5,604,2017,340520,      6.00,      6.00,      6.00,      6.00,0,0,0,1,1,1
H5,604,2017,340530,      6.00,      6.00,      6.00,      6.00,0,0,0,1,1,1
H5,604,2017,340540,      6.00,      6.00,      6.00,      6.00,0,0,0,1,1,1
H5,604,2017,340590,      6.00,      6.00,      6.00,      6.00,0,0,0,1,1,1
H5,604,2017,340600,      6.00,      6.00,      6.00,      6.00,0,0,0,1,1,1
H5,604,2017,340700,      0.00,      0.00,      0.00,      0.00,0,3,0,0,3,3
H5,604,2017,350110,      0.00,      0.00,      0.00,      0.00,0,1,0,0,1,1
H5,604,2017,350190,      6.00,      0.00,      6.00,      3.00,0,1,0,1,2,2
H5,604,2017,350211,      6.00,      6.00,      6.00,      6.00,0,0,0,1,1,1
H5,604,2017,350219,      6.00,      6.00,      6.00,      6.00,0,0,0,1,1,1
H5,604,2017,350220,      6.00,      6.00,      6.00,      6.00,0,0,0,1,1,1
H5,604,2017,350290,      6.00,      0.00,      6.00,      3.00,0,1,0,1,2,2
H5,604,2017,350300,      0.00,      0.00,      0.00,      0.00,0,2,0,0,2,2
H5,604,2017,350400,      0.00,      0.00,      0.00,      0.00,0,2,0,0,2,2
H5,604,2017,350510,      6.00,      6.00,      6.00,      6.00,0,0,0,1,1,1
H5,604,2017,350520,      0.00,      0.00,      0.00,      0.00,0,1,0,0,1,1
H5,604,2017,350610,      6.00,      6.00,      6.00,      6.00,0,0,0,1,1,1
H5,604,2017,350691,      6.00,      6.00,      6.00,      6.00,0,0,0,1,1,1
H5,604,2017,350699,      6.00,      6.00,      6.00,      6.00,0,0,0,1,1,1
H5,604,2017,350710,      0.00,      0.00,      0.00,      0.00,0,1,0,0,1,1
H5,604,2017,350790,      0.00,      0.00,      0.00,      0.00,0,7,0,0,7,7
H5,604,2017,360100,      6.00,      6.00,      6.00,      6.00,0,0,0,1,1,1
H5,604,2017,360200,     18.00,      0.00,      6.00,      4.50,0,1,0,3,4,4
H5,604,2017,360300,     36.00,      6.00,      6.00,      6.00,0,0,0,6,6,6
H5,604,2017,360410,      0.00,      0.00,      0.00,      0.00,0,1,0,0,1,1
H5,604,2017,360490,      0.00,      0.00,      0.00,      0.00,0,1,0,0,1,1
H5,604,2017,360500,      6.00,      6.00,      6.00,      6.00,0,0,0,1,1,1
H5,604,2017,360610,      6.00,      6.00,      6.00,      6.00,0,0,0,1,1,1
H5,604,2017,360690,      6.00,      0.00,      6.00,      3.00,0,1,0,1,2,2
H5,604,2017,370110,      0.00,      0.00,      0.00,      0.00,0,1,0,0,1,1
H5,604,2017,370120,      6.00,      6.00,      6.00,      6.00,0,0,0,1,1,1
H5,604,2017,370130,      0.00,      0.00,      0.00,      0.00,0,2,0,0,2,2
H5,604,2017,370191,      0.00,      0.00,      0.00,      0.00,0,1,0,0,1,1
H5,604,2017,370199,      0.00,      0.00,      0.00,      0.00,0,1,0,0,1,1
H5,604,2017,370210,      6.00,      6.00,      6.00,      6.00,0,0,0,1,1,1
H5,604,2017,370231,      6.00,      6.00,      6.00,      6.00,0,0,0,1,1,1
H5,604,2017,370232,      6.00,      6.00,      6.00,      6.00,0,0,0,1,1,1
H5,604,2017,370239,      6.00,      6.00,      6.00,      6.00,0,0,0,1,1,1
H5,604,2017,370241,      6.00,      6.00,      6.00,      6.00,0,0,0,1,1,1
H5,604,2017,370242,      6.00,      6.00,      6.00,      6.00,0,0,0,1,1,1
H5,604,2017,370243,      6.00,      6.00,      6.00,      6.00,0,0,0,1,1,1
H5,604,2017,370244,      6.00,      6.00,      6.00,      6.00,0,0,0,1,1,1
H5,604,2017,370252,      6.00,      6.00,      6.00,      6.00,0,0,0,1,1,1
H5,604,2017,370253,      6.00,      6.00,      6.00,      6.00,0,0,0,1,1,1
H5,604,2017,370254,      6.00,      6.00,      6.00,      6.00,0,0,0,1,1,1
H5,604,2017,370255,      6.00,      6.00,      6.00,      6.00,0,0,0,1,1,1
H5,604,2017,370256,      6.00,      6.00,      6.00,      6.00,0,0,0,1,1,1
H5,604,2017,370296,      6.00,      6.00,      6.00,      6.00,0,0,0,1,1,1
H5,604,2017,370297,      6.00,      6.00,      6.00,      6.00,0,0,0,1,1,1
H5,604,2017,370298,      6.00,      6.00,      6.00,      6.00,0,0,0,1,1,1
H5,604,2017,370310,      0.00,      0.00,      0.00,      0.00,0,1,0,0,1,1
H5,604,2017,370320,      0.00,      0.00,      0.00,      0.00,0,1,0,0,1,1
H5,604,2017,370390,      0.00,      0.00,      0.00,      0.00,0,1,0,0,1,1
H5,604,2017,370400,      0.00,      0.00,      0.00,      0.00,0,1,0,0,1,1
H5,604,2017,370500,      6.00,      0.00,      6.00,      3.00,0,1,0,1,2,2
H5,604,2017,370610,      6.00,      6.00,      6.00,      6.00,0,0,0,1,1,1
H5,604,2017,370690,      6.00,      6.00,      6.00,      6.00,0,0,0,1,1,1
H5,604,2017,370710,      6.00,      6.00,      6.00,      6.00,0,0,0,1,1,1
H5,604,2017,370790,      6.00,      6.00,      6.00,      6.00,0,0,0,1,1,1
H5,604,2017,380110,      0.00,      0.00,      0.00,      0.00,0,1,0,0,1,1
H5,604,2017,380120,      0.00,      0.00,      0.00,      0.00,0,1,0,0,1,1
H5,604,2017,380130,      0.00,      0.00,      0.00,      0.00,0,1,0,0,1,1
H5,604,2017,380190,      0.00,      0.00,      0.00,      0.00,0,1,0,0,1,1
H5,604,2017,380210,      0.00,      0.00,      0.00,      0.00,0,1,0,0,1,1
H5,604,2017,380290,      6.00,      0.00,      6.00,      2.00,0,2,0,1,3,3
H5,604,2017,380300,      0.00,      0.00,      0.00,      0.00,0,1,0,0,1,1
H5,604,2017,380400,      6.00,      0.00,      6.00,      3.00,0,1,0,1,2,2
H5,604,2017,380510,      0.00,      0.00,      0.00,      0.00,0,1,0,0,1,1
H5,604,2017,380590,      0.00,      0.00,      0.00,      0.00,0,2,0,0,2,2
H5,604,2017,380610,      0.00,      0.00,      0.00,      0.00,0,1,0,0,1,1
H5,604,2017,380620,      6.00,      6.00,      6.00,      6.00,0,0,0,1,1,1
H5,604,2017,380630,      0.00,      0.00,      0.00,      0.00,0,1,0,0,1,1
H5,604,2017,380690,      6.00,      0.00,      6.00,      2.00,0,2,0,1,3,3
H5,604,2017,380700,      0.00,      0.00,      0.00,      0.00,0,1,0,0,1,1
H5,604,2017,380852,      0.00,      0.00,      0.00,      0.00,0,1,0,0,1,1
H5,604,2017,380859,      0.00,      0.00,      0.00,      0.00,0,3,0,0,3,3
H5,604,2017,380861,      0.00,      0.00,      0.00,      0.00,0,1,0,0,1,1
H5,604,2017,380862,      0.00,      0.00,      0.00,      0.00,0,1,0,0,1,1
H5,604,2017,380869,      0.00,      0.00,      0.00,      0.00,0,1,0,0,1,1
H5,604,2017,380891,      0.00,      0.00,      0.00,      0.00,0,11,0,0,11,11
H5,604,2017,380892,      0.00,      0.00,      0.00,      0.00,0,8,0,0,8,8
H5,604,2017,380893,      0.00,      0.00,      0.00,      0.00,0,5,0,0,5,5
H5,604,2017,380894,      0.00,      0.00,      0.00,      0.00,0,4,0,0,4,4
H5,604,2017,380899,      0.00,      0.00,      0.00,      0.00,0,4,0,0,4,4
H5,604,2017,380910,      0.00,      0.00,      0.00,      0.00,0,1,0,0,1,1
H5,604,2017,380991,      6.00,      6.00,      6.00,      6.00,0,0,0,1,1,1
H5,604,2017,380992,      6.00,      6.00,      6.00,      6.00,0,0,0,1,1,1
H5,604,2017,380993,      6.00,      6.00,      6.00,      6.00,0,0,0,1,1,1
H5,604,2017,381010,      0.00,      0.00,      0.00,      0.00,0,3,0,0,3,3
H5,604,2017,381090,      0.00,      0.00,      0.00,      0.00,0,2,0,0,2,2
H5,604,2017,381111,      0.00,      0.00,      0.00,      0.00,0,1,0,0,1,1
H5,604,2017,381119,      0.00,      0.00,      0.00,      0.00,0,1,0,0,1,1
H5,604,2017,381121,      0.00,      0.00,      0.00,      0.00,0,3,0,0,3,3
H5,604,2017,381129,      0.00,      0.00,      0.00,      0.00,0,1,0,0,1,1
H5,604,2017,381190,      0.00,      0.00,      0.00,      0.00,0,1,0,0,1,1
H5,604,2017,381210,      0.00,      0.00,      0.00,      0.00,0,1,0,0,1,1
H5,604,2017,381220,      0.00,      0.00,      0.00,      0.00,0,1,0,0,1,1
H5,604,2017,381231,      0.00,      0.00,      0.00,      0.00,0,1,0,0,1,1
H5,604,2017,381239,      6.00,      0.00,      6.00,      3.00,0,1,0,1,2,2
H5,604,2017,381300,     12.00,      0.00,      6.00,      2.00,0,4,0,2,6,6
H5,604,2017,381400,     24.00,      6.00,      6.00,      6.00,0,0,0,4,4,4
H5,604,2017,381511,      0.00,      0.00,      0.00,      0.00,0,1,0,0,1,1
H5,604,2017,381512,      0.00,      0.00,      0.00,      0.00,0,1,0,0,1,1
H5,604,2017,381519,      0.00,      0.00,      0.00,      0.00,0,2,0,0,2,2
H5,604,2017,381590,      0.00,      0.00,      0.00,      0.00,0,1,0,0,1,1
H5,604,2017,381600,      0.00,      0.00,      0.00,      0.00,0,1,0,0,1,1
H5,604,2017,381700,      0.00,      0.00,      0.00,      0.00,0,4,0,0,4,4
H5,604,2017,381800,      0.00,      0.00,      0.00,      0.00,0,1,0,0,1,1
H5,604,2017,381900,      0.00,      0.00,      0.00,      0.00,0,1,0,0,1,1
H5,604,2017,382000,      0.00,      0.00,      0.00,      0.00,0,1,0,0,1,1
H5,604,2017,382100,      0.00,      0.00,      0.00,      0.00,0,2,0,0,2,2
H5,604,2017,382200,      0.00,      0.00,      0.00,      0.00,0,2,0,0,2,2
H5,604,2017,382311,      6.00,      6.00,      6.00,      6.00,0,0,0,1,1,1
H5,604,2017,382312,      0.00,      0.00,      0.00,      0.00,0,1,0,0,1,1
H5,604,2017,382313,      0.00,      0.00,      0.00,      0.00,0,1,0,0,1,1
H5,604,2017,382319,      0.00,      0.00,      0.00,      0.00,0,1,0,0,1,1
H5,604,2017,382370,      0.00,      0.00,      0.00,      0.00,0,4,0,0,4,4
H5,604,2017,382410,      0.00,      0.00,      0.00,      0.00,0,1,0,0,1,1
H5,604,2017,382430,      0.00,      0.00,      0.00,      0.00,0,1,0,0,1,1
H5,604,2017,382440,      6.00,      6.00,      6.00,      6.00,0,0,0,1,1,1
H5,604,2017,382450,      6.00,      6.00,      6.00,      6.00,0,0,0,1,1,1
H5,604,2017,382460,      0.00,      0.00,      0.00,      0.00,0,1,0,0,1,1
H5,604,2017,382471,      6.00,      0.00,      6.00,      3.00,0,1,0,1,2,2
H5,604,2017,382472,      6.00,      6.00,      6.00,      6.00,0,0,0,1,1,1
H5,604,2017,382473,      0.00,      0.00,      0.00,      0.00,0,1,0,0,1,1
H5,604,2017,382474,      0.00,      0.00,      0.00,      0.00,0,1,0,0,1,1
H5,604,2017,382475,      0.00,      0.00,      0.00,      0.00,0,1,0,0,1,1
H5,604,2017,382476,      0.00,      0.00,      0.00,      0.00,0,1,0,0,1,1
H5,604,2017,382477,      0.00,      0.00,      0.00,      0.00,0,1,0,0,1,1
H5,604,2017,382478,      0.00,      0.00,      0.00,      0.00,0,1,0,0,1,1
H5,604,2017,382479,      0.00,      0.00,      0.00,      0.00,0,3,0,0,3,3
H5,604,2017,382481,      0.00,      0.00,      0.00,      0.00,0,1,0,0,1,1
H5,604,2017,382482,      0.00,      0.00,      0.00,      0.00,0,1,0,0,1,1
H5,604,2017,382483,      0.00,      0.00,      0.00,      0.00,0,1,0,0,1,1
H5,604,2017,382484,      0.00,      0.00,      0.00,      0.00,0,1,0,0,1,1
H5,604,2017,382485,      0.00,      0.00,      0.00,      0.00,0,1,0,0,1,1
H5,604,2017,382486,      0.00,      0.00,      0.00,      0.00,0,1,0,0,1,1
H5,604,2017,382487,      0.00,      0.00,      0.00,      0.00,0,1,0,0,1,1
H5,604,2017,382488,      0.00,      0.00,      0.00,      0.00,0,1,0,0,1,1
H5,604,2017,382491,      0.00,      0.00,      0.00,      0.00,0,1,0,0,1,1
H5,604,2017,382499,     18.00,      0.00,      6.00,      0.53,0,31,0,3,34,34
H5,604,2017,382510,      0.00,      0.00,      0.00,      0.00,0,1,0,0,1,1
H5,604,2017,382520,      0.00,      0.00,      0.00,      0.00,0,1,0,0,1,1
H5,604,2017,382530,      0.00,      0.00,      0.00,      0.00,0,1,0,0,1,1
H5,604,2017,382541,      0.00,      0.00,      0.00,      0.00,0,1,0,0,1,1
H5,604,2017,382549,      0.00,      0.00,      0.00,      0.00,0,1,0,0,1,1
H5,604,2017,382550,      0.00,      0.00,      0.00,      0.00,0,1,0,0,1,1
H5,604,2017,382561,      0.00,      0.00,      0.00,      0.00,0,1,0,0,1,1
H5,604,2017,382569,      0.00,      0.00,      0.00,      0.00,0,1,0,0,1,1
H5,604,2017,382590,      0.00,      0.00,      0.00,      0.00,0,1,0,0,1,1
H5,604,2017,382600,      0.00,      0.00,      0.00,      0.00,0,1,0,0,1,1
H5,604,2017,390110,      0.00,      0.00,      0.00,      0.00,0,1,0,0,1,1
H5,604,2017,390120,      0.00,      0.00,      0.00,      0.00,0,1,0,0,1,1
H5,604,2017,390130,      0.00,      0.00,      0.00,      0.00,0,1,0,0,1,1
H5,604,2017,390140,      0.00,      0.00,      0.00,      0.00,0,1,0,0,1,1
H5,604,2017,390190,      0.00,      0.00,      0.00,      0.00,0,2,0,0,2,2
H5,604,2017,390210,      0.00,      0.00,      0.00,      0.00,0,1,0,0,1,1
H5,604,2017,390220,      0.00,      0.00,      0.00,      0.00,0,1,0,0,1,1
H5,604,2017,390230,      0.00,      0.00,      0.00,      0.00,0,1,0,0,1,1
H5,604,2017,390290,      0.00,      0.00,      0.00,      0.00,0,1,0,0,1,1
H5,604,2017,390311,      0.00,      0.00,      0.00,      0.00,0,1,0,0,1,1
H5,604,2017,390319,      0.00,      0.00,      0.00,      0.00,0,1,0,0,1,1
H5,604,2017,390320,      0.00,      0.00,      0.00,      0.00,0,1,0,0,1,1
H5,604,2017,390330,      0.00,      0.00,      0.00,      0.00,0,1,0,0,1,1
H5,604,2017,390390,      0.00,      0.00,      0.00,      0.00,0,1,0,0,1,1
H5,604,2017,390410,      0.00,      0.00,      0.00,      0.00,0,3,0,0,3,3
H5,604,2017,390421,      6.00,      6.00,      6.00,      6.00,0,0,0,1,1,1
H5,604,2017,390422,      0.00,      0.00,      0.00,      0.00,0,1,0,0,1,1
H5,604,2017,390430,      0.00,      0.00,      0.00,      0.00,0,2,0,0,2,2
H5,604,2017,390440,      0.00,      0.00,      0.00,      0.00,0,1,0,0,1,1
H5,604,2017,390450,      0.00,      0.00,      0.00,      0.00,0,1,0,0,1,1
H5,604,2017,390461,      0.00,      0.00,      0.00,      0.00,0,1,0,0,1,1
H5,604,2017,390469,      0.00,      0.00,      0.00,      0.00,0,1,0,0,1,1
H5,604,2017,390490,      0.00,      0.00,      0.00,      0.00,0,1,0,0,1,1
H5,604,2017,390512,      6.00,      6.00,      6.00,      6.00,0,0,0,1,1,1
H5,604,2017,390519,      0.00,      0.00,      0.00,      0.00,0,1,0,0,1,1
H5,604,2017,390521,      6.00,      6.00,      6.00,      6.00,0,0,0,1,1,1
H5,604,2017,390529,      0.00,      0.00,      0.00,      0.00,0,1,0,0,1,1
H5,604,2017,390530,      0.00,      0.00,      0.00,      0.00,0,1,0,0,1,1
H5,604,2017,390591,      0.00,      0.00,      0.00,      0.00,0,1,0,0,1,1
H5,604,2017,390599,      0.00,      0.00,      0.00,      0.00,0,3,0,0,3,3
H5,604,2017,390610,      0.00,      0.00,      0.00,      0.00,0,1,0,0,1,1
H5,604,2017,390690,     18.00,      0.00,      6.00,      4.50,0,1,0,3,4,4
H5,604,2017,390710,      0.00,      0.00,      0.00,      0.00,0,1,0,0,1,1
H5,604,2017,390720,      0.00,      0.00,      0.00,      0.00,0,4,0,0,4,4
H5,604,2017,390730,      0.00,      0.00,      0.00,      0.00,0,2,0,0,2,2
H5,604,2017,390740,      0.00,      0.00,      0.00,      0.00,0,1,0,0,1,1
H5,604,2017,390750,      6.00,      6.00,      6.00,      6.00,0,0,0,1,1,1
H5,604,2017,390761,      0.00,      0.00,      0.00,      0.00,0,2,0,0,2,2
H5,604,2017,390769,      0.00,      0.00,      0.00,      0.00,0,2,0,0,2,2
H5,604,2017,390770,      0.00,      0.00,      0.00,      0.00,0,1,0,0,1,1
H5,604,2017,390791,      0.00,      0.00,      0.00,      0.00,0,1,0,0,1,1
H5,604,2017,390799,      0.00,      0.00,      0.00,      0.00,0,1,0,0,1,1
H5,604,2017,390810,      0.00,      0.00,      0.00,      0.00,0,2,0,0,2,2
H5,604,2017,390890,      6.00,      6.00,      6.00,      6.00,0,0,0,1,1,1
H5,604,2017,390910,      0.00,      0.00,      0.00,      0.00,0,2,0,0,2,2
H5,604,2017,390920,      0.00,      0.00,      0.00,      0.00,0,2,0,0,2,2
H5,604,2017,390931,      6.00,      6.00,      6.00,      6.00,0,0,0,1,1,1
H5,604,2017,390939,      6.00,      6.00,      6.00,      6.00,0,0,0,1,1,1
H5,604,2017,390940,      0.00,      0.00,      0.00,      0.00,0,1,0,0,1,1
H5,604,2017,390950,      6.00,      6.00,      6.00,      6.00,0,0,0,1,1,1
H5,604,2017,391000,      0.00,      0.00,      0.00,      0.00,0,2,0,0,2,2
H5,604,2017,391110,      0.00,      0.00,      0.00,      0.00,0,2,0,0,2,2
H5,604,2017,391190,      0.00,      0.00,      0.00,      0.00,0,1,0,0,1,1
H5,604,2017,391211,      0.00,      0.00,      0.00,      0.00,0,1,0,0,1,1
H5,604,2017,391212,      0.00,      0.00,      0.00,      0.00,0,1,0,0,1,1
H5,604,2017,391220,      0.00,      0.00,      0.00,      0.00,0,2,0,0,2,2
H5,604,2017,391231,      0.00,      0.00,      0.00,      0.00,0,1,0,0,1,1
H5,604,2017,391239,      0.00,      0.00,      0.00,      0.00,0,2,0,0,2,2
H5,604,2017,391290,      0.00,      0.00,      0.00,      0.00,0,1,0,0,1,1
H5,604,2017,391310,      0.00,      0.00,      0.00,      0.00,0,1,0,0,1,1
H5,604,2017,391390,      0.00,      0.00,      0.00,      0.00,0,4,0,0,4,4
H5,604,2017,391400,      0.00,      0.00,      0.00,      0.00,0,1,0,0,1,1
H5,604,2017,391510,      6.00,      6.00,      6.00,      6.00,0,0,0,1,1,1
H5,604,2017,391520,      6.00,      6.00,      6.00,      6.00,0,0,0,1,1,1
H5,604,2017,391530,      6.00,      6.00,      6.00,      6.00,0,0,0,1,1,1
H5,604,2017,391590,      0.00,      0.00,      0.00,      0.00,0,1,0,0,1,1
H5,604,2017,391610,      6.00,      6.00,      6.00,      6.00,0,0,0,1,1,1
H5,604,2017,391620,      6.00,      6.00,      6.00,      6.00,0,0,0,1,1,1
H5,604,2017,391690,      6.00,      6.00,      6.00,      6.00,0,0,0,1,1,1
H5,604,2017,391710,      0.00,      0.00,      0.00,      0.00,0,1,0,0,1,1
H5,604,2017,391721,      0.00,      0.00,      0.00,      0.00,0,2,0,0,2,2
H5,604,2017,391722,      0.00,      0.00,      0.00,      0.00,0,1,0,0,1,1
H5,604,2017,391723,      0.00,      0.00,      0.00,      0.00,0,2,0,0,2,2
H5,604,2017,391729,      0.00,      0.00,      0.00,      0.00,0,3,0,0,3,3
H5,604,2017,391731,      0.00,      0.00,      0.00,      0.00,0,1,0,0,1,1
H5,604,2017,391732,      6.00,      0.00,      6.00,      2.00,0,2,0,1,3,3
H5,604,2017,391733,      0.00,      0.00,      0.00,      0.00,0,2,0,0,2,2
H5,604,2017,391739,      0.00,      0.00,      0.00,      0.00,0,2,0,0,2,2
H5,604,2017,391740,      0.00,      0.00,      0.00,      0.00,0,1,0,0,1,1
H5,604,2017,391810,      0.00,      0.00,      0.00,      0.00,0,2,0,0,2,2
H5,604,2017,391890,      0.00,      0.00,      0.00,      0.00,0,2,0,0,2,2
H5,604,2017,391910,      6.00,      6.00,      6.00,      6.00,0,0,0,1,1,1
H5,604,2017,391990,     18.00,      6.00,      6.00,      6.00,0,0,0,3,3,3
H5,604,2017,392010,      6.00,      6.00,      6.00,      6.00,0,0,0,1,1,1
H5,604,2017,392020,     12.00,      6.00,      6.00,      6.00,0,0,0,2,2,2
H5,604,2017,392030,      6.00,      0.00,      6.00,      3.00,0,1,0,1,2,2
H5,604,2017,392043,      6.00,      6.00,      6.00,      6.00,0,0,0,1,1,1
H5,604,2017,392049,      6.00,      6.00,      6.00,      6.00,0,0,0,1,1,1
H5,604,2017,392051,      6.00,      6.00,      6.00,      6.00,0,0,0,1,1,1
H5,604,2017,392059,      6.00,      6.00,      6.00,      6.00,0,0,0,1,1,1
H5,604,2017,392061,      0.00,      0.00,      0.00,      0.00,0,1,0,0,1,1
H5,604,2017,392062,      0.00,      0.00,      0.00,      0.00,0,1,0,0,1,1
H5,604,2017,392063,      6.00,      6.00,      6.00,      6.00,0,0,0,1,1,1
H5,604,2017,392069,      0.00,      0.00,      0.00,      0.00,0,1,0,0,1,1
H5,604,2017,392071,      0.00,      0.00,      0.00,      0.00,0,1,0,0,1,1
H5,604,2017,392073,      0.00,      0.00,      0.00,      0.00,0,1,0,0,1,1
H5,604,2017,392079,      0.00,      0.00,      0.00,      0.00,0,1,0,0,1,1
H5,604,2017,392091,      6.00,      0.00,      6.00,      3.00,0,1,0,1,2,2
H5,604,2017,392092,      0.00,      0.00,      0.00,      0.00,0,1,0,0,1,1
H5,604,2017,392093,      0.00,      0.00,      0.00,      0.00,0,1,0,0,1,1
H5,604,2017,392094,      0.00,      0.00,      0.00,      0.00,0,1,0,0,1,1
H5,604,2017,392099,      0.00,      0.00,      0.00,      0.00,0,1,0,0,1,1
H5,604,2017,392111,      6.00,      6.00,      6.00,      6.00,0,0,0,1,1,1
H5,604,2017,392112,      6.00,      6.00,      6.00,      6.00,0,0,0,1,1,1
H5,604,2017,392113,      6.00,      6.00,      6.00,      6.00,0,0,0,1,1,1
H5,604,2017,392114,      0.00,      0.00,      0.00,      0.00,0,1,0,0,1,1
H5,604,2017,392119,     12.00,      6.00,      6.00,      6.00,0,0,0,2,2,2
H5,604,2017,392190,     12.00,      6.00,      6.00,      6.00,0,0,0,2,2,2
H5,604,2017,392210,      6.00,      0.00,      6.00,      3.00,0,1,0,1,2,2
H5,604,2017,392220,      0.00,      0.00,      0.00,      0.00,0,1,0,0,1,1
H5,604,2017,392290,      0.00,      0.00,      0.00,      0.00,0,1,0,0,1,1
H5,604,2017,392310,     12.00,      6.00,      6.00,      6.00,0,0,0,2,2,2
H5,604,2017,392321,      6.00,      6.00,      6.00,      6.00,0,0,0,1,1,1
H5,604,2017,392329,     18.00,      6.00,      6.00,      6.00,0,0,0,3,3,3
H5,604,2017,392330,     18.00,      6.00,      6.00,      6.00,0,0,0,3,3,3
H5,604,2017,392340,     12.00,      6.00,      6.00,      6.00,0,0,0,2,2,2
H5,604,2017,392350,     12.00,      6.00,      6.00,      6.00,0,0,0,2,2,2
H5,604,2017,392390,      6.00,      6.00,      6.00,      6.00,0,0,0,1,1,1
H5,604,2017,392410,     12.00,      6.00,      6.00,      6.00,0,0,0,2,2,2
H5,604,2017,392490,      6.00,      6.00,      6.00,      6.00,0,0,0,1,1,1
H5,604,2017,392510,      0.00,      0.00,      0.00,      0.00,0,1,0,0,1,1
H5,604,2017,392520,      0.00,      0.00,      0.00,      0.00,0,1,0,0,1,1
H5,604,2017,392530,      0.00,      0.00,      0.00,      0.00,0,1,0,0,1,1
H5,604,2017,392590,      6.00,      6.00,      6.00,      6.00,0,0,0,1,1,1
H5,604,2017,392610,      6.00,      6.00,      6.00,      6.00,0,0,0,1,1,1
H5,604,2017,392620,      6.00,      6.00,      6.00,      6.00,0,0,0,1,1,1
H5,604,2017,392630,      6.00,      6.00,      6.00,      6.00,0,0,0,1,1,1
H5,604,2017,392640,      6.00,      6.00,      6.00,      6.00,0,0,0,1,1,1
H5,604,2017,392690,     48.00,      6.00,      6.00,      6.00,0,0,0,8,8,8
H5,604,2017,400110,      0.00,      0.00,      0.00,      0.00,0,1,0,0,1,1
H5,604,2017,400121,      0.00,      0.00,      0.00,      0.00,0,1,0,0,1,1
H5,604,2017,400122,      0.00,      0.00,      0.00,      0.00,0,1,0,0,1,1
H5,604,2017,400129,      0.00,      0.00,      0.00,      0.00,0,3,0,0,3,3
H5,604,2017,400130,      0.00,      0.00,      0.00,      0.00,0,1,0,0,1,1
H5,604,2017,400211,      0.00,      0.00,      0.00,      0.00,0,2,0,0,2,2
H5,604,2017,400219,      0.00,      0.00,      0.00,      0.00,0,4,0,0,4,4
H5,604,2017,400220,      0.00,      0.00,      0.00,      0.00,0,3,0,0,3,3
H5,604,2017,400231,      0.00,      0.00,      0.00,      0.00,0,3,0,0,3,3
H5,604,2017,400239,      0.00,      0.00,      0.00,      0.00,0,3,0,0,3,3
H5,604,2017,400241,      0.00,      0.00,      0.00,      0.00,0,1,0,0,1,1
H5,604,2017,400249,      0.00,      0.00,      0.00,      0.00,0,2,0,0,2,2
H5,604,2017,400251,      0.00,      0.00,      0.00,      0.00,0,1,0,0,1,1
H5,604,2017,400259,      0.00,      0.00,      0.00,      0.00,0,2,0,0,2,2
H5,604,2017,400260,      0.00,      0.00,      0.00,      0.00,0,3,0,0,3,3
H5,604,2017,400270,      0.00,      0.00,      0.00,      0.00,0,3,0,0,3,3
H5,604,2017,400280,      0.00,      0.00,      0.00,      0.00,0,1,0,0,1,1
H5,604,2017,400291,      0.00,      0.00,      0.00,      0.00,0,1,0,0,1,1
H5,604,2017,400299,      0.00,      0.00,      0.00,      0.00,0,3,0,0,3,3
H5,604,2017,400300,      0.00,      0.00,      0.00,      0.00,0,1,0,0,1,1
H5,604,2017,400400,      0.00,      0.00,      0.00,      0.00,0,1,0,0,1,1
H5,604,2017,400510,      0.00,      0.00,      0.00,      0.00,0,1,0,0,1,1
H5,604,2017,400520,      0.00,      0.00,      0.00,      0.00,0,2,0,0,2,2
H5,604,2017,400591,      0.00,      0.00,      0.00,      0.00,0,2,0,0,2,2
H5,604,2017,400599,      0.00,      0.00,      0.00,      0.00,0,2,0,0,2,2
H5,604,2017,400610,      0.00,      0.00,      0.00,      0.00,0,1,0,0,1,1
H5,604,2017,400690,      0.00,      0.00,      0.00,      0.00,0,1,0,0,1,1
H5,604,2017,400700,      0.00,      0.00,      0.00,      0.00,0,1,0,0,1,1
H5,604,2017,400811,      0.00,      0.00,      0.00,      0.00,0,2,0,0,2,2
H5,604,2017,400819,      0.00,      0.00,      0.00,      0.00,0,1,0,0,1,1
H5,604,2017,400821,      0.00,      0.00,      0.00,      0.00,0,3,0,0,3,3
H5,604,2017,400829,      0.00,      0.00,      0.00,      0.00,0,1,0,0,1,1
H5,604,2017,400911,      0.00,      0.00,      0.00,      0.00,0,1,0,0,1,1
H5,604,2017,400912,      0.00,      0.00,      0.00,      0.00,0,1,0,0,1,1
H5,604,2017,400921,      0.00,      0.00,      0.00,      0.00,0,1,0,0,1,1
H5,604,2017,400922,      0.00,      0.00,      0.00,      0.00,0,1,0,0,1,1
H5,604,2017,400931,      0.00,      0.00,      0.00,      0.00,0,1,0,0,1,1
H5,604,2017,400932,      0.00,      0.00,      0.00,      0.00,0,1,0,0,1,1
H5,604,2017,400941,      0.00,      0.00,      0.00,      0.00,0,1,0,0,1,1
H5,604,2017,400942,      0.00,      0.00,      0.00,      0.00,0,1,0,0,1,1
H5,604,2017,401011,      0.00,      0.00,      0.00,      0.00,0,1,0,0,1,1
H5,604,2017,401012,      0.00,      0.00,      0.00,      0.00,0,1,0,0,1,1
H5,604,2017,401019,      0.00,      0.00,      0.00,      0.00,0,2,0,0,2,2
H5,604,2017,401031,      0.00,      0.00,      0.00,      0.00,0,1,0,0,1,1
H5,604,2017,401032,      0.00,      0.00,      0.00,      0.00,0,1,0,0,1,1
H5,604,2017,401033,      0.00,      0.00,      0.00,      0.00,0,1,0,0,1,1
H5,604,2017,401034,      0.00,      0.00,      0.00,      0.00,0,1,0,0,1,1
H5,604,2017,401035,      0.00,      0.00,      0.00,      0.00,0,1,0,0,1,1
H5,604,2017,401036,      0.00,      0.00,      0.00,      0.00,0,1,0,0,1,1
H5,604,2017,401039,      0.00,      0.00,      0.00,      0.00,0,1,0,0,1,1
H5,604,2017,401110,      0.00,      0.00,      0.00,      0.00,0,2,0,0,2,2
H5,604,2017,401120,      0.00,      0.00,      0.00,      0.00,0,2,0,0,2,2
H5,604,2017,401130,      0.00,      0.00,      0.00,      0.00,0,1,0,0,1,1
H5,604,2017,401140,      0.00,      0.00,      0.00,      0.00,0,1,0,0,1,1
H5,604,2017,401150,      0.00,      0.00,      0.00,      0.00,0,1,0,0,1,1
H5,604,2017,401170,      0.00,      0.00,      0.00,      0.00,0,1,0,0,1,1
H5,604,2017,401180,      0.00,      0.00,      0.00,      0.00,0,1,0,0,1,1
H5,604,2017,401190,      0.00,      0.00,      0.00,      0.00,0,1,0,0,1,1
H5,604,2017,401211,      0.00,      0.00,      0.00,      0.00,0,1,0,0,1,1
H5,604,2017,401212,      0.00,      0.00,      0.00,      0.00,0,1,0,0,1,1
H5,604,2017,401213,      0.00,      0.00,      0.00,      0.00,0,1,0,0,1,1
H5,604,2017,401219,      0.00,      0.00,      0.00,      0.00,0,1,0,0,1,1
H5,604,2017,401220,      0.00,      0.00,      0.00,      0.00,0,1,0,0,1,1
H5,604,2017,401290,      0.00,      0.00,      0.00,      0.00,0,5,0,0,5,5
H5,604,2017,401310,      0.00,      0.00,      0.00,      0.00,0,1,0,0,1,1
H5,604,2017,401320,      0.00,      0.00,      0.00,      0.00,0,1,0,0,1,1
H5,604,2017,401390,      0.00,      0.00,      0.00,      0.00,0,1,0,0,1,1
H5,604,2017,401410,      6.00,      6.00,      6.00,      6.00,0,0,0,1,1,1
H5,604,2017,401490,      6.00,      6.00,      6.00,      6.00,0,0,0,1,1,1
H5,604,2017,401511,      6.00,      6.00,      6.00,      6.00,0,0,0,1,1,1
H5,604,2017,401519,     12.00,      6.00,      6.00,      6.00,0,0,0,2,2,2
H5,604,2017,401590,     18.00,      6.00,      6.00,      6.00,0,0,0,3,3,3
H5,604,2017,401610,      6.00,      6.00,      6.00,      6.00,0,0,0,1,1,1
H5,604,2017,401691,      6.00,      6.00,      6.00,      6.00,0,0,0,1,1,1
H5,604,2017,401692,      6.00,      6.00,      6.00,      6.00,0,0,0,1,1,1
H5,604,2017,401693,      6.00,      6.00,      6.00,      6.00,0,0,0,1,1,1
H5,604,2017,401694,      6.00,      6.00,      6.00,      6.00,0,0,0,1,1,1
H5,604,2017,401695,     18.00,      6.00,      6.00,      6.00,0,0,0,3,3,3
H5,604,2017,401699,     30.00,      0.00,      6.00,      4.29,0,2,0,5,7,7
H5,604,2017,401700,      0.00,      0.00,      0.00,      0.00,0,1,0,0,1,1
H5,604,2017,410120,      0.00,      0.00,      0.00,      0.00,0,1,0,0,1,1
H5,604,2017,410150,      0.00,      0.00,      0.00,      0.00,0,1,0,0,1,1
H5,604,2017,410190,      0.00,      0.00,      0.00,      0.00,0,1,0,0,1,1
H5,604,2017,410210,      0.00,      0.00,      0.00,      0.00,0,1,0,0,1,1
H5,604,2017,410221,      0.00,      0.00,      0.00,      0.00,0,1,0,0,1,1
H5,604,2017,410229,      0.00,      0.00,      0.00,      0.00,0,1,0,0,1,1
H5,604,2017,410320,      0.00,      0.00,      0.00,      0.00,0,1,0,0,1,1
H5,604,2017,410330,      0.00,      0.00,      0.00,      0.00,0,1,0,0,1,1
H5,604,2017,410390,      0.00,      0.00,      0.00,      0.00,0,1,0,0,1,1
H5,604,2017,410411,      0.00,      0.00,      0.00,      0.00,0,1,0,0,1,1
H5,604,2017,410419,      0.00,      0.00,      0.00,      0.00,0,1,0,0,1,1
H5,604,2017,410441,      0.00,      0.00,      0.00,      0.00,0,1,0,0,1,1
H5,604,2017,410449,      0.00,      0.00,      0.00,      0.00,0,1,0,0,1,1
H5,604,2017,410510,      0.00,      0.00,      0.00,      0.00,0,1,0,0,1,1
H5,604,2017,410530,      0.00,      0.00,      0.00,      0.00,0,1,0,0,1,1
H5,604,2017,410621,      0.00,      0.00,      0.00,      0.00,0,1,0,0,1,1
H5,604,2017,410622,      0.00,      0.00,      0.00,      0.00,0,1,0,0,1,1
H5,604,2017,410631,      0.00,      0.00,      0.00,      0.00,0,1,0,0,1,1
H5,604,2017,410632,      0.00,      0.00,      0.00,      0.00,0,1,0,0,1,1
H5,604,2017,410640,      0.00,      0.00,      0.00,      0.00,0,1,0,0,1,1
H5,604,2017,410691,      0.00,      0.00,      0.00,      0.00,0,1,0,0,1,1
H5,604,2017,410692,      0.00,      0.00,      0.00,      0.00,0,1,0,0,1,1
H5,604,2017,410711,      0.00,      0.00,      0.00,      0.00,0,1,0,0,1,1
H5,604,2017,410712,      0.00,      0.00,      0.00,      0.00,0,1,0,0,1,1
H5,604,2017,410719,      0.00,      0.00,      0.00,      0.00,0,1,0,0,1,1
H5,604,2017,410791,      0.00,      0.00,      0.00,      0.00,0,1,0,0,1,1
H5,604,2017,410792,      0.00,      0.00,      0.00,      0.00,0,1,0,0,1,1
H5,604,2017,410799,      0.00,      0.00,      0.00,      0.00,0,1,0,0,1,1
H5,604,2017,411200,      0.00,      0.00,      0.00,      0.00,0,1,0,0,1,1
H5,604,2017,411310,      0.00,      0.00,      0.00,      0.00,0,1,0,0,1,1
H5,604,2017,411320,      0.00,      0.00,      0.00,      0.00,0,1,0,0,1,1
H5,604,2017,411330,      0.00,      0.00,      0.00,      0.00,0,1,0,0,1,1
H5,604,2017,411390,      0.00,      0.00,      0.00,      0.00,0,1,0,0,1,1
H5,604,2017,411410,      0.00,      0.00,      0.00,      0.00,0,1,0,0,1,1
H5,604,2017,411420,      0.00,      0.00,      0.00,      0.00,0,1,0,0,1,1
H5,604,2017,411510,      0.00,      0.00,      0.00,      0.00,0,1,0,0,1,1
H5,604,2017,411520,      0.00,      0.00,      0.00,      0.00,0,1,0,0,1,1
H5,604,2017,420100,      0.00,      0.00,      0.00,      0.00,0,1,0,0,1,1
H5,604,2017,420211,     12.00,      6.00,      6.00,      6.00,0,0,0,2,2,2
H5,604,2017,420212,     12.00,      6.00,      6.00,      6.00,0,0,0,2,2,2
H5,604,2017,420219,      6.00,      6.00,      6.00,      6.00,0,0,0,1,1,1
H5,604,2017,420221,      6.00,      6.00,      6.00,      6.00,0,0,0,1,1,1
H5,604,2017,420222,      6.00,      6.00,      6.00,      6.00,0,0,0,1,1,1
H5,604,2017,420229,      6.00,      6.00,      6.00,      6.00,0,0,0,1,1,1
H5,604,2017,420231,      6.00,      6.00,      6.00,      6.00,0,0,0,1,1,1
H5,604,2017,420232,      6.00,      6.00,      6.00,      6.00,0,0,0,1,1,1
H5,604,2017,420239,      6.00,      6.00,      6.00,      6.00,0,0,0,1,1,1
H5,604,2017,420291,     12.00,      6.00,      6.00,      6.00,0,0,0,2,2,2
H5,604,2017,420292,      6.00,      6.00,      6.00,      6.00,0,0,0,1,1,1
H5,604,2017,420299,     12.00,      6.00,      6.00,      6.00,0,0,0,2,2,2
H5,604,2017,420310,      6.00,      6.00,      6.00,      6.00,0,0,0,1,1,1
H5,604,2017,420321,      6.00,      6.00,      6.00,      6.00,0,0,0,1,1,1
H5,604,2017,420329,      6.00,      6.00,      6.00,      6.00,0,0,0,1,1,1
H5,604,2017,420330,      6.00,      6.00,      6.00,      6.00,0,0,0,1,1,1
H5,604,2017,420340,      6.00,      6.00,      6.00,      6.00,0,0,0,1,1,1
H5,604,2017,420500,      6.00,      0.00,      6.00,      2.00,0,2,0,1,3,3
H5,604,2017,420600,      0.00,      0.00,      0.00,      0.00,0,3,0,0,3,3
H5,604,2017,430110,      0.00,      0.00,      0.00,      0.00,0,1,0,0,1,1
H5,604,2017,430130,      0.00,      0.00,      0.00,      0.00,0,1,0,0,1,1
H5,604,2017,430160,      0.00,      0.00,      0.00,      0.00,0,1,0,0,1,1
H5,604,2017,430180,      0.00,      0.00,      0.00,      0.00,0,1,0,0,1,1
H5,604,2017,430190,      0.00,      0.00,      0.00,      0.00,0,1,0,0,1,1
H5,604,2017,430211,      0.00,      0.00,      0.00,      0.00,0,1,0,0,1,1
H5,604,2017,430219,      0.00,      0.00,      0.00,      0.00,0,1,0,0,1,1
H5,604,2017,430220,      0.00,      0.00,      0.00,      0.00,0,1,0,0,1,1
H5,604,2017,430230,      0.00,      0.00,      0.00,      0.00,0,1,0,0,1,1
H5,604,2017,430310,     12.00,      6.00,      6.00,      6.00,0,0,0,2,2,2
H5,604,2017,430390,     12.00,      6.00,      6.00,      6.00,0,0,0,2,2,2
H5,604,2017,430400,      6.00,      6.00,      6.00,      6.00,0,0,0,1,1,1
H5,604,2017,440111,      6.00,      6.00,      6.00,      6.00,0,0,0,1,1,1
H5,604,2017,440112,      6.00,      6.00,      6.00,      6.00,0,0,0,1,1,1
H5,604,2017,440121,      0.00,      0.00,      0.00,      0.00,0,1,0,0,1,1
H5,604,2017,440122,      0.00,      0.00,      0.00,      0.00,0,1,0,0,1,1
H5,604,2017,440131,      6.00,      6.00,      6.00,      6.00,0,0,0,1,1,1
H5,604,2017,440139,      6.00,      6.00,      6.00,      6.00,0,0,0,1,1,1
H5,604,2017,440140,      6.00,      6.00,      6.00,      6.00,0,0,0,1,1,1
H5,604,2017,440210,      0.00,      0.00,      0.00,      0.00,0,1,0,0,1,1
H5,604,2017,440290,      0.00,      0.00,      0.00,      0.00,0,1,0,0,1,1
H5,604,2017,440311,      0.00,      0.00,      0.00,      0.00,0,1,0,0,1,1
H5,604,2017,440312,      0.00,      0.00,      0.00,      0.00,0,1,0,0,1,1
H5,604,2017,440321,      0.00,      0.00,      0.00,      0.00,0,1,0,0,1,1
H5,604,2017,440322,      0.00,      0.00,      0.00,      0.00,0,1,0,0,1,1
H5,604,2017,440323,      0.00,      0.00,      0.00,      0.00,0,1,0,0,1,1
H5,604,2017,440324,      0.00,      0.00,      0.00,      0.00,0,1,0,0,1,1
H5,604,2017,440325,      0.00,      0.00,      0.00,      0.00,0,1,0,0,1,1
H5,604,2017,440326,      0.00,      0.00,      0.00,      0.00,0,1,0,0,1,1
H5,604,2017,440341,      0.00,      0.00,      0.00,      0.00,0,1,0,0,1,1
H5,604,2017,440349,      0.00,      0.00,      0.00,      0.00,0,2,0,0,2,2
H5,604,2017,440391,      0.00,      0.00,      0.00,      0.00,0,1,0,0,1,1
H5,604,2017,440393,      0.00,      0.00,      0.00,      0.00,0,1,0,0,1,1
H5,604,2017,440394,      0.00,      0.00,      0.00,      0.00,0,1,0,0,1,1
H5,604,2017,440395,      0.00,      0.00,      0.00,      0.00,0,1,0,0,1,1
H5,604,2017,440396,      0.00,      0.00,      0.00,      0.00,0,1,0,0,1,1
H5,604,2017,440397,      0.00,      0.00,      0.00,      0.00,0,1,0,0,1,1
H5,604,2017,440398,      0.00,      0.00,      0.00,      0.00,0,1,0,0,1,1
H5,604,2017,440399,      0.00,      0.00,      0.00,      0.00,0,1,0,0,1,1
H5,604,2017,440410,      0.00,      0.00,      0.00,      0.00,0,1,0,0,1,1
H5,604,2017,440420,      0.00,      0.00,      0.00,      0.00,0,1,0,0,1,1
H5,604,2017,440500,      0.00,      0.00,      0.00,      0.00,0,1,0,0,1,1
H5,604,2017,440611,      0.00,      0.00,      0.00,      0.00,0,1,0,0,1,1
H5,604,2017,440612,      0.00,      0.00,      0.00,      0.00,0,1,0,0,1,1
H5,604,2017,440691,      0.00,      0.00,      0.00,      0.00,0,1,0,0,1,1
H5,604,2017,440692,      0.00,      0.00,      0.00,      0.00,0,1,0,0,1,1
H5,604,2017,440711,      0.00,      0.00,      0.00,      0.00,0,2,0,0,2,2
H5,604,2017,440712,      0.00,      0.00,      0.00,      0.00,0,1,0,0,1,1
H5,604,2017,440719,      0.00,      0.00,      0.00,      0.00,0,2,0,0,2,2
H5,604,2017,440721,      0.00,      0.00,      0.00,      0.00,0,1,0,0,1,1
H5,604,2017,440722,      0.00,      0.00,      0.00,      0.00,0,1,0,0,1,1
H5,604,2017,440725,      0.00,      0.00,      0.00,      0.00,0,1,0,0,1,1
H5,604,2017,440726,      0.00,      0.00,      0.00,      0.00,0,1,0,0,1,1
H5,604,2017,440727,      0.00,      0.00,      0.00,      0.00,0,1,0,0,1,1
H5,604,2017,440728,      0.00,      0.00,      0.00,      0.00,0,1,0,0,1,1
H5,604,2017,440729,      0.00,      0.00,      0.00,      0.00,0,2,0,0,2,2
H5,604,2017,440791,      0.00,      0.00,      0.00,      0.00,0,1,0,0,1,1
H5,604,2017,440792,      0.00,      0.00,      0.00,      0.00,0,1,0,0,1,1
H5,604,2017,440793,      0.00,      0.00,      0.00,      0.00,0,1,0,0,1,1
H5,604,2017,440794,      0.00,      0.00,      0.00,      0.00,0,1,0,0,1,1
H5,604,2017,440795,      0.00,      0.00,      0.00,      0.00,0,1,0,0,1,1
H5,604,2017,440796,      0.00,      0.00,      0.00,      0.00,0,1,0,0,1,1
H5,604,2017,440797,      0.00,      0.00,      0.00,      0.00,0,1,0,0,1,1
H5,604,2017,440799,      0.00,      0.00,      0.00,      0.00,0,1,0,0,1,1
H5,604,2017,440810,      0.00,      0.00,      0.00,      0.00,0,2,0,0,2,2
H5,604,2017,440831,      0.00,      0.00,      0.00,      0.00,0,1,0,0,1,1
H5,604,2017,440839,      0.00,      0.00,      0.00,      0.00,0,2,0,0,2,2
H5,604,2017,440890,      0.00,      0.00,      0.00,      0.00,0,1,0,0,1,1
H5,604,2017,440910,      0.00,      0.00,      0.00,      0.00,0,3,0,0,3,3
H5,604,2017,440921,      0.00,      0.00,      0.00,      0.00,0,1,0,0,1,1
H5,604,2017,440922,     12.00,      0.00,      6.00,      2.00,0,4,0,2,6,6
H5,604,2017,440929,      6.00,      0.00,      6.00,      2.00,0,2,0,1,3,3
H5,604,2017,441011,      6.00,      6.00,      6.00,      6.00,0,0,0,1,1,1
H5,604,2017,441012,      6.00,      6.00,      6.00,      6.00,0,0,0,1,1,1
H5,604,2017,441019,      6.00,      6.00,      6.00,      6.00,0,0,0,1,1,1
H5,604,2017,441090,      6.00,      6.00,      6.00,      6.00,0,0,0,1,1,1
H5,604,2017,441112,      6.00,      6.00,      6.00,      6.00,0,0,0,1,1,1
H5,604,2017,441113,      6.00,      6.00,      6.00,      6.00,0,0,0,1,1,1
H5,604,2017,441114,      6.00,      6.00,      6.00,      6.00,0,0,0,1,1,1
H5,604,2017,441192,      6.00,      6.00,      6.00,      6.00,0,0,0,1,1,1
H5,604,2017,441193,      6.00,      6.00,      6.00,      6.00,0,0,0,1,1,1
H5,604,2017,441194,      6.00,      6.00,      6.00,      6.00,0,0,0,1,1,1
H5,604,2017,441210,      6.00,      6.00,      6.00,      6.00,0,0,0,1,1,1
H5,604,2017,441231,      6.00,      6.00,      6.00,      6.00,0,0,0,1,1,1
H5,604,2017,441233,      6.00,      6.00,      6.00,      6.00,0,0,0,1,1,1
H5,604,2017,441234,      6.00,      6.00,      6.00,      6.00,0,0,0,1,1,1
H5,604,2017,441239,      6.00,      6.00,      6.00,      6.00,0,0,0,1,1,1
H5,604,2017,441294,      6.00,      6.00,      6.00,      6.00,0,0,0,1,1,1
H5,604,2017,441299,      6.00,      6.00,      6.00,      6.00,0,0,0,1,1,1
H5,604,2017,441300,      6.00,      6.00,      6.00,      6.00,0,0,0,1,1,1
H5,604,2017,441400,      6.00,      6.00,      6.00,      6.00,0,0,0,1,1,1
H5,604,2017,441510,      6.00,      6.00,      6.00,      6.00,0,0,0,1,1,1
H5,604,2017,441520,      6.00,      6.00,      6.00,      6.00,0,0,0,1,1,1
H5,604,2017,441600,      0.00,      0.00,      0.00,      0.00,0,1,0,0,1,1
H5,604,2017,441700,      0.00,      0.00,      0.00,      0.00,0,2,0,0,2,2
H5,604,2017,441810,      0.00,      0.00,      0.00,      0.00,0,1,0,0,1,1
H5,604,2017,441820,      0.00,      0.00,      0.00,      0.00,0,1,0,0,1,1
H5,604,2017,441840,      0.00,      0.00,      0.00,      0.00,0,1,0,0,1,1
H5,604,2017,441850,      6.00,      6.00,      6.00,      6.00,0,0,0,1,1,1
H5,604,2017,441860,      0.00,      0.00,      0.00,      0.00,0,1,0,0,1,1
H5,604,2017,441873,      0.00,      0.00,      0.00,      0.00,0,1,0,0,1,1
H5,604,2017,441874,      0.00,      0.00,      0.00,      0.00,0,1,0,0,1,1
H5,604,2017,441875,      0.00,      0.00,      0.00,      0.00,0,1,0,0,1,1
H5,604,2017,441879,      0.00,      0.00,      0.00,      0.00,0,1,0,0,1,1
H5,604,2017,441891,      6.00,      0.00,      6.00,      3.00,0,1,0,1,2,2
H5,604,2017,441899,      6.00,      0.00,      6.00,      3.00,0,1,0,1,2,2
H5,604,2017,441911,      6.00,      6.00,      6.00,      6.00,0,0,0,1,1,1
H5,604,2017,441912,      6.00,      6.00,      6.00,      6.00,0,0,0,1,1,1
H5,604,2017,441919,      6.00,      6.00,      6.00,      6.00,0,0,0,1,1,1
H5,604,2017,441990,      6.00,      6.00,      6.00,      6.00,0,0,0,1,1,1
H5,604,2017,442010,      6.00,      6.00,      6.00,      6.00,0,0,0,1,1,1
H5,604,2017,442090,      6.00,      6.00,      6.00,      6.00,0,0,0,1,1,1
H5,604,2017,442110,      6.00,      6.00,      6.00,      6.00,0,0,0,1,1,1
H5,604,2017,442191,     18.00,      0.00,      6.00,      3.60,0,2,0,3,5,5
H5,604,2017,442199,     18.00,      0.00,      6.00,      3.60,0,2,0,3,5,5
H5,604,2017,450110,      0.00,      0.00,      0.00,      0.00,0,1,0,0,1,1
H5,604,2017,450190,      0.00,      0.00,      0.00,      0.00,0,1,0,0,1,1
H5,604,2017,450200,      0.00,      0.00,      0.00,      0.00,0,1,0,0,1,1
H5,604,2017,450310,      0.00,      0.00,      0.00,      0.00,0,1,0,0,1,1
H5,604,2017,450390,      0.00,      0.00,      0.00,      0.00,0,1,0,0,1,1
H5,604,2017,450410,      0.00,      0.00,      0.00,      0.00,0,1,0,0,1,1
H5,604,2017,450490,      0.00,      0.00,      0.00,      0.00,0,3,0,0,3,3
H5,604,2017,460121,      6.00,      6.00,      6.00,      6.00,0,0,0,1,1,1
H5,604,2017,460122,      6.00,      6.00,      6.00,      6.00,0,0,0,1,1,1
H5,604,2017,460129,      6.00,      6.00,      6.00,      6.00,0,0,0,1,1,1
H5,604,2017,460192,      6.00,      6.00,      6.00,      6.00,0,0,0,1,1,1
H5,604,2017,460193,      6.00,      6.00,      6.00,      6.00,0,0,0,1,1,1
H5,604,2017,460194,      6.00,      6.00,      6.00,      6.00,0,0,0,1,1,1
H5,604,2017,460199,      6.00,      6.00,      6.00,      6.00,0,0,0,1,1,1
H5,604,2017,460211,      6.00,      6.00,      6.00,      6.00,0,0,0,1,1,1
H5,604,2017,460212,      6.00,      6.00,      6.00,      6.00,0,0,0,1,1,1
H5,604,2017,460219,      6.00,      6.00,      6.00,      6.00,0,0,0,1,1,1
H5,604,2017,460290,      6.00,      6.00,      6.00,      6.00,0,0,0,1,1,1
H5,604,2017,470100,      0.00,      0.00,      0.00,      0.00,0,1,0,0,1,1
H5,604,2017,470200,      0.00,      0.00,      0.00,      0.00,0,1,0,0,1,1
H5,604,2017,470311,      0.00,      0.00,      0.00,      0.00,0,1,0,0,1,1
H5,604,2017,470319,      0.00,      0.00,      0.00,      0.00,0,1,0,0,1,1
H5,604,2017,470321,      0.00,      0.00,      0.00,      0.00,0,1,0,0,1,1
H5,604,2017,470329,      0.00,      0.00,      0.00,      0.00,0,1,0,0,1,1
H5,604,2017,470411,      0.00,      0.00,      0.00,      0.00,0,1,0,0,1,1
H5,604,2017,470419,      0.00,      0.00,      0.00,      0.00,0,1,0,0,1,1
H5,604,2017,470421,      0.00,      0.00,      0.00,      0.00,0,1,0,0,1,1
H5,604,2017,470429,      0.00,      0.00,      0.00,      0.00,0,1,0,0,1,1
H5,604,2017,470500,      0.00,      0.00,      0.00,      0.00,0,1,0,0,1,1
H5,604,2017,470610,      0.00,      0.00,      0.00,      0.00,0,1,0,0,1,1
H5,604,2017,470620,      0.00,      0.00,      0.00,      0.00,0,1,0,0,1,1
H5,604,2017,470630,      0.00,      0.00,      0.00,      0.00,0,3,0,0,3,3
H5,604,2017,470691,      0.00,      0.00,      0.00,      0.00,0,1,0,0,1,1
H5,604,2017,470692,      0.00,      0.00,      0.00,      0.00,0,1,0,0,1,1
H5,604,2017,470693,      0.00,      0.00,      0.00,      0.00,0,1,0,0,1,1
H5,604,2017,470710,      0.00,      0.00,      0.00,      0.00,0,1,0,0,1,1
H5,604,2017,470720,      0.00,      0.00,      0.00,      0.00,0,1,0,0,1,1
H5,604,2017,470730,      0.00,      0.00,      0.00,      0.00,0,1,0,0,1,1
H5,604,2017,470790,      0.00,      0.00,      0.00,      0.00,0,1,0,0,1,1
H5,604,2017,480100,      0.00,      0.00,      0.00,      0.00,0,1,0,0,1,1
H5,604,2017,480210,      0.00,      0.00,      0.00,      0.00,0,1,0,0,1,1
H5,604,2017,480220,      0.00,      0.00,      0.00,      0.00,0,2,0,0,2,2
H5,604,2017,480240,      0.00,      0.00,      0.00,      0.00,0,1,0,0,1,1
H5,604,2017,480254,      0.00,      0.00,      0.00,      0.00,0,2,0,0,2,2
H5,604,2017,480255,      0.00,      0.00,      0.00,      0.00,0,4,0,0,4,4
H5,604,2017,480256,      0.00,      0.00,      0.00,      0.00,0,4,0,0,4,4
H5,604,2017,480257,      6.00,      0.00,      6.00,      1.50,0,3,0,1,4,4
H5,604,2017,480258,     12.00,      0.00,      6.00,      3.00,0,2,0,2,4,4
H5,604,2017,480261,      0.00,      0.00,      0.00,      0.00,0,6,0,0,6,6
H5,604,2017,480262,      0.00,      0.00,      0.00,      0.00,0,4,0,0,4,4
H5,604,2017,480269,      0.00,      0.00,      0.00,      0.00,0,6,0,0,6,6
H5,604,2017,480300,      0.00,      0.00,      0.00,      0.00,0,2,0,0,2,2
H5,604,2017,480411,      6.00,      6.00,      6.00,      6.00,0,0,0,1,1,1
H5,604,2017,480419,      6.00,      6.00,      6.00,      6.00,0,0,0,1,1,1
H5,604,2017,480421,      6.00,      6.00,      6.00,      6.00,0,0,0,1,1,1
H5,604,2017,480429,      0.00,      0.00,      0.00,      0.00,0,1,0,0,1,1
H5,604,2017,480431,      0.00,      0.00,      0.00,      0.00,0,2,0,0,2,2
H5,604,2017,480439,      0.00,      0.00,      0.00,      0.00,0,1,0,0,1,1
H5,604,2017,480441,     12.00,      0.00,      6.00,      4.00,0,1,0,2,3,3
H5,604,2017,480442,      0.00,      0.00,      0.00,      0.00,0,1,0,0,1,1
H5,604,2017,480449,      0.00,      0.00,      0.00,      0.00,0,1,0,0,1,1
H5,604,2017,480451,     12.00,      6.00,      6.00,      6.00,0,0,0,2,2,2
H5,604,2017,480452,      0.00,      0.00,      0.00,      0.00,0,1,0,0,1,1
H5,604,2017,480459,      0.00,      0.00,      0.00,      0.00,0,1,0,0,1,1
H5,604,2017,480511,      6.00,      6.00,      6.00,      6.00,0,0,0,1,1,1
H5,604,2017,480512,      0.00,      0.00,      0.00,      0.00,0,2,0,0,2,2
H5,604,2017,480519,      6.00,      0.00,      6.00,      3.00,0,1,0,1,2,2
H5,604,2017,480524,      6.00,      6.00,      6.00,      6.00,0,0,0,1,1,1
H5,604,2017,480525,      6.00,      0.00,      6.00,      3.00,0,1,0,1,2,2
H5,604,2017,480530,      6.00,      6.00,      6.00,      6.00,0,0,0,1,1,1
H5,604,2017,480540,      0.00,      0.00,      0.00,      0.00,0,3,0,0,3,3
H5,604,2017,480550,      0.00,      0.00,      0.00,      0.00,0,1,0,0,1,1
H5,604,2017,480591,     12.00,      0.00,      6.00,      2.00,0,4,0,2,6,6
H5,604,2017,480592,     12.00,      0.00,      6.00,      4.00,0,1,0,2,3,3
H5,604,2017,480593,      0.00,      0.00,      0.00,      0.00,0,4,0,0,4,4
H5,604,2017,480610,      0.00,      0.00,      0.00,      0.00,0,1,0,0,1,1
H5,604,2017,480620,      0.00,      0.00,      0.00,      0.00,0,1,0,0,1,1
H5,604,2017,480630,      0.00,      0.00,      0.00,      0.00,0,1,0,0,1,1
H5,604,2017,480640,      0.00,      0.00,      0.00,      0.00,0,1,0,0,1,1
H5,604,2017,480700,      0.00,      0.00,      0.00,      0.00,0,1,0,0,1,1
H5,604,2017,480810,      6.00,      6.00,      6.00,      6.00,0,0,0,1,1,1
H5,604,2017,480840,      6.00,      6.00,      6.00,      6.00,0,0,0,1,1,1
H5,604,2017,480890,      6.00,      6.00,      6.00,      6.00,0,0,0,1,1,1
H5,604,2017,480920,      0.00,      0.00,      0.00,      0.00,0,1,0,0,1,1
H5,604,2017,480990,      0.00,      0.00,      0.00,      0.00,0,2,0,0,2,2
H5,604,2017,481013,      0.00,      0.00,      0.00,      0.00,0,3,0,0,3,3
H5,604,2017,481014,      0.00,      0.00,      0.00,      0.00,0,2,0,0,2,2
H5,604,2017,481019,      6.00,      6.00,      6.00,      6.00,0,0,0,1,1,1
H5,604,2017,481022,      0.00,      0.00,      0.00,      0.00,0,1,0,0,1,1
H5,604,2017,481029,      0.00,      0.00,      0.00,      0.00,0,1,0,0,1,1
H5,604,2017,481031,      0.00,      0.00,      0.00,      0.00,0,1,0,0,1,1
H5,604,2017,481032,      0.00,      0.00,      0.00,      0.00,0,1,0,0,1,1
H5,604,2017,481039,      0.00,      0.00,      0.00,      0.00,0,1,0,0,1,1
H5,604,2017,481092,      0.00,      0.00,      0.00,      0.00,0,1,0,0,1,1
H5,604,2017,481099,      0.00,      0.00,      0.00,      0.00,0,1,0,0,1,1
H5,604,2017,481110,      6.00,      0.00,      6.00,      2.00,0,2,0,1,3,3
H5,604,2017,481141,     12.00,      6.00,      6.00,      6.00,0,0,0,2,2,2
H5,604,2017,481149,     12.00,      6.00,      6.00,      6.00,0,0,0,2,2,2
H5,604,2017,481151,      6.00,      0.00,      6.00,      1.50,0,3,0,1,4,4
H5,604,2017,481159,     30.00,      0.00,      6.00,      3.33,0,4,0,5,9,9
H5,604,2017,481160,     12.00,      0.00,      6.00,      4.00,0,1,0,2,3,3
H5,604,2017,481190,     30.00,      0.00,      6.00,      4.29,0,2,0,5,7,7
H5,604,2017,481200,      0.00,      0.00,      0.00,      0.00,0,1,0,0,1,1
H5,604,2017,481310,      6.00,      6.00,      6.00,      6.00,0,0,0,1,1,1
H5,604,2017,481320,      0.00,      0.00,      0.00,      0.00,0,1,0,0,1,1
H5,604,2017,481390,      0.00,      0.00,      0.00,      0.00,0,1,0,0,1,1
H5,604,2017,481420,      0.00,      0.00,      0.00,      0.00,0,1,0,0,1,1
H5,604,2017,481490,      0.00,      0.00,      0.00,      0.00,0,2,0,0,2,2
H5,604,2017,481620,      6.00,      6.00,      6.00,      6.00,0,0,0,1,1,1
H5,604,2017,481690,      6.00,      6.00,      6.00,      6.00,0,0,0,1,1,1
H5,604,2017,481710,      6.00,      6.00,      6.00,      6.00,0,0,0,1,1,1
H5,604,2017,481720,      6.00,      6.00,      6.00,      6.00,0,0,0,1,1,1
H5,604,2017,481730,      6.00,      6.00,      6.00,      6.00,0,0,0,1,1,1
H5,604,2017,481810,      6.00,      6.00,      6.00,      6.00,0,0,0,1,1,1
H5,604,2017,481820,      6.00,      6.00,      6.00,      6.00,0,0,0,1,1,1
H5,604,2017,481830,      6.00,      6.00,      6.00,      6.00,0,0,0,1,1,1
H5,604,2017,481850,      6.00,      6.00,      6.00,      6.00,0,0,0,1,1,1
H5,604,2017,481890,      6.00,      6.00,      6.00,      6.00,0,0,0,1,1,1
H5,604,2017,481910,      6.00,      6.00,      6.00,      6.00,0,0,0,1,1,1
H5,604,2017,481920,      6.00,      6.00,      6.00,      6.00,0,0,0,1,1,1
H5,604,2017,481930,     12.00,      6.00,      6.00,      6.00,0,0,0,2,2,2
H5,604,2017,481940,      6.00,      6.00,      6.00,      6.00,0,0,0,1,1,1
H5,604,2017,481950,      6.00,      6.00,      6.00,      6.00,0,0,0,1,1,1
H5,604,2017,481960,      6.00,      6.00,      6.00,      6.00,0,0,0,1,1,1
H5,604,2017,482010,      6.00,      6.00,      6.00,      6.00,0,0,0,1,1,1
H5,604,2017,482020,      6.00,      6.00,      6.00,      6.00,0,0,0,1,1,1
H5,604,2017,482030,      6.00,      6.00,      6.00,      6.00,0,0,0,1,1,1
H5,604,2017,482040,     12.00,      6.00,      6.00,      6.00,0,0,0,2,2,2
H5,604,2017,482050,      6.00,      6.00,      6.00,      6.00,0,0,0,1,1,1
H5,604,2017,482090,     12.00,      6.00,      6.00,      6.00,0,0,0,2,2,2
H5,604,2017,482110,      6.00,      6.00,      6.00,      6.00,0,0,0,1,1,1
H5,604,2017,482190,      6.00,      6.00,      6.00,      6.00,0,0,0,1,1,1
H5,604,2017,482210,      6.00,      6.00,      6.00,      6.00,0,0,0,1,1,1
H5,604,2017,482290,      6.00,      6.00,      6.00,      6.00,0,0,0,1,1,1
H5,604,2017,482320,      0.00,      0.00,      0.00,      0.00,0,2,0,0,2,2
H5,604,2017,482340,      0.00,      0.00,      0.00,      0.00,0,1,0,0,1,1
H5,604,2017,482361,      6.00,      6.00,      6.00,      6.00,0,0,0,1,1,1
H5,604,2017,482369,      6.00,      6.00,      6.00,      6.00,0,0,0,1,1,1
H5,604,2017,482370,      6.00,      6.00,      6.00,      6.00,0,0,0,1,1,1
H5,604,2017,482390,     12.00,      0.00,      6.00,      0.92,0,11,0,2,13,13
H5,604,2017,490110,      0.00,      0.00,      0.00,      0.00,0,2,0,0,2,2
H5,604,2017,490191,      0.00,      0.00,      0.00,      0.00,0,1,0,0,1,1
H5,604,2017,490199,      0.00,      0.00,      0.00,      0.00,0,2,0,0,2,2
H5,604,2017,490210,      0.00,      0.00,      0.00,      0.00,0,1,0,0,1,1
H5,604,2017,490290,      0.00,      0.00,      0.00,      0.00,0,2,0,0,2,2
H5,604,2017,490300,      0.00,      0.00,      0.00,      0.00,0,1,0,0,1,1
H5,604,2017,490400,      0.00,      0.00,      0.00,      0.00,0,1,0,0,1,1
H5,604,2017,490510,      6.00,      6.00,      6.00,      6.00,0,0,0,1,1,1
H5,604,2017,490591,      6.00,      6.00,      6.00,      6.00,0,0,0,1,1,1
H5,604,2017,490599,      6.00,      6.00,      6.00,      6.00,0,0,0,1,1,1
H5,604,2017,490600,      0.00,      0.00,      0.00,      0.00,0,1,0,0,1,1
H5,604,2017,490700,     18.00,      0.00,      6.00,      4.50,0,1,0,3,4,4
H5,604,2017,490810,      6.00,      6.00,      6.00,      6.00,0,0,0,1,1,1
H5,604,2017,490890,      6.00,      0.00,      6.00,      3.00,0,1,0,1,2,2
H5,604,2017,490900,      6.00,      6.00,      6.00,      6.00,0,0,0,1,1,1
H5,604,2017,491000,      6.00,      6.00,      6.00,      6.00,0,0,0,1,1,1
H5,604,2017,491110,      6.00,      6.00,      6.00,      6.00,0,0,0,1,1,1
H5,604,2017,491191,      6.00,      6.00,      6.00,      6.00,0,0,0,1,1,1
H5,604,2017,491199,      6.00,      6.00,      6.00,      6.00,0,0,0,1,1,1
H5,604,2017,500100,      0.00,      0.00,      0.00,      0.00,0,1,0,0,1,1
H5,604,2017,500200,      0.00,      0.00,      0.00,      0.00,0,1,0,0,1,1
H5,604,2017,500300,      0.00,      0.00,      0.00,      0.00,0,1,0,0,1,1
H5,604,2017,500400,      0.00,      0.00,      0.00,      0.00,0,1,0,0,1,1
H5,604,2017,500500,      0.00,      0.00,      0.00,      0.00,0,1,0,0,1,1
H5,604,2017,500600,      6.00,      6.00,      6.00,      6.00,0,0,0,1,1,1
H5,604,2017,500710,      0.00,      0.00,      0.00,      0.00,0,1,0,0,1,1
H5,604,2017,500720,      0.00,      0.00,      0.00,      0.00,0,1,0,0,1,1
H5,604,2017,500790,      0.00,      0.00,      0.00,      0.00,0,1,0,0,1,1
H5,604,2017,510111,      0.00,      0.00,      0.00,      0.00,0,1,0,0,1,1
H5,604,2017,510119,      0.00,      0.00,      0.00,      0.00,0,1,0,0,1,1
H5,604,2017,510121,      0.00,      0.00,      0.00,      0.00,0,1,0,0,1,1
H5,604,2017,510129,      0.00,      0.00,      0.00,      0.00,0,1,0,0,1,1
H5,604,2017,510130,      0.00,      0.00,      0.00,      0.00,0,1,0,0,1,1
H5,604,2017,510211,      0.00,      0.00,      0.00,      0.00,0,1,0,0,1,1
H5,604,2017,510219,      0.00,      0.00,      0.00,      0.00,0,3,0,0,3,3
H5,604,2017,510220,      0.00,      0.00,      0.00,      0.00,0,1,0,0,1,1
H5,604,2017,510310,      0.00,      0.00,      0.00,      0.00,0,1,0,0,1,1
H5,604,2017,510320,      0.00,      0.00,      0.00,      0.00,0,1,0,0,1,1
H5,604,2017,510330,      0.00,      0.00,      0.00,      0.00,0,1,0,0,1,1
H5,604,2017,510400,      0.00,      0.00,      0.00,      0.00,0,1,0,0,1,1
H5,604,2017,510510,      0.00,      0.00,      0.00,      0.00,0,1,0,0,1,1
H5,604,2017,510521,      0.00,      0.00,      0.00,      0.00,0,1,0,0,1,1
H5,604,2017,510529,     12.00,      6.00,      6.00,      6.00,0,0,0,2,2,2
H5,604,2017,510531,      0.00,      0.00,      0.00,      0.00,0,1,0,0,1,1
H5,604,2017,510539,      0.00,      0.00,      0.00,      0.00,0,3,0,0,3,3
H5,604,2017,510540,      0.00,      0.00,      0.00,      0.00,0,1,0,0,1,1
H5,604,2017,510610,      6.00,      6.00,      6.00,      6.00,0,0,0,1,1,1
H5,604,2017,510620,      6.00,      6.00,      6.00,      6.00,0,0,0,1,1,1
H5,604,2017,510710,      6.00,      6.00,      6.00,      6.00,0,0,0,1,1,1
H5,604,2017,510720,      6.00,      6.00,      6.00,      6.00,0,0,0,1,1,1
H5,604,2017,510810,      6.00,      6.00,      6.00,      6.00,0,0,0,1,1,1
H5,604,2017,510820,      6.00,      6.00,      6.00,      6.00,0,0,0,1,1,1
H5,604,2017,510910,     11.00,     11.00,     11.00,     11.00,0,0,0,1,1,1
H5,604,2017,510990,     11.00,     11.00,     11.00,     11.00,0,0,0,1,1,1
H5,604,2017,511000,      0.00,      0.00,      0.00,      0.00,0,2,0,0,2,2
H5,604,2017,511111,     11.00,      0.00,     11.00,      2.75,0,3,0,1,4,4
H5,604,2017,511119,     22.00,      0.00,     11.00,      5.50,0,2,0,2,4,4
H5,604,2017,511120,     11.00,      0.00,     11.00,      2.75,0,3,0,1,4,4
H5,604,2017,511130,     33.00,      0.00,     11.00,      8.25,0,1,0,3,4,4
H5,604,2017,511190,     22.00,      0.00,     11.00,      5.50,0,2,0,2,4,4
H5,604,2017,511211,     33.00,      0.00,     11.00,      8.25,0,1,0,3,4,4
H5,604,2017,511219,     33.00,      0.00,     11.00,      8.25,0,1,0,3,4,4
H5,604,2017,511220,     11.00,      0.00,     11.00,      2.75,0,3,0,1,4,4
H5,604,2017,511230,     33.00,      0.00,     11.00,      8.25,0,1,0,3,4,4
H5,604,2017,511290,     33.00,      0.00,     11.00,      8.25,0,1,0,3,4,4
H5,604,2017,511300,      0.00,      0.00,      0.00,      0.00,0,1,0,0,1,1
H5,604,2017,520100,     24.00,      6.00,      6.00,      6.00,0,0,0,4,4,4
H5,604,2017,520210,      0.00,      0.00,      0.00,      0.00,0,1,0,0,1,1
H5,604,2017,520291,      0.00,      0.00,      0.00,      0.00,0,1,0,0,1,1
H5,604,2017,520299,      0.00,      0.00,      0.00,      0.00,0,1,0,0,1,1
H5,604,2017,520300,      6.00,      6.00,      6.00,      6.00,0,0,0,1,1,1
H5,604,2017,520411,      6.00,      6.00,      6.00,      6.00,0,0,0,1,1,1
H5,604,2017,520419,      0.00,      0.00,      0.00,      0.00,0,1,0,0,1,1
H5,604,2017,520420,     11.00,     11.00,     11.00,     11.00,0,0,0,1,1,1
H5,604,2017,520511,      6.00,      6.00,      6.00,      6.00,0,0,0,1,1,1
H5,604,2017,520512,      6.00,      6.00,      6.00,      6.00,0,0,0,1,1,1
H5,604,2017,520513,      6.00,      6.00,      6.00,      6.00,0,0,0,1,1,1
H5,604,2017,520514,      6.00,      6.00,      6.00,      6.00,0,0,0,1,1,1
H5,604,2017,520515,      6.00,      6.00,      6.00,      6.00,0,0,0,1,1,1
H5,604,2017,520521,      6.00,      6.00,      6.00,      6.00,0,0,0,1,1,1
H5,604,2017,520522,      6.00,      6.00,      6.00,      6.00,0,0,0,1,1,1
H5,604,2017,520523,      6.00,      6.00,      6.00,      6.00,0,0,0,1,1,1
H5,604,2017,520524,      6.00,      6.00,      6.00,      6.00,0,0,0,1,1,1
H5,604,2017,520526,      6.00,      6.00,      6.00,      6.00,0,0,0,1,1,1
H5,604,2017,520527,      6.00,      6.00,      6.00,      6.00,0,0,0,1,1,1
H5,604,2017,520528,      6.00,      6.00,      6.00,      6.00,0,0,0,1,1,1
H5,604,2017,520531,      6.00,      6.00,      6.00,      6.00,0,0,0,1,1,1
H5,604,2017,520532,      6.00,      6.00,      6.00,      6.00,0,0,0,1,1,1
H5,604,2017,520533,      6.00,      6.00,      6.00,      6.00,0,0,0,1,1,1
H5,604,2017,520534,      6.00,      6.00,      6.00,      6.00,0,0,0,1,1,1
H5,604,2017,520535,      6.00,      6.00,      6.00,      6.00,0,0,0,1,1,1
H5,604,2017,520541,      6.00,      6.00,      6.00,      6.00,0,0,0,1,1,1
H5,604,2017,520542,      6.00,      6.00,      6.00,      6.00,0,0,0,1,1,1
H5,604,2017,520543,      6.00,      6.00,      6.00,      6.00,0,0,0,1,1,1
H5,604,2017,520544,      6.00,      6.00,      6.00,      6.00,0,0,0,1,1,1
H5,604,2017,520546,      6.00,      6.00,      6.00,      6.00,0,0,0,1,1,1
H5,604,2017,520547,      6.00,      6.00,      6.00,      6.00,0,0,0,1,1,1
H5,604,2017,520548,      6.00,      6.00,      6.00,      6.00,0,0,0,1,1,1
H5,604,2017,520611,      6.00,      6.00,      6.00,      6.00,0,0,0,1,1,1
H5,604,2017,520612,      6.00,      6.00,      6.00,      6.00,0,0,0,1,1,1
H5,604,2017,520613,      6.00,      6.00,      6.00,      6.00,0,0,0,1,1,1
H5,604,2017,520614,      6.00,      6.00,      6.00,      6.00,0,0,0,1,1,1
H5,604,2017,520615,      0.00,      0.00,      0.00,      0.00,0,1,0,0,1,1
H5,604,2017,520621,      6.00,      6.00,      6.00,      6.00,0,0,0,1,1,1
H5,604,2017,520622,      6.00,      6.00,      6.00,      6.00,0,0,0,1,1,1
H5,604,2017,520623,      6.00,      6.00,      6.00,      6.00,0,0,0,1,1,1
H5,604,2017,520624,      6.00,      6.00,      6.00,      6.00,0,0,0,1,1,1
H5,604,2017,520625,      6.00,      6.00,      6.00,      6.00,0,0,0,1,1,1
H5,604,2017,520631,      6.00,      6.00,      6.00,      6.00,0,0,0,1,1,1
H5,604,2017,520632,      6.00,      6.00,      6.00,      6.00,0,0,0,1,1,1
H5,604,2017,520633,      6.00,      6.00,      6.00,      6.00,0,0,0,1,1,1
H5,604,2017,520634,      6.00,      6.00,      6.00,      6.00,0,0,0,1,1,1
H5,604,2017,520635,      0.00,      0.00,      0.00,      0.00,0,1,0,0,1,1
H5,604,2017,520641,      6.00,      6.00,      6.00,      6.00,0,0,0,1,1,1
H5,604,2017,520642,      6.00,      6.00,      6.00,      6.00,0,0,0,1,1,1
H5,604,2017,520643,      6.00,      6.00,      6.00,      6.00,0,0,0,1,1,1
H5,604,2017,520644,      6.00,      6.00,      6.00,      6.00,0,0,0,1,1,1
H5,604,2017,520645,      6.00,      6.00,      6.00,      6.00,0,0,0,1,1,1
H5,604,2017,520710,     11.00,     11.00,     11.00,     11.00,0,0,0,1,1,1
H5,604,2017,520790,     11.00,     11.00,     11.00,     11.00,0,0,0,1,1,1
H5,604,2017,520811,     11.00,     11.00,     11.00,     11.00,0,0,0,1,1,1
H5,604,2017,520812,     11.00,     11.00,     11.00,     11.00,0,0,0,1,1,1
H5,604,2017,520813,     11.00,     11.00,     11.00,     11.00,0,0,0,1,1,1
H5,604,2017,520819,     11.00,     11.00,     11.00,     11.00,0,0,0,1,1,1
H5,604,2017,520821,     22.00,     11.00,     11.00,     11.00,0,0,0,2,2,2
H5,604,2017,520822,     11.00,     11.00,     11.00,     11.00,0,0,0,1,1,1
H5,604,2017,520823,     11.00,     11.00,     11.00,     11.00,0,0,0,1,1,1
H5,604,2017,520829,     11.00,     11.00,     11.00,     11.00,0,0,0,1,1,1
H5,604,2017,520831,     11.00,     11.00,     11.00,     11.00,0,0,0,1,1,1
H5,604,2017,520832,     11.00,     11.00,     11.00,     11.00,0,0,0,1,1,1
H5,604,2017,520833,     11.00,     11.00,     11.00,     11.00,0,0,0,1,1,1
H5,604,2017,520839,     11.00,     11.00,     11.00,     11.00,0,0,0,1,1,1
H5,604,2017,520841,     11.00,     11.00,     11.00,     11.00,0,0,0,1,1,1
H5,604,2017,520842,     11.00,     11.00,     11.00,     11.00,0,0,0,1,1,1
H5,604,2017,520843,     11.00,     11.00,     11.00,     11.00,0,0,0,1,1,1
H5,604,2017,520849,     11.00,     11.00,     11.00,     11.00,0,0,0,1,1,1
H5,604,2017,520851,     11.00,     11.00,     11.00,     11.00,0,0,0,1,1,1
H5,604,2017,520852,     11.00,     11.00,     11.00,     11.00,0,0,0,1,1,1
H5,604,2017,520859,     22.00,     11.00,     11.00,     11.00,0,0,0,2,2,2
H5,604,2017,520911,     11.00,     11.00,     11.00,     11.00,0,0,0,1,1,1
H5,604,2017,520912,     11.00,     11.00,     11.00,     11.00,0,0,0,1,1,1
H5,604,2017,520919,     11.00,     11.00,     11.00,     11.00,0,0,0,1,1,1
H5,604,2017,520921,     11.00,     11.00,     11.00,     11.00,0,0,0,1,1,1
H5,604,2017,520922,     11.00,     11.00,     11.00,     11.00,0,0,0,1,1,1
H5,604,2017,520929,     11.00,     11.00,     11.00,     11.00,0,0,0,1,1,1
H5,604,2017,520931,     11.00,     11.00,     11.00,     11.00,0,0,0,1,1,1
H5,604,2017,520932,     11.00,     11.00,     11.00,     11.00,0,0,0,1,1,1
H5,604,2017,520939,     11.00,     11.00,     11.00,     11.00,0,0,0,1,1,1
H5,604,2017,520941,     11.00,     11.00,     11.00,     11.00,0,0,0,1,1,1
H5,604,2017,520942,     11.00,     11.00,     11.00,     11.00,0,0,0,1,1,1
H5,604,2017,520943,     11.00,     11.00,     11.00,     11.00,0,0,0,1,1,1
H5,604,2017,520949,     11.00,     11.00,     11.00,     11.00,0,0,0,1,1,1
H5,604,2017,520951,     11.00,     11.00,     11.00,     11.00,0,0,0,1,1,1
H5,604,2017,520952,     11.00,     11.00,     11.00,     11.00,0,0,0,1,1,1
H5,604,2017,520959,     11.00,     11.00,     11.00,     11.00,0,0,0,1,1,1
H5,604,2017,521011,     11.00,     11.00,     11.00,     11.00,0,0,0,1,1,1
H5,604,2017,521019,     11.00,     11.00,     11.00,     11.00,0,0,0,1,1,1
H5,604,2017,521021,     11.00,     11.00,     11.00,     11.00,0,0,0,1,1,1
H5,604,2017,521029,     11.00,     11.00,     11.00,     11.00,0,0,0,1,1,1
H5,604,2017,521031,     11.00,     11.00,     11.00,     11.00,0,0,0,1,1,1
H5,604,2017,521032,     11.00,     11.00,     11.00,     11.00,0,0,0,1,1,1
H5,604,2017,521039,     11.00,     11.00,     11.00,     11.00,0,0,0,1,1,1
H5,604,2017,521041,     11.00,     11.00,     11.00,     11.00,0,0,0,1,1,1
H5,604,2017,521049,     11.00,     11.00,     11.00,     11.00,0,0,0,1,1,1
H5,604,2017,521051,     11.00,     11.00,     11.00,     11.00,0,0,0,1,1,1
H5,604,2017,521059,     11.00,     11.00,     11.00,     11.00,0,0,0,1,1,1
H5,604,2017,521111,     11.00,     11.00,     11.00,     11.00,0,0,0,1,1,1
H5,604,2017,521112,     11.00,     11.00,     11.00,     11.00,0,0,0,1,1,1
H5,604,2017,521119,     11.00,     11.00,     11.00,     11.00,0,0,0,1,1,1
H5,604,2017,521120,     11.00,     11.00,     11.00,     11.00,0,0,0,1,1,1
H5,604,2017,521131,     11.00,     11.00,     11.00,     11.00,0,0,0,1,1,1
H5,604,2017,521132,     11.00,     11.00,     11.00,     11.00,0,0,0,1,1,1
H5,604,2017,521139,     11.00,     11.00,     11.00,     11.00,0,0,0,1,1,1
H5,604,2017,521141,     11.00,     11.00,     11.00,     11.00,0,0,0,1,1,1
H5,604,2017,521142,     11.00,     11.00,     11.00,     11.00,0,0,0,1,1,1
H5,604,2017,521143,     11.00,     11.00,     11.00,     11.00,0,0,0,1,1,1
H5,604,2017,521149,     11.00,     11.00,     11.00,     11.00,0,0,0,1,1,1
H5,604,2017,521151,     11.00,     11.00,     11.00,     11.00,0,0,0,1,1,1
H5,604,2017,521152,     11.00,     11.00,     11.00,     11.00,0,0,0,1,1,1
H5,604,2017,521159,     11.00,     11.00,     11.00,     11.00,0,0,0,1,1,1
H5,604,2017,521211,     11.00,     11.00,     11.00,     11.00,0,0,0,1,1,1
H5,604,2017,521212,     11.00,     11.00,     11.00,     11.00,0,0,0,1,1,1
H5,604,2017,521213,     11.00,     11.00,     11.00,     11.00,0,0,0,1,1,1
H5,604,2017,521214,     11.00,     11.00,     11.00,     11.00,0,0,0,1,1,1
H5,604,2017,521215,     11.00,     11.00,     11.00,     11.00,0,0,0,1,1,1
H5,604,2017,521221,     11.00,     11.00,     11.00,     11.00,0,0,0,1,1,1
H5,604,2017,521222,     11.00,     11.00,     11.00,     11.00,0,0,0,1,1,1
H5,604,2017,521223,     11.00,     11.00,     11.00,     11.00,0,0,0,1,1,1
H5,604,2017,521224,     11.00,     11.00,     11.00,     11.00,0,0,0,1,1,1
H5,604,2017,521225,     11.00,     11.00,     11.00,     11.00,0,0,0,1,1,1
H5,604,2017,530110,      0.00,      0.00,      0.00,      0.00,0,1,0,0,1,1
H5,604,2017,530121,      0.00,      0.00,      0.00,      0.00,0,1,0,0,1,1
H5,604,2017,530129,      0.00,      0.00,      0.00,      0.00,0,1,0,0,1,1
H5,604,2017,530130,      0.00,      0.00,      0.00,      0.00,0,1,0,0,1,1
H5,604,2017,530210,      0.00,      0.00,      0.00,      0.00,0,1,0,0,1,1
H5,604,2017,530290,      0.00,      0.00,      0.00,      0.00,0,1,0,0,1,1
H5,604,2017,530310,      0.00,      0.00,      0.00,      0.00,0,1,0,0,1,1
H5,604,2017,530390,      0.00,      0.00,      0.00,      0.00,0,2,0,0,2,2
H5,604,2017,530500,      0.00,      0.00,      0.00,      0.00,0,5,0,0,5,5
H5,604,2017,530610,      0.00,      0.00,      0.00,      0.00,0,1,0,0,1,1
H5,604,2017,530620,     11.00,      0.00,     11.00,      5.50,0,1,0,1,2,2
H5,604,2017,530710,      0.00,      0.00,      0.00,      0.00,0,1,0,0,1,1
H5,604,2017,530720,      6.00,      6.00,      6.00,      6.00,0,0,0,1,1,1
H5,604,2017,530810,      0.00,      0.00,      0.00,      0.00,0,1,0,0,1,1
H5,604,2017,530820,      0.00,      0.00,      0.00,      0.00,0,1,0,0,1,1
H5,604,2017,530890,      0.00,      0.00,      0.00,      0.00,0,2,0,0,2,2
H5,604,2017,530911,      0.00,      0.00,      0.00,      0.00,0,1,0,0,1,1
H5,604,2017,530919,      0.00,      0.00,      0.00,      0.00,0,1,0,0,1,1
H5,604,2017,530921,      0.00,      0.00,      0.00,      0.00,0,1,0,0,1,1
H5,604,2017,530929,      0.00,      0.00,      0.00,      0.00,0,1,0,0,1,1
H5,604,2017,531010,      0.00,      0.00,      0.00,      0.00,0,1,0,0,1,1
H5,604,2017,531090,      0.00,      0.00,      0.00,      0.00,0,1,0,0,1,1
H5,604,2017,531100,      0.00,      0.00,      0.00,      0.00,0,1,0,0,1,1
H5,604,2017,540110,     17.00,      6.00,     11.00,      8.50,0,0,0,2,2,2
H5,604,2017,540120,     11.00,      0.00,     11.00,      5.50,0,1,0,1,2,2
H5,604,2017,540211,      0.00,      0.00,      0.00,      0.00,0,1,0,0,1,1
H5,604,2017,540219,      0.00,      0.00,      0.00,      0.00,0,2,0,0,2,2
H5,604,2017,540220,      0.00,      0.00,      0.00,      0.00,0,1,0,0,1,1
H5,604,2017,540231,      0.00,      0.00,      0.00,      0.00,0,1,0,0,1,1
H5,604,2017,540232,      6.00,      6.00,      6.00,      6.00,0,0,0,1,1,1
H5,604,2017,540233,      6.00,      6.00,      6.00,      6.00,0,0,0,1,1,1
H5,604,2017,540234,      0.00,      0.00,      0.00,      0.00,0,1,0,0,1,1
H5,604,2017,540239,      6.00,      6.00,      6.00,      6.00,0,0,0,1,1,1
H5,604,2017,540244,      0.00,      0.00,      0.00,      0.00,0,2,0,0,2,2
H5,604,2017,540245,      0.00,      0.00,      0.00,      0.00,0,1,0,0,1,1
H5,604,2017,540246,      6.00,      6.00,      6.00,      6.00,0,0,0,1,1,1
H5,604,2017,540247,      6.00,      6.00,      6.00,      6.00,0,0,0,1,1,1
H5,604,2017,540248,      6.00,      6.00,      6.00,      6.00,0,0,0,1,1,1
H5,604,2017,540249,      6.00,      0.00,      6.00,      3.00,0,1,0,1,2,2
H5,604,2017,540251,      0.00,      0.00,      0.00,      0.00,0,1,0,0,1,1
H5,604,2017,540252,      0.00,      0.00,      0.00,      0.00,0,1,0,0,1,1
H5,604,2017,540253,      6.00,      6.00,      6.00,      6.00,0,0,0,1,1,1
H5,604,2017,540259,      6.00,      6.00,      6.00,      6.00,0,0,0,1,1,1
H5,604,2017,540261,      0.00,      0.00,      0.00,      0.00,0,1,0,0,1,1
H5,604,2017,540262,      6.00,      6.00,      6.00,      6.00,0,0,0,1,1,1
H5,604,2017,540263,      0.00,      0.00,      0.00,      0.00,0,1,0,0,1,1
H5,604,2017,540269,      0.00,      0.00,      0.00,      0.00,0,1,0,0,1,1
H5,604,2017,540310,      0.00,      0.00,      0.00,      0.00,0,1,0,0,1,1
H5,604,2017,540331,      0.00,      0.00,      0.00,      0.00,0,1,0,0,1,1
H5,604,2017,540332,      0.00,      0.00,      0.00,      0.00,0,1,0,0,1,1
H5,604,2017,540333,      0.00,      0.00,      0.00,      0.00,0,1,0,0,1,1
H5,604,2017,540339,      0.00,      0.00,      0.00,      0.00,0,1,0,0,1,1
H5,604,2017,540341,      0.00,      0.00,      0.00,      0.00,0,1,0,0,1,1
H5,604,2017,540342,      0.00,      0.00,      0.00,      0.00,0,1,0,0,1,1
H5,604,2017,540349,      0.00,      0.00,      0.00,      0.00,0,1,0,0,1,1
H5,604,2017,540411,      0.00,      0.00,      0.00,      0.00,0,2,0,0,2,2
H5,604,2017,540412,      0.00,      0.00,      0.00,      0.00,0,1,0,0,1,1
H5,604,2017,540419,      0.00,      0.00,      0.00,      0.00,0,2,0,0,2,2
H5,604,2017,540490,      6.00,      6.00,      6.00,      6.00,0,0,0,1,1,1
H5,604,2017,540500,      0.00,      0.00,      0.00,      0.00,0,1,0,0,1,1
H5,604,2017,540600,     22.00,     11.00,     11.00,     11.00,0,0,0,2,2,2
H5,604,2017,540710,      0.00,      0.00,      0.00,      0.00,0,2,0,0,2,2
H5,604,2017,540720,     11.00,     11.00,     11.00,     11.00,0,0,0,1,1,1
H5,604,2017,540730,      0.00,      0.00,      0.00,      0.00,0,1,0,0,1,1
H5,604,2017,540741,     11.00,     11.00,     11.00,     11.00,0,0,0,1,1,1
H5,604,2017,540742,     11.00,     11.00,     11.00,     11.00,0,0,0,1,1,1
H5,604,2017,540743,     11.00,     11.00,     11.00,     11.00,0,0,0,1,1,1
H5,604,2017,540744,     11.00,     11.00,     11.00,     11.00,0,0,0,1,1,1
H5,604,2017,540751,     11.00,     11.00,     11.00,     11.00,0,0,0,1,1,1
H5,604,2017,540752,     11.00,     11.00,     11.00,     11.00,0,0,0,1,1,1
H5,604,2017,540753,     11.00,     11.00,     11.00,     11.00,0,0,0,1,1,1
H5,604,2017,540754,     11.00,     11.00,     11.00,     11.00,0,0,0,1,1,1
H5,604,2017,540761,     11.00,     11.00,     11.00,     11.00,0,0,0,1,1,1
H5,604,2017,540769,     11.00,     11.00,     11.00,     11.00,0,0,0,1,1,1
H5,604,2017,540771,      0.00,      0.00,      0.00,      0.00,0,2,0,0,2,2
H5,604,2017,540772,     11.00,     11.00,     11.00,     11.00,0,0,0,1,1,1
H5,604,2017,540773,     11.00,     11.00,     11.00,     11.00,0,0,0,1,1,1
H5,604,2017,540774,     11.00,     11.00,     11.00,     11.00,0,0,0,1,1,1
H5,604,2017,540781,     11.00,     11.00,     11.00,     11.00,0,0,0,1,1,1
H5,604,2017,540782,     11.00,     11.00,     11.00,     11.00,0,0,0,1,1,1
H5,604,2017,540783,     11.00,     11.00,     11.00,     11.00,0,0,0,1,1,1
H5,604,2017,540784,     11.00,     11.00,     11.00,     11.00,0,0,0,1,1,1
H5,604,2017,540791,     11.00,     11.00,     11.00,     11.00,0,0,0,1,1,1
H5,604,2017,540792,     11.00,     11.00,     11.00,     11.00,0,0,0,1,1,1
H5,604,2017,540793,     11.00,     11.00,     11.00,     11.00,0,0,0,1,1,1
H5,604,2017,540794,      0.00,      0.00,      0.00,      0.00,0,1,0,0,1,1
H5,604,2017,540810,      0.00,      0.00,      0.00,      0.00,0,2,0,0,2,2
H5,604,2017,540821,      0.00,      0.00,      0.00,      0.00,0,1,0,0,1,1
H5,604,2017,540822,     11.00,     11.00,     11.00,     11.00,0,0,0,1,1,1
H5,604,2017,540823,      0.00,      0.00,      0.00,      0.00,0,1,0,0,1,1
H5,604,2017,540824,      0.00,      0.00,      0.00,      0.00,0,1,0,0,1,1
H5,604,2017,540831,      0.00,      0.00,      0.00,      0.00,0,1,0,0,1,1
H5,604,2017,540832,      0.00,      0.00,      0.00,      0.00,0,1,0,0,1,1
H5,604,2017,540833,      0.00,      0.00,      0.00,      0.00,0,1,0,0,1,1
H5,604,2017,540834,      0.00,      0.00,      0.00,      0.00,0,1,0,0,1,1
H5,604,2017,550110,      0.00,      0.00,      0.00,      0.00,0,1,0,0,1,1
H5,604,2017,550120,      0.00,      0.00,      0.00,      0.00,0,1,0,0,1,1
H5,604,2017,550130,      0.00,      0.00,      0.00,      0.00,0,2,0,0,2,2
H5,604,2017,550140,      0.00,      0.00,      0.00,      0.00,0,1,0,0,1,1
H5,604,2017,550190,      0.00,      0.00,      0.00,      0.00,0,1,0,0,1,1
H5,604,2017,550210,      0.00,      0.00,      0.00,      0.00,0,1,0,0,1,1
H5,604,2017,550290,      0.00,      0.00,      0.00,      0.00,0,2,0,0,2,2
H5,604,2017,550311,      0.00,      0.00,      0.00,      0.00,0,1,0,0,1,1
H5,604,2017,550319,      0.00,      0.00,      0.00,      0.00,0,1,0,0,1,1
H5,604,2017,550320,      0.00,      0.00,      0.00,      0.00,0,1,0,0,1,1
H5,604,2017,550330,      0.00,      0.00,      0.00,      0.00,0,2,0,0,2,2
H5,604,2017,550340,      6.00,      6.00,      6.00,      6.00,0,0,0,1,1,1
H5,604,2017,550390,      0.00,      0.00,      0.00,      0.00,0,2,0,0,2,2
H5,604,2017,550410,      0.00,      0.00,      0.00,      0.00,0,1,0,0,1,1
H5,604,2017,550490,      0.00,      0.00,      0.00,      0.00,0,1,0,0,1,1
H5,604,2017,550510,      0.00,      0.00,      0.00,      0.00,0,1,0,0,1,1
H5,604,2017,550520,      0.00,      0.00,      0.00,      0.00,0,1,0,0,1,1
H5,604,2017,550610,      0.00,      0.00,      0.00,      0.00,0,1,0,0,1,1
H5,604,2017,550620,      0.00,      0.00,      0.00,      0.00,0,1,0,0,1,1
H5,604,2017,550630,      0.00,      0.00,      0.00,      0.00,0,1,0,0,1,1
H5,604,2017,550640,      0.00,      0.00,      0.00,      0.00,0,1,0,0,1,1
H5,604,2017,550690,      0.00,      0.00,      0.00,      0.00,0,1,0,0,1,1
H5,604,2017,550700,      0.00,      0.00,      0.00,      0.00,0,1,0,0,1,1
H5,604,2017,550810,     17.00,      6.00,     11.00,      8.50,0,0,0,2,2,2
H5,604,2017,550820,     17.00,      6.00,     11.00,      8.50,0,0,0,2,2,2
H5,604,2017,550911,      6.00,      6.00,      6.00,      6.00,0,0,0,1,1,1
H5,604,2017,550912,      6.00,      6.00,      6.00,      6.00,0,0,0,1,1,1
H5,604,2017,550921,      6.00,      6.00,      6.00,      6.00,0,0,0,1,1,1
H5,604,2017,550922,      6.00,      6.00,      6.00,      6.00,0,0,0,1,1,1
H5,604,2017,550931,      6.00,      6.00,      6.00,      6.00,0,0,0,1,1,1
H5,604,2017,550932,      6.00,      6.00,      6.00,      6.00,0,0,0,1,1,1
H5,604,2017,550941,      6.00,      6.00,      6.00,      6.00,0,0,0,1,1,1
H5,604,2017,550942,      6.00,      6.00,      6.00,      6.00,0,0,0,1,1,1
H5,604,2017,550951,      6.00,      6.00,      6.00,      6.00,0,0,0,1,1,1
H5,604,2017,550952,      6.00,      6.00,      6.00,      6.00,0,0,0,1,1,1
H5,604,2017,550953,      6.00,      6.00,      6.00,      6.00,0,0,0,1,1,1
H5,604,2017,550959,      6.00,      6.00,      6.00,      6.00,0,0,0,1,1,1
H5,604,2017,550961,      6.00,      6.00,      6.00,      6.00,0,0,0,1,1,1
H5,604,2017,550962,      6.00,      6.00,      6.00,      6.00,0,0,0,1,1,1
H5,604,2017,550969,      6.00,      6.00,      6.00,      6.00,0,0,0,1,1,1
H5,604,2017,550991,      6.00,      6.00,      6.00,      6.00,0,0,0,1,1,1
H5,604,2017,550992,      6.00,      6.00,      6.00,      6.00,0,0,0,1,1,1
H5,604,2017,550999,      6.00,      6.00,      6.00,      6.00,0,0,0,1,1,1
H5,604,2017,551011,      0.00,      0.00,      0.00,      0.00,0,1,0,0,1,1
H5,604,2017,551012,      0.00,      0.00,      0.00,      0.00,0,1,0,0,1,1
H5,604,2017,551020,      0.00,      0.00,      0.00,      0.00,0,1,0,0,1,1
H5,604,2017,551030,      0.00,      0.00,      0.00,      0.00,0,1,0,0,1,1
H5,604,2017,551090,      0.00,      0.00,      0.00,      0.00,0,1,0,0,1,1
H5,604,2017,551110,     11.00,     11.00,     11.00,     11.00,0,0,0,1,1,1
H5,604,2017,551120,     11.00,     11.00,     11.00,     11.00,0,0,0,1,1,1
H5,604,2017,551130,     11.00,     11.00,     11.00,     11.00,0,0,0,1,1,1
H5,604,2017,551211,     11.00,     11.00,     11.00,     11.00,0,0,0,1,1,1
H5,604,2017,551219,     11.00,     11.00,     11.00,     11.00,0,0,0,1,1,1
H5,604,2017,551221,     11.00,     11.00,     11.00,     11.00,0,0,0,1,1,1
H5,604,2017,551229,     11.00,     11.00,     11.00,     11.00,0,0,0,1,1,1
H5,604,2017,551291,     11.00,     11.00,     11.00,     11.00,0,0,0,1,1,1
H5,604,2017,551299,     11.00,     11.00,     11.00,     11.00,0,0,0,1,1,1
H5,604,2017,551311,     11.00,     11.00,     11.00,     11.00,0,0,0,1,1,1
H5,604,2017,551312,     11.00,     11.00,     11.00,     11.00,0,0,0,1,1,1
H5,604,2017,551313,     11.00,     11.00,     11.00,     11.00,0,0,0,1,1,1
H5,604,2017,551319,     11.00,     11.00,     11.00,     11.00,0,0,0,1,1,1
H5,604,2017,551321,     11.00,     11.00,     11.00,     11.00,0,0,0,1,1,1
H5,604,2017,551323,     22.00,     11.00,     11.00,     11.00,0,0,0,2,2,2
H5,604,2017,551329,     11.00,     11.00,     11.00,     11.00,0,0,0,1,1,1
H5,604,2017,551331,     11.00,     11.00,     11.00,     11.00,0,0,0,1,1,1
H5,604,2017,551339,     33.00,     11.00,     11.00,     11.00,0,0,0,3,3,3
H5,604,2017,551341,     11.00,     11.00,     11.00,     11.00,0,0,0,1,1,1
H5,604,2017,551349,     33.00,     11.00,     11.00,     11.00,0,0,0,3,3,3
H5,604,2017,551411,     11.00,     11.00,     11.00,     11.00,0,0,0,1,1,1
H5,604,2017,551412,     11.00,     11.00,     11.00,     11.00,0,0,0,1,1,1
H5,604,2017,551419,     22.00,     11.00,     11.00,     11.00,0,0,0,2,2,2
H5,604,2017,551421,     11.00,     11.00,     11.00,     11.00,0,0,0,1,1,1
H5,604,2017,551422,     11.00,     11.00,     11.00,     11.00,0,0,0,1,1,1
H5,604,2017,551423,     11.00,     11.00,     11.00,     11.00,0,0,0,1,1,1
H5,604,2017,551429,     11.00,     11.00,     11.00,     11.00,0,0,0,1,1,1
H5,604,2017,551430,     44.00,     11.00,     11.00,     11.00,0,0,0,4,4,4
H5,604,2017,551441,     11.00,     11.00,     11.00,     11.00,0,0,0,1,1,1
H5,604,2017,551442,     11.00,     11.00,     11.00,     11.00,0,0,0,1,1,1
H5,604,2017,551443,     11.00,     11.00,     11.00,     11.00,0,0,0,1,1,1
H5,604,2017,551449,     11.00,     11.00,     11.00,     11.00,0,0,0,1,1,1
H5,604,2017,551511,     11.00,     11.00,     11.00,     11.00,0,0,0,1,1,1
H5,604,2017,551512,     11.00,     11.00,     11.00,     11.00,0,0,0,1,1,1
H5,604,2017,551513,     11.00,     11.00,     11.00,     11.00,0,0,0,1,1,1
H5,604,2017,551519,     11.00,     11.00,     11.00,     11.00,0,0,0,1,1,1
H5,604,2017,551521,     11.00,     11.00,     11.00,     11.00,0,0,0,1,1,1
H5,604,2017,551522,     11.00,     11.00,     11.00,     11.00,0,0,0,1,1,1
H5,604,2017,551529,     11.00,     11.00,     11.00,     11.00,0,0,0,1,1,1
H5,604,2017,551591,     11.00,     11.00,     11.00,     11.00,0,0,0,1,1,1
H5,604,2017,551599,     11.00,     11.00,     11.00,     11.00,0,0,0,1,1,1
H5,604,2017,551611,     11.00,     11.00,     11.00,     11.00,0,0,0,1,1,1
H5,604,2017,551612,     11.00,     11.00,     11.00,     11.00,0,0,0,1,1,1
H5,604,2017,551613,     11.00,     11.00,     11.00,     11.00,0,0,0,1,1,1
H5,604,2017,551614,     11.00,     11.00,     11.00,     11.00,0,0,0,1,1,1
H5,604,2017,551621,     11.00,     11.00,     11.00,     11.00,0,0,0,1,1,1
H5,604,2017,551622,     11.00,     11.00,     11.00,     11.00,0,0,0,1,1,1
H5,604,2017,551623,     11.00,     11.00,     11.00,     11.00,0,0,0,1,1,1
H5,604,2017,551624,     11.00,     11.00,     11.00,     11.00,0,0,0,1,1,1
H5,604,2017,551631,      0.00,      0.00,      0.00,      0.00,0,1,0,0,1,1
H5,604,2017,551632,      0.00,      0.00,      0.00,      0.00,0,1,0,0,1,1
H5,604,2017,551633,      0.00,      0.00,      0.00,      0.00,0,1,0,0,1,1
H5,604,2017,551634,      0.00,      0.00,      0.00,      0.00,0,1,0,0,1,1
H5,604,2017,551641,     11.00,     11.00,     11.00,     11.00,0,0,0,1,1,1
H5,604,2017,551642,     11.00,     11.00,     11.00,     11.00,0,0,0,1,1,1
H5,604,2017,551643,     11.00,     11.00,     11.00,     11.00,0,0,0,1,1,1
H5,604,2017,551644,     11.00,     11.00,     11.00,     11.00,0,0,0,1,1,1
H5,604,2017,551691,     11.00,     11.00,     11.00,     11.00,0,0,0,1,1,1
H5,604,2017,551692,     11.00,     11.00,     11.00,     11.00,0,0,0,1,1,1
H5,604,2017,551693,     11.00,     11.00,     11.00,     11.00,0,0,0,1,1,1
H5,604,2017,551694,     11.00,     11.00,     11.00,     11.00,0,0,0,1,1,1
H5,604,2017,560121,      0.00,      0.00,      0.00,      0.00,0,1,0,0,1,1
H5,604,2017,560122,      6.00,      6.00,      6.00,      6.00,0,0,0,1,1,1
H5,604,2017,560129,      0.00,      0.00,      0.00,      0.00,0,1,0,0,1,1
H5,604,2017,560130,      0.00,      0.00,      0.00,      0.00,0,1,0,0,1,1
H5,604,2017,560210,      0.00,      0.00,      0.00,      0.00,0,1,0,0,1,1
H5,604,2017,560221,      0.00,      0.00,      0.00,      0.00,0,1,0,0,1,1
H5,604,2017,560229,      0.00,      0.00,      0.00,      0.00,0,1,0,0,1,1
H5,604,2017,560290,      0.00,      0.00,      0.00,      0.00,0,1,0,0,1,1
H5,604,2017,560311,      0.00,      0.00,      0.00,      0.00,0,1,0,0,1,1
H5,604,2017,560312,     12.00,      6.00,      6.00,      6.00,0,0,0,2,2,2
H5,604,2017,560313,      6.00,      6.00,      6.00,      6.00,0,0,0,1,1,1
H5,604,2017,560314,      6.00,      6.00,      6.00,      6.00,0,0,0,1,1,1
H5,604,2017,560391,      0.00,      0.00,      0.00,      0.00,0,1,0,0,1,1
H5,604,2017,560392,      6.00,      6.00,      6.00,      6.00,0,0,0,1,1,1
H5,604,2017,560393,      6.00,      6.00,      6.00,      6.00,0,0,0,1,1,1
H5,604,2017,560394,      6.00,      6.00,      6.00,      6.00,0,0,0,1,1,1
H5,604,2017,560410,      6.00,      6.00,      6.00,      6.00,0,0,0,1,1,1
H5,604,2017,560490,      6.00,      0.00,      6.00,      3.00,0,1,0,1,2,2
H5,604,2017,560500,      0.00,      0.00,      0.00,      0.00,0,1,0,0,1,1
H5,604,2017,560600,      0.00,      0.00,      0.00,      0.00,0,1,0,0,1,1
H5,604,2017,560721,      0.00,      0.00,      0.00,      0.00,0,1,0,0,1,1
H5,604,2017,560729,      0.00,      0.00,      0.00,      0.00,0,1,0,0,1,1
H5,604,2017,560741,      0.00,      0.00,      0.00,      0.00,0,1,0,0,1,1
H5,604,2017,560749,      0.00,      0.00,      0.00,      0.00,0,1,0,0,1,1
H5,604,2017,560750,      6.00,      6.00,      6.00,      6.00,0,0,0,1,1,1
H5,604,2017,560790,      6.00,      6.00,      6.00,      6.00,0,0,0,1,1,1
H5,604,2017,560811,      0.00,      0.00,      0.00,      0.00,0,1,0,0,1,1
H5,604,2017,560819,      6.00,      6.00,      6.00,      6.00,0,0,0,1,1,1
H5,604,2017,560890,      0.00,      0.00,      0.00,      0.00,0,1,0,0,1,1
H5,604,2017,560900,      0.00,      0.00,      0.00,      0.00,0,2,0,0,2,2
H5,604,2017,570110,      6.00,      6.00,      6.00,      6.00,0,0,0,1,1,1
H5,604,2017,570190,      6.00,      6.00,      6.00,      6.00,0,0,0,1,1,1
H5,604,2017,570210,      6.00,      6.00,      6.00,      6.00,0,0,0,1,1,1
H5,604,2017,570220,      6.00,      6.00,      6.00,      6.00,0,0,0,1,1,1
H5,604,2017,570231,      6.00,      6.00,      6.00,      6.00,0,0,0,1,1,1
H5,604,2017,570232,      6.00,      6.00,      6.00,      6.00,0,0,0,1,1,1
H5,604,2017,570239,      6.00,      6.00,      6.00,      6.00,0,0,0,1,1,1
H5,604,2017,570241,      6.00,      6.00,      6.00,      6.00,0,0,0,1,1,1
H5,604,2017,570242,      6.00,      6.00,      6.00,      6.00,0,0,0,1,1,1
H5,604,2017,570249,      6.00,      6.00,      6.00,      6.00,0,0,0,1,1,1
H5,604,2017,570250,      6.00,      6.00,      6.00,      6.00,0,0,0,1,1,1
H5,604,2017,570291,      6.00,      6.00,      6.00,      6.00,0,0,0,1,1,1
H5,604,2017,570292,      6.00,      6.00,      6.00,      6.00,0,0,0,1,1,1
H5,604,2017,570299,      6.00,      6.00,      6.00,      6.00,0,0,0,1,1,1
H5,604,2017,570310,      6.00,      6.00,      6.00,      6.00,0,0,0,1,1,1
H5,604,2017,570320,      6.00,      6.00,      6.00,      6.00,0,0,0,1,1,1
H5,604,2017,570330,      6.00,      6.00,      6.00,      6.00,0,0,0,1,1,1
H5,604,2017,570390,      6.00,      6.00,      6.00,      6.00,0,0,0,1,1,1
H5,604,2017,570410,      6.00,      6.00,      6.00,      6.00,0,0,0,1,1,1
H5,604,2017,570420,      6.00,      6.00,      6.00,      6.00,0,0,0,1,1,1
H5,604,2017,570490,      6.00,      6.00,      6.00,      6.00,0,0,0,1,1,1
H5,604,2017,570500,      6.00,      6.00,      6.00,      6.00,0,0,0,1,1,1
H5,604,2017,580110,      0.00,      0.00,      0.00,      0.00,0,1,0,0,1,1
H5,604,2017,580121,     11.00,     11.00,     11.00,     11.00,0,0,0,1,1,1
H5,604,2017,580122,     11.00,     11.00,     11.00,     11.00,0,0,0,1,1,1
H5,604,2017,580123,     11.00,     11.00,     11.00,     11.00,0,0,0,1,1,1
H5,604,2017,580126,     11.00,     11.00,     11.00,     11.00,0,0,0,1,1,1
H5,604,2017,580127,     22.00,     11.00,     11.00,     11.00,0,0,0,2,2,2
H5,604,2017,580131,      0.00,      0.00,      0.00,      0.00,0,1,0,0,1,1
H5,604,2017,580132,     11.00,     11.00,     11.00,     11.00,0,0,0,1,1,1
H5,604,2017,580133,      0.00,      0.00,      0.00,      0.00,0,1,0,0,1,1
H5,604,2017,580136,      0.00,      0.00,      0.00,      0.00,0,1,0,0,1,1
H5,604,2017,580137,      0.00,      0.00,      0.00,      0.00,0,1,0,0,1,1
H5,604,2017,580190,      0.00,      0.00,      0.00,      0.00,0,1,0,0,1,1
H5,604,2017,580211,     11.00,     11.00,     11.00,     11.00,0,0,0,1,1,1
H5,604,2017,580219,     11.00,     11.00,     11.00,     11.00,0,0,0,1,1,1
H5,604,2017,580220,     11.00,     11.00,     11.00,     11.00,0,0,0,1,1,1
H5,604,2017,580230,      0.00,      0.00,      0.00,      0.00,0,1,0,0,1,1
H5,604,2017,580300,     22.00,     11.00,     11.00,     11.00,0,0,0,2,2,2
H5,604,2017,580410,      0.00,      0.00,      0.00,      0.00,0,1,0,0,1,1
H5,604,2017,580421,      0.00,      0.00,      0.00,      0.00,0,1,0,0,1,1
H5,604,2017,580429,      0.00,      0.00,      0.00,      0.00,0,1,0,0,1,1
H5,604,2017,580430,      0.00,      0.00,      0.00,      0.00,0,1,0,0,1,1
H5,604,2017,580500,     11.00,     11.00,     11.00,     11.00,0,0,0,1,1,1
H5,604,2017,580610,      0.00,      0.00,      0.00,      0.00,0,1,0,0,1,1
H5,604,2017,580620,     11.00,     11.00,     11.00,     11.00,0,0,0,1,1,1
H5,604,2017,580631,     11.00,     11.00,     11.00,     11.00,0,0,0,1,1,1
H5,604,2017,580632,     22.00,     11.00,     11.00,     11.00,0,0,0,2,2,2
H5,604,2017,580639,      0.00,      0.00,      0.00,      0.00,0,1,0,0,1,1
H5,604,2017,580640,      0.00,      0.00,      0.00,      0.00,0,1,0,0,1,1
H5,604,2017,580710,     11.00,     11.00,     11.00,     11.00,0,0,0,1,1,1
H5,604,2017,580790,     11.00,     11.00,     11.00,     11.00,0,0,0,1,1,1
H5,604,2017,580810,      0.00,      0.00,      0.00,      0.00,0,1,0,0,1,1
H5,604,2017,580890,     11.00,     11.00,     11.00,     11.00,0,0,0,1,1,1
H5,604,2017,580900,      0.00,      0.00,      0.00,      0.00,0,1,0,0,1,1
H5,604,2017,581010,      0.00,      0.00,      0.00,      0.00,0,1,0,0,1,1
H5,604,2017,581091,     11.00,     11.00,     11.00,     11.00,0,0,0,1,1,1
H5,604,2017,581092,     11.00,     11.00,     11.00,     11.00,0,0,0,1,1,1
H5,604,2017,581099,      0.00,      0.00,      0.00,      0.00,0,1,0,0,1,1
H5,604,2017,581100,     11.00,     11.00,     11.00,     11.00,0,0,0,1,1,1
H5,604,2017,590110,      0.00,      0.00,      0.00,      0.00,0,1,0,0,1,1
H5,604,2017,590190,      0.00,      0.00,      0.00,      0.00,0,1,0,0,1,1
H5,604,2017,590210,      0.00,      0.00,      0.00,      0.00,0,2,0,0,2,2
H5,604,2017,590220,      0.00,      0.00,      0.00,      0.00,0,2,0,0,2,2
H5,604,2017,590290,      0.00,      0.00,      0.00,      0.00,0,1,0,0,1,1
H5,604,2017,590310,     11.00,     11.00,     11.00,     11.00,0,0,0,1,1,1
H5,604,2017,590320,     11.00,     11.00,     11.00,     11.00,0,0,0,1,1,1
H5,604,2017,590390,     11.00,     11.00,     11.00,     11.00,0,0,0,1,1,1
H5,604,2017,590410,      0.00,      0.00,      0.00,      0.00,0,1,0,0,1,1
H5,604,2017,590490,      0.00,      0.00,      0.00,      0.00,0,1,0,0,1,1
H5,604,2017,590500,     11.00,     11.00,     11.00,     11.00,0,0,0,1,1,1
H5,604,2017,590610,      0.00,      0.00,      0.00,      0.00,0,1,0,0,1,1
H5,604,2017,590691,      0.00,      0.00,      0.00,      0.00,0,1,0,0,1,1
H5,604,2017,590699,      0.00,      0.00,      0.00,      0.00,0,3,0,0,3,3
H5,604,2017,590700,      0.00,      0.00,      0.00,      0.00,0,1,0,0,1,1
H5,604,2017,590800,      0.00,      0.00,      0.00,      0.00,0,1,0,0,1,1
H5,604,2017,590900,      0.00,      0.00,      0.00,      0.00,0,1,0,0,1,1
H5,604,2017,591000,      0.00,      0.00,      0.00,      0.00,0,1,0,0,1,1
H5,604,2017,591110,      0.00,      0.00,      0.00,      0.00,0,1,0,0,1,1
H5,604,2017,591120,      0.00,      0.00,      0.00,      0.00,0,1,0,0,1,1
H5,604,2017,591131,      0.00,      0.00,      0.00,      0.00,0,1,0,0,1,1
H5,604,2017,591132,      0.00,      0.00,      0.00,      0.00,0,1,0,0,1,1
H5,604,2017,591140,      0.00,      0.00,      0.00,      0.00,0,1,0,0,1,1
H5,604,2017,591190,      0.00,      0.00,      0.00,      0.00,0,2,0,0,2,2
H5,604,2017,600110,      0.00,      0.00,      0.00,      0.00,0,1,0,0,1,1
H5,604,2017,600121,     11.00,     11.00,     11.00,     11.00,0,0,0,1,1,1
H5,604,2017,600122,     11.00,     11.00,     11.00,     11.00,0,0,0,1,1,1
H5,604,2017,600129,     11.00,     11.00,     11.00,     11.00,0,0,0,1,1,1
H5,604,2017,600191,     11.00,     11.00,     11.00,     11.00,0,0,0,1,1,1
H5,604,2017,600192,     11.00,     11.00,     11.00,     11.00,0,0,0,1,1,1
H5,604,2017,600199,      0.00,      0.00,      0.00,      0.00,0,1,0,0,1,1
H5,604,2017,600240,     11.00,     11.00,     11.00,     11.00,0,0,0,1,1,1
H5,604,2017,600290,     11.00,     11.00,     11.00,     11.00,0,0,0,1,1,1
H5,604,2017,600310,      0.00,      0.00,      0.00,      0.00,0,1,0,0,1,1
H5,604,2017,600320,     11.00,     11.00,     11.00,     11.00,0,0,0,1,1,1
H5,604,2017,600330,     11.00,     11.00,     11.00,     11.00,0,0,0,1,1,1
H5,604,2017,600340,      0.00,      0.00,      0.00,      0.00,0,1,0,0,1,1
H5,604,2017,600390,      0.00,      0.00,      0.00,      0.00,0,1,0,0,1,1
H5,604,2017,600410,     11.00,     11.00,     11.00,     11.00,0,0,0,1,1,1
H5,604,2017,600490,     11.00,     11.00,     11.00,     11.00,0,0,0,1,1,1
H5,604,2017,600521,      0.00,      0.00,      0.00,      0.00,0,1,0,0,1,1
H5,604,2017,600522,      0.00,      0.00,      0.00,      0.00,0,1,0,0,1,1
H5,604,2017,600523,      0.00,      0.00,      0.00,      0.00,0,1,0,0,1,1
H5,604,2017,600524,      0.00,      0.00,      0.00,      0.00,0,1,0,0,1,1
H5,604,2017,600535,      0.00,      0.00,      0.00,      0.00,0,1,0,0,1,1
H5,604,2017,600536,      0.00,      0.00,      0.00,      0.00,0,1,0,0,1,1
H5,604,2017,600537,      0.00,      0.00,      0.00,      0.00,0,1,0,0,1,1
H5,604,2017,600538,      0.00,      0.00,      0.00,      0.00,0,1,0,0,1,1
H5,604,2017,600539,      0.00,      0.00,      0.00,      0.00,0,1,0,0,1,1
H5,604,2017,600541,      0.00,      0.00,      0.00,      0.00,0,1,0,0,1,1
H5,604,2017,600542,      0.00,      0.00,      0.00,      0.00,0,1,0,0,1,1
H5,604,2017,600543,      0.00,      0.00,      0.00,      0.00,0,1,0,0,1,1
H5,604,2017,600544,      0.00,      0.00,      0.00,      0.00,0,1,0,0,1,1
H5,604,2017,600590,      0.00,      0.00,      0.00,      0.00,0,1,0,0,1,1
H5,604,2017,600610,     11.00,     11.00,     11.00,     11.00,0,0,0,1,1,1
H5,604,2017,600621,     11.00,     11.00,     11.00,     11.00,0,0,0,1,1,1
H5,604,2017,600622,     11.00,     11.00,     11.00,     11.00,0,0,0,1,1,1
H5,604,2017,600623,     11.00,     11.00,     11.00,     11.00,0,0,0,1,1,1
H5,604,2017,600624,     11.00,     11.00,     11.00,     11.00,0,0,0,1,1,1
H5,604,2017,600631,     11.00,     11.00,     11.00,     11.00,0,0,0,1,1,1
H5,604,2017,600632,     11.00,     11.00,     11.00,     11.00,0,0,0,1,1,1
H5,604,2017,600633,     11.00,     11.00,     11.00,     11.00,0,0,0,1,1,1
H5,604,2017,600634,     11.00,     11.00,     11.00,     11.00,0,0,0,1,1,1
H5,604,2017,600641,     11.00,     11.00,     11.00,     11.00,0,0,0,1,1,1
H5,604,2017,600642,     11.00,     11.00,     11.00,     11.00,0,0,0,1,1,1
H5,604,2017,600643,     11.00,     11.00,     11.00,     11.00,0,0,0,1,1,1
H5,604,2017,600644,     11.00,     11.00,     11.00,     11.00,0,0,0,1,1,1
H5,604,2017,600690,     11.00,     11.00,     11.00,     11.00,0,0,0,1,1,1
H5,604,2017,610120,     11.00,     11.00,     11.00,     11.00,0,0,0,1,1,1
H5,604,2017,610130,     11.00,     11.00,     11.00,     11.00,0,0,0,1,1,1
H5,604,2017,610190,     22.00,     11.00,     11.00,     11.00,0,0,0,2,2,2
H5,604,2017,610210,     11.00,     11.00,     11.00,     11.00,0,0,0,1,1,1
H5,604,2017,610220,     11.00,     11.00,     11.00,     11.00,0,0,0,1,1,1
H5,604,2017,610230,     11.00,     11.00,     11.00,     11.00,0,0,0,1,1,1
H5,604,2017,610290,     11.00,     11.00,     11.00,     11.00,0,0,0,1,1,1
H5,604,2017,610310,     33.00,     11.00,     11.00,     11.00,0,0,0,3,3,3
H5,604,2017,610322,     11.00,     11.00,     11.00,     11.00,0,0,0,1,1,1
H5,604,2017,610323,     11.00,     11.00,     11.00,     11.00,0,0,0,1,1,1
H5,604,2017,610329,     22.00,     11.00,     11.00,     11.00,0,0,0,2,2,2
H5,604,2017,610331,     11.00,     11.00,     11.00,     11.00,0,0,0,1,1,1
H5,604,2017,610332,     11.00,     11.00,     11.00,     11.00,0,0,0,1,1,1
H5,604,2017,610333,     11.00,     11.00,     11.00,     11.00,0,0,0,1,1,1
H5,604,2017,610339,     11.00,     11.00,     11.00,     11.00,0,0,0,1,1,1
H5,604,2017,610341,     11.00,     11.00,     11.00,     11.00,0,0,0,1,1,1
H5,604,2017,610342,     11.00,     11.00,     11.00,     11.00,0,0,0,1,1,1
H5,604,2017,610343,     11.00,     11.00,     11.00,     11.00,0,0,0,1,1,1
H5,604,2017,610349,     11.00,     11.00,     11.00,     11.00,0,0,0,1,1,1
H5,604,2017,610413,     11.00,     11.00,     11.00,     11.00,0,0,0,1,1,1
H5,604,2017,610419,     33.00,     11.00,     11.00,     11.00,0,0,0,3,3,3
H5,604,2017,610422,     11.00,     11.00,     11.00,     11.00,0,0,0,1,1,1
H5,604,2017,610423,     11.00,     11.00,     11.00,     11.00,0,0,0,1,1,1
H5,604,2017,610429,     22.00,     11.00,     11.00,     11.00,0,0,0,2,2,2
H5,604,2017,610431,     11.00,     11.00,     11.00,     11.00,0,0,0,1,1,1
H5,604,2017,610432,     11.00,     11.00,     11.00,     11.00,0,0,0,1,1,1
H5,604,2017,610433,     11.00,     11.00,     11.00,     11.00,0,0,0,1,1,1
H5,604,2017,610439,     11.00,     11.00,     11.00,     11.00,0,0,0,1,1,1
H5,604,2017,610441,     11.00,     11.00,     11.00,     11.00,0,0,0,1,1,1
H5,604,2017,610442,     11.00,     11.00,     11.00,     11.00,0,0,0,1,1,1
H5,604,2017,610443,     11.00,     11.00,     11.00,     11.00,0,0,0,1,1,1
H5,604,2017,610444,     11.00,     11.00,     11.00,     11.00,0,0,0,1,1,1
H5,604,2017,610449,     11.00,     11.00,     11.00,     11.00,0,0,0,1,1,1
H5,604,2017,610451,     11.00,     11.00,     11.00,     11.00,0,0,0,1,1,1
H5,604,2017,610452,     11.00,     11.00,     11.00,     11.00,0,0,0,1,1,1
H5,604,2017,610453,     11.00,     11.00,     11.00,     11.00,0,0,0,1,1,1
H5,604,2017,610459,     11.00,     11.00,     11.00,     11.00,0,0,0,1,1,1
H5,604,2017,610461,     11.00,     11.00,     11.00,     11.00,0,0,0,1,1,1
H5,604,2017,610462,     11.00,     11.00,     11.00,     11.00,0,0,0,1,1,1
H5,604,2017,610463,     11.00,     11.00,     11.00,     11.00,0,0,0,1,1,1
H5,604,2017,610469,     11.00,     11.00,     11.00,     11.00,0,0,0,1,1,1
H5,604,2017,610510,    110.00,     11.00,     11.00,     11.00,0,0,0,10,10,10
H5,604,2017,610520,     22.00,     11.00,     11.00,     11.00,0,0,0,2,2,2
H5,604,2017,610590,     11.00,     11.00,     11.00,     11.00,0,0,0,1,1,1
H5,604,2017,610610,     77.00,     11.00,     11.00,     11.00,0,0,0,7,7,7
H5,604,2017,610620,     11.00,     11.00,     11.00,     11.00,0,0,0,1,1,1
H5,604,2017,610690,     11.00,     11.00,     11.00,     11.00,0,0,0,1,1,1
H5,604,2017,610711,     11.00,     11.00,     11.00,     11.00,0,0,0,1,1,1
H5,604,2017,610712,     11.00,     11.00,     11.00,     11.00,0,0,0,1,1,1
H5,604,2017,610719,     11.00,     11.00,     11.00,     11.00,0,0,0,1,1,1
H5,604,2017,610721,     11.00,     11.00,     11.00,     11.00,0,0,0,1,1,1
H5,604,2017,610722,     11.00,     11.00,     11.00,     11.00,0,0,0,1,1,1
H5,604,2017,610729,     11.00,     11.00,     11.00,     11.00,0,0,0,1,1,1
H5,604,2017,610791,     11.00,     11.00,     11.00,     11.00,0,0,0,1,1,1
H5,604,2017,610799,     22.00,     11.00,     11.00,     11.00,0,0,0,2,2,2
H5,604,2017,610811,     11.00,     11.00,     11.00,     11.00,0,0,0,1,1,1
H5,604,2017,610819,     11.00,     11.00,     11.00,     11.00,0,0,0,1,1,1
H5,604,2017,610821,     11.00,     11.00,     11.00,     11.00,0,0,0,1,1,1
H5,604,2017,610822,     11.00,     11.00,     11.00,     11.00,0,0,0,1,1,1
H5,604,2017,610829,     11.00,     11.00,     11.00,     11.00,0,0,0,1,1,1
H5,604,2017,610831,     11.00,     11.00,     11.00,     11.00,0,0,0,1,1,1
H5,604,2017,610832,     11.00,     11.00,     11.00,     11.00,0,0,0,1,1,1
H5,604,2017,610839,     11.00,     11.00,     11.00,     11.00,0,0,0,1,1,1
H5,604,2017,610891,     11.00,     11.00,     11.00,     11.00,0,0,0,1,1,1
H5,604,2017,610892,     11.00,     11.00,     11.00,     11.00,0,0,0,1,1,1
H5,604,2017,610899,     11.00,     11.00,     11.00,     11.00,0,0,0,1,1,1
H5,604,2017,610910,     77.00,     11.00,     11.00,     11.00,0,0,0,7,7,7
H5,604,2017,610990,     22.00,     11.00,     11.00,     11.00,0,0,0,2,2,2
H5,604,2017,611011,     66.00,     11.00,     11.00,     11.00,0,0,0,6,6,6
H5,604,2017,611012,     11.00,     11.00,     11.00,     11.00,0,0,0,1,1,1
H5,604,2017,611019,     66.00,     11.00,     11.00,     11.00,0,0,0,6,6,6
H5,604,2017,611020,     66.00,     11.00,     11.00,     11.00,0,0,0,6,6,6
H5,604,2017,611030,     22.00,     11.00,     11.00,     11.00,0,0,0,2,2,2
H5,604,2017,611090,     11.00,     11.00,     11.00,     11.00,0,0,0,1,1,1
H5,604,2017,611120,     11.00,     11.00,     11.00,     11.00,0,0,0,1,1,1
H5,604,2017,611130,     11.00,     11.00,     11.00,     11.00,0,0,0,1,1,1
H5,604,2017,611190,     22.00,     11.00,     11.00,     11.00,0,0,0,2,2,2
H5,604,2017,611211,     11.00,     11.00,     11.00,     11.00,0,0,0,1,1,1
H5,604,2017,611212,     11.00,     11.00,     11.00,     11.00,0,0,0,1,1,1
H5,604,2017,611219,     11.00,     11.00,     11.00,     11.00,0,0,0,1,1,1
H5,604,2017,611220,     11.00,     11.00,     11.00,     11.00,0,0,0,1,1,1
H5,604,2017,611231,     11.00,     11.00,     11.00,     11.00,0,0,0,1,1,1
H5,604,2017,611239,     11.00,     11.00,     11.00,     11.00,0,0,0,1,1,1
H5,604,2017,611241,     11.00,     11.00,     11.00,     11.00,0,0,0,1,1,1
H5,604,2017,611249,     11.00,     11.00,     11.00,     11.00,0,0,0,1,1,1
H5,604,2017,611300,     11.00,     11.00,     11.00,     11.00,0,0,0,1,1,1
H5,604,2017,611420,     11.00,     11.00,     11.00,     11.00,0,0,0,1,1,1
H5,604,2017,611430,     11.00,     11.00,     11.00,     11.00,0,0,0,1,1,1
H5,604,2017,611490,     22.00,     11.00,     11.00,     11.00,0,0,0,2,2,2
H5,604,2017,611510,     22.00,     11.00,     11.00,     11.00,0,0,0,2,2,2
H5,604,2017,611521,     11.00,     11.00,     11.00,     11.00,0,0,0,1,1,1
H5,604,2017,611522,     11.00,     11.00,     11.00,     11.00,0,0,0,1,1,1
H5,604,2017,611529,     11.00,     11.00,     11.00,     11.00,0,0,0,1,1,1
H5,604,2017,611530,     22.00,     11.00,     11.00,     11.00,0,0,0,2,2,2
H5,604,2017,611594,     11.00,     11.00,     11.00,     11.00,0,0,0,1,1,1
H5,604,2017,611595,     11.00,     11.00,     11.00,     11.00,0,0,0,1,1,1
H5,604,2017,611596,     11.00,     11.00,     11.00,     11.00,0,0,0,1,1,1
H5,604,2017,611599,     11.00,     11.00,     11.00,     11.00,0,0,0,1,1,1
H5,604,2017,611610,     11.00,     11.00,     11.00,     11.00,0,0,0,1,1,1
H5,604,2017,611691,     11.00,     11.00,     11.00,     11.00,0,0,0,1,1,1
H5,604,2017,611692,     11.00,     11.00,     11.00,     11.00,0,0,0,1,1,1
H5,604,2017,611693,     11.00,     11.00,     11.00,     11.00,0,0,0,1,1,1
H5,604,2017,611699,     11.00,     11.00,     11.00,     11.00,0,0,0,1,1,1
H5,604,2017,611710,     11.00,     11.00,     11.00,     11.00,0,0,0,1,1,1
H5,604,2017,611780,     33.00,     11.00,     11.00,     11.00,0,0,0,3,3,3
H5,604,2017,611790,     22.00,     11.00,     11.00,     11.00,0,0,0,2,2,2
H5,604,2017,620111,     11.00,     11.00,     11.00,     11.00,0,0,0,1,1,1
H5,604,2017,620112,     11.00,     11.00,     11.00,     11.00,0,0,0,1,1,1
H5,604,2017,620113,     11.00,     11.00,     11.00,     11.00,0,0,0,1,1,1
H5,604,2017,620119,     11.00,     11.00,     11.00,     11.00,0,0,0,1,1,1
H5,604,2017,620191,     11.00,     11.00,     11.00,     11.00,0,0,0,1,1,1
H5,604,2017,620192,     11.00,     11.00,     11.00,     11.00,0,0,0,1,1,1
H5,604,2017,620193,     11.00,     11.00,     11.00,     11.00,0,0,0,1,1,1
H5,604,2017,620199,     11.00,     11.00,     11.00,     11.00,0,0,0,1,1,1
H5,604,2017,620211,     11.00,     11.00,     11.00,     11.00,0,0,0,1,1,1
H5,604,2017,620212,     11.00,     11.00,     11.00,     11.00,0,0,0,1,1,1
H5,604,2017,620213,     11.00,     11.00,     11.00,     11.00,0,0,0,1,1,1
H5,604,2017,620219,     11.00,     11.00,     11.00,     11.00,0,0,0,1,1,1
H5,604,2017,620291,     11.00,     11.00,     11.00,     11.00,0,0,0,1,1,1
H5,604,2017,620292,     11.00,     11.00,     11.00,     11.00,0,0,0,1,1,1
H5,604,2017,620293,     11.00,     11.00,     11.00,     11.00,0,0,0,1,1,1
H5,604,2017,620299,     11.00,     11.00,     11.00,     11.00,0,0,0,1,1,1
H5,604,2017,620311,     11.00,     11.00,     11.00,     11.00,0,0,0,1,1,1
H5,604,2017,620312,     11.00,     11.00,     11.00,     11.00,0,0,0,1,1,1
H5,604,2017,620319,     11.00,     11.00,     11.00,     11.00,0,0,0,1,1,1
H5,604,2017,620322,     11.00,     11.00,     11.00,     11.00,0,0,0,1,1,1
H5,604,2017,620323,     11.00,     11.00,     11.00,     11.00,0,0,0,1,1,1
H5,604,2017,620329,     22.00,     11.00,     11.00,     11.00,0,0,0,2,2,2
H5,604,2017,620331,     11.00,     11.00,     11.00,     11.00,0,0,0,1,1,1
H5,604,2017,620332,     11.00,     11.00,     11.00,     11.00,0,0,0,1,1,1
H5,604,2017,620333,     11.00,     11.00,     11.00,     11.00,0,0,0,1,1,1
H5,604,2017,620339,     11.00,     11.00,     11.00,     11.00,0,0,0,1,1,1
H5,604,2017,620341,     11.00,     11.00,     11.00,     11.00,0,0,0,1,1,1
H5,604,2017,620342,     66.00,     11.00,     11.00,     11.00,0,0,0,6,6,6
H5,604,2017,620343,     11.00,     11.00,     11.00,     11.00,0,0,0,1,1,1
H5,604,2017,620349,     11.00,     11.00,     11.00,     11.00,0,0,0,1,1,1
H5,604,2017,620411,     11.00,     11.00,     11.00,     11.00,0,0,0,1,1,1
H5,604,2017,620412,     11.00,     11.00,     11.00,     11.00,0,0,0,1,1,1
H5,604,2017,620413,     11.00,     11.00,     11.00,     11.00,0,0,0,1,1,1
H5,604,2017,620419,     11.00,     11.00,     11.00,     11.00,0,0,0,1,1,1
H5,604,2017,620421,     11.00,     11.00,     11.00,     11.00,0,0,0,1,1,1
H5,604,2017,620422,     11.00,     11.00,     11.00,     11.00,0,0,0,1,1,1
H5,604,2017,620423,     11.00,     11.00,     11.00,     11.00,0,0,0,1,1,1
H5,604,2017,620429,     11.00,     11.00,     11.00,     11.00,0,0,0,1,1,1
H5,604,2017,620431,     11.00,     11.00,     11.00,     11.00,0,0,0,1,1,1
H5,604,2017,620432,     11.00,     11.00,     11.00,     11.00,0,0,0,1,1,1
H5,604,2017,620433,     11.00,     11.00,     11.00,     11.00,0,0,0,1,1,1
H5,604,2017,620439,     11.00,     11.00,     11.00,     11.00,0,0,0,1,1,1
H5,604,2017,620441,     11.00,     11.00,     11.00,     11.00,0,0,0,1,1,1
H5,604,2017,620442,     11.00,     11.00,     11.00,     11.00,0,0,0,1,1,1
H5,604,2017,620443,     11.00,     11.00,     11.00,     11.00,0,0,0,1,1,1
H5,604,2017,620444,     11.00,     11.00,     11.00,     11.00,0,0,0,1,1,1
H5,604,2017,620449,     11.00,     11.00,     11.00,     11.00,0,0,0,1,1,1
H5,604,2017,620451,     11.00,     11.00,     11.00,     11.00,0,0,0,1,1,1
H5,604,2017,620452,     11.00,     11.00,     11.00,     11.00,0,0,0,1,1,1
H5,604,2017,620453,     11.00,     11.00,     11.00,     11.00,0,0,0,1,1,1
H5,604,2017,620459,     11.00,     11.00,     11.00,     11.00,0,0,0,1,1,1
H5,604,2017,620461,     11.00,     11.00,     11.00,     11.00,0,0,0,1,1,1
H5,604,2017,620462,     11.00,     11.00,     11.00,     11.00,0,0,0,1,1,1
H5,604,2017,620463,     11.00,     11.00,     11.00,     11.00,0,0,0,1,1,1
H5,604,2017,620469,     11.00,     11.00,     11.00,     11.00,0,0,0,1,1,1
H5,604,2017,620520,     11.00,     11.00,     11.00,     11.00,0,0,0,1,1,1
H5,604,2017,620530,     11.00,     11.00,     11.00,     11.00,0,0,0,1,1,1
H5,604,2017,620590,     22.00,     11.00,     11.00,     11.00,0,0,0,2,2,2
H5,604,2017,620610,     11.00,     11.00,     11.00,     11.00,0,0,0,1,1,1
H5,604,2017,620620,     11.00,     11.00,     11.00,     11.00,0,0,0,1,1,1
H5,604,2017,620630,     11.00,     11.00,     11.00,     11.00,0,0,0,1,1,1
H5,604,2017,620640,     11.00,     11.00,     11.00,     11.00,0,0,0,1,1,1
H5,604,2017,620690,     11.00,     11.00,     11.00,     11.00,0,0,0,1,1,1
H5,604,2017,620711,     11.00,     11.00,     11.00,     11.00,0,0,0,1,1,1
H5,604,2017,620719,     11.00,     11.00,     11.00,     11.00,0,0,0,1,1,1
H5,604,2017,620721,     11.00,     11.00,     11.00,     11.00,0,0,0,1,1,1
H5,604,2017,620722,     11.00,     11.00,     11.00,     11.00,0,0,0,1,1,1
H5,604,2017,620729,     11.00,     11.00,     11.00,     11.00,0,0,0,1,1,1
H5,604,2017,620791,     11.00,     11.00,     11.00,     11.00,0,0,0,1,1,1
H5,604,2017,620799,     22.00,     11.00,     11.00,     11.00,0,0,0,2,2,2
H5,604,2017,620811,     11.00,     11.00,     11.00,     11.00,0,0,0,1,1,1
H5,604,2017,620819,     11.00,     11.00,     11.00,     11.00,0,0,0,1,1,1
H5,604,2017,620821,     11.00,     11.00,     11.00,     11.00,0,0,0,1,1,1
H5,604,2017,620822,     11.00,     11.00,     11.00,     11.00,0,0,0,1,1,1
H5,604,2017,620829,     11.00,     11.00,     11.00,     11.00,0,0,0,1,1,1
H5,604,2017,620891,     11.00,     11.00,     11.00,     11.00,0,0,0,1,1,1
H5,604,2017,620892,     11.00,     11.00,     11.00,     11.00,0,0,0,1,1,1
H5,604,2017,620899,     11.00,     11.00,     11.00,     11.00,0,0,0,1,1,1
H5,604,2017,620920,     11.00,     11.00,     11.00,     11.00,0,0,0,1,1,1
H5,604,2017,620930,     11.00,     11.00,     11.00,     11.00,0,0,0,1,1,1
H5,604,2017,620990,     22.00,     11.00,     11.00,     11.00,0,0,0,2,2,2
H5,604,2017,621010,     11.00,     11.00,     11.00,     11.00,0,0,0,1,1,1
H5,604,2017,621020,     11.00,     11.00,     11.00,     11.00,0,0,0,1,1,1
H5,604,2017,621030,     11.00,     11.00,     11.00,     11.00,0,0,0,1,1,1
H5,604,2017,621040,     11.00,     11.00,     11.00,     11.00,0,0,0,1,1,1
H5,604,2017,621050,     11.00,     11.00,     11.00,     11.00,0,0,0,1,1,1
H5,604,2017,621111,     11.00,     11.00,     11.00,     11.00,0,0,0,1,1,1
H5,604,2017,621112,     11.00,     11.00,     11.00,     11.00,0,0,0,1,1,1
H5,604,2017,621120,     11.00,     11.00,     11.00,     11.00,0,0,0,1,1,1
H5,604,2017,621132,     11.00,     11.00,     11.00,     11.00,0,0,0,1,1,1
H5,604,2017,621133,     11.00,     11.00,     11.00,     11.00,0,0,0,1,1,1
H5,604,2017,621139,     22.00,     11.00,     11.00,     11.00,0,0,0,2,2,2
H5,604,2017,621142,     11.00,     11.00,     11.00,     11.00,0,0,0,1,1,1
H5,604,2017,621143,     11.00,     11.00,     11.00,     11.00,0,0,0,1,1,1
H5,604,2017,621149,     22.00,     11.00,     11.00,     11.00,0,0,0,2,2,2
H5,604,2017,621210,     11.00,     11.00,     11.00,     11.00,0,0,0,1,1,1
H5,604,2017,621220,     11.00,     11.00,     11.00,     11.00,0,0,0,1,1,1
H5,604,2017,621230,     11.00,     11.00,     11.00,     11.00,0,0,0,1,1,1
H5,604,2017,621290,     11.00,     11.00,     11.00,     11.00,0,0,0,1,1,1
H5,604,2017,621320,     11.00,     11.00,     11.00,     11.00,0,0,0,1,1,1
H5,604,2017,621390,     22.00,     11.00,     11.00,     11.00,0,0,0,2,2,2
H5,604,2017,621410,     11.00,     11.00,     11.00,     11.00,0,0,0,1,1,1
H5,604,2017,621420,     11.00,     11.00,     11.00,     11.00,0,0,0,1,1,1
H5,604,2017,621430,     11.00,     11.00,     11.00,     11.00,0,0,0,1,1,1
H5,604,2017,621440,     11.00,     11.00,     11.00,     11.00,0,0,0,1,1,1
H5,604,2017,621490,     11.00,     11.00,     11.00,     11.00,0,0,0,1,1,1
H5,604,2017,621510,     11.00,     11.00,     11.00,     11.00,0,0,0,1,1,1
H5,604,2017,621520,     11.00,     11.00,     11.00,     11.00,0,0,0,1,1,1
H5,604,2017,621590,     11.00,     11.00,     11.00,     11.00,0,0,0,1,1,1
H5,604,2017,621600,     17.00,      6.00,     11.00,      8.50,0,0,0,2,2,2
H5,604,2017,621710,     11.00,     11.00,     11.00,     11.00,0,0,0,1,1,1
H5,604,2017,621790,     11.00,     11.00,     11.00,     11.00,0,0,0,1,1,1
H5,604,2017,630110,     11.00,     11.00,     11.00,     11.00,0,0,0,1,1,1
H5,604,2017,630120,     33.00,     11.00,     11.00,     11.00,0,0,0,3,3,3
H5,604,2017,630130,     11.00,     11.00,     11.00,     11.00,0,0,0,1,1,1
H5,604,2017,630140,     11.00,     11.00,     11.00,     11.00,0,0,0,1,1,1
H5,604,2017,630190,     11.00,     11.00,     11.00,     11.00,0,0,0,1,1,1
H5,604,2017,630210,     22.00,     11.00,     11.00,     11.00,0,0,0,2,2,2
H5,604,2017,630221,     11.00,     11.00,     11.00,     11.00,0,0,0,1,1,1
H5,604,2017,630222,     11.00,     11.00,     11.00,     11.00,0,0,0,1,1,1
H5,604,2017,630229,     11.00,     11.00,     11.00,     11.00,0,0,0,1,1,1
H5,604,2017,630231,     11.00,     11.00,     11.00,     11.00,0,0,0,1,1,1
H5,604,2017,630232,     11.00,     11.00,     11.00,     11.00,0,0,0,1,1,1
H5,604,2017,630239,     11.00,     11.00,     11.00,     11.00,0,0,0,1,1,1
H5,604,2017,630240,     22.00,     11.00,     11.00,     11.00,0,0,0,2,2,2
H5,604,2017,630251,     11.00,     11.00,     11.00,     11.00,0,0,0,1,1,1
H5,604,2017,630253,     11.00,     11.00,     11.00,     11.00,0,0,0,1,1,1
H5,604,2017,630259,     22.00,     11.00,     11.00,     11.00,0,0,0,2,2,2
H5,604,2017,630260,     11.00,     11.00,     11.00,     11.00,0,0,0,1,1,1
H5,604,2017,630291,     11.00,     11.00,     11.00,     11.00,0,0,0,1,1,1
H5,604,2017,630293,     11.00,     11.00,     11.00,     11.00,0,0,0,1,1,1
H5,604,2017,630299,     22.00,     11.00,     11.00,     11.00,0,0,0,2,2,2
H5,604,2017,630312,     11.00,     11.00,     11.00,     11.00,0,0,0,1,1,1
H5,604,2017,630319,     22.00,     11.00,     11.00,     11.00,0,0,0,2,2,2
H5,604,2017,630391,     11.00,     11.00,     11.00,     11.00,0,0,0,1,1,1
H5,604,2017,630392,     11.00,     11.00,     11.00,     11.00,0,0,0,1,1,1
H5,604,2017,630399,     11.00,     11.00,     11.00,     11.00,0,0,0,1,1,1
H5,604,2017,630411,     11.00,     11.00,     11.00,     11.00,0,0,0,1,1,1
H5,604,2017,630419,     11.00,     11.00,     11.00,     11.00,0,0,0,1,1,1
H5,604,2017,630420,     11.00,     11.00,     11.00,     11.00,0,0,0,1,1,1
H5,604,2017,630491,     11.00,     11.00,     11.00,     11.00,0,0,0,1,1,1
H5,604,2017,630492,     11.00,     11.00,     11.00,     11.00,0,0,0,1,1,1
H5,604,2017,630493,     11.00,     11.00,     11.00,     11.00,0,0,0,1,1,1
H5,604,2017,630499,     11.00,     11.00,     11.00,     11.00,0,0,0,1,1,1
H5,604,2017,630510,     22.00,     11.00,     11.00,     11.00,0,0,0,2,2,2
H5,604,2017,630520,     11.00,     11.00,     11.00,     11.00,0,0,0,1,1,1
H5,604,2017,630532,     11.00,     11.00,     11.00,     11.00,0,0,0,1,1,1
H5,604,2017,630533,     22.00,     11.00,     11.00,     11.00,0,0,0,2,2,2
H5,604,2017,630539,     11.00,     11.00,     11.00,     11.00,0,0,0,1,1,1
H5,604,2017,630590,     22.00,     11.00,     11.00,     11.00,0,0,0,2,2,2
H5,604,2017,630612,     11.00,     11.00,     11.00,     11.00,0,0,0,1,1,1
H5,604,2017,630619,     22.00,     11.00,     11.00,     11.00,0,0,0,2,2,2
H5,604,2017,630622,     11.00,     11.00,     11.00,     11.00,0,0,0,1,1,1
H5,604,2017,630629,     11.00,     11.00,     11.00,     11.00,0,0,0,1,1,1
H5,604,2017,630630,     11.00,     11.00,     11.00,     11.00,0,0,0,1,1,1
H5,604,2017,630640,     11.00,     11.00,     11.00,     11.00,0,0,0,1,1,1
H5,604,2017,630690,     22.00,     11.00,     11.00,     11.00,0,0,0,2,2,2
H5,604,2017,630710,     11.00,     11.00,     11.00,     11.00,0,0,0,1,1,1
H5,604,2017,630720,      6.00,      6.00,      6.00,      6.00,0,0,0,1,1,1
H5,604,2017,630790,     55.00,     11.00,     11.00,     11.00,0,0,0,5,5,5
H5,604,2017,630800,     11.00,     11.00,     11.00,     11.00,0,0,0,1,1,1
H5,604,2017,630900,     11.00,     11.00,     11.00,     11.00,0,0,0,1,1,1
H5,604,2017,631010,      0.00,      0.00,      0.00,      0.00,0,2,0,0,2,2
H5,604,2017,631090,      0.00,      0.00,      0.00,      0.00,0,1,0,0,1,1
H5,604,2017,640110,     11.00,     11.00,     11.00,     11.00,0,0,0,1,1,1
H5,604,2017,640192,     11.00,     11.00,     11.00,     11.00,0,0,0,1,1,1
H5,604,2017,640199,     11.00,     11.00,     11.00,     11.00,0,0,0,1,1,1
H5,604,2017,640212,     11.00,     11.00,     11.00,     11.00,0,0,0,1,1,1
H5,604,2017,640219,     11.00,     11.00,     11.00,     11.00,0,0,0,1,1,1
H5,604,2017,640220,     11.00,     11.00,     11.00,     11.00,0,0,0,1,1,1
H5,604,2017,640291,     11.00,     11.00,     11.00,     11.00,0,0,0,1,1,1
H5,604,2017,640299,     22.00,     11.00,     11.00,     11.00,0,0,0,2,2,2
H5,604,2017,640312,     11.00,     11.00,     11.00,     11.00,0,0,0,1,1,1
H5,604,2017,640319,     11.00,     11.00,     11.00,     11.00,0,0,0,1,1,1
H5,604,2017,640320,     11.00,     11.00,     11.00,     11.00,0,0,0,1,1,1
H5,604,2017,640340,     11.00,     11.00,     11.00,     11.00,0,0,0,1,1,1
H5,604,2017,640351,     11.00,     11.00,     11.00,     11.00,0,0,0,1,1,1
H5,604,2017,640359,     11.00,     11.00,     11.00,     11.00,0,0,0,1,1,1
H5,604,2017,640391,     22.00,     11.00,     11.00,     11.00,0,0,0,2,2,2
H5,604,2017,640399,     22.00,     11.00,     11.00,     11.00,0,0,0,2,2,2
H5,604,2017,640411,     22.00,     11.00,     11.00,     11.00,0,0,0,2,2,2
H5,604,2017,640419,     11.00,     11.00,     11.00,     11.00,0,0,0,1,1,1
H5,604,2017,640420,     11.00,     11.00,     11.00,     11.00,0,0,0,1,1,1
H5,604,2017,640510,     11.00,     11.00,     11.00,     11.00,0,0,0,1,1,1
H5,604,2017,640520,     11.00,     11.00,     11.00,     11.00,0,0,0,1,1,1
H5,604,2017,640590,     11.00,     11.00,     11.00,     11.00,0,0,0,1,1,1
H5,604,2017,640610,     11.00,     11.00,     11.00,     11.00,0,0,0,1,1,1
H5,604,2017,640620,     11.00,     11.00,     11.00,     11.00,0,0,0,1,1,1
H5,604,2017,640690,     22.00,     11.00,     11.00,     11.00,0,0,0,2,2,2
H5,604,2017,650100,      0.00,      0.00,      0.00,      0.00,0,1,0,0,1,1
H5,604,2017,650200,      0.00,      0.00,      0.00,      0.00,0,2,0,0,2,2
H5,604,2017,650400,      6.00,      6.00,      6.00,      6.00,0,0,0,1,1,1
H5,604,2017,650500,     18.00,      6.00,      6.00,      6.00,0,0,0,3,3,3
H5,604,2017,650610,      6.00,      6.00,      6.00,      6.00,0,0,0,1,1,1
H5,604,2017,650691,      6.00,      6.00,      6.00,      6.00,0,0,0,1,1,1
H5,604,2017,650699,      6.00,      6.00,      6.00,      6.00,0,0,0,1,1,1
H5,604,2017,650700,      0.00,      0.00,      0.00,      0.00,0,1,0,0,1,1
H5,604,2017,660110,      6.00,      6.00,      6.00,      6.00,0,0,0,1,1,1
H5,604,2017,660191,      6.00,      6.00,      6.00,      6.00,0,0,0,1,1,1
H5,604,2017,660199,      6.00,      6.00,      6.00,      6.00,0,0,0,1,1,1
H5,604,2017,660200,      6.00,      6.00,      6.00,      6.00,0,0,0,1,1,1
H5,604,2017,660320,      0.00,      0.00,      0.00,      0.00,0,1,0,0,1,1
H5,604,2017,660390,      0.00,      0.00,      0.00,      0.00,0,1,0,0,1,1
H5,604,2017,670100,      0.00,      0.00,      0.00,      0.00,0,1,0,0,1,1
H5,604,2017,670210,      6.00,      6.00,      6.00,      6.00,0,0,0,1,1,1
H5,604,2017,670290,      6.00,      6.00,      6.00,      6.00,0,0,0,1,1,1
H5,604,2017,670300,      0.00,      0.00,      0.00,      0.00,0,1,0,0,1,1
H5,604,2017,670411,      6.00,      6.00,      6.00,      6.00,0,0,0,1,1,1
H5,604,2017,670419,      6.00,      6.00,      6.00,      6.00,0,0,0,1,1,1
H5,604,2017,670420,      6.00,      6.00,      6.00,      6.00,0,0,0,1,1,1
H5,604,2017,670490,      6.00,      6.00,      6.00,      6.00,0,0,0,1,1,1
H5,604,2017,680100,      0.00,      0.00,      0.00,      0.00,0,1,0,0,1,1
H5,604,2017,680210,      0.00,      0.00,      0.00,      0.00,0,1,0,0,1,1
H5,604,2017,680221,      0.00,      0.00,      0.00,      0.00,0,1,0,0,1,1
H5,604,2017,680223,      0.00,      0.00,      0.00,      0.00,0,1,0,0,1,1
H5,604,2017,680229,      0.00,      0.00,      0.00,      0.00,0,2,0,0,2,2
H5,604,2017,680291,      0.00,      0.00,      0.00,      0.00,0,1,0,0,1,1
H5,604,2017,680292,      0.00,      0.00,      0.00,      0.00,0,1,0,0,1,1
H5,604,2017,680293,      0.00,      0.00,      0.00,      0.00,0,1,0,0,1,1
H5,604,2017,680299,      0.00,      0.00,      0.00,      0.00,0,1,0,0,1,1
H5,604,2017,680300,      0.00,      0.00,      0.00,      0.00,0,1,0,0,1,1
H5,604,2017,680410,      0.00,      0.00,      0.00,      0.00,0,1,0,0,1,1
H5,604,2017,680421,      0.00,      0.00,      0.00,      0.00,0,1,0,0,1,1
H5,604,2017,680422,      0.00,      0.00,      0.00,      0.00,0,1,0,0,1,1
H5,604,2017,680423,      0.00,      0.00,      0.00,      0.00,0,1,0,0,1,1
H5,604,2017,680430,      0.00,      0.00,      0.00,      0.00,0,1,0,0,1,1
H5,604,2017,680510,      6.00,      6.00,      6.00,      6.00,0,0,0,1,1,1
H5,604,2017,680520,      6.00,      6.00,      6.00,      6.00,0,0,0,1,1,1
H5,604,2017,680530,      6.00,      6.00,      6.00,      6.00,0,0,0,1,1,1
H5,604,2017,680610,      0.00,      0.00,      0.00,      0.00,0,1,0,0,1,1
H5,604,2017,680620,      0.00,      0.00,      0.00,      0.00,0,1,0,0,1,1
H5,604,2017,680690,      0.00,      0.00,      0.00,      0.00,0,1,0,0,1,1
H5,604,2017,680710,      0.00,      0.00,      0.00,      0.00,0,1,0,0,1,1
H5,604,2017,680790,      0.00,      0.00,      0.00,      0.00,0,1,0,0,1,1
H5,604,2017,680800,      0.00,      0.00,      0.00,      0.00,0,1,0,0,1,1
H5,604,2017,680911,      0.00,      0.00,      0.00,      0.00,0,1,0,0,1,1
H5,604,2017,680919,      6.00,      6.00,      6.00,      6.00,0,0,0,1,1,1
H5,604,2017,680990,      6.00,      6.00,      6.00,      6.00,0,0,0,1,1,1
H5,604,2017,681011,      0.00,      0.00,      0.00,      0.00,0,1,0,0,1,1
H5,604,2017,681019,      0.00,      0.00,      0.00,      0.00,0,1,0,0,1,1
H5,604,2017,681091,      0.00,      0.00,      0.00,      0.00,0,1,0,0,1,1
H5,604,2017,681099,      0.00,      0.00,      0.00,      0.00,0,1,0,0,1,1
H5,604,2017,681140,      0.00,      0.00,      0.00,      0.00,0,3,0,0,3,3
H5,604,2017,681181,      0.00,      0.00,      0.00,      0.00,0,1,0,0,1,1
H5,604,2017,681182,      0.00,      0.00,      0.00,      0.00,0,1,0,0,1,1
H5,604,2017,681189,      0.00,      0.00,      0.00,      0.00,0,1,0,0,1,1
H5,604,2017,681280,      0.00,      0.00,      0.00,      0.00,0,4,0,0,4,4
H5,604,2017,681291,      0.00,      0.00,      0.00,      0.00,0,1,0,0,1,1
H5,604,2017,681292,      0.00,      0.00,      0.00,      0.00,0,1,0,0,1,1
H5,604,2017,681293,      0.00,      0.00,      0.00,      0.00,0,1,0,0,1,1
H5,604,2017,681299,      0.00,      0.00,      0.00,      0.00,0,6,0,0,6,6
H5,604,2017,681320,      6.00,      6.00,      6.00,      6.00,0,0,0,1,1,1
H5,604,2017,681381,      6.00,      6.00,      6.00,      6.00,0,0,0,1,1,1
H5,604,2017,681389,      6.00,      6.00,      6.00,      6.00,0,0,0,1,1,1
H5,604,2017,681410,      0.00,      0.00,      0.00,      0.00,0,1,0,0,1,1
H5,604,2017,681490,      0.00,      0.00,      0.00,      0.00,0,1,0,0,1,1
H5,604,2017,681510,      0.00,      0.00,      0.00,      0.00,0,1,0,0,1,1
H5,604,2017,681520,      0.00,      0.00,      0.00,      0.00,0,1,0,0,1,1
H5,604,2017,681591,      0.00,      0.00,      0.00,      0.00,0,1,0,0,1,1
H5,604,2017,681599,      0.00,      0.00,      0.00,      0.00,0,1,0,0,1,1
H5,604,2017,690100,      0.00,      0.00,      0.00,      0.00,0,1,0,0,1,1
H5,604,2017,690210,      0.00,      0.00,      0.00,      0.00,0,1,0,0,1,1
H5,604,2017,690220,      0.00,      0.00,      0.00,      0.00,0,2,0,0,2,2
H5,604,2017,690290,      0.00,      0.00,      0.00,      0.00,0,1,0,0,1,1
H5,604,2017,690310,      0.00,      0.00,      0.00,      0.00,0,2,0,0,2,2
H5,604,2017,690320,      0.00,      0.00,      0.00,      0.00,0,2,0,0,2,2
H5,604,2017,690390,      0.00,      0.00,      0.00,      0.00,0,2,0,0,2,2
H5,604,2017,690410,      0.00,      0.00,      0.00,      0.00,0,1,0,0,1,1
H5,604,2017,690490,      0.00,      0.00,      0.00,      0.00,0,1,0,0,1,1
H5,604,2017,690510,      0.00,      0.00,      0.00,      0.00,0,1,0,0,1,1
H5,604,2017,690590,      0.00,      0.00,      0.00,      0.00,0,1,0,0,1,1
H5,604,2017,690600,      0.00,      0.00,      0.00,      0.00,0,1,0,0,1,1
H5,604,2017,690721,      0.00,      0.00,      0.00,      0.00,0,1,0,0,1,1
H5,604,2017,690722,      0.00,      0.00,      0.00,      0.00,0,1,0,0,1,1
H5,604,2017,690723,      0.00,      0.00,      0.00,      0.00,0,1,0,0,1,1
H5,604,2017,690730,      0.00,      0.00,      0.00,      0.00,0,1,0,0,1,1
H5,604,2017,690740,      0.00,      0.00,      0.00,      0.00,0,1,0,0,1,1
H5,604,2017,690911,      0.00,      0.00,      0.00,      0.00,0,1,0,0,1,1
H5,604,2017,690912,      6.00,      6.00,      6.00,      6.00,0,0,0,1,1,1
H5,604,2017,690919,      0.00,      0.00,      0.00,      0.00,0,1,0,0,1,1
H5,604,2017,690990,      6.00,      6.00,      6.00,      6.00,0,0,0,1,1,1
H5,604,2017,691010,      0.00,      0.00,      0.00,      0.00,0,1,0,0,1,1
H5,604,2017,691090,      0.00,      0.00,      0.00,      0.00,0,1,0,0,1,1
H5,604,2017,691110,      6.00,      6.00,      6.00,      6.00,0,0,0,1,1,1
H5,604,2017,691190,      6.00,      6.00,      6.00,      6.00,0,0,0,1,1,1
H5,604,2017,691200,      6.00,      6.00,      6.00,      6.00,0,0,0,1,1,1
H5,604,2017,691310,      6.00,      6.00,      6.00,      6.00,0,0,0,1,1,1
H5,604,2017,691390,      6.00,      6.00,      6.00,      6.00,0,0,0,1,1,1
H5,604,2017,691410,      6.00,      6.00,      6.00,      6.00,0,0,0,1,1,1
H5,604,2017,691490,      6.00,      6.00,      6.00,      6.00,0,0,0,1,1,1
H5,604,2017,700100,      0.00,      0.00,      0.00,      0.00,0,2,0,0,2,2
H5,604,2017,700210,      0.00,      0.00,      0.00,      0.00,0,1,0,0,1,1
H5,604,2017,700220,      0.00,      0.00,      0.00,      0.00,0,1,0,0,1,1
H5,604,2017,700231,      0.00,      0.00,      0.00,      0.00,0,1,0,0,1,1
H5,604,2017,700232,      0.00,      0.00,      0.00,      0.00,0,1,0,0,1,1
H5,604,2017,700239,      0.00,      0.00,      0.00,      0.00,0,1,0,0,1,1
H5,604,2017,700312,      0.00,      0.00,      0.00,      0.00,0,2,0,0,2,2
H5,604,2017,700319,      0.00,      0.00,      0.00,      0.00,0,2,0,0,2,2
H5,604,2017,700320,      0.00,      0.00,      0.00,      0.00,0,1,0,0,1,1
H5,604,2017,700330,      0.00,      0.00,      0.00,      0.00,0,1,0,0,1,1
H5,604,2017,700420,      0.00,      0.00,      0.00,      0.00,0,2,0,0,2,2
H5,604,2017,700490,      0.00,      0.00,      0.00,      0.00,0,2,0,0,2,2
H5,604,2017,700510,      0.00,      0.00,      0.00,      0.00,0,1,0,0,1,1
H5,604,2017,700521,      0.00,      0.00,      0.00,      0.00,0,3,0,0,3,3
H5,604,2017,700529,      0.00,      0.00,      0.00,      0.00,0,2,0,0,2,2
H5,604,2017,700530,      0.00,      0.00,      0.00,      0.00,0,1,0,0,1,1
H5,604,2017,700600,      0.00,      0.00,      0.00,      0.00,0,1,0,0,1,1
H5,604,2017,700711,      6.00,      6.00,      6.00,      6.00,0,0,0,1,1,1
H5,604,2017,700719,      6.00,      6.00,      6.00,      6.00,0,0,0,1,1,1
H5,604,2017,700721,      6.00,      6.00,      6.00,      6.00,0,0,0,1,1,1
H5,604,2017,700729,      6.00,      6.00,      6.00,      6.00,0,0,0,1,1,1
H5,604,2017,700800,      0.00,      0.00,      0.00,      0.00,0,1,0,0,1,1
H5,604,2017,700910,      0.00,      0.00,      0.00,      0.00,0,1,0,0,1,1
H5,604,2017,700991,      6.00,      6.00,      6.00,      6.00,0,0,0,1,1,1
H5,604,2017,700992,      6.00,      6.00,      6.00,      6.00,0,0,0,1,1,1
H5,604,2017,701010,      6.00,      6.00,      6.00,      6.00,0,0,0,1,1,1
H5,604,2017,701020,      6.00,      6.00,      6.00,      6.00,0,0,0,1,1,1
H5,604,2017,701090,     24.00,      6.00,      6.00,      6.00,0,0,0,4,4,4
H5,604,2017,701110,      6.00,      6.00,      6.00,      6.00,0,0,0,1,1,1
H5,604,2017,701120,      0.00,      0.00,      0.00,      0.00,0,1,0,0,1,1
H5,604,2017,701190,      6.00,      6.00,      6.00,      6.00,0,0,0,1,1,1
H5,604,2017,701310,      6.00,      6.00,      6.00,      6.00,0,0,0,1,1,1
H5,604,2017,701322,      6.00,      6.00,      6.00,      6.00,0,0,0,1,1,1
H5,604,2017,701328,      6.00,      6.00,      6.00,      6.00,0,0,0,1,1,1
H5,604,2017,701333,      6.00,      6.00,      6.00,      6.00,0,0,0,1,1,1
H5,604,2017,701337,      6.00,      6.00,      6.00,      6.00,0,0,0,1,1,1
H5,604,2017,701341,      6.00,      6.00,      6.00,      6.00,0,0,0,1,1,1
H5,604,2017,701342,      6.00,      6.00,      6.00,      6.00,0,0,0,1,1,1
H5,604,2017,701349,      6.00,      6.00,      6.00,      6.00,0,0,0,1,1,1
H5,604,2017,701391,      6.00,      6.00,      6.00,      6.00,0,0,0,1,1,1
H5,604,2017,701399,      6.00,      6.00,      6.00,      6.00,0,0,0,1,1,1
H5,604,2017,701400,      6.00,      6.00,      6.00,      6.00,0,0,0,1,1,1
H5,604,2017,701510,      0.00,      0.00,      0.00,      0.00,0,1,0,0,1,1
H5,604,2017,701590,      0.00,      0.00,      0.00,      0.00,0,1,0,0,1,1
H5,604,2017,701610,      0.00,      0.00,      0.00,      0.00,0,1,0,0,1,1
H5,604,2017,701690,      0.00,      0.00,      0.00,      0.00,0,3,0,0,3,3
H5,604,2017,701710,      0.00,      0.00,      0.00,      0.00,0,1,0,0,1,1
H5,604,2017,701720,      0.00,      0.00,      0.00,      0.00,0,1,0,0,1,1
H5,604,2017,701790,      0.00,      0.00,      0.00,      0.00,0,1,0,0,1,1
H5,604,2017,701810,      6.00,      6.00,      6.00,      6.00,0,0,0,1,1,1
H5,604,2017,701820,      0.00,      0.00,      0.00,      0.00,0,1,0,0,1,1
H5,604,2017,701890,      0.00,      0.00,      0.00,      0.00,0,2,0,0,2,2
H5,604,2017,701911,      0.00,      0.00,      0.00,      0.00,0,1,0,0,1,1
H5,604,2017,701912,      0.00,      0.00,      0.00,      0.00,0,1,0,0,1,1
H5,604,2017,701919,      0.00,      0.00,      0.00,      0.00,0,1,0,0,1,1
H5,604,2017,701931,      0.00,      0.00,      0.00,      0.00,0,1,0,0,1,1
H5,604,2017,701932,      0.00,      0.00,      0.00,      0.00,0,1,0,0,1,1
H5,604,2017,701939,      0.00,      0.00,      0.00,      0.00,0,1,0,0,1,1
H5,604,2017,701940,      0.00,      0.00,      0.00,      0.00,0,1,0,0,1,1
H5,604,2017,701951,      0.00,      0.00,      0.00,      0.00,0,1,0,0,1,1
H5,604,2017,701952,      0.00,      0.00,      0.00,      0.00,0,1,0,0,1,1
H5,604,2017,701959,      0.00,      0.00,      0.00,      0.00,0,1,0,0,1,1
H5,604,2017,701990,      0.00,      0.00,      0.00,      0.00,0,2,0,0,2,2
H5,604,2017,702000,      6.00,      0.00,      6.00,      3.00,0,1,0,1,2,2
H5,604,2017,710110,      0.00,      0.00,      0.00,      0.00,0,1,0,0,1,1
H5,604,2017,710121,      0.00,      0.00,      0.00,      0.00,0,1,0,0,1,1
H5,604,2017,710122,      0.00,      0.00,      0.00,      0.00,0,1,0,0,1,1
H5,604,2017,710210,      0.00,      0.00,      0.00,      0.00,0,1,0,0,1,1
H5,604,2017,710221,      0.00,      0.00,      0.00,      0.00,0,1,0,0,1,1
H5,604,2017,710229,      0.00,      0.00,      0.00,      0.00,0,1,0,0,1,1
H5,604,2017,710231,      0.00,      0.00,      0.00,      0.00,0,1,0,0,1,1
H5,604,2017,710239,      0.00,      0.00,      0.00,      0.00,0,1,0,0,1,1
H5,604,2017,710310,      0.00,      0.00,      0.00,      0.00,0,3,0,0,3,3
H5,604,2017,710391,      0.00,      0.00,      0.00,      0.00,0,2,0,0,2,2
H5,604,2017,710399,      0.00,      0.00,      0.00,      0.00,0,2,0,0,2,2
H5,604,2017,710410,      0.00,      0.00,      0.00,      0.00,0,1,0,0,1,1
H5,604,2017,710420,      0.00,      0.00,      0.00,      0.00,0,1,0,0,1,1
H5,604,2017,710490,      0.00,      0.00,      0.00,      0.00,0,1,0,0,1,1
H5,604,2017,710510,      0.00,      0.00,      0.00,      0.00,0,1,0,0,1,1
H5,604,2017,710590,      0.00,      0.00,      0.00,      0.00,0,1,0,0,1,1
H5,604,2017,710610,      0.00,      0.00,      0.00,      0.00,0,1,0,0,1,1
H5,604,2017,710691,      0.00,      0.00,      0.00,      0.00,0,2,0,0,2,2
H5,604,2017,710692,      0.00,      0.00,      0.00,      0.00,0,1,0,0,1,1
H5,604,2017,710700,      0.00,      0.00,      0.00,      0.00,0,1,0,0,1,1
H5,604,2017,710811,      0.00,      0.00,      0.00,      0.00,0,1,0,0,1,1
H5,604,2017,710812,      0.00,      0.00,      0.00,      0.00,0,1,0,0,1,1
H5,604,2017,710813,      0.00,      0.00,      0.00,      0.00,0,1,0,0,1,1
H5,604,2017,710820,      0.00,      0.00,      0.00,      0.00,0,1,0,0,1,1
H5,604,2017,710900,      0.00,      0.00,      0.00,      0.00,0,1,0,0,1,1
H5,604,2017,711011,      0.00,      0.00,      0.00,      0.00,0,1,0,0,1,1
H5,604,2017,711019,      0.00,      0.00,      0.00,      0.00,0,1,0,0,1,1
H5,604,2017,711021,      0.00,      0.00,      0.00,      0.00,0,1,0,0,1,1
H5,604,2017,711029,      0.00,      0.00,      0.00,      0.00,0,1,0,0,1,1
H5,604,2017,711031,      0.00,      0.00,      0.00,      0.00,0,1,0,0,1,1
H5,604,2017,711039,      0.00,      0.00,      0.00,      0.00,0,1,0,0,1,1
H5,604,2017,711041,      0.00,      0.00,      0.00,      0.00,0,1,0,0,1,1
H5,604,2017,711049,      0.00,      0.00,      0.00,      0.00,0,1,0,0,1,1
H5,604,2017,711100,      0.00,      0.00,      0.00,      0.00,0,1,0,0,1,1
H5,604,2017,711230,      0.00,      0.00,      0.00,      0.00,0,1,0,0,1,1
H5,604,2017,711291,      0.00,      0.00,      0.00,      0.00,0,1,0,0,1,1
H5,604,2017,711292,      0.00,      0.00,      0.00,      0.00,0,1,0,0,1,1
H5,604,2017,711299,      0.00,      0.00,      0.00,      0.00,0,1,0,0,1,1
H5,604,2017,711311,      6.00,      6.00,      6.00,      6.00,0,0,0,1,1,1
H5,604,2017,711319,      6.00,      6.00,      6.00,      6.00,0,0,0,1,1,1
H5,604,2017,711320,      6.00,      6.00,      6.00,      6.00,0,0,0,1,1,1
H5,604,2017,711411,     12.00,      6.00,      6.00,      6.00,0,0,0,2,2,2
H5,604,2017,711419,      6.00,      6.00,      6.00,      6.00,0,0,0,1,1,1
H5,604,2017,711420,      6.00,      6.00,      6.00,      6.00,0,0,0,1,1,1
H5,604,2017,711510,      0.00,      0.00,      0.00,      0.00,0,1,0,0,1,1
H5,604,2017,711590,      0.00,      0.00,      0.00,      0.00,0,1,0,0,1,1
H5,604,2017,711610,      6.00,      6.00,      6.00,      6.00,0,0,0,1,1,1
H5,604,2017,711620,      6.00,      6.00,      6.00,      6.00,0,0,0,1,1,1
H5,604,2017,711711,      6.00,      6.00,      6.00,      6.00,0,0,0,1,1,1
H5,604,2017,711719,      6.00,      6.00,      6.00,      6.00,0,0,0,1,1,1
H5,604,2017,711790,      6.00,      6.00,      6.00,      6.00,0,0,0,1,1,1
H5,604,2017,711810,      6.00,      6.00,      6.00,      6.00,0,0,0,1,1,1
H5,604,2017,711890,      6.00,      6.00,      6.00,      6.00,0,0,0,1,1,1
H5,604,2017,720110,      0.00,      0.00,      0.00,      0.00,0,1,0,0,1,1
H5,604,2017,720120,      0.00,      0.00,      0.00,      0.00,0,1,0,0,1,1
H5,604,2017,720150,      0.00,      0.00,      0.00,      0.00,0,1,0,0,1,1
H5,604,2017,720211,      0.00,      0.00,      0.00,      0.00,0,1,0,0,1,1
H5,604,2017,720219,      0.00,      0.00,      0.00,      0.00,0,1,0,0,1,1
H5,604,2017,720221,      0.00,      0.00,      0.00,      0.00,0,1,0,0,1,1
H5,604,2017,720229,      0.00,      0.00,      0.00,      0.00,0,1,0,0,1,1
H5,604,2017,720230,      0.00,      0.00,      0.00,      0.00,0,1,0,0,1,1
H5,604,2017,720241,      0.00,      0.00,      0.00,      0.00,0,1,0,0,1,1
H5,604,2017,720249,      0.00,      0.00,      0.00,      0.00,0,1,0,0,1,1
H5,604,2017,720250,      0.00,      0.00,      0.00,      0.00,0,1,0,0,1,1
H5,604,2017,720260,      0.00,      0.00,      0.00,      0.00,0,1,0,0,1,1
H5,604,2017,720270,      0.00,      0.00,      0.00,      0.00,0,1,0,0,1,1
H5,604,2017,720280,      0.00,      0.00,      0.00,      0.00,0,1,0,0,1,1
H5,604,2017,720291,      0.00,      0.00,      0.00,      0.00,0,1,0,0,1,1
H5,604,2017,720292,      0.00,      0.00,      0.00,      0.00,0,1,0,0,1,1
H5,604,2017,720293,      0.00,      0.00,      0.00,      0.00,0,1,0,0,1,1
H5,604,2017,720299,      0.00,      0.00,      0.00,      0.00,0,1,0,0,1,1
H5,604,2017,720310,      0.00,      0.00,      0.00,      0.00,0,1,0,0,1,1
H5,604,2017,720390,      0.00,      0.00,      0.00,      0.00,0,1,0,0,1,1
H5,604,2017,720410,      0.00,      0.00,      0.00,      0.00,0,1,0,0,1,1
H5,604,2017,720421,      0.00,      0.00,      0.00,      0.00,0,1,0,0,1,1
H5,604,2017,720429,      0.00,      0.00,      0.00,      0.00,0,1,0,0,1,1
H5,604,2017,720430,      0.00,      0.00,      0.00,      0.00,0,1,0,0,1,1
H5,604,2017,720441,      0.00,      0.00,      0.00,      0.00,0,1,0,0,1,1
H5,604,2017,720449,      0.00,      0.00,      0.00,      0.00,0,1,0,0,1,1
H5,604,2017,720450,      0.00,      0.00,      0.00,      0.00,0,1,0,0,1,1
H5,604,2017,720510,      0.00,      0.00,      0.00,      0.00,0,1,0,0,1,1
H5,604,2017,720521,      0.00,      0.00,      0.00,      0.00,0,1,0,0,1,1
H5,604,2017,720529,      0.00,      0.00,      0.00,      0.00,0,1,0,0,1,1
H5,604,2017,720610,      0.00,      0.00,      0.00,      0.00,0,1,0,0,1,1
H5,604,2017,720690,      0.00,      0.00,      0.00,      0.00,0,1,0,0,1,1
H5,604,2017,720711,      0.00,      0.00,      0.00,      0.00,0,1,0,0,1,1
H5,604,2017,720712,      0.00,      0.00,      0.00,      0.00,0,1,0,0,1,1
H5,604,2017,720719,      0.00,      0.00,      0.00,      0.00,0,1,0,0,1,1
H5,604,2017,720720,      0.00,      0.00,      0.00,      0.00,0,1,0,0,1,1
H5,604,2017,720810,      0.00,      0.00,      0.00,      0.00,0,4,0,0,4,4
H5,604,2017,720825,      0.00,      0.00,      0.00,      0.00,0,2,0,0,2,2
H5,604,2017,720826,      0.00,      0.00,      0.00,      0.00,0,1,0,0,1,1
H5,604,2017,720827,      0.00,      0.00,      0.00,      0.00,0,1,0,0,1,1
H5,604,2017,720836,      0.00,      0.00,      0.00,      0.00,0,1,0,0,1,1
H5,604,2017,720837,      0.00,      0.00,      0.00,      0.00,0,2,0,0,2,2
H5,604,2017,720838,      0.00,      0.00,      0.00,      0.00,0,2,0,0,2,2
H5,604,2017,720839,      0.00,      0.00,      0.00,      0.00,0,3,0,0,3,3
H5,604,2017,720840,      0.00,      0.00,      0.00,      0.00,0,4,0,0,4,4
H5,604,2017,720851,      0.00,      0.00,      0.00,      0.00,0,2,0,0,2,2
H5,604,2017,720852,      0.00,      0.00,      0.00,      0.00,0,2,0,0,2,2
H5,604,2017,720853,      0.00,      0.00,      0.00,      0.00,0,1,0,0,1,1
H5,604,2017,720854,      0.00,      0.00,      0.00,      0.00,0,1,0,0,1,1
H5,604,2017,720890,      0.00,      0.00,      0.00,      0.00,0,1,0,0,1,1
H5,604,2017,720915,      0.00,      0.00,      0.00,      0.00,0,1,0,0,1,1
H5,604,2017,720916,      0.00,      0.00,      0.00,      0.00,0,1,0,0,1,1
H5,604,2017,720917,      0.00,      0.00,      0.00,      0.00,0,1,0,0,1,1
H5,604,2017,720918,      0.00,      0.00,      0.00,      0.00,0,2,0,0,2,2
H5,604,2017,720925,      0.00,      0.00,      0.00,      0.00,0,1,0,0,1,1
H5,604,2017,720926,      0.00,      0.00,      0.00,      0.00,0,1,0,0,1,1
H5,604,2017,720927,      0.00,      0.00,      0.00,      0.00,0,1,0,0,1,1
H5,604,2017,720928,      0.00,      0.00,      0.00,      0.00,0,1,0,0,1,1
H5,604,2017,720990,      0.00,      0.00,      0.00,      0.00,0,1,0,0,1,1
H5,604,2017,721011,      0.00,      0.00,      0.00,      0.00,0,1,0,0,1,1
H5,604,2017,721012,      0.00,      0.00,      0.00,      0.00,0,1,0,0,1,1
H5,604,2017,721020,      0.00,      0.00,      0.00,      0.00,0,1,0,0,1,1
H5,604,2017,721030,      0.00,      0.00,      0.00,      0.00,0,1,0,0,1,1
H5,604,2017,721041,      0.00,      0.00,      0.00,      0.00,0,1,0,0,1,1
H5,604,2017,721049,      0.00,      0.00,      0.00,      0.00,0,1,0,0,1,1
H5,604,2017,721050,      0.00,      0.00,      0.00,      0.00,0,1,0,0,1,1
H5,604,2017,721061,      0.00,      0.00,      0.00,      0.00,0,1,0,0,1,1
H5,604,2017,721069,      0.00,      0.00,      0.00,      0.00,0,1,0,0,1,1
H5,604,2017,721070,      0.00,      0.00,      0.00,      0.00,0,2,0,0,2,2
H5,604,2017,721090,      0.00,      0.00,      0.00,      0.00,0,1,0,0,1,1
H5,604,2017,721113,      0.00,      0.00,      0.00,      0.00,0,1,0,0,1,1
H5,604,2017,721114,      0.00,      0.00,      0.00,      0.00,0,1,0,0,1,1
H5,604,2017,721119,      0.00,      0.00,      0.00,      0.00,0,2,0,0,2,2
H5,604,2017,721123,      0.00,      0.00,      0.00,      0.00,0,1,0,0,1,1
H5,604,2017,721129,      0.00,      0.00,      0.00,      0.00,0,1,0,0,1,1
H5,604,2017,721190,      0.00,      0.00,      0.00,      0.00,0,1,0,0,1,1
H5,604,2017,721210,      0.00,      0.00,      0.00,      0.00,0,1,0,0,1,1
H5,604,2017,721220,      0.00,      0.00,      0.00,      0.00,0,1,0,0,1,1
H5,604,2017,721230,      0.00,      0.00,      0.00,      0.00,0,1,0,0,1,1
H5,604,2017,721240,      0.00,      0.00,      0.00,      0.00,0,1,0,0,1,1
H5,604,2017,721250,      0.00,      0.00,      0.00,      0.00,0,1,0,0,1,1
H5,604,2017,721260,      0.00,      0.00,      0.00,      0.00,0,1,0,0,1,1
H5,604,2017,721310,      0.00,      0.00,      0.00,      0.00,0,1,0,0,1,1
H5,604,2017,721320,      0.00,      0.00,      0.00,      0.00,0,1,0,0,1,1
H5,604,2017,721391,      0.00,      0.00,      0.00,      0.00,0,2,0,0,2,2
H5,604,2017,721399,      0.00,      0.00,      0.00,      0.00,0,1,0,0,1,1
H5,604,2017,721410,      0.00,      0.00,      0.00,      0.00,0,1,0,0,1,1
H5,604,2017,721420,      0.00,      0.00,      0.00,      0.00,0,1,0,0,1,1
H5,604,2017,721430,      0.00,      0.00,      0.00,      0.00,0,2,0,0,2,2
H5,604,2017,721491,      0.00,      0.00,      0.00,      0.00,0,2,0,0,2,2
H5,604,2017,721499,      0.00,      0.00,      0.00,      0.00,0,2,0,0,2,2
H5,604,2017,721510,      0.00,      0.00,      0.00,      0.00,0,2,0,0,2,2
H5,604,2017,721550,      0.00,      0.00,      0.00,      0.00,0,2,0,0,2,2
H5,604,2017,721590,      0.00,      0.00,      0.00,      0.00,0,2,0,0,2,2
H5,604,2017,721610,      0.00,      0.00,      0.00,      0.00,0,1,0,0,1,1
H5,604,2017,721621,      0.00,      0.00,      0.00,      0.00,0,1,0,0,1,1
H5,604,2017,721622,      0.00,      0.00,      0.00,      0.00,0,1,0,0,1,1
H5,604,2017,721631,      0.00,      0.00,      0.00,      0.00,0,1,0,0,1,1
H5,604,2017,721632,      0.00,      0.00,      0.00,      0.00,0,1,0,0,1,1
H5,604,2017,721633,      0.00,      0.00,      0.00,      0.00,0,1,0,0,1,1
H5,604,2017,721640,      0.00,      0.00,      0.00,      0.00,0,1,0,0,1,1
H5,604,2017,721650,      0.00,      0.00,      0.00,      0.00,0,1,0,0,1,1
H5,604,2017,721661,      0.00,      0.00,      0.00,      0.00,0,1,0,0,1,1
H5,604,2017,721669,      0.00,      0.00,      0.00,      0.00,0,1,0,0,1,1
H5,604,2017,721691,      0.00,      0.00,      0.00,      0.00,0,1,0,0,1,1
H5,604,2017,721699,      0.00,      0.00,      0.00,      0.00,0,1,0,0,1,1
H5,604,2017,721710,      0.00,      0.00,      0.00,      0.00,0,1,0,0,1,1
H5,604,2017,721720,      0.00,      0.00,      0.00,      0.00,0,1,0,0,1,1
H5,604,2017,721730,      0.00,      0.00,      0.00,      0.00,0,1,0,0,1,1
H5,604,2017,721790,      0.00,      0.00,      0.00,      0.00,0,1,0,0,1,1
H5,604,2017,721810,      0.00,      0.00,      0.00,      0.00,0,1,0,0,1,1
H5,604,2017,721891,      0.00,      0.00,      0.00,      0.00,0,1,0,0,1,1
H5,604,2017,721899,      0.00,      0.00,      0.00,      0.00,0,1,0,0,1,1
H5,604,2017,721911,      0.00,      0.00,      0.00,      0.00,0,1,0,0,1,1
H5,604,2017,721912,      0.00,      0.00,      0.00,      0.00,0,1,0,0,1,1
H5,604,2017,721913,      0.00,      0.00,      0.00,      0.00,0,1,0,0,1,1
H5,604,2017,721914,      0.00,      0.00,      0.00,      0.00,0,1,0,0,1,1
H5,604,2017,721921,      0.00,      0.00,      0.00,      0.00,0,1,0,0,1,1
H5,604,2017,721922,      0.00,      0.00,      0.00,      0.00,0,1,0,0,1,1
H5,604,2017,721923,      0.00,      0.00,      0.00,      0.00,0,1,0,0,1,1
H5,604,2017,721924,      0.00,      0.00,      0.00,      0.00,0,1,0,0,1,1
H5,604,2017,721931,      0.00,      0.00,      0.00,      0.00,0,1,0,0,1,1
H5,604,2017,721932,      0.00,      0.00,      0.00,      0.00,0,1,0,0,1,1
H5,604,2017,721933,      0.00,      0.00,      0.00,      0.00,0,1,0,0,1,1
H5,604,2017,721934,      0.00,      0.00,      0.00,      0.00,0,1,0,0,1,1
H5,604,2017,721935,      0.00,      0.00,      0.00,      0.00,0,1,0,0,1,1
H5,604,2017,721990,      0.00,      0.00,      0.00,      0.00,0,1,0,0,1,1
H5,604,2017,722011,      0.00,      0.00,      0.00,      0.00,0,1,0,0,1,1
H5,604,2017,722012,      0.00,      0.00,      0.00,      0.00,0,1,0,0,1,1
H5,604,2017,722020,      0.00,      0.00,      0.00,      0.00,0,1,0,0,1,1
H5,604,2017,722090,      0.00,      0.00,      0.00,      0.00,0,1,0,0,1,1
H5,604,2017,722100,      0.00,      0.00,      0.00,      0.00,0,1,0,0,1,1
H5,604,2017,722211,      0.00,      0.00,      0.00,      0.00,0,2,0,0,2,2
H5,604,2017,722219,      0.00,      0.00,      0.00,      0.00,0,2,0,0,2,2
H5,604,2017,722220,      0.00,      0.00,      0.00,      0.00,0,2,0,0,2,2
H5,604,2017,722230,      0.00,      0.00,      0.00,      0.00,0,2,0,0,2,2
H5,604,2017,722240,      0.00,      0.00,      0.00,      0.00,0,1,0,0,1,1
H5,604,2017,722300,      0.00,      0.00,      0.00,      0.00,0,1,0,0,1,1
H5,604,2017,722410,      0.00,      0.00,      0.00,      0.00,0,1,0,0,1,1
H5,604,2017,722490,      0.00,      0.00,      0.00,      0.00,0,1,0,0,1,1
H5,604,2017,722511,      0.00,      0.00,      0.00,      0.00,0,1,0,0,1,1
H5,604,2017,722519,      0.00,      0.00,      0.00,      0.00,0,1,0,0,1,1
H5,604,2017,722530,      0.00,      0.00,      0.00,      0.00,0,1,0,0,1,1
H5,604,2017,722540,      0.00,      0.00,      0.00,      0.00,0,1,0,0,1,1
H5,604,2017,722550,      0.00,      0.00,      0.00,      0.00,0,1,0,0,1,1
H5,604,2017,722591,      0.00,      0.00,      0.00,      0.00,0,1,0,0,1,1
H5,604,2017,722592,      0.00,      0.00,      0.00,      0.00,0,1,0,0,1,1
H5,604,2017,722599,      0.00,      0.00,      0.00,      0.00,0,1,0,0,1,1
H5,604,2017,722611,      0.00,      0.00,      0.00,      0.00,0,1,0,0,1,1
H5,604,2017,722619,      0.00,      0.00,      0.00,      0.00,0,1,0,0,1,1
H5,604,2017,722620,      0.00,      0.00,      0.00,      0.00,0,1,0,0,1,1
H5,604,2017,722691,      0.00,      0.00,      0.00,      0.00,0,1,0,0,1,1
H5,604,2017,722692,      0.00,      0.00,      0.00,      0.00,0,1,0,0,1,1
H5,604,2017,722699,      0.00,      0.00,      0.00,      0.00,0,1,0,0,1,1
H5,604,2017,722710,      0.00,      0.00,      0.00,      0.00,0,1,0,0,1,1
H5,604,2017,722720,      0.00,      0.00,      0.00,      0.00,0,1,0,0,1,1
H5,604,2017,722790,      0.00,      0.00,      0.00,      0.00,0,1,0,0,1,1
H5,604,2017,722810,      0.00,      0.00,      0.00,      0.00,0,1,0,0,1,1
H5,604,2017,722820,      0.00,      0.00,      0.00,      0.00,0,2,0,0,2,2
H5,604,2017,722830,      0.00,      0.00,      0.00,      0.00,0,1,0,0,1,1
H5,604,2017,722840,      0.00,      0.00,      0.00,      0.00,0,2,0,0,2,2
H5,604,2017,722850,      0.00,      0.00,      0.00,      0.00,0,2,0,0,2,2
H5,604,2017,722860,      0.00,      0.00,      0.00,      0.00,0,2,0,0,2,2
H5,604,2017,722870,      0.00,      0.00,      0.00,      0.00,0,1,0,0,1,1
H5,604,2017,722880,      0.00,      0.00,      0.00,      0.00,0,1,0,0,1,1
H5,604,2017,722920,      0.00,      0.00,      0.00,      0.00,0,1,0,0,1,1
H5,604,2017,722990,      0.00,      0.00,      0.00,      0.00,0,1,0,0,1,1
H5,604,2017,730110,      0.00,      0.00,      0.00,      0.00,0,1,0,0,1,1
H5,604,2017,730120,      0.00,      0.00,      0.00,      0.00,0,1,0,0,1,1
H5,604,2017,730210,      0.00,      0.00,      0.00,      0.00,0,1,0,0,1,1
H5,604,2017,730230,      0.00,      0.00,      0.00,      0.00,0,1,0,0,1,1
H5,604,2017,730240,      0.00,      0.00,      0.00,      0.00,0,1,0,0,1,1
H5,604,2017,730290,      0.00,      0.00,      0.00,      0.00,0,2,0,0,2,2
H5,604,2017,730300,      0.00,      0.00,      0.00,      0.00,0,1,0,0,1,1
H5,604,2017,730411,      0.00,      0.00,      0.00,      0.00,0,1,0,0,1,1
H5,604,2017,730419,      0.00,      0.00,      0.00,      0.00,0,1,0,0,1,1
H5,604,2017,730422,      0.00,      0.00,      0.00,      0.00,0,1,0,0,1,1
H5,604,2017,730423,      0.00,      0.00,      0.00,      0.00,0,1,0,0,1,1
H5,604,2017,730424,      0.00,      0.00,      0.00,      0.00,0,1,0,0,1,1
H5,604,2017,730429,      0.00,      0.00,      0.00,      0.00,0,1,0,0,1,1
H5,604,2017,730431,      0.00,      0.00,      0.00,      0.00,0,1,0,0,1,1
H5,604,2017,730439,      0.00,      0.00,      0.00,      0.00,0,1,0,0,1,1
H5,604,2017,730441,      0.00,      0.00,      0.00,      0.00,0,1,0,0,1,1
H5,604,2017,730449,      0.00,      0.00,      0.00,      0.00,0,1,0,0,1,1
H5,604,2017,730451,      0.00,      0.00,      0.00,      0.00,0,1,0,0,1,1
H5,604,2017,730459,      0.00,      0.00,      0.00,      0.00,0,1,0,0,1,1
H5,604,2017,730490,      0.00,      0.00,      0.00,      0.00,0,1,0,0,1,1
H5,604,2017,730511,      0.00,      0.00,      0.00,      0.00,0,1,0,0,1,1
H5,604,2017,730512,      0.00,      0.00,      0.00,      0.00,0,1,0,0,1,1
H5,604,2017,730519,      0.00,      0.00,      0.00,      0.00,0,1,0,0,1,1
H5,604,2017,730520,      0.00,      0.00,      0.00,      0.00,0,1,0,0,1,1
H5,604,2017,730531,      0.00,      0.00,      0.00,      0.00,0,1,0,0,1,1
H5,604,2017,730539,      0.00,      0.00,      0.00,      0.00,0,1,0,0,1,1
H5,604,2017,730590,      0.00,      0.00,      0.00,      0.00,0,1,0,0,1,1
H5,604,2017,730611,      0.00,      0.00,      0.00,      0.00,0,1,0,0,1,1
H5,604,2017,730619,      0.00,      0.00,      0.00,      0.00,0,1,0,0,1,1
H5,604,2017,730621,      0.00,      0.00,      0.00,      0.00,0,1,0,0,1,1
H5,604,2017,730629,      0.00,      0.00,      0.00,      0.00,0,1,0,0,1,1
H5,604,2017,730630,      0.00,      0.00,      0.00,      0.00,0,4,0,0,4,4
H5,604,2017,730640,      0.00,      0.00,      0.00,      0.00,0,1,0,0,1,1
H5,604,2017,730650,      0.00,      0.00,      0.00,      0.00,0,1,0,0,1,1
H5,604,2017,730661,      0.00,      0.00,      0.00,      0.00,0,1,0,0,1,1
H5,604,2017,730669,      0.00,      0.00,      0.00,      0.00,0,1,0,0,1,1
H5,604,2017,730690,      0.00,      0.00,      0.00,      0.00,0,1,0,0,1,1
H5,604,2017,730711,      0.00,      0.00,      0.00,      0.00,0,1,0,0,1,1
H5,604,2017,730719,      0.00,      0.00,      0.00,      0.00,0,1,0,0,1,1
H5,604,2017,730721,      0.00,      0.00,      0.00,      0.00,0,1,0,0,1,1
H5,604,2017,730722,      0.00,      0.00,      0.00,      0.00,0,1,0,0,1,1
H5,604,2017,730723,      0.00,      0.00,      0.00,      0.00,0,1,0,0,1,1
H5,604,2017,730729,      0.00,      0.00,      0.00,      0.00,0,1,0,0,1,1
H5,604,2017,730791,      0.00,      0.00,      0.00,      0.00,0,1,0,0,1,1
H5,604,2017,730792,      0.00,      0.00,      0.00,      0.00,0,1,0,0,1,1
H5,604,2017,730793,      0.00,      0.00,      0.00,      0.00,0,1,0,0,1,1
H5,604,2017,730799,      0.00,      0.00,      0.00,      0.00,0,1,0,0,1,1
H5,604,2017,730810,      0.00,      0.00,      0.00,      0.00,0,1,0,0,1,1
H5,604,2017,730820,      0.00,      0.00,      0.00,      0.00,0,1,0,0,1,1
H5,604,2017,730830,      0.00,      0.00,      0.00,      0.00,0,1,0,0,1,1
H5,604,2017,730840,      0.00,      0.00,      0.00,      0.00,0,1,0,0,1,1
H5,604,2017,730890,      0.00,      0.00,      0.00,      0.00,0,3,0,0,3,3
H5,604,2017,730900,      0.00,      0.00,      0.00,      0.00,0,1,0,0,1,1
H5,604,2017,731010,      0.00,      0.00,      0.00,      0.00,0,1,0,0,1,1
H5,604,2017,731021,      6.00,      6.00,      6.00,      6.00,0,0,0,1,1,1
H5,604,2017,731029,      0.00,      0.00,      0.00,      0.00,0,2,0,0,2,2
H5,604,2017,731100,      0.00,      0.00,      0.00,      0.00,0,2,0,0,2,2
H5,604,2017,731210,      6.00,      0.00,      6.00,      3.00,0,1,0,1,2,2
H5,604,2017,731290,      6.00,      6.00,      6.00,      6.00,0,0,0,1,1,1
H5,604,2017,731300,      0.00,      0.00,      0.00,      0.00,0,2,0,0,2,2
H5,604,2017,731412,      0.00,      0.00,      0.00,      0.00,0,1,0,0,1,1
H5,604,2017,731414,      0.00,      0.00,      0.00,      0.00,0,1,0,0,1,1
H5,604,2017,731419,      0.00,      0.00,      0.00,      0.00,0,2,0,0,2,2
H5,604,2017,731420,      6.00,      6.00,      6.00,      6.00,0,0,0,1,1,1
H5,604,2017,731431,      6.00,      6.00,      6.00,      6.00,0,0,0,1,1,1
H5,604,2017,731439,      6.00,      6.00,      6.00,      6.00,0,0,0,1,1,1
H5,604,2017,731441,      6.00,      6.00,      6.00,      6.00,0,0,0,1,1,1
H5,604,2017,731442,      6.00,      6.00,      6.00,      6.00,0,0,0,1,1,1
H5,604,2017,731449,      6.00,      6.00,      6.00,      6.00,0,0,0,1,1,1
H5,604,2017,731450,      0.00,      0.00,      0.00,      0.00,0,1,0,0,1,1
H5,604,2017,731511,      0.00,      0.00,      0.00,      0.00,0,1,0,0,1,1
H5,604,2017,731512,      0.00,      0.00,      0.00,      0.00,0,1,0,0,1,1
H5,604,2017,731519,      6.00,      6.00,      6.00,      6.00,0,0,0,1,1,1
H5,604,2017,731520,      6.00,      6.00,      6.00,      6.00,0,0,0,1,1,1
H5,604,2017,731581,      6.00,      6.00,      6.00,      6.00,0,0,0,1,1,1
H5,604,2017,731582,      0.00,      0.00,      0.00,      0.00,0,1,0,0,1,1
H5,604,2017,731589,      0.00,      0.00,      0.00,      0.00,0,1,0,0,1,1
H5,604,2017,731590,      6.00,      6.00,      6.00,      6.00,0,0,0,1,1,1
H5,604,2017,731600,      0.00,      0.00,      0.00,      0.00,0,1,0,0,1,1
H5,604,2017,731700,      6.00,      6.00,      6.00,      6.00,0,0,0,1,1,1
H5,604,2017,731811,      6.00,      6.00,      6.00,      6.00,0,0,0,1,1,1
H5,604,2017,731812,      6.00,      6.00,      6.00,      6.00,0,0,0,1,1,1
H5,604,2017,731813,      6.00,      6.00,      6.00,      6.00,0,0,0,1,1,1
H5,604,2017,731814,      6.00,      6.00,      6.00,      6.00,0,0,0,1,1,1
H5,604,2017,731815,      6.00,      0.00,      6.00,      3.00,0,1,0,1,2,2
H5,604,2017,731816,      6.00,      6.00,      6.00,      6.00,0,0,0,1,1,1
H5,604,2017,731819,      0.00,      0.00,      0.00,      0.00,0,1,0,0,1,1
H5,604,2017,731821,      6.00,      6.00,      6.00,      6.00,0,0,0,1,1,1
H5,604,2017,731822,      6.00,      6.00,      6.00,      6.00,0,0,0,1,1,1
H5,604,2017,731823,      6.00,      6.00,      6.00,      6.00,0,0,0,1,1,1
H5,604,2017,731824,      6.00,      6.00,      6.00,      6.00,0,0,0,1,1,1
H5,604,2017,731829,      0.00,      0.00,      0.00,      0.00,0,1,0,0,1,1
H5,604,2017,731940,      6.00,      6.00,      6.00,      6.00,0,0,0,1,1,1
H5,604,2017,731990,     12.00,      6.00,      6.00,      6.00,0,0,0,2,2,2
H5,604,2017,732010,      6.00,      6.00,      6.00,      6.00,0,0,0,1,1,1
H5,604,2017,732020,      6.00,      0.00,      6.00,      3.00,0,1,0,1,2,2
H5,604,2017,732090,      6.00,      6.00,      6.00,      6.00,0,0,0,1,1,1
H5,604,2017,732111,     24.00,      6.00,      6.00,      6.00,0,0,0,4,4,4
H5,604,2017,732112,      6.00,      6.00,      6.00,      6.00,0,0,0,1,1,1
H5,604,2017,732119,     12.00,      6.00,      6.00,      6.00,0,0,0,2,2,2
H5,604,2017,732181,      6.00,      6.00,      6.00,      6.00,0,0,0,1,1,1
H5,604,2017,732182,      6.00,      6.00,      6.00,      6.00,0,0,0,1,1,1
H5,604,2017,732189,     12.00,      6.00,      6.00,      6.00,0,0,0,2,2,2
H5,604,2017,732190,      0.00,      0.00,      0.00,      0.00,0,2,0,0,2,2
H5,604,2017,732211,      0.00,      0.00,      0.00,      0.00,0,1,0,0,1,1
H5,604,2017,732219,      0.00,      0.00,      0.00,      0.00,0,1,0,0,1,1
H5,604,2017,732290,      0.00,      0.00,      0.00,      0.00,0,1,0,0,1,1
H5,604,2017,732310,      6.00,      6.00,      6.00,      6.00,0,0,0,1,1,1
H5,604,2017,732391,     12.00,      6.00,      6.00,      6.00,0,0,0,2,2,2
H5,604,2017,732392,     12.00,      6.00,      6.00,      6.00,0,0,0,2,2,2
H5,604,2017,732393,     12.00,      6.00,      6.00,      6.00,0,0,0,2,2,2
H5,604,2017,732394,     12.00,      6.00,      6.00,      6.00,0,0,0,2,2,2
H5,604,2017,732399,     12.00,      6.00,      6.00,      6.00,0,0,0,2,2,2
H5,604,2017,732410,      0.00,      0.00,      0.00,      0.00,0,1,0,0,1,1
H5,604,2017,732421,      0.00,      0.00,      0.00,      0.00,0,1,0,0,1,1
H5,604,2017,732429,      0.00,      0.00,      0.00,      0.00,0,1,0,0,1,1
H5,604,2017,732490,      0.00,      0.00,      0.00,      0.00,0,1,0,0,1,1
H5,604,2017,732510,      0.00,      0.00,      0.00,      0.00,0,1,0,0,1,1
H5,604,2017,732591,      0.00,      0.00,      0.00,      0.00,0,1,0,0,1,1
H5,604,2017,732599,      6.00,      6.00,      6.00,      6.00,0,0,0,1,1,1
H5,604,2017,732611,      0.00,      0.00,      0.00,      0.00,0,1,0,0,1,1
H5,604,2017,732619,      0.00,      0.00,      0.00,      0.00,0,1,0,0,1,1
H5,604,2017,732620,      6.00,      6.00,      6.00,      6.00,0,0,0,1,1,1
H5,604,2017,732690,      0.00,      0.00,      0.00,      0.00,0,2,0,0,2,2
H5,604,2017,740100,      0.00,      0.00,      0.00,      0.00,0,2,0,0,2,2
H5,604,2017,740200,      0.00,      0.00,      0.00,      0.00,0,3,0,0,3,3
H5,604,2017,740311,      0.00,      0.00,      0.00,      0.00,0,1,0,0,1,1
H5,604,2017,740312,      0.00,      0.00,      0.00,      0.00,0,1,0,0,1,1
H5,604,2017,740313,      0.00,      0.00,      0.00,      0.00,0,1,0,0,1,1
H5,604,2017,740319,      0.00,      0.00,      0.00,      0.00,0,1,0,0,1,1
H5,604,2017,740321,      0.00,      0.00,      0.00,      0.00,0,1,0,0,1,1
H5,604,2017,740322,      0.00,      0.00,      0.00,      0.00,0,1,0,0,1,1
H5,604,2017,740329,      0.00,      0.00,      0.00,      0.00,0,2,0,0,2,2
H5,604,2017,740400,      0.00,      0.00,      0.00,      0.00,0,1,0,0,1,1
H5,604,2017,740500,      0.00,      0.00,      0.00,      0.00,0,1,0,0,1,1
H5,604,2017,740610,      0.00,      0.00,      0.00,      0.00,0,1,0,0,1,1
H5,604,2017,740620,      0.00,      0.00,      0.00,      0.00,0,1,0,0,1,1
H5,604,2017,740710,      0.00,      0.00,      0.00,      0.00,0,1,0,0,1,1
H5,604,2017,740721,      0.00,      0.00,      0.00,      0.00,0,1,0,0,1,1
H5,604,2017,740729,      0.00,      0.00,      0.00,      0.00,0,1,0,0,1,1
H5,604,2017,740811,      0.00,      0.00,      0.00,      0.00,0,1,0,0,1,1
H5,604,2017,740819,      0.00,      0.00,      0.00,      0.00,0,1,0,0,1,1
H5,604,2017,740821,      0.00,      0.00,      0.00,      0.00,0,1,0,0,1,1
H5,604,2017,740822,      0.00,      0.00,      0.00,      0.00,0,1,0,0,1,1
H5,604,2017,740829,      0.00,      0.00,      0.00,      0.00,0,1,0,0,1,1
H5,604,2017,740911,      0.00,      0.00,      0.00,      0.00,0,1,0,0,1,1
H5,604,2017,740919,      0.00,      0.00,      0.00,      0.00,0,1,0,0,1,1
H5,604,2017,740921,      0.00,      0.00,      0.00,      0.00,0,1,0,0,1,1
H5,604,2017,740929,      0.00,      0.00,      0.00,      0.00,0,1,0,0,1,1
H5,604,2017,740931,      0.00,      0.00,      0.00,      0.00,0,1,0,0,1,1
H5,604,2017,740939,      0.00,      0.00,      0.00,      0.00,0,1,0,0,1,1
H5,604,2017,740940,      0.00,      0.00,      0.00,      0.00,0,1,0,0,1,1
H5,604,2017,740990,      0.00,      0.00,      0.00,      0.00,0,1,0,0,1,1
H5,604,2017,741011,      0.00,      0.00,      0.00,      0.00,0,1,0,0,1,1
H5,604,2017,741012,      0.00,      0.00,      0.00,      0.00,0,1,0,0,1,1
H5,604,2017,741021,      0.00,      0.00,      0.00,      0.00,0,1,0,0,1,1
H5,604,2017,741022,      0.00,      0.00,      0.00,      0.00,0,1,0,0,1,1
H5,604,2017,741110,      0.00,      0.00,      0.00,      0.00,0,1,0,0,1,1
H5,604,2017,741121,      0.00,      0.00,      0.00,      0.00,0,1,0,0,1,1
H5,604,2017,741122,      0.00,      0.00,      0.00,      0.00,0,1,0,0,1,1
H5,604,2017,741129,      0.00,      0.00,      0.00,      0.00,0,1,0,0,1,1
H5,604,2017,741210,      0.00,      0.00,      0.00,      0.00,0,1,0,0,1,1
H5,604,2017,741220,      0.00,      0.00,      0.00,      0.00,0,1,0,0,1,1
H5,604,2017,741300,      0.00,      0.00,      0.00,      0.00,0,1,0,0,1,1
H5,604,2017,741510,      0.00,      0.00,      0.00,      0.00,0,1,0,0,1,1
H5,604,2017,741521,      0.00,      0.00,      0.00,      0.00,0,1,0,0,1,1
H5,604,2017,741529,      0.00,      0.00,      0.00,      0.00,0,1,0,0,1,1
H5,604,2017,741533,      0.00,      0.00,      0.00,      0.00,0,1,0,0,1,1
H5,604,2017,741539,      0.00,      0.00,      0.00,      0.00,0,1,0,0,1,1
H5,604,2017,741810,      0.00,      0.00,      0.00,      0.00,0,3,0,0,3,3
H5,604,2017,741820,      0.00,      0.00,      0.00,      0.00,0,1,0,0,1,1
H5,604,2017,741910,      0.00,      0.00,      0.00,      0.00,0,1,0,0,1,1
H5,604,2017,741991,      0.00,      0.00,      0.00,      0.00,0,1,0,0,1,1
H5,604,2017,741999,      0.00,      0.00,      0.00,      0.00,0,3,0,0,3,3
H5,604,2017,750110,      0.00,      0.00,      0.00,      0.00,0,1,0,0,1,1
H5,604,2017,750120,      0.00,      0.00,      0.00,      0.00,0,1,0,0,1,1
H5,604,2017,750210,      0.00,      0.00,      0.00,      0.00,0,1,0,0,1,1
H5,604,2017,750220,      0.00,      0.00,      0.00,      0.00,0,1,0,0,1,1
H5,604,2017,750300,      0.00,      0.00,      0.00,      0.00,0,1,0,0,1,1
H5,604,2017,750400,      0.00,      0.00,      0.00,      0.00,0,1,0,0,1,1
H5,604,2017,750511,      0.00,      0.00,      0.00,      0.00,0,1,0,0,1,1
H5,604,2017,750512,      0.00,      0.00,      0.00,      0.00,0,1,0,0,1,1
H5,604,2017,750521,      0.00,      0.00,      0.00,      0.00,0,1,0,0,1,1
H5,604,2017,750522,      0.00,      0.00,      0.00,      0.00,0,1,0,0,1,1
H5,604,2017,750610,      0.00,      0.00,      0.00,      0.00,0,1,0,0,1,1
H5,604,2017,750620,      0.00,      0.00,      0.00,      0.00,0,1,0,0,1,1
H5,604,2017,750711,      0.00,      0.00,      0.00,      0.00,0,1,0,0,1,1
H5,604,2017,750712,      0.00,      0.00,      0.00,      0.00,0,1,0,0,1,1
H5,604,2017,750720,      0.00,      0.00,      0.00,      0.00,0,1,0,0,1,1
H5,604,2017,750810,      0.00,      0.00,      0.00,      0.00,0,1,0,0,1,1
H5,604,2017,750890,      0.00,      0.00,      0.00,      0.00,0,2,0,0,2,2
H5,604,2017,760110,      0.00,      0.00,      0.00,      0.00,0,1,0,0,1,1
H5,604,2017,760120,      0.00,      0.00,      0.00,      0.00,0,1,0,0,1,1
H5,604,2017,760200,      0.00,      0.00,      0.00,      0.00,0,1,0,0,1,1
H5,604,2017,760310,      0.00,      0.00,      0.00,      0.00,0,1,0,0,1,1
H5,604,2017,760320,      0.00,      0.00,      0.00,      0.00,0,1,0,0,1,1
H5,604,2017,760410,      0.00,      0.00,      0.00,      0.00,0,2,0,0,2,2
H5,604,2017,760421,      0.00,      0.00,      0.00,      0.00,0,1,0,0,1,1
H5,604,2017,760429,      0.00,      0.00,      0.00,      0.00,0,2,0,0,2,2
H5,604,2017,760511,      0.00,      0.00,      0.00,      0.00,0,1,0,0,1,1
H5,604,2017,760519,      0.00,      0.00,      0.00,      0.00,0,1,0,0,1,1
H5,604,2017,760521,      0.00,      0.00,      0.00,      0.00,0,1,0,0,1,1
H5,604,2017,760529,      0.00,      0.00,      0.00,      0.00,0,1,0,0,1,1
H5,604,2017,760611,      0.00,      0.00,      0.00,      0.00,0,1,0,0,1,1
H5,604,2017,760612,      0.00,      0.00,      0.00,      0.00,0,2,0,0,2,2
H5,604,2017,760691,      0.00,      0.00,      0.00,      0.00,0,2,0,0,2,2
H5,604,2017,760692,      0.00,      0.00,      0.00,      0.00,0,3,0,0,3,3
H5,604,2017,760711,      0.00,      0.00,      0.00,      0.00,0,1,0,0,1,1
H5,604,2017,760719,      0.00,      0.00,      0.00,      0.00,0,1,0,0,1,1
H5,604,2017,760720,      0.00,      0.00,      0.00,      0.00,0,1,0,0,1,1
H5,604,2017,760810,      0.00,      0.00,      0.00,      0.00,0,2,0,0,2,2
H5,604,2017,760820,      0.00,      0.00,      0.00,      0.00,0,1,0,0,1,1
H5,604,2017,760900,      0.00,      0.00,      0.00,      0.00,0,1,0,0,1,1
H5,604,2017,761010,      0.00,      0.00,      0.00,      0.00,0,1,0,0,1,1
H5,604,2017,761090,      0.00,      0.00,      0.00,      0.00,0,1,0,0,1,1
H5,604,2017,761100,      0.00,      0.00,      0.00,      0.00,0,1,0,0,1,1
H5,604,2017,761210,      0.00,      0.00,      0.00,      0.00,0,1,0,0,1,1
H5,604,2017,761290,      0.00,      0.00,      0.00,      0.00,0,4,0,0,4,4
H5,604,2017,761300,      0.00,      0.00,      0.00,      0.00,0,1,0,0,1,1
H5,604,2017,761410,      0.00,      0.00,      0.00,      0.00,0,1,0,0,1,1
H5,604,2017,761490,      0.00,      0.00,      0.00,      0.00,0,1,0,0,1,1
H5,604,2017,761510,      0.00,      0.00,      0.00,      0.00,0,4,0,0,4,4
H5,604,2017,761520,      0.00,      0.00,      0.00,      0.00,0,1,0,0,1,1
H5,604,2017,761610,      0.00,      0.00,      0.00,      0.00,0,1,0,0,1,1
H5,604,2017,761691,      0.00,      0.00,      0.00,      0.00,0,1,0,0,1,1
H5,604,2017,761699,      0.00,      0.00,      0.00,      0.00,0,2,0,0,2,2
H5,604,2017,780110,      0.00,      0.00,      0.00,      0.00,0,1,0,0,1,1
H5,604,2017,780191,      0.00,      0.00,      0.00,      0.00,0,1,0,0,1,1
H5,604,2017,780199,      0.00,      0.00,      0.00,      0.00,0,1,0,0,1,1
H5,604,2017,780200,      0.00,      0.00,      0.00,      0.00,0,1,0,0,1,1
H5,604,2017,780411,      0.00,      0.00,      0.00,      0.00,0,1,0,0,1,1
H5,604,2017,780419,      0.00,      0.00,      0.00,      0.00,0,1,0,0,1,1
H5,604,2017,780420,      0.00,      0.00,      0.00,      0.00,0,1,0,0,1,1
H5,604,2017,780600,      0.00,      0.00,      0.00,      0.00,0,4,0,0,4,4
H5,604,2017,790111,      0.00,      0.00,      0.00,      0.00,0,1,0,0,1,1
H5,604,2017,790112,      0.00,      0.00,      0.00,      0.00,0,1,0,0,1,1
H5,604,2017,790120,      0.00,      0.00,      0.00,      0.00,0,1,0,0,1,1
H5,604,2017,790200,      0.00,      0.00,      0.00,      0.00,0,1,0,0,1,1
H5,604,2017,790310,      0.00,      0.00,      0.00,      0.00,0,1,0,0,1,1
H5,604,2017,790390,      0.00,      0.00,      0.00,      0.00,0,1,0,0,1,1
H5,604,2017,790400,      0.00,      0.00,      0.00,      0.00,0,2,0,0,2,2
H5,604,2017,790500,      0.00,      0.00,      0.00,      0.00,0,4,0,0,4,4
H5,604,2017,790700,      0.00,      0.00,      0.00,      0.00,0,3,0,0,3,3
H5,604,2017,800110,      0.00,      0.00,      0.00,      0.00,0,1,0,0,1,1
H5,604,2017,800120,      0.00,      0.00,      0.00,      0.00,0,1,0,0,1,1
H5,604,2017,800200,      0.00,      0.00,      0.00,      0.00,0,1,0,0,1,1
H5,604,2017,800300,      0.00,      0.00,      0.00,      0.00,0,2,0,0,2,2
H5,604,2017,800700,      0.00,      0.00,      0.00,      0.00,0,4,0,0,4,4
H5,604,2017,810110,      0.00,      0.00,      0.00,      0.00,0,1,0,0,1,1
H5,604,2017,810194,      0.00,      0.00,      0.00,      0.00,0,1,0,0,1,1
H5,604,2017,810196,      0.00,      0.00,      0.00,      0.00,0,1,0,0,1,1
H5,604,2017,810197,      0.00,      0.00,      0.00,      0.00,0,1,0,0,1,1
H5,604,2017,810199,      0.00,      0.00,      0.00,      0.00,0,1,0,0,1,1
H5,604,2017,810210,      0.00,      0.00,      0.00,      0.00,0,1,0,0,1,1
H5,604,2017,810294,      0.00,      0.00,      0.00,      0.00,0,1,0,0,1,1
H5,604,2017,810295,      0.00,      0.00,      0.00,      0.00,0,1,0,0,1,1
H5,604,2017,810296,      0.00,      0.00,      0.00,      0.00,0,1,0,0,1,1
H5,604,2017,810297,      0.00,      0.00,      0.00,      0.00,0,1,0,0,1,1
H5,604,2017,810299,      0.00,      0.00,      0.00,      0.00,0,1,0,0,1,1
H5,604,2017,810320,      0.00,      0.00,      0.00,      0.00,0,1,0,0,1,1
H5,604,2017,810330,      0.00,      0.00,      0.00,      0.00,0,1,0,0,1,1
H5,604,2017,810390,      0.00,      0.00,      0.00,      0.00,0,1,0,0,1,1
H5,604,2017,810411,      0.00,      0.00,      0.00,      0.00,0,1,0,0,1,1
H5,604,2017,810419,      0.00,      0.00,      0.00,      0.00,0,1,0,0,1,1
H5,604,2017,810420,      0.00,      0.00,      0.00,      0.00,0,1,0,0,1,1
H5,604,2017,810430,      0.00,      0.00,      0.00,      0.00,0,1,0,0,1,1
H5,604,2017,810490,      0.00,      0.00,      0.00,      0.00,0,1,0,0,1,1
H5,604,2017,810520,      0.00,      0.00,      0.00,      0.00,0,1,0,0,1,1
H5,604,2017,810530,      0.00,      0.00,      0.00,      0.00,0,1,0,0,1,1
H5,604,2017,810590,      0.00,      0.00,      0.00,      0.00,0,1,0,0,1,1
H5,604,2017,810600,      0.00,      0.00,      0.00,      0.00,0,4,0,0,4,4
H5,604,2017,810720,      0.00,      0.00,      0.00,      0.00,0,2,0,0,2,2
H5,604,2017,810730,      0.00,      0.00,      0.00,      0.00,0,1,0,0,1,1
H5,604,2017,810790,      0.00,      0.00,      0.00,      0.00,0,1,0,0,1,1
H5,604,2017,810820,      0.00,      0.00,      0.00,      0.00,0,1,0,0,1,1
H5,604,2017,810830,      0.00,      0.00,      0.00,      0.00,0,1,0,0,1,1
H5,604,2017,810890,      0.00,      0.00,      0.00,      0.00,0,1,0,0,1,1
H5,604,2017,810920,      0.00,      0.00,      0.00,      0.00,0,1,0,0,1,1
H5,604,2017,810930,      0.00,      0.00,      0.00,      0.00,0,1,0,0,1,1
H5,604,2017,810990,      0.00,      0.00,      0.00,      0.00,0,1,0,0,1,1
H5,604,2017,811010,      0.00,      0.00,      0.00,      0.00,0,1,0,0,1,1
H5,604,2017,811020,      0.00,      0.00,      0.00,      0.00,0,1,0,0,1,1
H5,604,2017,811090,      0.00,      0.00,      0.00,      0.00,0,1,0,0,1,1
H5,604,2017,811100,      0.00,      0.00,      0.00,      0.00,0,3,0,0,3,3
H5,604,2017,811212,      0.00,      0.00,      0.00,      0.00,0,1,0,0,1,1
H5,604,2017,811213,      0.00,      0.00,      0.00,      0.00,0,1,0,0,1,1
H5,604,2017,811219,      0.00,      0.00,      0.00,      0.00,0,1,0,0,1,1
H5,604,2017,811221,      0.00,      0.00,      0.00,      0.00,0,1,0,0,1,1
H5,604,2017,811222,      0.00,      0.00,      0.00,      0.00,0,1,0,0,1,1
H5,604,2017,811229,      0.00,      0.00,      0.00,      0.00,0,1,0,0,1,1
H5,604,2017,811251,      0.00,      0.00,      0.00,      0.00,0,1,0,0,1,1
H5,604,2017,811252,      0.00,      0.00,      0.00,      0.00,0,1,0,0,1,1
H5,604,2017,811259,      0.00,      0.00,      0.00,      0.00,0,1,0,0,1,1
H5,604,2017,811292,      0.00,      0.00,      0.00,      0.00,0,4,0,0,4,4
H5,604,2017,811299,      0.00,      0.00,      0.00,      0.00,0,1,0,0,1,1
H5,604,2017,811300,      0.00,      0.00,      0.00,      0.00,0,1,0,0,1,1
H5,604,2017,820110,      0.00,      0.00,      0.00,      0.00,0,1,0,0,1,1
H5,604,2017,820130,      0.00,      0.00,      0.00,      0.00,0,1,0,0,1,1
H5,604,2017,820140,      0.00,      0.00,      0.00,      0.00,0,2,0,0,2,2
H5,604,2017,820150,      0.00,      0.00,      0.00,      0.00,0,1,0,0,1,1
H5,604,2017,820160,      0.00,      0.00,      0.00,      0.00,0,2,0,0,2,2
H5,604,2017,820190,      0.00,      0.00,      0.00,      0.00,0,2,0,0,2,2
H5,604,2017,820210,      0.00,      0.00,      0.00,      0.00,0,2,0,0,2,2
H5,604,2017,820220,      0.00,      0.00,      0.00,      0.00,0,1,0,0,1,1
H5,604,2017,820231,      0.00,      0.00,      0.00,      0.00,0,1,0,0,1,1
H5,604,2017,820239,      0.00,      0.00,      0.00,      0.00,0,1,0,0,1,1
H5,604,2017,820240,      0.00,      0.00,      0.00,      0.00,0,1,0,0,1,1
H5,604,2017,820291,      0.00,      0.00,      0.00,      0.00,0,1,0,0,1,1
H5,604,2017,820299,      0.00,      0.00,      0.00,      0.00,0,1,0,0,1,1
H5,604,2017,820310,      0.00,      0.00,      0.00,      0.00,0,1,0,0,1,1
H5,604,2017,820320,      0.00,      0.00,      0.00,      0.00,0,1,0,0,1,1
H5,604,2017,820330,      0.00,      0.00,      0.00,      0.00,0,1,0,0,1,1
H5,604,2017,820340,      0.00,      0.00,      0.00,      0.00,0,1,0,0,1,1
H5,604,2017,820411,      0.00,      0.00,      0.00,      0.00,0,1,0,0,1,1
H5,604,2017,820412,      0.00,      0.00,      0.00,      0.00,0,1,0,0,1,1
H5,604,2017,820420,      0.00,      0.00,      0.00,      0.00,0,1,0,0,1,1
H5,604,2017,820510,      0.00,      0.00,      0.00,      0.00,0,1,0,0,1,1
H5,604,2017,820520,      0.00,      0.00,      0.00,      0.00,0,1,0,0,1,1
H5,604,2017,820530,      0.00,      0.00,      0.00,      0.00,0,1,0,0,1,1
H5,604,2017,820540,      0.00,      0.00,      0.00,      0.00,0,2,0,0,2,2
H5,604,2017,820551,      6.00,      6.00,      6.00,      6.00,0,0,0,1,1,1
H5,604,2017,820559,      0.00,      0.00,      0.00,      0.00,0,7,0,0,7,7
H5,604,2017,820560,      0.00,      0.00,      0.00,      0.00,0,2,0,0,2,2
H5,604,2017,820570,      0.00,      0.00,      0.00,      0.00,0,1,0,0,1,1
H5,604,2017,820590,      0.00,      0.00,      0.00,      0.00,0,2,0,0,2,2
H5,604,2017,820600,      0.00,      0.00,      0.00,      0.00,0,1,0,0,1,1
H5,604,2017,820713,      0.00,      0.00,      0.00,      0.00,0,4,0,0,4,4
H5,604,2017,820719,      0.00,      0.00,      0.00,      0.00,0,5,0,0,5,5
H5,604,2017,820720,      0.00,      0.00,      0.00,      0.00,0,1,0,0,1,1
H5,604,2017,820730,      0.00,      0.00,      0.00,      0.00,0,1,0,0,1,1
H5,604,2017,820740,      0.00,      0.00,      0.00,      0.00,0,1,0,0,1,1
H5,604,2017,820750,      0.00,      0.00,      0.00,      0.00,0,1,0,0,1,1
H5,604,2017,820760,      0.00,      0.00,      0.00,      0.00,0,1,0,0,1,1
H5,604,2017,820770,      0.00,      0.00,      0.00,      0.00,0,1,0,0,1,1
H5,604,2017,820780,      0.00,      0.00,      0.00,      0.00,0,1,0,0,1,1
H5,604,2017,820790,      0.00,      0.00,      0.00,      0.00,0,1,0,0,1,1
H5,604,2017,820810,      0.00,      0.00,      0.00,      0.00,0,1,0,0,1,1
H5,604,2017,820820,      0.00,      0.00,      0.00,      0.00,0,1,0,0,1,1
H5,604,2017,820830,      0.00,      0.00,      0.00,      0.00,0,1,0,0,1,1
H5,604,2017,820840,      0.00,      0.00,      0.00,      0.00,0,1,0,0,1,1
H5,604,2017,820890,      0.00,      0.00,      0.00,      0.00,0,1,0,0,1,1
H5,604,2017,820900,      0.00,      0.00,      0.00,      0.00,0,2,0,0,2,2
H5,604,2017,821000,     12.00,      6.00,      6.00,      6.00,0,0,0,2,2,2
H5,604,2017,821110,      6.00,      6.00,      6.00,      6.00,0,0,0,1,1,1
H5,604,2017,821191,      6.00,      6.00,      6.00,      6.00,0,0,0,1,1,1
H5,604,2017,821192,      0.00,      0.00,      0.00,      0.00,0,1,0,0,1,1
H5,604,2017,821193,     12.00,      6.00,      6.00,      6.00,0,0,0,2,2,2
H5,604,2017,821194,     12.00,      6.00,      6.00,      6.00,0,0,0,2,2,2
H5,604,2017,821195,      0.00,      0.00,      0.00,      0.00,0,1,0,0,1,1
H5,604,2017,821210,     12.00,      6.00,      6.00,      6.00,0,0,0,2,2,2
H5,604,2017,821220,      6.00,      6.00,      6.00,      6.00,0,0,0,1,1,1
H5,604,2017,821290,      6.00,      6.00,      6.00,      6.00,0,0,0,1,1,1
H5,604,2017,821300,      6.00,      6.00,      6.00,      6.00,0,0,0,1,1,1
H5,604,2017,821410,      0.00,      0.00,      0.00,      0.00,0,1,0,0,1,1
H5,604,2017,821420,      6.00,      6.00,      6.00,      6.00,0,0,0,1,1,1
H5,604,2017,821490,      6.00,      0.00,      6.00,      3.00,0,1,0,1,2,2
H5,604,2017,821510,      6.00,      6.00,      6.00,      6.00,0,0,0,1,1,1
H5,604,2017,821520,      6.00,      6.00,      6.00,      6.00,0,0,0,1,1,1
H5,604,2017,821591,      6.00,      6.00,      6.00,      6.00,0,0,0,1,1,1
H5,604,2017,821599,      6.00,      6.00,      6.00,      6.00,0,0,0,1,1,1
H5,604,2017,830110,      0.00,      0.00,      0.00,      0.00,0,1,0,0,1,1
H5,604,2017,830120,      0.00,      0.00,      0.00,      0.00,0,1,0,0,1,1
H5,604,2017,830130,      0.00,      0.00,      0.00,      0.00,0,1,0,0,1,1
H5,604,2017,830140,      0.00,      0.00,      0.00,      0.00,0,2,0,0,2,2
H5,604,2017,830150,      0.00,      0.00,      0.00,      0.00,0,1,0,0,1,1
H5,604,2017,830160,      6.00,      6.00,      6.00,      6.00,0,0,0,1,1,1
H5,604,2017,830170,      0.00,      0.00,      0.00,      0.00,0,1,0,0,1,1
H5,604,2017,830210,      6.00,      0.00,      6.00,      3.00,0,1,0,1,2,2
H5,604,2017,830220,      0.00,      0.00,      0.00,      0.00,0,1,0,0,1,1
H5,604,2017,830230,      6.00,      6.00,      6.00,      6.00,0,0,0,1,1,1
H5,604,2017,830241,      0.00,      0.00,      0.00,      0.00,0,1,0,0,1,1
H5,604,2017,830242,      0.00,      0.00,      0.00,      0.00,0,1,0,0,1,1
H5,604,2017,830249,      0.00,      0.00,      0.00,      0.00,0,1,0,0,1,1
H5,604,2017,830250,      0.00,      0.00,      0.00,      0.00,0,1,0,0,1,1
H5,604,2017,830260,      0.00,      0.00,      0.00,      0.00,0,1,0,0,1,1
H5,604,2017,830300,      0.00,      0.00,      0.00,      0.00,0,3,0,0,3,3
H5,604,2017,830400,      6.00,      6.00,      6.00,      6.00,0,0,0,1,1,1
H5,604,2017,830510,      0.00,      0.00,      0.00,      0.00,0,1,0,0,1,1
H5,604,2017,830520,      6.00,      6.00,      6.00,      6.00,0,0,0,1,1,1
H5,604,2017,830590,      6.00,      6.00,      6.00,      6.00,0,0,0,1,1,1
H5,604,2017,830610,      0.00,      0.00,      0.00,      0.00,0,1,0,0,1,1
H5,604,2017,830621,      6.00,      6.00,      6.00,      6.00,0,0,0,1,1,1
H5,604,2017,830629,      6.00,      6.00,      6.00,      6.00,0,0,0,1,1,1
H5,604,2017,830630,      6.00,      6.00,      6.00,      6.00,0,0,0,1,1,1
H5,604,2017,830710,      0.00,      0.00,      0.00,      0.00,0,1,0,0,1,1
H5,604,2017,830790,      0.00,      0.00,      0.00,      0.00,0,1,0,0,1,1
H5,604,2017,830810,     12.00,      0.00,      6.00,      3.00,0,2,0,2,4,4
H5,604,2017,830820,      6.00,      6.00,      6.00,      6.00,0,0,0,1,1,1
H5,604,2017,830890,      6.00,      6.00,      6.00,      6.00,0,0,0,1,1,1
H5,604,2017,830910,      6.00,      6.00,      6.00,      6.00,0,0,0,1,1,1
H5,604,2017,830990,      6.00,      6.00,      6.00,      6.00,0,0,0,1,1,1
H5,604,2017,831000,      6.00,      6.00,      6.00,      6.00,0,0,0,1,1,1
H5,604,2017,831110,      6.00,      6.00,      6.00,      6.00,0,0,0,1,1,1
H5,604,2017,831120,      0.00,      0.00,      0.00,      0.00,0,1,0,0,1,1
H5,604,2017,831130,      6.00,      6.00,      6.00,      6.00,0,0,0,1,1,1
H5,604,2017,831190,      6.00,      6.00,      6.00,      6.00,0,0,0,1,1,1
H5,604,2017,840110,      0.00,      0.00,      0.00,      0.00,0,1,0,0,1,1
H5,604,2017,840120,      0.00,      0.00,      0.00,      0.00,0,1,0,0,1,1
H5,604,2017,840130,      0.00,      0.00,      0.00,      0.00,0,1,0,0,1,1
H5,604,2017,840140,      0.00,      0.00,      0.00,      0.00,0,1,0,0,1,1
H5,604,2017,840211,      0.00,      0.00,      0.00,      0.00,0,1,0,0,1,1
H5,604,2017,840212,      0.00,      0.00,      0.00,      0.00,0,1,0,0,1,1
H5,604,2017,840219,      0.00,      0.00,      0.00,      0.00,0,1,0,0,1,1
H5,604,2017,840220,      0.00,      0.00,      0.00,      0.00,0,1,0,0,1,1
H5,604,2017,840290,      0.00,      0.00,      0.00,      0.00,0,1,0,0,1,1
H5,604,2017,840310,      0.00,      0.00,      0.00,      0.00,0,1,0,0,1,1
H5,604,2017,840390,      0.00,      0.00,      0.00,      0.00,0,1,0,0,1,1
H5,604,2017,840410,      0.00,      0.00,      0.00,      0.00,0,1,0,0,1,1
H5,604,2017,840420,      0.00,      0.00,      0.00,      0.00,0,1,0,0,1,1
H5,604,2017,840490,      0.00,      0.00,      0.00,      0.00,0,1,0,0,1,1
H5,604,2017,840510,      0.00,      0.00,      0.00,      0.00,0,1,0,0,1,1
H5,604,2017,840590,      0.00,      0.00,      0.00,      0.00,0,1,0,0,1,1
H5,604,2017,840610,      0.00,      0.00,      0.00,      0.00,0,1,0,0,1,1
H5,604,2017,840681,      0.00,      0.00,      0.00,      0.00,0,1,0,0,1,1
H5,604,2017,840682,      0.00,      0.00,      0.00,      0.00,0,1,0,0,1,1
H5,604,2017,840690,      0.00,      0.00,      0.00,      0.00,0,1,0,0,1,1
H5,604,2017,840710,      0.00,      0.00,      0.00,      0.00,0,1,0,0,1,1
H5,604,2017,840721,      0.00,      0.00,      0.00,      0.00,0,1,0,0,1,1
H5,604,2017,840729,      0.00,      0.00,      0.00,      0.00,0,1,0,0,1,1
H5,604,2017,840731,      0.00,      0.00,      0.00,      0.00,0,1,0,0,1,1
H5,604,2017,840732,      0.00,      0.00,      0.00,      0.00,0,1,0,0,1,1
H5,604,2017,840733,      0.00,      0.00,      0.00,      0.00,0,1,0,0,1,1
H5,604,2017,840734,      0.00,      0.00,      0.00,      0.00,0,1,0,0,1,1
H5,604,2017,840790,      0.00,      0.00,      0.00,      0.00,0,1,0,0,1,1
H5,604,2017,840810,      0.00,      0.00,      0.00,      0.00,0,1,0,0,1,1
H5,604,2017,840820,      0.00,      0.00,      0.00,      0.00,0,2,0,0,2,2
H5,604,2017,840890,      0.00,      0.00,      0.00,      0.00,0,2,0,0,2,2
H5,604,2017,840910,      0.00,      0.00,      0.00,      0.00,0,1,0,0,1,1
H5,604,2017,840991,      0.00,      0.00,      0.00,      0.00,0,10,0,0,10,10
H5,604,2017,840999,      0.00,      0.00,      0.00,      0.00,0,12,0,0,12,12
H5,604,2017,841011,      0.00,      0.00,      0.00,      0.00,0,1,0,0,1,1
H5,604,2017,841012,      0.00,      0.00,      0.00,      0.00,0,1,0,0,1,1
H5,604,2017,841013,      0.00,      0.00,      0.00,      0.00,0,1,0,0,1,1
H5,604,2017,841090,      0.00,      0.00,      0.00,      0.00,0,1,0,0,1,1
H5,604,2017,841111,      0.00,      0.00,      0.00,      0.00,0,1,0,0,1,1
H5,604,2017,841112,      0.00,      0.00,      0.00,      0.00,0,1,0,0,1,1
H5,604,2017,841121,      0.00,      0.00,      0.00,      0.00,0,1,0,0,1,1
H5,604,2017,841122,      0.00,      0.00,      0.00,      0.00,0,1,0,0,1,1
H5,604,2017,841181,      0.00,      0.00,      0.00,      0.00,0,1,0,0,1,1
H5,604,2017,841182,      0.00,      0.00,      0.00,      0.00,0,1,0,0,1,1
H5,604,2017,841191,      0.00,      0.00,      0.00,      0.00,0,1,0,0,1,1
H5,604,2017,841199,      0.00,      0.00,      0.00,      0.00,0,1,0,0,1,1
H5,604,2017,841210,      0.00,      0.00,      0.00,      0.00,0,1,0,0,1,1
H5,604,2017,841221,      0.00,      0.00,      0.00,      0.00,0,1,0,0,1,1
H5,604,2017,841229,      0.00,      0.00,      0.00,      0.00,0,1,0,0,1,1
H5,604,2017,841231,      0.00,      0.00,      0.00,      0.00,0,1,0,0,1,1
H5,604,2017,841239,      0.00,      0.00,      0.00,      0.00,0,1,0,0,1,1
H5,604,2017,841280,      0.00,      0.00,      0.00,      0.00,0,2,0,0,2,2
H5,604,2017,841290,      0.00,      0.00,      0.00,      0.00,0,1,0,0,1,1
H5,604,2017,841311,      0.00,      0.00,      0.00,      0.00,0,1,0,0,1,1
H5,604,2017,841319,      0.00,      0.00,      0.00,      0.00,0,1,0,0,1,1
H5,604,2017,841320,      0.00,      0.00,      0.00,      0.00,0,1,0,0,1,1
H5,604,2017,841330,      0.00,      0.00,      0.00,      0.00,0,5,0,0,5,5
H5,604,2017,841340,      0.00,      0.00,      0.00,      0.00,0,1,0,0,1,1
H5,604,2017,841350,      0.00,      0.00,      0.00,      0.00,0,1,0,0,1,1
H5,604,2017,841360,      0.00,      0.00,      0.00,      0.00,0,2,0,0,2,2
H5,604,2017,841370,      0.00,      0.00,      0.00,      0.00,0,4,0,0,4,4
H5,604,2017,841381,      0.00,      0.00,      0.00,      0.00,0,2,0,0,2,2
H5,604,2017,841382,      0.00,      0.00,      0.00,      0.00,0,1,0,0,1,1
H5,604,2017,841391,      0.00,      0.00,      0.00,      0.00,0,4,0,0,4,4
H5,604,2017,841392,      0.00,      0.00,      0.00,      0.00,0,1,0,0,1,1
H5,604,2017,841410,      0.00,      0.00,      0.00,      0.00,0,1,0,0,1,1
H5,604,2017,841420,      0.00,      0.00,      0.00,      0.00,0,1,0,0,1,1
H5,604,2017,841430,      0.00,      0.00,      0.00,      0.00,0,4,0,0,4,4
H5,604,2017,841440,      0.00,      0.00,      0.00,      0.00,0,2,0,0,2,2
H5,604,2017,841451,     11.00,     11.00,     11.00,     11.00,0,0,0,1,1,1
H5,604,2017,841459,      0.00,      0.00,      0.00,      0.00,0,1,0,0,1,1
H5,604,2017,841460,     11.00,     11.00,     11.00,     11.00,0,0,0,1,1,1
H5,604,2017,841480,      0.00,      0.00,      0.00,      0.00,0,5,0,0,5,5
H5,604,2017,841490,      0.00,      0.00,      0.00,      0.00,0,2,0,0,2,2
H5,604,2017,841510,      0.00,      0.00,      0.00,      0.00,0,2,0,0,2,2
H5,604,2017,841520,      0.00,      0.00,      0.00,      0.00,0,1,0,0,1,1
H5,604,2017,841581,      0.00,      0.00,      0.00,      0.00,0,2,0,0,2,2
H5,604,2017,841582,      0.00,      0.00,      0.00,      0.00,0,3,0,0,3,3
H5,604,2017,841583,      0.00,      0.00,      0.00,      0.00,0,2,0,0,2,2
H5,604,2017,841590,      0.00,      0.00,      0.00,      0.00,0,1,0,0,1,1
H5,604,2017,841610,      0.00,      0.00,      0.00,      0.00,0,1,0,0,1,1
H5,604,2017,841620,      0.00,      0.00,      0.00,      0.00,0,3,0,0,3,3
H5,604,2017,841630,      0.00,      0.00,      0.00,      0.00,0,1,0,0,1,1
H5,604,2017,841690,      0.00,      0.00,      0.00,      0.00,0,1,0,0,1,1
H5,604,2017,841710,      0.00,      0.00,      0.00,      0.00,0,1,0,0,1,1
H5,604,2017,841720,      0.00,      0.00,      0.00,      0.00,0,2,0,0,2,2
H5,604,2017,841780,      0.00,      0.00,      0.00,      0.00,0,3,0,0,3,3
H5,604,2017,841790,      0.00,      0.00,      0.00,      0.00,0,1,0,0,1,1
H5,604,2017,841810,     44.00,     11.00,     11.00,     11.00,0,0,0,4,4,4
H5,604,2017,841821,     44.00,     11.00,     11.00,     11.00,0,0,0,4,4,4
H5,604,2017,841829,     22.00,     11.00,     11.00,     11.00,0,0,0,2,2,2
H5,604,2017,841830,     11.00,     11.00,     11.00,     11.00,0,0,0,1,1,1
H5,604,2017,841840,     11.00,     11.00,     11.00,     11.00,0,0,0,1,1,1
H5,604,2017,841850,      0.00,      0.00,      0.00,      0.00,0,1,0,0,1,1
H5,604,2017,841861,      0.00,      0.00,      0.00,      0.00,0,1,0,0,1,1
H5,604,2017,841869,      0.00,      0.00,      0.00,      0.00,0,7,0,0,7,7
H5,604,2017,841891,      0.00,      0.00,      0.00,      0.00,0,1,0,0,1,1
H5,604,2017,841899,     11.00,      0.00,     11.00,      2.75,0,3,0,1,4,4
H5,604,2017,841911,     11.00,     11.00,     11.00,     11.00,0,0,0,1,1,1
H5,604,2017,841919,      0.00,      0.00,      0.00,      0.00,0,2,0,0,2,2
H5,604,2017,841920,      0.00,      0.00,      0.00,      0.00,0,1,0,0,1,1
H5,604,2017,841931,      0.00,      0.00,      0.00,      0.00,0,1,0,0,1,1
H5,604,2017,841932,      0.00,      0.00,      0.00,      0.00,0,1,0,0,1,1
H5,604,2017,841939,      0.00,      0.00,      0.00,      0.00,0,4,0,0,4,4
H5,604,2017,841940,      0.00,      0.00,      0.00,      0.00,0,1,0,0,1,1
H5,604,2017,841950,      0.00,      0.00,      0.00,      0.00,0,2,0,0,2,2
H5,604,2017,841960,      0.00,      0.00,      0.00,      0.00,0,1,0,0,1,1
H5,604,2017,841981,      0.00,      0.00,      0.00,      0.00,0,1,0,0,1,1
H5,604,2017,841989,      0.00,      0.00,      0.00,      0.00,0,5,0,0,5,5
H5,604,2017,841990,      0.00,      0.00,      0.00,      0.00,0,2,0,0,2,2
H5,604,2017,842010,      0.00,      0.00,      0.00,      0.00,0,2,0,0,2,2
H5,604,2017,842091,      0.00,      0.00,      0.00,      0.00,0,1,0,0,1,1
H5,604,2017,842099,      0.00,      0.00,      0.00,      0.00,0,1,0,0,1,1
H5,604,2017,842111,      0.00,      0.00,      0.00,      0.00,0,1,0,0,1,1
H5,604,2017,842112,      0.00,      0.00,      0.00,      0.00,0,1,0,0,1,1
H5,604,2017,842119,      0.00,      0.00,      0.00,      0.00,0,4,0,0,4,4
H5,604,2017,842121,      0.00,      0.00,      0.00,      0.00,0,2,0,0,2,2
H5,604,2017,842122,      0.00,      0.00,      0.00,      0.00,0,1,0,0,1,1
H5,604,2017,842123,      0.00,      0.00,      0.00,      0.00,0,1,0,0,1,1
H5,604,2017,842129,      0.00,      0.00,      0.00,      0.00,0,5,0,0,5,5
H5,604,2017,842131,      0.00,      0.00,      0.00,      0.00,0,1,0,0,1,1
H5,604,2017,842139,      0.00,      0.00,      0.00,      0.00,0,3,0,0,3,3
H5,604,2017,842191,      0.00,      0.00,      0.00,      0.00,0,1,0,0,1,1
H5,604,2017,842199,      0.00,      0.00,      0.00,      0.00,0,2,0,0,2,2
H5,604,2017,842211,     11.00,     11.00,     11.00,     11.00,0,0,0,1,1,1
H5,604,2017,842219,      0.00,      0.00,      0.00,      0.00,0,1,0,0,1,1
H5,604,2017,842220,      0.00,      0.00,      0.00,      0.00,0,1,0,0,1,1
H5,604,2017,842230,      0.00,      0.00,      0.00,      0.00,0,2,0,0,2,2
H5,604,2017,842240,      0.00,      0.00,      0.00,      0.00,0,4,0,0,4,4
H5,604,2017,842290,      0.00,      0.00,      0.00,      0.00,0,1,0,0,1,1
H5,604,2017,842310,      0.00,      0.00,      0.00,      0.00,0,1,0,0,1,1
H5,604,2017,842320,      0.00,      0.00,      0.00,      0.00,0,1,0,0,1,1
H5,604,2017,842330,      0.00,      0.00,      0.00,      0.00,0,2,0,0,2,2
H5,604,2017,842381,      0.00,      0.00,      0.00,      0.00,0,2,0,0,2,2
H5,604,2017,842382,      0.00,      0.00,      0.00,      0.00,0,3,0,0,3,3
H5,604,2017,842389,      0.00,      0.00,      0.00,      0.00,0,3,0,0,3,3
H5,604,2017,842390,      0.00,      0.00,      0.00,      0.00,0,1,0,0,1,1
H5,604,2017,842410,      0.00,      0.00,      0.00,      0.00,0,1,0,0,1,1
H5,604,2017,842420,      0.00,      0.00,      0.00,      0.00,0,1,0,0,1,1
H5,604,2017,842430,      0.00,      0.00,      0.00,      0.00,0,1,0,0,1,1
H5,604,2017,842441,      0.00,      0.00,      0.00,      0.00,0,1,0,0,1,1
H5,604,2017,842449,      0.00,      0.00,      0.00,      0.00,0,1,0,0,1,1
H5,604,2017,842482,      0.00,      0.00,      0.00,      0.00,0,4,0,0,4,4
H5,604,2017,842489,      0.00,      0.00,      0.00,      0.00,0,1,0,0,1,1
H5,604,2017,842490,      0.00,      0.00,      0.00,      0.00,0,2,0,0,2,2
H5,604,2017,842511,      0.00,      0.00,      0.00,      0.00,0,1,0,0,1,1
H5,604,2017,842519,      0.00,      0.00,      0.00,      0.00,0,1,0,0,1,1
H5,604,2017,842531,      0.00,      0.00,      0.00,      0.00,0,2,0,0,2,2
H5,604,2017,842539,      0.00,      0.00,      0.00,      0.00,0,2,0,0,2,2
H5,604,2017,842541,      0.00,      0.00,      0.00,      0.00,0,1,0,0,1,1
H5,604,2017,842542,      0.00,      0.00,      0.00,      0.00,0,2,0,0,2,2
H5,604,2017,842549,      0.00,      0.00,      0.00,      0.00,0,2,0,0,2,2
H5,604,2017,842611,      0.00,      0.00,      0.00,      0.00,0,1,0,0,1,1
H5,604,2017,842612,      0.00,      0.00,      0.00,      0.00,0,2,0,0,2,2
H5,604,2017,842619,      0.00,      0.00,      0.00,      0.00,0,1,0,0,1,1
H5,604,2017,842620,      0.00,      0.00,      0.00,      0.00,0,1,0,0,1,1
H5,604,2017,842630,      0.00,      0.00,      0.00,      0.00,0,1,0,0,1,1
H5,604,2017,842641,      0.00,      0.00,      0.00,      0.00,0,2,0,0,2,2
H5,604,2017,842649,      0.00,      0.00,      0.00,      0.00,0,1,0,0,1,1
H5,604,2017,842691,      0.00,      0.00,      0.00,      0.00,0,1,0,0,1,1
H5,604,2017,842699,      0.00,      0.00,      0.00,      0.00,0,3,0,0,3,3
H5,604,2017,842710,      0.00,      0.00,      0.00,      0.00,0,1,0,0,1,1
H5,604,2017,842720,      0.00,      0.00,      0.00,      0.00,0,1,0,0,1,1
H5,604,2017,842790,      0.00,      0.00,      0.00,      0.00,0,1,0,0,1,1
H5,604,2017,842810,      0.00,      0.00,      0.00,      0.00,0,2,0,0,2,2
H5,604,2017,842820,      0.00,      0.00,      0.00,      0.00,0,1,0,0,1,1
H5,604,2017,842831,      0.00,      0.00,      0.00,      0.00,0,1,0,0,1,1
H5,604,2017,842832,      0.00,      0.00,      0.00,      0.00,0,1,0,0,1,1
H5,604,2017,842833,      0.00,      0.00,      0.00,      0.00,0,1,0,0,1,1
H5,604,2017,842839,      0.00,      0.00,      0.00,      0.00,0,1,0,0,1,1
H5,604,2017,842840,      0.00,      0.00,      0.00,      0.00,0,1,0,0,1,1
H5,604,2017,842860,      0.00,      0.00,      0.00,      0.00,0,1,0,0,1,1
H5,604,2017,842890,      0.00,      0.00,      0.00,      0.00,0,2,0,0,2,2
H5,604,2017,842911,      0.00,      0.00,      0.00,      0.00,0,1,0,0,1,1
H5,604,2017,842919,      0.00,      0.00,      0.00,      0.00,0,1,0,0,1,1
H5,604,2017,842920,      0.00,      0.00,      0.00,      0.00,0,1,0,0,1,1
H5,604,2017,842930,      0.00,      0.00,      0.00,      0.00,0,1,0,0,1,1
H5,604,2017,842940,      0.00,      0.00,      0.00,      0.00,0,1,0,0,1,1
H5,604,2017,842951,      0.00,      0.00,      0.00,      0.00,0,1,0,0,1,1
H5,604,2017,842952,      0.00,      0.00,      0.00,      0.00,0,1,0,0,1,1
H5,604,2017,842959,      0.00,      0.00,      0.00,      0.00,0,1,0,0,1,1
H5,604,2017,843010,      0.00,      0.00,      0.00,      0.00,0,1,0,0,1,1
H5,604,2017,843020,      0.00,      0.00,      0.00,      0.00,0,1,0,0,1,1
H5,604,2017,843031,      0.00,      0.00,      0.00,      0.00,0,1,0,0,1,1
H5,604,2017,843039,      0.00,      0.00,      0.00,      0.00,0,1,0,0,1,1
H5,604,2017,843041,      0.00,      0.00,      0.00,      0.00,0,1,0,0,1,1
H5,604,2017,843049,      0.00,      0.00,      0.00,      0.00,0,1,0,0,1,1
H5,604,2017,843050,      0.00,      0.00,      0.00,      0.00,0,1,0,0,1,1
H5,604,2017,843061,      0.00,      0.00,      0.00,      0.00,0,2,0,0,2,2
H5,604,2017,843069,      0.00,      0.00,      0.00,      0.00,0,2,0,0,2,2
H5,604,2017,843110,      0.00,      0.00,      0.00,      0.00,0,2,0,0,2,2
H5,604,2017,843120,      0.00,      0.00,      0.00,      0.00,0,1,0,0,1,1
H5,604,2017,843131,      0.00,      0.00,      0.00,      0.00,0,1,0,0,1,1
H5,604,2017,843139,      0.00,      0.00,      0.00,      0.00,0,1,0,0,1,1
H5,604,2017,843141,      0.00,      0.00,      0.00,      0.00,0,1,0,0,1,1
H5,604,2017,843142,      0.00,      0.00,      0.00,      0.00,0,1,0,0,1,1
H5,604,2017,843143,      0.00,      0.00,      0.00,      0.00,0,2,0,0,2,2
H5,604,2017,843149,      0.00,      0.00,      0.00,      0.00,0,1,0,0,1,1
H5,604,2017,843210,      0.00,      0.00,      0.00,      0.00,0,1,0,0,1,1
H5,604,2017,843221,      0.00,      0.00,      0.00,      0.00,0,1,0,0,1,1
H5,604,2017,843229,      0.00,      0.00,      0.00,      0.00,0,2,0,0,2,2
H5,604,2017,843231,      0.00,      0.00,      0.00,      0.00,0,1,0,0,1,1
H5,604,2017,843239,      0.00,      0.00,      0.00,      0.00,0,1,0,0,1,1
H5,604,2017,843241,      0.00,      0.00,      0.00,      0.00,0,1,0,0,1,1
H5,604,2017,843242,      0.00,      0.00,      0.00,      0.00,0,1,0,0,1,1
H5,604,2017,843280,      0.00,      0.00,      0.00,      0.00,0,1,0,0,1,1
H5,604,2017,843290,      0.00,      0.00,      0.00,      0.00,0,2,0,0,2,2
H5,604,2017,843311,      0.00,      0.00,      0.00,      0.00,0,2,0,0,2,2
H5,604,2017,843319,     22.00,     11.00,     11.00,     11.00,0,0,0,2,2,2
H5,604,2017,843320,      0.00,      0.00,      0.00,      0.00,0,1,0,0,1,1
H5,604,2017,843330,      0.00,      0.00,      0.00,      0.00,0,1,0,0,1,1
H5,604,2017,843340,      0.00,      0.00,      0.00,      0.00,0,1,0,0,1,1
H5,604,2017,843351,      0.00,      0.00,      0.00,      0.00,0,1,0,0,1,1
H5,604,2017,843352,      0.00,      0.00,      0.00,      0.00,0,1,0,0,1,1
H5,604,2017,843353,      0.00,      0.00,      0.00,      0.00,0,1,0,0,1,1
H5,604,2017,843359,      0.00,      0.00,      0.00,      0.00,0,3,0,0,3,3
H5,604,2017,843360,      0.00,      0.00,      0.00,      0.00,0,2,0,0,2,2
H5,604,2017,843390,      0.00,      0.00,      0.00,      0.00,0,2,0,0,2,2
H5,604,2017,843410,      0.00,      0.00,      0.00,      0.00,0,1,0,0,1,1
H5,604,2017,843420,      0.00,      0.00,      0.00,      0.00,0,1,0,0,1,1
H5,604,2017,843490,      0.00,      0.00,      0.00,      0.00,0,2,0,0,2,2
H5,604,2017,843510,      0.00,      0.00,      0.00,      0.00,0,1,0,0,1,1
H5,604,2017,843590,      0.00,      0.00,      0.00,      0.00,0,1,0,0,1,1
H5,604,2017,843610,      0.00,      0.00,      0.00,      0.00,0,1,0,0,1,1
H5,604,2017,843621,      0.00,      0.00,      0.00,      0.00,0,1,0,0,1,1
H5,604,2017,843629,      0.00,      0.00,      0.00,      0.00,0,3,0,0,3,3
H5,604,2017,843680,      0.00,      0.00,      0.00,      0.00,0,2,0,0,2,2
H5,604,2017,843691,      0.00,      0.00,      0.00,      0.00,0,1,0,0,1,1
H5,604,2017,843699,      0.00,      0.00,      0.00,      0.00,0,1,0,0,1,1
H5,604,2017,843710,      0.00,      0.00,      0.00,      0.00,0,3,0,0,3,3
H5,604,2017,843780,      0.00,      0.00,      0.00,      0.00,0,6,0,0,6,6
H5,604,2017,843790,      0.00,      0.00,      0.00,      0.00,0,1,0,0,1,1
H5,604,2017,843810,      0.00,      0.00,      0.00,      0.00,0,2,0,0,2,2
H5,604,2017,843820,      0.00,      0.00,      0.00,      0.00,0,2,0,0,2,2
H5,604,2017,843830,      0.00,      0.00,      0.00,      0.00,0,1,0,0,1,1
H5,604,2017,843840,      0.00,      0.00,      0.00,      0.00,0,1,0,0,1,1
H5,604,2017,843850,      0.00,      0.00,      0.00,      0.00,0,2,0,0,2,2
H5,604,2017,843860,      0.00,      0.00,      0.00,      0.00,0,1,0,0,1,1
H5,604,2017,843880,      0.00,      0.00,      0.00,      0.00,0,3,0,0,3,3
H5,604,2017,843890,      0.00,      0.00,      0.00,      0.00,0,1,0,0,1,1
H5,604,2017,843910,      0.00,      0.00,      0.00,      0.00,0,1,0,0,1,1
H5,604,2017,843920,      0.00,      0.00,      0.00,      0.00,0,1,0,0,1,1
H5,604,2017,843930,      0.00,      0.00,      0.00,      0.00,0,1,0,0,1,1
H5,604,2017,843991,      0.00,      0.00,      0.00,      0.00,0,1,0,0,1,1
H5,604,2017,843999,      0.00,      0.00,      0.00,      0.00,0,1,0,0,1,1
H5,604,2017,844010,      0.00,      0.00,      0.00,      0.00,0,1,0,0,1,1
H5,604,2017,844090,      0.00,      0.00,      0.00,      0.00,0,1,0,0,1,1
H5,604,2017,844110,      0.00,      0.00,      0.00,      0.00,0,1,0,0,1,1
H5,604,2017,844120,      0.00,      0.00,      0.00,      0.00,0,1,0,0,1,1
H5,604,2017,844130,      0.00,      0.00,      0.00,      0.00,0,1,0,0,1,1
H5,604,2017,844140,      0.00,      0.00,      0.00,      0.00,0,1,0,0,1,1
H5,604,2017,844180,      0.00,      0.00,      0.00,      0.00,0,1,0,0,1,1
H5,604,2017,844190,      0.00,      0.00,      0.00,      0.00,0,1,0,0,1,1
H5,604,2017,844230,      0.00,      0.00,      0.00,      0.00,0,3,0,0,3,3
H5,604,2017,844240,      0.00,      0.00,      0.00,      0.00,0,1,0,0,1,1
H5,604,2017,844250,      0.00,      0.00,      0.00,      0.00,0,2,0,0,2,2
H5,604,2017,844311,      0.00,      0.00,      0.00,      0.00,0,1,0,0,1,1
H5,604,2017,844312,      0.00,      0.00,      0.00,      0.00,0,1,0,0,1,1
H5,604,2017,844313,      0.00,      0.00,      0.00,      0.00,0,1,0,0,1,1
H5,604,2017,844314,      0.00,      0.00,      0.00,      0.00,0,1,0,0,1,1
H5,604,2017,844315,      0.00,      0.00,      0.00,      0.00,0,1,0,0,1,1
H5,604,2017,844316,      0.00,      0.00,      0.00,      0.00,0,1,0,0,1,1
H5,604,2017,844317,      0.00,      0.00,      0.00,      0.00,0,1,0,0,1,1
H5,604,2017,844319,      0.00,      0.00,      0.00,      0.00,0,2,0,0,2,2
H5,604,2017,844331,      0.00,      0.00,      0.00,      0.00,0,1,0,0,1,1
H5,604,2017,844332,      0.00,      0.00,      0.00,      0.00,0,4,0,0,4,4
H5,604,2017,844339,      0.00,      0.00,      0.00,      0.00,0,2,0,0,2,2
H5,604,2017,844391,      0.00,      0.00,      0.00,      0.00,0,1,0,0,1,1
H5,604,2017,844399,      0.00,      0.00,      0.00,      0.00,0,1,0,0,1,1
H5,604,2017,844400,      0.00,      0.00,      0.00,      0.00,0,1,0,0,1,1
H5,604,2017,844511,      0.00,      0.00,      0.00,      0.00,0,1,0,0,1,1
H5,604,2017,844512,      0.00,      0.00,      0.00,      0.00,0,1,0,0,1,1
H5,604,2017,844513,      0.00,      0.00,      0.00,      0.00,0,1,0,0,1,1
H5,604,2017,844519,      0.00,      0.00,      0.00,      0.00,0,2,0,0,2,2
H5,604,2017,844520,      0.00,      0.00,      0.00,      0.00,0,1,0,0,1,1
H5,604,2017,844530,      0.00,      0.00,      0.00,      0.00,0,1,0,0,1,1
H5,604,2017,844540,      0.00,      0.00,      0.00,      0.00,0,1,0,0,1,1
H5,604,2017,844590,      0.00,      0.00,      0.00,      0.00,0,1,0,0,1,1
H5,604,2017,844610,      0.00,      0.00,      0.00,      0.00,0,1,0,0,1,1
H5,604,2017,844621,      0.00,      0.00,      0.00,      0.00,0,1,0,0,1,1
H5,604,2017,844629,      0.00,      0.00,      0.00,      0.00,0,1,0,0,1,1
H5,604,2017,844630,      0.00,      0.00,      0.00,      0.00,0,1,0,0,1,1
H5,604,2017,844711,      0.00,      0.00,      0.00,      0.00,0,1,0,0,1,1
H5,604,2017,844712,      0.00,      0.00,      0.00,      0.00,0,1,0,0,1,1
H5,604,2017,844720,     11.00,      0.00,     11.00,      3.67,0,2,0,1,3,3
H5,604,2017,844790,      0.00,      0.00,      0.00,      0.00,0,1,0,0,1,1
H5,604,2017,844811,      0.00,      0.00,      0.00,      0.00,0,1,0,0,1,1
H5,604,2017,844819,      0.00,      0.00,      0.00,      0.00,0,1,0,0,1,1
H5,604,2017,844820,      0.00,      0.00,      0.00,      0.00,0,1,0,0,1,1
H5,604,2017,844831,      0.00,      0.00,      0.00,      0.00,0,1,0,0,1,1
H5,604,2017,844832,      0.00,      0.00,      0.00,      0.00,0,2,0,0,2,2
H5,604,2017,844833,      0.00,      0.00,      0.00,      0.00,0,1,0,0,1,1
H5,604,2017,844839,      0.00,      0.00,      0.00,      0.00,0,1,0,0,1,1
H5,604,2017,844842,      0.00,      0.00,      0.00,      0.00,0,1,0,0,1,1
H5,604,2017,844849,      0.00,      0.00,      0.00,      0.00,0,1,0,0,1,1
H5,604,2017,844851,      0.00,      0.00,      0.00,      0.00,0,1,0,0,1,1
H5,604,2017,844859,      0.00,      0.00,      0.00,      0.00,0,1,0,0,1,1
H5,604,2017,844900,      0.00,      0.00,      0.00,      0.00,0,2,0,0,2,2
H5,604,2017,845011,     11.00,     11.00,     11.00,     11.00,0,0,0,1,1,1
H5,604,2017,845012,     11.00,     11.00,     11.00,     11.00,0,0,0,1,1,1
H5,604,2017,845019,     11.00,     11.00,     11.00,     11.00,0,0,0,1,1,1
H5,604,2017,845020,      0.00,      0.00,      0.00,      0.00,0,1,0,0,1,1
H5,604,2017,845090,      0.00,      0.00,      0.00,      0.00,0,1,0,0,1,1
H5,604,2017,845110,      0.00,      0.00,      0.00,      0.00,0,1,0,0,1,1
H5,604,2017,845121,      0.00,      0.00,      0.00,      0.00,0,1,0,0,1,1
H5,604,2017,845129,      0.00,      0.00,      0.00,      0.00,0,1,0,0,1,1
H5,604,2017,845130,      0.00,      0.00,      0.00,      0.00,0,1,0,0,1,1
H5,604,2017,845140,      0.00,      0.00,      0.00,      0.00,0,2,0,0,2,2
H5,604,2017,845150,      0.00,      0.00,      0.00,      0.00,0,1,0,0,1,1
H5,604,2017,845180,      0.00,      0.00,      0.00,      0.00,0,1,0,0,1,1
H5,604,2017,845190,      0.00,      0.00,      0.00,      0.00,0,1,0,0,1,1
H5,604,2017,845210,     22.00,     11.00,     11.00,     11.00,0,0,0,2,2,2
H5,604,2017,845221,      0.00,      0.00,      0.00,      0.00,0,1,0,0,1,1
H5,604,2017,845229,      0.00,      0.00,      0.00,      0.00,0,1,0,0,1,1
H5,604,2017,845230,      0.00,      0.00,      0.00,      0.00,0,1,0,0,1,1
H5,604,2017,845290,      0.00,      0.00,      0.00,      0.00,0,2,0,0,2,2
H5,604,2017,845310,      0.00,      0.00,      0.00,      0.00,0,1,0,0,1,1
H5,604,2017,845320,      0.00,      0.00,      0.00,      0.00,0,1,0,0,1,1
H5,604,2017,845380,      0.00,      0.00,      0.00,      0.00,0,1,0,0,1,1
H5,604,2017,845390,      0.00,      0.00,      0.00,      0.00,0,1,0,0,1,1
H5,604,2017,845410,      0.00,      0.00,      0.00,      0.00,0,1,0,0,1,1
H5,604,2017,845420,      0.00,      0.00,      0.00,      0.00,0,1,0,0,1,1
H5,604,2017,845430,      0.00,      0.00,      0.00,      0.00,0,1,0,0,1,1
H5,604,2017,845490,      0.00,      0.00,      0.00,      0.00,0,1,0,0,1,1
H5,604,2017,845510,      0.00,      0.00,      0.00,      0.00,0,1,0,0,1,1
H5,604,2017,845521,      0.00,      0.00,      0.00,      0.00,0,1,0,0,1,1
H5,604,2017,845522,      0.00,      0.00,      0.00,      0.00,0,1,0,0,1,1
H5,604,2017,845530,      0.00,      0.00,      0.00,      0.00,0,1,0,0,1,1
H5,604,2017,845590,      0.00,      0.00,      0.00,      0.00,0,1,0,0,1,1
H5,604,2017,845611,      0.00,      0.00,      0.00,      0.00,0,1,0,0,1,1
H5,604,2017,845612,      0.00,      0.00,      0.00,      0.00,0,1,0,0,1,1
H5,604,2017,845620,      0.00,      0.00,      0.00,      0.00,0,1,0,0,1,1
H5,604,2017,845630,      0.00,      0.00,      0.00,      0.00,0,1,0,0,1,1
H5,604,2017,845640,      0.00,      0.00,      0.00,      0.00,0,1,0,0,1,1
H5,604,2017,845650,      0.00,      0.00,      0.00,      0.00,0,1,0,0,1,1
H5,604,2017,845690,      0.00,      0.00,      0.00,      0.00,0,1,0,0,1,1
H5,604,2017,845710,      0.00,      0.00,      0.00,      0.00,0,1,0,0,1,1
H5,604,2017,845720,      0.00,      0.00,      0.00,      0.00,0,1,0,0,1,1
H5,604,2017,845730,      0.00,      0.00,      0.00,      0.00,0,1,0,0,1,1
H5,604,2017,845811,      0.00,      0.00,      0.00,      0.00,0,3,0,0,3,3
H5,604,2017,845819,      0.00,      0.00,      0.00,      0.00,0,4,0,0,4,4
H5,604,2017,845891,      0.00,      0.00,      0.00,      0.00,0,1,0,0,1,1
H5,604,2017,845899,      0.00,      0.00,      0.00,      0.00,0,1,0,0,1,1
H5,604,2017,845910,      0.00,      0.00,      0.00,      0.00,0,4,0,0,4,4
H5,604,2017,845921,      0.00,      0.00,      0.00,      0.00,0,1,0,0,1,1
H5,604,2017,845929,      0.00,      0.00,      0.00,      0.00,0,1,0,0,1,1
H5,604,2017,845931,      0.00,      0.00,      0.00,      0.00,0,1,0,0,1,1
H5,604,2017,845939,      0.00,      0.00,      0.00,      0.00,0,1,0,0,1,1
H5,604,2017,845941,      0.00,      0.00,      0.00,      0.00,0,1,0,0,1,1
H5,604,2017,845949,      0.00,      0.00,      0.00,      0.00,0,1,0,0,1,1
H5,604,2017,845951,      0.00,      0.00,      0.00,      0.00,0,1,0,0,1,1
H5,604,2017,845959,      0.00,      0.00,      0.00,      0.00,0,1,0,0,1,1
H5,604,2017,845961,      0.00,      0.00,      0.00,      0.00,0,1,0,0,1,1
H5,604,2017,845969,      0.00,      0.00,      0.00,      0.00,0,1,0,0,1,1
H5,604,2017,845970,      0.00,      0.00,      0.00,      0.00,0,1,0,0,1,1
H5,604,2017,846012,      0.00,      0.00,      0.00,      0.00,0,1,0,0,1,1
H5,604,2017,846019,      0.00,      0.00,      0.00,      0.00,0,1,0,0,1,1
H5,604,2017,846022,      0.00,      0.00,      0.00,      0.00,0,1,0,0,1,1
H5,604,2017,846023,      0.00,      0.00,      0.00,      0.00,0,1,0,0,1,1
H5,604,2017,846024,      0.00,      0.00,      0.00,      0.00,0,1,0,0,1,1
H5,604,2017,846029,      0.00,      0.00,      0.00,      0.00,0,1,0,0,1,1
H5,604,2017,846031,      0.00,      0.00,      0.00,      0.00,0,1,0,0,1,1
H5,604,2017,846039,      0.00,      0.00,      0.00,      0.00,0,1,0,0,1,1
H5,604,2017,846040,      0.00,      0.00,      0.00,      0.00,0,1,0,0,1,1
H5,604,2017,846090,      0.00,      0.00,      0.00,      0.00,0,1,0,0,1,1
H5,604,2017,846120,      0.00,      0.00,      0.00,      0.00,0,1,0,0,1,1
H5,604,2017,846130,      0.00,      0.00,      0.00,      0.00,0,1,0,0,1,1
H5,604,2017,846140,      0.00,      0.00,      0.00,      0.00,0,1,0,0,1,1
H5,604,2017,846150,      0.00,      0.00,      0.00,      0.00,0,1,0,0,1,1
H5,604,2017,846190,      0.00,      0.00,      0.00,      0.00,0,2,0,0,2,2
H5,604,2017,846210,      0.00,      0.00,      0.00,      0.00,0,3,0,0,3,3
H5,604,2017,846221,      0.00,      0.00,      0.00,      0.00,0,1,0,0,1,1
H5,604,2017,846229,      0.00,      0.00,      0.00,      0.00,0,2,0,0,2,2
H5,604,2017,846231,      0.00,      0.00,      0.00,      0.00,0,1,0,0,1,1
H5,604,2017,846239,      0.00,      0.00,      0.00,      0.00,0,2,0,0,2,2
H5,604,2017,846241,      0.00,      0.00,      0.00,      0.00,0,1,0,0,1,1
H5,604,2017,846249,      0.00,      0.00,      0.00,      0.00,0,2,0,0,2,2
H5,604,2017,846291,      0.00,      0.00,      0.00,      0.00,0,1,0,0,1,1
H5,604,2017,846299,      0.00,      0.00,      0.00,      0.00,0,1,0,0,1,1
H5,604,2017,846310,      0.00,      0.00,      0.00,      0.00,0,2,0,0,2,2
H5,604,2017,846320,      0.00,      0.00,      0.00,      0.00,0,1,0,0,1,1
H5,604,2017,846330,      0.00,      0.00,      0.00,      0.00,0,1,0,0,1,1
H5,604,2017,846390,      0.00,      0.00,      0.00,      0.00,0,2,0,0,2,2
H5,604,2017,846410,      0.00,      0.00,      0.00,      0.00,0,1,0,0,1,1
H5,604,2017,846420,      0.00,      0.00,      0.00,      0.00,0,1,0,0,1,1
H5,604,2017,846490,      0.00,      0.00,      0.00,      0.00,0,1,0,0,1,1
H5,604,2017,846510,      0.00,      0.00,      0.00,      0.00,0,1,0,0,1,1
H5,604,2017,846520,      0.00,      0.00,      0.00,      0.00,0,1,0,0,1,1
H5,604,2017,846591,      0.00,      0.00,      0.00,      0.00,0,4,0,0,4,4
H5,604,2017,846592,      0.00,      0.00,      0.00,      0.00,0,2,0,0,2,2
H5,604,2017,846593,      0.00,      0.00,      0.00,      0.00,0,2,0,0,2,2
H5,604,2017,846594,      0.00,      0.00,      0.00,      0.00,0,2,0,0,2,2
H5,604,2017,846595,      0.00,      0.00,      0.00,      0.00,0,2,0,0,2,2
H5,604,2017,846596,      0.00,      0.00,      0.00,      0.00,0,1,0,0,1,1
H5,604,2017,846599,      0.00,      0.00,      0.00,      0.00,0,2,0,0,2,2
H5,604,2017,846610,      0.00,      0.00,      0.00,      0.00,0,1,0,0,1,1
H5,604,2017,846620,      0.00,      0.00,      0.00,      0.00,0,1,0,0,1,1
H5,604,2017,846630,      0.00,      0.00,      0.00,      0.00,0,1,0,0,1,1
H5,604,2017,846691,      0.00,      0.00,      0.00,      0.00,0,1,0,0,1,1
H5,604,2017,846692,      0.00,      0.00,      0.00,      0.00,0,1,0,0,1,1
H5,604,2017,846693,      0.00,      0.00,      0.00,      0.00,0,1,0,0,1,1
H5,604,2017,846694,      0.00,      0.00,      0.00,      0.00,0,1,0,0,1,1
H5,604,2017,846711,      0.00,      0.00,      0.00,      0.00,0,3,0,0,3,3
H5,604,2017,846719,      0.00,      0.00,      0.00,      0.00,0,3,0,0,3,3
H5,604,2017,846721,      0.00,      0.00,      0.00,      0.00,0,1,0,0,1,1
H5,604,2017,846722,      0.00,      0.00,      0.00,      0.00,0,1,0,0,1,1
H5,604,2017,846729,      0.00,      0.00,      0.00,      0.00,0,1,0,0,1,1
H5,604,2017,846781,      0.00,      0.00,      0.00,      0.00,0,1,0,0,1,1
H5,604,2017,846789,      0.00,      0.00,      0.00,      0.00,0,2,0,0,2,2
H5,604,2017,846791,      0.00,      0.00,      0.00,      0.00,0,1,0,0,1,1
H5,604,2017,846792,      0.00,      0.00,      0.00,      0.00,0,1,0,0,1,1
H5,604,2017,846799,      0.00,      0.00,      0.00,      0.00,0,1,0,0,1,1
H5,604,2017,846810,      0.00,      0.00,      0.00,      0.00,0,1,0,0,1,1
H5,604,2017,846820,      0.00,      0.00,      0.00,      0.00,0,2,0,0,2,2
H5,604,2017,846880,      0.00,      0.00,      0.00,      0.00,0,1,0,0,1,1
H5,604,2017,846890,      0.00,      0.00,      0.00,      0.00,0,1,0,0,1,1
H5,604,2017,847010,      0.00,      0.00,      0.00,      0.00,0,1,0,0,1,1
H5,604,2017,847021,      0.00,      0.00,      0.00,      0.00,0,1,0,0,1,1
H5,604,2017,847029,      0.00,      0.00,      0.00,      0.00,0,1,0,0,1,1
H5,604,2017,847030,      0.00,      0.00,      0.00,      0.00,0,1,0,0,1,1
H5,604,2017,847050,      0.00,      0.00,      0.00,      0.00,0,1,0,0,1,1
H5,604,2017,847090,      0.00,      0.00,      0.00,      0.00,0,3,0,0,3,3
H5,604,2017,847130,      0.00,      0.00,      0.00,      0.00,0,1,0,0,1,1
H5,604,2017,847141,      0.00,      0.00,      0.00,      0.00,0,1,0,0,1,1
H5,604,2017,847149,      0.00,      0.00,      0.00,      0.00,0,1,0,0,1,1
H5,604,2017,847150,      0.00,      0.00,      0.00,      0.00,0,1,0,0,1,1
H5,604,2017,847160,      0.00,      0.00,      0.00,      0.00,0,2,0,0,2,2
H5,604,2017,847170,      0.00,      0.00,      0.00,      0.00,0,1,0,0,1,1
H5,604,2017,847180,      0.00,      0.00,      0.00,      0.00,0,1,0,0,1,1
H5,604,2017,847190,      0.00,      0.00,      0.00,      0.00,0,1,0,0,1,1
H5,604,2017,847210,      0.00,      0.00,      0.00,      0.00,0,1,0,0,1,1
H5,604,2017,847230,      0.00,      0.00,      0.00,      0.00,0,1,0,0,1,1
H5,604,2017,847290,      0.00,      0.00,      0.00,      0.00,0,6,0,0,6,6
H5,604,2017,847321,      0.00,      0.00,      0.00,      0.00,0,1,0,0,1,1
H5,604,2017,847329,      0.00,      0.00,      0.00,      0.00,0,1,0,0,1,1
H5,604,2017,847330,      0.00,      0.00,      0.00,      0.00,0,1,0,0,1,1
H5,604,2017,847340,      0.00,      0.00,      0.00,      0.00,0,2,0,0,2,2
H5,604,2017,847350,      0.00,      0.00,      0.00,      0.00,0,1,0,0,1,1
H5,604,2017,847410,      0.00,      0.00,      0.00,      0.00,0,3,0,0,3,3
H5,604,2017,847420,      0.00,      0.00,      0.00,      0.00,0,4,0,0,4,4
H5,604,2017,847431,      0.00,      0.00,      0.00,      0.00,0,2,0,0,2,2
H5,604,2017,847432,      0.00,      0.00,      0.00,      0.00,0,1,0,0,1,1
H5,604,2017,847439,      0.00,      0.00,      0.00,      0.00,0,3,0,0,3,3
H5,604,2017,847480,      0.00,      0.00,      0.00,      0.00,0,4,0,0,4,4
H5,604,2017,847490,      0.00,      0.00,      0.00,      0.00,0,1,0,0,1,1
H5,604,2017,847510,      0.00,      0.00,      0.00,      0.00,0,1,0,0,1,1
H5,604,2017,847521,      0.00,      0.00,      0.00,      0.00,0,1,0,0,1,1
H5,604,2017,847529,      0.00,      0.00,      0.00,      0.00,0,1,0,0,1,1
H5,604,2017,847590,      0.00,      0.00,      0.00,      0.00,0,1,0,0,1,1
H5,604,2017,847621,      0.00,      0.00,      0.00,      0.00,0,1,0,0,1,1
H5,604,2017,847629,      0.00,      0.00,      0.00,      0.00,0,1,0,0,1,1
H5,604,2017,847681,      0.00,      0.00,      0.00,      0.00,0,1,0,0,1,1
H5,604,2017,847689,      0.00,      0.00,      0.00,      0.00,0,1,0,0,1,1
H5,604,2017,847690,      0.00,      0.00,      0.00,      0.00,0,1,0,0,1,1
H5,604,2017,847710,      0.00,      0.00,      0.00,      0.00,0,1,0,0,1,1
H5,604,2017,847720,      0.00,      0.00,      0.00,      0.00,0,1,0,0,1,1
H5,604,2017,847730,      0.00,      0.00,      0.00,      0.00,0,1,0,0,1,1
H5,604,2017,847740,      0.00,      0.00,      0.00,      0.00,0,1,0,0,1,1
H5,604,2017,847751,      0.00,      0.00,      0.00,      0.00,0,1,0,0,1,1
H5,604,2017,847759,      0.00,      0.00,      0.00,      0.00,0,2,0,0,2,2
H5,604,2017,847780,      0.00,      0.00,      0.00,      0.00,0,1,0,0,1,1
H5,604,2017,847790,      0.00,      0.00,      0.00,      0.00,0,1,0,0,1,1
H5,604,2017,847810,      0.00,      0.00,      0.00,      0.00,0,2,0,0,2,2
H5,604,2017,847890,      0.00,      0.00,      0.00,      0.00,0,1,0,0,1,1
H5,604,2017,847910,      0.00,      0.00,      0.00,      0.00,0,1,0,0,1,1
H5,604,2017,847920,      0.00,      0.00,      0.00,      0.00,0,2,0,0,2,2
H5,604,2017,847930,      0.00,      0.00,      0.00,      0.00,0,1,0,0,1,1
H5,604,2017,847940,      0.00,      0.00,      0.00,      0.00,0,1,0,0,1,1
H5,604,2017,847950,      0.00,      0.00,      0.00,      0.00,0,1,0,0,1,1
H5,604,2017,847960,      0.00,      0.00,      0.00,      0.00,0,1,0,0,1,1
H5,604,2017,847971,      0.00,      0.00,      0.00,      0.00,0,1,0,0,1,1
H5,604,2017,847979,      0.00,      0.00,      0.00,      0.00,0,1,0,0,1,1
H5,604,2017,847981,      0.00,      0.00,      0.00,      0.00,0,1,0,0,1,1
H5,604,2017,847982,      0.00,      0.00,      0.00,      0.00,0,1,0,0,1,1
H5,604,2017,847989,      0.00,      0.00,      0.00,      0.00,0,7,0,0,7,7
H5,604,2017,847990,      0.00,      0.00,      0.00,      0.00,0,1,0,0,1,1
H5,604,2017,848010,      0.00,      0.00,      0.00,      0.00,0,1,0,0,1,1
H5,604,2017,848020,      0.00,      0.00,      0.00,      0.00,0,1,0,0,1,1
H5,604,2017,848030,      0.00,      0.00,      0.00,      0.00,0,1,0,0,1,1
H5,604,2017,848041,      0.00,      0.00,      0.00,      0.00,0,1,0,0,1,1
H5,604,2017,848049,      0.00,      0.00,      0.00,      0.00,0,1,0,0,1,1
H5,604,2017,848050,      0.00,      0.00,      0.00,      0.00,0,1,0,0,1,1
H5,604,2017,848060,      0.00,      0.00,      0.00,      0.00,0,1,0,0,1,1
H5,604,2017,848071,      0.00,      0.00,      0.00,      0.00,0,2,0,0,2,2
H5,604,2017,848079,      0.00,      0.00,      0.00,      0.00,0,1,0,0,1,1
H5,604,2017,848110,      0.00,      0.00,      0.00,      0.00,0,2,0,0,2,2
H5,604,2017,848120,      0.00,      0.00,      0.00,      0.00,0,2,0,0,2,2
H5,604,2017,848130,     11.00,      0.00,     11.00,      5.50,0,1,0,1,2,2
H5,604,2017,848140,      0.00,      0.00,      0.00,      0.00,0,2,0,0,2,2
H5,604,2017,848180,      0.00,      0.00,      0.00,      0.00,0,11,0,0,11,11
H5,604,2017,848190,      0.00,      0.00,      0.00,      0.00,0,2,0,0,2,2
H5,604,2017,848210,      0.00,      0.00,      0.00,      0.00,0,1,0,0,1,1
H5,604,2017,848220,      0.00,      0.00,      0.00,      0.00,0,1,0,0,1,1
H5,604,2017,848230,      0.00,      0.00,      0.00,      0.00,0,1,0,0,1,1
H5,604,2017,848240,      0.00,      0.00,      0.00,      0.00,0,1,0,0,1,1
H5,604,2017,848250,      0.00,      0.00,      0.00,      0.00,0,1,0,0,1,1
H5,604,2017,848280,      0.00,      0.00,      0.00,      0.00,0,1,0,0,1,1
H5,604,2017,848291,      0.00,      0.00,      0.00,      0.00,0,1,0,0,1,1
H5,604,2017,848299,      0.00,      0.00,      0.00,      0.00,0,1,0,0,1,1
H5,604,2017,848310,      0.00,      0.00,      0.00,      0.00,0,5,0,0,5,5
H5,604,2017,848320,      0.00,      0.00,      0.00,      0.00,0,1,0,0,1,1
H5,604,2017,848330,      0.00,      0.00,      0.00,      0.00,0,2,0,0,2,2
H5,604,2017,848340,      0.00,      0.00,      0.00,      0.00,0,4,0,0,4,4
H5,604,2017,848350,      0.00,      0.00,      0.00,      0.00,0,1,0,0,1,1
H5,604,2017,848360,      0.00,      0.00,      0.00,      0.00,0,2,0,0,2,2
H5,604,2017,848390,     12.00,      6.00,      6.00,      6.00,0,0,0,2,2,2
H5,604,2017,848410,      6.00,      6.00,      6.00,      6.00,0,0,0,1,1,1
H5,604,2017,848420,      0.00,      0.00,      0.00,      0.00,0,1,0,0,1,1
H5,604,2017,848490,      6.00,      6.00,      6.00,      6.00,0,0,0,1,1,1
H5,604,2017,848610,      0.00,      0.00,      0.00,      0.00,0,1,0,0,1,1
H5,604,2017,848620,      0.00,      0.00,      0.00,      0.00,0,1,0,0,1,1
H5,604,2017,848630,      0.00,      0.00,      0.00,      0.00,0,1,0,0,1,1
H5,604,2017,848640,      0.00,      0.00,      0.00,      0.00,0,1,0,0,1,1
H5,604,2017,848690,      0.00,      0.00,      0.00,      0.00,0,1,0,0,1,1
H5,604,2017,848710,      0.00,      0.00,      0.00,      0.00,0,1,0,0,1,1
H5,604,2017,848790,      0.00,      0.00,      0.00,      0.00,0,3,0,0,3,3
H5,604,2017,850110,      0.00,      0.00,      0.00,      0.00,0,5,0,0,5,5
H5,604,2017,850120,      0.00,      0.00,      0.00,      0.00,0,4,0,0,4,4
H5,604,2017,850131,      0.00,      0.00,      0.00,      0.00,0,3,0,0,3,3
H5,604,2017,850132,      0.00,      0.00,      0.00,      0.00,0,4,0,0,4,4
H5,604,2017,850133,      0.00,      0.00,      0.00,      0.00,0,3,0,0,3,3
H5,604,2017,850134,      0.00,      0.00,      0.00,      0.00,0,3,0,0,3,3
H5,604,2017,850140,      0.00,      0.00,      0.00,      0.00,0,8,0,0,8,8
H5,604,2017,850151,      0.00,      0.00,      0.00,      0.00,0,2,0,0,2,2
H5,604,2017,850152,      0.00,      0.00,      0.00,      0.00,0,4,0,0,4,4
H5,604,2017,850153,      0.00,      0.00,      0.00,      0.00,0,1,0,0,1,1
H5,604,2017,850161,      0.00,      0.00,      0.00,      0.00,0,3,0,0,3,3
H5,604,2017,850162,      0.00,      0.00,      0.00,      0.00,0,1,0,0,1,1
H5,604,2017,850163,      0.00,      0.00,      0.00,      0.00,0,1,0,0,1,1
H5,604,2017,850164,      0.00,      0.00,      0.00,      0.00,0,1,0,0,1,1
H5,604,2017,850211,      0.00,      0.00,      0.00,      0.00,0,2,0,0,2,2
H5,604,2017,850212,      0.00,      0.00,      0.00,      0.00,0,2,0,0,2,2
H5,604,2017,850213,      0.00,      0.00,      0.00,      0.00,0,2,0,0,2,2
H5,604,2017,850220,      0.00,      0.00,      0.00,      0.00,0,2,0,0,2,2
H5,604,2017,850231,      0.00,      0.00,      0.00,      0.00,0,1,0,0,1,1
H5,604,2017,850239,      0.00,      0.00,      0.00,      0.00,0,2,0,0,2,2
H5,604,2017,850240,      0.00,      0.00,      0.00,      0.00,0,1,0,0,1,1
H5,604,2017,850300,      0.00,      0.00,      0.00,      0.00,0,1,0,0,1,1
H5,604,2017,850410,      0.00,      0.00,      0.00,      0.00,0,1,0,0,1,1
H5,604,2017,850421,      0.00,      0.00,      0.00,      0.00,0,3,0,0,3,3
H5,604,2017,850422,      0.00,      0.00,      0.00,      0.00,0,2,0,0,2,2
H5,604,2017,850423,      0.00,      0.00,      0.00,      0.00,0,1,0,0,1,1
H5,604,2017,850431,      0.00,      0.00,      0.00,      0.00,0,2,0,0,2,2
H5,604,2017,850432,      0.00,      0.00,      0.00,      0.00,0,2,0,0,2,2
H5,604,2017,850433,      0.00,      0.00,      0.00,      0.00,0,1,0,0,1,1
H5,604,2017,850434,      0.00,      0.00,      0.00,      0.00,0,3,0,0,3,3
H5,604,2017,850440,      0.00,      0.00,      0.00,      0.00,0,3,0,0,3,3
H5,604,2017,850450,      0.00,      0.00,      0.00,      0.00,0,2,0,0,2,2
H5,604,2017,850490,      0.00,      0.00,      0.00,      0.00,0,1,0,0,1,1
H5,604,2017,850511,      0.00,      0.00,      0.00,      0.00,0,1,0,0,1,1
H5,604,2017,850519,      0.00,      0.00,      0.00,      0.00,0,2,0,0,2,2
H5,604,2017,850520,      0.00,      0.00,      0.00,      0.00,0,1,0,0,1,1
H5,604,2017,850590,      0.00,      0.00,      0.00,      0.00,0,4,0,0,4,4
H5,604,2017,850610,     12.00,      0.00,      6.00,      2.00,0,4,0,2,6,6
H5,604,2017,850630,      0.00,      0.00,      0.00,      0.00,0,3,0,0,3,3
H5,604,2017,850640,      0.00,      0.00,      0.00,      0.00,0,3,0,0,3,3
H5,604,2017,850650,      0.00,      0.00,      0.00,      0.00,0,3,0,0,3,3
H5,604,2017,850660,      0.00,      0.00,      0.00,      0.00,0,3,0,0,3,3
H5,604,2017,850680,      0.00,      0.00,      0.00,      0.00,0,3,0,0,3,3
H5,604,2017,850690,      0.00,      0.00,      0.00,      0.00,0,1,0,0,1,1
H5,604,2017,850710,      6.00,      6.00,      6.00,      6.00,0,0,0,1,1,1
H5,604,2017,850720,      6.00,      6.00,      6.00,      6.00,0,0,0,1,1,1
H5,604,2017,850730,      0.00,      0.00,      0.00,      0.00,0,1,0,0,1,1
H5,604,2017,850740,      0.00,      0.00,      0.00,      0.00,0,1,0,0,1,1
H5,604,2017,850750,      6.00,      6.00,      6.00,      6.00,0,0,0,1,1,1
H5,604,2017,850760,      6.00,      6.00,      6.00,      6.00,0,0,0,1,1,1
H5,604,2017,850780,      6.00,      6.00,      6.00,      6.00,0,0,0,1,1,1
H5,604,2017,850790,     18.00,      0.00,      6.00,      4.50,0,1,0,3,4,4
H5,604,2017,850811,      6.00,      6.00,      6.00,      6.00,0,0,0,1,1,1
H5,604,2017,850819,      0.00,      0.00,      0.00,      0.00,0,1,0,0,1,1
H5,604,2017,850860,      0.00,      0.00,      0.00,      0.00,0,1,0,0,1,1
H5,604,2017,850870,      6.00,      6.00,      6.00,      6.00,0,0,0,1,1,1
H5,604,2017,850940,     12.00,      6.00,      6.00,      6.00,0,0,0,2,2,2
H5,604,2017,850980,     18.00,      6.00,      6.00,      6.00,0,0,0,3,3,3
H5,604,2017,850990,      6.00,      6.00,      6.00,      6.00,0,0,0,1,1,1
H5,604,2017,851010,      6.00,      6.00,      6.00,      6.00,0,0,0,1,1,1
H5,604,2017,851020,      6.00,      0.00,      6.00,      3.00,0,1,0,1,2,2
H5,604,2017,851030,      6.00,      6.00,      6.00,      6.00,0,0,0,1,1,1
H5,604,2017,851090,     12.00,      6.00,      6.00,      6.00,0,0,0,2,2,2
H5,604,2017,851110,      0.00,      0.00,      0.00,      0.00,0,2,0,0,2,2
H5,604,2017,851120,      0.00,      0.00,      0.00,      0.00,0,2,0,0,2,2
H5,604,2017,851130,      0.00,      0.00,      0.00,      0.00,0,3,0,0,3,3
H5,604,2017,851140,      0.00,      0.00,      0.00,      0.00,0,2,0,0,2,2
H5,604,2017,851150,      6.00,      0.00,      6.00,      3.00,0,1,0,1,2,2
H5,604,2017,851180,      0.00,      0.00,      0.00,      0.00,0,2,0,0,2,2
H5,604,2017,851190,      0.00,      0.00,      0.00,      0.00,0,5,0,0,5,5
H5,604,2017,851210,      0.00,      0.00,      0.00,      0.00,0,1,0,0,1,1
H5,604,2017,851220,      0.00,      0.00,      0.00,      0.00,0,2,0,0,2,2
H5,604,2017,851230,      0.00,      0.00,      0.00,      0.00,0,2,0,0,2,2
H5,604,2017,851240,      0.00,      0.00,      0.00,      0.00,0,1,0,0,1,1
H5,604,2017,851290,      0.00,      0.00,      0.00,      0.00,0,2,0,0,2,2
H5,604,2017,851310,      6.00,      0.00,      6.00,      3.00,0,1,0,1,2,2
H5,604,2017,851390,      6.00,      6.00,      6.00,      6.00,0,0,0,1,1,1
H5,604,2017,851410,      0.00,      0.00,      0.00,      0.00,0,1,0,0,1,1
H5,604,2017,851420,      0.00,      0.00,      0.00,      0.00,0,1,0,0,1,1
H5,604,2017,851430,      0.00,      0.00,      0.00,      0.00,0,2,0,0,2,2
H5,604,2017,851440,      0.00,      0.00,      0.00,      0.00,0,1,0,0,1,1
H5,604,2017,851490,      0.00,      0.00,      0.00,      0.00,0,1,0,0,1,1
H5,604,2017,851511,      0.00,      0.00,      0.00,      0.00,0,1,0,0,1,1
H5,604,2017,851519,      0.00,      0.00,      0.00,      0.00,0,1,0,0,1,1
H5,604,2017,851521,      0.00,      0.00,      0.00,      0.00,0,1,0,0,1,1
H5,604,2017,851529,      0.00,      0.00,      0.00,      0.00,0,1,0,0,1,1
H5,604,2017,851531,      0.00,      0.00,      0.00,      0.00,0,1,0,0,1,1
H5,604,2017,851539,      0.00,      0.00,      0.00,      0.00,0,1,0,0,1,1
H5,604,2017,851580,      0.00,      0.00,      0.00,      0.00,0,2,0,0,2,2
H5,604,2017,851590,      0.00,      0.00,      0.00,      0.00,0,1,0,0,1,1
H5,604,2017,851610,      6.00,      6.00,      6.00,      6.00,0,0,0,1,1,1
H5,604,2017,851621,      6.00,      6.00,      6.00,      6.00,0,0,0,1,1,1
H5,604,2017,851629,     12.00,      6.00,      6.00,      6.00,0,0,0,2,2,2
H5,604,2017,851631,      6.00,      6.00,      6.00,      6.00,0,0,0,1,1,1
H5,604,2017,851632,      6.00,      6.00,      6.00,      6.00,0,0,0,1,1,1
H5,604,2017,851633,      6.00,      6.00,      6.00,      6.00,0,0,0,1,1,1
H5,604,2017,851640,      6.00,      6.00,      6.00,      6.00,0,0,0,1,1,1
H5,604,2017,851650,      6.00,      6.00,      6.00,      6.00,0,0,0,1,1,1
H5,604,2017,851660,     18.00,      6.00,      6.00,      6.00,0,0,0,3,3,3
H5,604,2017,851671,      6.00,      6.00,      6.00,      6.00,0,0,0,1,1,1
H5,604,2017,851672,      6.00,      6.00,      6.00,      6.00,0,0,0,1,1,1
H5,604,2017,851679,      6.00,      6.00,      6.00,      6.00,0,0,0,1,1,1
H5,604,2017,851680,      0.00,      0.00,      0.00,      0.00,0,1,0,0,1,1
H5,604,2017,851690,      6.00,      6.00,      6.00,      6.00,0,0,0,1,1,1
H5,604,2017,851711,      0.00,      0.00,      0.00,      0.00,0,1,0,0,1,1
H5,604,2017,851712,      0.00,      0.00,      0.00,      0.00,0,1,0,0,1,1
H5,604,2017,851718,      0.00,      0.00,      0.00,      0.00,0,1,0,0,1,1
H5,604,2017,851761,      0.00,      0.00,      0.00,      0.00,0,1,0,0,1,1
H5,604,2017,851762,      0.00,      0.00,      0.00,      0.00,0,3,0,0,3,3
H5,604,2017,851769,      0.00,      0.00,      0.00,      0.00,0,3,0,0,3,3
H5,604,2017,851770,      0.00,      0.00,      0.00,      0.00,0,1,0,0,1,1
H5,604,2017,851810,      0.00,      0.00,      0.00,      0.00,0,1,0,0,1,1
H5,604,2017,851821,      0.00,      0.00,      0.00,      0.00,0,1,0,0,1,1
H5,604,2017,851822,      0.00,      0.00,      0.00,      0.00,0,1,0,0,1,1
H5,604,2017,851829,      0.00,      0.00,      0.00,      0.00,0,1,0,0,1,1
H5,604,2017,851830,      0.00,      0.00,      0.00,      0.00,0,1,0,0,1,1
H5,604,2017,851840,      0.00,      0.00,      0.00,      0.00,0,1,0,0,1,1
H5,604,2017,851850,      0.00,      0.00,      0.00,      0.00,0,1,0,0,1,1
H5,604,2017,851890,     12.00,      6.00,      6.00,      6.00,0,0,0,2,2,2
H5,604,2017,851920,      6.00,      6.00,      6.00,      6.00,0,0,0,1,1,1
H5,604,2017,851930,     12.00,      6.00,      6.00,      6.00,0,0,0,2,2,2
H5,604,2017,851950,      6.00,      6.00,      6.00,      6.00,0,0,0,1,1,1
H5,604,2017,851981,     18.00,      6.00,      6.00,      6.00,0,0,0,3,3,3
H5,604,2017,851989,     12.00,      6.00,      6.00,      6.00,0,0,0,2,2,2
H5,604,2017,852110,      6.00,      6.00,      6.00,      6.00,0,0,0,1,1,1
H5,604,2017,852190,     12.00,      6.00,      6.00,      6.00,0,0,0,2,2,2
H5,604,2017,852210,      0.00,      0.00,      0.00,      0.00,0,1,0,0,1,1
H5,604,2017,852290,      0.00,      0.00,      0.00,      0.00,0,5,0,0,5,5
H5,604,2017,852321,      0.00,      0.00,      0.00,      0.00,0,1,0,0,1,1
H5,604,2017,852329,     18.00,      0.00,      6.00,      1.64,0,8,0,3,11,11
H5,604,2017,852341,      0.00,      0.00,      0.00,      0.00,0,1,0,0,1,1
H5,604,2017,852349,      0.00,      0.00,      0.00,      0.00,0,3,0,0,3,3
H5,604,2017,852351,      0.00,      0.00,      0.00,      0.00,0,1,0,0,1,1
H5,604,2017,852352,      0.00,      0.00,      0.00,      0.00,0,1,0,0,1,1
H5,604,2017,852359,      0.00,      0.00,      0.00,      0.00,0,2,0,0,2,2
H5,604,2017,852380,     12.00,      0.00,      6.00,      1.71,0,5,0,2,7,7
H5,604,2017,852550,      0.00,      0.00,      0.00,      0.00,0,2,0,0,2,2
H5,604,2017,852560,      0.00,      0.00,      0.00,      0.00,0,2,0,0,2,2
H5,604,2017,852580,      0.00,      0.00,      0.00,      0.00,0,2,0,0,2,2
H5,604,2017,852610,      0.00,      0.00,      0.00,      0.00,0,1,0,0,1,1
H5,604,2017,852691,      0.00,      0.00,      0.00,      0.00,0,1,0,0,1,1
H5,604,2017,852692,      0.00,      0.00,      0.00,      0.00,0,1,0,0,1,1
H5,604,2017,852712,      6.00,      6.00,      6.00,      6.00,0,0,0,1,1,1
H5,604,2017,852713,      6.00,      6.00,      6.00,      6.00,0,0,0,1,1,1
H5,604,2017,852719,      6.00,      6.00,      6.00,      6.00,0,0,0,1,1,1
H5,604,2017,852721,      6.00,      6.00,      6.00,      6.00,0,0,0,1,1,1
H5,604,2017,852729,      6.00,      6.00,      6.00,      6.00,0,0,0,1,1,1
H5,604,2017,852791,      6.00,      6.00,      6.00,      6.00,0,0,0,1,1,1
H5,604,2017,852792,      6.00,      6.00,      6.00,      6.00,0,0,0,1,1,1
H5,604,2017,852799,      6.00,      6.00,      6.00,      6.00,0,0,0,1,1,1
H5,604,2017,852842,      0.00,      0.00,      0.00,      0.00,0,1,0,0,1,1
H5,604,2017,852849,      6.00,      6.00,      6.00,      6.00,0,0,0,1,1,1
H5,604,2017,852852,      0.00,      0.00,      0.00,      0.00,0,1,0,0,1,1
H5,604,2017,852859,      6.00,      6.00,      6.00,      6.00,0,0,0,1,1,1
H5,604,2017,852862,      0.00,      0.00,      0.00,      0.00,0,1,0,0,1,1
H5,604,2017,852869,      6.00,      6.00,      6.00,      6.00,0,0,0,1,1,1
H5,604,2017,852871,      6.00,      6.00,      6.00,      6.00,0,0,0,1,1,1
H5,604,2017,852872,      6.00,      6.00,      6.00,      6.00,0,0,0,1,1,1
H5,604,2017,852873,      6.00,      6.00,      6.00,      6.00,0,0,0,1,1,1
H5,604,2017,852910,      0.00,      0.00,      0.00,      0.00,0,3,0,0,3,3
H5,604,2017,852990,      0.00,      0.00,      0.00,      0.00,0,3,0,0,3,3
H5,604,2017,853010,      0.00,      0.00,      0.00,      0.00,0,1,0,0,1,1
H5,604,2017,853080,      0.00,      0.00,      0.00,      0.00,0,2,0,0,2,2
H5,604,2017,853090,      0.00,      0.00,      0.00,      0.00,0,1,0,0,1,1
H5,604,2017,853110,      0.00,      0.00,      0.00,      0.00,0,1,0,0,1,1
H5,604,2017,853120,      0.00,      0.00,      0.00,      0.00,0,1,0,0,1,1
H5,604,2017,853180,      0.00,      0.00,      0.00,      0.00,0,1,0,0,1,1
H5,604,2017,853190,      0.00,      0.00,      0.00,      0.00,0,1,0,0,1,1
H5,604,2017,853210,      0.00,      0.00,      0.00,      0.00,0,1,0,0,1,1
H5,604,2017,853221,      0.00,      0.00,      0.00,      0.00,0,1,0,0,1,1
H5,604,2017,853222,      0.00,      0.00,      0.00,      0.00,0,1,0,0,1,1
H5,604,2017,853223,      0.00,      0.00,      0.00,      0.00,0,1,0,0,1,1
H5,604,2017,853224,      0.00,      0.00,      0.00,      0.00,0,1,0,0,1,1
H5,604,2017,853225,      0.00,      0.00,      0.00,      0.00,0,1,0,0,1,1
H5,604,2017,853229,      0.00,      0.00,      0.00,      0.00,0,1,0,0,1,1
H5,604,2017,853230,      0.00,      0.00,      0.00,      0.00,0,1,0,0,1,1
H5,604,2017,853290,      0.00,      0.00,      0.00,      0.00,0,1,0,0,1,1
H5,604,2017,853310,      0.00,      0.00,      0.00,      0.00,0,1,0,0,1,1
H5,604,2017,853321,      0.00,      0.00,      0.00,      0.00,0,1,0,0,1,1
H5,604,2017,853329,      0.00,      0.00,      0.00,      0.00,0,1,0,0,1,1
H5,604,2017,853331,      0.00,      0.00,      0.00,      0.00,0,3,0,0,3,3
H5,604,2017,853339,      0.00,      0.00,      0.00,      0.00,0,4,0,0,4,4
H5,604,2017,853340,      0.00,      0.00,      0.00,      0.00,0,5,0,0,5,5
H5,604,2017,853390,      0.00,      0.00,      0.00,      0.00,0,1,0,0,1,1
H5,604,2017,853400,      0.00,      0.00,      0.00,      0.00,0,1,0,0,1,1
H5,604,2017,853510,      0.00,      0.00,      0.00,      0.00,0,1,0,0,1,1
H5,604,2017,853521,      0.00,      0.00,      0.00,      0.00,0,1,0,0,1,1
H5,604,2017,853529,      0.00,      0.00,      0.00,      0.00,0,1,0,0,1,1
H5,604,2017,853530,      0.00,      0.00,      0.00,      0.00,0,1,0,0,1,1
H5,604,2017,853540,      0.00,      0.00,      0.00,      0.00,0,2,0,0,2,2
H5,604,2017,853590,      0.00,      0.00,      0.00,      0.00,0,2,0,0,2,2
H5,604,2017,853610,      0.00,      0.00,      0.00,      0.00,0,3,0,0,3,3
H5,604,2017,853620,      0.00,      0.00,      0.00,      0.00,0,2,0,0,2,2
H5,604,2017,853630,      0.00,      0.00,      0.00,      0.00,0,3,0,0,3,3
H5,604,2017,853641,      0.00,      0.00,      0.00,      0.00,0,2,0,0,2,2
H5,604,2017,853649,      0.00,      0.00,      0.00,      0.00,0,3,0,0,3,3
H5,604,2017,853650,      0.00,      0.00,      0.00,      0.00,0,3,0,0,3,3
H5,604,2017,853661,      0.00,      0.00,      0.00,      0.00,0,1,0,0,1,1
H5,604,2017,853669,      0.00,      0.00,      0.00,      0.00,0,1,0,0,1,1
H5,604,2017,853670,      0.00,      0.00,      0.00,      0.00,0,1,0,0,1,1
H5,604,2017,853690,      0.00,      0.00,      0.00,      0.00,0,3,0,0,3,3
H5,604,2017,853710,      0.00,      0.00,      0.00,      0.00,0,2,0,0,2,2
H5,604,2017,853720,      0.00,      0.00,      0.00,      0.00,0,1,0,0,1,1
H5,604,2017,853810,      0.00,      0.00,      0.00,      0.00,0,1,0,0,1,1
H5,604,2017,853890,      0.00,      0.00,      0.00,      0.00,0,1,0,0,1,1
H5,604,2017,853910,      0.00,      0.00,      0.00,      0.00,0,1,0,0,1,1
H5,604,2017,853921,      6.00,      6.00,      6.00,      6.00,0,0,0,1,1,1
H5,604,2017,853922,      6.00,      0.00,      6.00,      3.00,0,1,0,1,2,2
H5,604,2017,853929,     18.00,      0.00,      6.00,      4.50,0,1,0,3,4,4
H5,604,2017,853931,     18.00,      0.00,      6.00,      4.50,0,1,0,3,4,4
H5,604,2017,853932,      6.00,      6.00,      6.00,      6.00,0,0,0,1,1,1
H5,604,2017,853939,     12.00,      6.00,      6.00,      6.00,0,0,0,2,2,2
H5,604,2017,853941,      0.00,      0.00,      0.00,      0.00,0,1,0,0,1,1
H5,604,2017,853949,      0.00,      0.00,      0.00,      0.00,0,1,0,0,1,1
H5,604,2017,853950,      0.00,      0.00,      0.00,      0.00,0,1,0,0,1,1
H5,604,2017,853990,     12.00,      6.00,      6.00,      6.00,0,0,0,2,2,2
H5,604,2017,854011,      0.00,      0.00,      0.00,      0.00,0,1,0,0,1,1
H5,604,2017,854012,      0.00,      0.00,      0.00,      0.00,0,1,0,0,1,1
H5,604,2017,854020,      0.00,      0.00,      0.00,      0.00,0,1,0,0,1,1
H5,604,2017,854040,      0.00,      0.00,      0.00,      0.00,0,1,0,0,1,1
H5,604,2017,854060,      0.00,      0.00,      0.00,      0.00,0,1,0,0,1,1
H5,604,2017,854071,      0.00,      0.00,      0.00,      0.00,0,1,0,0,1,1
H5,604,2017,854079,      0.00,      0.00,      0.00,      0.00,0,1,0,0,1,1
H5,604,2017,854081,      0.00,      0.00,      0.00,      0.00,0,1,0,0,1,1
H5,604,2017,854089,      0.00,      0.00,      0.00,      0.00,0,1,0,0,1,1
H5,604,2017,854091,      0.00,      0.00,      0.00,      0.00,0,1,0,0,1,1
H5,604,2017,854099,      0.00,      0.00,      0.00,      0.00,0,1,0,0,1,1
H5,604,2017,854110,      0.00,      0.00,      0.00,      0.00,0,1,0,0,1,1
H5,604,2017,854121,      0.00,      0.00,      0.00,      0.00,0,1,0,0,1,1
H5,604,2017,854129,      0.00,      0.00,      0.00,      0.00,0,1,0,0,1,1
H5,604,2017,854130,      0.00,      0.00,      0.00,      0.00,0,1,0,0,1,1
H5,604,2017,854140,      0.00,      0.00,      0.00,      0.00,0,2,0,0,2,2
H5,604,2017,854150,      0.00,      0.00,      0.00,      0.00,0,1,0,0,1,1
H5,604,2017,854160,      0.00,      0.00,      0.00,      0.00,0,1,0,0,1,1
H5,604,2017,854190,      0.00,      0.00,      0.00,      0.00,0,1,0,0,1,1
H5,604,2017,854231,      0.00,      0.00,      0.00,      0.00,0,1,0,0,1,1
H5,604,2017,854232,      0.00,      0.00,      0.00,      0.00,0,1,0,0,1,1
H5,604,2017,854233,      0.00,      0.00,      0.00,      0.00,0,1,0,0,1,1
H5,604,2017,854239,      0.00,      0.00,      0.00,      0.00,0,1,0,0,1,1
H5,604,2017,854290,      0.00,      0.00,      0.00,      0.00,0,1,0,0,1,1
H5,604,2017,854310,      0.00,      0.00,      0.00,      0.00,0,1,0,0,1,1
H5,604,2017,854320,      0.00,      0.00,      0.00,      0.00,0,1,0,0,1,1
H5,604,2017,854330,      0.00,      0.00,      0.00,      0.00,0,1,0,0,1,1
H5,604,2017,854370,      0.00,      0.00,      0.00,      0.00,0,4,0,0,4,4
H5,604,2017,854390,      0.00,      0.00,      0.00,      0.00,0,1,0,0,1,1
H5,604,2017,854411,      0.00,      0.00,      0.00,      0.00,0,1,0,0,1,1
H5,604,2017,854419,      0.00,      0.00,      0.00,      0.00,0,1,0,0,1,1
H5,604,2017,854420,      0.00,      0.00,      0.00,      0.00,0,1,0,0,1,1
H5,604,2017,854430,      0.00,      0.00,      0.00,      0.00,0,1,0,0,1,1
H5,604,2017,854442,      0.00,      0.00,      0.00,      0.00,0,3,0,0,3,3
H5,604,2017,854449,      6.00,      0.00,      6.00,      1.50,0,3,0,1,4,4
H5,604,2017,854460,      6.00,      0.00,      6.00,      3.00,0,1,0,1,2,2
H5,604,2017,854470,      0.00,      0.00,      0.00,      0.00,0,1,0,0,1,1
H5,604,2017,854511,      0.00,      0.00,      0.00,      0.00,0,1,0,0,1,1
H5,604,2017,854519,      0.00,      0.00,      0.00,      0.00,0,1,0,0,1,1
H5,604,2017,854520,      0.00,      0.00,      0.00,      0.00,0,1,0,0,1,1
H5,604,2017,854590,      0.00,      0.00,      0.00,      0.00,0,2,0,0,2,2
H5,604,2017,854610,      0.00,      0.00,      0.00,      0.00,0,1,0,0,1,1
H5,604,2017,854620,      0.00,      0.00,      0.00,      0.00,0,1,0,0,1,1
H5,604,2017,854690,      0.00,      0.00,      0.00,      0.00,0,2,0,0,2,2
H5,604,2017,854710,      0.00,      0.00,      0.00,      0.00,0,2,0,0,2,2
H5,604,2017,854720,      0.00,      0.00,      0.00,      0.00,0,1,0,0,1,1
H5,604,2017,854790,      0.00,      0.00,      0.00,      0.00,0,2,0,0,2,2
H5,604,2017,854810,      0.00,      0.00,      0.00,      0.00,0,1,0,0,1,1
H5,604,2017,854890,      0.00,      0.00,      0.00,      0.00,0,1,0,0,1,1
H5,604,2017,860110,      0.00,      0.00,      0.00,      0.00,0,1,0,0,1,1
H5,604,2017,860120,      0.00,      0.00,      0.00,      0.00,0,1,0,0,1,1
H5,604,2017,860210,      0.00,      0.00,      0.00,      0.00,0,1,0,0,1,1
H5,604,2017,860290,      0.00,      0.00,      0.00,      0.00,0,1,0,0,1,1
H5,604,2017,860310,      0.00,      0.00,      0.00,      0.00,0,1,0,0,1,1
H5,604,2017,860390,      0.00,      0.00,      0.00,      0.00,0,1,0,0,1,1
H5,604,2017,860400,      0.00,      0.00,      0.00,      0.00,0,2,0,0,2,2
H5,604,2017,860500,      0.00,      0.00,      0.00,      0.00,0,1,0,0,1,1
H5,604,2017,860610,      0.00,      0.00,      0.00,      0.00,0,1,0,0,1,1
H5,604,2017,860630,      0.00,      0.00,      0.00,      0.00,0,1,0,0,1,1
H5,604,2017,860691,      0.00,      0.00,      0.00,      0.00,0,1,0,0,1,1
H5,604,2017,860692,      0.00,      0.00,      0.00,      0.00,0,1,0,0,1,1
H5,604,2017,860699,      0.00,      0.00,      0.00,      0.00,0,1,0,0,1,1
H5,604,2017,860711,      0.00,      0.00,      0.00,      0.00,0,1,0,0,1,1
H5,604,2017,860712,      0.00,      0.00,      0.00,      0.00,0,1,0,0,1,1
H5,604,2017,860719,      0.00,      0.00,      0.00,      0.00,0,1,0,0,1,1
H5,604,2017,860721,      0.00,      0.00,      0.00,      0.00,0,1,0,0,1,1
H5,604,2017,860729,      0.00,      0.00,      0.00,      0.00,0,1,0,0,1,1
H5,604,2017,860730,      0.00,      0.00,      0.00,      0.00,0,1,0,0,1,1
H5,604,2017,860791,      0.00,      0.00,      0.00,      0.00,0,1,0,0,1,1
H5,604,2017,860799,      0.00,      0.00,      0.00,      0.00,0,1,0,0,1,1
H5,604,2017,860800,      0.00,      0.00,      0.00,      0.00,0,1,0,0,1,1
H5,604,2017,860900,      0.00,      0.00,      0.00,      0.00,0,1,0,0,1,1
H5,604,2017,870110,      0.00,      0.00,      0.00,      0.00,0,1,0,0,1,1
H5,604,2017,870120,      0.00,      0.00,      0.00,      0.00,0,1,0,0,1,1
H5,604,2017,870130,      0.00,      0.00,      0.00,      0.00,0,1,0,0,1,1
H5,604,2017,870191,      0.00,      0.00,      0.00,      0.00,0,1,0,0,1,1
H5,604,2017,870192,      0.00,      0.00,      0.00,      0.00,0,1,0,0,1,1
H5,604,2017,870193,      0.00,      0.00,      0.00,      0.00,0,1,0,0,1,1
H5,604,2017,870194,      0.00,      0.00,      0.00,      0.00,0,1,0,0,1,1
H5,604,2017,870195,      0.00,      0.00,      0.00,      0.00,0,1,0,0,1,1
H5,604,2017,870210,      0.00,      0.00,      0.00,      0.00,0,2,0,0,2,2
H5,604,2017,870220,      0.00,      0.00,      0.00,      0.00,0,2,0,0,2,2
H5,604,2017,870230,      0.00,      0.00,      0.00,      0.00,0,2,0,0,2,2
H5,604,2017,870240,      0.00,      0.00,      0.00,      0.00,0,2,0,0,2,2
H5,604,2017,870290,      0.00,      0.00,      0.00,      0.00,0,4,0,0,4,4
H5,604,2017,870310,      6.00,      6.00,      6.00,      6.00,0,0,0,1,1,1
H5,604,2017,870321,     12.00,      6.00,      6.00,      6.00,0,0,0,2,2,2
H5,604,2017,870322,     24.00,      6.00,      6.00,      6.00,0,0,0,4,4,4
H5,604,2017,870323,     24.00,      6.00,      6.00,      6.00,0,0,0,4,4,4
H5,604,2017,870324,     24.00,      6.00,      6.00,      6.00,0,0,0,4,4,4
H5,604,2017,870331,     24.00,      6.00,      6.00,      6.00,0,0,0,4,4,4
H5,604,2017,870332,     24.00,      6.00,      6.00,      6.00,0,0,0,4,4,4
H5,604,2017,870333,     24.00,      6.00,      6.00,      6.00,0,0,0,4,4,4
H5,604,2017,870340,     24.00,      6.00,      6.00,      6.00,0,0,0,4,4,4
H5,604,2017,870350,     24.00,      6.00,      6.00,      6.00,0,0,0,4,4,4
H5,604,2017,870360,     24.00,      6.00,      6.00,      6.00,0,0,0,4,4,4
H5,604,2017,870370,     24.00,      6.00,      6.00,      6.00,0,0,0,4,4,4
H5,604,2017,870380,     24.00,      6.00,      6.00,      6.00,0,0,0,4,4,4
H5,604,2017,870390,     18.00,      6.00,      6.00,      6.00,0,0,0,3,3,3
H5,604,2017,870410,      0.00,      0.00,      0.00,      0.00,0,1,0,0,1,1
H5,604,2017,870421,      0.00,      0.00,      0.00,      0.00,0,3,0,0,3,3
H5,604,2017,870422,      0.00,      0.00,      0.00,      0.00,0,3,0,0,3,3
H5,604,2017,870423,      0.00,      0.00,      0.00,      0.00,0,1,0,0,1,1
H5,604,2017,870431,      0.00,      0.00,      0.00,      0.00,0,3,0,0,3,3
H5,604,2017,870432,      0.00,      0.00,      0.00,      0.00,0,3,0,0,3,3
H5,604,2017,870490,      0.00,      0.00,      0.00,      0.00,0,12,0,0,12,12
H5,604,2017,870510,      0.00,      0.00,      0.00,      0.00,0,1,0,0,1,1
H5,604,2017,870520,      0.00,      0.00,      0.00,      0.00,0,1,0,0,1,1
H5,604,2017,870530,      0.00,      0.00,      0.00,      0.00,0,1,0,0,1,1
H5,604,2017,870540,      0.00,      0.00,      0.00,      0.00,0,1,0,0,1,1
H5,604,2017,870590,      0.00,      0.00,      0.00,      0.00,0,4,0,0,4,4
H5,604,2017,870600,      0.00,      0.00,      0.00,      0.00,0,6,0,0,6,6
H5,604,2017,870710,      0.00,      0.00,      0.00,      0.00,0,1,0,0,1,1
H5,604,2017,870790,      0.00,      0.00,      0.00,      0.00,0,2,0,0,2,2
H5,604,2017,870810,      0.00,      0.00,      0.00,      0.00,0,1,0,0,1,1
H5,604,2017,870821,      0.00,      0.00,      0.00,      0.00,0,1,0,0,1,1
H5,604,2017,870829,      0.00,      0.00,      0.00,      0.00,0,6,0,0,6,6
H5,604,2017,870830,      0.00,      0.00,      0.00,      0.00,0,7,0,0,7,7
H5,604,2017,870840,      0.00,      0.00,      0.00,      0.00,0,2,0,0,2,2
H5,604,2017,870850,      0.00,      0.00,      0.00,      0.00,0,4,0,0,4,4
H5,604,2017,870870,      0.00,      0.00,      0.00,      0.00,0,2,0,0,2,2
H5,604,2017,870880,      0.00,      0.00,      0.00,      0.00,0,3,0,0,3,3
H5,604,2017,870891,      0.00,      0.00,      0.00,      0.00,0,1,0,0,1,1
H5,604,2017,870892,      0.00,      0.00,      0.00,      0.00,0,1,0,0,1,1
H5,604,2017,870893,      0.00,      0.00,      0.00,      0.00,0,3,0,0,3,3
H5,604,2017,870894,      0.00,      0.00,      0.00,      0.00,0,1,0,0,1,1
H5,604,2017,870895,      0.00,      0.00,      0.00,      0.00,0,1,0,0,1,1
H5,604,2017,870899,      0.00,      0.00,      0.00,      0.00,0,12,0,0,12,12
H5,604,2017,870911,      0.00,      0.00,      0.00,      0.00,0,1,0,0,1,1
H5,604,2017,870919,      0.00,      0.00,      0.00,      0.00,0,1,0,0,1,1
H5,604,2017,870990,      0.00,      0.00,      0.00,      0.00,0,1,0,0,1,1
H5,604,2017,871000,      6.00,      6.00,      6.00,      6.00,0,0,0,1,1,1
H5,604,2017,871110,      6.00,      6.00,      6.00,      6.00,0,0,0,1,1,1
H5,604,2017,871120,      6.00,      6.00,      6.00,      6.00,0,0,0,1,1,1
H5,604,2017,871130,      6.00,      6.00,      6.00,      6.00,0,0,0,1,1,1
H5,604,2017,871140,      6.00,      6.00,      6.00,      6.00,0,0,0,1,1,1
H5,604,2017,871150,      6.00,      6.00,      6.00,      6.00,0,0,0,1,1,1
H5,604,2017,871160,      6.00,      6.00,      6.00,      6.00,0,0,0,1,1,1
H5,604,2017,871190,      6.00,      6.00,      6.00,      6.00,0,0,0,1,1,1
H5,604,2017,871200,      6.00,      6.00,      6.00,      6.00,0,0,0,1,1,1
H5,604,2017,871310,      6.00,      6.00,      6.00,      6.00,0,0,0,1,1,1
H5,604,2017,871390,      6.00,      6.00,      6.00,      6.00,0,0,0,1,1,1
H5,604,2017,871410,      0.00,      0.00,      0.00,      0.00,0,2,0,0,2,2
H5,604,2017,871420,      0.00,      0.00,      0.00,      0.00,0,1,0,0,1,1
H5,604,2017,871491,      0.00,      0.00,      0.00,      0.00,0,1,0,0,1,1
H5,604,2017,871492,      0.00,      0.00,      0.00,      0.00,0,2,0,0,2,2
H5,604,2017,871493,      0.00,      0.00,      0.00,      0.00,0,1,0,0,1,1
H5,604,2017,871494,      0.00,      0.00,      0.00,      0.00,0,1,0,0,1,1
H5,604,2017,871495,      0.00,      0.00,      0.00,      0.00,0,1,0,0,1,1
H5,604,2017,871496,      0.00,      0.00,      0.00,      0.00,0,1,0,0,1,1
H5,604,2017,871499,      0.00,      0.00,      0.00,      0.00,0,1,0,0,1,1
H5,604,2017,871500,     12.00,      6.00,      6.00,      6.00,0,0,0,2,2,2
H5,604,2017,871610,      0.00,      0.00,      0.00,      0.00,0,1,0,0,1,1
H5,604,2017,871620,      0.00,      0.00,      0.00,      0.00,0,1,0,0,1,1
H5,604,2017,871631,      0.00,      0.00,      0.00,      0.00,0,1,0,0,1,1
H5,604,2017,871639,      0.00,      0.00,      0.00,      0.00,0,1,0,0,1,1
H5,604,2017,871640,      0.00,      0.00,      0.00,      0.00,0,1,0,0,1,1
H5,604,2017,871680,      0.00,      0.00,      0.00,      0.00,0,2,0,0,2,2
H5,604,2017,871690,      0.00,      0.00,      0.00,      0.00,0,1,0,0,1,1
H5,604,2017,880100,      6.00,      0.00,      6.00,      3.00,0,1,0,1,2,2
H5,604,2017,880211,      0.00,      0.00,      0.00,      0.00,0,1,0,0,1,1
H5,604,2017,880212,      0.00,      0.00,      0.00,      0.00,0,1,0,0,1,1
H5,604,2017,880220,      0.00,      0.00,      0.00,      0.00,0,2,0,0,2,2
H5,604,2017,880230,      0.00,      0.00,      0.00,      0.00,0,2,0,0,2,2
H5,604,2017,880240,      0.00,      0.00,      0.00,      0.00,0,1,0,0,1,1
H5,604,2017,880260,      0.00,      0.00,      0.00,      0.00,0,1,0,0,1,1
H5,604,2017,880310,      0.00,      0.00,      0.00,      0.00,0,1,0,0,1,1
H5,604,2017,880320,      0.00,      0.00,      0.00,      0.00,0,1,0,0,1,1
H5,604,2017,880330,      0.00,      0.00,      0.00,      0.00,0,1,0,0,1,1
H5,604,2017,880390,      0.00,      0.00,      0.00,      0.00,0,1,0,0,1,1
H5,604,2017,880400,      6.00,      6.00,      6.00,      6.00,0,0,0,1,1,1
H5,604,2017,880510,      0.00,      0.00,      0.00,      0.00,0,1,0,0,1,1
H5,604,2017,880521,      0.00,      0.00,      0.00,      0.00,0,1,0,0,1,1
H5,604,2017,880529,      0.00,      0.00,      0.00,      0.00,0,1,0,0,1,1
H5,604,2017,890110,      0.00,      0.00,      0.00,      0.00,0,3,0,0,3,3
H5,604,2017,890120,      0.00,      0.00,      0.00,      0.00,0,3,0,0,3,3
H5,604,2017,890130,      0.00,      0.00,      0.00,      0.00,0,3,0,0,3,3
H5,604,2017,890190,      0.00,      0.00,      0.00,      0.00,0,3,0,0,3,3
H5,604,2017,890200,      0.00,      0.00,      0.00,      0.00,0,3,0,0,3,3
H5,604,2017,890310,      0.00,      0.00,      0.00,      0.00,0,1,0,0,1,1
H5,604,2017,890391,      0.00,      0.00,      0.00,      0.00,0,1,0,0,1,1
H5,604,2017,890392,      0.00,      0.00,      0.00,      0.00,0,1,0,0,1,1
H5,604,2017,890399,      0.00,      0.00,      0.00,      0.00,0,2,0,0,2,2
H5,604,2017,890400,      0.00,      0.00,      0.00,      0.00,0,2,0,0,2,2
H5,604,2017,890510,      0.00,      0.00,      0.00,      0.00,0,1,0,0,1,1
H5,604,2017,890520,      0.00,      0.00,      0.00,      0.00,0,1,0,0,1,1
H5,604,2017,890590,      0.00,      0.00,      0.00,      0.00,0,1,0,0,1,1
H5,604,2017,890610,      0.00,      0.00,      0.00,      0.00,0,1,0,0,1,1
H5,604,2017,890690,      0.00,      0.00,      0.00,      0.00,0,2,0,0,2,2
H5,604,2017,890710,      0.00,      0.00,      0.00,      0.00,0,1,0,0,1,1
H5,604,2017,890790,      0.00,      0.00,      0.00,      0.00,0,2,0,0,2,2
H5,604,2017,890800,      0.00,      0.00,      0.00,      0.00,0,1,0,0,1,1
H5,604,2017,900110,      0.00,      0.00,      0.00,      0.00,0,1,0,0,1,1
H5,604,2017,900120,      0.00,      0.00,      0.00,      0.00,0,1,0,0,1,1
H5,604,2017,900130,      0.00,      0.00,      0.00,      0.00,0,1,0,0,1,1
H5,604,2017,900140,      0.00,      0.00,      0.00,      0.00,0,1,0,0,1,1
H5,604,2017,900150,      0.00,      0.00,      0.00,      0.00,0,1,0,0,1,1
H5,604,2017,900190,      0.00,      0.00,      0.00,      0.00,0,1,0,0,1,1
H5,604,2017,900211,      0.00,      0.00,      0.00,      0.00,0,1,0,0,1,1
H5,604,2017,900219,      0.00,      0.00,      0.00,      0.00,0,1,0,0,1,1
H5,604,2017,900220,      0.00,      0.00,      0.00,      0.00,0,1,0,0,1,1
H5,604,2017,900290,      0.00,      0.00,      0.00,      0.00,0,1,0,0,1,1
H5,604,2017,900311,      0.00,      0.00,      0.00,      0.00,0,1,0,0,1,1
H5,604,2017,900319,      0.00,      0.00,      0.00,      0.00,0,2,0,0,2,2
H5,604,2017,900390,      0.00,      0.00,      0.00,      0.00,0,1,0,0,1,1
H5,604,2017,900410,      6.00,      6.00,      6.00,      6.00,0,0,0,1,1,1
H5,604,2017,900490,     12.00,      6.00,      6.00,      6.00,0,0,0,2,2,2
H5,604,2017,900510,      6.00,      6.00,      6.00,      6.00,0,0,0,1,1,1
H5,604,2017,900580,      0.00,      0.00,      0.00,      0.00,0,1,0,0,1,1
H5,604,2017,900590,      0.00,      0.00,      0.00,      0.00,0,1,0,0,1,1
H5,604,2017,900630,      0.00,      0.00,      0.00,      0.00,0,1,0,0,1,1
H5,604,2017,900640,      6.00,      6.00,      6.00,      6.00,0,0,0,1,1,1
H5,604,2017,900651,      6.00,      6.00,      6.00,      6.00,0,0,0,1,1,1
H5,604,2017,900652,     12.00,      0.00,      6.00,      3.00,0,2,0,2,4,4
H5,604,2017,900653,     12.00,      0.00,      6.00,      3.00,0,2,0,2,4,4
H5,604,2017,900659,     12.00,      0.00,      6.00,      2.40,0,3,0,2,5,5
H5,604,2017,900661,      6.00,      6.00,      6.00,      6.00,0,0,0,1,1,1
H5,604,2017,900669,      6.00,      6.00,      6.00,      6.00,0,0,0,1,1,1
H5,604,2017,900691,      6.00,      6.00,      6.00,      6.00,0,0,0,1,1,1
H5,604,2017,900699,      6.00,      6.00,      6.00,      6.00,0,0,0,1,1,1
H5,604,2017,900710,      6.00,      0.00,      6.00,      3.00,0,1,0,1,2,2
H5,604,2017,900720,      0.00,      0.00,      0.00,      0.00,0,2,0,0,2,2
H5,604,2017,900791,      0.00,      0.00,      0.00,      0.00,0,1,0,0,1,1
H5,604,2017,900792,      0.00,      0.00,      0.00,      0.00,0,1,0,0,1,1
H5,604,2017,900850,      0.00,      0.00,      0.00,      0.00,0,4,0,0,4,4
H5,604,2017,900890,      0.00,      0.00,      0.00,      0.00,0,1,0,0,1,1
H5,604,2017,901010,      0.00,      0.00,      0.00,      0.00,0,1,0,0,1,1
H5,604,2017,901050,      0.00,      0.00,      0.00,      0.00,0,1,0,0,1,1
H5,604,2017,901060,      0.00,      0.00,      0.00,      0.00,0,1,0,0,1,1
H5,604,2017,901090,      0.00,      0.00,      0.00,      0.00,0,1,0,0,1,1
H5,604,2017,901110,      0.00,      0.00,      0.00,      0.00,0,1,0,0,1,1
H5,604,2017,901120,      0.00,      0.00,      0.00,      0.00,0,1,0,0,1,1
H5,604,2017,901180,      0.00,      0.00,      0.00,      0.00,0,1,0,0,1,1
H5,604,2017,901190,      0.00,      0.00,      0.00,      0.00,0,1,0,0,1,1
H5,604,2017,901210,      0.00,      0.00,      0.00,      0.00,0,1,0,0,1,1
H5,604,2017,901290,      0.00,      0.00,      0.00,      0.00,0,1,0,0,1,1
H5,604,2017,901310,      0.00,      0.00,      0.00,      0.00,0,1,0,0,1,1
H5,604,2017,901320,      0.00,      0.00,      0.00,      0.00,0,1,0,0,1,1
H5,604,2017,901380,      0.00,      0.00,      0.00,      0.00,0,2,0,0,2,2
H5,604,2017,901390,      0.00,      0.00,      0.00,      0.00,0,1,0,0,1,1
H5,604,2017,901410,      0.00,      0.00,      0.00,      0.00,0,1,0,0,1,1
H5,604,2017,901420,      0.00,      0.00,      0.00,      0.00,0,1,0,0,1,1
H5,604,2017,901480,      0.00,      0.00,      0.00,      0.00,0,1,0,0,1,1
H5,604,2017,901490,      0.00,      0.00,      0.00,      0.00,0,1,0,0,1,1
H5,604,2017,901510,      0.00,      0.00,      0.00,      0.00,0,1,0,0,1,1
H5,604,2017,901520,      0.00,      0.00,      0.00,      0.00,0,2,0,0,2,2
H5,604,2017,901530,      0.00,      0.00,      0.00,      0.00,0,1,0,0,1,1
H5,604,2017,901540,      0.00,      0.00,      0.00,      0.00,0,2,0,0,2,2
H5,604,2017,901580,      0.00,      0.00,      0.00,      0.00,0,2,0,0,2,2
H5,604,2017,901590,      0.00,      0.00,      0.00,      0.00,0,1,0,0,1,1
H5,604,2017,901600,      0.00,      0.00,      0.00,      0.00,0,4,0,0,4,4
H5,604,2017,901710,      0.00,      0.00,      0.00,      0.00,0,1,0,0,1,1
H5,604,2017,901720,      0.00,      0.00,      0.00,      0.00,0,4,0,0,4,4
H5,604,2017,901730,      0.00,      0.00,      0.00,      0.00,0,1,0,0,1,1
H5,604,2017,901780,      0.00,      0.00,      0.00,      0.00,0,2,0,0,2,2
H5,604,2017,901790,      0.00,      0.00,      0.00,      0.00,0,1,0,0,1,1
H5,604,2017,901811,      0.00,      0.00,      0.00,      0.00,0,1,0,0,1,1
H5,604,2017,901812,      0.00,      0.00,      0.00,      0.00,0,1,0,0,1,1
H5,604,2017,901813,      0.00,      0.00,      0.00,      0.00,0,1,0,0,1,1
H5,604,2017,901814,      0.00,      0.00,      0.00,      0.00,0,1,0,0,1,1
H5,604,2017,901819,      0.00,      0.00,      0.00,      0.00,0,1,0,0,1,1
H5,604,2017,901820,      0.00,      0.00,      0.00,      0.00,0,1,0,0,1,1
H5,604,2017,901831,      6.00,      0.00,      6.00,      3.00,0,1,0,1,2,2
H5,604,2017,901832,      6.00,      6.00,      6.00,      6.00,0,0,0,1,1,1
H5,604,2017,901839,      0.00,      0.00,      0.00,      0.00,0,2,0,0,2,2
H5,604,2017,901841,      0.00,      0.00,      0.00,      0.00,0,1,0,0,1,1
H5,604,2017,901849,      0.00,      0.00,      0.00,      0.00,0,2,0,0,2,2
H5,604,2017,901850,      0.00,      0.00,      0.00,      0.00,0,1,0,0,1,1
H5,604,2017,901890,      0.00,      0.00,      0.00,      0.00,0,2,0,0,2,2
H5,604,2017,901910,      0.00,      0.00,      0.00,      0.00,0,1,0,0,1,1
H5,604,2017,901920,      0.00,      0.00,      0.00,      0.00,0,1,0,0,1,1
H5,604,2017,902000,      0.00,      0.00,      0.00,      0.00,0,1,0,0,1,1
H5,604,2017,902110,     12.00,      6.00,      6.00,      6.00,0,0,0,2,2,2
H5,604,2017,902121,      6.00,      6.00,      6.00,      6.00,0,0,0,1,1,1
H5,604,2017,902129,      6.00,      6.00,      6.00,      6.00,0,0,0,1,1,1
H5,604,2017,902131,      6.00,      6.00,      6.00,      6.00,0,0,0,1,1,1
H5,604,2017,902139,     12.00,      6.00,      6.00,      6.00,0,0,0,2,2,2
H5,604,2017,902140,      6.00,      6.00,      6.00,      6.00,0,0,0,1,1,1
H5,604,2017,902150,      6.00,      6.00,      6.00,      6.00,0,0,0,1,1,1
H5,604,2017,902190,      6.00,      6.00,      6.00,      6.00,0,0,0,1,1,1
H5,604,2017,902212,      0.00,      0.00,      0.00,      0.00,0,1,0,0,1,1
H5,604,2017,902213,      0.00,      0.00,      0.00,      0.00,0,1,0,0,1,1
H5,604,2017,902214,      0.00,      0.00,      0.00,      0.00,0,1,0,0,1,1
H5,604,2017,902219,      0.00,      0.00,      0.00,      0.00,0,1,0,0,1,1
H5,604,2017,902221,      0.00,      0.00,      0.00,      0.00,0,1,0,0,1,1
H5,604,2017,902229,      0.00,      0.00,      0.00,      0.00,0,1,0,0,1,1
H5,604,2017,902230,      0.00,      0.00,      0.00,      0.00,0,1,0,0,1,1
H5,604,2017,902290,      0.00,      0.00,      0.00,      0.00,0,1,0,0,1,1
H5,604,2017,902300,      0.00,      0.00,      0.00,      0.00,0,3,0,0,3,3
H5,604,2017,902410,      0.00,      0.00,      0.00,      0.00,0,1,0,0,1,1
H5,604,2017,902480,      0.00,      0.00,      0.00,      0.00,0,1,0,0,1,1
H5,604,2017,902490,      0.00,      0.00,      0.00,      0.00,0,1,0,0,1,1
H5,604,2017,902511,      6.00,      0.00,      6.00,      3.00,0,1,0,1,2,2
H5,604,2017,902519,      0.00,      0.00,      0.00,      0.00,0,4,0,0,4,4
H5,604,2017,902580,      0.00,      0.00,      0.00,      0.00,0,4,0,0,4,4
H5,604,2017,902590,      0.00,      0.00,      0.00,      0.00,0,1,0,0,1,1
H5,604,2017,902610,      0.00,      0.00,      0.00,      0.00,0,4,0,0,4,4
H5,604,2017,902620,      0.00,      0.00,      0.00,      0.00,0,1,0,0,1,1
H5,604,2017,902680,      0.00,      0.00,      0.00,      0.00,0,3,0,0,3,3
H5,604,2017,902690,      0.00,      0.00,      0.00,      0.00,0,1,0,0,1,1
H5,604,2017,902710,      0.00,      0.00,      0.00,      0.00,0,2,0,0,2,2
H5,604,2017,902720,      0.00,      0.00,      0.00,      0.00,0,1,0,0,1,1
H5,604,2017,902730,      0.00,      0.00,      0.00,      0.00,0,1,0,0,1,1
H5,604,2017,902750,      0.00,      0.00,      0.00,      0.00,0,1,0,0,1,1
H5,604,2017,902780,      0.00,      0.00,      0.00,      0.00,0,3,0,0,3,3
H5,604,2017,902790,      0.00,      0.00,      0.00,      0.00,0,2,0,0,2,2
H5,604,2017,902810,      0.00,      0.00,      0.00,      0.00,0,1,0,0,1,1
H5,604,2017,902820,      0.00,      0.00,      0.00,      0.00,0,2,0,0,2,2
H5,604,2017,902830,      0.00,      0.00,      0.00,      0.00,0,2,0,0,2,2
H5,604,2017,902890,      0.00,      0.00,      0.00,      0.00,0,2,0,0,2,2
H5,604,2017,902910,      0.00,      0.00,      0.00,      0.00,0,3,0,0,3,3
H5,604,2017,902920,      0.00,      0.00,      0.00,      0.00,0,3,0,0,3,3
H5,604,2017,902990,      0.00,      0.00,      0.00,      0.00,0,2,0,0,2,2
H5,604,2017,903010,      0.00,      0.00,      0.00,      0.00,0,1,0,0,1,1
H5,604,2017,903020,      0.00,      0.00,      0.00,      0.00,0,1,0,0,1,1
H5,604,2017,903031,      0.00,      0.00,      0.00,      0.00,0,1,0,0,1,1
H5,604,2017,903032,      0.00,      0.00,      0.00,      0.00,0,1,0,0,1,1
H5,604,2017,903033,      0.00,      0.00,      0.00,      0.00,0,1,0,0,1,1
H5,604,2017,903039,      0.00,      0.00,      0.00,      0.00,0,1,0,0,1,1
H5,604,2017,903040,      0.00,      0.00,      0.00,      0.00,0,1,0,0,1,1
H5,604,2017,903082,      0.00,      0.00,      0.00,      0.00,0,1,0,0,1,1
H5,604,2017,903084,      0.00,      0.00,      0.00,      0.00,0,1,0,0,1,1
H5,604,2017,903089,      0.00,      0.00,      0.00,      0.00,0,1,0,0,1,1
H5,604,2017,903090,      0.00,      0.00,      0.00,      0.00,0,2,0,0,2,2
H5,604,2017,903110,      0.00,      0.00,      0.00,      0.00,0,2,0,0,2,2
H5,604,2017,903120,      0.00,      0.00,      0.00,      0.00,0,1,0,0,1,1
H5,604,2017,903141,      0.00,      0.00,      0.00,      0.00,0,1,0,0,1,1
H5,604,2017,903149,      0.00,      0.00,      0.00,      0.00,0,3,0,0,3,3
H5,604,2017,903180,      0.00,      0.00,      0.00,      0.00,0,3,0,0,3,3
H5,604,2017,903190,      0.00,      0.00,      0.00,      0.00,0,1,0,0,1,1
H5,604,2017,903210,      0.00,      0.00,      0.00,      0.00,0,1,0,0,1,1
H5,604,2017,903220,      0.00,      0.00,      0.00,      0.00,0,1,0,0,1,1
H5,604,2017,903281,      0.00,      0.00,      0.00,      0.00,0,1,0,0,1,1
H5,604,2017,903289,      0.00,      0.00,      0.00,      0.00,0,3,0,0,3,3
H5,604,2017,903290,      0.00,      0.00,      0.00,      0.00,0,3,0,0,3,3
H5,604,2017,903300,      0.00,      0.00,      0.00,      0.00,0,1,0,0,1,1
H5,604,2017,910111,      6.00,      6.00,      6.00,      6.00,0,0,0,1,1,1
H5,604,2017,910119,      6.00,      6.00,      6.00,      6.00,0,0,0,1,1,1
H5,604,2017,910121,      6.00,      6.00,      6.00,      6.00,0,0,0,1,1,1
H5,604,2017,910129,      6.00,      6.00,      6.00,      6.00,0,0,0,1,1,1
H5,604,2017,910191,      6.00,      6.00,      6.00,      6.00,0,0,0,1,1,1
H5,604,2017,910199,      6.00,      6.00,      6.00,      6.00,0,0,0,1,1,1
H5,604,2017,910211,      6.00,      6.00,      6.00,      6.00,0,0,0,1,1,1
H5,604,2017,910212,      6.00,      6.00,      6.00,      6.00,0,0,0,1,1,1
H5,604,2017,910219,      6.00,      6.00,      6.00,      6.00,0,0,0,1,1,1
H5,604,2017,910221,      6.00,      6.00,      6.00,      6.00,0,0,0,1,1,1
H5,604,2017,910229,      6.00,      6.00,      6.00,      6.00,0,0,0,1,1,1
H5,604,2017,910291,      6.00,      6.00,      6.00,      6.00,0,0,0,1,1,1
H5,604,2017,910299,      6.00,      6.00,      6.00,      6.00,0,0,0,1,1,1
H5,604,2017,910310,      6.00,      6.00,      6.00,      6.00,0,0,0,1,1,1
H5,604,2017,910390,      6.00,      6.00,      6.00,      6.00,0,0,0,1,1,1
H5,604,2017,910400,      0.00,      0.00,      0.00,      0.00,0,2,0,0,2,2
H5,604,2017,910511,      6.00,      6.00,      6.00,      6.00,0,0,0,1,1,1
H5,604,2017,910519,      6.00,      6.00,      6.00,      6.00,0,0,0,1,1,1
H5,604,2017,910521,      6.00,      6.00,      6.00,      6.00,0,0,0,1,1,1
H5,604,2017,910529,      6.00,      6.00,      6.00,      6.00,0,0,0,1,1,1
H5,604,2017,910591,      0.00,      0.00,      0.00,      0.00,0,2,0,0,2,2
H5,604,2017,910599,      0.00,      0.00,      0.00,      0.00,0,1,0,0,1,1
H5,604,2017,910610,      0.00,      0.00,      0.00,      0.00,0,1,0,0,1,1
H5,604,2017,910690,      0.00,      0.00,      0.00,      0.00,0,2,0,0,2,2
H5,604,2017,910700,      0.00,      0.00,      0.00,      0.00,0,1,0,0,1,1
H5,604,2017,910811,      0.00,      0.00,      0.00,      0.00,0,1,0,0,1,1
H5,604,2017,910812,      0.00,      0.00,      0.00,      0.00,0,1,0,0,1,1
H5,604,2017,910819,      0.00,      0.00,      0.00,      0.00,0,1,0,0,1,1
H5,604,2017,910820,      0.00,      0.00,      0.00,      0.00,0,1,0,0,1,1
H5,604,2017,910890,      0.00,      0.00,      0.00,      0.00,0,1,0,0,1,1
H5,604,2017,910910,      0.00,      0.00,      0.00,      0.00,0,1,0,0,1,1
H5,604,2017,910990,      0.00,      0.00,      0.00,      0.00,0,1,0,0,1,1
H5,604,2017,911011,      0.00,      0.00,      0.00,      0.00,0,1,0,0,1,1
H5,604,2017,911012,      0.00,      0.00,      0.00,      0.00,0,1,0,0,1,1
H5,604,2017,911019,      0.00,      0.00,      0.00,      0.00,0,1,0,0,1,1
H5,604,2017,911090,      0.00,      0.00,      0.00,      0.00,0,1,0,0,1,1
H5,604,2017,911110,      0.00,      0.00,      0.00,      0.00,0,1,0,0,1,1
H5,604,2017,911120,      0.00,      0.00,      0.00,      0.00,0,1,0,0,1,1
H5,604,2017,911180,      0.00,      0.00,      0.00,      0.00,0,1,0,0,1,1
H5,604,2017,911190,      0.00,      0.00,      0.00,      0.00,0,1,0,0,1,1
H5,604,2017,911220,      0.00,      0.00,      0.00,      0.00,0,1,0,0,1,1
H5,604,2017,911290,      0.00,      0.00,      0.00,      0.00,0,1,0,0,1,1
H5,604,2017,911310,      6.00,      6.00,      6.00,      6.00,0,0,0,1,1,1
H5,604,2017,911320,      6.00,      6.00,      6.00,      6.00,0,0,0,1,1,1
H5,604,2017,911390,     18.00,      6.00,      6.00,      6.00,0,0,0,3,3,3
H5,604,2017,911410,      0.00,      0.00,      0.00,      0.00,0,1,0,0,1,1
H5,604,2017,911430,      0.00,      0.00,      0.00,      0.00,0,1,0,0,1,1
H5,604,2017,911440,      0.00,      0.00,      0.00,      0.00,0,1,0,0,1,1
H5,604,2017,911490,      0.00,      0.00,      0.00,      0.00,0,1,0,0,1,1
H5,604,2017,920110,      6.00,      6.00,      6.00,      6.00,0,0,0,1,1,1
H5,604,2017,920120,      6.00,      6.00,      6.00,      6.00,0,0,0,1,1,1
H5,604,2017,920190,      6.00,      6.00,      6.00,      6.00,0,0,0,1,1,1
H5,604,2017,920210,      6.00,      6.00,      6.00,      6.00,0,0,0,1,1,1
H5,604,2017,920290,      6.00,      6.00,      6.00,      6.00,0,0,0,1,1,1
H5,604,2017,920510,      6.00,      6.00,      6.00,      6.00,0,0,0,1,1,1
H5,604,2017,920590,     24.00,      6.00,      6.00,      6.00,0,0,0,4,4,4
H5,604,2017,920600,      6.00,      6.00,      6.00,      6.00,0,0,0,1,1,1
H5,604,2017,920710,      6.00,      6.00,      6.00,      6.00,0,0,0,1,1,1
H5,604,2017,920790,      6.00,      6.00,      6.00,      6.00,0,0,0,1,1,1
H5,604,2017,920810,      6.00,      6.00,      6.00,      6.00,0,0,0,1,1,1
H5,604,2017,920890,      6.00,      6.00,      6.00,      6.00,0,0,0,1,1,1
H5,604,2017,920930,      6.00,      6.00,      6.00,      6.00,0,0,0,1,1,1
H5,604,2017,920991,      0.00,      0.00,      0.00,      0.00,0,1,0,0,1,1
H5,604,2017,920992,      0.00,      0.00,      0.00,      0.00,0,1,0,0,1,1
H5,604,2017,920994,      0.00,      0.00,      0.00,      0.00,0,1,0,0,1,1
H5,604,2017,920999,      0.00,      0.00,      0.00,      0.00,0,1,0,0,1,1
H5,604,2017,930110,     12.00,      6.00,      6.00,      6.00,0,0,0,2,2,2
H5,604,2017,930120,      6.00,      6.00,      6.00,      6.00,0,0,0,1,1,1
H5,604,2017,930190,     54.00,      6.00,      6.00,      6.00,0,0,0,9,9,9
H5,604,2017,930200,     24.00,      6.00,      6.00,      6.00,0,0,0,4,4,4
H5,604,2017,930310,      6.00,      6.00,      6.00,      6.00,0,0,0,1,1,1
H5,604,2017,930320,     30.00,      6.00,      6.00,      6.00,0,0,0,5,5,5
H5,604,2017,930330,     18.00,      6.00,      6.00,      6.00,0,0,0,3,3,3
H5,604,2017,930390,      6.00,      6.00,      6.00,      6.00,0,0,0,1,1,1
H5,604,2017,930400,     12.00,      6.00,      6.00,      6.00,0,0,0,2,2,2
H5,604,2017,930510,     54.00,      6.00,      6.00,      6.00,0,0,0,9,9,9
H5,604,2017,930520,      0.00,      0.00,      0.00,      0.00,0,10,0,0,10,10
H5,604,2017,930591,      0.00,      0.00,      0.00,      0.00,0,10,0,0,10,10
H5,604,2017,930599,      0.00,      0.00,      0.00,      0.00,0,1,0,0,1,1
H5,604,2017,930621,      6.00,      6.00,      6.00,      6.00,0,0,0,1,1,1
H5,604,2017,930629,     12.00,      6.00,      6.00,      6.00,0,0,0,2,2,2
H5,604,2017,930630,     18.00,      6.00,      6.00,      6.00,0,0,0,3,3,3
H5,604,2017,930690,     24.00,      6.00,      6.00,      6.00,0,0,0,4,4,4
H5,604,2017,930700,      6.00,      6.00,      6.00,      6.00,0,0,0,1,1,1
H5,604,2017,940110,      0.00,      0.00,      0.00,      0.00,0,1,0,0,1,1
H5,604,2017,940120,      0.00,      0.00,      0.00,      0.00,0,1,0,0,1,1
H5,604,2017,940130,      6.00,      6.00,      6.00,      6.00,0,0,0,1,1,1
H5,604,2017,940140,      6.00,      6.00,      6.00,      6.00,0,0,0,1,1,1
H5,604,2017,940152,      6.00,      6.00,      6.00,      6.00,0,0,0,1,1,1
H5,604,2017,940153,      6.00,      6.00,      6.00,      6.00,0,0,0,1,1,1
H5,604,2017,940159,      6.00,      6.00,      6.00,      6.00,0,0,0,1,1,1
H5,604,2017,940161,      6.00,      6.00,      6.00,      6.00,0,0,0,1,1,1
H5,604,2017,940169,      6.00,      6.00,      6.00,      6.00,0,0,0,1,1,1
H5,604,2017,940171,      6.00,      6.00,      6.00,      6.00,0,0,0,1,1,1
H5,604,2017,940179,      6.00,      6.00,      6.00,      6.00,0,0,0,1,1,1
H5,604,2017,940180,      6.00,      6.00,      6.00,      6.00,0,0,0,1,1,1
H5,604,2017,940190,     12.00,      6.00,      6.00,      6.00,0,0,0,2,2,2
H5,604,2017,940210,      0.00,      0.00,      0.00,      0.00,0,2,0,0,2,2
H5,604,2017,940290,      0.00,      0.00,      0.00,      0.00,0,2,0,0,2,2
H5,604,2017,940310,      6.00,      6.00,      6.00,      6.00,0,0,0,1,1,1
H5,604,2017,940320,      6.00,      6.00,      6.00,      6.00,0,0,0,1,1,1
H5,604,2017,940330,      6.00,      6.00,      6.00,      6.00,0,0,0,1,1,1
H5,604,2017,940340,      6.00,      6.00,      6.00,      6.00,0,0,0,1,1,1
H5,604,2017,940350,      6.00,      6.00,      6.00,      6.00,0,0,0,1,1,1
H5,604,2017,940360,      6.00,      6.00,      6.00,      6.00,0,0,0,1,1,1
H5,604,2017,940370,      6.00,      6.00,      6.00,      6.00,0,0,0,1,1,1
H5,604,2017,940382,      6.00,      6.00,      6.00,      6.00,0,0,0,1,1,1
H5,604,2017,940383,      6.00,      6.00,      6.00,      6.00,0,0,0,1,1,1
H5,604,2017,940389,      6.00,      6.00,      6.00,      6.00,0,0,0,1,1,1
H5,604,2017,940390,      6.00,      6.00,      6.00,      6.00,0,0,0,1,1,1
H5,604,2017,940410,      6.00,      6.00,      6.00,      6.00,0,0,0,1,1,1
H5,604,2017,940421,      6.00,      6.00,      6.00,      6.00,0,0,0,1,1,1
H5,604,2017,940429,      6.00,      6.00,      6.00,      6.00,0,0,0,1,1,1
H5,604,2017,940430,      6.00,      6.00,      6.00,      6.00,0,0,0,1,1,1
H5,604,2017,940490,      6.00,      6.00,      6.00,      6.00,0,0,0,1,1,1
H5,604,2017,940510,     12.00,      0.00,      6.00,      4.00,0,1,0,2,3,3
H5,604,2017,940520,      6.00,      6.00,      6.00,      6.00,0,0,0,1,1,1
H5,604,2017,940530,      6.00,      6.00,      6.00,      6.00,0,0,0,1,1,1
H5,604,2017,940540,      0.00,      0.00,      0.00,      0.00,0,3,0,0,3,3
H5,604,2017,940550,     12.00,      6.00,      6.00,      6.00,0,0,0,2,2,2
H5,604,2017,940560,      0.00,      0.00,      0.00,      0.00,0,1,0,0,1,1
H5,604,2017,940591,      0.00,      0.00,      0.00,      0.00,0,1,0,0,1,1
H5,604,2017,940592,      6.00,      6.00,      6.00,      6.00,0,0,0,1,1,1
H5,604,2017,940599,      0.00,      0.00,      0.00,      0.00,0,1,0,0,1,1
H5,604,2017,940610,      0.00,      0.00,      0.00,      0.00,0,1,0,0,1,1
H5,604,2017,940690,      0.00,      0.00,      0.00,      0.00,0,1,0,0,1,1
H5,604,2017,950300,     78.00,      6.00,      6.00,      6.00,0,0,0,13,13,13
H5,604,2017,950420,      6.00,      6.00,      6.00,      6.00,0,0,0,1,1,1
H5,604,2017,950430,     12.00,      6.00,      6.00,      6.00,0,0,0,2,2,2
H5,604,2017,950440,      6.00,      6.00,      6.00,      6.00,0,0,0,1,1,1
H5,604,2017,950450,      6.00,      6.00,      6.00,      6.00,0,0,0,1,1,1
H5,604,2017,950490,     24.00,      6.00,      6.00,      6.00,0,0,0,4,4,4
H5,604,2017,950510,      6.00,      6.00,      6.00,      6.00,0,0,0,1,1,1
H5,604,2017,950590,      6.00,      6.00,      6.00,      6.00,0,0,0,1,1,1
H5,604,2017,950611,      6.00,      6.00,      6.00,      6.00,0,0,0,1,1,1
H5,604,2017,950612,      6.00,      6.00,      6.00,      6.00,0,0,0,1,1,1
H5,604,2017,950619,      6.00,      6.00,      6.00,      6.00,0,0,0,1,1,1
H5,604,2017,950621,      6.00,      6.00,      6.00,      6.00,0,0,0,1,1,1
H5,604,2017,950629,      6.00,      6.00,      6.00,      6.00,0,0,0,1,1,1
H5,604,2017,950631,      6.00,      6.00,      6.00,      6.00,0,0,0,1,1,1
H5,604,2017,950632,      6.00,      6.00,      6.00,      6.00,0,0,0,1,1,1
H5,604,2017,950639,      6.00,      6.00,      6.00,      6.00,0,0,0,1,1,1
H5,604,2017,950640,      6.00,      6.00,      6.00,      6.00,0,0,0,1,1,1
H5,604,2017,950651,      6.00,      6.00,      6.00,      6.00,0,0,0,1,1,1
H5,604,2017,950659,      6.00,      6.00,      6.00,      6.00,0,0,0,1,1,1
H5,604,2017,950661,      6.00,      6.00,      6.00,      6.00,0,0,0,1,1,1
H5,604,2017,950662,      6.00,      6.00,      6.00,      6.00,0,0,0,1,1,1
H5,604,2017,950669,      6.00,      6.00,      6.00,      6.00,0,0,0,1,1,1
H5,604,2017,950670,      6.00,      6.00,      6.00,      6.00,0,0,0,1,1,1
H5,604,2017,950691,      6.00,      6.00,      6.00,      6.00,0,0,0,1,1,1
H5,604,2017,950699,     12.00,      6.00,      6.00,      6.00,0,0,0,2,2,2
H5,604,2017,950710,      6.00,      6.00,      6.00,      6.00,0,0,0,1,1,1
H5,604,2017,950720,      6.00,      6.00,      6.00,      6.00,0,0,0,1,1,1
H5,604,2017,950730,      6.00,      6.00,      6.00,      6.00,0,0,0,1,1,1
H5,604,2017,950790,     12.00,      6.00,      6.00,      6.00,0,0,0,2,2,2
H5,604,2017,950810,      0.00,      0.00,      0.00,      0.00,0,1,0,0,1,1
H5,604,2017,950890,      0.00,      0.00,      0.00,      0.00,0,1,0,0,1,1
H5,604,2017,960110,      6.00,      6.00,      6.00,      6.00,0,0,0,1,1,1
H5,604,2017,960190,      6.00,      6.00,      6.00,      6.00,0,0,0,1,1,1
H5,604,2017,960200,      6.00,      0.00,      6.00,      3.00,0,1,0,1,2,2
H5,604,2017,960310,      6.00,      6.00,      6.00,      6.00,0,0,0,1,1,1
H5,604,2017,960321,      6.00,      6.00,      6.00,      6.00,0,0,0,1,1,1
H5,604,2017,960329,      6.00,      6.00,      6.00,      6.00,0,0,0,1,1,1
H5,604,2017,960330,     12.00,      6.00,      6.00,      6.00,0,0,0,2,2,2
H5,604,2017,960340,      6.00,      6.00,      6.00,      6.00,0,0,0,1,1,1
H5,604,2017,960350,      0.00,      0.00,      0.00,      0.00,0,1,0,0,1,1
H5,604,2017,960390,      6.00,      0.00,      6.00,      3.00,0,1,0,1,2,2
H5,604,2017,960400,      0.00,      0.00,      0.00,      0.00,0,1,0,0,1,1
H5,604,2017,960500,      6.00,      6.00,      6.00,      6.00,0,0,0,1,1,1
H5,604,2017,960610,      0.00,      0.00,      0.00,      0.00,0,1,0,0,1,1
H5,604,2017,960621,      0.00,      0.00,      0.00,      0.00,0,1,0,0,1,1
H5,604,2017,960622,      0.00,      0.00,      0.00,      0.00,0,1,0,0,1,1
H5,604,2017,960629,      0.00,      0.00,      0.00,      0.00,0,2,0,0,2,2
H5,604,2017,960630,      0.00,      0.00,      0.00,      0.00,0,2,0,0,2,2
H5,604,2017,960711,      0.00,      0.00,      0.00,      0.00,0,1,0,0,1,1
H5,604,2017,960719,      0.00,      0.00,      0.00,      0.00,0,1,0,0,1,1
H5,604,2017,960720,      0.00,      0.00,      0.00,      0.00,0,1,0,0,1,1
H5,604,2017,960810,      6.00,      6.00,      6.00,      6.00,0,0,0,1,1,1
H5,604,2017,960820,      6.00,      6.00,      6.00,      6.00,0,0,0,1,1,1
H5,604,2017,960830,      6.00,      6.00,      6.00,      6.00,0,0,0,1,1,1
H5,604,2017,960840,      6.00,      6.00,      6.00,      6.00,0,0,0,1,1,1
H5,604,2017,960850,      6.00,      6.00,      6.00,      6.00,0,0,0,1,1,1
H5,604,2017,960860,      6.00,      6.00,      6.00,      6.00,0,0,0,1,1,1
H5,604,2017,960891,      6.00,      6.00,      6.00,      6.00,0,0,0,1,1,1
H5,604,2017,960899,     12.00,      0.00,      6.00,      2.40,0,3,0,2,5,5
H5,604,2017,960910,      6.00,      6.00,      6.00,      6.00,0,0,0,1,1,1
H5,604,2017,960920,      6.00,      6.00,      6.00,      6.00,0,0,0,1,1,1
H5,604,2017,960990,      6.00,      6.00,      6.00,      6.00,0,0,0,1,1,1
H5,604,2017,961000,      6.00,      6.00,      6.00,      6.00,0,0,0,1,1,1
H5,604,2017,961100,      0.00,      0.00,      0.00,      0.00,0,1,0,0,1,1
H5,604,2017,961210,      6.00,      6.00,      6.00,      6.00,0,0,0,1,1,1
H5,604,2017,961220,      0.00,      0.00,      0.00,      0.00,0,1,0,0,1,1
H5,604,2017,961310,      6.00,      6.00,      6.00,      6.00,0,0,0,1,1,1
H5,604,2017,961320,      6.00,      6.00,      6.00,      6.00,0,0,0,1,1,1
H5,604,2017,961380,      6.00,      6.00,      6.00,      6.00,0,0,0,1,1,1
H5,604,2017,961390,      6.00,      6.00,      6.00,      6.00,0,0,0,1,1,1
H5,604,2017,961400,      6.00,      6.00,      6.00,      6.00,0,0,0,1,1,1
H5,604,2017,961511,      6.00,      6.00,      6.00,      6.00,0,0,0,1,1,1
H5,604,2017,961519,      6.00,      6.00,      6.00,      6.00,0,0,0,1,1,1
H5,604,2017,961590,      6.00,      6.00,      6.00,      6.00,0,0,0,1,1,1
H5,604,2017,961610,      6.00,      6.00,      6.00,      6.00,0,0,0,1,1,1
H5,604,2017,961620,      6.00,      6.00,      6.00,      6.00,0,0,0,1,1,1
H5,604,2017,961700,      0.00,      0.00,      0.00,      0.00,0,1,0,0,1,1
H5,604,2017,961800,      0.00,      0.00,      0.00,      0.00,0,1,0,0,1,1
H5,604,2017,961900,     18.00,      6.00,      6.00,      6.00,0,0,0,3,3,3
H5,604,2017,962000,     18.00,      0.00,      6.00,      4.50,0,1,0,3,4,4
H5,604,2017,970110,      6.00,      6.00,      6.00,      6.00,0,0,0,1,1,1
H5,604,2017,970190,      6.00,      6.00,      6.00,      6.00,0,0,0,1,1,1
H5,604,2017,970200,      6.00,      6.00,      6.00,      6.00,0,0,0,1,1,1
H5,604,2017,970300,      6.00,      6.00,      6.00,      6.00,0,0,0,1,1,1
H5,604,2017,970400,      6.00,      6.00,      6.00,      6.00,0,0,0,1,1,1
H5,604,2017,970500,      6.00,      6.00,      6.00,      6.00,0,0,0,1,1,1
H5,604,2017,970600,      6.00,      6.00,      6.00,      6.00,0,0,0,1,1,1
