NomenCode,Reporter_ISO_N,Year,ProductCode,Sum_Of_Rates,Min_Rate,Max_Rate,SimpleAverage,Nbr_NA_Lines,Nbr_Free_Lines,Nbr_AVE_Lines,Nbr_Dutiable_Lines,TotalNoOfValidLines,TotalNoOfLines
H4,702,2018,010121,      0.00,      0.00,      0.00,      0.00,0,1,0,0,1,1
H4,702,2018,010129,      0.00,      0.00,      0.00,      0.00,0,1,0,0,1,1
H4,702,2018,010130,      0.00,      0.00,      0.00,      0.00,0,2,0,0,2,2
H4,702,2018,010190,      0.00,      0.00,      0.00,      0.00,0,1,0,0,1,1
H4,702,2018,010221,      0.00,      0.00,      0.00,      0.00,0,1,0,0,1,1
H4,702,2018,010229,      0.00,      0.00,      0.00,      0.00,0,2,0,0,2,2
H4,702,2018,010231,      0.00,      0.00,      0.00,      0.00,0,1,0,0,1,1
H4,702,2018,010239,      0.00,      0.00,      0.00,      0.00,0,1,0,0,1,1
H4,702,2018,010290,      0.00,      0.00,      0.00,      0.00,0,2,0,0,2,2
H4,702,2018,010310,      0.00,      0.00,      0.00,      0.00,0,1,0,0,1,1
H4,702,2018,010391,      0.00,      0.00,      0.00,      0.00,0,1,0,0,1,1
H4,702,2018,010392,      0.00,      0.00,      0.00,      0.00,0,1,0,0,1,1
H4,702,2018,010410,      0.00,      0.00,      0.00,      0.00,0,2,0,0,2,2
H4,702,2018,010420,      0.00,      0.00,      0.00,      0.00,0,2,0,0,2,2
H4,702,2018,010511,      0.00,      0.00,      0.00,      0.00,0,2,0,0,2,2
H4,702,2018,010512,      0.00,      0.00,      0.00,      0.00,0,2,0,0,2,2
H4,702,2018,010513,      0.00,      0.00,      0.00,      0.00,0,2,0,0,2,2
H4,702,2018,010514,      0.00,      0.00,      0.00,      0.00,0,2,0,0,2,2
H4,702,2018,010515,      0.00,      0.00,      0.00,      0.00,0,2,0,0,2,2
H4,702,2018,010594,      0.00,      0.00,      0.00,      0.00,0,4,0,0,4,4
H4,702,2018,010599,      0.00,      0.00,      0.00,      0.00,0,4,0,0,4,4
H4,702,2018,010611,      0.00,      0.00,      0.00,      0.00,0,1,0,0,1,1
H4,702,2018,010612,      0.00,      0.00,      0.00,      0.00,0,1,0,0,1,1
H4,702,2018,010613,      0.00,      0.00,      0.00,      0.00,0,1,0,0,1,1
H4,702,2018,010614,      0.00,      0.00,      0.00,      0.00,0,1,0,0,1,1
H4,702,2018,010619,      0.00,      0.00,      0.00,      0.00,0,1,0,0,1,1
H4,702,2018,010620,      0.00,      0.00,      0.00,      0.00,0,1,0,0,1,1
H4,702,2018,010631,      0.00,      0.00,      0.00,      0.00,0,1,0,0,1,1
H4,702,2018,010632,      0.00,      0.00,      0.00,      0.00,0,1,0,0,1,1
H4,702,2018,010633,      0.00,      0.00,      0.00,      0.00,0,1,0,0,1,1
H4,702,2018,010639,      0.00,      0.00,      0.00,      0.00,0,1,0,0,1,1
H4,702,2018,010641,      0.00,      0.00,      0.00,      0.00,0,1,0,0,1,1
H4,702,2018,010649,      0.00,      0.00,      0.00,      0.00,0,1,0,0,1,1
H4,702,2018,010690,      0.00,      0.00,      0.00,      0.00,0,1,0,0,1,1
H4,702,2018,020110,      0.00,      0.00,      0.00,      0.00,0,1,0,0,1,1
H4,702,2018,020120,      0.00,      0.00,      0.00,      0.00,0,1,0,0,1,1
H4,702,2018,020130,      0.00,      0.00,      0.00,      0.00,0,1,0,0,1,1
H4,702,2018,020210,      0.00,      0.00,      0.00,      0.00,0,1,0,0,1,1
H4,702,2018,020220,      0.00,      0.00,      0.00,      0.00,0,1,0,0,1,1
H4,702,2018,020230,      0.00,      0.00,      0.00,      0.00,0,1,0,0,1,1
H4,702,2018,020311,      0.00,      0.00,      0.00,      0.00,0,1,0,0,1,1
H4,702,2018,020312,      0.00,      0.00,      0.00,      0.00,0,1,0,0,1,1
H4,702,2018,020319,      0.00,      0.00,      0.00,      0.00,0,1,0,0,1,1
H4,702,2018,020321,      0.00,      0.00,      0.00,      0.00,0,1,0,0,1,1
H4,702,2018,020322,      0.00,      0.00,      0.00,      0.00,0,1,0,0,1,1
H4,702,2018,020329,      0.00,      0.00,      0.00,      0.00,0,1,0,0,1,1
H4,702,2018,020410,      0.00,      0.00,      0.00,      0.00,0,1,0,0,1,1
H4,702,2018,020421,      0.00,      0.00,      0.00,      0.00,0,1,0,0,1,1
H4,702,2018,020422,      0.00,      0.00,      0.00,      0.00,0,1,0,0,1,1
H4,702,2018,020423,      0.00,      0.00,      0.00,      0.00,0,1,0,0,1,1
H4,702,2018,020430,      0.00,      0.00,      0.00,      0.00,0,1,0,0,1,1
H4,702,2018,020441,      0.00,      0.00,      0.00,      0.00,0,1,0,0,1,1
H4,702,2018,020442,      0.00,      0.00,      0.00,      0.00,0,1,0,0,1,1
H4,702,2018,020443,      0.00,      0.00,      0.00,      0.00,0,1,0,0,1,1
H4,702,2018,020450,      0.00,      0.00,      0.00,      0.00,0,1,0,0,1,1
H4,702,2018,020500,      0.00,      0.00,      0.00,      0.00,0,1,0,0,1,1
H4,702,2018,020610,      0.00,      0.00,      0.00,      0.00,0,1,0,0,1,1
H4,702,2018,020621,      0.00,      0.00,      0.00,      0.00,0,1,0,0,1,1
H4,702,2018,020622,      0.00,      0.00,      0.00,      0.00,0,1,0,0,1,1
H4,702,2018,020629,      0.00,      0.00,      0.00,      0.00,0,1,0,0,1,1
H4,702,2018,020630,      0.00,      0.00,      0.00,      0.00,0,1,0,0,1,1
H4,702,2018,020641,      0.00,      0.00,      0.00,      0.00,0,1,0,0,1,1
H4,702,2018,020649,      0.00,      0.00,      0.00,      0.00,0,1,0,0,1,1
H4,702,2018,020680,      0.00,      0.00,      0.00,      0.00,0,1,0,0,1,1
H4,702,2018,020690,      0.00,      0.00,      0.00,      0.00,0,1,0,0,1,1
H4,702,2018,020711,      0.00,      0.00,      0.00,      0.00,0,1,0,0,1,1
H4,702,2018,020712,      0.00,      0.00,      0.00,      0.00,0,1,0,0,1,1
H4,702,2018,020713,      0.00,      0.00,      0.00,      0.00,0,1,0,0,1,1
H4,702,2018,020714,      0.00,      0.00,      0.00,      0.00,0,5,0,0,5,5
H4,702,2018,020724,      0.00,      0.00,      0.00,      0.00,0,1,0,0,1,1
H4,702,2018,020725,      0.00,      0.00,      0.00,      0.00,0,1,0,0,1,1
H4,702,2018,020726,      0.00,      0.00,      0.00,      0.00,0,1,0,0,1,1
H4,702,2018,020727,      0.00,      0.00,      0.00,      0.00,0,3,0,0,3,3
H4,702,2018,020741,      0.00,      0.00,      0.00,      0.00,0,1,0,0,1,1
H4,702,2018,020742,      0.00,      0.00,      0.00,      0.00,0,1,0,0,1,1
H4,702,2018,020743,      0.00,      0.00,      0.00,      0.00,0,1,0,0,1,1
H4,702,2018,020744,      0.00,      0.00,      0.00,      0.00,0,1,0,0,1,1
H4,702,2018,020745,      0.00,      0.00,      0.00,      0.00,0,1,0,0,1,1
H4,702,2018,020751,      0.00,      0.00,      0.00,      0.00,0,1,0,0,1,1
H4,702,2018,020752,      0.00,      0.00,      0.00,      0.00,0,1,0,0,1,1
H4,702,2018,020753,      0.00,      0.00,      0.00,      0.00,0,1,0,0,1,1
H4,702,2018,020754,      0.00,      0.00,      0.00,      0.00,0,1,0,0,1,1
H4,702,2018,020755,      0.00,      0.00,      0.00,      0.00,0,1,0,0,1,1
H4,702,2018,020760,      0.00,      0.00,      0.00,      0.00,0,1,0,0,1,1
H4,702,2018,020810,      0.00,      0.00,      0.00,      0.00,0,1,0,0,1,1
H4,702,2018,020830,      0.00,      0.00,      0.00,      0.00,0,1,0,0,1,1
H4,702,2018,020840,      0.00,      0.00,      0.00,      0.00,0,2,0,0,2,2
H4,702,2018,020850,      0.00,      0.00,      0.00,      0.00,0,1,0,0,1,1
H4,702,2018,020860,      0.00,      0.00,      0.00,      0.00,0,1,0,0,1,1
H4,702,2018,020890,      0.00,      0.00,      0.00,      0.00,0,2,0,0,2,2
H4,702,2018,020910,      0.00,      0.00,      0.00,      0.00,0,1,0,0,1,1
H4,702,2018,020990,      0.00,      0.00,      0.00,      0.00,0,1,0,0,1,1
H4,702,2018,021011,      0.00,      0.00,      0.00,      0.00,0,1,0,0,1,1
H4,702,2018,021012,      0.00,      0.00,      0.00,      0.00,0,1,0,0,1,1
H4,702,2018,021019,      0.00,      0.00,      0.00,      0.00,0,2,0,0,2,2
H4,702,2018,021020,      0.00,      0.00,      0.00,      0.00,0,1,0,0,1,1
H4,702,2018,021091,      0.00,      0.00,      0.00,      0.00,0,1,0,0,1,1
H4,702,2018,021092,      0.00,      0.00,      0.00,      0.00,0,2,0,0,2,2
H4,702,2018,021093,      0.00,      0.00,      0.00,      0.00,0,1,0,0,1,1
H4,702,2018,021099,      0.00,      0.00,      0.00,      0.00,0,3,0,0,3,3
H4,702,2018,030111,      0.00,      0.00,      0.00,      0.00,0,7,0,0,7,7
H4,702,2018,030119,      0.00,      0.00,      0.00,      0.00,0,2,0,0,2,2
H4,702,2018,030191,      0.00,      0.00,      0.00,      0.00,0,1,0,0,1,1
H4,702,2018,030192,      0.00,      0.00,      0.00,      0.00,0,1,0,0,1,1
H4,702,2018,030193,      0.00,      0.00,      0.00,      0.00,0,2,0,0,2,2
H4,702,2018,030194,      0.00,      0.00,      0.00,      0.00,0,1,0,0,1,1
H4,702,2018,030195,      0.00,      0.00,      0.00,      0.00,0,1,0,0,1,1
H4,702,2018,030199,      0.00,      0.00,      0.00,      0.00,0,7,0,0,7,7
H4,702,2018,030211,      0.00,      0.00,      0.00,      0.00,0,1,0,0,1,1
H4,702,2018,030213,      0.00,      0.00,      0.00,      0.00,0,1,0,0,1,1
H4,702,2018,030214,      0.00,      0.00,      0.00,      0.00,0,1,0,0,1,1
H4,702,2018,030219,      0.00,      0.00,      0.00,      0.00,0,1,0,0,1,1
H4,702,2018,030221,      0.00,      0.00,      0.00,      0.00,0,1,0,0,1,1
H4,702,2018,030222,      0.00,      0.00,      0.00,      0.00,0,1,0,0,1,1
H4,702,2018,030223,      0.00,      0.00,      0.00,      0.00,0,1,0,0,1,1
H4,702,2018,030224,      0.00,      0.00,      0.00,      0.00,0,1,0,0,1,1
H4,702,2018,030229,      0.00,      0.00,      0.00,      0.00,0,1,0,0,1,1
H4,702,2018,030231,      0.00,      0.00,      0.00,      0.00,0,1,0,0,1,1
H4,702,2018,030232,      0.00,      0.00,      0.00,      0.00,0,1,0,0,1,1
H4,702,2018,030233,      0.00,      0.00,      0.00,      0.00,0,1,0,0,1,1
H4,702,2018,030234,      0.00,      0.00,      0.00,      0.00,0,1,0,0,1,1
H4,702,2018,030235,      0.00,      0.00,      0.00,      0.00,0,1,0,0,1,1
H4,702,2018,030236,      0.00,      0.00,      0.00,      0.00,0,1,0,0,1,1
H4,702,2018,030239,      0.00,      0.00,      0.00,      0.00,0,1,0,0,1,1
H4,702,2018,030241,      0.00,      0.00,      0.00,      0.00,0,1,0,0,1,1
H4,702,2018,030242,      0.00,      0.00,      0.00,      0.00,0,1,0,0,1,1
H4,702,2018,030243,      0.00,      0.00,      0.00,      0.00,0,1,0,0,1,1
H4,702,2018,030244,      0.00,      0.00,      0.00,      0.00,0,1,0,0,1,1
H4,702,2018,030245,      0.00,      0.00,      0.00,      0.00,0,1,0,0,1,1
H4,702,2018,030246,      0.00,      0.00,      0.00,      0.00,0,1,0,0,1,1
H4,702,2018,030247,      0.00,      0.00,      0.00,      0.00,0,1,0,0,1,1
H4,702,2018,030251,      0.00,      0.00,      0.00,      0.00,0,1,0,0,1,1
H4,702,2018,030252,      0.00,      0.00,      0.00,      0.00,0,1,0,0,1,1
H4,702,2018,030253,      0.00,      0.00,      0.00,      0.00,0,1,0,0,1,1
H4,702,2018,030254,      0.00,      0.00,      0.00,      0.00,0,1,0,0,1,1
H4,702,2018,030255,      0.00,      0.00,      0.00,      0.00,0,1,0,0,1,1
H4,702,2018,030256,      0.00,      0.00,      0.00,      0.00,0,1,0,0,1,1
H4,702,2018,030259,      0.00,      0.00,      0.00,      0.00,0,1,0,0,1,1
H4,702,2018,030271,      0.00,      0.00,      0.00,      0.00,0,1,0,0,1,1
H4,702,2018,030272,      0.00,      0.00,      0.00,      0.00,0,2,0,0,2,2
H4,702,2018,030273,      0.00,      0.00,      0.00,      0.00,0,2,0,0,2,2
H4,702,2018,030274,      0.00,      0.00,      0.00,      0.00,0,1,0,0,1,1
H4,702,2018,030279,      0.00,      0.00,      0.00,      0.00,0,1,0,0,1,1
H4,702,2018,030281,      0.00,      0.00,      0.00,      0.00,0,1,0,0,1,1
H4,702,2018,030282,      0.00,      0.00,      0.00,      0.00,0,1,0,0,1,1
H4,702,2018,030283,      0.00,      0.00,      0.00,      0.00,0,1,0,0,1,1
H4,702,2018,030284,      0.00,      0.00,      0.00,      0.00,0,1,0,0,1,1
H4,702,2018,030285,      0.00,      0.00,      0.00,      0.00,0,1,0,0,1,1
H4,702,2018,030289,      0.00,      0.00,      0.00,      0.00,0,14,0,0,14,14
H4,702,2018,030290,      0.00,      0.00,      0.00,      0.00,0,1,0,0,1,1
H4,702,2018,030311,      0.00,      0.00,      0.00,      0.00,0,1,0,0,1,1
H4,702,2018,030312,      0.00,      0.00,      0.00,      0.00,0,1,0,0,1,1
H4,702,2018,030313,      0.00,      0.00,      0.00,      0.00,0,1,0,0,1,1
H4,702,2018,030314,      0.00,      0.00,      0.00,      0.00,0,1,0,0,1,1
H4,702,2018,030319,      0.00,      0.00,      0.00,      0.00,0,1,0,0,1,1
H4,702,2018,030323,      0.00,      0.00,      0.00,      0.00,0,1,0,0,1,1
H4,702,2018,030324,      0.00,      0.00,      0.00,      0.00,0,1,0,0,1,1
H4,702,2018,030325,      0.00,      0.00,      0.00,      0.00,0,1,0,0,1,1
H4,702,2018,030326,      0.00,      0.00,      0.00,      0.00,0,1,0,0,1,1
H4,702,2018,030329,      0.00,      0.00,      0.00,      0.00,0,1,0,0,1,1
H4,702,2018,030331,      0.00,      0.00,      0.00,      0.00,0,1,0,0,1,1
H4,702,2018,030332,      0.00,      0.00,      0.00,      0.00,0,1,0,0,1,1
H4,702,2018,030333,      0.00,      0.00,      0.00,      0.00,0,1,0,0,1,1
H4,702,2018,030334,      0.00,      0.00,      0.00,      0.00,0,1,0,0,1,1
H4,702,2018,030339,      0.00,      0.00,      0.00,      0.00,0,1,0,0,1,1
H4,702,2018,030341,      0.00,      0.00,      0.00,      0.00,0,1,0,0,1,1
H4,702,2018,030342,      0.00,      0.00,      0.00,      0.00,0,1,0,0,1,1
H4,702,2018,030343,      0.00,      0.00,      0.00,      0.00,0,1,0,0,1,1
H4,702,2018,030344,      0.00,      0.00,      0.00,      0.00,0,1,0,0,1,1
H4,702,2018,030345,      0.00,      0.00,      0.00,      0.00,0,1,0,0,1,1
H4,702,2018,030346,      0.00,      0.00,      0.00,      0.00,0,1,0,0,1,1
H4,702,2018,030349,      0.00,      0.00,      0.00,      0.00,0,1,0,0,1,1
H4,702,2018,030351,      0.00,      0.00,      0.00,      0.00,0,1,0,0,1,1
H4,702,2018,030353,      0.00,      0.00,      0.00,      0.00,0,1,0,0,1,1
H4,702,2018,030354,      0.00,      0.00,      0.00,      0.00,0,1,0,0,1,1
H4,702,2018,030355,      0.00,      0.00,      0.00,      0.00,0,1,0,0,1,1
H4,702,2018,030356,      0.00,      0.00,      0.00,      0.00,0,1,0,0,1,1
H4,702,2018,030357,      0.00,      0.00,      0.00,      0.00,0,1,0,0,1,1
H4,702,2018,030363,      0.00,      0.00,      0.00,      0.00,0,1,0,0,1,1
H4,702,2018,030364,      0.00,      0.00,      0.00,      0.00,0,1,0,0,1,1
H4,702,2018,030365,      0.00,      0.00,      0.00,      0.00,0,1,0,0,1,1
H4,702,2018,030366,      0.00,      0.00,      0.00,      0.00,0,1,0,0,1,1
H4,702,2018,030367,      0.00,      0.00,      0.00,      0.00,0,1,0,0,1,1
H4,702,2018,030368,      0.00,      0.00,      0.00,      0.00,0,1,0,0,1,1
H4,702,2018,030369,      0.00,      0.00,      0.00,      0.00,0,1,0,0,1,1
H4,702,2018,030381,      0.00,      0.00,      0.00,      0.00,0,1,0,0,1,1
H4,702,2018,030382,      0.00,      0.00,      0.00,      0.00,0,1,0,0,1,1
H4,702,2018,030383,      0.00,      0.00,      0.00,      0.00,0,1,0,0,1,1
H4,702,2018,030384,      0.00,      0.00,      0.00,      0.00,0,1,0,0,1,1
H4,702,2018,030389,      0.00,      0.00,      0.00,      0.00,0,14,0,0,14,14
H4,702,2018,030390,      0.00,      0.00,      0.00,      0.00,0,2,0,0,2,2
H4,702,2018,030431,      0.00,      0.00,      0.00,      0.00,0,1,0,0,1,1
H4,702,2018,030432,      0.00,      0.00,      0.00,      0.00,0,1,0,0,1,1
H4,702,2018,030433,      0.00,      0.00,      0.00,      0.00,0,1,0,0,1,1
H4,702,2018,030439,      0.00,      0.00,      0.00,      0.00,0,1,0,0,1,1
H4,702,2018,030441,      0.00,      0.00,      0.00,      0.00,0,1,0,0,1,1
H4,702,2018,030442,      0.00,      0.00,      0.00,      0.00,0,1,0,0,1,1
H4,702,2018,030443,      0.00,      0.00,      0.00,      0.00,0,1,0,0,1,1
H4,702,2018,030444,      0.00,      0.00,      0.00,      0.00,0,1,0,0,1,1
H4,702,2018,030445,      0.00,      0.00,      0.00,      0.00,0,1,0,0,1,1
H4,702,2018,030446,      0.00,      0.00,      0.00,      0.00,0,1,0,0,1,1
H4,702,2018,030449,      0.00,      0.00,      0.00,      0.00,0,1,0,0,1,1
H4,702,2018,030451,      0.00,      0.00,      0.00,      0.00,0,1,0,0,1,1
H4,702,2018,030452,      0.00,      0.00,      0.00,      0.00,0,1,0,0,1,1
H4,702,2018,030453,      0.00,      0.00,      0.00,      0.00,0,1,0,0,1,1
H4,702,2018,030454,      0.00,      0.00,      0.00,      0.00,0,1,0,0,1,1
H4,702,2018,030455,      0.00,      0.00,      0.00,      0.00,0,1,0,0,1,1
H4,702,2018,030459,      0.00,      0.00,      0.00,      0.00,0,1,0,0,1,1
H4,702,2018,030461,      0.00,      0.00,      0.00,      0.00,0,1,0,0,1,1
H4,702,2018,030462,      0.00,      0.00,      0.00,      0.00,0,1,0,0,1,1
H4,702,2018,030463,      0.00,      0.00,      0.00,      0.00,0,1,0,0,1,1
H4,702,2018,030469,      0.00,      0.00,      0.00,      0.00,0,1,0,0,1,1
H4,702,2018,030471,      0.00,      0.00,      0.00,      0.00,0,1,0,0,1,1
H4,702,2018,030472,      0.00,      0.00,      0.00,      0.00,0,1,0,0,1,1
H4,702,2018,030473,      0.00,      0.00,      0.00,      0.00,0,1,0,0,1,1
H4,702,2018,030474,      0.00,      0.00,      0.00,      0.00,0,1,0,0,1,1
H4,702,2018,030475,      0.00,      0.00,      0.00,      0.00,0,1,0,0,1,1
H4,702,2018,030479,      0.00,      0.00,      0.00,      0.00,0,1,0,0,1,1
H4,702,2018,030481,      0.00,      0.00,      0.00,      0.00,0,1,0,0,1,1
H4,702,2018,030482,      0.00,      0.00,      0.00,      0.00,0,1,0,0,1,1
H4,702,2018,030483,      0.00,      0.00,      0.00,      0.00,0,1,0,0,1,1
H4,702,2018,030484,      0.00,      0.00,      0.00,      0.00,0,1,0,0,1,1
H4,702,2018,030485,      0.00,      0.00,      0.00,      0.00,0,1,0,0,1,1
H4,702,2018,030486,      0.00,      0.00,      0.00,      0.00,0,1,0,0,1,1
H4,702,2018,030487,      0.00,      0.00,      0.00,      0.00,0,1,0,0,1,1
H4,702,2018,030489,      0.00,      0.00,      0.00,      0.00,0,1,0,0,1,1
H4,702,2018,030491,      0.00,      0.00,      0.00,      0.00,0,1,0,0,1,1
H4,702,2018,030492,      0.00,      0.00,      0.00,      0.00,0,1,0,0,1,1
H4,702,2018,030493,      0.00,      0.00,      0.00,      0.00,0,1,0,0,1,1
H4,702,2018,030494,      0.00,      0.00,      0.00,      0.00,0,1,0,0,1,1
H4,702,2018,030495,      0.00,      0.00,      0.00,      0.00,0,1,0,0,1,1
H4,702,2018,030499,      0.00,      0.00,      0.00,      0.00,0,1,0,0,1,1
H4,702,2018,030510,      0.00,      0.00,      0.00,      0.00,0,1,0,0,1,1
H4,702,2018,030520,      0.00,      0.00,      0.00,      0.00,0,2,0,0,2,2
H4,702,2018,030531,      0.00,      0.00,      0.00,      0.00,0,1,0,0,1,1
H4,702,2018,030532,      0.00,      0.00,      0.00,      0.00,0,1,0,0,1,1
H4,702,2018,030539,      0.00,      0.00,      0.00,      0.00,0,3,0,0,3,3
H4,702,2018,030541,      0.00,      0.00,      0.00,      0.00,0,1,0,0,1,1
H4,702,2018,030542,      0.00,      0.00,      0.00,      0.00,0,1,0,0,1,1
H4,702,2018,030543,      0.00,      0.00,      0.00,      0.00,0,1,0,0,1,1
H4,702,2018,030544,      0.00,      0.00,      0.00,      0.00,0,1,0,0,1,1
H4,702,2018,030549,      0.00,      0.00,      0.00,      0.00,0,1,0,0,1,1
H4,702,2018,030551,      0.00,      0.00,      0.00,      0.00,0,1,0,0,1,1
H4,702,2018,030559,      0.00,      0.00,      0.00,      0.00,0,2,0,0,2,2
H4,702,2018,030561,      0.00,      0.00,      0.00,      0.00,0,1,0,0,1,1
H4,702,2018,030562,      0.00,      0.00,      0.00,      0.00,0,1,0,0,1,1
H4,702,2018,030563,      0.00,      0.00,      0.00,      0.00,0,1,0,0,1,1
H4,702,2018,030564,      0.00,      0.00,      0.00,      0.00,0,1,0,0,1,1
H4,702,2018,030569,      0.00,      0.00,      0.00,      0.00,0,2,0,0,2,2
H4,702,2018,030571,      0.00,      0.00,      0.00,      0.00,0,1,0,0,1,1
H4,702,2018,030572,      0.00,      0.00,      0.00,      0.00,0,2,0,0,2,2
H4,702,2018,030579,      0.00,      0.00,      0.00,      0.00,0,1,0,0,1,1
H4,702,2018,030611,      0.00,      0.00,      0.00,      0.00,0,1,0,0,1,1
H4,702,2018,030612,      0.00,      0.00,      0.00,      0.00,0,1,0,0,1,1
H4,702,2018,030614,      0.00,      0.00,      0.00,      0.00,0,2,0,0,2,2
H4,702,2018,030615,      0.00,      0.00,      0.00,      0.00,0,1,0,0,1,1
H4,702,2018,030616,      0.00,      0.00,      0.00,      0.00,0,1,0,0,1,1
H4,702,2018,030617,      0.00,      0.00,      0.00,      0.00,0,4,0,0,4,4
H4,702,2018,030619,      0.00,      0.00,      0.00,      0.00,0,1,0,0,1,1
H4,702,2018,030621,      0.00,      0.00,      0.00,      0.00,0,5,0,0,5,5
H4,702,2018,030622,      0.00,      0.00,      0.00,      0.00,0,5,0,0,5,5
H4,702,2018,030624,      0.00,      0.00,      0.00,      0.00,0,4,0,0,4,4
H4,702,2018,030625,      0.00,      0.00,      0.00,      0.00,0,1,0,0,1,1
H4,702,2018,030626,      0.00,      0.00,      0.00,      0.00,0,7,0,0,7,7
H4,702,2018,030627,      0.00,      0.00,      0.00,      0.00,0,13,0,0,13,13
H4,702,2018,030629,      0.00,      0.00,      0.00,      0.00,0,5,0,0,5,5
H4,702,2018,030711,      0.00,      0.00,      0.00,      0.00,0,2,0,0,2,2
H4,702,2018,030719,      0.00,      0.00,      0.00,      0.00,0,3,0,0,3,3
H4,702,2018,030721,      0.00,      0.00,      0.00,      0.00,0,2,0,0,2,2
H4,702,2018,030729,      0.00,      0.00,      0.00,      0.00,0,2,0,0,2,2
H4,702,2018,030731,      0.00,      0.00,      0.00,      0.00,0,2,0,0,2,2
H4,702,2018,030739,      0.00,      0.00,      0.00,      0.00,0,2,0,0,2,2
H4,702,2018,030741,      0.00,      0.00,      0.00,      0.00,0,2,0,0,2,2
H4,702,2018,030749,      0.00,      0.00,      0.00,      0.00,0,3,0,0,3,3
H4,702,2018,030751,      0.00,      0.00,      0.00,      0.00,0,2,0,0,2,2
H4,702,2018,030759,      0.00,      0.00,      0.00,      0.00,0,3,0,0,3,3
H4,702,2018,030760,      0.00,      0.00,      0.00,      0.00,0,3,0,0,3,3
H4,702,2018,030771,      0.00,      0.00,      0.00,      0.00,0,2,0,0,2,2
H4,702,2018,030779,      0.00,      0.00,      0.00,      0.00,0,2,0,0,2,2
H4,702,2018,030781,      0.00,      0.00,      0.00,      0.00,0,2,0,0,2,2
H4,702,2018,030789,      0.00,      0.00,      0.00,      0.00,0,2,0,0,2,2
H4,702,2018,030791,      0.00,      0.00,      0.00,      0.00,0,2,0,0,2,2
H4,702,2018,030799,      0.00,      0.00,      0.00,      0.00,0,3,0,0,3,3
H4,702,2018,030811,      0.00,      0.00,      0.00,      0.00,0,2,0,0,2,2
H4,702,2018,030819,      0.00,      0.00,      0.00,      0.00,0,3,0,0,3,3
H4,702,2018,030821,      0.00,      0.00,      0.00,      0.00,0,2,0,0,2,2
H4,702,2018,030829,      0.00,      0.00,      0.00,      0.00,0,3,0,0,3,3
H4,702,2018,030830,      0.00,      0.00,      0.00,      0.00,0,5,0,0,5,5
H4,702,2018,030890,      0.00,      0.00,      0.00,      0.00,0,6,0,0,6,6
H4,702,2018,040110,      0.00,      0.00,      0.00,      0.00,0,2,0,0,2,2
H4,702,2018,040120,      0.00,      0.00,      0.00,      0.00,0,2,0,0,2,2
H4,702,2018,040140,      0.00,      0.00,      0.00,      0.00,0,3,0,0,3,3
H4,702,2018,040150,      0.00,      0.00,      0.00,      0.00,0,2,0,0,2,2
H4,702,2018,040210,      0.00,      0.00,      0.00,      0.00,0,4,0,0,4,4
H4,702,2018,040221,      0.00,      0.00,      0.00,      0.00,0,2,0,0,2,2
H4,702,2018,040229,      0.00,      0.00,      0.00,      0.00,0,2,0,0,2,2
H4,702,2018,040291,      0.00,      0.00,      0.00,      0.00,0,1,0,0,1,1
H4,702,2018,040299,      0.00,      0.00,      0.00,      0.00,0,1,0,0,1,1
H4,702,2018,040310,      0.00,      0.00,      0.00,      0.00,0,2,0,0,2,2
H4,702,2018,040390,      0.00,      0.00,      0.00,      0.00,0,2,0,0,2,2
H4,702,2018,040410,      0.00,      0.00,      0.00,      0.00,0,1,0,0,1,1
H4,702,2018,040490,      0.00,      0.00,      0.00,      0.00,0,1,0,0,1,1
H4,702,2018,040510,      0.00,      0.00,      0.00,      0.00,0,1,0,0,1,1
H4,702,2018,040520,      0.00,      0.00,      0.00,      0.00,0,1,0,0,1,1
H4,702,2018,040590,      0.00,      0.00,      0.00,      0.00,0,4,0,0,4,4
H4,702,2018,040610,      0.00,      0.00,      0.00,      0.00,0,2,0,0,2,2
H4,702,2018,040620,      0.00,      0.00,      0.00,      0.00,0,2,0,0,2,2
H4,702,2018,040630,      0.00,      0.00,      0.00,      0.00,0,1,0,0,1,1
H4,702,2018,040640,      0.00,      0.00,      0.00,      0.00,0,1,0,0,1,1
H4,702,2018,040690,      0.00,      0.00,      0.00,      0.00,0,1,0,0,1,1
H4,702,2018,040711,      0.00,      0.00,      0.00,      0.00,0,1,0,0,1,1
H4,702,2018,040719,      0.00,      0.00,      0.00,      0.00,0,2,0,0,2,2
H4,702,2018,040721,      0.00,      0.00,      0.00,      0.00,0,1,0,0,1,1
H4,702,2018,040729,      0.00,      0.00,      0.00,      0.00,0,2,0,0,2,2
H4,702,2018,040790,      0.00,      0.00,      0.00,      0.00,0,3,0,0,3,3
H4,702,2018,040811,      0.00,      0.00,      0.00,      0.00,0,1,0,0,1,1
H4,702,2018,040819,      0.00,      0.00,      0.00,      0.00,0,1,0,0,1,1
H4,702,2018,040891,      0.00,      0.00,      0.00,      0.00,0,1,0,0,1,1
H4,702,2018,040899,      0.00,      0.00,      0.00,      0.00,0,1,0,0,1,1
H4,702,2018,040900,      0.00,      0.00,      0.00,      0.00,0,1,0,0,1,1
H4,702,2018,041000,      0.00,      0.00,      0.00,      0.00,0,2,0,0,2,2
H4,702,2018,050100,      0.00,      0.00,      0.00,      0.00,0,1,0,0,1,1
H4,702,2018,050210,      0.00,      0.00,      0.00,      0.00,0,1,0,0,1,1
H4,702,2018,050290,      0.00,      0.00,      0.00,      0.00,0,1,0,0,1,1
H4,702,2018,050400,      0.00,      0.00,      0.00,      0.00,0,1,0,0,1,1
H4,702,2018,050510,      0.00,      0.00,      0.00,      0.00,0,2,0,0,2,2
H4,702,2018,050590,      0.00,      0.00,      0.00,      0.00,0,2,0,0,2,2
H4,702,2018,050610,      0.00,      0.00,      0.00,      0.00,0,1,0,0,1,1
H4,702,2018,050690,      0.00,      0.00,      0.00,      0.00,0,1,0,0,1,1
H4,702,2018,050710,      0.00,      0.00,      0.00,      0.00,0,2,0,0,2,2
H4,702,2018,050790,      0.00,      0.00,      0.00,      0.00,0,3,0,0,3,3
H4,702,2018,050800,      0.00,      0.00,      0.00,      0.00,0,3,0,0,3,3
H4,702,2018,051000,      0.00,      0.00,      0.00,      0.00,0,3,0,0,3,3
H4,702,2018,051110,      0.00,      0.00,      0.00,      0.00,0,1,0,0,1,1
H4,702,2018,051191,      0.00,      0.00,      0.00,      0.00,0,1,0,0,1,1
H4,702,2018,051199,      0.00,      0.00,      0.00,      0.00,0,4,0,0,4,4
H4,702,2018,060110,      0.00,      0.00,      0.00,      0.00,0,1,0,0,1,1
H4,702,2018,060120,      0.00,      0.00,      0.00,      0.00,0,3,0,0,3,3
H4,702,2018,060210,      0.00,      0.00,      0.00,      0.00,0,3,0,0,3,3
H4,702,2018,060220,      0.00,      0.00,      0.00,      0.00,0,1,0,0,1,1
H4,702,2018,060230,      0.00,      0.00,      0.00,      0.00,0,1,0,0,1,1
H4,702,2018,060240,      0.00,      0.00,      0.00,      0.00,0,1,0,0,1,1
H4,702,2018,060290,      0.00,      0.00,      0.00,      0.00,0,7,0,0,7,7
H4,702,2018,060311,      0.00,      0.00,      0.00,      0.00,0,1,0,0,1,1
H4,702,2018,060312,      0.00,      0.00,      0.00,      0.00,0,1,0,0,1,1
H4,702,2018,060313,      0.00,      0.00,      0.00,      0.00,0,1,0,0,1,1
H4,702,2018,060314,      0.00,      0.00,      0.00,      0.00,0,1,0,0,1,1
H4,702,2018,060315,      0.00,      0.00,      0.00,      0.00,0,1,0,0,1,1
H4,702,2018,060319,      0.00,      0.00,      0.00,      0.00,0,1,0,0,1,1
H4,702,2018,060390,      0.00,      0.00,      0.00,      0.00,0,1,0,0,1,1
H4,702,2018,060420,      0.00,      0.00,      0.00,      0.00,0,2,0,0,2,2
H4,702,2018,060490,      0.00,      0.00,      0.00,      0.00,0,2,0,0,2,2
H4,702,2018,070110,      0.00,      0.00,      0.00,      0.00,0,1,0,0,1,1
H4,702,2018,070190,      0.00,      0.00,      0.00,      0.00,0,1,0,0,1,1
H4,702,2018,070200,      0.00,      0.00,      0.00,      0.00,0,1,0,0,1,1
H4,702,2018,070310,      0.00,      0.00,      0.00,      0.00,0,4,0,0,4,4
H4,702,2018,070320,      0.00,      0.00,      0.00,      0.00,0,2,0,0,2,2
H4,702,2018,070390,      0.00,      0.00,      0.00,      0.00,0,2,0,0,2,2
H4,702,2018,070410,      0.00,      0.00,      0.00,      0.00,0,2,0,0,2,2
H4,702,2018,070420,      0.00,      0.00,      0.00,      0.00,0,1,0,0,1,1
H4,702,2018,070490,      0.00,      0.00,      0.00,      0.00,0,3,0,0,3,3
H4,702,2018,070511,      0.00,      0.00,      0.00,      0.00,0,1,0,0,1,1
H4,702,2018,070519,      0.00,      0.00,      0.00,      0.00,0,1,0,0,1,1
H4,702,2018,070521,      0.00,      0.00,      0.00,      0.00,0,1,0,0,1,1
H4,702,2018,070529,      0.00,      0.00,      0.00,      0.00,0,1,0,0,1,1
H4,702,2018,070610,      0.00,      0.00,      0.00,      0.00,0,2,0,0,2,2
H4,702,2018,070690,      0.00,      0.00,      0.00,      0.00,0,1,0,0,1,1
H4,702,2018,070700,      0.00,      0.00,      0.00,      0.00,0,1,0,0,1,1
H4,702,2018,070810,      0.00,      0.00,      0.00,      0.00,0,1,0,0,1,1
H4,702,2018,070820,      0.00,      0.00,      0.00,      0.00,0,3,0,0,3,3
H4,702,2018,070890,      0.00,      0.00,      0.00,      0.00,0,1,0,0,1,1
H4,702,2018,070920,      0.00,      0.00,      0.00,      0.00,0,1,0,0,1,1
H4,702,2018,070930,      0.00,      0.00,      0.00,      0.00,0,1,0,0,1,1
H4,702,2018,070940,      0.00,      0.00,      0.00,      0.00,0,1,0,0,1,1
H4,702,2018,070951,      0.00,      0.00,      0.00,      0.00,0,1,0,0,1,1
H4,702,2018,070959,      0.00,      0.00,      0.00,      0.00,0,2,0,0,2,2
H4,702,2018,070960,      0.00,      0.00,      0.00,      0.00,0,2,0,0,2,2
H4,702,2018,070970,      0.00,      0.00,      0.00,      0.00,0,1,0,0,1,1
H4,702,2018,070991,      0.00,      0.00,      0.00,      0.00,0,1,0,0,1,1
H4,702,2018,070992,      0.00,      0.00,      0.00,      0.00,0,1,0,0,1,1
H4,702,2018,070993,      0.00,      0.00,      0.00,      0.00,0,1,0,0,1,1
H4,702,2018,070999,      0.00,      0.00,      0.00,      0.00,0,1,0,0,1,1
H4,702,2018,071010,      0.00,      0.00,      0.00,      0.00,0,1,0,0,1,1
H4,702,2018,071021,      0.00,      0.00,      0.00,      0.00,0,1,0,0,1,1
H4,702,2018,071022,      0.00,      0.00,      0.00,      0.00,0,1,0,0,1,1
H4,702,2018,071029,      0.00,      0.00,      0.00,      0.00,0,1,0,0,1,1
H4,702,2018,071030,      0.00,      0.00,      0.00,      0.00,0,1,0,0,1,1
H4,702,2018,071040,      0.00,      0.00,      0.00,      0.00,0,1,0,0,1,1
H4,702,2018,071080,      0.00,      0.00,      0.00,      0.00,0,1,0,0,1,1
H4,702,2018,071090,      0.00,      0.00,      0.00,      0.00,0,1,0,0,1,1
H4,702,2018,071120,      0.00,      0.00,      0.00,      0.00,0,2,0,0,2,2
H4,702,2018,071140,      0.00,      0.00,      0.00,      0.00,0,2,0,0,2,2
H4,702,2018,071151,      0.00,      0.00,      0.00,      0.00,0,2,0,0,2,2
H4,702,2018,071159,      0.00,      0.00,      0.00,      0.00,0,2,0,0,2,2
H4,702,2018,071190,      0.00,      0.00,      0.00,      0.00,0,8,0,0,8,8
H4,702,2018,071220,      0.00,      0.00,      0.00,      0.00,0,1,0,0,1,1
H4,702,2018,071231,      0.00,      0.00,      0.00,      0.00,0,1,0,0,1,1
H4,702,2018,071232,      0.00,      0.00,      0.00,      0.00,0,1,0,0,1,1
H4,702,2018,071233,      0.00,      0.00,      0.00,      0.00,0,1,0,0,1,1
H4,702,2018,071239,      0.00,      0.00,      0.00,      0.00,0,3,0,0,3,3
H4,702,2018,071290,      0.00,      0.00,      0.00,      0.00,0,2,0,0,2,2
H4,702,2018,071310,      0.00,      0.00,      0.00,      0.00,0,2,0,0,2,2
H4,702,2018,071320,      0.00,      0.00,      0.00,      0.00,0,2,0,0,2,2
H4,702,2018,071331,      0.00,      0.00,      0.00,      0.00,0,2,0,0,2,2
H4,702,2018,071332,      0.00,      0.00,      0.00,      0.00,0,2,0,0,2,2
H4,702,2018,071333,      0.00,      0.00,      0.00,      0.00,0,2,0,0,2,2
H4,702,2018,071334,      0.00,      0.00,      0.00,      0.00,0,2,0,0,2,2
H4,702,2018,071335,      0.00,      0.00,      0.00,      0.00,0,2,0,0,2,2
H4,702,2018,071339,      0.00,      0.00,      0.00,      0.00,0,2,0,0,2,2
H4,702,2018,071340,      0.00,      0.00,      0.00,      0.00,0,2,0,0,2,2
H4,702,2018,071350,      0.00,      0.00,      0.00,      0.00,0,2,0,0,2,2
H4,702,2018,071360,      0.00,      0.00,      0.00,      0.00,0,1,0,0,1,1
H4,702,2018,071390,      0.00,      0.00,      0.00,      0.00,0,2,0,0,2,2
H4,702,2018,071410,      0.00,      0.00,      0.00,      0.00,0,4,0,0,4,4
H4,702,2018,071420,      0.00,      0.00,      0.00,      0.00,0,2,0,0,2,2
H4,702,2018,071430,      0.00,      0.00,      0.00,      0.00,0,2,0,0,2,2
H4,702,2018,071440,      0.00,      0.00,      0.00,      0.00,0,2,0,0,2,2
H4,702,2018,071450,      0.00,      0.00,      0.00,      0.00,0,2,0,0,2,2
H4,702,2018,071490,      0.00,      0.00,      0.00,      0.00,0,4,0,0,4,4
H4,702,2018,080111,      0.00,      0.00,      0.00,      0.00,0,1,0,0,1,1
H4,702,2018,080112,      0.00,      0.00,      0.00,      0.00,0,1,0,0,1,1
H4,702,2018,080119,      0.00,      0.00,      0.00,      0.00,0,1,0,0,1,1
H4,702,2018,080121,      0.00,      0.00,      0.00,      0.00,0,1,0,0,1,1
H4,702,2018,080122,      0.00,      0.00,      0.00,      0.00,0,1,0,0,1,1
H4,702,2018,080131,      0.00,      0.00,      0.00,      0.00,0,1,0,0,1,1
H4,702,2018,080132,      0.00,      0.00,      0.00,      0.00,0,1,0,0,1,1
H4,702,2018,080211,      0.00,      0.00,      0.00,      0.00,0,1,0,0,1,1
H4,702,2018,080212,      0.00,      0.00,      0.00,      0.00,0,1,0,0,1,1
H4,702,2018,080221,      0.00,      0.00,      0.00,      0.00,0,1,0,0,1,1
H4,702,2018,080222,      0.00,      0.00,      0.00,      0.00,0,1,0,0,1,1
H4,702,2018,080231,      0.00,      0.00,      0.00,      0.00,0,1,0,0,1,1
H4,702,2018,080232,      0.00,      0.00,      0.00,      0.00,0,1,0,0,1,1
H4,702,2018,080241,      0.00,      0.00,      0.00,      0.00,0,1,0,0,1,1
H4,702,2018,080242,      0.00,      0.00,      0.00,      0.00,0,1,0,0,1,1
H4,702,2018,080251,      0.00,      0.00,      0.00,      0.00,0,1,0,0,1,1
H4,702,2018,080252,      0.00,      0.00,      0.00,      0.00,0,1,0,0,1,1
H4,702,2018,080261,      0.00,      0.00,      0.00,      0.00,0,1,0,0,1,1
H4,702,2018,080262,      0.00,      0.00,      0.00,      0.00,0,1,0,0,1,1
H4,702,2018,080270,      0.00,      0.00,      0.00,      0.00,0,1,0,0,1,1
H4,702,2018,080280,      0.00,      0.00,      0.00,      0.00,0,1,0,0,1,1
H4,702,2018,080290,      0.00,      0.00,      0.00,      0.00,0,1,0,0,1,1
H4,702,2018,080310,      0.00,      0.00,      0.00,      0.00,0,1,0,0,1,1
H4,702,2018,080390,      0.00,      0.00,      0.00,      0.00,0,1,0,0,1,1
H4,702,2018,080410,      0.00,      0.00,      0.00,      0.00,0,1,0,0,1,1
H4,702,2018,080420,      0.00,      0.00,      0.00,      0.00,0,1,0,0,1,1
H4,702,2018,080430,      0.00,      0.00,      0.00,      0.00,0,1,0,0,1,1
H4,702,2018,080440,      0.00,      0.00,      0.00,      0.00,0,1,0,0,1,1
H4,702,2018,080450,      0.00,      0.00,      0.00,      0.00,0,3,0,0,3,3
H4,702,2018,080510,      0.00,      0.00,      0.00,      0.00,0,2,0,0,2,2
H4,702,2018,080520,      0.00,      0.00,      0.00,      0.00,0,1,0,0,1,1
H4,702,2018,080540,      0.00,      0.00,      0.00,      0.00,0,1,0,0,1,1
H4,702,2018,080550,      0.00,      0.00,      0.00,      0.00,0,1,0,0,1,1
H4,702,2018,080590,      0.00,      0.00,      0.00,      0.00,0,1,0,0,1,1
H4,702,2018,080610,      0.00,      0.00,      0.00,      0.00,0,1,0,0,1,1
H4,702,2018,080620,      0.00,      0.00,      0.00,      0.00,0,1,0,0,1,1
H4,702,2018,080711,      0.00,      0.00,      0.00,      0.00,0,1,0,0,1,1
H4,702,2018,080719,      0.00,      0.00,      0.00,      0.00,0,1,0,0,1,1
H4,702,2018,080720,      0.00,      0.00,      0.00,      0.00,0,2,0,0,2,2
H4,702,2018,080810,      0.00,      0.00,      0.00,      0.00,0,1,0,0,1,1
H4,702,2018,080830,      0.00,      0.00,      0.00,      0.00,0,1,0,0,1,1
H4,702,2018,080840,      0.00,      0.00,      0.00,      0.00,0,1,0,0,1,1
H4,702,2018,080910,      0.00,      0.00,      0.00,      0.00,0,1,0,0,1,1
H4,702,2018,080921,      0.00,      0.00,      0.00,      0.00,0,1,0,0,1,1
H4,702,2018,080929,      0.00,      0.00,      0.00,      0.00,0,1,0,0,1,1
H4,702,2018,080930,      0.00,      0.00,      0.00,      0.00,0,1,0,0,1,1
H4,702,2018,080940,      0.00,      0.00,      0.00,      0.00,0,2,0,0,2,2
H4,702,2018,081010,      0.00,      0.00,      0.00,      0.00,0,1,0,0,1,1
H4,702,2018,081020,      0.00,      0.00,      0.00,      0.00,0,1,0,0,1,1
H4,702,2018,081030,      0.00,      0.00,      0.00,      0.00,0,1,0,0,1,1
H4,702,2018,081040,      0.00,      0.00,      0.00,      0.00,0,1,0,0,1,1
H4,702,2018,081050,      0.00,      0.00,      0.00,      0.00,0,1,0,0,1,1
H4,702,2018,081060,      0.00,      0.00,      0.00,      0.00,0,1,0,0,1,1
H4,702,2018,081070,      0.00,      0.00,      0.00,      0.00,0,1,0,0,1,1
H4,702,2018,081090,      0.00,      0.00,      0.00,      0.00,0,10,0,0,10,10
H4,702,2018,081110,      0.00,      0.00,      0.00,      0.00,0,1,0,0,1,1
H4,702,2018,081120,      0.00,      0.00,      0.00,      0.00,0,1,0,0,1,1
H4,702,2018,081190,      0.00,      0.00,      0.00,      0.00,0,1,0,0,1,1
H4,702,2018,081210,      0.00,      0.00,      0.00,      0.00,0,1,0,0,1,1
H4,702,2018,081290,      0.00,      0.00,      0.00,      0.00,0,2,0,0,2,2
H4,702,2018,081310,      0.00,      0.00,      0.00,      0.00,0,1,0,0,1,1
H4,702,2018,081320,      0.00,      0.00,      0.00,      0.00,0,1,0,0,1,1
H4,702,2018,081330,      0.00,      0.00,      0.00,      0.00,0,1,0,0,1,1
H4,702,2018,081340,      0.00,      0.00,      0.00,      0.00,0,3,0,0,3,3
H4,702,2018,081350,      0.00,      0.00,      0.00,      0.00,0,5,0,0,5,5
H4,702,2018,081400,      0.00,      0.00,      0.00,      0.00,0,1,0,0,1,1
H4,702,2018,090111,      0.00,      0.00,      0.00,      0.00,0,2,0,0,2,2
H4,702,2018,090112,      0.00,      0.00,      0.00,      0.00,0,2,0,0,2,2
H4,702,2018,090121,      0.00,      0.00,      0.00,      0.00,0,2,0,0,2,2
H4,702,2018,090122,      0.00,      0.00,      0.00,      0.00,0,2,0,0,2,2
H4,702,2018,090190,      0.00,      0.00,      0.00,      0.00,0,2,0,0,2,2
H4,702,2018,090210,      0.00,      0.00,      0.00,      0.00,0,2,0,0,2,2
H4,702,2018,090220,      0.00,      0.00,      0.00,      0.00,0,2,0,0,2,2
H4,702,2018,090230,      0.00,      0.00,      0.00,      0.00,0,2,0,0,2,2
H4,702,2018,090240,      0.00,      0.00,      0.00,      0.00,0,2,0,0,2,2
H4,702,2018,090300,      0.00,      0.00,      0.00,      0.00,0,1,0,0,1,1
H4,702,2018,090411,      0.00,      0.00,      0.00,      0.00,0,3,0,0,3,3
H4,702,2018,090412,      0.00,      0.00,      0.00,      0.00,0,3,0,0,3,3
H4,702,2018,090421,      0.00,      0.00,      0.00,      0.00,0,2,0,0,2,2
H4,702,2018,090422,      0.00,      0.00,      0.00,      0.00,0,2,0,0,2,2
H4,702,2018,090510,      0.00,      0.00,      0.00,      0.00,0,1,0,0,1,1
H4,702,2018,090520,      0.00,      0.00,      0.00,      0.00,0,1,0,0,1,1
H4,702,2018,090611,      0.00,      0.00,      0.00,      0.00,0,1,0,0,1,1
H4,702,2018,090619,      0.00,      0.00,      0.00,      0.00,0,1,0,0,1,1
H4,702,2018,090620,      0.00,      0.00,      0.00,      0.00,0,1,0,0,1,1
H4,702,2018,090710,      0.00,      0.00,      0.00,      0.00,0,1,0,0,1,1
H4,702,2018,090720,      0.00,      0.00,      0.00,      0.00,0,1,0,0,1,1
H4,702,2018,090811,      0.00,      0.00,      0.00,      0.00,0,1,0,0,1,1
H4,702,2018,090812,      0.00,      0.00,      0.00,      0.00,0,1,0,0,1,1
H4,702,2018,090821,      0.00,      0.00,      0.00,      0.00,0,1,0,0,1,1
H4,702,2018,090822,      0.00,      0.00,      0.00,      0.00,0,1,0,0,1,1
H4,702,2018,090831,      0.00,      0.00,      0.00,      0.00,0,1,0,0,1,1
H4,702,2018,090832,      0.00,      0.00,      0.00,      0.00,0,1,0,0,1,1
H4,702,2018,090921,      0.00,      0.00,      0.00,      0.00,0,1,0,0,1,1
H4,702,2018,090922,      0.00,      0.00,      0.00,      0.00,0,1,0,0,1,1
H4,702,2018,090931,      0.00,      0.00,      0.00,      0.00,0,1,0,0,1,1
H4,702,2018,090932,      0.00,      0.00,      0.00,      0.00,0,1,0,0,1,1
H4,702,2018,090961,      0.00,      0.00,      0.00,      0.00,0,4,0,0,4,4
H4,702,2018,090962,      0.00,      0.00,      0.00,      0.00,0,4,0,0,4,4
H4,702,2018,091011,      0.00,      0.00,      0.00,      0.00,0,1,0,0,1,1
H4,702,2018,091012,      0.00,      0.00,      0.00,      0.00,0,1,0,0,1,1
H4,702,2018,091020,      0.00,      0.00,      0.00,      0.00,0,1,0,0,1,1
H4,702,2018,091030,      0.00,      0.00,      0.00,      0.00,0,1,0,0,1,1
H4,702,2018,091091,      0.00,      0.00,      0.00,      0.00,0,2,0,0,2,2
H4,702,2018,091099,      0.00,      0.00,      0.00,      0.00,0,2,0,0,2,2
H4,702,2018,100111,      0.00,      0.00,      0.00,      0.00,0,1,0,0,1,1
H4,702,2018,100119,      0.00,      0.00,      0.00,      0.00,0,1,0,0,1,1
H4,702,2018,100191,      0.00,      0.00,      0.00,      0.00,0,1,0,0,1,1
H4,702,2018,100199,      0.00,      0.00,      0.00,      0.00,0,3,0,0,3,3
H4,702,2018,100210,      0.00,      0.00,      0.00,      0.00,0,1,0,0,1,1
H4,702,2018,100290,      0.00,      0.00,      0.00,      0.00,0,1,0,0,1,1
H4,702,2018,100310,      0.00,      0.00,      0.00,      0.00,0,1,0,0,1,1
H4,702,2018,100390,      0.00,      0.00,      0.00,      0.00,0,1,0,0,1,1
H4,702,2018,100410,      0.00,      0.00,      0.00,      0.00,0,1,0,0,1,1
H4,702,2018,100490,      0.00,      0.00,      0.00,      0.00,0,1,0,0,1,1
H4,702,2018,100510,      0.00,      0.00,      0.00,      0.00,0,1,0,0,1,1
H4,702,2018,100590,      0.00,      0.00,      0.00,      0.00,0,2,0,0,2,2
H4,702,2018,100610,      0.00,      0.00,      0.00,      0.00,0,2,0,0,2,2
H4,702,2018,100620,      0.00,      0.00,      0.00,      0.00,0,2,0,0,2,2
H4,702,2018,100630,      0.00,      0.00,      0.00,      0.00,0,4,0,0,4,4
H4,702,2018,100640,      0.00,      0.00,      0.00,      0.00,0,2,0,0,2,2
H4,702,2018,100710,      0.00,      0.00,      0.00,      0.00,0,1,0,0,1,1
H4,702,2018,100790,      0.00,      0.00,      0.00,      0.00,0,1,0,0,1,1
H4,702,2018,100810,      0.00,      0.00,      0.00,      0.00,0,1,0,0,1,1
H4,702,2018,100821,      0.00,      0.00,      0.00,      0.00,0,1,0,0,1,1
H4,702,2018,100829,      0.00,      0.00,      0.00,      0.00,0,1,0,0,1,1
H4,702,2018,100830,      0.00,      0.00,      0.00,      0.00,0,1,0,0,1,1
H4,702,2018,100840,      0.00,      0.00,      0.00,      0.00,0,1,0,0,1,1
H4,702,2018,100850,      0.00,      0.00,      0.00,      0.00,0,1,0,0,1,1
H4,702,2018,100860,      0.00,      0.00,      0.00,      0.00,0,1,0,0,1,1
H4,702,2018,100890,      0.00,      0.00,      0.00,      0.00,0,1,0,0,1,1
H4,702,2018,110100,      0.00,      0.00,      0.00,      0.00,0,2,0,0,2,2
H4,702,2018,110220,      0.00,      0.00,      0.00,      0.00,0,1,0,0,1,1
H4,702,2018,110290,      0.00,      0.00,      0.00,      0.00,0,3,0,0,3,3
H4,702,2018,110311,      0.00,      0.00,      0.00,      0.00,0,2,0,0,2,2
H4,702,2018,110313,      0.00,      0.00,      0.00,      0.00,0,1,0,0,1,1
H4,702,2018,110319,      0.00,      0.00,      0.00,      0.00,0,3,0,0,3,3
H4,702,2018,110320,      0.00,      0.00,      0.00,      0.00,0,1,0,0,1,1
H4,702,2018,110412,      0.00,      0.00,      0.00,      0.00,0,1,0,0,1,1
H4,702,2018,110419,      0.00,      0.00,      0.00,      0.00,0,2,0,0,2,2
H4,702,2018,110422,      0.00,      0.00,      0.00,      0.00,0,1,0,0,1,1
H4,702,2018,110423,      0.00,      0.00,      0.00,      0.00,0,1,0,0,1,1
H4,702,2018,110429,      0.00,      0.00,      0.00,      0.00,0,2,0,0,2,2
H4,702,2018,110430,      0.00,      0.00,      0.00,      0.00,0,1,0,0,1,1
H4,702,2018,110510,      0.00,      0.00,      0.00,      0.00,0,1,0,0,1,1
H4,702,2018,110520,      0.00,      0.00,      0.00,      0.00,0,1,0,0,1,1
H4,702,2018,110610,      0.00,      0.00,      0.00,      0.00,0,1,0,0,1,1
H4,702,2018,110620,      0.00,      0.00,      0.00,      0.00,0,4,0,0,4,4
H4,702,2018,110630,      0.00,      0.00,      0.00,      0.00,0,1,0,0,1,1
H4,702,2018,110710,      0.00,      0.00,      0.00,      0.00,0,1,0,0,1,1
H4,702,2018,110720,      0.00,      0.00,      0.00,      0.00,0,1,0,0,1,1
H4,702,2018,110811,      0.00,      0.00,      0.00,      0.00,0,1,0,0,1,1
H4,702,2018,110812,      0.00,      0.00,      0.00,      0.00,0,1,0,0,1,1
H4,702,2018,110813,      0.00,      0.00,      0.00,      0.00,0,1,0,0,1,1
H4,702,2018,110814,      0.00,      0.00,      0.00,      0.00,0,1,0,0,1,1
H4,702,2018,110819,      0.00,      0.00,      0.00,      0.00,0,2,0,0,2,2
H4,702,2018,110820,      0.00,      0.00,      0.00,      0.00,0,1,0,0,1,1
H4,702,2018,110900,      0.00,      0.00,      0.00,      0.00,0,1,0,0,1,1
H4,702,2018,120110,      0.00,      0.00,      0.00,      0.00,0,1,0,0,1,1
H4,702,2018,120190,      0.00,      0.00,      0.00,      0.00,0,1,0,0,1,1
H4,702,2018,120230,      0.00,      0.00,      0.00,      0.00,0,1,0,0,1,1
H4,702,2018,120241,      0.00,      0.00,      0.00,      0.00,0,1,0,0,1,1
H4,702,2018,120242,      0.00,      0.00,      0.00,      0.00,0,1,0,0,1,1
H4,702,2018,120300,      0.00,      0.00,      0.00,      0.00,0,1,0,0,1,1
H4,702,2018,120400,      0.00,      0.00,      0.00,      0.00,0,1,0,0,1,1
H4,702,2018,120510,      0.00,      0.00,      0.00,      0.00,0,1,0,0,1,1
H4,702,2018,120590,      0.00,      0.00,      0.00,      0.00,0,1,0,0,1,1
H4,702,2018,120600,      0.00,      0.00,      0.00,      0.00,0,1,0,0,1,1
H4,702,2018,120710,      0.00,      0.00,      0.00,      0.00,0,2,0,0,2,2
H4,702,2018,120721,      0.00,      0.00,      0.00,      0.00,0,1,0,0,1,1
H4,702,2018,120729,      0.00,      0.00,      0.00,      0.00,0,1,0,0,1,1
H4,702,2018,120730,      0.00,      0.00,      0.00,      0.00,0,1,0,0,1,1
H4,702,2018,120740,      0.00,      0.00,      0.00,      0.00,0,2,0,0,2,2
H4,702,2018,120750,      0.00,      0.00,      0.00,      0.00,0,1,0,0,1,1
H4,702,2018,120760,      0.00,      0.00,      0.00,      0.00,0,1,0,0,1,1
H4,702,2018,120770,      0.00,      0.00,      0.00,      0.00,0,1,0,0,1,1
H4,702,2018,120791,      0.00,      0.00,      0.00,      0.00,0,1,0,0,1,1
H4,702,2018,120799,      0.00,      0.00,      0.00,      0.00,0,2,0,0,2,2
H4,702,2018,120810,      0.00,      0.00,      0.00,      0.00,0,1,0,0,1,1
H4,702,2018,120890,      0.00,      0.00,      0.00,      0.00,0,1,0,0,1,1
H4,702,2018,120910,      0.00,      0.00,      0.00,      0.00,0,1,0,0,1,1
H4,702,2018,120921,      0.00,      0.00,      0.00,      0.00,0,1,0,0,1,1
H4,702,2018,120922,      0.00,      0.00,      0.00,      0.00,0,1,0,0,1,1
H4,702,2018,120923,      0.00,      0.00,      0.00,      0.00,0,1,0,0,1,1
H4,702,2018,120924,      0.00,      0.00,      0.00,      0.00,0,1,0,0,1,1
H4,702,2018,120925,      0.00,      0.00,      0.00,      0.00,0,1,0,0,1,1
H4,702,2018,120929,      0.00,      0.00,      0.00,      0.00,0,3,0,0,3,3
H4,702,2018,120930,      0.00,      0.00,      0.00,      0.00,0,1,0,0,1,1
H4,702,2018,120991,      0.00,      0.00,      0.00,      0.00,0,2,0,0,2,2
H4,702,2018,120999,      0.00,      0.00,      0.00,      0.00,0,2,0,0,2,2
H4,702,2018,121010,      0.00,      0.00,      0.00,      0.00,0,1,0,0,1,1
H4,702,2018,121020,      0.00,      0.00,      0.00,      0.00,0,1,0,0,1,1
H4,702,2018,121120,      0.00,      0.00,      0.00,      0.00,0,2,0,0,2,2
H4,702,2018,121130,      0.00,      0.00,      0.00,      0.00,0,2,0,0,2,2
H4,702,2018,121140,      0.00,      0.00,      0.00,      0.00,0,1,0,0,1,1
H4,702,2018,121190,      0.00,      0.00,      0.00,      0.00,0,13,0,0,13,13
H4,702,2018,121221,      0.00,      0.00,      0.00,      0.00,0,3,0,0,3,3
H4,702,2018,121229,      0.00,      0.00,      0.00,      0.00,0,4,0,0,4,4
H4,702,2018,121291,      0.00,      0.00,      0.00,      0.00,0,1,0,0,1,1
H4,702,2018,121292,      0.00,      0.00,      0.00,      0.00,0,1,0,0,1,1
H4,702,2018,121293,      0.00,      0.00,      0.00,      0.00,0,2,0,0,2,2
H4,702,2018,121294,      0.00,      0.00,      0.00,      0.00,0,1,0,0,1,1
H4,702,2018,121299,      0.00,      0.00,      0.00,      0.00,0,1,0,0,1,1
H4,702,2018,121300,      0.00,      0.00,      0.00,      0.00,0,1,0,0,1,1
H4,702,2018,121410,      0.00,      0.00,      0.00,      0.00,0,1,0,0,1,1
H4,702,2018,121490,      0.00,      0.00,      0.00,      0.00,0,1,0,0,1,1
H4,702,2018,130120,      0.00,      0.00,      0.00,      0.00,0,1,0,0,1,1
H4,702,2018,130190,      0.00,      0.00,      0.00,      0.00,0,5,0,0,5,5
H4,702,2018,130211,      0.00,      0.00,      0.00,      0.00,0,2,0,0,2,2
H4,702,2018,130212,      0.00,      0.00,      0.00,      0.00,0,1,0,0,1,1
H4,702,2018,130213,      0.00,      0.00,      0.00,      0.00,0,1,0,0,1,1
H4,702,2018,130219,      0.00,      0.00,      0.00,      0.00,0,5,0,0,5,5
H4,702,2018,130220,      0.00,      0.00,      0.00,      0.00,0,1,0,0,1,1
H4,702,2018,130231,      0.00,      0.00,      0.00,      0.00,0,1,0,0,1,1
H4,702,2018,130232,      0.00,      0.00,      0.00,      0.00,0,1,0,0,1,1
H4,702,2018,130239,      0.00,      0.00,      0.00,      0.00,0,2,0,0,2,2
H4,702,2018,140110,      0.00,      0.00,      0.00,      0.00,0,1,0,0,1,1
H4,702,2018,140120,      0.00,      0.00,      0.00,      0.00,0,7,0,0,7,7
H4,702,2018,140190,      0.00,      0.00,      0.00,      0.00,0,1,0,0,1,1
H4,702,2018,140420,      0.00,      0.00,      0.00,      0.00,0,1,0,0,1,1
H4,702,2018,140490,      0.00,      0.00,      0.00,      0.00,0,3,0,0,3,3
H4,702,2018,150110,      0.00,      0.00,      0.00,      0.00,0,1,0,0,1,1
H4,702,2018,150120,      0.00,      0.00,      0.00,      0.00,0,1,0,0,1,1
H4,702,2018,150190,      0.00,      0.00,      0.00,      0.00,0,1,0,0,1,1
H4,702,2018,150210,      0.00,      0.00,      0.00,      0.00,0,2,0,0,2,2
H4,702,2018,150290,      0.00,      0.00,      0.00,      0.00,0,2,0,0,2,2
H4,702,2018,150300,      0.00,      0.00,      0.00,      0.00,0,2,0,0,2,2
H4,702,2018,150410,      0.00,      0.00,      0.00,      0.00,0,2,0,0,2,2
H4,702,2018,150420,      0.00,      0.00,      0.00,      0.00,0,2,0,0,2,2
H4,702,2018,150430,      0.00,      0.00,      0.00,      0.00,0,2,0,0,2,2
H4,702,2018,150500,      0.00,      0.00,      0.00,      0.00,0,2,0,0,2,2
H4,702,2018,150600,      0.00,      0.00,      0.00,      0.00,0,1,0,0,1,1
H4,702,2018,150710,      0.00,      0.00,      0.00,      0.00,0,1,0,0,1,1
H4,702,2018,150790,      0.00,      0.00,      0.00,      0.00,0,2,0,0,2,2
H4,702,2018,150810,      0.00,      0.00,      0.00,      0.00,0,1,0,0,1,1
H4,702,2018,150890,      0.00,      0.00,      0.00,      0.00,0,2,0,0,2,2
H4,702,2018,150910,      0.00,      0.00,      0.00,      0.00,0,2,0,0,2,2
H4,702,2018,150990,      0.00,      0.00,      0.00,      0.00,0,4,0,0,4,4
H4,702,2018,151000,      0.00,      0.00,      0.00,      0.00,0,3,0,0,3,3
H4,702,2018,151110,      0.00,      0.00,      0.00,      0.00,0,1,0,0,1,1
H4,702,2018,151190,      0.00,      0.00,      0.00,      0.00,0,5,0,0,5,5
H4,702,2018,151211,      0.00,      0.00,      0.00,      0.00,0,1,0,0,1,1
H4,702,2018,151219,      0.00,      0.00,      0.00,      0.00,0,2,0,0,2,2
H4,702,2018,151221,      0.00,      0.00,      0.00,      0.00,0,1,0,0,1,1
H4,702,2018,151229,      0.00,      0.00,      0.00,      0.00,0,2,0,0,2,2
H4,702,2018,151311,      0.00,      0.00,      0.00,      0.00,0,1,0,0,1,1
H4,702,2018,151319,      0.00,      0.00,      0.00,      0.00,0,2,0,0,2,2
H4,702,2018,151321,      0.00,      0.00,      0.00,      0.00,0,2,0,0,2,2
H4,702,2018,151329,      0.00,      0.00,      0.00,      0.00,0,10,0,0,10,10
H4,702,2018,151411,      0.00,      0.00,      0.00,      0.00,0,1,0,0,1,1
H4,702,2018,151419,      0.00,      0.00,      0.00,      0.00,0,2,0,0,2,2
H4,702,2018,151491,      0.00,      0.00,      0.00,      0.00,0,2,0,0,2,2
H4,702,2018,151499,      0.00,      0.00,      0.00,      0.00,0,3,0,0,3,3
H4,702,2018,151511,      0.00,      0.00,      0.00,      0.00,0,1,0,0,1,1
H4,702,2018,151519,      0.00,      0.00,      0.00,      0.00,0,1,0,0,1,1
H4,702,2018,151521,      0.00,      0.00,      0.00,      0.00,0,1,0,0,1,1
H4,702,2018,151529,      0.00,      0.00,      0.00,      0.00,0,4,0,0,4,4
H4,702,2018,151530,      0.00,      0.00,      0.00,      0.00,0,2,0,0,2,2
H4,702,2018,151550,      0.00,      0.00,      0.00,      0.00,0,3,0,0,3,3
H4,702,2018,151590,      0.00,      0.00,      0.00,      0.00,0,12,0,0,12,12
H4,702,2018,151610,      0.00,      0.00,      0.00,      0.00,0,2,0,0,2,2
H4,702,2018,151620,      0.00,      0.00,      0.00,      0.00,0,24,0,0,24,24
H4,702,2018,151710,      0.00,      0.00,      0.00,      0.00,0,1,0,0,1,1
H4,702,2018,151790,      0.00,      0.00,      0.00,      0.00,0,16,0,0,16,16
H4,702,2018,151800,      0.00,      0.00,      0.00,      0.00,0,14,0,0,14,14
H4,702,2018,152000,      0.00,      0.00,      0.00,      0.00,0,2,0,0,2,2
H4,702,2018,152110,      0.00,      0.00,      0.00,      0.00,0,1,0,0,1,1
H4,702,2018,152190,      0.00,      0.00,      0.00,      0.00,0,2,0,0,2,2
H4,702,2018,152200,      0.00,      0.00,      0.00,      0.00,0,2,0,0,2,2
H4,702,2018,160100,      0.00,      0.00,      0.00,      0.00,0,2,0,0,2,2
H4,702,2018,160210,      0.00,      0.00,      0.00,      0.00,0,2,0,0,2,2
H4,702,2018,160220,      0.00,      0.00,      0.00,      0.00,0,1,0,0,1,1
H4,702,2018,160231,      0.00,      0.00,      0.00,      0.00,0,3,0,0,3,3
H4,702,2018,160232,      0.00,      0.00,      0.00,      0.00,0,2,0,0,2,2
H4,702,2018,160239,      0.00,      0.00,      0.00,      0.00,0,1,0,0,1,1
H4,702,2018,160241,      0.00,      0.00,      0.00,      0.00,0,2,0,0,2,2
H4,702,2018,160242,      0.00,      0.00,      0.00,      0.00,0,2,0,0,2,2
H4,702,2018,160249,      0.00,      0.00,      0.00,      0.00,0,4,0,0,4,4
H4,702,2018,160250,      0.00,      0.00,      0.00,      0.00,0,1,0,0,1,1
H4,702,2018,160290,      0.00,      0.00,      0.00,      0.00,0,2,0,0,2,2
H4,702,2018,160300,      0.00,      0.00,      0.00,      0.00,0,4,0,0,4,4
H4,702,2018,160411,      0.00,      0.00,      0.00,      0.00,0,2,0,0,2,2
H4,702,2018,160412,      0.00,      0.00,      0.00,      0.00,0,2,0,0,2,2
H4,702,2018,160413,      0.00,      0.00,      0.00,      0.00,0,4,0,0,4,4
H4,702,2018,160414,      0.00,      0.00,      0.00,      0.00,0,3,0,0,3,3
H4,702,2018,160415,      0.00,      0.00,      0.00,      0.00,0,2,0,0,2,2
H4,702,2018,160416,      0.00,      0.00,      0.00,      0.00,0,2,0,0,2,2
H4,702,2018,160417,      0.00,      0.00,      0.00,      0.00,0,2,0,0,2,2
H4,702,2018,160419,      0.00,      0.00,      0.00,      0.00,0,3,0,0,3,3
H4,702,2018,160420,      0.00,      0.00,      0.00,      0.00,0,7,0,0,7,7
H4,702,2018,160431,      0.00,      0.00,      0.00,      0.00,0,1,0,0,1,1
H4,702,2018,160432,      0.00,      0.00,      0.00,      0.00,0,1,0,0,1,1
H4,702,2018,160510,      0.00,      0.00,      0.00,      0.00,0,2,0,0,2,2
H4,702,2018,160521,      0.00,      0.00,      0.00,      0.00,0,2,0,0,2,2
H4,702,2018,160529,      0.00,      0.00,      0.00,      0.00,0,2,0,0,2,2
H4,702,2018,160530,      0.00,      0.00,      0.00,      0.00,0,1,0,0,1,1
H4,702,2018,160540,      0.00,      0.00,      0.00,      0.00,0,1,0,0,1,1
H4,702,2018,160551,      0.00,      0.00,      0.00,      0.00,0,1,0,0,1,1
H4,702,2018,160552,      0.00,      0.00,      0.00,      0.00,0,1,0,0,1,1
H4,702,2018,160553,      0.00,      0.00,      0.00,      0.00,0,1,0,0,1,1
H4,702,2018,160554,      0.00,      0.00,      0.00,      0.00,0,1,0,0,1,1
H4,702,2018,160555,      0.00,      0.00,      0.00,      0.00,0,1,0,0,1,1
H4,702,2018,160556,      0.00,      0.00,      0.00,      0.00,0,1,0,0,1,1
H4,702,2018,160557,      0.00,      0.00,      0.00,      0.00,0,1,0,0,1,1
H4,702,2018,160558,      0.00,      0.00,      0.00,      0.00,0,1,0,0,1,1
H4,702,2018,160559,      0.00,      0.00,      0.00,      0.00,0,1,0,0,1,1
H4,702,2018,160561,      0.00,      0.00,      0.00,      0.00,0,1,0,0,1,1
H4,702,2018,160562,      0.00,      0.00,      0.00,      0.00,0,1,0,0,1,1
H4,702,2018,160563,      0.00,      0.00,      0.00,      0.00,0,1,0,0,1,1
H4,702,2018,160569,      0.00,      0.00,      0.00,      0.00,0,1,0,0,1,1
H4,702,2018,170112,      0.00,      0.00,      0.00,      0.00,0,1,0,0,1,1
H4,702,2018,170113,      0.00,      0.00,      0.00,      0.00,0,1,0,0,1,1
H4,702,2018,170114,      0.00,      0.00,      0.00,      0.00,0,1,0,0,1,1
H4,702,2018,170191,      0.00,      0.00,      0.00,      0.00,0,1,0,0,1,1
H4,702,2018,170199,      0.00,      0.00,      0.00,      0.00,0,3,0,0,3,3
H4,702,2018,170211,      0.00,      0.00,      0.00,      0.00,0,1,0,0,1,1
H4,702,2018,170219,      0.00,      0.00,      0.00,      0.00,0,1,0,0,1,1
H4,702,2018,170220,      0.00,      0.00,      0.00,      0.00,0,1,0,0,1,1
H4,702,2018,170230,      0.00,      0.00,      0.00,      0.00,0,2,0,0,2,2
H4,702,2018,170240,      0.00,      0.00,      0.00,      0.00,0,1,0,0,1,1
H4,702,2018,170250,      0.00,      0.00,      0.00,      0.00,0,1,0,0,1,1
H4,702,2018,170260,      0.00,      0.00,      0.00,      0.00,0,2,0,0,2,2
H4,702,2018,170290,      0.00,      0.00,      0.00,      0.00,0,7,0,0,7,7
H4,702,2018,170310,      0.00,      0.00,      0.00,      0.00,0,2,0,0,2,2
H4,702,2018,170390,      0.00,      0.00,      0.00,      0.00,0,2,0,0,2,2
H4,702,2018,170410,      0.00,      0.00,      0.00,      0.00,0,1,0,0,1,1
H4,702,2018,170490,      0.00,      0.00,      0.00,      0.00,0,4,0,0,4,4
H4,702,2018,180100,      0.00,      0.00,      0.00,      0.00,0,1,0,0,1,1
H4,702,2018,180200,      0.00,      0.00,      0.00,      0.00,0,1,0,0,1,1
H4,702,2018,180310,      0.00,      0.00,      0.00,      0.00,0,1,0,0,1,1
H4,702,2018,180320,      0.00,      0.00,      0.00,      0.00,0,1,0,0,1,1
H4,702,2018,180400,      0.00,      0.00,      0.00,      0.00,0,1,0,0,1,1
H4,702,2018,180500,      0.00,      0.00,      0.00,      0.00,0,1,0,0,1,1
H4,702,2018,180610,      0.00,      0.00,      0.00,      0.00,0,1,0,0,1,1
H4,702,2018,180620,      0.00,      0.00,      0.00,      0.00,0,2,0,0,2,2
H4,702,2018,180631,      0.00,      0.00,      0.00,      0.00,0,2,0,0,2,2
H4,702,2018,180632,      0.00,      0.00,      0.00,      0.00,0,2,0,0,2,2
H4,702,2018,180690,      0.00,      0.00,      0.00,      0.00,0,4,0,0,4,4
H4,702,2018,190110,      0.00,      0.00,      0.00,      0.00,0,5,0,0,5,5
H4,702,2018,190120,      0.00,      0.00,      0.00,      0.00,0,4,0,0,4,4
H4,702,2018,190190,      0.00,      0.00,      0.00,      0.00,0,10,0,0,10,10
H4,702,2018,190211,      0.00,      0.00,      0.00,      0.00,0,1,0,0,1,1
H4,702,2018,190219,      0.00,      0.00,      0.00,      0.00,0,4,0,0,4,4
H4,702,2018,190220,      0.00,      0.00,      0.00,      0.00,0,3,0,0,3,3
H4,702,2018,190230,      0.00,      0.00,      0.00,      0.00,0,4,0,0,4,4
H4,702,2018,190240,      0.00,      0.00,      0.00,      0.00,0,1,0,0,1,1
H4,702,2018,190300,      0.00,      0.00,      0.00,      0.00,0,1,0,0,1,1
H4,702,2018,190410,      0.00,      0.00,      0.00,      0.00,0,2,0,0,2,2
H4,702,2018,190420,      0.00,      0.00,      0.00,      0.00,0,2,0,0,2,2
H4,702,2018,190430,      0.00,      0.00,      0.00,      0.00,0,1,0,0,1,1
H4,702,2018,190490,      0.00,      0.00,      0.00,      0.00,0,2,0,0,2,2
H4,702,2018,190510,      0.00,      0.00,      0.00,      0.00,0,1,0,0,1,1
H4,702,2018,190520,      0.00,      0.00,      0.00,      0.00,0,1,0,0,1,1
H4,702,2018,190531,      0.00,      0.00,      0.00,      0.00,0,2,0,0,2,2
H4,702,2018,190532,      0.00,      0.00,      0.00,      0.00,0,1,0,0,1,1
H4,702,2018,190540,      0.00,      0.00,      0.00,      0.00,0,2,0,0,2,2
H4,702,2018,190590,      0.00,      0.00,      0.00,      0.00,0,9,0,0,9,9
H4,702,2018,200110,      0.00,      0.00,      0.00,      0.00,0,1,0,0,1,1
H4,702,2018,200190,      0.00,      0.00,      0.00,      0.00,0,2,0,0,2,2
H4,702,2018,200210,      0.00,      0.00,      0.00,      0.00,0,2,0,0,2,2
H4,702,2018,200290,      0.00,      0.00,      0.00,      0.00,0,3,0,0,3,3
H4,702,2018,200310,      0.00,      0.00,      0.00,      0.00,0,1,0,0,1,1
H4,702,2018,200390,      0.00,      0.00,      0.00,      0.00,0,2,0,0,2,2
H4,702,2018,200410,      0.00,      0.00,      0.00,      0.00,0,1,0,0,1,1
H4,702,2018,200490,      0.00,      0.00,      0.00,      0.00,0,2,0,0,2,2
H4,702,2018,200510,      0.00,      0.00,      0.00,      0.00,0,2,0,0,2,2
H4,702,2018,200520,      0.00,      0.00,      0.00,      0.00,0,4,0,0,4,4
H4,702,2018,200540,      0.00,      0.00,      0.00,      0.00,0,1,0,0,1,1
H4,702,2018,200551,      0.00,      0.00,      0.00,      0.00,0,1,0,0,1,1
H4,702,2018,200559,      0.00,      0.00,      0.00,      0.00,0,2,0,0,2,2
H4,702,2018,200560,      0.00,      0.00,      0.00,      0.00,0,1,0,0,1,1
H4,702,2018,200570,      0.00,      0.00,      0.00,      0.00,0,1,0,0,1,1
H4,702,2018,200580,      0.00,      0.00,      0.00,      0.00,0,1,0,0,1,1
H4,702,2018,200591,      0.00,      0.00,      0.00,      0.00,0,1,0,0,1,1
H4,702,2018,200599,      0.00,      0.00,      0.00,      0.00,0,2,0,0,2,2
H4,702,2018,200600,      0.00,      0.00,      0.00,      0.00,0,1,0,0,1,1
H4,702,2018,200710,      0.00,      0.00,      0.00,      0.00,0,1,0,0,1,1
H4,702,2018,200791,      0.00,      0.00,      0.00,      0.00,0,1,0,0,1,1
H4,702,2018,200799,      0.00,      0.00,      0.00,      0.00,0,2,0,0,2,2
H4,702,2018,200811,      0.00,      0.00,      0.00,      0.00,0,3,0,0,3,3
H4,702,2018,200819,      0.00,      0.00,      0.00,      0.00,0,2,0,0,2,2
H4,702,2018,200820,      0.00,      0.00,      0.00,      0.00,0,1,0,0,1,1
H4,702,2018,200830,      0.00,      0.00,      0.00,      0.00,0,2,0,0,2,2
H4,702,2018,200840,      0.00,      0.00,      0.00,      0.00,0,2,0,0,2,2
H4,702,2018,200850,      0.00,      0.00,      0.00,      0.00,0,2,0,0,2,2
H4,702,2018,200860,      0.00,      0.00,      0.00,      0.00,0,2,0,0,2,2
H4,702,2018,200870,      0.00,      0.00,      0.00,      0.00,0,2,0,0,2,2
H4,702,2018,200880,      0.00,      0.00,      0.00,      0.00,0,2,0,0,2,2
H4,702,2018,200891,      0.00,      0.00,      0.00,      0.00,0,1,0,0,1,1
H4,702,2018,200893,      0.00,      0.00,      0.00,      0.00,0,1,0,0,1,1
H4,702,2018,200897,      0.00,      0.00,      0.00,      0.00,0,3,0,0,3,3
H4,702,2018,200899,      0.00,      0.00,      0.00,      0.00,0,5,0,0,5,5
H4,702,2018,200911,      0.00,      0.00,      0.00,      0.00,0,1,0,0,1,1
H4,702,2018,200912,      0.00,      0.00,      0.00,      0.00,0,1,0,0,1,1
H4,702,2018,200919,      0.00,      0.00,      0.00,      0.00,0,1,0,0,1,1
H4,702,2018,200921,      0.00,      0.00,      0.00,      0.00,0,1,0,0,1,1
H4,702,2018,200929,      0.00,      0.00,      0.00,      0.00,0,1,0,0,1,1
H4,702,2018,200931,      0.00,      0.00,      0.00,      0.00,0,1,0,0,1,1
H4,702,2018,200939,      0.00,      0.00,      0.00,      0.00,0,1,0,0,1,1
H4,702,2018,200941,      0.00,      0.00,      0.00,      0.00,0,1,0,0,1,1
H4,702,2018,200949,      0.00,      0.00,      0.00,      0.00,0,1,0,0,1,1
H4,702,2018,200950,      0.00,      0.00,      0.00,      0.00,0,1,0,0,1,1
H4,702,2018,200961,      0.00,      0.00,      0.00,      0.00,0,1,0,0,1,1
H4,702,2018,200969,      0.00,      0.00,      0.00,      0.00,0,1,0,0,1,1
H4,702,2018,200971,      0.00,      0.00,      0.00,      0.00,0,1,0,0,1,1
H4,702,2018,200979,      0.00,      0.00,      0.00,      0.00,0,1,0,0,1,1
H4,702,2018,200981,      0.00,      0.00,      0.00,      0.00,0,2,0,0,2,2
H4,702,2018,200989,      0.00,      0.00,      0.00,      0.00,0,3,0,0,3,3
H4,702,2018,200990,      0.00,      0.00,      0.00,      0.00,0,2,0,0,2,2
H4,702,2018,210111,      0.00,      0.00,      0.00,      0.00,0,2,0,0,2,2
H4,702,2018,210112,      0.00,      0.00,      0.00,      0.00,0,2,0,0,2,2
H4,702,2018,210120,      0.00,      0.00,      0.00,      0.00,0,2,0,0,2,2
H4,702,2018,210130,      0.00,      0.00,      0.00,      0.00,0,1,0,0,1,1
H4,702,2018,210210,      0.00,      0.00,      0.00,      0.00,0,1,0,0,1,1
H4,702,2018,210220,      0.00,      0.00,      0.00,      0.00,0,1,0,0,1,1
H4,702,2018,210230,      0.00,      0.00,      0.00,      0.00,0,1,0,0,1,1
H4,702,2018,210310,      0.00,      0.00,      0.00,      0.00,0,1,0,0,1,1
H4,702,2018,210320,      0.00,      0.00,      0.00,      0.00,0,1,0,0,1,1
H4,702,2018,210330,      0.00,      0.00,      0.00,      0.00,0,1,0,0,1,1
H4,702,2018,210390,      0.00,      0.00,      0.00,      0.00,0,4,0,0,4,4
H4,702,2018,210410,      0.00,      0.00,      0.00,      0.00,0,4,0,0,4,4
H4,702,2018,210420,      0.00,      0.00,      0.00,      0.00,0,4,0,0,4,4
H4,702,2018,210500,      0.00,      0.00,      0.00,      0.00,0,1,0,0,1,1
H4,702,2018,210610,      0.00,      0.00,      0.00,      0.00,0,1,0,0,1,1
H4,702,2018,210690,      0.00,      0.00,      0.00,      0.00,0,26,0,0,26,26
H4,702,2018,220110,      0.00,      0.00,      0.00,      0.00,0,1,0,0,1,1
H4,702,2018,220190,      0.00,      0.00,      0.00,      0.00,0,2,0,0,2,2
H4,702,2018,220210,      0.00,      0.00,      0.00,      0.00,0,2,0,0,2,2
H4,702,2018,220290,      0.00,      0.00,      0.00,      0.00,0,4,0,0,4,4
H4,702,2018,220300,,,,,2,0,0,0,0,2
H4,702,2018,220410,      0.00,      0.00,      0.00,      0.00,0,1,0,0,1,1
H4,702,2018,220421,      0.00,      0.00,      0.00,      0.00,0,5,0,0,5,5
H4,702,2018,220429,      0.00,      0.00,      0.00,      0.00,0,5,0,0,5,5
H4,702,2018,220430,      0.00,      0.00,      0.00,      0.00,0,2,0,0,2,2
H4,702,2018,220510,      0.00,      0.00,      0.00,      0.00,0,2,0,0,2,2
H4,702,2018,220590,      0.00,      0.00,      0.00,      0.00,0,2,0,0,2,2
H4,702,2018,220600,      0.00,      0.00,      0.00,      0.00,0,6,0,0,6,6
H4,702,2018,220710,      0.00,      0.00,      0.00,      0.00,0,1,0,0,1,1
H4,702,2018,220720,      0.00,      0.00,      0.00,      0.00,0,3,0,0,3,3
H4,702,2018,220820,      0.00,      0.00,      0.00,      0.00,0,2,0,0,2,2
H4,702,2018,220830,      0.00,      0.00,      0.00,      0.00,0,1,0,0,1,1
H4,702,2018,220840,      0.00,      0.00,      0.00,      0.00,0,1,0,0,1,1
H4,702,2018,220850,      0.00,      0.00,      0.00,      0.00,0,1,0,0,1,1
H4,702,2018,220860,      0.00,      0.00,      0.00,      0.00,0,1,0,0,1,1
H4,702,2018,220870,      0.00,      0.00,      0.00,      0.00,0,1,0,0,1,1
H4,702,2018,220890,      0.00,      0.00,      0.00,      0.00,4,5,0,0,5,9
H4,702,2018,220900,      0.00,      0.00,      0.00,      0.00,0,1,0,0,1,1
H4,702,2018,230110,      0.00,      0.00,      0.00,      0.00,0,1,0,0,1,1
H4,702,2018,230120,      0.00,      0.00,      0.00,      0.00,0,3,0,0,3,3
H4,702,2018,230210,      0.00,      0.00,      0.00,      0.00,0,1,0,0,1,1
H4,702,2018,230230,      0.00,      0.00,      0.00,      0.00,0,1,0,0,1,1
H4,702,2018,230240,      0.00,      0.00,      0.00,      0.00,0,2,0,0,2,2
H4,702,2018,230250,      0.00,      0.00,      0.00,      0.00,0,1,0,0,1,1
H4,702,2018,230310,      0.00,      0.00,      0.00,      0.00,0,2,0,0,2,2
H4,702,2018,230320,      0.00,      0.00,      0.00,      0.00,0,1,0,0,1,1
H4,702,2018,230330,      0.00,      0.00,      0.00,      0.00,0,1,0,0,1,1
H4,702,2018,230400,      0.00,      0.00,      0.00,      0.00,0,2,0,0,2,2
H4,702,2018,230500,      0.00,      0.00,      0.00,      0.00,0,1,0,0,1,1
H4,702,2018,230610,      0.00,      0.00,      0.00,      0.00,0,1,0,0,1,1
H4,702,2018,230620,      0.00,      0.00,      0.00,      0.00,0,1,0,0,1,1
H4,702,2018,230630,      0.00,      0.00,      0.00,      0.00,0,1,0,0,1,1
H4,702,2018,230641,      0.00,      0.00,      0.00,      0.00,0,2,0,0,2,2
H4,702,2018,230649,      0.00,      0.00,      0.00,      0.00,0,2,0,0,2,2
H4,702,2018,230650,      0.00,      0.00,      0.00,      0.00,0,1,0,0,1,1
H4,702,2018,230660,      0.00,      0.00,      0.00,      0.00,0,1,0,0,1,1
H4,702,2018,230690,      0.00,      0.00,      0.00,      0.00,0,2,0,0,2,2
H4,702,2018,230700,      0.00,      0.00,      0.00,      0.00,0,1,0,0,1,1
H4,702,2018,230800,      0.00,      0.00,      0.00,      0.00,0,1,0,0,1,1
H4,702,2018,230910,      0.00,      0.00,      0.00,      0.00,0,2,0,0,2,2
H4,702,2018,230990,      0.00,      0.00,      0.00,      0.00,0,8,0,0,8,8
H4,702,2018,240110,      0.00,      0.00,      0.00,      0.00,0,5,0,0,5,5
H4,702,2018,240120,      0.00,      0.00,      0.00,      0.00,0,6,0,0,6,6
H4,702,2018,240130,      0.00,      0.00,      0.00,      0.00,0,2,0,0,2,2
H4,702,2018,240210,      0.00,      0.00,      0.00,      0.00,0,1,0,0,1,1
H4,702,2018,240220,      0.00,      0.00,      0.00,      0.00,0,3,0,0,3,3
H4,702,2018,240290,      0.00,      0.00,      0.00,      0.00,0,2,0,0,2,2
H4,702,2018,240311,      0.00,      0.00,      0.00,      0.00,0,1,0,0,1,1
H4,702,2018,240319,      0.00,      0.00,      0.00,      0.00,0,4,0,0,4,4
H4,702,2018,240391,      0.00,      0.00,      0.00,      0.00,0,2,0,0,2,2
H4,702,2018,240399,      0.00,      0.00,      0.00,      0.00,0,5,0,0,5,5
H4,702,2018,250100,      0.00,      0.00,      0.00,      0.00,0,4,0,0,4,4
H4,702,2018,250200,      0.00,      0.00,      0.00,      0.00,0,1,0,0,1,1
H4,702,2018,250300,      0.00,      0.00,      0.00,      0.00,0,1,0,0,1,1
H4,702,2018,250410,      0.00,      0.00,      0.00,      0.00,0,1,0,0,1,1
H4,702,2018,250490,      0.00,      0.00,      0.00,      0.00,0,1,0,0,1,1
H4,702,2018,250510,      0.00,      0.00,      0.00,      0.00,0,1,0,0,1,1
H4,702,2018,250590,      0.00,      0.00,      0.00,      0.00,0,1,0,0,1,1
H4,702,2018,250610,      0.00,      0.00,      0.00,      0.00,0,1,0,0,1,1
H4,702,2018,250620,      0.00,      0.00,      0.00,      0.00,0,1,0,0,1,1
H4,702,2018,250700,      0.00,      0.00,      0.00,      0.00,0,1,0,0,1,1
H4,702,2018,250810,      0.00,      0.00,      0.00,      0.00,0,1,0,0,1,1
H4,702,2018,250830,      0.00,      0.00,      0.00,      0.00,0,1,0,0,1,1
H4,702,2018,250840,      0.00,      0.00,      0.00,      0.00,0,2,0,0,2,2
H4,702,2018,250850,      0.00,      0.00,      0.00,      0.00,0,1,0,0,1,1
H4,702,2018,250860,      0.00,      0.00,      0.00,      0.00,0,1,0,0,1,1
H4,702,2018,250870,      0.00,      0.00,      0.00,      0.00,0,1,0,0,1,1
H4,702,2018,250900,      0.00,      0.00,      0.00,      0.00,0,1,0,0,1,1
H4,702,2018,251010,      0.00,      0.00,      0.00,      0.00,0,2,0,0,2,2
H4,702,2018,251020,      0.00,      0.00,      0.00,      0.00,0,2,0,0,2,2
H4,702,2018,251110,      0.00,      0.00,      0.00,      0.00,0,1,0,0,1,1
H4,702,2018,251120,      0.00,      0.00,      0.00,      0.00,0,1,0,0,1,1
H4,702,2018,251200,      0.00,      0.00,      0.00,      0.00,0,1,0,0,1,1
H4,702,2018,251310,      0.00,      0.00,      0.00,      0.00,0,1,0,0,1,1
H4,702,2018,251320,      0.00,      0.00,      0.00,      0.00,0,1,0,0,1,1
H4,702,2018,251400,      0.00,      0.00,      0.00,      0.00,0,1,0,0,1,1
H4,702,2018,251511,      0.00,      0.00,      0.00,      0.00,0,1,0,0,1,1
H4,702,2018,251512,      0.00,      0.00,      0.00,      0.00,0,2,0,0,2,2
H4,702,2018,251520,      0.00,      0.00,      0.00,      0.00,0,1,0,0,1,1
H4,702,2018,251611,      0.00,      0.00,      0.00,      0.00,0,1,0,0,1,1
H4,702,2018,251612,      0.00,      0.00,      0.00,      0.00,0,2,0,0,2,2
H4,702,2018,251620,      0.00,      0.00,      0.00,      0.00,0,2,0,0,2,2
H4,702,2018,251690,      0.00,      0.00,      0.00,      0.00,0,1,0,0,1,1
H4,702,2018,251710,      0.00,      0.00,      0.00,      0.00,0,1,0,0,1,1
H4,702,2018,251720,      0.00,      0.00,      0.00,      0.00,0,1,0,0,1,1
H4,702,2018,251730,      0.00,      0.00,      0.00,      0.00,0,1,0,0,1,1
H4,702,2018,251741,      0.00,      0.00,      0.00,      0.00,0,1,0,0,1,1
H4,702,2018,251749,      0.00,      0.00,      0.00,      0.00,0,1,0,0,1,1
H4,702,2018,251810,      0.00,      0.00,      0.00,      0.00,0,1,0,0,1,1
H4,702,2018,251820,      0.00,      0.00,      0.00,      0.00,0,1,0,0,1,1
H4,702,2018,251830,      0.00,      0.00,      0.00,      0.00,0,1,0,0,1,1
H4,702,2018,251910,      0.00,      0.00,      0.00,      0.00,0,1,0,0,1,1
H4,702,2018,251990,      0.00,      0.00,      0.00,      0.00,0,2,0,0,2,2
H4,702,2018,252010,      0.00,      0.00,      0.00,      0.00,0,1,0,0,1,1
H4,702,2018,252020,      0.00,      0.00,      0.00,      0.00,0,2,0,0,2,2
H4,702,2018,252100,      0.00,      0.00,      0.00,      0.00,0,1,0,0,1,1
H4,702,2018,252210,      0.00,      0.00,      0.00,      0.00,0,1,0,0,1,1
H4,702,2018,252220,      0.00,      0.00,      0.00,      0.00,0,1,0,0,1,1
H4,702,2018,252230,      0.00,      0.00,      0.00,      0.00,0,1,0,0,1,1
H4,702,2018,252310,      0.00,      0.00,      0.00,      0.00,0,2,0,0,2,2
H4,702,2018,252321,      0.00,      0.00,      0.00,      0.00,0,1,0,0,1,1
H4,702,2018,252329,      0.00,      0.00,      0.00,      0.00,0,2,0,0,2,2
H4,702,2018,252330,      0.00,      0.00,      0.00,      0.00,0,1,0,0,1,1
H4,702,2018,252390,      0.00,      0.00,      0.00,      0.00,0,1,0,0,1,1
H4,702,2018,252410,      0.00,      0.00,      0.00,      0.00,0,1,0,0,1,1
H4,702,2018,252490,      0.00,      0.00,      0.00,      0.00,0,1,0,0,1,1
H4,702,2018,252510,      0.00,      0.00,      0.00,      0.00,0,1,0,0,1,1
H4,702,2018,252520,      0.00,      0.00,      0.00,      0.00,0,1,0,0,1,1
H4,702,2018,252530,      0.00,      0.00,      0.00,      0.00,0,1,0,0,1,1
H4,702,2018,252610,      0.00,      0.00,      0.00,      0.00,0,1,0,0,1,1
H4,702,2018,252620,      0.00,      0.00,      0.00,      0.00,0,2,0,0,2,2
H4,702,2018,252800,      0.00,      0.00,      0.00,      0.00,0,1,0,0,1,1
H4,702,2018,252910,      0.00,      0.00,      0.00,      0.00,0,1,0,0,1,1
H4,702,2018,252921,      0.00,      0.00,      0.00,      0.00,0,1,0,0,1,1
H4,702,2018,252922,      0.00,      0.00,      0.00,      0.00,0,1,0,0,1,1
H4,702,2018,252930,      0.00,      0.00,      0.00,      0.00,0,1,0,0,1,1
H4,702,2018,253010,      0.00,      0.00,      0.00,      0.00,0,1,0,0,1,1
H4,702,2018,253020,      0.00,      0.00,      0.00,      0.00,0,2,0,0,2,2
H4,702,2018,253090,      0.00,      0.00,      0.00,      0.00,0,2,0,0,2,2
H4,702,2018,260111,      0.00,      0.00,      0.00,      0.00,0,1,0,0,1,1
H4,702,2018,260112,      0.00,      0.00,      0.00,      0.00,0,1,0,0,1,1
H4,702,2018,260120,      0.00,      0.00,      0.00,      0.00,0,1,0,0,1,1
H4,702,2018,260200,      0.00,      0.00,      0.00,      0.00,0,1,0,0,1,1
H4,702,2018,260300,      0.00,      0.00,      0.00,      0.00,0,1,0,0,1,1
H4,702,2018,260400,      0.00,      0.00,      0.00,      0.00,0,1,0,0,1,1
H4,702,2018,260500,      0.00,      0.00,      0.00,      0.00,0,1,0,0,1,1
H4,702,2018,260600,      0.00,      0.00,      0.00,      0.00,0,1,0,0,1,1
H4,702,2018,260700,      0.00,      0.00,      0.00,      0.00,0,1,0,0,1,1
H4,702,2018,260800,      0.00,      0.00,      0.00,      0.00,0,1,0,0,1,1
H4,702,2018,260900,      0.00,      0.00,      0.00,      0.00,0,1,0,0,1,1
H4,702,2018,261000,      0.00,      0.00,      0.00,      0.00,0,1,0,0,1,1
H4,702,2018,261100,      0.00,      0.00,      0.00,      0.00,0,1,0,0,1,1
H4,702,2018,261210,      0.00,      0.00,      0.00,      0.00,0,1,0,0,1,1
H4,702,2018,261220,      0.00,      0.00,      0.00,      0.00,0,1,0,0,1,1
H4,702,2018,261310,      0.00,      0.00,      0.00,      0.00,0,1,0,0,1,1
H4,702,2018,261390,      0.00,      0.00,      0.00,      0.00,0,1,0,0,1,1
H4,702,2018,261400,      0.00,      0.00,      0.00,      0.00,0,2,0,0,2,2
H4,702,2018,261510,      0.00,      0.00,      0.00,      0.00,0,1,0,0,1,1
H4,702,2018,261590,      0.00,      0.00,      0.00,      0.00,0,1,0,0,1,1
H4,702,2018,261610,      0.00,      0.00,      0.00,      0.00,0,1,0,0,1,1
H4,702,2018,261690,      0.00,      0.00,      0.00,      0.00,0,1,0,0,1,1
H4,702,2018,261710,      0.00,      0.00,      0.00,      0.00,0,1,0,0,1,1
H4,702,2018,261790,      0.00,      0.00,      0.00,      0.00,0,1,0,0,1,1
H4,702,2018,261800,      0.00,      0.00,      0.00,      0.00,0,1,0,0,1,1
H4,702,2018,261900,      0.00,      0.00,      0.00,      0.00,0,1,0,0,1,1
H4,702,2018,262011,      0.00,      0.00,      0.00,      0.00,0,1,0,0,1,1
H4,702,2018,262019,      0.00,      0.00,      0.00,      0.00,0,1,0,0,1,1
H4,702,2018,262021,      0.00,      0.00,      0.00,      0.00,0,1,0,0,1,1
H4,702,2018,262029,      0.00,      0.00,      0.00,      0.00,0,1,0,0,1,1
H4,702,2018,262030,      0.00,      0.00,      0.00,      0.00,0,1,0,0,1,1
H4,702,2018,262040,      0.00,      0.00,      0.00,      0.00,0,1,0,0,1,1
H4,702,2018,262060,      0.00,      0.00,      0.00,      0.00,0,1,0,0,1,1
H4,702,2018,262091,      0.00,      0.00,      0.00,      0.00,0,1,0,0,1,1
H4,702,2018,262099,      0.00,      0.00,      0.00,      0.00,0,2,0,0,2,2
H4,702,2018,262110,      0.00,      0.00,      0.00,      0.00,0,1,0,0,1,1
H4,702,2018,262190,      0.00,      0.00,      0.00,      0.00,0,1,0,0,1,1
H4,702,2018,270111,      0.00,      0.00,      0.00,      0.00,0,1,0,0,1,1
H4,702,2018,270112,      0.00,      0.00,      0.00,      0.00,0,2,0,0,2,2
H4,702,2018,270119,      0.00,      0.00,      0.00,      0.00,0,1,0,0,1,1
H4,702,2018,270120,      0.00,      0.00,      0.00,      0.00,0,1,0,0,1,1
H4,702,2018,270210,      0.00,      0.00,      0.00,      0.00,0,1,0,0,1,1
H4,702,2018,270220,      0.00,      0.00,      0.00,      0.00,0,1,0,0,1,1
H4,702,2018,270300,      0.00,      0.00,      0.00,      0.00,0,2,0,0,2,2
H4,702,2018,270400,      0.00,      0.00,      0.00,      0.00,0,3,0,0,3,3
H4,702,2018,270500,      0.00,      0.00,      0.00,      0.00,0,1,0,0,1,1
H4,702,2018,270600,      0.00,      0.00,      0.00,      0.00,0,1,0,0,1,1
H4,702,2018,270710,      0.00,      0.00,      0.00,      0.00,0,1,0,0,1,1
H4,702,2018,270720,      0.00,      0.00,      0.00,      0.00,0,1,0,0,1,1
H4,702,2018,270730,      0.00,      0.00,      0.00,      0.00,0,1,0,0,1,1
H4,702,2018,270740,      0.00,      0.00,      0.00,      0.00,0,1,0,0,1,1
H4,702,2018,270750,      0.00,      0.00,      0.00,      0.00,0,1,0,0,1,1
H4,702,2018,270791,      0.00,      0.00,      0.00,      0.00,0,1,0,0,1,1
H4,702,2018,270799,      0.00,      0.00,      0.00,      0.00,0,2,0,0,2,2
H4,702,2018,270810,      0.00,      0.00,      0.00,      0.00,0,1,0,0,1,1
H4,702,2018,270820,      0.00,      0.00,      0.00,      0.00,0,1,0,0,1,1
H4,702,2018,270900,      0.00,      0.00,      0.00,      0.00,0,3,0,0,3,3
H4,702,2018,271012,      0.00,      0.00,      0.00,      0.00,0,14,0,0,14,14
H4,702,2018,271019,      0.00,      0.00,      0.00,      0.00,0,16,0,0,16,16
H4,702,2018,271020,      0.00,      0.00,      0.00,      0.00,0,1,0,0,1,1
H4,702,2018,271091,      0.00,      0.00,      0.00,      0.00,0,1,0,0,1,1
H4,702,2018,271099,      0.00,      0.00,      0.00,      0.00,0,1,0,0,1,1
H4,702,2018,271111,      0.00,      0.00,      0.00,      0.00,0,1,0,0,1,1
H4,702,2018,271112,      0.00,      0.00,      0.00,      0.00,0,1,0,0,1,1
H4,702,2018,271113,      0.00,      0.00,      0.00,      0.00,0,1,0,0,1,1
H4,702,2018,271114,      0.00,      0.00,      0.00,      0.00,0,2,0,0,2,2
H4,702,2018,271119,      0.00,      0.00,      0.00,      0.00,0,1,0,0,1,1
H4,702,2018,271121,      0.00,      0.00,      0.00,      0.00,0,2,0,0,2,2
H4,702,2018,271129,      0.00,      0.00,      0.00,      0.00,0,1,0,0,1,1
H4,702,2018,271210,      0.00,      0.00,      0.00,      0.00,0,1,0,0,1,1
H4,702,2018,271220,      0.00,      0.00,      0.00,      0.00,0,1,0,0,1,1
H4,702,2018,271290,      0.00,      0.00,      0.00,      0.00,0,2,0,0,2,2
H4,702,2018,271311,      0.00,      0.00,      0.00,      0.00,0,1,0,0,1,1
H4,702,2018,271312,      0.00,      0.00,      0.00,      0.00,0,1,0,0,1,1
H4,702,2018,271320,      0.00,      0.00,      0.00,      0.00,0,1,0,0,1,1
H4,702,2018,271390,      0.00,      0.00,      0.00,      0.00,0,1,0,0,1,1
H4,702,2018,271410,      0.00,      0.00,      0.00,      0.00,0,1,0,0,1,1
H4,702,2018,271490,      0.00,      0.00,      0.00,      0.00,0,1,0,0,1,1
H4,702,2018,271500,      0.00,      0.00,      0.00,      0.00,0,1,0,0,1,1
H4,702,2018,271600,      0.00,      0.00,      0.00,      0.00,0,1,0,0,1,1
H4,702,2018,280110,      0.00,      0.00,      0.00,      0.00,0,1,0,0,1,1
H4,702,2018,280120,      0.00,      0.00,      0.00,      0.00,0,1,0,0,1,1
H4,702,2018,280130,      0.00,      0.00,      0.00,      0.00,0,1,0,0,1,1
H4,702,2018,280200,      0.00,      0.00,      0.00,      0.00,0,1,0,0,1,1
H4,702,2018,280300,      0.00,      0.00,      0.00,      0.00,0,3,0,0,3,3
H4,702,2018,280410,      0.00,      0.00,      0.00,      0.00,0,1,0,0,1,1
H4,702,2018,280421,      0.00,      0.00,      0.00,      0.00,0,1,0,0,1,1
H4,702,2018,280429,      0.00,      0.00,      0.00,      0.00,0,1,0,0,1,1
H4,702,2018,280430,      0.00,      0.00,      0.00,      0.00,0,1,0,0,1,1
H4,702,2018,280440,      0.00,      0.00,      0.00,      0.00,0,1,0,0,1,1
H4,702,2018,280450,      0.00,      0.00,      0.00,      0.00,0,1,0,0,1,1
H4,702,2018,280461,      0.00,      0.00,      0.00,      0.00,0,1,0,0,1,1
H4,702,2018,280469,      0.00,      0.00,      0.00,      0.00,0,1,0,0,1,1
H4,702,2018,280470,      0.00,      0.00,      0.00,      0.00,0,1,0,0,1,1
H4,702,2018,280480,      0.00,      0.00,      0.00,      0.00,0,1,0,0,1,1
H4,702,2018,280490,      0.00,      0.00,      0.00,      0.00,0,1,0,0,1,1
H4,702,2018,280511,      0.00,      0.00,      0.00,      0.00,0,1,0,0,1,1
H4,702,2018,280512,      0.00,      0.00,      0.00,      0.00,0,1,0,0,1,1
H4,702,2018,280519,      0.00,      0.00,      0.00,      0.00,0,1,0,0,1,1
H4,702,2018,280530,      0.00,      0.00,      0.00,      0.00,0,1,0,0,1,1
H4,702,2018,280540,      0.00,      0.00,      0.00,      0.00,0,1,0,0,1,1
H4,702,2018,280610,      0.00,      0.00,      0.00,      0.00,0,1,0,0,1,1
H4,702,2018,280620,      0.00,      0.00,      0.00,      0.00,0,1,0,0,1,1
H4,702,2018,280700,      0.00,      0.00,      0.00,      0.00,0,1,0,0,1,1
H4,702,2018,280800,      0.00,      0.00,      0.00,      0.00,0,1,0,0,1,1
H4,702,2018,280910,      0.00,      0.00,      0.00,      0.00,0,1,0,0,1,1
H4,702,2018,280920,      0.00,      0.00,      0.00,      0.00,0,4,0,0,4,4
H4,702,2018,281000,      0.00,      0.00,      0.00,      0.00,0,1,0,0,1,1
H4,702,2018,281111,      0.00,      0.00,      0.00,      0.00,0,1,0,0,1,1
H4,702,2018,281119,      0.00,      0.00,      0.00,      0.00,0,2,0,0,2,2
H4,702,2018,281121,      0.00,      0.00,      0.00,      0.00,0,1,0,0,1,1
H4,702,2018,281122,      0.00,      0.00,      0.00,      0.00,0,2,0,0,2,2
H4,702,2018,281129,      0.00,      0.00,      0.00,      0.00,0,3,0,0,3,3
H4,702,2018,281210,      0.00,      0.00,      0.00,      0.00,0,1,0,0,1,1
H4,702,2018,281290,      0.00,      0.00,      0.00,      0.00,0,1,0,0,1,1
H4,702,2018,281310,      0.00,      0.00,      0.00,      0.00,0,1,0,0,1,1
H4,702,2018,281390,      0.00,      0.00,      0.00,      0.00,0,1,0,0,1,1
H4,702,2018,281410,      0.00,      0.00,      0.00,      0.00,0,1,0,0,1,1
H4,702,2018,281420,      0.00,      0.00,      0.00,      0.00,0,1,0,0,1,1
H4,702,2018,281511,      0.00,      0.00,      0.00,      0.00,0,1,0,0,1,1
H4,702,2018,281512,      0.00,      0.00,      0.00,      0.00,0,1,0,0,1,1
H4,702,2018,281520,      0.00,      0.00,      0.00,      0.00,0,1,0,0,1,1
H4,702,2018,281530,      0.00,      0.00,      0.00,      0.00,0,1,0,0,1,1
H4,702,2018,281610,      0.00,      0.00,      0.00,      0.00,0,1,0,0,1,1
H4,702,2018,281640,      0.00,      0.00,      0.00,      0.00,0,1,0,0,1,1
H4,702,2018,281700,      0.00,      0.00,      0.00,      0.00,0,2,0,0,2,2
H4,702,2018,281810,      0.00,      0.00,      0.00,      0.00,0,1,0,0,1,1
H4,702,2018,281820,      0.00,      0.00,      0.00,      0.00,0,1,0,0,1,1
H4,702,2018,281830,      0.00,      0.00,      0.00,      0.00,0,1,0,0,1,1
H4,702,2018,281910,      0.00,      0.00,      0.00,      0.00,0,1,0,0,1,1
H4,702,2018,281990,      0.00,      0.00,      0.00,      0.00,0,1,0,0,1,1
H4,702,2018,282010,      0.00,      0.00,      0.00,      0.00,0,1,0,0,1,1
H4,702,2018,282090,      0.00,      0.00,      0.00,      0.00,0,1,0,0,1,1
H4,702,2018,282110,      0.00,      0.00,      0.00,      0.00,0,1,0,0,1,1
H4,702,2018,282120,      0.00,      0.00,      0.00,      0.00,0,1,0,0,1,1
H4,702,2018,282200,      0.00,      0.00,      0.00,      0.00,0,1,0,0,1,1
H4,702,2018,282300,      0.00,      0.00,      0.00,      0.00,0,1,0,0,1,1
H4,702,2018,282410,      0.00,      0.00,      0.00,      0.00,0,1,0,0,1,1
H4,702,2018,282490,      0.00,      0.00,      0.00,      0.00,0,1,0,0,1,1
H4,702,2018,282510,      0.00,      0.00,      0.00,      0.00,0,1,0,0,1,1
H4,702,2018,282520,      0.00,      0.00,      0.00,      0.00,0,1,0,0,1,1
H4,702,2018,282530,      0.00,      0.00,      0.00,      0.00,0,1,0,0,1,1
H4,702,2018,282540,      0.00,      0.00,      0.00,      0.00,0,1,0,0,1,1
H4,702,2018,282550,      0.00,      0.00,      0.00,      0.00,0,1,0,0,1,1
H4,702,2018,282560,      0.00,      0.00,      0.00,      0.00,0,1,0,0,1,1
H4,702,2018,282570,      0.00,      0.00,      0.00,      0.00,0,1,0,0,1,1
H4,702,2018,282580,      0.00,      0.00,      0.00,      0.00,0,1,0,0,1,1
H4,702,2018,282590,      0.00,      0.00,      0.00,      0.00,0,1,0,0,1,1
H4,702,2018,282612,      0.00,      0.00,      0.00,      0.00,0,1,0,0,1,1
H4,702,2018,282619,      0.00,      0.00,      0.00,      0.00,0,1,0,0,1,1
H4,702,2018,282630,      0.00,      0.00,      0.00,      0.00,0,1,0,0,1,1
H4,702,2018,282690,      0.00,      0.00,      0.00,      0.00,0,1,0,0,1,1
H4,702,2018,282710,      0.00,      0.00,      0.00,      0.00,0,1,0,0,1,1
H4,702,2018,282720,      0.00,      0.00,      0.00,      0.00,0,2,0,0,2,2
H4,702,2018,282731,      0.00,      0.00,      0.00,      0.00,0,1,0,0,1,1
H4,702,2018,282732,      0.00,      0.00,      0.00,      0.00,0,1,0,0,1,1
H4,702,2018,282735,      0.00,      0.00,      0.00,      0.00,0,1,0,0,1,1
H4,702,2018,282739,      0.00,      0.00,      0.00,      0.00,0,3,0,0,3,3
H4,702,2018,282741,      0.00,      0.00,      0.00,      0.00,0,1,0,0,1,1
H4,702,2018,282749,      0.00,      0.00,      0.00,      0.00,0,1,0,0,1,1
H4,702,2018,282751,      0.00,      0.00,      0.00,      0.00,0,1,0,0,1,1
H4,702,2018,282759,      0.00,      0.00,      0.00,      0.00,0,1,0,0,1,1
H4,702,2018,282760,      0.00,      0.00,      0.00,      0.00,0,1,0,0,1,1
H4,702,2018,282810,      0.00,      0.00,      0.00,      0.00,0,1,0,0,1,1
H4,702,2018,282890,      0.00,      0.00,      0.00,      0.00,0,2,0,0,2,2
H4,702,2018,282911,      0.00,      0.00,      0.00,      0.00,0,1,0,0,1,1
H4,702,2018,282919,      0.00,      0.00,      0.00,      0.00,0,1,0,0,1,1
H4,702,2018,282990,      0.00,      0.00,      0.00,      0.00,0,2,0,0,2,2
H4,702,2018,283010,      0.00,      0.00,      0.00,      0.00,0,1,0,0,1,1
H4,702,2018,283090,      0.00,      0.00,      0.00,      0.00,0,2,0,0,2,2
H4,702,2018,283110,      0.00,      0.00,      0.00,      0.00,0,1,0,0,1,1
H4,702,2018,283190,      0.00,      0.00,      0.00,      0.00,0,1,0,0,1,1
H4,702,2018,283210,      0.00,      0.00,      0.00,      0.00,0,1,0,0,1,1
H4,702,2018,283220,      0.00,      0.00,      0.00,      0.00,0,1,0,0,1,1
H4,702,2018,283230,      0.00,      0.00,      0.00,      0.00,0,1,0,0,1,1
H4,702,2018,283311,      0.00,      0.00,      0.00,      0.00,0,1,0,0,1,1
H4,702,2018,283319,      0.00,      0.00,      0.00,      0.00,0,1,0,0,1,1
H4,702,2018,283321,      0.00,      0.00,      0.00,      0.00,0,1,0,0,1,1
H4,702,2018,283322,      0.00,      0.00,      0.00,      0.00,0,2,0,0,2,2
H4,702,2018,283324,      0.00,      0.00,      0.00,      0.00,0,1,0,0,1,1
H4,702,2018,283325,      0.00,      0.00,      0.00,      0.00,0,1,0,0,1,1
H4,702,2018,283327,      0.00,      0.00,      0.00,      0.00,0,1,0,0,1,1
H4,702,2018,283329,      0.00,      0.00,      0.00,      0.00,0,3,0,0,3,3
H4,702,2018,283330,      0.00,      0.00,      0.00,      0.00,0,1,0,0,1,1
H4,702,2018,283340,      0.00,      0.00,      0.00,      0.00,0,1,0,0,1,1
H4,702,2018,283410,      0.00,      0.00,      0.00,      0.00,0,1,0,0,1,1
H4,702,2018,283421,      0.00,      0.00,      0.00,      0.00,0,1,0,0,1,1
H4,702,2018,283429,      0.00,      0.00,      0.00,      0.00,0,2,0,0,2,2
H4,702,2018,283510,      0.00,      0.00,      0.00,      0.00,0,1,0,0,1,1
H4,702,2018,283522,      0.00,      0.00,      0.00,      0.00,0,1,0,0,1,1
H4,702,2018,283524,      0.00,      0.00,      0.00,      0.00,0,1,0,0,1,1
H4,702,2018,283525,      0.00,      0.00,      0.00,      0.00,0,2,0,0,2,2
H4,702,2018,283526,      0.00,      0.00,      0.00,      0.00,0,1,0,0,1,1
H4,702,2018,283529,      0.00,      0.00,      0.00,      0.00,0,2,0,0,2,2
H4,702,2018,283531,      0.00,      0.00,      0.00,      0.00,0,2,0,0,2,2
H4,702,2018,283539,      0.00,      0.00,      0.00,      0.00,0,2,0,0,2,2
H4,702,2018,283620,      0.00,      0.00,      0.00,      0.00,0,1,0,0,1,1
H4,702,2018,283630,      0.00,      0.00,      0.00,      0.00,0,1,0,0,1,1
H4,702,2018,283640,      0.00,      0.00,      0.00,      0.00,0,1,0,0,1,1
H4,702,2018,283650,      0.00,      0.00,      0.00,      0.00,0,1,0,0,1,1
H4,702,2018,283660,      0.00,      0.00,      0.00,      0.00,0,1,0,0,1,1
H4,702,2018,283691,      0.00,      0.00,      0.00,      0.00,0,1,0,0,1,1
H4,702,2018,283692,      0.00,      0.00,      0.00,      0.00,0,1,0,0,1,1
H4,702,2018,283699,      0.00,      0.00,      0.00,      0.00,0,3,0,0,3,3
H4,702,2018,283711,      0.00,      0.00,      0.00,      0.00,0,1,0,0,1,1
H4,702,2018,283719,      0.00,      0.00,      0.00,      0.00,0,1,0,0,1,1
H4,702,2018,283720,      0.00,      0.00,      0.00,      0.00,0,1,0,0,1,1
H4,702,2018,283911,      0.00,      0.00,      0.00,      0.00,0,1,0,0,1,1
H4,702,2018,283919,      0.00,      0.00,      0.00,      0.00,0,2,0,0,2,2
H4,702,2018,283990,      0.00,      0.00,      0.00,      0.00,0,1,0,0,1,1
H4,702,2018,284011,      0.00,      0.00,      0.00,      0.00,0,1,0,0,1,1
H4,702,2018,284019,      0.00,      0.00,      0.00,      0.00,0,1,0,0,1,1
H4,702,2018,284020,      0.00,      0.00,      0.00,      0.00,0,1,0,0,1,1
H4,702,2018,284030,      0.00,      0.00,      0.00,      0.00,0,1,0,0,1,1
H4,702,2018,284130,      0.00,      0.00,      0.00,      0.00,0,1,0,0,1,1
H4,702,2018,284150,      0.00,      0.00,      0.00,      0.00,0,1,0,0,1,1
H4,702,2018,284161,      0.00,      0.00,      0.00,      0.00,0,1,0,0,1,1
H4,702,2018,284169,      0.00,      0.00,      0.00,      0.00,0,1,0,0,1,1
H4,702,2018,284170,      0.00,      0.00,      0.00,      0.00,0,1,0,0,1,1
H4,702,2018,284180,      0.00,      0.00,      0.00,      0.00,0,1,0,0,1,1
H4,702,2018,284190,      0.00,      0.00,      0.00,      0.00,0,1,0,0,1,1
H4,702,2018,284210,      0.00,      0.00,      0.00,      0.00,0,1,0,0,1,1
H4,702,2018,284290,      0.00,      0.00,      0.00,      0.00,0,4,0,0,4,4
H4,702,2018,284310,      0.00,      0.00,      0.00,      0.00,0,1,0,0,1,1
H4,702,2018,284321,      0.00,      0.00,      0.00,      0.00,0,1,0,0,1,1
H4,702,2018,284329,      0.00,      0.00,      0.00,      0.00,0,1,0,0,1,1
H4,702,2018,284330,      0.00,      0.00,      0.00,      0.00,0,1,0,0,1,1
H4,702,2018,284390,      0.00,      0.00,      0.00,      0.00,0,1,0,0,1,1
H4,702,2018,284410,      0.00,      0.00,      0.00,      0.00,0,2,0,0,2,2
H4,702,2018,284420,      0.00,      0.00,      0.00,      0.00,0,2,0,0,2,2
H4,702,2018,284430,      0.00,      0.00,      0.00,      0.00,0,2,0,0,2,2
H4,702,2018,284440,      0.00,      0.00,      0.00,      0.00,0,3,0,0,3,3
H4,702,2018,284450,      0.00,      0.00,      0.00,      0.00,0,1,0,0,1,1
H4,702,2018,284510,      0.00,      0.00,      0.00,      0.00,0,1,0,0,1,1
H4,702,2018,284590,      0.00,      0.00,      0.00,      0.00,0,1,0,0,1,1
H4,702,2018,284610,      0.00,      0.00,      0.00,      0.00,0,1,0,0,1,1
H4,702,2018,284690,      0.00,      0.00,      0.00,      0.00,0,1,0,0,1,1
H4,702,2018,284700,      0.00,      0.00,      0.00,      0.00,0,2,0,0,2,2
H4,702,2018,284800,      0.00,      0.00,      0.00,      0.00,0,1,0,0,1,1
H4,702,2018,284910,      0.00,      0.00,      0.00,      0.00,0,1,0,0,1,1
H4,702,2018,284920,      0.00,      0.00,      0.00,      0.00,0,1,0,0,1,1
H4,702,2018,284990,      0.00,      0.00,      0.00,      0.00,0,1,0,0,1,1
H4,702,2018,285000,      0.00,      0.00,      0.00,      0.00,0,1,0,0,1,1
H4,702,2018,285210,      0.00,      0.00,      0.00,      0.00,0,3,0,0,3,3
H4,702,2018,285290,      0.00,      0.00,      0.00,      0.00,0,2,0,0,2,2
H4,702,2018,285300,      0.00,      0.00,      0.00,      0.00,0,1,0,0,1,1
H4,702,2018,290110,      0.00,      0.00,      0.00,      0.00,0,1,0,0,1,1
H4,702,2018,290121,      0.00,      0.00,      0.00,      0.00,0,1,0,0,1,1
H4,702,2018,290122,      0.00,      0.00,      0.00,      0.00,0,1,0,0,1,1
H4,702,2018,290123,      0.00,      0.00,      0.00,      0.00,0,1,0,0,1,1
H4,702,2018,290124,      0.00,      0.00,      0.00,      0.00,0,1,0,0,1,1
H4,702,2018,290129,      0.00,      0.00,      0.00,      0.00,0,2,0,0,2,2
H4,702,2018,290211,      0.00,      0.00,      0.00,      0.00,0,1,0,0,1,1
H4,702,2018,290219,      0.00,      0.00,      0.00,      0.00,0,1,0,0,1,1
H4,702,2018,290220,      0.00,      0.00,      0.00,      0.00,0,1,0,0,1,1
H4,702,2018,290230,      0.00,      0.00,      0.00,      0.00,0,1,0,0,1,1
H4,702,2018,290241,      0.00,      0.00,      0.00,      0.00,0,1,0,0,1,1
H4,702,2018,290242,      0.00,      0.00,      0.00,      0.00,0,1,0,0,1,1
H4,702,2018,290243,      0.00,      0.00,      0.00,      0.00,0,1,0,0,1,1
H4,702,2018,290244,      0.00,      0.00,      0.00,      0.00,0,1,0,0,1,1
H4,702,2018,290250,      0.00,      0.00,      0.00,      0.00,0,1,0,0,1,1
H4,702,2018,290260,      0.00,      0.00,      0.00,      0.00,0,1,0,0,1,1
H4,702,2018,290270,      0.00,      0.00,      0.00,      0.00,0,1,0,0,1,1
H4,702,2018,290290,      0.00,      0.00,      0.00,      0.00,0,3,0,0,3,3
H4,702,2018,290311,      0.00,      0.00,      0.00,      0.00,0,2,0,0,2,2
H4,702,2018,290312,      0.00,      0.00,      0.00,      0.00,0,1,0,0,1,1
H4,702,2018,290313,      0.00,      0.00,      0.00,      0.00,0,1,0,0,1,1
H4,702,2018,290314,      0.00,      0.00,      0.00,      0.00,0,1,0,0,1,1
H4,702,2018,290315,      0.00,      0.00,      0.00,      0.00,0,1,0,0,1,1
H4,702,2018,290319,      0.00,      0.00,      0.00,      0.00,0,3,0,0,3,3
H4,702,2018,290321,      0.00,      0.00,      0.00,      0.00,0,1,0,0,1,1
H4,702,2018,290322,      0.00,      0.00,      0.00,      0.00,0,1,0,0,1,1
H4,702,2018,290323,      0.00,      0.00,      0.00,      0.00,0,1,0,0,1,1
H4,702,2018,290329,      0.00,      0.00,      0.00,      0.00,0,1,0,0,1,1
H4,702,2018,290331,      0.00,      0.00,      0.00,      0.00,0,1,0,0,1,1
H4,702,2018,290339,      0.00,      0.00,      0.00,      0.00,0,2,0,0,2,2
H4,702,2018,290371,      0.00,      0.00,      0.00,      0.00,0,1,0,0,1,1
H4,702,2018,290372,      0.00,      0.00,      0.00,      0.00,0,1,0,0,1,1
H4,702,2018,290373,      0.00,      0.00,      0.00,      0.00,0,1,0,0,1,1
H4,702,2018,290374,      0.00,      0.00,      0.00,      0.00,0,1,0,0,1,1
H4,702,2018,290375,      0.00,      0.00,      0.00,      0.00,0,1,0,0,1,1
H4,702,2018,290376,      0.00,      0.00,      0.00,      0.00,0,1,0,0,1,1
H4,702,2018,290377,      0.00,      0.00,      0.00,      0.00,0,1,0,0,1,1
H4,702,2018,290378,      0.00,      0.00,      0.00,      0.00,0,1,0,0,1,1
H4,702,2018,290379,      0.00,      0.00,      0.00,      0.00,0,1,0,0,1,1
H4,702,2018,290381,      0.00,      0.00,      0.00,      0.00,0,1,0,0,1,1
H4,702,2018,290382,      0.00,      0.00,      0.00,      0.00,0,1,0,0,1,1
H4,702,2018,290389,      0.00,      0.00,      0.00,      0.00,0,1,0,0,1,1
H4,702,2018,290391,      0.00,      0.00,      0.00,      0.00,0,1,0,0,1,1
H4,702,2018,290392,      0.00,      0.00,      0.00,      0.00,0,1,0,0,1,1
H4,702,2018,290399,      0.00,      0.00,      0.00,      0.00,0,1,0,0,1,1
H4,702,2018,290410,      0.00,      0.00,      0.00,      0.00,0,1,0,0,1,1
H4,702,2018,290420,      0.00,      0.00,      0.00,      0.00,0,2,0,0,2,2
H4,702,2018,290490,      0.00,      0.00,      0.00,      0.00,0,1,0,0,1,1
H4,702,2018,290511,      0.00,      0.00,      0.00,      0.00,0,1,0,0,1,1
H4,702,2018,290512,      0.00,      0.00,      0.00,      0.00,0,1,0,0,1,1
H4,702,2018,290513,      0.00,      0.00,      0.00,      0.00,0,1,0,0,1,1
H4,702,2018,290514,      0.00,      0.00,      0.00,      0.00,0,1,0,0,1,1
H4,702,2018,290516,      0.00,      0.00,      0.00,      0.00,0,1,0,0,1,1
H4,702,2018,290517,      0.00,      0.00,      0.00,      0.00,0,1,0,0,1,1
H4,702,2018,290519,      0.00,      0.00,      0.00,      0.00,0,1,0,0,1,1
H4,702,2018,290522,      0.00,      0.00,      0.00,      0.00,0,1,0,0,1,1
H4,702,2018,290529,      0.00,      0.00,      0.00,      0.00,0,1,0,0,1,1
H4,702,2018,290531,      0.00,      0.00,      0.00,      0.00,0,1,0,0,1,1
H4,702,2018,290532,      0.00,      0.00,      0.00,      0.00,0,1,0,0,1,1
H4,702,2018,290539,      0.00,      0.00,      0.00,      0.00,0,1,0,0,1,1
H4,702,2018,290541,      0.00,      0.00,      0.00,      0.00,0,1,0,0,1,1
H4,702,2018,290542,      0.00,      0.00,      0.00,      0.00,0,1,0,0,1,1
H4,702,2018,290543,      0.00,      0.00,      0.00,      0.00,0,1,0,0,1,1
H4,702,2018,290544,      0.00,      0.00,      0.00,      0.00,0,1,0,0,1,1
H4,702,2018,290545,      0.00,      0.00,      0.00,      0.00,0,1,0,0,1,1
H4,702,2018,290549,      0.00,      0.00,      0.00,      0.00,0,1,0,0,1,1
H4,702,2018,290551,      0.00,      0.00,      0.00,      0.00,0,1,0,0,1,1
H4,702,2018,290559,      0.00,      0.00,      0.00,      0.00,0,1,0,0,1,1
H4,702,2018,290611,      0.00,      0.00,      0.00,      0.00,0,1,0,0,1,1
H4,702,2018,290612,      0.00,      0.00,      0.00,      0.00,0,1,0,0,1,1
H4,702,2018,290613,      0.00,      0.00,      0.00,      0.00,0,1,0,0,1,1
H4,702,2018,290619,      0.00,      0.00,      0.00,      0.00,0,1,0,0,1,1
H4,702,2018,290621,      0.00,      0.00,      0.00,      0.00,0,1,0,0,1,1
H4,702,2018,290629,      0.00,      0.00,      0.00,      0.00,0,1,0,0,1,1
H4,702,2018,290711,      0.00,      0.00,      0.00,      0.00,0,1,0,0,1,1
H4,702,2018,290712,      0.00,      0.00,      0.00,      0.00,0,1,0,0,1,1
H4,702,2018,290713,      0.00,      0.00,      0.00,      0.00,0,1,0,0,1,1
H4,702,2018,290715,      0.00,      0.00,      0.00,      0.00,0,1,0,0,1,1
H4,702,2018,290719,      0.00,      0.00,      0.00,      0.00,0,1,0,0,1,1
H4,702,2018,290721,      0.00,      0.00,      0.00,      0.00,0,1,0,0,1,1
H4,702,2018,290722,      0.00,      0.00,      0.00,      0.00,0,1,0,0,1,1
H4,702,2018,290723,      0.00,      0.00,      0.00,      0.00,0,1,0,0,1,1
H4,702,2018,290729,      0.00,      0.00,      0.00,      0.00,0,2,0,0,2,2
H4,702,2018,290811,      0.00,      0.00,      0.00,      0.00,0,1,0,0,1,1
H4,702,2018,290819,      0.00,      0.00,      0.00,      0.00,0,1,0,0,1,1
H4,702,2018,290891,      0.00,      0.00,      0.00,      0.00,0,1,0,0,1,1
H4,702,2018,290892,      0.00,      0.00,      0.00,      0.00,0,1,0,0,1,1
H4,702,2018,290899,      0.00,      0.00,      0.00,      0.00,0,1,0,0,1,1
H4,702,2018,290911,      0.00,      0.00,      0.00,      0.00,0,1,0,0,1,1
H4,702,2018,290919,      0.00,      0.00,      0.00,      0.00,0,1,0,0,1,1
H4,702,2018,290920,      0.00,      0.00,      0.00,      0.00,0,1,0,0,1,1
H4,702,2018,290930,      0.00,      0.00,      0.00,      0.00,0,1,0,0,1,1
H4,702,2018,290941,      0.00,      0.00,      0.00,      0.00,0,1,0,0,1,1
H4,702,2018,290943,      0.00,      0.00,      0.00,      0.00,0,1,0,0,1,1
H4,702,2018,290944,      0.00,      0.00,      0.00,      0.00,0,1,0,0,1,1
H4,702,2018,290949,      0.00,      0.00,      0.00,      0.00,0,1,0,0,1,1
H4,702,2018,290950,      0.00,      0.00,      0.00,      0.00,0,1,0,0,1,1
H4,702,2018,290960,      0.00,      0.00,      0.00,      0.00,0,1,0,0,1,1
H4,702,2018,291010,      0.00,      0.00,      0.00,      0.00,0,1,0,0,1,1
H4,702,2018,291020,      0.00,      0.00,      0.00,      0.00,0,1,0,0,1,1
H4,702,2018,291030,      0.00,      0.00,      0.00,      0.00,0,1,0,0,1,1
H4,702,2018,291040,      0.00,      0.00,      0.00,      0.00,0,1,0,0,1,1
H4,702,2018,291090,      0.00,      0.00,      0.00,      0.00,0,1,0,0,1,1
H4,702,2018,291100,      0.00,      0.00,      0.00,      0.00,0,1,0,0,1,1
H4,702,2018,291211,      0.00,      0.00,      0.00,      0.00,0,2,0,0,2,2
H4,702,2018,291212,      0.00,      0.00,      0.00,      0.00,0,1,0,0,1,1
H4,702,2018,291219,      0.00,      0.00,      0.00,      0.00,0,2,0,0,2,2
H4,702,2018,291221,      0.00,      0.00,      0.00,      0.00,0,1,0,0,1,1
H4,702,2018,291229,      0.00,      0.00,      0.00,      0.00,0,1,0,0,1,1
H4,702,2018,291241,      0.00,      0.00,      0.00,      0.00,0,1,0,0,1,1
H4,702,2018,291242,      0.00,      0.00,      0.00,      0.00,0,1,0,0,1,1
H4,702,2018,291249,      0.00,      0.00,      0.00,      0.00,0,1,0,0,1,1
H4,702,2018,291250,      0.00,      0.00,      0.00,      0.00,0,1,0,0,1,1
H4,702,2018,291260,      0.00,      0.00,      0.00,      0.00,0,1,0,0,1,1
H4,702,2018,291300,      0.00,      0.00,      0.00,      0.00,0,1,0,0,1,1
H4,702,2018,291411,      0.00,      0.00,      0.00,      0.00,0,1,0,0,1,1
H4,702,2018,291412,      0.00,      0.00,      0.00,      0.00,0,1,0,0,1,1
H4,702,2018,291413,      0.00,      0.00,      0.00,      0.00,0,1,0,0,1,1
H4,702,2018,291419,      0.00,      0.00,      0.00,      0.00,0,1,0,0,1,1
H4,702,2018,291422,      0.00,      0.00,      0.00,      0.00,0,1,0,0,1,1
H4,702,2018,291423,      0.00,      0.00,      0.00,      0.00,0,1,0,0,1,1
H4,702,2018,291429,      0.00,      0.00,      0.00,      0.00,0,2,0,0,2,2
H4,702,2018,291431,      0.00,      0.00,      0.00,      0.00,0,1,0,0,1,1
H4,702,2018,291439,      0.00,      0.00,      0.00,      0.00,0,1,0,0,1,1
H4,702,2018,291440,      0.00,      0.00,      0.00,      0.00,0,1,0,0,1,1
H4,702,2018,291450,      0.00,      0.00,      0.00,      0.00,0,1,0,0,1,1
H4,702,2018,291461,      0.00,      0.00,      0.00,      0.00,0,1,0,0,1,1
H4,702,2018,291469,      0.00,      0.00,      0.00,      0.00,0,1,0,0,1,1
H4,702,2018,291470,      0.00,      0.00,      0.00,      0.00,0,1,0,0,1,1
H4,702,2018,291511,      0.00,      0.00,      0.00,      0.00,0,1,0,0,1,1
H4,702,2018,291512,      0.00,      0.00,      0.00,      0.00,0,1,0,0,1,1
H4,702,2018,291513,      0.00,      0.00,      0.00,      0.00,0,1,0,0,1,1
H4,702,2018,291521,      0.00,      0.00,      0.00,      0.00,0,1,0,0,1,1
H4,702,2018,291524,      0.00,      0.00,      0.00,      0.00,0,1,0,0,1,1
H4,702,2018,291529,      0.00,      0.00,      0.00,      0.00,0,2,0,0,2,2
H4,702,2018,291531,      0.00,      0.00,      0.00,      0.00,0,1,0,0,1,1
H4,702,2018,291532,      0.00,      0.00,      0.00,      0.00,0,1,0,0,1,1
H4,702,2018,291533,      0.00,      0.00,      0.00,      0.00,0,1,0,0,1,1
H4,702,2018,291536,      0.00,      0.00,      0.00,      0.00,0,1,0,0,1,1
H4,702,2018,291539,      0.00,      0.00,      0.00,      0.00,0,3,0,0,3,3
H4,702,2018,291540,      0.00,      0.00,      0.00,      0.00,0,1,0,0,1,1
H4,702,2018,291550,      0.00,      0.00,      0.00,      0.00,0,1,0,0,1,1
H4,702,2018,291560,      0.00,      0.00,      0.00,      0.00,0,1,0,0,1,1
H4,702,2018,291570,      0.00,      0.00,      0.00,      0.00,0,3,0,0,3,3
H4,702,2018,291590,      0.00,      0.00,      0.00,      0.00,0,3,0,0,3,3
H4,702,2018,291611,      0.00,      0.00,      0.00,      0.00,0,1,0,0,1,1
H4,702,2018,291612,      0.00,      0.00,      0.00,      0.00,0,1,0,0,1,1
H4,702,2018,291613,      0.00,      0.00,      0.00,      0.00,0,1,0,0,1,1
H4,702,2018,291614,      0.00,      0.00,      0.00,      0.00,0,2,0,0,2,2
H4,702,2018,291615,      0.00,      0.00,      0.00,      0.00,0,1,0,0,1,1
H4,702,2018,291616,      0.00,      0.00,      0.00,      0.00,0,1,0,0,1,1
H4,702,2018,291619,      0.00,      0.00,      0.00,      0.00,0,1,0,0,1,1
H4,702,2018,291620,      0.00,      0.00,      0.00,      0.00,0,1,0,0,1,1
H4,702,2018,291631,      0.00,      0.00,      0.00,      0.00,0,1,0,0,1,1
H4,702,2018,291632,      0.00,      0.00,      0.00,      0.00,0,1,0,0,1,1
H4,702,2018,291634,      0.00,      0.00,      0.00,      0.00,0,1,0,0,1,1
H4,702,2018,291639,      0.00,      0.00,      0.00,      0.00,0,3,0,0,3,3
H4,702,2018,291711,      0.00,      0.00,      0.00,      0.00,0,1,0,0,1,1
H4,702,2018,291712,      0.00,      0.00,      0.00,      0.00,0,2,0,0,2,2
H4,702,2018,291713,      0.00,      0.00,      0.00,      0.00,0,1,0,0,1,1
H4,702,2018,291714,      0.00,      0.00,      0.00,      0.00,0,1,0,0,1,1
H4,702,2018,291719,      0.00,      0.00,      0.00,      0.00,0,1,0,0,1,1
H4,702,2018,291720,      0.00,      0.00,      0.00,      0.00,0,1,0,0,1,1
H4,702,2018,291732,      0.00,      0.00,      0.00,      0.00,0,1,0,0,1,1
H4,702,2018,291733,      0.00,      0.00,      0.00,      0.00,0,1,0,0,1,1
H4,702,2018,291734,      0.00,      0.00,      0.00,      0.00,0,2,0,0,2,2
H4,702,2018,291735,      0.00,      0.00,      0.00,      0.00,0,1,0,0,1,1
H4,702,2018,291736,      0.00,      0.00,      0.00,      0.00,0,1,0,0,1,1
H4,702,2018,291737,      0.00,      0.00,      0.00,      0.00,0,1,0,0,1,1
H4,702,2018,291739,      0.00,      0.00,      0.00,      0.00,0,3,0,0,3,3
H4,702,2018,291811,      0.00,      0.00,      0.00,      0.00,0,1,0,0,1,1
H4,702,2018,291812,      0.00,      0.00,      0.00,      0.00,0,1,0,0,1,1
H4,702,2018,291813,      0.00,      0.00,      0.00,      0.00,0,1,0,0,1,1
H4,702,2018,291814,      0.00,      0.00,      0.00,      0.00,0,1,0,0,1,1
H4,702,2018,291815,      0.00,      0.00,      0.00,      0.00,0,2,0,0,2,2
H4,702,2018,291816,      0.00,      0.00,      0.00,      0.00,0,1,0,0,1,1
H4,702,2018,291818,      0.00,      0.00,      0.00,      0.00,0,1,0,0,1,1
H4,702,2018,291819,      0.00,      0.00,      0.00,      0.00,0,1,0,0,1,1
H4,702,2018,291821,      0.00,      0.00,      0.00,      0.00,0,1,0,0,1,1
H4,702,2018,291822,      0.00,      0.00,      0.00,      0.00,0,1,0,0,1,1
H4,702,2018,291823,      0.00,      0.00,      0.00,      0.00,0,1,0,0,1,1
H4,702,2018,291829,      0.00,      0.00,      0.00,      0.00,0,2,0,0,2,2
H4,702,2018,291830,      0.00,      0.00,      0.00,      0.00,0,1,0,0,1,1
H4,702,2018,291891,      0.00,      0.00,      0.00,      0.00,0,1,0,0,1,1
H4,702,2018,291899,      0.00,      0.00,      0.00,      0.00,0,1,0,0,1,1
H4,702,2018,291910,      0.00,      0.00,      0.00,      0.00,0,1,0,0,1,1
H4,702,2018,291990,      0.00,      0.00,      0.00,      0.00,0,1,0,0,1,1
H4,702,2018,292011,      0.00,      0.00,      0.00,      0.00,0,1,0,0,1,1
H4,702,2018,292019,      0.00,      0.00,      0.00,      0.00,0,1,0,0,1,1
H4,702,2018,292090,      0.00,      0.00,      0.00,      0.00,0,2,0,0,2,2
H4,702,2018,292111,      0.00,      0.00,      0.00,      0.00,0,1,0,0,1,1
H4,702,2018,292119,      0.00,      0.00,      0.00,      0.00,0,1,0,0,1,1
H4,702,2018,292121,      0.00,      0.00,      0.00,      0.00,0,1,0,0,1,1
H4,702,2018,292122,      0.00,      0.00,      0.00,      0.00,0,1,0,0,1,1
H4,702,2018,292129,      0.00,      0.00,      0.00,      0.00,0,1,0,0,1,1
H4,702,2018,292130,      0.00,      0.00,      0.00,      0.00,0,1,0,0,1,1
H4,702,2018,292141,      0.00,      0.00,      0.00,      0.00,0,1,0,0,1,1
H4,702,2018,292142,      0.00,      0.00,      0.00,      0.00,0,1,0,0,1,1
H4,702,2018,292143,      0.00,      0.00,      0.00,      0.00,0,1,0,0,1,1
H4,702,2018,292144,      0.00,      0.00,      0.00,      0.00,0,1,0,0,1,1
H4,702,2018,292145,      0.00,      0.00,      0.00,      0.00,0,1,0,0,1,1
H4,702,2018,292146,      0.00,      0.00,      0.00,      0.00,0,1,0,0,1,1
H4,702,2018,292149,      0.00,      0.00,      0.00,      0.00,0,1,0,0,1,1
H4,702,2018,292151,      0.00,      0.00,      0.00,      0.00,0,1,0,0,1,1
H4,702,2018,292159,      0.00,      0.00,      0.00,      0.00,0,1,0,0,1,1
H4,702,2018,292211,      0.00,      0.00,      0.00,      0.00,0,1,0,0,1,1
H4,702,2018,292212,      0.00,      0.00,      0.00,      0.00,0,1,0,0,1,1
H4,702,2018,292213,      0.00,      0.00,      0.00,      0.00,0,1,0,0,1,1
H4,702,2018,292214,      0.00,      0.00,      0.00,      0.00,0,1,0,0,1,1
H4,702,2018,292219,      0.00,      0.00,      0.00,      0.00,0,3,0,0,3,3
H4,702,2018,292221,      0.00,      0.00,      0.00,      0.00,0,1,0,0,1,1
H4,702,2018,292229,      0.00,      0.00,      0.00,      0.00,0,1,0,0,1,1
H4,702,2018,292231,      0.00,      0.00,      0.00,      0.00,0,1,0,0,1,1
H4,702,2018,292239,      0.00,      0.00,      0.00,      0.00,0,1,0,0,1,1
H4,702,2018,292241,      0.00,      0.00,      0.00,      0.00,0,1,0,0,1,1
H4,702,2018,292242,      0.00,      0.00,      0.00,      0.00,0,3,0,0,3,3
H4,702,2018,292243,      0.00,      0.00,      0.00,      0.00,0,1,0,0,1,1
H4,702,2018,292244,      0.00,      0.00,      0.00,      0.00,0,1,0,0,1,1
H4,702,2018,292249,      0.00,      0.00,      0.00,      0.00,0,2,0,0,2,2
H4,702,2018,292250,      0.00,      0.00,      0.00,      0.00,0,2,0,0,2,2
H4,702,2018,292310,      0.00,      0.00,      0.00,      0.00,0,1,0,0,1,1
H4,702,2018,292320,      0.00,      0.00,      0.00,      0.00,0,2,0,0,2,2
H4,702,2018,292390,      0.00,      0.00,      0.00,      0.00,0,1,0,0,1,1
H4,702,2018,292411,      0.00,      0.00,      0.00,      0.00,0,1,0,0,1,1
H4,702,2018,292412,      0.00,      0.00,      0.00,      0.00,0,1,0,0,1,1
H4,702,2018,292419,      0.00,      0.00,      0.00,      0.00,0,1,0,0,1,1
H4,702,2018,292421,      0.00,      0.00,      0.00,      0.00,0,3,0,0,3,3
H4,702,2018,292423,      0.00,      0.00,      0.00,      0.00,0,1,0,0,1,1
H4,702,2018,292424,      0.00,      0.00,      0.00,      0.00,0,1,0,0,1,1
H4,702,2018,292429,      0.00,      0.00,      0.00,      0.00,0,3,0,0,3,3
H4,702,2018,292511,      0.00,      0.00,      0.00,      0.00,0,1,0,0,1,1
H4,702,2018,292512,      0.00,      0.00,      0.00,      0.00,0,1,0,0,1,1
H4,702,2018,292519,      0.00,      0.00,      0.00,      0.00,0,1,0,0,1,1
H4,702,2018,292521,      0.00,      0.00,      0.00,      0.00,0,1,0,0,1,1
H4,702,2018,292529,      0.00,      0.00,      0.00,      0.00,0,1,0,0,1,1
H4,702,2018,292610,      0.00,      0.00,      0.00,      0.00,0,1,0,0,1,1
H4,702,2018,292620,      0.00,      0.00,      0.00,      0.00,0,1,0,0,1,1
H4,702,2018,292630,      0.00,      0.00,      0.00,      0.00,0,1,0,0,1,1
H4,702,2018,292690,      0.00,      0.00,      0.00,      0.00,0,1,0,0,1,1
H4,702,2018,292700,      0.00,      0.00,      0.00,      0.00,0,2,0,0,2,2
H4,702,2018,292800,      0.00,      0.00,      0.00,      0.00,0,2,0,0,2,2
H4,702,2018,292910,      0.00,      0.00,      0.00,      0.00,0,3,0,0,3,3
H4,702,2018,292990,      0.00,      0.00,      0.00,      0.00,0,3,0,0,3,3
H4,702,2018,293020,      0.00,      0.00,      0.00,      0.00,0,1,0,0,1,1
H4,702,2018,293030,      0.00,      0.00,      0.00,      0.00,0,1,0,0,1,1
H4,702,2018,293040,      0.00,      0.00,      0.00,      0.00,0,1,0,0,1,1
H4,702,2018,293050,      0.00,      0.00,      0.00,      0.00,0,1,0,0,1,1
H4,702,2018,293090,      0.00,      0.00,      0.00,      0.00,0,2,0,0,2,2
H4,702,2018,293110,      0.00,      0.00,      0.00,      0.00,0,2,0,0,2,2
H4,702,2018,293120,      0.00,      0.00,      0.00,      0.00,0,1,0,0,1,1
H4,702,2018,293190,      0.00,      0.00,      0.00,      0.00,0,5,0,0,5,5
H4,702,2018,293211,      0.00,      0.00,      0.00,      0.00,0,1,0,0,1,1
H4,702,2018,293212,      0.00,      0.00,      0.00,      0.00,0,1,0,0,1,1
H4,702,2018,293213,      0.00,      0.00,      0.00,      0.00,0,1,0,0,1,1
H4,702,2018,293219,      0.00,      0.00,      0.00,      0.00,0,1,0,0,1,1
H4,702,2018,293220,      0.00,      0.00,      0.00,      0.00,0,1,0,0,1,1
H4,702,2018,293291,      0.00,      0.00,      0.00,      0.00,0,1,0,0,1,1
H4,702,2018,293292,      0.00,      0.00,      0.00,      0.00,0,1,0,0,1,1
H4,702,2018,293293,      0.00,      0.00,      0.00,      0.00,0,1,0,0,1,1
H4,702,2018,293294,      0.00,      0.00,      0.00,      0.00,0,1,0,0,1,1
H4,702,2018,293295,      0.00,      0.00,      0.00,      0.00,0,1,0,0,1,1
H4,702,2018,293299,      0.00,      0.00,      0.00,      0.00,0,2,0,0,2,2
H4,702,2018,293311,      0.00,      0.00,      0.00,      0.00,0,2,0,0,2,2
H4,702,2018,293319,      0.00,      0.00,      0.00,      0.00,0,1,0,0,1,1
H4,702,2018,293321,      0.00,      0.00,      0.00,      0.00,0,1,0,0,1,1
H4,702,2018,293329,      0.00,      0.00,      0.00,      0.00,0,2,0,0,2,2
H4,702,2018,293331,      0.00,      0.00,      0.00,      0.00,0,1,0,0,1,1
H4,702,2018,293332,      0.00,      0.00,      0.00,      0.00,0,1,0,0,1,1
H4,702,2018,293333,      0.00,      0.00,      0.00,      0.00,0,1,0,0,1,1
H4,702,2018,293339,      0.00,      0.00,      0.00,      0.00,0,3,0,0,3,3
H4,702,2018,293341,      0.00,      0.00,      0.00,      0.00,0,1,0,0,1,1
H4,702,2018,293349,      0.00,      0.00,      0.00,      0.00,0,1,0,0,1,1
H4,702,2018,293352,      0.00,      0.00,      0.00,      0.00,0,1,0,0,1,1
H4,702,2018,293353,      0.00,      0.00,      0.00,      0.00,0,1,0,0,1,1
H4,702,2018,293354,      0.00,      0.00,      0.00,      0.00,0,1,0,0,1,1
H4,702,2018,293355,      0.00,      0.00,      0.00,      0.00,0,1,0,0,1,1
H4,702,2018,293359,      0.00,      0.00,      0.00,      0.00,0,2,0,0,2,2
H4,702,2018,293361,      0.00,      0.00,      0.00,      0.00,0,1,0,0,1,1
H4,702,2018,293369,      0.00,      0.00,      0.00,      0.00,0,1,0,0,1,1
H4,702,2018,293371,      0.00,      0.00,      0.00,      0.00,0,1,0,0,1,1
H4,702,2018,293372,      0.00,      0.00,      0.00,      0.00,0,1,0,0,1,1
H4,702,2018,293379,      0.00,      0.00,      0.00,      0.00,0,1,0,0,1,1
H4,702,2018,293391,      0.00,      0.00,      0.00,      0.00,0,1,0,0,1,1
H4,702,2018,293399,      0.00,      0.00,      0.00,      0.00,0,2,0,0,2,2
H4,702,2018,293410,      0.00,      0.00,      0.00,      0.00,0,1,0,0,1,1
H4,702,2018,293420,      0.00,      0.00,      0.00,      0.00,0,1,0,0,1,1
H4,702,2018,293430,      0.00,      0.00,      0.00,      0.00,0,1,0,0,1,1
H4,702,2018,293491,      0.00,      0.00,      0.00,      0.00,0,1,0,0,1,1
H4,702,2018,293499,      0.00,      0.00,      0.00,      0.00,0,6,0,0,6,6
H4,702,2018,293500,      0.00,      0.00,      0.00,      0.00,0,1,0,0,1,1
H4,702,2018,293621,      0.00,      0.00,      0.00,      0.00,0,1,0,0,1,1
H4,702,2018,293622,      0.00,      0.00,      0.00,      0.00,0,1,0,0,1,1
H4,702,2018,293623,      0.00,      0.00,      0.00,      0.00,0,1,0,0,1,1
H4,702,2018,293624,      0.00,      0.00,      0.00,      0.00,0,1,0,0,1,1
H4,702,2018,293625,      0.00,      0.00,      0.00,      0.00,0,1,0,0,1,1
H4,702,2018,293626,      0.00,      0.00,      0.00,      0.00,0,1,0,0,1,1
H4,702,2018,293627,      0.00,      0.00,      0.00,      0.00,0,1,0,0,1,1
H4,702,2018,293628,      0.00,      0.00,      0.00,      0.00,0,1,0,0,1,1
H4,702,2018,293629,      0.00,      0.00,      0.00,      0.00,0,1,0,0,1,1
H4,702,2018,293690,      0.00,      0.00,      0.00,      0.00,0,1,0,0,1,1
H4,702,2018,293711,      0.00,      0.00,      0.00,      0.00,0,1,0,0,1,1
H4,702,2018,293712,      0.00,      0.00,      0.00,      0.00,0,1,0,0,1,1
H4,702,2018,293719,      0.00,      0.00,      0.00,      0.00,0,1,0,0,1,1
H4,702,2018,293721,      0.00,      0.00,      0.00,      0.00,0,1,0,0,1,1
H4,702,2018,293722,      0.00,      0.00,      0.00,      0.00,0,1,0,0,1,1
H4,702,2018,293723,      0.00,      0.00,      0.00,      0.00,0,1,0,0,1,1
H4,702,2018,293729,      0.00,      0.00,      0.00,      0.00,0,1,0,0,1,1
H4,702,2018,293750,      0.00,      0.00,      0.00,      0.00,0,1,0,0,1,1
H4,702,2018,293790,      0.00,      0.00,      0.00,      0.00,0,2,0,0,2,2
H4,702,2018,293810,      0.00,      0.00,      0.00,      0.00,0,1,0,0,1,1
H4,702,2018,293890,      0.00,      0.00,      0.00,      0.00,0,1,0,0,1,1
H4,702,2018,293911,      0.00,      0.00,      0.00,      0.00,0,2,0,0,2,2
H4,702,2018,293919,      0.00,      0.00,      0.00,      0.00,0,1,0,0,1,1
H4,702,2018,293920,      0.00,      0.00,      0.00,      0.00,0,2,0,0,2,2
H4,702,2018,293930,      0.00,      0.00,      0.00,      0.00,0,1,0,0,1,1
H4,702,2018,293941,      0.00,      0.00,      0.00,      0.00,0,1,0,0,1,1
H4,702,2018,293942,      0.00,      0.00,      0.00,      0.00,0,1,0,0,1,1
H4,702,2018,293943,      0.00,      0.00,      0.00,      0.00,0,1,0,0,1,1
H4,702,2018,293944,      0.00,      0.00,      0.00,      0.00,0,1,0,0,1,1
H4,702,2018,293949,      0.00,      0.00,      0.00,      0.00,0,1,0,0,1,1
H4,702,2018,293951,      0.00,      0.00,      0.00,      0.00,0,1,0,0,1,1
H4,702,2018,293959,      0.00,      0.00,      0.00,      0.00,0,1,0,0,1,1
H4,702,2018,293961,      0.00,      0.00,      0.00,      0.00,0,1,0,0,1,1
H4,702,2018,293962,      0.00,      0.00,      0.00,      0.00,0,1,0,0,1,1
H4,702,2018,293963,      0.00,      0.00,      0.00,      0.00,0,1,0,0,1,1
H4,702,2018,293969,      0.00,      0.00,      0.00,      0.00,0,1,0,0,1,1
H4,702,2018,293991,      0.00,      0.00,      0.00,      0.00,0,2,0,0,2,2
H4,702,2018,293999,      0.00,      0.00,      0.00,      0.00,0,2,0,0,2,2
H4,702,2018,294000,      0.00,      0.00,      0.00,      0.00,0,1,0,0,1,1
H4,702,2018,294110,      0.00,      0.00,      0.00,      0.00,0,4,0,0,4,4
H4,702,2018,294120,      0.00,      0.00,      0.00,      0.00,0,1,0,0,1,1
H4,702,2018,294130,      0.00,      0.00,      0.00,      0.00,0,1,0,0,1,1
H4,702,2018,294140,      0.00,      0.00,      0.00,      0.00,0,1,0,0,1,1
H4,702,2018,294150,      0.00,      0.00,      0.00,      0.00,0,1,0,0,1,1
H4,702,2018,294190,      0.00,      0.00,      0.00,      0.00,0,1,0,0,1,1
H4,702,2018,294200,      0.00,      0.00,      0.00,      0.00,0,1,0,0,1,1
H4,702,2018,300120,      0.00,      0.00,      0.00,      0.00,0,1,0,0,1,1
H4,702,2018,300190,      0.00,      0.00,      0.00,      0.00,0,1,0,0,1,1
H4,702,2018,300210,      0.00,      0.00,      0.00,      0.00,0,4,0,0,4,4
H4,702,2018,300220,      0.00,      0.00,      0.00,      0.00,0,3,0,0,3,3
H4,702,2018,300230,      0.00,      0.00,      0.00,      0.00,0,1,0,0,1,1
H4,702,2018,300290,      0.00,      0.00,      0.00,      0.00,0,1,0,0,1,1
H4,702,2018,300310,      0.00,      0.00,      0.00,      0.00,0,3,0,0,3,3
H4,702,2018,300320,      0.00,      0.00,      0.00,      0.00,0,1,0,0,1,1
H4,702,2018,300331,      0.00,      0.00,      0.00,      0.00,0,1,0,0,1,1
H4,702,2018,300339,      0.00,      0.00,      0.00,      0.00,0,1,0,0,1,1
H4,702,2018,300340,      0.00,      0.00,      0.00,      0.00,0,1,0,0,1,1
H4,702,2018,300390,      0.00,      0.00,      0.00,      0.00,0,1,0,0,1,1
H4,702,2018,300410,      0.00,      0.00,      0.00,      0.00,0,5,0,0,5,5
H4,702,2018,300420,      0.00,      0.00,      0.00,      0.00,0,8,0,0,8,8
H4,702,2018,300431,      0.00,      0.00,      0.00,      0.00,0,1,0,0,1,1
H4,702,2018,300432,      0.00,      0.00,      0.00,      0.00,0,3,0,0,3,3
H4,702,2018,300439,      0.00,      0.00,      0.00,      0.00,0,1,0,0,1,1
H4,702,2018,300440,      0.00,      0.00,      0.00,      0.00,0,8,0,0,8,8
H4,702,2018,300450,      0.00,      0.00,      0.00,      0.00,0,5,0,0,5,5
H4,702,2018,300490,      0.00,      0.00,      0.00,      0.00,0,29,0,0,29,29
H4,702,2018,300510,      0.00,      0.00,      0.00,      0.00,0,2,0,0,2,2
H4,702,2018,300590,      0.00,      0.00,      0.00,      0.00,0,3,0,0,3,3
H4,702,2018,300610,      0.00,      0.00,      0.00,      0.00,0,2,0,0,2,2
H4,702,2018,300620,      0.00,      0.00,      0.00,      0.00,0,1,0,0,1,1
H4,702,2018,300630,      0.00,      0.00,      0.00,      0.00,0,4,0,0,4,4
H4,702,2018,300640,      0.00,      0.00,      0.00,      0.00,0,2,0,0,2,2
H4,702,2018,300650,      0.00,      0.00,      0.00,      0.00,0,1,0,0,1,1
H4,702,2018,300660,      0.00,      0.00,      0.00,      0.00,0,1,0,0,1,1
H4,702,2018,300670,      0.00,      0.00,      0.00,      0.00,0,1,0,0,1,1
H4,702,2018,300691,      0.00,      0.00,      0.00,      0.00,0,1,0,0,1,1
H4,702,2018,300692,      0.00,      0.00,      0.00,      0.00,0,2,0,0,2,2
H4,702,2018,310100,      0.00,      0.00,      0.00,      0.00,0,6,0,0,6,6
H4,702,2018,310210,      0.00,      0.00,      0.00,      0.00,0,1,0,0,1,1
H4,702,2018,310221,      0.00,      0.00,      0.00,      0.00,0,1,0,0,1,1
H4,702,2018,310229,      0.00,      0.00,      0.00,      0.00,0,1,0,0,1,1
H4,702,2018,310230,      0.00,      0.00,      0.00,      0.00,0,1,0,0,1,1
H4,702,2018,310240,      0.00,      0.00,      0.00,      0.00,0,1,0,0,1,1
H4,702,2018,310250,      0.00,      0.00,      0.00,      0.00,0,1,0,0,1,1
H4,702,2018,310260,      0.00,      0.00,      0.00,      0.00,0,1,0,0,1,1
H4,702,2018,310280,      0.00,      0.00,      0.00,      0.00,0,1,0,0,1,1
H4,702,2018,310290,      0.00,      0.00,      0.00,      0.00,0,1,0,0,1,1
H4,702,2018,310310,      0.00,      0.00,      0.00,      0.00,0,2,0,0,2,2
H4,702,2018,310390,      0.00,      0.00,      0.00,      0.00,0,2,0,0,2,2
H4,702,2018,310420,      0.00,      0.00,      0.00,      0.00,0,1,0,0,1,1
H4,702,2018,310430,      0.00,      0.00,      0.00,      0.00,0,1,0,0,1,1
H4,702,2018,310490,      0.00,      0.00,      0.00,      0.00,0,1,0,0,1,1
H4,702,2018,310510,      0.00,      0.00,      0.00,      0.00,0,3,0,0,3,3
H4,702,2018,310520,      0.00,      0.00,      0.00,      0.00,0,1,0,0,1,1
H4,702,2018,310530,      0.00,      0.00,      0.00,      0.00,0,1,0,0,1,1
H4,702,2018,310540,      0.00,      0.00,      0.00,      0.00,0,1,0,0,1,1
H4,702,2018,310551,      0.00,      0.00,      0.00,      0.00,0,1,0,0,1,1
H4,702,2018,310559,      0.00,      0.00,      0.00,      0.00,0,1,0,0,1,1
H4,702,2018,310560,      0.00,      0.00,      0.00,      0.00,0,1,0,0,1,1
H4,702,2018,310590,      0.00,      0.00,      0.00,      0.00,0,1,0,0,1,1
H4,702,2018,320110,      0.00,      0.00,      0.00,      0.00,0,1,0,0,1,1
H4,702,2018,320120,      0.00,      0.00,      0.00,      0.00,0,1,0,0,1,1
H4,702,2018,320190,      0.00,      0.00,      0.00,      0.00,0,2,0,0,2,2
H4,702,2018,320210,      0.00,      0.00,      0.00,      0.00,0,1,0,0,1,1
H4,702,2018,320290,      0.00,      0.00,      0.00,      0.00,0,1,0,0,1,1
H4,702,2018,320300,      0.00,      0.00,      0.00,      0.00,0,2,0,0,2,2
H4,702,2018,320411,      0.00,      0.00,      0.00,      0.00,0,2,0,0,2,2
H4,702,2018,320412,      0.00,      0.00,      0.00,      0.00,0,2,0,0,2,2
H4,702,2018,320413,      0.00,      0.00,      0.00,      0.00,0,1,0,0,1,1
H4,702,2018,320414,      0.00,      0.00,      0.00,      0.00,0,1,0,0,1,1
H4,702,2018,320415,      0.00,      0.00,      0.00,      0.00,0,1,0,0,1,1
H4,702,2018,320416,      0.00,      0.00,      0.00,      0.00,0,1,0,0,1,1
H4,702,2018,320417,      0.00,      0.00,      0.00,      0.00,0,1,0,0,1,1
H4,702,2018,320419,      0.00,      0.00,      0.00,      0.00,0,1,0,0,1,1
H4,702,2018,320420,      0.00,      0.00,      0.00,      0.00,0,1,0,0,1,1
H4,702,2018,320490,      0.00,      0.00,      0.00,      0.00,0,1,0,0,1,1
H4,702,2018,320500,      0.00,      0.00,      0.00,      0.00,0,1,0,0,1,1
H4,702,2018,320611,      0.00,      0.00,      0.00,      0.00,0,2,0,0,2,2
H4,702,2018,320619,      0.00,      0.00,      0.00,      0.00,0,2,0,0,2,2
H4,702,2018,320620,      0.00,      0.00,      0.00,      0.00,0,2,0,0,2,2
H4,702,2018,320641,      0.00,      0.00,      0.00,      0.00,0,2,0,0,2,2
H4,702,2018,320642,      0.00,      0.00,      0.00,      0.00,0,2,0,0,2,2
H4,702,2018,320649,      0.00,      0.00,      0.00,      0.00,0,2,0,0,2,2
H4,702,2018,320650,      0.00,      0.00,      0.00,      0.00,0,2,0,0,2,2
H4,702,2018,320710,      0.00,      0.00,      0.00,      0.00,0,1,0,0,1,1
H4,702,2018,320720,      0.00,      0.00,      0.00,      0.00,0,2,0,0,2,2
H4,702,2018,320730,      0.00,      0.00,      0.00,      0.00,0,1,0,0,1,1
H4,702,2018,320740,      0.00,      0.00,      0.00,      0.00,0,1,0,0,1,1
H4,702,2018,320810,      0.00,      0.00,      0.00,      0.00,0,3,0,0,3,3
H4,702,2018,320820,      0.00,      0.00,      0.00,      0.00,0,3,0,0,3,3
H4,702,2018,320890,      0.00,      0.00,      0.00,      0.00,0,5,0,0,5,5
H4,702,2018,320910,      0.00,      0.00,      0.00,      0.00,0,4,0,0,4,4
H4,702,2018,320990,      0.00,      0.00,      0.00,      0.00,0,1,0,0,1,1
H4,702,2018,321000,      0.00,      0.00,      0.00,      0.00,0,6,0,0,6,6
H4,702,2018,321100,      0.00,      0.00,      0.00,      0.00,0,1,0,0,1,1
H4,702,2018,321210,      0.00,      0.00,      0.00,      0.00,0,1,0,0,1,1
H4,702,2018,321290,      0.00,      0.00,      0.00,      0.00,0,7,0,0,7,7
H4,702,2018,321310,      0.00,      0.00,      0.00,      0.00,0,1,0,0,1,1
H4,702,2018,321390,      0.00,      0.00,      0.00,      0.00,0,1,0,0,1,1
H4,702,2018,321410,      0.00,      0.00,      0.00,      0.00,0,1,0,0,1,1
H4,702,2018,321490,      0.00,      0.00,      0.00,      0.00,0,1,0,0,1,1
H4,702,2018,321511,      0.00,      0.00,      0.00,      0.00,0,2,0,0,2,2
H4,702,2018,321519,      0.00,      0.00,      0.00,      0.00,0,1,0,0,1,1
H4,702,2018,321590,      0.00,      0.00,      0.00,      0.00,0,4,0,0,4,4
H4,702,2018,330112,      0.00,      0.00,      0.00,      0.00,0,1,0,0,1,1
H4,702,2018,330113,      0.00,      0.00,      0.00,      0.00,0,1,0,0,1,1
H4,702,2018,330119,      0.00,      0.00,      0.00,      0.00,0,1,0,0,1,1
H4,702,2018,330124,      0.00,      0.00,      0.00,      0.00,0,1,0,0,1,1
H4,702,2018,330125,      0.00,      0.00,      0.00,      0.00,0,1,0,0,1,1
H4,702,2018,330129,      0.00,      0.00,      0.00,      0.00,0,1,0,0,1,1
H4,702,2018,330130,      0.00,      0.00,      0.00,      0.00,0,1,0,0,1,1
H4,702,2018,330190,      0.00,      0.00,      0.00,      0.00,0,2,0,0,2,2
H4,702,2018,330210,      0.00,      0.00,      0.00,      0.00,0,3,0,0,3,3
H4,702,2018,330290,      0.00,      0.00,      0.00,      0.00,0,1,0,0,1,1
H4,702,2018,330300,      0.00,      0.00,      0.00,      0.00,0,1,0,0,1,1
H4,702,2018,330410,      0.00,      0.00,      0.00,      0.00,0,1,0,0,1,1
H4,702,2018,330420,      0.00,      0.00,      0.00,      0.00,0,1,0,0,1,1
H4,702,2018,330430,      0.00,      0.00,      0.00,      0.00,0,1,0,0,1,1
H4,702,2018,330491,      0.00,      0.00,      0.00,      0.00,0,1,0,0,1,1
H4,702,2018,330499,      0.00,      0.00,      0.00,      0.00,0,3,0,0,3,3
H4,702,2018,330510,      0.00,      0.00,      0.00,      0.00,0,2,0,0,2,2
H4,702,2018,330520,      0.00,      0.00,      0.00,      0.00,0,1,0,0,1,1
H4,702,2018,330530,      0.00,      0.00,      0.00,      0.00,0,1,0,0,1,1
H4,702,2018,330590,      0.00,      0.00,      0.00,      0.00,0,1,0,0,1,1
H4,702,2018,330610,      0.00,      0.00,      0.00,      0.00,0,2,0,0,2,2
H4,702,2018,330620,      0.00,      0.00,      0.00,      0.00,0,1,0,0,1,1
H4,702,2018,330690,      0.00,      0.00,      0.00,      0.00,0,1,0,0,1,1
H4,702,2018,330710,      0.00,      0.00,      0.00,      0.00,0,1,0,0,1,1
H4,702,2018,330720,      0.00,      0.00,      0.00,      0.00,0,1,0,0,1,1
H4,702,2018,330730,      0.00,      0.00,      0.00,      0.00,0,1,0,0,1,1
H4,702,2018,330741,      0.00,      0.00,      0.00,      0.00,0,2,0,0,2,2
H4,702,2018,330749,      0.00,      0.00,      0.00,      0.00,0,2,0,0,2,2
H4,702,2018,330790,      0.00,      0.00,      0.00,      0.00,0,5,0,0,5,5
H4,702,2018,340111,      0.00,      0.00,      0.00,      0.00,0,4,0,0,4,4
H4,702,2018,340119,      0.00,      0.00,      0.00,      0.00,0,2,0,0,2,2
H4,702,2018,340120,      0.00,      0.00,      0.00,      0.00,0,3,0,0,3,3
H4,702,2018,340130,      0.00,      0.00,      0.00,      0.00,0,1,0,0,1,1
H4,702,2018,340211,      0.00,      0.00,      0.00,      0.00,0,4,0,0,4,4
H4,702,2018,340212,      0.00,      0.00,      0.00,      0.00,0,2,0,0,2,2
H4,702,2018,340213,      0.00,      0.00,      0.00,      0.00,0,2,0,0,2,2
H4,702,2018,340219,      0.00,      0.00,      0.00,      0.00,0,2,0,0,2,2
H4,702,2018,340220,      0.00,      0.00,      0.00,      0.00,0,8,0,0,8,8
H4,702,2018,340290,      0.00,      0.00,      0.00,      0.00,0,12,0,0,12,12
H4,702,2018,340311,      0.00,      0.00,      0.00,      0.00,0,3,0,0,3,3
H4,702,2018,340319,      0.00,      0.00,      0.00,      0.00,0,4,0,0,4,4
H4,702,2018,340391,      0.00,      0.00,      0.00,      0.00,0,3,0,0,3,3
H4,702,2018,340399,      0.00,      0.00,      0.00,      0.00,0,4,0,0,4,4
H4,702,2018,340420,      0.00,      0.00,      0.00,      0.00,0,1,0,0,1,1
H4,702,2018,340490,      0.00,      0.00,      0.00,      0.00,0,2,0,0,2,2
H4,702,2018,340510,      0.00,      0.00,      0.00,      0.00,0,1,0,0,1,1
H4,702,2018,340520,      0.00,      0.00,      0.00,      0.00,0,1,0,0,1,1
H4,702,2018,340530,      0.00,      0.00,      0.00,      0.00,0,1,0,0,1,1
H4,702,2018,340540,      0.00,      0.00,      0.00,      0.00,0,2,0,0,2,2
H4,702,2018,340590,      0.00,      0.00,      0.00,      0.00,0,2,0,0,2,2
H4,702,2018,340600,      0.00,      0.00,      0.00,      0.00,0,1,0,0,1,1
H4,702,2018,340700,      0.00,      0.00,      0.00,      0.00,0,3,0,0,3,3
H4,702,2018,350110,      0.00,      0.00,      0.00,      0.00,0,1,0,0,1,1
H4,702,2018,350190,      0.00,      0.00,      0.00,      0.00,0,2,0,0,2,2
H4,702,2018,350211,      0.00,      0.00,      0.00,      0.00,0,1,0,0,1,1
H4,702,2018,350219,      0.00,      0.00,      0.00,      0.00,0,1,0,0,1,1
H4,702,2018,350220,      0.00,      0.00,      0.00,      0.00,0,1,0,0,1,1
H4,702,2018,350290,      0.00,      0.00,      0.00,      0.00,0,1,0,0,1,1
H4,702,2018,350300,      0.00,      0.00,      0.00,      0.00,0,5,0,0,5,5
H4,702,2018,350400,      0.00,      0.00,      0.00,      0.00,0,1,0,0,1,1
H4,702,2018,350510,      0.00,      0.00,      0.00,      0.00,0,2,0,0,2,2
H4,702,2018,350520,      0.00,      0.00,      0.00,      0.00,0,1,0,0,1,1
H4,702,2018,350610,      0.00,      0.00,      0.00,      0.00,0,1,0,0,1,1
H4,702,2018,350691,      0.00,      0.00,      0.00,      0.00,0,1,0,0,1,1
H4,702,2018,350699,      0.00,      0.00,      0.00,      0.00,0,1,0,0,1,1
H4,702,2018,350710,      0.00,      0.00,      0.00,      0.00,0,1,0,0,1,1
H4,702,2018,350790,      0.00,      0.00,      0.00,      0.00,0,1,0,0,1,1
H4,702,2018,360100,      0.00,      0.00,      0.00,      0.00,0,1,0,0,1,1
H4,702,2018,360200,      0.00,      0.00,      0.00,      0.00,0,1,0,0,1,1
H4,702,2018,360300,      0.00,      0.00,      0.00,      0.00,0,3,0,0,3,3
H4,702,2018,360410,      0.00,      0.00,      0.00,      0.00,0,1,0,0,1,1
H4,702,2018,360490,      0.00,      0.00,      0.00,      0.00,0,3,0,0,3,3
H4,702,2018,360500,      0.00,      0.00,      0.00,      0.00,0,1,0,0,1,1
H4,702,2018,360610,      0.00,      0.00,      0.00,      0.00,0,1,0,0,1,1
H4,702,2018,360690,      0.00,      0.00,      0.00,      0.00,0,5,0,0,5,5
H4,702,2018,370110,      0.00,      0.00,      0.00,      0.00,0,1,0,0,1,1
H4,702,2018,370120,      0.00,      0.00,      0.00,      0.00,0,1,0,0,1,1
H4,702,2018,370130,      0.00,      0.00,      0.00,      0.00,0,1,0,0,1,1
H4,702,2018,370191,      0.00,      0.00,      0.00,      0.00,0,2,0,0,2,2
H4,702,2018,370199,      0.00,      0.00,      0.00,      0.00,0,2,0,0,2,2
H4,702,2018,370210,      0.00,      0.00,      0.00,      0.00,0,1,0,0,1,1
H4,702,2018,370231,      0.00,      0.00,      0.00,      0.00,0,1,0,0,1,1
H4,702,2018,370232,      0.00,      0.00,      0.00,      0.00,0,1,0,0,1,1
H4,702,2018,370239,      0.00,      0.00,      0.00,      0.00,0,1,0,0,1,1
H4,702,2018,370241,      0.00,      0.00,      0.00,      0.00,0,1,0,0,1,1
H4,702,2018,370242,      0.00,      0.00,      0.00,      0.00,0,1,0,0,1,1
H4,702,2018,370243,      0.00,      0.00,      0.00,      0.00,0,1,0,0,1,1
H4,702,2018,370244,      0.00,      0.00,      0.00,      0.00,0,1,0,0,1,1
H4,702,2018,370252,      0.00,      0.00,      0.00,      0.00,0,2,0,0,2,2
H4,702,2018,370253,      0.00,      0.00,      0.00,      0.00,0,1,0,0,1,1
H4,702,2018,370254,      0.00,      0.00,      0.00,      0.00,0,2,0,0,2,2
H4,702,2018,370255,      0.00,      0.00,      0.00,      0.00,0,3,0,0,3,3
H4,702,2018,370256,      0.00,      0.00,      0.00,      0.00,0,2,0,0,2,2
H4,702,2018,370296,      0.00,      0.00,      0.00,      0.00,0,2,0,0,2,2
H4,702,2018,370297,      0.00,      0.00,      0.00,      0.00,0,2,0,0,2,2
H4,702,2018,370298,      0.00,      0.00,      0.00,      0.00,0,3,0,0,3,3
H4,702,2018,370310,      0.00,      0.00,      0.00,      0.00,0,2,0,0,2,2
H4,702,2018,370320,      0.00,      0.00,      0.00,      0.00,0,1,0,0,1,1
H4,702,2018,370390,      0.00,      0.00,      0.00,      0.00,0,1,0,0,1,1
H4,702,2018,370400,      0.00,      0.00,      0.00,      0.00,0,2,0,0,2,2
H4,702,2018,370510,      0.00,      0.00,      0.00,      0.00,0,1,0,0,1,1
H4,702,2018,370590,      0.00,      0.00,      0.00,      0.00,0,3,0,0,3,3
H4,702,2018,370610,      0.00,      0.00,      0.00,      0.00,0,4,0,0,4,4
H4,702,2018,370690,      0.00,      0.00,      0.00,      0.00,0,4,0,0,4,4
H4,702,2018,370710,      0.00,      0.00,      0.00,      0.00,0,1,0,0,1,1
H4,702,2018,370790,      0.00,      0.00,      0.00,      0.00,0,2,0,0,2,2
H4,702,2018,380110,      0.00,      0.00,      0.00,      0.00,0,1,0,0,1,1
H4,702,2018,380120,      0.00,      0.00,      0.00,      0.00,0,1,0,0,1,1
H4,702,2018,380130,      0.00,      0.00,      0.00,      0.00,0,1,0,0,1,1
H4,702,2018,380190,      0.00,      0.00,      0.00,      0.00,0,1,0,0,1,1
H4,702,2018,380210,      0.00,      0.00,      0.00,      0.00,0,1,0,0,1,1
H4,702,2018,380290,      0.00,      0.00,      0.00,      0.00,0,3,0,0,3,3
H4,702,2018,380300,      0.00,      0.00,      0.00,      0.00,0,1,0,0,1,1
H4,702,2018,380400,      0.00,      0.00,      0.00,      0.00,0,2,0,0,2,2
H4,702,2018,380510,      0.00,      0.00,      0.00,      0.00,0,1,0,0,1,1
H4,702,2018,380590,      0.00,      0.00,      0.00,      0.00,0,1,0,0,1,1
H4,702,2018,380610,      0.00,      0.00,      0.00,      0.00,0,1,0,0,1,1
H4,702,2018,380620,      0.00,      0.00,      0.00,      0.00,0,1,0,0,1,1
H4,702,2018,380630,      0.00,      0.00,      0.00,      0.00,0,2,0,0,2,2
H4,702,2018,380690,      0.00,      0.00,      0.00,      0.00,0,2,0,0,2,2
H4,702,2018,380700,      0.00,      0.00,      0.00,      0.00,0,1,0,0,1,1
H4,702,2018,380850,      0.00,      0.00,      0.00,      0.00,0,10,0,0,10,10
H4,702,2018,380891,      0.00,      0.00,      0.00,      0.00,0,8,0,0,8,8
H4,702,2018,380892,      0.00,      0.00,      0.00,      0.00,0,3,0,0,3,3
H4,702,2018,380893,      0.00,      0.00,      0.00,      0.00,0,4,0,0,4,4
H4,702,2018,380894,      0.00,      0.00,      0.00,      0.00,0,3,0,0,3,3
H4,702,2018,380899,      0.00,      0.00,      0.00,      0.00,0,2,0,0,2,2
H4,702,2018,380910,      0.00,      0.00,      0.00,      0.00,0,1,0,0,1,1
H4,702,2018,380991,      0.00,      0.00,      0.00,      0.00,0,2,0,0,2,2
H4,702,2018,380992,      0.00,      0.00,      0.00,      0.00,0,1,0,0,1,1
H4,702,2018,380993,      0.00,      0.00,      0.00,      0.00,0,1,0,0,1,1
H4,702,2018,381010,      0.00,      0.00,      0.00,      0.00,0,1,0,0,1,1
H4,702,2018,381090,      0.00,      0.00,      0.00,      0.00,0,1,0,0,1,1
H4,702,2018,381111,      0.00,      0.00,      0.00,      0.00,0,1,0,0,1,1
H4,702,2018,381119,      0.00,      0.00,      0.00,      0.00,0,1,0,0,1,1
H4,702,2018,381121,      0.00,      0.00,      0.00,      0.00,0,2,0,0,2,2
H4,702,2018,381129,      0.00,      0.00,      0.00,      0.00,0,1,0,0,1,1
H4,702,2018,381190,      0.00,      0.00,      0.00,      0.00,0,2,0,0,2,2
H4,702,2018,381210,      0.00,      0.00,      0.00,      0.00,0,1,0,0,1,1
H4,702,2018,381220,      0.00,      0.00,      0.00,      0.00,0,1,0,0,1,1
H4,702,2018,381230,      0.00,      0.00,      0.00,      0.00,0,1,0,0,1,1
H4,702,2018,381300,      0.00,      0.00,      0.00,      0.00,0,1,0,0,1,1
H4,702,2018,381400,      0.00,      0.00,      0.00,      0.00,0,1,0,0,1,1
H4,702,2018,381511,      0.00,      0.00,      0.00,      0.00,0,1,0,0,1,1
H4,702,2018,381512,      0.00,      0.00,      0.00,      0.00,0,1,0,0,1,1
H4,702,2018,381519,      0.00,      0.00,      0.00,      0.00,0,1,0,0,1,1
H4,702,2018,381590,      0.00,      0.00,      0.00,      0.00,0,1,0,0,1,1
H4,702,2018,381600,      0.00,      0.00,      0.00,      0.00,0,2,0,0,2,2
H4,702,2018,381700,      0.00,      0.00,      0.00,      0.00,0,1,0,0,1,1
H4,702,2018,381800,      0.00,      0.00,      0.00,      0.00,0,1,0,0,1,1
H4,702,2018,381900,      0.00,      0.00,      0.00,      0.00,0,1,0,0,1,1
H4,702,2018,382000,      0.00,      0.00,      0.00,      0.00,0,1,0,0,1,1
H4,702,2018,382100,      0.00,      0.00,      0.00,      0.00,0,2,0,0,2,2
H4,702,2018,382200,      0.00,      0.00,      0.00,      0.00,0,4,0,0,4,4
H4,702,2018,382311,      0.00,      0.00,      0.00,      0.00,0,1,0,0,1,1
H4,702,2018,382312,      0.00,      0.00,      0.00,      0.00,0,1,0,0,1,1
H4,702,2018,382313,      0.00,      0.00,      0.00,      0.00,0,1,0,0,1,1
H4,702,2018,382319,      0.00,      0.00,      0.00,      0.00,0,2,0,0,2,2
H4,702,2018,382370,      0.00,      0.00,      0.00,      0.00,0,2,0,0,2,2
H4,702,2018,382410,      0.00,      0.00,      0.00,      0.00,0,1,0,0,1,1
H4,702,2018,382430,      0.00,      0.00,      0.00,      0.00,0,1,0,0,1,1
H4,702,2018,382440,      0.00,      0.00,      0.00,      0.00,0,1,0,0,1,1
H4,702,2018,382450,      0.00,      0.00,      0.00,      0.00,0,1,0,0,1,1
H4,702,2018,382460,      0.00,      0.00,      0.00,      0.00,0,1,0,0,1,1
H4,702,2018,382471,      0.00,      0.00,      0.00,      0.00,0,2,0,0,2,2
H4,702,2018,382472,      0.00,      0.00,      0.00,      0.00,0,1,0,0,1,1
H4,702,2018,382473,      0.00,      0.00,      0.00,      0.00,0,1,0,0,1,1
H4,702,2018,382474,      0.00,      0.00,      0.00,      0.00,0,2,0,0,2,2
H4,702,2018,382475,      0.00,      0.00,      0.00,      0.00,0,1,0,0,1,1
H4,702,2018,382476,      0.00,      0.00,      0.00,      0.00,0,1,0,0,1,1
H4,702,2018,382477,      0.00,      0.00,      0.00,      0.00,0,1,0,0,1,1
H4,702,2018,382478,      0.00,      0.00,      0.00,      0.00,0,1,0,0,1,1
H4,702,2018,382479,      0.00,      0.00,      0.00,      0.00,0,1,0,0,1,1
H4,702,2018,382481,      0.00,      0.00,      0.00,      0.00,0,1,0,0,1,1
H4,702,2018,382482,      0.00,      0.00,      0.00,      0.00,0,1,0,0,1,1
H4,702,2018,382483,      0.00,      0.00,      0.00,      0.00,0,1,0,0,1,1
H4,702,2018,382490,      0.00,      0.00,      0.00,      0.00,0,8,0,0,8,8
H4,702,2018,382510,      0.00,      0.00,      0.00,      0.00,0,1,0,0,1,1
H4,702,2018,382520,      0.00,      0.00,      0.00,      0.00,0,1,0,0,1,1
H4,702,2018,382530,      0.00,      0.00,      0.00,      0.00,0,2,0,0,2,2
H4,702,2018,382541,      0.00,      0.00,      0.00,      0.00,0,1,0,0,1,1
H4,702,2018,382549,      0.00,      0.00,      0.00,      0.00,0,1,0,0,1,1
H4,702,2018,382550,      0.00,      0.00,      0.00,      0.00,0,1,0,0,1,1
H4,702,2018,382561,      0.00,      0.00,      0.00,      0.00,0,1,0,0,1,1
H4,702,2018,382569,      0.00,      0.00,      0.00,      0.00,0,1,0,0,1,1
H4,702,2018,382590,      0.00,      0.00,      0.00,      0.00,0,1,0,0,1,1
H4,702,2018,382600,      0.00,      0.00,      0.00,      0.00,0,2,0,0,2,2
H4,702,2018,390110,      0.00,      0.00,      0.00,      0.00,0,4,0,0,4,4
H4,702,2018,390120,      0.00,      0.00,      0.00,      0.00,0,1,0,0,1,1
H4,702,2018,390130,      0.00,      0.00,      0.00,      0.00,0,1,0,0,1,1
H4,702,2018,390190,      0.00,      0.00,      0.00,      0.00,0,2,0,0,2,2
H4,702,2018,390210,      0.00,      0.00,      0.00,      0.00,0,2,0,0,2,2
H4,702,2018,390220,      0.00,      0.00,      0.00,      0.00,0,1,0,0,1,1
H4,702,2018,390230,      0.00,      0.00,      0.00,      0.00,0,2,0,0,2,2
H4,702,2018,390290,      0.00,      0.00,      0.00,      0.00,0,2,0,0,2,2
H4,702,2018,390311,      0.00,      0.00,      0.00,      0.00,0,2,0,0,2,2
H4,702,2018,390319,      0.00,      0.00,      0.00,      0.00,0,5,0,0,5,5
H4,702,2018,390320,      0.00,      0.00,      0.00,      0.00,0,3,0,0,3,3
H4,702,2018,390330,      0.00,      0.00,      0.00,      0.00,0,4,0,0,4,4
H4,702,2018,390390,      0.00,      0.00,      0.00,      0.00,0,3,0,0,3,3
H4,702,2018,390410,      0.00,      0.00,      0.00,      0.00,0,4,0,0,4,4
H4,702,2018,390421,      0.00,      0.00,      0.00,      0.00,0,3,0,0,3,3
H4,702,2018,390422,      0.00,      0.00,      0.00,      0.00,0,4,0,0,4,4
H4,702,2018,390430,      0.00,      0.00,      0.00,      0.00,0,3,0,0,3,3
H4,702,2018,390440,      0.00,      0.00,      0.00,      0.00,0,3,0,0,3,3
H4,702,2018,390450,      0.00,      0.00,      0.00,      0.00,0,4,0,0,4,4
H4,702,2018,390461,      0.00,      0.00,      0.00,      0.00,0,3,0,0,3,3
H4,702,2018,390469,      0.00,      0.00,      0.00,      0.00,0,4,0,0,4,4
H4,702,2018,390490,      0.00,      0.00,      0.00,      0.00,0,4,0,0,4,4
H4,702,2018,390512,      0.00,      0.00,      0.00,      0.00,0,1,0,0,1,1
H4,702,2018,390519,      0.00,      0.00,      0.00,      0.00,0,2,0,0,2,2
H4,702,2018,390521,      0.00,      0.00,      0.00,      0.00,0,1,0,0,1,1
H4,702,2018,390529,      0.00,      0.00,      0.00,      0.00,0,1,0,0,1,1
H4,702,2018,390530,      0.00,      0.00,      0.00,      0.00,0,2,0,0,2,2
H4,702,2018,390591,      0.00,      0.00,      0.00,      0.00,0,2,0,0,2,2
H4,702,2018,390599,      0.00,      0.00,      0.00,      0.00,0,3,0,0,3,3
H4,702,2018,390610,      0.00,      0.00,      0.00,      0.00,0,2,0,0,2,2
H4,702,2018,390690,      0.00,      0.00,      0.00,      0.00,0,3,0,0,3,3
H4,702,2018,390710,      0.00,      0.00,      0.00,      0.00,0,1,0,0,1,1
H4,702,2018,390720,      0.00,      0.00,      0.00,      0.00,0,2,0,0,2,2
H4,702,2018,390730,      0.00,      0.00,      0.00,      0.00,0,3,0,0,3,3
H4,702,2018,390740,      0.00,      0.00,      0.00,      0.00,0,1,0,0,1,1
H4,702,2018,390750,      0.00,      0.00,      0.00,      0.00,0,2,0,0,2,2
H4,702,2018,390760,      0.00,      0.00,      0.00,      0.00,0,3,0,0,3,3
H4,702,2018,390770,      0.00,      0.00,      0.00,      0.00,0,1,0,0,1,1
H4,702,2018,390791,      0.00,      0.00,      0.00,      0.00,0,3,0,0,3,3
H4,702,2018,390799,      0.00,      0.00,      0.00,      0.00,0,2,0,0,2,2
H4,702,2018,390810,      0.00,      0.00,      0.00,      0.00,0,2,0,0,2,2
H4,702,2018,390890,      0.00,      0.00,      0.00,      0.00,0,1,0,0,1,1
H4,702,2018,390910,      0.00,      0.00,      0.00,      0.00,0,2,0,0,2,2
H4,702,2018,390920,      0.00,      0.00,      0.00,      0.00,0,2,0,0,2,2
H4,702,2018,390930,      0.00,      0.00,      0.00,      0.00,0,3,0,0,3,3
H4,702,2018,390940,      0.00,      0.00,      0.00,      0.00,0,2,0,0,2,2
H4,702,2018,390950,      0.00,      0.00,      0.00,      0.00,0,1,0,0,1,1
H4,702,2018,391000,      0.00,      0.00,      0.00,      0.00,0,2,0,0,2,2
H4,702,2018,391110,      0.00,      0.00,      0.00,      0.00,0,1,0,0,1,1
H4,702,2018,391190,      0.00,      0.00,      0.00,      0.00,0,1,0,0,1,1
H4,702,2018,391211,      0.00,      0.00,      0.00,      0.00,0,1,0,0,1,1
H4,702,2018,391212,      0.00,      0.00,      0.00,      0.00,0,1,0,0,1,1
H4,702,2018,391220,      0.00,      0.00,      0.00,      0.00,0,3,0,0,3,3
H4,702,2018,391231,      0.00,      0.00,      0.00,      0.00,0,1,0,0,1,1
H4,702,2018,391239,      0.00,      0.00,      0.00,      0.00,0,1,0,0,1,1
H4,702,2018,391290,      0.00,      0.00,      0.00,      0.00,0,2,0,0,2,2
H4,702,2018,391310,      0.00,      0.00,      0.00,      0.00,0,1,0,0,1,1
H4,702,2018,391390,      0.00,      0.00,      0.00,      0.00,0,4,0,0,4,4
H4,702,2018,391400,      0.00,      0.00,      0.00,      0.00,0,1,0,0,1,1
H4,702,2018,391510,      0.00,      0.00,      0.00,      0.00,0,2,0,0,2,2
H4,702,2018,391520,      0.00,      0.00,      0.00,      0.00,0,2,0,0,2,2
H4,702,2018,391530,      0.00,      0.00,      0.00,      0.00,0,2,0,0,2,2
H4,702,2018,391590,      0.00,      0.00,      0.00,      0.00,0,1,0,0,1,1
H4,702,2018,391610,      0.00,      0.00,      0.00,      0.00,0,2,0,0,2,2
H4,702,2018,391620,      0.00,      0.00,      0.00,      0.00,0,2,0,0,2,2
H4,702,2018,391690,      0.00,      0.00,      0.00,      0.00,0,6,0,0,6,6
H4,702,2018,391710,      0.00,      0.00,      0.00,      0.00,0,2,0,0,2,2
H4,702,2018,391721,      0.00,      0.00,      0.00,      0.00,0,1,0,0,1,1
H4,702,2018,391722,      0.00,      0.00,      0.00,      0.00,0,1,0,0,1,1
H4,702,2018,391723,      0.00,      0.00,      0.00,      0.00,0,1,0,0,1,1
H4,702,2018,391729,      0.00,      0.00,      0.00,      0.00,0,1,0,0,1,1
H4,702,2018,391731,      0.00,      0.00,      0.00,      0.00,0,1,0,0,1,1
H4,702,2018,391732,      0.00,      0.00,      0.00,      0.00,0,2,0,0,2,2
H4,702,2018,391733,      0.00,      0.00,      0.00,      0.00,0,1,0,0,1,1
H4,702,2018,391739,      0.00,      0.00,      0.00,      0.00,0,1,0,0,1,1
H4,702,2018,391740,      0.00,      0.00,      0.00,      0.00,0,1,0,0,1,1
H4,702,2018,391810,      0.00,      0.00,      0.00,      0.00,0,3,0,0,3,3
H4,702,2018,391890,      0.00,      0.00,      0.00,      0.00,0,7,0,0,7,7
H4,702,2018,391910,      0.00,      0.00,      0.00,      0.00,0,3,0,0,3,3
H4,702,2018,391990,      0.00,      0.00,      0.00,      0.00,0,3,0,0,3,3
H4,702,2018,392010,      0.00,      0.00,      0.00,      0.00,0,1,0,0,1,1
H4,702,2018,392020,      0.00,      0.00,      0.00,      0.00,0,2,0,0,2,2
H4,702,2018,392030,      0.00,      0.00,      0.00,      0.00,0,3,0,0,3,3
H4,702,2018,392043,      0.00,      0.00,      0.00,      0.00,0,1,0,0,1,1
H4,702,2018,392049,      0.00,      0.00,      0.00,      0.00,0,1,0,0,1,1
H4,702,2018,392051,      0.00,      0.00,      0.00,      0.00,0,1,0,0,1,1
H4,702,2018,392059,      0.00,      0.00,      0.00,      0.00,0,1,0,0,1,1
H4,702,2018,392061,      0.00,      0.00,      0.00,      0.00,0,2,0,0,2,2
H4,702,2018,392062,      0.00,      0.00,      0.00,      0.00,0,1,0,0,1,1
H4,702,2018,392063,      0.00,      0.00,      0.00,      0.00,0,1,0,0,1,1
H4,702,2018,392069,      0.00,      0.00,      0.00,      0.00,0,1,0,0,1,1
H4,702,2018,392071,      0.00,      0.00,      0.00,      0.00,0,2,0,0,2,2
H4,702,2018,392073,      0.00,      0.00,      0.00,      0.00,0,1,0,0,1,1
H4,702,2018,392079,      0.00,      0.00,      0.00,      0.00,0,2,0,0,2,2
H4,702,2018,392091,      0.00,      0.00,      0.00,      0.00,0,2,0,0,2,2
H4,702,2018,392092,      0.00,      0.00,      0.00,      0.00,0,2,0,0,2,2
H4,702,2018,392093,      0.00,      0.00,      0.00,      0.00,0,1,0,0,1,1
H4,702,2018,392094,      0.00,      0.00,      0.00,      0.00,0,2,0,0,2,2
H4,702,2018,392099,      0.00,      0.00,      0.00,      0.00,0,2,0,0,2,2
H4,702,2018,392111,      0.00,      0.00,      0.00,      0.00,0,2,0,0,2,2
H4,702,2018,392112,      0.00,      0.00,      0.00,      0.00,0,1,0,0,1,1
H4,702,2018,392113,      0.00,      0.00,      0.00,      0.00,0,2,0,0,2,2
H4,702,2018,392114,      0.00,      0.00,      0.00,      0.00,0,2,0,0,2,2
H4,702,2018,392119,      0.00,      0.00,      0.00,      0.00,0,2,0,0,2,2
H4,702,2018,392190,      0.00,      0.00,      0.00,      0.00,0,4,0,0,4,4
H4,702,2018,392210,      0.00,      0.00,      0.00,      0.00,0,2,0,0,2,2
H4,702,2018,392220,      0.00,      0.00,      0.00,      0.00,0,1,0,0,1,1
H4,702,2018,392290,      0.00,      0.00,      0.00,      0.00,0,4,0,0,4,4
H4,702,2018,392310,      0.00,      0.00,      0.00,      0.00,0,2,0,0,2,2
H4,702,2018,392321,      0.00,      0.00,      0.00,      0.00,0,4,0,0,4,4
H4,702,2018,392329,      0.00,      0.00,      0.00,      0.00,0,2,0,0,2,2
H4,702,2018,392330,      0.00,      0.00,      0.00,      0.00,0,2,0,0,2,2
H4,702,2018,392340,      0.00,      0.00,      0.00,      0.00,0,2,0,0,2,2
H4,702,2018,392350,      0.00,      0.00,      0.00,      0.00,0,1,0,0,1,1
H4,702,2018,392390,      0.00,      0.00,      0.00,      0.00,0,2,0,0,2,2
H4,702,2018,392410,      0.00,      0.00,      0.00,      0.00,0,1,0,0,1,1
H4,702,2018,392490,      0.00,      0.00,      0.00,      0.00,0,2,0,0,2,2
H4,702,2018,392510,      0.00,      0.00,      0.00,      0.00,0,1,0,0,1,1
H4,702,2018,392520,      0.00,      0.00,      0.00,      0.00,0,1,0,0,1,1
H4,702,2018,392530,      0.00,      0.00,      0.00,      0.00,0,1,0,0,1,1
H4,702,2018,392590,      0.00,      0.00,      0.00,      0.00,0,1,0,0,1,1
H4,702,2018,392610,      0.00,      0.00,      0.00,      0.00,0,1,0,0,1,1
H4,702,2018,392620,      0.00,      0.00,      0.00,      0.00,0,2,0,0,2,2
H4,702,2018,392630,      0.00,      0.00,      0.00,      0.00,0,1,0,0,1,1
H4,702,2018,392640,      0.00,      0.00,      0.00,      0.00,0,1,0,0,1,1
H4,702,2018,392690,      0.00,      0.00,      0.00,      0.00,0,19,0,0,19,19
H4,702,2018,400110,      0.00,      0.00,      0.00,      0.00,0,4,0,0,4,4
H4,702,2018,400121,      0.00,      0.00,      0.00,      0.00,0,6,0,0,6,6
H4,702,2018,400122,      0.00,      0.00,      0.00,      0.00,0,6,0,0,6,6
H4,702,2018,400129,      0.00,      0.00,      0.00,      0.00,0,10,0,0,10,10
H4,702,2018,400130,      0.00,      0.00,      0.00,      0.00,0,4,0,0,4,4
H4,702,2018,400211,      0.00,      0.00,      0.00,      0.00,0,1,0,0,1,1
H4,702,2018,400219,      0.00,      0.00,      0.00,      0.00,0,2,0,0,2,2
H4,702,2018,400220,      0.00,      0.00,      0.00,      0.00,0,2,0,0,2,2
H4,702,2018,400231,      0.00,      0.00,      0.00,      0.00,0,2,0,0,2,2
H4,702,2018,400239,      0.00,      0.00,      0.00,      0.00,0,2,0,0,2,2
H4,702,2018,400241,      0.00,      0.00,      0.00,      0.00,0,1,0,0,1,1
H4,702,2018,400249,      0.00,      0.00,      0.00,      0.00,0,2,0,0,2,2
H4,702,2018,400251,      0.00,      0.00,      0.00,      0.00,0,1,0,0,1,1
H4,702,2018,400259,      0.00,      0.00,      0.00,      0.00,0,2,0,0,2,2
H4,702,2018,400260,      0.00,      0.00,      0.00,      0.00,0,2,0,0,2,2
H4,702,2018,400270,      0.00,      0.00,      0.00,      0.00,0,2,0,0,2,2
H4,702,2018,400280,      0.00,      0.00,      0.00,      0.00,0,2,0,0,2,2
H4,702,2018,400291,      0.00,      0.00,      0.00,      0.00,0,1,0,0,1,1
H4,702,2018,400299,      0.00,      0.00,      0.00,      0.00,0,2,0,0,2,2
H4,702,2018,400300,      0.00,      0.00,      0.00,      0.00,0,1,0,0,1,1
H4,702,2018,400400,      0.00,      0.00,      0.00,      0.00,0,1,0,0,1,1
H4,702,2018,400510,      0.00,      0.00,      0.00,      0.00,0,2,0,0,2,2
H4,702,2018,400520,      0.00,      0.00,      0.00,      0.00,0,1,0,0,1,1
H4,702,2018,400591,      0.00,      0.00,      0.00,      0.00,0,2,0,0,2,2
H4,702,2018,400599,      0.00,      0.00,      0.00,      0.00,0,2,0,0,2,2
H4,702,2018,400610,      0.00,      0.00,      0.00,      0.00,0,1,0,0,1,1
H4,702,2018,400690,      0.00,      0.00,      0.00,      0.00,0,2,0,0,2,2
H4,702,2018,400700,      0.00,      0.00,      0.00,      0.00,0,1,0,0,1,1
H4,702,2018,400811,      0.00,      0.00,      0.00,      0.00,0,3,0,0,3,3
H4,702,2018,400819,      0.00,      0.00,      0.00,      0.00,0,1,0,0,1,1
H4,702,2018,400821,      0.00,      0.00,      0.00,      0.00,0,3,0,0,3,3
H4,702,2018,400829,      0.00,      0.00,      0.00,      0.00,0,1,0,0,1,1
H4,702,2018,400911,      0.00,      0.00,      0.00,      0.00,0,1,0,0,1,1
H4,702,2018,400912,      0.00,      0.00,      0.00,      0.00,0,2,0,0,2,2
H4,702,2018,400921,      0.00,      0.00,      0.00,      0.00,0,2,0,0,2,2
H4,702,2018,400922,      0.00,      0.00,      0.00,      0.00,0,2,0,0,2,2
H4,702,2018,400931,      0.00,      0.00,      0.00,      0.00,0,3,0,0,3,3
H4,702,2018,400932,      0.00,      0.00,      0.00,      0.00,0,2,0,0,2,2
H4,702,2018,400941,      0.00,      0.00,      0.00,      0.00,0,1,0,0,1,1
H4,702,2018,400942,      0.00,      0.00,      0.00,      0.00,0,2,0,0,2,2
H4,702,2018,401011,      0.00,      0.00,      0.00,      0.00,0,1,0,0,1,1
H4,702,2018,401012,      0.00,      0.00,      0.00,      0.00,0,1,0,0,1,1
H4,702,2018,401019,      0.00,      0.00,      0.00,      0.00,0,1,0,0,1,1
H4,702,2018,401031,      0.00,      0.00,      0.00,      0.00,0,1,0,0,1,1
H4,702,2018,401032,      0.00,      0.00,      0.00,      0.00,0,1,0,0,1,1
H4,702,2018,401033,      0.00,      0.00,      0.00,      0.00,0,1,0,0,1,1
H4,702,2018,401034,      0.00,      0.00,      0.00,      0.00,0,1,0,0,1,1
H4,702,2018,401035,      0.00,      0.00,      0.00,      0.00,0,1,0,0,1,1
H4,702,2018,401036,      0.00,      0.00,      0.00,      0.00,0,1,0,0,1,1
H4,702,2018,401039,      0.00,      0.00,      0.00,      0.00,0,1,0,0,1,1
H4,702,2018,401110,      0.00,      0.00,      0.00,      0.00,0,1,0,0,1,1
H4,702,2018,401120,      0.00,      0.00,      0.00,      0.00,0,2,0,0,2,2
H4,702,2018,401130,      0.00,      0.00,      0.00,      0.00,0,1,0,0,1,1
H4,702,2018,401140,      0.00,      0.00,      0.00,      0.00,0,1,0,0,1,1
H4,702,2018,401150,      0.00,      0.00,      0.00,      0.00,0,1,0,0,1,1
H4,702,2018,401161,      0.00,      0.00,      0.00,      0.00,0,2,0,0,2,2
H4,702,2018,401162,      0.00,      0.00,      0.00,      0.00,0,2,0,0,2,2
H4,702,2018,401163,      0.00,      0.00,      0.00,      0.00,0,2,0,0,2,2
H4,702,2018,401169,      0.00,      0.00,      0.00,      0.00,0,1,0,0,1,1
H4,702,2018,401192,      0.00,      0.00,      0.00,      0.00,0,2,0,0,2,2
H4,702,2018,401193,      0.00,      0.00,      0.00,      0.00,0,2,0,0,2,2
H4,702,2018,401194,      0.00,      0.00,      0.00,      0.00,0,3,0,0,3,3
H4,702,2018,401199,      0.00,      0.00,      0.00,      0.00,0,4,0,0,4,4
H4,702,2018,401211,      0.00,      0.00,      0.00,      0.00,0,1,0,0,1,1
H4,702,2018,401212,      0.00,      0.00,      0.00,      0.00,0,2,0,0,2,2
H4,702,2018,401213,      0.00,      0.00,      0.00,      0.00,0,1,0,0,1,1
H4,702,2018,401219,      0.00,      0.00,      0.00,      0.00,0,5,0,0,5,5
H4,702,2018,401220,      0.00,      0.00,      0.00,      0.00,0,10,0,0,10,10
H4,702,2018,401290,      0.00,      0.00,      0.00,      0.00,0,9,0,0,9,9
H4,702,2018,401310,      0.00,      0.00,      0.00,      0.00,0,4,0,0,4,4
H4,702,2018,401320,      0.00,      0.00,      0.00,      0.00,0,1,0,0,1,1
H4,702,2018,401390,      0.00,      0.00,      0.00,      0.00,0,8,0,0,8,8
H4,702,2018,401410,      0.00,      0.00,      0.00,      0.00,0,1,0,0,1,1
H4,702,2018,401490,      0.00,      0.00,      0.00,      0.00,0,3,0,0,3,3
H4,702,2018,401511,      0.00,      0.00,      0.00,      0.00,0,1,0,0,1,1
H4,702,2018,401519,      0.00,      0.00,      0.00,      0.00,0,1,0,0,1,1
H4,702,2018,401590,      0.00,      0.00,      0.00,      0.00,0,3,0,0,3,3
H4,702,2018,401610,      0.00,      0.00,      0.00,      0.00,0,3,0,0,3,3
H4,702,2018,401691,      0.00,      0.00,      0.00,      0.00,0,3,0,0,3,3
H4,702,2018,401692,      0.00,      0.00,      0.00,      0.00,0,2,0,0,2,2
H4,702,2018,401693,      0.00,      0.00,      0.00,      0.00,0,3,0,0,3,3
H4,702,2018,401694,      0.00,      0.00,      0.00,      0.00,0,1,0,0,1,1
H4,702,2018,401695,      0.00,      0.00,      0.00,      0.00,0,1,0,0,1,1
H4,702,2018,401699,      0.00,      0.00,      0.00,      0.00,0,19,0,0,19,19
H4,702,2018,401700,      0.00,      0.00,      0.00,      0.00,0,3,0,0,3,3
H4,702,2018,410120,      0.00,      0.00,      0.00,      0.00,0,2,0,0,2,2
H4,702,2018,410150,      0.00,      0.00,      0.00,      0.00,0,2,0,0,2,2
H4,702,2018,410190,      0.00,      0.00,      0.00,      0.00,0,2,0,0,2,2
H4,702,2018,410210,      0.00,      0.00,      0.00,      0.00,0,1,0,0,1,1
H4,702,2018,410221,      0.00,      0.00,      0.00,      0.00,0,1,0,0,1,1
H4,702,2018,410229,      0.00,      0.00,      0.00,      0.00,0,2,0,0,2,2
H4,702,2018,410320,      0.00,      0.00,      0.00,      0.00,0,2,0,0,2,2
H4,702,2018,410330,      0.00,      0.00,      0.00,      0.00,0,1,0,0,1,1
H4,702,2018,410390,      0.00,      0.00,      0.00,      0.00,0,1,0,0,1,1
H4,702,2018,410411,      0.00,      0.00,      0.00,      0.00,0,1,0,0,1,1
H4,702,2018,410419,      0.00,      0.00,      0.00,      0.00,0,1,0,0,1,1
H4,702,2018,410441,      0.00,      0.00,      0.00,      0.00,0,1,0,0,1,1
H4,702,2018,410449,      0.00,      0.00,      0.00,      0.00,0,1,0,0,1,1
H4,702,2018,410510,      0.00,      0.00,      0.00,      0.00,0,1,0,0,1,1
H4,702,2018,410530,      0.00,      0.00,      0.00,      0.00,0,1,0,0,1,1
H4,702,2018,410621,      0.00,      0.00,      0.00,      0.00,0,1,0,0,1,1
H4,702,2018,410622,      0.00,      0.00,      0.00,      0.00,0,1,0,0,1,1
H4,702,2018,410631,      0.00,      0.00,      0.00,      0.00,0,1,0,0,1,1
H4,702,2018,410632,      0.00,      0.00,      0.00,      0.00,0,1,0,0,1,1
H4,702,2018,410640,      0.00,      0.00,      0.00,      0.00,0,2,0,0,2,2
H4,702,2018,410691,      0.00,      0.00,      0.00,      0.00,0,1,0,0,1,1
H4,702,2018,410692,      0.00,      0.00,      0.00,      0.00,0,1,0,0,1,1
H4,702,2018,410711,      0.00,      0.00,      0.00,      0.00,0,1,0,0,1,1
H4,702,2018,410712,      0.00,      0.00,      0.00,      0.00,0,1,0,0,1,1
H4,702,2018,410719,      0.00,      0.00,      0.00,      0.00,0,1,0,0,1,1
H4,702,2018,410791,      0.00,      0.00,      0.00,      0.00,0,1,0,0,1,1
H4,702,2018,410792,      0.00,      0.00,      0.00,      0.00,0,1,0,0,1,1
H4,702,2018,410799,      0.00,      0.00,      0.00,      0.00,0,1,0,0,1,1
H4,702,2018,411200,      0.00,      0.00,      0.00,      0.00,0,1,0,0,1,1
H4,702,2018,411310,      0.00,      0.00,      0.00,      0.00,0,1,0,0,1,1
H4,702,2018,411320,      0.00,      0.00,      0.00,      0.00,0,1,0,0,1,1
H4,702,2018,411330,      0.00,      0.00,      0.00,      0.00,0,1,0,0,1,1
H4,702,2018,411390,      0.00,      0.00,      0.00,      0.00,0,1,0,0,1,1
H4,702,2018,411410,      0.00,      0.00,      0.00,      0.00,0,1,0,0,1,1
H4,702,2018,411420,      0.00,      0.00,      0.00,      0.00,0,1,0,0,1,1
H4,702,2018,411510,      0.00,      0.00,      0.00,      0.00,0,1,0,0,1,1
H4,702,2018,411520,      0.00,      0.00,      0.00,      0.00,0,1,0,0,1,1
H4,702,2018,420100,      0.00,      0.00,      0.00,      0.00,0,1,0,0,1,1
H4,702,2018,420211,      0.00,      0.00,      0.00,      0.00,0,1,0,0,1,1
H4,702,2018,420212,      0.00,      0.00,      0.00,      0.00,0,4,0,0,4,4
H4,702,2018,420219,      0.00,      0.00,      0.00,      0.00,0,2,0,0,2,2
H4,702,2018,420221,      0.00,      0.00,      0.00,      0.00,0,1,0,0,1,1
H4,702,2018,420222,      0.00,      0.00,      0.00,      0.00,0,1,0,0,1,1
H4,702,2018,420229,      0.00,      0.00,      0.00,      0.00,0,1,0,0,1,1
H4,702,2018,420231,      0.00,      0.00,      0.00,      0.00,0,1,0,0,1,1
H4,702,2018,420232,      0.00,      0.00,      0.00,      0.00,0,1,0,0,1,1
H4,702,2018,420239,      0.00,      0.00,      0.00,      0.00,0,4,0,0,4,4
H4,702,2018,420291,      0.00,      0.00,      0.00,      0.00,0,3,0,0,3,3
H4,702,2018,420292,      0.00,      0.00,      0.00,      0.00,0,3,0,0,3,3
H4,702,2018,420299,      0.00,      0.00,      0.00,      0.00,0,5,0,0,5,5
H4,702,2018,420310,      0.00,      0.00,      0.00,      0.00,0,1,0,0,1,1
H4,702,2018,420321,      0.00,      0.00,      0.00,      0.00,0,1,0,0,1,1
H4,702,2018,420329,      0.00,      0.00,      0.00,      0.00,0,2,0,0,2,2
H4,702,2018,420330,      0.00,      0.00,      0.00,      0.00,0,1,0,0,1,1
H4,702,2018,420340,      0.00,      0.00,      0.00,      0.00,0,1,0,0,1,1
H4,702,2018,420500,      0.00,      0.00,      0.00,      0.00,0,5,0,0,5,5
H4,702,2018,420600,      0.00,      0.00,      0.00,      0.00,0,2,0,0,2,2
H4,702,2018,430110,      0.00,      0.00,      0.00,      0.00,0,1,0,0,1,1
H4,702,2018,430130,      0.00,      0.00,      0.00,      0.00,0,1,0,0,1,1
H4,702,2018,430160,      0.00,      0.00,      0.00,      0.00,0,1,0,0,1,1
H4,702,2018,430180,      0.00,      0.00,      0.00,      0.00,0,1,0,0,1,1
H4,702,2018,430190,      0.00,      0.00,      0.00,      0.00,0,1,0,0,1,1
H4,702,2018,430211,      0.00,      0.00,      0.00,      0.00,0,1,0,0,1,1
H4,702,2018,430219,      0.00,      0.00,      0.00,      0.00,0,1,0,0,1,1
H4,702,2018,430220,      0.00,      0.00,      0.00,      0.00,0,1,0,0,1,1
H4,702,2018,430230,      0.00,      0.00,      0.00,      0.00,0,1,0,0,1,1
H4,702,2018,430310,      0.00,      0.00,      0.00,      0.00,0,1,0,0,1,1
H4,702,2018,430390,      0.00,      0.00,      0.00,      0.00,0,2,0,0,2,2
H4,702,2018,430400,      0.00,      0.00,      0.00,      0.00,0,4,0,0,4,4
H4,702,2018,440110,      0.00,      0.00,      0.00,      0.00,0,1,0,0,1,1
H4,702,2018,440121,      0.00,      0.00,      0.00,      0.00,0,1,0,0,1,1
H4,702,2018,440122,      0.00,      0.00,      0.00,      0.00,0,1,0,0,1,1
H4,702,2018,440131,      0.00,      0.00,      0.00,      0.00,0,1,0,0,1,1
H4,702,2018,440139,      0.00,      0.00,      0.00,      0.00,0,1,0,0,1,1
H4,702,2018,440210,      0.00,      0.00,      0.00,      0.00,0,1,0,0,1,1
H4,702,2018,440290,      0.00,      0.00,      0.00,      0.00,0,2,0,0,2,2
H4,702,2018,440310,      0.00,      0.00,      0.00,      0.00,0,2,0,0,2,2
H4,702,2018,440320,      0.00,      0.00,      0.00,      0.00,0,2,0,0,2,2
H4,702,2018,440341,      0.00,      0.00,      0.00,      0.00,0,2,0,0,2,2
H4,702,2018,440349,      0.00,      0.00,      0.00,      0.00,0,2,0,0,2,2
H4,702,2018,440391,      0.00,      0.00,      0.00,      0.00,0,2,0,0,2,2
H4,702,2018,440392,      0.00,      0.00,      0.00,      0.00,0,2,0,0,2,2
H4,702,2018,440399,      0.00,      0.00,      0.00,      0.00,0,2,0,0,2,2
H4,702,2018,440410,      0.00,      0.00,      0.00,      0.00,0,1,0,0,1,1
H4,702,2018,440420,      0.00,      0.00,      0.00,      0.00,0,2,0,0,2,2
H4,702,2018,440500,      0.00,      0.00,      0.00,      0.00,0,2,0,0,2,2
H4,702,2018,440610,      0.00,      0.00,      0.00,      0.00,0,1,0,0,1,1
H4,702,2018,440690,      0.00,      0.00,      0.00,      0.00,0,1,0,0,1,1
H4,702,2018,440710,      0.00,      0.00,      0.00,      0.00,0,1,0,0,1,1
H4,702,2018,440721,      0.00,      0.00,      0.00,      0.00,0,2,0,0,2,2
H4,702,2018,440722,      0.00,      0.00,      0.00,      0.00,0,2,0,0,2,2
H4,702,2018,440725,      0.00,      0.00,      0.00,      0.00,0,4,0,0,4,4
H4,702,2018,440726,      0.00,      0.00,      0.00,      0.00,0,2,0,0,2,2
H4,702,2018,440727,      0.00,      0.00,      0.00,      0.00,0,2,0,0,2,2
H4,702,2018,440728,      0.00,      0.00,      0.00,      0.00,0,2,0,0,2,2
H4,702,2018,440729,      0.00,      0.00,      0.00,      0.00,0,20,0,0,20,20
H4,702,2018,440791,      0.00,      0.00,      0.00,      0.00,0,2,0,0,2,2
H4,702,2018,440792,      0.00,      0.00,      0.00,      0.00,0,2,0,0,2,2
H4,702,2018,440793,      0.00,      0.00,      0.00,      0.00,0,2,0,0,2,2
H4,702,2018,440794,      0.00,      0.00,      0.00,      0.00,0,2,0,0,2,2
H4,702,2018,440795,      0.00,      0.00,      0.00,      0.00,0,2,0,0,2,2
H4,702,2018,440799,      0.00,      0.00,      0.00,      0.00,0,2,0,0,2,2
H4,702,2018,440810,      0.00,      0.00,      0.00,      0.00,0,3,0,0,3,3
H4,702,2018,440831,      0.00,      0.00,      0.00,      0.00,0,1,0,0,1,1
H4,702,2018,440839,      0.00,      0.00,      0.00,      0.00,0,2,0,0,2,2
H4,702,2018,440890,      0.00,      0.00,      0.00,      0.00,0,1,0,0,1,1
H4,702,2018,440910,      0.00,      0.00,      0.00,      0.00,0,1,0,0,1,1
H4,702,2018,440921,      0.00,      0.00,      0.00,      0.00,0,1,0,0,1,1
H4,702,2018,440929,      0.00,      0.00,      0.00,      0.00,0,1,0,0,1,1
H4,702,2018,441011,      0.00,      0.00,      0.00,      0.00,0,1,0,0,1,1
H4,702,2018,441012,      0.00,      0.00,      0.00,      0.00,0,1,0,0,1,1
H4,702,2018,441019,      0.00,      0.00,      0.00,      0.00,0,1,0,0,1,1
H4,702,2018,441090,      0.00,      0.00,      0.00,      0.00,0,1,0,0,1,1
H4,702,2018,441112,      0.00,      0.00,      0.00,      0.00,0,1,0,0,1,1
H4,702,2018,441113,      0.00,      0.00,      0.00,      0.00,0,1,0,0,1,1
H4,702,2018,441114,      0.00,      0.00,      0.00,      0.00,0,1,0,0,1,1
H4,702,2018,441192,      0.00,      0.00,      0.00,      0.00,0,1,0,0,1,1
H4,702,2018,441193,      0.00,      0.00,      0.00,      0.00,0,1,0,0,1,1
H4,702,2018,441194,      0.00,      0.00,      0.00,      0.00,0,1,0,0,1,1
H4,702,2018,441210,      0.00,      0.00,      0.00,      0.00,0,1,0,0,1,1
H4,702,2018,441231,      0.00,      0.00,      0.00,      0.00,0,1,0,0,1,1
H4,702,2018,441232,      0.00,      0.00,      0.00,      0.00,0,1,0,0,1,1
H4,702,2018,441239,      0.00,      0.00,      0.00,      0.00,0,1,0,0,1,1
H4,702,2018,441294,      0.00,      0.00,      0.00,      0.00,0,1,0,0,1,1
H4,702,2018,441299,      0.00,      0.00,      0.00,      0.00,0,1,0,0,1,1
H4,702,2018,441300,      0.00,      0.00,      0.00,      0.00,0,1,0,0,1,1
H4,702,2018,441400,      0.00,      0.00,      0.00,      0.00,0,1,0,0,1,1
H4,702,2018,441510,      0.00,      0.00,      0.00,      0.00,0,1,0,0,1,1
H4,702,2018,441520,      0.00,      0.00,      0.00,      0.00,0,1,0,0,1,1
H4,702,2018,441600,      0.00,      0.00,      0.00,      0.00,0,2,0,0,2,2
H4,702,2018,441700,      0.00,      0.00,      0.00,      0.00,0,2,0,0,2,2
H4,702,2018,441810,      0.00,      0.00,      0.00,      0.00,0,1,0,0,1,1
H4,702,2018,441820,      0.00,      0.00,      0.00,      0.00,0,1,0,0,1,1
H4,702,2018,441840,      0.00,      0.00,      0.00,      0.00,0,1,0,0,1,1
H4,702,2018,441850,      0.00,      0.00,      0.00,      0.00,0,1,0,0,1,1
H4,702,2018,441860,      0.00,      0.00,      0.00,      0.00,0,1,0,0,1,1
H4,702,2018,441871,      0.00,      0.00,      0.00,      0.00,0,1,0,0,1,1
H4,702,2018,441872,      0.00,      0.00,      0.00,      0.00,0,1,0,0,1,1
H4,702,2018,441879,      0.00,      0.00,      0.00,      0.00,0,1,0,0,1,1
H4,702,2018,441890,      0.00,      0.00,      0.00,      0.00,0,2,0,0,2,2
H4,702,2018,441900,      0.00,      0.00,      0.00,      0.00,0,1,0,0,1,1
H4,702,2018,442010,      0.00,      0.00,      0.00,      0.00,0,1,0,0,1,1
H4,702,2018,442090,      0.00,      0.00,      0.00,      0.00,0,2,0,0,2,2
H4,702,2018,442110,      0.00,      0.00,      0.00,      0.00,0,1,0,0,1,1
H4,702,2018,442190,      0.00,      0.00,      0.00,      0.00,0,9,0,0,9,9
H4,702,2018,450110,      0.00,      0.00,      0.00,      0.00,0,1,0,0,1,1
H4,702,2018,450190,      0.00,      0.00,      0.00,      0.00,0,1,0,0,1,1
H4,702,2018,450200,      0.00,      0.00,      0.00,      0.00,0,1,0,0,1,1
H4,702,2018,450310,      0.00,      0.00,      0.00,      0.00,0,1,0,0,1,1
H4,702,2018,450390,      0.00,      0.00,      0.00,      0.00,0,1,0,0,1,1
H4,702,2018,450410,      0.00,      0.00,      0.00,      0.00,0,1,0,0,1,1
H4,702,2018,450490,      0.00,      0.00,      0.00,      0.00,0,1,0,0,1,1
H4,702,2018,460121,      0.00,      0.00,      0.00,      0.00,0,1,0,0,1,1
H4,702,2018,460122,      0.00,      0.00,      0.00,      0.00,0,1,0,0,1,1
H4,702,2018,460129,      0.00,      0.00,      0.00,      0.00,0,1,0,0,1,1
H4,702,2018,460192,      0.00,      0.00,      0.00,      0.00,0,2,0,0,2,2
H4,702,2018,460193,      0.00,      0.00,      0.00,      0.00,0,2,0,0,2,2
H4,702,2018,460194,      0.00,      0.00,      0.00,      0.00,0,2,0,0,2,2
H4,702,2018,460199,      0.00,      0.00,      0.00,      0.00,0,3,0,0,3,3
H4,702,2018,460211,      0.00,      0.00,      0.00,      0.00,0,1,0,0,1,1
H4,702,2018,460212,      0.00,      0.00,      0.00,      0.00,0,1,0,0,1,1
H4,702,2018,460219,      0.00,      0.00,      0.00,      0.00,0,1,0,0,1,1
H4,702,2018,460290,      0.00,      0.00,      0.00,      0.00,0,1,0,0,1,1
H4,702,2018,470100,      0.00,      0.00,      0.00,      0.00,0,1,0,0,1,1
H4,702,2018,470200,      0.00,      0.00,      0.00,      0.00,0,1,0,0,1,1
H4,702,2018,470311,      0.00,      0.00,      0.00,      0.00,0,1,0,0,1,1
H4,702,2018,470319,      0.00,      0.00,      0.00,      0.00,0,1,0,0,1,1
H4,702,2018,470321,      0.00,      0.00,      0.00,      0.00,0,1,0,0,1,1
H4,702,2018,470329,      0.00,      0.00,      0.00,      0.00,0,1,0,0,1,1
H4,702,2018,470411,      0.00,      0.00,      0.00,      0.00,0,1,0,0,1,1
H4,702,2018,470419,      0.00,      0.00,      0.00,      0.00,0,1,0,0,1,1
H4,702,2018,470421,      0.00,      0.00,      0.00,      0.00,0,1,0,0,1,1
H4,702,2018,470429,      0.00,      0.00,      0.00,      0.00,0,1,0,0,1,1
H4,702,2018,470500,      0.00,      0.00,      0.00,      0.00,0,1,0,0,1,1
H4,702,2018,470610,      0.00,      0.00,      0.00,      0.00,0,1,0,0,1,1
H4,702,2018,470620,      0.00,      0.00,      0.00,      0.00,0,1,0,0,1,1
H4,702,2018,470630,      0.00,      0.00,      0.00,      0.00,0,1,0,0,1,1
H4,702,2018,470691,      0.00,      0.00,      0.00,      0.00,0,1,0,0,1,1
H4,702,2018,470692,      0.00,      0.00,      0.00,      0.00,0,1,0,0,1,1
H4,702,2018,470693,      0.00,      0.00,      0.00,      0.00,0,1,0,0,1,1
H4,702,2018,470710,      0.00,      0.00,      0.00,      0.00,0,1,0,0,1,1
H4,702,2018,470720,      0.00,      0.00,      0.00,      0.00,0,1,0,0,1,1
H4,702,2018,470730,      0.00,      0.00,      0.00,      0.00,0,1,0,0,1,1
H4,702,2018,470790,      0.00,      0.00,      0.00,      0.00,0,1,0,0,1,1
H4,702,2018,480100,      0.00,      0.00,      0.00,      0.00,0,2,0,0,2,2
H4,702,2018,480210,      0.00,      0.00,      0.00,      0.00,0,1,0,0,1,1
H4,702,2018,480220,      0.00,      0.00,      0.00,      0.00,0,2,0,0,2,2
H4,702,2018,480240,      0.00,      0.00,      0.00,      0.00,0,2,0,0,2,2
H4,702,2018,480254,      0.00,      0.00,      0.00,      0.00,0,6,0,0,6,6
H4,702,2018,480255,      0.00,      0.00,      0.00,      0.00,0,6,0,0,6,6
H4,702,2018,480256,      0.00,      0.00,      0.00,      0.00,0,4,0,0,4,4
H4,702,2018,480257,      0.00,      0.00,      0.00,      0.00,0,3,0,0,3,3
H4,702,2018,480258,      0.00,      0.00,      0.00,      0.00,0,3,0,0,3,3
H4,702,2018,480261,      0.00,      0.00,      0.00,      0.00,0,3,0,0,3,3
H4,702,2018,480262,      0.00,      0.00,      0.00,      0.00,0,3,0,0,3,3
H4,702,2018,480269,      0.00,      0.00,      0.00,      0.00,0,1,0,0,1,1
H4,702,2018,480300,      0.00,      0.00,      0.00,      0.00,0,2,0,0,2,2
H4,702,2018,480411,      0.00,      0.00,      0.00,      0.00,0,1,0,0,1,1
H4,702,2018,480419,      0.00,      0.00,      0.00,      0.00,0,1,0,0,1,1
H4,702,2018,480421,      0.00,      0.00,      0.00,      0.00,0,2,0,0,2,2
H4,702,2018,480429,      0.00,      0.00,      0.00,      0.00,0,1,0,0,1,1
H4,702,2018,480431,      0.00,      0.00,      0.00,      0.00,0,5,0,0,5,5
H4,702,2018,480439,      0.00,      0.00,      0.00,      0.00,0,3,0,0,3,3
H4,702,2018,480441,      0.00,      0.00,      0.00,      0.00,0,2,0,0,2,2
H4,702,2018,480442,      0.00,      0.00,      0.00,      0.00,0,1,0,0,1,1
H4,702,2018,480449,      0.00,      0.00,      0.00,      0.00,0,2,0,0,2,2
H4,702,2018,480451,      0.00,      0.00,      0.00,      0.00,0,4,0,0,4,4
H4,702,2018,480452,      0.00,      0.00,      0.00,      0.00,0,1,0,0,1,1
H4,702,2018,480459,      0.00,      0.00,      0.00,      0.00,0,1,0,0,1,1
H4,702,2018,480511,      0.00,      0.00,      0.00,      0.00,0,1,0,0,1,1
H4,702,2018,480512,      0.00,      0.00,      0.00,      0.00,0,2,0,0,2,2
H4,702,2018,480519,      0.00,      0.00,      0.00,      0.00,0,2,0,0,2,2
H4,702,2018,480524,      0.00,      0.00,      0.00,      0.00,0,1,0,0,1,1
H4,702,2018,480525,      0.00,      0.00,      0.00,      0.00,0,2,0,0,2,2
H4,702,2018,480530,      0.00,      0.00,      0.00,      0.00,0,2,0,0,2,2
H4,702,2018,480540,      0.00,      0.00,      0.00,      0.00,0,1,0,0,1,1
H4,702,2018,480550,      0.00,      0.00,      0.00,      0.00,0,1,0,0,1,1
H4,702,2018,480591,      0.00,      0.00,      0.00,      0.00,0,3,0,0,3,3
H4,702,2018,480592,      0.00,      0.00,      0.00,      0.00,0,2,0,0,2,2
H4,702,2018,480593,      0.00,      0.00,      0.00,      0.00,0,3,0,0,3,3
H4,702,2018,480610,      0.00,      0.00,      0.00,      0.00,0,1,0,0,1,1
H4,702,2018,480620,      0.00,      0.00,      0.00,      0.00,0,1,0,0,1,1
H4,702,2018,480630,      0.00,      0.00,      0.00,      0.00,0,1,0,0,1,1
H4,702,2018,480640,      0.00,      0.00,      0.00,      0.00,0,1,0,0,1,1
H4,702,2018,480700,      0.00,      0.00,      0.00,      0.00,0,1,0,0,1,1
H4,702,2018,480810,      0.00,      0.00,      0.00,      0.00,0,1,0,0,1,1
H4,702,2018,480840,      0.00,      0.00,      0.00,      0.00,0,1,0,0,1,1
H4,702,2018,480890,      0.00,      0.00,      0.00,      0.00,0,3,0,0,3,3
H4,702,2018,480920,      0.00,      0.00,      0.00,      0.00,0,1,0,0,1,1
H4,702,2018,480990,      0.00,      0.00,      0.00,      0.00,0,2,0,0,2,2
H4,702,2018,481013,      0.00,      0.00,      0.00,      0.00,0,4,0,0,4,4
H4,702,2018,481014,      0.00,      0.00,      0.00,      0.00,0,4,0,0,4,4
H4,702,2018,481019,      0.00,      0.00,      0.00,      0.00,0,4,0,0,4,4
H4,702,2018,481022,      0.00,      0.00,      0.00,      0.00,0,4,0,0,4,4
H4,702,2018,481029,      0.00,      0.00,      0.00,      0.00,0,4,0,0,4,4
H4,702,2018,481031,      0.00,      0.00,      0.00,      0.00,0,4,0,0,4,4
H4,702,2018,481032,      0.00,      0.00,      0.00,      0.00,0,2,0,0,2,2
H4,702,2018,481039,      0.00,      0.00,      0.00,      0.00,0,2,0,0,2,2
H4,702,2018,481092,      0.00,      0.00,      0.00,      0.00,0,2,0,0,2,2
H4,702,2018,481099,      0.00,      0.00,      0.00,      0.00,0,2,0,0,2,2
H4,702,2018,481110,      0.00,      0.00,      0.00,      0.00,0,4,0,0,4,4
H4,702,2018,481141,      0.00,      0.00,      0.00,      0.00,0,2,0,0,2,2
H4,702,2018,481149,      0.00,      0.00,      0.00,      0.00,0,2,0,0,2,2
H4,702,2018,481151,      0.00,      0.00,      0.00,      0.00,0,4,0,0,4,4
H4,702,2018,481159,      0.00,      0.00,      0.00,      0.00,0,5,0,0,5,5
H4,702,2018,481160,      0.00,      0.00,      0.00,      0.00,0,2,0,0,2,2
H4,702,2018,481190,      0.00,      0.00,      0.00,      0.00,0,4,0,0,4,4
H4,702,2018,481200,      0.00,      0.00,      0.00,      0.00,0,1,0,0,1,1
H4,702,2018,481310,      0.00,      0.00,      0.00,      0.00,0,1,0,0,1,1
H4,702,2018,481320,      0.00,      0.00,      0.00,      0.00,0,1,0,0,1,1
H4,702,2018,481390,      0.00,      0.00,      0.00,      0.00,0,2,0,0,2,2
H4,702,2018,481420,      0.00,      0.00,      0.00,      0.00,0,1,0,0,1,1
H4,702,2018,481490,      0.00,      0.00,      0.00,      0.00,0,1,0,0,1,1
H4,702,2018,481620,      0.00,      0.00,      0.00,      0.00,0,2,0,0,2,2
H4,702,2018,481690,      0.00,      0.00,      0.00,      0.00,0,5,0,0,5,5
H4,702,2018,481710,      0.00,      0.00,      0.00,      0.00,0,1,0,0,1,1
H4,702,2018,481720,      0.00,      0.00,      0.00,      0.00,0,1,0,0,1,1
H4,702,2018,481730,      0.00,      0.00,      0.00,      0.00,0,1,0,0,1,1
H4,702,2018,481810,      0.00,      0.00,      0.00,      0.00,0,1,0,0,1,1
H4,702,2018,481820,      0.00,      0.00,      0.00,      0.00,0,1,0,0,1,1
H4,702,2018,481830,      0.00,      0.00,      0.00,      0.00,0,2,0,0,2,2
H4,702,2018,481850,      0.00,      0.00,      0.00,      0.00,0,1,0,0,1,1
H4,702,2018,481890,      0.00,      0.00,      0.00,      0.00,0,1,0,0,1,1
H4,702,2018,481910,      0.00,      0.00,      0.00,      0.00,0,1,0,0,1,1
H4,702,2018,481920,      0.00,      0.00,      0.00,      0.00,0,1,0,0,1,1
H4,702,2018,481930,      0.00,      0.00,      0.00,      0.00,0,1,0,0,1,1
H4,702,2018,481940,      0.00,      0.00,      0.00,      0.00,0,1,0,0,1,1
H4,702,2018,481950,      0.00,      0.00,      0.00,      0.00,0,1,0,0,1,1
H4,702,2018,481960,      0.00,      0.00,      0.00,      0.00,0,1,0,0,1,1
H4,702,2018,482010,      0.00,      0.00,      0.00,      0.00,0,1,0,0,1,1
H4,702,2018,482020,      0.00,      0.00,      0.00,      0.00,0,1,0,0,1,1
H4,702,2018,482030,      0.00,      0.00,      0.00,      0.00,0,1,0,0,1,1
H4,702,2018,482040,      0.00,      0.00,      0.00,      0.00,0,1,0,0,1,1
H4,702,2018,482050,      0.00,      0.00,      0.00,      0.00,0,1,0,0,1,1
H4,702,2018,482090,      0.00,      0.00,      0.00,      0.00,0,1,0,0,1,1
H4,702,2018,482110,      0.00,      0.00,      0.00,      0.00,0,2,0,0,2,2
H4,702,2018,482190,      0.00,      0.00,      0.00,      0.00,0,2,0,0,2,2
H4,702,2018,482210,      0.00,      0.00,      0.00,      0.00,0,2,0,0,2,2
H4,702,2018,482290,      0.00,      0.00,      0.00,      0.00,0,2,0,0,2,2
H4,702,2018,482320,      0.00,      0.00,      0.00,      0.00,0,2,0,0,2,2
H4,702,2018,482340,      0.00,      0.00,      0.00,      0.00,0,3,0,0,3,3
H4,702,2018,482361,      0.00,      0.00,      0.00,      0.00,0,1,0,0,1,1
H4,702,2018,482369,      0.00,      0.00,      0.00,      0.00,0,1,0,0,1,1
H4,702,2018,482370,      0.00,      0.00,      0.00,      0.00,0,1,0,0,1,1
H4,702,2018,482390,      0.00,      0.00,      0.00,      0.00,0,13,0,0,13,13
H4,702,2018,490110,      0.00,      0.00,      0.00,      0.00,0,1,0,0,1,1
H4,702,2018,490191,      0.00,      0.00,      0.00,      0.00,0,1,0,0,1,1
H4,702,2018,490199,      0.00,      0.00,      0.00,      0.00,0,2,0,0,2,2
H4,702,2018,490210,      0.00,      0.00,      0.00,      0.00,0,1,0,0,1,1
H4,702,2018,490290,      0.00,      0.00,      0.00,      0.00,0,2,0,0,2,2
H4,702,2018,490300,      0.00,      0.00,      0.00,      0.00,0,1,0,0,1,1
H4,702,2018,490400,      0.00,      0.00,      0.00,      0.00,0,1,0,0,1,1
H4,702,2018,490510,      0.00,      0.00,      0.00,      0.00,0,1,0,0,1,1
H4,702,2018,490591,      0.00,      0.00,      0.00,      0.00,0,1,0,0,1,1
H4,702,2018,490599,      0.00,      0.00,      0.00,      0.00,0,1,0,0,1,1
H4,702,2018,490600,      0.00,      0.00,      0.00,      0.00,0,2,0,0,2,2
H4,702,2018,490700,      0.00,      0.00,      0.00,      0.00,0,5,0,0,5,5
H4,702,2018,490810,      0.00,      0.00,      0.00,      0.00,0,1,0,0,1,1
H4,702,2018,490890,      0.00,      0.00,      0.00,      0.00,0,1,0,0,1,1
H4,702,2018,490900,      0.00,      0.00,      0.00,      0.00,0,1,0,0,1,1
H4,702,2018,491000,      0.00,      0.00,      0.00,      0.00,0,1,0,0,1,1
H4,702,2018,491110,      0.00,      0.00,      0.00,      0.00,0,2,0,0,2,2
H4,702,2018,491191,      0.00,      0.00,      0.00,      0.00,0,5,0,0,5,5
H4,702,2018,491199,      0.00,      0.00,      0.00,      0.00,0,4,0,0,4,4
H4,702,2018,500100,      0.00,      0.00,      0.00,      0.00,0,1,0,0,1,1
H4,702,2018,500200,      0.00,      0.00,      0.00,      0.00,0,1,0,0,1,1
H4,702,2018,500300,      0.00,      0.00,      0.00,      0.00,0,1,0,0,1,1
H4,702,2018,500400,      0.00,      0.00,      0.00,      0.00,0,1,0,0,1,1
H4,702,2018,500500,      0.00,      0.00,      0.00,      0.00,0,1,0,0,1,1
H4,702,2018,500600,      0.00,      0.00,      0.00,      0.00,0,1,0,0,1,1
H4,702,2018,500710,      0.00,      0.00,      0.00,      0.00,0,2,0,0,2,2
H4,702,2018,500720,      0.00,      0.00,      0.00,      0.00,0,2,0,0,2,2
H4,702,2018,500790,      0.00,      0.00,      0.00,      0.00,0,2,0,0,2,2
H4,702,2018,510111,      0.00,      0.00,      0.00,      0.00,0,1,0,0,1,1
H4,702,2018,510119,      0.00,      0.00,      0.00,      0.00,0,1,0,0,1,1
H4,702,2018,510121,      0.00,      0.00,      0.00,      0.00,0,1,0,0,1,1
H4,702,2018,510129,      0.00,      0.00,      0.00,      0.00,0,1,0,0,1,1
H4,702,2018,510130,      0.00,      0.00,      0.00,      0.00,0,1,0,0,1,1
H4,702,2018,510211,      0.00,      0.00,      0.00,      0.00,0,1,0,0,1,1
H4,702,2018,510219,      0.00,      0.00,      0.00,      0.00,0,1,0,0,1,1
H4,702,2018,510220,      0.00,      0.00,      0.00,      0.00,0,1,0,0,1,1
H4,702,2018,510310,      0.00,      0.00,      0.00,      0.00,0,1,0,0,1,1
H4,702,2018,510320,      0.00,      0.00,      0.00,      0.00,0,1,0,0,1,1
H4,702,2018,510330,      0.00,      0.00,      0.00,      0.00,0,1,0,0,1,1
H4,702,2018,510400,      0.00,      0.00,      0.00,      0.00,0,1,0,0,1,1
H4,702,2018,510510,      0.00,      0.00,      0.00,      0.00,0,1,0,0,1,1
H4,702,2018,510521,      0.00,      0.00,      0.00,      0.00,0,1,0,0,1,1
H4,702,2018,510529,      0.00,      0.00,      0.00,      0.00,0,1,0,0,1,1
H4,702,2018,510531,      0.00,      0.00,      0.00,      0.00,0,1,0,0,1,1
H4,702,2018,510539,      0.00,      0.00,      0.00,      0.00,0,1,0,0,1,1
H4,702,2018,510540,      0.00,      0.00,      0.00,      0.00,0,1,0,0,1,1
H4,702,2018,510610,      0.00,      0.00,      0.00,      0.00,0,1,0,0,1,1
H4,702,2018,510620,      0.00,      0.00,      0.00,      0.00,0,1,0,0,1,1
H4,702,2018,510710,      0.00,      0.00,      0.00,      0.00,0,1,0,0,1,1
H4,702,2018,510720,      0.00,      0.00,      0.00,      0.00,0,1,0,0,1,1
H4,702,2018,510810,      0.00,      0.00,      0.00,      0.00,0,1,0,0,1,1
H4,702,2018,510820,      0.00,      0.00,      0.00,      0.00,0,1,0,0,1,1
H4,702,2018,510910,      0.00,      0.00,      0.00,      0.00,0,1,0,0,1,1
H4,702,2018,510990,      0.00,      0.00,      0.00,      0.00,0,1,0,0,1,1
H4,702,2018,511000,      0.00,      0.00,      0.00,      0.00,0,1,0,0,1,1
H4,702,2018,511111,      0.00,      0.00,      0.00,      0.00,0,2,0,0,2,2
H4,702,2018,511119,      0.00,      0.00,      0.00,      0.00,0,2,0,0,2,2
H4,702,2018,511120,      0.00,      0.00,      0.00,      0.00,0,1,0,0,1,1
H4,702,2018,511130,      0.00,      0.00,      0.00,      0.00,0,1,0,0,1,1
H4,702,2018,511190,      0.00,      0.00,      0.00,      0.00,0,1,0,0,1,1
H4,702,2018,511211,      0.00,      0.00,      0.00,      0.00,0,2,0,0,2,2
H4,702,2018,511219,      0.00,      0.00,      0.00,      0.00,0,2,0,0,2,2
H4,702,2018,511220,      0.00,      0.00,      0.00,      0.00,0,1,0,0,1,1
H4,702,2018,511230,      0.00,      0.00,      0.00,      0.00,0,1,0,0,1,1
H4,702,2018,511290,      0.00,      0.00,      0.00,      0.00,0,1,0,0,1,1
H4,702,2018,511300,      0.00,      0.00,      0.00,      0.00,0,1,0,0,1,1
H4,702,2018,520100,      0.00,      0.00,      0.00,      0.00,0,1,0,0,1,1
H4,702,2018,520210,      0.00,      0.00,      0.00,      0.00,0,1,0,0,1,1
H4,702,2018,520291,      0.00,      0.00,      0.00,      0.00,0,1,0,0,1,1
H4,702,2018,520299,      0.00,      0.00,      0.00,      0.00,0,1,0,0,1,1
H4,702,2018,520300,      0.00,      0.00,      0.00,      0.00,0,1,0,0,1,1
H4,702,2018,520411,      0.00,      0.00,      0.00,      0.00,0,1,0,0,1,1
H4,702,2018,520419,      0.00,      0.00,      0.00,      0.00,0,1,0,0,1,1
H4,702,2018,520420,      0.00,      0.00,      0.00,      0.00,0,1,0,0,1,1
H4,702,2018,520511,      0.00,      0.00,      0.00,      0.00,0,1,0,0,1,1
H4,702,2018,520512,      0.00,      0.00,      0.00,      0.00,0,1,0,0,1,1
H4,702,2018,520513,      0.00,      0.00,      0.00,      0.00,0,1,0,0,1,1
H4,702,2018,520514,      0.00,      0.00,      0.00,      0.00,0,1,0,0,1,1
H4,702,2018,520515,      0.00,      0.00,      0.00,      0.00,0,1,0,0,1,1
H4,702,2018,520521,      0.00,      0.00,      0.00,      0.00,0,1,0,0,1,1
H4,702,2018,520522,      0.00,      0.00,      0.00,      0.00,0,1,0,0,1,1
H4,702,2018,520523,      0.00,      0.00,      0.00,      0.00,0,1,0,0,1,1
H4,702,2018,520524,      0.00,      0.00,      0.00,      0.00,0,1,0,0,1,1
H4,702,2018,520526,      0.00,      0.00,      0.00,      0.00,0,1,0,0,1,1
H4,702,2018,520527,      0.00,      0.00,      0.00,      0.00,0,1,0,0,1,1
H4,702,2018,520528,      0.00,      0.00,      0.00,      0.00,0,1,0,0,1,1
H4,702,2018,520531,      0.00,      0.00,      0.00,      0.00,0,1,0,0,1,1
H4,702,2018,520532,      0.00,      0.00,      0.00,      0.00,0,1,0,0,1,1
H4,702,2018,520533,      0.00,      0.00,      0.00,      0.00,0,1,0,0,1,1
H4,702,2018,520534,      0.00,      0.00,      0.00,      0.00,0,1,0,0,1,1
H4,702,2018,520535,      0.00,      0.00,      0.00,      0.00,0,1,0,0,1,1
H4,702,2018,520541,      0.00,      0.00,      0.00,      0.00,0,1,0,0,1,1
H4,702,2018,520542,      0.00,      0.00,      0.00,      0.00,0,1,0,0,1,1
H4,702,2018,520543,      0.00,      0.00,      0.00,      0.00,0,1,0,0,1,1
H4,702,2018,520544,      0.00,      0.00,      0.00,      0.00,0,1,0,0,1,1
H4,702,2018,520546,      0.00,      0.00,      0.00,      0.00,0,1,0,0,1,1
H4,702,2018,520547,      0.00,      0.00,      0.00,      0.00,0,1,0,0,1,1
H4,702,2018,520548,      0.00,      0.00,      0.00,      0.00,0,1,0,0,1,1
H4,702,2018,520611,      0.00,      0.00,      0.00,      0.00,0,1,0,0,1,1
H4,702,2018,520612,      0.00,      0.00,      0.00,      0.00,0,1,0,0,1,1
H4,702,2018,520613,      0.00,      0.00,      0.00,      0.00,0,1,0,0,1,1
H4,702,2018,520614,      0.00,      0.00,      0.00,      0.00,0,1,0,0,1,1
H4,702,2018,520615,      0.00,      0.00,      0.00,      0.00,0,1,0,0,1,1
H4,702,2018,520621,      0.00,      0.00,      0.00,      0.00,0,1,0,0,1,1
H4,702,2018,520622,      0.00,      0.00,      0.00,      0.00,0,1,0,0,1,1
H4,702,2018,520623,      0.00,      0.00,      0.00,      0.00,0,1,0,0,1,1
H4,702,2018,520624,      0.00,      0.00,      0.00,      0.00,0,1,0,0,1,1
H4,702,2018,520625,      0.00,      0.00,      0.00,      0.00,0,1,0,0,1,1
H4,702,2018,520631,      0.00,      0.00,      0.00,      0.00,0,1,0,0,1,1
H4,702,2018,520632,      0.00,      0.00,      0.00,      0.00,0,1,0,0,1,1
H4,702,2018,520633,      0.00,      0.00,      0.00,      0.00,0,1,0,0,1,1
H4,702,2018,520634,      0.00,      0.00,      0.00,      0.00,0,1,0,0,1,1
H4,702,2018,520635,      0.00,      0.00,      0.00,      0.00,0,1,0,0,1,1
H4,702,2018,520641,      0.00,      0.00,      0.00,      0.00,0,1,0,0,1,1
H4,702,2018,520642,      0.00,      0.00,      0.00,      0.00,0,1,0,0,1,1
H4,702,2018,520643,      0.00,      0.00,      0.00,      0.00,0,1,0,0,1,1
H4,702,2018,520644,      0.00,      0.00,      0.00,      0.00,0,1,0,0,1,1
H4,702,2018,520645,      0.00,      0.00,      0.00,      0.00,0,1,0,0,1,1
H4,702,2018,520710,      0.00,      0.00,      0.00,      0.00,0,1,0,0,1,1
H4,702,2018,520790,      0.00,      0.00,      0.00,      0.00,0,1,0,0,1,1
H4,702,2018,520811,      0.00,      0.00,      0.00,      0.00,0,1,0,0,1,1
H4,702,2018,520812,      0.00,      0.00,      0.00,      0.00,0,1,0,0,1,1
H4,702,2018,520813,      0.00,      0.00,      0.00,      0.00,0,1,0,0,1,1
H4,702,2018,520819,      0.00,      0.00,      0.00,      0.00,0,1,0,0,1,1
H4,702,2018,520821,      0.00,      0.00,      0.00,      0.00,0,1,0,0,1,1
H4,702,2018,520822,      0.00,      0.00,      0.00,      0.00,0,1,0,0,1,1
H4,702,2018,520823,      0.00,      0.00,      0.00,      0.00,0,1,0,0,1,1
H4,702,2018,520829,      0.00,      0.00,      0.00,      0.00,0,1,0,0,1,1
H4,702,2018,520831,      0.00,      0.00,      0.00,      0.00,0,1,0,0,1,1
H4,702,2018,520832,      0.00,      0.00,      0.00,      0.00,0,1,0,0,1,1
H4,702,2018,520833,      0.00,      0.00,      0.00,      0.00,0,1,0,0,1,1
H4,702,2018,520839,      0.00,      0.00,      0.00,      0.00,0,1,0,0,1,1
H4,702,2018,520841,      0.00,      0.00,      0.00,      0.00,0,1,0,0,1,1
H4,702,2018,520842,      0.00,      0.00,      0.00,      0.00,0,1,0,0,1,1
H4,702,2018,520843,      0.00,      0.00,      0.00,      0.00,0,1,0,0,1,1
H4,702,2018,520849,      0.00,      0.00,      0.00,      0.00,0,1,0,0,1,1
H4,702,2018,520851,      0.00,      0.00,      0.00,      0.00,0,2,0,0,2,2
H4,702,2018,520852,      0.00,      0.00,      0.00,      0.00,0,2,0,0,2,2
H4,702,2018,520859,      0.00,      0.00,      0.00,      0.00,0,2,0,0,2,2
H4,702,2018,520911,      0.00,      0.00,      0.00,      0.00,0,1,0,0,1,1
H4,702,2018,520912,      0.00,      0.00,      0.00,      0.00,0,1,0,0,1,1
H4,702,2018,520919,      0.00,      0.00,      0.00,      0.00,0,1,0,0,1,1
H4,702,2018,520921,      0.00,      0.00,      0.00,      0.00,0,1,0,0,1,1
H4,702,2018,520922,      0.00,      0.00,      0.00,      0.00,0,1,0,0,1,1
H4,702,2018,520929,      0.00,      0.00,      0.00,      0.00,0,1,0,0,1,1
H4,702,2018,520931,      0.00,      0.00,      0.00,      0.00,0,1,0,0,1,1
H4,702,2018,520932,      0.00,      0.00,      0.00,      0.00,0,1,0,0,1,1
H4,702,2018,520939,      0.00,      0.00,      0.00,      0.00,0,1,0,0,1,1
H4,702,2018,520941,      0.00,      0.00,      0.00,      0.00,0,1,0,0,1,1
H4,702,2018,520942,      0.00,      0.00,      0.00,      0.00,0,1,0,0,1,1
H4,702,2018,520943,      0.00,      0.00,      0.00,      0.00,0,1,0,0,1,1
H4,702,2018,520949,      0.00,      0.00,      0.00,      0.00,0,1,0,0,1,1
H4,702,2018,520951,      0.00,      0.00,      0.00,      0.00,0,2,0,0,2,2
H4,702,2018,520952,      0.00,      0.00,      0.00,      0.00,0,2,0,0,2,2
H4,702,2018,520959,      0.00,      0.00,      0.00,      0.00,0,2,0,0,2,2
H4,702,2018,521011,      0.00,      0.00,      0.00,      0.00,0,1,0,0,1,1
H4,702,2018,521019,      0.00,      0.00,      0.00,      0.00,0,1,0,0,1,1
H4,702,2018,521021,      0.00,      0.00,      0.00,      0.00,0,1,0,0,1,1
H4,702,2018,521029,      0.00,      0.00,      0.00,      0.00,0,1,0,0,1,1
H4,702,2018,521031,      0.00,      0.00,      0.00,      0.00,0,1,0,0,1,1
H4,702,2018,521032,      0.00,      0.00,      0.00,      0.00,0,1,0,0,1,1
H4,702,2018,521039,      0.00,      0.00,      0.00,      0.00,0,1,0,0,1,1
H4,702,2018,521041,      0.00,      0.00,      0.00,      0.00,0,1,0,0,1,1
H4,702,2018,521049,      0.00,      0.00,      0.00,      0.00,0,1,0,0,1,1
H4,702,2018,521051,      0.00,      0.00,      0.00,      0.00,0,2,0,0,2,2
H4,702,2018,521059,      0.00,      0.00,      0.00,      0.00,0,2,0,0,2,2
H4,702,2018,521111,      0.00,      0.00,      0.00,      0.00,0,1,0,0,1,1
H4,702,2018,521112,      0.00,      0.00,      0.00,      0.00,0,1,0,0,1,1
H4,702,2018,521119,      0.00,      0.00,      0.00,      0.00,0,1,0,0,1,1
H4,702,2018,521120,      0.00,      0.00,      0.00,      0.00,0,1,0,0,1,1
H4,702,2018,521131,      0.00,      0.00,      0.00,      0.00,0,1,0,0,1,1
H4,702,2018,521132,      0.00,      0.00,      0.00,      0.00,0,1,0,0,1,1
H4,702,2018,521139,      0.00,      0.00,      0.00,      0.00,0,1,0,0,1,1
H4,702,2018,521141,      0.00,      0.00,      0.00,      0.00,0,1,0,0,1,1
H4,702,2018,521142,      0.00,      0.00,      0.00,      0.00,0,1,0,0,1,1
H4,702,2018,521143,      0.00,      0.00,      0.00,      0.00,0,1,0,0,1,1
H4,702,2018,521149,      0.00,      0.00,      0.00,      0.00,0,1,0,0,1,1
H4,702,2018,521151,      0.00,      0.00,      0.00,      0.00,0,2,0,0,2,2
H4,702,2018,521152,      0.00,      0.00,      0.00,      0.00,0,2,0,0,2,2
H4,702,2018,521159,      0.00,      0.00,      0.00,      0.00,0,2,0,0,2,2
H4,702,2018,521211,      0.00,      0.00,      0.00,      0.00,0,1,0,0,1,1
H4,702,2018,521212,      0.00,      0.00,      0.00,      0.00,0,1,0,0,1,1
H4,702,2018,521213,      0.00,      0.00,      0.00,      0.00,0,1,0,0,1,1
H4,702,2018,521214,      0.00,      0.00,      0.00,      0.00,0,1,0,0,1,1
H4,702,2018,521215,      0.00,      0.00,      0.00,      0.00,0,2,0,0,2,2
H4,702,2018,521221,      0.00,      0.00,      0.00,      0.00,0,1,0,0,1,1
H4,702,2018,521222,      0.00,      0.00,      0.00,      0.00,0,1,0,0,1,1
H4,702,2018,521223,      0.00,      0.00,      0.00,      0.00,0,1,0,0,1,1
H4,702,2018,521224,      0.00,      0.00,      0.00,      0.00,0,1,0,0,1,1
H4,702,2018,521225,      0.00,      0.00,      0.00,      0.00,0,2,0,0,2,2
H4,702,2018,530110,      0.00,      0.00,      0.00,      0.00,0,1,0,0,1,1
H4,702,2018,530121,      0.00,      0.00,      0.00,      0.00,0,1,0,0,1,1
H4,702,2018,530129,      0.00,      0.00,      0.00,      0.00,0,1,0,0,1,1
H4,702,2018,530130,      0.00,      0.00,      0.00,      0.00,0,1,0,0,1,1
H4,702,2018,530210,      0.00,      0.00,      0.00,      0.00,0,1,0,0,1,1
H4,702,2018,530290,      0.00,      0.00,      0.00,      0.00,0,1,0,0,1,1
H4,702,2018,530310,      0.00,      0.00,      0.00,      0.00,0,1,0,0,1,1
H4,702,2018,530390,      0.00,      0.00,      0.00,      0.00,0,1,0,0,1,1
H4,702,2018,530500,      0.00,      0.00,      0.00,      0.00,0,3,0,0,3,3
H4,702,2018,530610,      0.00,      0.00,      0.00,      0.00,0,1,0,0,1,1
H4,702,2018,530620,      0.00,      0.00,      0.00,      0.00,0,1,0,0,1,1
H4,702,2018,530710,      0.00,      0.00,      0.00,      0.00,0,1,0,0,1,1
H4,702,2018,530720,      0.00,      0.00,      0.00,      0.00,0,1,0,0,1,1
H4,702,2018,530810,      0.00,      0.00,      0.00,      0.00,0,1,0,0,1,1
H4,702,2018,530820,      0.00,      0.00,      0.00,      0.00,0,1,0,0,1,1
H4,702,2018,530890,      0.00,      0.00,      0.00,      0.00,0,2,0,0,2,2
H4,702,2018,530911,      0.00,      0.00,      0.00,      0.00,0,2,0,0,2,2
H4,702,2018,530919,      0.00,      0.00,      0.00,      0.00,0,2,0,0,2,2
H4,702,2018,530921,      0.00,      0.00,      0.00,      0.00,0,2,0,0,2,2
H4,702,2018,530929,      0.00,      0.00,      0.00,      0.00,0,2,0,0,2,2
H4,702,2018,531010,      0.00,      0.00,      0.00,      0.00,0,1,0,0,1,1
H4,702,2018,531090,      0.00,      0.00,      0.00,      0.00,0,2,0,0,2,2
H4,702,2018,531100,      0.00,      0.00,      0.00,      0.00,0,2,0,0,2,2
H4,702,2018,540110,      0.00,      0.00,      0.00,      0.00,0,2,0,0,2,2
H4,702,2018,540120,      0.00,      0.00,      0.00,      0.00,0,2,0,0,2,2
H4,702,2018,540211,      0.00,      0.00,      0.00,      0.00,0,1,0,0,1,1
H4,702,2018,540219,      0.00,      0.00,      0.00,      0.00,0,1,0,0,1,1
H4,702,2018,540220,      0.00,      0.00,      0.00,      0.00,0,1,0,0,1,1
H4,702,2018,540231,      0.00,      0.00,      0.00,      0.00,0,1,0,0,1,1
H4,702,2018,540232,      0.00,      0.00,      0.00,      0.00,0,1,0,0,1,1
H4,702,2018,540233,      0.00,      0.00,      0.00,      0.00,0,1,0,0,1,1
H4,702,2018,540234,      0.00,      0.00,      0.00,      0.00,0,1,0,0,1,1
H4,702,2018,540239,      0.00,      0.00,      0.00,      0.00,0,1,0,0,1,1
H4,702,2018,540244,      0.00,      0.00,      0.00,      0.00,0,1,0,0,1,1
H4,702,2018,540245,      0.00,      0.00,      0.00,      0.00,0,1,0,0,1,1
H4,702,2018,540246,      0.00,      0.00,      0.00,      0.00,0,1,0,0,1,1
H4,702,2018,540247,      0.00,      0.00,      0.00,      0.00,0,1,0,0,1,1
H4,702,2018,540248,      0.00,      0.00,      0.00,      0.00,0,1,0,0,1,1
H4,702,2018,540249,      0.00,      0.00,      0.00,      0.00,0,1,0,0,1,1
H4,702,2018,540251,      0.00,      0.00,      0.00,      0.00,0,1,0,0,1,1
H4,702,2018,540252,      0.00,      0.00,      0.00,      0.00,0,1,0,0,1,1
H4,702,2018,540259,      0.00,      0.00,      0.00,      0.00,0,2,0,0,2,2
H4,702,2018,540261,      0.00,      0.00,      0.00,      0.00,0,1,0,0,1,1
H4,702,2018,540262,      0.00,      0.00,      0.00,      0.00,0,1,0,0,1,1
H4,702,2018,540269,      0.00,      0.00,      0.00,      0.00,0,2,0,0,2,2
H4,702,2018,540310,      0.00,      0.00,      0.00,      0.00,0,1,0,0,1,1
H4,702,2018,540331,      0.00,      0.00,      0.00,      0.00,0,2,0,0,2,2
H4,702,2018,540332,      0.00,      0.00,      0.00,      0.00,0,2,0,0,2,2
H4,702,2018,540333,      0.00,      0.00,      0.00,      0.00,0,2,0,0,2,2
H4,702,2018,540339,      0.00,      0.00,      0.00,      0.00,0,2,0,0,2,2
H4,702,2018,540341,      0.00,      0.00,      0.00,      0.00,0,2,0,0,2,2
H4,702,2018,540342,      0.00,      0.00,      0.00,      0.00,0,2,0,0,2,2
H4,702,2018,540349,      0.00,      0.00,      0.00,      0.00,0,2,0,0,2,2
H4,702,2018,540411,      0.00,      0.00,      0.00,      0.00,0,1,0,0,1,1
H4,702,2018,540412,      0.00,      0.00,      0.00,      0.00,0,1,0,0,1,1
H4,702,2018,540419,      0.00,      0.00,      0.00,      0.00,0,1,0,0,1,1
H4,702,2018,540490,      0.00,      0.00,      0.00,      0.00,0,1,0,0,1,1
H4,702,2018,540500,      0.00,      0.00,      0.00,      0.00,0,1,0,0,1,1
H4,702,2018,540600,      0.00,      0.00,      0.00,      0.00,0,1,0,0,1,1
H4,702,2018,540710,      0.00,      0.00,      0.00,      0.00,0,2,0,0,2,2
H4,702,2018,540720,      0.00,      0.00,      0.00,      0.00,0,1,0,0,1,1
H4,702,2018,540730,      0.00,      0.00,      0.00,      0.00,0,1,0,0,1,1
H4,702,2018,540741,      0.00,      0.00,      0.00,      0.00,0,2,0,0,2,2
H4,702,2018,540742,      0.00,      0.00,      0.00,      0.00,0,1,0,0,1,1
H4,702,2018,540743,      0.00,      0.00,      0.00,      0.00,0,1,0,0,1,1
H4,702,2018,540744,      0.00,      0.00,      0.00,      0.00,0,1,0,0,1,1
H4,702,2018,540751,      0.00,      0.00,      0.00,      0.00,0,1,0,0,1,1
H4,702,2018,540752,      0.00,      0.00,      0.00,      0.00,0,1,0,0,1,1
H4,702,2018,540753,      0.00,      0.00,      0.00,      0.00,0,1,0,0,1,1
H4,702,2018,540754,      0.00,      0.00,      0.00,      0.00,0,1,0,0,1,1
H4,702,2018,540761,      0.00,      0.00,      0.00,      0.00,0,1,0,0,1,1
H4,702,2018,540769,      0.00,      0.00,      0.00,      0.00,0,1,0,0,1,1
H4,702,2018,540771,      0.00,      0.00,      0.00,      0.00,0,1,0,0,1,1
H4,702,2018,540772,      0.00,      0.00,      0.00,      0.00,0,1,0,0,1,1
H4,702,2018,540773,      0.00,      0.00,      0.00,      0.00,0,1,0,0,1,1
H4,702,2018,540774,      0.00,      0.00,      0.00,      0.00,0,1,0,0,1,1
H4,702,2018,540781,      0.00,      0.00,      0.00,      0.00,0,1,0,0,1,1
H4,702,2018,540782,      0.00,      0.00,      0.00,      0.00,0,1,0,0,1,1
H4,702,2018,540783,      0.00,      0.00,      0.00,      0.00,0,1,0,0,1,1
H4,702,2018,540784,      0.00,      0.00,      0.00,      0.00,0,1,0,0,1,1
H4,702,2018,540791,      0.00,      0.00,      0.00,      0.00,0,1,0,0,1,1
H4,702,2018,540792,      0.00,      0.00,      0.00,      0.00,0,1,0,0,1,1
H4,702,2018,540793,      0.00,      0.00,      0.00,      0.00,0,1,0,0,1,1
H4,702,2018,540794,      0.00,      0.00,      0.00,      0.00,0,1,0,0,1,1
H4,702,2018,540810,      0.00,      0.00,      0.00,      0.00,0,1,0,0,1,1
H4,702,2018,540821,      0.00,      0.00,      0.00,      0.00,0,1,0,0,1,1
H4,702,2018,540822,      0.00,      0.00,      0.00,      0.00,0,1,0,0,1,1
H4,702,2018,540823,      0.00,      0.00,      0.00,      0.00,0,1,0,0,1,1
H4,702,2018,540824,      0.00,      0.00,      0.00,      0.00,0,1,0,0,1,1
H4,702,2018,540831,      0.00,      0.00,      0.00,      0.00,0,1,0,0,1,1
H4,702,2018,540832,      0.00,      0.00,      0.00,      0.00,0,1,0,0,1,1
H4,702,2018,540833,      0.00,      0.00,      0.00,      0.00,0,1,0,0,1,1
H4,702,2018,540834,      0.00,      0.00,      0.00,      0.00,0,1,0,0,1,1
H4,702,2018,550110,      0.00,      0.00,      0.00,      0.00,0,1,0,0,1,1
H4,702,2018,550120,      0.00,      0.00,      0.00,      0.00,0,1,0,0,1,1
H4,702,2018,550130,      0.00,      0.00,      0.00,      0.00,0,1,0,0,1,1
H4,702,2018,550140,      0.00,      0.00,      0.00,      0.00,0,1,0,0,1,1
H4,702,2018,550190,      0.00,      0.00,      0.00,      0.00,0,1,0,0,1,1
H4,702,2018,550200,      0.00,      0.00,      0.00,      0.00,0,1,0,0,1,1
H4,702,2018,550311,      0.00,      0.00,      0.00,      0.00,0,1,0,0,1,1
H4,702,2018,550319,      0.00,      0.00,      0.00,      0.00,0,1,0,0,1,1
H4,702,2018,550320,      0.00,      0.00,      0.00,      0.00,0,1,0,0,1,1
H4,702,2018,550330,      0.00,      0.00,      0.00,      0.00,0,1,0,0,1,1
H4,702,2018,550340,      0.00,      0.00,      0.00,      0.00,0,1,0,0,1,1
H4,702,2018,550390,      0.00,      0.00,      0.00,      0.00,0,1,0,0,1,1
H4,702,2018,550410,      0.00,      0.00,      0.00,      0.00,0,1,0,0,1,1
H4,702,2018,550490,      0.00,      0.00,      0.00,      0.00,0,1,0,0,1,1
H4,702,2018,550510,      0.00,      0.00,      0.00,      0.00,0,1,0,0,1,1
H4,702,2018,550520,      0.00,      0.00,      0.00,      0.00,0,1,0,0,1,1
H4,702,2018,550610,      0.00,      0.00,      0.00,      0.00,0,1,0,0,1,1
H4,702,2018,550620,      0.00,      0.00,      0.00,      0.00,0,1,0,0,1,1
H4,702,2018,550630,      0.00,      0.00,      0.00,      0.00,0,1,0,0,1,1
H4,702,2018,550690,      0.00,      0.00,      0.00,      0.00,0,1,0,0,1,1
H4,702,2018,550700,      0.00,      0.00,      0.00,      0.00,0,1,0,0,1,1
H4,702,2018,550810,      0.00,      0.00,      0.00,      0.00,0,2,0,0,2,2
H4,702,2018,550820,      0.00,      0.00,      0.00,      0.00,0,2,0,0,2,2
H4,702,2018,550911,      0.00,      0.00,      0.00,      0.00,0,1,0,0,1,1
H4,702,2018,550912,      0.00,      0.00,      0.00,      0.00,0,1,0,0,1,1
H4,702,2018,550921,      0.00,      0.00,      0.00,      0.00,0,1,0,0,1,1
H4,702,2018,550922,      0.00,      0.00,      0.00,      0.00,0,1,0,0,1,1
H4,702,2018,550931,      0.00,      0.00,      0.00,      0.00,0,1,0,0,1,1
H4,702,2018,550932,      0.00,      0.00,      0.00,      0.00,0,1,0,0,1,1
H4,702,2018,550941,      0.00,      0.00,      0.00,      0.00,0,1,0,0,1,1
H4,702,2018,550942,      0.00,      0.00,      0.00,      0.00,0,1,0,0,1,1
H4,702,2018,550951,      0.00,      0.00,      0.00,      0.00,0,1,0,0,1,1
H4,702,2018,550952,      0.00,      0.00,      0.00,      0.00,0,2,0,0,2,2
H4,702,2018,550953,      0.00,      0.00,      0.00,      0.00,0,1,0,0,1,1
H4,702,2018,550959,      0.00,      0.00,      0.00,      0.00,0,1,0,0,1,1
H4,702,2018,550961,      0.00,      0.00,      0.00,      0.00,0,1,0,0,1,1
H4,702,2018,550962,      0.00,      0.00,      0.00,      0.00,0,1,0,0,1,1
H4,702,2018,550969,      0.00,      0.00,      0.00,      0.00,0,1,0,0,1,1
H4,702,2018,550991,      0.00,      0.00,      0.00,      0.00,0,1,0,0,1,1
H4,702,2018,550992,      0.00,      0.00,      0.00,      0.00,0,1,0,0,1,1
H4,702,2018,550999,      0.00,      0.00,      0.00,      0.00,0,1,0,0,1,1
H4,702,2018,551011,      0.00,      0.00,      0.00,      0.00,0,1,0,0,1,1
H4,702,2018,551012,      0.00,      0.00,      0.00,      0.00,0,1,0,0,1,1
H4,702,2018,551020,      0.00,      0.00,      0.00,      0.00,0,1,0,0,1,1
H4,702,2018,551030,      0.00,      0.00,      0.00,      0.00,0,1,0,0,1,1
H4,702,2018,551090,      0.00,      0.00,      0.00,      0.00,0,1,0,0,1,1
H4,702,2018,551110,      0.00,      0.00,      0.00,      0.00,0,2,0,0,2,2
H4,702,2018,551120,      0.00,      0.00,      0.00,      0.00,0,2,0,0,2,2
H4,702,2018,551130,      0.00,      0.00,      0.00,      0.00,0,1,0,0,1,1
H4,702,2018,551211,      0.00,      0.00,      0.00,      0.00,0,1,0,0,1,1
H4,702,2018,551219,      0.00,      0.00,      0.00,      0.00,0,1,0,0,1,1
H4,702,2018,551221,      0.00,      0.00,      0.00,      0.00,0,1,0,0,1,1
H4,702,2018,551229,      0.00,      0.00,      0.00,      0.00,0,1,0,0,1,1
H4,702,2018,551291,      0.00,      0.00,      0.00,      0.00,0,1,0,0,1,1
H4,702,2018,551299,      0.00,      0.00,      0.00,      0.00,0,1,0,0,1,1
H4,702,2018,551311,      0.00,      0.00,      0.00,      0.00,0,1,0,0,1,1
H4,702,2018,551312,      0.00,      0.00,      0.00,      0.00,0,1,0,0,1,1
H4,702,2018,551313,      0.00,      0.00,      0.00,      0.00,0,1,0,0,1,1
H4,702,2018,551319,      0.00,      0.00,      0.00,      0.00,0,1,0,0,1,1
H4,702,2018,551321,      0.00,      0.00,      0.00,      0.00,0,1,0,0,1,1
H4,702,2018,551323,      0.00,      0.00,      0.00,      0.00,0,1,0,0,1,1
H4,702,2018,551329,      0.00,      0.00,      0.00,      0.00,0,1,0,0,1,1
H4,702,2018,551331,      0.00,      0.00,      0.00,      0.00,0,1,0,0,1,1
H4,702,2018,551339,      0.00,      0.00,      0.00,      0.00,0,1,0,0,1,1
H4,702,2018,551341,      0.00,      0.00,      0.00,      0.00,0,1,0,0,1,1
H4,702,2018,551349,      0.00,      0.00,      0.00,      0.00,0,1,0,0,1,1
H4,702,2018,551411,      0.00,      0.00,      0.00,      0.00,0,1,0,0,1,1
H4,702,2018,551412,      0.00,      0.00,      0.00,      0.00,0,1,0,0,1,1
H4,702,2018,551419,      0.00,      0.00,      0.00,      0.00,0,1,0,0,1,1
H4,702,2018,551421,      0.00,      0.00,      0.00,      0.00,0,1,0,0,1,1
H4,702,2018,551422,      0.00,      0.00,      0.00,      0.00,0,1,0,0,1,1
H4,702,2018,551423,      0.00,      0.00,      0.00,      0.00,0,1,0,0,1,1
H4,702,2018,551429,      0.00,      0.00,      0.00,      0.00,0,1,0,0,1,1
H4,702,2018,551430,      0.00,      0.00,      0.00,      0.00,0,1,0,0,1,1
H4,702,2018,551441,      0.00,      0.00,      0.00,      0.00,0,1,0,0,1,1
H4,702,2018,551442,      0.00,      0.00,      0.00,      0.00,0,1,0,0,1,1
H4,702,2018,551443,      0.00,      0.00,      0.00,      0.00,0,1,0,0,1,1
H4,702,2018,551449,      0.00,      0.00,      0.00,      0.00,0,1,0,0,1,1
H4,702,2018,551511,      0.00,      0.00,      0.00,      0.00,0,1,0,0,1,1
H4,702,2018,551512,      0.00,      0.00,      0.00,      0.00,0,1,0,0,1,1
H4,702,2018,551513,      0.00,      0.00,      0.00,      0.00,0,1,0,0,1,1
H4,702,2018,551519,      0.00,      0.00,      0.00,      0.00,0,1,0,0,1,1
H4,702,2018,551521,      0.00,      0.00,      0.00,      0.00,0,1,0,0,1,1
H4,702,2018,551522,      0.00,      0.00,      0.00,      0.00,0,1,0,0,1,1
H4,702,2018,551529,      0.00,      0.00,      0.00,      0.00,0,1,0,0,1,1
H4,702,2018,551591,      0.00,      0.00,      0.00,      0.00,0,1,0,0,1,1
H4,702,2018,551599,      0.00,      0.00,      0.00,      0.00,0,2,0,0,2,2
H4,702,2018,551611,      0.00,      0.00,      0.00,      0.00,0,1,0,0,1,1
H4,702,2018,551612,      0.00,      0.00,      0.00,      0.00,0,1,0,0,1,1
H4,702,2018,551613,      0.00,      0.00,      0.00,      0.00,0,1,0,0,1,1
H4,702,2018,551614,      0.00,      0.00,      0.00,      0.00,0,1,0,0,1,1
H4,702,2018,551621,      0.00,      0.00,      0.00,      0.00,0,1,0,0,1,1
H4,702,2018,551622,      0.00,      0.00,      0.00,      0.00,0,1,0,0,1,1
H4,702,2018,551623,      0.00,      0.00,      0.00,      0.00,0,1,0,0,1,1
H4,702,2018,551624,      0.00,      0.00,      0.00,      0.00,0,1,0,0,1,1
H4,702,2018,551631,      0.00,      0.00,      0.00,      0.00,0,1,0,0,1,1
H4,702,2018,551632,      0.00,      0.00,      0.00,      0.00,0,1,0,0,1,1
H4,702,2018,551633,      0.00,      0.00,      0.00,      0.00,0,1,0,0,1,1
H4,702,2018,551634,      0.00,      0.00,      0.00,      0.00,0,1,0,0,1,1
H4,702,2018,551641,      0.00,      0.00,      0.00,      0.00,0,1,0,0,1,1
H4,702,2018,551642,      0.00,      0.00,      0.00,      0.00,0,1,0,0,1,1
H4,702,2018,551643,      0.00,      0.00,      0.00,      0.00,0,1,0,0,1,1
H4,702,2018,551644,      0.00,      0.00,      0.00,      0.00,0,1,0,0,1,1
H4,702,2018,551691,      0.00,      0.00,      0.00,      0.00,0,1,0,0,1,1
H4,702,2018,551692,      0.00,      0.00,      0.00,      0.00,0,1,0,0,1,1
H4,702,2018,551693,      0.00,      0.00,      0.00,      0.00,0,1,0,0,1,1
H4,702,2018,551694,      0.00,      0.00,      0.00,      0.00,0,1,0,0,1,1
H4,702,2018,560121,      0.00,      0.00,      0.00,      0.00,0,1,0,0,1,1
H4,702,2018,560122,      0.00,      0.00,      0.00,      0.00,0,1,0,0,1,1
H4,702,2018,560129,      0.00,      0.00,      0.00,      0.00,0,1,0,0,1,1
H4,702,2018,560130,      0.00,      0.00,      0.00,      0.00,0,3,0,0,3,3
H4,702,2018,560210,      0.00,      0.00,      0.00,      0.00,0,1,0,0,1,1
H4,702,2018,560221,      0.00,      0.00,      0.00,      0.00,0,1,0,0,1,1
H4,702,2018,560229,      0.00,      0.00,      0.00,      0.00,0,1,0,0,1,1
H4,702,2018,560290,      0.00,      0.00,      0.00,      0.00,0,1,0,0,1,1
H4,702,2018,560311,      0.00,      0.00,      0.00,      0.00,0,1,0,0,1,1
H4,702,2018,560312,      0.00,      0.00,      0.00,      0.00,0,1,0,0,1,1
H4,702,2018,560313,      0.00,      0.00,      0.00,      0.00,0,1,0,0,1,1
H4,702,2018,560314,      0.00,      0.00,      0.00,      0.00,0,1,0,0,1,1
H4,702,2018,560391,      0.00,      0.00,      0.00,      0.00,0,1,0,0,1,1
H4,702,2018,560392,      0.00,      0.00,      0.00,      0.00,0,1,0,0,1,1
H4,702,2018,560393,      0.00,      0.00,      0.00,      0.00,0,1,0,0,1,1
H4,702,2018,560394,      0.00,      0.00,      0.00,      0.00,0,1,0,0,1,1
H4,702,2018,560410,      0.00,      0.00,      0.00,      0.00,0,1,0,0,1,1
H4,702,2018,560490,      0.00,      0.00,      0.00,      0.00,0,4,0,0,4,4
H4,702,2018,560500,      0.00,      0.00,      0.00,      0.00,0,1,0,0,1,1
H4,702,2018,560600,      0.00,      0.00,      0.00,      0.00,0,1,0,0,1,1
H4,702,2018,560721,      0.00,      0.00,      0.00,      0.00,0,1,0,0,1,1
H4,702,2018,560729,      0.00,      0.00,      0.00,      0.00,0,1,0,0,1,1
H4,702,2018,560741,      0.00,      0.00,      0.00,      0.00,0,1,0,0,1,1
H4,702,2018,560749,      0.00,      0.00,      0.00,      0.00,0,1,0,0,1,1
H4,702,2018,560750,      0.00,      0.00,      0.00,      0.00,0,2,0,0,2,2
H4,702,2018,560790,      0.00,      0.00,      0.00,      0.00,0,4,0,0,4,4
H4,702,2018,560811,      0.00,      0.00,      0.00,      0.00,0,1,0,0,1,1
H4,702,2018,560819,      0.00,      0.00,      0.00,      0.00,0,2,0,0,2,2
H4,702,2018,560890,      0.00,      0.00,      0.00,      0.00,0,2,0,0,2,2
H4,702,2018,560900,      0.00,      0.00,      0.00,      0.00,0,1,0,0,1,1
H4,702,2018,570110,      0.00,      0.00,      0.00,      0.00,0,2,0,0,2,2
H4,702,2018,570190,      0.00,      0.00,      0.00,      0.00,0,4,0,0,4,4
H4,702,2018,570210,      0.00,      0.00,      0.00,      0.00,0,1,0,0,1,1
H4,702,2018,570220,      0.00,      0.00,      0.00,      0.00,0,1,0,0,1,1
H4,702,2018,570231,      0.00,      0.00,      0.00,      0.00,0,1,0,0,1,1
H4,702,2018,570232,      0.00,      0.00,      0.00,      0.00,0,1,0,0,1,1
H4,702,2018,570239,      0.00,      0.00,      0.00,      0.00,0,3,0,0,3,3
H4,702,2018,570241,      0.00,      0.00,      0.00,      0.00,0,2,0,0,2,2
H4,702,2018,570242,      0.00,      0.00,      0.00,      0.00,0,2,0,0,2,2
H4,702,2018,570249,      0.00,      0.00,      0.00,      0.00,0,4,0,0,4,4
H4,702,2018,570250,      0.00,      0.00,      0.00,      0.00,0,3,0,0,3,3
H4,702,2018,570291,      0.00,      0.00,      0.00,      0.00,0,2,0,0,2,2
H4,702,2018,570292,      0.00,      0.00,      0.00,      0.00,0,2,0,0,2,2
H4,702,2018,570299,      0.00,      0.00,      0.00,      0.00,0,4,0,0,4,4
H4,702,2018,570310,      0.00,      0.00,      0.00,      0.00,0,3,0,0,3,3
H4,702,2018,570320,      0.00,      0.00,      0.00,      0.00,0,2,0,0,2,2
H4,702,2018,570330,      0.00,      0.00,      0.00,      0.00,0,2,0,0,2,2
H4,702,2018,570390,      0.00,      0.00,      0.00,      0.00,0,6,0,0,6,6
H4,702,2018,570410,      0.00,      0.00,      0.00,      0.00,0,1,0,0,1,1
H4,702,2018,570490,      0.00,      0.00,      0.00,      0.00,0,1,0,0,1,1
H4,702,2018,570500,      0.00,      0.00,      0.00,      0.00,0,7,0,0,7,7
H4,702,2018,580110,      0.00,      0.00,      0.00,      0.00,0,2,0,0,2,2
H4,702,2018,580121,      0.00,      0.00,      0.00,      0.00,0,2,0,0,2,2
H4,702,2018,580122,      0.00,      0.00,      0.00,      0.00,0,2,0,0,2,2
H4,702,2018,580123,      0.00,      0.00,      0.00,      0.00,0,2,0,0,2,2
H4,702,2018,580126,      0.00,      0.00,      0.00,      0.00,0,2,0,0,2,2
H4,702,2018,580127,      0.00,      0.00,      0.00,      0.00,0,2,0,0,2,2
H4,702,2018,580131,      0.00,      0.00,      0.00,      0.00,0,2,0,0,2,2
H4,702,2018,580132,      0.00,      0.00,      0.00,      0.00,0,2,0,0,2,2
H4,702,2018,580133,      0.00,      0.00,      0.00,      0.00,0,2,0,0,2,2
H4,702,2018,580136,      0.00,      0.00,      0.00,      0.00,0,2,0,0,2,2
H4,702,2018,580137,      0.00,      0.00,      0.00,      0.00,0,2,0,0,2,2
H4,702,2018,580190,      0.00,      0.00,      0.00,      0.00,0,4,0,0,4,4
H4,702,2018,580211,      0.00,      0.00,      0.00,      0.00,0,1,0,0,1,1
H4,702,2018,580219,      0.00,      0.00,      0.00,      0.00,0,1,0,0,1,1
H4,702,2018,580220,      0.00,      0.00,      0.00,      0.00,0,1,0,0,1,1
H4,702,2018,580230,      0.00,      0.00,      0.00,      0.00,0,4,0,0,4,4
H4,702,2018,580300,      0.00,      0.00,      0.00,      0.00,0,4,0,0,4,4
H4,702,2018,580410,      0.00,      0.00,      0.00,      0.00,0,6,0,0,6,6
H4,702,2018,580421,      0.00,      0.00,      0.00,      0.00,0,2,0,0,2,2
H4,702,2018,580429,      0.00,      0.00,      0.00,      0.00,0,2,0,0,2,2
H4,702,2018,580430,      0.00,      0.00,      0.00,      0.00,0,1,0,0,1,1
H4,702,2018,580500,      0.00,      0.00,      0.00,      0.00,0,2,0,0,2,2
H4,702,2018,580610,      0.00,      0.00,      0.00,      0.00,0,3,0,0,3,3
H4,702,2018,580620,      0.00,      0.00,      0.00,      0.00,0,2,0,0,2,2
H4,702,2018,580631,      0.00,      0.00,      0.00,      0.00,0,3,0,0,3,3
H4,702,2018,580632,      0.00,      0.00,      0.00,      0.00,0,3,0,0,3,3
H4,702,2018,580639,      0.00,      0.00,      0.00,      0.00,0,3,0,0,3,3
H4,702,2018,580640,      0.00,      0.00,      0.00,      0.00,0,1,0,0,1,1
H4,702,2018,580710,      0.00,      0.00,      0.00,      0.00,0,1,0,0,1,1
H4,702,2018,580790,      0.00,      0.00,      0.00,      0.00,0,1,0,0,1,1
H4,702,2018,580810,      0.00,      0.00,      0.00,      0.00,0,2,0,0,2,2
H4,702,2018,580890,      0.00,      0.00,      0.00,      0.00,0,2,0,0,2,2
H4,702,2018,580900,      0.00,      0.00,      0.00,      0.00,0,1,0,0,1,1
H4,702,2018,581010,      0.00,      0.00,      0.00,      0.00,0,1,0,0,1,1
H4,702,2018,581091,      0.00,      0.00,      0.00,      0.00,0,1,0,0,1,1
H4,702,2018,581092,      0.00,      0.00,      0.00,      0.00,0,1,0,0,1,1
H4,702,2018,581099,      0.00,      0.00,      0.00,      0.00,0,1,0,0,1,1
H4,702,2018,581100,      0.00,      0.00,      0.00,      0.00,0,2,0,0,2,2
H4,702,2018,590110,      0.00,      0.00,      0.00,      0.00,0,1,0,0,1,1
H4,702,2018,590190,      0.00,      0.00,      0.00,      0.00,0,3,0,0,3,3
H4,702,2018,590210,      0.00,      0.00,      0.00,      0.00,0,4,0,0,4,4
H4,702,2018,590220,      0.00,      0.00,      0.00,      0.00,0,3,0,0,3,3
H4,702,2018,590290,      0.00,      0.00,      0.00,      0.00,0,2,0,0,2,2
H4,702,2018,590310,      0.00,      0.00,      0.00,      0.00,0,1,0,0,1,1
H4,702,2018,590320,      0.00,      0.00,      0.00,      0.00,0,1,0,0,1,1
H4,702,2018,590390,      0.00,      0.00,      0.00,      0.00,0,1,0,0,1,1
H4,702,2018,590410,      0.00,      0.00,      0.00,      0.00,0,1,0,0,1,1
H4,702,2018,590490,      0.00,      0.00,      0.00,      0.00,0,1,0,0,1,1
H4,702,2018,590500,      0.00,      0.00,      0.00,      0.00,0,2,0,0,2,2
H4,702,2018,590610,      0.00,      0.00,      0.00,      0.00,0,1,0,0,1,1
H4,702,2018,590691,      0.00,      0.00,      0.00,      0.00,0,1,0,0,1,1
H4,702,2018,590699,      0.00,      0.00,      0.00,      0.00,0,2,0,0,2,2
H4,702,2018,590700,      0.00,      0.00,      0.00,      0.00,0,6,0,0,6,6
H4,702,2018,590800,      0.00,      0.00,      0.00,      0.00,0,2,0,0,2,2
H4,702,2018,590900,      0.00,      0.00,      0.00,      0.00,0,2,0,0,2,2
H4,702,2018,591000,      0.00,      0.00,      0.00,      0.00,0,1,0,0,1,1
H4,702,2018,591110,      0.00,      0.00,      0.00,      0.00,0,1,0,0,1,1
H4,702,2018,591120,      0.00,      0.00,      0.00,      0.00,0,1,0,0,1,1
H4,702,2018,591131,      0.00,      0.00,      0.00,      0.00,0,1,0,0,1,1
H4,702,2018,591132,      0.00,      0.00,      0.00,      0.00,0,1,0,0,1,1
H4,702,2018,591140,      0.00,      0.00,      0.00,      0.00,0,1,0,0,1,1
H4,702,2018,591190,      0.00,      0.00,      0.00,      0.00,0,2,0,0,2,2
H4,702,2018,600110,      0.00,      0.00,      0.00,      0.00,0,1,0,0,1,1
H4,702,2018,600121,      0.00,      0.00,      0.00,      0.00,0,1,0,0,1,1
H4,702,2018,600122,      0.00,      0.00,      0.00,      0.00,0,1,0,0,1,1
H4,702,2018,600129,      0.00,      0.00,      0.00,      0.00,0,1,0,0,1,1
H4,702,2018,600191,      0.00,      0.00,      0.00,      0.00,0,1,0,0,1,1
H4,702,2018,600192,      0.00,      0.00,      0.00,      0.00,0,3,0,0,3,3
H4,702,2018,600199,      0.00,      0.00,      0.00,      0.00,0,4,0,0,4,4
H4,702,2018,600240,      0.00,      0.00,      0.00,      0.00,0,1,0,0,1,1
H4,702,2018,600290,      0.00,      0.00,      0.00,      0.00,0,1,0,0,1,1
H4,702,2018,600310,      0.00,      0.00,      0.00,      0.00,0,1,0,0,1,1
H4,702,2018,600320,      0.00,      0.00,      0.00,      0.00,0,1,0,0,1,1
H4,702,2018,600330,      0.00,      0.00,      0.00,      0.00,0,1,0,0,1,1
H4,702,2018,600340,      0.00,      0.00,      0.00,      0.00,0,1,0,0,1,1
H4,702,2018,600390,      0.00,      0.00,      0.00,      0.00,0,1,0,0,1,1
H4,702,2018,600410,      0.00,      0.00,      0.00,      0.00,0,2,0,0,2,2
H4,702,2018,600490,      0.00,      0.00,      0.00,      0.00,0,1,0,0,1,1
H4,702,2018,600521,      0.00,      0.00,      0.00,      0.00,0,1,0,0,1,1
H4,702,2018,600522,      0.00,      0.00,      0.00,      0.00,0,1,0,0,1,1
H4,702,2018,600523,      0.00,      0.00,      0.00,      0.00,0,1,0,0,1,1
H4,702,2018,600524,      0.00,      0.00,      0.00,      0.00,0,1,0,0,1,1
H4,702,2018,600531,      0.00,      0.00,      0.00,      0.00,0,2,0,0,2,2
H4,702,2018,600532,      0.00,      0.00,      0.00,      0.00,0,2,0,0,2,2
H4,702,2018,600533,      0.00,      0.00,      0.00,      0.00,0,2,0,0,2,2
H4,702,2018,600534,      0.00,      0.00,      0.00,      0.00,0,2,0,0,2,2
H4,702,2018,600541,      0.00,      0.00,      0.00,      0.00,0,1,0,0,1,1
H4,702,2018,600542,      0.00,      0.00,      0.00,      0.00,0,1,0,0,1,1
H4,702,2018,600543,      0.00,      0.00,      0.00,      0.00,0,1,0,0,1,1
H4,702,2018,600544,      0.00,      0.00,      0.00,      0.00,0,1,0,0,1,1
H4,702,2018,600590,      0.00,      0.00,      0.00,      0.00,0,2,0,0,2,2
H4,702,2018,600610,      0.00,      0.00,      0.00,      0.00,0,1,0,0,1,1
H4,702,2018,600621,      0.00,      0.00,      0.00,      0.00,0,1,0,0,1,1
H4,702,2018,600622,      0.00,      0.00,      0.00,      0.00,0,1,0,0,1,1
H4,702,2018,600623,      0.00,      0.00,      0.00,      0.00,0,1,0,0,1,1
H4,702,2018,600624,      0.00,      0.00,      0.00,      0.00,0,1,0,0,1,1
H4,702,2018,600631,      0.00,      0.00,      0.00,      0.00,0,3,0,0,3,3
H4,702,2018,600632,      0.00,      0.00,      0.00,      0.00,0,3,0,0,3,3
H4,702,2018,600633,      0.00,      0.00,      0.00,      0.00,0,2,0,0,2,2
H4,702,2018,600634,      0.00,      0.00,      0.00,      0.00,0,2,0,0,2,2
H4,702,2018,600641,      0.00,      0.00,      0.00,      0.00,0,2,0,0,2,2
H4,702,2018,600642,      0.00,      0.00,      0.00,      0.00,0,2,0,0,2,2
H4,702,2018,600643,      0.00,      0.00,      0.00,      0.00,0,2,0,0,2,2
H4,702,2018,600644,      0.00,      0.00,      0.00,      0.00,0,2,0,0,2,2
H4,702,2018,600690,      0.00,      0.00,      0.00,      0.00,0,1,0,0,1,1
H4,702,2018,610120,      0.00,      0.00,      0.00,      0.00,0,1,0,0,1,1
H4,702,2018,610130,      0.00,      0.00,      0.00,      0.00,0,1,0,0,1,1
H4,702,2018,610190,      0.00,      0.00,      0.00,      0.00,0,1,0,0,1,1
H4,702,2018,610210,      0.00,      0.00,      0.00,      0.00,0,1,0,0,1,1
H4,702,2018,610220,      0.00,      0.00,      0.00,      0.00,0,1,0,0,1,1
H4,702,2018,610230,      0.00,      0.00,      0.00,      0.00,0,1,0,0,1,1
H4,702,2018,610290,      0.00,      0.00,      0.00,      0.00,0,1,0,0,1,1
H4,702,2018,610310,      0.00,      0.00,      0.00,      0.00,0,1,0,0,1,1
H4,702,2018,610322,      0.00,      0.00,      0.00,      0.00,0,1,0,0,1,1
H4,702,2018,610323,      0.00,      0.00,      0.00,      0.00,0,1,0,0,1,1
H4,702,2018,610329,      0.00,      0.00,      0.00,      0.00,0,1,0,0,1,1
H4,702,2018,610331,      0.00,      0.00,      0.00,      0.00,0,1,0,0,1,1
H4,702,2018,610332,      0.00,      0.00,      0.00,      0.00,0,1,0,0,1,1
H4,702,2018,610333,      0.00,      0.00,      0.00,      0.00,0,1,0,0,1,1
H4,702,2018,610339,      0.00,      0.00,      0.00,      0.00,0,1,0,0,1,1
H4,702,2018,610341,      0.00,      0.00,      0.00,      0.00,0,1,0,0,1,1
H4,702,2018,610342,      0.00,      0.00,      0.00,      0.00,0,1,0,0,1,1
H4,702,2018,610343,      0.00,      0.00,      0.00,      0.00,0,1,0,0,1,1
H4,702,2018,610349,      0.00,      0.00,      0.00,      0.00,0,1,0,0,1,1
H4,702,2018,610413,      0.00,      0.00,      0.00,      0.00,0,1,0,0,1,1
H4,702,2018,610419,      0.00,      0.00,      0.00,      0.00,0,2,0,0,2,2
H4,702,2018,610422,      0.00,      0.00,      0.00,      0.00,0,1,0,0,1,1
H4,702,2018,610423,      0.00,      0.00,      0.00,      0.00,0,1,0,0,1,1
H4,702,2018,610429,      0.00,      0.00,      0.00,      0.00,0,1,0,0,1,1
H4,702,2018,610431,      0.00,      0.00,      0.00,      0.00,0,1,0,0,1,1
H4,702,2018,610432,      0.00,      0.00,      0.00,      0.00,0,1,0,0,1,1
H4,702,2018,610433,      0.00,      0.00,      0.00,      0.00,0,1,0,0,1,1
H4,702,2018,610439,      0.00,      0.00,      0.00,      0.00,0,1,0,0,1,1
H4,702,2018,610441,      0.00,      0.00,      0.00,      0.00,0,1,0,0,1,1
H4,702,2018,610442,      0.00,      0.00,      0.00,      0.00,0,1,0,0,1,1
H4,702,2018,610443,      0.00,      0.00,      0.00,      0.00,0,1,0,0,1,1
H4,702,2018,610444,      0.00,      0.00,      0.00,      0.00,0,1,0,0,1,1
H4,702,2018,610449,      0.00,      0.00,      0.00,      0.00,0,1,0,0,1,1
H4,702,2018,610451,      0.00,      0.00,      0.00,      0.00,0,1,0,0,1,1
H4,702,2018,610452,      0.00,      0.00,      0.00,      0.00,0,1,0,0,1,1
H4,702,2018,610453,      0.00,      0.00,      0.00,      0.00,0,1,0,0,1,1
H4,702,2018,610459,      0.00,      0.00,      0.00,      0.00,0,1,0,0,1,1
H4,702,2018,610461,      0.00,      0.00,      0.00,      0.00,0,1,0,0,1,1
H4,702,2018,610462,      0.00,      0.00,      0.00,      0.00,0,1,0,0,1,1
H4,702,2018,610463,      0.00,      0.00,      0.00,      0.00,0,1,0,0,1,1
H4,702,2018,610469,      0.00,      0.00,      0.00,      0.00,0,1,0,0,1,1
H4,702,2018,610510,      0.00,      0.00,      0.00,      0.00,0,1,0,0,1,1
H4,702,2018,610520,      0.00,      0.00,      0.00,      0.00,0,1,0,0,1,1
H4,702,2018,610590,      0.00,      0.00,      0.00,      0.00,0,1,0,0,1,1
H4,702,2018,610610,      0.00,      0.00,      0.00,      0.00,0,1,0,0,1,1
H4,702,2018,610620,      0.00,      0.00,      0.00,      0.00,0,1,0,0,1,1
H4,702,2018,610690,      0.00,      0.00,      0.00,      0.00,0,1,0,0,1,1
H4,702,2018,610711,      0.00,      0.00,      0.00,      0.00,0,1,0,0,1,1
H4,702,2018,610712,      0.00,      0.00,      0.00,      0.00,0,1,0,0,1,1
H4,702,2018,610719,      0.00,      0.00,      0.00,      0.00,0,1,0,0,1,1
H4,702,2018,610721,      0.00,      0.00,      0.00,      0.00,0,1,0,0,1,1
H4,702,2018,610722,      0.00,      0.00,      0.00,      0.00,0,1,0,0,1,1
H4,702,2018,610729,      0.00,      0.00,      0.00,      0.00,0,1,0,0,1,1
H4,702,2018,610791,      0.00,      0.00,      0.00,      0.00,0,1,0,0,1,1
H4,702,2018,610799,      0.00,      0.00,      0.00,      0.00,0,1,0,0,1,1
H4,702,2018,610811,      0.00,      0.00,      0.00,      0.00,0,1,0,0,1,1
H4,702,2018,610819,      0.00,      0.00,      0.00,      0.00,0,3,0,0,3,3
H4,702,2018,610821,      0.00,      0.00,      0.00,      0.00,0,1,0,0,1,1
H4,702,2018,610822,      0.00,      0.00,      0.00,      0.00,0,1,0,0,1,1
H4,702,2018,610829,      0.00,      0.00,      0.00,      0.00,0,1,0,0,1,1
H4,702,2018,610831,      0.00,      0.00,      0.00,      0.00,0,1,0,0,1,1
H4,702,2018,610832,      0.00,      0.00,      0.00,      0.00,0,1,0,0,1,1
H4,702,2018,610839,      0.00,      0.00,      0.00,      0.00,0,1,0,0,1,1
H4,702,2018,610891,      0.00,      0.00,      0.00,      0.00,0,1,0,0,1,1
H4,702,2018,610892,      0.00,      0.00,      0.00,      0.00,0,1,0,0,1,1
H4,702,2018,610899,      0.00,      0.00,      0.00,      0.00,0,1,0,0,1,1
H4,702,2018,610910,      0.00,      0.00,      0.00,      0.00,0,2,0,0,2,2
H4,702,2018,610990,      0.00,      0.00,      0.00,      0.00,0,3,0,0,3,3
H4,702,2018,611011,      0.00,      0.00,      0.00,      0.00,0,1,0,0,1,1
H4,702,2018,611012,      0.00,      0.00,      0.00,      0.00,0,1,0,0,1,1
H4,702,2018,611019,      0.00,      0.00,      0.00,      0.00,0,1,0,0,1,1
H4,702,2018,611020,      0.00,      0.00,      0.00,      0.00,0,1,0,0,1,1
H4,702,2018,611030,      0.00,      0.00,      0.00,      0.00,0,1,0,0,1,1
H4,702,2018,611090,      0.00,      0.00,      0.00,      0.00,0,1,0,0,1,1
H4,702,2018,611120,      0.00,      0.00,      0.00,      0.00,0,1,0,0,1,1
H4,702,2018,611130,      0.00,      0.00,      0.00,      0.00,0,1,0,0,1,1
H4,702,2018,611190,      0.00,      0.00,      0.00,      0.00,0,1,0,0,1,1
H4,702,2018,611211,      0.00,      0.00,      0.00,      0.00,0,1,0,0,1,1
H4,702,2018,611212,      0.00,      0.00,      0.00,      0.00,0,1,0,0,1,1
H4,702,2018,611219,      0.00,      0.00,      0.00,      0.00,0,1,0,0,1,1
H4,702,2018,611220,      0.00,      0.00,      0.00,      0.00,0,1,0,0,1,1
H4,702,2018,611231,      0.00,      0.00,      0.00,      0.00,0,1,0,0,1,1
H4,702,2018,611239,      0.00,      0.00,      0.00,      0.00,0,1,0,0,1,1
H4,702,2018,611241,      0.00,      0.00,      0.00,      0.00,0,1,0,0,1,1
H4,702,2018,611249,      0.00,      0.00,      0.00,      0.00,0,1,0,0,1,1
H4,702,2018,611300,      0.00,      0.00,      0.00,      0.00,0,4,0,0,4,4
H4,702,2018,611420,      0.00,      0.00,      0.00,      0.00,0,1,0,0,1,1
H4,702,2018,611430,      0.00,      0.00,      0.00,      0.00,0,2,0,0,2,2
H4,702,2018,611490,      0.00,      0.00,      0.00,      0.00,0,1,0,0,1,1
H4,702,2018,611510,      0.00,      0.00,      0.00,      0.00,0,2,0,0,2,2
H4,702,2018,611521,      0.00,      0.00,      0.00,      0.00,0,1,0,0,1,1
H4,702,2018,611522,      0.00,      0.00,      0.00,      0.00,0,1,0,0,1,1
H4,702,2018,611529,      0.00,      0.00,      0.00,      0.00,0,2,0,0,2,2
H4,702,2018,611530,      0.00,      0.00,      0.00,      0.00,0,2,0,0,2,2
H4,702,2018,611594,      0.00,      0.00,      0.00,      0.00,0,1,0,0,1,1
H4,702,2018,611595,      0.00,      0.00,      0.00,      0.00,0,1,0,0,1,1
H4,702,2018,611596,      0.00,      0.00,      0.00,      0.00,0,1,0,0,1,1
H4,702,2018,611599,      0.00,      0.00,      0.00,      0.00,0,1,0,0,1,1
H4,702,2018,611610,      0.00,      0.00,      0.00,      0.00,0,2,0,0,2,2
H4,702,2018,611691,      0.00,      0.00,      0.00,      0.00,0,1,0,0,1,1
H4,702,2018,611692,      0.00,      0.00,      0.00,      0.00,0,1,0,0,1,1
H4,702,2018,611693,      0.00,      0.00,      0.00,      0.00,0,1,0,0,1,1
H4,702,2018,611699,      0.00,      0.00,      0.00,      0.00,0,1,0,0,1,1
H4,702,2018,611710,      0.00,      0.00,      0.00,      0.00,0,2,0,0,2,2
H4,702,2018,611780,      0.00,      0.00,      0.00,      0.00,0,4,0,0,4,4
H4,702,2018,611790,      0.00,      0.00,      0.00,      0.00,0,1,0,0,1,1
H4,702,2018,620111,      0.00,      0.00,      0.00,      0.00,0,1,0,0,1,1
H4,702,2018,620112,      0.00,      0.00,      0.00,      0.00,0,1,0,0,1,1
H4,702,2018,620113,      0.00,      0.00,      0.00,      0.00,0,1,0,0,1,1
H4,702,2018,620119,      0.00,      0.00,      0.00,      0.00,0,1,0,0,1,1
H4,702,2018,620191,      0.00,      0.00,      0.00,      0.00,0,1,0,0,1,1
H4,702,2018,620192,      0.00,      0.00,      0.00,      0.00,0,1,0,0,1,1
H4,702,2018,620193,      0.00,      0.00,      0.00,      0.00,0,1,0,0,1,1
H4,702,2018,620199,      0.00,      0.00,      0.00,      0.00,0,1,0,0,1,1
H4,702,2018,620211,      0.00,      0.00,      0.00,      0.00,0,1,0,0,1,1
H4,702,2018,620212,      0.00,      0.00,      0.00,      0.00,0,1,0,0,1,1
H4,702,2018,620213,      0.00,      0.00,      0.00,      0.00,0,1,0,0,1,1
H4,702,2018,620219,      0.00,      0.00,      0.00,      0.00,0,1,0,0,1,1
H4,702,2018,620291,      0.00,      0.00,      0.00,      0.00,0,1,0,0,1,1
H4,702,2018,620292,      0.00,      0.00,      0.00,      0.00,0,1,0,0,1,1
H4,702,2018,620293,      0.00,      0.00,      0.00,      0.00,0,1,0,0,1,1
H4,702,2018,620299,      0.00,      0.00,      0.00,      0.00,0,1,0,0,1,1
H4,702,2018,620311,      0.00,      0.00,      0.00,      0.00,0,1,0,0,1,1
H4,702,2018,620312,      0.00,      0.00,      0.00,      0.00,0,1,0,0,1,1
H4,702,2018,620319,      0.00,      0.00,      0.00,      0.00,0,2,0,0,2,2
H4,702,2018,620322,      0.00,      0.00,      0.00,      0.00,0,1,0,0,1,1
H4,702,2018,620323,      0.00,      0.00,      0.00,      0.00,0,1,0,0,1,1
H4,702,2018,620329,      0.00,      0.00,      0.00,      0.00,0,2,0,0,2,2
H4,702,2018,620331,      0.00,      0.00,      0.00,      0.00,0,1,0,0,1,1
H4,702,2018,620332,      0.00,      0.00,      0.00,      0.00,0,1,0,0,1,1
H4,702,2018,620333,      0.00,      0.00,      0.00,      0.00,0,1,0,0,1,1
H4,702,2018,620339,      0.00,      0.00,      0.00,      0.00,0,1,0,0,1,1
H4,702,2018,620341,      0.00,      0.00,      0.00,      0.00,0,1,0,0,1,1
H4,702,2018,620342,      0.00,      0.00,      0.00,      0.00,0,2,0,0,2,2
H4,702,2018,620343,      0.00,      0.00,      0.00,      0.00,0,1,0,0,1,1
H4,702,2018,620349,      0.00,      0.00,      0.00,      0.00,0,1,0,0,1,1
H4,702,2018,620411,      0.00,      0.00,      0.00,      0.00,0,1,0,0,1,1
H4,702,2018,620412,      0.00,      0.00,      0.00,      0.00,0,1,0,0,1,1
H4,702,2018,620413,      0.00,      0.00,      0.00,      0.00,0,1,0,0,1,1
H4,702,2018,620419,      0.00,      0.00,      0.00,      0.00,0,1,0,0,1,1
H4,702,2018,620421,      0.00,      0.00,      0.00,      0.00,0,1,0,0,1,1
H4,702,2018,620422,      0.00,      0.00,      0.00,      0.00,0,1,0,0,1,1
H4,702,2018,620423,      0.00,      0.00,      0.00,      0.00,0,1,0,0,1,1
H4,702,2018,620429,      0.00,      0.00,      0.00,      0.00,0,1,0,0,1,1
H4,702,2018,620431,      0.00,      0.00,      0.00,      0.00,0,1,0,0,1,1
H4,702,2018,620432,      0.00,      0.00,      0.00,      0.00,0,1,0,0,1,1
H4,702,2018,620433,      0.00,      0.00,      0.00,      0.00,0,1,0,0,1,1
H4,702,2018,620439,      0.00,      0.00,      0.00,      0.00,0,1,0,0,1,1
H4,702,2018,620441,      0.00,      0.00,      0.00,      0.00,0,1,0,0,1,1
H4,702,2018,620442,      0.00,      0.00,      0.00,      0.00,0,1,0,0,1,1
H4,702,2018,620443,      0.00,      0.00,      0.00,      0.00,0,1,0,0,1,1
H4,702,2018,620444,      0.00,      0.00,      0.00,      0.00,0,1,0,0,1,1
H4,702,2018,620449,      0.00,      0.00,      0.00,      0.00,0,1,0,0,1,1
H4,702,2018,620451,      0.00,      0.00,      0.00,      0.00,0,1,0,0,1,1
H4,702,2018,620452,      0.00,      0.00,      0.00,      0.00,0,1,0,0,1,1
H4,702,2018,620453,      0.00,      0.00,      0.00,      0.00,0,1,0,0,1,1
H4,702,2018,620459,      0.00,      0.00,      0.00,      0.00,0,1,0,0,1,1
H4,702,2018,620461,      0.00,      0.00,      0.00,      0.00,0,1,0,0,1,1
H4,702,2018,620462,      0.00,      0.00,      0.00,      0.00,0,1,0,0,1,1
H4,702,2018,620463,      0.00,      0.00,      0.00,      0.00,0,1,0,0,1,1
H4,702,2018,620469,      0.00,      0.00,      0.00,      0.00,0,1,0,0,1,1
H4,702,2018,620520,      0.00,      0.00,      0.00,      0.00,0,1,0,0,1,1
H4,702,2018,620530,      0.00,      0.00,      0.00,      0.00,0,1,0,0,1,1
H4,702,2018,620590,      0.00,      0.00,      0.00,      0.00,0,2,0,0,2,2
H4,702,2018,620610,      0.00,      0.00,      0.00,      0.00,0,1,0,0,1,1
H4,702,2018,620620,      0.00,      0.00,      0.00,      0.00,0,1,0,0,1,1
H4,702,2018,620630,      0.00,      0.00,      0.00,      0.00,0,1,0,0,1,1
H4,702,2018,620640,      0.00,      0.00,      0.00,      0.00,0,1,0,0,1,1
H4,702,2018,620690,      0.00,      0.00,      0.00,      0.00,0,1,0,0,1,1
H4,702,2018,620711,      0.00,      0.00,      0.00,      0.00,0,1,0,0,1,1
H4,702,2018,620719,      0.00,      0.00,      0.00,      0.00,0,1,0,0,1,1
H4,702,2018,620721,      0.00,      0.00,      0.00,      0.00,0,1,0,0,1,1
H4,702,2018,620722,      0.00,      0.00,      0.00,      0.00,0,1,0,0,1,1
H4,702,2018,620729,      0.00,      0.00,      0.00,      0.00,0,1,0,0,1,1
H4,702,2018,620791,      0.00,      0.00,      0.00,      0.00,0,1,0,0,1,1
H4,702,2018,620799,      0.00,      0.00,      0.00,      0.00,0,2,0,0,2,2
H4,702,2018,620811,      0.00,      0.00,      0.00,      0.00,0,1,0,0,1,1
H4,702,2018,620819,      0.00,      0.00,      0.00,      0.00,0,1,0,0,1,1
H4,702,2018,620821,      0.00,      0.00,      0.00,      0.00,0,1,0,0,1,1
H4,702,2018,620822,      0.00,      0.00,      0.00,      0.00,0,1,0,0,1,1
H4,702,2018,620829,      0.00,      0.00,      0.00,      0.00,0,1,0,0,1,1
H4,702,2018,620891,      0.00,      0.00,      0.00,      0.00,0,1,0,0,1,1
H4,702,2018,620892,      0.00,      0.00,      0.00,      0.00,0,1,0,0,1,1
H4,702,2018,620899,      0.00,      0.00,      0.00,      0.00,0,2,0,0,2,2
H4,702,2018,620920,      0.00,      0.00,      0.00,      0.00,0,2,0,0,2,2
H4,702,2018,620930,      0.00,      0.00,      0.00,      0.00,0,4,0,0,4,4
H4,702,2018,620990,      0.00,      0.00,      0.00,      0.00,0,1,0,0,1,1
H4,702,2018,621010,      0.00,      0.00,      0.00,      0.00,0,3,0,0,3,3
H4,702,2018,621020,      0.00,      0.00,      0.00,      0.00,0,4,0,0,4,4
H4,702,2018,621030,      0.00,      0.00,      0.00,      0.00,0,4,0,0,4,4
H4,702,2018,621040,      0.00,      0.00,      0.00,      0.00,0,3,0,0,3,3
H4,702,2018,621050,      0.00,      0.00,      0.00,      0.00,0,3,0,0,3,3
H4,702,2018,621111,      0.00,      0.00,      0.00,      0.00,0,1,0,0,1,1
H4,702,2018,621112,      0.00,      0.00,      0.00,      0.00,0,1,0,0,1,1
H4,702,2018,621120,      0.00,      0.00,      0.00,      0.00,0,1,0,0,1,1
H4,702,2018,621132,      0.00,      0.00,      0.00,      0.00,0,3,0,0,3,3
H4,702,2018,621133,      0.00,      0.00,      0.00,      0.00,0,4,0,0,4,4
H4,702,2018,621139,      0.00,      0.00,      0.00,      0.00,0,4,0,0,4,4
H4,702,2018,621142,      0.00,      0.00,      0.00,      0.00,0,3,0,0,3,3
H4,702,2018,621143,      0.00,      0.00,      0.00,      0.00,0,6,0,0,6,6
H4,702,2018,621149,      0.00,      0.00,      0.00,      0.00,0,5,0,0,5,5
H4,702,2018,621210,      0.00,      0.00,      0.00,      0.00,0,2,0,0,2,2
H4,702,2018,621220,      0.00,      0.00,      0.00,      0.00,0,2,0,0,2,2
H4,702,2018,621230,      0.00,      0.00,      0.00,      0.00,0,2,0,0,2,2
H4,702,2018,621290,      0.00,      0.00,      0.00,      0.00,0,6,0,0,6,6
H4,702,2018,621320,      0.00,      0.00,      0.00,      0.00,0,2,0,0,2,2
H4,702,2018,621390,      0.00,      0.00,      0.00,      0.00,0,4,0,0,4,4
H4,702,2018,621410,      0.00,      0.00,      0.00,      0.00,0,2,0,0,2,2
H4,702,2018,621420,      0.00,      0.00,      0.00,      0.00,0,1,0,0,1,1
H4,702,2018,621430,      0.00,      0.00,      0.00,      0.00,0,2,0,0,2,2
H4,702,2018,621440,      0.00,      0.00,      0.00,      0.00,0,2,0,0,2,2
H4,702,2018,621490,      0.00,      0.00,      0.00,      0.00,0,2,0,0,2,2
H4,702,2018,621510,      0.00,      0.00,      0.00,      0.00,0,2,0,0,2,2
H4,702,2018,621520,      0.00,      0.00,      0.00,      0.00,0,2,0,0,2,2
H4,702,2018,621590,      0.00,      0.00,      0.00,      0.00,0,2,0,0,2,2
H4,702,2018,621600,      0.00,      0.00,      0.00,      0.00,0,4,0,0,4,4
H4,702,2018,621710,      0.00,      0.00,      0.00,      0.00,0,2,0,0,2,2
H4,702,2018,621790,      0.00,      0.00,      0.00,      0.00,0,1,0,0,1,1
H4,702,2018,630110,      0.00,      0.00,      0.00,      0.00,0,1,0,0,1,1
H4,702,2018,630120,      0.00,      0.00,      0.00,      0.00,0,1,0,0,1,1
H4,702,2018,630130,      0.00,      0.00,      0.00,      0.00,0,1,0,0,1,1
H4,702,2018,630140,      0.00,      0.00,      0.00,      0.00,0,1,0,0,1,1
H4,702,2018,630190,      0.00,      0.00,      0.00,      0.00,0,1,0,0,1,1
H4,702,2018,630210,      0.00,      0.00,      0.00,      0.00,0,1,0,0,1,1
H4,702,2018,630221,      0.00,      0.00,      0.00,      0.00,0,1,0,0,1,1
H4,702,2018,630222,      0.00,      0.00,      0.00,      0.00,0,2,0,0,2,2
H4,702,2018,630229,      0.00,      0.00,      0.00,      0.00,0,1,0,0,1,1
H4,702,2018,630231,      0.00,      0.00,      0.00,      0.00,0,1,0,0,1,1
H4,702,2018,630232,      0.00,      0.00,      0.00,      0.00,0,2,0,0,2,2
H4,702,2018,630239,      0.00,      0.00,      0.00,      0.00,0,1,0,0,1,1
H4,702,2018,630240,      0.00,      0.00,      0.00,      0.00,0,1,0,0,1,1
H4,702,2018,630251,      0.00,      0.00,      0.00,      0.00,0,1,0,0,1,1
H4,702,2018,630253,      0.00,      0.00,      0.00,      0.00,0,1,0,0,1,1
H4,702,2018,630259,      0.00,      0.00,      0.00,      0.00,0,1,0,0,1,1
H4,702,2018,630260,      0.00,      0.00,      0.00,      0.00,0,1,0,0,1,1
H4,702,2018,630291,      0.00,      0.00,      0.00,      0.00,0,1,0,0,1,1
H4,702,2018,630293,      0.00,      0.00,      0.00,      0.00,0,1,0,0,1,1
H4,702,2018,630299,      0.00,      0.00,      0.00,      0.00,0,1,0,0,1,1
H4,702,2018,630312,      0.00,      0.00,      0.00,      0.00,0,1,0,0,1,1
H4,702,2018,630319,      0.00,      0.00,      0.00,      0.00,0,2,0,0,2,2
H4,702,2018,630391,      0.00,      0.00,      0.00,      0.00,0,1,0,0,1,1
H4,702,2018,630392,      0.00,      0.00,      0.00,      0.00,0,1,0,0,1,1
H4,702,2018,630399,      0.00,      0.00,      0.00,      0.00,0,1,0,0,1,1
H4,702,2018,630411,      0.00,      0.00,      0.00,      0.00,0,1,0,0,1,1
H4,702,2018,630419,      0.00,      0.00,      0.00,      0.00,0,3,0,0,3,3
H4,702,2018,630491,      0.00,      0.00,      0.00,      0.00,0,2,0,0,2,2
H4,702,2018,630492,      0.00,      0.00,      0.00,      0.00,0,1,0,0,1,1
H4,702,2018,630493,      0.00,      0.00,      0.00,      0.00,0,1,0,0,1,1
H4,702,2018,630499,      0.00,      0.00,      0.00,      0.00,0,1,0,0,1,1
H4,702,2018,630510,      0.00,      0.00,      0.00,      0.00,0,4,0,0,4,4
H4,702,2018,630520,      0.00,      0.00,      0.00,      0.00,0,1,0,0,1,1
H4,702,2018,630532,      0.00,      0.00,      0.00,      0.00,0,3,0,0,3,3
H4,702,2018,630533,      0.00,      0.00,      0.00,      0.00,0,3,0,0,3,3
H4,702,2018,630539,      0.00,      0.00,      0.00,      0.00,0,3,0,0,3,3
H4,702,2018,630590,      0.00,      0.00,      0.00,      0.00,0,3,0,0,3,3
H4,702,2018,630612,      0.00,      0.00,      0.00,      0.00,0,1,0,0,1,1
H4,702,2018,630619,      0.00,      0.00,      0.00,      0.00,0,3,0,0,3,3
H4,702,2018,630622,      0.00,      0.00,      0.00,      0.00,0,1,0,0,1,1
H4,702,2018,630629,      0.00,      0.00,      0.00,      0.00,0,2,0,0,2,2
H4,702,2018,630630,      0.00,      0.00,      0.00,      0.00,0,1,0,0,1,1
H4,702,2018,630640,      0.00,      0.00,      0.00,      0.00,0,2,0,0,2,2
H4,702,2018,630690,      0.00,      0.00,      0.00,      0.00,0,1,0,0,1,1
H4,702,2018,630710,      0.00,      0.00,      0.00,      0.00,0,3,0,0,3,3
H4,702,2018,630720,      0.00,      0.00,      0.00,      0.00,0,1,0,0,1,1
H4,702,2018,630790,      0.00,      0.00,      0.00,      0.00,0,6,0,0,6,6
H4,702,2018,630800,      0.00,      0.00,      0.00,      0.00,0,1,0,0,1,1
H4,702,2018,630900,      0.00,      0.00,      0.00,      0.00,0,1,0,0,1,1
H4,702,2018,631010,      0.00,      0.00,      0.00,      0.00,0,2,0,0,2,2
H4,702,2018,631090,      0.00,      0.00,      0.00,      0.00,0,2,0,0,2,2
H4,702,2018,640110,      0.00,      0.00,      0.00,      0.00,0,1,0,0,1,1
H4,702,2018,640192,      0.00,      0.00,      0.00,      0.00,0,1,0,0,1,1
H4,702,2018,640199,      0.00,      0.00,      0.00,      0.00,0,1,0,0,1,1
H4,702,2018,640212,      0.00,      0.00,      0.00,      0.00,0,1,0,0,1,1
H4,702,2018,640219,      0.00,      0.00,      0.00,      0.00,0,2,0,0,2,2
H4,702,2018,640220,      0.00,      0.00,      0.00,      0.00,0,1,0,0,1,1
H4,702,2018,640291,      0.00,      0.00,      0.00,      0.00,0,3,0,0,3,3
H4,702,2018,640299,      0.00,      0.00,      0.00,      0.00,0,2,0,0,2,2
H4,702,2018,640312,      0.00,      0.00,      0.00,      0.00,0,1,0,0,1,1
H4,702,2018,640319,      0.00,      0.00,      0.00,      0.00,0,4,0,0,4,4
H4,702,2018,640320,      0.00,      0.00,      0.00,      0.00,0,1,0,0,1,1
H4,702,2018,640340,      0.00,      0.00,      0.00,      0.00,0,1,0,0,1,1
H4,702,2018,640351,      0.00,      0.00,      0.00,      0.00,0,1,0,0,1,1
H4,702,2018,640359,      0.00,      0.00,      0.00,      0.00,0,1,0,0,1,1
H4,702,2018,640391,      0.00,      0.00,      0.00,      0.00,0,1,0,0,1,1
H4,702,2018,640399,      0.00,      0.00,      0.00,      0.00,0,1,0,0,1,1
H4,702,2018,640411,      0.00,      0.00,      0.00,      0.00,0,3,0,0,3,3
H4,702,2018,640419,      0.00,      0.00,      0.00,      0.00,0,1,0,0,1,1
H4,702,2018,640420,      0.00,      0.00,      0.00,      0.00,0,1,0,0,1,1
H4,702,2018,640510,      0.00,      0.00,      0.00,      0.00,0,1,0,0,1,1
H4,702,2018,640520,      0.00,      0.00,      0.00,      0.00,0,1,0,0,1,1
H4,702,2018,640590,      0.00,      0.00,      0.00,      0.00,0,1,0,0,1,1
H4,702,2018,640610,      0.00,      0.00,      0.00,      0.00,0,2,0,0,2,2
H4,702,2018,640620,      0.00,      0.00,      0.00,      0.00,0,1,0,0,1,1
H4,702,2018,640690,      0.00,      0.00,      0.00,      0.00,0,8,0,0,8,8
H4,702,2018,650100,      0.00,      0.00,      0.00,      0.00,0,1,0,0,1,1
H4,702,2018,650200,      0.00,      0.00,      0.00,      0.00,0,1,0,0,1,1
H4,702,2018,650400,      0.00,      0.00,      0.00,      0.00,0,1,0,0,1,1
H4,702,2018,650500,      0.00,      0.00,      0.00,      0.00,0,3,0,0,3,3
H4,702,2018,650610,      0.00,      0.00,      0.00,      0.00,0,5,0,0,5,5
H4,702,2018,650691,      0.00,      0.00,      0.00,      0.00,0,1,0,0,1,1
H4,702,2018,650699,      0.00,      0.00,      0.00,      0.00,0,2,0,0,2,2
H4,702,2018,650700,      0.00,      0.00,      0.00,      0.00,0,1,0,0,1,1
H4,702,2018,660110,      0.00,      0.00,      0.00,      0.00,0,1,0,0,1,1
H4,702,2018,660191,      0.00,      0.00,      0.00,      0.00,0,1,0,0,1,1
H4,702,2018,660199,      0.00,      0.00,      0.00,      0.00,0,1,0,0,1,1
H4,702,2018,660200,      0.00,      0.00,      0.00,      0.00,0,1,0,0,1,1
H4,702,2018,660320,      0.00,      0.00,      0.00,      0.00,0,1,0,0,1,1
H4,702,2018,660390,      0.00,      0.00,      0.00,      0.00,0,2,0,0,2,2
H4,702,2018,670100,      0.00,      0.00,      0.00,      0.00,0,1,0,0,1,1
H4,702,2018,670210,      0.00,      0.00,      0.00,      0.00,0,1,0,0,1,1
H4,702,2018,670290,      0.00,      0.00,      0.00,      0.00,0,3,0,0,3,3
H4,702,2018,670300,      0.00,      0.00,      0.00,      0.00,0,1,0,0,1,1
H4,702,2018,670411,      0.00,      0.00,      0.00,      0.00,0,1,0,0,1,1
H4,702,2018,670419,      0.00,      0.00,      0.00,      0.00,0,1,0,0,1,1
H4,702,2018,670420,      0.00,      0.00,      0.00,      0.00,0,1,0,0,1,1
H4,702,2018,670490,      0.00,      0.00,      0.00,      0.00,0,1,0,0,1,1
H4,702,2018,680100,      0.00,      0.00,      0.00,      0.00,0,1,0,0,1,1
H4,702,2018,680210,      0.00,      0.00,      0.00,      0.00,0,1,0,0,1,1
H4,702,2018,680221,      0.00,      0.00,      0.00,      0.00,0,1,0,0,1,1
H4,702,2018,680223,      0.00,      0.00,      0.00,      0.00,0,1,0,0,1,1
H4,702,2018,680229,      0.00,      0.00,      0.00,      0.00,0,2,0,0,2,2
H4,702,2018,680291,      0.00,      0.00,      0.00,      0.00,0,2,0,0,2,2
H4,702,2018,680292,      0.00,      0.00,      0.00,      0.00,0,1,0,0,1,1
H4,702,2018,680293,      0.00,      0.00,      0.00,      0.00,0,1,0,0,1,1
H4,702,2018,680299,      0.00,      0.00,      0.00,      0.00,0,1,0,0,1,1
H4,702,2018,680300,      0.00,      0.00,      0.00,      0.00,0,1,0,0,1,1
H4,702,2018,680410,      0.00,      0.00,      0.00,      0.00,0,1,0,0,1,1
H4,702,2018,680421,      0.00,      0.00,      0.00,      0.00,0,1,0,0,1,1
H4,702,2018,680422,      0.00,      0.00,      0.00,      0.00,0,1,0,0,1,1
H4,702,2018,680423,      0.00,      0.00,      0.00,      0.00,0,1,0,0,1,1
H4,702,2018,680430,      0.00,      0.00,      0.00,      0.00,0,1,0,0,1,1
H4,702,2018,680510,      0.00,      0.00,      0.00,      0.00,0,1,0,0,1,1
H4,702,2018,680520,      0.00,      0.00,      0.00,      0.00,0,1,0,0,1,1
H4,702,2018,680530,      0.00,      0.00,      0.00,      0.00,0,1,0,0,1,1
H4,702,2018,680610,      0.00,      0.00,      0.00,      0.00,0,1,0,0,1,1
H4,702,2018,680620,      0.00,      0.00,      0.00,      0.00,0,1,0,0,1,1
H4,702,2018,680690,      0.00,      0.00,      0.00,      0.00,0,1,0,0,1,1
H4,702,2018,680710,      0.00,      0.00,      0.00,      0.00,0,1,0,0,1,1
H4,702,2018,680790,      0.00,      0.00,      0.00,      0.00,0,2,0,0,2,2
H4,702,2018,680800,      0.00,      0.00,      0.00,      0.00,0,2,0,0,2,2
H4,702,2018,680911,      0.00,      0.00,      0.00,      0.00,0,1,0,0,1,1
H4,702,2018,680919,      0.00,      0.00,      0.00,      0.00,0,2,0,0,2,2
H4,702,2018,680990,      0.00,      0.00,      0.00,      0.00,0,2,0,0,2,2
H4,702,2018,681011,      0.00,      0.00,      0.00,      0.00,0,1,0,0,1,1
H4,702,2018,681019,      0.00,      0.00,      0.00,      0.00,0,2,0,0,2,2
H4,702,2018,681091,      0.00,      0.00,      0.00,      0.00,0,1,0,0,1,1
H4,702,2018,681099,      0.00,      0.00,      0.00,      0.00,0,1,0,0,1,1
H4,702,2018,681140,      0.00,      0.00,      0.00,      0.00,0,6,0,0,6,6
H4,702,2018,681181,      0.00,      0.00,      0.00,      0.00,0,1,0,0,1,1
H4,702,2018,681182,      0.00,      0.00,      0.00,      0.00,0,2,0,0,2,2
H4,702,2018,681189,      0.00,      0.00,      0.00,      0.00,0,3,0,0,3,3
H4,702,2018,681280,      0.00,      0.00,      0.00,      0.00,0,5,0,0,5,5
H4,702,2018,681291,      0.00,      0.00,      0.00,      0.00,0,2,0,0,2,2
H4,702,2018,681292,      0.00,      0.00,      0.00,      0.00,0,1,0,0,1,1
H4,702,2018,681293,      0.00,      0.00,      0.00,      0.00,0,1,0,0,1,1
H4,702,2018,681299,      0.00,      0.00,      0.00,      0.00,0,4,0,0,4,4
H4,702,2018,681320,      0.00,      0.00,      0.00,      0.00,0,2,0,0,2,2
H4,702,2018,681381,      0.00,      0.00,      0.00,      0.00,0,1,0,0,1,1
H4,702,2018,681389,      0.00,      0.00,      0.00,      0.00,0,1,0,0,1,1
H4,702,2018,681410,      0.00,      0.00,      0.00,      0.00,0,1,0,0,1,1
H4,702,2018,681490,      0.00,      0.00,      0.00,      0.00,0,1,0,0,1,1
H4,702,2018,681510,      0.00,      0.00,      0.00,      0.00,0,4,0,0,4,4
H4,702,2018,681520,      0.00,      0.00,      0.00,      0.00,0,1,0,0,1,1
H4,702,2018,681591,      0.00,      0.00,      0.00,      0.00,0,1,0,0,1,1
H4,702,2018,681599,      0.00,      0.00,      0.00,      0.00,0,1,0,0,1,1
H4,702,2018,690100,      0.00,      0.00,      0.00,      0.00,0,1,0,0,1,1
H4,702,2018,690210,      0.00,      0.00,      0.00,      0.00,0,1,0,0,1,1
H4,702,2018,690220,      0.00,      0.00,      0.00,      0.00,0,1,0,0,1,1
H4,702,2018,690290,      0.00,      0.00,      0.00,      0.00,0,1,0,0,1,1
H4,702,2018,690310,      0.00,      0.00,      0.00,      0.00,0,1,0,0,1,1
H4,702,2018,690320,      0.00,      0.00,      0.00,      0.00,0,1,0,0,1,1
H4,702,2018,690390,      0.00,      0.00,      0.00,      0.00,0,1,0,0,1,1
H4,702,2018,690410,      0.00,      0.00,      0.00,      0.00,0,1,0,0,1,1
H4,702,2018,690490,      0.00,      0.00,      0.00,      0.00,0,1,0,0,1,1
H4,702,2018,690510,      0.00,      0.00,      0.00,      0.00,0,1,0,0,1,1
H4,702,2018,690590,      0.00,      0.00,      0.00,      0.00,0,1,0,0,1,1
H4,702,2018,690600,      0.00,      0.00,      0.00,      0.00,0,1,0,0,1,1
H4,702,2018,690710,      0.00,      0.00,      0.00,      0.00,0,2,0,0,2,2
H4,702,2018,690790,      0.00,      0.00,      0.00,      0.00,0,3,0,0,3,3
H4,702,2018,690810,      0.00,      0.00,      0.00,      0.00,0,2,0,0,2,2
H4,702,2018,690890,      0.00,      0.00,      0.00,      0.00,0,4,0,0,4,4
H4,702,2018,690911,      0.00,      0.00,      0.00,      0.00,0,1,0,0,1,1
H4,702,2018,690912,      0.00,      0.00,      0.00,      0.00,0,1,0,0,1,1
H4,702,2018,690919,      0.00,      0.00,      0.00,      0.00,0,1,0,0,1,1
H4,702,2018,690990,      0.00,      0.00,      0.00,      0.00,0,1,0,0,1,1
H4,702,2018,691010,      0.00,      0.00,      0.00,      0.00,0,1,0,0,1,1
H4,702,2018,691090,      0.00,      0.00,      0.00,      0.00,0,1,0,0,1,1
H4,702,2018,691110,      0.00,      0.00,      0.00,      0.00,0,1,0,0,1,1
H4,702,2018,691190,      0.00,      0.00,      0.00,      0.00,0,1,0,0,1,1
H4,702,2018,691200,      0.00,      0.00,      0.00,      0.00,0,1,0,0,1,1
H4,702,2018,691310,      0.00,      0.00,      0.00,      0.00,0,2,0,0,2,2
H4,702,2018,691390,      0.00,      0.00,      0.00,      0.00,0,2,0,0,2,2
H4,702,2018,691410,      0.00,      0.00,      0.00,      0.00,0,1,0,0,1,1
H4,702,2018,691490,      0.00,      0.00,      0.00,      0.00,0,1,0,0,1,1
H4,702,2018,700100,      0.00,      0.00,      0.00,      0.00,0,1,0,0,1,1
H4,702,2018,700210,      0.00,      0.00,      0.00,      0.00,0,1,0,0,1,1
H4,702,2018,700220,      0.00,      0.00,      0.00,      0.00,0,1,0,0,1,1
H4,702,2018,700231,      0.00,      0.00,      0.00,      0.00,0,2,0,0,2,2
H4,702,2018,700232,      0.00,      0.00,      0.00,      0.00,0,3,0,0,3,3
H4,702,2018,700239,      0.00,      0.00,      0.00,      0.00,0,3,0,0,3,3
H4,702,2018,700312,      0.00,      0.00,      0.00,      0.00,0,3,0,0,3,3
H4,702,2018,700319,      0.00,      0.00,      0.00,      0.00,0,2,0,0,2,2
H4,702,2018,700320,      0.00,      0.00,      0.00,      0.00,0,1,0,0,1,1
H4,702,2018,700330,      0.00,      0.00,      0.00,      0.00,0,1,0,0,1,1
H4,702,2018,700420,      0.00,      0.00,      0.00,      0.00,0,2,0,0,2,2
H4,702,2018,700490,      0.00,      0.00,      0.00,      0.00,0,2,0,0,2,2
H4,702,2018,700510,      0.00,      0.00,      0.00,      0.00,0,2,0,0,2,2
H4,702,2018,700521,      0.00,      0.00,      0.00,      0.00,0,2,0,0,2,2
H4,702,2018,700529,      0.00,      0.00,      0.00,      0.00,0,2,0,0,2,2
H4,702,2018,700530,      0.00,      0.00,      0.00,      0.00,0,1,0,0,1,1
H4,702,2018,700600,      0.00,      0.00,      0.00,      0.00,0,2,0,0,2,2
H4,702,2018,700711,      0.00,      0.00,      0.00,      0.00,0,4,0,0,4,4
H4,702,2018,700719,      0.00,      0.00,      0.00,      0.00,0,2,0,0,2,2
H4,702,2018,700721,      0.00,      0.00,      0.00,      0.00,0,4,0,0,4,4
H4,702,2018,700729,      0.00,      0.00,      0.00,      0.00,0,2,0,0,2,2
H4,702,2018,700800,      0.00,      0.00,      0.00,      0.00,0,1,0,0,1,1
H4,702,2018,700910,      0.00,      0.00,      0.00,      0.00,0,1,0,0,1,1
H4,702,2018,700991,      0.00,      0.00,      0.00,      0.00,0,1,0,0,1,1
H4,702,2018,700992,      0.00,      0.00,      0.00,      0.00,0,1,0,0,1,1
H4,702,2018,701010,      0.00,      0.00,      0.00,      0.00,0,1,0,0,1,1
H4,702,2018,701020,      0.00,      0.00,      0.00,      0.00,0,1,0,0,1,1
H4,702,2018,701090,      0.00,      0.00,      0.00,      0.00,0,3,0,0,3,3
H4,702,2018,701110,      0.00,      0.00,      0.00,      0.00,0,2,0,0,2,2
H4,702,2018,701120,      0.00,      0.00,      0.00,      0.00,0,1,0,0,1,1
H4,702,2018,701190,      0.00,      0.00,      0.00,      0.00,0,1,0,0,1,1
H4,702,2018,701310,      0.00,      0.00,      0.00,      0.00,0,1,0,0,1,1
H4,702,2018,701322,      0.00,      0.00,      0.00,      0.00,0,1,0,0,1,1
H4,702,2018,701328,      0.00,      0.00,      0.00,      0.00,0,1,0,0,1,1
H4,702,2018,701333,      0.00,      0.00,      0.00,      0.00,0,1,0,0,1,1
H4,702,2018,701337,      0.00,      0.00,      0.00,      0.00,0,1,0,0,1,1
H4,702,2018,701341,      0.00,      0.00,      0.00,      0.00,0,1,0,0,1,1
H4,702,2018,701342,      0.00,      0.00,      0.00,      0.00,0,1,0,0,1,1
H4,702,2018,701349,      0.00,      0.00,      0.00,      0.00,0,1,0,0,1,1
H4,702,2018,701391,      0.00,      0.00,      0.00,      0.00,0,1,0,0,1,1
H4,702,2018,701399,      0.00,      0.00,      0.00,      0.00,0,1,0,0,1,1
H4,702,2018,701400,      0.00,      0.00,      0.00,      0.00,0,2,0,0,2,2
H4,702,2018,701510,      0.00,      0.00,      0.00,      0.00,0,1,0,0,1,1
H4,702,2018,701590,      0.00,      0.00,      0.00,      0.00,0,2,0,0,2,2
H4,702,2018,701610,      0.00,      0.00,      0.00,      0.00,0,1,0,0,1,1
H4,702,2018,701690,      0.00,      0.00,      0.00,      0.00,0,1,0,0,1,1
H4,702,2018,701710,      0.00,      0.00,      0.00,      0.00,0,2,0,0,2,2
H4,702,2018,701720,      0.00,      0.00,      0.00,      0.00,0,1,0,0,1,1
H4,702,2018,701790,      0.00,      0.00,      0.00,      0.00,0,1,0,0,1,1
H4,702,2018,701810,      0.00,      0.00,      0.00,      0.00,0,1,0,0,1,1
H4,702,2018,701820,      0.00,      0.00,      0.00,      0.00,0,1,0,0,1,1
H4,702,2018,701890,      0.00,      0.00,      0.00,      0.00,0,1,0,0,1,1
H4,702,2018,701911,      0.00,      0.00,      0.00,      0.00,0,1,0,0,1,1
H4,702,2018,701912,      0.00,      0.00,      0.00,      0.00,0,1,0,0,1,1
H4,702,2018,701919,      0.00,      0.00,      0.00,      0.00,0,2,0,0,2,2
H4,702,2018,701931,      0.00,      0.00,      0.00,      0.00,0,1,0,0,1,1
H4,702,2018,701932,      0.00,      0.00,      0.00,      0.00,0,1,0,0,1,1
H4,702,2018,701939,      0.00,      0.00,      0.00,      0.00,0,2,0,0,2,2
H4,702,2018,701940,      0.00,      0.00,      0.00,      0.00,0,1,0,0,1,1
H4,702,2018,701951,      0.00,      0.00,      0.00,      0.00,0,1,0,0,1,1
H4,702,2018,701952,      0.00,      0.00,      0.00,      0.00,0,1,0,0,1,1
H4,702,2018,701959,      0.00,      0.00,      0.00,      0.00,0,1,0,0,1,1
H4,702,2018,701990,      0.00,      0.00,      0.00,      0.00,0,2,0,0,2,2
H4,702,2018,702000,      0.00,      0.00,      0.00,      0.00,0,7,0,0,7,7
H4,702,2018,710110,      0.00,      0.00,      0.00,      0.00,0,1,0,0,1,1
H4,702,2018,710121,      0.00,      0.00,      0.00,      0.00,0,1,0,0,1,1
H4,702,2018,710122,      0.00,      0.00,      0.00,      0.00,0,1,0,0,1,1
H4,702,2018,710210,      0.00,      0.00,      0.00,      0.00,0,1,0,0,1,1
H4,702,2018,710221,      0.00,      0.00,      0.00,      0.00,0,1,0,0,1,1
H4,702,2018,710229,      0.00,      0.00,      0.00,      0.00,0,1,0,0,1,1
H4,702,2018,710231,      0.00,      0.00,      0.00,      0.00,0,1,0,0,1,1
H4,702,2018,710239,      0.00,      0.00,      0.00,      0.00,0,1,0,0,1,1
H4,702,2018,710310,      0.00,      0.00,      0.00,      0.00,0,3,0,0,3,3
H4,702,2018,710391,      0.00,      0.00,      0.00,      0.00,0,2,0,0,2,2
H4,702,2018,710399,      0.00,      0.00,      0.00,      0.00,0,1,0,0,1,1
H4,702,2018,710410,      0.00,      0.00,      0.00,      0.00,0,2,0,0,2,2
H4,702,2018,710420,      0.00,      0.00,      0.00,      0.00,0,1,0,0,1,1
H4,702,2018,710490,      0.00,      0.00,      0.00,      0.00,0,1,0,0,1,1
H4,702,2018,710510,      0.00,      0.00,      0.00,      0.00,0,1,0,0,1,1
H4,702,2018,710590,      0.00,      0.00,      0.00,      0.00,0,1,0,0,1,1
H4,702,2018,710610,      0.00,      0.00,      0.00,      0.00,0,1,0,0,1,1
H4,702,2018,710691,      0.00,      0.00,      0.00,      0.00,0,1,0,0,1,1
H4,702,2018,710692,      0.00,      0.00,      0.00,      0.00,0,1,0,0,1,1
H4,702,2018,710700,      0.00,      0.00,      0.00,      0.00,0,1,0,0,1,1
H4,702,2018,710811,      0.00,      0.00,      0.00,      0.00,0,1,0,0,1,1
H4,702,2018,710812,      0.00,      0.00,      0.00,      0.00,0,1,0,0,1,1
H4,702,2018,710813,      0.00,      0.00,      0.00,      0.00,0,1,0,0,1,1
H4,702,2018,710820,      0.00,      0.00,      0.00,      0.00,0,1,0,0,1,1
H4,702,2018,710900,      0.00,      0.00,      0.00,      0.00,0,1,0,0,1,1
H4,702,2018,711011,      0.00,      0.00,      0.00,      0.00,0,1,0,0,1,1
H4,702,2018,711019,      0.00,      0.00,      0.00,      0.00,0,1,0,0,1,1
H4,702,2018,711021,      0.00,      0.00,      0.00,      0.00,0,1,0,0,1,1
H4,702,2018,711029,      0.00,      0.00,      0.00,      0.00,0,1,0,0,1,1
H4,702,2018,711031,      0.00,      0.00,      0.00,      0.00,0,1,0,0,1,1
H4,702,2018,711039,      0.00,      0.00,      0.00,      0.00,0,1,0,0,1,1
H4,702,2018,711041,      0.00,      0.00,      0.00,      0.00,0,1,0,0,1,1
H4,702,2018,711049,      0.00,      0.00,      0.00,      0.00,0,1,0,0,1,1
H4,702,2018,711100,      0.00,      0.00,      0.00,      0.00,0,2,0,0,2,2
H4,702,2018,711230,      0.00,      0.00,      0.00,      0.00,0,1,0,0,1,1
H4,702,2018,711291,      0.00,      0.00,      0.00,      0.00,0,1,0,0,1,1
H4,702,2018,711292,      0.00,      0.00,      0.00,      0.00,0,1,0,0,1,1
H4,702,2018,711299,      0.00,      0.00,      0.00,      0.00,0,2,0,0,2,2
H4,702,2018,711311,      0.00,      0.00,      0.00,      0.00,0,2,0,0,2,2
H4,702,2018,711319,      0.00,      0.00,      0.00,      0.00,0,2,0,0,2,2
H4,702,2018,711320,      0.00,      0.00,      0.00,      0.00,0,2,0,0,2,2
H4,702,2018,711411,      0.00,      0.00,      0.00,      0.00,0,1,0,0,1,1
H4,702,2018,711419,      0.00,      0.00,      0.00,      0.00,0,1,0,0,1,1
H4,702,2018,711420,      0.00,      0.00,      0.00,      0.00,0,1,0,0,1,1
H4,702,2018,711510,      0.00,      0.00,      0.00,      0.00,0,1,0,0,1,1
H4,702,2018,711590,      0.00,      0.00,      0.00,      0.00,0,3,0,0,3,3
H4,702,2018,711610,      0.00,      0.00,      0.00,      0.00,0,1,0,0,1,1
H4,702,2018,711620,      0.00,      0.00,      0.00,      0.00,0,1,0,0,1,1
H4,702,2018,711711,      0.00,      0.00,      0.00,      0.00,0,2,0,0,2,2
H4,702,2018,711719,      0.00,      0.00,      0.00,      0.00,0,3,0,0,3,3
H4,702,2018,711790,      0.00,      0.00,      0.00,      0.00,0,12,0,0,12,12
H4,702,2018,711810,      0.00,      0.00,      0.00,      0.00,0,2,0,0,2,2
H4,702,2018,711890,      0.00,      0.00,      0.00,      0.00,0,3,0,0,3,3
H4,702,2018,720110,      0.00,      0.00,      0.00,      0.00,0,1,0,0,1,1
H4,702,2018,720120,      0.00,      0.00,      0.00,      0.00,0,1,0,0,1,1
H4,702,2018,720150,      0.00,      0.00,      0.00,      0.00,0,1,0,0,1,1
H4,702,2018,720211,      0.00,      0.00,      0.00,      0.00,0,1,0,0,1,1
H4,702,2018,720219,      0.00,      0.00,      0.00,      0.00,0,1,0,0,1,1
H4,702,2018,720221,      0.00,      0.00,      0.00,      0.00,0,1,0,0,1,1
H4,702,2018,720229,      0.00,      0.00,      0.00,      0.00,0,1,0,0,1,1
H4,702,2018,720230,      0.00,      0.00,      0.00,      0.00,0,1,0,0,1,1
H4,702,2018,720241,      0.00,      0.00,      0.00,      0.00,0,1,0,0,1,1
H4,702,2018,720249,      0.00,      0.00,      0.00,      0.00,0,1,0,0,1,1
H4,702,2018,720250,      0.00,      0.00,      0.00,      0.00,0,1,0,0,1,1
H4,702,2018,720260,      0.00,      0.00,      0.00,      0.00,0,1,0,0,1,1
H4,702,2018,720270,      0.00,      0.00,      0.00,      0.00,0,1,0,0,1,1
H4,702,2018,720280,      0.00,      0.00,      0.00,      0.00,0,1,0,0,1,1
H4,702,2018,720291,      0.00,      0.00,      0.00,      0.00,0,1,0,0,1,1
H4,702,2018,720292,      0.00,      0.00,      0.00,      0.00,0,1,0,0,1,1
H4,702,2018,720293,      0.00,      0.00,      0.00,      0.00,0,1,0,0,1,1
H4,702,2018,720299,      0.00,      0.00,      0.00,      0.00,0,1,0,0,1,1
H4,702,2018,720310,      0.00,      0.00,      0.00,      0.00,0,1,0,0,1,1
H4,702,2018,720390,      0.00,      0.00,      0.00,      0.00,0,1,0,0,1,1
H4,702,2018,720410,      0.00,      0.00,      0.00,      0.00,0,1,0,0,1,1
H4,702,2018,720421,      0.00,      0.00,      0.00,      0.00,0,1,0,0,1,1
H4,702,2018,720429,      0.00,      0.00,      0.00,      0.00,0,1,0,0,1,1
H4,702,2018,720430,      0.00,      0.00,      0.00,      0.00,0,1,0,0,1,1
H4,702,2018,720441,      0.00,      0.00,      0.00,      0.00,0,1,0,0,1,1
H4,702,2018,720449,      0.00,      0.00,      0.00,      0.00,0,1,0,0,1,1
H4,702,2018,720450,      0.00,      0.00,      0.00,      0.00,0,1,0,0,1,1
H4,702,2018,720510,      0.00,      0.00,      0.00,      0.00,0,1,0,0,1,1
H4,702,2018,720521,      0.00,      0.00,      0.00,      0.00,0,1,0,0,1,1
H4,702,2018,720529,      0.00,      0.00,      0.00,      0.00,0,1,0,0,1,1
H4,702,2018,720610,      0.00,      0.00,      0.00,      0.00,0,2,0,0,2,2
H4,702,2018,720690,      0.00,      0.00,      0.00,      0.00,0,1,0,0,1,1
H4,702,2018,720711,      0.00,      0.00,      0.00,      0.00,0,1,0,0,1,1
H4,702,2018,720712,      0.00,      0.00,      0.00,      0.00,0,2,0,0,2,2
H4,702,2018,720719,      0.00,      0.00,      0.00,      0.00,0,1,0,0,1,1
H4,702,2018,720720,      0.00,      0.00,      0.00,      0.00,0,6,0,0,6,6
H4,702,2018,720810,      0.00,      0.00,      0.00,      0.00,0,1,0,0,1,1
H4,702,2018,720825,      0.00,      0.00,      0.00,      0.00,0,1,0,0,1,1
H4,702,2018,720826,      0.00,      0.00,      0.00,      0.00,0,1,0,0,1,1
H4,702,2018,720827,      0.00,      0.00,      0.00,      0.00,0,2,0,0,2,2
H4,702,2018,720836,      0.00,      0.00,      0.00,      0.00,0,1,0,0,1,1
H4,702,2018,720837,      0.00,      0.00,      0.00,      0.00,0,1,0,0,1,1
H4,702,2018,720838,      0.00,      0.00,      0.00,      0.00,0,1,0,0,1,1
H4,702,2018,720839,      0.00,      0.00,      0.00,      0.00,0,1,0,0,1,1
H4,702,2018,720840,      0.00,      0.00,      0.00,      0.00,0,1,0,0,1,1
H4,702,2018,720851,      0.00,      0.00,      0.00,      0.00,0,1,0,0,1,1
H4,702,2018,720852,      0.00,      0.00,      0.00,      0.00,0,1,0,0,1,1
H4,702,2018,720853,      0.00,      0.00,      0.00,      0.00,0,1,0,0,1,1
H4,702,2018,720854,      0.00,      0.00,      0.00,      0.00,0,1,0,0,1,1
H4,702,2018,720890,      0.00,      0.00,      0.00,      0.00,0,1,0,0,1,1
H4,702,2018,720915,      0.00,      0.00,      0.00,      0.00,0,1,0,0,1,1
H4,702,2018,720916,      0.00,      0.00,      0.00,      0.00,0,1,0,0,1,1
H4,702,2018,720917,      0.00,      0.00,      0.00,      0.00,0,1,0,0,1,1
H4,702,2018,720918,      0.00,      0.00,      0.00,      0.00,0,3,0,0,3,3
H4,702,2018,720925,      0.00,      0.00,      0.00,      0.00,0,1,0,0,1,1
H4,702,2018,720926,      0.00,      0.00,      0.00,      0.00,0,1,0,0,1,1
H4,702,2018,720927,      0.00,      0.00,      0.00,      0.00,0,1,0,0,1,1
H4,702,2018,720928,      0.00,      0.00,      0.00,      0.00,0,2,0,0,2,2
H4,702,2018,720990,      0.00,      0.00,      0.00,      0.00,0,2,0,0,2,2
H4,702,2018,721011,      0.00,      0.00,      0.00,      0.00,0,2,0,0,2,2
H4,702,2018,721012,      0.00,      0.00,      0.00,      0.00,0,2,0,0,2,2
H4,702,2018,721020,      0.00,      0.00,      0.00,      0.00,0,2,0,0,2,2
H4,702,2018,721030,      0.00,      0.00,      0.00,      0.00,0,5,0,0,5,5
H4,702,2018,721041,      0.00,      0.00,      0.00,      0.00,0,5,0,0,5,5
H4,702,2018,721049,      0.00,      0.00,      0.00,      0.00,0,6,0,0,6,6
H4,702,2018,721050,      0.00,      0.00,      0.00,      0.00,0,1,0,0,1,1
H4,702,2018,721061,      0.00,      0.00,      0.00,      0.00,0,5,0,0,5,5
H4,702,2018,721069,      0.00,      0.00,      0.00,      0.00,0,5,0,0,5,5
H4,702,2018,721070,      0.00,      0.00,      0.00,      0.00,0,2,0,0,2,2
H4,702,2018,721090,      0.00,      0.00,      0.00,      0.00,0,2,0,0,2,2
H4,702,2018,721113,      0.00,      0.00,      0.00,      0.00,0,2,0,0,2,2
H4,702,2018,721114,      0.00,      0.00,      0.00,      0.00,0,6,0,0,6,6
H4,702,2018,721119,      0.00,      0.00,      0.00,      0.00,0,7,0,0,7,7
H4,702,2018,721123,      0.00,      0.00,      0.00,      0.00,0,4,0,0,4,4
H4,702,2018,721129,      0.00,      0.00,      0.00,      0.00,0,4,0,0,4,4
H4,702,2018,721190,      0.00,      0.00,      0.00,      0.00,0,4,0,0,4,4
H4,702,2018,721210,      0.00,      0.00,      0.00,      0.00,0,3,0,0,3,3
H4,702,2018,721220,      0.00,      0.00,      0.00,      0.00,0,3,0,0,3,3
H4,702,2018,721230,      0.00,      0.00,      0.00,      0.00,0,4,0,0,4,4
H4,702,2018,721240,      0.00,      0.00,      0.00,      0.00,0,3,0,0,3,3
H4,702,2018,721250,      0.00,      0.00,      0.00,      0.00,0,9,0,0,9,9
H4,702,2018,721260,      0.00,      0.00,      0.00,      0.00,0,3,0,0,3,3
H4,702,2018,721310,      0.00,      0.00,      0.00,      0.00,0,1,0,0,1,1
H4,702,2018,721320,      0.00,      0.00,      0.00,      0.00,0,1,0,0,1,1
H4,702,2018,721391,      0.00,      0.00,      0.00,      0.00,0,3,0,0,3,3
H4,702,2018,721399,      0.00,      0.00,      0.00,      0.00,0,3,0,0,3,3
H4,702,2018,721410,      0.00,      0.00,      0.00,      0.00,0,4,0,0,4,4
H4,702,2018,721420,      0.00,      0.00,      0.00,      0.00,0,8,0,0,8,8
H4,702,2018,721430,      0.00,      0.00,      0.00,      0.00,0,1,0,0,1,1
H4,702,2018,721491,      0.00,      0.00,      0.00,      0.00,0,2,0,0,2,2
H4,702,2018,721499,      0.00,      0.00,      0.00,      0.00,0,2,0,0,2,2
H4,702,2018,721510,      0.00,      0.00,      0.00,      0.00,0,1,0,0,1,1
H4,702,2018,721550,      0.00,      0.00,      0.00,      0.00,0,3,0,0,3,3
H4,702,2018,721590,      0.00,      0.00,      0.00,      0.00,0,2,0,0,2,2
H4,702,2018,721610,      0.00,      0.00,      0.00,      0.00,0,1,0,0,1,1
H4,702,2018,721621,      0.00,      0.00,      0.00,      0.00,0,1,0,0,1,1
H4,702,2018,721622,      0.00,      0.00,      0.00,      0.00,0,1,0,0,1,1
H4,702,2018,721631,      0.00,      0.00,      0.00,      0.00,0,1,0,0,1,1
H4,702,2018,721632,      0.00,      0.00,      0.00,      0.00,0,1,0,0,1,1
H4,702,2018,721633,      0.00,      0.00,      0.00,      0.00,0,1,0,0,1,1
H4,702,2018,721640,      0.00,      0.00,      0.00,      0.00,0,1,0,0,1,1
H4,702,2018,721650,      0.00,      0.00,      0.00,      0.00,0,2,0,0,2,2
H4,702,2018,721661,      0.00,      0.00,      0.00,      0.00,0,1,0,0,1,1
H4,702,2018,721669,      0.00,      0.00,      0.00,      0.00,0,1,0,0,1,1
H4,702,2018,721691,      0.00,      0.00,      0.00,      0.00,0,1,0,0,1,1
H4,702,2018,721699,      0.00,      0.00,      0.00,      0.00,0,1,0,0,1,1
H4,702,2018,721710,      0.00,      0.00,      0.00,      0.00,0,5,0,0,5,5
H4,702,2018,721720,      0.00,      0.00,      0.00,      0.00,0,4,0,0,4,4
H4,702,2018,721730,      0.00,      0.00,      0.00,      0.00,0,7,0,0,7,7
H4,702,2018,721790,      0.00,      0.00,      0.00,      0.00,0,2,0,0,2,2
H4,702,2018,721810,      0.00,      0.00,      0.00,      0.00,0,1,0,0,1,1
H4,702,2018,721891,      0.00,      0.00,      0.00,      0.00,0,1,0,0,1,1
H4,702,2018,721899,      0.00,      0.00,      0.00,      0.00,0,1,0,0,1,1
H4,702,2018,721911,      0.00,      0.00,      0.00,      0.00,0,1,0,0,1,1
H4,702,2018,721912,      0.00,      0.00,      0.00,      0.00,0,1,0,0,1,1
H4,702,2018,721913,      0.00,      0.00,      0.00,      0.00,0,1,0,0,1,1
H4,702,2018,721914,      0.00,      0.00,      0.00,      0.00,0,1,0,0,1,1
H4,702,2018,721921,      0.00,      0.00,      0.00,      0.00,0,1,0,0,1,1
H4,702,2018,721922,      0.00,      0.00,      0.00,      0.00,0,1,0,0,1,1
H4,702,2018,721923,      0.00,      0.00,      0.00,      0.00,0,1,0,0,1,1
H4,702,2018,721924,      0.00,      0.00,      0.00,      0.00,0,1,0,0,1,1
H4,702,2018,721931,      0.00,      0.00,      0.00,      0.00,0,1,0,0,1,1
H4,702,2018,721932,      0.00,      0.00,      0.00,      0.00,0,1,0,0,1,1
H4,702,2018,721933,      0.00,      0.00,      0.00,      0.00,0,1,0,0,1,1
H4,702,2018,721934,      0.00,      0.00,      0.00,      0.00,0,1,0,0,1,1
H4,702,2018,721935,      0.00,      0.00,      0.00,      0.00,0,1,0,0,1,1
H4,702,2018,721990,      0.00,      0.00,      0.00,      0.00,0,1,0,0,1,1
H4,702,2018,722011,      0.00,      0.00,      0.00,      0.00,0,2,0,0,2,2
H4,702,2018,722012,      0.00,      0.00,      0.00,      0.00,0,2,0,0,2,2
H4,702,2018,722020,      0.00,      0.00,      0.00,      0.00,0,2,0,0,2,2
H4,702,2018,722090,      0.00,      0.00,      0.00,      0.00,0,2,0,0,2,2
H4,702,2018,722100,      0.00,      0.00,      0.00,      0.00,0,1,0,0,1,1
H4,702,2018,722211,      0.00,      0.00,      0.00,      0.00,0,1,0,0,1,1
H4,702,2018,722219,      0.00,      0.00,      0.00,      0.00,0,1,0,0,1,1
H4,702,2018,722220,      0.00,      0.00,      0.00,      0.00,0,2,0,0,2,2
H4,702,2018,722230,      0.00,      0.00,      0.00,      0.00,0,2,0,0,2,2
H4,702,2018,722240,      0.00,      0.00,      0.00,      0.00,0,2,0,0,2,2
H4,702,2018,722300,      0.00,      0.00,      0.00,      0.00,0,1,0,0,1,1
H4,702,2018,722410,      0.00,      0.00,      0.00,      0.00,0,1,0,0,1,1
H4,702,2018,722490,      0.00,      0.00,      0.00,      0.00,0,1,0,0,1,1
H4,702,2018,722511,      0.00,      0.00,      0.00,      0.00,0,1,0,0,1,1
H4,702,2018,722519,      0.00,      0.00,      0.00,      0.00,0,1,0,0,1,1
H4,702,2018,722530,      0.00,      0.00,      0.00,      0.00,0,2,0,0,2,2
H4,702,2018,722540,      0.00,      0.00,      0.00,      0.00,0,2,0,0,2,2
H4,702,2018,722550,      0.00,      0.00,      0.00,      0.00,0,2,0,0,2,2
H4,702,2018,722591,      0.00,      0.00,      0.00,      0.00,0,2,0,0,2,2
H4,702,2018,722592,      0.00,      0.00,      0.00,      0.00,0,2,0,0,2,2
H4,702,2018,722599,      0.00,      0.00,      0.00,      0.00,0,2,0,0,2,2
H4,702,2018,722611,      0.00,      0.00,      0.00,      0.00,0,2,0,0,2,2
H4,702,2018,722619,      0.00,      0.00,      0.00,      0.00,0,2,0,0,2,2
H4,702,2018,722620,      0.00,      0.00,      0.00,      0.00,0,2,0,0,2,2
H4,702,2018,722691,      0.00,      0.00,      0.00,      0.00,0,2,0,0,2,2
H4,702,2018,722692,      0.00,      0.00,      0.00,      0.00,0,2,0,0,2,2
H4,702,2018,722699,      0.00,      0.00,      0.00,      0.00,0,4,0,0,4,4
H4,702,2018,722710,      0.00,      0.00,      0.00,      0.00,0,1,0,0,1,1
H4,702,2018,722720,      0.00,      0.00,      0.00,      0.00,0,1,0,0,1,1
H4,702,2018,722790,      0.00,      0.00,      0.00,      0.00,0,1,0,0,1,1
H4,702,2018,722810,      0.00,      0.00,      0.00,      0.00,0,2,0,0,2,2
H4,702,2018,722820,      0.00,      0.00,      0.00,      0.00,0,4,0,0,4,4
H4,702,2018,722830,      0.00,      0.00,      0.00,      0.00,0,2,0,0,2,2
H4,702,2018,722840,      0.00,      0.00,      0.00,      0.00,0,2,0,0,2,2
H4,702,2018,722850,      0.00,      0.00,      0.00,      0.00,0,2,0,0,2,2
H4,702,2018,722860,      0.00,      0.00,      0.00,      0.00,0,2,0,0,2,2
H4,702,2018,722870,      0.00,      0.00,      0.00,      0.00,0,2,0,0,2,2
H4,702,2018,722880,      0.00,      0.00,      0.00,      0.00,0,3,0,0,3,3
H4,702,2018,722920,      0.00,      0.00,      0.00,      0.00,0,1,0,0,1,1
H4,702,2018,722990,      0.00,      0.00,      0.00,      0.00,0,2,0,0,2,2
H4,702,2018,730110,      0.00,      0.00,      0.00,      0.00,0,1,0,0,1,1
H4,702,2018,730120,      0.00,      0.00,      0.00,      0.00,0,1,0,0,1,1
H4,702,2018,730210,      0.00,      0.00,      0.00,      0.00,0,1,0,0,1,1
H4,702,2018,730230,      0.00,      0.00,      0.00,      0.00,0,1,0,0,1,1
H4,702,2018,730240,      0.00,      0.00,      0.00,      0.00,0,1,0,0,1,1
H4,702,2018,730290,      0.00,      0.00,      0.00,      0.00,0,2,0,0,2,2
H4,702,2018,730300,      0.00,      0.00,      0.00,      0.00,0,3,0,0,3,3
H4,702,2018,730411,      0.00,      0.00,      0.00,      0.00,0,1,0,0,1,1
H4,702,2018,730419,      0.00,      0.00,      0.00,      0.00,0,1,0,0,1,1
H4,702,2018,730422,      0.00,      0.00,      0.00,      0.00,0,1,0,0,1,1
H4,702,2018,730423,      0.00,      0.00,      0.00,      0.00,0,1,0,0,1,1
H4,702,2018,730424,      0.00,      0.00,      0.00,      0.00,0,1,0,0,1,1
H4,702,2018,730429,      0.00,      0.00,      0.00,      0.00,0,1,0,0,1,1
H4,702,2018,730431,      0.00,      0.00,      0.00,      0.00,0,4,0,0,4,4
H4,702,2018,730439,      0.00,      0.00,      0.00,      0.00,0,3,0,0,3,3
H4,702,2018,730441,      0.00,      0.00,      0.00,      0.00,0,1,0,0,1,1
H4,702,2018,730449,      0.00,      0.00,      0.00,      0.00,0,1,0,0,1,1
H4,702,2018,730451,      0.00,      0.00,      0.00,      0.00,0,2,0,0,2,2
H4,702,2018,730459,      0.00,      0.00,      0.00,      0.00,0,1,0,0,1,1
H4,702,2018,730490,      0.00,      0.00,      0.00,      0.00,0,3,0,0,3,3
H4,702,2018,730511,      0.00,      0.00,      0.00,      0.00,0,1,0,0,1,1
H4,702,2018,730512,      0.00,      0.00,      0.00,      0.00,0,2,0,0,2,2
H4,702,2018,730519,      0.00,      0.00,      0.00,      0.00,0,2,0,0,2,2
H4,702,2018,730520,      0.00,      0.00,      0.00,      0.00,0,1,0,0,1,1
H4,702,2018,730531,      0.00,      0.00,      0.00,      0.00,0,2,0,0,2,2
H4,702,2018,730539,      0.00,      0.00,      0.00,      0.00,0,2,0,0,2,2
H4,702,2018,730590,      0.00,      0.00,      0.00,      0.00,0,1,0,0,1,1
H4,702,2018,730611,      0.00,      0.00,      0.00,      0.00,0,3,0,0,3,3
H4,702,2018,730619,      0.00,      0.00,      0.00,      0.00,0,3,0,0,3,3
H4,702,2018,730621,      0.00,      0.00,      0.00,      0.00,0,1,0,0,1,1
H4,702,2018,730629,      0.00,      0.00,      0.00,      0.00,0,1,0,0,1,1
H4,702,2018,730630,      0.00,      0.00,      0.00,      0.00,0,5,0,0,5,5
H4,702,2018,730640,      0.00,      0.00,      0.00,      0.00,0,4,0,0,4,4
H4,702,2018,730650,      0.00,      0.00,      0.00,      0.00,0,2,0,0,2,2
H4,702,2018,730661,      0.00,      0.00,      0.00,      0.00,0,1,0,0,1,1
H4,702,2018,730669,      0.00,      0.00,      0.00,      0.00,0,1,0,0,1,1
H4,702,2018,730690,      0.00,      0.00,      0.00,      0.00,0,2,0,0,2,2
H4,702,2018,730711,      0.00,      0.00,      0.00,      0.00,0,2,0,0,2,2
H4,702,2018,730719,      0.00,      0.00,      0.00,      0.00,0,1,0,0,1,1
H4,702,2018,730721,      0.00,      0.00,      0.00,      0.00,0,2,0,0,2,2
H4,702,2018,730722,      0.00,      0.00,      0.00,      0.00,0,2,0,0,2,2
H4,702,2018,730723,      0.00,      0.00,      0.00,      0.00,0,2,0,0,2,2
H4,702,2018,730729,      0.00,      0.00,      0.00,      0.00,0,2,0,0,2,2
H4,702,2018,730791,      0.00,      0.00,      0.00,      0.00,0,2,0,0,2,2
H4,702,2018,730792,      0.00,      0.00,      0.00,      0.00,0,2,0,0,2,2
H4,702,2018,730793,      0.00,      0.00,      0.00,      0.00,0,2,0,0,2,2
H4,702,2018,730799,      0.00,      0.00,      0.00,      0.00,0,2,0,0,2,2
H4,702,2018,730810,      0.00,      0.00,      0.00,      0.00,0,2,0,0,2,2
H4,702,2018,730820,      0.00,      0.00,      0.00,      0.00,0,4,0,0,4,4
H4,702,2018,730830,      0.00,      0.00,      0.00,      0.00,0,1,0,0,1,1
H4,702,2018,730840,      0.00,      0.00,      0.00,      0.00,0,2,0,0,2,2
H4,702,2018,730890,      0.00,      0.00,      0.00,      0.00,0,6,0,0,6,6
H4,702,2018,730900,      0.00,      0.00,      0.00,      0.00,0,4,0,0,4,4
H4,702,2018,731010,      0.00,      0.00,      0.00,      0.00,0,2,0,0,2,2
H4,702,2018,731021,      0.00,      0.00,      0.00,      0.00,0,3,0,0,3,3
H4,702,2018,731029,      0.00,      0.00,      0.00,      0.00,0,3,0,0,3,3
H4,702,2018,731100,      0.00,      0.00,      0.00,      0.00,0,6,0,0,6,6
H4,702,2018,731210,      0.00,      0.00,      0.00,      0.00,0,4,0,0,4,4
H4,702,2018,731290,      0.00,      0.00,      0.00,      0.00,0,1,0,0,1,1
H4,702,2018,731300,      0.00,      0.00,      0.00,      0.00,0,1,0,0,1,1
H4,702,2018,731412,      0.00,      0.00,      0.00,      0.00,0,1,0,0,1,1
H4,702,2018,731414,      0.00,      0.00,      0.00,      0.00,0,1,0,0,1,1
H4,702,2018,731419,      0.00,      0.00,      0.00,      0.00,0,2,0,0,2,2
H4,702,2018,731420,      0.00,      0.00,      0.00,      0.00,0,1,0,0,1,1
H4,702,2018,731431,      0.00,      0.00,      0.00,      0.00,0,1,0,0,1,1
H4,702,2018,731439,      0.00,      0.00,      0.00,      0.00,0,1,0,0,1,1
H4,702,2018,731441,      0.00,      0.00,      0.00,      0.00,0,1,0,0,1,1
H4,702,2018,731442,      0.00,      0.00,      0.00,      0.00,0,1,0,0,1,1
H4,702,2018,731449,      0.00,      0.00,      0.00,      0.00,0,1,0,0,1,1
H4,702,2018,731450,      0.00,      0.00,      0.00,      0.00,0,1,0,0,1,1
H4,702,2018,731511,      0.00,      0.00,      0.00,      0.00,0,3,0,0,3,3
H4,702,2018,731512,      0.00,      0.00,      0.00,      0.00,0,2,0,0,2,2
H4,702,2018,731519,      0.00,      0.00,      0.00,      0.00,0,2,0,0,2,2
H4,702,2018,731520,      0.00,      0.00,      0.00,      0.00,0,1,0,0,1,1
H4,702,2018,731581,      0.00,      0.00,      0.00,      0.00,0,1,0,0,1,1
H4,702,2018,731582,      0.00,      0.00,      0.00,      0.00,0,1,0,0,1,1
H4,702,2018,731589,      0.00,      0.00,      0.00,      0.00,0,2,0,0,2,2
H4,702,2018,731590,      0.00,      0.00,      0.00,      0.00,0,2,0,0,2,2
H4,702,2018,731600,      0.00,      0.00,      0.00,      0.00,0,1,0,0,1,1
H4,702,2018,731700,      0.00,      0.00,      0.00,      0.00,0,3,0,0,3,3
H4,702,2018,731811,      0.00,      0.00,      0.00,      0.00,0,1,0,0,1,1
H4,702,2018,731812,      0.00,      0.00,      0.00,      0.00,0,1,0,0,1,1
H4,702,2018,731813,      0.00,      0.00,      0.00,      0.00,0,1,0,0,1,1
H4,702,2018,731814,      0.00,      0.00,      0.00,      0.00,0,1,0,0,1,1
H4,702,2018,731815,      0.00,      0.00,      0.00,      0.00,0,1,0,0,1,1
H4,702,2018,731816,      0.00,      0.00,      0.00,      0.00,0,1,0,0,1,1
H4,702,2018,731819,      0.00,      0.00,      0.00,      0.00,0,1,0,0,1,1
H4,702,2018,731821,      0.00,      0.00,      0.00,      0.00,0,1,0,0,1,1
H4,702,2018,731822,      0.00,      0.00,      0.00,      0.00,0,1,0,0,1,1
H4,702,2018,731823,      0.00,      0.00,      0.00,      0.00,0,1,0,0,1,1
H4,702,2018,731824,      0.00,      0.00,      0.00,      0.00,0,1,0,0,1,1
H4,702,2018,731829,      0.00,      0.00,      0.00,      0.00,0,1,0,0,1,1
H4,702,2018,731940,      0.00,      0.00,      0.00,      0.00,0,1,0,0,1,1
H4,702,2018,731990,      0.00,      0.00,      0.00,      0.00,0,2,0,0,2,2
H4,702,2018,732010,      0.00,      0.00,      0.00,      0.00,0,3,0,0,3,3
H4,702,2018,732020,      0.00,      0.00,      0.00,      0.00,0,2,0,0,2,2
H4,702,2018,732090,      0.00,      0.00,      0.00,      0.00,0,2,0,0,2,2
H4,702,2018,732111,      0.00,      0.00,      0.00,      0.00,0,1,0,0,1,1
H4,702,2018,732112,      0.00,      0.00,      0.00,      0.00,0,1,0,0,1,1
H4,702,2018,732119,      0.00,      0.00,      0.00,      0.00,0,1,0,0,1,1
H4,702,2018,732181,      0.00,      0.00,      0.00,      0.00,0,1,0,0,1,1
H4,702,2018,732182,      0.00,      0.00,      0.00,      0.00,0,1,0,0,1,1
H4,702,2018,732189,      0.00,      0.00,      0.00,      0.00,0,1,0,0,1,1
H4,702,2018,732190,      0.00,      0.00,      0.00,      0.00,0,3,0,0,3,3
H4,702,2018,732211,      0.00,      0.00,      0.00,      0.00,0,1,0,0,1,1
H4,702,2018,732219,      0.00,      0.00,      0.00,      0.00,0,1,0,0,1,1
H4,702,2018,732290,      0.00,      0.00,      0.00,      0.00,0,1,0,0,1,1
H4,702,2018,732310,      0.00,      0.00,      0.00,      0.00,0,1,0,0,1,1
H4,702,2018,732391,      0.00,      0.00,      0.00,      0.00,0,3,0,0,3,3
H4,702,2018,732392,      0.00,      0.00,      0.00,      0.00,0,1,0,0,1,1
H4,702,2018,732393,      0.00,      0.00,      0.00,      0.00,0,3,0,0,3,3
H4,702,2018,732394,      0.00,      0.00,      0.00,      0.00,0,1,0,0,1,1
H4,702,2018,732399,      0.00,      0.00,      0.00,      0.00,0,3,0,0,3,3
H4,702,2018,732410,      0.00,      0.00,      0.00,      0.00,0,2,0,0,2,2
H4,702,2018,732421,      0.00,      0.00,      0.00,      0.00,0,2,0,0,2,2
H4,702,2018,732429,      0.00,      0.00,      0.00,      0.00,0,1,0,0,1,1
H4,702,2018,732490,      0.00,      0.00,      0.00,      0.00,0,5,0,0,5,5
H4,702,2018,732510,      0.00,      0.00,      0.00,      0.00,0,2,0,0,2,2
H4,702,2018,732591,      0.00,      0.00,      0.00,      0.00,0,1,0,0,1,1
H4,702,2018,732599,      0.00,      0.00,      0.00,      0.00,0,2,0,0,2,2
H4,702,2018,732611,      0.00,      0.00,      0.00,      0.00,0,1,0,0,1,1
H4,702,2018,732619,      0.00,      0.00,      0.00,      0.00,0,1,0,0,1,1
H4,702,2018,732620,      0.00,      0.00,      0.00,      0.00,0,2,0,0,2,2
H4,702,2018,732690,      0.00,      0.00,      0.00,      0.00,0,6,0,0,6,6
H4,702,2018,740100,      0.00,      0.00,      0.00,      0.00,0,1,0,0,1,1
H4,702,2018,740200,      0.00,      0.00,      0.00,      0.00,0,1,0,0,1,1
H4,702,2018,740311,      0.00,      0.00,      0.00,      0.00,0,1,0,0,1,1
H4,702,2018,740312,      0.00,      0.00,      0.00,      0.00,0,1,0,0,1,1
H4,702,2018,740313,      0.00,      0.00,      0.00,      0.00,0,1,0,0,1,1
H4,702,2018,740319,      0.00,      0.00,      0.00,      0.00,0,1,0,0,1,1
H4,702,2018,740321,      0.00,      0.00,      0.00,      0.00,0,1,0,0,1,1
H4,702,2018,740322,      0.00,      0.00,      0.00,      0.00,0,1,0,0,1,1
H4,702,2018,740329,      0.00,      0.00,      0.00,      0.00,0,1,0,0,1,1
H4,702,2018,740400,      0.00,      0.00,      0.00,      0.00,0,1,0,0,1,1
H4,702,2018,740500,      0.00,      0.00,      0.00,      0.00,0,1,0,0,1,1
H4,702,2018,740610,      0.00,      0.00,      0.00,      0.00,0,1,0,0,1,1
H4,702,2018,740620,      0.00,      0.00,      0.00,      0.00,0,1,0,0,1,1
H4,702,2018,740710,      0.00,      0.00,      0.00,      0.00,0,2,0,0,2,2
H4,702,2018,740721,      0.00,      0.00,      0.00,      0.00,0,1,0,0,1,1
H4,702,2018,740729,      0.00,      0.00,      0.00,      0.00,0,1,0,0,1,1
H4,702,2018,740811,      0.00,      0.00,      0.00,      0.00,0,2,0,0,2,2
H4,702,2018,740819,      0.00,      0.00,      0.00,      0.00,0,1,0,0,1,1
H4,702,2018,740821,      0.00,      0.00,      0.00,      0.00,0,1,0,0,1,1
H4,702,2018,740822,      0.00,      0.00,      0.00,      0.00,0,1,0,0,1,1
H4,702,2018,740829,      0.00,      0.00,      0.00,      0.00,0,1,0,0,1,1
H4,702,2018,740911,      0.00,      0.00,      0.00,      0.00,0,1,0,0,1,1
H4,702,2018,740919,      0.00,      0.00,      0.00,      0.00,0,1,0,0,1,1
H4,702,2018,740921,      0.00,      0.00,      0.00,      0.00,0,1,0,0,1,1
H4,702,2018,740929,      0.00,      0.00,      0.00,      0.00,0,1,0,0,1,1
H4,702,2018,740931,      0.00,      0.00,      0.00,      0.00,0,1,0,0,1,1
H4,702,2018,740939,      0.00,      0.00,      0.00,      0.00,0,1,0,0,1,1
H4,702,2018,740940,      0.00,      0.00,      0.00,      0.00,0,1,0,0,1,1
H4,702,2018,740990,      0.00,      0.00,      0.00,      0.00,0,1,0,0,1,1
H4,702,2018,741011,      0.00,      0.00,      0.00,      0.00,0,1,0,0,1,1
H4,702,2018,741012,      0.00,      0.00,      0.00,      0.00,0,1,0,0,1,1
H4,702,2018,741021,      0.00,      0.00,      0.00,      0.00,0,1,0,0,1,1
H4,702,2018,741022,      0.00,      0.00,      0.00,      0.00,0,1,0,0,1,1
H4,702,2018,741110,      0.00,      0.00,      0.00,      0.00,0,1,0,0,1,1
H4,702,2018,741121,      0.00,      0.00,      0.00,      0.00,0,1,0,0,1,1
H4,702,2018,741122,      0.00,      0.00,      0.00,      0.00,0,1,0,0,1,1
H4,702,2018,741129,      0.00,      0.00,      0.00,      0.00,0,1,0,0,1,1
H4,702,2018,741210,      0.00,      0.00,      0.00,      0.00,0,1,0,0,1,1
H4,702,2018,741220,      0.00,      0.00,      0.00,      0.00,0,2,0,0,2,2
H4,702,2018,741300,      0.00,      0.00,      0.00,      0.00,0,2,0,0,2,2
H4,702,2018,741510,      0.00,      0.00,      0.00,      0.00,0,3,0,0,3,3
H4,702,2018,741521,      0.00,      0.00,      0.00,      0.00,0,1,0,0,1,1
H4,702,2018,741529,      0.00,      0.00,      0.00,      0.00,0,1,0,0,1,1
H4,702,2018,741533,      0.00,      0.00,      0.00,      0.00,0,2,0,0,2,2
H4,702,2018,741539,      0.00,      0.00,      0.00,      0.00,0,1,0,0,1,1
H4,702,2018,741810,      0.00,      0.00,      0.00,      0.00,0,3,0,0,3,3
H4,702,2018,741820,      0.00,      0.00,      0.00,      0.00,0,1,0,0,1,1
H4,702,2018,741910,      0.00,      0.00,      0.00,      0.00,0,1,0,0,1,1
H4,702,2018,741991,      0.00,      0.00,      0.00,      0.00,0,1,0,0,1,1
H4,702,2018,741999,      0.00,      0.00,      0.00,      0.00,0,7,0,0,7,7
H4,702,2018,750110,      0.00,      0.00,      0.00,      0.00,0,1,0,0,1,1
H4,702,2018,750120,      0.00,      0.00,      0.00,      0.00,0,1,0,0,1,1
H4,702,2018,750210,      0.00,      0.00,      0.00,      0.00,0,1,0,0,1,1
H4,702,2018,750220,      0.00,      0.00,      0.00,      0.00,0,1,0,0,1,1
H4,702,2018,750300,      0.00,      0.00,      0.00,      0.00,0,1,0,0,1,1
H4,702,2018,750400,      0.00,      0.00,      0.00,      0.00,0,1,0,0,1,1
H4,702,2018,750511,      0.00,      0.00,      0.00,      0.00,0,1,0,0,1,1
H4,702,2018,750512,      0.00,      0.00,      0.00,      0.00,0,1,0,0,1,1
H4,702,2018,750521,      0.00,      0.00,      0.00,      0.00,0,1,0,0,1,1
H4,702,2018,750522,      0.00,      0.00,      0.00,      0.00,0,1,0,0,1,1
H4,702,2018,750610,      0.00,      0.00,      0.00,      0.00,0,1,0,0,1,1
H4,702,2018,750620,      0.00,      0.00,      0.00,      0.00,0,1,0,0,1,1
H4,702,2018,750711,      0.00,      0.00,      0.00,      0.00,0,1,0,0,1,1
H4,702,2018,750712,      0.00,      0.00,      0.00,      0.00,0,1,0,0,1,1
H4,702,2018,750720,      0.00,      0.00,      0.00,      0.00,0,1,0,0,1,1
H4,702,2018,750810,      0.00,      0.00,      0.00,      0.00,0,1,0,0,1,1
H4,702,2018,750890,      0.00,      0.00,      0.00,      0.00,0,4,0,0,4,4
H4,702,2018,760110,      0.00,      0.00,      0.00,      0.00,0,1,0,0,1,1
H4,702,2018,760120,      0.00,      0.00,      0.00,      0.00,0,1,0,0,1,1
H4,702,2018,760200,      0.00,      0.00,      0.00,      0.00,0,1,0,0,1,1
H4,702,2018,760310,      0.00,      0.00,      0.00,      0.00,0,1,0,0,1,1
H4,702,2018,760320,      0.00,      0.00,      0.00,      0.00,0,1,0,0,1,1
H4,702,2018,760410,      0.00,      0.00,      0.00,      0.00,0,2,0,0,2,2
H4,702,2018,760421,      0.00,      0.00,      0.00,      0.00,0,2,0,0,2,2
H4,702,2018,760429,      0.00,      0.00,      0.00,      0.00,0,3,0,0,3,3
H4,702,2018,760511,      0.00,      0.00,      0.00,      0.00,0,1,0,0,1,1
H4,702,2018,760519,      0.00,      0.00,      0.00,      0.00,0,2,0,0,2,2
H4,702,2018,760521,      0.00,      0.00,      0.00,      0.00,0,1,0,0,1,1
H4,702,2018,760529,      0.00,      0.00,      0.00,      0.00,0,1,0,0,1,1
H4,702,2018,760611,      0.00,      0.00,      0.00,      0.00,0,2,0,0,2,2
H4,702,2018,760612,      0.00,      0.00,      0.00,      0.00,0,5,0,0,5,5
H4,702,2018,760691,      0.00,      0.00,      0.00,      0.00,0,1,0,0,1,1
H4,702,2018,760692,      0.00,      0.00,      0.00,      0.00,0,1,0,0,1,1
H4,702,2018,760711,      0.00,      0.00,      0.00,      0.00,0,1,0,0,1,1
H4,702,2018,760719,      0.00,      0.00,      0.00,      0.00,0,1,0,0,1,1
H4,702,2018,760720,      0.00,      0.00,      0.00,      0.00,0,1,0,0,1,1
H4,702,2018,760810,      0.00,      0.00,      0.00,      0.00,0,1,0,0,1,1
H4,702,2018,760820,      0.00,      0.00,      0.00,      0.00,0,1,0,0,1,1
H4,702,2018,760900,      0.00,      0.00,      0.00,      0.00,0,1,0,0,1,1
H4,702,2018,761010,      0.00,      0.00,      0.00,      0.00,0,1,0,0,1,1
H4,702,2018,761090,      0.00,      0.00,      0.00,      0.00,0,2,0,0,2,2
H4,702,2018,761100,      0.00,      0.00,      0.00,      0.00,0,1,0,0,1,1
H4,702,2018,761210,      0.00,      0.00,      0.00,      0.00,0,1,0,0,1,1
H4,702,2018,761290,      0.00,      0.00,      0.00,      0.00,0,2,0,0,2,2
H4,702,2018,761300,      0.00,      0.00,      0.00,      0.00,0,1,0,0,1,1
H4,702,2018,761410,      0.00,      0.00,      0.00,      0.00,0,4,0,0,4,4
H4,702,2018,761490,      0.00,      0.00,      0.00,      0.00,0,4,0,0,4,4
H4,702,2018,761510,      0.00,      0.00,      0.00,      0.00,0,2,0,0,2,2
H4,702,2018,761520,      0.00,      0.00,      0.00,      0.00,0,2,0,0,2,2
H4,702,2018,761610,      0.00,      0.00,      0.00,      0.00,0,3,0,0,3,3
H4,702,2018,761691,      0.00,      0.00,      0.00,      0.00,0,1,0,0,1,1
H4,702,2018,761699,      0.00,      0.00,      0.00,      0.00,0,7,0,0,7,7
H4,702,2018,780110,      0.00,      0.00,      0.00,      0.00,0,1,0,0,1,1
H4,702,2018,780191,      0.00,      0.00,      0.00,      0.00,0,1,0,0,1,1
H4,702,2018,780199,      0.00,      0.00,      0.00,      0.00,0,1,0,0,1,1
H4,702,2018,780200,      0.00,      0.00,      0.00,      0.00,0,1,0,0,1,1
H4,702,2018,780411,      0.00,      0.00,      0.00,      0.00,0,1,0,0,1,1
H4,702,2018,780419,      0.00,      0.00,      0.00,      0.00,0,1,0,0,1,1
H4,702,2018,780420,      0.00,      0.00,      0.00,      0.00,0,1,0,0,1,1
H4,702,2018,780600,      0.00,      0.00,      0.00,      0.00,0,3,0,0,3,3
H4,702,2018,790111,      0.00,      0.00,      0.00,      0.00,0,1,0,0,1,1
H4,702,2018,790112,      0.00,      0.00,      0.00,      0.00,0,1,0,0,1,1
H4,702,2018,790120,      0.00,      0.00,      0.00,      0.00,0,1,0,0,1,1
H4,702,2018,790200,      0.00,      0.00,      0.00,      0.00,0,1,0,0,1,1
H4,702,2018,790310,      0.00,      0.00,      0.00,      0.00,0,1,0,0,1,1
H4,702,2018,790390,      0.00,      0.00,      0.00,      0.00,0,1,0,0,1,1
H4,702,2018,790400,      0.00,      0.00,      0.00,      0.00,0,1,0,0,1,1
H4,702,2018,790500,      0.00,      0.00,      0.00,      0.00,0,2,0,0,2,2
H4,702,2018,790700,      0.00,      0.00,      0.00,      0.00,0,5,0,0,5,5
H4,702,2018,800110,      0.00,      0.00,      0.00,      0.00,0,1,0,0,1,1
H4,702,2018,800120,      0.00,      0.00,      0.00,      0.00,0,1,0,0,1,1
H4,702,2018,800200,      0.00,      0.00,      0.00,      0.00,0,1,0,0,1,1
H4,702,2018,800300,      0.00,      0.00,      0.00,      0.00,0,2,0,0,2,2
H4,702,2018,800700,      0.00,      0.00,      0.00,      0.00,0,6,0,0,6,6
H4,702,2018,810110,      0.00,      0.00,      0.00,      0.00,0,1,0,0,1,1
H4,702,2018,810194,      0.00,      0.00,      0.00,      0.00,0,1,0,0,1,1
H4,702,2018,810196,      0.00,      0.00,      0.00,      0.00,0,1,0,0,1,1
H4,702,2018,810197,      0.00,      0.00,      0.00,      0.00,0,1,0,0,1,1
H4,702,2018,810199,      0.00,      0.00,      0.00,      0.00,0,2,0,0,2,2
H4,702,2018,810210,      0.00,      0.00,      0.00,      0.00,0,1,0,0,1,1
H4,702,2018,810294,      0.00,      0.00,      0.00,      0.00,0,1,0,0,1,1
H4,702,2018,810295,      0.00,      0.00,      0.00,      0.00,0,1,0,0,1,1
H4,702,2018,810296,      0.00,      0.00,      0.00,      0.00,0,1,0,0,1,1
H4,702,2018,810297,      0.00,      0.00,      0.00,      0.00,0,1,0,0,1,1
H4,702,2018,810299,      0.00,      0.00,      0.00,      0.00,0,1,0,0,1,1
H4,702,2018,810320,      0.00,      0.00,      0.00,      0.00,0,1,0,0,1,1
H4,702,2018,810330,      0.00,      0.00,      0.00,      0.00,0,1,0,0,1,1
H4,702,2018,810390,      0.00,      0.00,      0.00,      0.00,0,1,0,0,1,1
H4,702,2018,810411,      0.00,      0.00,      0.00,      0.00,0,1,0,0,1,1
H4,702,2018,810419,      0.00,      0.00,      0.00,      0.00,0,1,0,0,1,1
H4,702,2018,810420,      0.00,      0.00,      0.00,      0.00,0,1,0,0,1,1
H4,702,2018,810430,      0.00,      0.00,      0.00,      0.00,0,1,0,0,1,1
H4,702,2018,810490,      0.00,      0.00,      0.00,      0.00,0,1,0,0,1,1
H4,702,2018,810520,      0.00,      0.00,      0.00,      0.00,0,2,0,0,2,2
H4,702,2018,810530,      0.00,      0.00,      0.00,      0.00,0,1,0,0,1,1
H4,702,2018,810590,      0.00,      0.00,      0.00,      0.00,0,1,0,0,1,1
H4,702,2018,810600,      0.00,      0.00,      0.00,      0.00,0,2,0,0,2,2
H4,702,2018,810720,      0.00,      0.00,      0.00,      0.00,0,1,0,0,1,1
H4,702,2018,810730,      0.00,      0.00,      0.00,      0.00,0,1,0,0,1,1
H4,702,2018,810790,      0.00,      0.00,      0.00,      0.00,0,1,0,0,1,1
H4,702,2018,810820,      0.00,      0.00,      0.00,      0.00,0,1,0,0,1,1
H4,702,2018,810830,      0.00,      0.00,      0.00,      0.00,0,1,0,0,1,1
H4,702,2018,810890,      0.00,      0.00,      0.00,      0.00,0,1,0,0,1,1
H4,702,2018,810920,      0.00,      0.00,      0.00,      0.00,0,1,0,0,1,1
H4,702,2018,810930,      0.00,      0.00,      0.00,      0.00,0,1,0,0,1,1
H4,702,2018,810990,      0.00,      0.00,      0.00,      0.00,0,1,0,0,1,1
H4,702,2018,811010,      0.00,      0.00,      0.00,      0.00,0,1,0,0,1,1
H4,702,2018,811020,      0.00,      0.00,      0.00,      0.00,0,1,0,0,1,1
H4,702,2018,811090,      0.00,      0.00,      0.00,      0.00,0,1,0,0,1,1
H4,702,2018,811100,      0.00,      0.00,      0.00,      0.00,0,1,0,0,1,1
H4,702,2018,811212,      0.00,      0.00,      0.00,      0.00,0,1,0,0,1,1
H4,702,2018,811213,      0.00,      0.00,      0.00,      0.00,0,1,0,0,1,1
H4,702,2018,811219,      0.00,      0.00,      0.00,      0.00,0,1,0,0,1,1
H4,702,2018,811221,      0.00,      0.00,      0.00,      0.00,0,1,0,0,1,1
H4,702,2018,811222,      0.00,      0.00,      0.00,      0.00,0,1,0,0,1,1
H4,702,2018,811229,      0.00,      0.00,      0.00,      0.00,0,1,0,0,1,1
H4,702,2018,811251,      0.00,      0.00,      0.00,      0.00,0,1,0,0,1,1
H4,702,2018,811252,      0.00,      0.00,      0.00,      0.00,0,1,0,0,1,1
H4,702,2018,811259,      0.00,      0.00,      0.00,      0.00,0,1,0,0,1,1
H4,702,2018,811292,      0.00,      0.00,      0.00,      0.00,0,1,0,0,1,1
H4,702,2018,811299,      0.00,      0.00,      0.00,      0.00,0,1,0,0,1,1
H4,702,2018,811300,      0.00,      0.00,      0.00,      0.00,0,1,0,0,1,1
H4,702,2018,820110,      0.00,      0.00,      0.00,      0.00,0,1,0,0,1,1
H4,702,2018,820130,      0.00,      0.00,      0.00,      0.00,0,2,0,0,2,2
H4,702,2018,820140,      0.00,      0.00,      0.00,      0.00,0,1,0,0,1,1
H4,702,2018,820150,      0.00,      0.00,      0.00,      0.00,0,1,0,0,1,1
H4,702,2018,820160,      0.00,      0.00,      0.00,      0.00,0,1,0,0,1,1
H4,702,2018,820190,      0.00,      0.00,      0.00,      0.00,0,1,0,0,1,1
H4,702,2018,820210,      0.00,      0.00,      0.00,      0.00,0,1,0,0,1,1
H4,702,2018,820220,      0.00,      0.00,      0.00,      0.00,0,2,0,0,2,2
H4,702,2018,820231,      0.00,      0.00,      0.00,      0.00,0,2,0,0,2,2
H4,702,2018,820239,      0.00,      0.00,      0.00,      0.00,0,1,0,0,1,1
H4,702,2018,820240,      0.00,      0.00,      0.00,      0.00,0,1,0,0,1,1
H4,702,2018,820291,      0.00,      0.00,      0.00,      0.00,0,1,0,0,1,1
H4,702,2018,820299,      0.00,      0.00,      0.00,      0.00,0,2,0,0,2,2
H4,702,2018,820310,      0.00,      0.00,      0.00,      0.00,0,1,0,0,1,1
H4,702,2018,820320,      0.00,      0.00,      0.00,      0.00,0,1,0,0,1,1
H4,702,2018,820330,      0.00,      0.00,      0.00,      0.00,0,1,0,0,1,1
H4,702,2018,820340,      0.00,      0.00,      0.00,      0.00,0,1,0,0,1,1
H4,702,2018,820411,      0.00,      0.00,      0.00,      0.00,0,1,0,0,1,1
H4,702,2018,820412,      0.00,      0.00,      0.00,      0.00,0,1,0,0,1,1
H4,702,2018,820420,      0.00,      0.00,      0.00,      0.00,0,1,0,0,1,1
H4,702,2018,820510,      0.00,      0.00,      0.00,      0.00,0,1,0,0,1,1
H4,702,2018,820520,      0.00,      0.00,      0.00,      0.00,0,1,0,0,1,1
H4,702,2018,820530,      0.00,      0.00,      0.00,      0.00,0,1,0,0,1,1
H4,702,2018,820540,      0.00,      0.00,      0.00,      0.00,0,1,0,0,1,1
H4,702,2018,820551,      0.00,      0.00,      0.00,      0.00,0,2,0,0,2,2
H4,702,2018,820559,      0.00,      0.00,      0.00,      0.00,0,1,0,0,1,1
H4,702,2018,820560,      0.00,      0.00,      0.00,      0.00,0,1,0,0,1,1
H4,702,2018,820570,      0.00,      0.00,      0.00,      0.00,0,1,0,0,1,1
H4,702,2018,820590,      0.00,      0.00,      0.00,      0.00,0,1,0,0,1,1
H4,702,2018,820600,      0.00,      0.00,      0.00,      0.00,0,1,0,0,1,1
H4,702,2018,820713,      0.00,      0.00,      0.00,      0.00,0,1,0,0,1,1
H4,702,2018,820719,      0.00,      0.00,      0.00,      0.00,0,1,0,0,1,1
H4,702,2018,820720,      0.00,      0.00,      0.00,      0.00,0,1,0,0,1,1
H4,702,2018,820730,      0.00,      0.00,      0.00,      0.00,0,1,0,0,1,1
H4,702,2018,820740,      0.00,      0.00,      0.00,      0.00,0,1,0,0,1,1
H4,702,2018,820750,      0.00,      0.00,      0.00,      0.00,0,1,0,0,1,1
H4,702,2018,820760,      0.00,      0.00,      0.00,      0.00,0,1,0,0,1,1
H4,702,2018,820770,      0.00,      0.00,      0.00,      0.00,0,1,0,0,1,1
H4,702,2018,820780,      0.00,      0.00,      0.00,      0.00,0,1,0,0,1,1
H4,702,2018,820790,      0.00,      0.00,      0.00,      0.00,0,1,0,0,1,1
H4,702,2018,820810,      0.00,      0.00,      0.00,      0.00,0,1,0,0,1,1
H4,702,2018,820820,      0.00,      0.00,      0.00,      0.00,0,1,0,0,1,1
H4,702,2018,820830,      0.00,      0.00,      0.00,      0.00,0,1,0,0,1,1
H4,702,2018,820840,      0.00,      0.00,      0.00,      0.00,0,1,0,0,1,1
H4,702,2018,820890,      0.00,      0.00,      0.00,      0.00,0,1,0,0,1,1
H4,702,2018,820900,      0.00,      0.00,      0.00,      0.00,0,1,0,0,1,1
H4,702,2018,821000,      0.00,      0.00,      0.00,      0.00,0,1,0,0,1,1
H4,702,2018,821110,      0.00,      0.00,      0.00,      0.00,0,1,0,0,1,1
H4,702,2018,821191,      0.00,      0.00,      0.00,      0.00,0,1,0,0,1,1
H4,702,2018,821192,      0.00,      0.00,      0.00,      0.00,0,2,0,0,2,2
H4,702,2018,821193,      0.00,      0.00,      0.00,      0.00,0,2,0,0,2,2
H4,702,2018,821194,      0.00,      0.00,      0.00,      0.00,0,2,0,0,2,2
H4,702,2018,821195,      0.00,      0.00,      0.00,      0.00,0,1,0,0,1,1
H4,702,2018,821210,      0.00,      0.00,      0.00,      0.00,0,1,0,0,1,1
H4,702,2018,821220,      0.00,      0.00,      0.00,      0.00,0,2,0,0,2,2
H4,702,2018,821290,      0.00,      0.00,      0.00,      0.00,0,1,0,0,1,1
H4,702,2018,821300,      0.00,      0.00,      0.00,      0.00,0,1,0,0,1,1
H4,702,2018,821410,      0.00,      0.00,      0.00,      0.00,0,1,0,0,1,1
H4,702,2018,821420,      0.00,      0.00,      0.00,      0.00,0,1,0,0,1,1
H4,702,2018,821490,      0.00,      0.00,      0.00,      0.00,0,1,0,0,1,1
H4,702,2018,821510,      0.00,      0.00,      0.00,      0.00,0,1,0,0,1,1
H4,702,2018,821520,      0.00,      0.00,      0.00,      0.00,0,1,0,0,1,1
H4,702,2018,821591,      0.00,      0.00,      0.00,      0.00,0,1,0,0,1,1
H4,702,2018,821599,      0.00,      0.00,      0.00,      0.00,0,1,0,0,1,1
H4,702,2018,830110,      0.00,      0.00,      0.00,      0.00,0,1,0,0,1,1
H4,702,2018,830120,      0.00,      0.00,      0.00,      0.00,0,1,0,0,1,1
H4,702,2018,830130,      0.00,      0.00,      0.00,      0.00,0,1,0,0,1,1
H4,702,2018,830140,      0.00,      0.00,      0.00,      0.00,0,2,0,0,2,2
H4,702,2018,830150,      0.00,      0.00,      0.00,      0.00,0,1,0,0,1,1
H4,702,2018,830160,      0.00,      0.00,      0.00,      0.00,0,1,0,0,1,1
H4,702,2018,830170,      0.00,      0.00,      0.00,      0.00,0,1,0,0,1,1
H4,702,2018,830210,      0.00,      0.00,      0.00,      0.00,0,1,0,0,1,1
H4,702,2018,830220,      0.00,      0.00,      0.00,      0.00,0,2,0,0,2,2
H4,702,2018,830230,      0.00,      0.00,      0.00,      0.00,0,2,0,0,2,2
H4,702,2018,830241,      0.00,      0.00,      0.00,      0.00,0,3,0,0,3,3
H4,702,2018,830242,      0.00,      0.00,      0.00,      0.00,0,2,0,0,2,2
H4,702,2018,830249,      0.00,      0.00,      0.00,      0.00,0,3,0,0,3,3
H4,702,2018,830250,      0.00,      0.00,      0.00,      0.00,0,1,0,0,1,1
H4,702,2018,830260,      0.00,      0.00,      0.00,      0.00,0,1,0,0,1,1
H4,702,2018,830300,      0.00,      0.00,      0.00,      0.00,0,1,0,0,1,1
H4,702,2018,830400,      0.00,      0.00,      0.00,      0.00,0,3,0,0,3,3
H4,702,2018,830510,      0.00,      0.00,      0.00,      0.00,0,2,0,0,2,2
H4,702,2018,830520,      0.00,      0.00,      0.00,      0.00,0,3,0,0,3,3
H4,702,2018,830590,      0.00,      0.00,      0.00,      0.00,0,2,0,0,2,2
H4,702,2018,830610,      0.00,      0.00,      0.00,      0.00,0,3,0,0,3,3
H4,702,2018,830621,      0.00,      0.00,      0.00,      0.00,0,1,0,0,1,1
H4,702,2018,830629,      0.00,      0.00,      0.00,      0.00,0,4,0,0,4,4
H4,702,2018,830630,      0.00,      0.00,      0.00,      0.00,0,3,0,0,3,3
H4,702,2018,830710,      0.00,      0.00,      0.00,      0.00,0,1,0,0,1,1
H4,702,2018,830790,      0.00,      0.00,      0.00,      0.00,0,1,0,0,1,1
H4,702,2018,830810,      0.00,      0.00,      0.00,      0.00,0,1,0,0,1,1
H4,702,2018,830820,      0.00,      0.00,      0.00,      0.00,0,1,0,0,1,1
H4,702,2018,830890,      0.00,      0.00,      0.00,      0.00,0,2,0,0,2,2
H4,702,2018,830910,      0.00,      0.00,      0.00,      0.00,0,1,0,0,1,1
H4,702,2018,830990,      0.00,      0.00,      0.00,      0.00,0,8,0,0,8,8
H4,702,2018,831000,      0.00,      0.00,      0.00,      0.00,0,1,0,0,1,1
H4,702,2018,831110,      0.00,      0.00,      0.00,      0.00,0,1,0,0,1,1
H4,702,2018,831120,      0.00,      0.00,      0.00,      0.00,0,2,0,0,2,2
H4,702,2018,831130,      0.00,      0.00,      0.00,      0.00,0,2,0,0,2,2
H4,702,2018,831190,      0.00,      0.00,      0.00,      0.00,0,1,0,0,1,1
H4,702,2018,840110,      0.00,      0.00,      0.00,      0.00,0,1,0,0,1,1
H4,702,2018,840120,      0.00,      0.00,      0.00,      0.00,0,1,0,0,1,1
H4,702,2018,840130,      0.00,      0.00,      0.00,      0.00,0,1,0,0,1,1
H4,702,2018,840140,      0.00,      0.00,      0.00,      0.00,0,1,0,0,1,1
H4,702,2018,840211,      0.00,      0.00,      0.00,      0.00,0,2,0,0,2,2
H4,702,2018,840212,      0.00,      0.00,      0.00,      0.00,0,4,0,0,4,4
H4,702,2018,840219,      0.00,      0.00,      0.00,      0.00,0,4,0,0,4,4
H4,702,2018,840220,      0.00,      0.00,      0.00,      0.00,0,2,0,0,2,2
H4,702,2018,840290,      0.00,      0.00,      0.00,      0.00,0,2,0,0,2,2
H4,702,2018,840310,      0.00,      0.00,      0.00,      0.00,0,1,0,0,1,1
H4,702,2018,840390,      0.00,      0.00,      0.00,      0.00,0,2,0,0,2,2
H4,702,2018,840410,      0.00,      0.00,      0.00,      0.00,0,2,0,0,2,2
H4,702,2018,840420,      0.00,      0.00,      0.00,      0.00,0,1,0,0,1,1
H4,702,2018,840490,      0.00,      0.00,      0.00,      0.00,0,5,0,0,5,5
H4,702,2018,840510,      0.00,      0.00,      0.00,      0.00,0,1,0,0,1,1
H4,702,2018,840590,      0.00,      0.00,      0.00,      0.00,0,1,0,0,1,1
H4,702,2018,840610,      0.00,      0.00,      0.00,      0.00,0,1,0,0,1,1
H4,702,2018,840681,      0.00,      0.00,      0.00,      0.00,0,1,0,0,1,1
H4,702,2018,840682,      0.00,      0.00,      0.00,      0.00,0,1,0,0,1,1
H4,702,2018,840690,      0.00,      0.00,      0.00,      0.00,0,1,0,0,1,1
H4,702,2018,840710,      0.00,      0.00,      0.00,      0.00,0,1,0,0,1,1
H4,702,2018,840721,      0.00,      0.00,      0.00,      0.00,0,2,0,0,2,2
H4,702,2018,840729,      0.00,      0.00,      0.00,      0.00,0,2,0,0,2,2
H4,702,2018,840731,      0.00,      0.00,      0.00,      0.00,0,1,0,0,1,1
H4,702,2018,840732,      0.00,      0.00,      0.00,      0.00,0,6,0,0,6,6
H4,702,2018,840733,      0.00,      0.00,      0.00,      0.00,0,3,0,0,3,3
H4,702,2018,840734,      0.00,      0.00,      0.00,      0.00,0,12,0,0,12,12
H4,702,2018,840790,      0.00,      0.00,      0.00,      0.00,0,3,0,0,3,3
H4,702,2018,840810,      0.00,      0.00,      0.00,      0.00,0,3,0,0,3,3
H4,702,2018,840820,      0.00,      0.00,      0.00,      0.00,0,8,0,0,8,8
H4,702,2018,840890,      0.00,      0.00,      0.00,      0.00,0,4,0,0,4,4
H4,702,2018,840910,      0.00,      0.00,      0.00,      0.00,0,1,0,0,1,1
H4,702,2018,840991,      0.00,      0.00,      0.00,      0.00,0,55,0,0,55,55
H4,702,2018,840999,      0.00,      0.00,      0.00,      0.00,0,55,0,0,55,55
H4,702,2018,841011,      0.00,      0.00,      0.00,      0.00,0,1,0,0,1,1
H4,702,2018,841012,      0.00,      0.00,      0.00,      0.00,0,1,0,0,1,1
H4,702,2018,841013,      0.00,      0.00,      0.00,      0.00,0,1,0,0,1,1
H4,702,2018,841090,      0.00,      0.00,      0.00,      0.00,0,1,0,0,1,1
H4,702,2018,841111,      0.00,      0.00,      0.00,      0.00,0,1,0,0,1,1
H4,702,2018,841112,      0.00,      0.00,      0.00,      0.00,0,1,0,0,1,1
H4,702,2018,841121,      0.00,      0.00,      0.00,      0.00,0,1,0,0,1,1
H4,702,2018,841122,      0.00,      0.00,      0.00,      0.00,0,1,0,0,1,1
H4,702,2018,841181,      0.00,      0.00,      0.00,      0.00,0,1,0,0,1,1
H4,702,2018,841182,      0.00,      0.00,      0.00,      0.00,0,1,0,0,1,1
H4,702,2018,841191,      0.00,      0.00,      0.00,      0.00,0,1,0,0,1,1
H4,702,2018,841199,      0.00,      0.00,      0.00,      0.00,0,1,0,0,1,1
H4,702,2018,841210,      0.00,      0.00,      0.00,      0.00,0,1,0,0,1,1
H4,702,2018,841221,      0.00,      0.00,      0.00,      0.00,0,1,0,0,1,1
H4,702,2018,841229,      0.00,      0.00,      0.00,      0.00,0,1,0,0,1,1
H4,702,2018,841231,      0.00,      0.00,      0.00,      0.00,0,1,0,0,1,1
H4,702,2018,841239,      0.00,      0.00,      0.00,      0.00,0,1,0,0,1,1
H4,702,2018,841280,      0.00,      0.00,      0.00,      0.00,0,1,0,0,1,1
H4,702,2018,841290,      0.00,      0.00,      0.00,      0.00,0,2,0,0,2,2
H4,702,2018,841311,      0.00,      0.00,      0.00,      0.00,0,1,0,0,1,1
H4,702,2018,841319,      0.00,      0.00,      0.00,      0.00,0,1,0,0,1,1
H4,702,2018,841320,      0.00,      0.00,      0.00,      0.00,0,2,0,0,2,2
H4,702,2018,841330,      0.00,      0.00,      0.00,      0.00,0,6,0,0,6,6
H4,702,2018,841340,      0.00,      0.00,      0.00,      0.00,0,1,0,0,1,1
H4,702,2018,841350,      0.00,      0.00,      0.00,      0.00,0,3,0,0,3,3
H4,702,2018,841360,      0.00,      0.00,      0.00,      0.00,0,3,0,0,3,3
H4,702,2018,841370,      0.00,      0.00,      0.00,      0.00,0,10,0,0,10,10
H4,702,2018,841381,      0.00,      0.00,      0.00,      0.00,0,3,0,0,3,3
H4,702,2018,841382,      0.00,      0.00,      0.00,      0.00,0,1,0,0,1,1
H4,702,2018,841391,      0.00,      0.00,      0.00,      0.00,0,5,0,0,5,5
H4,702,2018,841392,      0.00,      0.00,      0.00,      0.00,0,1,0,0,1,1
H4,702,2018,841410,      0.00,      0.00,      0.00,      0.00,0,1,0,0,1,1
H4,702,2018,841420,      0.00,      0.00,      0.00,      0.00,0,2,0,0,2,2
H4,702,2018,841430,      0.00,      0.00,      0.00,      0.00,0,4,0,0,4,4
H4,702,2018,841440,      0.00,      0.00,      0.00,      0.00,0,1,0,0,1,1
H4,702,2018,841451,      0.00,      0.00,      0.00,      0.00,0,3,0,0,3,3
H4,702,2018,841459,      0.00,      0.00,      0.00,      0.00,0,7,0,0,7,7
H4,702,2018,841460,      0.00,      0.00,      0.00,      0.00,0,4,0,0,4,4
H4,702,2018,841480,      0.00,      0.00,      0.00,      0.00,0,9,0,0,9,9
H4,702,2018,841490,      0.00,      0.00,      0.00,      0.00,0,9,0,0,9,9
H4,702,2018,841510,      0.00,      0.00,      0.00,      0.00,0,2,0,0,2,2
H4,702,2018,841520,      0.00,      0.00,      0.00,      0.00,0,2,0,0,2,2
H4,702,2018,841581,      0.00,      0.00,      0.00,      0.00,0,11,0,0,11,11
H4,702,2018,841582,      0.00,      0.00,      0.00,      0.00,0,8,0,0,8,8
H4,702,2018,841583,      0.00,      0.00,      0.00,      0.00,0,8,0,0,8,8
H4,702,2018,841590,      0.00,      0.00,      0.00,      0.00,0,15,0,0,15,15
H4,702,2018,841610,      0.00,      0.00,      0.00,      0.00,0,1,0,0,1,1
H4,702,2018,841620,      0.00,      0.00,      0.00,      0.00,0,1,0,0,1,1
H4,702,2018,841630,      0.00,      0.00,      0.00,      0.00,0,1,0,0,1,1
H4,702,2018,841690,      0.00,      0.00,      0.00,      0.00,0,1,0,0,1,1
H4,702,2018,841710,      0.00,      0.00,      0.00,      0.00,0,1,0,0,1,1
H4,702,2018,841720,      0.00,      0.00,      0.00,      0.00,0,1,0,0,1,1
H4,702,2018,841780,      0.00,      0.00,      0.00,      0.00,0,1,0,0,1,1
H4,702,2018,841790,      0.00,      0.00,      0.00,      0.00,0,1,0,0,1,1
H4,702,2018,841810,      0.00,      0.00,      0.00,      0.00,0,2,0,0,2,2
H4,702,2018,841821,      0.00,      0.00,      0.00,      0.00,0,1,0,0,1,1
H4,702,2018,841829,      0.00,      0.00,      0.00,      0.00,0,1,0,0,1,1
H4,702,2018,841830,      0.00,      0.00,      0.00,      0.00,0,2,0,0,2,2
H4,702,2018,841840,      0.00,      0.00,      0.00,      0.00,0,2,0,0,2,2
H4,702,2018,841850,      0.00,      0.00,      0.00,      0.00,0,4,0,0,4,4
H4,702,2018,841861,      0.00,      0.00,      0.00,      0.00,0,1,0,0,1,1
H4,702,2018,841869,      0.00,      0.00,      0.00,      0.00,0,6,0,0,6,6
H4,702,2018,841891,      0.00,      0.00,      0.00,      0.00,0,1,0,0,1,1
H4,702,2018,841899,      0.00,      0.00,      0.00,      0.00,0,3,0,0,3,3
H4,702,2018,841911,      0.00,      0.00,      0.00,      0.00,0,2,0,0,2,2
H4,702,2018,841919,      0.00,      0.00,      0.00,      0.00,0,2,0,0,2,2
H4,702,2018,841920,      0.00,      0.00,      0.00,      0.00,0,1,0,0,1,1
H4,702,2018,841931,      0.00,      0.00,      0.00,      0.00,0,2,0,0,2,2
H4,702,2018,841932,      0.00,      0.00,      0.00,      0.00,0,2,0,0,2,2
H4,702,2018,841939,      0.00,      0.00,      0.00,      0.00,0,3,0,0,3,3
H4,702,2018,841940,      0.00,      0.00,      0.00,      0.00,0,2,0,0,2,2
H4,702,2018,841950,      0.00,      0.00,      0.00,      0.00,0,2,0,0,2,2
H4,702,2018,841960,      0.00,      0.00,      0.00,      0.00,0,2,0,0,2,2
H4,702,2018,841981,      0.00,      0.00,      0.00,      0.00,0,2,0,0,2,2
H4,702,2018,841989,      0.00,      0.00,      0.00,      0.00,0,3,0,0,3,3
H4,702,2018,841990,      0.00,      0.00,      0.00,      0.00,0,5,0,0,5,5
H4,702,2018,842010,      0.00,      0.00,      0.00,      0.00,0,3,0,0,3,3
H4,702,2018,842091,      0.00,      0.00,      0.00,      0.00,0,2,0,0,2,2
H4,702,2018,842099,      0.00,      0.00,      0.00,      0.00,0,2,0,0,2,2
H4,702,2018,842111,      0.00,      0.00,      0.00,      0.00,0,1,0,0,1,1
H4,702,2018,842112,      0.00,      0.00,      0.00,      0.00,0,1,0,0,1,1
H4,702,2018,842119,      0.00,      0.00,      0.00,      0.00,0,2,0,0,2,2
H4,702,2018,842121,      0.00,      0.00,      0.00,      0.00,0,4,0,0,4,4
H4,702,2018,842122,      0.00,      0.00,      0.00,      0.00,0,2,0,0,2,2
H4,702,2018,842123,      0.00,      0.00,      0.00,      0.00,0,6,0,0,6,6
H4,702,2018,842129,      0.00,      0.00,      0.00,      0.00,0,6,0,0,6,6
H4,702,2018,842131,      0.00,      0.00,      0.00,      0.00,0,3,0,0,3,3
H4,702,2018,842139,      0.00,      0.00,      0.00,      0.00,0,2,0,0,2,2
H4,702,2018,842191,      0.00,      0.00,      0.00,      0.00,0,3,0,0,3,3
H4,702,2018,842199,      0.00,      0.00,      0.00,      0.00,0,6,0,0,6,6
H4,702,2018,842211,      0.00,      0.00,      0.00,      0.00,0,1,0,0,1,1
H4,702,2018,842219,      0.00,      0.00,      0.00,      0.00,0,1,0,0,1,1
H4,702,2018,842220,      0.00,      0.00,      0.00,      0.00,0,1,0,0,1,1
H4,702,2018,842230,      0.00,      0.00,      0.00,      0.00,0,1,0,0,1,1
H4,702,2018,842240,      0.00,      0.00,      0.00,      0.00,0,1,0,0,1,1
H4,702,2018,842290,      0.00,      0.00,      0.00,      0.00,0,2,0,0,2,2
H4,702,2018,842310,      0.00,      0.00,      0.00,      0.00,0,2,0,0,2,2
H4,702,2018,842320,      0.00,      0.00,      0.00,      0.00,0,2,0,0,2,2
H4,702,2018,842330,      0.00,      0.00,      0.00,      0.00,0,2,0,0,2,2
H4,702,2018,842381,      0.00,      0.00,      0.00,      0.00,0,2,0,0,2,2
H4,702,2018,842382,      0.00,      0.00,      0.00,      0.00,0,4,0,0,4,4
H4,702,2018,842389,      0.00,      0.00,      0.00,      0.00,0,2,0,0,2,2
H4,702,2018,842390,      0.00,      0.00,      0.00,      0.00,0,3,0,0,3,3
H4,702,2018,842410,      0.00,      0.00,      0.00,      0.00,0,2,0,0,2,2
H4,702,2018,842420,      0.00,      0.00,      0.00,      0.00,0,4,0,0,4,4
H4,702,2018,842430,      0.00,      0.00,      0.00,      0.00,0,1,0,0,1,1
H4,702,2018,842481,      0.00,      0.00,      0.00,      0.00,0,4,0,0,4,4
H4,702,2018,842489,      0.00,      0.00,      0.00,      0.00,0,5,0,0,5,5
H4,702,2018,842490,      0.00,      0.00,      0.00,      0.00,0,10,0,0,10,10
H4,702,2018,842511,      0.00,      0.00,      0.00,      0.00,0,1,0,0,1,1
H4,702,2018,842519,      0.00,      0.00,      0.00,      0.00,0,1,0,0,1,1
H4,702,2018,842531,      0.00,      0.00,      0.00,      0.00,0,1,0,0,1,1
H4,702,2018,842539,      0.00,      0.00,      0.00,      0.00,0,1,0,0,1,1
H4,702,2018,842541,      0.00,      0.00,      0.00,      0.00,0,1,0,0,1,1
H4,702,2018,842542,      0.00,      0.00,      0.00,      0.00,0,2,0,0,2,2
H4,702,2018,842549,      0.00,      0.00,      0.00,      0.00,0,2,0,0,2,2
H4,702,2018,842611,      0.00,      0.00,      0.00,      0.00,0,1,0,0,1,1
H4,702,2018,842612,      0.00,      0.00,      0.00,      0.00,0,1,0,0,1,1
H4,702,2018,842619,      0.00,      0.00,      0.00,      0.00,0,3,0,0,3,3
H4,702,2018,842620,      0.00,      0.00,      0.00,      0.00,0,1,0,0,1,1
H4,702,2018,842630,      0.00,      0.00,      0.00,      0.00,0,1,0,0,1,1
H4,702,2018,842641,      0.00,      0.00,      0.00,      0.00,0,1,0,0,1,1
H4,702,2018,842649,      0.00,      0.00,      0.00,      0.00,0,1,0,0,1,1
H4,702,2018,842691,      0.00,      0.00,      0.00,      0.00,0,1,0,0,1,1
H4,702,2018,842699,      0.00,      0.00,      0.00,      0.00,0,1,0,0,1,1
H4,702,2018,842710,      0.00,      0.00,      0.00,      0.00,0,1,0,0,1,1
H4,702,2018,842720,      0.00,      0.00,      0.00,      0.00,0,1,0,0,1,1
H4,702,2018,842790,      0.00,      0.00,      0.00,      0.00,0,1,0,0,1,1
H4,702,2018,842810,      0.00,      0.00,      0.00,      0.00,0,4,0,0,4,4
H4,702,2018,842820,      0.00,      0.00,      0.00,      0.00,0,3,0,0,3,3
H4,702,2018,842831,      0.00,      0.00,      0.00,      0.00,0,1,0,0,1,1
H4,702,2018,842832,      0.00,      0.00,      0.00,      0.00,0,2,0,0,2,2
H4,702,2018,842833,      0.00,      0.00,      0.00,      0.00,0,3,0,0,3,3
H4,702,2018,842839,      0.00,      0.00,      0.00,      0.00,0,3,0,0,3,3
H4,702,2018,842840,      0.00,      0.00,      0.00,      0.00,0,1,0,0,1,1
H4,702,2018,842860,      0.00,      0.00,      0.00,      0.00,0,1,0,0,1,1
H4,702,2018,842890,      0.00,      0.00,      0.00,      0.00,0,3,0,0,3,3
H4,702,2018,842911,      0.00,      0.00,      0.00,      0.00,0,1,0,0,1,1
H4,702,2018,842919,      0.00,      0.00,      0.00,      0.00,0,1,0,0,1,1
H4,702,2018,842920,      0.00,      0.00,      0.00,      0.00,0,1,0,0,1,1
H4,702,2018,842930,      0.00,      0.00,      0.00,      0.00,0,1,0,0,1,1
H4,702,2018,842940,      0.00,      0.00,      0.00,      0.00,0,4,0,0,4,4
H4,702,2018,842951,      0.00,      0.00,      0.00,      0.00,0,1,0,0,1,1
H4,702,2018,842952,      0.00,      0.00,      0.00,      0.00,0,1,0,0,1,1
H4,702,2018,842959,      0.00,      0.00,      0.00,      0.00,0,1,0,0,1,1
H4,702,2018,843010,      0.00,      0.00,      0.00,      0.00,0,1,0,0,1,1
H4,702,2018,843020,      0.00,      0.00,      0.00,      0.00,0,1,0,0,1,1
H4,702,2018,843031,      0.00,      0.00,      0.00,      0.00,0,1,0,0,1,1
H4,702,2018,843039,      0.00,      0.00,      0.00,      0.00,0,1,0,0,1,1
H4,702,2018,843041,      0.00,      0.00,      0.00,      0.00,0,1,0,0,1,1
H4,702,2018,843049,      0.00,      0.00,      0.00,      0.00,0,2,0,0,2,2
H4,702,2018,843050,      0.00,      0.00,      0.00,      0.00,0,1,0,0,1,1
H4,702,2018,843061,      0.00,      0.00,      0.00,      0.00,0,1,0,0,1,1
H4,702,2018,843069,      0.00,      0.00,      0.00,      0.00,0,1,0,0,1,1
H4,702,2018,843110,      0.00,      0.00,      0.00,      0.00,0,4,0,0,4,4
H4,702,2018,843120,      0.00,      0.00,      0.00,      0.00,0,1,0,0,1,1
H4,702,2018,843131,      0.00,      0.00,      0.00,      0.00,0,2,0,0,2,2
H4,702,2018,843139,      0.00,      0.00,      0.00,      0.00,0,4,0,0,4,4
H4,702,2018,843141,      0.00,      0.00,      0.00,      0.00,0,2,0,0,2,2
H4,702,2018,843142,      0.00,      0.00,      0.00,      0.00,0,1,0,0,1,1
H4,702,2018,843143,      0.00,      0.00,      0.00,      0.00,0,1,0,0,1,1
H4,702,2018,843149,      0.00,      0.00,      0.00,      0.00,0,6,0,0,6,6
H4,702,2018,843210,      0.00,      0.00,      0.00,      0.00,0,1,0,0,1,1
H4,702,2018,843221,      0.00,      0.00,      0.00,      0.00,0,1,0,0,1,1
H4,702,2018,843229,      0.00,      0.00,      0.00,      0.00,0,1,0,0,1,1
H4,702,2018,843230,      0.00,      0.00,      0.00,      0.00,0,1,0,0,1,1
H4,702,2018,843240,      0.00,      0.00,      0.00,      0.00,0,1,0,0,1,1
H4,702,2018,843280,      0.00,      0.00,      0.00,      0.00,0,3,0,0,3,3
H4,702,2018,843290,      0.00,      0.00,      0.00,      0.00,0,3,0,0,3,3
H4,702,2018,843311,      0.00,      0.00,      0.00,      0.00,0,1,0,0,1,1
H4,702,2018,843319,      0.00,      0.00,      0.00,      0.00,0,2,0,0,2,2
H4,702,2018,843320,      0.00,      0.00,      0.00,      0.00,0,1,0,0,1,1
H4,702,2018,843330,      0.00,      0.00,      0.00,      0.00,0,1,0,0,1,1
H4,702,2018,843340,      0.00,      0.00,      0.00,      0.00,0,1,0,0,1,1
H4,702,2018,843351,      0.00,      0.00,      0.00,      0.00,0,1,0,0,1,1
H4,702,2018,843352,      0.00,      0.00,      0.00,      0.00,0,1,0,0,1,1
H4,702,2018,843353,      0.00,      0.00,      0.00,      0.00,0,1,0,0,1,1
H4,702,2018,843359,      0.00,      0.00,      0.00,      0.00,0,2,0,0,2,2
H4,702,2018,843360,      0.00,      0.00,      0.00,      0.00,0,2,0,0,2,2
H4,702,2018,843390,      0.00,      0.00,      0.00,      0.00,0,4,0,0,4,4
H4,702,2018,843410,      0.00,      0.00,      0.00,      0.00,0,2,0,0,2,2
H4,702,2018,843420,      0.00,      0.00,      0.00,      0.00,0,2,0,0,2,2
H4,702,2018,843490,      0.00,      0.00,      0.00,      0.00,0,2,0,0,2,2
H4,702,2018,843510,      0.00,      0.00,      0.00,      0.00,0,2,0,0,2,2
H4,702,2018,843590,      0.00,      0.00,      0.00,      0.00,0,2,0,0,2,2
H4,702,2018,843610,      0.00,      0.00,      0.00,      0.00,0,2,0,0,2,2
H4,702,2018,843621,      0.00,      0.00,      0.00,      0.00,0,2,0,0,2,2
H4,702,2018,843629,      0.00,      0.00,      0.00,      0.00,0,2,0,0,2,2
H4,702,2018,843680,      0.00,      0.00,      0.00,      0.00,0,4,0,0,4,4
H4,702,2018,843691,      0.00,      0.00,      0.00,      0.00,0,2,0,0,2,2
H4,702,2018,843699,      0.00,      0.00,      0.00,      0.00,0,4,0,0,4,4
H4,702,2018,843710,      0.00,      0.00,      0.00,      0.00,0,4,0,0,4,4
H4,702,2018,843780,      0.00,      0.00,      0.00,      0.00,0,8,0,0,8,8
H4,702,2018,843790,      0.00,      0.00,      0.00,      0.00,0,4,0,0,4,4
H4,702,2018,843810,      0.00,      0.00,      0.00,      0.00,0,2,0,0,2,2
H4,702,2018,843820,      0.00,      0.00,      0.00,      0.00,0,2,0,0,2,2
H4,702,2018,843830,      0.00,      0.00,      0.00,      0.00,0,2,0,0,2,2
H4,702,2018,843840,      0.00,      0.00,      0.00,      0.00,0,1,0,0,1,1
H4,702,2018,843850,      0.00,      0.00,      0.00,      0.00,0,2,0,0,2,2
H4,702,2018,843860,      0.00,      0.00,      0.00,      0.00,0,2,0,0,2,2
H4,702,2018,843880,      0.00,      0.00,      0.00,      0.00,0,4,0,0,4,4
H4,702,2018,843890,      0.00,      0.00,      0.00,      0.00,0,6,0,0,6,6
H4,702,2018,843910,      0.00,      0.00,      0.00,      0.00,0,1,0,0,1,1
H4,702,2018,843920,      0.00,      0.00,      0.00,      0.00,0,1,0,0,1,1
H4,702,2018,843930,      0.00,      0.00,      0.00,      0.00,0,1,0,0,1,1
H4,702,2018,843991,      0.00,      0.00,      0.00,      0.00,0,1,0,0,1,1
H4,702,2018,843999,      0.00,      0.00,      0.00,      0.00,0,1,0,0,1,1
H4,702,2018,844010,      0.00,      0.00,      0.00,      0.00,0,2,0,0,2,2
H4,702,2018,844090,      0.00,      0.00,      0.00,      0.00,0,2,0,0,2,2
H4,702,2018,844110,      0.00,      0.00,      0.00,      0.00,0,2,0,0,2,2
H4,702,2018,844120,      0.00,      0.00,      0.00,      0.00,0,2,0,0,2,2
H4,702,2018,844130,      0.00,      0.00,      0.00,      0.00,0,2,0,0,2,2
H4,702,2018,844140,      0.00,      0.00,      0.00,      0.00,0,2,0,0,2,2
H4,702,2018,844180,      0.00,      0.00,      0.00,      0.00,0,2,0,0,2,2
H4,702,2018,844190,      0.00,      0.00,      0.00,      0.00,0,2,0,0,2,2
H4,702,2018,844230,      0.00,      0.00,      0.00,      0.00,0,2,0,0,2,2
H4,702,2018,844240,      0.00,      0.00,      0.00,      0.00,0,2,0,0,2,2
H4,702,2018,844250,      0.00,      0.00,      0.00,      0.00,0,1,0,0,1,1
H4,702,2018,844311,      0.00,      0.00,      0.00,      0.00,0,1,0,0,1,1
H4,702,2018,844312,      0.00,      0.00,      0.00,      0.00,0,1,0,0,1,1
H4,702,2018,844313,      0.00,      0.00,      0.00,      0.00,0,1,0,0,1,1
H4,702,2018,844314,      0.00,      0.00,      0.00,      0.00,0,1,0,0,1,1
H4,702,2018,844315,      0.00,      0.00,      0.00,      0.00,0,1,0,0,1,1
H4,702,2018,844316,      0.00,      0.00,      0.00,      0.00,0,1,0,0,1,1
H4,702,2018,844317,      0.00,      0.00,      0.00,      0.00,0,1,0,0,1,1
H4,702,2018,844319,      0.00,      0.00,      0.00,      0.00,0,1,0,0,1,1
H4,702,2018,844331,      0.00,      0.00,      0.00,      0.00,0,4,0,0,4,4
H4,702,2018,844332,      0.00,      0.00,      0.00,      0.00,0,7,0,0,7,7
H4,702,2018,844339,      0.00,      0.00,      0.00,      0.00,0,6,0,0,6,6
H4,702,2018,844391,      0.00,      0.00,      0.00,      0.00,0,1,0,0,1,1
H4,702,2018,844399,      0.00,      0.00,      0.00,      0.00,0,4,0,0,4,4
H4,702,2018,844400,      0.00,      0.00,      0.00,      0.00,0,2,0,0,2,2
H4,702,2018,844511,      0.00,      0.00,      0.00,      0.00,0,2,0,0,2,2
H4,702,2018,844512,      0.00,      0.00,      0.00,      0.00,0,2,0,0,2,2
H4,702,2018,844513,      0.00,      0.00,      0.00,      0.00,0,2,0,0,2,2
H4,702,2018,844519,      0.00,      0.00,      0.00,      0.00,0,2,0,0,2,2
H4,702,2018,844520,      0.00,      0.00,      0.00,      0.00,0,2,0,0,2,2
H4,702,2018,844530,      0.00,      0.00,      0.00,      0.00,0,2,0,0,2,2
H4,702,2018,844540,      0.00,      0.00,      0.00,      0.00,0,2,0,0,2,2
H4,702,2018,844590,      0.00,      0.00,      0.00,      0.00,0,2,0,0,2,2
H4,702,2018,844610,      0.00,      0.00,      0.00,      0.00,0,2,0,0,2,2
H4,702,2018,844621,      0.00,      0.00,      0.00,      0.00,0,1,0,0,1,1
H4,702,2018,844629,      0.00,      0.00,      0.00,      0.00,0,1,0,0,1,1
H4,702,2018,844630,      0.00,      0.00,      0.00,      0.00,0,1,0,0,1,1
H4,702,2018,844711,      0.00,      0.00,      0.00,      0.00,0,2,0,0,2,2
H4,702,2018,844712,      0.00,      0.00,      0.00,      0.00,0,2,0,0,2,2
H4,702,2018,844720,      0.00,      0.00,      0.00,      0.00,0,2,0,0,2,2
H4,702,2018,844790,      0.00,      0.00,      0.00,      0.00,0,2,0,0,2,2
H4,702,2018,844811,      0.00,      0.00,      0.00,      0.00,0,2,0,0,2,2
H4,702,2018,844819,      0.00,      0.00,      0.00,      0.00,0,2,0,0,2,2
H4,702,2018,844820,      0.00,      0.00,      0.00,      0.00,0,1,0,0,1,1
H4,702,2018,844831,      0.00,      0.00,      0.00,      0.00,0,1,0,0,1,1
H4,702,2018,844832,      0.00,      0.00,      0.00,      0.00,0,1,0,0,1,1
H4,702,2018,844833,      0.00,      0.00,      0.00,      0.00,0,1,0,0,1,1
H4,702,2018,844839,      0.00,      0.00,      0.00,      0.00,0,1,0,0,1,1
H4,702,2018,844842,      0.00,      0.00,      0.00,      0.00,0,1,0,0,1,1
H4,702,2018,844849,      0.00,      0.00,      0.00,      0.00,0,3,0,0,3,3
H4,702,2018,844851,      0.00,      0.00,      0.00,      0.00,0,1,0,0,1,1
H4,702,2018,844859,      0.00,      0.00,      0.00,      0.00,0,1,0,0,1,1
H4,702,2018,844900,      0.00,      0.00,      0.00,      0.00,0,2,0,0,2,2
H4,702,2018,845011,      0.00,      0.00,      0.00,      0.00,0,2,0,0,2,2
H4,702,2018,845012,      0.00,      0.00,      0.00,      0.00,0,1,0,0,1,1
H4,702,2018,845019,      0.00,      0.00,      0.00,      0.00,0,2,0,0,2,2
H4,702,2018,845020,      0.00,      0.00,      0.00,      0.00,0,1,0,0,1,1
H4,702,2018,845090,      0.00,      0.00,      0.00,      0.00,0,2,0,0,2,2
H4,702,2018,845110,      0.00,      0.00,      0.00,      0.00,0,1,0,0,1,1
H4,702,2018,845121,      0.00,      0.00,      0.00,      0.00,0,1,0,0,1,1
H4,702,2018,845129,      0.00,      0.00,      0.00,      0.00,0,1,0,0,1,1
H4,702,2018,845130,      0.00,      0.00,      0.00,      0.00,0,2,0,0,2,2
H4,702,2018,845140,      0.00,      0.00,      0.00,      0.00,0,1,0,0,1,1
H4,702,2018,845150,      0.00,      0.00,      0.00,      0.00,0,1,0,0,1,1
H4,702,2018,845180,      0.00,      0.00,      0.00,      0.00,0,1,0,0,1,1
H4,702,2018,845190,      0.00,      0.00,      0.00,      0.00,0,3,0,0,3,3
H4,702,2018,845210,      0.00,      0.00,      0.00,      0.00,0,1,0,0,1,1
H4,702,2018,845221,      0.00,      0.00,      0.00,      0.00,0,1,0,0,1,1
H4,702,2018,845229,      0.00,      0.00,      0.00,      0.00,0,1,0,0,1,1
H4,702,2018,845230,      0.00,      0.00,      0.00,      0.00,0,1,0,0,1,1
H4,702,2018,845290,      0.00,      0.00,      0.00,      0.00,0,6,0,0,6,6
H4,702,2018,845310,      0.00,      0.00,      0.00,      0.00,0,2,0,0,2,2
H4,702,2018,845320,      0.00,      0.00,      0.00,      0.00,0,2,0,0,2,2
H4,702,2018,845380,      0.00,      0.00,      0.00,      0.00,0,2,0,0,2,2
H4,702,2018,845390,      0.00,      0.00,      0.00,      0.00,0,1,0,0,1,1
H4,702,2018,845410,      0.00,      0.00,      0.00,      0.00,0,1,0,0,1,1
H4,702,2018,845420,      0.00,      0.00,      0.00,      0.00,0,1,0,0,1,1
H4,702,2018,845430,      0.00,      0.00,      0.00,      0.00,0,1,0,0,1,1
H4,702,2018,845490,      0.00,      0.00,      0.00,      0.00,0,1,0,0,1,1
H4,702,2018,845510,      0.00,      0.00,      0.00,      0.00,0,1,0,0,1,1
H4,702,2018,845521,      0.00,      0.00,      0.00,      0.00,0,1,0,0,1,1
H4,702,2018,845522,      0.00,      0.00,      0.00,      0.00,0,1,0,0,1,1
H4,702,2018,845530,      0.00,      0.00,      0.00,      0.00,0,1,0,0,1,1
H4,702,2018,845590,      0.00,      0.00,      0.00,      0.00,0,1,0,0,1,1
H4,702,2018,845610,      0.00,      0.00,      0.00,      0.00,0,1,0,0,1,1
H4,702,2018,845620,      0.00,      0.00,      0.00,      0.00,0,1,0,0,1,1
H4,702,2018,845630,      0.00,      0.00,      0.00,      0.00,0,1,0,0,1,1
H4,702,2018,845690,      0.00,      0.00,      0.00,      0.00,0,3,0,0,3,3
H4,702,2018,845710,      0.00,      0.00,      0.00,      0.00,0,1,0,0,1,1
H4,702,2018,845720,      0.00,      0.00,      0.00,      0.00,0,1,0,0,1,1
H4,702,2018,845730,      0.00,      0.00,      0.00,      0.00,0,1,0,0,1,1
H4,702,2018,845811,      0.00,      0.00,      0.00,      0.00,0,1,0,0,1,1
H4,702,2018,845819,      0.00,      0.00,      0.00,      0.00,0,2,0,0,2,2
H4,702,2018,845891,      0.00,      0.00,      0.00,      0.00,0,1,0,0,1,1
H4,702,2018,845899,      0.00,      0.00,      0.00,      0.00,0,2,0,0,2,2
H4,702,2018,845910,      0.00,      0.00,      0.00,      0.00,0,2,0,0,2,2
H4,702,2018,845921,      0.00,      0.00,      0.00,      0.00,0,1,0,0,1,1
H4,702,2018,845929,      0.00,      0.00,      0.00,      0.00,0,2,0,0,2,2
H4,702,2018,845931,      0.00,      0.00,      0.00,      0.00,0,1,0,0,1,1
H4,702,2018,845939,      0.00,      0.00,      0.00,      0.00,0,2,0,0,2,2
H4,702,2018,845940,      0.00,      0.00,      0.00,      0.00,0,2,0,0,2,2
H4,702,2018,845951,      0.00,      0.00,      0.00,      0.00,0,1,0,0,1,1
H4,702,2018,845959,      0.00,      0.00,      0.00,      0.00,0,2,0,0,2,2
H4,702,2018,845961,      0.00,      0.00,      0.00,      0.00,0,1,0,0,1,1
H4,702,2018,845969,      0.00,      0.00,      0.00,      0.00,0,2,0,0,2,2
H4,702,2018,845970,      0.00,      0.00,      0.00,      0.00,0,2,0,0,2,2
H4,702,2018,846011,      0.00,      0.00,      0.00,      0.00,0,1,0,0,1,1
H4,702,2018,846019,      0.00,      0.00,      0.00,      0.00,0,2,0,0,2,2
H4,702,2018,846021,      0.00,      0.00,      0.00,      0.00,0,1,0,0,1,1
H4,702,2018,846029,      0.00,      0.00,      0.00,      0.00,0,2,0,0,2,2
H4,702,2018,846031,      0.00,      0.00,      0.00,      0.00,0,2,0,0,2,2
H4,702,2018,846039,      0.00,      0.00,      0.00,      0.00,0,2,0,0,2,2
H4,702,2018,846040,      0.00,      0.00,      0.00,      0.00,0,2,0,0,2,2
H4,702,2018,846090,      0.00,      0.00,      0.00,      0.00,0,2,0,0,2,2
H4,702,2018,846120,      0.00,      0.00,      0.00,      0.00,0,2,0,0,2,2
H4,702,2018,846130,      0.00,      0.00,      0.00,      0.00,0,2,0,0,2,2
H4,702,2018,846140,      0.00,      0.00,      0.00,      0.00,0,2,0,0,2,2
H4,702,2018,846150,      0.00,      0.00,      0.00,      0.00,0,2,0,0,2,2
H4,702,2018,846190,      0.00,      0.00,      0.00,      0.00,0,4,0,0,4,4
H4,702,2018,846210,      0.00,      0.00,      0.00,      0.00,0,2,0,0,2,2
H4,702,2018,846221,      0.00,      0.00,      0.00,      0.00,0,1,0,0,1,1
H4,702,2018,846229,      0.00,      0.00,      0.00,      0.00,0,2,0,0,2,2
H4,702,2018,846231,      0.00,      0.00,      0.00,      0.00,0,1,0,0,1,1
H4,702,2018,846239,      0.00,      0.00,      0.00,      0.00,0,2,0,0,2,2
H4,702,2018,846241,      0.00,      0.00,      0.00,      0.00,0,1,0,0,1,1
H4,702,2018,846249,      0.00,      0.00,      0.00,      0.00,0,2,0,0,2,2
H4,702,2018,846291,      0.00,      0.00,      0.00,      0.00,0,1,0,0,1,1
H4,702,2018,846299,      0.00,      0.00,      0.00,      0.00,0,4,0,0,4,4
H4,702,2018,846310,      0.00,      0.00,      0.00,      0.00,0,2,0,0,2,2
H4,702,2018,846320,      0.00,      0.00,      0.00,      0.00,0,2,0,0,2,2
H4,702,2018,846330,      0.00,      0.00,      0.00,      0.00,0,2,0,0,2,2
H4,702,2018,846390,      0.00,      0.00,      0.00,      0.00,0,2,0,0,2,2
H4,702,2018,846410,      0.00,      0.00,      0.00,      0.00,0,2,0,0,2,2
H4,702,2018,846420,      0.00,      0.00,      0.00,      0.00,0,2,0,0,2,2
H4,702,2018,846490,      0.00,      0.00,      0.00,      0.00,0,2,0,0,2,2
H4,702,2018,846510,      0.00,      0.00,      0.00,      0.00,0,1,0,0,1,1
H4,702,2018,846591,      0.00,      0.00,      0.00,      0.00,0,3,0,0,3,3
H4,702,2018,846592,      0.00,      0.00,      0.00,      0.00,0,3,0,0,3,3
H4,702,2018,846593,      0.00,      0.00,      0.00,      0.00,0,2,0,0,2,2
H4,702,2018,846594,      0.00,      0.00,      0.00,      0.00,0,2,0,0,2,2
H4,702,2018,846595,      0.00,      0.00,      0.00,      0.00,0,3,0,0,3,3
H4,702,2018,846596,      0.00,      0.00,      0.00,      0.00,0,2,0,0,2,2
H4,702,2018,846599,      0.00,      0.00,      0.00,      0.00,0,5,0,0,5,5
H4,702,2018,846610,      0.00,      0.00,      0.00,      0.00,0,2,0,0,2,2
H4,702,2018,846620,      0.00,      0.00,      0.00,      0.00,0,2,0,0,2,2
H4,702,2018,846630,      0.00,      0.00,      0.00,      0.00,0,2,0,0,2,2
H4,702,2018,846691,      0.00,      0.00,      0.00,      0.00,0,1,0,0,1,1
H4,702,2018,846692,      0.00,      0.00,      0.00,      0.00,0,2,0,0,2,2
H4,702,2018,846693,      0.00,      0.00,      0.00,      0.00,0,2,0,0,2,2
H4,702,2018,846694,      0.00,      0.00,      0.00,      0.00,0,1,0,0,1,1
H4,702,2018,846711,      0.00,      0.00,      0.00,      0.00,0,1,0,0,1,1
H4,702,2018,846719,      0.00,      0.00,      0.00,      0.00,0,1,0,0,1,1
H4,702,2018,846721,      0.00,      0.00,      0.00,      0.00,0,1,0,0,1,1
H4,702,2018,846722,      0.00,      0.00,      0.00,      0.00,0,1,0,0,1,1
H4,702,2018,846729,      0.00,      0.00,      0.00,      0.00,0,1,0,0,1,1
H4,702,2018,846781,      0.00,      0.00,      0.00,      0.00,0,1,0,0,1,1
H4,702,2018,846789,      0.00,      0.00,      0.00,      0.00,0,1,0,0,1,1
H4,702,2018,846791,      0.00,      0.00,      0.00,      0.00,0,2,0,0,2,2
H4,702,2018,846792,      0.00,      0.00,      0.00,      0.00,0,1,0,0,1,1
H4,702,2018,846799,      0.00,      0.00,      0.00,      0.00,0,2,0,0,2,2
H4,702,2018,846810,      0.00,      0.00,      0.00,      0.00,0,1,0,0,1,1
H4,702,2018,846820,      0.00,      0.00,      0.00,      0.00,0,2,0,0,2,2
H4,702,2018,846880,      0.00,      0.00,      0.00,      0.00,0,1,0,0,1,1
H4,702,2018,846890,      0.00,      0.00,      0.00,      0.00,0,3,0,0,3,3
H4,702,2018,846900,      0.00,      0.00,      0.00,      0.00,0,2,0,0,2,2
H4,702,2018,847010,      0.00,      0.00,      0.00,      0.00,0,1,0,0,1,1
H4,702,2018,847021,      0.00,      0.00,      0.00,      0.00,0,1,0,0,1,1
H4,702,2018,847029,      0.00,      0.00,      0.00,      0.00,0,1,0,0,1,1
H4,702,2018,847030,      0.00,      0.00,      0.00,      0.00,0,1,0,0,1,1
H4,702,2018,847050,      0.00,      0.00,      0.00,      0.00,0,1,0,0,1,1
H4,702,2018,847090,      0.00,      0.00,      0.00,      0.00,0,3,0,0,3,3
H4,702,2018,847130,      0.00,      0.00,      0.00,      0.00,0,3,0,0,3,3
H4,702,2018,847141,      0.00,      0.00,      0.00,      0.00,0,2,0,0,2,2
H4,702,2018,847149,      0.00,      0.00,      0.00,      0.00,0,2,0,0,2,2
H4,702,2018,847150,      0.00,      0.00,      0.00,      0.00,0,2,0,0,2,2
H4,702,2018,847160,      0.00,      0.00,      0.00,      0.00,0,3,0,0,3,3
H4,702,2018,847170,      0.00,      0.00,      0.00,      0.00,0,7,0,0,7,7
H4,702,2018,847180,      0.00,      0.00,      0.00,      0.00,0,3,0,0,3,3
H4,702,2018,847190,      0.00,      0.00,      0.00,      0.00,0,3,0,0,3,3
H4,702,2018,847210,      0.00,      0.00,      0.00,      0.00,0,2,0,0,2,2
H4,702,2018,847230,      0.00,      0.00,      0.00,      0.00,0,2,0,0,2,2
H4,702,2018,847290,      0.00,      0.00,      0.00,      0.00,0,4,0,0,4,4
H4,702,2018,847310,      0.00,      0.00,      0.00,      0.00,0,2,0,0,2,2
H4,702,2018,847321,      0.00,      0.00,      0.00,      0.00,0,1,0,0,1,1
H4,702,2018,847329,      0.00,      0.00,      0.00,      0.00,0,1,0,0,1,1
H4,702,2018,847330,      0.00,      0.00,      0.00,      0.00,0,2,0,0,2,2
H4,702,2018,847340,      0.00,      0.00,      0.00,      0.00,0,3,0,0,3,3
H4,702,2018,847350,      0.00,      0.00,      0.00,      0.00,0,3,0,0,3,3
H4,702,2018,847410,      0.00,      0.00,      0.00,      0.00,0,2,0,0,2,2
H4,702,2018,847420,      0.00,      0.00,      0.00,      0.00,0,4,0,0,4,4
H4,702,2018,847431,      0.00,      0.00,      0.00,      0.00,0,2,0,0,2,2
H4,702,2018,847432,      0.00,      0.00,      0.00,      0.00,0,4,0,0,4,4
H4,702,2018,847439,      0.00,      0.00,      0.00,      0.00,0,2,0,0,2,2
H4,702,2018,847480,      0.00,      0.00,      0.00,      0.00,0,2,0,0,2,2
H4,702,2018,847490,      0.00,      0.00,      0.00,      0.00,0,2,0,0,2,2
H4,702,2018,847510,      0.00,      0.00,      0.00,      0.00,0,2,0,0,2,2
H4,702,2018,847521,      0.00,      0.00,      0.00,      0.00,0,1,0,0,1,1
H4,702,2018,847529,      0.00,      0.00,      0.00,      0.00,0,1,0,0,1,1
H4,702,2018,847590,      0.00,      0.00,      0.00,      0.00,0,2,0,0,2,2
H4,702,2018,847621,      0.00,      0.00,      0.00,      0.00,0,1,0,0,1,1
H4,702,2018,847629,      0.00,      0.00,      0.00,      0.00,0,1,0,0,1,1
H4,702,2018,847681,      0.00,      0.00,      0.00,      0.00,0,1,0,0,1,1
H4,702,2018,847689,      0.00,      0.00,      0.00,      0.00,0,1,0,0,1,1
H4,702,2018,847690,      0.00,      0.00,      0.00,      0.00,0,1,0,0,1,1
H4,702,2018,847710,      0.00,      0.00,      0.00,      0.00,0,3,0,0,3,3
H4,702,2018,847720,      0.00,      0.00,      0.00,      0.00,0,2,0,0,2,2
H4,702,2018,847730,      0.00,      0.00,      0.00,      0.00,0,1,0,0,1,1
H4,702,2018,847740,      0.00,      0.00,      0.00,      0.00,0,2,0,0,2,2
H4,702,2018,847751,      0.00,      0.00,      0.00,      0.00,0,1,0,0,1,1
H4,702,2018,847759,      0.00,      0.00,      0.00,      0.00,0,2,0,0,2,2
H4,702,2018,847780,      0.00,      0.00,      0.00,      0.00,0,5,0,0,5,5
H4,702,2018,847790,      0.00,      0.00,      0.00,      0.00,0,5,0,0,5,5
H4,702,2018,847810,      0.00,      0.00,      0.00,      0.00,0,2,0,0,2,2
H4,702,2018,847890,      0.00,      0.00,      0.00,      0.00,0,2,0,0,2,2
H4,702,2018,847910,      0.00,      0.00,      0.00,      0.00,0,2,0,0,2,2
H4,702,2018,847920,      0.00,      0.00,      0.00,      0.00,0,2,0,0,2,2
H4,702,2018,847930,      0.00,      0.00,      0.00,      0.00,0,2,0,0,2,2
H4,702,2018,847940,      0.00,      0.00,      0.00,      0.00,0,2,0,0,2,2
H4,702,2018,847950,      0.00,      0.00,      0.00,      0.00,0,1,0,0,1,1
H4,702,2018,847960,      0.00,      0.00,      0.00,      0.00,0,1,0,0,1,1
H4,702,2018,847971,      0.00,      0.00,      0.00,      0.00,0,1,0,0,1,1
H4,702,2018,847979,      0.00,      0.00,      0.00,      0.00,0,1,0,0,1,1
H4,702,2018,847981,      0.00,      0.00,      0.00,      0.00,0,2,0,0,2,2
H4,702,2018,847982,      0.00,      0.00,      0.00,      0.00,0,2,0,0,2,2
H4,702,2018,847989,      0.00,      0.00,      0.00,      0.00,0,3,0,0,3,3
H4,702,2018,847990,      0.00,      0.00,      0.00,      0.00,0,3,0,0,3,3
H4,702,2018,848010,      0.00,      0.00,      0.00,      0.00,0,1,0,0,1,1
H4,702,2018,848020,      0.00,      0.00,      0.00,      0.00,0,1,0,0,1,1
H4,702,2018,848030,      0.00,      0.00,      0.00,      0.00,0,2,0,0,2,2
H4,702,2018,848041,      0.00,      0.00,      0.00,      0.00,0,1,0,0,1,1
H4,702,2018,848049,      0.00,      0.00,      0.00,      0.00,0,1,0,0,1,1
H4,702,2018,848050,      0.00,      0.00,      0.00,      0.00,0,1,0,0,1,1
H4,702,2018,848060,      0.00,      0.00,      0.00,      0.00,0,1,0,0,1,1
H4,702,2018,848071,      0.00,      0.00,      0.00,      0.00,0,2,0,0,2,2
H4,702,2018,848079,      0.00,      0.00,      0.00,      0.00,0,2,0,0,2,2
H4,702,2018,848110,      0.00,      0.00,      0.00,      0.00,0,6,0,0,6,6
H4,702,2018,848120,      0.00,      0.00,      0.00,      0.00,0,3,0,0,3,3
H4,702,2018,848130,      0.00,      0.00,      0.00,      0.00,0,4,0,0,4,4
H4,702,2018,848140,      0.00,      0.00,      0.00,      0.00,0,3,0,0,3,3
H4,702,2018,848180,      0.00,      0.00,      0.00,      0.00,0,34,0,0,34,34
H4,702,2018,848190,      0.00,      0.00,      0.00,      0.00,0,10,0,0,10,10
H4,702,2018,848210,      0.00,      0.00,      0.00,      0.00,0,1,0,0,1,1
H4,702,2018,848220,      0.00,      0.00,      0.00,      0.00,0,1,0,0,1,1
H4,702,2018,848230,      0.00,      0.00,      0.00,      0.00,0,1,0,0,1,1
H4,702,2018,848240,      0.00,      0.00,      0.00,      0.00,0,1,0,0,1,1
H4,702,2018,848250,      0.00,      0.00,      0.00,      0.00,0,1,0,0,1,1
H4,702,2018,848280,      0.00,      0.00,      0.00,      0.00,0,1,0,0,1,1
H4,702,2018,848291,      0.00,      0.00,      0.00,      0.00,0,1,0,0,1,1
H4,702,2018,848299,      0.00,      0.00,      0.00,      0.00,0,1,0,0,1,1
H4,702,2018,848310,      0.00,      0.00,      0.00,      0.00,0,8,0,0,8,8
H4,702,2018,848320,      0.00,      0.00,      0.00,      0.00,0,3,0,0,3,3
H4,702,2018,848330,      0.00,      0.00,      0.00,      0.00,0,3,0,0,3,3
H4,702,2018,848340,      0.00,      0.00,      0.00,      0.00,0,3,0,0,3,3
H4,702,2018,848350,      0.00,      0.00,      0.00,      0.00,0,1,0,0,1,1
H4,702,2018,848360,      0.00,      0.00,      0.00,      0.00,0,1,0,0,1,1
H4,702,2018,848390,      0.00,      0.00,      0.00,      0.00,0,10,0,0,10,10
H4,702,2018,848410,      0.00,      0.00,      0.00,      0.00,0,1,0,0,1,1
H4,702,2018,848420,      0.00,      0.00,      0.00,      0.00,0,1,0,0,1,1
H4,702,2018,848490,      0.00,      0.00,      0.00,      0.00,0,1,0,0,1,1
H4,702,2018,848610,      0.00,      0.00,      0.00,      0.00,0,7,0,0,7,7
H4,702,2018,848620,      0.00,      0.00,      0.00,      0.00,0,21,0,0,21,21
H4,702,2018,848630,      0.00,      0.00,      0.00,      0.00,0,4,0,0,4,4
H4,702,2018,848640,      0.00,      0.00,      0.00,      0.00,0,8,0,0,8,8
H4,702,2018,848690,      0.00,      0.00,      0.00,      0.00,0,31,0,0,31,31
H4,702,2018,848710,      0.00,      0.00,      0.00,      0.00,0,1,0,0,1,1
H4,702,2018,848790,      0.00,      0.00,      0.00,      0.00,0,1,0,0,1,1
H4,702,2018,850110,      0.00,      0.00,      0.00,      0.00,0,10,0,0,10,10
H4,702,2018,850120,      0.00,      0.00,      0.00,      0.00,0,4,0,0,4,4
H4,702,2018,850131,      0.00,      0.00,      0.00,      0.00,0,3,0,0,3,3
H4,702,2018,850132,      0.00,      0.00,      0.00,      0.00,0,6,0,0,6,6
H4,702,2018,850133,      0.00,      0.00,      0.00,      0.00,0,1,0,0,1,1
H4,702,2018,850134,      0.00,      0.00,      0.00,      0.00,0,1,0,0,1,1
H4,702,2018,850140,      0.00,      0.00,      0.00,      0.00,0,4,0,0,4,4
H4,702,2018,850151,      0.00,      0.00,      0.00,      0.00,0,2,0,0,2,2
H4,702,2018,850152,      0.00,      0.00,      0.00,      0.00,0,6,0,0,6,6
H4,702,2018,850153,      0.00,      0.00,      0.00,      0.00,0,1,0,0,1,1
H4,702,2018,850161,      0.00,      0.00,      0.00,      0.00,0,2,0,0,2,2
H4,702,2018,850162,      0.00,      0.00,      0.00,      0.00,0,2,0,0,2,2
H4,702,2018,850163,      0.00,      0.00,      0.00,      0.00,0,1,0,0,1,1
H4,702,2018,850164,      0.00,      0.00,      0.00,      0.00,0,1,0,0,1,1
H4,702,2018,850211,      0.00,      0.00,      0.00,      0.00,0,1,0,0,1,1
H4,702,2018,850212,      0.00,      0.00,      0.00,      0.00,0,2,0,0,2,2
H4,702,2018,850213,      0.00,      0.00,      0.00,      0.00,0,2,0,0,2,2
H4,702,2018,850220,      0.00,      0.00,      0.00,      0.00,0,5,0,0,5,5
H4,702,2018,850231,      0.00,      0.00,      0.00,      0.00,0,2,0,0,2,2
H4,702,2018,850239,      0.00,      0.00,      0.00,      0.00,0,4,0,0,4,4
H4,702,2018,850240,      0.00,      0.00,      0.00,      0.00,0,1,0,0,1,1
H4,702,2018,850300,      0.00,      0.00,      0.00,      0.00,0,2,0,0,2,2
H4,702,2018,850410,      0.00,      0.00,      0.00,      0.00,0,1,0,0,1,1
H4,702,2018,850421,      0.00,      0.00,      0.00,      0.00,0,4,0,0,4,4
H4,702,2018,850422,      0.00,      0.00,      0.00,      0.00,0,5,0,0,5,5
H4,702,2018,850423,      0.00,      0.00,      0.00,      0.00,0,4,0,0,4,4
H4,702,2018,850431,      0.00,      0.00,      0.00,      0.00,0,14,0,0,14,14
H4,702,2018,850432,      0.00,      0.00,      0.00,      0.00,0,8,0,0,8,8
H4,702,2018,850433,      0.00,      0.00,      0.00,      0.00,0,4,0,0,4,4
H4,702,2018,850434,      0.00,      0.00,      0.00,      0.00,0,8,0,0,8,8
H4,702,2018,850440,      0.00,      0.00,      0.00,      0.00,0,6,0,0,6,6
H4,702,2018,850450,      0.00,      0.00,      0.00,      0.00,0,5,0,0,5,5
H4,702,2018,850490,      0.00,      0.00,      0.00,      0.00,0,9,0,0,9,9
H4,702,2018,850511,      0.00,      0.00,      0.00,      0.00,0,1,0,0,1,1
H4,702,2018,850519,      0.00,      0.00,      0.00,      0.00,0,1,0,0,1,1
H4,702,2018,850520,      0.00,      0.00,      0.00,      0.00,0,1,0,0,1,1
H4,702,2018,850590,      0.00,      0.00,      0.00,      0.00,0,1,0,0,1,1
H4,702,2018,850610,      0.00,      0.00,      0.00,      0.00,0,2,0,0,2,2
H4,702,2018,850630,      0.00,      0.00,      0.00,      0.00,0,1,0,0,1,1
H4,702,2018,850640,      0.00,      0.00,      0.00,      0.00,0,1,0,0,1,1
H4,702,2018,850650,      0.00,      0.00,      0.00,      0.00,0,1,0,0,1,1
H4,702,2018,850660,      0.00,      0.00,      0.00,      0.00,0,2,0,0,2,2
H4,702,2018,850680,      0.00,      0.00,      0.00,      0.00,0,4,0,0,4,4
H4,702,2018,850690,      0.00,      0.00,      0.00,      0.00,0,1,0,0,1,1
H4,702,2018,850710,      0.00,      0.00,      0.00,      0.00,0,5,0,0,5,5
H4,702,2018,850720,      0.00,      0.00,      0.00,      0.00,0,5,0,0,5,5
H4,702,2018,850730,      0.00,      0.00,      0.00,      0.00,0,2,0,0,2,2
H4,702,2018,850740,      0.00,      0.00,      0.00,      0.00,0,2,0,0,2,2
H4,702,2018,850750,      0.00,      0.00,      0.00,      0.00,0,1,0,0,1,1
H4,702,2018,850760,      0.00,      0.00,      0.00,      0.00,0,2,0,0,2,2
H4,702,2018,850780,      0.00,      0.00,      0.00,      0.00,0,3,0,0,3,3
H4,702,2018,850790,      0.00,      0.00,      0.00,      0.00,0,7,0,0,7,7
H4,702,2018,850811,      0.00,      0.00,      0.00,      0.00,0,1,0,0,1,1
H4,702,2018,850819,      0.00,      0.00,      0.00,      0.00,0,2,0,0,2,2
H4,702,2018,850860,      0.00,      0.00,      0.00,      0.00,0,1,0,0,1,1
H4,702,2018,850870,      0.00,      0.00,      0.00,      0.00,0,2,0,0,2,2
H4,702,2018,850940,      0.00,      0.00,      0.00,      0.00,0,1,0,0,1,1
H4,702,2018,850980,      0.00,      0.00,      0.00,      0.00,0,3,0,0,3,3
H4,702,2018,850990,      0.00,      0.00,      0.00,      0.00,0,2,0,0,2,2
H4,702,2018,851010,      0.00,      0.00,      0.00,      0.00,0,1,0,0,1,1
H4,702,2018,851020,      0.00,      0.00,      0.00,      0.00,0,1,0,0,1,1
H4,702,2018,851030,      0.00,      0.00,      0.00,      0.00,0,1,0,0,1,1
H4,702,2018,851090,      0.00,      0.00,      0.00,      0.00,0,1,0,0,1,1
H4,702,2018,851110,      0.00,      0.00,      0.00,      0.00,0,3,0,0,3,3
H4,702,2018,851120,      0.00,      0.00,      0.00,      0.00,0,5,0,0,5,5
H4,702,2018,851130,      0.00,      0.00,      0.00,      0.00,0,5,0,0,5,5
H4,702,2018,851140,      0.00,      0.00,      0.00,      0.00,0,8,0,0,8,8
H4,702,2018,851150,      0.00,      0.00,      0.00,      0.00,0,8,0,0,8,8
H4,702,2018,851180,      0.00,      0.00,      0.00,      0.00,0,3,0,0,3,3
H4,702,2018,851190,      0.00,      0.00,      0.00,      0.00,0,3,0,0,3,3
H4,702,2018,851210,      0.00,      0.00,      0.00,      0.00,0,1,0,0,1,1
H4,702,2018,851220,      0.00,      0.00,      0.00,      0.00,0,3,0,0,3,3
H4,702,2018,851230,      0.00,      0.00,      0.00,      0.00,0,4,0,0,4,4
H4,702,2018,851240,      0.00,      0.00,      0.00,      0.00,0,1,0,0,1,1
H4,702,2018,851290,      0.00,      0.00,      0.00,      0.00,0,2,0,0,2,2
H4,702,2018,851310,      0.00,      0.00,      0.00,      0.00,0,3,0,0,3,3
H4,702,2018,851390,      0.00,      0.00,      0.00,      0.00,0,3,0,0,3,3
H4,702,2018,851410,      0.00,      0.00,      0.00,      0.00,0,1,0,0,1,1
H4,702,2018,851420,      0.00,      0.00,      0.00,      0.00,0,2,0,0,2,2
H4,702,2018,851430,      0.00,      0.00,      0.00,      0.00,0,2,0,0,2,2
H4,702,2018,851440,      0.00,      0.00,      0.00,      0.00,0,1,0,0,1,1
H4,702,2018,851490,      0.00,      0.00,      0.00,      0.00,0,2,0,0,2,2
H4,702,2018,851511,      0.00,      0.00,      0.00,      0.00,0,1,0,0,1,1
H4,702,2018,851519,      0.00,      0.00,      0.00,      0.00,0,2,0,0,2,2
H4,702,2018,851521,      0.00,      0.00,      0.00,      0.00,0,1,0,0,1,1
H4,702,2018,851529,      0.00,      0.00,      0.00,      0.00,0,1,0,0,1,1
H4,702,2018,851531,      0.00,      0.00,      0.00,      0.00,0,1,0,0,1,1
H4,702,2018,851539,      0.00,      0.00,      0.00,      0.00,0,2,0,0,2,2
H4,702,2018,851580,      0.00,      0.00,      0.00,      0.00,0,2,0,0,2,2
H4,702,2018,851590,      0.00,      0.00,      0.00,      0.00,0,3,0,0,3,3
H4,702,2018,851610,      0.00,      0.00,      0.00,      0.00,0,2,0,0,2,2
H4,702,2018,851621,      0.00,      0.00,      0.00,      0.00,0,1,0,0,1,1
H4,702,2018,851629,      0.00,      0.00,      0.00,      0.00,0,1,0,0,1,1
H4,702,2018,851631,      0.00,      0.00,      0.00,      0.00,0,1,0,0,1,1
H4,702,2018,851632,      0.00,      0.00,      0.00,      0.00,0,1,0,0,1,1
H4,702,2018,851633,      0.00,      0.00,      0.00,      0.00,0,1,0,0,1,1
H4,702,2018,851640,      0.00,      0.00,      0.00,      0.00,0,2,0,0,2,2
H4,702,2018,851650,      0.00,      0.00,      0.00,      0.00,0,1,0,0,1,1
H4,702,2018,851660,      0.00,      0.00,      0.00,      0.00,0,2,0,0,2,2
H4,702,2018,851671,      0.00,      0.00,      0.00,      0.00,0,1,0,0,1,1
H4,702,2018,851672,      0.00,      0.00,      0.00,      0.00,0,1,0,0,1,1
H4,702,2018,851679,      0.00,      0.00,      0.00,      0.00,0,2,0,0,2,2
H4,702,2018,851680,      0.00,      0.00,      0.00,      0.00,0,3,0,0,3,3
H4,702,2018,851690,      0.00,      0.00,      0.00,      0.00,0,5,0,0,5,5
H4,702,2018,851711,      0.00,      0.00,      0.00,      0.00,0,1,0,0,1,1
H4,702,2018,851712,      0.00,      0.00,      0.00,      0.00,0,1,0,0,1,1
H4,702,2018,851718,      0.00,      0.00,      0.00,      0.00,0,1,0,0,1,1
H4,702,2018,851761,      0.00,      0.00,      0.00,      0.00,0,1,0,0,1,1
H4,702,2018,851762,      0.00,      0.00,      0.00,      0.00,0,16,0,0,16,16
H4,702,2018,851769,      0.00,      0.00,      0.00,      0.00,0,1,0,0,1,1
H4,702,2018,851770,      0.00,      0.00,      0.00,      0.00,0,10,0,0,10,10
H4,702,2018,851810,      0.00,      0.00,      0.00,      0.00,0,3,0,0,3,3
H4,702,2018,851821,      0.00,      0.00,      0.00,      0.00,0,2,0,0,2,2
H4,702,2018,851822,      0.00,      0.00,      0.00,      0.00,0,2,0,0,2,2
H4,702,2018,851829,      0.00,      0.00,      0.00,      0.00,0,2,0,0,2,2
H4,702,2018,851830,      0.00,      0.00,      0.00,      0.00,0,6,0,0,6,6
H4,702,2018,851840,      0.00,      0.00,      0.00,      0.00,0,4,0,0,4,4
H4,702,2018,851850,      0.00,      0.00,      0.00,      0.00,0,3,0,0,3,3
H4,702,2018,851890,      0.00,      0.00,      0.00,      0.00,0,5,0,0,5,5
H4,702,2018,851920,      0.00,      0.00,      0.00,      0.00,0,2,0,0,2,2
H4,702,2018,851930,      0.00,      0.00,      0.00,      0.00,0,1,0,0,1,1
H4,702,2018,851950,      0.00,      0.00,      0.00,      0.00,0,1,0,0,1,1
H4,702,2018,851981,      0.00,      0.00,      0.00,      0.00,0,12,0,0,12,12
H4,702,2018,851989,      0.00,      0.00,      0.00,      0.00,0,5,0,0,5,5
H4,702,2018,852110,      0.00,      0.00,      0.00,      0.00,0,2,0,0,2,2
H4,702,2018,852190,      0.00,      0.00,      0.00,      0.00,0,4,0,0,4,4
H4,702,2018,852210,      0.00,      0.00,      0.00,      0.00,0,1,0,0,1,1
H4,702,2018,852290,      0.00,      0.00,      0.00,      0.00,0,8,0,0,8,8
H4,702,2018,852321,      0.00,      0.00,      0.00,      0.00,0,2,0,0,2,2
H4,702,2018,852329,      0.00,      0.00,      0.00,      0.00,0,31,0,0,31,31
H4,702,2018,852341,      0.00,      0.00,      0.00,      0.00,0,2,0,0,2,2
H4,702,2018,852349,      0.00,      0.00,      0.00,      0.00,0,9,0,0,9,9
H4,702,2018,852351,      0.00,      0.00,      0.00,      0.00,0,6,0,0,6,6
H4,702,2018,852352,      0.00,      0.00,      0.00,      0.00,0,1,0,0,1,1
H4,702,2018,852359,      0.00,      0.00,      0.00,      0.00,0,6,0,0,6,6
H4,702,2018,852380,      0.00,      0.00,      0.00,      0.00,0,6,0,0,6,6
H4,702,2018,852550,      0.00,      0.00,      0.00,      0.00,0,1,0,0,1,1
H4,702,2018,852560,      0.00,      0.00,      0.00,      0.00,0,1,0,0,1,1
H4,702,2018,852580,      0.00,      0.00,      0.00,      0.00,0,5,0,0,5,5
H4,702,2018,852610,      0.00,      0.00,      0.00,      0.00,0,2,0,0,2,2
H4,702,2018,852691,      0.00,      0.00,      0.00,      0.00,0,2,0,0,2,2
H4,702,2018,852692,      0.00,      0.00,      0.00,      0.00,0,1,0,0,1,1
H4,702,2018,852712,      0.00,      0.00,      0.00,      0.00,0,1,0,0,1,1
H4,702,2018,852713,      0.00,      0.00,      0.00,      0.00,0,2,0,0,2,2
H4,702,2018,852719,      0.00,      0.00,      0.00,      0.00,0,4,0,0,4,4
H4,702,2018,852721,      0.00,      0.00,      0.00,      0.00,0,1,0,0,1,1
H4,702,2018,852729,      0.00,      0.00,      0.00,      0.00,0,1,0,0,1,1
H4,702,2018,852791,      0.00,      0.00,      0.00,      0.00,0,2,0,0,2,2
H4,702,2018,852792,      0.00,      0.00,      0.00,      0.00,0,3,0,0,3,3
H4,702,2018,852799,      0.00,      0.00,      0.00,      0.00,0,3,0,0,3,3
H4,702,2018,852841,      0.00,      0.00,      0.00,      0.00,0,2,0,0,2,2
H4,702,2018,852849,      0.00,      0.00,      0.00,      0.00,0,2,0,0,2,2
H4,702,2018,852851,      0.00,      0.00,      0.00,      0.00,0,3,0,0,3,3
H4,702,2018,852859,      0.00,      0.00,      0.00,      0.00,0,2,0,0,2,2
H4,702,2018,852861,      0.00,      0.00,      0.00,      0.00,0,2,0,0,2,2
H4,702,2018,852869,      0.00,      0.00,      0.00,      0.00,0,2,0,0,2,2
H4,702,2018,852871,      0.00,      0.00,      0.00,      0.00,0,4,0,0,4,4
H4,702,2018,852872,      0.00,      0.00,      0.00,      0.00,0,4,0,0,4,4
H4,702,2018,852873,      0.00,      0.00,      0.00,      0.00,0,1,0,0,1,1
H4,702,2018,852910,      0.00,      0.00,      0.00,      0.00,0,7,0,0,7,7
H4,702,2018,852990,      0.00,      0.00,      0.00,      0.00,0,11,0,0,11,11
H4,702,2018,853010,      0.00,      0.00,      0.00,      0.00,0,1,0,0,1,1
H4,702,2018,853080,      0.00,      0.00,      0.00,      0.00,0,1,0,0,1,1
H4,702,2018,853090,      0.00,      0.00,      0.00,      0.00,0,1,0,0,1,1
H4,702,2018,853110,      0.00,      0.00,      0.00,      0.00,0,4,0,0,4,4
H4,702,2018,853120,      0.00,      0.00,      0.00,      0.00,0,1,0,0,1,1
H4,702,2018,853180,      0.00,      0.00,      0.00,      0.00,0,5,0,0,5,5
H4,702,2018,853190,      0.00,      0.00,      0.00,      0.00,0,4,0,0,4,4
H4,702,2018,853210,      0.00,      0.00,      0.00,      0.00,0,1,0,0,1,1
H4,702,2018,853221,      0.00,      0.00,      0.00,      0.00,0,1,0,0,1,1
H4,702,2018,853222,      0.00,      0.00,      0.00,      0.00,0,1,0,0,1,1
H4,702,2018,853223,      0.00,      0.00,      0.00,      0.00,0,1,0,0,1,1
H4,702,2018,853224,      0.00,      0.00,      0.00,      0.00,0,1,0,0,1,1
H4,702,2018,853225,      0.00,      0.00,      0.00,      0.00,0,1,0,0,1,1
H4,702,2018,853229,      0.00,      0.00,      0.00,      0.00,0,1,0,0,1,1
H4,702,2018,853230,      0.00,      0.00,      0.00,      0.00,0,1,0,0,1,1
H4,702,2018,853290,      0.00,      0.00,      0.00,      0.00,0,1,0,0,1,1
H4,702,2018,853310,      0.00,      0.00,      0.00,      0.00,0,2,0,0,2,2
H4,702,2018,853321,      0.00,      0.00,      0.00,      0.00,0,1,0,0,1,1
H4,702,2018,853329,      0.00,      0.00,      0.00,      0.00,0,1,0,0,1,1
H4,702,2018,853331,      0.00,      0.00,      0.00,      0.00,0,1,0,0,1,1
H4,702,2018,853339,      0.00,      0.00,      0.00,      0.00,0,1,0,0,1,1
H4,702,2018,853340,      0.00,      0.00,      0.00,      0.00,0,1,0,0,1,1
H4,702,2018,853390,      0.00,      0.00,      0.00,      0.00,0,1,0,0,1,1
H4,702,2018,853400,      0.00,      0.00,      0.00,      0.00,0,4,0,0,4,4
H4,702,2018,853510,      0.00,      0.00,      0.00,      0.00,0,1,0,0,1,1
H4,702,2018,853521,      0.00,      0.00,      0.00,      0.00,0,2,0,0,2,2
H4,702,2018,853529,      0.00,      0.00,      0.00,      0.00,0,1,0,0,1,1
H4,702,2018,853530,      0.00,      0.00,      0.00,      0.00,0,4,0,0,4,4
H4,702,2018,853540,      0.00,      0.00,      0.00,      0.00,0,1,0,0,1,1
H4,702,2018,853590,      0.00,      0.00,      0.00,      0.00,0,2,0,0,2,2
H4,702,2018,853610,      0.00,      0.00,      0.00,      0.00,0,8,0,0,8,8
H4,702,2018,853620,      0.00,      0.00,      0.00,      0.00,0,7,0,0,7,7
H4,702,2018,853630,      0.00,      0.00,      0.00,      0.00,0,3,0,0,3,3
H4,702,2018,853641,      0.00,      0.00,      0.00,      0.00,0,5,0,0,5,5
H4,702,2018,853649,      0.00,      0.00,      0.00,      0.00,0,2,0,0,2,2
H4,702,2018,853650,      0.00,      0.00,      0.00,      0.00,0,12,0,0,12,12
H4,702,2018,853661,      0.00,      0.00,      0.00,      0.00,0,3,0,0,3,3
H4,702,2018,853669,      0.00,      0.00,      0.00,      0.00,0,8,0,0,8,8
H4,702,2018,853670,      0.00,      0.00,      0.00,      0.00,0,3,0,0,3,3
H4,702,2018,853690,      0.00,      0.00,      0.00,      0.00,0,9,0,0,9,9
H4,702,2018,853710,      0.00,      0.00,      0.00,      0.00,0,9,0,0,9,9
H4,702,2018,853720,      0.00,      0.00,      0.00,      0.00,0,5,0,0,5,5
H4,702,2018,853810,      0.00,      0.00,      0.00,      0.00,0,6,0,0,6,6
H4,702,2018,853890,      0.00,      0.00,      0.00,      0.00,0,6,0,0,6,6
H4,702,2018,853910,      0.00,      0.00,      0.00,      0.00,0,2,0,0,2,2
H4,702,2018,853921,      0.00,      0.00,      0.00,      0.00,0,4,0,0,4,4
H4,702,2018,853922,      0.00,      0.00,      0.00,      0.00,0,3,0,0,3,3
H4,702,2018,853929,      0.00,      0.00,      0.00,      0.00,0,8,0,0,8,8
H4,702,2018,853931,      0.00,      0.00,      0.00,      0.00,0,2,0,0,2,2
H4,702,2018,853932,      0.00,      0.00,      0.00,      0.00,0,1,0,0,1,1
H4,702,2018,853939,      0.00,      0.00,      0.00,      0.00,0,3,0,0,3,3
H4,702,2018,853941,      0.00,      0.00,      0.00,      0.00,0,1,0,0,1,1
H4,702,2018,853949,      0.00,      0.00,      0.00,      0.00,0,1,0,0,1,1
H4,702,2018,853990,      0.00,      0.00,      0.00,      0.00,0,3,0,0,3,3
H4,702,2018,854011,      0.00,      0.00,      0.00,      0.00,0,1,0,0,1,1
H4,702,2018,854012,      0.00,      0.00,      0.00,      0.00,0,1,0,0,1,1
H4,702,2018,854020,      0.00,      0.00,      0.00,      0.00,0,1,0,0,1,1
H4,702,2018,854040,      0.00,      0.00,      0.00,      0.00,0,2,0,0,2,2
H4,702,2018,854060,      0.00,      0.00,      0.00,      0.00,0,1,0,0,1,1
H4,702,2018,854071,      0.00,      0.00,      0.00,      0.00,0,1,0,0,1,1
H4,702,2018,854079,      0.00,      0.00,      0.00,      0.00,0,1,0,0,1,1
H4,702,2018,854081,      0.00,      0.00,      0.00,      0.00,0,1,0,0,1,1
H4,702,2018,854089,      0.00,      0.00,      0.00,      0.00,0,1,0,0,1,1
H4,702,2018,854091,      0.00,      0.00,      0.00,      0.00,0,1,0,0,1,1
H4,702,2018,854099,      0.00,      0.00,      0.00,      0.00,0,2,0,0,2,2
H4,702,2018,854110,      0.00,      0.00,      0.00,      0.00,0,1,0,0,1,1
H4,702,2018,854121,      0.00,      0.00,      0.00,      0.00,0,1,0,0,1,1
H4,702,2018,854129,      0.00,      0.00,      0.00,      0.00,0,1,0,0,1,1
H4,702,2018,854130,      0.00,      0.00,      0.00,      0.00,0,1,0,0,1,1
H4,702,2018,854140,      0.00,      0.00,      0.00,      0.00,0,5,0,0,5,5
H4,702,2018,854150,      0.00,      0.00,      0.00,      0.00,0,1,0,0,1,1
H4,702,2018,854160,      0.00,      0.00,      0.00,      0.00,0,1,0,0,1,1
H4,702,2018,854190,      0.00,      0.00,      0.00,      0.00,0,1,0,0,1,1
H4,702,2018,854231,      0.00,      0.00,      0.00,      0.00,0,1,0,0,1,1
H4,702,2018,854232,      0.00,      0.00,      0.00,      0.00,0,1,0,0,1,1
H4,702,2018,854233,      0.00,      0.00,      0.00,      0.00,0,1,0,0,1,1
H4,702,2018,854239,      0.00,      0.00,      0.00,      0.00,0,1,0,0,1,1
H4,702,2018,854290,      0.00,      0.00,      0.00,      0.00,0,1,0,0,1,1
H4,702,2018,854310,      0.00,      0.00,      0.00,      0.00,0,1,0,0,1,1
H4,702,2018,854320,      0.00,      0.00,      0.00,      0.00,0,1,0,0,1,1
H4,702,2018,854330,      0.00,      0.00,      0.00,      0.00,0,2,0,0,2,2
H4,702,2018,854370,      0.00,      0.00,      0.00,      0.00,0,6,0,0,6,6
H4,702,2018,854390,      0.00,      0.00,      0.00,      0.00,0,6,0,0,6,6
H4,702,2018,854411,      0.00,      0.00,      0.00,      0.00,0,3,0,0,3,3
H4,702,2018,854419,      0.00,      0.00,      0.00,      0.00,0,1,0,0,1,1
H4,702,2018,854420,      0.00,      0.00,      0.00,      0.00,0,8,0,0,8,8
H4,702,2018,854430,      0.00,      0.00,      0.00,      0.00,0,6,0,0,6,6
H4,702,2018,854442,      0.00,      0.00,      0.00,      0.00,0,13,0,0,13,13
H4,702,2018,854449,      0.00,      0.00,      0.00,      0.00,0,12,0,0,12,12
H4,702,2018,854460,      0.00,      0.00,      0.00,      0.00,0,5,0,0,5,5
H4,702,2018,854470,      0.00,      0.00,      0.00,      0.00,0,2,0,0,2,2
H4,702,2018,854511,      0.00,      0.00,      0.00,      0.00,0,1,0,0,1,1
H4,702,2018,854519,      0.00,      0.00,      0.00,      0.00,0,1,0,0,1,1
H4,702,2018,854520,      0.00,      0.00,      0.00,      0.00,0,1,0,0,1,1
H4,702,2018,854590,      0.00,      0.00,      0.00,      0.00,0,1,0,0,1,1
H4,702,2018,854610,      0.00,      0.00,      0.00,      0.00,0,1,0,0,1,1
H4,702,2018,854620,      0.00,      0.00,      0.00,      0.00,0,2,0,0,2,2
H4,702,2018,854690,      0.00,      0.00,      0.00,      0.00,0,1,0,0,1,1
H4,702,2018,854710,      0.00,      0.00,      0.00,      0.00,0,1,0,0,1,1
H4,702,2018,854720,      0.00,      0.00,      0.00,      0.00,0,1,0,0,1,1
H4,702,2018,854790,      0.00,      0.00,      0.00,      0.00,0,2,0,0,2,2
H4,702,2018,854810,      0.00,      0.00,      0.00,      0.00,0,11,0,0,11,11
H4,702,2018,854890,      0.00,      0.00,      0.00,      0.00,0,3,0,0,3,3
H4,702,2018,860110,      0.00,      0.00,      0.00,      0.00,0,1,0,0,1,1
H4,702,2018,860120,      0.00,      0.00,      0.00,      0.00,0,1,0,0,1,1
H4,702,2018,860210,      0.00,      0.00,      0.00,      0.00,0,1,0,0,1,1
H4,702,2018,860290,      0.00,      0.00,      0.00,      0.00,0,1,0,0,1,1
H4,702,2018,860310,      0.00,      0.00,      0.00,      0.00,0,1,0,0,1,1
H4,702,2018,860390,      0.00,      0.00,      0.00,      0.00,0,1,0,0,1,1
H4,702,2018,860400,      0.00,      0.00,      0.00,      0.00,0,1,0,0,1,1
H4,702,2018,860500,      0.00,      0.00,      0.00,      0.00,0,1,0,0,1,1
H4,702,2018,860610,      0.00,      0.00,      0.00,      0.00,0,1,0,0,1,1
H4,702,2018,860630,      0.00,      0.00,      0.00,      0.00,0,1,0,0,1,1
H4,702,2018,860691,      0.00,      0.00,      0.00,      0.00,0,1,0,0,1,1
H4,702,2018,860692,      0.00,      0.00,      0.00,      0.00,0,1,0,0,1,1
H4,702,2018,860699,      0.00,      0.00,      0.00,      0.00,0,1,0,0,1,1
H4,702,2018,860711,      0.00,      0.00,      0.00,      0.00,0,1,0,0,1,1
H4,702,2018,860712,      0.00,      0.00,      0.00,      0.00,0,1,0,0,1,1
H4,702,2018,860719,      0.00,      0.00,      0.00,      0.00,0,1,0,0,1,1
H4,702,2018,860721,      0.00,      0.00,      0.00,      0.00,0,1,0,0,1,1
H4,702,2018,860729,      0.00,      0.00,      0.00,      0.00,0,1,0,0,1,1
H4,702,2018,860730,      0.00,      0.00,      0.00,      0.00,0,1,0,0,1,1
H4,702,2018,860791,      0.00,      0.00,      0.00,      0.00,0,1,0,0,1,1
H4,702,2018,860799,      0.00,      0.00,      0.00,      0.00,0,1,0,0,1,1
H4,702,2018,860800,      0.00,      0.00,      0.00,      0.00,0,2,0,0,2,2
H4,702,2018,860900,      0.00,      0.00,      0.00,      0.00,0,1,0,0,1,1
H4,702,2018,870110,      0.00,      0.00,      0.00,      0.00,0,4,0,0,4,4
H4,702,2018,870120,      0.00,      0.00,      0.00,      0.00,0,2,0,0,2,2
H4,702,2018,870130,      0.00,      0.00,      0.00,      0.00,0,1,0,0,1,1
H4,702,2018,870190,      0.00,      0.00,      0.00,      0.00,0,2,0,0,2,2
H4,702,2018,870210,      0.00,      0.00,      0.00,      0.00,0,10,0,0,10,10
H4,702,2018,870290,      0.00,      0.00,      0.00,      0.00,0,9,0,0,9,9
H4,702,2018,870310,      0.00,      0.00,      0.00,      0.00,0,2,0,0,2,2
H4,702,2018,870321,      0.00,      0.00,      0.00,      0.00,0,10,0,0,10,10
H4,702,2018,870322,      0.00,      0.00,      0.00,      0.00,0,7,0,0,7,7
H4,702,2018,870323,      0.00,      0.00,      0.00,      0.00,0,22,0,0,22,22
H4,702,2018,870324,      0.00,      0.00,      0.00,      0.00,0,14,0,0,14,14
H4,702,2018,870331,      0.00,      0.00,      0.00,      0.00,0,9,0,0,9,9
H4,702,2018,870332,      0.00,      0.00,      0.00,      0.00,0,22,0,0,22,22
H4,702,2018,870333,      0.00,      0.00,      0.00,      0.00,0,18,0,0,18,18
H4,702,2018,870390,      0.00,      0.00,      0.00,      0.00,0,8,0,0,8,8
H4,702,2018,870410,      0.00,      0.00,      0.00,      0.00,0,12,0,0,12,12
H4,702,2018,870421,      0.00,      0.00,      0.00,      0.00,0,8,0,0,8,8
H4,702,2018,870422,      0.00,      0.00,      0.00,      0.00,0,17,0,0,17,17
H4,702,2018,870423,      0.00,      0.00,      0.00,      0.00,0,26,0,0,26,26
H4,702,2018,870431,      0.00,      0.00,      0.00,      0.00,0,8,0,0,8,8
H4,702,2018,870432,      0.00,      0.00,      0.00,      0.00,0,43,0,0,43,43
H4,702,2018,870490,      0.00,      0.00,      0.00,      0.00,0,6,0,0,6,6
H4,702,2018,870510,      0.00,      0.00,      0.00,      0.00,0,1,0,0,1,1
H4,702,2018,870520,      0.00,      0.00,      0.00,      0.00,0,1,0,0,1,1
H4,702,2018,870530,      0.00,      0.00,      0.00,      0.00,0,1,0,0,1,1
H4,702,2018,870540,      0.00,      0.00,      0.00,      0.00,0,1,0,0,1,1
H4,702,2018,870590,      0.00,      0.00,      0.00,      0.00,0,2,0,0,2,2
H4,702,2018,870600,      0.00,      0.00,      0.00,      0.00,0,10,0,0,10,10
H4,702,2018,870710,      0.00,      0.00,      0.00,      0.00,0,3,0,0,3,3
H4,702,2018,870790,      0.00,      0.00,      0.00,      0.00,0,5,0,0,5,5
H4,702,2018,870810,      0.00,      0.00,      0.00,      0.00,0,2,0,0,2,2
H4,702,2018,870821,      0.00,      0.00,      0.00,      0.00,0,1,0,0,1,1
H4,702,2018,870829,      0.00,      0.00,      0.00,      0.00,0,13,0,0,13,13
H4,702,2018,870830,      0.00,      0.00,      0.00,      0.00,0,5,0,0,5,5
H4,702,2018,870840,      0.00,      0.00,      0.00,      0.00,0,11,0,0,11,11
H4,702,2018,870850,      0.00,      0.00,      0.00,      0.00,0,12,0,0,12,12
H4,702,2018,870870,      0.00,      0.00,      0.00,      0.00,0,14,0,0,14,14
H4,702,2018,870880,      0.00,      0.00,      0.00,      0.00,0,7,0,0,7,7
H4,702,2018,870891,      0.00,      0.00,      0.00,      0.00,0,7,0,0,7,7
H4,702,2018,870892,      0.00,      0.00,      0.00,      0.00,0,4,0,0,4,4
H4,702,2018,870893,      0.00,      0.00,      0.00,      0.00,0,4,0,0,4,4
H4,702,2018,870894,      0.00,      0.00,      0.00,      0.00,0,4,0,0,4,4
H4,702,2018,870895,      0.00,      0.00,      0.00,      0.00,0,2,0,0,2,2
H4,702,2018,870899,      0.00,      0.00,      0.00,      0.00,0,11,0,0,11,11
H4,702,2018,870911,      0.00,      0.00,      0.00,      0.00,0,1,0,0,1,1
H4,702,2018,870919,      0.00,      0.00,      0.00,      0.00,0,1,0,0,1,1
H4,702,2018,870990,      0.00,      0.00,      0.00,      0.00,0,1,0,0,1,1
H4,702,2018,871000,      0.00,      0.00,      0.00,      0.00,0,1,0,0,1,1
H4,702,2018,871110,      0.00,      0.00,      0.00,      0.00,0,6,0,0,6,6
H4,702,2018,871120,      0.00,      0.00,      0.00,      0.00,0,11,0,0,11,11
H4,702,2018,871130,      0.00,      0.00,      0.00,      0.00,0,3,0,0,3,3
H4,702,2018,871140,      0.00,      0.00,      0.00,      0.00,0,3,0,0,3,3
H4,702,2018,871150,      0.00,      0.00,      0.00,      0.00,0,2,0,0,2,2
H4,702,2018,871190,      0.00,      0.00,      0.00,      0.00,0,7,0,0,7,7
H4,702,2018,871200,      0.00,      0.00,      0.00,      0.00,0,4,0,0,4,4
H4,702,2018,871310,      0.00,      0.00,      0.00,      0.00,0,1,0,0,1,1
H4,702,2018,871390,      0.00,      0.00,      0.00,      0.00,0,1,0,0,1,1
H4,702,2018,871410,      0.00,      0.00,      0.00,      0.00,0,3,0,0,3,3
H4,702,2018,871420,      0.00,      0.00,      0.00,      0.00,0,4,0,0,4,4
H4,702,2018,871491,      0.00,      0.00,      0.00,      0.00,0,3,0,0,3,3
H4,702,2018,871492,      0.00,      0.00,      0.00,      0.00,0,2,0,0,2,2
H4,702,2018,871493,      0.00,      0.00,      0.00,      0.00,0,2,0,0,2,2
H4,702,2018,871494,      0.00,      0.00,      0.00,      0.00,0,2,0,0,2,2
H4,702,2018,871495,      0.00,      0.00,      0.00,      0.00,0,2,0,0,2,2
H4,702,2018,871496,      0.00,      0.00,      0.00,      0.00,0,2,0,0,2,2
H4,702,2018,871499,      0.00,      0.00,      0.00,      0.00,0,4,0,0,4,4
H4,702,2018,871500,      0.00,      0.00,      0.00,      0.00,0,1,0,0,1,1
H4,702,2018,871610,      0.00,      0.00,      0.00,      0.00,0,1,0,0,1,1
H4,702,2018,871620,      0.00,      0.00,      0.00,      0.00,0,1,0,0,1,1
H4,702,2018,871631,      0.00,      0.00,      0.00,      0.00,0,1,0,0,1,1
H4,702,2018,871639,      0.00,      0.00,      0.00,      0.00,0,3,0,0,3,3
H4,702,2018,871640,      0.00,      0.00,      0.00,      0.00,0,1,0,0,1,1
H4,702,2018,871680,      0.00,      0.00,      0.00,      0.00,0,3,0,0,3,3
H4,702,2018,871690,      0.00,      0.00,      0.00,      0.00,0,8,0,0,8,8
H4,702,2018,880100,      0.00,      0.00,      0.00,      0.00,0,1,0,0,1,1
H4,702,2018,880211,      0.00,      0.00,      0.00,      0.00,0,1,0,0,1,1
H4,702,2018,880212,      0.00,      0.00,      0.00,      0.00,0,1,0,0,1,1
H4,702,2018,880220,      0.00,      0.00,      0.00,      0.00,0,2,0,0,2,2
H4,702,2018,880230,      0.00,      0.00,      0.00,      0.00,0,2,0,0,2,2
H4,702,2018,880240,      0.00,      0.00,      0.00,      0.00,0,2,0,0,2,2
H4,702,2018,880260,      0.00,      0.00,      0.00,      0.00,0,1,0,0,1,1
H4,702,2018,880310,      0.00,      0.00,      0.00,      0.00,0,1,0,0,1,1
H4,702,2018,880320,      0.00,      0.00,      0.00,      0.00,0,1,0,0,1,1
H4,702,2018,880330,      0.00,      0.00,      0.00,      0.00,0,1,0,0,1,1
H4,702,2018,880390,      0.00,      0.00,      0.00,      0.00,0,3,0,0,3,3
H4,702,2018,880400,      0.00,      0.00,      0.00,      0.00,0,2,0,0,2,2
H4,702,2018,880510,      0.00,      0.00,      0.00,      0.00,0,1,0,0,1,1
H4,702,2018,880521,      0.00,      0.00,      0.00,      0.00,0,1,0,0,1,1
H4,702,2018,880529,      0.00,      0.00,      0.00,      0.00,0,2,0,0,2,2
H4,702,2018,890110,      0.00,      0.00,      0.00,      0.00,0,6,0,0,6,6
H4,702,2018,890120,      0.00,      0.00,      0.00,      0.00,0,3,0,0,3,3
H4,702,2018,890130,      0.00,      0.00,      0.00,      0.00,0,3,0,0,3,3
H4,702,2018,890190,      0.00,      0.00,      0.00,      0.00,0,10,0,0,10,10
H4,702,2018,890200,      0.00,      0.00,      0.00,      0.00,0,12,0,0,12,12
H4,702,2018,890310,      0.00,      0.00,      0.00,      0.00,0,1,0,0,1,1
H4,702,2018,890391,      0.00,      0.00,      0.00,      0.00,0,1,0,0,1,1
H4,702,2018,890392,      0.00,      0.00,      0.00,      0.00,0,1,0,0,1,1
H4,702,2018,890399,      0.00,      0.00,      0.00,      0.00,0,1,0,0,1,1
H4,702,2018,890400,      0.00,      0.00,      0.00,      0.00,0,3,0,0,3,3
H4,702,2018,890510,      0.00,      0.00,      0.00,      0.00,0,1,0,0,1,1
H4,702,2018,890520,      0.00,      0.00,      0.00,      0.00,0,1,0,0,1,1
H4,702,2018,890590,      0.00,      0.00,      0.00,      0.00,0,2,0,0,2,2
H4,702,2018,890610,      0.00,      0.00,      0.00,      0.00,0,1,0,0,1,1
H4,702,2018,890690,      0.00,      0.00,      0.00,      0.00,0,3,0,0,3,3
H4,702,2018,890710,      0.00,      0.00,      0.00,      0.00,0,1,0,0,1,1
H4,702,2018,890790,      0.00,      0.00,      0.00,      0.00,0,2,0,0,2,2
H4,702,2018,890800,      0.00,      0.00,      0.00,      0.00,0,1,0,0,1,1
H4,702,2018,900110,      0.00,      0.00,      0.00,      0.00,0,2,0,0,2,2
H4,702,2018,900120,      0.00,      0.00,      0.00,      0.00,0,1,0,0,1,1
H4,702,2018,900130,      0.00,      0.00,      0.00,      0.00,0,1,0,0,1,1
H4,702,2018,900140,      0.00,      0.00,      0.00,      0.00,0,1,0,0,1,1
H4,702,2018,900150,      0.00,      0.00,      0.00,      0.00,0,1,0,0,1,1
H4,702,2018,900190,      0.00,      0.00,      0.00,      0.00,0,2,0,0,2,2
H4,702,2018,900211,      0.00,      0.00,      0.00,      0.00,0,2,0,0,2,2
H4,702,2018,900219,      0.00,      0.00,      0.00,      0.00,0,1,0,0,1,1
H4,702,2018,900220,      0.00,      0.00,      0.00,      0.00,0,4,0,0,4,4
H4,702,2018,900290,      0.00,      0.00,      0.00,      0.00,0,3,0,0,3,3
H4,702,2018,900311,      0.00,      0.00,      0.00,      0.00,0,1,0,0,1,1
H4,702,2018,900319,      0.00,      0.00,      0.00,      0.00,0,1,0,0,1,1
H4,702,2018,900390,      0.00,      0.00,      0.00,      0.00,0,1,0,0,1,1
H4,702,2018,900410,      0.00,      0.00,      0.00,      0.00,0,1,0,0,1,1
H4,702,2018,900490,      0.00,      0.00,      0.00,      0.00,0,3,0,0,3,3
H4,702,2018,900510,      0.00,      0.00,      0.00,      0.00,0,1,0,0,1,1
H4,702,2018,900580,      0.00,      0.00,      0.00,      0.00,0,2,0,0,2,2
H4,702,2018,900590,      0.00,      0.00,      0.00,      0.00,0,2,0,0,2,2
H4,702,2018,900610,      0.00,      0.00,      0.00,      0.00,0,2,0,0,2,2
H4,702,2018,900630,      0.00,      0.00,      0.00,      0.00,0,1,0,0,1,1
H4,702,2018,900640,      0.00,      0.00,      0.00,      0.00,0,1,0,0,1,1
H4,702,2018,900651,      0.00,      0.00,      0.00,      0.00,0,1,0,0,1,1
H4,702,2018,900652,      0.00,      0.00,      0.00,      0.00,0,1,0,0,1,1
H4,702,2018,900653,      0.00,      0.00,      0.00,      0.00,0,1,0,0,1,1
H4,702,2018,900659,      0.00,      0.00,      0.00,      0.00,0,2,0,0,2,2
H4,702,2018,900661,      0.00,      0.00,      0.00,      0.00,0,1,0,0,1,1
H4,702,2018,900669,      0.00,      0.00,      0.00,      0.00,0,1,0,0,1,1
H4,702,2018,900691,      0.00,      0.00,      0.00,      0.00,0,3,0,0,3,3
H4,702,2018,900699,      0.00,      0.00,      0.00,      0.00,0,2,0,0,2,2
H4,702,2018,900710,      0.00,      0.00,      0.00,      0.00,0,1,0,0,1,1
H4,702,2018,900720,      0.00,      0.00,      0.00,      0.00,0,2,0,0,2,2
H4,702,2018,900791,      0.00,      0.00,      0.00,      0.00,0,1,0,0,1,1
H4,702,2018,900792,      0.00,      0.00,      0.00,      0.00,0,1,0,0,1,1
H4,702,2018,900850,      0.00,      0.00,      0.00,      0.00,0,2,0,0,2,2
H4,702,2018,900890,      0.00,      0.00,      0.00,      0.00,0,2,0,0,2,2
H4,702,2018,901010,      0.00,      0.00,      0.00,      0.00,0,1,0,0,1,1
H4,702,2018,901050,      0.00,      0.00,      0.00,      0.00,0,2,0,0,2,2
H4,702,2018,901060,      0.00,      0.00,      0.00,      0.00,0,2,0,0,2,2
H4,702,2018,901090,      0.00,      0.00,      0.00,      0.00,0,3,0,0,3,3
H4,702,2018,901110,      0.00,      0.00,      0.00,      0.00,0,1,0,0,1,1
H4,702,2018,901120,      0.00,      0.00,      0.00,      0.00,0,1,0,0,1,1
H4,702,2018,901180,      0.00,      0.00,      0.00,      0.00,0,1,0,0,1,1
H4,702,2018,901190,      0.00,      0.00,      0.00,      0.00,0,1,0,0,1,1
H4,702,2018,901210,      0.00,      0.00,      0.00,      0.00,0,1,0,0,1,1
H4,702,2018,901290,      0.00,      0.00,      0.00,      0.00,0,1,0,0,1,1
H4,702,2018,901310,      0.00,      0.00,      0.00,      0.00,0,1,0,0,1,1
H4,702,2018,901320,      0.00,      0.00,      0.00,      0.00,0,1,0,0,1,1
H4,702,2018,901380,      0.00,      0.00,      0.00,      0.00,0,3,0,0,3,3
H4,702,2018,901390,      0.00,      0.00,      0.00,      0.00,0,4,0,0,4,4
H4,702,2018,901410,      0.00,      0.00,      0.00,      0.00,0,1,0,0,1,1
H4,702,2018,901420,      0.00,      0.00,      0.00,      0.00,0,1,0,0,1,1
H4,702,2018,901480,      0.00,      0.00,      0.00,      0.00,0,2,0,0,2,2
H4,702,2018,901490,      0.00,      0.00,      0.00,      0.00,0,2,0,0,2,2
H4,702,2018,901510,      0.00,      0.00,      0.00,      0.00,0,2,0,0,2,2
H4,702,2018,901520,      0.00,      0.00,      0.00,      0.00,0,1,0,0,1,1
H4,702,2018,901530,      0.00,      0.00,      0.00,      0.00,0,1,0,0,1,1
H4,702,2018,901540,      0.00,      0.00,      0.00,      0.00,0,1,0,0,1,1
H4,702,2018,901580,      0.00,      0.00,      0.00,      0.00,0,2,0,0,2,2
H4,702,2018,901590,      0.00,      0.00,      0.00,      0.00,0,1,0,0,1,1
H4,702,2018,901600,      0.00,      0.00,      0.00,      0.00,0,1,0,0,1,1
H4,702,2018,901710,      0.00,      0.00,      0.00,      0.00,0,2,0,0,2,2
H4,702,2018,901720,      0.00,      0.00,      0.00,      0.00,0,5,0,0,5,5
H4,702,2018,901730,      0.00,      0.00,      0.00,      0.00,0,1,0,0,1,1
H4,702,2018,901780,      0.00,      0.00,      0.00,      0.00,0,1,0,0,1,1
H4,702,2018,901790,      0.00,      0.00,      0.00,      0.00,0,4,0,0,4,4
H4,702,2018,901811,      0.00,      0.00,      0.00,      0.00,0,1,0,0,1,1
H4,702,2018,901812,      0.00,      0.00,      0.00,      0.00,0,1,0,0,1,1
H4,702,2018,901813,      0.00,      0.00,      0.00,      0.00,0,1,0,0,1,1
H4,702,2018,901814,      0.00,      0.00,      0.00,      0.00,0,1,0,0,1,1
H4,702,2018,901819,      0.00,      0.00,      0.00,      0.00,0,1,0,0,1,1
H4,702,2018,901820,      0.00,      0.00,      0.00,      0.00,0,1,0,0,1,1
H4,702,2018,901831,      0.00,      0.00,      0.00,      0.00,0,2,0,0,2,2
H4,702,2018,901832,      0.00,      0.00,      0.00,      0.00,0,1,0,0,1,1
H4,702,2018,901839,      0.00,      0.00,      0.00,      0.00,0,2,0,0,2,2
H4,702,2018,901841,      0.00,      0.00,      0.00,      0.00,0,1,0,0,1,1
H4,702,2018,901849,      0.00,      0.00,      0.00,      0.00,0,1,0,0,1,1
H4,702,2018,901850,      0.00,      0.00,      0.00,      0.00,0,1,0,0,1,1
H4,702,2018,901890,      0.00,      0.00,      0.00,      0.00,0,3,0,0,3,3
H4,702,2018,901910,      0.00,      0.00,      0.00,      0.00,0,2,0,0,2,2
H4,702,2018,901920,      0.00,      0.00,      0.00,      0.00,0,1,0,0,1,1
H4,702,2018,902000,      0.00,      0.00,      0.00,      0.00,0,1,0,0,1,1
H4,702,2018,902110,      0.00,      0.00,      0.00,      0.00,0,1,0,0,1,1
H4,702,2018,902121,      0.00,      0.00,      0.00,      0.00,0,1,0,0,1,1
H4,702,2018,902129,      0.00,      0.00,      0.00,      0.00,0,1,0,0,1,1
H4,702,2018,902131,      0.00,      0.00,      0.00,      0.00,0,1,0,0,1,1
H4,702,2018,902139,      0.00,      0.00,      0.00,      0.00,0,1,0,0,1,1
H4,702,2018,902140,      0.00,      0.00,      0.00,      0.00,0,1,0,0,1,1
H4,702,2018,902150,      0.00,      0.00,      0.00,      0.00,0,1,0,0,1,1
H4,702,2018,902190,      0.00,      0.00,      0.00,      0.00,0,1,0,0,1,1
H4,702,2018,902212,      0.00,      0.00,      0.00,      0.00,0,1,0,0,1,1
H4,702,2018,902213,      0.00,      0.00,      0.00,      0.00,0,1,0,0,1,1
H4,702,2018,902214,      0.00,      0.00,      0.00,      0.00,0,1,0,0,1,1
H4,702,2018,902219,      0.00,      0.00,      0.00,      0.00,0,2,0,0,2,2
H4,702,2018,902221,      0.00,      0.00,      0.00,      0.00,0,1,0,0,1,1
H4,702,2018,902229,      0.00,      0.00,      0.00,      0.00,0,1,0,0,1,1
H4,702,2018,902230,      0.00,      0.00,      0.00,      0.00,0,1,0,0,1,1
H4,702,2018,902290,      0.00,      0.00,      0.00,      0.00,0,2,0,0,2,2
H4,702,2018,902300,      0.00,      0.00,      0.00,      0.00,0,1,0,0,1,1
H4,702,2018,902410,      0.00,      0.00,      0.00,      0.00,0,2,0,0,2,2
H4,702,2018,902480,      0.00,      0.00,      0.00,      0.00,0,2,0,0,2,2
H4,702,2018,902490,      0.00,      0.00,      0.00,      0.00,0,2,0,0,2,2
H4,702,2018,902511,      0.00,      0.00,      0.00,      0.00,0,1,0,0,1,1
H4,702,2018,902519,      0.00,      0.00,      0.00,      0.00,0,3,0,0,3,3
H4,702,2018,902580,      0.00,      0.00,      0.00,      0.00,0,2,0,0,2,2
H4,702,2018,902590,      0.00,      0.00,      0.00,      0.00,0,2,0,0,2,2
H4,702,2018,902610,      0.00,      0.00,      0.00,      0.00,0,4,0,0,4,4
H4,702,2018,902620,      0.00,      0.00,      0.00,      0.00,0,4,0,0,4,4
H4,702,2018,902680,      0.00,      0.00,      0.00,      0.00,0,2,0,0,2,2
H4,702,2018,902690,      0.00,      0.00,      0.00,      0.00,0,2,0,0,2,2
H4,702,2018,902710,      0.00,      0.00,      0.00,      0.00,0,2,0,0,2,2
H4,702,2018,902720,      0.00,      0.00,      0.00,      0.00,0,2,0,0,2,2
H4,702,2018,902730,      0.00,      0.00,      0.00,      0.00,0,2,0,0,2,2
H4,702,2018,902750,      0.00,      0.00,      0.00,      0.00,0,2,0,0,2,2
H4,702,2018,902780,      0.00,      0.00,      0.00,      0.00,0,3,0,0,3,3
H4,702,2018,902790,      0.00,      0.00,      0.00,      0.00,0,3,0,0,3,3
H4,702,2018,902810,      0.00,      0.00,      0.00,      0.00,0,2,0,0,2,2
H4,702,2018,902820,      0.00,      0.00,      0.00,      0.00,0,2,0,0,2,2
H4,702,2018,902830,      0.00,      0.00,      0.00,      0.00,0,2,0,0,2,2
H4,702,2018,902890,      0.00,      0.00,      0.00,      0.00,0,2,0,0,2,2
H4,702,2018,902910,      0.00,      0.00,      0.00,      0.00,0,2,0,0,2,2
H4,702,2018,902920,      0.00,      0.00,      0.00,      0.00,0,3,0,0,3,3
H4,702,2018,902990,      0.00,      0.00,      0.00,      0.00,0,2,0,0,2,2
H4,702,2018,903010,      0.00,      0.00,      0.00,      0.00,0,1,0,0,1,1
H4,702,2018,903020,      0.00,      0.00,      0.00,      0.00,0,1,0,0,1,1
H4,702,2018,903031,      0.00,      0.00,      0.00,      0.00,0,1,0,0,1,1
H4,702,2018,903032,      0.00,      0.00,      0.00,      0.00,0,1,0,0,1,1
H4,702,2018,903033,      0.00,      0.00,      0.00,      0.00,0,4,0,0,4,4
H4,702,2018,903039,      0.00,      0.00,      0.00,      0.00,0,1,0,0,1,1
H4,702,2018,903040,      0.00,      0.00,      0.00,      0.00,0,1,0,0,1,1
H4,702,2018,903082,      0.00,      0.00,      0.00,      0.00,0,2,0,0,2,2
H4,702,2018,903084,      0.00,      0.00,      0.00,      0.00,0,2,0,0,2,2
H4,702,2018,903089,      0.00,      0.00,      0.00,      0.00,0,2,0,0,2,2
H4,702,2018,903090,      0.00,      0.00,      0.00,      0.00,0,4,0,0,4,4
H4,702,2018,903110,      0.00,      0.00,      0.00,      0.00,0,2,0,0,2,2
H4,702,2018,903120,      0.00,      0.00,      0.00,      0.00,0,2,0,0,2,2
H4,702,2018,903141,      0.00,      0.00,      0.00,      0.00,0,1,0,0,1,1
H4,702,2018,903149,      0.00,      0.00,      0.00,      0.00,0,4,0,0,4,4
H4,702,2018,903180,      0.00,      0.00,      0.00,      0.00,0,2,0,0,2,2
H4,702,2018,903190,      0.00,      0.00,      0.00,      0.00,0,5,0,0,5,5
H4,702,2018,903210,      0.00,      0.00,      0.00,      0.00,0,2,0,0,2,2
H4,702,2018,903220,      0.00,      0.00,      0.00,      0.00,0,2,0,0,2,2
H4,702,2018,903281,      0.00,      0.00,      0.00,      0.00,0,1,0,0,1,1
H4,702,2018,903289,      0.00,      0.00,      0.00,      0.00,0,5,0,0,5,5
H4,702,2018,903290,      0.00,      0.00,      0.00,      0.00,0,4,0,0,4,4
H4,702,2018,903300,      0.00,      0.00,      0.00,      0.00,0,2,0,0,2,2
H4,702,2018,910111,      0.00,      0.00,      0.00,      0.00,0,1,0,0,1,1
H4,702,2018,910119,      0.00,      0.00,      0.00,      0.00,0,1,0,0,1,1
H4,702,2018,910121,      0.00,      0.00,      0.00,      0.00,0,1,0,0,1,1
H4,702,2018,910129,      0.00,      0.00,      0.00,      0.00,0,1,0,0,1,1
H4,702,2018,910191,      0.00,      0.00,      0.00,      0.00,0,1,0,0,1,1
H4,702,2018,910199,      0.00,      0.00,      0.00,      0.00,0,1,0,0,1,1
H4,702,2018,910211,      0.00,      0.00,      0.00,      0.00,0,1,0,0,1,1
H4,702,2018,910212,      0.00,      0.00,      0.00,      0.00,0,1,0,0,1,1
H4,702,2018,910219,      0.00,      0.00,      0.00,      0.00,0,1,0,0,1,1
H4,702,2018,910221,      0.00,      0.00,      0.00,      0.00,0,1,0,0,1,1
H4,702,2018,910229,      0.00,      0.00,      0.00,      0.00,0,1,0,0,1,1
H4,702,2018,910291,      0.00,      0.00,      0.00,      0.00,0,2,0,0,2,2
H4,702,2018,910299,      0.00,      0.00,      0.00,      0.00,0,1,0,0,1,1
H4,702,2018,910310,      0.00,      0.00,      0.00,      0.00,0,1,0,0,1,1
H4,702,2018,910390,      0.00,      0.00,      0.00,      0.00,0,1,0,0,1,1
H4,702,2018,910400,      0.00,      0.00,      0.00,      0.00,0,4,0,0,4,4
H4,702,2018,910511,      0.00,      0.00,      0.00,      0.00,0,1,0,0,1,1
H4,702,2018,910519,      0.00,      0.00,      0.00,      0.00,0,1,0,0,1,1
H4,702,2018,910521,      0.00,      0.00,      0.00,      0.00,0,1,0,0,1,1
H4,702,2018,910529,      0.00,      0.00,      0.00,      0.00,0,1,0,0,1,1
H4,702,2018,910591,      0.00,      0.00,      0.00,      0.00,0,2,0,0,2,2
H4,702,2018,910599,      0.00,      0.00,      0.00,      0.00,0,2,0,0,2,2
H4,702,2018,910610,      0.00,      0.00,      0.00,      0.00,0,1,0,0,1,1
H4,702,2018,910690,      0.00,      0.00,      0.00,      0.00,0,2,0,0,2,2
H4,702,2018,910700,      0.00,      0.00,      0.00,      0.00,0,1,0,0,1,1
H4,702,2018,910811,      0.00,      0.00,      0.00,      0.00,0,1,0,0,1,1
H4,702,2018,910812,      0.00,      0.00,      0.00,      0.00,0,1,0,0,1,1
H4,702,2018,910819,      0.00,      0.00,      0.00,      0.00,0,1,0,0,1,1
H4,702,2018,910820,      0.00,      0.00,      0.00,      0.00,0,1,0,0,1,1
H4,702,2018,910890,      0.00,      0.00,      0.00,      0.00,0,1,0,0,1,1
H4,702,2018,910910,      0.00,      0.00,      0.00,      0.00,0,1,0,0,1,1
H4,702,2018,910990,      0.00,      0.00,      0.00,      0.00,0,1,0,0,1,1
H4,702,2018,911011,      0.00,      0.00,      0.00,      0.00,0,1,0,0,1,1
H4,702,2018,911012,      0.00,      0.00,      0.00,      0.00,0,1,0,0,1,1
H4,702,2018,911019,      0.00,      0.00,      0.00,      0.00,0,1,0,0,1,1
H4,702,2018,911090,      0.00,      0.00,      0.00,      0.00,0,1,0,0,1,1
H4,702,2018,911110,      0.00,      0.00,      0.00,      0.00,0,1,0,0,1,1
H4,702,2018,911120,      0.00,      0.00,      0.00,      0.00,0,1,0,0,1,1
H4,702,2018,911180,      0.00,      0.00,      0.00,      0.00,0,1,0,0,1,1
H4,702,2018,911190,      0.00,      0.00,      0.00,      0.00,0,1,0,0,1,1
H4,702,2018,911220,      0.00,      0.00,      0.00,      0.00,0,1,0,0,1,1
H4,702,2018,911290,      0.00,      0.00,      0.00,      0.00,0,1,0,0,1,1
H4,702,2018,911310,      0.00,      0.00,      0.00,      0.00,0,1,0,0,1,1
H4,702,2018,911320,      0.00,      0.00,      0.00,      0.00,0,1,0,0,1,1
H4,702,2018,911390,      0.00,      0.00,      0.00,      0.00,0,1,0,0,1,1
H4,702,2018,911410,      0.00,      0.00,      0.00,      0.00,0,1,0,0,1,1
H4,702,2018,911430,      0.00,      0.00,      0.00,      0.00,0,1,0,0,1,1
H4,702,2018,911440,      0.00,      0.00,      0.00,      0.00,0,1,0,0,1,1
H4,702,2018,911490,      0.00,      0.00,      0.00,      0.00,0,1,0,0,1,1
H4,702,2018,920110,      0.00,      0.00,      0.00,      0.00,0,1,0,0,1,1
H4,702,2018,920120,      0.00,      0.00,      0.00,      0.00,0,1,0,0,1,1
H4,702,2018,920190,      0.00,      0.00,      0.00,      0.00,0,1,0,0,1,1
H4,702,2018,920210,      0.00,      0.00,      0.00,      0.00,0,1,0,0,1,1
H4,702,2018,920290,      0.00,      0.00,      0.00,      0.00,0,1,0,0,1,1
H4,702,2018,920510,      0.00,      0.00,      0.00,      0.00,0,1,0,0,1,1
H4,702,2018,920590,      0.00,      0.00,      0.00,      0.00,0,2,0,0,2,2
H4,702,2018,920600,      0.00,      0.00,      0.00,      0.00,0,1,0,0,1,1
H4,702,2018,920710,      0.00,      0.00,      0.00,      0.00,0,1,0,0,1,1
H4,702,2018,920790,      0.00,      0.00,      0.00,      0.00,0,1,0,0,1,1
H4,702,2018,920810,      0.00,      0.00,      0.00,      0.00,0,1,0,0,1,1
H4,702,2018,920890,      0.00,      0.00,      0.00,      0.00,0,2,0,0,2,2
H4,702,2018,920930,      0.00,      0.00,      0.00,      0.00,0,1,0,0,1,1
H4,702,2018,920991,      0.00,      0.00,      0.00,      0.00,0,2,0,0,2,2
H4,702,2018,920992,      0.00,      0.00,      0.00,      0.00,0,1,0,0,1,1
H4,702,2018,920994,      0.00,      0.00,      0.00,      0.00,0,1,0,0,1,1
H4,702,2018,920999,      0.00,      0.00,      0.00,      0.00,0,1,0,0,1,1
H4,702,2018,930110,      0.00,      0.00,      0.00,      0.00,0,1,0,0,1,1
H4,702,2018,930120,      0.00,      0.00,      0.00,      0.00,0,1,0,0,1,1
H4,702,2018,930190,      0.00,      0.00,      0.00,      0.00,0,1,0,0,1,1
H4,702,2018,930200,      0.00,      0.00,      0.00,      0.00,0,1,0,0,1,1
H4,702,2018,930310,      0.00,      0.00,      0.00,      0.00,0,1,0,0,1,1
H4,702,2018,930320,      0.00,      0.00,      0.00,      0.00,0,1,0,0,1,1
H4,702,2018,930330,      0.00,      0.00,      0.00,      0.00,0,1,0,0,1,1
H4,702,2018,930390,      0.00,      0.00,      0.00,      0.00,0,1,0,0,1,1
H4,702,2018,930400,      0.00,      0.00,      0.00,      0.00,0,2,0,0,2,2
H4,702,2018,930510,      0.00,      0.00,      0.00,      0.00,0,1,0,0,1,1
H4,702,2018,930520,      0.00,      0.00,      0.00,      0.00,0,1,0,0,1,1
H4,702,2018,930591,      0.00,      0.00,      0.00,      0.00,0,2,0,0,2,2
H4,702,2018,930599,      0.00,      0.00,      0.00,      0.00,0,4,0,0,4,4
H4,702,2018,930621,      0.00,      0.00,      0.00,      0.00,0,1,0,0,1,1
H4,702,2018,930629,      0.00,      0.00,      0.00,      0.00,0,1,0,0,1,1
H4,702,2018,930630,      0.00,      0.00,      0.00,      0.00,0,5,0,0,5,5
H4,702,2018,930690,      0.00,      0.00,      0.00,      0.00,0,1,0,0,1,1
H4,702,2018,930700,      0.00,      0.00,      0.00,      0.00,0,1,0,0,1,1
H4,702,2018,940110,      0.00,      0.00,      0.00,      0.00,0,1,0,0,1,1
H4,702,2018,940120,      0.00,      0.00,      0.00,      0.00,0,2,0,0,2,2
H4,702,2018,940130,      0.00,      0.00,      0.00,      0.00,0,1,0,0,1,1
H4,702,2018,940140,      0.00,      0.00,      0.00,      0.00,0,1,0,0,1,1
H4,702,2018,940151,      0.00,      0.00,      0.00,      0.00,0,1,0,0,1,1
H4,702,2018,940159,      0.00,      0.00,      0.00,      0.00,0,1,0,0,1,1
H4,702,2018,940161,      0.00,      0.00,      0.00,      0.00,0,1,0,0,1,1
H4,702,2018,940169,      0.00,      0.00,      0.00,      0.00,0,1,0,0,1,1
H4,702,2018,940171,      0.00,      0.00,      0.00,      0.00,0,1,0,0,1,1
H4,702,2018,940179,      0.00,      0.00,      0.00,      0.00,0,1,0,0,1,1
H4,702,2018,940180,      0.00,      0.00,      0.00,      0.00,0,1,0,0,1,1
H4,702,2018,940190,      0.00,      0.00,      0.00,      0.00,0,6,0,0,6,6
H4,702,2018,940210,      0.00,      0.00,      0.00,      0.00,0,3,0,0,3,3
H4,702,2018,940290,      0.00,      0.00,      0.00,      0.00,0,2,0,0,2,2
H4,702,2018,940310,      0.00,      0.00,      0.00,      0.00,0,1,0,0,1,1
H4,702,2018,940320,      0.00,      0.00,      0.00,      0.00,0,2,0,0,2,2
H4,702,2018,940330,      0.00,      0.00,      0.00,      0.00,0,1,0,0,1,1
H4,702,2018,940340,      0.00,      0.00,      0.00,      0.00,0,1,0,0,1,1
H4,702,2018,940350,      0.00,      0.00,      0.00,      0.00,0,1,0,0,1,1
H4,702,2018,940360,      0.00,      0.00,      0.00,      0.00,0,2,0,0,2,2
H4,702,2018,940370,      0.00,      0.00,      0.00,      0.00,0,3,0,0,3,3
H4,702,2018,940381,      0.00,      0.00,      0.00,      0.00,0,1,0,0,1,1
H4,702,2018,940389,      0.00,      0.00,      0.00,      0.00,0,2,0,0,2,2
H4,702,2018,940390,      0.00,      0.00,      0.00,      0.00,0,2,0,0,2,2
H4,702,2018,940410,      0.00,      0.00,      0.00,      0.00,0,1,0,0,1,1
H4,702,2018,940421,      0.00,      0.00,      0.00,      0.00,0,1,0,0,1,1
H4,702,2018,940429,      0.00,      0.00,      0.00,      0.00,0,3,0,0,3,3
H4,702,2018,940430,      0.00,      0.00,      0.00,      0.00,0,1,0,0,1,1
H4,702,2018,940490,      0.00,      0.00,      0.00,      0.00,0,2,0,0,2,2
H4,702,2018,940510,      0.00,      0.00,      0.00,      0.00,0,4,0,0,4,4
H4,702,2018,940520,      0.00,      0.00,      0.00,      0.00,0,2,0,0,2,2
H4,702,2018,940530,      0.00,      0.00,      0.00,      0.00,0,1,0,0,1,1
H4,702,2018,940540,      0.00,      0.00,      0.00,      0.00,0,8,0,0,8,8
H4,702,2018,940550,      0.00,      0.00,      0.00,      0.00,0,4,0,0,4,4
H4,702,2018,940560,      0.00,      0.00,      0.00,      0.00,0,2,0,0,2,2
H4,702,2018,940591,      0.00,      0.00,      0.00,      0.00,0,5,0,0,5,5
H4,702,2018,940592,      0.00,      0.00,      0.00,      0.00,0,4,0,0,4,4
H4,702,2018,940599,      0.00,      0.00,      0.00,      0.00,0,5,0,0,5,5
H4,702,2018,940600,      0.00,      0.00,      0.00,      0.00,0,7,0,0,7,7
H4,702,2018,950300,      0.00,      0.00,      0.00,      0.00,0,13,0,0,13,13
H4,702,2018,950420,      0.00,      0.00,      0.00,      0.00,0,3,0,0,3,3
H4,702,2018,950430,      0.00,      0.00,      0.00,      0.00,0,3,0,0,3,3
H4,702,2018,950440,      0.00,      0.00,      0.00,      0.00,0,1,0,0,1,1
H4,702,2018,950450,      0.00,      0.00,      0.00,      0.00,0,1,0,0,1,1
H4,702,2018,950490,      0.00,      0.00,      0.00,      0.00,0,8,0,0,8,8
H4,702,2018,950510,      0.00,      0.00,      0.00,      0.00,0,1,0,0,1,1
H4,702,2018,950590,      0.00,      0.00,      0.00,      0.00,0,1,0,0,1,1
H4,702,2018,950611,      0.00,      0.00,      0.00,      0.00,0,1,0,0,1,1
H4,702,2018,950612,      0.00,      0.00,      0.00,      0.00,0,1,0,0,1,1
H4,702,2018,950619,      0.00,      0.00,      0.00,      0.00,0,1,0,0,1,1
H4,702,2018,950621,      0.00,      0.00,      0.00,      0.00,0,1,0,0,1,1
H4,702,2018,950629,      0.00,      0.00,      0.00,      0.00,0,1,0,0,1,1
H4,702,2018,950631,      0.00,      0.00,      0.00,      0.00,0,1,0,0,1,1
H4,702,2018,950632,      0.00,      0.00,      0.00,      0.00,0,1,0,0,1,1
H4,702,2018,950639,      0.00,      0.00,      0.00,      0.00,0,1,0,0,1,1
H4,702,2018,950640,      0.00,      0.00,      0.00,      0.00,0,2,0,0,2,2
H4,702,2018,950651,      0.00,      0.00,      0.00,      0.00,0,1,0,0,1,1
H4,702,2018,950659,      0.00,      0.00,      0.00,      0.00,0,1,0,0,1,1
H4,702,2018,950661,      0.00,      0.00,      0.00,      0.00,0,1,0,0,1,1
H4,702,2018,950662,      0.00,      0.00,      0.00,      0.00,0,1,0,0,1,1
H4,702,2018,950669,      0.00,      0.00,      0.00,      0.00,0,1,0,0,1,1
H4,702,2018,950670,      0.00,      0.00,      0.00,      0.00,0,1,0,0,1,1
H4,702,2018,950691,      0.00,      0.00,      0.00,      0.00,0,1,0,0,1,1
H4,702,2018,950699,      0.00,      0.00,      0.00,      0.00,0,1,0,0,1,1
H4,702,2018,950710,      0.00,      0.00,      0.00,      0.00,0,1,0,0,1,1
H4,702,2018,950720,      0.00,      0.00,      0.00,      0.00,0,1,0,0,1,1
H4,702,2018,950730,      0.00,      0.00,      0.00,      0.00,0,1,0,0,1,1
H4,702,2018,950790,      0.00,      0.00,      0.00,      0.00,0,1,0,0,1,1
H4,702,2018,950810,      0.00,      0.00,      0.00,      0.00,0,1,0,0,1,1
H4,702,2018,950890,      0.00,      0.00,      0.00,      0.00,0,1,0,0,1,1
H4,702,2018,960110,      0.00,      0.00,      0.00,      0.00,0,1,0,0,1,1
H4,702,2018,960190,      0.00,      0.00,      0.00,      0.00,0,3,0,0,3,3
H4,702,2018,960200,      0.00,      0.00,      0.00,      0.00,0,3,0,0,3,3
H4,702,2018,960310,      0.00,      0.00,      0.00,      0.00,0,2,0,0,2,2
H4,702,2018,960321,      0.00,      0.00,      0.00,      0.00,0,1,0,0,1,1
H4,702,2018,960329,      0.00,      0.00,      0.00,      0.00,0,1,0,0,1,1
H4,702,2018,960330,      0.00,      0.00,      0.00,      0.00,0,1,0,0,1,1
H4,702,2018,960340,      0.00,      0.00,      0.00,      0.00,0,1,0,0,1,1
H4,702,2018,960350,      0.00,      0.00,      0.00,      0.00,0,1,0,0,1,1
H4,702,2018,960390,      0.00,      0.00,      0.00,      0.00,0,4,0,0,4,4
H4,702,2018,960400,      0.00,      0.00,      0.00,      0.00,0,2,0,0,2,2
H4,702,2018,960500,      0.00,      0.00,      0.00,      0.00,0,1,0,0,1,1
H4,702,2018,960610,      0.00,      0.00,      0.00,      0.00,0,2,0,0,2,2
H4,702,2018,960621,      0.00,      0.00,      0.00,      0.00,0,1,0,0,1,1
H4,702,2018,960622,      0.00,      0.00,      0.00,      0.00,0,1,0,0,1,1
H4,702,2018,960629,      0.00,      0.00,      0.00,      0.00,0,1,0,0,1,1
H4,702,2018,960630,      0.00,      0.00,      0.00,      0.00,0,2,0,0,2,2
H4,702,2018,960711,      0.00,      0.00,      0.00,      0.00,0,1,0,0,1,1
H4,702,2018,960719,      0.00,      0.00,      0.00,      0.00,0,1,0,0,1,1
H4,702,2018,960720,      0.00,      0.00,      0.00,      0.00,0,1,0,0,1,1
H4,702,2018,960810,      0.00,      0.00,      0.00,      0.00,0,2,0,0,2,2
H4,702,2018,960820,      0.00,      0.00,      0.00,      0.00,0,1,0,0,1,1
H4,702,2018,960830,      0.00,      0.00,      0.00,      0.00,0,2,0,0,2,2
H4,702,2018,960840,      0.00,      0.00,      0.00,      0.00,0,1,0,0,1,1
H4,702,2018,960850,      0.00,      0.00,      0.00,      0.00,0,1,0,0,1,1
H4,702,2018,960860,      0.00,      0.00,      0.00,      0.00,0,2,0,0,2,2
H4,702,2018,960891,      0.00,      0.00,      0.00,      0.00,0,2,0,0,2,2
H4,702,2018,960899,      0.00,      0.00,      0.00,      0.00,0,3,0,0,3,3
H4,702,2018,960910,      0.00,      0.00,      0.00,      0.00,0,2,0,0,2,2
H4,702,2018,960920,      0.00,      0.00,      0.00,      0.00,0,1,0,0,1,1
H4,702,2018,960990,      0.00,      0.00,      0.00,      0.00,0,4,0,0,4,4
H4,702,2018,961000,      0.00,      0.00,      0.00,      0.00,0,2,0,0,2,2
H4,702,2018,961100,      0.00,      0.00,      0.00,      0.00,0,1,0,0,1,1
H4,702,2018,961210,      0.00,      0.00,      0.00,      0.00,0,2,0,0,2,2
H4,702,2018,961220,      0.00,      0.00,      0.00,      0.00,0,1,0,0,1,1
H4,702,2018,961310,      0.00,      0.00,      0.00,      0.00,0,2,0,0,2,2
H4,702,2018,961320,      0.00,      0.00,      0.00,      0.00,0,2,0,0,2,2
H4,702,2018,961380,      0.00,      0.00,      0.00,      0.00,0,4,0,0,4,4
H4,702,2018,961390,      0.00,      0.00,      0.00,      0.00,0,2,0,0,2,2
H4,702,2018,961400,      0.00,      0.00,      0.00,      0.00,0,2,0,0,2,2
H4,702,2018,961511,      0.00,      0.00,      0.00,      0.00,0,2,0,0,2,2
H4,702,2018,961519,      0.00,      0.00,      0.00,      0.00,0,1,0,0,1,1
H4,702,2018,961590,      0.00,      0.00,      0.00,      0.00,0,12,0,0,12,12
H4,702,2018,961610,      0.00,      0.00,      0.00,      0.00,0,2,0,0,2,2
H4,702,2018,961620,      0.00,      0.00,      0.00,      0.00,0,1,0,0,1,1
H4,702,2018,961700,      0.00,      0.00,      0.00,      0.00,0,2,0,0,2,2
H4,702,2018,961800,      0.00,      0.00,      0.00,      0.00,0,1,0,0,1,1
H4,702,2018,961900,      0.00,      0.00,      0.00,      0.00,0,4,0,0,4,4
H4,702,2018,970110,      0.00,      0.00,      0.00,      0.00,0,1,0,0,1,1
H4,702,2018,970190,      0.00,      0.00,      0.00,      0.00,0,1,0,0,1,1
H4,702,2018,970200,      0.00,      0.00,      0.00,      0.00,0,1,0,0,1,1
H4,702,2018,970300,      0.00,      0.00,      0.00,      0.00,0,6,0,0,6,6
H4,702,2018,970400,      0.00,      0.00,      0.00,      0.00,0,1,0,0,1,1
H4,702,2018,970500,      0.00,      0.00,      0.00,      0.00,0,1,0,0,1,1
H4,702,2018,970600,      0.00,      0.00,      0.00,      0.00,0,1,0,0,1,1
