NomenCode,Reporter_ISO_N,Year,ProductCode,Sum_Of_Rates,Min_Rate,Max_Rate,SimpleAverage,Nbr_NA_Lines,Nbr_Free_Lines,Nbr_AVE_Lines,Nbr_Dutiable_Lines,TotalNoOfValidLines,TotalNoOfLines
H4,704,2017,010121,      0.00,      0.00,      0.00,      0.00,0,1,0,0,1,1
H4,704,2017,010129,      5.00,      5.00,      5.00,      5.00,0,0,0,1,1,1
H4,704,2017,010130,      5.00,      0.00,      5.00,      2.50,0,1,0,1,2,2
H4,704,2017,010190,      5.00,      5.00,      5.00,      5.00,0,0,0,1,1,1
H4,704,2017,010221,      0.00,      0.00,      0.00,      0.00,0,1,0,0,1,1
H4,704,2017,010229,     10.00,      5.00,      5.00,      5.00,0,0,0,2,2,2
H4,704,2017,010231,      0.00,      0.00,      0.00,      0.00,0,1,0,0,1,1
H4,704,2017,010239,      5.00,      5.00,      5.00,      5.00,0,0,0,1,1,1
H4,704,2017,010290,      5.00,      0.00,      5.00,      2.50,0,1,0,1,2,2
H4,704,2017,010310,      0.00,      0.00,      0.00,      0.00,0,1,0,0,1,1
H4,704,2017,010391,      5.00,      5.00,      5.00,      5.00,0,0,0,1,1,1
H4,704,2017,010392,      5.00,      5.00,      5.00,      5.00,0,0,0,1,1,1
H4,704,2017,010410,      5.00,      0.00,      5.00,      2.50,0,1,0,1,2,2
H4,704,2017,010420,      5.00,      0.00,      5.00,      2.50,0,1,0,1,2,2
H4,704,2017,010511,     10.00,      0.00,     10.00,      5.00,0,1,0,1,2,2
H4,704,2017,010512,     10.00,      0.00,     10.00,      5.00,0,1,0,1,2,2
H4,704,2017,010513,     10.00,      0.00,     10.00,      5.00,0,1,0,1,2,2
H4,704,2017,010514,     10.00,      0.00,     10.00,      5.00,0,1,0,1,2,2
H4,704,2017,010515,     10.00,      0.00,     10.00,      5.00,0,1,0,1,2,2
H4,704,2017,010594,     25.00,      0.00,     10.00,      6.25,0,1,0,3,4,4
H4,704,2017,010599,     10.00,      0.00,      5.00,      2.50,0,2,0,2,4,4
H4,704,2017,010611,      5.00,      5.00,      5.00,      5.00,0,0,0,1,1,1
H4,704,2017,010612,      5.00,      5.00,      5.00,      5.00,0,0,0,1,1,1
H4,704,2017,010613,      5.00,      5.00,      5.00,      5.00,0,0,0,1,1,1
H4,704,2017,010614,      5.00,      5.00,      5.00,      5.00,0,0,0,1,1,1
H4,704,2017,010619,      5.00,      5.00,      5.00,      5.00,0,0,0,1,1,1
H4,704,2017,010620,      5.00,      5.00,      5.00,      5.00,0,0,0,1,1,1
H4,704,2017,010631,      5.00,      5.00,      5.00,      5.00,0,0,0,1,1,1
H4,704,2017,010632,      5.00,      5.00,      5.00,      5.00,0,0,0,1,1,1
H4,704,2017,010633,      5.00,      5.00,      5.00,      5.00,0,0,0,1,1,1
H4,704,2017,010639,      5.00,      5.00,      5.00,      5.00,0,0,0,1,1,1
H4,704,2017,010641,      5.00,      5.00,      5.00,      5.00,0,0,0,1,1,1
H4,704,2017,010649,      5.00,      5.00,      5.00,      5.00,0,0,0,1,1,1
H4,704,2017,010690,      5.00,      5.00,      5.00,      5.00,0,0,0,1,1,1
H4,704,2017,020110,     30.00,     30.00,     30.00,     30.00,0,0,0,1,1,1
H4,704,2017,020120,     20.00,     20.00,     20.00,     20.00,0,0,0,1,1,1
H4,704,2017,020130,     14.00,     14.00,     14.00,     14.00,0,0,0,1,1,1
H4,704,2017,020210,     20.00,     20.00,     20.00,     20.00,0,0,0,1,1,1
H4,704,2017,020220,     20.00,     20.00,     20.00,     20.00,0,0,0,1,1,1
H4,704,2017,020230,     14.00,     14.00,     14.00,     14.00,0,0,0,1,1,1
H4,704,2017,020311,     25.00,     25.00,     25.00,     25.00,0,0,0,1,1,1
H4,704,2017,020312,     25.00,     25.00,     25.00,     25.00,0,0,0,1,1,1
H4,704,2017,020319,     25.00,     25.00,     25.00,     25.00,0,0,0,1,1,1
H4,704,2017,020321,     15.00,     15.00,     15.00,     15.00,0,0,0,1,1,1
H4,704,2017,020322,     15.00,     15.00,     15.00,     15.00,0,0,0,1,1,1
H4,704,2017,020329,     15.00,     15.00,     15.00,     15.00,0,0,0,1,1,1
H4,704,2017,020410,      7.00,      7.00,      7.00,      7.00,0,0,0,1,1,1
H4,704,2017,020421,      7.00,      7.00,      7.00,      7.00,0,0,0,1,1,1
H4,704,2017,020422,      7.00,      7.00,      7.00,      7.00,0,0,0,1,1,1
H4,704,2017,020423,      7.00,      7.00,      7.00,      7.00,0,0,0,1,1,1
H4,704,2017,020430,      7.00,      7.00,      7.00,      7.00,0,0,0,1,1,1
H4,704,2017,020441,      7.00,      7.00,      7.00,      7.00,0,0,0,1,1,1
H4,704,2017,020442,      7.00,      7.00,      7.00,      7.00,0,0,0,1,1,1
H4,704,2017,020443,      7.00,      7.00,      7.00,      7.00,0,0,0,1,1,1
H4,704,2017,020450,      7.00,      7.00,      7.00,      7.00,0,0,0,1,1,1
H4,704,2017,020500,     10.00,     10.00,     10.00,     10.00,0,0,0,1,1,1
H4,704,2017,020610,      8.00,      8.00,      8.00,      8.00,0,0,0,1,1,1
H4,704,2017,020621,      8.00,      8.00,      8.00,      8.00,0,0,0,1,1,1
H4,704,2017,020622,      8.00,      8.00,      8.00,      8.00,0,0,0,1,1,1
H4,704,2017,020629,      8.00,      8.00,      8.00,      8.00,0,0,0,1,1,1
H4,704,2017,020630,      8.00,      8.00,      8.00,      8.00,0,0,0,1,1,1
H4,704,2017,020641,      8.00,      8.00,      8.00,      8.00,0,0,0,1,1,1
H4,704,2017,020649,      8.00,      8.00,      8.00,      8.00,0,0,0,1,1,1
H4,704,2017,020680,     10.00,     10.00,     10.00,     10.00,0,0,0,1,1,1
H4,704,2017,020690,     10.00,     10.00,     10.00,     10.00,0,0,0,1,1,1
H4,704,2017,020711,     40.00,     40.00,     40.00,     40.00,0,0,0,1,1,1
H4,704,2017,020712,     40.00,     40.00,     40.00,     40.00,0,0,0,1,1,1
H4,704,2017,020713,     40.00,     40.00,     40.00,     40.00,0,0,0,1,1,1
H4,704,2017,020714,    100.00,     20.00,     20.00,     20.00,0,0,0,5,5,5
H4,704,2017,020724,     40.00,     40.00,     40.00,     40.00,0,0,0,1,1,1
H4,704,2017,020725,     40.00,     40.00,     40.00,     40.00,0,0,0,1,1,1
H4,704,2017,020726,     40.00,     40.00,     40.00,     40.00,0,0,0,1,1,1
H4,704,2017,020727,     60.00,     20.00,     20.00,     20.00,0,0,0,3,3,3
H4,704,2017,020741,     40.00,     40.00,     40.00,     40.00,0,0,0,1,1,1
H4,704,2017,020742,     40.00,     40.00,     40.00,     40.00,0,0,0,1,1,1
H4,704,2017,020743,     15.00,     15.00,     15.00,     15.00,0,0,0,1,1,1
H4,704,2017,020744,     15.00,     15.00,     15.00,     15.00,0,0,0,1,1,1
H4,704,2017,020745,     15.00,     15.00,     15.00,     15.00,0,0,0,1,1,1
H4,704,2017,020751,     40.00,     40.00,     40.00,     40.00,0,0,0,1,1,1
H4,704,2017,020752,     40.00,     40.00,     40.00,     40.00,0,0,0,1,1,1
H4,704,2017,020753,     15.00,     15.00,     15.00,     15.00,0,0,0,1,1,1
H4,704,2017,020754,     15.00,     15.00,     15.00,     15.00,0,0,0,1,1,1
H4,704,2017,020755,     15.00,     15.00,     15.00,     15.00,0,0,0,1,1,1
H4,704,2017,020760,     40.00,     40.00,     40.00,     40.00,0,0,0,1,1,1
H4,704,2017,020810,     10.00,     10.00,     10.00,     10.00,0,0,0,1,1,1
H4,704,2017,020830,     10.00,     10.00,     10.00,     10.00,0,0,0,1,1,1
H4,704,2017,020840,     15.00,      5.00,     10.00,      7.50,0,0,0,2,2,2
H4,704,2017,020850,     10.00,     10.00,     10.00,     10.00,0,0,0,1,1,1
H4,704,2017,020860,      5.00,      5.00,      5.00,      5.00,0,0,0,1,1,1
H4,704,2017,020890,     15.00,      5.00,     10.00,      7.50,0,0,0,2,2,2
H4,704,2017,020910,     10.00,     10.00,     10.00,     10.00,0,0,0,1,1,1
H4,704,2017,020990,     10.00,     10.00,     10.00,     10.00,0,0,0,1,1,1
H4,704,2017,021011,     10.00,     10.00,     10.00,     10.00,0,0,0,1,1,1
H4,704,2017,021012,     10.00,     10.00,     10.00,     10.00,0,0,0,1,1,1
H4,704,2017,021019,     20.00,     10.00,     10.00,     10.00,0,0,0,2,2,2
H4,704,2017,021020,     15.00,     15.00,     15.00,     15.00,0,0,0,1,1,1
H4,704,2017,021091,     20.00,     20.00,     20.00,     20.00,0,0,0,1,1,1
H4,704,2017,021092,     40.00,     20.00,     20.00,     20.00,0,0,0,2,2,2
H4,704,2017,021093,     20.00,     20.00,     20.00,     20.00,0,0,0,1,1,1
H4,704,2017,021099,     60.00,     20.00,     20.00,     20.00,0,0,0,3,3,3
H4,704,2017,030111,    135.00,     15.00,     20.00,     19.29,0,0,0,7,7,7
H4,704,2017,030119,     35.00,     15.00,     20.00,     17.50,0,0,0,2,2,2
H4,704,2017,030191,     20.00,     20.00,     20.00,     20.00,0,0,0,1,1,1
H4,704,2017,030192,     20.00,     20.00,     20.00,     20.00,0,0,0,1,1,1
H4,704,2017,030193,     20.00,      0.00,     20.00,     10.00,0,1,0,1,2,2
H4,704,2017,030194,     20.00,     20.00,     20.00,     20.00,0,0,0,1,1,1
H4,704,2017,030195,     20.00,     20.00,     20.00,     20.00,0,0,0,1,1,1
H4,704,2017,030199,     80.00,      0.00,     20.00,     11.43,0,3,0,4,7,7
H4,704,2017,030211,     10.00,     10.00,     10.00,     10.00,0,0,0,1,1,1
H4,704,2017,030213,     10.00,     10.00,     10.00,     10.00,0,0,0,1,1,1
H4,704,2017,030214,     10.00,     10.00,     10.00,     10.00,0,0,0,1,1,1
H4,704,2017,030219,     20.00,     20.00,     20.00,     20.00,0,0,0,1,1,1
H4,704,2017,030221,     20.00,     20.00,     20.00,     20.00,0,0,0,1,1,1
H4,704,2017,030222,     20.00,     20.00,     20.00,     20.00,0,0,0,1,1,1
H4,704,2017,030223,     20.00,     20.00,     20.00,     20.00,0,0,0,1,1,1
H4,704,2017,030224,     15.00,     15.00,     15.00,     15.00,0,0,0,1,1,1
H4,704,2017,030229,     15.00,     15.00,     15.00,     15.00,0,0,0,1,1,1
H4,704,2017,030231,     15.00,     15.00,     15.00,     15.00,0,0,0,1,1,1
H4,704,2017,030232,     15.00,     15.00,     15.00,     15.00,0,0,0,1,1,1
H4,704,2017,030233,     20.00,     20.00,     20.00,     20.00,0,0,0,1,1,1
H4,704,2017,030234,     15.00,     15.00,     15.00,     15.00,0,0,0,1,1,1
H4,704,2017,030235,     15.00,     15.00,     15.00,     15.00,0,0,0,1,1,1
H4,704,2017,030236,     15.00,     15.00,     15.00,     15.00,0,0,0,1,1,1
H4,704,2017,030239,     15.00,     15.00,     15.00,     15.00,0,0,0,1,1,1
H4,704,2017,030241,     20.00,     20.00,     20.00,     20.00,0,0,0,1,1,1
H4,704,2017,030242,     12.00,     12.00,     12.00,     12.00,0,0,0,1,1,1
H4,704,2017,030243,     20.00,     20.00,     20.00,     20.00,0,0,0,1,1,1
H4,704,2017,030244,     15.00,     15.00,     15.00,     15.00,0,0,0,1,1,1
H4,704,2017,030245,     12.00,     12.00,     12.00,     12.00,0,0,0,1,1,1
H4,704,2017,030246,     12.00,     12.00,     12.00,     12.00,0,0,0,1,1,1
H4,704,2017,030247,     12.00,     12.00,     12.00,     12.00,0,0,0,1,1,1
H4,704,2017,030251,     20.00,     20.00,     20.00,     20.00,0,0,0,1,1,1
H4,704,2017,030252,     20.00,     20.00,     20.00,     20.00,0,0,0,1,1,1
H4,704,2017,030253,     20.00,     20.00,     20.00,     20.00,0,0,0,1,1,1
H4,704,2017,030254,     12.00,     12.00,     12.00,     12.00,0,0,0,1,1,1
H4,704,2017,030255,     12.00,     12.00,     12.00,     12.00,0,0,0,1,1,1
H4,704,2017,030256,     12.00,     12.00,     12.00,     12.00,0,0,0,1,1,1
H4,704,2017,030259,     12.00,     12.00,     12.00,     12.00,0,0,0,1,1,1
H4,704,2017,030271,     20.00,     20.00,     20.00,     20.00,0,0,0,1,1,1
H4,704,2017,030272,     40.00,     20.00,     20.00,     20.00,0,0,0,2,2,2
H4,704,2017,030273,     40.00,     20.00,     20.00,     20.00,0,0,0,2,2,2
H4,704,2017,030274,     20.00,     20.00,     20.00,     20.00,0,0,0,1,1,1
H4,704,2017,030279,     20.00,     20.00,     20.00,     20.00,0,0,0,1,1,1
H4,704,2017,030281,     15.00,     15.00,     15.00,     15.00,0,0,0,1,1,1
H4,704,2017,030282,     12.00,     12.00,     12.00,     12.00,0,0,0,1,1,1
H4,704,2017,030283,     12.00,     12.00,     12.00,     12.00,0,0,0,1,1,1
H4,704,2017,030284,     12.00,     12.00,     12.00,     12.00,0,0,0,1,1,1
H4,704,2017,030285,     12.00,     12.00,     12.00,     12.00,0,0,0,1,1,1
H4,704,2017,030289,    216.00,     12.00,     20.00,     15.43,0,0,0,14,14,14
H4,704,2017,030290,     20.00,     20.00,     20.00,     20.00,0,0,0,1,1,1
H4,704,2017,030311,     15.00,     15.00,     15.00,     15.00,0,0,0,1,1,1
H4,704,2017,030312,     12.00,     12.00,     12.00,     12.00,0,0,0,1,1,1
H4,704,2017,030313,     10.00,     10.00,     10.00,     10.00,0,0,0,1,1,1
H4,704,2017,030314,     10.00,     10.00,     10.00,     10.00,0,0,0,1,1,1
H4,704,2017,030319,     16.00,     16.00,     16.00,     16.00,0,0,0,1,1,1
H4,704,2017,030323,     20.00,     20.00,     20.00,     20.00,0,0,0,1,1,1
H4,704,2017,030324,     20.00,     20.00,     20.00,     20.00,0,0,0,1,1,1
H4,704,2017,030325,     20.00,     20.00,     20.00,     20.00,0,0,0,1,1,1
H4,704,2017,030326,     15.00,     15.00,     15.00,     15.00,0,0,0,1,1,1
H4,704,2017,030329,     20.00,     20.00,     20.00,     20.00,0,0,0,1,1,1
H4,704,2017,030331,     12.00,     12.00,     12.00,     12.00,0,0,0,1,1,1
H4,704,2017,030332,     20.00,     20.00,     20.00,     20.00,0,0,0,1,1,1
H4,704,2017,030333,     20.00,     20.00,     20.00,     20.00,0,0,0,1,1,1
H4,704,2017,030334,     15.00,     15.00,     15.00,     15.00,0,0,0,1,1,1
H4,704,2017,030339,     15.00,     15.00,     15.00,     15.00,0,0,0,1,1,1
H4,704,2017,030341,     12.00,     12.00,     12.00,     12.00,0,0,0,1,1,1
H4,704,2017,030342,     20.00,     20.00,     20.00,     20.00,0,0,0,1,1,1
H4,704,2017,030343,     15.00,     15.00,     15.00,     15.00,0,0,0,1,1,1
H4,704,2017,030344,     20.00,     20.00,     20.00,     20.00,0,0,0,1,1,1
H4,704,2017,030345,     14.00,     14.00,     14.00,     14.00,0,0,0,1,1,1
H4,704,2017,030346,     15.00,     15.00,     15.00,     15.00,0,0,0,1,1,1
H4,704,2017,030349,     15.00,     15.00,     15.00,     15.00,0,0,0,1,1,1
H4,704,2017,030351,     10.00,     10.00,     10.00,     10.00,0,0,0,1,1,1
H4,704,2017,030353,     20.00,     20.00,     20.00,     20.00,0,0,0,1,1,1
H4,704,2017,030354,     13.00,     13.00,     13.00,     13.00,0,0,0,1,1,1
H4,704,2017,030355,     10.00,     10.00,     10.00,     10.00,0,0,0,1,1,1
H4,704,2017,030356,     10.00,     10.00,     10.00,     10.00,0,0,0,1,1,1
H4,704,2017,030357,     10.00,     10.00,     10.00,     10.00,0,0,0,1,1,1
H4,704,2017,030363,     14.00,     14.00,     14.00,     14.00,0,0,0,1,1,1
H4,704,2017,030364,     14.00,     14.00,     14.00,     14.00,0,0,0,1,1,1
H4,704,2017,030365,     14.00,     14.00,     14.00,     14.00,0,0,0,1,1,1
H4,704,2017,030366,     12.00,     12.00,     12.00,     12.00,0,0,0,1,1,1
H4,704,2017,030367,     10.00,     10.00,     10.00,     10.00,0,0,0,1,1,1
H4,704,2017,030368,     10.00,     10.00,     10.00,     10.00,0,0,0,1,1,1
H4,704,2017,030369,     10.00,     10.00,     10.00,     10.00,0,0,0,1,1,1
H4,704,2017,030381,     15.00,     15.00,     15.00,     15.00,0,0,0,1,1,1
H4,704,2017,030382,     10.00,     10.00,     10.00,     10.00,0,0,0,1,1,1
H4,704,2017,030383,     10.00,     10.00,     10.00,     10.00,0,0,0,1,1,1
H4,704,2017,030384,     20.00,     20.00,     20.00,     20.00,0,0,0,1,1,1
H4,704,2017,030389,    200.00,     10.00,     20.00,     14.29,0,0,0,14,14,14
H4,704,2017,030390,     24.00,     12.00,     12.00,     12.00,0,0,0,2,2,2
H4,704,2017,030431,     15.00,     15.00,     15.00,     15.00,0,0,0,1,1,1
H4,704,2017,030432,     15.00,     15.00,     15.00,     15.00,0,0,0,1,1,1
H4,704,2017,030433,     15.00,     15.00,     15.00,     15.00,0,0,0,1,1,1
H4,704,2017,030439,     15.00,     15.00,     15.00,     15.00,0,0,0,1,1,1
H4,704,2017,030441,     15.00,     15.00,     15.00,     15.00,0,0,0,1,1,1
H4,704,2017,030442,     15.00,     15.00,     15.00,     15.00,0,0,0,1,1,1
H4,704,2017,030443,     15.00,     15.00,     15.00,     15.00,0,0,0,1,1,1
H4,704,2017,030444,     15.00,     15.00,     15.00,     15.00,0,0,0,1,1,1
H4,704,2017,030445,     15.00,     15.00,     15.00,     15.00,0,0,0,1,1,1
H4,704,2017,030446,     15.00,     15.00,     15.00,     15.00,0,0,0,1,1,1
H4,704,2017,030449,     15.00,     15.00,     15.00,     15.00,0,0,0,1,1,1
H4,704,2017,030451,     15.00,     15.00,     15.00,     15.00,0,0,0,1,1,1
H4,704,2017,030452,     15.00,     15.00,     15.00,     15.00,0,0,0,1,1,1
H4,704,2017,030453,     15.00,     15.00,     15.00,     15.00,0,0,0,1,1,1
H4,704,2017,030454,     15.00,     15.00,     15.00,     15.00,0,0,0,1,1,1
H4,704,2017,030455,     15.00,     15.00,     15.00,     15.00,0,0,0,1,1,1
H4,704,2017,030459,     15.00,     15.00,     15.00,     15.00,0,0,0,1,1,1
H4,704,2017,030461,     15.00,     15.00,     15.00,     15.00,0,0,0,1,1,1
H4,704,2017,030462,     15.00,     15.00,     15.00,     15.00,0,0,0,1,1,1
H4,704,2017,030463,     15.00,     15.00,     15.00,     15.00,0,0,0,1,1,1
H4,704,2017,030469,     15.00,     15.00,     15.00,     15.00,0,0,0,1,1,1
H4,704,2017,030471,     15.00,     15.00,     15.00,     15.00,0,0,0,1,1,1
H4,704,2017,030472,     15.00,     15.00,     15.00,     15.00,0,0,0,1,1,1
H4,704,2017,030473,     15.00,     15.00,     15.00,     15.00,0,0,0,1,1,1
H4,704,2017,030474,     15.00,     15.00,     15.00,     15.00,0,0,0,1,1,1
H4,704,2017,030475,     15.00,     15.00,     15.00,     15.00,0,0,0,1,1,1
H4,704,2017,030479,     15.00,     15.00,     15.00,     15.00,0,0,0,1,1,1
H4,704,2017,030481,     15.00,     15.00,     15.00,     15.00,0,0,0,1,1,1
H4,704,2017,030482,     15.00,     15.00,     15.00,     15.00,0,0,0,1,1,1
H4,704,2017,030483,     15.00,     15.00,     15.00,     15.00,0,0,0,1,1,1
H4,704,2017,030484,     15.00,     15.00,     15.00,     15.00,0,0,0,1,1,1
H4,704,2017,030485,     15.00,     15.00,     15.00,     15.00,0,0,0,1,1,1
H4,704,2017,030486,     15.00,     15.00,     15.00,     15.00,0,0,0,1,1,1
H4,704,2017,030487,     15.00,     15.00,     15.00,     15.00,0,0,0,1,1,1
H4,704,2017,030489,     15.00,     15.00,     15.00,     15.00,0,0,0,1,1,1
H4,704,2017,030491,     15.00,     15.00,     15.00,     15.00,0,0,0,1,1,1
H4,704,2017,030492,     15.00,     15.00,     15.00,     15.00,0,0,0,1,1,1
H4,704,2017,030493,     15.00,     15.00,     15.00,     15.00,0,0,0,1,1,1
H4,704,2017,030494,     15.00,     15.00,     15.00,     15.00,0,0,0,1,1,1
H4,704,2017,030495,     15.00,     15.00,     15.00,     15.00,0,0,0,1,1,1
H4,704,2017,030499,     15.00,     15.00,     15.00,     15.00,0,0,0,1,1,1
H4,704,2017,030510,     20.00,     20.00,     20.00,     20.00,0,0,0,1,1,1
H4,704,2017,030520,     40.00,     20.00,     20.00,     20.00,0,0,0,2,2,2
H4,704,2017,030531,     20.00,     20.00,     20.00,     20.00,0,0,0,1,1,1
H4,704,2017,030532,     20.00,     20.00,     20.00,     20.00,0,0,0,1,1,1
H4,704,2017,030539,     60.00,     20.00,     20.00,     20.00,0,0,0,3,3,3
H4,704,2017,030541,     15.00,     15.00,     15.00,     15.00,0,0,0,1,1,1
H4,704,2017,030542,     20.00,     20.00,     20.00,     20.00,0,0,0,1,1,1
H4,704,2017,030543,     20.00,     20.00,     20.00,     20.00,0,0,0,1,1,1
H4,704,2017,030544,     20.00,     20.00,     20.00,     20.00,0,0,0,1,1,1
H4,704,2017,030549,     20.00,     20.00,     20.00,     20.00,0,0,0,1,1,1
H4,704,2017,030551,     20.00,     20.00,     20.00,     20.00,0,0,0,1,1,1
H4,704,2017,030559,     40.00,     20.00,     20.00,     20.00,0,0,0,2,2,2
H4,704,2017,030561,     20.00,     20.00,     20.00,     20.00,0,0,0,1,1,1
H4,704,2017,030562,     20.00,     20.00,     20.00,     20.00,0,0,0,1,1,1
H4,704,2017,030563,     20.00,     20.00,     20.00,     20.00,0,0,0,1,1,1
H4,704,2017,030564,     20.00,     20.00,     20.00,     20.00,0,0,0,1,1,1
H4,704,2017,030569,     40.00,     20.00,     20.00,     20.00,0,0,0,2,2,2
H4,704,2017,030571,     20.00,     20.00,     20.00,     20.00,0,0,0,1,1,1
H4,704,2017,030572,     20.00,      5.00,     15.00,     10.00,0,0,0,2,2,2
H4,704,2017,030579,     15.00,     15.00,     15.00,     15.00,0,0,0,1,1,1
H4,704,2017,030611,     15.00,     15.00,     15.00,     15.00,0,0,0,1,1,1
H4,704,2017,030612,     10.00,     10.00,     10.00,     10.00,0,0,0,1,1,1
H4,704,2017,030614,      3.00,      0.00,      3.00,      1.50,0,1,0,1,2,2
H4,704,2017,030615,     10.00,     10.00,     10.00,     10.00,0,0,0,1,1,1
H4,704,2017,030616,      3.00,      3.00,      3.00,      3.00,0,0,0,1,1,1
H4,704,2017,030617,     36.00,      0.00,     12.00,      9.00,0,1,0,3,4,4
H4,704,2017,030619,      0.00,      0.00,      0.00,      0.00,0,1,0,0,1,1
H4,704,2017,030621,     40.00,      0.00,     10.00,      8.00,0,1,0,4,5,5
H4,704,2017,030622,     40.00,      0.00,     10.00,      8.00,0,1,0,4,5,5
H4,704,2017,030624,     20.00,      0.00,     10.00,      5.00,0,2,0,2,4,4
H4,704,2017,030625,     10.00,     10.00,     10.00,     10.00,0,0,0,1,1,1
H4,704,2017,030626,     40.00,      0.00,     10.00,      5.71,0,3,0,4,7,7
H4,704,2017,030627,     80.00,      0.00,     10.00,      6.15,0,5,0,8,13,13
H4,704,2017,030629,     40.00,      0.00,     20.00,      8.00,0,2,0,3,5,5
H4,704,2017,030711,      0.00,      0.00,      0.00,      0.00,0,2,0,0,2,2
H4,704,2017,030719,     38.00,      3.00,     25.00,     12.67,0,0,0,3,3,3
H4,704,2017,030721,      0.00,      0.00,      0.00,      0.00,0,2,0,0,2,2
H4,704,2017,030729,     13.00,      3.00,     10.00,      6.50,0,0,0,2,2,2
H4,704,2017,030731,      0.00,      0.00,      0.00,      0.00,0,2,0,0,2,2
H4,704,2017,030739,     10.00,      0.00,     10.00,      5.00,0,1,0,1,2,2
H4,704,2017,030741,     10.00,      0.00,     10.00,      5.00,0,1,0,1,2,2
H4,704,2017,030749,     45.00,     10.00,     25.00,     15.00,0,0,0,3,3,3
H4,704,2017,030751,     10.00,      0.00,     10.00,      5.00,0,1,0,1,2,2
H4,704,2017,030759,     45.00,     10.00,     25.00,     15.00,0,0,0,3,3,3
H4,704,2017,030760,     10.00,      0.00,     10.00,      3.33,0,2,0,1,3,3
H4,704,2017,030771,      3.00,      0.00,      3.00,      1.50,0,1,0,1,2,2
H4,704,2017,030779,     10.00,      0.00,     10.00,      5.00,0,1,0,1,2,2
H4,704,2017,030781,      0.00,      0.00,      0.00,      0.00,0,2,0,0,2,2
H4,704,2017,030789,     10.00,      0.00,     10.00,      5.00,0,1,0,1,2,2
H4,704,2017,030791,      3.00,      0.00,      3.00,      1.50,0,1,0,1,2,2
H4,704,2017,030799,     25.00,      0.00,     15.00,      8.33,0,1,0,2,3,3
H4,704,2017,030811,      0.00,      0.00,      0.00,      0.00,0,2,0,0,2,2
H4,704,2017,030819,     35.00,      0.00,     25.00,     11.67,0,1,0,2,3,3
H4,704,2017,030821,      0.00,      0.00,      0.00,      0.00,0,2,0,0,2,2
H4,704,2017,030829,     35.00,      0.00,     25.00,     11.67,0,1,0,2,3,3
H4,704,2017,030830,     35.00,      0.00,     25.00,      7.00,0,3,0,2,5,5
H4,704,2017,030890,     35.00,      0.00,     25.00,      5.83,0,4,0,2,6,6
H4,704,2017,040110,     30.00,     15.00,     15.00,     15.00,0,0,0,2,2,2
H4,704,2017,040120,     30.00,     15.00,     15.00,     15.00,0,0,0,2,2,2
H4,704,2017,040140,     45.00,     15.00,     15.00,     15.00,0,0,0,3,3,3
H4,704,2017,040150,     30.00,     15.00,     15.00,     15.00,0,0,0,2,2,2
H4,704,2017,040210,     20.00,      5.00,      5.00,      5.00,0,0,0,4,4,4
H4,704,2017,040221,     10.00,      5.00,      5.00,      5.00,0,0,0,2,2,2
H4,704,2017,040229,     10.00,      5.00,      5.00,      5.00,0,0,0,2,2,2
H4,704,2017,040291,      5.00,      5.00,      5.00,      5.00,0,0,0,1,1,1
H4,704,2017,040299,      5.00,      5.00,      5.00,      5.00,0,0,0,1,1,1
H4,704,2017,040310,     40.00,     20.00,     20.00,     20.00,0,0,0,2,2,2
H4,704,2017,040390,     40.00,     20.00,     20.00,     20.00,0,0,0,2,2,2
H4,704,2017,040410,      0.00,      0.00,      0.00,      0.00,0,1,0,0,1,1
H4,704,2017,040490,      5.00,      5.00,      5.00,      5.00,0,0,0,1,1,1
H4,704,2017,040510,     13.00,     13.00,     13.00,     13.00,0,0,0,1,1,1
H4,704,2017,040520,     15.00,     15.00,     15.00,     15.00,0,0,0,1,1,1
H4,704,2017,040590,     30.00,      5.00,     15.00,      7.50,0,0,0,4,4,4
H4,704,2017,040610,     20.00,     10.00,     10.00,     10.00,0,0,0,2,2,2
H4,704,2017,040620,     20.00,     10.00,     10.00,     10.00,0,0,0,2,2,2
H4,704,2017,040630,     10.00,     10.00,     10.00,     10.00,0,0,0,1,1,1
H4,704,2017,040640,     10.00,     10.00,     10.00,     10.00,0,0,0,1,1,1
H4,704,2017,040690,     10.00,     10.00,     10.00,     10.00,0,0,0,1,1,1
H4,704,2017,040711,      0.00,      0.00,      0.00,      0.00,0,1,0,0,1,1
H4,704,2017,040719,      0.00,      0.00,      0.00,      0.00,0,2,0,0,2,2
H4,704,2017,040721,     80.00,     80.00,     80.00,     80.00,0,0,0,1,1,1
H4,704,2017,040729,    160.00,     80.00,     80.00,     80.00,0,0,0,2,2,2
H4,704,2017,040790,    240.00,     80.00,     80.00,     80.00,0,0,0,3,3,3
H4,704,2017,040811,     20.00,     20.00,     20.00,     20.00,0,0,0,1,1,1
H4,704,2017,040819,     20.00,     20.00,     20.00,     20.00,0,0,0,1,1,1
H4,704,2017,040891,     20.00,     20.00,     20.00,     20.00,0,0,0,1,1,1
H4,704,2017,040899,     20.00,     20.00,     20.00,     20.00,0,0,0,1,1,1
H4,704,2017,040900,     10.00,     10.00,     10.00,     10.00,0,0,0,1,1,1
H4,704,2017,041000,     10.00,      5.00,      5.00,      5.00,0,0,0,2,2,2
H4,704,2017,050100,      5.00,      5.00,      5.00,      5.00,0,0,0,1,1,1
H4,704,2017,050210,      5.00,      5.00,      5.00,      5.00,0,0,0,1,1,1
H4,704,2017,050290,      5.00,      5.00,      5.00,      5.00,0,0,0,1,1,1
H4,704,2017,050400,      3.00,      3.00,      3.00,      3.00,0,0,0,1,1,1
H4,704,2017,050510,     10.00,      5.00,      5.00,      5.00,0,0,0,2,2,2
H4,704,2017,050590,     10.00,      5.00,      5.00,      5.00,0,0,0,2,2,2
H4,704,2017,050610,      0.00,      0.00,      0.00,      0.00,0,1,0,0,1,1
H4,704,2017,050690,      0.00,      0.00,      0.00,      0.00,0,1,0,0,1,1
H4,704,2017,050710,      6.00,      3.00,      3.00,      3.00,0,0,0,2,2,2
H4,704,2017,050790,     11.00,      3.00,      5.00,      3.67,0,0,0,3,3,3
H4,704,2017,050800,     15.00,      5.00,      5.00,      5.00,0,0,0,3,3,3
H4,704,2017,051000,      0.00,      0.00,      0.00,      0.00,0,3,0,0,3,3
H4,704,2017,051110,      0.00,      0.00,      0.00,      0.00,0,1,0,0,1,1
H4,704,2017,051191,      5.00,      5.00,      5.00,      5.00,0,0,0,1,1,1
H4,704,2017,051199,      0.00,      0.00,      0.00,      0.00,0,4,0,0,4,4
H4,704,2017,060110,      0.00,      0.00,      0.00,      0.00,0,1,0,0,1,1
H4,704,2017,060120,      0.00,      0.00,      0.00,      0.00,0,3,0,0,3,3
H4,704,2017,060210,      0.00,      0.00,      0.00,      0.00,0,3,0,0,3,3
H4,704,2017,060220,      0.00,      0.00,      0.00,      0.00,0,1,0,0,1,1
H4,704,2017,060230,      0.00,      0.00,      0.00,      0.00,0,1,0,0,1,1
H4,704,2017,060240,      0.00,      0.00,      0.00,      0.00,0,1,0,0,1,1
H4,704,2017,060290,      0.00,      0.00,      0.00,      0.00,0,7,0,0,7,7
H4,704,2017,060311,     20.00,     20.00,     20.00,     20.00,0,0,0,1,1,1
H4,704,2017,060312,     20.00,     20.00,     20.00,     20.00,0,0,0,1,1,1
H4,704,2017,060313,     20.00,     20.00,     20.00,     20.00,0,0,0,1,1,1
H4,704,2017,060314,     20.00,     20.00,     20.00,     20.00,0,0,0,1,1,1
H4,704,2017,060315,     20.00,     20.00,     20.00,     20.00,0,0,0,1,1,1
H4,704,2017,060319,     20.00,     20.00,     20.00,     20.00,0,0,0,1,1,1
H4,704,2017,060390,     20.00,     20.00,     20.00,     20.00,0,0,0,1,1,1
H4,704,2017,060420,     40.00,     20.00,     20.00,     20.00,0,0,0,2,2,2
H4,704,2017,060490,     40.00,     20.00,     20.00,     20.00,0,0,0,2,2,2
H4,704,2017,070110,      0.00,      0.00,      0.00,      0.00,0,1,0,0,1,1
H4,704,2017,070190,     20.00,     20.00,     20.00,     20.00,0,0,0,1,1,1
H4,704,2017,070200,     20.00,     20.00,     20.00,     20.00,0,0,0,1,1,1
H4,704,2017,070310,     35.00,      0.00,     20.00,      8.75,0,2,0,2,4,4
H4,704,2017,070320,     20.00,      0.00,     20.00,     10.00,0,1,0,1,2,2
H4,704,2017,070390,     20.00,      0.00,     20.00,     10.00,0,1,0,1,2,2
H4,704,2017,070410,     40.00,     20.00,     20.00,     20.00,0,0,0,2,2,2
H4,704,2017,070420,     20.00,     20.00,     20.00,     20.00,0,0,0,1,1,1
H4,704,2017,070490,     60.00,     20.00,     20.00,     20.00,0,0,0,3,3,3
H4,704,2017,070511,     20.00,     20.00,     20.00,     20.00,0,0,0,1,1,1
H4,704,2017,070519,     20.00,     20.00,     20.00,     20.00,0,0,0,1,1,1
H4,704,2017,070521,     20.00,     20.00,     20.00,     20.00,0,0,0,1,1,1
H4,704,2017,070529,     20.00,     20.00,     20.00,     20.00,0,0,0,1,1,1
H4,704,2017,070610,     37.00,     17.00,     20.00,     18.50,0,0,0,2,2,2
H4,704,2017,070690,     20.00,     20.00,     20.00,     20.00,0,0,0,1,1,1
H4,704,2017,070700,     20.00,     20.00,     20.00,     20.00,0,0,0,1,1,1
H4,704,2017,070810,     20.00,     20.00,     20.00,     20.00,0,0,0,1,1,1
H4,704,2017,070820,     60.00,     20.00,     20.00,     20.00,0,0,0,3,3,3
H4,704,2017,070890,     20.00,     20.00,     20.00,     20.00,0,0,0,1,1,1
H4,704,2017,070920,     15.00,     15.00,     15.00,     15.00,0,0,0,1,1,1
H4,704,2017,070930,     15.00,     15.00,     15.00,     15.00,0,0,0,1,1,1
H4,704,2017,070940,     15.00,     15.00,     15.00,     15.00,0,0,0,1,1,1
H4,704,2017,070951,     15.00,     15.00,     15.00,     15.00,0,0,0,1,1,1
H4,704,2017,070959,     35.00,     15.00,     20.00,     17.50,0,0,0,2,2,2
H4,704,2017,070960,     26.00,     13.00,     13.00,     13.00,0,0,0,2,2,2
H4,704,2017,070970,     15.00,     15.00,     15.00,     15.00,0,0,0,1,1,1
H4,704,2017,070991,     15.00,     15.00,     15.00,     15.00,0,0,0,1,1,1
H4,704,2017,070992,     12.00,     12.00,     12.00,     12.00,0,0,0,1,1,1
H4,704,2017,070993,     13.00,     13.00,     13.00,     13.00,0,0,0,1,1,1
H4,704,2017,070999,     13.00,     13.00,     13.00,     13.00,0,0,0,1,1,1
H4,704,2017,071010,     10.00,     10.00,     10.00,     10.00,0,0,0,1,1,1
H4,704,2017,071021,     17.00,     17.00,     17.00,     17.00,0,0,0,1,1,1
H4,704,2017,071022,     17.00,     17.00,     17.00,     17.00,0,0,0,1,1,1
H4,704,2017,071029,     17.00,     17.00,     17.00,     17.00,0,0,0,1,1,1
H4,704,2017,071030,     15.00,     15.00,     15.00,     15.00,0,0,0,1,1,1
H4,704,2017,071040,     17.00,     17.00,     17.00,     17.00,0,0,0,1,1,1
H4,704,2017,071080,     17.00,     17.00,     17.00,     17.00,0,0,0,1,1,1
H4,704,2017,071090,     17.00,     17.00,     17.00,     17.00,0,0,0,1,1,1
H4,704,2017,071120,     30.00,     15.00,     15.00,     15.00,0,0,0,2,2,2
H4,704,2017,071140,     60.00,     30.00,     30.00,     30.00,0,0,0,2,2,2
H4,704,2017,071151,     60.00,     30.00,     30.00,     30.00,0,0,0,2,2,2
H4,704,2017,071159,     60.00,     30.00,     30.00,     30.00,0,0,0,2,2,2
H4,704,2017,071190,    210.00,     15.00,     30.00,     26.25,0,0,0,8,8,8
H4,704,2017,071220,     30.00,     30.00,     30.00,     30.00,0,0,0,1,1,1
H4,704,2017,071231,     30.00,     30.00,     30.00,     30.00,0,0,0,1,1,1
H4,704,2017,071232,     30.00,     30.00,     30.00,     30.00,0,0,0,1,1,1
H4,704,2017,071233,     30.00,     30.00,     30.00,     30.00,0,0,0,1,1,1
H4,704,2017,071239,     90.00,     30.00,     30.00,     30.00,0,0,0,3,3,3
H4,704,2017,071290,     46.00,     23.00,     23.00,     23.00,0,0,0,2,2,2
H4,704,2017,071310,     15.00,      0.00,     15.00,      7.50,0,1,0,1,2,2
H4,704,2017,071320,     15.00,      0.00,     15.00,      7.50,0,1,0,1,2,2
H4,704,2017,071331,     15.00,      0.00,     15.00,      7.50,0,1,0,1,2,2
H4,704,2017,071332,     20.00,      0.00,     20.00,     10.00,0,1,0,1,2,2
H4,704,2017,071333,     15.00,      0.00,     15.00,      7.50,0,1,0,1,2,2
H4,704,2017,071334,     20.00,      0.00,     20.00,     10.00,0,1,0,1,2,2
H4,704,2017,071335,     20.00,      0.00,     20.00,     10.00,0,1,0,1,2,2
H4,704,2017,071339,     20.00,      0.00,     20.00,     10.00,0,1,0,1,2,2
H4,704,2017,071340,     20.00,      0.00,     20.00,     10.00,0,1,0,1,2,2
H4,704,2017,071350,     20.00,      0.00,     20.00,     10.00,0,1,0,1,2,2
H4,704,2017,071360,     20.00,     20.00,     20.00,     20.00,0,0,0,1,1,1
H4,704,2017,071390,     20.00,      0.00,     20.00,     10.00,0,1,0,1,2,2
H4,704,2017,071410,     12.00,      3.00,      3.00,      3.00,0,0,0,4,4,4
H4,704,2017,071420,     20.00,     10.00,     10.00,     10.00,0,0,0,2,2,2
H4,704,2017,071430,     20.00,     10.00,     10.00,     10.00,0,0,0,2,2,2
H4,704,2017,071440,     20.00,     10.00,     10.00,     10.00,0,0,0,2,2,2
H4,704,2017,071450,     20.00,     10.00,     10.00,     10.00,0,0,0,2,2,2
H4,704,2017,071490,     40.00,     10.00,     10.00,     10.00,0,0,0,4,4,4
H4,704,2017,080111,     30.00,     30.00,     30.00,     30.00,0,0,0,1,1,1
H4,704,2017,080112,     30.00,     30.00,     30.00,     30.00,0,0,0,1,1,1
H4,704,2017,080119,     30.00,     30.00,     30.00,     30.00,0,0,0,1,1,1
H4,704,2017,080121,     30.00,     30.00,     30.00,     30.00,0,0,0,1,1,1
H4,704,2017,080122,     30.00,     30.00,     30.00,     30.00,0,0,0,1,1,1
H4,704,2017,080131,      5.00,      5.00,      5.00,      5.00,0,0,0,1,1,1
H4,704,2017,080132,     25.00,     25.00,     25.00,     25.00,0,0,0,1,1,1
H4,704,2017,080211,     15.00,     15.00,     15.00,     15.00,0,0,0,1,1,1
H4,704,2017,080212,     10.00,     10.00,     10.00,     10.00,0,0,0,1,1,1
H4,704,2017,080221,     20.00,     20.00,     20.00,     20.00,0,0,0,1,1,1
H4,704,2017,080222,     20.00,     20.00,     20.00,     20.00,0,0,0,1,1,1
H4,704,2017,080231,     10.00,     10.00,     10.00,     10.00,0,0,0,1,1,1
H4,704,2017,080232,     30.00,     30.00,     30.00,     30.00,0,0,0,1,1,1
H4,704,2017,080241,     30.00,     30.00,     30.00,     30.00,0,0,0,1,1,1
H4,704,2017,080242,     30.00,     30.00,     30.00,     30.00,0,0,0,1,1,1
H4,704,2017,080251,     15.00,     15.00,     15.00,     15.00,0,0,0,1,1,1
H4,704,2017,080252,     15.00,     15.00,     15.00,     15.00,0,0,0,1,1,1
H4,704,2017,080261,     30.00,     30.00,     30.00,     30.00,0,0,0,1,1,1
H4,704,2017,080262,     30.00,     30.00,     30.00,     30.00,0,0,0,1,1,1
H4,704,2017,080270,     30.00,     30.00,     30.00,     30.00,0,0,0,1,1,1
H4,704,2017,080280,     30.00,     30.00,     30.00,     30.00,0,0,0,1,1,1
H4,704,2017,080290,     30.00,     30.00,     30.00,     30.00,0,0,0,1,1,1
H4,704,2017,080310,     25.00,     25.00,     25.00,     25.00,0,0,0,1,1,1
H4,704,2017,080390,     25.00,     25.00,     25.00,     25.00,0,0,0,1,1,1
H4,704,2017,080410,     30.00,     30.00,     30.00,     30.00,0,0,0,1,1,1
H4,704,2017,080420,     30.00,     30.00,     30.00,     30.00,0,0,0,1,1,1
H4,704,2017,080430,     30.00,     30.00,     30.00,     30.00,0,0,0,1,1,1
H4,704,2017,080440,     15.00,     15.00,     15.00,     15.00,0,0,0,1,1,1
H4,704,2017,080450,     75.00,     25.00,     25.00,     25.00,0,0,0,3,3,3
H4,704,2017,080510,     40.00,     20.00,     20.00,     20.00,0,0,0,2,2,2
H4,704,2017,080520,     30.00,     30.00,     30.00,     30.00,0,0,0,1,1,1
H4,704,2017,080540,     40.00,     40.00,     40.00,     40.00,0,0,0,1,1,1
H4,704,2017,080550,     20.00,     20.00,     20.00,     20.00,0,0,0,1,1,1
H4,704,2017,080590,     40.00,     40.00,     40.00,     40.00,0,0,0,1,1,1
H4,704,2017,080610,     10.00,     10.00,     10.00,     10.00,0,0,0,1,1,1
H4,704,2017,080620,     13.00,     13.00,     13.00,     13.00,0,0,0,1,1,1
H4,704,2017,080711,     30.00,     30.00,     30.00,     30.00,0,0,0,1,1,1
H4,704,2017,080719,     30.00,     30.00,     30.00,     30.00,0,0,0,1,1,1
H4,704,2017,080720,     60.00,     30.00,     30.00,     30.00,0,0,0,2,2,2
H4,704,2017,080810,     10.00,     10.00,     10.00,     10.00,0,0,0,1,1,1
H4,704,2017,080830,     10.00,     10.00,     10.00,     10.00,0,0,0,1,1,1
H4,704,2017,080840,     10.00,     10.00,     10.00,     10.00,0,0,0,1,1,1
H4,704,2017,080910,     20.00,     20.00,     20.00,     20.00,0,0,0,1,1,1
H4,704,2017,080921,     10.00,     10.00,     10.00,     10.00,0,0,0,1,1,1
H4,704,2017,080929,     10.00,     10.00,     10.00,     10.00,0,0,0,1,1,1
H4,704,2017,080930,     20.00,     20.00,     20.00,     20.00,0,0,0,1,1,1
H4,704,2017,080940,     40.00,     20.00,     20.00,     20.00,0,0,0,2,2,2
H4,704,2017,081010,     15.00,     15.00,     15.00,     15.00,0,0,0,1,1,1
H4,704,2017,081020,     15.00,     15.00,     15.00,     15.00,0,0,0,1,1,1
H4,704,2017,081030,     15.00,     15.00,     15.00,     15.00,0,0,0,1,1,1
H4,704,2017,081040,     15.00,     15.00,     15.00,     15.00,0,0,0,1,1,1
H4,704,2017,081050,      7.00,      7.00,      7.00,      7.00,0,0,0,1,1,1
H4,704,2017,081060,     30.00,     30.00,     30.00,     30.00,0,0,0,1,1,1
H4,704,2017,081070,     25.00,     25.00,     25.00,     25.00,0,0,0,1,1,1
H4,704,2017,081090,    255.00,     25.00,     30.00,     25.50,0,0,0,10,10,10
H4,704,2017,081110,     30.00,     30.00,     30.00,     30.00,0,0,0,1,1,1
H4,704,2017,081120,     30.00,     30.00,     30.00,     30.00,0,0,0,1,1,1
H4,704,2017,081190,     30.00,     30.00,     30.00,     30.00,0,0,0,1,1,1
H4,704,2017,081210,     30.00,     30.00,     30.00,     30.00,0,0,0,1,1,1
H4,704,2017,081290,     60.00,     30.00,     30.00,     30.00,0,0,0,2,2,2
H4,704,2017,081310,     30.00,     30.00,     30.00,     30.00,0,0,0,1,1,1
H4,704,2017,081320,     30.00,     30.00,     30.00,     30.00,0,0,0,1,1,1
H4,704,2017,081330,     30.00,     30.00,     30.00,     30.00,0,0,0,1,1,1
H4,704,2017,081340,     90.00,     30.00,     30.00,     30.00,0,0,0,3,3,3
H4,704,2017,081350,    150.00,     30.00,     30.00,     30.00,0,0,0,5,5,5
H4,704,2017,081400,     10.00,     10.00,     10.00,     10.00,0,0,0,1,1,1
H4,704,2017,090111,     30.00,     15.00,     15.00,     15.00,0,0,0,2,2,2
H4,704,2017,090112,     40.00,     20.00,     20.00,     20.00,0,0,0,2,2,2
H4,704,2017,090121,     60.00,     30.00,     30.00,     30.00,0,0,0,2,2,2
H4,704,2017,090122,     60.00,     30.00,     30.00,     30.00,0,0,0,2,2,2
H4,704,2017,090190,     60.00,     30.00,     30.00,     30.00,0,0,0,2,2,2
H4,704,2017,090210,     80.00,     40.00,     40.00,     40.00,0,0,0,2,2,2
H4,704,2017,090220,     80.00,     40.00,     40.00,     40.00,0,0,0,2,2,2
H4,704,2017,090230,     80.00,     40.00,     40.00,     40.00,0,0,0,2,2,2
H4,704,2017,090240,     80.00,     40.00,     40.00,     40.00,0,0,0,2,2,2
H4,704,2017,090300,     30.00,     30.00,     30.00,     30.00,0,0,0,1,1,1
H4,704,2017,090411,     60.00,     20.00,     20.00,     20.00,0,0,0,3,3,3
H4,704,2017,090412,     60.00,     20.00,     20.00,     20.00,0,0,0,3,3,3
H4,704,2017,090421,     40.00,     20.00,     20.00,     20.00,0,0,0,2,2,2
H4,704,2017,090422,     40.00,     20.00,     20.00,     20.00,0,0,0,2,2,2
H4,704,2017,090510,     20.00,     20.00,     20.00,     20.00,0,0,0,1,1,1
H4,704,2017,090520,     20.00,     20.00,     20.00,     20.00,0,0,0,1,1,1
H4,704,2017,090611,     20.00,     20.00,     20.00,     20.00,0,0,0,1,1,1
H4,704,2017,090619,     20.00,     20.00,     20.00,     20.00,0,0,0,1,1,1
H4,704,2017,090620,     20.00,     20.00,     20.00,     20.00,0,0,0,1,1,1
H4,704,2017,090710,     20.00,     20.00,     20.00,     20.00,0,0,0,1,1,1
H4,704,2017,090720,     20.00,     20.00,     20.00,     20.00,0,0,0,1,1,1
H4,704,2017,090811,     20.00,     20.00,     20.00,     20.00,0,0,0,1,1,1
H4,704,2017,090812,     20.00,     20.00,     20.00,     20.00,0,0,0,1,1,1
H4,704,2017,090821,     20.00,     20.00,     20.00,     20.00,0,0,0,1,1,1
H4,704,2017,090822,     20.00,     20.00,     20.00,     20.00,0,0,0,1,1,1
H4,704,2017,090831,     20.00,     20.00,     20.00,     20.00,0,0,0,1,1,1
H4,704,2017,090832,     20.00,     20.00,     20.00,     20.00,0,0,0,1,1,1
H4,704,2017,090921,     15.00,     15.00,     15.00,     15.00,0,0,0,1,1,1
H4,704,2017,090922,     15.00,     15.00,     15.00,     15.00,0,0,0,1,1,1
H4,704,2017,090931,     15.00,     15.00,     15.00,     15.00,0,0,0,1,1,1
H4,704,2017,090932,     15.00,     15.00,     15.00,     15.00,0,0,0,1,1,1
H4,704,2017,090961,     60.00,     15.00,     15.00,     15.00,0,0,0,4,4,4
H4,704,2017,090962,     60.00,     15.00,     15.00,     15.00,0,0,0,4,4,4
H4,704,2017,091011,     15.00,     15.00,     15.00,     15.00,0,0,0,1,1,1
H4,704,2017,091012,     15.00,     15.00,     15.00,     15.00,0,0,0,1,1,1
H4,704,2017,091020,     15.00,     15.00,     15.00,     15.00,0,0,0,1,1,1
H4,704,2017,091030,     15.00,     15.00,     15.00,     15.00,0,0,0,1,1,1
H4,704,2017,091091,     30.00,     15.00,     15.00,     15.00,0,0,0,2,2,2
H4,704,2017,091099,     30.00,     15.00,     15.00,     15.00,0,0,0,2,2,2
H4,704,2017,100111,      5.00,      5.00,      5.00,      5.00,0,0,0,1,1,1
H4,704,2017,100119,      5.00,      5.00,      5.00,      5.00,0,0,0,1,1,1
H4,704,2017,100191,      5.00,      5.00,      5.00,      5.00,0,0,0,1,1,1
H4,704,2017,100199,     15.00,      5.00,      5.00,      5.00,0,0,0,3,3,3
H4,704,2017,100210,      0.00,      0.00,      0.00,      0.00,0,1,0,0,1,1
H4,704,2017,100290,      0.00,      0.00,      0.00,      0.00,0,1,0,0,1,1
H4,704,2017,100310,      0.00,      0.00,      0.00,      0.00,0,1,0,0,1,1
H4,704,2017,100390,      0.00,      0.00,      0.00,      0.00,0,1,0,0,1,1
H4,704,2017,100410,      0.00,      0.00,      0.00,      0.00,0,1,0,0,1,1
H4,704,2017,100490,      0.00,      0.00,      0.00,      0.00,0,1,0,0,1,1
H4,704,2017,100510,      0.00,      0.00,      0.00,      0.00,0,1,0,0,1,1
H4,704,2017,100590,     35.00,      5.00,     30.00,     17.50,0,0,0,2,2,2
H4,704,2017,100610,     40.00,      0.00,     40.00,     20.00,0,1,0,1,2,2
H4,704,2017,100620,     80.00,     40.00,     40.00,     40.00,0,0,0,2,2,2
H4,704,2017,100630,    160.00,     40.00,     40.00,     40.00,0,0,0,4,4,4
H4,704,2017,100640,     80.00,     40.00,     40.00,     40.00,0,0,0,2,2,2
H4,704,2017,100710,      5.00,      5.00,      5.00,      5.00,0,0,0,1,1,1
H4,704,2017,100790,      5.00,      5.00,      5.00,      5.00,0,0,0,1,1,1
H4,704,2017,100810,      5.00,      5.00,      5.00,      5.00,0,0,0,1,1,1
H4,704,2017,100821,      0.00,      0.00,      0.00,      0.00,0,1,0,0,1,1
H4,704,2017,100829,      0.00,      0.00,      0.00,      0.00,0,1,0,0,1,1
H4,704,2017,100830,     10.00,     10.00,     10.00,     10.00,0,0,0,1,1,1
H4,704,2017,100840,      5.00,      5.00,      5.00,      5.00,0,0,0,1,1,1
H4,704,2017,100850,      5.00,      5.00,      5.00,      5.00,0,0,0,1,1,1
H4,704,2017,100860,      5.00,      5.00,      5.00,      5.00,0,0,0,1,1,1
H4,704,2017,100890,      5.00,      5.00,      5.00,      5.00,0,0,0,1,1,1
H4,704,2017,110100,     30.00,     15.00,     15.00,     15.00,0,0,0,2,2,2
H4,704,2017,110220,     15.00,     15.00,     15.00,     15.00,0,0,0,1,1,1
H4,704,2017,110290,     45.00,     15.00,     15.00,     15.00,0,0,0,3,3,3
H4,704,2017,110311,     40.00,     20.00,     20.00,     20.00,0,0,0,2,2,2
H4,704,2017,110313,     10.00,     10.00,     10.00,     10.00,0,0,0,1,1,1
H4,704,2017,110319,     60.00,     20.00,     20.00,     20.00,0,0,0,3,3,3
H4,704,2017,110320,     20.00,     20.00,     20.00,     20.00,0,0,0,1,1,1
H4,704,2017,110412,     15.00,     15.00,     15.00,     15.00,0,0,0,1,1,1
H4,704,2017,110419,     10.00,      5.00,      5.00,      5.00,0,0,0,2,2,2
H4,704,2017,110422,     15.00,     15.00,     15.00,     15.00,0,0,0,1,1,1
H4,704,2017,110423,      5.00,      5.00,      5.00,      5.00,0,0,0,1,1,1
H4,704,2017,110429,     20.00,      5.00,     15.00,     10.00,0,0,0,2,2,2
H4,704,2017,110430,     15.00,     15.00,     15.00,     15.00,0,0,0,1,1,1
H4,704,2017,110510,     30.00,     30.00,     30.00,     30.00,0,0,0,1,1,1
H4,704,2017,110520,     30.00,     30.00,     30.00,     30.00,0,0,0,1,1,1
H4,704,2017,110610,     30.00,     30.00,     30.00,     30.00,0,0,0,1,1,1
H4,704,2017,110620,    120.00,     30.00,     30.00,     30.00,0,0,0,4,4,4
H4,704,2017,110630,     30.00,     30.00,     30.00,     30.00,0,0,0,1,1,1
H4,704,2017,110710,      5.00,      5.00,      5.00,      5.00,0,0,0,1,1,1
H4,704,2017,110720,      5.00,      5.00,      5.00,      5.00,0,0,0,1,1,1
H4,704,2017,110811,     15.00,     15.00,     15.00,     15.00,0,0,0,1,1,1
H4,704,2017,110812,     15.00,     15.00,     15.00,     15.00,0,0,0,1,1,1
H4,704,2017,110813,     20.00,     20.00,     20.00,     20.00,0,0,0,1,1,1
H4,704,2017,110814,     20.00,     20.00,     20.00,     20.00,0,0,0,1,1,1
H4,704,2017,110819,     40.00,     20.00,     20.00,     20.00,0,0,0,2,2,2
H4,704,2017,110820,     20.00,     20.00,     20.00,     20.00,0,0,0,1,1,1
H4,704,2017,110900,     10.00,     10.00,     10.00,     10.00,0,0,0,1,1,1
H4,704,2017,120110,      0.00,      0.00,      0.00,      0.00,0,1,0,0,1,1
H4,704,2017,120190,      0.00,      0.00,      0.00,      0.00,0,1,0,0,1,1
H4,704,2017,120230,      0.00,      0.00,      0.00,      0.00,0,1,0,0,1,1
H4,704,2017,120241,     10.00,     10.00,     10.00,     10.00,0,0,0,1,1,1
H4,704,2017,120242,     10.00,     10.00,     10.00,     10.00,0,0,0,1,1,1
H4,704,2017,120300,     10.00,     10.00,     10.00,     10.00,0,0,0,1,1,1
H4,704,2017,120400,     10.00,     10.00,     10.00,     10.00,0,0,0,1,1,1
H4,704,2017,120510,      5.00,      5.00,      5.00,      5.00,0,0,0,1,1,1
H4,704,2017,120590,      5.00,      5.00,      5.00,      5.00,0,0,0,1,1,1
H4,704,2017,120600,     10.00,     10.00,     10.00,     10.00,0,0,0,1,1,1
H4,704,2017,120710,     10.00,      5.00,      5.00,      5.00,0,0,0,2,2,2
H4,704,2017,120721,      5.00,      5.00,      5.00,      5.00,0,0,0,1,1,1
H4,704,2017,120729,      5.00,      5.00,      5.00,      5.00,0,0,0,1,1,1
H4,704,2017,120730,     10.00,     10.00,     10.00,     10.00,0,0,0,1,1,1
H4,704,2017,120740,     10.00,      5.00,      5.00,      5.00,0,0,0,2,2,2
H4,704,2017,120750,      5.00,      5.00,      5.00,      5.00,0,0,0,1,1,1
H4,704,2017,120760,     10.00,     10.00,     10.00,     10.00,0,0,0,1,1,1
H4,704,2017,120770,     10.00,     10.00,     10.00,     10.00,0,0,0,1,1,1
H4,704,2017,120791,     10.00,     10.00,     10.00,     10.00,0,0,0,1,1,1
H4,704,2017,120799,     20.00,     10.00,     10.00,     10.00,0,0,0,2,2,2
H4,704,2017,120810,      8.00,      8.00,      8.00,      8.00,0,0,0,1,1,1
H4,704,2017,120890,     25.00,     25.00,     25.00,     25.00,0,0,0,1,1,1
H4,704,2017,120910,      0.00,      0.00,      0.00,      0.00,0,1,0,0,1,1
H4,704,2017,120921,      0.00,      0.00,      0.00,      0.00,0,1,0,0,1,1
H4,704,2017,120922,      0.00,      0.00,      0.00,      0.00,0,1,0,0,1,1
H4,704,2017,120923,      0.00,      0.00,      0.00,      0.00,0,1,0,0,1,1
H4,704,2017,120924,      0.00,      0.00,      0.00,      0.00,0,1,0,0,1,1
H4,704,2017,120925,      0.00,      0.00,      0.00,      0.00,0,1,0,0,1,1
H4,704,2017,120929,      0.00,      0.00,      0.00,      0.00,0,3,0,0,3,3
H4,704,2017,120930,      0.00,      0.00,      0.00,      0.00,0,1,0,0,1,1
H4,704,2017,120991,      0.00,      0.00,      0.00,      0.00,0,2,0,0,2,2
H4,704,2017,120999,      0.00,      0.00,      0.00,      0.00,0,2,0,0,2,2
H4,704,2017,121010,      5.00,      5.00,      5.00,      5.00,0,0,0,1,1,1
H4,704,2017,121020,      5.00,      5.00,      5.00,      5.00,0,0,0,1,1,1
H4,704,2017,121120,     10.00,      5.00,      5.00,      5.00,0,0,0,2,2,2
H4,704,2017,121130,     10.00,      5.00,      5.00,      5.00,0,0,0,2,2,2
H4,704,2017,121140,      0.00,      0.00,      0.00,      0.00,0,1,0,0,1,1
H4,704,2017,121190,     60.00,      0.00,     10.00,      4.62,0,6,0,7,13,13
H4,704,2017,121221,     30.00,     10.00,     10.00,     10.00,0,0,0,3,3,3
H4,704,2017,121229,     40.00,     10.00,     10.00,     10.00,0,0,0,4,4,4
H4,704,2017,121291,     10.00,     10.00,     10.00,     10.00,0,0,0,1,1,1
H4,704,2017,121292,     10.00,     10.00,     10.00,     10.00,0,0,0,1,1,1
H4,704,2017,121293,     10.00,      0.00,     10.00,      5.00,0,1,0,1,2,2
H4,704,2017,121294,     10.00,     10.00,     10.00,     10.00,0,0,0,1,1,1
H4,704,2017,121299,     10.00,     10.00,     10.00,     10.00,0,0,0,1,1,1
H4,704,2017,121300,     10.00,     10.00,     10.00,     10.00,0,0,0,1,1,1
H4,704,2017,121410,      0.00,      0.00,      0.00,      0.00,0,1,0,0,1,1
H4,704,2017,121490,      0.00,      0.00,      0.00,      0.00,0,1,0,0,1,1
H4,704,2017,130120,      5.00,      5.00,      5.00,      5.00,0,0,0,1,1,1
H4,704,2017,130190,     25.00,      5.00,      5.00,      5.00,0,0,0,5,5,5
H4,704,2017,130211,     10.00,      5.00,      5.00,      5.00,0,0,0,2,2,2
H4,704,2017,130212,      5.00,      5.00,      5.00,      5.00,0,0,0,1,1,1
H4,704,2017,130213,      5.00,      5.00,      5.00,      5.00,0,0,0,1,1,1
H4,704,2017,130219,     25.00,      5.00,      5.00,      5.00,0,0,0,5,5,5
H4,704,2017,130220,      5.00,      5.00,      5.00,      5.00,0,0,0,1,1,1
H4,704,2017,130231,      5.00,      5.00,      5.00,      5.00,0,0,0,1,1,1
H4,704,2017,130232,      5.00,      5.00,      5.00,      5.00,0,0,0,1,1,1
H4,704,2017,130239,     10.00,      5.00,      5.00,      5.00,0,0,0,2,2,2
H4,704,2017,140110,      5.00,      5.00,      5.00,      5.00,0,0,0,1,1,1
H4,704,2017,140120,     35.00,      5.00,      5.00,      5.00,0,0,0,7,7,7
H4,704,2017,140190,      5.00,      5.00,      5.00,      5.00,0,0,0,1,1,1
H4,704,2017,140420,      5.00,      5.00,      5.00,      5.00,0,0,0,1,1,1
H4,704,2017,140490,     15.00,      5.00,      5.00,      5.00,0,0,0,3,3,3
H4,704,2017,150110,     10.00,     10.00,     10.00,     10.00,0,0,0,1,1,1
H4,704,2017,150120,     10.00,     10.00,     10.00,     10.00,0,0,0,1,1,1
H4,704,2017,150190,     10.00,     10.00,     10.00,     10.00,0,0,0,1,1,1
H4,704,2017,150210,     20.00,     10.00,     10.00,     10.00,0,0,0,2,2,2
H4,704,2017,150290,     20.00,     10.00,     10.00,     10.00,0,0,0,2,2,2
H4,704,2017,150300,     30.00,     15.00,     15.00,     15.00,0,0,0,2,2,2
H4,704,2017,150410,     15.00,      5.00,     10.00,      7.50,0,0,0,2,2,2
H4,704,2017,150420,     15.00,      5.00,     10.00,      7.50,0,0,0,2,2,2
H4,704,2017,150430,     10.00,      5.00,      5.00,      5.00,0,0,0,2,2,2
H4,704,2017,150500,     20.00,     10.00,     10.00,     10.00,0,0,0,2,2,2
H4,704,2017,150600,     10.00,     10.00,     10.00,     10.00,0,0,0,1,1,1
H4,704,2017,150710,      5.00,      5.00,      5.00,      5.00,0,0,0,1,1,1
H4,704,2017,150790,     20.00,      5.00,     15.00,     10.00,0,0,0,2,2,2
H4,704,2017,150810,      5.00,      5.00,      5.00,      5.00,0,0,0,1,1,1
H4,704,2017,150890,     30.00,      5.00,     25.00,     15.00,0,0,0,2,2,2
H4,704,2017,150910,     10.00,      5.00,      5.00,      5.00,0,0,0,2,2,2
H4,704,2017,150990,     50.00,      5.00,     20.00,     12.50,0,0,0,4,4,4
H4,704,2017,151000,     35.00,      5.00,     25.00,     11.67,0,0,0,3,3,3
H4,704,2017,151110,      5.00,      5.00,      5.00,      5.00,0,0,0,1,1,1
H4,704,2017,151190,    104.00,      7.00,     30.00,     20.80,0,0,0,5,5,5
H4,704,2017,151211,      5.00,      5.00,      5.00,      5.00,0,0,0,1,1,1
H4,704,2017,151219,     20.00,      5.00,     15.00,     10.00,0,0,0,2,2,2
H4,704,2017,151221,      5.00,      5.00,      5.00,      5.00,0,0,0,1,1,1
H4,704,2017,151229,     30.00,      5.00,     25.00,     15.00,0,0,0,2,2,2
H4,704,2017,151311,      5.00,      5.00,      5.00,      5.00,0,0,0,1,1,1
H4,704,2017,151319,     35.00,      5.00,     30.00,     17.50,0,0,0,2,2,2
H4,704,2017,151321,     14.00,      7.00,      7.00,      7.00,0,0,0,2,2,2
H4,704,2017,151329,    180.00,      5.00,     35.00,     18.00,0,0,0,10,10,10
H4,704,2017,151411,      5.00,      5.00,      5.00,      5.00,0,0,0,1,1,1
H4,704,2017,151419,     10.00,      5.00,      5.00,      5.00,0,0,0,2,2,2
H4,704,2017,151491,     10.00,      5.00,      5.00,      5.00,0,0,0,2,2,2
H4,704,2017,151499,     45.00,      5.00,     20.00,     15.00,0,0,0,3,3,3
H4,704,2017,151511,      5.00,      5.00,      5.00,      5.00,0,0,0,1,1,1
H4,704,2017,151519,     15.00,     15.00,     15.00,     15.00,0,0,0,1,1,1
H4,704,2017,151521,      5.00,      5.00,      5.00,      5.00,0,0,0,1,1,1
H4,704,2017,151529,     60.00,      5.00,     30.00,     15.00,0,0,0,4,4,4
H4,704,2017,151530,     22.00,      7.00,     15.00,     11.00,0,0,0,2,2,2
H4,704,2017,151550,     37.00,      5.00,     25.00,     12.33,0,0,0,3,3,3
H4,704,2017,151590,    130.00,      5.00,     30.00,     10.83,0,0,0,12,12,12
H4,704,2017,151610,     44.00,     22.00,     22.00,     22.00,0,0,0,2,2,2
H4,704,2017,151620,    640.00,     20.00,     30.00,     26.67,0,0,0,24,24,24
H4,704,2017,151710,     25.00,     25.00,     25.00,     25.00,0,0,0,1,1,1
H4,704,2017,151790,    465.00,     25.00,     30.00,     29.06,0,0,0,16,16,16
H4,704,2017,151800,     70.00,      5.00,      5.00,      5.00,0,0,0,14,14,14
H4,704,2017,152000,      8.00,      3.00,      5.00,      4.00,0,0,0,2,2,2
H4,704,2017,152110,      5.00,      5.00,      5.00,      5.00,0,0,0,1,1,1
H4,704,2017,152190,      8.00,      3.00,      5.00,      4.00,0,0,0,2,2,2
H4,704,2017,152200,      6.00,      3.00,      3.00,      3.00,0,0,0,2,2,2
H4,704,2017,160100,     44.00,     22.00,     22.00,     22.00,0,0,0,2,2,2
H4,704,2017,160210,     60.00,     30.00,     30.00,     30.00,0,0,0,2,2,2
H4,704,2017,160220,     30.00,     30.00,     30.00,     30.00,0,0,0,1,1,1
H4,704,2017,160231,     66.00,     22.00,     22.00,     22.00,0,0,0,3,3,3
H4,704,2017,160232,     62.00,     22.00,     40.00,     31.00,0,0,0,2,2,2
H4,704,2017,160239,     22.00,     22.00,     22.00,     22.00,0,0,0,1,1,1
H4,704,2017,160241,     44.00,     22.00,     22.00,     22.00,0,0,0,2,2,2
H4,704,2017,160242,     44.00,     22.00,     22.00,     22.00,0,0,0,2,2,2
H4,704,2017,160249,     88.00,     22.00,     22.00,     22.00,0,0,0,4,4,4
H4,704,2017,160250,     35.00,     35.00,     35.00,     35.00,0,0,0,1,1,1
H4,704,2017,160290,     70.00,     35.00,     35.00,     35.00,0,0,0,2,2,2
H4,704,2017,160300,    120.00,     30.00,     30.00,     30.00,0,0,0,4,4,4
H4,704,2017,160411,     60.00,     30.00,     30.00,     30.00,0,0,0,2,2,2
H4,704,2017,160412,     60.00,     30.00,     30.00,     30.00,0,0,0,2,2,2
H4,704,2017,160413,    120.00,     30.00,     30.00,     30.00,0,0,0,4,4,4
H4,704,2017,160414,     90.00,     30.00,     30.00,     30.00,0,0,0,3,3,3
H4,704,2017,160415,     60.00,     30.00,     30.00,     30.00,0,0,0,2,2,2
H4,704,2017,160416,     70.00,     35.00,     35.00,     35.00,0,0,0,2,2,2
H4,704,2017,160417,     60.00,     30.00,     30.00,     30.00,0,0,0,2,2,2
H4,704,2017,160419,     90.00,     30.00,     30.00,     30.00,0,0,0,3,3,3
H4,704,2017,160420,    190.00,     20.00,     30.00,     27.14,0,0,0,7,7,7
H4,704,2017,160431,     35.00,     35.00,     35.00,     35.00,0,0,0,1,1,1
H4,704,2017,160432,     35.00,     35.00,     35.00,     35.00,0,0,0,1,1,1
H4,704,2017,160510,     70.00,     35.00,     35.00,     35.00,0,0,0,2,2,2
H4,704,2017,160521,     60.00,     30.00,     30.00,     30.00,0,0,0,2,2,2
H4,704,2017,160529,     60.00,     30.00,     30.00,     30.00,0,0,0,2,2,2
H4,704,2017,160530,     35.00,     35.00,     35.00,     35.00,0,0,0,1,1,1
H4,704,2017,160540,     35.00,     35.00,     35.00,     35.00,0,0,0,1,1,1
H4,704,2017,160551,     25.00,     25.00,     25.00,     25.00,0,0,0,1,1,1
H4,704,2017,160552,     25.00,     25.00,     25.00,     25.00,0,0,0,1,1,1
H4,704,2017,160553,     25.00,     25.00,     25.00,     25.00,0,0,0,1,1,1
H4,704,2017,160554,     25.00,     25.00,     25.00,     25.00,0,0,0,1,1,1
H4,704,2017,160555,     25.00,     25.00,     25.00,     25.00,0,0,0,1,1,1
H4,704,2017,160556,     25.00,     25.00,     25.00,     25.00,0,0,0,1,1,1
H4,704,2017,160557,     25.00,     25.00,     25.00,     25.00,0,0,0,1,1,1
H4,704,2017,160558,     25.00,     25.00,     25.00,     25.00,0,0,0,1,1,1
H4,704,2017,160559,     25.00,     25.00,     25.00,     25.00,0,0,0,1,1,1
H4,704,2017,160561,     25.00,     25.00,     25.00,     25.00,0,0,0,1,1,1
H4,704,2017,160562,     25.00,     25.00,     25.00,     25.00,0,0,0,1,1,1
H4,704,2017,160563,     25.00,     25.00,     25.00,     25.00,0,0,0,1,1,1
H4,704,2017,160569,     25.00,     25.00,     25.00,     25.00,0,0,0,1,1,1
H4,704,2017,170112,     80.00,     80.00,     80.00,     80.00,0,0,0,1,1,1
H4,704,2017,170113,     80.00,     80.00,     80.00,     80.00,0,0,0,1,1,1
H4,704,2017,170114,     25.00,     25.00,     25.00,     25.00,0,0,0,1,1,1
H4,704,2017,170191,    100.00,    100.00,    100.00,    100.00,0,0,0,1,1,1
H4,704,2017,170199,    255.00,     85.00,     85.00,     85.00,0,0,0,3,3,3
H4,704,2017,170211,      0.00,      0.00,      0.00,      0.00,0,1,0,0,1,1
H4,704,2017,170219,      0.00,      0.00,      0.00,      0.00,0,1,0,0,1,1
H4,704,2017,170220,     10.00,     10.00,     10.00,     10.00,0,0,0,1,1,1
H4,704,2017,170230,     30.00,     15.00,     15.00,     15.00,0,0,0,2,2,2
H4,704,2017,170240,     15.00,     15.00,     15.00,     15.00,0,0,0,1,1,1
H4,704,2017,170250,     15.00,     15.00,     15.00,     15.00,0,0,0,1,1,1
H4,704,2017,170260,     30.00,     15.00,     15.00,     15.00,0,0,0,2,2,2
H4,704,2017,170290,    105.00,     15.00,     15.00,     15.00,0,0,0,7,7,7
H4,704,2017,170310,     20.00,     10.00,     10.00,     10.00,0,0,0,2,2,2
H4,704,2017,170390,     20.00,     10.00,     10.00,     10.00,0,0,0,2,2,2
H4,704,2017,170410,     25.00,     25.00,     25.00,     25.00,0,0,0,1,1,1
H4,704,2017,170490,     70.00,     15.00,     20.00,     17.50,0,0,0,4,4,4
H4,704,2017,180100,     10.00,     10.00,     10.00,     10.00,0,0,0,1,1,1
H4,704,2017,180200,     10.00,     10.00,     10.00,     10.00,0,0,0,1,1,1
H4,704,2017,180310,     10.00,     10.00,     10.00,     10.00,0,0,0,1,1,1
H4,704,2017,180320,     10.00,     10.00,     10.00,     10.00,0,0,0,1,1,1
H4,704,2017,180400,     10.00,     10.00,     10.00,     10.00,0,0,0,1,1,1
H4,704,2017,180500,     20.00,     20.00,     20.00,     20.00,0,0,0,1,1,1
H4,704,2017,180610,     20.00,     20.00,     20.00,     20.00,0,0,0,1,1,1
H4,704,2017,180620,     38.00,     18.00,     20.00,     19.00,0,0,0,2,2,2
H4,704,2017,180631,     48.00,     13.00,     35.00,     24.00,0,0,0,2,2,2
H4,704,2017,180632,     50.00,     20.00,     30.00,     25.00,0,0,0,2,2,2
H4,704,2017,180690,     83.00,     13.00,     25.00,     20.75,0,0,0,4,4,4
H4,704,2017,190110,     60.00,     10.00,     20.00,     12.00,0,0,0,5,5,5
H4,704,2017,190120,     66.00,     15.00,     18.00,     16.50,0,0,0,4,4,4
H4,704,2017,190190,    143.00,     10.00,     25.00,     13.00,0,0,0,11,11,11
H4,704,2017,190211,     38.00,     38.00,     38.00,     38.00,0,0,0,1,1,1
H4,704,2017,190219,    100.00,     20.00,     40.00,     25.00,0,0,0,4,4,4
H4,704,2017,190220,    116.00,     38.00,     40.00,     38.67,0,0,0,3,3,3
H4,704,2017,190230,    135.00,     30.00,     35.00,     33.75,0,0,0,4,4,4
H4,704,2017,190240,     38.00,     38.00,     38.00,     38.00,0,0,0,1,1,1
H4,704,2017,190300,     40.00,     40.00,     40.00,     40.00,0,0,0,1,1,1
H4,704,2017,190410,     30.00,     15.00,     15.00,     15.00,0,0,0,2,2,2
H4,704,2017,190420,     70.00,     35.00,     35.00,     35.00,0,0,0,2,2,2
H4,704,2017,190430,     35.00,     35.00,     35.00,     35.00,0,0,0,1,1,1
H4,704,2017,190490,     55.00,     20.00,     35.00,     27.50,0,0,0,2,2,2
H4,704,2017,190510,     40.00,     40.00,     40.00,     40.00,0,0,0,1,1,1
H4,704,2017,190520,     40.00,     40.00,     40.00,     40.00,0,0,0,1,1,1
H4,704,2017,190531,     30.00,     15.00,     15.00,     15.00,0,0,0,2,2,2
H4,704,2017,190532,     35.00,     35.00,     35.00,     35.00,0,0,0,1,1,1
H4,704,2017,190540,     80.00,     40.00,     40.00,     40.00,0,0,0,2,2,2
H4,704,2017,190590,    210.00,     10.00,     30.00,     23.33,0,0,0,9,9,9
H4,704,2017,200110,     40.00,     40.00,     40.00,     40.00,0,0,0,1,1,1
H4,704,2017,200190,     70.00,     35.00,     35.00,     35.00,0,0,0,2,2,2
H4,704,2017,200210,     60.00,     30.00,     30.00,     30.00,0,0,0,2,2,2
H4,704,2017,200290,     60.00,     20.00,     20.00,     20.00,0,0,0,3,3,3
H4,704,2017,200310,     40.00,     40.00,     40.00,     40.00,0,0,0,1,1,1
H4,704,2017,200390,     80.00,     40.00,     40.00,     40.00,0,0,0,2,2,2
H4,704,2017,200410,     13.00,     13.00,     13.00,     13.00,0,0,0,1,1,1
H4,704,2017,200490,     80.00,     40.00,     40.00,     40.00,0,0,0,2,2,2
H4,704,2017,200510,     80.00,     40.00,     40.00,     40.00,0,0,0,2,2,2
H4,704,2017,200520,    106.00,     18.00,     35.00,     26.50,0,0,0,4,4,4
H4,704,2017,200540,     35.00,     35.00,     35.00,     35.00,0,0,0,1,1,1
H4,704,2017,200551,     35.00,     35.00,     35.00,     35.00,0,0,0,1,1,1
H4,704,2017,200559,     70.00,     35.00,     35.00,     35.00,0,0,0,2,2,2
H4,704,2017,200560,     30.00,     30.00,     30.00,     30.00,0,0,0,1,1,1
H4,704,2017,200570,     25.00,     25.00,     25.00,     25.00,0,0,0,1,1,1
H4,704,2017,200580,     40.00,     40.00,     40.00,     40.00,0,0,0,1,1,1
H4,704,2017,200591,     32.00,     32.00,     32.00,     32.00,0,0,0,1,1,1
H4,704,2017,200599,     64.00,     32.00,     32.00,     32.00,0,0,0,2,2,2
H4,704,2017,200600,     35.00,     35.00,     35.00,     35.00,0,0,0,1,1,1
H4,704,2017,200710,     35.00,     35.00,     35.00,     35.00,0,0,0,1,1,1
H4,704,2017,200791,     35.00,     35.00,     35.00,     35.00,0,0,0,1,1,1
H4,704,2017,200799,     80.00,     40.00,     40.00,     40.00,0,0,0,2,2,2
H4,704,2017,200811,     68.00,     18.00,     30.00,     22.67,0,0,0,3,3,3
H4,704,2017,200819,     53.00,     18.00,     35.00,     26.50,0,0,0,2,2,2
H4,704,2017,200820,     40.00,     40.00,     40.00,     40.00,0,0,0,1,1,1
H4,704,2017,200830,     80.00,     40.00,     40.00,     40.00,0,0,0,2,2,2
H4,704,2017,200840,     70.00,     35.00,     35.00,     35.00,0,0,0,2,2,2
H4,704,2017,200850,     80.00,     40.00,     40.00,     40.00,0,0,0,2,2,2
H4,704,2017,200860,     80.00,     40.00,     40.00,     40.00,0,0,0,2,2,2
H4,704,2017,200870,     70.00,     35.00,     35.00,     35.00,0,0,0,2,2,2
H4,704,2017,200880,     70.00,     35.00,     35.00,     35.00,0,0,0,2,2,2
H4,704,2017,200891,     40.00,     40.00,     40.00,     40.00,0,0,0,1,1,1
H4,704,2017,200893,     30.00,     30.00,     30.00,     30.00,0,0,0,1,1,1
H4,704,2017,200897,     90.00,     30.00,     30.00,     30.00,0,0,0,3,3,3
H4,704,2017,200899,    180.00,     30.00,     40.00,     36.00,0,0,0,5,5,5
H4,704,2017,200911,     20.00,     20.00,     20.00,     20.00,0,0,0,1,1,1
H4,704,2017,200912,     30.00,     30.00,     30.00,     30.00,0,0,0,1,1,1
H4,704,2017,200919,     30.00,     30.00,     30.00,     30.00,0,0,0,1,1,1
H4,704,2017,200921,     35.00,     35.00,     35.00,     35.00,0,0,0,1,1,1
H4,704,2017,200929,     35.00,     35.00,     35.00,     35.00,0,0,0,1,1,1
H4,704,2017,200931,     35.00,     35.00,     35.00,     35.00,0,0,0,1,1,1
H4,704,2017,200939,     35.00,     35.00,     35.00,     35.00,0,0,0,1,1,1
H4,704,2017,200941,     35.00,     35.00,     35.00,     35.00,0,0,0,1,1,1
H4,704,2017,200949,     35.00,     35.00,     35.00,     35.00,0,0,0,1,1,1
H4,704,2017,200950,     35.00,     35.00,     35.00,     35.00,0,0,0,1,1,1
H4,704,2017,200961,     35.00,     35.00,     35.00,     35.00,0,0,0,1,1,1
H4,704,2017,200969,     30.00,     30.00,     30.00,     30.00,0,0,0,1,1,1
H4,704,2017,200971,     30.00,     30.00,     30.00,     30.00,0,0,0,1,1,1
H4,704,2017,200979,     25.00,     25.00,     25.00,     25.00,0,0,0,1,1,1
H4,704,2017,200981,     50.00,     25.00,     25.00,     25.00,0,0,0,2,2,2
H4,704,2017,200989,     75.00,     25.00,     25.00,     25.00,0,0,0,3,3,3
H4,704,2017,200990,     50.00,     25.00,     25.00,     25.00,0,0,0,2,2,2
H4,704,2017,210111,     60.00,     30.00,     30.00,     30.00,0,0,0,2,2,2
H4,704,2017,210112,     60.00,     30.00,     30.00,     30.00,0,0,0,2,2,2
H4,704,2017,210120,     60.00,     30.00,     30.00,     30.00,0,0,0,2,2,2
H4,704,2017,210130,     30.00,     30.00,     30.00,     30.00,0,0,0,1,1,1
H4,704,2017,210210,     10.00,     10.00,     10.00,     10.00,0,0,0,1,1,1
H4,704,2017,210220,      7.00,      7.00,      7.00,      7.00,0,0,0,1,1,1
H4,704,2017,210230,      7.00,      7.00,      7.00,      7.00,0,0,0,1,1,1
H4,704,2017,210310,     33.00,     33.00,     33.00,     33.00,0,0,0,1,1,1
H4,704,2017,210320,     35.00,     35.00,     35.00,     35.00,0,0,0,1,1,1
H4,704,2017,210330,     35.00,     35.00,     35.00,     35.00,0,0,0,1,1,1
H4,704,2017,210390,    113.00,     20.00,     33.00,     28.25,0,0,0,4,4,4
H4,704,2017,210410,    160.00,     40.00,     40.00,     40.00,0,0,0,4,4,4
H4,704,2017,210420,    160.00,     40.00,     40.00,     40.00,0,0,0,4,4,4
H4,704,2017,210500,     20.00,     20.00,     20.00,     20.00,0,0,0,1,1,1
H4,704,2017,210610,      5.00,      5.00,      5.00,      5.00,0,0,0,1,1,1
H4,704,2017,210690,    421.00,      8.00,     25.00,     16.19,0,0,0,26,26,26
H4,704,2017,220110,     35.00,     35.00,     35.00,     35.00,0,0,0,1,1,1
H4,704,2017,220190,     80.00,     40.00,     40.00,     40.00,0,0,0,2,2,2
H4,704,2017,220210,     70.00,     35.00,     35.00,     35.00,0,0,0,2,2,2
H4,704,2017,220290,    110.00,     20.00,     30.00,     27.50,0,0,0,4,4,4
H4,704,2017,220300,     70.00,     35.00,     35.00,     35.00,0,0,0,2,2,2
H4,704,2017,220410,     50.00,     50.00,     50.00,     50.00,0,0,0,1,1,1
H4,704,2017,220421,    250.00,     50.00,     50.00,     50.00,0,0,0,5,5,5
H4,704,2017,220429,    250.00,     50.00,     50.00,     50.00,0,0,0,5,5,5
H4,704,2017,220430,    100.00,     50.00,     50.00,     50.00,0,0,0,2,2,2
H4,704,2017,220510,    100.00,     50.00,     50.00,     50.00,0,0,0,2,2,2
H4,704,2017,220590,    100.00,     50.00,     50.00,     50.00,0,0,0,2,2,2
H4,704,2017,220600,    330.00,     55.00,     55.00,     55.00,0,0,0,6,6,6
H4,704,2017,220710,     40.00,     40.00,     40.00,     40.00,0,0,0,1,1,1
H4,704,2017,220720,     80.00,     20.00,     40.00,     26.67,0,0,0,3,3,3
H4,704,2017,220820,     90.00,     45.00,     45.00,     45.00,0,0,0,2,2,2
H4,704,2017,220830,     45.00,     45.00,     45.00,     45.00,0,0,0,1,1,1
H4,704,2017,220840,     45.00,     45.00,     45.00,     45.00,0,0,0,1,1,1
H4,704,2017,220850,     45.00,     45.00,     45.00,     45.00,0,0,0,1,1,1
H4,704,2017,220860,     45.00,     45.00,     45.00,     45.00,0,0,0,1,1,1
H4,704,2017,220870,     45.00,     45.00,     45.00,     45.00,0,0,0,1,1,1
H4,704,2017,220890,    405.00,     45.00,     45.00,     45.00,0,0,0,9,9,9
H4,704,2017,220900,     20.00,     20.00,     20.00,     20.00,0,0,0,1,1,1
H4,704,2017,230110,      0.00,      0.00,      0.00,      0.00,0,1,0,0,1,1
H4,704,2017,230120,      0.00,      0.00,      0.00,      0.00,0,3,0,0,3,3
H4,704,2017,230210,      0.00,      0.00,      0.00,      0.00,0,1,0,0,1,1
H4,704,2017,230230,      0.00,      0.00,      0.00,      0.00,0,1,0,0,1,1
H4,704,2017,230240,      0.00,      0.00,      0.00,      0.00,0,2,0,0,2,2
H4,704,2017,230250,      0.00,      0.00,      0.00,      0.00,0,1,0,0,1,1
H4,704,2017,230310,      0.00,      0.00,      0.00,      0.00,0,2,0,0,2,2
H4,704,2017,230320,      0.00,      0.00,      0.00,      0.00,0,1,0,0,1,1
H4,704,2017,230330,      0.00,      0.00,      0.00,      0.00,0,1,0,0,1,1
H4,704,2017,230400,      2.00,      0.00,      2.00,      1.00,0,1,0,1,2,2
H4,704,2017,230500,      0.00,      0.00,      0.00,      0.00,0,1,0,0,1,1
H4,704,2017,230610,      0.00,      0.00,      0.00,      0.00,0,1,0,0,1,1
H4,704,2017,230620,      0.00,      0.00,      0.00,      0.00,0,1,0,0,1,1
H4,704,2017,230630,      0.00,      0.00,      0.00,      0.00,0,1,0,0,1,1
H4,704,2017,230641,      0.00,      0.00,      0.00,      0.00,0,2,0,0,2,2
H4,704,2017,230649,      0.00,      0.00,      0.00,      0.00,0,2,0,0,2,2
H4,704,2017,230650,      0.00,      0.00,      0.00,      0.00,0,1,0,0,1,1
H4,704,2017,230660,      0.00,      0.00,      0.00,      0.00,0,1,0,0,1,1
H4,704,2017,230690,      0.00,      0.00,      0.00,      0.00,0,2,0,0,2,2
H4,704,2017,230700,      0.00,      0.00,      0.00,      0.00,0,1,0,0,1,1
H4,704,2017,230800,      0.00,      0.00,      0.00,      0.00,0,1,0,0,1,1
H4,704,2017,230910,     14.00,      7.00,      7.00,      7.00,0,0,0,2,2,2
H4,704,2017,230990,      6.00,      0.00,      3.00,      0.75,0,6,0,2,8,8
H4,704,2017,240110,    370.00,     30.00,     90.00,     74.00,0,0,0,5,5,5
H4,704,2017,240120,    500.00,     80.00,     90.00,     83.33,0,0,0,6,6,6
H4,704,2017,240130,    170.00,     80.00,     90.00,     85.00,0,0,0,2,2,2
H4,704,2017,240210,    100.00,    100.00,    100.00,    100.00,0,0,0,1,1,1
H4,704,2017,240220,    405.00,    135.00,    135.00,    135.00,0,0,0,3,3,3
H4,704,2017,240290,    270.00,    135.00,    135.00,    135.00,0,0,0,2,2,2
H4,704,2017,240311,     30.00,     30.00,     30.00,     30.00,0,0,0,1,1,1
H4,704,2017,240319,    160.00,     30.00,     50.00,     40.00,0,0,0,4,4,4
H4,704,2017,240391,    110.00,     50.00,     60.00,     55.00,0,0,0,2,2,2
H4,704,2017,240399,    210.00,     30.00,     50.00,     42.00,0,0,0,5,5,5
H4,704,2017,250100,    220.00,     50.00,     60.00,     55.00,0,0,0,4,4,4
H4,704,2017,250200,      0.00,      0.00,      0.00,      0.00,0,1,0,0,1,1
H4,704,2017,250300,      0.00,      0.00,      0.00,      0.00,0,1,0,0,1,1
H4,704,2017,250410,      5.00,      5.00,      5.00,      5.00,0,0,0,1,1,1
H4,704,2017,250490,      5.00,      5.00,      5.00,      5.00,0,0,0,1,1,1
H4,704,2017,250510,      0.00,      0.00,      0.00,      0.00,0,1,0,0,1,1
H4,704,2017,250590,      0.00,      0.00,      0.00,      0.00,0,1,0,0,1,1
H4,704,2017,250610,      5.00,      5.00,      5.00,      5.00,0,0,0,1,1,1
H4,704,2017,250620,      5.00,      5.00,      5.00,      5.00,0,0,0,1,1,1
H4,704,2017,250700,      3.00,      3.00,      3.00,      3.00,0,0,0,1,1,1
H4,704,2017,250810,      3.00,      3.00,      3.00,      3.00,0,0,0,1,1,1
H4,704,2017,250830,      3.00,      3.00,      3.00,      3.00,0,0,0,1,1,1
H4,704,2017,250840,      6.00,      3.00,      3.00,      3.00,0,0,0,2,2,2
H4,704,2017,250850,      3.00,      3.00,      3.00,      3.00,0,0,0,1,1,1
H4,704,2017,250860,      3.00,      3.00,      3.00,      3.00,0,0,0,1,1,1
H4,704,2017,250870,      3.00,      3.00,      3.00,      3.00,0,0,0,1,1,1
H4,704,2017,250900,      3.00,      3.00,      3.00,      3.00,0,0,0,1,1,1
H4,704,2017,251010,      0.00,      0.00,      0.00,      0.00,0,2,0,0,2,2
H4,704,2017,251020,      3.00,      0.00,      3.00,      1.50,0,1,0,1,2,2
H4,704,2017,251110,      3.00,      3.00,      3.00,      3.00,0,0,0,1,1,1
H4,704,2017,251120,      3.00,      3.00,      3.00,      3.00,0,0,0,1,1,1
H4,704,2017,251200,      3.00,      3.00,      3.00,      3.00,0,0,0,1,1,1
H4,704,2017,251310,      3.00,      3.00,      3.00,      3.00,0,0,0,1,1,1
H4,704,2017,251320,      3.00,      3.00,      3.00,      3.00,0,0,0,1,1,1
H4,704,2017,251400,      3.00,      3.00,      3.00,      3.00,0,0,0,1,1,1
H4,704,2017,251511,      0.00,      0.00,      0.00,      0.00,0,1,0,0,1,1
H4,704,2017,251512,      5.00,      2.00,      3.00,      2.50,0,0,0,2,2,2
H4,704,2017,251520,      3.00,      3.00,      3.00,      3.00,0,0,0,1,1,1
H4,704,2017,251611,      0.00,      0.00,      0.00,      0.00,0,1,0,0,1,1
H4,704,2017,251612,      5.00,      2.00,      3.00,      2.50,0,0,0,2,2,2
H4,704,2017,251620,      0.00,      0.00,      0.00,      0.00,0,2,0,0,2,2
H4,704,2017,251690,      3.00,      3.00,      3.00,      3.00,0,0,0,1,1,1
H4,704,2017,251710,      3.00,      3.00,      3.00,      3.00,0,0,0,1,1,1
H4,704,2017,251720,      0.00,      0.00,      0.00,      0.00,0,1,0,0,1,1
H4,704,2017,251730,      0.00,      0.00,      0.00,      0.00,0,1,0,0,1,1
H4,704,2017,251741,      0.00,      0.00,      0.00,      0.00,0,1,0,0,1,1
H4,704,2017,251749,      3.00,      3.00,      3.00,      3.00,0,0,0,1,1,1
H4,704,2017,251810,      3.00,      3.00,      3.00,      3.00,0,0,0,1,1,1
H4,704,2017,251820,      3.00,      3.00,      3.00,      3.00,0,0,0,1,1,1
H4,704,2017,251830,      0.00,      0.00,      0.00,      0.00,0,1,0,0,1,1
H4,704,2017,251910,      3.00,      3.00,      3.00,      3.00,0,0,0,1,1,1
H4,704,2017,251990,      6.00,      3.00,      3.00,      3.00,0,0,0,2,2,2
H4,704,2017,252010,      3.00,      3.00,      3.00,      3.00,0,0,0,1,1,1
H4,704,2017,252020,      3.00,      0.00,      3.00,      1.50,0,1,0,1,2,2
H4,704,2017,252100,      0.00,      0.00,      0.00,      0.00,0,1,0,0,1,1
H4,704,2017,252210,      5.00,      5.00,      5.00,      5.00,0,0,0,1,1,1
H4,704,2017,252220,      5.00,      5.00,      5.00,      5.00,0,0,0,1,1,1
H4,704,2017,252230,      5.00,      5.00,      5.00,      5.00,0,0,0,1,1,1
H4,704,2017,252310,     55.00,     25.00,     30.00,     27.50,0,0,0,2,2,2
H4,704,2017,252321,     37.00,     37.00,     37.00,     37.00,0,0,0,1,1,1
H4,704,2017,252329,     70.00,     35.00,     35.00,     35.00,0,0,0,2,2,2
H4,704,2017,252330,     32.00,     32.00,     32.00,     32.00,0,0,0,1,1,1
H4,704,2017,252390,     32.00,     32.00,     32.00,     32.00,0,0,0,1,1,1
H4,704,2017,252410,      5.00,      5.00,      5.00,      5.00,0,0,0,1,1,1
H4,704,2017,252490,      5.00,      5.00,      5.00,      5.00,0,0,0,1,1,1
H4,704,2017,252510,      5.00,      5.00,      5.00,      5.00,0,0,0,1,1,1
H4,704,2017,252520,      5.00,      5.00,      5.00,      5.00,0,0,0,1,1,1
H4,704,2017,252530,      3.00,      3.00,      3.00,      3.00,0,0,0,1,1,1
H4,704,2017,252610,      0.00,      0.00,      0.00,      0.00,0,1,0,0,1,1
H4,704,2017,252620,      3.00,      0.00,      3.00,      1.50,0,1,0,1,2,2
H4,704,2017,252800,      3.00,      3.00,      3.00,      3.00,0,0,0,1,1,1
H4,704,2017,252910,      5.00,      5.00,      5.00,      5.00,0,0,0,1,1,1
H4,704,2017,252921,      3.00,      3.00,      3.00,      3.00,0,0,0,1,1,1
H4,704,2017,252922,      3.00,      3.00,      3.00,      3.00,0,0,0,1,1,1
H4,704,2017,252930,      3.00,      3.00,      3.00,      3.00,0,0,0,1,1,1
H4,704,2017,253010,      3.00,      3.00,      3.00,      3.00,0,0,0,1,1,1
H4,704,2017,253020,      6.00,      3.00,      3.00,      3.00,0,0,0,2,2,2
H4,704,2017,253090,      6.00,      3.00,      3.00,      3.00,0,0,0,2,2,2
H4,704,2017,260111,      0.00,      0.00,      0.00,      0.00,0,1,0,0,1,1
H4,704,2017,260112,      0.00,      0.00,      0.00,      0.00,0,1,0,0,1,1
H4,704,2017,260120,      0.00,      0.00,      0.00,      0.00,0,1,0,0,1,1
H4,704,2017,260200,      0.00,      0.00,      0.00,      0.00,0,1,0,0,1,1
H4,704,2017,260300,      0.00,      0.00,      0.00,      0.00,0,1,0,0,1,1
H4,704,2017,260400,      0.00,      0.00,      0.00,      0.00,0,1,0,0,1,1
H4,704,2017,260500,      0.00,      0.00,      0.00,      0.00,0,1,0,0,1,1
H4,704,2017,260600,      0.00,      0.00,      0.00,      0.00,0,1,0,0,1,1
H4,704,2017,260700,      0.00,      0.00,      0.00,      0.00,0,1,0,0,1,1
H4,704,2017,260800,      0.00,      0.00,      0.00,      0.00,0,1,0,0,1,1
H4,704,2017,260900,      0.00,      0.00,      0.00,      0.00,0,1,0,0,1,1
H4,704,2017,261000,      0.00,      0.00,      0.00,      0.00,0,1,0,0,1,1
H4,704,2017,261100,      0.00,      0.00,      0.00,      0.00,0,1,0,0,1,1
H4,704,2017,261210,      0.00,      0.00,      0.00,      0.00,0,1,0,0,1,1
H4,704,2017,261220,      0.00,      0.00,      0.00,      0.00,0,1,0,0,1,1
H4,704,2017,261310,      0.00,      0.00,      0.00,      0.00,0,1,0,0,1,1
H4,704,2017,261390,      0.00,      0.00,      0.00,      0.00,0,1,0,0,1,1
H4,704,2017,261400,      0.00,      0.00,      0.00,      0.00,0,2,0,0,2,2
H4,704,2017,261510,      0.00,      0.00,      0.00,      0.00,0,1,0,0,1,1
H4,704,2017,261590,      0.00,      0.00,      0.00,      0.00,0,1,0,0,1,1
H4,704,2017,261610,      0.00,      0.00,      0.00,      0.00,0,1,0,0,1,1
H4,704,2017,261690,      0.00,      0.00,      0.00,      0.00,0,1,0,0,1,1
H4,704,2017,261710,      0.00,      0.00,      0.00,      0.00,0,1,0,0,1,1
H4,704,2017,261790,      0.00,      0.00,      0.00,      0.00,0,1,0,0,1,1
H4,704,2017,261800,     10.00,     10.00,     10.00,     10.00,0,0,0,1,1,1
H4,704,2017,261900,     10.00,     10.00,     10.00,     10.00,0,0,0,1,1,1
H4,704,2017,262011,     10.00,     10.00,     10.00,     10.00,0,0,0,1,1,1
H4,704,2017,262019,     10.00,     10.00,     10.00,     10.00,0,0,0,1,1,1
H4,704,2017,262021,     10.00,     10.00,     10.00,     10.00,0,0,0,1,1,1
H4,704,2017,262029,     10.00,     10.00,     10.00,     10.00,0,0,0,1,1,1
H4,704,2017,262030,     10.00,     10.00,     10.00,     10.00,0,0,0,1,1,1
H4,704,2017,262040,     10.00,     10.00,     10.00,     10.00,0,0,0,1,1,1
H4,704,2017,262060,     10.00,     10.00,     10.00,     10.00,0,0,0,1,1,1
H4,704,2017,262091,     10.00,     10.00,     10.00,     10.00,0,0,0,1,1,1
H4,704,2017,262099,     20.00,     10.00,     10.00,     10.00,0,0,0,2,2,2
H4,704,2017,262110,     10.00,     10.00,     10.00,     10.00,0,0,0,1,1,1
H4,704,2017,262190,     10.00,     10.00,     10.00,     10.00,0,0,0,1,1,1
H4,704,2017,270111,      0.00,      0.00,      0.00,      0.00,0,1,0,0,1,1
H4,704,2017,270112,      0.00,      0.00,      0.00,      0.00,0,2,0,0,2,2
H4,704,2017,270119,      0.00,      0.00,      0.00,      0.00,0,1,0,0,1,1
H4,704,2017,270120,      0.00,      0.00,      0.00,      0.00,0,1,0,0,1,1
H4,704,2017,270210,      0.00,      0.00,      0.00,      0.00,0,1,0,0,1,1
H4,704,2017,270220,      0.00,      0.00,      0.00,      0.00,0,1,0,0,1,1
H4,704,2017,270300,      0.00,      0.00,      0.00,      0.00,0,2,0,0,2,2
H4,704,2017,270400,      6.00,      0.00,      3.00,      2.00,0,1,0,2,3,3
H4,704,2017,270500,      0.00,      0.00,      0.00,      0.00,0,1,0,0,1,1
H4,704,2017,270600,      0.00,      0.00,      0.00,      0.00,0,1,0,0,1,1
H4,704,2017,270710,      3.00,      3.00,      3.00,      3.00,0,0,0,1,1,1
H4,704,2017,270720,      0.00,      0.00,      0.00,      0.00,0,1,0,0,1,1
H4,704,2017,270730,      3.00,      3.00,      3.00,      3.00,0,0,0,1,1,1
H4,704,2017,270740,      0.00,      0.00,      0.00,      0.00,0,1,0,0,1,1
H4,704,2017,270750,      0.00,      0.00,      0.00,      0.00,0,1,0,0,1,1
H4,704,2017,270791,      0.00,      0.00,      0.00,      0.00,0,1,0,0,1,1
H4,704,2017,270799,      0.00,      0.00,      0.00,      0.00,0,2,0,0,2,2
H4,704,2017,270810,      0.00,      0.00,      0.00,      0.00,0,1,0,0,1,1
H4,704,2017,270820,      0.00,      0.00,      0.00,      0.00,0,1,0,0,1,1
H4,704,2017,270900,      3.00,      0.00,      3.00,      1.00,0,2,0,1,3,3
H4,704,2017,271012,    267.00,      7.00,     20.00,     19.07,0,0,0,14,14,14
H4,704,2017,271019,     90.00,      3.00,      7.00,      5.63,0,0,0,16,16,16
H4,704,2017,271020,      5.00,      5.00,      5.00,      5.00,0,0,0,1,1,1
H4,704,2017,271091,     20.00,     20.00,     20.00,     20.00,0,0,0,1,1,1
H4,704,2017,271099,     20.00,     20.00,     20.00,     20.00,0,0,0,1,1,1
H4,704,2017,271111,      5.00,      5.00,      5.00,      5.00,0,0,0,1,1,1
H4,704,2017,271112,      5.00,      5.00,      5.00,      5.00,0,0,0,1,1,1
H4,704,2017,271113,      5.00,      5.00,      5.00,      5.00,0,0,0,1,1,1
H4,704,2017,271114,     10.00,      5.00,      5.00,      5.00,0,0,0,2,2,2
H4,704,2017,271119,      5.00,      5.00,      5.00,      5.00,0,0,0,1,1,1
H4,704,2017,271121,      0.00,      0.00,      0.00,      0.00,0,2,0,0,2,2
H4,704,2017,271129,      0.00,      0.00,      0.00,      0.00,0,1,0,0,1,1
H4,704,2017,271210,      3.00,      3.00,      3.00,      3.00,0,0,0,1,1,1
H4,704,2017,271220,      3.00,      3.00,      3.00,      3.00,0,0,0,1,1,1
H4,704,2017,271290,      6.00,      3.00,      3.00,      3.00,0,0,0,2,2,2
H4,704,2017,271311,      0.00,      0.00,      0.00,      0.00,0,1,0,0,1,1
H4,704,2017,271312,      0.00,      0.00,      0.00,      0.00,0,1,0,0,1,1
H4,704,2017,271320,      0.00,      0.00,      0.00,      0.00,0,1,0,0,1,1
H4,704,2017,271390,      0.00,      0.00,      0.00,      0.00,0,1,0,0,1,1
H4,704,2017,271410,      0.00,      0.00,      0.00,      0.00,0,1,0,0,1,1
H4,704,2017,271490,      0.00,      0.00,      0.00,      0.00,0,1,0,0,1,1
H4,704,2017,271500,      0.00,      0.00,      0.00,      0.00,0,1,0,0,1,1
H4,704,2017,271600,      1.00,      1.00,      1.00,      1.00,0,0,0,1,1,1
H4,704,2017,280110,      3.00,      3.00,      3.00,      3.00,0,0,0,1,1,1
H4,704,2017,280120,      0.00,      0.00,      0.00,      0.00,0,1,0,0,1,1
H4,704,2017,280130,      0.00,      0.00,      0.00,      0.00,0,1,0,0,1,1
H4,704,2017,280200,      3.00,      3.00,      3.00,      3.00,0,0,0,1,1,1
H4,704,2017,280300,     15.00,      2.00,     10.00,      5.00,0,0,0,3,3,3
H4,704,2017,280410,      0.00,      0.00,      0.00,      0.00,0,1,0,0,1,1
H4,704,2017,280421,      3.00,      3.00,      3.00,      3.00,0,0,0,1,1,1
H4,704,2017,280429,      3.00,      3.00,      3.00,      3.00,0,0,0,1,1,1
H4,704,2017,280430,      3.00,      3.00,      3.00,      3.00,0,0,0,1,1,1
H4,704,2017,280440,      3.00,      3.00,      3.00,      3.00,0,0,0,1,1,1
H4,704,2017,280450,      0.00,      0.00,      0.00,      0.00,0,1,0,0,1,1
H4,704,2017,280461,      0.00,      0.00,      0.00,      0.00,0,1,0,0,1,1
H4,704,2017,280469,      0.00,      0.00,      0.00,      0.00,0,1,0,0,1,1
H4,704,2017,280470,      3.00,      3.00,      3.00,      3.00,0,0,0,1,1,1
H4,704,2017,280480,      0.00,      0.00,      0.00,      0.00,0,1,0,0,1,1
H4,704,2017,280490,      0.00,      0.00,      0.00,      0.00,0,1,0,0,1,1
H4,704,2017,280511,      0.00,      0.00,      0.00,      0.00,0,1,0,0,1,1
H4,704,2017,280512,      0.00,      0.00,      0.00,      0.00,0,1,0,0,1,1
H4,704,2017,280519,      0.00,      0.00,      0.00,      0.00,0,1,0,0,1,1
H4,704,2017,280530,      0.00,      0.00,      0.00,      0.00,0,1,0,0,1,1
H4,704,2017,280540,      0.00,      0.00,      0.00,      0.00,0,1,0,0,1,1
H4,704,2017,280610,     10.00,     10.00,     10.00,     10.00,0,0,0,1,1,1
H4,704,2017,280620,      3.00,      3.00,      3.00,      3.00,0,0,0,1,1,1
H4,704,2017,280700,     10.00,     10.00,     10.00,     10.00,0,0,0,1,1,1
H4,704,2017,280800,      2.00,      2.00,      2.00,      2.00,0,0,0,1,1,1
H4,704,2017,280910,      0.00,      0.00,      0.00,      0.00,0,1,0,0,1,1
H4,704,2017,280920,     30.00,      5.00,      5.00,      5.00,0,0,0,6,6,6
H4,704,2017,281000,      0.00,      0.00,      0.00,      0.00,0,1,0,0,1,1
H4,704,2017,281111,      0.00,      0.00,      0.00,      0.00,0,1,0,0,1,1
H4,704,2017,281119,      0.00,      0.00,      0.00,      0.00,0,2,0,0,2,2
H4,704,2017,281121,      2.00,      2.00,      2.00,      2.00,0,0,0,1,1,1
H4,704,2017,281122,      0.00,      0.00,      0.00,      0.00,0,2,0,0,2,2
H4,704,2017,281129,      0.00,      0.00,      0.00,      0.00,0,3,0,0,3,3
H4,704,2017,281210,      0.00,      0.00,      0.00,      0.00,0,1,0,0,1,1
H4,704,2017,281290,      0.00,      0.00,      0.00,      0.00,0,1,0,0,1,1
H4,704,2017,281310,      0.00,      0.00,      0.00,      0.00,0,1,0,0,1,1
H4,704,2017,281390,      0.00,      0.00,      0.00,      0.00,0,1,0,0,1,1
H4,704,2017,281410,      2.00,      2.00,      2.00,      2.00,0,0,0,1,1,1
H4,704,2017,281420,      5.00,      5.00,      5.00,      5.00,0,0,0,1,1,1
H4,704,2017,281511,      5.00,      5.00,      5.00,      5.00,0,0,0,1,1,1
H4,704,2017,281512,     20.00,     20.00,     20.00,     20.00,0,0,0,1,1,1
H4,704,2017,281520,      0.00,      0.00,      0.00,      0.00,0,1,0,0,1,1
H4,704,2017,281530,      0.00,      0.00,      0.00,      0.00,0,1,0,0,1,1
H4,704,2017,281610,      5.00,      5.00,      5.00,      5.00,0,0,0,1,1,1
H4,704,2017,281640,      5.00,      5.00,      5.00,      5.00,0,0,0,1,1,1
H4,704,2017,281700,      2.00,      0.00,      2.00,      1.00,0,1,0,1,2,2
H4,704,2017,281810,      0.00,      0.00,      0.00,      0.00,0,1,0,0,1,1
H4,704,2017,281820,      2.00,      2.00,      2.00,      2.00,0,0,0,1,1,1
H4,704,2017,281830,      3.00,      3.00,      3.00,      3.00,0,0,0,1,1,1
H4,704,2017,281910,      0.00,      0.00,      0.00,      0.00,0,1,0,0,1,1
H4,704,2017,281990,      0.00,      0.00,      0.00,      0.00,0,1,0,0,1,1
H4,704,2017,282010,      3.00,      3.00,      3.00,      3.00,0,0,0,1,1,1
H4,704,2017,282090,      0.00,      0.00,      0.00,      0.00,0,1,0,0,1,1
H4,704,2017,282110,      2.00,      2.00,      2.00,      2.00,0,0,0,1,1,1
H4,704,2017,282120,      3.00,      3.00,      3.00,      3.00,0,0,0,1,1,1
H4,704,2017,282200,      0.00,      0.00,      0.00,      0.00,0,1,0,0,1,1
H4,704,2017,282300,      0.00,      0.00,      0.00,      0.00,0,1,0,0,1,1
H4,704,2017,282410,      0.00,      0.00,      0.00,      0.00,0,1,0,0,1,1
H4,704,2017,282490,      0.00,      0.00,      0.00,      0.00,0,1,0,0,1,1
H4,704,2017,282510,      0.00,      0.00,      0.00,      0.00,0,1,0,0,1,1
H4,704,2017,282520,      0.00,      0.00,      0.00,      0.00,0,1,0,0,1,1
H4,704,2017,282530,      0.00,      0.00,      0.00,      0.00,0,1,0,0,1,1
H4,704,2017,282540,      0.00,      0.00,      0.00,      0.00,0,1,0,0,1,1
H4,704,2017,282550,      0.00,      0.00,      0.00,      0.00,0,1,0,0,1,1
H4,704,2017,282560,      0.00,      0.00,      0.00,      0.00,0,1,0,0,1,1
H4,704,2017,282570,      0.00,      0.00,      0.00,      0.00,0,1,0,0,1,1
H4,704,2017,282580,      0.00,      0.00,      0.00,      0.00,0,1,0,0,1,1
H4,704,2017,282590,      0.00,      0.00,      0.00,      0.00,0,1,0,0,1,1
H4,704,2017,282612,      0.00,      0.00,      0.00,      0.00,0,1,0,0,1,1
H4,704,2017,282619,      0.00,      0.00,      0.00,      0.00,0,1,0,0,1,1
H4,704,2017,282630,      0.00,      0.00,      0.00,      0.00,0,1,0,0,1,1
H4,704,2017,282690,      0.00,      0.00,      0.00,      0.00,0,1,0,0,1,1
H4,704,2017,282710,      0.00,      0.00,      0.00,      0.00,0,1,0,0,1,1
H4,704,2017,282720,     25.00,     10.00,     15.00,     12.50,0,0,0,2,2,2
H4,704,2017,282731,      0.00,      0.00,      0.00,      0.00,0,1,0,0,1,1
H4,704,2017,282732,      3.00,      3.00,      3.00,      3.00,0,0,0,1,1,1
H4,704,2017,282735,      0.00,      0.00,      0.00,      0.00,0,1,0,0,1,1
H4,704,2017,282739,      2.00,      0.00,      2.00,      0.67,0,2,0,1,3,3
H4,704,2017,282741,      0.00,      0.00,      0.00,      0.00,0,1,0,0,1,1
H4,704,2017,282749,      0.00,      0.00,      0.00,      0.00,0,1,0,0,1,1
H4,704,2017,282751,      0.00,      0.00,      0.00,      0.00,0,1,0,0,1,1
H4,704,2017,282759,      0.00,      0.00,      0.00,      0.00,0,1,0,0,1,1
H4,704,2017,282760,      0.00,      0.00,      0.00,      0.00,0,1,0,0,1,1
H4,704,2017,282810,      0.00,      0.00,      0.00,      0.00,0,1,0,0,1,1
H4,704,2017,282890,      0.00,      0.00,      0.00,      0.00,0,2,0,0,2,2
H4,704,2017,282911,      0.00,      0.00,      0.00,      0.00,0,1,0,0,1,1
H4,704,2017,282919,      0.00,      0.00,      0.00,      0.00,0,1,0,0,1,1
H4,704,2017,282990,      0.00,      0.00,      0.00,      0.00,0,2,0,0,2,2
H4,704,2017,283010,      0.00,      0.00,      0.00,      0.00,0,1,0,0,1,1
H4,704,2017,283090,      0.00,      0.00,      0.00,      0.00,0,2,0,0,2,2
H4,704,2017,283110,      0.00,      0.00,      0.00,      0.00,0,1,0,0,1,1
H4,704,2017,283190,      0.00,      0.00,      0.00,      0.00,0,1,0,0,1,1
H4,704,2017,283210,      0.00,      0.00,      0.00,      0.00,0,1,0,0,1,1
H4,704,2017,283220,      0.00,      0.00,      0.00,      0.00,0,1,0,0,1,1
H4,704,2017,283230,      0.00,      0.00,      0.00,      0.00,0,1,0,0,1,1
H4,704,2017,283311,      5.00,      5.00,      5.00,      5.00,0,0,0,1,1,1
H4,704,2017,283319,      5.00,      5.00,      5.00,      5.00,0,0,0,1,1,1
H4,704,2017,283321,      5.00,      5.00,      5.00,      5.00,0,0,0,1,1,1
H4,704,2017,283322,     10.00,      5.00,      5.00,      5.00,0,0,0,2,2,2
H4,704,2017,283324,      5.00,      5.00,      5.00,      5.00,0,0,0,1,1,1
H4,704,2017,283325,      5.00,      5.00,      5.00,      5.00,0,0,0,1,1,1
H4,704,2017,283327,      5.00,      5.00,      5.00,      5.00,0,0,0,1,1,1
H4,704,2017,283329,     15.00,      5.00,      5.00,      5.00,0,0,0,3,3,3
H4,704,2017,283330,     10.00,     10.00,     10.00,     10.00,0,0,0,1,1,1
H4,704,2017,283340,      5.00,      5.00,      5.00,      5.00,0,0,0,1,1,1
H4,704,2017,283410,      0.00,      0.00,      0.00,      0.00,0,1,0,0,1,1
H4,704,2017,283421,      0.00,      0.00,      0.00,      0.00,0,1,0,0,1,1
H4,704,2017,283429,      6.00,      3.00,      3.00,      3.00,0,0,0,2,2,2
H4,704,2017,283510,      0.00,      0.00,      0.00,      0.00,0,1,0,0,1,1
H4,704,2017,283522,      0.00,      0.00,      0.00,      0.00,0,1,0,0,1,1
H4,704,2017,283524,      0.00,      0.00,      0.00,      0.00,0,1,0,0,1,1
H4,704,2017,283525,      0.00,      0.00,      0.00,      0.00,0,2,0,0,2,2
H4,704,2017,283526,      0.00,      0.00,      0.00,      0.00,0,1,0,0,1,1
H4,704,2017,283529,      0.00,      0.00,      0.00,      0.00,0,2,0,0,2,2
H4,704,2017,283531,     10.00,      5.00,      5.00,      5.00,0,0,0,2,2,2
H4,704,2017,283539,      0.00,      0.00,      0.00,      0.00,0,2,0,0,2,2
H4,704,2017,283620,      2.00,      2.00,      2.00,      2.00,0,0,0,1,1,1
H4,704,2017,283630,      5.00,      5.00,      5.00,      5.00,0,0,0,1,1,1
H4,704,2017,283640,      0.00,      0.00,      0.00,      0.00,0,1,0,0,1,1
H4,704,2017,283650,     10.00,     10.00,     10.00,     10.00,0,0,0,1,1,1
H4,704,2017,283660,      0.00,      0.00,      0.00,      0.00,0,1,0,0,1,1
H4,704,2017,283691,      0.00,      0.00,      0.00,      0.00,0,1,0,0,1,1
H4,704,2017,283692,      0.00,      0.00,      0.00,      0.00,0,1,0,0,1,1
H4,704,2017,283699,      3.00,      0.00,      3.00,      1.00,0,2,0,1,3,3
H4,704,2017,283711,      0.00,      0.00,      0.00,      0.00,0,1,0,0,1,1
H4,704,2017,283719,      0.00,      0.00,      0.00,      0.00,0,1,0,0,1,1
H4,704,2017,283720,      0.00,      0.00,      0.00,      0.00,0,1,0,0,1,1
H4,704,2017,283911,      3.00,      3.00,      3.00,      3.00,0,0,0,1,1,1
H4,704,2017,283919,      3.00,      0.00,      3.00,      1.50,0,1,0,1,2,2
H4,704,2017,283990,      2.00,      2.00,      2.00,      2.00,0,0,0,1,1,1
H4,704,2017,284011,      0.00,      0.00,      0.00,      0.00,0,1,0,0,1,1
H4,704,2017,284019,      0.00,      0.00,      0.00,      0.00,0,1,0,0,1,1
H4,704,2017,284020,      0.00,      0.00,      0.00,      0.00,0,1,0,0,1,1
H4,704,2017,284030,      0.00,      0.00,      0.00,      0.00,0,1,0,0,1,1
H4,704,2017,284130,      0.00,      0.00,      0.00,      0.00,0,1,0,0,1,1
H4,704,2017,284150,      0.00,      0.00,      0.00,      0.00,0,1,0,0,1,1
H4,704,2017,284161,      0.00,      0.00,      0.00,      0.00,0,1,0,0,1,1
H4,704,2017,284169,      0.00,      0.00,      0.00,      0.00,0,1,0,0,1,1
H4,704,2017,284170,      0.00,      0.00,      0.00,      0.00,0,1,0,0,1,1
H4,704,2017,284180,      0.00,      0.00,      0.00,      0.00,0,1,0,0,1,1
H4,704,2017,284190,      0.00,      0.00,      0.00,      0.00,0,1,0,0,1,1
H4,704,2017,284210,      5.00,      5.00,      5.00,      5.00,0,0,0,1,1,1
H4,704,2017,284290,      0.00,      0.00,      0.00,      0.00,0,4,0,0,4,4
H4,704,2017,284310,      0.00,      0.00,      0.00,      0.00,0,1,0,0,1,1
H4,704,2017,284321,      0.00,      0.00,      0.00,      0.00,0,1,0,0,1,1
H4,704,2017,284329,      0.00,      0.00,      0.00,      0.00,0,1,0,0,1,1
H4,704,2017,284330,      0.00,      0.00,      0.00,      0.00,0,1,0,0,1,1
H4,704,2017,284390,      0.00,      0.00,      0.00,      0.00,0,1,0,0,1,1
H4,704,2017,284410,      0.00,      0.00,      0.00,      0.00,0,2,0,0,2,2
H4,704,2017,284420,      0.00,      0.00,      0.00,      0.00,0,2,0,0,2,2
H4,704,2017,284430,      0.00,      0.00,      0.00,      0.00,0,2,0,0,2,2
H4,704,2017,284440,      0.00,      0.00,      0.00,      0.00,0,3,0,0,3,3
H4,704,2017,284450,      0.00,      0.00,      0.00,      0.00,0,1,0,0,1,1
H4,704,2017,284510,      0.00,      0.00,      0.00,      0.00,0,1,0,0,1,1
H4,704,2017,284590,      0.00,      0.00,      0.00,      0.00,0,1,0,0,1,1
H4,704,2017,284610,      0.00,      0.00,      0.00,      0.00,0,1,0,0,1,1
H4,704,2017,284690,      0.00,      0.00,      0.00,      0.00,0,1,0,0,1,1
H4,704,2017,284700,      3.00,      0.00,      3.00,      1.50,0,1,0,1,2,2
H4,704,2017,284800,      0.00,      0.00,      0.00,      0.00,0,1,0,0,1,1
H4,704,2017,284910,      0.00,      0.00,      0.00,      0.00,0,1,0,0,1,1
H4,704,2017,284920,      0.00,      0.00,      0.00,      0.00,0,1,0,0,1,1
H4,704,2017,284990,      0.00,      0.00,      0.00,      0.00,0,1,0,0,1,1
H4,704,2017,285000,      0.00,      0.00,      0.00,      0.00,0,1,0,0,1,1
H4,704,2017,285210,      3.00,      0.00,      3.00,      1.00,0,2,0,1,3,3
H4,704,2017,285290,      0.00,      0.00,      0.00,      0.00,0,2,0,0,2,2
H4,704,2017,285300,      0.00,      0.00,      0.00,      0.00,0,1,0,0,1,1
H4,704,2017,290110,      0.00,      0.00,      0.00,      0.00,0,1,0,0,1,1
H4,704,2017,290121,      0.00,      0.00,      0.00,      0.00,0,1,0,0,1,1
H4,704,2017,290122,      0.00,      0.00,      0.00,      0.00,0,1,0,0,1,1
H4,704,2017,290123,      0.00,      0.00,      0.00,      0.00,0,1,0,0,1,1
H4,704,2017,290124,      0.00,      0.00,      0.00,      0.00,0,1,0,0,1,1
H4,704,2017,290129,      0.00,      0.00,      0.00,      0.00,0,2,0,0,2,2
H4,704,2017,290211,      0.00,      0.00,      0.00,      0.00,0,1,0,0,1,1
H4,704,2017,290219,      0.00,      0.00,      0.00,      0.00,0,1,0,0,1,1
H4,704,2017,290220,      3.00,      3.00,      3.00,      3.00,0,0,0,1,1,1
H4,704,2017,290230,      0.00,      0.00,      0.00,      0.00,0,1,0,0,1,1
H4,704,2017,290241,      0.00,      0.00,      0.00,      0.00,0,1,0,0,1,1
H4,704,2017,290242,      0.00,      0.00,      0.00,      0.00,0,1,0,0,1,1
H4,704,2017,290243,      3.00,      3.00,      3.00,      3.00,0,0,0,1,1,1
H4,704,2017,290244,      0.00,      0.00,      0.00,      0.00,0,1,0,0,1,1
H4,704,2017,290250,      0.00,      0.00,      0.00,      0.00,0,1,0,0,1,1
H4,704,2017,290260,      0.00,      0.00,      0.00,      0.00,0,1,0,0,1,1
H4,704,2017,290270,      0.00,      0.00,      0.00,      0.00,0,1,0,0,1,1
H4,704,2017,290290,      2.00,      0.00,      2.00,      0.67,0,2,0,1,3,3
H4,704,2017,290311,     10.00,      5.00,      5.00,      5.00,0,0,0,2,2,2
H4,704,2017,290312,      0.00,      0.00,      0.00,      0.00,0,1,0,0,1,1
H4,704,2017,290313,      0.00,      0.00,      0.00,      0.00,0,1,0,0,1,1
H4,704,2017,290314,      5.00,      5.00,      5.00,      5.00,0,0,0,1,1,1
H4,704,2017,290315,      5.00,      5.00,      5.00,      5.00,0,0,0,1,1,1
H4,704,2017,290319,     15.00,      5.00,      5.00,      5.00,0,0,0,3,3,3
H4,704,2017,290321,      3.00,      3.00,      3.00,      3.00,0,0,0,1,1,1
H4,704,2017,290322,      5.00,      5.00,      5.00,      5.00,0,0,0,1,1,1
H4,704,2017,290323,      5.00,      5.00,      5.00,      5.00,0,0,0,1,1,1
H4,704,2017,290329,      5.00,      5.00,      5.00,      5.00,0,0,0,1,1,1
H4,704,2017,290331,      5.00,      5.00,      5.00,      5.00,0,0,0,1,1,1
H4,704,2017,290339,      5.00,      0.00,      5.00,      2.50,0,1,0,1,2,2
H4,704,2017,290371,      5.00,      5.00,      5.00,      5.00,0,0,0,1,1,1
H4,704,2017,290372,      5.00,      5.00,      5.00,      5.00,0,0,0,1,1,1
H4,704,2017,290373,      5.00,      5.00,      5.00,      5.00,0,0,0,1,1,1
H4,704,2017,290374,      5.00,      5.00,      5.00,      5.00,0,0,0,1,1,1
H4,704,2017,290375,      5.00,      5.00,      5.00,      5.00,0,0,0,1,1,1
H4,704,2017,290376,      5.00,      5.00,      5.00,      5.00,0,0,0,1,1,1
H4,704,2017,290377,      5.00,      5.00,      5.00,      5.00,0,0,0,1,1,1
H4,704,2017,290378,      5.00,      5.00,      5.00,      5.00,0,0,0,1,1,1
H4,704,2017,290379,      5.00,      5.00,      5.00,      5.00,0,0,0,1,1,1
H4,704,2017,290381,      5.00,      5.00,      5.00,      5.00,0,0,0,1,1,1
H4,704,2017,290382,      5.00,      5.00,      5.00,      5.00,0,0,0,1,1,1
H4,704,2017,290389,      5.00,      5.00,      5.00,      5.00,0,0,0,1,1,1
H4,704,2017,290391,      5.00,      5.00,      5.00,      5.00,0,0,0,1,1,1
H4,704,2017,290392,      5.00,      5.00,      5.00,      5.00,0,0,0,1,1,1
H4,704,2017,290399,      5.00,      5.00,      5.00,      5.00,0,0,0,1,1,1
H4,704,2017,290410,      3.00,      3.00,      3.00,      3.00,0,0,0,1,1,1
H4,704,2017,290420,      6.00,      3.00,      3.00,      3.00,0,0,0,2,2,2
H4,704,2017,290490,      3.00,      3.00,      3.00,      3.00,0,0,0,1,1,1
H4,704,2017,290511,      0.00,      0.00,      0.00,      0.00,0,1,0,0,1,1
H4,704,2017,290512,      0.00,      0.00,      0.00,      0.00,0,1,0,0,1,1
H4,704,2017,290513,      0.00,      0.00,      0.00,      0.00,0,1,0,0,1,1
H4,704,2017,290514,      0.00,      0.00,      0.00,      0.00,0,1,0,0,1,1
H4,704,2017,290516,      0.00,      0.00,      0.00,      0.00,0,1,0,0,1,1
H4,704,2017,290517,      0.00,      0.00,      0.00,      0.00,0,1,0,0,1,1
H4,704,2017,290519,      0.00,      0.00,      0.00,      0.00,0,1,0,0,1,1
H4,704,2017,290522,      0.00,      0.00,      0.00,      0.00,0,1,0,0,1,1
H4,704,2017,290529,      0.00,      0.00,      0.00,      0.00,0,1,0,0,1,1
H4,704,2017,290531,      0.00,      0.00,      0.00,      0.00,0,1,0,0,1,1
H4,704,2017,290532,      0.00,      0.00,      0.00,      0.00,0,1,0,0,1,1
H4,704,2017,290539,      0.00,      0.00,      0.00,      0.00,0,1,0,0,1,1
H4,704,2017,290541,      0.00,      0.00,      0.00,      0.00,0,1,0,0,1,1
H4,704,2017,290542,      0.00,      0.00,      0.00,      0.00,0,1,0,0,1,1
H4,704,2017,290543,      0.00,      0.00,      0.00,      0.00,0,1,0,0,1,1
H4,704,2017,290544,      0.00,      0.00,      0.00,      0.00,0,1,0,0,1,1
H4,704,2017,290545,      0.00,      0.00,      0.00,      0.00,0,1,0,0,1,1
H4,704,2017,290549,      0.00,      0.00,      0.00,      0.00,0,1,0,0,1,1
H4,704,2017,290551,      0.00,      0.00,      0.00,      0.00,0,1,0,0,1,1
H4,704,2017,290559,      0.00,      0.00,      0.00,      0.00,0,1,0,0,1,1
H4,704,2017,290611,      0.00,      0.00,      0.00,      0.00,0,1,0,0,1,1
H4,704,2017,290612,      0.00,      0.00,      0.00,      0.00,0,1,0,0,1,1
H4,704,2017,290613,      0.00,      0.00,      0.00,      0.00,0,1,0,0,1,1
H4,704,2017,290619,      0.00,      0.00,      0.00,      0.00,0,1,0,0,1,1
H4,704,2017,290621,      0.00,      0.00,      0.00,      0.00,0,1,0,0,1,1
H4,704,2017,290629,      0.00,      0.00,      0.00,      0.00,0,1,0,0,1,1
H4,704,2017,290711,      0.00,      0.00,      0.00,      0.00,0,1,0,0,1,1
H4,704,2017,290712,      0.00,      0.00,      0.00,      0.00,0,1,0,0,1,1
H4,704,2017,290713,      0.00,      0.00,      0.00,      0.00,0,1,0,0,1,1
H4,704,2017,290715,      0.00,      0.00,      0.00,      0.00,0,1,0,0,1,1
H4,704,2017,290719,      0.00,      0.00,      0.00,      0.00,0,1,0,0,1,1
H4,704,2017,290721,      0.00,      0.00,      0.00,      0.00,0,1,0,0,1,1
H4,704,2017,290722,      0.00,      0.00,      0.00,      0.00,0,1,0,0,1,1
H4,704,2017,290723,      0.00,      0.00,      0.00,      0.00,0,1,0,0,1,1
H4,704,2017,290729,      0.00,      0.00,      0.00,      0.00,0,2,0,0,2,2
H4,704,2017,290811,      0.00,      0.00,      0.00,      0.00,0,1,0,0,1,1
H4,704,2017,290819,      0.00,      0.00,      0.00,      0.00,0,1,0,0,1,1
H4,704,2017,290891,      0.00,      0.00,      0.00,      0.00,0,1,0,0,1,1
H4,704,2017,290892,      0.00,      0.00,      0.00,      0.00,0,1,0,0,1,1
H4,704,2017,290899,      0.00,      0.00,      0.00,      0.00,0,1,0,0,1,1
H4,704,2017,290911,      0.00,      0.00,      0.00,      0.00,0,1,0,0,1,1
H4,704,2017,290919,      0.00,      0.00,      0.00,      0.00,0,1,0,0,1,1
H4,704,2017,290920,      0.00,      0.00,      0.00,      0.00,0,1,0,0,1,1
H4,704,2017,290930,      0.00,      0.00,      0.00,      0.00,0,1,0,0,1,1
H4,704,2017,290941,      0.00,      0.00,      0.00,      0.00,0,1,0,0,1,1
H4,704,2017,290943,      0.00,      0.00,      0.00,      0.00,0,1,0,0,1,1
H4,704,2017,290944,      0.00,      0.00,      0.00,      0.00,0,1,0,0,1,1
H4,704,2017,290949,      0.00,      0.00,      0.00,      0.00,0,1,0,0,1,1
H4,704,2017,290950,      0.00,      0.00,      0.00,      0.00,0,1,0,0,1,1
H4,704,2017,290960,      0.00,      0.00,      0.00,      0.00,0,1,0,0,1,1
H4,704,2017,291010,      0.00,      0.00,      0.00,      0.00,0,1,0,0,1,1
H4,704,2017,291020,      0.00,      0.00,      0.00,      0.00,0,1,0,0,1,1
H4,704,2017,291030,      0.00,      0.00,      0.00,      0.00,0,1,0,0,1,1
H4,704,2017,291040,      0.00,      0.00,      0.00,      0.00,0,1,0,0,1,1
H4,704,2017,291090,      0.00,      0.00,      0.00,      0.00,0,1,0,0,1,1
H4,704,2017,291100,      0.00,      0.00,      0.00,      0.00,0,1,0,0,1,1
H4,704,2017,291211,      6.00,      3.00,      3.00,      3.00,0,0,0,2,2,2
H4,704,2017,291212,      0.00,      0.00,      0.00,      0.00,0,1,0,0,1,1
H4,704,2017,291219,      0.00,      0.00,      0.00,      0.00,0,2,0,0,2,2
H4,704,2017,291221,      0.00,      0.00,      0.00,      0.00,0,1,0,0,1,1
H4,704,2017,291229,      0.00,      0.00,      0.00,      0.00,0,1,0,0,1,1
H4,704,2017,291241,      0.00,      0.00,      0.00,      0.00,0,1,0,0,1,1
H4,704,2017,291242,      0.00,      0.00,      0.00,      0.00,0,1,0,0,1,1
H4,704,2017,291249,      0.00,      0.00,      0.00,      0.00,0,1,0,0,1,1
H4,704,2017,291250,      0.00,      0.00,      0.00,      0.00,0,1,0,0,1,1
H4,704,2017,291260,      0.00,      0.00,      0.00,      0.00,0,1,0,0,1,1
H4,704,2017,291300,      0.00,      0.00,      0.00,      0.00,0,1,0,0,1,1
H4,704,2017,291411,      0.00,      0.00,      0.00,      0.00,0,1,0,0,1,1
H4,704,2017,291412,      0.00,      0.00,      0.00,      0.00,0,1,0,0,1,1
H4,704,2017,291413,      0.00,      0.00,      0.00,      0.00,0,1,0,0,1,1
H4,704,2017,291419,      0.00,      0.00,      0.00,      0.00,0,1,0,0,1,1
H4,704,2017,291422,      0.00,      0.00,      0.00,      0.00,0,1,0,0,1,1
H4,704,2017,291423,      0.00,      0.00,      0.00,      0.00,0,1,0,0,1,1
H4,704,2017,291429,      0.00,      0.00,      0.00,      0.00,0,2,0,0,2,2
H4,704,2017,291431,      0.00,      0.00,      0.00,      0.00,0,1,0,0,1,1
H4,704,2017,291439,      0.00,      0.00,      0.00,      0.00,0,1,0,0,1,1
H4,704,2017,291440,      0.00,      0.00,      0.00,      0.00,0,1,0,0,1,1
H4,704,2017,291450,      0.00,      0.00,      0.00,      0.00,0,1,0,0,1,1
H4,704,2017,291461,      0.00,      0.00,      0.00,      0.00,0,1,0,0,1,1
H4,704,2017,291469,      0.00,      0.00,      0.00,      0.00,0,1,0,0,1,1
H4,704,2017,291470,      0.00,      0.00,      0.00,      0.00,0,1,0,0,1,1
H4,704,2017,291511,      0.00,      0.00,      0.00,      0.00,0,1,0,0,1,1
H4,704,2017,291512,      0.00,      0.00,      0.00,      0.00,0,1,0,0,1,1
H4,704,2017,291513,      0.00,      0.00,      0.00,      0.00,0,1,0,0,1,1
H4,704,2017,291521,      0.00,      0.00,      0.00,      0.00,0,1,0,0,1,1
H4,704,2017,291524,      0.00,      0.00,      0.00,      0.00,0,1,0,0,1,1
H4,704,2017,291529,      0.00,      0.00,      0.00,      0.00,0,2,0,0,2,2
H4,704,2017,291531,      0.00,      0.00,      0.00,      0.00,0,1,0,0,1,1
H4,704,2017,291532,      0.00,      0.00,      0.00,      0.00,0,1,0,0,1,1
H4,704,2017,291533,      0.00,      0.00,      0.00,      0.00,0,1,0,0,1,1
H4,704,2017,291536,      0.00,      0.00,      0.00,      0.00,0,1,0,0,1,1
H4,704,2017,291539,      0.00,      0.00,      0.00,      0.00,0,3,0,0,3,3
H4,704,2017,291540,      0.00,      0.00,      0.00,      0.00,0,1,0,0,1,1
H4,704,2017,291550,      0.00,      0.00,      0.00,      0.00,0,1,0,0,1,1
H4,704,2017,291560,      0.00,      0.00,      0.00,      0.00,0,1,0,0,1,1
H4,704,2017,291570,      0.00,      0.00,      0.00,      0.00,0,3,0,0,3,3
H4,704,2017,291590,      0.00,      0.00,      0.00,      0.00,0,3,0,0,3,3
H4,704,2017,291611,      0.00,      0.00,      0.00,      0.00,0,1,0,0,1,1
H4,704,2017,291612,      0.00,      0.00,      0.00,      0.00,0,1,0,0,1,1
H4,704,2017,291613,      0.00,      0.00,      0.00,      0.00,0,1,0,0,1,1
H4,704,2017,291614,      0.00,      0.00,      0.00,      0.00,0,2,0,0,2,2
H4,704,2017,291615,      0.00,      0.00,      0.00,      0.00,0,1,0,0,1,1
H4,704,2017,291616,      0.00,      0.00,      0.00,      0.00,0,1,0,0,1,1
H4,704,2017,291619,      0.00,      0.00,      0.00,      0.00,0,1,0,0,1,1
H4,704,2017,291620,      0.00,      0.00,      0.00,      0.00,0,1,0,0,1,1
H4,704,2017,291631,      5.00,      5.00,      5.00,      5.00,0,0,0,1,1,1
H4,704,2017,291632,      0.00,      0.00,      0.00,      0.00,0,1,0,0,1,1
H4,704,2017,291634,      0.00,      0.00,      0.00,      0.00,0,1,0,0,1,1
H4,704,2017,291639,      0.00,      0.00,      0.00,      0.00,0,3,0,0,3,3
H4,704,2017,291711,      0.00,      0.00,      0.00,      0.00,0,1,0,0,1,1
H4,704,2017,291712,      5.00,      0.00,      5.00,      2.50,0,1,0,1,2,2
H4,704,2017,291713,      0.00,      0.00,      0.00,      0.00,0,1,0,0,1,1
H4,704,2017,291714,      0.00,      0.00,      0.00,      0.00,0,1,0,0,1,1
H4,704,2017,291719,      0.00,      0.00,      0.00,      0.00,0,1,0,0,1,1
H4,704,2017,291720,      0.00,      0.00,      0.00,      0.00,0,1,0,0,1,1
H4,704,2017,291732,     10.00,     10.00,     10.00,     10.00,0,0,0,1,1,1
H4,704,2017,291733,     10.00,     10.00,     10.00,     10.00,0,0,0,1,1,1
H4,704,2017,291734,     20.00,     10.00,     10.00,     10.00,0,0,0,2,2,2
H4,704,2017,291735,      0.00,      0.00,      0.00,      0.00,0,1,0,0,1,1
H4,704,2017,291736,      0.00,      0.00,      0.00,      0.00,0,1,0,0,1,1
H4,704,2017,291737,      0.00,      0.00,      0.00,      0.00,0,1,0,0,1,1
H4,704,2017,291739,      5.00,      0.00,      5.00,      1.67,0,2,0,1,3,3
H4,704,2017,291811,      0.00,      0.00,      0.00,      0.00,0,1,0,0,1,1
H4,704,2017,291812,      0.00,      0.00,      0.00,      0.00,0,1,0,0,1,1
H4,704,2017,291813,      0.00,      0.00,      0.00,      0.00,0,1,0,0,1,1
H4,704,2017,291814,      5.00,      5.00,      5.00,      5.00,0,0,0,1,1,1
H4,704,2017,291815,     10.00,      5.00,      5.00,      5.00,0,0,0,2,2,2
H4,704,2017,291816,      0.00,      0.00,      0.00,      0.00,0,1,0,0,1,1
H4,704,2017,291818,      0.00,      0.00,      0.00,      0.00,0,1,0,0,1,1
H4,704,2017,291819,      0.00,      0.00,      0.00,      0.00,0,1,0,0,1,1
H4,704,2017,291821,      0.00,      0.00,      0.00,      0.00,0,1,0,0,1,1
H4,704,2017,291822,      0.00,      0.00,      0.00,      0.00,0,1,0,0,1,1
H4,704,2017,291823,      0.00,      0.00,      0.00,      0.00,0,1,0,0,1,1
H4,704,2017,291829,      0.00,      0.00,      0.00,      0.00,0,2,0,0,2,2
H4,704,2017,291830,      0.00,      0.00,      0.00,      0.00,0,1,0,0,1,1
H4,704,2017,291891,      0.00,      0.00,      0.00,      0.00,0,1,0,0,1,1
H4,704,2017,291899,      0.00,      0.00,      0.00,      0.00,0,1,0,0,1,1
H4,704,2017,291910,      3.00,      3.00,      3.00,      3.00,0,0,0,1,1,1
H4,704,2017,291990,      3.00,      3.00,      3.00,      3.00,0,0,0,1,1,1
H4,704,2017,292011,      0.00,      0.00,      0.00,      0.00,0,1,0,0,1,1
H4,704,2017,292019,      0.00,      0.00,      0.00,      0.00,0,1,0,0,1,1
H4,704,2017,292090,      0.00,      0.00,      0.00,      0.00,0,2,0,0,2,2
H4,704,2017,292111,      0.00,      0.00,      0.00,      0.00,0,1,0,0,1,1
H4,704,2017,292119,      0.00,      0.00,      0.00,      0.00,0,1,0,0,1,1
H4,704,2017,292121,      0.00,      0.00,      0.00,      0.00,0,1,0,0,1,1
H4,704,2017,292122,      0.00,      0.00,      0.00,      0.00,0,1,0,0,1,1
H4,704,2017,292129,      0.00,      0.00,      0.00,      0.00,0,1,0,0,1,1
H4,704,2017,292130,      0.00,      0.00,      0.00,      0.00,0,1,0,0,1,1
H4,704,2017,292141,      0.00,      0.00,      0.00,      0.00,0,1,0,0,1,1
H4,704,2017,292142,      0.00,      0.00,      0.00,      0.00,0,1,0,0,1,1
H4,704,2017,292143,      0.00,      0.00,      0.00,      0.00,0,1,0,0,1,1
H4,704,2017,292144,      0.00,      0.00,      0.00,      0.00,0,1,0,0,1,1
H4,704,2017,292145,      0.00,      0.00,      0.00,      0.00,0,1,0,0,1,1
H4,704,2017,292146,      0.00,      0.00,      0.00,      0.00,0,1,0,0,1,1
H4,704,2017,292149,      0.00,      0.00,      0.00,      0.00,0,1,0,0,1,1
H4,704,2017,292151,      0.00,      0.00,      0.00,      0.00,0,1,0,0,1,1
H4,704,2017,292159,      0.00,      0.00,      0.00,      0.00,0,1,0,0,1,1
H4,704,2017,292211,      3.00,      3.00,      3.00,      3.00,0,0,0,1,1,1
H4,704,2017,292212,      3.00,      3.00,      3.00,      3.00,0,0,0,1,1,1
H4,704,2017,292213,      3.00,      3.00,      3.00,      3.00,0,0,0,1,1,1
H4,704,2017,292214,      0.00,      0.00,      0.00,      0.00,0,1,0,0,1,1
H4,704,2017,292219,      6.00,      0.00,      3.00,      2.00,0,1,0,2,3,3
H4,704,2017,292221,      3.00,      3.00,      3.00,      3.00,0,0,0,1,1,1
H4,704,2017,292229,      3.00,      3.00,      3.00,      3.00,0,0,0,1,1,1
H4,704,2017,292231,      0.00,      0.00,      0.00,      0.00,0,1,0,0,1,1
H4,704,2017,292239,      3.00,      3.00,      3.00,      3.00,0,0,0,1,1,1
H4,704,2017,292241,      0.00,      0.00,      0.00,      0.00,0,1,0,0,1,1
H4,704,2017,292242,     50.00,     10.00,     20.00,     16.67,0,0,0,3,3,3
H4,704,2017,292243,      3.00,      3.00,      3.00,      3.00,0,0,0,1,1,1
H4,704,2017,292244,      3.00,      3.00,      3.00,      3.00,0,0,0,1,1,1
H4,704,2017,292249,      0.00,      0.00,      0.00,      0.00,0,2,0,0,2,2
H4,704,2017,292250,      0.00,      0.00,      0.00,      0.00,0,2,0,0,2,2
H4,704,2017,292310,      0.00,      0.00,      0.00,      0.00,0,1,0,0,1,1
H4,704,2017,292320,      3.00,      0.00,      3.00,      1.50,0,1,0,1,2,2
H4,704,2017,292390,      0.00,      0.00,      0.00,      0.00,0,1,0,0,1,1
H4,704,2017,292411,      0.00,      0.00,      0.00,      0.00,0,1,0,0,1,1
H4,704,2017,292412,      0.00,      0.00,      0.00,      0.00,0,1,0,0,1,1
H4,704,2017,292419,      0.00,      0.00,      0.00,      0.00,0,1,0,0,1,1
H4,704,2017,292421,      0.00,      0.00,      0.00,      0.00,0,3,0,0,3,3
H4,704,2017,292423,      3.00,      3.00,      3.00,      3.00,0,0,0,1,1,1
H4,704,2017,292424,      0.00,      0.00,      0.00,      0.00,0,1,0,0,1,1
H4,704,2017,292429,     13.00,      0.00,     10.00,      4.33,0,1,0,2,3,3
H4,704,2017,292511,     10.00,     10.00,     10.00,     10.00,0,0,0,1,1,1
H4,704,2017,292512,      0.00,      0.00,      0.00,      0.00,0,1,0,0,1,1
H4,704,2017,292519,      0.00,      0.00,      0.00,      0.00,0,1,0,0,1,1
H4,704,2017,292521,      0.00,      0.00,      0.00,      0.00,0,1,0,0,1,1
H4,704,2017,292529,      0.00,      0.00,      0.00,      0.00,0,1,0,0,1,1
H4,704,2017,292610,      0.00,      0.00,      0.00,      0.00,0,1,0,0,1,1
H4,704,2017,292620,      0.00,      0.00,      0.00,      0.00,0,1,0,0,1,1
H4,704,2017,292630,      0.00,      0.00,      0.00,      0.00,0,1,0,0,1,1
H4,704,2017,292690,      0.00,      0.00,      0.00,      0.00,0,1,0,0,1,1
H4,704,2017,292700,      0.00,      0.00,      0.00,      0.00,0,2,0,0,2,2
H4,704,2017,292800,      0.00,      0.00,      0.00,      0.00,0,2,0,0,2,2
H4,704,2017,292910,      5.00,      0.00,      5.00,      1.67,0,2,0,1,3,3
H4,704,2017,292990,     10.00,      0.00,      5.00,      3.33,0,1,0,2,3,3
H4,704,2017,293020,      0.00,      0.00,      0.00,      0.00,0,1,0,0,1,1
H4,704,2017,293030,      0.00,      0.00,      0.00,      0.00,0,1,0,0,1,1
H4,704,2017,293040,      0.00,      0.00,      0.00,      0.00,0,1,0,0,1,1
H4,704,2017,293050,      0.00,      0.00,      0.00,      0.00,0,1,0,0,1,1
H4,704,2017,293090,      0.00,      0.00,      0.00,      0.00,0,2,0,0,2,2
H4,704,2017,293110,      0.00,      0.00,      0.00,      0.00,0,2,0,0,2,2
H4,704,2017,293120,      0.00,      0.00,      0.00,      0.00,0,1,0,0,1,1
H4,704,2017,293190,      0.00,      0.00,      0.00,      0.00,0,5,0,0,5,5
H4,704,2017,293211,      0.00,      0.00,      0.00,      0.00,0,1,0,0,1,1
H4,704,2017,293212,      0.00,      0.00,      0.00,      0.00,0,1,0,0,1,1
H4,704,2017,293213,      0.00,      0.00,      0.00,      0.00,0,1,0,0,1,1
H4,704,2017,293219,      0.00,      0.00,      0.00,      0.00,0,1,0,0,1,1
H4,704,2017,293220,      0.00,      0.00,      0.00,      0.00,0,1,0,0,1,1
H4,704,2017,293291,      0.00,      0.00,      0.00,      0.00,0,1,0,0,1,1
H4,704,2017,293292,      0.00,      0.00,      0.00,      0.00,0,1,0,0,1,1
H4,704,2017,293293,      0.00,      0.00,      0.00,      0.00,0,1,0,0,1,1
H4,704,2017,293294,      0.00,      0.00,      0.00,      0.00,0,1,0,0,1,1
H4,704,2017,293295,      0.00,      0.00,      0.00,      0.00,0,1,0,0,1,1
H4,704,2017,293299,      0.00,      0.00,      0.00,      0.00,0,2,0,0,2,2
H4,704,2017,293311,      0.00,      0.00,      0.00,      0.00,0,2,0,0,2,2
H4,704,2017,293319,      0.00,      0.00,      0.00,      0.00,0,1,0,0,1,1
H4,704,2017,293321,      0.00,      0.00,      0.00,      0.00,0,1,0,0,1,1
H4,704,2017,293329,      0.00,      0.00,      0.00,      0.00,0,2,0,0,2,2
H4,704,2017,293331,      0.00,      0.00,      0.00,      0.00,0,1,0,0,1,1
H4,704,2017,293332,      0.00,      0.00,      0.00,      0.00,0,1,0,0,1,1
H4,704,2017,293333,      0.00,      0.00,      0.00,      0.00,0,1,0,0,1,1
H4,704,2017,293339,      0.00,      0.00,      0.00,      0.00,0,3,0,0,3,3
H4,704,2017,293341,      0.00,      0.00,      0.00,      0.00,0,1,0,0,1,1
H4,704,2017,293349,      0.00,      0.00,      0.00,      0.00,0,1,0,0,1,1
H4,704,2017,293352,      0.00,      0.00,      0.00,      0.00,0,1,0,0,1,1
H4,704,2017,293353,      0.00,      0.00,      0.00,      0.00,0,1,0,0,1,1
H4,704,2017,293354,      0.00,      0.00,      0.00,      0.00,0,1,0,0,1,1
H4,704,2017,293355,      0.00,      0.00,      0.00,      0.00,0,1,0,0,1,1
H4,704,2017,293359,      0.00,      0.00,      0.00,      0.00,0,2,0,0,2,2
H4,704,2017,293361,      0.00,      0.00,      0.00,      0.00,0,1,0,0,1,1
H4,704,2017,293369,      0.00,      0.00,      0.00,      0.00,0,1,0,0,1,1
H4,704,2017,293371,      0.00,      0.00,      0.00,      0.00,0,1,0,0,1,1
H4,704,2017,293372,      0.00,      0.00,      0.00,      0.00,0,1,0,0,1,1
H4,704,2017,293379,      0.00,      0.00,      0.00,      0.00,0,1,0,0,1,1
H4,704,2017,293391,      0.00,      0.00,      0.00,      0.00,0,1,0,0,1,1
H4,704,2017,293399,      0.00,      0.00,      0.00,      0.00,0,2,0,0,2,2
H4,704,2017,293410,      0.00,      0.00,      0.00,      0.00,0,1,0,0,1,1
H4,704,2017,293420,      0.00,      0.00,      0.00,      0.00,0,1,0,0,1,1
H4,704,2017,293430,      0.00,      0.00,      0.00,      0.00,0,1,0,0,1,1
H4,704,2017,293491,      0.00,      0.00,      0.00,      0.00,0,1,0,0,1,1
H4,704,2017,293499,     25.00,      0.00,     10.00,      4.17,0,2,0,4,6,6
H4,704,2017,293500,      0.00,      0.00,      0.00,      0.00,0,1,0,0,1,1
H4,704,2017,293621,      0.00,      0.00,      0.00,      0.00,0,1,0,0,1,1
H4,704,2017,293622,      0.00,      0.00,      0.00,      0.00,0,1,0,0,1,1
H4,704,2017,293623,      0.00,      0.00,      0.00,      0.00,0,1,0,0,1,1
H4,704,2017,293624,      0.00,      0.00,      0.00,      0.00,0,1,0,0,1,1
H4,704,2017,293625,      0.00,      0.00,      0.00,      0.00,0,1,0,0,1,1
H4,704,2017,293626,      0.00,      0.00,      0.00,      0.00,0,1,0,0,1,1
H4,704,2017,293627,      0.00,      0.00,      0.00,      0.00,0,1,0,0,1,1
H4,704,2017,293628,      0.00,      0.00,      0.00,      0.00,0,1,0,0,1,1
H4,704,2017,293629,      0.00,      0.00,      0.00,      0.00,0,1,0,0,1,1
H4,704,2017,293690,      0.00,      0.00,      0.00,      0.00,0,1,0,0,1,1
H4,704,2017,293711,      0.00,      0.00,      0.00,      0.00,0,1,0,0,1,1
H4,704,2017,293712,      0.00,      0.00,      0.00,      0.00,0,1,0,0,1,1
H4,704,2017,293719,      0.00,      0.00,      0.00,      0.00,0,1,0,0,1,1
H4,704,2017,293721,      0.00,      0.00,      0.00,      0.00,0,1,0,0,1,1
H4,704,2017,293722,      0.00,      0.00,      0.00,      0.00,0,1,0,0,1,1
H4,704,2017,293723,      0.00,      0.00,      0.00,      0.00,0,1,0,0,1,1
H4,704,2017,293729,      0.00,      0.00,      0.00,      0.00,0,1,0,0,1,1
H4,704,2017,293750,      0.00,      0.00,      0.00,      0.00,0,1,0,0,1,1
H4,704,2017,293790,      0.00,      0.00,      0.00,      0.00,0,2,0,0,2,2
H4,704,2017,293810,      3.00,      3.00,      3.00,      3.00,0,0,0,1,1,1
H4,704,2017,293890,      3.00,      3.00,      3.00,      3.00,0,0,0,1,1,1
H4,704,2017,293911,      0.00,      0.00,      0.00,      0.00,0,2,0,0,2,2
H4,704,2017,293919,      0.00,      0.00,      0.00,      0.00,0,1,0,0,1,1
H4,704,2017,293920,      0.00,      0.00,      0.00,      0.00,0,2,0,0,2,2
H4,704,2017,293930,      0.00,      0.00,      0.00,      0.00,0,1,0,0,1,1
H4,704,2017,293941,      0.00,      0.00,      0.00,      0.00,0,1,0,0,1,1
H4,704,2017,293942,      0.00,      0.00,      0.00,      0.00,0,1,0,0,1,1
H4,704,2017,293943,      0.00,      0.00,      0.00,      0.00,0,1,0,0,1,1
H4,704,2017,293944,      0.00,      0.00,      0.00,      0.00,0,1,0,0,1,1
H4,704,2017,293949,      0.00,      0.00,      0.00,      0.00,0,1,0,0,1,1
H4,704,2017,293951,      0.00,      0.00,      0.00,      0.00,0,1,0,0,1,1
H4,704,2017,293959,      0.00,      0.00,      0.00,      0.00,0,1,0,0,1,1
H4,704,2017,293961,      0.00,      0.00,      0.00,      0.00,0,1,0,0,1,1
H4,704,2017,293962,      0.00,      0.00,      0.00,      0.00,0,1,0,0,1,1
H4,704,2017,293963,      0.00,      0.00,      0.00,      0.00,0,1,0,0,1,1
H4,704,2017,293969,      0.00,      0.00,      0.00,      0.00,0,1,0,0,1,1
H4,704,2017,293991,      0.00,      0.00,      0.00,      0.00,0,2,0,0,2,2
H4,704,2017,293999,      0.00,      0.00,      0.00,      0.00,0,2,0,0,2,2
H4,704,2017,294000,      3.00,      3.00,      3.00,      3.00,0,0,0,1,1,1
H4,704,2017,294110,     25.00,      0.00,     10.00,      6.25,0,1,0,3,4,4
H4,704,2017,294120,      0.00,      0.00,      0.00,      0.00,0,1,0,0,1,1
H4,704,2017,294130,      0.00,      0.00,      0.00,      0.00,0,1,0,0,1,1
H4,704,2017,294140,      0.00,      0.00,      0.00,      0.00,0,1,0,0,1,1
H4,704,2017,294150,      0.00,      0.00,      0.00,      0.00,0,1,0,0,1,1
H4,704,2017,294190,      0.00,      0.00,      0.00,      0.00,0,1,0,0,1,1
H4,704,2017,294200,      3.00,      3.00,      3.00,      3.00,0,0,0,1,1,1
H4,704,2017,300120,      0.00,      0.00,      0.00,      0.00,0,1,0,0,1,1
H4,704,2017,300190,      0.00,      0.00,      0.00,      0.00,0,1,0,0,1,1
H4,704,2017,300210,      0.00,      0.00,      0.00,      0.00,0,4,0,0,4,4
H4,704,2017,300220,      0.00,      0.00,      0.00,      0.00,0,3,0,0,3,3
H4,704,2017,300230,      0.00,      0.00,      0.00,      0.00,0,1,0,0,1,1
H4,704,2017,300290,      0.00,      0.00,      0.00,      0.00,0,1,0,0,1,1
H4,704,2017,300310,     16.00,      0.00,      8.00,      5.33,0,1,0,2,3,3
H4,704,2017,300320,      0.00,      0.00,      0.00,      0.00,0,1,0,0,1,1
H4,704,2017,300331,      0.00,      0.00,      0.00,      0.00,0,1,0,0,1,1
H4,704,2017,300339,      0.00,      0.00,      0.00,      0.00,0,1,0,0,1,1
H4,704,2017,300340,      0.00,      0.00,      0.00,      0.00,0,1,0,0,1,1
H4,704,2017,300390,      0.00,      0.00,      0.00,      0.00,0,1,0,0,1,1
H4,704,2017,300410,     13.00,      0.00,      8.00,      2.60,0,3,0,2,5,5
H4,704,2017,300420,     20.00,      0.00,      5.00,      2.50,0,4,0,4,8,8
H4,704,2017,300431,      0.00,      0.00,      0.00,      0.00,0,1,0,0,1,1
H4,704,2017,300432,      5.00,      0.00,      5.00,      1.67,0,2,0,1,3,3
H4,704,2017,300439,      0.00,      0.00,      0.00,      0.00,0,1,0,0,1,1
H4,704,2017,300440,     15.00,      0.00,      5.00,      1.88,0,5,0,3,8,8
H4,704,2017,300450,      0.00,      0.00,      0.00,      0.00,0,5,0,0,5,5
H4,704,2017,300490,     74.00,      0.00,      5.00,      2.55,0,13,0,16,29,29
H4,704,2017,300510,     16.00,      8.00,      8.00,      8.00,0,0,0,2,2,2
H4,704,2017,300590,     24.00,      8.00,      8.00,      8.00,0,0,0,3,3,3
H4,704,2017,300610,      0.00,      0.00,      0.00,      0.00,0,2,0,0,2,2
H4,704,2017,300620,      0.00,      0.00,      0.00,      0.00,0,1,0,0,1,1
H4,704,2017,300630,      7.00,      0.00,      7.00,      1.75,0,3,0,1,4,4
H4,704,2017,300640,      0.00,      0.00,      0.00,      0.00,0,2,0,0,2,2
H4,704,2017,300650,      0.00,      0.00,      0.00,      0.00,0,1,0,0,1,1
H4,704,2017,300660,      0.00,      0.00,      0.00,      0.00,0,1,0,0,1,1
H4,704,2017,300670,      0.00,      0.00,      0.00,      0.00,0,1,0,0,1,1
H4,704,2017,300691,      5.00,      5.00,      5.00,      5.00,0,0,0,1,1,1
H4,704,2017,300692,     28.00,     14.00,     14.00,     14.00,0,0,0,2,2,2
H4,704,2017,310100,      0.00,      0.00,      0.00,      0.00,0,6,0,0,6,6
H4,704,2017,310210,      6.00,      6.00,      6.00,      6.00,0,0,0,1,1,1
H4,704,2017,310221,      0.00,      0.00,      0.00,      0.00,0,1,0,0,1,1
H4,704,2017,310229,      0.00,      0.00,      0.00,      0.00,0,1,0,0,1,1
H4,704,2017,310230,      3.00,      3.00,      3.00,      3.00,0,0,0,1,1,1
H4,704,2017,310240,      0.00,      0.00,      0.00,      0.00,0,1,0,0,1,1
H4,704,2017,310250,      0.00,      0.00,      0.00,      0.00,0,1,0,0,1,1
H4,704,2017,310260,      0.00,      0.00,      0.00,      0.00,0,1,0,0,1,1
H4,704,2017,310280,      0.00,      0.00,      0.00,      0.00,0,1,0,0,1,1
H4,704,2017,310290,      0.00,      0.00,      0.00,      0.00,0,1,0,0,1,1
H4,704,2017,310310,     12.00,      6.00,      6.00,      6.00,0,0,0,2,2,2
H4,704,2017,310390,      6.00,      0.00,      6.00,      3.00,0,1,0,1,2,2
H4,704,2017,310420,      0.00,      0.00,      0.00,      0.00,0,1,0,0,1,1
H4,704,2017,310430,      0.00,      0.00,      0.00,      0.00,0,1,0,0,1,1
H4,704,2017,310490,      0.00,      0.00,      0.00,      0.00,0,1,0,0,1,1
H4,704,2017,310510,     12.00,      0.00,      6.00,      4.00,0,1,0,2,3,3
H4,704,2017,310520,      6.00,      6.00,      6.00,      6.00,0,0,0,1,1,1
H4,704,2017,310530,      6.00,      6.00,      6.00,      6.00,0,0,0,1,1,1
H4,704,2017,310540,      0.00,      0.00,      0.00,      0.00,0,1,0,0,1,1
H4,704,2017,310551,      0.00,      0.00,      0.00,      0.00,0,1,0,0,1,1
H4,704,2017,310559,      0.00,      0.00,      0.00,      0.00,0,1,0,0,1,1
H4,704,2017,310560,      0.00,      0.00,      0.00,      0.00,0,1,0,0,1,1
H4,704,2017,310590,      0.00,      0.00,      0.00,      0.00,0,1,0,0,1,1
H4,704,2017,320110,      0.00,      0.00,      0.00,      0.00,0,1,0,0,1,1
H4,704,2017,320120,      0.00,      0.00,      0.00,      0.00,0,1,0,0,1,1
H4,704,2017,320190,      0.00,      0.00,      0.00,      0.00,0,2,0,0,2,2
H4,704,2017,320210,      0.00,      0.00,      0.00,      0.00,0,1,0,0,1,1
H4,704,2017,320290,      0.00,      0.00,      0.00,      0.00,0,1,0,0,1,1
H4,704,2017,320300,     10.00,      5.00,      5.00,      5.00,0,0,0,2,2,2
H4,704,2017,320411,      0.00,      0.00,      0.00,      0.00,0,2,0,0,2,2
H4,704,2017,320412,      0.00,      0.00,      0.00,      0.00,0,2,0,0,2,2
H4,704,2017,320413,      0.00,      0.00,      0.00,      0.00,0,1,0,0,1,1
H4,704,2017,320414,      0.00,      0.00,      0.00,      0.00,0,1,0,0,1,1
H4,704,2017,320415,      0.00,      0.00,      0.00,      0.00,0,1,0,0,1,1
H4,704,2017,320416,      0.00,      0.00,      0.00,      0.00,0,1,0,0,1,1
H4,704,2017,320417,      0.00,      0.00,      0.00,      0.00,0,1,0,0,1,1
H4,704,2017,320419,      0.00,      0.00,      0.00,      0.00,0,1,0,0,1,1
H4,704,2017,320420,      0.00,      0.00,      0.00,      0.00,0,1,0,0,1,1
H4,704,2017,320490,      0.00,      0.00,      0.00,      0.00,0,1,0,0,1,1
H4,704,2017,320500,      0.00,      0.00,      0.00,      0.00,0,1,0,0,1,1
H4,704,2017,320611,      0.00,      0.00,      0.00,      0.00,0,2,0,0,2,2
H4,704,2017,320619,      0.00,      0.00,      0.00,      0.00,0,2,0,0,2,2
H4,704,2017,320620,      0.00,      0.00,      0.00,      0.00,0,2,0,0,2,2
H4,704,2017,320641,      0.00,      0.00,      0.00,      0.00,0,2,0,0,2,2
H4,704,2017,320642,      0.00,      0.00,      0.00,      0.00,0,2,0,0,2,2
H4,704,2017,320649,      0.00,      0.00,      0.00,      0.00,0,2,0,0,2,2
H4,704,2017,320650,      0.00,      0.00,      0.00,      0.00,0,2,0,0,2,2
H4,704,2017,320710,      0.00,      0.00,      0.00,      0.00,0,1,0,0,1,1
H4,704,2017,320720,      0.00,      0.00,      0.00,      0.00,0,2,0,0,2,2
H4,704,2017,320730,      0.00,      0.00,      0.00,      0.00,0,1,0,0,1,1
H4,704,2017,320740,      0.00,      0.00,      0.00,      0.00,0,1,0,0,1,1
H4,704,2017,320810,     35.00,      5.00,     10.00,      8.75,0,0,0,4,4,4
H4,704,2017,320820,     45.00,      5.00,     10.00,      9.00,0,0,0,5,5,5
H4,704,2017,320890,     70.00,      5.00,     10.00,      8.75,0,0,0,8,8,8
H4,704,2017,320910,     55.00,      5.00,     20.00,     11.00,0,0,0,5,5,5
H4,704,2017,320990,     30.00,     10.00,     10.00,     10.00,0,0,0,3,3,3
H4,704,2017,321000,     65.00,      0.00,     20.00,     10.83,0,1,0,5,6,6
H4,704,2017,321100,      3.00,      3.00,      3.00,      3.00,0,0,0,1,1,1
H4,704,2017,321210,      3.00,      3.00,      3.00,      3.00,0,0,0,1,1,1
H4,704,2017,321290,     25.00,      3.00,      5.00,      3.57,0,0,0,7,7,7
H4,704,2017,321310,      5.00,      5.00,      5.00,      5.00,0,0,0,1,1,1
H4,704,2017,321390,      5.00,      5.00,      5.00,      5.00,0,0,0,1,1,1
H4,704,2017,321410,      5.00,      5.00,      5.00,      5.00,0,0,0,1,1,1
H4,704,2017,321490,      5.00,      5.00,      5.00,      5.00,0,0,0,1,1,1
H4,704,2017,321511,     10.00,      5.00,      5.00,      5.00,0,0,0,2,2,2
H4,704,2017,321519,      5.00,      5.00,      5.00,      5.00,0,0,0,1,1,1
H4,704,2017,321590,     26.00,      5.00,      7.00,      6.50,0,0,0,4,4,4
H4,704,2017,330112,      5.00,      5.00,      5.00,      5.00,0,0,0,1,1,1
H4,704,2017,330113,      5.00,      5.00,      5.00,      5.00,0,0,0,1,1,1
H4,704,2017,330119,      5.00,      5.00,      5.00,      5.00,0,0,0,1,1,1
H4,704,2017,330124,      5.00,      5.00,      5.00,      5.00,0,0,0,1,1,1
H4,704,2017,330125,      5.00,      5.00,      5.00,      5.00,0,0,0,1,1,1
H4,704,2017,330129,      5.00,      5.00,      5.00,      5.00,0,0,0,1,1,1
H4,704,2017,330130,      5.00,      5.00,      5.00,      5.00,0,0,0,1,1,1
H4,704,2017,330190,     10.00,      5.00,      5.00,      5.00,0,0,0,2,2,2
H4,704,2017,330210,     28.00,      8.00,     10.00,      9.33,0,0,0,3,3,3
H4,704,2017,330290,      5.00,      5.00,      5.00,      5.00,0,0,0,1,1,1
H4,704,2017,330300,     18.00,     18.00,     18.00,     18.00,0,0,0,1,1,1
H4,704,2017,330410,     20.00,     20.00,     20.00,     20.00,0,0,0,1,1,1
H4,704,2017,330420,     22.00,     22.00,     22.00,     22.00,0,0,0,1,1,1
H4,704,2017,330430,     22.00,     22.00,     22.00,     22.00,0,0,0,1,1,1
H4,704,2017,330491,     22.00,     22.00,     22.00,     22.00,0,0,0,1,1,1
H4,704,2017,330499,     50.00,     10.00,     20.00,     16.67,0,0,0,3,3,3
H4,704,2017,330510,     30.00,     15.00,     15.00,     15.00,0,0,0,2,2,2
H4,704,2017,330520,     15.00,     15.00,     15.00,     15.00,0,0,0,1,1,1
H4,704,2017,330530,     15.00,     15.00,     15.00,     15.00,0,0,0,1,1,1
H4,704,2017,330590,     20.00,     20.00,     20.00,     20.00,0,0,0,1,1,1
H4,704,2017,330610,     40.00,     20.00,     20.00,     20.00,0,0,0,2,2,2
H4,704,2017,330620,      6.00,      6.00,      6.00,      6.00,0,0,0,1,1,1
H4,704,2017,330690,     20.00,     20.00,     20.00,     20.00,0,0,0,1,1,1
H4,704,2017,330710,     18.00,     18.00,     18.00,     18.00,0,0,0,1,1,1
H4,704,2017,330720,     20.00,     20.00,     20.00,     20.00,0,0,0,1,1,1
H4,704,2017,330730,     20.00,     20.00,     20.00,     20.00,0,0,0,1,1,1
H4,704,2017,330741,     40.00,     20.00,     20.00,     20.00,0,0,0,2,2,2
H4,704,2017,330749,     40.00,     20.00,     20.00,     20.00,0,0,0,2,2,2
H4,704,2017,330790,     84.00,      6.00,     20.00,     16.80,0,0,0,5,5,5
H4,704,2017,340111,     80.00,     20.00,     20.00,     20.00,0,0,0,4,4,4
H4,704,2017,340119,     44.00,     22.00,     22.00,     22.00,0,0,0,2,2,2
H4,704,2017,340120,     61.00,     17.00,     22.00,     20.33,0,0,0,3,3,3
H4,704,2017,340130,     27.00,     27.00,     27.00,     27.00,0,0,0,1,1,1
H4,704,2017,340211,     32.00,      8.00,      8.00,      8.00,0,0,0,4,4,4
H4,704,2017,340212,     16.00,      8.00,      8.00,      8.00,0,0,0,2,2,2
H4,704,2017,340213,      8.00,      3.00,      5.00,      4.00,0,0,0,2,2,2
H4,704,2017,340219,      8.00,      0.00,      8.00,      4.00,0,1,0,1,2,2
H4,704,2017,340220,     72.00,      8.00,     10.00,      9.00,0,0,0,8,8,8
H4,704,2017,340290,    100.00,      8.00,     10.00,      8.33,0,0,0,12,12,12
H4,704,2017,340311,     15.00,      5.00,      5.00,      5.00,0,0,0,3,3,3
H4,704,2017,340319,     38.00,      5.00,     18.00,      9.50,0,0,0,4,4,4
H4,704,2017,340391,     15.00,      5.00,      5.00,      5.00,0,0,0,3,3,3
H4,704,2017,340399,     40.00,      5.00,     20.00,     10.00,0,0,0,4,4,4
H4,704,2017,340420,      3.00,      3.00,      3.00,      3.00,0,0,0,1,1,1
H4,704,2017,340490,      3.00,      3.00,      3.00,      3.00,0,0,0,1,1,1
H4,704,2017,340510,     20.00,     20.00,     20.00,     20.00,0,0,0,1,1,1
H4,704,2017,340520,     20.00,     20.00,     20.00,     20.00,0,0,0,1,1,1
H4,704,2017,340530,     20.00,     20.00,     20.00,     20.00,0,0,0,1,1,1
H4,704,2017,340540,     30.00,     15.00,     15.00,     15.00,0,0,0,2,2,2
H4,704,2017,340590,     40.00,     20.00,     20.00,     20.00,0,0,0,2,2,2
H4,704,2017,340600,     20.00,     20.00,     20.00,     20.00,0,0,0,1,1,1
H4,704,2017,340700,      5.00,      0.00,      5.00,      1.67,0,2,0,1,3,3
H4,704,2017,350110,     10.00,     10.00,     10.00,     10.00,0,0,0,1,1,1
H4,704,2017,350190,     20.00,     10.00,     10.00,     10.00,0,0,0,2,2,2
H4,704,2017,350211,     10.00,     10.00,     10.00,     10.00,0,0,0,1,1,1
H4,704,2017,350219,     10.00,     10.00,     10.00,     10.00,0,0,0,1,1,1
H4,704,2017,350220,     10.00,     10.00,     10.00,     10.00,0,0,0,1,1,1
H4,704,2017,350290,     10.00,     10.00,     10.00,     10.00,0,0,0,1,1,1
H4,704,2017,350300,     33.00,      3.00,     10.00,      6.60,0,0,0,5,5,5
H4,704,2017,350400,      5.00,      5.00,      5.00,      5.00,0,0,0,1,1,1
H4,704,2017,350510,     10.00,      5.00,      5.00,      5.00,0,0,0,2,2,2
H4,704,2017,350520,     20.00,     20.00,     20.00,     20.00,0,0,0,1,1,1
H4,704,2017,350610,     14.00,     14.00,     14.00,     14.00,0,0,0,1,1,1
H4,704,2017,350691,     14.00,     14.00,     14.00,     14.00,0,0,0,1,1,1
H4,704,2017,350699,     14.00,     14.00,     14.00,     14.00,0,0,0,1,1,1
H4,704,2017,350710,      3.00,      3.00,      3.00,      3.00,0,0,0,1,1,1
H4,704,2017,350790,      3.00,      3.00,      3.00,      3.00,0,0,0,1,1,1
H4,704,2017,360100,      0.00,      0.00,      0.00,      0.00,0,1,0,0,1,1
H4,704,2017,360200,      0.00,      0.00,      0.00,      0.00,0,1,0,0,1,1
H4,704,2017,360300,      0.00,      0.00,      0.00,      0.00,0,3,0,0,3,3
H4,704,2017,360410,     20.00,     20.00,     20.00,     20.00,0,0,0,1,1,1
H4,704,2017,360490,     20.00,      0.00,     20.00,      6.67,0,2,0,1,3,3
H4,704,2017,360500,     20.00,     20.00,     20.00,     20.00,0,0,0,1,1,1
H4,704,2017,360610,     20.00,     20.00,     20.00,     20.00,0,0,0,1,1,1
H4,704,2017,360690,    100.00,     20.00,     20.00,     20.00,0,0,0,5,5,5
H4,704,2017,370110,      0.00,      0.00,      0.00,      0.00,0,1,0,0,1,1
H4,704,2017,370120,      6.00,      6.00,      6.00,      6.00,0,0,0,1,1,1
H4,704,2017,370130,      6.00,      6.00,      6.00,      6.00,0,0,0,1,1,1
H4,704,2017,370191,     11.00,      5.00,      6.00,      5.50,0,0,0,2,2,2
H4,704,2017,370199,     11.00,      5.00,      6.00,      5.50,0,0,0,2,2,2
H4,704,2017,370210,      0.00,      0.00,      0.00,      0.00,0,1,0,0,1,1
H4,704,2017,370231,      5.00,      5.00,      5.00,      5.00,0,0,0,1,1,1
H4,704,2017,370232,      5.00,      5.00,      5.00,      5.00,0,0,0,1,1,1
H4,704,2017,370239,      5.00,      5.00,      5.00,      5.00,0,0,0,1,1,1
H4,704,2017,370241,      3.00,      3.00,      3.00,      3.00,0,0,0,1,1,1
H4,704,2017,370242,      3.00,      3.00,      3.00,      3.00,0,0,0,1,1,1
H4,704,2017,370243,      3.00,      3.00,      3.00,      3.00,0,0,0,1,1,1
H4,704,2017,370244,      3.00,      3.00,      3.00,      3.00,0,0,0,1,1,1
H4,704,2017,370252,      3.00,      0.00,      3.00,      1.50,0,1,0,1,2,2
H4,704,2017,370253,      3.00,      3.00,      3.00,      3.00,0,0,0,1,1,1
H4,704,2017,370254,      5.00,      0.00,      5.00,      2.50,0,1,0,1,2,2
H4,704,2017,370255,      5.00,      0.00,      5.00,      1.67,0,2,0,1,3,3
H4,704,2017,370256,      5.00,      0.00,      5.00,      2.50,0,1,0,1,2,2
H4,704,2017,370296,      5.00,      0.00,      5.00,      2.50,0,1,0,1,2,2
H4,704,2017,370297,     10.00,      5.00,      5.00,      5.00,0,0,0,2,2,2
H4,704,2017,370298,     11.00,      0.00,      6.00,      3.67,0,1,0,2,3,3
H4,704,2017,370310,     12.00,      6.00,      6.00,      6.00,0,0,0,2,2,2
H4,704,2017,370320,      6.00,      6.00,      6.00,      6.00,0,0,0,1,1,1
H4,704,2017,370390,      6.00,      6.00,      6.00,      6.00,0,0,0,1,1,1
H4,704,2017,370400,     11.00,      5.00,      6.00,      5.50,0,0,0,2,2,2
H4,704,2017,370510,      3.00,      3.00,      3.00,      3.00,0,0,0,1,1,1
H4,704,2017,370590,     16.00,      3.00,      8.00,      5.33,0,0,0,3,3,3
H4,704,2017,370610,     20.00,      5.00,      5.00,      5.00,0,0,0,4,4,4
H4,704,2017,370690,     20.00,      5.00,      5.00,      5.00,0,0,0,4,4,4
H4,704,2017,370710,      3.00,      3.00,      3.00,      3.00,0,0,0,1,1,1
H4,704,2017,370790,      6.00,      3.00,      3.00,      3.00,0,0,0,2,2,2
H4,704,2017,380110,      5.00,      5.00,      5.00,      5.00,0,0,0,1,1,1
H4,704,2017,380120,      5.00,      5.00,      5.00,      5.00,0,0,0,1,1,1
H4,704,2017,380130,      3.00,      3.00,      3.00,      3.00,0,0,0,1,1,1
H4,704,2017,380190,      3.00,      3.00,      3.00,      3.00,0,0,0,1,1,1
H4,704,2017,380210,      0.00,      0.00,      0.00,      0.00,0,1,0,0,1,1
H4,704,2017,380290,      0.00,      0.00,      0.00,      0.00,0,3,0,0,3,3
H4,704,2017,380300,      0.00,      0.00,      0.00,      0.00,0,1,0,0,1,1
H4,704,2017,380400,      5.00,      0.00,      5.00,      2.50,0,1,0,1,2,2
H4,704,2017,380510,      5.00,      5.00,      5.00,      5.00,0,0,0,1,1,1
H4,704,2017,380590,      5.00,      5.00,      5.00,      5.00,0,0,0,1,1,1
H4,704,2017,380610,      5.00,      5.00,      5.00,      5.00,0,0,0,1,1,1
H4,704,2017,380620,      5.00,      5.00,      5.00,      5.00,0,0,0,1,1,1
H4,704,2017,380630,     10.00,      5.00,      5.00,      5.00,0,0,0,2,2,2
H4,704,2017,380690,     10.00,      5.00,      5.00,      5.00,0,0,0,2,2,2
H4,704,2017,380700,      3.00,      3.00,      3.00,      3.00,0,0,0,1,1,1
H4,704,2017,380850,      9.00,      0.00,      3.00,      0.90,0,7,0,3,10,10
H4,704,2017,380891,     27.00,      0.00,      6.00,      3.38,0,1,0,7,8,8
H4,704,2017,380892,      6.00,      0.00,      3.00,      2.00,0,1,0,2,3,3
H4,704,2017,380893,      0.00,      0.00,      0.00,      0.00,0,4,0,0,4,4
H4,704,2017,380894,      0.00,      0.00,      0.00,      0.00,0,3,0,0,3,3
H4,704,2017,380899,      0.00,      0.00,      0.00,      0.00,0,2,0,0,2,2
H4,704,2017,380910,      0.00,      0.00,      0.00,      0.00,0,1,0,0,1,1
H4,704,2017,380991,      5.00,      0.00,      5.00,      2.50,0,1,0,1,2,2
H4,704,2017,380992,      0.00,      0.00,      0.00,      0.00,0,1,0,0,1,1
H4,704,2017,380993,      0.00,      0.00,      0.00,      0.00,0,1,0,0,1,1
H4,704,2017,381010,      0.00,      0.00,      0.00,      0.00,0,1,0,0,1,1
H4,704,2017,381090,      3.00,      3.00,      3.00,      3.00,0,0,0,1,1,1
H4,704,2017,381111,      0.00,      0.00,      0.00,      0.00,0,1,0,0,1,1
H4,704,2017,381119,      0.00,      0.00,      0.00,      0.00,0,1,0,0,1,1
H4,704,2017,381121,     10.00,      5.00,      5.00,      5.00,0,0,0,2,2,2
H4,704,2017,381129,      0.00,      0.00,      0.00,      0.00,0,1,0,0,1,1
H4,704,2017,381190,      0.00,      0.00,      0.00,      0.00,0,2,0,0,2,2
H4,704,2017,381210,      0.00,      0.00,      0.00,      0.00,0,1,0,0,1,1
H4,704,2017,381220,      3.00,      3.00,      3.00,      3.00,0,0,0,1,1,1
H4,704,2017,381230,      0.00,      0.00,      0.00,      0.00,0,1,0,0,1,1
H4,704,2017,381300,      0.00,      0.00,      0.00,      0.00,0,1,0,0,1,1
H4,704,2017,381400,      3.00,      3.00,      3.00,      3.00,0,0,0,1,1,1
H4,704,2017,381511,      3.00,      3.00,      3.00,      3.00,0,0,0,1,1,1
H4,704,2017,381512,      3.00,      3.00,      3.00,      3.00,0,0,0,1,1,1
H4,704,2017,381519,      3.00,      3.00,      3.00,      3.00,0,0,0,1,1,1
H4,704,2017,381590,      3.00,      3.00,      3.00,      3.00,0,0,0,1,1,1
H4,704,2017,381600,     10.00,      5.00,      5.00,      5.00,0,0,0,2,2,2
H4,704,2017,381700,      0.00,      0.00,      0.00,      0.00,0,1,0,0,1,1
H4,704,2017,381800,      0.00,      0.00,      0.00,      0.00,0,1,0,0,1,1
H4,704,2017,381900,      3.00,      3.00,      3.00,      3.00,0,0,0,1,1,1
H4,704,2017,382000,      3.00,      3.00,      3.00,      3.00,0,0,0,1,1,1
H4,704,2017,382100,      0.00,      0.00,      0.00,      0.00,0,2,0,0,2,2
H4,704,2017,382200,      0.00,      0.00,      0.00,      0.00,0,4,0,0,4,4
H4,704,2017,382311,     10.00,     10.00,     10.00,     10.00,0,0,0,1,1,1
H4,704,2017,382312,     10.00,     10.00,     10.00,     10.00,0,0,0,1,1,1
H4,704,2017,382313,     10.00,     10.00,     10.00,     10.00,0,0,0,1,1,1
H4,704,2017,382319,     20.00,     10.00,     10.00,     10.00,0,0,0,2,2,2
H4,704,2017,382370,     10.00,      5.00,      5.00,      5.00,0,0,0,2,2,2
H4,704,2017,382410,      0.00,      0.00,      0.00,      0.00,0,1,0,0,1,1
H4,704,2017,382430,      0.00,      0.00,      0.00,      0.00,0,1,0,0,1,1
H4,704,2017,382440,      5.00,      5.00,      5.00,      5.00,0,0,0,1,1,1
H4,704,2017,382450,      6.00,      6.00,      6.00,      6.00,0,0,0,1,1,1
H4,704,2017,382460,      0.00,      0.00,      0.00,      0.00,0,1,0,0,1,1
H4,704,2017,382471,      5.00,      0.00,      5.00,      2.50,0,1,0,1,2,2
H4,704,2017,382472,      0.00,      0.00,      0.00,      0.00,0,1,0,0,1,1
H4,704,2017,382473,      0.00,      0.00,      0.00,      0.00,0,1,0,0,1,1
H4,704,2017,382474,      5.00,      0.00,      5.00,      2.50,0,1,0,1,2,2
H4,704,2017,382475,      0.00,      0.00,      0.00,      0.00,0,1,0,0,1,1
H4,704,2017,382476,      0.00,      0.00,      0.00,      0.00,0,1,0,0,1,1
H4,704,2017,382477,      0.00,      0.00,      0.00,      0.00,0,1,0,0,1,1
H4,704,2017,382478,      0.00,      0.00,      0.00,      0.00,0,1,0,0,1,1
H4,704,2017,382479,      0.00,      0.00,      0.00,      0.00,0,1,0,0,1,1
H4,704,2017,382481,      0.00,      0.00,      0.00,      0.00,0,1,0,0,1,1
H4,704,2017,382482,      0.00,      0.00,      0.00,      0.00,0,1,0,0,1,1
H4,704,2017,382483,      0.00,      0.00,      0.00,      0.00,0,1,0,0,1,1
H4,704,2017,382490,     26.00,      0.00,     15.00,      3.25,0,5,0,3,8,8
H4,704,2017,382510,     20.00,     20.00,     20.00,     20.00,0,0,0,1,1,1
H4,704,2017,382520,     20.00,     20.00,     20.00,     20.00,0,0,0,1,1,1
H4,704,2017,382530,     40.00,     20.00,     20.00,     20.00,0,0,0,2,2,2
H4,704,2017,382541,     20.00,     20.00,     20.00,     20.00,0,0,0,1,1,1
H4,704,2017,382549,     20.00,     20.00,     20.00,     20.00,0,0,0,1,1,1
H4,704,2017,382550,     20.00,     20.00,     20.00,     20.00,0,0,0,1,1,1
H4,704,2017,382561,     20.00,     20.00,     20.00,     20.00,0,0,0,1,1,1
H4,704,2017,382569,     20.00,     20.00,     20.00,     20.00,0,0,0,1,1,1
H4,704,2017,382590,     20.00,     20.00,     20.00,     20.00,0,0,0,1,1,1
H4,704,2017,382600,      0.00,      0.00,      0.00,      0.00,0,2,0,0,2,2
H4,704,2017,390110,      0.00,      0.00,      0.00,      0.00,0,4,0,0,4,4
H4,704,2017,390120,      0.00,      0.00,      0.00,      0.00,0,1,0,0,1,1
H4,704,2017,390130,      0.00,      0.00,      0.00,      0.00,0,1,0,0,1,1
H4,704,2017,390190,      0.00,      0.00,      0.00,      0.00,0,2,0,0,2,2
H4,704,2017,390210,      6.00,      3.00,      3.00,      3.00,0,0,0,2,2,2
H4,704,2017,390220,      0.00,      0.00,      0.00,      0.00,0,1,0,0,1,1
H4,704,2017,390230,      0.00,      0.00,      0.00,      0.00,0,2,0,0,2,2
H4,704,2017,390290,      0.00,      0.00,      0.00,      0.00,0,2,0,0,2,2
H4,704,2017,390311,     10.00,      5.00,      5.00,      5.00,0,0,0,2,2,2
H4,704,2017,390319,     25.00,      5.00,      5.00,      5.00,0,0,0,5,5,5
H4,704,2017,390320,     20.00,      5.00,     10.00,      6.67,0,0,0,3,3,3
H4,704,2017,390330,     21.00,      3.00,      8.00,      5.25,0,0,0,4,4,4
H4,704,2017,390390,     15.00,      5.00,      5.00,      5.00,0,0,0,3,3,3
H4,704,2017,390410,     19.00,      3.00,      6.00,      4.75,0,0,0,4,4,4
H4,704,2017,390421,     12.00,      0.00,      6.00,      4.00,0,1,0,2,3,3
H4,704,2017,390422,     12.00,      0.00,      6.00,      3.00,0,2,0,2,4,4
H4,704,2017,390430,      8.00,      0.00,      5.00,      2.67,0,1,0,2,3,3
H4,704,2017,390440,      8.00,      0.00,      5.00,      2.67,0,1,0,2,3,3
H4,704,2017,390450,      8.00,      0.00,      5.00,      2.00,0,2,0,2,4,4
H4,704,2017,390461,      8.00,      0.00,      5.00,      2.67,0,1,0,2,3,3
H4,704,2017,390469,      8.00,      0.00,      5.00,      2.00,0,2,0,2,4,4
H4,704,2017,390490,      8.00,      0.00,      5.00,      2.00,0,2,0,2,4,4
H4,704,2017,390512,      5.00,      5.00,      5.00,      5.00,0,0,0,1,1,1
H4,704,2017,390519,      5.00,      0.00,      5.00,      2.50,0,1,0,1,2,2
H4,704,2017,390521,     10.00,     10.00,     10.00,     10.00,0,0,0,1,1,1
H4,704,2017,390529,      5.00,      5.00,      5.00,      5.00,0,0,0,1,1,1
H4,704,2017,390530,     10.00,      5.00,      5.00,      5.00,0,0,0,2,2,2
H4,704,2017,390591,     10.00,      5.00,      5.00,      5.00,0,0,0,2,2,2
H4,704,2017,390599,     15.00,      0.00,     10.00,      5.00,0,1,0,2,3,3
H4,704,2017,390610,     10.00,      5.00,      5.00,      5.00,0,0,0,2,2,2
H4,704,2017,390690,     15.00,      0.00,      5.00,      3.75,0,1,0,3,4,4
H4,704,2017,390710,      0.00,      0.00,      0.00,      0.00,0,1,0,0,1,1
H4,704,2017,390720,      0.00,      0.00,      0.00,      0.00,0,2,0,0,2,2
H4,704,2017,390730,      3.00,      0.00,      3.00,      1.00,0,2,0,1,3,3
H4,704,2017,390740,      0.00,      0.00,      0.00,      0.00,0,1,0,0,1,1
H4,704,2017,390750,      3.00,      0.00,      3.00,      1.50,0,1,0,1,2,2
H4,704,2017,390760,      3.00,      0.00,      3.00,      1.00,0,2,0,1,3,3
H4,704,2017,390770,      0.00,      0.00,      0.00,      0.00,0,1,0,0,1,1
H4,704,2017,390791,     15.00,      5.00,      5.00,      5.00,0,0,0,3,3,3
H4,704,2017,390799,      3.00,      0.00,      3.00,      1.50,0,1,0,1,2,2
H4,704,2017,390810,      0.00,      0.00,      0.00,      0.00,0,2,0,0,2,2
H4,704,2017,390890,      0.00,      0.00,      0.00,      0.00,0,1,0,0,1,1
H4,704,2017,390910,      8.00,      3.00,      5.00,      4.00,0,0,0,2,2,2
H4,704,2017,390920,      8.00,      3.00,      5.00,      4.00,0,0,0,2,2,2
H4,704,2017,390930,      3.00,      0.00,      3.00,      1.00,0,2,0,1,3,3
H4,704,2017,390940,      6.00,      3.00,      3.00,      3.00,0,0,0,2,2,2
H4,704,2017,390950,      3.00,      3.00,      3.00,      3.00,0,0,0,1,1,1
H4,704,2017,391000,      0.00,      0.00,      0.00,      0.00,0,2,0,0,2,2
H4,704,2017,391110,      0.00,      0.00,      0.00,      0.00,0,1,0,0,1,1
H4,704,2017,391190,      3.00,      3.00,      3.00,      3.00,0,0,0,1,1,1
H4,704,2017,391211,      0.00,      0.00,      0.00,      0.00,0,1,0,0,1,1
H4,704,2017,391212,      0.00,      0.00,      0.00,      0.00,0,1,0,0,1,1
H4,704,2017,391220,      0.00,      0.00,      0.00,      0.00,0,3,0,0,3,3
H4,704,2017,391231,      0.00,      0.00,      0.00,      0.00,0,1,0,0,1,1
H4,704,2017,391239,      0.00,      0.00,      0.00,      0.00,0,1,0,0,1,1
H4,704,2017,391290,      0.00,      0.00,      0.00,      0.00,0,2,0,0,2,2
H4,704,2017,391310,      0.00,      0.00,      0.00,      0.00,0,1,0,0,1,1
H4,704,2017,391390,      0.00,      0.00,      0.00,      0.00,0,4,0,0,4,4
H4,704,2017,391400,      0.00,      0.00,      0.00,      0.00,0,1,0,0,1,1
H4,704,2017,391510,     20.00,     10.00,     10.00,     10.00,0,0,0,2,2,2
H4,704,2017,391520,     20.00,     10.00,     10.00,     10.00,0,0,0,2,2,2
H4,704,2017,391530,     20.00,     10.00,     10.00,     10.00,0,0,0,2,2,2
H4,704,2017,391590,     10.00,     10.00,     10.00,     10.00,0,0,0,1,1,1
H4,704,2017,391610,     15.00,      5.00,     10.00,      7.50,0,0,0,2,2,2
H4,704,2017,391620,     15.00,      5.00,     10.00,      7.50,0,0,0,2,2,2
H4,704,2017,391690,     50.00,      5.00,     10.00,      8.33,0,0,0,6,6,6
H4,704,2017,391710,     20.00,     10.00,     10.00,     10.00,0,0,0,2,2,2
H4,704,2017,391721,     15.00,     15.00,     15.00,     15.00,0,0,0,1,1,1
H4,704,2017,391722,     15.00,     15.00,     15.00,     15.00,0,0,0,1,1,1
H4,704,2017,391723,     17.00,     17.00,     17.00,     17.00,0,0,0,1,1,1
H4,704,2017,391729,     17.00,     17.00,     17.00,     17.00,0,0,0,1,1,1
H4,704,2017,391731,     15.00,     15.00,     15.00,     15.00,0,0,0,1,1,1
H4,704,2017,391732,     27.00,     10.00,     17.00,     13.50,0,0,0,2,2,2
H4,704,2017,391733,     15.00,     15.00,     15.00,     15.00,0,0,0,1,1,1
H4,704,2017,391739,     15.00,     15.00,     15.00,     15.00,0,0,0,1,1,1
H4,704,2017,391740,     15.00,     15.00,     15.00,     15.00,0,0,0,1,1,1
H4,704,2017,391810,     81.00,     27.00,     27.00,     27.00,0,0,0,3,3,3
H4,704,2017,391890,    189.00,     27.00,     27.00,     27.00,0,0,0,7,7,7
H4,704,2017,391910,     60.00,     15.00,     15.00,     15.00,0,0,0,4,4,4
H4,704,2017,391990,     36.00,     12.00,     12.00,     12.00,0,0,0,3,3,3
H4,704,2017,392010,      6.00,      6.00,      6.00,      6.00,0,0,0,1,1,1
H4,704,2017,392020,     24.00,      6.00,      6.00,      6.00,0,0,0,4,4,4
H4,704,2017,392030,     17.00,      5.00,      6.00,      5.67,0,0,0,3,3,3
H4,704,2017,392043,     12.00,      6.00,      6.00,      6.00,0,0,0,2,2,2
H4,704,2017,392049,      6.00,      6.00,      6.00,      6.00,0,0,0,1,1,1
H4,704,2017,392051,      6.00,      6.00,      6.00,      6.00,0,0,0,1,1,1
H4,704,2017,392059,      6.00,      6.00,      6.00,      6.00,0,0,0,1,1,1
H4,704,2017,392061,     12.00,      6.00,      6.00,      6.00,0,0,0,2,2,2
H4,704,2017,392062,      6.00,      6.00,      6.00,      6.00,0,0,0,1,1,1
H4,704,2017,392063,      6.00,      6.00,      6.00,      6.00,0,0,0,1,1,1
H4,704,2017,392069,      6.00,      6.00,      6.00,      6.00,0,0,0,1,1,1
H4,704,2017,392071,     12.00,      6.00,      6.00,      6.00,0,0,0,2,2,2
H4,704,2017,392073,      6.00,      6.00,      6.00,      6.00,0,0,0,1,1,1
H4,704,2017,392079,     12.00,      6.00,      6.00,      6.00,0,0,0,2,2,2
H4,704,2017,392091,     12.00,      6.00,      6.00,      6.00,0,0,0,2,2,2
H4,704,2017,392092,     12.00,      6.00,      6.00,      6.00,0,0,0,2,2,2
H4,704,2017,392093,      6.00,      6.00,      6.00,      6.00,0,0,0,1,1,1
H4,704,2017,392094,     12.00,      6.00,      6.00,      6.00,0,0,0,2,2,2
H4,704,2017,392099,     12.00,      6.00,      6.00,      6.00,0,0,0,2,2,2
H4,704,2017,392111,     12.00,      6.00,      6.00,      6.00,0,0,0,2,2,2
H4,704,2017,392112,      6.00,      6.00,      6.00,      6.00,0,0,0,1,1,1
H4,704,2017,392113,     12.00,      6.00,      6.00,      6.00,0,0,0,2,2,2
H4,704,2017,392114,     12.00,      6.00,      6.00,      6.00,0,0,0,2,2,2
H4,704,2017,392119,     12.00,      6.00,      6.00,      6.00,0,0,0,2,2,2
H4,704,2017,392190,     24.00,      6.00,      6.00,      6.00,0,0,0,4,4,4
H4,704,2017,392210,     44.00,     22.00,     22.00,     22.00,0,0,0,2,2,2
H4,704,2017,392220,     22.00,     22.00,     22.00,     22.00,0,0,0,1,1,1
H4,704,2017,392290,     97.00,     22.00,     25.00,     24.25,0,0,0,4,4,4
H4,704,2017,392310,     22.00,     10.00,     12.00,     11.00,0,0,0,2,2,2
H4,704,2017,392321,     54.00,     12.00,     15.00,     13.50,0,0,0,4,4,4
H4,704,2017,392329,     27.00,     12.00,     15.00,     13.50,0,0,0,2,2,2
H4,704,2017,392330,     25.00,     10.00,     15.00,     12.50,0,0,0,2,2,2
H4,704,2017,392340,     10.00,      5.00,      5.00,      5.00,0,0,0,2,2,2
H4,704,2017,392350,     10.00,     10.00,     10.00,     10.00,0,0,0,1,1,1
H4,704,2017,392390,     25.00,     10.00,     15.00,     12.50,0,0,0,2,2,2
H4,704,2017,392410,     22.00,     22.00,     22.00,     22.00,0,0,0,1,1,1
H4,704,2017,392490,     44.00,     22.00,     22.00,     22.00,0,0,0,2,2,2
H4,704,2017,392510,     25.00,     25.00,     25.00,     25.00,0,0,0,1,1,1
H4,704,2017,392520,     27.00,     27.00,     27.00,     27.00,0,0,0,1,1,1
H4,704,2017,392530,     27.00,     27.00,     27.00,     27.00,0,0,0,1,1,1
H4,704,2017,392590,     20.00,     20.00,     20.00,     20.00,0,0,0,1,1,1
H4,704,2017,392610,     20.00,     20.00,     20.00,     20.00,0,0,0,1,1,1
H4,704,2017,392620,     30.00,     10.00,     20.00,     15.00,0,0,0,2,2,2
H4,704,2017,392630,     20.00,     20.00,     20.00,     20.00,0,0,0,1,1,1
H4,704,2017,392640,     20.00,     20.00,     20.00,     20.00,0,0,0,1,1,1
H4,704,2017,392690,    188.00,      0.00,     15.00,      9.40,0,1,0,19,20,20
H4,704,2017,400110,     12.00,      3.00,      3.00,      3.00,0,0,0,4,4,4
H4,704,2017,400121,     18.00,      3.00,      3.00,      3.00,0,0,0,6,6,6
H4,704,2017,400122,     18.00,      3.00,      3.00,      3.00,0,0,0,6,6,6
H4,704,2017,400129,     30.00,      3.00,      3.00,      3.00,0,0,0,10,10,10
H4,704,2017,400130,     12.00,      3.00,      3.00,      3.00,0,0,0,4,4,4
H4,704,2017,400211,      0.00,      0.00,      0.00,      0.00,0,1,0,0,1,1
H4,704,2017,400219,      0.00,      0.00,      0.00,      0.00,0,2,0,0,2,2
H4,704,2017,400220,      0.00,      0.00,      0.00,      0.00,0,2,0,0,2,2
H4,704,2017,400231,      0.00,      0.00,      0.00,      0.00,0,2,0,0,2,2
H4,704,2017,400239,      0.00,      0.00,      0.00,      0.00,0,2,0,0,2,2
H4,704,2017,400241,      0.00,      0.00,      0.00,      0.00,0,1,0,0,1,1
H4,704,2017,400249,      0.00,      0.00,      0.00,      0.00,0,2,0,0,2,2
H4,704,2017,400251,      0.00,      0.00,      0.00,      0.00,0,1,0,0,1,1
H4,704,2017,400259,      0.00,      0.00,      0.00,      0.00,0,2,0,0,2,2
H4,704,2017,400260,      0.00,      0.00,      0.00,      0.00,0,2,0,0,2,2
H4,704,2017,400270,      0.00,      0.00,      0.00,      0.00,0,2,0,0,2,2
H4,704,2017,400280,      6.00,      3.00,      3.00,      3.00,0,0,0,2,2,2
H4,704,2017,400291,      0.00,      0.00,      0.00,      0.00,0,1,0,0,1,1
H4,704,2017,400299,      6.00,      3.00,      3.00,      3.00,0,0,0,2,2,2
H4,704,2017,400300,      3.00,      3.00,      3.00,      3.00,0,0,0,1,1,1
H4,704,2017,400400,      3.00,      3.00,      3.00,      3.00,0,0,0,1,1,1
H4,704,2017,400510,     10.00,      5.00,      5.00,      5.00,0,0,0,2,2,2
H4,704,2017,400520,      5.00,      5.00,      5.00,      5.00,0,0,0,1,1,1
H4,704,2017,400591,     10.00,      5.00,      5.00,      5.00,0,0,0,2,2,2
H4,704,2017,400599,     10.00,      5.00,      5.00,      5.00,0,0,0,2,2,2
H4,704,2017,400610,      3.00,      3.00,      3.00,      3.00,0,0,0,1,1,1
H4,704,2017,400690,      6.00,      3.00,      3.00,      3.00,0,0,0,2,2,2
H4,704,2017,400700,      5.00,      5.00,      5.00,      5.00,0,0,0,1,1,1
H4,704,2017,400811,      9.00,      3.00,      3.00,      3.00,0,0,0,3,3,3
H4,704,2017,400819,      3.00,      3.00,      3.00,      3.00,0,0,0,1,1,1
H4,704,2017,400821,      9.00,      3.00,      3.00,      3.00,0,0,0,3,3,3
H4,704,2017,400829,      3.00,      3.00,      3.00,      3.00,0,0,0,1,1,1
H4,704,2017,400911,      3.00,      3.00,      3.00,      3.00,0,0,0,1,1,1
H4,704,2017,400912,      6.00,      3.00,      3.00,      3.00,0,0,0,2,2,2
H4,704,2017,400921,      6.00,      3.00,      3.00,      3.00,0,0,0,2,2,2
H4,704,2017,400922,      6.00,      3.00,      3.00,      3.00,0,0,0,2,2,2
H4,704,2017,400931,      9.00,      3.00,      3.00,      3.00,0,0,0,3,3,3
H4,704,2017,400932,      6.00,      3.00,      3.00,      3.00,0,0,0,2,2,2
H4,704,2017,400941,      3.00,      3.00,      3.00,      3.00,0,0,0,1,1,1
H4,704,2017,400942,      6.00,      3.00,      3.00,      3.00,0,0,0,2,2,2
H4,704,2017,401011,      5.00,      5.00,      5.00,      5.00,0,0,0,1,1,1
H4,704,2017,401012,      5.00,      5.00,      5.00,      5.00,0,0,0,1,1,1
H4,704,2017,401019,      5.00,      5.00,      5.00,      5.00,0,0,0,1,1,1
H4,704,2017,401031,     15.00,     15.00,     15.00,     15.00,0,0,0,1,1,1
H4,704,2017,401032,     15.00,     15.00,     15.00,     15.00,0,0,0,1,1,1
H4,704,2017,401033,     15.00,     15.00,     15.00,     15.00,0,0,0,1,1,1
H4,704,2017,401034,     15.00,     15.00,     15.00,     15.00,0,0,0,1,1,1
H4,704,2017,401035,      5.00,      5.00,      5.00,      5.00,0,0,0,1,1,1
H4,704,2017,401036,      5.00,      5.00,      5.00,      5.00,0,0,0,1,1,1
H4,704,2017,401039,      5.00,      5.00,      5.00,      5.00,0,0,0,1,1,1
H4,704,2017,401110,     25.00,     25.00,     25.00,     25.00,0,0,0,1,1,1
H4,704,2017,401120,     35.00,     10.00,     25.00,     17.50,0,0,0,2,2,2
H4,704,2017,401130,      0.00,      0.00,      0.00,      0.00,0,1,0,0,1,1
H4,704,2017,401140,     35.00,     35.00,     35.00,     35.00,0,0,0,1,1,1
H4,704,2017,401150,     35.00,     35.00,     35.00,     35.00,0,0,0,1,1,1
H4,704,2017,401161,     35.00,     15.00,     20.00,     17.50,0,0,0,2,2,2
H4,704,2017,401162,     35.00,     15.00,     20.00,     17.50,0,0,0,2,2,2
H4,704,2017,401163,     35.00,     15.00,     20.00,     17.50,0,0,0,2,2,2
H4,704,2017,401169,     10.00,     10.00,     10.00,     10.00,0,0,0,1,1,1
H4,704,2017,401192,     35.00,     15.00,     20.00,     17.50,0,0,0,2,2,2
H4,704,2017,401193,     35.00,     15.00,     20.00,     17.50,0,0,0,2,2,2
H4,704,2017,401194,     55.00,     15.00,     20.00,     18.33,0,0,0,3,3,3
H4,704,2017,401199,     55.00,     10.00,     20.00,     13.75,0,0,0,4,4,4
H4,704,2017,401211,     30.00,     30.00,     30.00,     30.00,0,0,0,1,1,1
H4,704,2017,401212,     40.00,     10.00,     30.00,     20.00,0,0,0,2,2,2
H4,704,2017,401213,      0.00,      0.00,      0.00,      0.00,0,1,0,0,1,1
H4,704,2017,401219,    130.00,     20.00,     35.00,     26.00,0,0,0,5,5,5
H4,704,2017,401220,    200.00,      0.00,     25.00,     20.00,0,1,0,9,10,10
H4,704,2017,401290,    145.00,      5.00,     30.00,     16.11,0,0,0,9,9,9
H4,704,2017,401310,     80.00,     10.00,     30.00,     20.00,0,0,0,4,4,4
H4,704,2017,401320,     35.00,     35.00,     35.00,     35.00,0,0,0,1,1,1
H4,704,2017,401390,    140.00,      0.00,     35.00,     17.50,0,1,0,7,8,8
H4,704,2017,401410,      5.00,      5.00,      5.00,      5.00,0,0,0,1,1,1
H4,704,2017,401490,      9.00,      3.00,      3.00,      3.00,0,0,0,3,3,3
H4,704,2017,401511,     20.00,     20.00,     20.00,     20.00,0,0,0,1,1,1
H4,704,2017,401519,     20.00,     20.00,     20.00,     20.00,0,0,0,1,1,1
H4,704,2017,401590,     40.00,      5.00,     20.00,     13.33,0,0,0,3,3,3
H4,704,2017,401610,     60.00,     20.00,     20.00,     20.00,0,0,0,3,3,3
H4,704,2017,401691,     90.00,     30.00,     30.00,     30.00,0,0,0,3,3,3
H4,704,2017,401692,     40.00,     20.00,     20.00,     20.00,0,0,0,2,2,2
H4,704,2017,401693,      9.00,      3.00,      3.00,      3.00,0,0,0,3,3,3
H4,704,2017,401694,      5.00,      5.00,      5.00,      5.00,0,0,0,1,1,1
H4,704,2017,401695,      5.00,      5.00,      5.00,      5.00,0,0,0,1,1,1
H4,704,2017,401699,    177.00,      3.00,     25.00,      9.32,0,0,0,19,19,19
H4,704,2017,401700,     30.00,     10.00,     10.00,     10.00,0,0,0,3,3,3
H4,704,2017,410120,      0.00,      0.00,      0.00,      0.00,0,2,0,0,2,2
H4,704,2017,410150,      0.00,      0.00,      0.00,      0.00,0,2,0,0,2,2
H4,704,2017,410190,      5.00,      0.00,      5.00,      2.50,0,1,0,1,2,2
H4,704,2017,410210,      0.00,      0.00,      0.00,      0.00,0,1,0,0,1,1
H4,704,2017,410221,      0.00,      0.00,      0.00,      0.00,0,1,0,0,1,1
H4,704,2017,410229,      0.00,      0.00,      0.00,      0.00,0,2,0,0,2,2
H4,704,2017,410320,      0.00,      0.00,      0.00,      0.00,0,2,0,0,2,2
H4,704,2017,410330,      5.00,      5.00,      5.00,      5.00,0,0,0,1,1,1
H4,704,2017,410390,      0.00,      0.00,      0.00,      0.00,0,1,0,0,1,1
H4,704,2017,410411,      3.00,      3.00,      3.00,      3.00,0,0,0,1,1,1
H4,704,2017,410419,      3.00,      3.00,      3.00,      3.00,0,0,0,1,1,1
H4,704,2017,410441,      5.00,      5.00,      5.00,      5.00,0,0,0,1,1,1
H4,704,2017,410449,      5.00,      5.00,      5.00,      5.00,0,0,0,1,1,1
H4,704,2017,410510,      0.00,      0.00,      0.00,      0.00,0,1,0,0,1,1
H4,704,2017,410530,      5.00,      5.00,      5.00,      5.00,0,0,0,1,1,1
H4,704,2017,410621,      0.00,      0.00,      0.00,      0.00,0,1,0,0,1,1
H4,704,2017,410622,      5.00,      5.00,      5.00,      5.00,0,0,0,1,1,1
H4,704,2017,410631,      0.00,      0.00,      0.00,      0.00,0,1,0,0,1,1
H4,704,2017,410632,      0.00,      0.00,      0.00,      0.00,0,1,0,0,1,1
H4,704,2017,410640,      0.00,      0.00,      0.00,      0.00,0,2,0,0,2,2
H4,704,2017,410691,      0.00,      0.00,      0.00,      0.00,0,1,0,0,1,1
H4,704,2017,410692,      5.00,      5.00,      5.00,      5.00,0,0,0,1,1,1
H4,704,2017,410711,     10.00,     10.00,     10.00,     10.00,0,0,0,1,1,1
H4,704,2017,410712,     10.00,     10.00,     10.00,     10.00,0,0,0,1,1,1
H4,704,2017,410719,     10.00,     10.00,     10.00,     10.00,0,0,0,1,1,1
H4,704,2017,410791,     10.00,     10.00,     10.00,     10.00,0,0,0,1,1,1
H4,704,2017,410792,      5.00,      5.00,      5.00,      5.00,0,0,0,1,1,1
H4,704,2017,410799,     10.00,     10.00,     10.00,     10.00,0,0,0,1,1,1
H4,704,2017,411200,     10.00,     10.00,     10.00,     10.00,0,0,0,1,1,1
H4,704,2017,411310,     10.00,     10.00,     10.00,     10.00,0,0,0,1,1,1
H4,704,2017,411320,      5.00,      5.00,      5.00,      5.00,0,0,0,1,1,1
H4,704,2017,411330,     10.00,     10.00,     10.00,     10.00,0,0,0,1,1,1
H4,704,2017,411390,     10.00,     10.00,     10.00,     10.00,0,0,0,1,1,1
H4,704,2017,411410,      5.00,      5.00,      5.00,      5.00,0,0,0,1,1,1
H4,704,2017,411420,      5.00,      5.00,      5.00,      5.00,0,0,0,1,1,1
H4,704,2017,411510,      5.00,      5.00,      5.00,      5.00,0,0,0,1,1,1
H4,704,2017,411520,      5.00,      5.00,      5.00,      5.00,0,0,0,1,1,1
H4,704,2017,420100,     20.00,     20.00,     20.00,     20.00,0,0,0,1,1,1
H4,704,2017,420211,     25.00,     25.00,     25.00,     25.00,0,0,0,1,1,1
H4,704,2017,420212,    100.00,     25.00,     25.00,     25.00,0,0,0,4,4,4
H4,704,2017,420219,     50.00,     25.00,     25.00,     25.00,0,0,0,2,2,2
H4,704,2017,420221,     25.00,     25.00,     25.00,     25.00,0,0,0,1,1,1
H4,704,2017,420222,     25.00,     25.00,     25.00,     25.00,0,0,0,1,1,1
H4,704,2017,420229,     25.00,     25.00,     25.00,     25.00,0,0,0,1,1,1
H4,704,2017,420231,     25.00,     25.00,     25.00,     25.00,0,0,0,1,1,1
H4,704,2017,420232,     25.00,     25.00,     25.00,     25.00,0,0,0,1,1,1
H4,704,2017,420239,    100.00,     25.00,     25.00,     25.00,0,0,0,4,4,4
H4,704,2017,420291,     75.00,     25.00,     25.00,     25.00,0,0,0,3,3,3
H4,704,2017,420292,     75.00,     25.00,     25.00,     25.00,0,0,0,3,3,3
H4,704,2017,420299,    125.00,     25.00,     25.00,     25.00,0,0,0,5,5,5
H4,704,2017,420310,     25.00,     25.00,     25.00,     25.00,0,0,0,1,1,1
H4,704,2017,420321,     20.00,     20.00,     20.00,     20.00,0,0,0,1,1,1
H4,704,2017,420329,     50.00,     25.00,     25.00,     25.00,0,0,0,2,2,2
H4,704,2017,420330,     25.00,     25.00,     25.00,     25.00,0,0,0,1,1,1
H4,704,2017,420340,     25.00,     25.00,     25.00,     25.00,0,0,0,1,1,1
H4,704,2017,420500,     85.00,      5.00,     20.00,     17.00,0,0,0,5,5,5
H4,704,2017,420600,      0.00,      0.00,      0.00,      0.00,0,2,0,0,2,2
H4,704,2017,430110,      0.00,      0.00,      0.00,      0.00,0,1,0,0,1,1
H4,704,2017,430130,      0.00,      0.00,      0.00,      0.00,0,1,0,0,1,1
H4,704,2017,430160,      0.00,      0.00,      0.00,      0.00,0,1,0,0,1,1
H4,704,2017,430180,      0.00,      0.00,      0.00,      0.00,0,1,0,0,1,1
H4,704,2017,430190,      0.00,      0.00,      0.00,      0.00,0,1,0,0,1,1
H4,704,2017,430211,      0.00,      0.00,      0.00,      0.00,0,1,0,0,1,1
H4,704,2017,430219,      0.00,      0.00,      0.00,      0.00,0,1,0,0,1,1
H4,704,2017,430220,      0.00,      0.00,      0.00,      0.00,0,1,0,0,1,1
H4,704,2017,430230,      0.00,      0.00,      0.00,      0.00,0,1,0,0,1,1
H4,704,2017,430310,     25.00,     25.00,     25.00,     25.00,0,0,0,1,1,1
H4,704,2017,430390,     40.00,     15.00,     25.00,     20.00,0,0,0,2,2,2
H4,704,2017,430400,    100.00,     25.00,     25.00,     25.00,0,0,0,4,4,4
H4,704,2017,440110,      3.00,      3.00,      3.00,      3.00,0,0,0,1,1,1
H4,704,2017,440121,      3.00,      3.00,      3.00,      3.00,0,0,0,1,1,1
H4,704,2017,440122,      3.00,      3.00,      3.00,      3.00,0,0,0,1,1,1
H4,704,2017,440131,      3.00,      3.00,      3.00,      3.00,0,0,0,1,1,1
H4,704,2017,440139,      3.00,      3.00,      3.00,      3.00,0,0,0,1,1,1
H4,704,2017,440210,      5.00,      5.00,      5.00,      5.00,0,0,0,1,1,1
H4,704,2017,440290,     10.00,      5.00,      5.00,      5.00,0,0,0,2,2,2
H4,704,2017,440310,      0.00,      0.00,      0.00,      0.00,0,2,0,0,2,2
H4,704,2017,440320,      0.00,      0.00,      0.00,      0.00,0,2,0,0,2,2
H4,704,2017,440341,      0.00,      0.00,      0.00,      0.00,0,2,0,0,2,2
H4,704,2017,440349,      0.00,      0.00,      0.00,      0.00,0,2,0,0,2,2
H4,704,2017,440391,      0.00,      0.00,      0.00,      0.00,0,2,0,0,2,2
H4,704,2017,440392,      0.00,      0.00,      0.00,      0.00,0,2,0,0,2,2
H4,704,2017,440399,      0.00,      0.00,      0.00,      0.00,0,2,0,0,2,2
H4,704,2017,440410,      3.00,      3.00,      3.00,      3.00,0,0,0,1,1,1
H4,704,2017,440420,      6.00,      3.00,      3.00,      3.00,0,0,0,2,2,2
H4,704,2017,440500,      3.00,      0.00,      3.00,      1.50,0,1,0,1,2,2
H4,704,2017,440610,      0.00,      0.00,      0.00,      0.00,0,1,0,0,1,1
H4,704,2017,440690,      0.00,      0.00,      0.00,      0.00,0,1,0,0,1,1
H4,704,2017,440710,      0.00,      0.00,      0.00,      0.00,0,1,0,0,1,1
H4,704,2017,440721,      0.00,      0.00,      0.00,      0.00,0,2,0,0,2,2
H4,704,2017,440722,      0.00,      0.00,      0.00,      0.00,0,2,0,0,2,2
H4,704,2017,440725,      0.00,      0.00,      0.00,      0.00,0,4,0,0,4,4
H4,704,2017,440726,      0.00,      0.00,      0.00,      0.00,0,2,0,0,2,2
H4,704,2017,440727,      0.00,      0.00,      0.00,      0.00,0,2,0,0,2,2
H4,704,2017,440728,      0.00,      0.00,      0.00,      0.00,0,2,0,0,2,2
H4,704,2017,440729,      0.00,      0.00,      0.00,      0.00,0,20,0,0,20,20
H4,704,2017,440791,      0.00,      0.00,      0.00,      0.00,0,2,0,0,2,2
H4,704,2017,440792,      0.00,      0.00,      0.00,      0.00,0,2,0,0,2,2
H4,704,2017,440793,      0.00,      0.00,      0.00,      0.00,0,2,0,0,2,2
H4,704,2017,440794,      0.00,      0.00,      0.00,      0.00,0,2,0,0,2,2
H4,704,2017,440795,      0.00,      0.00,      0.00,      0.00,0,2,0,0,2,2
H4,704,2017,440799,      0.00,      0.00,      0.00,      0.00,0,2,0,0,2,2
H4,704,2017,440810,      0.00,      0.00,      0.00,      0.00,0,3,0,0,3,3
H4,704,2017,440831,      0.00,      0.00,      0.00,      0.00,0,1,0,0,1,1
H4,704,2017,440839,      0.00,      0.00,      0.00,      0.00,0,2,0,0,2,2
H4,704,2017,440890,      0.00,      0.00,      0.00,      0.00,0,1,0,0,1,1
H4,704,2017,440910,      3.00,      3.00,      3.00,      3.00,0,0,0,1,1,1
H4,704,2017,440921,      3.00,      3.00,      3.00,      3.00,0,0,0,1,1,1
H4,704,2017,440929,      3.00,      3.00,      3.00,      3.00,0,0,0,1,1,1
H4,704,2017,441011,      5.00,      5.00,      5.00,      5.00,0,0,0,1,1,1
H4,704,2017,441012,      5.00,      5.00,      5.00,      5.00,0,0,0,1,1,1
H4,704,2017,441019,      5.00,      5.00,      5.00,      5.00,0,0,0,1,1,1
H4,704,2017,441090,      5.00,      5.00,      5.00,      5.00,0,0,0,1,1,1
H4,704,2017,441112,      8.00,      8.00,      8.00,      8.00,0,0,0,1,1,1
H4,704,2017,441113,      8.00,      8.00,      8.00,      8.00,0,0,0,1,1,1
H4,704,2017,441114,      8.00,      8.00,      8.00,      8.00,0,0,0,1,1,1
H4,704,2017,441192,      8.00,      8.00,      8.00,      8.00,0,0,0,1,1,1
H4,704,2017,441193,      8.00,      8.00,      8.00,      8.00,0,0,0,1,1,1
H4,704,2017,441194,      8.00,      8.00,      8.00,      8.00,0,0,0,1,1,1
H4,704,2017,441210,      5.00,      5.00,      5.00,      5.00,0,0,0,1,1,1
H4,704,2017,441231,      5.00,      5.00,      5.00,      5.00,0,0,0,1,1,1
H4,704,2017,441232,      5.00,      5.00,      5.00,      5.00,0,0,0,1,1,1
H4,704,2017,441239,      5.00,      5.00,      5.00,      5.00,0,0,0,1,1,1
H4,704,2017,441294,      5.00,      5.00,      5.00,      5.00,0,0,0,1,1,1
H4,704,2017,441299,      5.00,      5.00,      5.00,      5.00,0,0,0,1,1,1
H4,704,2017,441300,      3.00,      3.00,      3.00,      3.00,0,0,0,1,1,1
H4,704,2017,441400,     25.00,     25.00,     25.00,     25.00,0,0,0,1,1,1
H4,704,2017,441510,     20.00,     20.00,     20.00,     20.00,0,0,0,1,1,1
H4,704,2017,441520,     20.00,     20.00,     20.00,     20.00,0,0,0,1,1,1
H4,704,2017,441600,     40.00,     20.00,     20.00,     20.00,0,0,0,2,2,2
H4,704,2017,441700,     40.00,     20.00,     20.00,     20.00,0,0,0,2,2,2
H4,704,2017,441810,      5.00,      5.00,      5.00,      5.00,0,0,0,1,1,1
H4,704,2017,441820,      5.00,      5.00,      5.00,      5.00,0,0,0,1,1,1
H4,704,2017,441840,      5.00,      5.00,      5.00,      5.00,0,0,0,1,1,1
H4,704,2017,441850,      5.00,      5.00,      5.00,      5.00,0,0,0,1,1,1
H4,704,2017,441860,      3.00,      3.00,      3.00,      3.00,0,0,0,1,1,1
H4,704,2017,441871,      3.00,      3.00,      3.00,      3.00,0,0,0,1,1,1
H4,704,2017,441872,      5.00,      5.00,      5.00,      5.00,0,0,0,1,1,1
H4,704,2017,441879,      5.00,      5.00,      5.00,      5.00,0,0,0,1,1,1
H4,704,2017,441890,      6.00,      3.00,      3.00,      3.00,0,0,0,2,2,2
H4,704,2017,441900,     25.00,     25.00,     25.00,     25.00,0,0,0,1,1,1
H4,704,2017,442010,     20.00,     20.00,     20.00,     20.00,0,0,0,1,1,1
H4,704,2017,442090,     20.00,     20.00,     20.00,     20.00,0,0,0,1,1,1
H4,704,2017,442110,     25.00,     25.00,     25.00,     25.00,0,0,0,1,1,1
H4,704,2017,442190,    220.00,     20.00,     25.00,     24.44,0,0,0,9,9,9
H4,704,2017,450110,      0.00,      0.00,      0.00,      0.00,0,1,0,0,1,1
H4,704,2017,450190,      0.00,      0.00,      0.00,      0.00,0,1,0,0,1,1
H4,704,2017,450200,      5.00,      5.00,      5.00,      5.00,0,0,0,1,1,1
H4,704,2017,450310,     20.00,     20.00,     20.00,     20.00,0,0,0,1,1,1
H4,704,2017,450390,     20.00,     20.00,     20.00,     20.00,0,0,0,1,1,1
H4,704,2017,450410,     10.00,     10.00,     10.00,     10.00,0,0,0,1,1,1
H4,704,2017,450490,     20.00,     20.00,     20.00,     20.00,0,0,0,1,1,1
H4,704,2017,460121,     20.00,     20.00,     20.00,     20.00,0,0,0,1,1,1
H4,704,2017,460122,     20.00,     20.00,     20.00,     20.00,0,0,0,1,1,1
H4,704,2017,460129,     20.00,     20.00,     20.00,     20.00,0,0,0,1,1,1
H4,704,2017,460192,     40.00,     20.00,     20.00,     20.00,0,0,0,2,2,2
H4,704,2017,460193,     40.00,     20.00,     20.00,     20.00,0,0,0,2,2,2
H4,704,2017,460194,     40.00,     20.00,     20.00,     20.00,0,0,0,2,2,2
H4,704,2017,460199,     60.00,     20.00,     20.00,     20.00,0,0,0,3,3,3
H4,704,2017,460211,     20.00,     20.00,     20.00,     20.00,0,0,0,1,1,1
H4,704,2017,460212,     20.00,     20.00,     20.00,     20.00,0,0,0,1,1,1
H4,704,2017,460219,     20.00,     20.00,     20.00,     20.00,0,0,0,1,1,1
H4,704,2017,460290,     20.00,     20.00,     20.00,     20.00,0,0,0,1,1,1
H4,704,2017,470100,      1.00,      1.00,      1.00,      1.00,0,0,0,1,1,1
H4,704,2017,470200,      1.00,      1.00,      1.00,      1.00,0,0,0,1,1,1
H4,704,2017,470311,      0.00,      0.00,      0.00,      0.00,0,1,0,0,1,1
H4,704,2017,470319,      0.00,      0.00,      0.00,      0.00,0,1,0,0,1,1
H4,704,2017,470321,      0.00,      0.00,      0.00,      0.00,0,1,0,0,1,1
H4,704,2017,470329,      0.00,      0.00,      0.00,      0.00,0,1,0,0,1,1
H4,704,2017,470411,      0.00,      0.00,      0.00,      0.00,0,1,0,0,1,1
H4,704,2017,470419,      0.00,      0.00,      0.00,      0.00,0,1,0,0,1,1
H4,704,2017,470421,      0.00,      0.00,      0.00,      0.00,0,1,0,0,1,1
H4,704,2017,470429,      0.00,      0.00,      0.00,      0.00,0,1,0,0,1,1
H4,704,2017,470500,      0.00,      0.00,      0.00,      0.00,0,1,0,0,1,1
H4,704,2017,470610,      0.00,      0.00,      0.00,      0.00,0,1,0,0,1,1
H4,704,2017,470620,      0.00,      0.00,      0.00,      0.00,0,1,0,0,1,1
H4,704,2017,470630,      0.00,      0.00,      0.00,      0.00,0,1,0,0,1,1
H4,704,2017,470691,      0.00,      0.00,      0.00,      0.00,0,1,0,0,1,1
H4,704,2017,470692,      0.00,      0.00,      0.00,      0.00,0,1,0,0,1,1
H4,704,2017,470693,      0.00,      0.00,      0.00,      0.00,0,1,0,0,1,1
H4,704,2017,470710,      0.00,      0.00,      0.00,      0.00,0,1,0,0,1,1
H4,704,2017,470720,      0.00,      0.00,      0.00,      0.00,0,1,0,0,1,1
H4,704,2017,470730,      0.00,      0.00,      0.00,      0.00,0,1,0,0,1,1
H4,704,2017,470790,      0.00,      0.00,      0.00,      0.00,0,1,0,0,1,1
H4,704,2017,480100,     40.00,     20.00,     20.00,     20.00,0,0,0,2,2,2
H4,704,2017,480210,     20.00,     20.00,     20.00,     20.00,0,0,0,1,1,1
H4,704,2017,480220,     10.00,      5.00,      5.00,      5.00,0,0,0,2,2,2
H4,704,2017,480240,     10.00,      5.00,      5.00,      5.00,0,0,0,2,2,2
H4,704,2017,480254,     45.00,      5.00,     20.00,      7.50,0,0,0,6,6,6
H4,704,2017,480255,     60.00,      5.00,     20.00,     10.00,0,0,0,6,6,6
H4,704,2017,480256,     55.00,      5.00,     25.00,     13.75,0,0,0,4,4,4
H4,704,2017,480257,     30.00,      5.00,     20.00,     10.00,0,0,0,3,3,3
H4,704,2017,480258,     60.00,     20.00,     20.00,     20.00,0,0,0,3,3,3
H4,704,2017,480261,     45.00,      5.00,     20.00,     15.00,0,0,0,3,3,3
H4,704,2017,480262,     60.00,     20.00,     20.00,     20.00,0,0,0,3,3,3
H4,704,2017,480269,     60.00,     20.00,     20.00,     20.00,0,0,0,3,3,3
H4,704,2017,480300,     40.00,     20.00,     20.00,     20.00,0,0,0,2,2,2
H4,704,2017,480411,     15.00,     15.00,     15.00,     15.00,0,0,0,1,1,1
H4,704,2017,480419,     18.00,     18.00,     18.00,     18.00,0,0,0,1,1,1
H4,704,2017,480421,     20.00,      3.00,     17.00,     10.00,0,0,0,2,2,2
H4,704,2017,480429,     20.00,     20.00,     20.00,     20.00,0,0,0,1,1,1
H4,704,2017,480431,     43.00,      3.00,     20.00,      8.60,0,0,0,5,5,5
H4,704,2017,480439,     47.00,     10.00,     20.00,     15.67,0,0,0,3,3,3
H4,704,2017,480441,     25.00,      5.00,     20.00,     12.50,0,0,0,2,2,2
H4,704,2017,480442,     20.00,     20.00,     20.00,     20.00,0,0,0,1,1,1
H4,704,2017,480449,     40.00,     20.00,     20.00,     20.00,0,0,0,2,2,2
H4,704,2017,480451,     40.00,      5.00,     20.00,     10.00,0,0,0,4,4,4
H4,704,2017,480452,     17.00,     17.00,     17.00,     17.00,0,0,0,1,1,1
H4,704,2017,480459,     20.00,     20.00,     20.00,     20.00,0,0,0,1,1,1
H4,704,2017,480511,     10.00,     10.00,     10.00,     10.00,0,0,0,1,1,1
H4,704,2017,480512,     20.00,     10.00,     10.00,     10.00,0,0,0,2,2,2
H4,704,2017,480519,     20.00,     10.00,     10.00,     10.00,0,0,0,2,2,2
H4,704,2017,480524,     10.00,     10.00,     10.00,     10.00,0,0,0,1,1,1
H4,704,2017,480525,     20.00,     10.00,     10.00,     10.00,0,0,0,2,2,2
H4,704,2017,480530,     20.00,     10.00,     10.00,     10.00,0,0,0,2,2,2
H4,704,2017,480540,      5.00,      5.00,      5.00,      5.00,0,0,0,1,1,1
H4,704,2017,480550,     10.00,     10.00,     10.00,     10.00,0,0,0,1,1,1
H4,704,2017,480591,     30.00,      5.00,     20.00,     10.00,0,0,0,3,3,3
H4,704,2017,480592,     20.00,     10.00,     10.00,     10.00,0,0,0,2,2,2
H4,704,2017,480593,     30.00,     10.00,     10.00,     10.00,0,0,0,3,3,3
H4,704,2017,480610,      3.00,      3.00,      3.00,      3.00,0,0,0,1,1,1
H4,704,2017,480620,     10.00,     10.00,     10.00,     10.00,0,0,0,1,1,1
H4,704,2017,480630,      3.00,      3.00,      3.00,      3.00,0,0,0,1,1,1
H4,704,2017,480640,      5.00,      5.00,      5.00,      5.00,0,0,0,1,1,1
H4,704,2017,480700,     20.00,     20.00,     20.00,     20.00,0,0,0,1,1,1
H4,704,2017,480810,     10.00,     10.00,     10.00,     10.00,0,0,0,1,1,1
H4,704,2017,480840,     10.00,     10.00,     10.00,     10.00,0,0,0,1,1,1
H4,704,2017,480890,     30.00,     10.00,     10.00,     10.00,0,0,0,3,3,3
H4,704,2017,480920,     10.00,     10.00,     10.00,     10.00,0,0,0,1,1,1
H4,704,2017,480990,     40.00,     20.00,     20.00,     20.00,0,0,0,2,2,2
H4,704,2017,481013,     20.00,      5.00,      5.00,      5.00,0,0,0,4,4,4
H4,704,2017,481014,     20.00,      5.00,      5.00,      5.00,0,0,0,4,4,4
H4,704,2017,481019,     20.00,      5.00,      5.00,      5.00,0,0,0,4,4,4
H4,704,2017,481022,     20.00,      5.00,      5.00,      5.00,0,0,0,4,4,4
H4,704,2017,481029,     20.00,      5.00,      5.00,      5.00,0,0,0,4,4,4
H4,704,2017,481031,     40.00,     10.00,     10.00,     10.00,0,0,0,4,4,4
H4,704,2017,481032,     10.00,      5.00,      5.00,      5.00,0,0,0,2,2,2
H4,704,2017,481039,     20.00,     10.00,     10.00,     10.00,0,0,0,2,2,2
H4,704,2017,481092,     20.00,     10.00,     10.00,     10.00,0,0,0,2,2,2
H4,704,2017,481099,     20.00,     10.00,     10.00,     10.00,0,0,0,2,2,2
H4,704,2017,481110,     60.00,      5.00,     25.00,     15.00,0,0,0,4,4,4
H4,704,2017,481141,     30.00,     15.00,     15.00,     15.00,0,0,0,2,2,2
H4,704,2017,481149,     30.00,     15.00,     15.00,     15.00,0,0,0,2,2,2
H4,704,2017,481151,     80.00,     15.00,     25.00,     20.00,0,0,0,4,4,4
H4,704,2017,481159,     83.00,      3.00,     25.00,     16.60,0,0,0,5,5,5
H4,704,2017,481160,     30.00,     15.00,     15.00,     15.00,0,0,0,2,2,2
H4,704,2017,481190,     80.00,      5.00,     25.00,     10.00,0,0,0,8,8,8
H4,704,2017,481200,      0.00,      0.00,      0.00,      0.00,0,1,0,0,1,1
H4,704,2017,481310,     20.00,     20.00,     20.00,     20.00,0,0,0,1,1,1
H4,704,2017,481320,     20.00,     20.00,     20.00,     20.00,0,0,0,1,1,1
H4,704,2017,481390,     40.00,     20.00,     20.00,     20.00,0,0,0,2,2,2
H4,704,2017,481420,     25.00,     25.00,     25.00,     25.00,0,0,0,1,1,1
H4,704,2017,481490,     20.00,     20.00,     20.00,     20.00,0,0,0,1,1,1
H4,704,2017,481620,     20.00,     10.00,     10.00,     10.00,0,0,0,2,2,2
H4,704,2017,481690,     85.00,     10.00,     20.00,     17.00,0,0,0,5,5,5
H4,704,2017,481710,     25.00,     25.00,     25.00,     25.00,0,0,0,1,1,1
H4,704,2017,481720,     25.00,     25.00,     25.00,     25.00,0,0,0,1,1,1
H4,704,2017,481730,     25.00,     25.00,     25.00,     25.00,0,0,0,1,1,1
H4,704,2017,481810,     18.00,     18.00,     18.00,     18.00,0,0,0,1,1,1
H4,704,2017,481820,     18.00,     18.00,     18.00,     18.00,0,0,0,1,1,1
H4,704,2017,481830,     40.00,     20.00,     20.00,     20.00,0,0,0,2,2,2
H4,704,2017,481850,     20.00,     20.00,     20.00,     20.00,0,0,0,1,1,1
H4,704,2017,481890,     20.00,     20.00,     20.00,     20.00,0,0,0,1,1,1
H4,704,2017,481910,     15.00,     15.00,     15.00,     15.00,0,0,0,1,1,1
H4,704,2017,481920,     15.00,     15.00,     15.00,     15.00,0,0,0,1,1,1
H4,704,2017,481930,     20.00,     20.00,     20.00,     20.00,0,0,0,1,1,1
H4,704,2017,481940,     20.00,     20.00,     20.00,     20.00,0,0,0,1,1,1
H4,704,2017,481950,     20.00,     20.00,     20.00,     20.00,0,0,0,1,1,1
H4,704,2017,481960,     20.00,     20.00,     20.00,     20.00,0,0,0,1,1,1
H4,704,2017,482010,     25.00,     25.00,     25.00,     25.00,0,0,0,1,1,1
H4,704,2017,482020,     25.00,     25.00,     25.00,     25.00,0,0,0,1,1,1
H4,704,2017,482030,     25.00,     25.00,     25.00,     25.00,0,0,0,1,1,1
H4,704,2017,482040,     25.00,     25.00,     25.00,     25.00,0,0,0,1,1,1
H4,704,2017,482050,     25.00,     25.00,     25.00,     25.00,0,0,0,1,1,1
H4,704,2017,482090,     25.00,     25.00,     25.00,     25.00,0,0,0,1,1,1
H4,704,2017,482110,     35.00,     15.00,     20.00,     17.50,0,0,0,2,2,2
H4,704,2017,482190,     40.00,     20.00,     20.00,     20.00,0,0,0,2,2,2
H4,704,2017,482210,     10.00,      5.00,      5.00,      5.00,0,0,0,2,2,2
H4,704,2017,482290,     10.00,      5.00,      5.00,      5.00,0,0,0,2,2,2
H4,704,2017,482320,     10.00,      5.00,      5.00,      5.00,0,0,0,2,2,2
H4,704,2017,482340,      0.00,      0.00,      0.00,      0.00,0,3,0,0,3,3
H4,704,2017,482361,     20.00,     20.00,     20.00,     20.00,0,0,0,1,1,1
H4,704,2017,482369,     20.00,     20.00,     20.00,     20.00,0,0,0,1,1,1
H4,704,2017,482370,      5.00,      5.00,      5.00,      5.00,0,0,0,1,1,1
H4,704,2017,482390,    240.00,     10.00,     20.00,     18.46,0,0,0,13,13,13
H4,704,2017,490110,      0.00,      0.00,      0.00,      0.00,0,1,0,0,1,1
H4,704,2017,490191,      0.00,      0.00,      0.00,      0.00,0,1,0,0,1,1
H4,704,2017,490199,      5.00,      0.00,      5.00,      2.50,0,1,0,1,2,2
H4,704,2017,490210,      0.00,      0.00,      0.00,      0.00,0,1,0,0,1,1
H4,704,2017,490290,      0.00,      0.00,      0.00,      0.00,0,2,0,0,2,2
H4,704,2017,490300,      0.00,      0.00,      0.00,      0.00,0,1,0,0,1,1
H4,704,2017,490400,      5.00,      5.00,      5.00,      5.00,0,0,0,1,1,1
H4,704,2017,490510,      0.00,      0.00,      0.00,      0.00,0,1,0,0,1,1
H4,704,2017,490591,      0.00,      0.00,      0.00,      0.00,0,1,0,0,1,1
H4,704,2017,490599,      0.00,      0.00,      0.00,      0.00,0,1,0,0,1,1
H4,704,2017,490600,      0.00,      0.00,      0.00,      0.00,0,2,0,0,2,2
H4,704,2017,490700,     40.00,      0.00,     20.00,      8.00,0,3,0,2,5,5
H4,704,2017,490810,      5.00,      5.00,      5.00,      5.00,0,0,0,1,1,1
H4,704,2017,490890,     15.00,     15.00,     15.00,     15.00,0,0,0,1,1,1
H4,704,2017,490900,     20.00,     20.00,     20.00,     20.00,0,0,0,1,1,1
H4,704,2017,491000,     20.00,     20.00,     20.00,     20.00,0,0,0,1,1,1
H4,704,2017,491110,     40.00,     20.00,     20.00,     20.00,0,0,0,2,2,2
H4,704,2017,491191,     70.00,     10.00,     20.00,     14.00,0,0,0,5,5,5
H4,704,2017,491199,     80.00,     20.00,     20.00,     20.00,0,0,0,4,4,4
H4,704,2017,500100,      5.00,      5.00,      5.00,      5.00,0,0,0,1,1,1
H4,704,2017,500200,      5.00,      5.00,      5.00,      5.00,0,0,0,1,1,1
H4,704,2017,500300,     10.00,     10.00,     10.00,     10.00,0,0,0,1,1,1
H4,704,2017,500400,      5.00,      5.00,      5.00,      5.00,0,0,0,1,1,1
H4,704,2017,500500,      5.00,      5.00,      5.00,      5.00,0,0,0,1,1,1
H4,704,2017,500600,      5.00,      5.00,      5.00,      5.00,0,0,0,1,1,1
H4,704,2017,500710,     24.00,     12.00,     12.00,     12.00,0,0,0,2,2,2
H4,704,2017,500720,     24.00,     12.00,     12.00,     12.00,0,0,0,2,2,2
H4,704,2017,500790,     24.00,     12.00,     12.00,     12.00,0,0,0,2,2,2
H4,704,2017,510111,      0.00,      0.00,      0.00,      0.00,0,1,0,0,1,1
H4,704,2017,510119,      0.00,      0.00,      0.00,      0.00,0,1,0,0,1,1
H4,704,2017,510121,      0.00,      0.00,      0.00,      0.00,0,1,0,0,1,1
H4,704,2017,510129,      0.00,      0.00,      0.00,      0.00,0,1,0,0,1,1
H4,704,2017,510130,      0.00,      0.00,      0.00,      0.00,0,1,0,0,1,1
H4,704,2017,510211,      0.00,      0.00,      0.00,      0.00,0,1,0,0,1,1
H4,704,2017,510219,      0.00,      0.00,      0.00,      0.00,0,1,0,0,1,1
H4,704,2017,510220,      0.00,      0.00,      0.00,      0.00,0,1,0,0,1,1
H4,704,2017,510310,     10.00,     10.00,     10.00,     10.00,0,0,0,1,1,1
H4,704,2017,510320,     10.00,     10.00,     10.00,     10.00,0,0,0,1,1,1
H4,704,2017,510330,     10.00,     10.00,     10.00,     10.00,0,0,0,1,1,1
H4,704,2017,510400,      3.00,      3.00,      3.00,      3.00,0,0,0,1,1,1
H4,704,2017,510510,      0.00,      0.00,      0.00,      0.00,0,1,0,0,1,1
H4,704,2017,510521,      0.00,      0.00,      0.00,      0.00,0,1,0,0,1,1
H4,704,2017,510529,      0.00,      0.00,      0.00,      0.00,0,1,0,0,1,1
H4,704,2017,510531,      0.00,      0.00,      0.00,      0.00,0,1,0,0,1,1
H4,704,2017,510539,      0.00,      0.00,      0.00,      0.00,0,1,0,0,1,1
H4,704,2017,510540,      0.00,      0.00,      0.00,      0.00,0,1,0,0,1,1
H4,704,2017,510610,      5.00,      5.00,      5.00,      5.00,0,0,0,1,1,1
H4,704,2017,510620,      5.00,      5.00,      5.00,      5.00,0,0,0,1,1,1
H4,704,2017,510710,      5.00,      5.00,      5.00,      5.00,0,0,0,1,1,1
H4,704,2017,510720,      5.00,      5.00,      5.00,      5.00,0,0,0,1,1,1
H4,704,2017,510810,      5.00,      5.00,      5.00,      5.00,0,0,0,1,1,1
H4,704,2017,510820,      5.00,      5.00,      5.00,      5.00,0,0,0,1,1,1
H4,704,2017,510910,      5.00,      5.00,      5.00,      5.00,0,0,0,1,1,1
H4,704,2017,510990,      5.00,      5.00,      5.00,      5.00,0,0,0,1,1,1
H4,704,2017,511000,      5.00,      5.00,      5.00,      5.00,0,0,0,1,1,1
H4,704,2017,511111,     24.00,     12.00,     12.00,     12.00,0,0,0,2,2,2
H4,704,2017,511119,     24.00,     12.00,     12.00,     12.00,0,0,0,2,2,2
H4,704,2017,511120,     12.00,     12.00,     12.00,     12.00,0,0,0,1,1,1
H4,704,2017,511130,     12.00,     12.00,     12.00,     12.00,0,0,0,1,1,1
H4,704,2017,511190,     12.00,     12.00,     12.00,     12.00,0,0,0,1,1,1
H4,704,2017,511211,     24.00,     12.00,     12.00,     12.00,0,0,0,2,2,2
H4,704,2017,511219,     24.00,     12.00,     12.00,     12.00,0,0,0,2,2,2
H4,704,2017,511220,     12.00,     12.00,     12.00,     12.00,0,0,0,1,1,1
H4,704,2017,511230,     12.00,     12.00,     12.00,     12.00,0,0,0,1,1,1
H4,704,2017,511290,     12.00,     12.00,     12.00,     12.00,0,0,0,1,1,1
H4,704,2017,511300,     12.00,     12.00,     12.00,     12.00,0,0,0,1,1,1
H4,704,2017,520100,      0.00,      0.00,      0.00,      0.00,0,1,0,0,1,1
H4,704,2017,520210,     10.00,     10.00,     10.00,     10.00,0,0,0,1,1,1
H4,704,2017,520291,     10.00,     10.00,     10.00,     10.00,0,0,0,1,1,1
H4,704,2017,520299,     10.00,     10.00,     10.00,     10.00,0,0,0,1,1,1
H4,704,2017,520300,      0.00,      0.00,      0.00,      0.00,0,1,0,0,1,1
H4,704,2017,520411,      5.00,      5.00,      5.00,      5.00,0,0,0,1,1,1
H4,704,2017,520419,      5.00,      5.00,      5.00,      5.00,0,0,0,1,1,1
H4,704,2017,520420,      5.00,      5.00,      5.00,      5.00,0,0,0,1,1,1
H4,704,2017,520511,      5.00,      5.00,      5.00,      5.00,0,0,0,1,1,1
H4,704,2017,520512,      5.00,      5.00,      5.00,      5.00,0,0,0,1,1,1
H4,704,2017,520513,      5.00,      5.00,      5.00,      5.00,0,0,0,1,1,1
H4,704,2017,520514,      5.00,      5.00,      5.00,      5.00,0,0,0,1,1,1
H4,704,2017,520515,      5.00,      5.00,      5.00,      5.00,0,0,0,1,1,1
H4,704,2017,520521,      5.00,      5.00,      5.00,      5.00,0,0,0,1,1,1
H4,704,2017,520522,      5.00,      5.00,      5.00,      5.00,0,0,0,1,1,1
H4,704,2017,520523,      5.00,      5.00,      5.00,      5.00,0,0,0,1,1,1
H4,704,2017,520524,      5.00,      5.00,      5.00,      5.00,0,0,0,1,1,1
H4,704,2017,520526,      5.00,      5.00,      5.00,      5.00,0,0,0,1,1,1
H4,704,2017,520527,      5.00,      5.00,      5.00,      5.00,0,0,0,1,1,1
H4,704,2017,520528,      5.00,      5.00,      5.00,      5.00,0,0,0,1,1,1
H4,704,2017,520531,      5.00,      5.00,      5.00,      5.00,0,0,0,1,1,1
H4,704,2017,520532,      5.00,      5.00,      5.00,      5.00,0,0,0,1,1,1
H4,704,2017,520533,      5.00,      5.00,      5.00,      5.00,0,0,0,1,1,1
H4,704,2017,520534,      5.00,      5.00,      5.00,      5.00,0,0,0,1,1,1
H4,704,2017,520535,      5.00,      5.00,      5.00,      5.00,0,0,0,1,1,1
H4,704,2017,520541,      5.00,      5.00,      5.00,      5.00,0,0,0,1,1,1
H4,704,2017,520542,      5.00,      5.00,      5.00,      5.00,0,0,0,1,1,1
H4,704,2017,520543,      5.00,      5.00,      5.00,      5.00,0,0,0,1,1,1
H4,704,2017,520544,      5.00,      5.00,      5.00,      5.00,0,0,0,1,1,1
H4,704,2017,520546,      5.00,      5.00,      5.00,      5.00,0,0,0,1,1,1
H4,704,2017,520547,      5.00,      5.00,      5.00,      5.00,0,0,0,1,1,1
H4,704,2017,520548,      5.00,      5.00,      5.00,      5.00,0,0,0,1,1,1
H4,704,2017,520611,      5.00,      5.00,      5.00,      5.00,0,0,0,1,1,1
H4,704,2017,520612,      5.00,      5.00,      5.00,      5.00,0,0,0,1,1,1
H4,704,2017,520613,      5.00,      5.00,      5.00,      5.00,0,0,0,1,1,1
H4,704,2017,520614,      5.00,      5.00,      5.00,      5.00,0,0,0,1,1,1
H4,704,2017,520615,      5.00,      5.00,      5.00,      5.00,0,0,0,1,1,1
H4,704,2017,520621,      5.00,      5.00,      5.00,      5.00,0,0,0,1,1,1
H4,704,2017,520622,      5.00,      5.00,      5.00,      5.00,0,0,0,1,1,1
H4,704,2017,520623,      5.00,      5.00,      5.00,      5.00,0,0,0,1,1,1
H4,704,2017,520624,      5.00,      5.00,      5.00,      5.00,0,0,0,1,1,1
H4,704,2017,520625,      5.00,      5.00,      5.00,      5.00,0,0,0,1,1,1
H4,704,2017,520631,      5.00,      5.00,      5.00,      5.00,0,0,0,1,1,1
H4,704,2017,520632,      5.00,      5.00,      5.00,      5.00,0,0,0,1,1,1
H4,704,2017,520633,      5.00,      5.00,      5.00,      5.00,0,0,0,1,1,1
H4,704,2017,520634,      5.00,      5.00,      5.00,      5.00,0,0,0,1,1,1
H4,704,2017,520635,      5.00,      5.00,      5.00,      5.00,0,0,0,1,1,1
H4,704,2017,520641,      5.00,      5.00,      5.00,      5.00,0,0,0,1,1,1
H4,704,2017,520642,      5.00,      5.00,      5.00,      5.00,0,0,0,1,1,1
H4,704,2017,520643,      5.00,      5.00,      5.00,      5.00,0,0,0,1,1,1
H4,704,2017,520644,      5.00,      5.00,      5.00,      5.00,0,0,0,1,1,1
H4,704,2017,520645,      5.00,      5.00,      5.00,      5.00,0,0,0,1,1,1
H4,704,2017,520710,      5.00,      5.00,      5.00,      5.00,0,0,0,1,1,1
H4,704,2017,520790,      5.00,      5.00,      5.00,      5.00,0,0,0,1,1,1
H4,704,2017,520811,     12.00,     12.00,     12.00,     12.00,0,0,0,1,1,1
H4,704,2017,520812,     12.00,     12.00,     12.00,     12.00,0,0,0,1,1,1
H4,704,2017,520813,     12.00,     12.00,     12.00,     12.00,0,0,0,1,1,1
H4,704,2017,520819,     12.00,     12.00,     12.00,     12.00,0,0,0,1,1,1
H4,704,2017,520821,     12.00,     12.00,     12.00,     12.00,0,0,0,1,1,1
H4,704,2017,520822,     12.00,     12.00,     12.00,     12.00,0,0,0,1,1,1
H4,704,2017,520823,     12.00,     12.00,     12.00,     12.00,0,0,0,1,1,1
H4,704,2017,520829,     12.00,     12.00,     12.00,     12.00,0,0,0,1,1,1
H4,704,2017,520831,     12.00,     12.00,     12.00,     12.00,0,0,0,1,1,1
H4,704,2017,520832,     12.00,     12.00,     12.00,     12.00,0,0,0,1,1,1
H4,704,2017,520833,     12.00,     12.00,     12.00,     12.00,0,0,0,1,1,1
H4,704,2017,520839,     12.00,     12.00,     12.00,     12.00,0,0,0,1,1,1
H4,704,2017,520841,     12.00,     12.00,     12.00,     12.00,0,0,0,1,1,1
H4,704,2017,520842,     12.00,     12.00,     12.00,     12.00,0,0,0,1,1,1
H4,704,2017,520843,     12.00,     12.00,     12.00,     12.00,0,0,0,1,1,1
H4,704,2017,520849,     12.00,     12.00,     12.00,     12.00,0,0,0,1,1,1
H4,704,2017,520851,     24.00,     12.00,     12.00,     12.00,0,0,0,2,2,2
H4,704,2017,520852,     24.00,     12.00,     12.00,     12.00,0,0,0,2,2,2
H4,704,2017,520859,     36.00,     12.00,     12.00,     12.00,0,0,0,3,3,3
H4,704,2017,520911,     12.00,     12.00,     12.00,     12.00,0,0,0,1,1,1
H4,704,2017,520912,     12.00,     12.00,     12.00,     12.00,0,0,0,1,1,1
H4,704,2017,520919,     12.00,     12.00,     12.00,     12.00,0,0,0,1,1,1
H4,704,2017,520921,     12.00,     12.00,     12.00,     12.00,0,0,0,1,1,1
H4,704,2017,520922,     12.00,     12.00,     12.00,     12.00,0,0,0,1,1,1
H4,704,2017,520929,     12.00,     12.00,     12.00,     12.00,0,0,0,1,1,1
H4,704,2017,520931,     12.00,     12.00,     12.00,     12.00,0,0,0,1,1,1
H4,704,2017,520932,     12.00,     12.00,     12.00,     12.00,0,0,0,1,1,1
H4,704,2017,520939,     12.00,     12.00,     12.00,     12.00,0,0,0,1,1,1
H4,704,2017,520941,     12.00,     12.00,     12.00,     12.00,0,0,0,1,1,1
H4,704,2017,520942,     12.00,     12.00,     12.00,     12.00,0,0,0,1,1,1
H4,704,2017,520943,     12.00,     12.00,     12.00,     12.00,0,0,0,1,1,1
H4,704,2017,520949,     12.00,     12.00,     12.00,     12.00,0,0,0,1,1,1
H4,704,2017,520951,     24.00,     12.00,     12.00,     12.00,0,0,0,2,2,2
H4,704,2017,520952,     24.00,     12.00,     12.00,     12.00,0,0,0,2,2,2
H4,704,2017,520959,     24.00,     12.00,     12.00,     12.00,0,0,0,2,2,2
H4,704,2017,521011,     12.00,     12.00,     12.00,     12.00,0,0,0,1,1,1
H4,704,2017,521019,     12.00,     12.00,     12.00,     12.00,0,0,0,1,1,1
H4,704,2017,521021,     12.00,     12.00,     12.00,     12.00,0,0,0,1,1,1
H4,704,2017,521029,     12.00,     12.00,     12.00,     12.00,0,0,0,1,1,1
H4,704,2017,521031,     12.00,     12.00,     12.00,     12.00,0,0,0,1,1,1
H4,704,2017,521032,     12.00,     12.00,     12.00,     12.00,0,0,0,1,1,1
H4,704,2017,521039,     12.00,     12.00,     12.00,     12.00,0,0,0,1,1,1
H4,704,2017,521041,     12.00,     12.00,     12.00,     12.00,0,0,0,1,1,1
H4,704,2017,521049,     12.00,     12.00,     12.00,     12.00,0,0,0,1,1,1
H4,704,2017,521051,     24.00,     12.00,     12.00,     12.00,0,0,0,2,2,2
H4,704,2017,521059,     24.00,     12.00,     12.00,     12.00,0,0,0,2,2,2
H4,704,2017,521111,     12.00,     12.00,     12.00,     12.00,0,0,0,1,1,1
H4,704,2017,521112,     12.00,     12.00,     12.00,     12.00,0,0,0,1,1,1
H4,704,2017,521119,     12.00,     12.00,     12.00,     12.00,0,0,0,1,1,1
H4,704,2017,521120,     12.00,     12.00,     12.00,     12.00,0,0,0,1,1,1
H4,704,2017,521131,     12.00,     12.00,     12.00,     12.00,0,0,0,1,1,1
H4,704,2017,521132,     12.00,     12.00,     12.00,     12.00,0,0,0,1,1,1
H4,704,2017,521139,     12.00,     12.00,     12.00,     12.00,0,0,0,1,1,1
H4,704,2017,521141,     12.00,     12.00,     12.00,     12.00,0,0,0,1,1,1
H4,704,2017,521142,     12.00,     12.00,     12.00,     12.00,0,0,0,1,1,1
H4,704,2017,521143,     12.00,     12.00,     12.00,     12.00,0,0,0,1,1,1
H4,704,2017,521149,     12.00,     12.00,     12.00,     12.00,0,0,0,1,1,1
H4,704,2017,521151,     24.00,     12.00,     12.00,     12.00,0,0,0,2,2,2
H4,704,2017,521152,     24.00,     12.00,     12.00,     12.00,0,0,0,2,2,2
H4,704,2017,521159,     24.00,     12.00,     12.00,     12.00,0,0,0,2,2,2
H4,704,2017,521211,     12.00,     12.00,     12.00,     12.00,0,0,0,1,1,1
H4,704,2017,521212,     12.00,     12.00,     12.00,     12.00,0,0,0,1,1,1
H4,704,2017,521213,     12.00,     12.00,     12.00,     12.00,0,0,0,1,1,1
H4,704,2017,521214,     12.00,     12.00,     12.00,     12.00,0,0,0,1,1,1
H4,704,2017,521215,     24.00,     12.00,     12.00,     12.00,0,0,0,2,2,2
H4,704,2017,521221,     12.00,     12.00,     12.00,     12.00,0,0,0,1,1,1
H4,704,2017,521222,     12.00,     12.00,     12.00,     12.00,0,0,0,1,1,1
H4,704,2017,521223,     12.00,     12.00,     12.00,     12.00,0,0,0,1,1,1
H4,704,2017,521224,     12.00,     12.00,     12.00,     12.00,0,0,0,1,1,1
H4,704,2017,521225,     24.00,     12.00,     12.00,     12.00,0,0,0,2,2,2
H4,704,2017,530110,      0.00,      0.00,      0.00,      0.00,0,1,0,0,1,1
H4,704,2017,530121,      0.00,      0.00,      0.00,      0.00,0,1,0,0,1,1
H4,704,2017,530129,      0.00,      0.00,      0.00,      0.00,0,1,0,0,1,1
H4,704,2017,530130,      0.00,      0.00,      0.00,      0.00,0,1,0,0,1,1
H4,704,2017,530210,      0.00,      0.00,      0.00,      0.00,0,1,0,0,1,1
H4,704,2017,530290,      0.00,      0.00,      0.00,      0.00,0,1,0,0,1,1
H4,704,2017,530310,      3.00,      3.00,      3.00,      3.00,0,0,0,1,1,1
H4,704,2017,530390,      3.00,      3.00,      3.00,      3.00,0,0,0,1,1,1
H4,704,2017,530500,     15.00,      5.00,      5.00,      5.00,0,0,0,3,3,3
H4,704,2017,530610,      3.00,      3.00,      3.00,      3.00,0,0,0,1,1,1
H4,704,2017,530620,      3.00,      3.00,      3.00,      3.00,0,0,0,1,1,1
H4,704,2017,530710,      5.00,      5.00,      5.00,      5.00,0,0,0,1,1,1
H4,704,2017,530720,      5.00,      5.00,      5.00,      5.00,0,0,0,1,1,1
H4,704,2017,530810,      5.00,      5.00,      5.00,      5.00,0,0,0,1,1,1
H4,704,2017,530820,      5.00,      5.00,      5.00,      5.00,0,0,0,1,1,1
H4,704,2017,530890,     10.00,      5.00,      5.00,      5.00,0,0,0,2,2,2
H4,704,2017,530911,     24.00,     12.00,     12.00,     12.00,0,0,0,2,2,2
H4,704,2017,530919,     24.00,     12.00,     12.00,     12.00,0,0,0,2,2,2
H4,704,2017,530921,     24.00,     12.00,     12.00,     12.00,0,0,0,2,2,2
H4,704,2017,530929,     24.00,     12.00,     12.00,     12.00,0,0,0,2,2,2
H4,704,2017,531010,     12.00,     12.00,     12.00,     12.00,0,0,0,1,1,1
H4,704,2017,531090,     24.00,     12.00,     12.00,     12.00,0,0,0,2,2,2
H4,704,2017,531100,     24.00,     12.00,     12.00,     12.00,0,0,0,2,2,2
H4,704,2017,540110,     10.00,      5.00,      5.00,      5.00,0,0,0,2,2,2
H4,704,2017,540120,     10.00,      5.00,      5.00,      5.00,0,0,0,2,2,2
H4,704,2017,540211,      0.00,      0.00,      0.00,      0.00,0,1,0,0,1,1
H4,704,2017,540219,      0.00,      0.00,      0.00,      0.00,0,1,0,0,1,1
H4,704,2017,540220,      0.00,      0.00,      0.00,      0.00,0,1,0,0,1,1
H4,704,2017,540231,      0.00,      0.00,      0.00,      0.00,0,1,0,0,1,1
H4,704,2017,540232,      0.00,      0.00,      0.00,      0.00,0,1,0,0,1,1
H4,704,2017,540233,      3.00,      3.00,      3.00,      3.00,0,0,0,1,1,1
H4,704,2017,540234,      0.00,      0.00,      0.00,      0.00,0,1,0,0,1,1
H4,704,2017,540239,      0.00,      0.00,      0.00,      0.00,0,1,0,0,1,1
H4,704,2017,540244,      6.00,      3.00,      3.00,      3.00,0,0,0,2,2,2
H4,704,2017,540245,      0.00,      0.00,      0.00,      0.00,0,1,0,0,1,1
H4,704,2017,540246,      3.00,      3.00,      3.00,      3.00,0,0,0,1,1,1
H4,704,2017,540247,      3.00,      3.00,      3.00,      3.00,0,0,0,1,1,1
H4,704,2017,540248,      0.00,      0.00,      0.00,      0.00,0,1,0,0,1,1
H4,704,2017,540249,      0.00,      0.00,      0.00,      0.00,0,1,0,0,1,1
H4,704,2017,540251,      0.00,      0.00,      0.00,      0.00,0,1,0,0,1,1
H4,704,2017,540252,      3.00,      3.00,      3.00,      3.00,0,0,0,1,1,1
H4,704,2017,540259,      0.00,      0.00,      0.00,      0.00,0,2,0,0,2,2
H4,704,2017,540261,      0.00,      0.00,      0.00,      0.00,0,1,0,0,1,1
H4,704,2017,540262,      0.00,      0.00,      0.00,      0.00,0,1,0,0,1,1
H4,704,2017,540269,      0.00,      0.00,      0.00,      0.00,0,2,0,0,2,2
H4,704,2017,540310,      0.00,      0.00,      0.00,      0.00,0,1,0,0,1,1
H4,704,2017,540331,      0.00,      0.00,      0.00,      0.00,0,2,0,0,2,2
H4,704,2017,540332,      0.00,      0.00,      0.00,      0.00,0,2,0,0,2,2
H4,704,2017,540333,      0.00,      0.00,      0.00,      0.00,0,2,0,0,2,2
H4,704,2017,540339,      0.00,      0.00,      0.00,      0.00,0,2,0,0,2,2
H4,704,2017,540341,      0.00,      0.00,      0.00,      0.00,0,2,0,0,2,2
H4,704,2017,540342,      0.00,      0.00,      0.00,      0.00,0,2,0,0,2,2
H4,704,2017,540349,      0.00,      0.00,      0.00,      0.00,0,2,0,0,2,2
H4,704,2017,540411,      0.00,      0.00,      0.00,      0.00,0,1,0,0,1,1
H4,704,2017,540412,      0.00,      0.00,      0.00,      0.00,0,1,0,0,1,1
H4,704,2017,540419,      0.00,      0.00,      0.00,      0.00,0,1,0,0,1,1
H4,704,2017,540490,      0.00,      0.00,      0.00,      0.00,0,1,0,0,1,1
H4,704,2017,540500,      0.00,      0.00,      0.00,      0.00,0,1,0,0,1,1
H4,704,2017,540600,      5.00,      5.00,      5.00,      5.00,0,0,0,1,1,1
H4,704,2017,540710,     24.00,     12.00,     12.00,     12.00,0,0,0,2,2,2
H4,704,2017,540720,     12.00,     12.00,     12.00,     12.00,0,0,0,1,1,1
H4,704,2017,540730,     12.00,     12.00,     12.00,     12.00,0,0,0,1,1,1
H4,704,2017,540741,     24.00,     12.00,     12.00,     12.00,0,0,0,2,2,2
H4,704,2017,540742,     12.00,     12.00,     12.00,     12.00,0,0,0,1,1,1
H4,704,2017,540743,     12.00,     12.00,     12.00,     12.00,0,0,0,1,1,1
H4,704,2017,540744,     12.00,     12.00,     12.00,     12.00,0,0,0,1,1,1
H4,704,2017,540751,     12.00,     12.00,     12.00,     12.00,0,0,0,1,1,1
H4,704,2017,540752,     12.00,     12.00,     12.00,     12.00,0,0,0,1,1,1
H4,704,2017,540753,     12.00,     12.00,     12.00,     12.00,0,0,0,1,1,1
H4,704,2017,540754,     12.00,     12.00,     12.00,     12.00,0,0,0,1,1,1
H4,704,2017,540761,     12.00,     12.00,     12.00,     12.00,0,0,0,1,1,1
H4,704,2017,540769,     12.00,     12.00,     12.00,     12.00,0,0,0,1,1,1
H4,704,2017,540771,     12.00,     12.00,     12.00,     12.00,0,0,0,1,1,1
H4,704,2017,540772,     12.00,     12.00,     12.00,     12.00,0,0,0,1,1,1
H4,704,2017,540773,     12.00,     12.00,     12.00,     12.00,0,0,0,1,1,1
H4,704,2017,540774,     12.00,     12.00,     12.00,     12.00,0,0,0,1,1,1
H4,704,2017,540781,     12.00,     12.00,     12.00,     12.00,0,0,0,1,1,1
H4,704,2017,540782,     12.00,     12.00,     12.00,     12.00,0,0,0,1,1,1
H4,704,2017,540783,     12.00,     12.00,     12.00,     12.00,0,0,0,1,1,1
H4,704,2017,540784,     12.00,     12.00,     12.00,     12.00,0,0,0,1,1,1
H4,704,2017,540791,     12.00,     12.00,     12.00,     12.00,0,0,0,1,1,1
H4,704,2017,540792,     12.00,     12.00,     12.00,     12.00,0,0,0,1,1,1
H4,704,2017,540793,     12.00,     12.00,     12.00,     12.00,0,0,0,1,1,1
H4,704,2017,540794,     12.00,     12.00,     12.00,     12.00,0,0,0,1,1,1
H4,704,2017,540810,     12.00,     12.00,     12.00,     12.00,0,0,0,1,1,1
H4,704,2017,540821,     12.00,     12.00,     12.00,     12.00,0,0,0,1,1,1
H4,704,2017,540822,     12.00,     12.00,     12.00,     12.00,0,0,0,1,1,1
H4,704,2017,540823,     12.00,     12.00,     12.00,     12.00,0,0,0,1,1,1
H4,704,2017,540824,     12.00,     12.00,     12.00,     12.00,0,0,0,1,1,1
H4,704,2017,540831,     12.00,     12.00,     12.00,     12.00,0,0,0,1,1,1
H4,704,2017,540832,     12.00,     12.00,     12.00,     12.00,0,0,0,1,1,1
H4,704,2017,540833,     12.00,     12.00,     12.00,     12.00,0,0,0,1,1,1
H4,704,2017,540834,     12.00,     12.00,     12.00,     12.00,0,0,0,1,1,1
H4,704,2017,550110,      0.00,      0.00,      0.00,      0.00,0,1,0,0,1,1
H4,704,2017,550120,      0.00,      0.00,      0.00,      0.00,0,1,0,0,1,1
H4,704,2017,550130,      0.00,      0.00,      0.00,      0.00,0,1,0,0,1,1
H4,704,2017,550140,      0.00,      0.00,      0.00,      0.00,0,1,0,0,1,1
H4,704,2017,550190,      0.00,      0.00,      0.00,      0.00,0,1,0,0,1,1
H4,704,2017,550200,      0.00,      0.00,      0.00,      0.00,0,1,0,0,1,1
H4,704,2017,550311,      0.00,      0.00,      0.00,      0.00,0,1,0,0,1,1
H4,704,2017,550319,      0.00,      0.00,      0.00,      0.00,0,1,0,0,1,1
H4,704,2017,550320,      2.00,      2.00,      2.00,      2.00,0,0,0,1,1,1
H4,704,2017,550330,      0.00,      0.00,      0.00,      0.00,0,1,0,0,1,1
H4,704,2017,550340,      0.00,      0.00,      0.00,      0.00,0,1,0,0,1,1
H4,704,2017,550390,      0.00,      0.00,      0.00,      0.00,0,1,0,0,1,1
H4,704,2017,550410,      0.00,      0.00,      0.00,      0.00,0,1,0,0,1,1
H4,704,2017,550490,      0.00,      0.00,      0.00,      0.00,0,1,0,0,1,1
H4,704,2017,550510,      3.00,      3.00,      3.00,      3.00,0,0,0,1,1,1
H4,704,2017,550520,      3.00,      3.00,      3.00,      3.00,0,0,0,1,1,1
H4,704,2017,550610,      0.00,      0.00,      0.00,      0.00,0,1,0,0,1,1
H4,704,2017,550620,      0.00,      0.00,      0.00,      0.00,0,1,0,0,1,1
H4,704,2017,550630,      0.00,      0.00,      0.00,      0.00,0,1,0,0,1,1
H4,704,2017,550690,      0.00,      0.00,      0.00,      0.00,0,1,0,0,1,1
H4,704,2017,550700,      0.00,      0.00,      0.00,      0.00,0,1,0,0,1,1
H4,704,2017,550810,     10.00,      5.00,      5.00,      5.00,0,0,0,2,2,2
H4,704,2017,550820,     10.00,      5.00,      5.00,      5.00,0,0,0,2,2,2
H4,704,2017,550911,      5.00,      5.00,      5.00,      5.00,0,0,0,1,1,1
H4,704,2017,550912,      5.00,      5.00,      5.00,      5.00,0,0,0,1,1,1
H4,704,2017,550921,      5.00,      5.00,      5.00,      5.00,0,0,0,1,1,1
H4,704,2017,550922,      5.00,      5.00,      5.00,      5.00,0,0,0,1,1,1
H4,704,2017,550931,      5.00,      5.00,      5.00,      5.00,0,0,0,1,1,1
H4,704,2017,550932,      5.00,      5.00,      5.00,      5.00,0,0,0,1,1,1
H4,704,2017,550941,      5.00,      5.00,      5.00,      5.00,0,0,0,1,1,1
H4,704,2017,550942,      5.00,      5.00,      5.00,      5.00,0,0,0,1,1,1
H4,704,2017,550951,      5.00,      5.00,      5.00,      5.00,0,0,0,1,1,1
H4,704,2017,550952,      5.00,      0.00,      5.00,      2.50,0,1,0,1,2,2
H4,704,2017,550953,      5.00,      5.00,      5.00,      5.00,0,0,0,1,1,1
H4,704,2017,550959,      5.00,      5.00,      5.00,      5.00,0,0,0,1,1,1
H4,704,2017,550961,      5.00,      5.00,      5.00,      5.00,0,0,0,1,1,1
H4,704,2017,550962,      5.00,      5.00,      5.00,      5.00,0,0,0,1,1,1
H4,704,2017,550969,      5.00,      5.00,      5.00,      5.00,0,0,0,1,1,1
H4,704,2017,550991,      5.00,      5.00,      5.00,      5.00,0,0,0,1,1,1
H4,704,2017,550992,      5.00,      5.00,      5.00,      5.00,0,0,0,1,1,1
H4,704,2017,550999,      5.00,      5.00,      5.00,      5.00,0,0,0,1,1,1
H4,704,2017,551011,      5.00,      5.00,      5.00,      5.00,0,0,0,1,1,1
H4,704,2017,551012,      5.00,      5.00,      5.00,      5.00,0,0,0,1,1,1
H4,704,2017,551020,      5.00,      5.00,      5.00,      5.00,0,0,0,1,1,1
H4,704,2017,551030,      5.00,      5.00,      5.00,      5.00,0,0,0,1,1,1
H4,704,2017,551090,      5.00,      5.00,      5.00,      5.00,0,0,0,1,1,1
H4,704,2017,551110,     10.00,      5.00,      5.00,      5.00,0,0,0,2,2,2
H4,704,2017,551120,     10.00,      5.00,      5.00,      5.00,0,0,0,2,2,2
H4,704,2017,551130,      5.00,      5.00,      5.00,      5.00,0,0,0,1,1,1
H4,704,2017,551211,     12.00,     12.00,     12.00,     12.00,0,0,0,1,1,1
H4,704,2017,551219,     12.00,     12.00,     12.00,     12.00,0,0,0,1,1,1
H4,704,2017,551221,     12.00,     12.00,     12.00,     12.00,0,0,0,1,1,1
H4,704,2017,551229,     12.00,     12.00,     12.00,     12.00,0,0,0,1,1,1
H4,704,2017,551291,     12.00,     12.00,     12.00,     12.00,0,0,0,1,1,1
H4,704,2017,551299,     12.00,     12.00,     12.00,     12.00,0,0,0,1,1,1
H4,704,2017,551311,     12.00,     12.00,     12.00,     12.00,0,0,0,1,1,1
H4,704,2017,551312,     12.00,     12.00,     12.00,     12.00,0,0,0,1,1,1
H4,704,2017,551313,     12.00,     12.00,     12.00,     12.00,0,0,0,1,1,1
H4,704,2017,551319,     12.00,     12.00,     12.00,     12.00,0,0,0,1,1,1
H4,704,2017,551321,     12.00,     12.00,     12.00,     12.00,0,0,0,1,1,1
H4,704,2017,551323,     12.00,     12.00,     12.00,     12.00,0,0,0,1,1,1
H4,704,2017,551329,     12.00,     12.00,     12.00,     12.00,0,0,0,1,1,1
H4,704,2017,551331,     12.00,     12.00,     12.00,     12.00,0,0,0,1,1,1
H4,704,2017,551339,     12.00,     12.00,     12.00,     12.00,0,0,0,1,1,1
H4,704,2017,551341,     12.00,     12.00,     12.00,     12.00,0,0,0,1,1,1
H4,704,2017,551349,     12.00,     12.00,     12.00,     12.00,0,0,0,1,1,1
H4,704,2017,551411,     12.00,     12.00,     12.00,     12.00,0,0,0,1,1,1
H4,704,2017,551412,     12.00,     12.00,     12.00,     12.00,0,0,0,1,1,1
H4,704,2017,551419,     12.00,     12.00,     12.00,     12.00,0,0,0,1,1,1
H4,704,2017,551421,     12.00,     12.00,     12.00,     12.00,0,0,0,1,1,1
H4,704,2017,551422,     12.00,     12.00,     12.00,     12.00,0,0,0,1,1,1
H4,704,2017,551423,     12.00,     12.00,     12.00,     12.00,0,0,0,1,1,1
H4,704,2017,551429,     12.00,     12.00,     12.00,     12.00,0,0,0,1,1,1
H4,704,2017,551430,     12.00,     12.00,     12.00,     12.00,0,0,0,1,1,1
H4,704,2017,551441,     12.00,     12.00,     12.00,     12.00,0,0,0,1,1,1
H4,704,2017,551442,     12.00,     12.00,     12.00,     12.00,0,0,0,1,1,1
H4,704,2017,551443,     12.00,     12.00,     12.00,     12.00,0,0,0,1,1,1
H4,704,2017,551449,     12.00,     12.00,     12.00,     12.00,0,0,0,1,1,1
H4,704,2017,551511,     12.00,     12.00,     12.00,     12.00,0,0,0,1,1,1
H4,704,2017,551512,     12.00,     12.00,     12.00,     12.00,0,0,0,1,1,1
H4,704,2017,551513,     12.00,     12.00,     12.00,     12.00,0,0,0,1,1,1
H4,704,2017,551519,     12.00,     12.00,     12.00,     12.00,0,0,0,1,1,1
H4,704,2017,551521,     12.00,     12.00,     12.00,     12.00,0,0,0,1,1,1
H4,704,2017,551522,     12.00,     12.00,     12.00,     12.00,0,0,0,1,1,1
H4,704,2017,551529,     12.00,     12.00,     12.00,     12.00,0,0,0,1,1,1
H4,704,2017,551591,     12.00,     12.00,     12.00,     12.00,0,0,0,1,1,1
H4,704,2017,551599,     24.00,     12.00,     12.00,     12.00,0,0,0,2,2,2
H4,704,2017,551611,     12.00,     12.00,     12.00,     12.00,0,0,0,1,1,1
H4,704,2017,551612,     12.00,     12.00,     12.00,     12.00,0,0,0,1,1,1
H4,704,2017,551613,     12.00,     12.00,     12.00,     12.00,0,0,0,1,1,1
H4,704,2017,551614,     12.00,     12.00,     12.00,     12.00,0,0,0,1,1,1
H4,704,2017,551621,     12.00,     12.00,     12.00,     12.00,0,0,0,1,1,1
H4,704,2017,551622,     12.00,     12.00,     12.00,     12.00,0,0,0,1,1,1
H4,704,2017,551623,     12.00,     12.00,     12.00,     12.00,0,0,0,1,1,1
H4,704,2017,551624,     12.00,     12.00,     12.00,     12.00,0,0,0,1,1,1
H4,704,2017,551631,     12.00,     12.00,     12.00,     12.00,0,0,0,1,1,1
H4,704,2017,551632,     12.00,     12.00,     12.00,     12.00,0,0,0,1,1,1
H4,704,2017,551633,     12.00,     12.00,     12.00,     12.00,0,0,0,1,1,1
H4,704,2017,551634,     12.00,     12.00,     12.00,     12.00,0,0,0,1,1,1
H4,704,2017,551641,     12.00,     12.00,     12.00,     12.00,0,0,0,1,1,1
H4,704,2017,551642,     12.00,     12.00,     12.00,     12.00,0,0,0,1,1,1
H4,704,2017,551643,     12.00,     12.00,     12.00,     12.00,0,0,0,1,1,1
H4,704,2017,551644,     12.00,     12.00,     12.00,     12.00,0,0,0,1,1,1
H4,704,2017,551691,     12.00,     12.00,     12.00,     12.00,0,0,0,1,1,1
H4,704,2017,551692,     12.00,     12.00,     12.00,     12.00,0,0,0,1,1,1
H4,704,2017,551693,     12.00,     12.00,     12.00,     12.00,0,0,0,1,1,1
H4,704,2017,551694,     12.00,     12.00,     12.00,     12.00,0,0,0,1,1,1
H4,704,2017,560121,      5.00,      5.00,      5.00,      5.00,0,0,0,1,1,1
H4,704,2017,560122,      5.00,      5.00,      5.00,      5.00,0,0,0,1,1,1
H4,704,2017,560129,      5.00,      5.00,      5.00,      5.00,0,0,0,1,1,1
H4,704,2017,560130,     15.00,      5.00,      5.00,      5.00,0,0,0,3,3,3
H4,704,2017,560210,     12.00,     12.00,     12.00,     12.00,0,0,0,1,1,1
H4,704,2017,560221,     12.00,     12.00,     12.00,     12.00,0,0,0,1,1,1
H4,704,2017,560229,     12.00,     12.00,     12.00,     12.00,0,0,0,1,1,1
H4,704,2017,560290,     12.00,     12.00,     12.00,     12.00,0,0,0,1,1,1
H4,704,2017,560311,     12.00,     12.00,     12.00,     12.00,0,0,0,1,1,1
H4,704,2017,560312,     12.00,     12.00,     12.00,     12.00,0,0,0,1,1,1
H4,704,2017,560313,     12.00,     12.00,     12.00,     12.00,0,0,0,1,1,1
H4,704,2017,560314,     12.00,     12.00,     12.00,     12.00,0,0,0,1,1,1
H4,704,2017,560391,     12.00,     12.00,     12.00,     12.00,0,0,0,1,1,1
H4,704,2017,560392,     12.00,     12.00,     12.00,     12.00,0,0,0,1,1,1
H4,704,2017,560393,     12.00,     12.00,     12.00,     12.00,0,0,0,1,1,1
H4,704,2017,560394,     12.00,     12.00,     12.00,     12.00,0,0,0,1,1,1
H4,704,2017,560410,      5.00,      5.00,      5.00,      5.00,0,0,0,1,1,1
H4,704,2017,560490,     20.00,      5.00,      5.00,      5.00,0,0,0,4,4,4
H4,704,2017,560500,      5.00,      5.00,      5.00,      5.00,0,0,0,1,1,1
H4,704,2017,560600,     12.00,     12.00,     12.00,     12.00,0,0,0,1,1,1
H4,704,2017,560721,     12.00,     12.00,     12.00,     12.00,0,0,0,1,1,1
H4,704,2017,560729,     12.00,     12.00,     12.00,     12.00,0,0,0,1,1,1
H4,704,2017,560741,     12.00,     12.00,     12.00,     12.00,0,0,0,1,1,1
H4,704,2017,560749,     12.00,     12.00,     12.00,     12.00,0,0,0,1,1,1
H4,704,2017,560750,     24.00,     12.00,     12.00,     12.00,0,0,0,2,2,2
H4,704,2017,560790,     48.00,     12.00,     12.00,     12.00,0,0,0,4,4,4
H4,704,2017,560811,     12.00,     12.00,     12.00,     12.00,0,0,0,1,1,1
H4,704,2017,560819,     22.00,     10.00,     12.00,     11.00,0,0,0,2,2,2
H4,704,2017,560890,     22.00,     10.00,     12.00,     11.00,0,0,0,2,2,2
H4,704,2017,560900,     12.00,     12.00,     12.00,     12.00,0,0,0,1,1,1
H4,704,2017,570110,     24.00,     12.00,     12.00,     12.00,0,0,0,2,2,2
H4,704,2017,570190,     48.00,     12.00,     12.00,     12.00,0,0,0,4,4,4
H4,704,2017,570210,     12.00,     12.00,     12.00,     12.00,0,0,0,1,1,1
H4,704,2017,570220,     12.00,     12.00,     12.00,     12.00,0,0,0,1,1,1
H4,704,2017,570231,     12.00,     12.00,     12.00,     12.00,0,0,0,1,1,1
H4,704,2017,570232,     12.00,     12.00,     12.00,     12.00,0,0,0,1,1,1
H4,704,2017,570239,     36.00,     12.00,     12.00,     12.00,0,0,0,3,3,3
H4,704,2017,570241,     24.00,     12.00,     12.00,     12.00,0,0,0,2,2,2
H4,704,2017,570242,     24.00,     12.00,     12.00,     12.00,0,0,0,2,2,2
H4,704,2017,570249,     48.00,     12.00,     12.00,     12.00,0,0,0,4,4,4
H4,704,2017,570250,     36.00,     12.00,     12.00,     12.00,0,0,0,3,3,3
H4,704,2017,570291,     24.00,     12.00,     12.00,     12.00,0,0,0,2,2,2
H4,704,2017,570292,     24.00,     12.00,     12.00,     12.00,0,0,0,2,2,2
H4,704,2017,570299,     48.00,     12.00,     12.00,     12.00,0,0,0,4,4,4
H4,704,2017,570310,     36.00,     12.00,     12.00,     12.00,0,0,0,3,3,3
H4,704,2017,570320,     24.00,     12.00,     12.00,     12.00,0,0,0,2,2,2
H4,704,2017,570330,     24.00,     12.00,     12.00,     12.00,0,0,0,2,2,2
H4,704,2017,570390,     72.00,     12.00,     12.00,     12.00,0,0,0,6,6,6
H4,704,2017,570410,     12.00,     12.00,     12.00,     12.00,0,0,0,1,1,1
H4,704,2017,570490,     12.00,     12.00,     12.00,     12.00,0,0,0,1,1,1
H4,704,2017,570500,     84.00,     12.00,     12.00,     12.00,0,0,0,7,7,7
H4,704,2017,580110,     24.00,     12.00,     12.00,     12.00,0,0,0,2,2,2
H4,704,2017,580121,     24.00,     12.00,     12.00,     12.00,0,0,0,2,2,2
H4,704,2017,580122,     24.00,     12.00,     12.00,     12.00,0,0,0,2,2,2
H4,704,2017,580123,     24.00,     12.00,     12.00,     12.00,0,0,0,2,2,2
H4,704,2017,580126,     24.00,     12.00,     12.00,     12.00,0,0,0,2,2,2
H4,704,2017,580127,     24.00,     12.00,     12.00,     12.00,0,0,0,2,2,2
H4,704,2017,580131,     24.00,     12.00,     12.00,     12.00,0,0,0,2,2,2
H4,704,2017,580132,     24.00,     12.00,     12.00,     12.00,0,0,0,2,2,2
H4,704,2017,580133,     24.00,     12.00,     12.00,     12.00,0,0,0,2,2,2
H4,704,2017,580136,     24.00,     12.00,     12.00,     12.00,0,0,0,2,2,2
H4,704,2017,580137,     24.00,     12.00,     12.00,     12.00,0,0,0,2,2,2
H4,704,2017,580190,     48.00,     12.00,     12.00,     12.00,0,0,0,4,4,4
H4,704,2017,580211,     12.00,     12.00,     12.00,     12.00,0,0,0,1,1,1
H4,704,2017,580219,     12.00,     12.00,     12.00,     12.00,0,0,0,1,1,1
H4,704,2017,580220,     12.00,     12.00,     12.00,     12.00,0,0,0,1,1,1
H4,704,2017,580230,     48.00,     12.00,     12.00,     12.00,0,0,0,4,4,4
H4,704,2017,580300,     48.00,     12.00,     12.00,     12.00,0,0,0,4,4,4
H4,704,2017,580410,     72.00,     12.00,     12.00,     12.00,0,0,0,6,6,6
H4,704,2017,580421,     24.00,     12.00,     12.00,     12.00,0,0,0,2,2,2
H4,704,2017,580429,     24.00,     12.00,     12.00,     12.00,0,0,0,2,2,2
H4,704,2017,580430,     12.00,     12.00,     12.00,     12.00,0,0,0,1,1,1
H4,704,2017,580500,     24.00,     12.00,     12.00,     12.00,0,0,0,2,2,2
H4,704,2017,580610,     36.00,     12.00,     12.00,     12.00,0,0,0,3,3,3
H4,704,2017,580620,     24.00,     12.00,     12.00,     12.00,0,0,0,2,2,2
H4,704,2017,580631,     36.00,     12.00,     12.00,     12.00,0,0,0,3,3,3
H4,704,2017,580632,     36.00,     12.00,     12.00,     12.00,0,0,0,3,3,3
H4,704,2017,580639,     36.00,     12.00,     12.00,     12.00,0,0,0,3,3,3
H4,704,2017,580640,     12.00,     12.00,     12.00,     12.00,0,0,0,1,1,1
H4,704,2017,580710,     12.00,     12.00,     12.00,     12.00,0,0,0,1,1,1
H4,704,2017,580790,     12.00,     12.00,     12.00,     12.00,0,0,0,1,1,1
H4,704,2017,580810,     24.00,     12.00,     12.00,     12.00,0,0,0,2,2,2
H4,704,2017,580890,     24.00,     12.00,     12.00,     12.00,0,0,0,2,2,2
H4,704,2017,580900,     12.00,     12.00,     12.00,     12.00,0,0,0,1,1,1
H4,704,2017,581010,     12.00,     12.00,     12.00,     12.00,0,0,0,1,1,1
H4,704,2017,581091,     12.00,     12.00,     12.00,     12.00,0,0,0,1,1,1
H4,704,2017,581092,     12.00,     12.00,     12.00,     12.00,0,0,0,1,1,1
H4,704,2017,581099,     12.00,     12.00,     12.00,     12.00,0,0,0,1,1,1
H4,704,2017,581100,     24.00,     12.00,     12.00,     12.00,0,0,0,2,2,2
H4,704,2017,590110,     12.00,     12.00,     12.00,     12.00,0,0,0,1,1,1
H4,704,2017,590190,     36.00,     12.00,     12.00,     12.00,0,0,0,3,3,3
H4,704,2017,590210,     23.00,      3.00,     10.00,      5.75,0,0,0,4,4,4
H4,704,2017,590220,      8.00,      0.00,      5.00,      2.67,0,1,0,2,3,3
H4,704,2017,590290,      0.00,      0.00,      0.00,      0.00,0,2,0,0,2,2
H4,704,2017,590310,     12.00,     12.00,     12.00,     12.00,0,0,0,1,1,1
H4,704,2017,590320,     12.00,     12.00,     12.00,     12.00,0,0,0,1,1,1
H4,704,2017,590390,     12.00,     12.00,     12.00,     12.00,0,0,0,1,1,1
H4,704,2017,590410,     12.00,     12.00,     12.00,     12.00,0,0,0,1,1,1
H4,704,2017,590490,     12.00,     12.00,     12.00,     12.00,0,0,0,1,1,1
H4,704,2017,590500,     24.00,     12.00,     12.00,     12.00,0,0,0,2,2,2
H4,704,2017,590610,     12.00,     12.00,     12.00,     12.00,0,0,0,1,1,1
H4,704,2017,590691,     10.00,     10.00,     10.00,     10.00,0,0,0,1,1,1
H4,704,2017,590699,     10.00,      5.00,      5.00,      5.00,0,0,0,2,2,2
H4,704,2017,590700,     61.00,      5.00,     12.00,     10.17,0,0,0,6,6,6
H4,704,2017,590800,     24.00,     12.00,     12.00,     12.00,0,0,0,2,2,2
H4,704,2017,590900,      0.00,      0.00,      0.00,      0.00,0,2,0,0,2,2
H4,704,2017,591000,      6.00,      6.00,      6.00,      6.00,0,0,0,1,1,1
H4,704,2017,591110,      0.00,      0.00,      0.00,      0.00,0,1,0,0,1,1
H4,704,2017,591120,      0.00,      0.00,      0.00,      0.00,0,1,0,0,1,1
H4,704,2017,591131,      0.00,      0.00,      0.00,      0.00,0,1,0,0,1,1
H4,704,2017,591132,      0.00,      0.00,      0.00,      0.00,0,1,0,0,1,1
H4,704,2017,591140,      0.00,      0.00,      0.00,      0.00,0,1,0,0,1,1
H4,704,2017,591190,      0.00,      0.00,      0.00,      0.00,0,2,0,0,2,2
H4,704,2017,600110,     12.00,     12.00,     12.00,     12.00,0,0,0,1,1,1
H4,704,2017,600121,     12.00,     12.00,     12.00,     12.00,0,0,0,1,1,1
H4,704,2017,600122,     12.00,     12.00,     12.00,     12.00,0,0,0,1,1,1
H4,704,2017,600129,     12.00,     12.00,     12.00,     12.00,0,0,0,1,1,1
H4,704,2017,600191,     12.00,     12.00,     12.00,     12.00,0,0,0,1,1,1
H4,704,2017,600192,     36.00,     12.00,     12.00,     12.00,0,0,0,3,3,3
H4,704,2017,600199,     48.00,     12.00,     12.00,     12.00,0,0,0,4,4,4
H4,704,2017,600240,     12.00,     12.00,     12.00,     12.00,0,0,0,1,1,1
H4,704,2017,600290,     12.00,     12.00,     12.00,     12.00,0,0,0,1,1,1
H4,704,2017,600310,     12.00,     12.00,     12.00,     12.00,0,0,0,1,1,1
H4,704,2017,600320,     12.00,     12.00,     12.00,     12.00,0,0,0,1,1,1
H4,704,2017,600330,     12.00,     12.00,     12.00,     12.00,0,0,0,1,1,1
H4,704,2017,600340,     12.00,     12.00,     12.00,     12.00,0,0,0,1,1,1
H4,704,2017,600390,     12.00,     12.00,     12.00,     12.00,0,0,0,1,1,1
H4,704,2017,600410,     24.00,     12.00,     12.00,     12.00,0,0,0,2,2,2
H4,704,2017,600490,     12.00,     12.00,     12.00,     12.00,0,0,0,1,1,1
H4,704,2017,600521,     12.00,     12.00,     12.00,     12.00,0,0,0,1,1,1
H4,704,2017,600522,     12.00,     12.00,     12.00,     12.00,0,0,0,1,1,1
H4,704,2017,600523,     12.00,     12.00,     12.00,     12.00,0,0,0,1,1,1
H4,704,2017,600524,     12.00,     12.00,     12.00,     12.00,0,0,0,1,1,1
H4,704,2017,600531,     24.00,     12.00,     12.00,     12.00,0,0,0,2,2,2
H4,704,2017,600532,     24.00,     12.00,     12.00,     12.00,0,0,0,2,2,2
H4,704,2017,600533,     24.00,     12.00,     12.00,     12.00,0,0,0,2,2,2
H4,704,2017,600534,     24.00,     12.00,     12.00,     12.00,0,0,0,2,2,2
H4,704,2017,600541,     12.00,     12.00,     12.00,     12.00,0,0,0,1,1,1
H4,704,2017,600542,     12.00,     12.00,     12.00,     12.00,0,0,0,1,1,1
H4,704,2017,600543,     12.00,     12.00,     12.00,     12.00,0,0,0,1,1,1
H4,704,2017,600544,     12.00,     12.00,     12.00,     12.00,0,0,0,1,1,1
H4,704,2017,600590,     24.00,     12.00,     12.00,     12.00,0,0,0,2,2,2
H4,704,2017,600610,     12.00,     12.00,     12.00,     12.00,0,0,0,1,1,1
H4,704,2017,600621,     12.00,     12.00,     12.00,     12.00,0,0,0,1,1,1
H4,704,2017,600622,     12.00,     12.00,     12.00,     12.00,0,0,0,1,1,1
H4,704,2017,600623,     12.00,     12.00,     12.00,     12.00,0,0,0,1,1,1
H4,704,2017,600624,     12.00,     12.00,     12.00,     12.00,0,0,0,1,1,1
H4,704,2017,600631,     36.00,     12.00,     12.00,     12.00,0,0,0,3,3,3
H4,704,2017,600632,     36.00,     12.00,     12.00,     12.00,0,0,0,3,3,3
H4,704,2017,600633,     24.00,     12.00,     12.00,     12.00,0,0,0,2,2,2
H4,704,2017,600634,     24.00,     12.00,     12.00,     12.00,0,0,0,2,2,2
H4,704,2017,600641,     24.00,     12.00,     12.00,     12.00,0,0,0,2,2,2
H4,704,2017,600642,     24.00,     12.00,     12.00,     12.00,0,0,0,2,2,2
H4,704,2017,600643,     24.00,     12.00,     12.00,     12.00,0,0,0,2,2,2
H4,704,2017,600644,     24.00,     12.00,     12.00,     12.00,0,0,0,2,2,2
H4,704,2017,600690,     12.00,     12.00,     12.00,     12.00,0,0,0,1,1,1
H4,704,2017,610120,     20.00,     20.00,     20.00,     20.00,0,0,0,1,1,1
H4,704,2017,610130,     20.00,     20.00,     20.00,     20.00,0,0,0,1,1,1
H4,704,2017,610190,     20.00,     20.00,     20.00,     20.00,0,0,0,1,1,1
H4,704,2017,610210,     20.00,     20.00,     20.00,     20.00,0,0,0,1,1,1
H4,704,2017,610220,     20.00,     20.00,     20.00,     20.00,0,0,0,1,1,1
H4,704,2017,610230,     20.00,     20.00,     20.00,     20.00,0,0,0,1,1,1
H4,704,2017,610290,     20.00,     20.00,     20.00,     20.00,0,0,0,1,1,1
H4,704,2017,610310,     20.00,     20.00,     20.00,     20.00,0,0,0,1,1,1
H4,704,2017,610322,     20.00,     20.00,     20.00,     20.00,0,0,0,1,1,1
H4,704,2017,610323,     20.00,     20.00,     20.00,     20.00,0,0,0,1,1,1
H4,704,2017,610329,     20.00,     20.00,     20.00,     20.00,0,0,0,1,1,1
H4,704,2017,610331,     20.00,     20.00,     20.00,     20.00,0,0,0,1,1,1
H4,704,2017,610332,     20.00,     20.00,     20.00,     20.00,0,0,0,1,1,1
H4,704,2017,610333,     20.00,     20.00,     20.00,     20.00,0,0,0,1,1,1
H4,704,2017,610339,     20.00,     20.00,     20.00,     20.00,0,0,0,1,1,1
H4,704,2017,610341,     20.00,     20.00,     20.00,     20.00,0,0,0,1,1,1
H4,704,2017,610342,     20.00,     20.00,     20.00,     20.00,0,0,0,1,1,1
H4,704,2017,610343,     20.00,     20.00,     20.00,     20.00,0,0,0,1,1,1
H4,704,2017,610349,     20.00,     20.00,     20.00,     20.00,0,0,0,1,1,1
H4,704,2017,610413,     20.00,     20.00,     20.00,     20.00,0,0,0,1,1,1
H4,704,2017,610419,     40.00,     20.00,     20.00,     20.00,0,0,0,2,2,2
H4,704,2017,610422,     20.00,     20.00,     20.00,     20.00,0,0,0,1,1,1
H4,704,2017,610423,     20.00,     20.00,     20.00,     20.00,0,0,0,1,1,1
H4,704,2017,610429,     20.00,     20.00,     20.00,     20.00,0,0,0,1,1,1
H4,704,2017,610431,     20.00,     20.00,     20.00,     20.00,0,0,0,1,1,1
H4,704,2017,610432,     20.00,     20.00,     20.00,     20.00,0,0,0,1,1,1
H4,704,2017,610433,     20.00,     20.00,     20.00,     20.00,0,0,0,1,1,1
H4,704,2017,610439,     20.00,     20.00,     20.00,     20.00,0,0,0,1,1,1
H4,704,2017,610441,     20.00,     20.00,     20.00,     20.00,0,0,0,1,1,1
H4,704,2017,610442,     20.00,     20.00,     20.00,     20.00,0,0,0,1,1,1
H4,704,2017,610443,     20.00,     20.00,     20.00,     20.00,0,0,0,1,1,1
H4,704,2017,610444,     20.00,     20.00,     20.00,     20.00,0,0,0,1,1,1
H4,704,2017,610449,     20.00,     20.00,     20.00,     20.00,0,0,0,1,1,1
H4,704,2017,610451,     20.00,     20.00,     20.00,     20.00,0,0,0,1,1,1
H4,704,2017,610452,     20.00,     20.00,     20.00,     20.00,0,0,0,1,1,1
H4,704,2017,610453,     20.00,     20.00,     20.00,     20.00,0,0,0,1,1,1
H4,704,2017,610459,     20.00,     20.00,     20.00,     20.00,0,0,0,1,1,1
H4,704,2017,610461,     20.00,     20.00,     20.00,     20.00,0,0,0,1,1,1
H4,704,2017,610462,     20.00,     20.00,     20.00,     20.00,0,0,0,1,1,1
H4,704,2017,610463,     20.00,     20.00,     20.00,     20.00,0,0,0,1,1,1
H4,704,2017,610469,     20.00,     20.00,     20.00,     20.00,0,0,0,1,1,1
H4,704,2017,610510,     20.00,     20.00,     20.00,     20.00,0,0,0,1,1,1
H4,704,2017,610520,     20.00,     20.00,     20.00,     20.00,0,0,0,1,1,1
H4,704,2017,610590,     20.00,     20.00,     20.00,     20.00,0,0,0,1,1,1
H4,704,2017,610610,     20.00,     20.00,     20.00,     20.00,0,0,0,1,1,1
H4,704,2017,610620,     20.00,     20.00,     20.00,     20.00,0,0,0,1,1,1
H4,704,2017,610690,     20.00,     20.00,     20.00,     20.00,0,0,0,1,1,1
H4,704,2017,610711,     20.00,     20.00,     20.00,     20.00,0,0,0,1,1,1
H4,704,2017,610712,     20.00,     20.00,     20.00,     20.00,0,0,0,1,1,1
H4,704,2017,610719,     20.00,     20.00,     20.00,     20.00,0,0,0,1,1,1
H4,704,2017,610721,     20.00,     20.00,     20.00,     20.00,0,0,0,1,1,1
H4,704,2017,610722,     20.00,     20.00,     20.00,     20.00,0,0,0,1,1,1
H4,704,2017,610729,     20.00,     20.00,     20.00,     20.00,0,0,0,1,1,1
H4,704,2017,610791,     20.00,     20.00,     20.00,     20.00,0,0,0,1,1,1
H4,704,2017,610799,     20.00,     20.00,     20.00,     20.00,0,0,0,1,1,1
H4,704,2017,610811,     20.00,     20.00,     20.00,     20.00,0,0,0,1,1,1
H4,704,2017,610819,     60.00,     20.00,     20.00,     20.00,0,0,0,3,3,3
H4,704,2017,610821,     20.00,     20.00,     20.00,     20.00,0,0,0,1,1,1
H4,704,2017,610822,     20.00,     20.00,     20.00,     20.00,0,0,0,1,1,1
H4,704,2017,610829,     20.00,     20.00,     20.00,     20.00,0,0,0,1,1,1
H4,704,2017,610831,     20.00,     20.00,     20.00,     20.00,0,0,0,1,1,1
H4,704,2017,610832,     20.00,     20.00,     20.00,     20.00,0,0,0,1,1,1
H4,704,2017,610839,     20.00,     20.00,     20.00,     20.00,0,0,0,1,1,1
H4,704,2017,610891,     20.00,     20.00,     20.00,     20.00,0,0,0,1,1,1
H4,704,2017,610892,     20.00,     20.00,     20.00,     20.00,0,0,0,1,1,1
H4,704,2017,610899,     20.00,     20.00,     20.00,     20.00,0,0,0,1,1,1
H4,704,2017,610910,     40.00,     20.00,     20.00,     20.00,0,0,0,2,2,2
H4,704,2017,610990,     60.00,     20.00,     20.00,     20.00,0,0,0,3,3,3
H4,704,2017,611011,     20.00,     20.00,     20.00,     20.00,0,0,0,1,1,1
H4,704,2017,611012,     20.00,     20.00,     20.00,     20.00,0,0,0,1,1,1
H4,704,2017,611019,     20.00,     20.00,     20.00,     20.00,0,0,0,1,1,1
H4,704,2017,611020,     20.00,     20.00,     20.00,     20.00,0,0,0,1,1,1
H4,704,2017,611030,     20.00,     20.00,     20.00,     20.00,0,0,0,1,1,1
H4,704,2017,611090,     20.00,     20.00,     20.00,     20.00,0,0,0,1,1,1
H4,704,2017,611120,     20.00,     20.00,     20.00,     20.00,0,0,0,1,1,1
H4,704,2017,611130,     20.00,     20.00,     20.00,     20.00,0,0,0,1,1,1
H4,704,2017,611190,     20.00,     20.00,     20.00,     20.00,0,0,0,1,1,1
H4,704,2017,611211,     20.00,     20.00,     20.00,     20.00,0,0,0,1,1,1
H4,704,2017,611212,     20.00,     20.00,     20.00,     20.00,0,0,0,1,1,1
H4,704,2017,611219,     20.00,     20.00,     20.00,     20.00,0,0,0,1,1,1
H4,704,2017,611220,     20.00,     20.00,     20.00,     20.00,0,0,0,1,1,1
H4,704,2017,611231,     20.00,     20.00,     20.00,     20.00,0,0,0,1,1,1
H4,704,2017,611239,     20.00,     20.00,     20.00,     20.00,0,0,0,1,1,1
H4,704,2017,611241,     20.00,     20.00,     20.00,     20.00,0,0,0,1,1,1
H4,704,2017,611249,     20.00,     20.00,     20.00,     20.00,0,0,0,1,1,1
H4,704,2017,611300,     65.00,      5.00,     20.00,     16.25,0,0,0,4,4,4
H4,704,2017,611420,     20.00,     20.00,     20.00,     20.00,0,0,0,1,1,1
H4,704,2017,611430,     25.00,      5.00,     20.00,     12.50,0,0,0,2,2,2
H4,704,2017,611490,     20.00,     20.00,     20.00,     20.00,0,0,0,1,1,1
H4,704,2017,611510,     40.00,     20.00,     20.00,     20.00,0,0,0,2,2,2
H4,704,2017,611521,     20.00,     20.00,     20.00,     20.00,0,0,0,1,1,1
H4,704,2017,611522,     20.00,     20.00,     20.00,     20.00,0,0,0,1,1,1
H4,704,2017,611529,     40.00,     20.00,     20.00,     20.00,0,0,0,2,2,2
H4,704,2017,611530,     40.00,     20.00,     20.00,     20.00,0,0,0,2,2,2
H4,704,2017,611594,     20.00,     20.00,     20.00,     20.00,0,0,0,1,1,1
H4,704,2017,611595,     20.00,     20.00,     20.00,     20.00,0,0,0,1,1,1
H4,704,2017,611596,     20.00,     20.00,     20.00,     20.00,0,0,0,1,1,1
H4,704,2017,611599,     20.00,     20.00,     20.00,     20.00,0,0,0,1,1,1
H4,704,2017,611610,     40.00,     20.00,     20.00,     20.00,0,0,0,2,2,2
H4,704,2017,611691,     20.00,     20.00,     20.00,     20.00,0,0,0,1,1,1
H4,704,2017,611692,     20.00,     20.00,     20.00,     20.00,0,0,0,1,1,1
H4,704,2017,611693,     20.00,     20.00,     20.00,     20.00,0,0,0,1,1,1
H4,704,2017,611699,     20.00,     20.00,     20.00,     20.00,0,0,0,1,1,1
H4,704,2017,611710,     40.00,     20.00,     20.00,     20.00,0,0,0,2,2,2
H4,704,2017,611780,     80.00,     20.00,     20.00,     20.00,0,0,0,4,4,4
H4,704,2017,611790,     20.00,     20.00,     20.00,     20.00,0,0,0,1,1,1
H4,704,2017,620111,     20.00,     20.00,     20.00,     20.00,0,0,0,1,1,1
H4,704,2017,620112,     20.00,     20.00,     20.00,     20.00,0,0,0,1,1,1
H4,704,2017,620113,     20.00,     20.00,     20.00,     20.00,0,0,0,1,1,1
H4,704,2017,620119,     20.00,     20.00,     20.00,     20.00,0,0,0,1,1,1
H4,704,2017,620191,     20.00,     20.00,     20.00,     20.00,0,0,0,1,1,1
H4,704,2017,620192,     20.00,     20.00,     20.00,     20.00,0,0,0,1,1,1
H4,704,2017,620193,     20.00,     20.00,     20.00,     20.00,0,0,0,1,1,1
H4,704,2017,620199,     20.00,     20.00,     20.00,     20.00,0,0,0,1,1,1
H4,704,2017,620211,     20.00,     20.00,     20.00,     20.00,0,0,0,1,1,1
H4,704,2017,620212,     20.00,     20.00,     20.00,     20.00,0,0,0,1,1,1
H4,704,2017,620213,     20.00,     20.00,     20.00,     20.00,0,0,0,1,1,1
H4,704,2017,620219,     20.00,     20.00,     20.00,     20.00,0,0,0,1,1,1
H4,704,2017,620291,     20.00,     20.00,     20.00,     20.00,0,0,0,1,1,1
H4,704,2017,620292,     20.00,     20.00,     20.00,     20.00,0,0,0,1,1,1
H4,704,2017,620293,     20.00,     20.00,     20.00,     20.00,0,0,0,1,1,1
H4,704,2017,620299,     20.00,     20.00,     20.00,     20.00,0,0,0,1,1,1
H4,704,2017,620311,     20.00,     20.00,     20.00,     20.00,0,0,0,1,1,1
H4,704,2017,620312,     20.00,     20.00,     20.00,     20.00,0,0,0,1,1,1
H4,704,2017,620319,     40.00,     20.00,     20.00,     20.00,0,0,0,2,2,2
H4,704,2017,620322,     20.00,     20.00,     20.00,     20.00,0,0,0,1,1,1
H4,704,2017,620323,     20.00,     20.00,     20.00,     20.00,0,0,0,1,1,1
H4,704,2017,620329,     40.00,     20.00,     20.00,     20.00,0,0,0,2,2,2
H4,704,2017,620331,     20.00,     20.00,     20.00,     20.00,0,0,0,1,1,1
H4,704,2017,620332,     20.00,     20.00,     20.00,     20.00,0,0,0,1,1,1
H4,704,2017,620333,     20.00,     20.00,     20.00,     20.00,0,0,0,1,1,1
H4,704,2017,620339,     20.00,     20.00,     20.00,     20.00,0,0,0,1,1,1
H4,704,2017,620341,     20.00,     20.00,     20.00,     20.00,0,0,0,1,1,1
H4,704,2017,620342,     40.00,     20.00,     20.00,     20.00,0,0,0,2,2,2
H4,704,2017,620343,     20.00,     20.00,     20.00,     20.00,0,0,0,1,1,1
H4,704,2017,620349,     20.00,     20.00,     20.00,     20.00,0,0,0,1,1,1
H4,704,2017,620411,     20.00,     20.00,     20.00,     20.00,0,0,0,1,1,1
H4,704,2017,620412,     20.00,     20.00,     20.00,     20.00,0,0,0,1,1,1
H4,704,2017,620413,     20.00,     20.00,     20.00,     20.00,0,0,0,1,1,1
H4,704,2017,620419,     20.00,     20.00,     20.00,     20.00,0,0,0,1,1,1
H4,704,2017,620421,     20.00,     20.00,     20.00,     20.00,0,0,0,1,1,1
H4,704,2017,620422,     20.00,     20.00,     20.00,     20.00,0,0,0,1,1,1
H4,704,2017,620423,     20.00,     20.00,     20.00,     20.00,0,0,0,1,1,1
H4,704,2017,620429,     20.00,     20.00,     20.00,     20.00,0,0,0,1,1,1
H4,704,2017,620431,     20.00,     20.00,     20.00,     20.00,0,0,0,1,1,1
H4,704,2017,620432,     20.00,     20.00,     20.00,     20.00,0,0,0,1,1,1
H4,704,2017,620433,     20.00,     20.00,     20.00,     20.00,0,0,0,1,1,1
H4,704,2017,620439,     20.00,     20.00,     20.00,     20.00,0,0,0,1,1,1
H4,704,2017,620441,     20.00,     20.00,     20.00,     20.00,0,0,0,1,1,1
H4,704,2017,620442,     20.00,     20.00,     20.00,     20.00,0,0,0,1,1,1
H4,704,2017,620443,     20.00,     20.00,     20.00,     20.00,0,0,0,1,1,1
H4,704,2017,620444,     20.00,     20.00,     20.00,     20.00,0,0,0,1,1,1
H4,704,2017,620449,     20.00,     20.00,     20.00,     20.00,0,0,0,1,1,1
H4,704,2017,620451,     20.00,     20.00,     20.00,     20.00,0,0,0,1,1,1
H4,704,2017,620452,     20.00,     20.00,     20.00,     20.00,0,0,0,1,1,1
H4,704,2017,620453,     20.00,     20.00,     20.00,     20.00,0,0,0,1,1,1
H4,704,2017,620459,     20.00,     20.00,     20.00,     20.00,0,0,0,1,1,1
H4,704,2017,620461,     20.00,     20.00,     20.00,     20.00,0,0,0,1,1,1
H4,704,2017,620462,     20.00,     20.00,     20.00,     20.00,0,0,0,1,1,1
H4,704,2017,620463,     20.00,     20.00,     20.00,     20.00,0,0,0,1,1,1
H4,704,2017,620469,     20.00,     20.00,     20.00,     20.00,0,0,0,1,1,1
H4,704,2017,620520,     20.00,     20.00,     20.00,     20.00,0,0,0,1,1,1
H4,704,2017,620530,     20.00,     20.00,     20.00,     20.00,0,0,0,1,1,1
H4,704,2017,620590,     40.00,     20.00,     20.00,     20.00,0,0,0,2,2,2
H4,704,2017,620610,     20.00,     20.00,     20.00,     20.00,0,0,0,1,1,1
H4,704,2017,620620,     20.00,     20.00,     20.00,     20.00,0,0,0,1,1,1
H4,704,2017,620630,     20.00,     20.00,     20.00,     20.00,0,0,0,1,1,1
H4,704,2017,620640,     20.00,     20.00,     20.00,     20.00,0,0,0,1,1,1
H4,704,2017,620690,     20.00,     20.00,     20.00,     20.00,0,0,0,1,1,1
H4,704,2017,620711,     20.00,     20.00,     20.00,     20.00,0,0,0,1,1,1
H4,704,2017,620719,     20.00,     20.00,     20.00,     20.00,0,0,0,1,1,1
H4,704,2017,620721,     20.00,     20.00,     20.00,     20.00,0,0,0,1,1,1
H4,704,2017,620722,     20.00,     20.00,     20.00,     20.00,0,0,0,1,1,1
H4,704,2017,620729,     20.00,     20.00,     20.00,     20.00,0,0,0,1,1,1
H4,704,2017,620791,     20.00,     20.00,     20.00,     20.00,0,0,0,1,1,1
H4,704,2017,620799,     40.00,     20.00,     20.00,     20.00,0,0,0,2,2,2
H4,704,2017,620811,     20.00,     20.00,     20.00,     20.00,0,0,0,1,1,1
H4,704,2017,620819,     20.00,     20.00,     20.00,     20.00,0,0,0,1,1,1
H4,704,2017,620821,     20.00,     20.00,     20.00,     20.00,0,0,0,1,1,1
H4,704,2017,620822,     20.00,     20.00,     20.00,     20.00,0,0,0,1,1,1
H4,704,2017,620829,     20.00,     20.00,     20.00,     20.00,0,0,0,1,1,1
H4,704,2017,620891,     20.00,     20.00,     20.00,     20.00,0,0,0,1,1,1
H4,704,2017,620892,     20.00,     20.00,     20.00,     20.00,0,0,0,1,1,1
H4,704,2017,620899,     40.00,     20.00,     20.00,     20.00,0,0,0,2,2,2
H4,704,2017,620920,     40.00,     20.00,     20.00,     20.00,0,0,0,2,2,2
H4,704,2017,620930,     80.00,     20.00,     20.00,     20.00,0,0,0,4,4,4
H4,704,2017,620990,     20.00,     20.00,     20.00,     20.00,0,0,0,1,1,1
H4,704,2017,621010,     60.00,     20.00,     20.00,     20.00,0,0,0,3,3,3
H4,704,2017,621020,     65.00,      5.00,     20.00,     16.25,0,0,0,4,4,4
H4,704,2017,621030,     65.00,      5.00,     20.00,     16.25,0,0,0,4,4,4
H4,704,2017,621040,     45.00,      5.00,     20.00,     15.00,0,0,0,3,3,3
H4,704,2017,621050,     45.00,      5.00,     20.00,     15.00,0,0,0,3,3,3
H4,704,2017,621111,     20.00,     20.00,     20.00,     20.00,0,0,0,1,1,1
H4,704,2017,621112,     20.00,     20.00,     20.00,     20.00,0,0,0,1,1,1
H4,704,2017,621120,     20.00,     20.00,     20.00,     20.00,0,0,0,1,1,1
H4,704,2017,621132,     60.00,     20.00,     20.00,     20.00,0,0,0,3,3,3
H4,704,2017,621133,     65.00,      5.00,     20.00,     16.25,0,0,0,4,4,4
H4,704,2017,621139,     65.00,      5.00,     20.00,     16.25,0,0,0,4,4,4
H4,704,2017,621142,     60.00,     20.00,     20.00,     20.00,0,0,0,3,3,3
H4,704,2017,621143,    120.00,     20.00,     20.00,     20.00,0,0,0,6,6,6
H4,704,2017,621149,    100.00,     20.00,     20.00,     20.00,0,0,0,5,5,5
H4,704,2017,621210,     40.00,     20.00,     20.00,     20.00,0,0,0,2,2,2
H4,704,2017,621220,     40.00,     20.00,     20.00,     20.00,0,0,0,2,2,2
H4,704,2017,621230,     40.00,     20.00,     20.00,     20.00,0,0,0,2,2,2
H4,704,2017,621290,    120.00,     20.00,     20.00,     20.00,0,0,0,6,6,6
H4,704,2017,621320,     40.00,     20.00,     20.00,     20.00,0,0,0,2,2,2
H4,704,2017,621390,     80.00,     20.00,     20.00,     20.00,0,0,0,4,4,4
H4,704,2017,621410,     40.00,     20.00,     20.00,     20.00,0,0,0,2,2,2
H4,704,2017,621420,     10.00,     10.00,     10.00,     10.00,0,0,0,1,1,1
H4,704,2017,621430,     40.00,     20.00,     20.00,     20.00,0,0,0,2,2,2
H4,704,2017,621440,     40.00,     20.00,     20.00,     20.00,0,0,0,2,2,2
H4,704,2017,621490,     40.00,     20.00,     20.00,     20.00,0,0,0,2,2,2
H4,704,2017,621510,     40.00,     20.00,     20.00,     20.00,0,0,0,2,2,2
H4,704,2017,621520,     40.00,     20.00,     20.00,     20.00,0,0,0,2,2,2
H4,704,2017,621590,     40.00,     20.00,     20.00,     20.00,0,0,0,2,2,2
H4,704,2017,621600,     80.00,     20.00,     20.00,     20.00,0,0,0,4,4,4
H4,704,2017,621710,     40.00,     20.00,     20.00,     20.00,0,0,0,2,2,2
H4,704,2017,621790,     20.00,     20.00,     20.00,     20.00,0,0,0,1,1,1
H4,704,2017,630110,     12.00,     12.00,     12.00,     12.00,0,0,0,1,1,1
H4,704,2017,630120,     12.00,     12.00,     12.00,     12.00,0,0,0,1,1,1
H4,704,2017,630130,     12.00,     12.00,     12.00,     12.00,0,0,0,1,1,1
H4,704,2017,630140,     12.00,     12.00,     12.00,     12.00,0,0,0,1,1,1
H4,704,2017,630190,     12.00,     12.00,     12.00,     12.00,0,0,0,1,1,1
H4,704,2017,630210,     12.00,     12.00,     12.00,     12.00,0,0,0,1,1,1
H4,704,2017,630221,     12.00,     12.00,     12.00,     12.00,0,0,0,1,1,1
H4,704,2017,630222,     24.00,     12.00,     12.00,     12.00,0,0,0,2,2,2
H4,704,2017,630229,     12.00,     12.00,     12.00,     12.00,0,0,0,1,1,1
H4,704,2017,630231,     12.00,     12.00,     12.00,     12.00,0,0,0,1,1,1
H4,704,2017,630232,     24.00,     12.00,     12.00,     12.00,0,0,0,2,2,2
H4,704,2017,630239,     12.00,     12.00,     12.00,     12.00,0,0,0,1,1,1
H4,704,2017,630240,     12.00,     12.00,     12.00,     12.00,0,0,0,1,1,1
H4,704,2017,630251,     12.00,     12.00,     12.00,     12.00,0,0,0,1,1,1
H4,704,2017,630253,     12.00,     12.00,     12.00,     12.00,0,0,0,1,1,1
H4,704,2017,630259,     12.00,     12.00,     12.00,     12.00,0,0,0,1,1,1
H4,704,2017,630260,     12.00,     12.00,     12.00,     12.00,0,0,0,1,1,1
H4,704,2017,630291,     12.00,     12.00,     12.00,     12.00,0,0,0,1,1,1
H4,704,2017,630293,     12.00,     12.00,     12.00,     12.00,0,0,0,1,1,1
H4,704,2017,630299,     12.00,     12.00,     12.00,     12.00,0,0,0,1,1,1
H4,704,2017,630312,     12.00,     12.00,     12.00,     12.00,0,0,0,1,1,1
H4,704,2017,630319,     24.00,     12.00,     12.00,     12.00,0,0,0,2,2,2
H4,704,2017,630391,     12.00,     12.00,     12.00,     12.00,0,0,0,1,1,1
H4,704,2017,630392,     12.00,     12.00,     12.00,     12.00,0,0,0,1,1,1
H4,704,2017,630399,     12.00,     12.00,     12.00,     12.00,0,0,0,1,1,1
H4,704,2017,630411,     12.00,     12.00,     12.00,     12.00,0,0,0,1,1,1
H4,704,2017,630419,     36.00,     12.00,     12.00,     12.00,0,0,0,3,3,3
H4,704,2017,630491,     24.00,     12.00,     12.00,     12.00,0,0,0,2,2,2
H4,704,2017,630492,     12.00,     12.00,     12.00,     12.00,0,0,0,1,1,1
H4,704,2017,630493,     12.00,     12.00,     12.00,     12.00,0,0,0,1,1,1
H4,704,2017,630499,     12.00,     12.00,     12.00,     12.00,0,0,0,1,1,1
H4,704,2017,630510,     48.00,     12.00,     12.00,     12.00,0,0,0,4,4,4
H4,704,2017,630520,     12.00,     12.00,     12.00,     12.00,0,0,0,1,1,1
H4,704,2017,630532,     36.00,     12.00,     12.00,     12.00,0,0,0,3,3,3
H4,704,2017,630533,     36.00,     12.00,     12.00,     12.00,0,0,0,3,3,3
H4,704,2017,630539,     36.00,     12.00,     12.00,     12.00,0,0,0,3,3,3
H4,704,2017,630590,     36.00,     12.00,     12.00,     12.00,0,0,0,3,3,3
H4,704,2017,630612,     12.00,     12.00,     12.00,     12.00,0,0,0,1,1,1
H4,704,2017,630619,     36.00,     12.00,     12.00,     12.00,0,0,0,3,3,3
H4,704,2017,630622,     12.00,     12.00,     12.00,     12.00,0,0,0,1,1,1
H4,704,2017,630629,     24.00,     12.00,     12.00,     12.00,0,0,0,2,2,2
H4,704,2017,630630,     12.00,     12.00,     12.00,     12.00,0,0,0,1,1,1
H4,704,2017,630640,     24.00,     12.00,     12.00,     12.00,0,0,0,2,2,2
H4,704,2017,630690,     12.00,     12.00,     12.00,     12.00,0,0,0,1,1,1
H4,704,2017,630710,     36.00,     12.00,     12.00,     12.00,0,0,0,3,3,3
H4,704,2017,630720,      0.00,      0.00,      0.00,      0.00,0,1,0,0,1,1
H4,704,2017,630790,     90.00,      5.00,     20.00,     15.00,0,0,0,6,6,6
H4,704,2017,630800,     20.00,     20.00,     20.00,     20.00,0,0,0,1,1,1
H4,704,2017,630900,    100.00,    100.00,    100.00,    100.00,0,0,0,1,1,1
H4,704,2017,631010,    100.00,     50.00,     50.00,     50.00,0,0,0,2,2,2
H4,704,2017,631090,    100.00,     50.00,     50.00,     50.00,0,0,0,2,2,2
H4,704,2017,640110,     30.00,     30.00,     30.00,     30.00,0,0,0,1,1,1
H4,704,2017,640192,     30.00,     30.00,     30.00,     30.00,0,0,0,1,1,1
H4,704,2017,640199,     30.00,     30.00,     30.00,     30.00,0,0,0,1,1,1
H4,704,2017,640212,     30.00,     30.00,     30.00,     30.00,0,0,0,1,1,1
H4,704,2017,640219,     60.00,     30.00,     30.00,     30.00,0,0,0,2,2,2
H4,704,2017,640220,     30.00,     30.00,     30.00,     30.00,0,0,0,1,1,1
H4,704,2017,640291,     90.00,     30.00,     30.00,     30.00,0,0,0,3,3,3
H4,704,2017,640299,      0.00,      0.00,      0.00,      0.00,0,2,0,0,2,2
H4,704,2017,640312,     30.00,     30.00,     30.00,     30.00,0,0,0,1,1,1
H4,704,2017,640319,    120.00,     30.00,     30.00,     30.00,0,0,0,4,4,4
H4,704,2017,640320,     30.00,     30.00,     30.00,     30.00,0,0,0,1,1,1
H4,704,2017,640340,     30.00,     30.00,     30.00,     30.00,0,0,0,1,1,1
H4,704,2017,640351,     30.00,     30.00,     30.00,     30.00,0,0,0,1,1,1
H4,704,2017,640359,     30.00,     30.00,     30.00,     30.00,0,0,0,1,1,1
H4,704,2017,640391,     30.00,     30.00,     30.00,     30.00,0,0,0,1,1,1
H4,704,2017,640399,     30.00,     30.00,     30.00,     30.00,0,0,0,1,1,1
H4,704,2017,640411,     90.00,     30.00,     30.00,     30.00,0,0,0,3,3,3
H4,704,2017,640419,     30.00,     30.00,     30.00,     30.00,0,0,0,1,1,1
H4,704,2017,640420,     30.00,     30.00,     30.00,     30.00,0,0,0,1,1,1
H4,704,2017,640510,     30.00,     30.00,     30.00,     30.00,0,0,0,1,1,1
H4,704,2017,640520,     30.00,     30.00,     30.00,     30.00,0,0,0,1,1,1
H4,704,2017,640590,     30.00,     30.00,     30.00,     30.00,0,0,0,1,1,1
H4,704,2017,640610,     30.00,     15.00,     15.00,     15.00,0,0,0,2,2,2
H4,704,2017,640620,     30.00,     30.00,     30.00,     30.00,0,0,0,1,1,1
H4,704,2017,640690,     50.00,      5.00,     15.00,      6.25,0,0,0,8,8,8
H4,704,2017,650100,     10.00,     10.00,     10.00,     10.00,0,0,0,1,1,1
H4,704,2017,650200,     10.00,     10.00,     10.00,     10.00,0,0,0,1,1,1
H4,704,2017,650400,     25.00,     25.00,     25.00,     25.00,0,0,0,1,1,1
H4,704,2017,650500,     75.00,     25.00,     25.00,     25.00,0,0,0,3,3,3
H4,704,2017,650610,     20.00,      0.00,     20.00,      4.00,0,4,0,1,5,5
H4,704,2017,650691,     25.00,     25.00,     25.00,     25.00,0,0,0,1,1,1
H4,704,2017,650699,     50.00,     25.00,     25.00,     25.00,0,0,0,2,2,2
H4,704,2017,650700,     25.00,     25.00,     25.00,     25.00,0,0,0,1,1,1
H4,704,2017,660110,     25.00,     25.00,     25.00,     25.00,0,0,0,1,1,1
H4,704,2017,660191,     25.00,     25.00,     25.00,     25.00,0,0,0,1,1,1
H4,704,2017,660199,     25.00,     25.00,     25.00,     25.00,0,0,0,1,1,1
H4,704,2017,660200,     25.00,     25.00,     25.00,     25.00,0,0,0,1,1,1
H4,704,2017,660320,     25.00,     25.00,     25.00,     25.00,0,0,0,1,1,1
H4,704,2017,660390,     50.00,     25.00,     25.00,     25.00,0,0,0,2,2,2
H4,704,2017,670100,,,,,1,0,0,0,0,1
H4,704,2017,670210,     20.00,     20.00,     20.00,     20.00,0,0,0,1,1,1
H4,704,2017,670290,     85.00,     25.00,     30.00,     28.33,0,0,0,3,3,3
H4,704,2017,670300,     20.00,     20.00,     20.00,     20.00,0,0,0,1,1,1
H4,704,2017,670411,     25.00,     25.00,     25.00,     25.00,0,0,0,1,1,1
H4,704,2017,670419,     25.00,     25.00,     25.00,     25.00,0,0,0,1,1,1
H4,704,2017,670420,     25.00,     25.00,     25.00,     25.00,0,0,0,1,1,1
H4,704,2017,670490,     25.00,     25.00,     25.00,     25.00,0,0,0,1,1,1
H4,704,2017,680100,     20.00,     20.00,     20.00,     20.00,0,0,0,1,1,1
H4,704,2017,680210,     20.00,     20.00,     20.00,     20.00,0,0,0,1,1,1
H4,704,2017,680221,     12.00,     12.00,     12.00,     12.00,0,0,0,1,1,1
H4,704,2017,680223,     12.00,     12.00,     12.00,     12.00,0,0,0,1,1,1
H4,704,2017,680229,     22.00,     10.00,     12.00,     11.00,0,0,0,2,2,2
H4,704,2017,680291,     24.00,     12.00,     12.00,     12.00,0,0,0,2,2,2
H4,704,2017,680292,     20.00,     20.00,     20.00,     20.00,0,0,0,1,1,1
H4,704,2017,680293,     12.00,     12.00,     12.00,     12.00,0,0,0,1,1,1
H4,704,2017,680299,     20.00,     20.00,     20.00,     20.00,0,0,0,1,1,1
H4,704,2017,680300,     20.00,     20.00,     20.00,     20.00,0,0,0,1,1,1
H4,704,2017,680410,     20.00,     20.00,     20.00,     20.00,0,0,0,1,1,1
H4,704,2017,680421,      0.00,      0.00,      0.00,      0.00,0,1,0,0,1,1
H4,704,2017,680422,     40.00,     20.00,     20.00,     20.00,0,0,0,2,2,2
H4,704,2017,680423,     20.00,     20.00,     20.00,     20.00,0,0,0,1,1,1
H4,704,2017,680430,     40.00,     20.00,     20.00,     20.00,0,0,0,2,2,2
H4,704,2017,680510,     10.00,     10.00,     10.00,     10.00,0,0,0,1,1,1
H4,704,2017,680520,     10.00,     10.00,     10.00,     10.00,0,0,0,1,1,1
H4,704,2017,680530,     10.00,     10.00,     10.00,     10.00,0,0,0,1,1,1
H4,704,2017,680610,      5.00,      5.00,      5.00,      5.00,0,0,0,1,1,1
H4,704,2017,680620,      5.00,      5.00,      5.00,      5.00,0,0,0,1,1,1
H4,704,2017,680690,      5.00,      5.00,      5.00,      5.00,0,0,0,1,1,1
H4,704,2017,680710,      5.00,      5.00,      5.00,      5.00,0,0,0,1,1,1
H4,704,2017,680790,     10.00,      5.00,      5.00,      5.00,0,0,0,2,2,2
H4,704,2017,680800,     60.00,     30.00,     30.00,     30.00,0,0,0,2,2,2
H4,704,2017,680911,     30.00,     30.00,     30.00,     30.00,0,0,0,1,1,1
H4,704,2017,680919,     60.00,     30.00,     30.00,     30.00,0,0,0,2,2,2
H4,704,2017,680990,     40.00,     10.00,     30.00,     20.00,0,0,0,2,2,2
H4,704,2017,681011,     35.00,     35.00,     35.00,     35.00,0,0,0,1,1,1
H4,704,2017,681019,     70.00,     35.00,     35.00,     35.00,0,0,0,2,2,2
H4,704,2017,681091,     35.00,     35.00,     35.00,     35.00,0,0,0,1,1,1
H4,704,2017,681099,     35.00,     35.00,     35.00,     35.00,0,0,0,1,1,1
H4,704,2017,681140,    115.00,     15.00,     20.00,     19.17,0,0,0,6,6,6
H4,704,2017,681181,     20.00,     20.00,     20.00,     20.00,0,0,0,1,1,1
H4,704,2017,681182,     40.00,     20.00,     20.00,     20.00,0,0,0,2,2,2
H4,704,2017,681189,     60.00,     20.00,     20.00,     20.00,0,0,0,3,3,3
H4,704,2017,681280,     50.00,     10.00,     10.00,     10.00,0,0,0,5,5,5
H4,704,2017,681291,     20.00,     10.00,     10.00,     10.00,0,0,0,2,2,2
H4,704,2017,681292,     10.00,     10.00,     10.00,     10.00,0,0,0,1,1,1
H4,704,2017,681293,     10.00,     10.00,     10.00,     10.00,0,0,0,1,1,1
H4,704,2017,681299,     40.00,     10.00,     10.00,     10.00,0,0,0,4,4,4
H4,704,2017,681320,     20.00,     10.00,     10.00,     10.00,0,0,0,2,2,2
H4,704,2017,681381,     10.00,     10.00,     10.00,     10.00,0,0,0,1,1,1
H4,704,2017,681389,     10.00,     10.00,     10.00,     10.00,0,0,0,1,1,1
H4,704,2017,681410,     10.00,     10.00,     10.00,     10.00,0,0,0,1,1,1
H4,704,2017,681490,     10.00,     10.00,     10.00,     10.00,0,0,0,1,1,1
H4,704,2017,681510,     47.00,      5.00,     15.00,     11.75,0,0,0,4,4,4
H4,704,2017,681520,     20.00,     20.00,     20.00,     20.00,0,0,0,1,1,1
H4,704,2017,681591,     10.00,     10.00,     10.00,     10.00,0,0,0,1,1,1
H4,704,2017,681599,      5.00,      5.00,      5.00,      5.00,0,0,0,1,1,1
H4,704,2017,690100,     20.00,     20.00,     20.00,     20.00,0,0,0,1,1,1
H4,704,2017,690210,     10.00,     10.00,     10.00,     10.00,0,0,0,1,1,1
H4,704,2017,690220,     10.00,     10.00,     10.00,     10.00,0,0,0,1,1,1
H4,704,2017,690290,     10.00,     10.00,     10.00,     10.00,0,0,0,1,1,1
H4,704,2017,690310,      5.00,      5.00,      5.00,      5.00,0,0,0,1,1,1
H4,704,2017,690320,      5.00,      5.00,      5.00,      5.00,0,0,0,1,1,1
H4,704,2017,690390,      5.00,      5.00,      5.00,      5.00,0,0,0,1,1,1
H4,704,2017,690410,     35.00,     35.00,     35.00,     35.00,0,0,0,1,1,1
H4,704,2017,690490,     35.00,     35.00,     35.00,     35.00,0,0,0,1,1,1
H4,704,2017,690510,     45.00,     45.00,     45.00,     45.00,0,0,0,1,1,1
H4,704,2017,690590,     45.00,     45.00,     45.00,     45.00,0,0,0,1,1,1
H4,704,2017,690600,     35.00,     35.00,     35.00,     35.00,0,0,0,1,1,1
H4,704,2017,690710,     90.00,     45.00,     45.00,     45.00,0,0,0,2,2,2
H4,704,2017,690790,     90.00,     20.00,     35.00,     30.00,0,0,0,3,3,3
H4,704,2017,690810,     90.00,     45.00,     45.00,     45.00,0,0,0,2,2,2
H4,704,2017,690890,    140.00,     35.00,     35.00,     35.00,0,0,0,4,4,4
H4,704,2017,690911,      5.00,      5.00,      5.00,      5.00,0,0,0,1,1,1
H4,704,2017,690912,      5.00,      5.00,      5.00,      5.00,0,0,0,1,1,1
H4,704,2017,690919,      5.00,      5.00,      5.00,      5.00,0,0,0,1,1,1
H4,704,2017,690990,     20.00,     20.00,     20.00,     20.00,0,0,0,1,1,1
H4,704,2017,691010,     35.00,     35.00,     35.00,     35.00,0,0,0,1,1,1
H4,704,2017,691090,     35.00,     35.00,     35.00,     35.00,0,0,0,1,1,1
H4,704,2017,691110,     35.00,     35.00,     35.00,     35.00,0,0,0,1,1,1
H4,704,2017,691190,     35.00,     35.00,     35.00,     35.00,0,0,0,1,1,1
H4,704,2017,691200,     35.00,     35.00,     35.00,     35.00,0,0,0,1,1,1
H4,704,2017,691310,     60.00,     30.00,     30.00,     30.00,0,0,0,2,2,2
H4,704,2017,691390,     60.00,     30.00,     30.00,     30.00,0,0,0,2,2,2
H4,704,2017,691410,     30.00,     30.00,     30.00,     30.00,0,0,0,1,1,1
H4,704,2017,691490,     30.00,     30.00,     30.00,     30.00,0,0,0,1,1,1
H4,704,2017,700100,      0.00,      0.00,      0.00,      0.00,0,1,0,0,1,1
H4,704,2017,700210,      3.00,      3.00,      3.00,      3.00,0,0,0,1,1,1
H4,704,2017,700220,      3.00,      3.00,      3.00,      3.00,0,0,0,1,1,1
H4,704,2017,700231,     28.00,      3.00,     25.00,     14.00,0,0,0,2,2,2
H4,704,2017,700232,     33.00,      3.00,     25.00,     11.00,0,0,0,3,3,3
H4,704,2017,700239,     33.00,      3.00,     25.00,     11.00,0,0,0,3,3,3
H4,704,2017,700312,     85.00,      5.00,     40.00,     28.33,0,0,0,3,3,3
H4,704,2017,700319,     45.00,      5.00,     40.00,     22.50,0,0,0,2,2,2
H4,704,2017,700320,     40.00,     40.00,     40.00,     40.00,0,0,0,1,1,1
H4,704,2017,700330,     40.00,     40.00,     40.00,     40.00,0,0,0,1,1,1
H4,704,2017,700420,     45.00,      5.00,     40.00,     22.50,0,0,0,2,2,2
H4,704,2017,700490,     45.00,      5.00,     40.00,     22.50,0,0,0,2,2,2
H4,704,2017,700510,     40.00,      5.00,     35.00,     20.00,0,0,0,2,2,2
H4,704,2017,700521,     45.00,      5.00,     40.00,     22.50,0,0,0,2,2,2
H4,704,2017,700529,     45.00,      5.00,     40.00,     22.50,0,0,0,2,2,2
H4,704,2017,700530,     30.00,     30.00,     30.00,     30.00,0,0,0,1,1,1
H4,704,2017,700600,     35.00,      5.00,     30.00,     17.50,0,0,0,2,2,2
H4,704,2017,700711,     26.00,      0.00,     20.00,      6.50,0,1,0,3,4,4
H4,704,2017,700719,     30.00,     15.00,     15.00,     15.00,0,0,0,2,2,2
H4,704,2017,700721,     26.00,      0.00,     20.00,      6.50,0,1,0,3,4,4
H4,704,2017,700729,     30.00,     15.00,     15.00,     15.00,0,0,0,2,2,2
H4,704,2017,700800,     25.00,     25.00,     25.00,     25.00,0,0,0,1,1,1
H4,704,2017,700910,     25.00,     25.00,     25.00,     25.00,0,0,0,1,1,1
H4,704,2017,700991,     25.00,     25.00,     25.00,     25.00,0,0,0,1,1,1
H4,704,2017,700992,     30.00,     30.00,     30.00,     30.00,0,0,0,1,1,1
H4,704,2017,701010,     10.00,     10.00,     10.00,     10.00,0,0,0,1,1,1
H4,704,2017,701020,     20.00,     20.00,     20.00,     20.00,0,0,0,1,1,1
H4,704,2017,701090,     45.00,      5.00,     20.00,     15.00,0,0,0,3,3,3
H4,704,2017,701110,     30.00,      5.00,     25.00,     15.00,0,0,0,2,2,2
H4,704,2017,701120,      0.00,      0.00,      0.00,      0.00,0,1,0,0,1,1
H4,704,2017,701190,     25.00,     25.00,     25.00,     25.00,0,0,0,1,1,1
H4,704,2017,701310,     35.00,     35.00,     35.00,     35.00,0,0,0,1,1,1
H4,704,2017,701322,     30.00,     30.00,     30.00,     30.00,0,0,0,1,1,1
H4,704,2017,701328,     35.00,     35.00,     35.00,     35.00,0,0,0,1,1,1
H4,704,2017,701333,     30.00,     30.00,     30.00,     30.00,0,0,0,1,1,1
H4,704,2017,701337,     35.00,     35.00,     35.00,     35.00,0,0,0,1,1,1
H4,704,2017,701341,     30.00,     30.00,     30.00,     30.00,0,0,0,1,1,1
H4,704,2017,701342,     35.00,     35.00,     35.00,     35.00,0,0,0,1,1,1
H4,704,2017,701349,     35.00,     35.00,     35.00,     35.00,0,0,0,1,1,1
H4,704,2017,701391,     30.00,     30.00,     30.00,     30.00,0,0,0,1,1,1
H4,704,2017,701399,     15.00,     15.00,     15.00,     15.00,0,0,0,1,1,1
H4,704,2017,701400,     10.00,      5.00,      5.00,      5.00,0,0,0,2,2,2
H4,704,2017,701510,      3.00,      3.00,      3.00,      3.00,0,0,0,1,1,1
H4,704,2017,701590,     10.00,      5.00,      5.00,      5.00,0,0,0,2,2,2
H4,704,2017,701610,     25.00,     25.00,     25.00,     25.00,0,0,0,1,1,1
H4,704,2017,701690,     45.00,     45.00,     45.00,     45.00,0,0,0,1,1,1
H4,704,2017,701710,      0.00,      0.00,      0.00,      0.00,0,2,0,0,2,2
H4,704,2017,701720,      0.00,      0.00,      0.00,      0.00,0,1,0,0,1,1
H4,704,2017,701790,      0.00,      0.00,      0.00,      0.00,0,1,0,0,1,1
H4,704,2017,701810,     30.00,     30.00,     30.00,     30.00,0,0,0,1,1,1
H4,704,2017,701820,      0.00,      0.00,      0.00,      0.00,0,1,0,0,1,1
H4,704,2017,701890,     60.00,     30.00,     30.00,     30.00,0,0,0,2,2,2
H4,704,2017,701911,      3.00,      3.00,      3.00,      3.00,0,0,0,1,1,1
H4,704,2017,701912,      3.00,      3.00,      3.00,      3.00,0,0,0,1,1,1
H4,704,2017,701919,      6.00,      3.00,      3.00,      3.00,0,0,0,2,2,2
H4,704,2017,701931,      3.00,      3.00,      3.00,      3.00,0,0,0,1,1,1
H4,704,2017,701932,      3.00,      3.00,      3.00,      3.00,0,0,0,1,1,1
H4,704,2017,701939,      6.00,      3.00,      3.00,      3.00,0,0,0,2,2,2
H4,704,2017,701940,      3.00,      3.00,      3.00,      3.00,0,0,0,1,1,1
H4,704,2017,701951,      3.00,      3.00,      3.00,      3.00,0,0,0,1,1,1
H4,704,2017,701952,      3.00,      3.00,      3.00,      3.00,0,0,0,1,1,1
H4,704,2017,701959,      3.00,      3.00,      3.00,      3.00,0,0,0,1,1,1
H4,704,2017,701990,      3.00,      0.00,      3.00,      1.50,0,1,0,1,2,2
H4,704,2017,702000,    103.00,      0.00,     40.00,     14.71,0,3,0,4,7,7
H4,704,2017,710110,      3.00,      3.00,      3.00,      3.00,0,0,0,1,1,1
H4,704,2017,710121,      3.00,      3.00,      3.00,      3.00,0,0,0,1,1,1
H4,704,2017,710122,      3.00,      3.00,      3.00,      3.00,0,0,0,1,1,1
H4,704,2017,710210,      1.00,      1.00,      1.00,      1.00,0,0,0,1,1,1
H4,704,2017,710221,      0.00,      0.00,      0.00,      0.00,0,1,0,0,1,1
H4,704,2017,710229,      0.00,      0.00,      0.00,      0.00,0,1,0,0,1,1
H4,704,2017,710231,      0.00,      0.00,      0.00,      0.00,0,1,0,0,1,1
H4,704,2017,710239,      0.00,      0.00,      0.00,      0.00,0,1,0,0,1,1
H4,704,2017,710310,      0.00,      0.00,      0.00,      0.00,0,3,0,0,3,3
H4,704,2017,710391,      0.00,      0.00,      0.00,      0.00,0,2,0,0,2,2
H4,704,2017,710399,      0.00,      0.00,      0.00,      0.00,0,1,0,0,1,1
H4,704,2017,710410,      0.00,      0.00,      0.00,      0.00,0,2,0,0,2,2
H4,704,2017,710420,      0.00,      0.00,      0.00,      0.00,0,1,0,0,1,1
H4,704,2017,710490,      0.00,      0.00,      0.00,      0.00,0,1,0,0,1,1
H4,704,2017,710510,      1.00,      1.00,      1.00,      1.00,0,0,0,1,1,1
H4,704,2017,710590,      1.00,      1.00,      1.00,      1.00,0,0,0,1,1,1
H4,704,2017,710610,      1.00,      1.00,      1.00,      1.00,0,0,0,1,1,1
H4,704,2017,710691,      1.00,      1.00,      1.00,      1.00,0,0,0,1,1,1
H4,704,2017,710692,      1.00,      1.00,      1.00,      1.00,0,0,0,1,1,1
H4,704,2017,710700,      1.00,      1.00,      1.00,      1.00,0,0,0,1,1,1
H4,704,2017,710811,      0.00,      0.00,      0.00,      0.00,0,1,0,0,1,1
H4,704,2017,710812,      0.00,      0.00,      0.00,      0.00,0,1,0,0,1,1
H4,704,2017,710813,      0.00,      0.00,      0.00,      0.00,0,1,0,0,1,1
H4,704,2017,710820,      0.00,      0.00,      0.00,      0.00,0,1,0,0,1,1
H4,704,2017,710900,      1.00,      1.00,      1.00,      1.00,0,0,0,1,1,1
H4,704,2017,711011,      1.00,      1.00,      1.00,      1.00,0,0,0,1,1,1
H4,704,2017,711019,      1.00,      1.00,      1.00,      1.00,0,0,0,1,1,1
H4,704,2017,711021,      1.00,      1.00,      1.00,      1.00,0,0,0,1,1,1
H4,704,2017,711029,      1.00,      1.00,      1.00,      1.00,0,0,0,1,1,1
H4,704,2017,711031,      1.00,      1.00,      1.00,      1.00,0,0,0,1,1,1
H4,704,2017,711039,      1.00,      1.00,      1.00,      1.00,0,0,0,1,1,1
H4,704,2017,711041,      1.00,      1.00,      1.00,      1.00,0,0,0,1,1,1
H4,704,2017,711049,      1.00,      1.00,      1.00,      1.00,0,0,0,1,1,1
H4,704,2017,711100,      2.00,      1.00,      1.00,      1.00,0,0,0,2,2,2
H4,704,2017,711230,      1.00,      1.00,      1.00,      1.00,0,0,0,1,1,1
H4,704,2017,711291,      1.00,      1.00,      1.00,      1.00,0,0,0,1,1,1
H4,704,2017,711292,      1.00,      1.00,      1.00,      1.00,0,0,0,1,1,1
H4,704,2017,711299,      2.00,      1.00,      1.00,      1.00,0,0,0,2,2,2
H4,704,2017,711311,     60.00,     30.00,     30.00,     30.00,0,0,0,2,2,2
H4,704,2017,711319,     50.00,     25.00,     25.00,     25.00,0,0,0,2,2,2
H4,704,2017,711320,     60.00,     30.00,     30.00,     30.00,0,0,0,2,2,2
H4,704,2017,711411,     30.00,     30.00,     30.00,     30.00,0,0,0,1,1,1
H4,704,2017,711419,     30.00,     30.00,     30.00,     30.00,0,0,0,1,1,1
H4,704,2017,711420,     30.00,     30.00,     30.00,     30.00,0,0,0,1,1,1
H4,704,2017,711510,     30.00,     30.00,     30.00,     30.00,0,0,0,1,1,1
H4,704,2017,711590,     90.00,     30.00,     30.00,     30.00,0,0,0,3,3,3
H4,704,2017,711610,     30.00,     30.00,     30.00,     30.00,0,0,0,1,1,1
H4,704,2017,711620,     30.00,     30.00,     30.00,     30.00,0,0,0,1,1,1
H4,704,2017,711711,     60.00,     30.00,     30.00,     30.00,0,0,0,2,2,2
H4,704,2017,711719,     75.00,     25.00,     25.00,     25.00,0,0,0,3,3,3
H4,704,2017,711790,    300.00,     25.00,     25.00,     25.00,0,0,0,12,12,12
H4,704,2017,711810,     60.00,     30.00,     30.00,     30.00,0,0,0,2,2,2
H4,704,2017,711890,     75.00,     25.00,     25.00,     25.00,0,0,0,3,3,3
H4,704,2017,720110,      5.00,      5.00,      5.00,      5.00,0,0,0,1,1,1
H4,704,2017,720120,      5.00,      5.00,      5.00,      5.00,0,0,0,1,1,1
H4,704,2017,720150,      5.00,      5.00,      5.00,      5.00,0,0,0,1,1,1
H4,704,2017,720211,      5.00,      5.00,      5.00,      5.00,0,0,0,1,1,1
H4,704,2017,720219,      5.00,      5.00,      5.00,      5.00,0,0,0,1,1,1
H4,704,2017,720221,      5.00,      5.00,      5.00,      5.00,0,0,0,1,1,1
H4,704,2017,720229,      5.00,      5.00,      5.00,      5.00,0,0,0,1,1,1
H4,704,2017,720230,      5.00,      5.00,      5.00,      5.00,0,0,0,1,1,1
H4,704,2017,720241,      5.00,      5.00,      5.00,      5.00,0,0,0,1,1,1
H4,704,2017,720249,      0.00,      0.00,      0.00,      0.00,0,1,0,0,1,1
H4,704,2017,720250,      0.00,      0.00,      0.00,      0.00,0,1,0,0,1,1
H4,704,2017,720260,      0.00,      0.00,      0.00,      0.00,0,1,0,0,1,1
H4,704,2017,720270,      0.00,      0.00,      0.00,      0.00,0,1,0,0,1,1
H4,704,2017,720280,      0.00,      0.00,      0.00,      0.00,0,1,0,0,1,1
H4,704,2017,720291,      0.00,      0.00,      0.00,      0.00,0,1,0,0,1,1
H4,704,2017,720292,      0.00,      0.00,      0.00,      0.00,0,1,0,0,1,1
H4,704,2017,720293,      0.00,      0.00,      0.00,      0.00,0,1,0,0,1,1
H4,704,2017,720299,      0.00,      0.00,      0.00,      0.00,0,1,0,0,1,1
H4,704,2017,720310,      0.00,      0.00,      0.00,      0.00,0,1,0,0,1,1
H4,704,2017,720390,      0.00,      0.00,      0.00,      0.00,0,1,0,0,1,1
H4,704,2017,720410,      3.00,      3.00,      3.00,      3.00,0,0,0,1,1,1
H4,704,2017,720421,      0.00,      0.00,      0.00,      0.00,0,1,0,0,1,1
H4,704,2017,720429,      0.00,      0.00,      0.00,      0.00,0,1,0,0,1,1
H4,704,2017,720430,      0.00,      0.00,      0.00,      0.00,0,1,0,0,1,1
H4,704,2017,720441,      3.00,      3.00,      3.00,      3.00,0,0,0,1,1,1
H4,704,2017,720449,      0.00,      0.00,      0.00,      0.00,0,1,0,0,1,1
H4,704,2017,720450,      3.00,      3.00,      3.00,      3.00,0,0,0,1,1,1
H4,704,2017,720510,      0.00,      0.00,      0.00,      0.00,0,1,0,0,1,1
H4,704,2017,720521,      0.00,      0.00,      0.00,      0.00,0,1,0,0,1,1
H4,704,2017,720529,      0.00,      0.00,      0.00,      0.00,0,1,0,0,1,1
H4,704,2017,720610,      2.00,      1.00,      1.00,      1.00,0,0,0,2,2,2
H4,704,2017,720690,      1.00,      1.00,      1.00,      1.00,0,0,0,1,1,1
H4,704,2017,720711,     10.00,     10.00,     10.00,     10.00,0,0,0,1,1,1
H4,704,2017,720712,     15.00,      5.00,     10.00,      7.50,0,0,0,2,2,2
H4,704,2017,720719,     10.00,     10.00,     10.00,     10.00,0,0,0,1,1,1
H4,704,2017,720720,     40.00,      5.00,     10.00,      6.67,0,0,0,6,6,6
H4,704,2017,720810,      0.00,      0.00,      0.00,      0.00,0,1,0,0,1,1
H4,704,2017,720825,      0.00,      0.00,      0.00,      0.00,0,1,0,0,1,1
H4,704,2017,720826,      0.00,      0.00,      0.00,      0.00,0,1,0,0,1,1
H4,704,2017,720827,      0.00,      0.00,      0.00,      0.00,0,2,0,0,2,2
H4,704,2017,720836,      0.00,      0.00,      0.00,      0.00,0,1,0,0,1,1
H4,704,2017,720837,      0.00,      0.00,      0.00,      0.00,0,1,0,0,1,1
H4,704,2017,720838,      0.00,      0.00,      0.00,      0.00,0,1,0,0,1,1
H4,704,2017,720839,      0.00,      0.00,      0.00,      0.00,0,1,0,0,1,1
H4,704,2017,720840,      0.00,      0.00,      0.00,      0.00,0,1,0,0,1,1
H4,704,2017,720851,      0.00,      0.00,      0.00,      0.00,0,1,0,0,1,1
H4,704,2017,720852,      0.00,      0.00,      0.00,      0.00,0,1,0,0,1,1
H4,704,2017,720853,      0.00,      0.00,      0.00,      0.00,0,1,0,0,1,1
H4,704,2017,720854,      0.00,      0.00,      0.00,      0.00,0,1,0,0,1,1
H4,704,2017,720890,      0.00,      0.00,      0.00,      0.00,0,1,0,0,1,1
H4,704,2017,720915,      7.00,      7.00,      7.00,      7.00,0,0,0,1,1,1
H4,704,2017,720916,      7.00,      7.00,      7.00,      7.00,0,0,0,1,1,1
H4,704,2017,720917,      7.00,      7.00,      7.00,      7.00,0,0,0,1,1,1
H4,704,2017,720918,     14.00,      0.00,      7.00,      4.67,0,1,0,2,3,3
H4,704,2017,720925,      7.00,      7.00,      7.00,      7.00,0,0,0,1,1,1
H4,704,2017,720926,      7.00,      7.00,      7.00,      7.00,0,0,0,1,1,1
H4,704,2017,720927,      7.00,      7.00,      7.00,      7.00,0,0,0,1,1,1
H4,704,2017,720928,     14.00,      7.00,      7.00,      7.00,0,0,0,2,2,2
H4,704,2017,720990,     14.00,      7.00,      7.00,      7.00,0,0,0,2,2,2
H4,704,2017,721011,     10.00,      5.00,      5.00,      5.00,0,0,0,2,2,2
H4,704,2017,721012,     10.00,      5.00,      5.00,      5.00,0,0,0,2,2,2
H4,704,2017,721020,      0.00,      0.00,      0.00,      0.00,0,2,0,0,2,2
H4,704,2017,721030,     35.00,      5.00,     10.00,      7.00,0,0,0,5,5,5
H4,704,2017,721041,     70.00,     10.00,     20.00,     14.00,0,0,0,5,5,5
H4,704,2017,721049,     70.00,      0.00,     20.00,     11.67,0,1,0,5,6,6
H4,704,2017,721050,      5.00,      5.00,      5.00,      5.00,0,0,0,1,1,1
H4,704,2017,721061,     70.00,     10.00,     20.00,     14.00,0,0,0,5,5,5
H4,704,2017,721069,     70.00,     10.00,     20.00,     14.00,0,0,0,5,5,5
H4,704,2017,721070,     10.00,      5.00,      5.00,      5.00,0,0,0,2,2,2
H4,704,2017,721090,     10.00,      5.00,      5.00,      5.00,0,0,0,2,2,2
H4,704,2017,721113,      0.00,      0.00,      0.00,      0.00,0,2,0,0,2,2
H4,704,2017,721114,      0.00,      0.00,      0.00,      0.00,0,6,0,0,6,6
H4,704,2017,721119,     14.00,      0.00,      7.00,      2.33,1,4,0,2,6,7
H4,704,2017,721123,     28.00,      7.00,      7.00,      7.00,0,0,0,4,4,4
H4,704,2017,721129,     28.00,      7.00,      7.00,      7.00,0,0,0,4,4,4
H4,704,2017,721190,     28.00,      7.00,      7.00,      7.00,0,0,0,4,4,4
H4,704,2017,721210,     21.00,      7.00,      7.00,      7.00,0,0,0,3,3,3
H4,704,2017,721220,     21.00,      7.00,      7.00,      7.00,0,0,0,3,3,3
H4,704,2017,721230,     30.00,      0.00,     10.00,      7.50,0,1,0,3,4,4
H4,704,2017,721240,     14.00,      0.00,      7.00,      4.67,0,1,0,2,3,3
H4,704,2017,721250,     30.00,      0.00,     10.00,      3.33,0,6,0,3,9,9
H4,704,2017,721260,      0.00,      0.00,      0.00,      0.00,0,3,0,0,3,3
H4,704,2017,721310,     30.00,     15.00,     15.00,     15.00,0,0,0,2,2,2
H4,704,2017,721320,      0.00,      0.00,      0.00,      0.00,0,1,0,0,1,1
H4,704,2017,721391,     30.00,      3.00,     20.00,     10.00,0,0,0,3,3,3
H4,704,2017,721399,     28.00,      3.00,     20.00,      9.33,0,0,0,3,3,3
H4,704,2017,721410,      0.00,      0.00,      0.00,      0.00,0,4,0,0,4,4
H4,704,2017,721420,     80.00,      0.00,     20.00,     10.00,0,4,0,4,8,8
H4,704,2017,721430,      0.00,      0.00,      0.00,      0.00,0,1,0,0,1,1
H4,704,2017,721491,      0.00,      0.00,      0.00,      0.00,0,2,0,0,2,2
H4,704,2017,721499,      0.00,      0.00,      0.00,      0.00,0,2,0,0,2,2
H4,704,2017,721510,      0.00,      0.00,      0.00,      0.00,0,1,0,0,1,1
H4,704,2017,721550,     20.00,      0.00,     20.00,      6.67,0,2,0,1,3,3
H4,704,2017,721590,     20.00,      0.00,     20.00,     10.00,0,1,0,1,2,2
H4,704,2017,721610,     15.00,     15.00,     15.00,     15.00,0,0,0,1,1,1
H4,704,2017,721621,     15.00,     15.00,     15.00,     15.00,0,0,0,1,1,1
H4,704,2017,721622,     15.00,     15.00,     15.00,     15.00,0,0,0,1,1,1
H4,704,2017,721631,     15.00,     15.00,     15.00,     15.00,0,0,0,1,1,1
H4,704,2017,721632,     15.00,     15.00,     15.00,     15.00,0,0,0,1,1,1
H4,704,2017,721633,     15.00,     15.00,     15.00,     15.00,0,0,0,1,1,1
H4,704,2017,721640,     15.00,     15.00,     15.00,     15.00,0,0,0,1,1,1
H4,704,2017,721650,     30.00,     15.00,     15.00,     15.00,0,0,0,2,2,2
H4,704,2017,721661,     15.00,     15.00,     15.00,     15.00,0,0,0,1,1,1
H4,704,2017,721669,     15.00,     15.00,     15.00,     15.00,0,0,0,1,1,1
H4,704,2017,721691,     15.00,     15.00,     15.00,     15.00,0,0,0,1,1,1
H4,704,2017,721699,     15.00,     15.00,     15.00,     15.00,0,0,0,1,1,1
H4,704,2017,721710,     28.00,      0.00,     15.00,      5.60,0,2,0,3,5,5
H4,704,2017,721720,     25.00,      0.00,     15.00,      6.25,0,1,0,3,4,4
H4,704,2017,721730,     50.00,      5.00,     15.00,      7.14,0,0,0,7,7,7
H4,704,2017,721790,     15.00,      5.00,     10.00,      7.50,0,0,0,2,2,2
H4,704,2017,721810,      0.00,      0.00,      0.00,      0.00,0,1,0,0,1,1
H4,704,2017,721891,      0.00,      0.00,      0.00,      0.00,0,1,0,0,1,1
H4,704,2017,721899,      0.00,      0.00,      0.00,      0.00,0,1,0,0,1,1
H4,704,2017,721911,      0.00,      0.00,      0.00,      0.00,0,1,0,0,1,1
H4,704,2017,721912,      0.00,      0.00,      0.00,      0.00,0,1,0,0,1,1
H4,704,2017,721913,      0.00,      0.00,      0.00,      0.00,0,1,0,0,1,1
H4,704,2017,721914,      0.00,      0.00,      0.00,      0.00,0,1,0,0,1,1
H4,704,2017,721921,      0.00,      0.00,      0.00,      0.00,0,1,0,0,1,1
H4,704,2017,721922,      0.00,      0.00,      0.00,      0.00,0,1,0,0,1,1
H4,704,2017,721923,      0.00,      0.00,      0.00,      0.00,0,1,0,0,1,1
H4,704,2017,721924,      0.00,      0.00,      0.00,      0.00,0,1,0,0,1,1
H4,704,2017,721931,      0.00,      0.00,      0.00,      0.00,0,1,0,0,1,1
H4,704,2017,721932,      0.00,      0.00,      0.00,      0.00,0,1,0,0,1,1
H4,704,2017,721933,     10.00,     10.00,     10.00,     10.00,0,0,0,1,1,1
H4,704,2017,721934,     10.00,     10.00,     10.00,     10.00,0,0,0,1,1,1
H4,704,2017,721935,     10.00,     10.00,     10.00,     10.00,0,0,0,1,1,1
H4,704,2017,721990,      0.00,      0.00,      0.00,      0.00,0,1,0,0,1,1
H4,704,2017,722011,      0.00,      0.00,      0.00,      0.00,0,2,0,0,2,2
H4,704,2017,722012,      0.00,      0.00,      0.00,      0.00,0,2,0,0,2,2
H4,704,2017,722020,     20.00,     10.00,     10.00,     10.00,0,0,0,2,2,2
H4,704,2017,722090,      0.00,      0.00,      0.00,      0.00,0,2,0,0,2,2
H4,704,2017,722100,      0.00,      0.00,      0.00,      0.00,0,1,0,0,1,1
H4,704,2017,722211,      0.00,      0.00,      0.00,      0.00,0,1,0,0,1,1
H4,704,2017,722219,      0.00,      0.00,      0.00,      0.00,0,1,0,0,1,1
H4,704,2017,722220,     20.00,     10.00,     10.00,     10.00,0,0,0,2,2,2
H4,704,2017,722230,     20.00,     10.00,     10.00,     10.00,0,0,0,2,2,2
H4,704,2017,722240,      0.00,      0.00,      0.00,      0.00,0,2,0,0,2,2
H4,704,2017,722300,     10.00,     10.00,     10.00,     10.00,0,0,0,1,1,1
H4,704,2017,722410,      0.00,      0.00,      0.00,      0.00,0,1,0,0,1,1
H4,704,2017,722490,      0.00,      0.00,      0.00,      0.00,0,1,0,0,1,1
H4,704,2017,722511,      0.00,      0.00,      0.00,      0.00,0,1,0,0,1,1
H4,704,2017,722519,      0.00,      0.00,      0.00,      0.00,0,1,0,0,1,1
H4,704,2017,722530,      0.00,      0.00,      0.00,      0.00,0,2,0,0,2,2
H4,704,2017,722540,      0.00,      0.00,      0.00,      0.00,0,2,0,0,2,2
H4,704,2017,722550,      0.00,      0.00,      0.00,      0.00,0,2,0,0,2,2
H4,704,2017,722591,      0.00,      0.00,      0.00,      0.00,0,2,0,0,2,2
H4,704,2017,722592,      0.00,      0.00,      0.00,      0.00,0,2,0,0,2,2
H4,704,2017,722599,      0.00,      0.00,      0.00,      0.00,0,2,0,0,2,2
H4,704,2017,722611,      0.00,      0.00,      0.00,      0.00,0,2,0,0,2,2
H4,704,2017,722619,      0.00,      0.00,      0.00,      0.00,0,2,0,0,2,2
H4,704,2017,722620,      0.00,      0.00,      0.00,      0.00,0,2,0,0,2,2
H4,704,2017,722691,      0.00,      0.00,      0.00,      0.00,0,2,0,0,2,2
H4,704,2017,722692,      0.00,      0.00,      0.00,      0.00,0,2,0,0,2,2
H4,704,2017,722699,      0.00,      0.00,      0.00,      0.00,0,4,0,0,4,4
H4,704,2017,722710,      0.00,      0.00,      0.00,      0.00,0,1,0,0,1,1
H4,704,2017,722720,      0.00,      0.00,      0.00,      0.00,0,1,0,0,1,1
H4,704,2017,722790,      0.00,      0.00,      0.00,      0.00,0,1,0,0,1,1
H4,704,2017,722810,      0.00,      0.00,      0.00,      0.00,0,2,0,0,2,2
H4,704,2017,722820,      0.00,      0.00,      0.00,      0.00,0,4,0,0,4,4
H4,704,2017,722830,      0.00,      0.00,      0.00,      0.00,0,2,0,0,2,2
H4,704,2017,722840,      0.00,      0.00,      0.00,      0.00,0,2,0,0,2,2
H4,704,2017,722850,      0.00,      0.00,      0.00,      0.00,0,2,0,0,2,2
H4,704,2017,722860,      0.00,      0.00,      0.00,      0.00,0,2,0,0,2,2
H4,704,2017,722870,      0.00,      0.00,      0.00,      0.00,0,2,0,0,2,2
H4,704,2017,722880,      0.00,      0.00,      0.00,      0.00,0,3,0,0,3,3
H4,704,2017,722920,      0.00,      0.00,      0.00,      0.00,0,1,0,0,1,1
H4,704,2017,722990,      0.00,      0.00,      0.00,      0.00,0,2,0,0,2,2
H4,704,2017,730110,      3.00,      3.00,      3.00,      3.00,0,0,0,1,1,1
H4,704,2017,730120,      5.00,      5.00,      5.00,      5.00,0,0,0,1,1,1
H4,704,2017,730210,      3.00,      3.00,      3.00,      3.00,0,0,0,1,1,1
H4,704,2017,730230,      3.00,      3.00,      3.00,      3.00,0,0,0,1,1,1
H4,704,2017,730240,      3.00,      3.00,      3.00,      3.00,0,0,0,1,1,1
H4,704,2017,730290,      6.00,      3.00,      3.00,      3.00,0,0,0,2,2,2
H4,704,2017,730300,     23.00,      3.00,     10.00,      7.67,0,0,0,3,3,3
H4,704,2017,730411,      0.00,      0.00,      0.00,      0.00,0,1,0,0,1,1
H4,704,2017,730419,      0.00,      0.00,      0.00,      0.00,0,1,0,0,1,1
H4,704,2017,730422,      0.00,      0.00,      0.00,      0.00,0,1,0,0,1,1
H4,704,2017,730423,      0.00,      0.00,      0.00,      0.00,0,1,0,0,1,1
H4,704,2017,730424,      0.00,      0.00,      0.00,      0.00,0,1,0,0,1,1
H4,704,2017,730429,      0.00,      0.00,      0.00,      0.00,0,1,0,0,1,1
H4,704,2017,730431,     20.00,      0.00,     10.00,      5.00,0,1,0,3,4,4
H4,704,2017,730439,     15.00,      0.00,     10.00,      5.00,0,1,0,2,3,3
H4,704,2017,730441,      0.00,      0.00,      0.00,      0.00,0,1,0,0,1,1
H4,704,2017,730449,      0.00,      0.00,      0.00,      0.00,0,1,0,0,1,1
H4,704,2017,730451,      0.00,      0.00,      0.00,      0.00,0,2,0,0,2,2
H4,704,2017,730459,      0.00,      0.00,      0.00,      0.00,0,1,0,0,1,1
H4,704,2017,730490,     15.00,      0.00,     10.00,      5.00,0,1,0,2,3,3
H4,704,2017,730511,      5.00,      5.00,      5.00,      5.00,0,0,0,1,1,1
H4,704,2017,730512,     10.00,      5.00,      5.00,      5.00,0,0,0,2,2,2
H4,704,2017,730519,     20.00,     10.00,     10.00,     10.00,0,0,0,2,2,2
H4,704,2017,730520,      5.00,      5.00,      5.00,      5.00,0,0,0,1,1,1
H4,704,2017,730531,     10.00,      5.00,      5.00,      5.00,0,0,0,2,2,2
H4,704,2017,730539,     20.00,     10.00,     10.00,     10.00,0,0,0,2,2,2
H4,704,2017,730590,      5.00,      5.00,      5.00,      5.00,0,0,0,1,1,1
H4,704,2017,730611,     15.00,      5.00,      5.00,      5.00,0,0,0,3,3,3
H4,704,2017,730619,     15.00,      5.00,      5.00,      5.00,0,0,0,3,3,3
H4,704,2017,730621,      5.00,      5.00,      5.00,      5.00,0,0,0,1,1,1
H4,704,2017,730629,      5.00,      5.00,      5.00,      5.00,0,0,0,1,1,1
H4,704,2017,730630,     65.00,      5.00,     10.00,      9.29,0,0,0,7,7,7
H4,704,2017,730640,     21.00,      0.00,      7.00,      5.25,0,1,0,3,4,4
H4,704,2017,730650,     10.00,      5.00,      5.00,      5.00,0,0,0,2,2,2
H4,704,2017,730661,     10.00,      5.00,      5.00,      5.00,0,0,0,2,2,2
H4,704,2017,730669,     10.00,      5.00,      5.00,      5.00,0,0,0,2,2,2
H4,704,2017,730690,     50.00,     10.00,     10.00,     10.00,0,0,0,5,5,5
H4,704,2017,730711,     10.00,      5.00,      5.00,      5.00,0,0,0,2,2,2
H4,704,2017,730719,      5.00,      5.00,      5.00,      5.00,0,0,0,1,1,1
H4,704,2017,730721,     10.00,      5.00,      5.00,      5.00,0,0,0,2,2,2
H4,704,2017,730722,     20.00,     10.00,     10.00,     10.00,0,0,0,2,2,2
H4,704,2017,730723,     10.00,      5.00,      5.00,      5.00,0,0,0,2,2,2
H4,704,2017,730729,     10.00,      5.00,      5.00,      5.00,0,0,0,2,2,2
H4,704,2017,730791,     10.00,      5.00,      5.00,      5.00,0,0,0,2,2,2
H4,704,2017,730792,     20.00,     10.00,     10.00,     10.00,0,0,0,2,2,2
H4,704,2017,730793,     10.00,      5.00,      5.00,      5.00,0,0,0,2,2,2
H4,704,2017,730799,     10.00,      5.00,      5.00,      5.00,0,0,0,2,2,2
H4,704,2017,730810,      3.00,      0.00,      3.00,      1.50,0,1,0,1,2,2
H4,704,2017,730820,     16.00,      3.00,      5.00,      4.00,0,0,0,4,4,4
H4,704,2017,730830,     12.00,     12.00,     12.00,     12.00,0,0,0,1,1,1
H4,704,2017,730840,      6.00,      3.00,      3.00,      3.00,0,0,0,2,2,2
H4,704,2017,730890,     70.00,     10.00,     10.00,     10.00,0,0,0,7,7,7
H4,704,2017,730900,     20.00,      5.00,      5.00,      5.00,0,0,0,4,4,4
H4,704,2017,731010,     24.00,     12.00,     12.00,     12.00,0,0,0,2,2,2
H4,704,2017,731021,     37.00,     10.00,     15.00,     12.33,0,0,0,3,3,3
H4,704,2017,731029,     35.00,     10.00,     15.00,     11.67,0,0,0,3,3,3
H4,704,2017,731100,     47.00,      0.00,     20.00,      7.83,0,2,0,4,6,6
H4,704,2017,731210,     18.00,      3.00,      5.00,      4.50,0,0,0,4,4,4
H4,704,2017,731290,      5.00,      5.00,      5.00,      5.00,0,0,0,1,1,1
H4,704,2017,731300,     30.00,     30.00,     30.00,     30.00,0,0,0,1,1,1
H4,704,2017,731412,     15.00,     15.00,     15.00,     15.00,0,0,0,1,1,1
H4,704,2017,731414,     15.00,     15.00,     15.00,     15.00,0,0,0,1,1,1
H4,704,2017,731419,     30.00,     15.00,     15.00,     15.00,0,0,0,2,2,2
H4,704,2017,731420,     15.00,     15.00,     15.00,     15.00,0,0,0,1,1,1
H4,704,2017,731431,     20.00,     20.00,     20.00,     20.00,0,0,0,1,1,1
H4,704,2017,731439,     20.00,     20.00,     20.00,     20.00,0,0,0,1,1,1
H4,704,2017,731441,     30.00,     30.00,     30.00,     30.00,0,0,0,1,1,1
H4,704,2017,731442,     30.00,     30.00,     30.00,     30.00,0,0,0,1,1,1
H4,704,2017,731449,     30.00,     30.00,     30.00,     30.00,0,0,0,1,1,1
H4,704,2017,731450,     20.00,     20.00,     20.00,     20.00,0,0,0,1,1,1
H4,704,2017,731511,     41.00,      3.00,     35.00,     13.67,0,0,0,3,3,3
H4,704,2017,731512,      6.00,      3.00,      3.00,      3.00,0,0,0,2,2,2
H4,704,2017,731519,     38.00,      3.00,     35.00,     19.00,0,0,0,2,2,2
H4,704,2017,731520,      3.00,      3.00,      3.00,      3.00,0,0,0,1,1,1
H4,704,2017,731581,      3.00,      3.00,      3.00,      3.00,0,0,0,1,1,1
H4,704,2017,731582,      3.00,      3.00,      3.00,      3.00,0,0,0,1,1,1
H4,704,2017,731589,     33.00,      3.00,     30.00,     16.50,0,0,0,2,2,2
H4,704,2017,731590,     33.00,      3.00,     30.00,     16.50,0,0,0,2,2,2
H4,704,2017,731600,      3.00,      3.00,      3.00,      3.00,0,0,0,1,1,1
H4,704,2017,731700,     60.00,     20.00,     20.00,     20.00,0,0,0,3,3,3
H4,704,2017,731811,      5.00,      5.00,      5.00,      5.00,0,0,0,1,1,1
H4,704,2017,731812,     24.00,     12.00,     12.00,     12.00,0,0,0,2,2,2
H4,704,2017,731813,     10.00,     10.00,     10.00,     10.00,0,0,0,1,1,1
H4,704,2017,731814,     24.00,     12.00,     12.00,     12.00,0,0,0,2,2,2
H4,704,2017,731815,     24.00,     12.00,     12.00,     12.00,0,0,0,2,2,2
H4,704,2017,731816,     24.00,     12.00,     12.00,     12.00,0,0,0,2,2,2
H4,704,2017,731819,     24.00,     12.00,     12.00,     12.00,0,0,0,2,2,2
H4,704,2017,731821,     12.00,     12.00,     12.00,     12.00,0,0,0,1,1,1
H4,704,2017,731822,     24.00,     12.00,     12.00,     12.00,0,0,0,2,2,2
H4,704,2017,731823,     24.00,     12.00,     12.00,     12.00,0,0,0,2,2,2
H4,704,2017,731824,     12.00,     12.00,     12.00,     12.00,0,0,0,1,1,1
H4,704,2017,731829,     24.00,     12.00,     12.00,     12.00,0,0,0,2,2,2
H4,704,2017,731940,     30.00,     30.00,     30.00,     30.00,0,0,0,1,1,1
H4,704,2017,731990,     60.00,     30.00,     30.00,     30.00,0,0,0,2,2,2
H4,704,2017,732010,     16.00,      3.00,     10.00,      5.33,0,0,0,3,3,3
H4,704,2017,732020,      6.00,      3.00,      3.00,      3.00,0,0,0,2,2,2
H4,704,2017,732090,      6.00,      3.00,      3.00,      3.00,0,0,0,2,2,2
H4,704,2017,732111,     15.00,     15.00,     15.00,     15.00,0,0,0,1,1,1
H4,704,2017,732112,     20.00,     20.00,     20.00,     20.00,0,0,0,1,1,1
H4,704,2017,732119,     20.00,     20.00,     20.00,     20.00,0,0,0,1,1,1
H4,704,2017,732181,     15.00,     15.00,     15.00,     15.00,0,0,0,1,1,1
H4,704,2017,732182,     25.00,     25.00,     25.00,     25.00,0,0,0,1,1,1
H4,704,2017,732189,     25.00,     25.00,     25.00,     25.00,0,0,0,1,1,1
H4,704,2017,732190,     30.00,     10.00,     10.00,     10.00,0,0,0,3,3,3
H4,704,2017,732211,     27.00,     27.00,     27.00,     27.00,0,0,0,1,1,1
H4,704,2017,732219,     30.00,     30.00,     30.00,     30.00,0,0,0,1,1,1
H4,704,2017,732290,     20.00,     20.00,     20.00,     20.00,0,0,0,1,1,1
H4,704,2017,732310,     25.00,     25.00,     25.00,     25.00,0,0,0,1,1,1
H4,704,2017,732391,     90.00,     30.00,     30.00,     30.00,0,0,0,3,3,3
H4,704,2017,732392,     30.00,     30.00,     30.00,     30.00,0,0,0,1,1,1
H4,704,2017,732393,     90.00,     30.00,     30.00,     30.00,0,0,0,3,3,3
H4,704,2017,732394,     30.00,     30.00,     30.00,     30.00,0,0,0,1,1,1
H4,704,2017,732399,     60.00,     20.00,     20.00,     20.00,0,0,0,3,3,3
H4,704,2017,732410,     20.00,      0.00,     20.00,     10.00,0,1,0,1,2,2
H4,704,2017,732421,     70.00,     35.00,     35.00,     35.00,0,0,0,2,2,2
H4,704,2017,732429,     35.00,     35.00,     35.00,     35.00,0,0,0,1,1,1
H4,704,2017,732490,    100.00,     20.00,     20.00,     20.00,0,0,0,5,5,5
H4,704,2017,732510,     35.00,     15.00,     20.00,     17.50,0,0,0,2,2,2
H4,704,2017,732591,     20.00,     20.00,     20.00,     20.00,0,0,0,1,1,1
H4,704,2017,732599,     40.00,     20.00,     20.00,     20.00,0,0,0,2,2,2
H4,704,2017,732611,     20.00,     20.00,     20.00,     20.00,0,0,0,1,1,1
H4,704,2017,732619,     10.00,     10.00,     10.00,     10.00,0,0,0,1,1,1
H4,704,2017,732620,     35.00,     15.00,     20.00,     17.50,0,0,0,2,2,2
H4,704,2017,732690,     85.00,      5.00,     15.00,     12.14,0,0,0,7,7,7
H4,704,2017,740100,      0.00,      0.00,      0.00,      0.00,0,1,0,0,1,1
H4,704,2017,740200,      0.00,      0.00,      0.00,      0.00,0,1,0,0,1,1
H4,704,2017,740311,      0.00,      0.00,      0.00,      0.00,0,1,0,0,1,1
H4,704,2017,740312,      0.00,      0.00,      0.00,      0.00,0,1,0,0,1,1
H4,704,2017,740313,      0.00,      0.00,      0.00,      0.00,0,1,0,0,1,1
H4,704,2017,740319,      0.00,      0.00,      0.00,      0.00,0,1,0,0,1,1
H4,704,2017,740321,      0.00,      0.00,      0.00,      0.00,0,1,0,0,1,1
H4,704,2017,740322,      0.00,      0.00,      0.00,      0.00,0,1,0,0,1,1
H4,704,2017,740329,      0.00,      0.00,      0.00,      0.00,0,1,0,0,1,1
H4,704,2017,740400,      0.00,      0.00,      0.00,      0.00,0,1,0,0,1,1
H4,704,2017,740500,      0.00,      0.00,      0.00,      0.00,0,1,0,0,1,1
H4,704,2017,740610,      0.00,      0.00,      0.00,      0.00,0,1,0,0,1,1
H4,704,2017,740620,      0.00,      0.00,      0.00,      0.00,0,1,0,0,1,1
H4,704,2017,740710,      5.00,      0.00,      5.00,      2.50,0,1,0,1,2,2
H4,704,2017,740721,      0.00,      0.00,      0.00,      0.00,0,1,0,0,1,1
H4,704,2017,740729,      0.00,      0.00,      0.00,      0.00,0,1,0,0,1,1
H4,704,2017,740811,     15.00,      5.00,     10.00,      7.50,0,0,0,2,2,2
H4,704,2017,740819,     10.00,     10.00,     10.00,     10.00,0,0,0,1,1,1
H4,704,2017,740821,      3.00,      3.00,      3.00,      3.00,0,0,0,1,1,1
H4,704,2017,740822,      0.00,      0.00,      0.00,      0.00,0,1,0,0,1,1
H4,704,2017,740829,      0.00,      0.00,      0.00,      0.00,0,1,0,0,1,1
H4,704,2017,740911,      3.00,      3.00,      3.00,      3.00,0,0,0,1,1,1
H4,704,2017,740919,      0.00,      0.00,      0.00,      0.00,0,1,0,0,1,1
H4,704,2017,740921,      0.00,      0.00,      0.00,      0.00,0,1,0,0,1,1
H4,704,2017,740929,      0.00,      0.00,      0.00,      0.00,0,1,0,0,1,1
H4,704,2017,740931,      0.00,      0.00,      0.00,      0.00,0,1,0,0,1,1
H4,704,2017,740939,      0.00,      0.00,      0.00,      0.00,0,1,0,0,1,1
H4,704,2017,740940,      0.00,      0.00,      0.00,      0.00,0,1,0,0,1,1
H4,704,2017,740990,      0.00,      0.00,      0.00,      0.00,0,1,0,0,1,1
H4,704,2017,741011,      0.00,      0.00,      0.00,      0.00,0,1,0,0,1,1
H4,704,2017,741012,      0.00,      0.00,      0.00,      0.00,0,1,0,0,1,1
H4,704,2017,741021,      0.00,      0.00,      0.00,      0.00,0,1,0,0,1,1
H4,704,2017,741022,      0.00,      0.00,      0.00,      0.00,0,1,0,0,1,1
H4,704,2017,741110,      5.00,      5.00,      5.00,      5.00,0,0,0,1,1,1
H4,704,2017,741121,      5.00,      5.00,      5.00,      5.00,0,0,0,1,1,1
H4,704,2017,741122,      5.00,      5.00,      5.00,      5.00,0,0,0,1,1,1
H4,704,2017,741129,      3.00,      3.00,      3.00,      3.00,0,0,0,1,1,1
H4,704,2017,741210,      0.00,      0.00,      0.00,      0.00,0,1,0,0,1,1
H4,704,2017,741220,      0.00,      0.00,      0.00,      0.00,0,2,0,0,2,2
H4,704,2017,741300,     15.00,      0.00,     15.00,      7.50,0,1,0,1,2,2
H4,704,2017,741510,     60.00,     20.00,     20.00,     20.00,0,0,0,3,3,3
H4,704,2017,741521,     10.00,     10.00,     10.00,     10.00,0,0,0,1,1,1
H4,704,2017,741529,     10.00,     10.00,     10.00,     10.00,0,0,0,1,1,1
H4,704,2017,741533,     20.00,     10.00,     10.00,     10.00,0,0,0,2,2,2
H4,704,2017,741539,     10.00,     10.00,     10.00,     10.00,0,0,0,1,1,1
H4,704,2017,741810,     75.00,     25.00,     25.00,     25.00,0,0,0,3,3,3
H4,704,2017,741820,     30.00,     30.00,     30.00,     30.00,0,0,0,1,1,1
H4,704,2017,741910,      5.00,      5.00,      5.00,      5.00,0,0,0,1,1,1
H4,704,2017,741991,      5.00,      5.00,      5.00,      5.00,0,0,0,1,1,1
H4,704,2017,741999,     20.00,      0.00,      5.00,      2.86,0,3,0,4,7,7
H4,704,2017,750110,      0.00,      0.00,      0.00,      0.00,0,1,0,0,1,1
H4,704,2017,750120,      0.00,      0.00,      0.00,      0.00,0,1,0,0,1,1
H4,704,2017,750210,      0.00,      0.00,      0.00,      0.00,0,1,0,0,1,1
H4,704,2017,750220,      0.00,      0.00,      0.00,      0.00,0,1,0,0,1,1
H4,704,2017,750300,      0.00,      0.00,      0.00,      0.00,0,1,0,0,1,1
H4,704,2017,750400,      0.00,      0.00,      0.00,      0.00,0,1,0,0,1,1
H4,704,2017,750511,      0.00,      0.00,      0.00,      0.00,0,1,0,0,1,1
H4,704,2017,750512,      0.00,      0.00,      0.00,      0.00,0,1,0,0,1,1
H4,704,2017,750521,      0.00,      0.00,      0.00,      0.00,0,1,0,0,1,1
H4,704,2017,750522,      0.00,      0.00,      0.00,      0.00,0,1,0,0,1,1
H4,704,2017,750610,      0.00,      0.00,      0.00,      0.00,0,1,0,0,1,1
H4,704,2017,750620,      0.00,      0.00,      0.00,      0.00,0,1,0,0,1,1
H4,704,2017,750711,      0.00,      0.00,      0.00,      0.00,0,1,0,0,1,1
H4,704,2017,750712,      0.00,      0.00,      0.00,      0.00,0,1,0,0,1,1
H4,704,2017,750720,      0.00,      0.00,      0.00,      0.00,0,1,0,0,1,1
H4,704,2017,750810,      0.00,      0.00,      0.00,      0.00,0,1,0,0,1,1
H4,704,2017,750890,      0.00,      0.00,      0.00,      0.00,0,4,0,0,4,4
H4,704,2017,760110,      2.00,      2.00,      2.00,      2.00,0,0,0,1,1,1
H4,704,2017,760120,      2.00,      2.00,      2.00,      2.00,0,0,0,1,1,1
H4,704,2017,760200,      0.00,      0.00,      0.00,      0.00,0,1,0,0,1,1
H4,704,2017,760310,      0.00,      0.00,      0.00,      0.00,0,1,0,0,1,1
H4,704,2017,760320,      0.00,      0.00,      0.00,      0.00,0,1,0,0,1,1
H4,704,2017,760410,     15.00,      5.00,     10.00,      7.50,0,0,0,2,2,2
H4,704,2017,760421,     20.00,     10.00,     10.00,     10.00,0,0,0,2,2,2
H4,704,2017,760429,     25.00,      5.00,     10.00,      8.33,0,0,0,3,3,3
H4,704,2017,760511,     10.00,     10.00,     10.00,     10.00,0,0,0,1,1,1
H4,704,2017,760519,     20.00,     10.00,     10.00,     10.00,0,0,0,2,2,2
H4,704,2017,760521,      3.00,      3.00,      3.00,      3.00,0,0,0,1,1,1
H4,704,2017,760529,      3.00,      3.00,      3.00,      3.00,0,0,0,1,1,1
H4,704,2017,760611,      0.00,      0.00,      0.00,      0.00,0,2,0,0,2,2
H4,704,2017,760612,     12.00,      0.00,      3.00,      2.40,0,1,0,4,5,5
H4,704,2017,760691,      0.00,      0.00,      0.00,      0.00,0,1,0,0,1,1
H4,704,2017,760692,      3.00,      3.00,      3.00,      3.00,0,0,0,1,1,1
H4,704,2017,760711,      0.00,      0.00,      0.00,      0.00,0,1,0,0,1,1
H4,704,2017,760719,      3.00,      3.00,      3.00,      3.00,0,0,0,1,1,1
H4,704,2017,760720,      3.00,      3.00,      3.00,      3.00,0,0,0,1,1,1
H4,704,2017,760810,      3.00,      3.00,      3.00,      3.00,0,0,0,1,1,1
H4,704,2017,760820,      3.00,      3.00,      3.00,      3.00,0,0,0,1,1,1
H4,704,2017,760900,      3.00,      3.00,      3.00,      3.00,0,0,0,1,1,1
H4,704,2017,761010,     15.00,     15.00,     15.00,     15.00,0,0,0,1,1,1
H4,704,2017,761090,     33.00,      3.00,     15.00,     11.00,0,0,0,3,3,3
H4,704,2017,761100,      5.00,      5.00,      5.00,      5.00,0,0,0,1,1,1
H4,704,2017,761210,     20.00,     20.00,     20.00,     20.00,0,0,0,1,1,1
H4,704,2017,761290,     30.00,     15.00,     15.00,     15.00,0,0,0,2,2,2
H4,704,2017,761300,      3.00,      3.00,      3.00,      3.00,0,0,0,1,1,1
H4,704,2017,761410,     50.00,      5.00,     20.00,     12.50,0,0,0,4,4,4
H4,704,2017,761490,     50.00,      5.00,     20.00,     12.50,0,0,0,4,4,4
H4,704,2017,761510,     52.00,     22.00,     30.00,     26.00,0,0,0,2,2,2
H4,704,2017,761520,     60.00,     30.00,     30.00,     30.00,0,0,0,2,2,2
H4,704,2017,761610,     60.00,     20.00,     20.00,     20.00,0,0,0,3,3,3
H4,704,2017,761691,     20.00,     20.00,     20.00,     20.00,0,0,0,1,1,1
H4,704,2017,761699,    125.00,     15.00,     20.00,     17.86,0,0,0,7,7,7
H4,704,2017,780110,      0.00,      0.00,      0.00,      0.00,0,1,0,0,1,1
H4,704,2017,780191,      0.00,      0.00,      0.00,      0.00,0,1,0,0,1,1
H4,704,2017,780199,      0.00,      0.00,      0.00,      0.00,0,1,0,0,1,1
H4,704,2017,780200,      0.00,      0.00,      0.00,      0.00,0,1,0,0,1,1
H4,704,2017,780411,      0.00,      0.00,      0.00,      0.00,0,1,0,0,1,1
H4,704,2017,780419,      0.00,      0.00,      0.00,      0.00,0,1,0,0,1,1
H4,704,2017,780420,      0.00,      0.00,      0.00,      0.00,0,1,0,0,1,1
H4,704,2017,780600,      0.00,      0.00,      0.00,      0.00,0,3,0,0,3,3
H4,704,2017,790111,      0.00,      0.00,      0.00,      0.00,0,1,0,0,1,1
H4,704,2017,790112,      0.00,      0.00,      0.00,      0.00,0,1,0,0,1,1
H4,704,2017,790120,      0.00,      0.00,      0.00,      0.00,0,1,0,0,1,1
H4,704,2017,790200,      0.00,      0.00,      0.00,      0.00,0,1,0,0,1,1
H4,704,2017,790310,      0.00,      0.00,      0.00,      0.00,0,1,0,0,1,1
H4,704,2017,790390,      0.00,      0.00,      0.00,      0.00,0,1,0,0,1,1
H4,704,2017,790400,      0.00,      0.00,      0.00,      0.00,0,1,0,0,1,1
H4,704,2017,790500,      0.00,      0.00,      0.00,      0.00,0,2,0,0,2,2
H4,704,2017,790700,     40.00,      0.00,     10.00,      8.00,0,1,0,4,5,5
H4,704,2017,800110,      3.00,      3.00,      3.00,      3.00,0,0,0,1,1,1
H4,704,2017,800120,      3.00,      3.00,      3.00,      3.00,0,0,0,1,1,1
H4,704,2017,800200,      3.00,      3.00,      3.00,      3.00,0,0,0,1,1,1
H4,704,2017,800300,     13.00,      3.00,     10.00,      6.50,0,0,0,2,2,2
H4,704,2017,800700,     71.00,      3.00,     20.00,     11.83,0,0,0,6,6,6
H4,704,2017,810110,      0.00,      0.00,      0.00,      0.00,0,1,0,0,1,1
H4,704,2017,810194,      0.00,      0.00,      0.00,      0.00,0,1,0,0,1,1
H4,704,2017,810196,      0.00,      0.00,      0.00,      0.00,0,1,0,0,1,1
H4,704,2017,810197,      0.00,      0.00,      0.00,      0.00,0,1,0,0,1,1
H4,704,2017,810199,      0.00,      0.00,      0.00,      0.00,0,2,0,0,2,2
H4,704,2017,810210,      0.00,      0.00,      0.00,      0.00,0,1,0,0,1,1
H4,704,2017,810294,      0.00,      0.00,      0.00,      0.00,0,1,0,0,1,1
H4,704,2017,810295,      0.00,      0.00,      0.00,      0.00,0,1,0,0,1,1
H4,704,2017,810296,      0.00,      0.00,      0.00,      0.00,0,1,0,0,1,1
H4,704,2017,810297,      0.00,      0.00,      0.00,      0.00,0,1,0,0,1,1
H4,704,2017,810299,      0.00,      0.00,      0.00,      0.00,0,1,0,0,1,1
H4,704,2017,810320,      0.00,      0.00,      0.00,      0.00,0,1,0,0,1,1
H4,704,2017,810330,      0.00,      0.00,      0.00,      0.00,0,1,0,0,1,1
H4,704,2017,810390,      0.00,      0.00,      0.00,      0.00,0,1,0,0,1,1
H4,704,2017,810411,      0.00,      0.00,      0.00,      0.00,0,1,0,0,1,1
H4,704,2017,810419,      0.00,      0.00,      0.00,      0.00,0,1,0,0,1,1
H4,704,2017,810420,      0.00,      0.00,      0.00,      0.00,0,1,0,0,1,1
H4,704,2017,810430,      0.00,      0.00,      0.00,      0.00,0,1,0,0,1,1
H4,704,2017,810490,      0.00,      0.00,      0.00,      0.00,0,1,0,0,1,1
H4,704,2017,810520,      0.00,      0.00,      0.00,      0.00,0,2,0,0,2,2
H4,704,2017,810530,      0.00,      0.00,      0.00,      0.00,0,1,0,0,1,1
H4,704,2017,810590,      0.00,      0.00,      0.00,      0.00,0,1,0,0,1,1
H4,704,2017,810600,      0.00,      0.00,      0.00,      0.00,0,2,0,0,2,2
H4,704,2017,810720,      0.00,      0.00,      0.00,      0.00,0,1,0,0,1,1
H4,704,2017,810730,      0.00,      0.00,      0.00,      0.00,0,1,0,0,1,1
H4,704,2017,810790,      0.00,      0.00,      0.00,      0.00,0,1,0,0,1,1
H4,704,2017,810820,      0.00,      0.00,      0.00,      0.00,0,1,0,0,1,1
H4,704,2017,810830,      0.00,      0.00,      0.00,      0.00,0,1,0,0,1,1
H4,704,2017,810890,      0.00,      0.00,      0.00,      0.00,0,1,0,0,1,1
H4,704,2017,810920,      0.00,      0.00,      0.00,      0.00,0,1,0,0,1,1
H4,704,2017,810930,      0.00,      0.00,      0.00,      0.00,0,1,0,0,1,1
H4,704,2017,810990,      0.00,      0.00,      0.00,      0.00,0,1,0,0,1,1
H4,704,2017,811010,      0.00,      0.00,      0.00,      0.00,0,1,0,0,1,1
H4,704,2017,811020,      0.00,      0.00,      0.00,      0.00,0,1,0,0,1,1
H4,704,2017,811090,      0.00,      0.00,      0.00,      0.00,0,1,0,0,1,1
H4,704,2017,811100,      0.00,      0.00,      0.00,      0.00,0,1,0,0,1,1
H4,704,2017,811212,      0.00,      0.00,      0.00,      0.00,0,1,0,0,1,1
H4,704,2017,811213,      0.00,      0.00,      0.00,      0.00,0,1,0,0,1,1
H4,704,2017,811219,      0.00,      0.00,      0.00,      0.00,0,1,0,0,1,1
H4,704,2017,811221,      0.00,      0.00,      0.00,      0.00,0,1,0,0,1,1
H4,704,2017,811222,      0.00,      0.00,      0.00,      0.00,0,1,0,0,1,1
H4,704,2017,811229,      0.00,      0.00,      0.00,      0.00,0,1,0,0,1,1
H4,704,2017,811251,      0.00,      0.00,      0.00,      0.00,0,1,0,0,1,1
H4,704,2017,811252,      0.00,      0.00,      0.00,      0.00,0,1,0,0,1,1
H4,704,2017,811259,      0.00,      0.00,      0.00,      0.00,0,1,0,0,1,1
H4,704,2017,811292,      0.00,      0.00,      0.00,      0.00,0,1,0,0,1,1
H4,704,2017,811299,      0.00,      0.00,      0.00,      0.00,0,1,0,0,1,1
H4,704,2017,811300,      0.00,      0.00,      0.00,      0.00,0,1,0,0,1,1
H4,704,2017,820110,     20.00,     20.00,     20.00,     20.00,0,0,0,1,1,1
H4,704,2017,820130,     40.00,     20.00,     20.00,     20.00,0,0,0,2,2,2
H4,704,2017,820140,     20.00,     20.00,     20.00,     20.00,0,0,0,1,1,1
H4,704,2017,820150,     20.00,     20.00,     20.00,     20.00,0,0,0,1,1,1
H4,704,2017,820160,     20.00,     20.00,     20.00,     20.00,0,0,0,1,1,1
H4,704,2017,820190,     20.00,     20.00,     20.00,     20.00,0,0,0,1,1,1
H4,704,2017,820210,     20.00,     20.00,     20.00,     20.00,0,0,0,1,1,1
H4,704,2017,820220,     20.00,     10.00,     10.00,     10.00,0,0,0,2,2,2
H4,704,2017,820231,      4.00,      2.00,      2.00,      2.00,0,0,0,2,2,2
H4,704,2017,820239,      2.00,      2.00,      2.00,      2.00,0,0,0,1,1,1
H4,704,2017,820240,      0.00,      0.00,      0.00,      0.00,0,1,0,0,1,1
H4,704,2017,820291,      2.00,      2.00,      2.00,      2.00,0,0,0,1,1,1
H4,704,2017,820299,      4.00,      2.00,      2.00,      2.00,0,0,0,2,2,2
H4,704,2017,820310,     20.00,     20.00,     20.00,     20.00,0,0,0,1,1,1
H4,704,2017,820320,     20.00,     20.00,     20.00,     20.00,0,0,0,1,1,1
H4,704,2017,820330,      5.00,      5.00,      5.00,      5.00,0,0,0,1,1,1
H4,704,2017,820340,     10.00,     10.00,     10.00,     10.00,0,0,0,1,1,1
H4,704,2017,820411,     15.00,     15.00,     15.00,     15.00,0,0,0,1,1,1
H4,704,2017,820412,     20.00,     20.00,     20.00,     20.00,0,0,0,1,1,1
H4,704,2017,820420,     20.00,     20.00,     20.00,     20.00,0,0,0,1,1,1
H4,704,2017,820510,      5.00,      5.00,      5.00,      5.00,0,0,0,1,1,1
H4,704,2017,820520,     20.00,     20.00,     20.00,     20.00,0,0,0,1,1,1
H4,704,2017,820530,     20.00,     20.00,     20.00,     20.00,0,0,0,1,1,1
H4,704,2017,820540,     20.00,     20.00,     20.00,     20.00,0,0,0,1,1,1
H4,704,2017,820551,     40.00,     20.00,     20.00,     20.00,0,0,0,2,2,2
H4,704,2017,820559,     20.00,     20.00,     20.00,     20.00,0,0,0,1,1,1
H4,704,2017,820560,     20.00,     20.00,     20.00,     20.00,0,0,0,1,1,1
H4,704,2017,820570,     20.00,     20.00,     20.00,     20.00,0,0,0,1,1,1
H4,704,2017,820590,     20.00,     20.00,     20.00,     20.00,0,0,0,1,1,1
H4,704,2017,820600,     20.00,     20.00,     20.00,     20.00,0,0,0,1,1,1
H4,704,2017,820713,      0.00,      0.00,      0.00,      0.00,0,1,0,0,1,1
H4,704,2017,820719,      0.00,      0.00,      0.00,      0.00,0,1,0,0,1,1
H4,704,2017,820720,      0.00,      0.00,      0.00,      0.00,0,1,0,0,1,1
H4,704,2017,820730,      0.00,      0.00,      0.00,      0.00,0,1,0,0,1,1
H4,704,2017,820740,      0.00,      0.00,      0.00,      0.00,0,1,0,0,1,1
H4,704,2017,820750,      0.00,      0.00,      0.00,      0.00,0,1,0,0,1,1
H4,704,2017,820760,      0.00,      0.00,      0.00,      0.00,0,1,0,0,1,1
H4,704,2017,820770,      0.00,      0.00,      0.00,      0.00,0,1,0,0,1,1
H4,704,2017,820780,      0.00,      0.00,      0.00,      0.00,0,1,0,0,1,1
H4,704,2017,820790,      0.00,      0.00,      0.00,      0.00,0,1,0,0,1,1
H4,704,2017,820810,      0.00,      0.00,      0.00,      0.00,0,1,0,0,1,1
H4,704,2017,820820,      0.00,      0.00,      0.00,      0.00,0,1,0,0,1,1
H4,704,2017,820830,     20.00,     20.00,     20.00,     20.00,0,0,0,1,1,1
H4,704,2017,820840,      0.00,      0.00,      0.00,      0.00,0,1,0,0,1,1
H4,704,2017,820890,      0.00,      0.00,      0.00,      0.00,0,1,0,0,1,1
H4,704,2017,820900,      0.00,      0.00,      0.00,      0.00,0,1,0,0,1,1
H4,704,2017,821000,     20.00,     20.00,     20.00,     20.00,0,0,0,1,1,1
H4,704,2017,821110,      5.00,      5.00,      5.00,      5.00,0,0,0,1,1,1
H4,704,2017,821191,      5.00,      5.00,      5.00,      5.00,0,0,0,1,1,1
H4,704,2017,821192,     10.00,      5.00,      5.00,      5.00,0,0,0,2,2,2
H4,704,2017,821193,     10.00,      5.00,      5.00,      5.00,0,0,0,2,2,2
H4,704,2017,821194,     10.00,      5.00,      5.00,      5.00,0,0,0,2,2,2
H4,704,2017,821195,      5.00,      5.00,      5.00,      5.00,0,0,0,1,1,1
H4,704,2017,821210,     20.00,     20.00,     20.00,     20.00,0,0,0,1,1,1
H4,704,2017,821220,     40.00,     20.00,     20.00,     20.00,0,0,0,2,2,2
H4,704,2017,821290,     17.00,     17.00,     17.00,     17.00,0,0,0,1,1,1
H4,704,2017,821300,     25.00,     25.00,     25.00,     25.00,0,0,0,1,1,1
H4,704,2017,821410,     25.00,     25.00,     25.00,     25.00,0,0,0,1,1,1
H4,704,2017,821420,     25.00,     25.00,     25.00,     25.00,0,0,0,1,1,1
H4,704,2017,821490,     25.00,     25.00,     25.00,     25.00,0,0,0,1,1,1
H4,704,2017,821510,     25.00,     25.00,     25.00,     25.00,0,0,0,1,1,1
H4,704,2017,821520,     25.00,     25.00,     25.00,     25.00,0,0,0,1,1,1
H4,704,2017,821591,     25.00,     25.00,     25.00,     25.00,0,0,0,1,1,1
H4,704,2017,821599,     25.00,     25.00,     25.00,     25.00,0,0,0,1,1,1
H4,704,2017,830110,     25.00,     25.00,     25.00,     25.00,0,0,0,1,1,1
H4,704,2017,830120,     25.00,     25.00,     25.00,     25.00,0,0,0,1,1,1
H4,704,2017,830130,     25.00,     25.00,     25.00,     25.00,0,0,0,1,1,1
H4,704,2017,830140,     25.00,      0.00,     25.00,     12.50,0,1,0,1,2,2
H4,704,2017,830150,     25.00,     25.00,     25.00,     25.00,0,0,0,1,1,1
H4,704,2017,830160,     25.00,     25.00,     25.00,     25.00,0,0,0,1,1,1
H4,704,2017,830170,     25.00,     25.00,     25.00,     25.00,0,0,0,1,1,1
H4,704,2017,830210,     20.00,     20.00,     20.00,     20.00,0,0,0,1,1,1
H4,704,2017,830220,     35.00,     15.00,     20.00,     17.50,0,0,0,2,2,2
H4,704,2017,830230,     40.00,     20.00,     20.00,     20.00,0,0,0,2,2,2
H4,704,2017,830241,     60.00,     20.00,     20.00,     20.00,0,0,0,3,3,3
H4,704,2017,830242,     40.00,     20.00,     20.00,     20.00,0,0,0,2,2,2
H4,704,2017,830249,     60.00,     20.00,     20.00,     20.00,0,0,0,3,3,3
H4,704,2017,830250,     25.00,     25.00,     25.00,     25.00,0,0,0,1,1,1
H4,704,2017,830260,     17.00,     17.00,     17.00,     17.00,0,0,0,1,1,1
H4,704,2017,830300,     25.00,     25.00,     25.00,     25.00,0,0,0,1,1,1
H4,704,2017,830400,     75.00,     25.00,     25.00,     25.00,0,0,0,3,3,3
H4,704,2017,830510,     50.00,     25.00,     25.00,     25.00,0,0,0,2,2,2
H4,704,2017,830520,     65.00,     15.00,     25.00,     21.67,0,0,0,3,3,3
H4,704,2017,830590,     50.00,     25.00,     25.00,     25.00,0,0,0,2,2,2
H4,704,2017,830610,     75.00,     25.00,     25.00,     25.00,0,0,0,3,3,3
H4,704,2017,830621,     25.00,     25.00,     25.00,     25.00,0,0,0,1,1,1
H4,704,2017,830629,    100.00,     25.00,     25.00,     25.00,0,0,0,4,4,4
H4,704,2017,830630,     75.00,     25.00,     25.00,     25.00,0,0,0,3,3,3
H4,704,2017,830710,     10.00,     10.00,     10.00,     10.00,0,0,0,1,1,1
H4,704,2017,830790,     10.00,     10.00,     10.00,     10.00,0,0,0,1,1,1
H4,704,2017,830810,     27.00,     27.00,     27.00,     27.00,0,0,0,1,1,1
H4,704,2017,830820,     20.00,     20.00,     20.00,     20.00,0,0,0,1,1,1
H4,704,2017,830890,     50.00,     25.00,     25.00,     25.00,0,0,0,2,2,2
H4,704,2017,830910,     15.00,     15.00,     15.00,     15.00,0,0,0,1,1,1
H4,704,2017,830990,    120.00,     15.00,     15.00,     15.00,0,0,0,8,8,8
H4,704,2017,831000,     10.00,     10.00,     10.00,     10.00,0,0,0,1,1,1
H4,704,2017,831110,     25.00,     25.00,     25.00,     25.00,0,0,0,1,1,1
H4,704,2017,831120,     27.00,      2.00,     25.00,     13.50,0,0,0,2,2,2
H4,704,2017,831130,     17.00,      2.00,     15.00,      8.50,0,0,0,2,2,2
H4,704,2017,831190,     25.00,     25.00,     25.00,     25.00,0,0,0,1,1,1
H4,704,2017,840110,      0.00,      0.00,      0.00,      0.00,0,1,0,0,1,1
H4,704,2017,840120,      0.00,      0.00,      0.00,      0.00,0,1,0,0,1,1
H4,704,2017,840130,      0.00,      0.00,      0.00,      0.00,0,1,0,0,1,1
H4,704,2017,840140,      0.00,      0.00,      0.00,      0.00,0,1,0,0,1,1
H4,704,2017,840211,      0.00,      0.00,      0.00,      0.00,0,2,0,0,2,2
H4,704,2017,840212,     20.00,      5.00,      5.00,      5.00,0,0,0,4,4,4
H4,704,2017,840219,     12.00,      3.00,      3.00,      3.00,0,0,0,4,4,4
H4,704,2017,840220,      0.00,      0.00,      0.00,      0.00,0,2,0,0,2,2
H4,704,2017,840290,      0.00,      0.00,      0.00,      0.00,0,2,0,0,2,2
H4,704,2017,840310,      0.00,      0.00,      0.00,      0.00,0,1,0,0,1,1
H4,704,2017,840390,      0.00,      0.00,      0.00,      0.00,0,2,0,0,2,2
H4,704,2017,840410,      0.00,      0.00,      0.00,      0.00,0,2,0,0,2,2
H4,704,2017,840420,      0.00,      0.00,      0.00,      0.00,0,1,0,0,1,1
H4,704,2017,840490,      0.00,      0.00,      0.00,      0.00,0,5,0,0,5,5
H4,704,2017,840510,      0.00,      0.00,      0.00,      0.00,0,1,0,0,1,1
H4,704,2017,840590,      0.00,      0.00,      0.00,      0.00,0,1,0,0,1,1
H4,704,2017,840610,      0.00,      0.00,      0.00,      0.00,0,1,0,0,1,1
H4,704,2017,840681,      0.00,      0.00,      0.00,      0.00,0,1,0,0,1,1
H4,704,2017,840682,      0.00,      0.00,      0.00,      0.00,0,1,0,0,1,1
H4,704,2017,840690,      0.00,      0.00,      0.00,      0.00,0,1,0,0,1,1
H4,704,2017,840710,      0.00,      0.00,      0.00,      0.00,0,1,0,0,1,1
H4,704,2017,840721,     32.00,      7.00,     25.00,     16.00,0,0,0,2,2,2
H4,704,2017,840729,     32.00,      7.00,     25.00,     16.00,0,0,0,2,2,2
H4,704,2017,840731,     50.00,     50.00,     50.00,     50.00,0,0,0,1,1,1
H4,704,2017,840732,    210.00,     30.00,     45.00,     35.00,0,0,0,6,6,6
H4,704,2017,840733,     82.00,     25.00,     32.00,     27.33,0,0,0,3,3,3
H4,704,2017,840734,    278.00,     18.00,     32.00,     23.17,0,0,0,12,12,12
H4,704,2017,840790,     55.00,      5.00,     25.00,     18.33,0,0,0,3,3,3
H4,704,2017,840810,     23.00,      0.00,     20.00,      7.67,0,1,0,2,3,3
H4,704,2017,840820,    160.00,     15.00,     25.00,     22.86,0,0,0,7,7,7
H4,704,2017,840890,     50.00,      5.00,     25.00,     12.50,0,0,0,4,4,4
H4,704,2017,840910,      0.00,      0.00,      0.00,      0.00,0,1,0,0,1,1
H4,704,2017,840991,    657.00,      3.00,     27.00,     11.95,0,0,0,55,55,55
H4,704,2017,840999,    543.00,      3.00,     15.00,      9.87,0,0,0,55,55,55
H4,704,2017,841011,      0.00,      0.00,      0.00,      0.00,0,1,0,0,1,1
H4,704,2017,841012,      0.00,      0.00,      0.00,      0.00,0,1,0,0,1,1
H4,704,2017,841013,      0.00,      0.00,      0.00,      0.00,0,1,0,0,1,1
H4,704,2017,841090,      0.00,      0.00,      0.00,      0.00,0,1,0,0,1,1
H4,704,2017,841111,      0.00,      0.00,      0.00,      0.00,0,1,0,0,1,1
H4,704,2017,841112,      0.00,      0.00,      0.00,      0.00,0,1,0,0,1,1
H4,704,2017,841121,      0.00,      0.00,      0.00,      0.00,0,1,0,0,1,1
H4,704,2017,841122,      0.00,      0.00,      0.00,      0.00,0,1,0,0,1,1
H4,704,2017,841181,      0.00,      0.00,      0.00,      0.00,0,1,0,0,1,1
H4,704,2017,841182,      0.00,      0.00,      0.00,      0.00,0,1,0,0,1,1
H4,704,2017,841191,      0.00,      0.00,      0.00,      0.00,0,1,0,0,1,1
H4,704,2017,841199,      0.00,      0.00,      0.00,      0.00,0,1,0,0,1,1
H4,704,2017,841210,      0.00,      0.00,      0.00,      0.00,0,1,0,0,1,1
H4,704,2017,841221,      0.00,      0.00,      0.00,      0.00,0,1,0,0,1,1
H4,704,2017,841229,      0.00,      0.00,      0.00,      0.00,0,1,0,0,1,1
H4,704,2017,841231,      0.00,      0.00,      0.00,      0.00,0,1,0,0,1,1
H4,704,2017,841239,      0.00,      0.00,      0.00,      0.00,0,1,0,0,1,1
H4,704,2017,841280,      0.00,      0.00,      0.00,      0.00,0,1,0,0,1,1
H4,704,2017,841290,      0.00,      0.00,      0.00,      0.00,0,2,0,0,2,2
H4,704,2017,841311,      3.00,      3.00,      3.00,      3.00,0,0,0,1,1,1
H4,704,2017,841319,      3.00,      3.00,      3.00,      3.00,0,0,0,1,1,1
H4,704,2017,841320,     40.00,     20.00,     20.00,     20.00,0,0,0,2,2,2
H4,704,2017,841330,     18.00,      3.00,      3.00,      3.00,0,0,0,6,6,6
H4,704,2017,841340,      0.00,      0.00,      0.00,      0.00,0,1,0,0,1,1
H4,704,2017,841350,     30.00,      0.00,     10.00,      7.50,0,1,0,3,4,4
H4,704,2017,841360,     30.00,      0.00,     10.00,      7.50,0,1,0,3,4,4
H4,704,2017,841370,    100.00,      0.00,     20.00,     10.00,0,2,0,8,10,10
H4,704,2017,841381,     30.00,      0.00,     10.00,      7.50,0,1,0,3,4,4
H4,704,2017,841382,      0.00,      0.00,      0.00,      0.00,0,1,0,0,1,1
H4,704,2017,841391,     20.00,      0.00,      5.00,      4.00,0,1,0,4,5,5
H4,704,2017,841392,      0.00,      0.00,      0.00,      0.00,0,1,0,0,1,1
H4,704,2017,841410,     10.00,     10.00,     10.00,     10.00,0,0,0,1,1,1
H4,704,2017,841420,     40.00,     20.00,     20.00,     20.00,0,0,0,2,2,2
H4,704,2017,841430,     16.00,      3.00,      7.00,      4.00,0,0,0,4,4,4
H4,704,2017,841440,      7.00,      7.00,      7.00,      7.00,0,0,0,1,1,1
H4,704,2017,841451,     80.00,     25.00,     30.00,     26.67,0,0,0,3,3,3
H4,704,2017,841459,     80.00,      5.00,     15.00,     11.43,0,0,0,7,7,7
H4,704,2017,841460,     45.00,      0.00,     15.00,     11.25,0,1,0,3,4,4
H4,704,2017,841480,     45.00,      0.00,      5.00,      4.50,0,1,0,9,10,10
H4,704,2017,841490,     40.00,      0.00,     15.00,      4.44,0,5,0,4,9,9
H4,704,2017,841510,     50.00,     20.00,     30.00,     25.00,0,0,0,2,2,2
H4,704,2017,841520,     42.00,     17.00,     25.00,     21.00,0,0,0,2,2,2
H4,704,2017,841581,    188.00,      0.00,     25.00,     15.67,0,3,0,9,12,12
H4,704,2017,841582,    126.00,      0.00,     27.00,     15.75,0,2,0,6,8,8
H4,704,2017,841583,    126.00,      0.00,     25.00,     15.75,0,2,0,6,8,8
H4,704,2017,841590,     26.00,      0.00,      5.00,      1.73,0,7,0,8,15,15
H4,704,2017,841610,      0.00,      0.00,      0.00,      0.00,0,1,0,0,1,1
H4,704,2017,841620,      0.00,      0.00,      0.00,      0.00,0,1,0,0,1,1
H4,704,2017,841630,      0.00,      0.00,      0.00,      0.00,0,1,0,0,1,1
H4,704,2017,841690,      0.00,      0.00,      0.00,      0.00,0,1,0,0,1,1
H4,704,2017,841710,      0.00,      0.00,      0.00,      0.00,0,1,0,0,1,1
H4,704,2017,841720,     10.00,     10.00,     10.00,     10.00,0,0,0,1,1,1
H4,704,2017,841780,      0.00,      0.00,      0.00,      0.00,0,1,0,0,1,1
H4,704,2017,841790,      0.00,      0.00,      0.00,      0.00,0,1,0,0,1,1
H4,704,2017,841810,     28.00,      3.00,     25.00,     14.00,0,0,0,2,2,2
H4,704,2017,841821,     25.00,     25.00,     25.00,     25.00,0,0,0,1,1,1
H4,704,2017,841829,     35.00,     35.00,     35.00,     35.00,0,0,0,1,1,1
H4,704,2017,841830,     40.00,     20.00,     20.00,     20.00,0,0,0,2,2,2
H4,704,2017,841840,     40.00,     20.00,     20.00,     20.00,0,0,0,2,2,2
H4,704,2017,841850,     42.00,      5.00,     20.00,     10.50,0,0,0,4,4,4
H4,704,2017,841861,     10.00,     10.00,     10.00,     10.00,0,0,0,1,1,1
H4,704,2017,841869,     53.00,      3.00,     10.00,      8.83,0,0,0,6,6,6
H4,704,2017,841891,      3.00,      3.00,      3.00,      3.00,0,0,0,1,1,1
H4,704,2017,841899,      0.00,      0.00,      0.00,      0.00,0,3,0,0,3,3
H4,704,2017,841911,     20.00,     10.00,     10.00,     10.00,0,0,0,2,2,2
H4,704,2017,841919,     10.00,      5.00,      5.00,      5.00,0,0,0,2,2,2
H4,704,2017,841920,      0.00,      0.00,      0.00,      0.00,0,1,0,0,1,1
H4,704,2017,841931,      0.00,      0.00,      0.00,      0.00,0,2,0,0,2,2
H4,704,2017,841932,      0.00,      0.00,      0.00,      0.00,0,2,0,0,2,2
H4,704,2017,841939,      0.00,      0.00,      0.00,      0.00,0,3,0,0,3,3
H4,704,2017,841940,      0.00,      0.00,      0.00,      0.00,0,2,0,0,2,2
H4,704,2017,841950,      6.00,      3.00,      3.00,      3.00,0,0,0,2,2,2
H4,704,2017,841960,      0.00,      0.00,      0.00,      0.00,0,2,0,0,2,2
H4,704,2017,841981,     30.00,     15.00,     15.00,     15.00,0,0,0,2,2,2
H4,704,2017,841989,      0.00,      0.00,      0.00,      0.00,0,3,0,0,3,3
H4,704,2017,841990,      0.00,      0.00,      0.00,      0.00,0,5,0,0,5,5
H4,704,2017,842010,      5.00,      0.00,      5.00,      1.67,0,2,0,1,3,3
H4,704,2017,842091,      3.00,      0.00,      3.00,      1.50,0,1,0,1,2,2
H4,704,2017,842099,      3.00,      0.00,      3.00,      1.50,0,1,0,1,2,2
H4,704,2017,842111,     10.00,     10.00,     10.00,     10.00,0,0,0,1,1,1
H4,704,2017,842112,     18.00,     18.00,     18.00,     18.00,0,0,0,1,1,1
H4,704,2017,842119,     10.00,      5.00,      5.00,      5.00,0,0,0,2,2,2
H4,704,2017,842121,     20.00,      5.00,      5.00,      5.00,0,0,0,4,4,4
H4,704,2017,842122,     20.00,     10.00,     10.00,     10.00,0,0,0,2,2,2
H4,704,2017,842123,     30.00,      0.00,     15.00,      5.00,0,4,0,2,6,6
H4,704,2017,842129,      0.00,      0.00,      0.00,      0.00,0,6,0,0,6,6
H4,704,2017,842131,     10.00,      0.00,     10.00,      3.33,0,2,0,1,3,3
H4,704,2017,842139,      0.00,      0.00,      0.00,      0.00,0,2,0,0,2,2
H4,704,2017,842191,      0.00,      0.00,      0.00,      0.00,0,3,0,0,3,3
H4,704,2017,842199,      0.00,      0.00,      0.00,      0.00,0,6,0,0,6,6
H4,704,2017,842211,     20.00,     20.00,     20.00,     20.00,0,0,0,1,1,1
H4,704,2017,842219,     15.00,     15.00,     15.00,     15.00,0,0,0,1,1,1
H4,704,2017,842220,      5.00,      5.00,      5.00,      5.00,0,0,0,1,1,1
H4,704,2017,842230,      0.00,      0.00,      0.00,      0.00,0,1,0,0,1,1
H4,704,2017,842240,      0.00,      0.00,      0.00,      0.00,0,1,0,0,1,1
H4,704,2017,842290,      5.00,      0.00,      5.00,      2.50,0,1,0,1,2,2
H4,704,2017,842310,     40.00,     20.00,     20.00,     20.00,0,0,0,2,2,2
H4,704,2017,842320,      0.00,      0.00,      0.00,      0.00,0,2,0,0,2,2
H4,704,2017,842330,      0.00,      0.00,      0.00,      0.00,0,2,0,0,2,2
H4,704,2017,842381,     40.00,     20.00,     20.00,     20.00,0,0,0,2,2,2
H4,704,2017,842382,     28.00,      3.00,     15.00,      7.00,0,0,0,4,4,4
H4,704,2017,842389,,,,,2,0,0,0,0,2
H4,704,2017,842390,     25.00,      5.00,     15.00,      8.33,0,0,0,3,3,3
H4,704,2017,842410,      0.00,      0.00,      0.00,      0.00,0,2,0,0,2,2
H4,704,2017,842420,      0.00,      0.00,      0.00,      0.00,0,4,0,0,4,4
H4,704,2017,842430,      0.00,      0.00,      0.00,      0.00,0,1,0,0,1,1
H4,704,2017,842481,     15.00,      0.00,     15.00,      3.75,0,3,0,1,4,4
H4,704,2017,842489,     14.00,      0.00,      7.00,      2.80,0,3,0,2,5,5
H4,704,2017,842490,      0.00,      0.00,      0.00,      0.00,0,10,0,0,10,10
H4,704,2017,842511,      0.00,      0.00,      0.00,      0.00,0,1,0,0,1,1
H4,704,2017,842519,      0.00,      0.00,      0.00,      0.00,0,1,0,0,1,1
H4,704,2017,842531,      0.00,      0.00,      0.00,      0.00,0,1,0,0,1,1
H4,704,2017,842539,      0.00,      0.00,      0.00,      0.00,0,1,0,0,1,1
H4,704,2017,842541,      0.00,      0.00,      0.00,      0.00,0,1,0,0,1,1
H4,704,2017,842542,      0.00,      0.00,      0.00,      0.00,0,2,0,0,2,2
H4,704,2017,842549,      0.00,      0.00,      0.00,      0.00,0,2,0,0,2,2
H4,704,2017,842611,      5.00,      5.00,      5.00,      5.00,0,0,0,1,1,1
H4,704,2017,842612,      0.00,      0.00,      0.00,      0.00,0,1,0,0,1,1
H4,704,2017,842619,      0.00,      0.00,      0.00,      0.00,0,3,0,0,3,3
H4,704,2017,842620,      0.00,      0.00,      0.00,      0.00,0,1,0,0,1,1
H4,704,2017,842630,      5.00,      5.00,      5.00,      5.00,0,0,0,1,1,1
H4,704,2017,842641,      0.00,      0.00,      0.00,      0.00,0,1,0,0,1,1
H4,704,2017,842649,      0.00,      0.00,      0.00,      0.00,0,1,0,0,1,1
H4,704,2017,842691,      0.00,      0.00,      0.00,      0.00,0,1,0,0,1,1
H4,704,2017,842699,      0.00,      0.00,      0.00,      0.00,0,1,0,0,1,1
H4,704,2017,842710,      0.00,      0.00,      0.00,      0.00,0,1,0,0,1,1
H4,704,2017,842720,      0.00,      0.00,      0.00,      0.00,0,1,0,0,1,1
H4,704,2017,842790,      0.00,      0.00,      0.00,      0.00,0,1,0,0,1,1
H4,704,2017,842810,     30.00,      0.00,     10.00,      7.50,0,1,0,3,4,4
H4,704,2017,842820,     10.00,      0.00,      5.00,      3.33,0,1,0,2,3,3
H4,704,2017,842831,      5.00,      5.00,      5.00,      5.00,0,0,0,1,1,1
H4,704,2017,842832,     10.00,      5.00,      5.00,      5.00,0,0,0,2,2,2
H4,704,2017,842833,     10.00,      0.00,      5.00,      3.33,0,1,0,2,3,3
H4,704,2017,842839,     10.00,      0.00,      5.00,      3.33,0,1,0,2,3,3
H4,704,2017,842840,      5.00,      5.00,      5.00,      5.00,0,0,0,1,1,1
H4,704,2017,842860,      0.00,      0.00,      0.00,      0.00,0,1,0,0,1,1
H4,704,2017,842890,      0.00,      0.00,      0.00,      0.00,0,3,0,0,3,3
H4,704,2017,842911,      0.00,      0.00,      0.00,      0.00,0,1,0,0,1,1
H4,704,2017,842919,      0.00,      0.00,      0.00,      0.00,0,1,0,0,1,1
H4,704,2017,842920,      0.00,      0.00,      0.00,      0.00,0,1,0,0,1,1
H4,704,2017,842930,      0.00,      0.00,      0.00,      0.00,0,1,0,0,1,1
H4,704,2017,842940,      5.00,      0.00,      5.00,      1.25,0,3,0,1,4,4
H4,704,2017,842951,      0.00,      0.00,      0.00,      0.00,0,1,0,0,1,1
H4,704,2017,842952,      0.00,      0.00,      0.00,      0.00,0,1,0,0,1,1
H4,704,2017,842959,      0.00,      0.00,      0.00,      0.00,0,1,0,0,1,1
H4,704,2017,843010,      0.00,      0.00,      0.00,      0.00,0,1,0,0,1,1
H4,704,2017,843020,      0.00,      0.00,      0.00,      0.00,0,1,0,0,1,1
H4,704,2017,843031,      0.00,      0.00,      0.00,      0.00,0,1,0,0,1,1
H4,704,2017,843039,      0.00,      0.00,      0.00,      0.00,0,1,0,0,1,1
H4,704,2017,843041,      0.00,      0.00,      0.00,      0.00,0,1,0,0,1,1
H4,704,2017,843049,      0.00,      0.00,      0.00,      0.00,0,2,0,0,2,2
H4,704,2017,843050,      0.00,      0.00,      0.00,      0.00,0,1,0,0,1,1
H4,704,2017,843061,      0.00,      0.00,      0.00,      0.00,0,1,0,0,1,1
H4,704,2017,843069,      0.00,      0.00,      0.00,      0.00,0,1,0,0,1,1
H4,704,2017,843110,      0.00,      0.00,      0.00,      0.00,0,4,0,0,4,4
H4,704,2017,843120,      0.00,      0.00,      0.00,      0.00,0,1,0,0,1,1
H4,704,2017,843131,      0.00,      0.00,      0.00,      0.00,0,2,0,0,2,2
H4,704,2017,843139,      0.00,      0.00,      0.00,      0.00,0,4,0,0,4,4
H4,704,2017,843141,     10.00,      5.00,      5.00,      5.00,0,0,0,2,2,2
H4,704,2017,843142,      5.00,      5.00,      5.00,      5.00,0,0,0,1,1,1
H4,704,2017,843143,      0.00,      0.00,      0.00,      0.00,0,1,0,0,1,1
H4,704,2017,843149,      0.00,      0.00,      0.00,      0.00,0,6,0,0,6,6
H4,704,2017,843210,     20.00,     20.00,     20.00,     20.00,0,0,0,1,1,1
H4,704,2017,843221,     20.00,     20.00,     20.00,     20.00,0,0,0,1,1,1
H4,704,2017,843229,     20.00,     20.00,     20.00,     20.00,0,0,0,1,1,1
H4,704,2017,843230,      5.00,      5.00,      5.00,      5.00,0,0,0,1,1,1
H4,704,2017,843240,      5.00,      5.00,      5.00,      5.00,0,0,0,1,1,1
H4,704,2017,843280,     15.00,      5.00,      5.00,      5.00,0,0,0,3,3,3
H4,704,2017,843290,      0.00,      0.00,      0.00,      0.00,0,3,0,0,3,3
H4,704,2017,843311,      5.00,      5.00,      5.00,      5.00,0,0,0,1,1,1
H4,704,2017,843319,     10.00,      5.00,      5.00,      5.00,0,0,0,2,2,2
H4,704,2017,843320,      5.00,      5.00,      5.00,      5.00,0,0,0,1,1,1
H4,704,2017,843330,      5.00,      5.00,      5.00,      5.00,0,0,0,1,1,1
H4,704,2017,843340,      5.00,      5.00,      5.00,      5.00,0,0,0,1,1,1
H4,704,2017,843351,      5.00,      5.00,      5.00,      5.00,0,0,0,1,1,1
H4,704,2017,843352,      5.00,      5.00,      5.00,      5.00,0,0,0,1,1,1
H4,704,2017,843353,      5.00,      5.00,      5.00,      5.00,0,0,0,1,1,1
H4,704,2017,843359,     10.00,      5.00,      5.00,      5.00,0,0,0,2,2,2
H4,704,2017,843360,      0.00,      0.00,      0.00,      0.00,0,2,0,0,2,2
H4,704,2017,843390,      0.00,      0.00,      0.00,      0.00,0,4,0,0,4,4
H4,704,2017,843410,      0.00,      0.00,      0.00,      0.00,0,2,0,0,2,2
H4,704,2017,843420,      0.00,      0.00,      0.00,      0.00,0,2,0,0,2,2
H4,704,2017,843490,      0.00,      0.00,      0.00,      0.00,0,2,0,0,2,2
H4,704,2017,843510,      0.00,      0.00,      0.00,      0.00,0,2,0,0,2,2
H4,704,2017,843590,      0.00,      0.00,      0.00,      0.00,0,2,0,0,2,2
H4,704,2017,843610,     40.00,     20.00,     20.00,     20.00,0,0,0,2,2,2
H4,704,2017,843621,      6.00,      3.00,      3.00,      3.00,0,0,0,2,2,2
H4,704,2017,843629,      6.00,      3.00,      3.00,      3.00,0,0,0,2,2,2
H4,704,2017,843680,     12.00,      3.00,      3.00,      3.00,0,0,0,4,4,4
H4,704,2017,843691,      0.00,      0.00,      0.00,      0.00,0,2,0,0,2,2
H4,704,2017,843699,      0.00,      0.00,      0.00,      0.00,0,4,0,0,4,4
H4,704,2017,843710,     15.00,      5.00,      5.00,      5.00,0,0,0,3,3,3
H4,704,2017,843780,    160.00,     20.00,     20.00,     20.00,0,0,0,8,8,8
H4,704,2017,843790,      0.00,      0.00,      0.00,      0.00,0,4,0,0,4,4
H4,704,2017,843810,      6.00,      3.00,      3.00,      3.00,0,0,0,2,2,2
H4,704,2017,843820,      6.00,      3.00,      3.00,      3.00,0,0,0,2,2,2
H4,704,2017,843830,      6.00,      3.00,      3.00,      3.00,0,0,0,2,2,2
H4,704,2017,843840,      5.00,      5.00,      5.00,      5.00,0,0,0,1,1,1
H4,704,2017,843850,      0.00,      0.00,      0.00,      0.00,0,2,0,0,2,2
H4,704,2017,843860,      0.00,      0.00,      0.00,      0.00,0,2,0,0,2,2
H4,704,2017,843880,      7.00,      0.00,      5.00,      1.75,0,2,0,2,4,4
H4,704,2017,843890,      0.00,      0.00,      0.00,      0.00,0,6,0,0,6,6
H4,704,2017,843910,      0.00,      0.00,      0.00,      0.00,0,1,0,0,1,1
H4,704,2017,843920,      5.00,      5.00,      5.00,      5.00,0,0,0,1,1,1
H4,704,2017,843930,      0.00,      0.00,      0.00,      0.00,0,1,0,0,1,1
H4,704,2017,843991,      0.00,      0.00,      0.00,      0.00,0,1,0,0,1,1
H4,704,2017,843999,      0.00,      0.00,      0.00,      0.00,0,1,0,0,1,1
H4,704,2017,844010,      0.00,      0.00,      0.00,      0.00,0,2,0,0,2,2
H4,704,2017,844090,      0.00,      0.00,      0.00,      0.00,0,2,0,0,2,2
H4,704,2017,844110,      0.00,      0.00,      0.00,      0.00,0,2,0,0,2,2
H4,704,2017,844120,      0.00,      0.00,      0.00,      0.00,0,2,0,0,2,2
H4,704,2017,844130,      0.00,      0.00,      0.00,      0.00,0,2,0,0,2,2
H4,704,2017,844140,      0.00,      0.00,      0.00,      0.00,0,2,0,0,2,2
H4,704,2017,844180,      0.00,      0.00,      0.00,      0.00,0,2,0,0,2,2
H4,704,2017,844190,      0.00,      0.00,      0.00,      0.00,0,2,0,0,2,2
H4,704,2017,844230,      0.00,      0.00,      0.00,      0.00,0,2,0,0,2,2
H4,704,2017,844240,      0.00,      0.00,      0.00,      0.00,0,2,0,0,2,2
H4,704,2017,844250,      0.00,      0.00,      0.00,      0.00,0,1,0,0,1,1
H4,704,2017,844311,      0.00,      0.00,      0.00,      0.00,0,1,0,0,1,1
H4,704,2017,844312,      0.00,      0.00,      0.00,      0.00,0,1,0,0,1,1
H4,704,2017,844313,      2.00,      2.00,      2.00,      2.00,0,0,0,1,1,1
H4,704,2017,844314,      2.00,      2.00,      2.00,      2.00,0,0,0,1,1,1
H4,704,2017,844315,      2.00,      2.00,      2.00,      2.00,0,0,0,1,1,1
H4,704,2017,844316,      2.00,      2.00,      2.00,      2.00,0,0,0,1,1,1
H4,704,2017,844317,      2.00,      2.00,      2.00,      2.00,0,0,0,1,1,1
H4,704,2017,844319,      0.00,      0.00,      0.00,      0.00,0,1,0,0,1,1
H4,704,2017,844331,      0.00,      0.00,      0.00,      0.00,0,4,0,0,4,4
H4,704,2017,844332,      0.00,      0.00,      0.00,      0.00,0,7,0,0,7,7
H4,704,2017,844339,     20.00,      0.00,     10.00,      3.33,0,3,0,3,6,6
H4,704,2017,844391,      0.00,      0.00,      0.00,      0.00,0,1,0,0,1,1
H4,704,2017,844399,      0.00,      0.00,      0.00,      0.00,0,4,0,0,4,4
H4,704,2017,844400,      0.00,      0.00,      0.00,      0.00,0,2,0,0,2,2
H4,704,2017,844511,      0.00,      0.00,      0.00,      0.00,0,2,0,0,2,2
H4,704,2017,844512,      0.00,      0.00,      0.00,      0.00,0,2,0,0,2,2
H4,704,2017,844513,      0.00,      0.00,      0.00,      0.00,0,2,0,0,2,2
H4,704,2017,844519,      0.00,      0.00,      0.00,      0.00,0,2,0,0,2,2
H4,704,2017,844520,      0.00,      0.00,      0.00,      0.00,0,2,0,0,2,2
H4,704,2017,844530,      0.00,      0.00,      0.00,      0.00,0,2,0,0,2,2
H4,704,2017,844540,      0.00,      0.00,      0.00,      0.00,0,2,0,0,2,2
H4,704,2017,844590,      0.00,      0.00,      0.00,      0.00,0,2,0,0,2,2
H4,704,2017,844610,      0.00,      0.00,      0.00,      0.00,0,2,0,0,2,2
H4,704,2017,844621,      0.00,      0.00,      0.00,      0.00,0,1,0,0,1,1
H4,704,2017,844629,      0.00,      0.00,      0.00,      0.00,0,1,0,0,1,1
H4,704,2017,844630,      0.00,      0.00,      0.00,      0.00,0,1,0,0,1,1
H4,704,2017,844711,      0.00,      0.00,      0.00,      0.00,0,2,0,0,2,2
H4,704,2017,844712,      0.00,      0.00,      0.00,      0.00,0,2,0,0,2,2
H4,704,2017,844720,      0.00,      0.00,      0.00,      0.00,0,2,0,0,2,2
H4,704,2017,844790,      0.00,      0.00,      0.00,      0.00,0,2,0,0,2,2
H4,704,2017,844811,      0.00,      0.00,      0.00,      0.00,0,2,0,0,2,2
H4,704,2017,844819,      0.00,      0.00,      0.00,      0.00,0,2,0,0,2,2
H4,704,2017,844820,      0.00,      0.00,      0.00,      0.00,0,1,0,0,1,1
H4,704,2017,844831,      0.00,      0.00,      0.00,      0.00,0,1,0,0,1,1
H4,704,2017,844832,      0.00,      0.00,      0.00,      0.00,0,1,0,0,1,1
H4,704,2017,844833,      0.00,      0.00,      0.00,      0.00,0,1,0,0,1,1
H4,704,2017,844839,      0.00,      0.00,      0.00,      0.00,0,1,0,0,1,1
H4,704,2017,844842,      0.00,      0.00,      0.00,      0.00,0,1,0,0,1,1
H4,704,2017,844849,      0.00,      0.00,      0.00,      0.00,0,3,0,0,3,3
H4,704,2017,844851,      0.00,      0.00,      0.00,      0.00,0,1,0,0,1,1
H4,704,2017,844859,      2.00,      2.00,      2.00,      2.00,0,0,0,1,1,1
H4,704,2017,844900,      0.00,      0.00,      0.00,      0.00,0,2,0,0,2,2
H4,704,2017,845011,     50.00,     25.00,     25.00,     25.00,0,0,0,2,2,2
H4,704,2017,845012,     25.00,     25.00,     25.00,     25.00,0,0,0,1,1,1
H4,704,2017,845019,     50.00,     25.00,     25.00,     25.00,0,0,0,2,2,2
H4,704,2017,845020,     25.00,     25.00,     25.00,     25.00,0,0,0,1,1,1
H4,704,2017,845090,     10.00,      5.00,      5.00,      5.00,0,0,0,2,2,2
H4,704,2017,845110,      0.00,      0.00,      0.00,      0.00,0,1,0,0,1,1
H4,704,2017,845121,     15.00,     15.00,     15.00,     15.00,0,0,0,1,1,1
H4,704,2017,845129,      3.00,      3.00,      3.00,      3.00,0,0,0,1,1,1
H4,704,2017,845130,      0.00,      0.00,      0.00,      0.00,0,2,0,0,2,2
H4,704,2017,845140,      0.00,      0.00,      0.00,      0.00,0,1,0,0,1,1
H4,704,2017,845150,      0.00,      0.00,      0.00,      0.00,0,1,0,0,1,1
H4,704,2017,845180,      0.00,      0.00,      0.00,      0.00,0,1,0,0,1,1
H4,704,2017,845190,      6.00,      0.00,      3.00,      2.00,0,1,0,2,3,3
H4,704,2017,845210,     25.00,     25.00,     25.00,     25.00,0,0,0,1,1,1
H4,704,2017,845221,      0.00,      0.00,      0.00,      0.00,0,1,0,0,1,1
H4,704,2017,845229,      0.00,      0.00,      0.00,      0.00,0,1,0,0,1,1
H4,704,2017,845230,     10.00,     10.00,     10.00,     10.00,0,0,0,1,1,1
H4,704,2017,845290,     75.00,      0.00,     25.00,     12.50,0,3,0,3,6,6
H4,704,2017,845310,      0.00,      0.00,      0.00,      0.00,0,2,0,0,2,2
H4,704,2017,845320,      0.00,      0.00,      0.00,      0.00,0,2,0,0,2,2
H4,704,2017,845380,      0.00,      0.00,      0.00,      0.00,0,2,0,0,2,2
H4,704,2017,845390,      0.00,      0.00,      0.00,      0.00,0,1,0,0,1,1
H4,704,2017,845410,      0.00,      0.00,      0.00,      0.00,0,1,0,0,1,1
H4,704,2017,845420,      5.00,      5.00,      5.00,      5.00,0,0,0,1,1,1
H4,704,2017,845430,      0.00,      0.00,      0.00,      0.00,0,1,0,0,1,1
H4,704,2017,845490,      0.00,      0.00,      0.00,      0.00,0,1,0,0,1,1
H4,704,2017,845510,      2.00,      2.00,      2.00,      2.00,0,0,0,1,1,1
H4,704,2017,845521,      2.00,      2.00,      2.00,      2.00,0,0,0,1,1,1
H4,704,2017,845522,      2.00,      2.00,      2.00,      2.00,0,0,0,1,1,1
H4,704,2017,845530,      0.00,      0.00,      0.00,      0.00,0,1,0,0,1,1
H4,704,2017,845590,      0.00,      0.00,      0.00,      0.00,0,1,0,0,1,1
H4,704,2017,845610,      0.00,      0.00,      0.00,      0.00,0,1,0,0,1,1
H4,704,2017,845620,      0.00,      0.00,      0.00,      0.00,0,1,0,0,1,1
H4,704,2017,845630,      0.00,      0.00,      0.00,      0.00,0,1,0,0,1,1
H4,704,2017,845690,      0.00,      0.00,      0.00,      0.00,0,3,0,0,3,3
H4,704,2017,845710,      0.00,      0.00,      0.00,      0.00,0,1,0,0,1,1
H4,704,2017,845720,      0.00,      0.00,      0.00,      0.00,0,1,0,0,1,1
H4,704,2017,845730,      0.00,      0.00,      0.00,      0.00,0,1,0,0,1,1
H4,704,2017,845811,      0.00,      0.00,      0.00,      0.00,0,1,0,0,1,1
H4,704,2017,845819,     17.00,      2.00,     15.00,      8.50,0,0,0,2,2,2
H4,704,2017,845891,      0.00,      0.00,      0.00,      0.00,0,1,0,0,1,1
H4,704,2017,845899,     17.00,      2.00,     15.00,      8.50,0,0,0,2,2,2
H4,704,2017,845910,      0.00,      0.00,      0.00,      0.00,0,2,0,0,2,2
H4,704,2017,845921,      0.00,      0.00,      0.00,      0.00,0,1,0,0,1,1
H4,704,2017,845929,      4.00,      2.00,      2.00,      2.00,0,0,0,2,2,2
H4,704,2017,845931,      0.00,      0.00,      0.00,      0.00,0,1,0,0,1,1
H4,704,2017,845939,      0.00,      0.00,      0.00,      0.00,0,2,0,0,2,2
H4,704,2017,845940,      0.00,      0.00,      0.00,      0.00,0,2,0,0,2,2
H4,704,2017,845951,      0.00,      0.00,      0.00,      0.00,0,1,0,0,1,1
H4,704,2017,845959,      0.00,      0.00,      0.00,      0.00,0,2,0,0,2,2
H4,704,2017,845961,      0.00,      0.00,      0.00,      0.00,0,1,0,0,1,1
H4,704,2017,845969,      0.00,      0.00,      0.00,      0.00,0,2,0,0,2,2
H4,704,2017,845970,      0.00,      0.00,      0.00,      0.00,0,2,0,0,2,2
H4,704,2017,846011,      0.00,      0.00,      0.00,      0.00,0,1,0,0,1,1
H4,704,2017,846019,      0.00,      0.00,      0.00,      0.00,0,2,0,0,2,2
H4,704,2017,846021,      0.00,      0.00,      0.00,      0.00,0,1,0,0,1,1
H4,704,2017,846029,      0.00,      0.00,      0.00,      0.00,0,2,0,0,2,2
H4,704,2017,846031,      0.00,      0.00,      0.00,      0.00,0,2,0,0,2,2
H4,704,2017,846039,      0.00,      0.00,      0.00,      0.00,0,2,0,0,2,2
H4,704,2017,846040,      0.00,      0.00,      0.00,      0.00,0,2,0,0,2,2
H4,704,2017,846090,      4.00,      2.00,      2.00,      2.00,0,0,0,2,2,2
H4,704,2017,846120,     10.00,      5.00,      5.00,      5.00,0,0,0,2,2,2
H4,704,2017,846130,      0.00,      0.00,      0.00,      0.00,0,2,0,0,2,2
H4,704,2017,846140,      0.00,      0.00,      0.00,      0.00,0,2,0,0,2,2
H4,704,2017,846150,     10.00,      5.00,      5.00,      5.00,0,0,0,2,2,2
H4,704,2017,846190,     10.00,      0.00,      5.00,      2.50,0,2,0,2,4,4
H4,704,2017,846210,      4.00,      2.00,      2.00,      2.00,0,0,0,2,2,2
H4,704,2017,846221,      0.00,      0.00,      0.00,      0.00,0,1,0,0,1,1
H4,704,2017,846229,      0.00,      0.00,      0.00,      0.00,0,2,0,0,2,2
H4,704,2017,846231,      0.00,      0.00,      0.00,      0.00,0,1,0,0,1,1
H4,704,2017,846239,      0.00,      0.00,      0.00,      0.00,0,2,0,0,2,2
H4,704,2017,846241,      0.00,      0.00,      0.00,      0.00,0,1,0,0,1,1
H4,704,2017,846249,      0.00,      0.00,      0.00,      0.00,0,2,0,0,2,2
H4,704,2017,846291,      0.00,      0.00,      0.00,      0.00,0,1,0,0,1,1
H4,704,2017,846299,      0.00,      0.00,      0.00,      0.00,0,4,0,0,4,4
H4,704,2017,846310,      0.00,      0.00,      0.00,      0.00,0,2,0,0,2,2
H4,704,2017,846320,      0.00,      0.00,      0.00,      0.00,0,2,0,0,2,2
H4,704,2017,846330,      0.00,      0.00,      0.00,      0.00,0,2,0,0,2,2
H4,704,2017,846390,      0.00,      0.00,      0.00,      0.00,0,2,0,0,2,2
H4,704,2017,846410,      0.00,      0.00,      0.00,      0.00,0,2,0,0,2,2
H4,704,2017,846420,      0.00,      0.00,      0.00,      0.00,0,2,0,0,2,2
H4,704,2017,846490,      0.00,      0.00,      0.00,      0.00,0,2,0,0,2,2
H4,704,2017,846510,      0.00,      0.00,      0.00,      0.00,0,1,0,0,1,1
H4,704,2017,846591,      9.00,      3.00,      3.00,      3.00,0,0,0,3,3,3
H4,704,2017,846592,      9.00,      3.00,      3.00,      3.00,0,0,0,3,3,3
H4,704,2017,846593,      3.00,      0.00,      3.00,      1.50,0,1,0,1,2,2
H4,704,2017,846594,      6.00,      3.00,      3.00,      3.00,0,0,0,2,2,2
H4,704,2017,846595,      9.00,      3.00,      3.00,      3.00,0,0,0,3,3,3
H4,704,2017,846596,      6.00,      3.00,      3.00,      3.00,0,0,0,2,2,2
H4,704,2017,846599,     15.00,      3.00,      3.00,      3.00,0,0,0,5,5,5
H4,704,2017,846610,      0.00,      0.00,      0.00,      0.00,0,2,0,0,2,2
H4,704,2017,846620,      0.00,      0.00,      0.00,      0.00,0,2,0,0,2,2
H4,704,2017,846630,      0.00,      0.00,      0.00,      0.00,0,2,0,0,2,2
H4,704,2017,846691,      0.00,      0.00,      0.00,      0.00,0,1,0,0,1,1
H4,704,2017,846692,      0.00,      0.00,      0.00,      0.00,0,2,0,0,2,2
H4,704,2017,846693,      0.00,      0.00,      0.00,      0.00,0,2,0,0,2,2
H4,704,2017,846694,      0.00,      0.00,      0.00,      0.00,0,1,0,0,1,1
H4,704,2017,846711,      0.00,      0.00,      0.00,      0.00,0,1,0,0,1,1
H4,704,2017,846719,      0.00,      0.00,      0.00,      0.00,0,1,0,0,1,1
H4,704,2017,846721,     10.00,     10.00,     10.00,     10.00,0,0,0,1,1,1
H4,704,2017,846722,     10.00,     10.00,     10.00,     10.00,0,0,0,1,1,1
H4,704,2017,846729,     10.00,     10.00,     10.00,     10.00,0,0,0,1,1,1
H4,704,2017,846781,      0.00,      0.00,      0.00,      0.00,0,1,0,0,1,1
H4,704,2017,846789,      0.00,      0.00,      0.00,      0.00,0,1,0,0,1,1
H4,704,2017,846791,      0.00,      0.00,      0.00,      0.00,0,2,0,0,2,2
H4,704,2017,846792,      0.00,      0.00,      0.00,      0.00,0,1,0,0,1,1
H4,704,2017,846799,     10.00,      5.00,      5.00,      5.00,0,0,0,2,2,2
H4,704,2017,846810,      0.00,      0.00,      0.00,      0.00,0,1,0,0,1,1
H4,704,2017,846820,      0.00,      0.00,      0.00,      0.00,0,2,0,0,2,2
H4,704,2017,846880,      0.00,      0.00,      0.00,      0.00,0,1,0,0,1,1
H4,704,2017,846890,      0.00,      0.00,      0.00,      0.00,0,3,0,0,3,3
H4,704,2017,846900,      0.00,      0.00,      0.00,      0.00,0,2,0,0,2,2
H4,704,2017,847010,      0.00,      0.00,      0.00,      0.00,0,1,0,0,1,1
H4,704,2017,847021,      0.00,      0.00,      0.00,      0.00,0,1,0,0,1,1
H4,704,2017,847029,      0.00,      0.00,      0.00,      0.00,0,1,0,0,1,1
H4,704,2017,847030,      0.00,      0.00,      0.00,      0.00,0,1,0,0,1,1
H4,704,2017,847050,      0.00,      0.00,      0.00,      0.00,0,1,0,0,1,1
H4,704,2017,847090,      0.00,      0.00,      0.00,      0.00,0,3,0,0,3,3
H4,704,2017,847130,      0.00,      0.00,      0.00,      0.00,0,3,0,0,3,3
H4,704,2017,847141,      0.00,      0.00,      0.00,      0.00,0,2,0,0,2,2
H4,704,2017,847149,      0.00,      0.00,      0.00,      0.00,0,2,0,0,2,2
H4,704,2017,847150,      0.00,      0.00,      0.00,      0.00,0,2,0,0,2,2
H4,704,2017,847160,      0.00,      0.00,      0.00,      0.00,0,3,0,0,3,3
H4,704,2017,847170,      0.00,      0.00,      0.00,      0.00,0,7,0,0,7,7
H4,704,2017,847180,      0.00,      0.00,      0.00,      0.00,0,3,0,0,3,3
H4,704,2017,847190,      0.00,      0.00,      0.00,      0.00,0,3,0,0,3,3
H4,704,2017,847210,      6.00,      3.00,      3.00,      3.00,0,0,0,2,2,2
H4,704,2017,847230,      6.00,      3.00,      3.00,      3.00,0,0,0,2,2,2
H4,704,2017,847290,      9.00,      0.00,      3.00,      2.25,0,1,0,3,4,4
H4,704,2017,847310,      0.00,      0.00,      0.00,      0.00,0,2,0,0,2,2
H4,704,2017,847321,      0.00,      0.00,      0.00,      0.00,0,1,0,0,1,1
H4,704,2017,847329,      0.00,      0.00,      0.00,      0.00,0,1,0,0,1,1
H4,704,2017,847330,      0.00,      0.00,      0.00,      0.00,0,2,0,0,2,2
H4,704,2017,847340,      0.00,      0.00,      0.00,      0.00,0,3,0,0,3,3
H4,704,2017,847350,      0.00,      0.00,      0.00,      0.00,0,3,0,0,3,3
H4,704,2017,847410,      4.00,      2.00,      2.00,      2.00,0,0,0,2,2,2
H4,704,2017,847420,      8.00,      2.00,      2.00,      2.00,0,0,0,4,4,4
H4,704,2017,847431,      4.00,      2.00,      2.00,      2.00,0,0,0,2,2,2
H4,704,2017,847432,     12.00,      0.00,      5.00,      3.00,0,1,0,3,4,4
H4,704,2017,847439,      4.00,      2.00,      2.00,      2.00,0,0,0,2,2,2
H4,704,2017,847480,      4.00,      2.00,      2.00,      2.00,0,0,0,2,2,2
H4,704,2017,847490,      0.00,      0.00,      0.00,      0.00,0,2,0,0,2,2
H4,704,2017,847510,      0.00,      0.00,      0.00,      0.00,0,2,0,0,2,2
H4,704,2017,847521,      0.00,      0.00,      0.00,      0.00,0,1,0,0,1,1
H4,704,2017,847529,      0.00,      0.00,      0.00,      0.00,0,1,0,0,1,1
H4,704,2017,847590,      0.00,      0.00,      0.00,      0.00,0,2,0,0,2,2
H4,704,2017,847621,      0.00,      0.00,      0.00,      0.00,0,1,0,0,1,1
H4,704,2017,847629,      0.00,      0.00,      0.00,      0.00,0,1,0,0,1,1
H4,704,2017,847681,      0.00,      0.00,      0.00,      0.00,0,1,0,0,1,1
H4,704,2017,847689,      0.00,      0.00,      0.00,      0.00,0,1,0,0,1,1
H4,704,2017,847690,      0.00,      0.00,      0.00,      0.00,0,1,0,0,1,1
H4,704,2017,847710,      0.00,      0.00,      0.00,      0.00,0,3,0,0,3,3
H4,704,2017,847720,      0.00,      0.00,      0.00,      0.00,0,2,0,0,2,2
H4,704,2017,847730,      0.00,      0.00,      0.00,      0.00,0,1,0,0,1,1
H4,704,2017,847740,      0.00,      0.00,      0.00,      0.00,0,2,0,0,2,2
H4,704,2017,847751,      0.00,      0.00,      0.00,      0.00,0,1,0,0,1,1
H4,704,2017,847759,      0.00,      0.00,      0.00,      0.00,0,2,0,0,2,2
H4,704,2017,847780,      0.00,      0.00,      0.00,      0.00,0,5,0,0,5,5
H4,704,2017,847790,      0.00,      0.00,      0.00,      0.00,0,5,0,0,5,5
H4,704,2017,847810,      0.00,      0.00,      0.00,      0.00,0,2,0,0,2,2
H4,704,2017,847890,      0.00,      0.00,      0.00,      0.00,0,2,0,0,2,2
H4,704,2017,847910,      0.00,      0.00,      0.00,      0.00,0,2,0,0,2,2
H4,704,2017,847920,      2.00,      0.00,      2.00,      1.00,0,1,0,1,2,2
H4,704,2017,847930,      4.00,      2.00,      2.00,      2.00,0,0,0,2,2,2
H4,704,2017,847940,      0.00,      0.00,      0.00,      0.00,0,2,0,0,2,2
H4,704,2017,847950,      0.00,      0.00,      0.00,      0.00,0,1,0,0,1,1
H4,704,2017,847960,      0.00,      0.00,      0.00,      0.00,0,1,0,0,1,1
H4,704,2017,847971,      0.00,      0.00,      0.00,      0.00,0,1,0,0,1,1
H4,704,2017,847979,      0.00,      0.00,      0.00,      0.00,0,1,0,0,1,1
H4,704,2017,847981,      0.00,      0.00,      0.00,      0.00,0,2,0,0,2,2
H4,704,2017,847982,      0.00,      0.00,      0.00,      0.00,0,2,0,0,2,2
H4,704,2017,847989,      0.00,      0.00,      0.00,      0.00,0,3,0,0,3,3
H4,704,2017,847990,      0.00,      0.00,      0.00,      0.00,0,3,0,0,3,3
H4,704,2017,848010,      2.00,      2.00,      2.00,      2.00,0,0,0,1,1,1
H4,704,2017,848020,      0.00,      0.00,      0.00,      0.00,0,1,0,0,1,1
H4,704,2017,848030,      0.00,      0.00,      0.00,      0.00,0,2,0,0,2,2
H4,704,2017,848041,      0.00,      0.00,      0.00,      0.00,0,1,0,0,1,1
H4,704,2017,848049,      2.00,      2.00,      2.00,      2.00,0,0,0,1,1,1
H4,704,2017,848050,      0.00,      0.00,      0.00,      0.00,0,1,0,0,1,1
H4,704,2017,848060,      5.00,      5.00,      5.00,      5.00,0,0,0,1,1,1
H4,704,2017,848071,      3.00,      0.00,      3.00,      1.50,0,1,0,1,2,2
H4,704,2017,848079,      3.00,      0.00,      3.00,      1.50,0,1,0,1,2,2
H4,704,2017,848110,     20.00,      3.00,      5.00,      3.33,0,0,0,6,6,6
H4,704,2017,848120,      5.00,      0.00,      5.00,      1.67,0,2,0,1,3,3
H4,704,2017,848130,      2.00,      0.00,      2.00,      0.50,0,3,0,1,4,4
H4,704,2017,848140,     15.00,      5.00,      5.00,      5.00,0,0,0,3,3,3
H4,704,2017,848180,    296.00,      3.00,     20.00,      8.71,0,0,0,34,34,34
H4,704,2017,848190,     28.00,      0.00,     10.00,      2.80,0,3,0,7,10,10
H4,704,2017,848210,      3.00,      3.00,      3.00,      3.00,0,0,0,1,1,1
H4,704,2017,848220,      3.00,      3.00,      3.00,      3.00,0,0,0,1,1,1
H4,704,2017,848230,      3.00,      3.00,      3.00,      3.00,0,0,0,1,1,1
H4,704,2017,848240,      3.00,      3.00,      3.00,      3.00,0,0,0,1,1,1
H4,704,2017,848250,      3.00,      3.00,      3.00,      3.00,0,0,0,1,1,1
H4,704,2017,848280,      3.00,      3.00,      3.00,      3.00,0,0,0,1,1,1
H4,704,2017,848291,      0.00,      0.00,      0.00,      0.00,0,1,0,0,1,1
H4,704,2017,848299,      0.00,      0.00,      0.00,      0.00,0,1,0,0,1,1
H4,704,2017,848310,    113.00,      0.00,     20.00,     14.13,0,1,0,7,8,8
H4,704,2017,848320,     10.00,      0.00,     10.00,      3.33,0,2,0,1,3,3
H4,704,2017,848330,     10.00,      0.00,     10.00,      3.33,0,2,0,1,3,3
H4,704,2017,848340,     45.00,     10.00,     15.00,     11.25,0,0,0,4,4,4
H4,704,2017,848350,     10.00,     10.00,     10.00,     10.00,0,0,0,1,1,1
H4,704,2017,848360,      0.00,      0.00,      0.00,      0.00,0,1,0,0,1,1
H4,704,2017,848390,     90.00,      5.00,     10.00,      9.00,0,0,0,10,10,10
H4,704,2017,848410,      3.00,      3.00,      3.00,      3.00,0,0,0,1,1,1
H4,704,2017,848420,      3.00,      3.00,      3.00,      3.00,0,0,0,1,1,1
H4,704,2017,848490,      3.00,      3.00,      3.00,      3.00,0,0,0,1,1,1
H4,704,2017,848610,      0.00,      0.00,      0.00,      0.00,0,7,0,0,7,7
H4,704,2017,848620,      0.00,      0.00,      0.00,      0.00,0,21,0,0,21,21
H4,704,2017,848630,      0.00,      0.00,      0.00,      0.00,0,4,0,0,4,4
H4,704,2017,848640,      0.00,      0.00,      0.00,      0.00,0,8,0,0,8,8
H4,704,2017,848690,      0.00,      0.00,      0.00,      0.00,0,31,0,0,31,31
H4,704,2017,848710,      0.00,      0.00,      0.00,      0.00,0,1,0,0,1,1
H4,704,2017,848790,      0.00,      0.00,      0.00,      0.00,0,1,0,0,1,1
H4,704,2017,850110,    132.00,      3.00,     25.00,     13.20,0,0,0,10,10,10
H4,704,2017,850120,     36.00,      3.00,     15.00,      9.00,0,0,0,4,4,4
H4,704,2017,850131,     43.00,      3.00,     20.00,     14.33,0,0,0,3,3,3
H4,704,2017,850132,     36.00,      3.00,     10.00,      6.00,0,0,0,6,6,6
H4,704,2017,850133,      0.00,      0.00,      0.00,      0.00,0,1,0,0,1,1
H4,704,2017,850134,      0.00,      0.00,      0.00,      0.00,0,1,0,0,1,1
H4,704,2017,850140,     46.00,      3.00,     20.00,     11.50,0,0,0,4,4,4
H4,704,2017,850151,     18.00,      3.00,     15.00,      9.00,0,0,0,2,2,2
H4,704,2017,850152,     26.00,      0.00,     10.00,      4.33,0,2,0,4,6,6
H4,704,2017,850153,      0.00,      0.00,      0.00,      0.00,0,1,0,0,1,1
H4,704,2017,850161,     40.00,     20.00,     20.00,     20.00,0,0,0,2,2,2
H4,704,2017,850162,     14.00,      7.00,      7.00,      7.00,0,0,0,2,2,2
H4,704,2017,850163,      0.00,      0.00,      0.00,      0.00,0,1,0,0,1,1
H4,704,2017,850164,      0.00,      0.00,      0.00,      0.00,0,1,0,0,1,1
H4,704,2017,850211,     15.00,     15.00,     15.00,     15.00,0,0,0,1,1,1
H4,704,2017,850212,     20.00,     10.00,     10.00,     10.00,0,0,0,2,2,2
H4,704,2017,850213,     10.00,      5.00,      5.00,      5.00,0,0,0,2,2,2
H4,704,2017,850220,     60.00,     10.00,     20.00,     12.00,0,0,0,5,5,5
H4,704,2017,850231,      0.00,      0.00,      0.00,      0.00,0,2,0,0,2,2
H4,704,2017,850239,      0.00,      0.00,      0.00,      0.00,0,4,0,0,4,4
H4,704,2017,850240,      0.00,      0.00,      0.00,      0.00,0,1,0,0,1,1
H4,704,2017,850300,     10.00,      5.00,      5.00,      5.00,0,0,0,2,2,2
H4,704,2017,850410,     15.00,     15.00,     15.00,     15.00,0,0,0,1,1,1
H4,704,2017,850421,     20.00,      5.00,      5.00,      5.00,0,0,0,4,4,4
H4,704,2017,850422,     95.00,      5.00,     25.00,     19.00,0,0,0,5,5,5
H4,704,2017,850423,     20.00,      5.00,      5.00,      5.00,0,0,0,4,4,4
H4,704,2017,850431,    178.00,      3.00,     20.00,     12.71,0,0,0,14,14,14
H4,704,2017,850432,     70.00,      0.00,     20.00,      8.75,0,2,0,6,8,8
H4,704,2017,850433,     90.00,     10.00,     20.00,     12.86,0,0,0,7,7,7
H4,704,2017,850434,     80.00,     10.00,     10.00,     10.00,0,0,0,8,8,8
H4,704,2017,850440,      0.00,      0.00,      0.00,      0.00,0,6,0,0,6,6
H4,704,2017,850450,      0.00,      0.00,      0.00,      0.00,0,5,0,0,5,5
H4,704,2017,850490,      5.00,      0.00,      5.00,      0.56,0,8,0,1,9,9
H4,704,2017,850511,      0.00,      0.00,      0.00,      0.00,0,1,0,0,1,1
H4,704,2017,850519,      0.00,      0.00,      0.00,      0.00,0,1,0,0,1,1
H4,704,2017,850520,      0.00,      0.00,      0.00,      0.00,0,1,0,0,1,1
H4,704,2017,850590,      0.00,      0.00,      0.00,      0.00,0,1,0,0,1,1
H4,704,2017,850610,     30.00,      5.00,     25.00,     15.00,0,0,0,2,2,2
H4,704,2017,850630,     20.00,     20.00,     20.00,     20.00,0,0,0,1,1,1
H4,704,2017,850640,     20.00,     20.00,     20.00,     20.00,0,0,0,1,1,1
H4,704,2017,850650,     20.00,     20.00,     20.00,     20.00,0,0,0,1,1,1
H4,704,2017,850660,     25.00,      5.00,     20.00,     12.50,0,0,0,2,2,2
H4,704,2017,850680,     50.00,      5.00,     25.00,     12.50,0,0,0,4,4,4
H4,704,2017,850690,      5.00,      5.00,      5.00,      5.00,0,0,0,1,1,1
H4,704,2017,850710,     90.00,      0.00,     25.00,     18.00,0,1,0,4,5,5
H4,704,2017,850720,     90.00,      0.00,     25.00,     18.00,0,1,0,4,5,5
H4,704,2017,850730,     20.00,      0.00,     20.00,     10.00,0,1,0,1,2,2
H4,704,2017,850740,     20.00,      0.00,     20.00,     10.00,0,1,0,1,2,2
H4,704,2017,850750,      0.00,      0.00,      0.00,      0.00,0,1,0,0,1,1
H4,704,2017,850760,      0.00,      0.00,      0.00,      0.00,0,2,0,0,2,2
H4,704,2017,850780,      0.00,      0.00,      0.00,      0.00,0,3,0,0,3,3
H4,704,2017,850790,     25.00,      0.00,      5.00,      3.57,0,2,0,5,7,7
H4,704,2017,850811,     25.00,     25.00,     25.00,     25.00,0,0,0,1,1,1
H4,704,2017,850819,     25.00,      0.00,     25.00,     12.50,0,1,0,1,2,2
H4,704,2017,850860,      0.00,      0.00,      0.00,      0.00,0,1,0,0,1,1
H4,704,2017,850870,      0.00,      0.00,      0.00,      0.00,0,2,0,0,2,2
H4,704,2017,850940,     25.00,     25.00,     25.00,     25.00,0,0,0,1,1,1
H4,704,2017,850980,     75.00,     25.00,     25.00,     25.00,0,0,0,3,3,3
H4,704,2017,850990,     10.00,      3.00,      7.00,      5.00,0,0,0,2,2,2
H4,704,2017,851010,     20.00,     20.00,     20.00,     20.00,0,0,0,1,1,1
H4,704,2017,851020,     20.00,     20.00,     20.00,     20.00,0,0,0,1,1,1
H4,704,2017,851030,     20.00,     20.00,     20.00,     20.00,0,0,0,1,1,1
H4,704,2017,851090,     20.00,     20.00,     20.00,     20.00,0,0,0,1,1,1
H4,704,2017,851110,     30.00,      0.00,     20.00,     10.00,0,1,0,2,3,3
H4,704,2017,851120,     60.00,      0.00,     20.00,     12.00,0,1,0,4,5,5
H4,704,2017,851130,     60.00,      0.00,     20.00,     12.00,0,1,0,4,5,5
H4,704,2017,851140,    100.00,      0.00,     20.00,     12.50,0,1,0,7,8,8
H4,704,2017,851150,    100.00,      0.00,     20.00,     12.50,0,1,0,7,8,8
H4,704,2017,851180,     30.00,      0.00,     20.00,     10.00,0,1,0,2,3,3
H4,704,2017,851190,      5.00,      0.00,      5.00,      1.67,0,2,0,1,3,3
H4,704,2017,851210,     25.00,     25.00,     25.00,     25.00,0,0,0,1,1,1
H4,704,2017,851220,     75.00,     25.00,     25.00,     25.00,0,0,0,3,3,3
H4,704,2017,851230,     90.00,     20.00,     25.00,     22.50,0,0,0,4,4,4
H4,704,2017,851240,     25.00,     25.00,     25.00,     25.00,0,0,0,1,1,1
H4,704,2017,851290,     35.00,     15.00,     20.00,     17.50,0,0,0,2,2,2
H4,704,2017,851310,     20.00,      0.00,     20.00,      6.67,0,2,0,1,3,3
H4,704,2017,851390,     40.00,      0.00,     20.00,     13.33,0,1,0,2,3,3
H4,704,2017,851410,      0.00,      0.00,      0.00,      0.00,0,1,0,0,1,1
H4,704,2017,851420,      0.00,      0.00,      0.00,      0.00,0,2,0,0,2,2
H4,704,2017,851430,      0.00,      0.00,      0.00,      0.00,0,2,0,0,2,2
H4,704,2017,851440,      0.00,      0.00,      0.00,      0.00,0,1,0,0,1,1
H4,704,2017,851490,      0.00,      0.00,      0.00,      0.00,0,2,0,0,2,2
H4,704,2017,851511,      0.00,      0.00,      0.00,      0.00,0,1,0,0,1,1
H4,704,2017,851519,      0.00,      0.00,      0.00,      0.00,0,2,0,0,2,2
H4,704,2017,851521,      0.00,      0.00,      0.00,      0.00,0,1,0,0,1,1
H4,704,2017,851529,      0.00,      0.00,      0.00,      0.00,0,1,0,0,1,1
H4,704,2017,851531,      0.00,      0.00,      0.00,      0.00,0,1,0,0,1,1
H4,704,2017,851539,      0.00,      0.00,      0.00,      0.00,0,2,0,0,2,2
H4,704,2017,851580,      0.00,      0.00,      0.00,      0.00,0,2,0,0,2,2
H4,704,2017,851590,      0.00,      0.00,      0.00,      0.00,0,3,0,0,3,3
H4,704,2017,851610,     40.00,     20.00,     20.00,     20.00,0,0,0,2,2,2
H4,704,2017,851621,     25.00,     25.00,     25.00,     25.00,0,0,0,1,1,1
H4,704,2017,851629,     25.00,     25.00,     25.00,     25.00,0,0,0,1,1,1
H4,704,2017,851631,     25.00,     25.00,     25.00,     25.00,0,0,0,1,1,1
H4,704,2017,851632,     25.00,     25.00,     25.00,     25.00,0,0,0,1,1,1
H4,704,2017,851633,     25.00,     25.00,     25.00,     25.00,0,0,0,1,1,1
H4,704,2017,851640,     45.00,     20.00,     25.00,     22.50,0,0,0,2,2,2
H4,704,2017,851650,     25.00,     25.00,     25.00,     25.00,0,0,0,1,1,1
H4,704,2017,851660,     40.00,     20.00,     20.00,     20.00,0,0,0,2,2,2
H4,704,2017,851671,     25.00,     25.00,     25.00,     25.00,0,0,0,1,1,1
H4,704,2017,851672,     25.00,     25.00,     25.00,     25.00,0,0,0,1,1,1
H4,704,2017,851679,     45.00,     20.00,     25.00,     22.50,0,0,0,2,2,2
H4,704,2017,851680,     40.00,     10.00,     20.00,     13.33,0,0,0,3,3,3
H4,704,2017,851690,     15.00,      3.00,      3.00,      3.00,0,0,0,5,5,5
H4,704,2017,851711,      0.00,      0.00,      0.00,      0.00,0,1,0,0,1,1
H4,704,2017,851712,      0.00,      0.00,      0.00,      0.00,0,1,0,0,1,1
H4,704,2017,851718,      0.00,      0.00,      0.00,      0.00,0,1,0,0,1,1
H4,704,2017,851761,      0.00,      0.00,      0.00,      0.00,0,1,0,0,1,1
H4,704,2017,851762,     10.00,      0.00,     10.00,      0.63,0,15,0,1,16,16
H4,704,2017,851769,      0.00,      0.00,      0.00,      0.00,0,1,0,0,1,1
H4,704,2017,851770,      8.00,      0.00,      5.00,      0.80,0,8,0,2,10,10
H4,704,2017,851810,     30.00,      0.00,     15.00,     10.00,0,1,0,2,3,3
H4,704,2017,851821,     35.00,     15.00,     20.00,     17.50,0,0,0,2,2,2
H4,704,2017,851822,     35.00,     15.00,     20.00,     17.50,0,0,0,2,2,2
H4,704,2017,851829,     15.00,      0.00,     15.00,      7.50,0,1,0,1,2,2
H4,704,2017,851830,     75.00,      0.00,     15.00,     12.50,0,1,0,5,6,6
H4,704,2017,851840,     37.00,      0.00,     20.00,      9.25,0,1,0,3,4,4
H4,704,2017,851850,     40.00,     10.00,     20.00,     13.33,0,0,0,3,3,3
H4,704,2017,851890,     20.00,      0.00,     10.00,      4.00,0,3,0,2,5,5
H4,704,2017,851920,     50.00,     25.00,     25.00,     25.00,0,0,0,2,2,2
H4,704,2017,851930,     25.00,     25.00,     25.00,     25.00,0,0,0,1,1,1
H4,704,2017,851950,      0.00,      0.00,      0.00,      0.00,0,1,0,0,1,1
H4,704,2017,851981,    225.00,     10.00,     30.00,     18.75,0,0,0,12,12,12
H4,704,2017,851989,     75.00,     10.00,     25.00,     15.00,0,0,0,5,5,5
H4,704,2017,852110,     40.00,     10.00,     30.00,     20.00,0,0,0,2,2,2
H4,704,2017,852190,     90.00,     10.00,     35.00,     22.50,0,0,0,4,4,4
H4,704,2017,852210,      0.00,      0.00,      0.00,      0.00,0,1,0,0,1,1
H4,704,2017,852290,     21.00,      0.00,     10.00,      2.63,0,4,0,4,8,8
H4,704,2017,852321,     20.00,      0.00,     20.00,     10.00,0,1,0,1,2,2
H4,704,2017,852329,    105.00,      0.00,     25.00,      3.39,0,21,0,10,31,31
H4,704,2017,852341,      0.00,      0.00,      0.00,      0.00,0,2,0,0,2,2
H4,704,2017,852349,     70.00,      0.00,     15.00,      7.78,0,4,0,5,9,9
H4,704,2017,852351,     10.00,      0.00,     10.00,      1.67,0,5,0,1,6,6
H4,704,2017,852352,      0.00,      0.00,      0.00,      0.00,0,1,0,0,1,1
H4,704,2017,852359,     10.00,      0.00,     10.00,      1.67,0,5,0,1,6,6
H4,704,2017,852380,     35.00,      0.00,     25.00,      5.83,0,4,0,2,6,6
H4,704,2017,852550,      0.00,      0.00,      0.00,      0.00,0,1,0,0,1,1
H4,704,2017,852560,      0.00,      0.00,      0.00,      0.00,0,1,0,0,1,1
H4,704,2017,852580,     25.00,      0.00,     15.00,      5.00,0,3,0,2,5,5
H4,704,2017,852610,      0.00,      0.00,      0.00,      0.00,0,2,0,0,2,2
H4,704,2017,852691,      0.00,      0.00,      0.00,      0.00,0,2,0,0,2,2
H4,704,2017,852692,      0.00,      0.00,      0.00,      0.00,0,1,0,0,1,1
H4,704,2017,852712,     30.00,     30.00,     30.00,     30.00,0,0,0,1,1,1
H4,704,2017,852713,     60.00,     30.00,     30.00,     30.00,0,0,0,2,2,2
H4,704,2017,852719,    120.00,     30.00,     30.00,     30.00,0,0,0,4,4,4
H4,704,2017,852721,     25.00,     25.00,     25.00,     25.00,0,0,0,1,1,1
H4,704,2017,852729,     25.00,     25.00,     25.00,     25.00,0,0,0,1,1,1
H4,704,2017,852791,     60.00,     30.00,     30.00,     30.00,0,0,0,2,2,2
H4,704,2017,852792,     90.00,     30.00,     30.00,     30.00,0,0,0,3,3,3
H4,704,2017,852799,     90.00,     30.00,     30.00,     30.00,0,0,0,3,3,3
H4,704,2017,852841,      0.00,      0.00,      0.00,      0.00,0,2,0,0,2,2
H4,704,2017,852849,     22.00,     10.00,     12.00,     11.00,0,0,0,2,2,2
H4,704,2017,852851,      0.00,      0.00,      0.00,      0.00,0,3,0,0,3,3
H4,704,2017,852859,     22.00,     10.00,     12.00,     11.00,0,0,0,2,2,2
H4,704,2017,852861,      0.00,      0.00,      0.00,      0.00,0,2,0,0,2,2
H4,704,2017,852869,     10.00,      0.00,     10.00,      5.00,0,1,0,1,2,2
H4,704,2017,852871,     60.00,      0.00,     35.00,     15.00,0,2,0,2,4,4
H4,704,2017,852872,    140.00,     35.00,     35.00,     35.00,0,0,0,4,4,4
H4,704,2017,852873,     25.00,     25.00,     25.00,     25.00,0,0,0,1,1,1
H4,704,2017,852910,     55.00,      0.00,     15.00,      7.86,0,2,0,5,7,7
H4,704,2017,852990,     11.00,      0.00,      5.00,      1.00,0,8,0,3,11,11
H4,704,2017,853010,      0.00,      0.00,      0.00,      0.00,0,1,0,0,1,1
H4,704,2017,853080,      0.00,      0.00,      0.00,      0.00,0,1,0,0,1,1
H4,704,2017,853090,      0.00,      0.00,      0.00,      0.00,0,1,0,0,1,1
H4,704,2017,853110,      0.00,      0.00,      0.00,      0.00,0,4,0,0,4,4
H4,704,2017,853120,      0.00,      0.00,      0.00,      0.00,0,1,0,0,1,1
H4,704,2017,853180,     45.00,      0.00,     20.00,      9.00,0,2,0,3,5,5
H4,704,2017,853190,     20.00,      0.00,     10.00,      5.00,0,2,0,2,4,4
H4,704,2017,853210,      0.00,      0.00,      0.00,      0.00,0,1,0,0,1,1
H4,704,2017,853221,      0.00,      0.00,      0.00,      0.00,0,1,0,0,1,1
H4,704,2017,853222,      0.00,      0.00,      0.00,      0.00,0,1,0,0,1,1
H4,704,2017,853223,      0.00,      0.00,      0.00,      0.00,0,1,0,0,1,1
H4,704,2017,853224,      0.00,      0.00,      0.00,      0.00,0,1,0,0,1,1
H4,704,2017,853225,      0.00,      0.00,      0.00,      0.00,0,1,0,0,1,1
H4,704,2017,853229,      0.00,      0.00,      0.00,      0.00,0,1,0,0,1,1
H4,704,2017,853230,      0.00,      0.00,      0.00,      0.00,0,1,0,0,1,1
H4,704,2017,853290,      0.00,      0.00,      0.00,      0.00,0,1,0,0,1,1
H4,704,2017,853310,      0.00,      0.00,      0.00,      0.00,0,2,0,0,2,2
H4,704,2017,853321,      0.00,      0.00,      0.00,      0.00,0,1,0,0,1,1
H4,704,2017,853329,      0.00,      0.00,      0.00,      0.00,0,1,0,0,1,1
H4,704,2017,853331,      0.00,      0.00,      0.00,      0.00,0,1,0,0,1,1
H4,704,2017,853339,      0.00,      0.00,      0.00,      0.00,0,1,0,0,1,1
H4,704,2017,853340,      0.00,      0.00,      0.00,      0.00,0,1,0,0,1,1
H4,704,2017,853390,      0.00,      0.00,      0.00,      0.00,0,1,0,0,1,1
H4,704,2017,853400,      0.00,      0.00,      0.00,      0.00,0,4,0,0,4,4
H4,704,2017,853510,      0.00,      0.00,      0.00,      0.00,0,1,0,0,1,1
H4,704,2017,853521,     10.00,      5.00,      5.00,      5.00,0,0,0,2,2,2
H4,704,2017,853529,      5.00,      5.00,      5.00,      5.00,0,0,0,1,1,1
H4,704,2017,853530,     20.00,      5.00,      5.00,      5.00,0,0,0,4,4,4
H4,704,2017,853540,      0.00,      0.00,      0.00,      0.00,0,1,0,0,1,1
H4,704,2017,853590,      0.00,      0.00,      0.00,      0.00,0,2,0,0,2,2
H4,704,2017,853610,    190.00,     15.00,     25.00,     23.75,0,0,0,8,8,8
H4,704,2017,853620,     95.00,      0.00,     20.00,     13.57,0,1,0,6,7,7
H4,704,2017,853630,     43.00,      3.00,     25.00,     14.33,0,0,0,3,3,3
H4,704,2017,853641,     43.00,      3.00,     10.00,      8.60,0,0,0,5,5,5
H4,704,2017,853649,      3.00,      0.00,      3.00,      1.50,0,1,0,1,2,2
H4,704,2017,853650,    125.00,      0.00,     15.00,     10.42,0,3,0,9,12,12
H4,704,2017,853661,     55.00,      5.00,     25.00,     18.33,0,0,0,3,3,3
H4,704,2017,853669,    130.00,      0.00,     25.00,     16.25,0,2,0,6,8,8
H4,704,2017,853670,     10.00,      0.00,      5.00,      3.33,0,1,0,2,3,3
H4,704,2017,853690,    180.00,      0.00,     25.00,     18.00,0,2,0,8,10,10
H4,704,2017,853710,     65.00,      0.00,     15.00,      7.22,0,4,0,5,9,9
H4,704,2017,853720,     25.00,      5.00,      5.00,      5.00,0,0,0,5,5,5
H4,704,2017,853810,     60.00,      5.00,     15.00,     10.00,0,0,0,6,6,6
H4,704,2017,853890,     54.00,      3.00,     12.00,      9.00,0,0,0,6,6,6
H4,704,2017,853910,     20.00,      0.00,     20.00,     10.00,0,1,0,1,2,2
H4,704,2017,853921,     30.00,      0.00,     20.00,      7.50,0,2,0,2,4,4
H4,704,2017,853922,     25.00,      0.00,     15.00,      8.33,0,1,0,2,3,3
H4,704,2017,853929,     87.00,      0.00,     25.00,     10.88,0,2,0,6,8,8
H4,704,2017,853931,     50.00,     25.00,     25.00,     25.00,0,0,0,2,2,2
H4,704,2017,853932,      0.00,      0.00,      0.00,      0.00,0,1,0,0,1,1
H4,704,2017,853939,     36.00,      8.00,     10.00,      9.00,0,0,0,4,4,4
H4,704,2017,853941,      0.00,      0.00,      0.00,      0.00,0,1,0,0,1,1
H4,704,2017,853949,      0.00,      0.00,      0.00,      0.00,0,1,0,0,1,1
H4,704,2017,853990,     23.00,      3.00,     15.00,      7.67,0,0,0,3,3,3
H4,704,2017,854011,      5.00,      5.00,      5.00,      5.00,0,0,0,1,1,1
H4,704,2017,854012,     10.00,     10.00,     10.00,     10.00,0,0,0,1,1,1
H4,704,2017,854020,     10.00,     10.00,     10.00,     10.00,0,0,0,1,1,1
H4,704,2017,854040,      0.00,      0.00,      0.00,      0.00,0,2,0,0,2,2
H4,704,2017,854060,      0.00,      0.00,      0.00,      0.00,0,1,0,0,1,1
H4,704,2017,854071,      0.00,      0.00,      0.00,      0.00,0,1,0,0,1,1
H4,704,2017,854079,      0.00,      0.00,      0.00,      0.00,0,1,0,0,1,1
H4,704,2017,854081,      0.00,      0.00,      0.00,      0.00,0,1,0,0,1,1
H4,704,2017,854089,      0.00,      0.00,      0.00,      0.00,0,1,0,0,1,1
H4,704,2017,854091,      0.00,      0.00,      0.00,      0.00,0,1,0,0,1,1
H4,704,2017,854099,      0.00,      0.00,      0.00,      0.00,0,2,0,0,2,2
H4,704,2017,854110,      0.00,      0.00,      0.00,      0.00,0,1,0,0,1,1
H4,704,2017,854121,      0.00,      0.00,      0.00,      0.00,0,1,0,0,1,1
H4,704,2017,854129,      0.00,      0.00,      0.00,      0.00,0,1,0,0,1,1
H4,704,2017,854130,      0.00,      0.00,      0.00,      0.00,0,1,0,0,1,1
H4,704,2017,854140,      0.00,      0.00,      0.00,      0.00,0,5,0,0,5,5
H4,704,2017,854150,      0.00,      0.00,      0.00,      0.00,0,1,0,0,1,1
H4,704,2017,854160,      0.00,      0.00,      0.00,      0.00,0,1,0,0,1,1
H4,704,2017,854190,      0.00,      0.00,      0.00,      0.00,0,1,0,0,1,1
H4,704,2017,854231,      0.00,      0.00,      0.00,      0.00,0,1,0,0,1,1
H4,704,2017,854232,      0.00,      0.00,      0.00,      0.00,0,1,0,0,1,1
H4,704,2017,854233,      0.00,      0.00,      0.00,      0.00,0,1,0,0,1,1
H4,704,2017,854239,      0.00,      0.00,      0.00,      0.00,0,1,0,0,1,1
H4,704,2017,854290,      0.00,      0.00,      0.00,      0.00,0,1,0,0,1,1
H4,704,2017,854310,      0.00,      0.00,      0.00,      0.00,0,1,0,0,1,1
H4,704,2017,854320,      0.00,      0.00,      0.00,      0.00,0,1,0,0,1,1
H4,704,2017,854330,      0.00,      0.00,      0.00,      0.00,0,2,0,0,2,2
H4,704,2017,854370,      0.00,      0.00,      0.00,      0.00,0,6,0,0,6,6
H4,704,2017,854390,      0.00,      0.00,      0.00,      0.00,0,6,0,0,6,6
H4,704,2017,854411,     40.00,     10.00,     15.00,     13.33,0,0,0,3,3,3
H4,704,2017,854419,      5.00,      5.00,      5.00,      5.00,0,0,0,1,1,1
H4,704,2017,854420,     44.00,      0.00,     10.00,      5.50,0,2,0,6,8,8
H4,704,2017,854430,     90.00,      5.00,     20.00,     15.00,0,0,0,6,6,6
H4,704,2017,854442,    104.00,      0.00,     17.00,      8.00,0,6,0,7,13,13
H4,704,2017,854449,     92.00,      0.00,     17.00,      7.67,0,4,0,8,12,12
H4,704,2017,854460,     40.00,      5.00,     20.00,      8.00,0,0,0,5,5,5
H4,704,2017,854470,      0.00,      0.00,      0.00,      0.00,0,2,0,0,2,2
H4,704,2017,854511,      0.00,      0.00,      0.00,      0.00,0,1,0,0,1,1
H4,704,2017,854519,      5.00,      5.00,      5.00,      5.00,0,0,0,1,1,1
H4,704,2017,854520,      5.00,      5.00,      5.00,      5.00,0,0,0,1,1,1
H4,704,2017,854590,      5.00,      5.00,      5.00,      5.00,0,0,0,1,1,1
H4,704,2017,854610,      0.00,      0.00,      0.00,      0.00,0,1,0,0,1,1
H4,704,2017,854620,     12.00,      5.00,      7.00,      6.00,0,0,0,2,2,2
H4,704,2017,854690,      0.00,      0.00,      0.00,      0.00,0,1,0,0,1,1
H4,704,2017,854710,      0.00,      0.00,      0.00,      0.00,0,1,0,0,1,1
H4,704,2017,854720,      0.00,      0.00,      0.00,      0.00,0,1,0,0,1,1
H4,704,2017,854790,      0.00,      0.00,      0.00,      0.00,0,2,0,0,2,2
H4,704,2017,854810,    220.00,     20.00,     20.00,     20.00,0,0,0,11,11,11
H4,704,2017,854890,      0.00,      0.00,      0.00,      0.00,0,3,0,0,3,3
H4,704,2017,860110,      0.00,      0.00,      0.00,      0.00,0,1,0,0,1,1
H4,704,2017,860120,      0.00,      0.00,      0.00,      0.00,0,1,0,0,1,1
H4,704,2017,860210,      0.00,      0.00,      0.00,      0.00,0,1,0,0,1,1
H4,704,2017,860290,      0.00,      0.00,      0.00,      0.00,0,1,0,0,1,1
H4,704,2017,860310,      0.00,      0.00,      0.00,      0.00,0,1,0,0,1,1
H4,704,2017,860390,      0.00,      0.00,      0.00,      0.00,0,1,0,0,1,1
H4,704,2017,860400,      0.00,      0.00,      0.00,      0.00,0,1,0,0,1,1
H4,704,2017,860500,      0.00,      0.00,      0.00,      0.00,0,1,0,0,1,1
H4,704,2017,860610,      0.00,      0.00,      0.00,      0.00,0,1,0,0,1,1
H4,704,2017,860630,      0.00,      0.00,      0.00,      0.00,0,1,0,0,1,1
H4,704,2017,860691,      0.00,      0.00,      0.00,      0.00,0,1,0,0,1,1
H4,704,2017,860692,      0.00,      0.00,      0.00,      0.00,0,1,0,0,1,1
H4,704,2017,860699,      0.00,      0.00,      0.00,      0.00,0,1,0,0,1,1
H4,704,2017,860711,      0.00,      0.00,      0.00,      0.00,0,1,0,0,1,1
H4,704,2017,860712,      0.00,      0.00,      0.00,      0.00,0,1,0,0,1,1
H4,704,2017,860719,      0.00,      0.00,      0.00,      0.00,0,1,0,0,1,1
H4,704,2017,860721,      0.00,      0.00,      0.00,      0.00,0,1,0,0,1,1
H4,704,2017,860729,      0.00,      0.00,      0.00,      0.00,0,1,0,0,1,1
H4,704,2017,860730,      0.00,      0.00,      0.00,      0.00,0,1,0,0,1,1
H4,704,2017,860791,      0.00,      0.00,      0.00,      0.00,0,1,0,0,1,1
H4,704,2017,860799,      0.00,      0.00,      0.00,      0.00,0,1,0,0,1,1
H4,704,2017,860800,      0.00,      0.00,      0.00,      0.00,0,2,0,0,2,2
H4,704,2017,860900,      0.00,      0.00,      0.00,      0.00,0,1,0,0,1,1
H4,704,2017,870110,     80.00,     10.00,     30.00,     20.00,0,0,0,4,4,4
H4,704,2017,870120,      5.00,      0.00,      5.00,      2.50,0,1,0,1,2,2
H4,704,2017,870130,      0.00,      0.00,      0.00,      0.00,0,1,0,0,1,1
H4,704,2017,870190,     10.00,      5.00,      5.00,      5.00,0,0,0,2,2,2
H4,704,2017,870210,    290.00,      5.00,     70.00,     48.33,4,0,0,6,6,10
H4,704,2017,870290,    285.00,      5.00,     70.00,     57.00,4,0,0,5,5,9
H4,704,2017,870310,    140.00,     70.00,     70.00,     70.00,0,0,0,2,2,2
H4,704,2017,870321,    365.00,     15.00,     70.00,     60.83,4,0,0,6,6,10
H4,704,2017,870322,    230.00,     20.00,     70.00,     57.50,2,0,0,4,4,6
H4,704,2017,870323,    667.00,     15.00,     70.00,     55.58,10,0,0,12,12,22
H4,704,2017,870324,    315.00,     15.00,     61.00,     45.00,6,0,0,7,7,13
H4,704,2017,870331,    295.00,     15.00,     70.00,     59.00,4,0,0,5,5,9
H4,704,2017,870332,    685.00,     15.00,     70.00,     57.08,9,0,0,12,12,21
H4,704,2017,870333,    540.00,     15.00,     70.00,     54.00,8,0,0,10,10,18
H4,704,2017,870390,    295.00,     15.00,     70.00,     59.00,3,0,0,5,5,8
H4,704,2017,870410,    213.00,      0.00,     53.00,     35.50,6,1,0,5,6,12
H4,704,2017,870421,    160.00,     10.00,     70.00,     26.67,2,0,0,6,6,8
H4,704,2017,870422,    330.00,     10.00,     50.00,     22.00,4,0,0,15,15,19
H4,704,2017,870423,    255.00,      0.00,     25.00,     12.75,5,7,0,13,20,25
H4,704,2017,870431,    160.00,     10.00,     70.00,     26.67,2,0,0,6,6,8
H4,704,2017,870432,    630.00,      0.00,     70.00,     19.09,10,7,0,26,33,43
H4,704,2017,870490,    235.00,      0.00,     70.00,     47.00,1,1,0,4,5,6
H4,704,2017,870510,      3.00,      3.00,      3.00,      3.00,0,0,0,1,1,1
H4,704,2017,870520,      0.00,      0.00,      0.00,      0.00,0,1,0,0,1,1
H4,704,2017,870530,      0.00,      0.00,      0.00,      0.00,0,1,0,0,1,1
H4,704,2017,870540,     15.00,     15.00,     15.00,     15.00,0,0,0,1,1,1
H4,704,2017,870590,      5.00,      0.00,      5.00,      1.67,0,2,0,1,3,3
H4,704,2017,870600,    232.00,     10.00,     30.00,     23.20,0,0,0,10,10,10
H4,704,2017,870710,     86.00,     28.00,     30.00,     28.67,0,0,0,3,3,3
H4,704,2017,870790,    102.00,     10.00,     28.00,     20.40,0,0,0,5,5,5
H4,704,2017,870810,     40.00,     15.00,     25.00,     20.00,0,0,0,2,2,2
H4,704,2017,870821,     20.00,     20.00,     20.00,     20.00,0,0,0,1,1,1
H4,704,2017,870829,    200.00,     15.00,     20.00,     15.38,0,0,0,13,13,13
H4,704,2017,870830,     75.00,     10.00,     20.00,     15.00,0,0,0,5,5,5
H4,704,2017,870840,    148.00,     10.00,     20.00,     13.45,0,0,0,11,11,11
H4,704,2017,870850,    142.00,      5.00,     20.00,     11.83,0,0,0,12,12,12
H4,704,2017,870870,    295.00,     15.00,     25.00,     21.07,0,0,0,14,14,14
H4,704,2017,870880,     74.00,      5.00,     20.00,     10.57,0,0,0,7,7,7
H4,704,2017,870891,     85.00,     10.00,     20.00,     12.14,0,0,0,7,7,7
H4,704,2017,870892,     95.00,     15.00,     20.00,     15.83,0,0,0,6,6,6
H4,704,2017,870893,     55.00,     10.00,     20.00,     13.75,0,0,0,4,4,4
H4,704,2017,870894,     75.00,     15.00,     25.00,     18.75,0,0,0,4,4,4
H4,704,2017,870895,     20.00,     10.00,     10.00,     10.00,0,0,0,2,2,2
H4,704,2017,870899,    165.00,     10.00,     20.00,     15.00,0,0,0,11,11,11
H4,704,2017,870911,      3.00,      3.00,      3.00,      3.00,0,0,0,1,1,1
H4,704,2017,870919,      3.00,      3.00,      3.00,      3.00,0,0,0,1,1,1
H4,704,2017,870990,      3.00,      3.00,      3.00,      3.00,0,0,0,1,1,1
H4,704,2017,871000,      0.00,      0.00,      0.00,      0.00,0,1,0,0,1,1
H4,704,2017,871110,    440.00,     70.00,     75.00,     73.33,0,0,0,6,6,6
H4,704,2017,871120,    820.00,     70.00,     75.00,     74.55,0,0,0,11,11,11
H4,704,2017,871130,    225.00,     75.00,     75.00,     75.00,0,0,0,3,3,3
H4,704,2017,871140,    225.00,     75.00,     75.00,     75.00,0,0,0,3,3,3
H4,704,2017,871150,    115.00,     40.00,     75.00,     57.50,0,0,0,2,2,2
H4,704,2017,871190,    382.00,      7.00,     75.00,     54.57,0,0,0,7,7,7
H4,704,2017,871200,    140.00,      5.00,     45.00,     35.00,0,0,0,4,4,4
H4,704,2017,871310,      0.00,      0.00,      0.00,      0.00,0,1,0,0,1,1
H4,704,2017,871390,      0.00,      0.00,      0.00,      0.00,0,1,0,0,1,1
H4,704,2017,871410,     99.00,     32.00,     35.00,     33.00,0,0,0,3,3,3
H4,704,2017,871420,      0.00,      0.00,      0.00,      0.00,0,4,0,0,4,4
H4,704,2017,871491,    120.00,     40.00,     40.00,     40.00,0,0,0,3,3,3
H4,704,2017,871492,     85.00,     40.00,     45.00,     42.50,0,0,0,2,2,2
H4,704,2017,871493,     90.00,     45.00,     45.00,     45.00,0,0,0,2,2,2
H4,704,2017,871494,     90.00,     45.00,     45.00,     45.00,0,0,0,2,2,2
H4,704,2017,871495,     90.00,     45.00,     45.00,     45.00,0,0,0,2,2,2
H4,704,2017,871496,     90.00,     45.00,     45.00,     45.00,0,0,0,2,2,2
H4,704,2017,871499,    180.00,     45.00,     45.00,     45.00,0,0,0,4,4,4
H4,704,2017,871500,     30.00,     30.00,     30.00,     30.00,0,0,0,1,1,1
H4,704,2017,871610,     20.00,     20.00,     20.00,     20.00,0,0,0,1,1,1
H4,704,2017,871620,      5.00,      5.00,      5.00,      5.00,0,0,0,1,1,1
H4,704,2017,871631,      5.00,      5.00,      5.00,      5.00,0,0,0,1,1,1
H4,704,2017,871639,     45.00,      5.00,     20.00,     15.00,0,0,0,3,3,3
H4,704,2017,871640,     20.00,     20.00,     20.00,     20.00,0,0,0,1,1,1
H4,704,2017,871680,     60.00,     20.00,     20.00,     20.00,0,0,0,3,3,3
H4,704,2017,871690,    120.00,     15.00,     15.00,     15.00,0,0,0,8,8,8
H4,704,2017,880100,      0.00,      0.00,      0.00,      0.00,0,1,0,0,1,1
H4,704,2017,880211,      0.00,      0.00,      0.00,      0.00,0,1,0,0,1,1
H4,704,2017,880212,      0.00,      0.00,      0.00,      0.00,0,1,0,0,1,1
H4,704,2017,880220,      0.00,      0.00,      0.00,      0.00,0,2,0,0,2,2
H4,704,2017,880230,      0.00,      0.00,      0.00,      0.00,0,2,0,0,2,2
H4,704,2017,880240,      0.00,      0.00,      0.00,      0.00,0,2,0,0,2,2
H4,704,2017,880260,      0.00,      0.00,      0.00,      0.00,0,1,0,0,1,1
H4,704,2017,880310,      0.00,      0.00,      0.00,      0.00,0,1,0,0,1,1
H4,704,2017,880320,      0.00,      0.00,      0.00,      0.00,0,1,0,0,1,1
H4,704,2017,880330,      0.00,      0.00,      0.00,      0.00,0,1,0,0,1,1
H4,704,2017,880390,      0.00,      0.00,      0.00,      0.00,0,3,0,0,3,3
H4,704,2017,880400,      0.00,      0.00,      0.00,      0.00,0,2,0,0,2,2
H4,704,2017,880510,      0.00,      0.00,      0.00,      0.00,0,1,0,0,1,1
H4,704,2017,880521,      0.00,      0.00,      0.00,      0.00,0,1,0,0,1,1
H4,704,2017,880529,      0.00,      0.00,      0.00,      0.00,0,2,0,0,2,2
H4,704,2017,890110,     45.00,      5.00,     10.00,      9.00,0,0,0,5,5,5
H4,704,2017,890120,     12.00,      0.00,     10.00,      4.00,0,1,0,2,3,3
H4,704,2017,890130,     10.00,      0.00,     10.00,      3.33,0,2,0,1,3,3
H4,704,2017,890190,     80.00,      0.00,     10.00,      8.00,0,2,0,8,10,10
H4,704,2017,890200,    100.00,      0.00,     10.00,      7.14,0,2,0,12,14,14
H4,704,2017,890310,     10.00,     10.00,     10.00,     10.00,0,0,0,1,1,1
H4,704,2017,890391,     10.00,     10.00,     10.00,     10.00,0,0,0,1,1,1
H4,704,2017,890392,     10.00,     10.00,     10.00,     10.00,0,0,0,1,1,1
H4,704,2017,890399,     10.00,     10.00,     10.00,     10.00,0,0,0,1,1,1
H4,704,2017,890400,     10.00,      0.00,      5.00,      3.33,0,1,0,2,3,3
H4,704,2017,890510,      5.00,      5.00,      5.00,      5.00,0,0,0,1,1,1
H4,704,2017,890520,      5.00,      5.00,      5.00,      5.00,0,0,0,1,1,1
H4,704,2017,890590,     10.00,      5.00,      5.00,      5.00,0,0,0,2,2,2
H4,704,2017,890610,      0.00,      0.00,      0.00,      0.00,0,1,0,0,1,1
H4,704,2017,890690,     10.00,      0.00,      5.00,      3.33,0,1,0,2,3,3
H4,704,2017,890710,      5.00,      5.00,      5.00,      5.00,0,0,0,1,1,1
H4,704,2017,890790,      0.00,      0.00,      0.00,      0.00,0,2,0,0,2,2
H4,704,2017,890800,      0.00,      0.00,      0.00,      0.00,0,1,0,0,1,1
H4,704,2017,900110,      0.00,      0.00,      0.00,      0.00,0,2,0,0,2,2
H4,704,2017,900120,      0.00,      0.00,      0.00,      0.00,0,1,0,0,1,1
H4,704,2017,900130,      0.00,      0.00,      0.00,      0.00,0,1,0,0,1,1
H4,704,2017,900140,      5.00,      5.00,      5.00,      5.00,0,0,0,1,1,1
H4,704,2017,900150,      0.00,      0.00,      0.00,      0.00,0,1,0,0,1,1
H4,704,2017,900190,      0.00,      0.00,      0.00,      0.00,0,2,0,0,2,2
H4,704,2017,900211,      0.00,      0.00,      0.00,      0.00,0,2,0,0,2,2
H4,704,2017,900219,      0.00,      0.00,      0.00,      0.00,0,1,0,0,1,1
H4,704,2017,900220,      0.00,      0.00,      0.00,      0.00,0,4,0,0,4,4
H4,704,2017,900290,      0.00,      0.00,      0.00,      0.00,0,3,0,0,3,3
H4,704,2017,900311,     10.00,     10.00,     10.00,     10.00,0,0,0,1,1,1
H4,704,2017,900319,     10.00,     10.00,     10.00,     10.00,0,0,0,1,1,1
H4,704,2017,900390,     10.00,     10.00,     10.00,     10.00,0,0,0,1,1,1
H4,704,2017,900410,     20.00,     20.00,     20.00,     20.00,0,0,0,1,1,1
H4,704,2017,900490,     20.00,      0.00,     20.00,      6.67,0,2,0,1,3,3
H4,704,2017,900510,      0.00,      0.00,      0.00,      0.00,0,1,0,0,1,1
H4,704,2017,900580,      0.00,      0.00,      0.00,      0.00,0,2,0,0,2,2
H4,704,2017,900590,      0.00,      0.00,      0.00,      0.00,0,2,0,0,2,2
H4,704,2017,900610,      0.00,      0.00,      0.00,      0.00,0,2,0,0,2,2
H4,704,2017,900630,      0.00,      0.00,      0.00,      0.00,0,1,0,0,1,1
H4,704,2017,900640,     25.00,     25.00,     25.00,     25.00,0,0,0,1,1,1
H4,704,2017,900651,     25.00,     25.00,     25.00,     25.00,0,0,0,1,1,1
H4,704,2017,900652,     15.00,     15.00,     15.00,     15.00,0,0,0,1,1,1
H4,704,2017,900653,     10.00,     10.00,     10.00,     10.00,0,0,0,1,1,1
H4,704,2017,900659,      0.00,      0.00,      0.00,      0.00,0,2,0,0,2,2
H4,704,2017,900661,     20.00,     20.00,     20.00,     20.00,0,0,0,1,1,1
H4,704,2017,900669,     20.00,     20.00,     20.00,     20.00,0,0,0,1,1,1
H4,704,2017,900691,     15.00,      0.00,     15.00,      5.00,0,2,0,1,3,3
H4,704,2017,900699,     30.00,     15.00,     15.00,     15.00,0,0,0,2,2,2
H4,704,2017,900710,      0.00,      0.00,      0.00,      0.00,0,1,0,0,1,1
H4,704,2017,900720,      0.00,      0.00,      0.00,      0.00,0,2,0,0,2,2
H4,704,2017,900791,      0.00,      0.00,      0.00,      0.00,0,1,0,0,1,1
H4,704,2017,900792,      0.00,      0.00,      0.00,      0.00,0,1,0,0,1,1
H4,704,2017,900850,      0.00,      0.00,      0.00,      0.00,0,2,0,0,2,2
H4,704,2017,900890,      0.00,      0.00,      0.00,      0.00,0,2,0,0,2,2
H4,704,2017,901010,      5.00,      5.00,      5.00,      5.00,0,0,0,1,1,1
H4,704,2017,901050,     10.00,      5.00,      5.00,      5.00,0,0,0,2,2,2
H4,704,2017,901060,      5.00,      0.00,      5.00,      2.50,0,1,0,1,2,2
H4,704,2017,901090,      0.00,      0.00,      0.00,      0.00,0,3,0,0,3,3
H4,704,2017,901110,      0.00,      0.00,      0.00,      0.00,0,1,0,0,1,1
H4,704,2017,901120,      0.00,      0.00,      0.00,      0.00,0,1,0,0,1,1
H4,704,2017,901180,      0.00,      0.00,      0.00,      0.00,0,1,0,0,1,1
H4,704,2017,901190,      0.00,      0.00,      0.00,      0.00,0,1,0,0,1,1
H4,704,2017,901210,      0.00,      0.00,      0.00,      0.00,0,1,0,0,1,1
H4,704,2017,901290,      0.00,      0.00,      0.00,      0.00,0,1,0,0,1,1
H4,704,2017,901310,      0.00,      0.00,      0.00,      0.00,0,1,0,0,1,1
H4,704,2017,901320,      0.00,      0.00,      0.00,      0.00,0,1,0,0,1,1
H4,704,2017,901380,      0.00,      0.00,      0.00,      0.00,0,3,0,0,3,3
H4,704,2017,901390,      0.00,      0.00,      0.00,      0.00,0,4,0,0,4,4
H4,704,2017,901410,      0.00,      0.00,      0.00,      0.00,0,1,0,0,1,1
H4,704,2017,901420,      0.00,      0.00,      0.00,      0.00,0,1,0,0,1,1
H4,704,2017,901480,      0.00,      0.00,      0.00,      0.00,0,2,0,0,2,2
H4,704,2017,901490,      0.00,      0.00,      0.00,      0.00,0,2,0,0,2,2
H4,704,2017,901510,      0.00,      0.00,      0.00,      0.00,0,2,0,0,2,2
H4,704,2017,901520,      0.00,      0.00,      0.00,      0.00,0,1,0,0,1,1
H4,704,2017,901530,      0.00,      0.00,      0.00,      0.00,0,1,0,0,1,1
H4,704,2017,901540,      0.00,      0.00,      0.00,      0.00,0,1,0,0,1,1
H4,704,2017,901580,      0.00,      0.00,      0.00,      0.00,0,2,0,0,2,2
H4,704,2017,901590,      0.00,      0.00,      0.00,      0.00,0,1,0,0,1,1
H4,704,2017,901600,     10.00,     10.00,     10.00,     10.00,0,0,0,1,1,1
H4,704,2017,901710,      0.00,      0.00,      0.00,      0.00,0,2,0,0,2,2
H4,704,2017,901720,     20.00,      0.00,      5.00,      4.00,0,1,0,4,5,5
H4,704,2017,901730,      0.00,      0.00,      0.00,      0.00,0,1,0,0,1,1
H4,704,2017,901780,      5.00,      5.00,      5.00,      5.00,0,0,0,1,1,1
H4,704,2017,901790,      0.00,      0.00,      0.00,      0.00,0,4,0,0,4,4
H4,704,2017,901811,      0.00,      0.00,      0.00,      0.00,0,1,0,0,1,1
H4,704,2017,901812,      0.00,      0.00,      0.00,      0.00,0,1,0,0,1,1
H4,704,2017,901813,      0.00,      0.00,      0.00,      0.00,0,1,0,0,1,1
H4,704,2017,901814,      0.00,      0.00,      0.00,      0.00,0,1,0,0,1,1
H4,704,2017,901819,      0.00,      0.00,      0.00,      0.00,0,1,0,0,1,1
H4,704,2017,901820,      0.00,      0.00,      0.00,      0.00,0,1,0,0,1,1
H4,704,2017,901831,      0.00,      0.00,      0.00,      0.00,0,2,0,0,2,2
H4,704,2017,901832,      0.00,      0.00,      0.00,      0.00,0,1,0,0,1,1
H4,704,2017,901839,      0.00,      0.00,      0.00,      0.00,0,2,0,0,2,2
H4,704,2017,901841,      0.00,      0.00,      0.00,      0.00,0,1,0,0,1,1
H4,704,2017,901849,      0.00,      0.00,      0.00,      0.00,0,1,0,0,1,1
H4,704,2017,901850,      0.00,      0.00,      0.00,      0.00,0,1,0,0,1,1
H4,704,2017,901890,      0.00,      0.00,      0.00,      0.00,0,3,0,0,3,3
H4,704,2017,901910,      0.00,      0.00,      0.00,      0.00,0,2,0,0,2,2
H4,704,2017,901920,      0.00,      0.00,      0.00,      0.00,0,1,0,0,1,1
H4,704,2017,902000,      0.00,      0.00,      0.00,      0.00,0,1,0,0,1,1
H4,704,2017,902110,      0.00,      0.00,      0.00,      0.00,0,1,0,0,1,1
H4,704,2017,902121,      0.00,      0.00,      0.00,      0.00,0,1,0,0,1,1
H4,704,2017,902129,      0.00,      0.00,      0.00,      0.00,0,1,0,0,1,1
H4,704,2017,902131,      0.00,      0.00,      0.00,      0.00,0,1,0,0,1,1
H4,704,2017,902139,      0.00,      0.00,      0.00,      0.00,0,1,0,0,1,1
H4,704,2017,902140,      0.00,      0.00,      0.00,      0.00,0,1,0,0,1,1
H4,704,2017,902150,      0.00,      0.00,      0.00,      0.00,0,1,0,0,1,1
H4,704,2017,902190,      0.00,      0.00,      0.00,      0.00,0,1,0,0,1,1
H4,704,2017,902212,      0.00,      0.00,      0.00,      0.00,0,1,0,0,1,1
H4,704,2017,902213,      0.00,      0.00,      0.00,      0.00,0,1,0,0,1,1
H4,704,2017,902214,      0.00,      0.00,      0.00,      0.00,0,1,0,0,1,1
H4,704,2017,902219,      0.00,      0.00,      0.00,      0.00,0,2,0,0,2,2
H4,704,2017,902221,      0.00,      0.00,      0.00,      0.00,0,1,0,0,1,1
H4,704,2017,902229,      0.00,      0.00,      0.00,      0.00,0,1,0,0,1,1
H4,704,2017,902230,      0.00,      0.00,      0.00,      0.00,0,1,0,0,1,1
H4,704,2017,902290,      0.00,      0.00,      0.00,      0.00,0,2,0,0,2,2
H4,704,2017,902300,      0.00,      0.00,      0.00,      0.00,0,1,0,0,1,1
H4,704,2017,902410,      0.00,      0.00,      0.00,      0.00,0,2,0,0,2,2
H4,704,2017,902480,      0.00,      0.00,      0.00,      0.00,0,2,0,0,2,2
H4,704,2017,902490,      0.00,      0.00,      0.00,      0.00,0,2,0,0,2,2
H4,704,2017,902511,      0.00,      0.00,      0.00,      0.00,0,1,0,0,1,1
H4,704,2017,902519,      0.00,      0.00,      0.00,      0.00,0,3,0,0,3,3
H4,704,2017,902580,      0.00,      0.00,      0.00,      0.00,0,2,0,0,2,2
H4,704,2017,902590,      0.00,      0.00,      0.00,      0.00,0,2,0,0,2,2
H4,704,2017,902610,      0.00,      0.00,      0.00,      0.00,0,4,0,0,4,4
H4,704,2017,902620,      0.00,      0.00,      0.00,      0.00,0,4,0,0,4,4
H4,704,2017,902680,      0.00,      0.00,      0.00,      0.00,0,2,0,0,2,2
H4,704,2017,902690,      0.00,      0.00,      0.00,      0.00,0,2,0,0,2,2
H4,704,2017,902710,      0.00,      0.00,      0.00,      0.00,0,2,0,0,2,2
H4,704,2017,902720,      0.00,      0.00,      0.00,      0.00,0,2,0,0,2,2
H4,704,2017,902730,      0.00,      0.00,      0.00,      0.00,0,2,0,0,2,2
H4,704,2017,902750,      0.00,      0.00,      0.00,      0.00,0,2,0,0,2,2
H4,704,2017,902780,      0.00,      0.00,      0.00,      0.00,0,3,0,0,3,3
H4,704,2017,902790,      0.00,      0.00,      0.00,      0.00,0,3,0,0,3,3
H4,704,2017,902810,     10.00,      0.00,     10.00,      5.00,0,1,0,1,2,2
H4,704,2017,902820,     10.00,      0.00,     10.00,      5.00,0,1,0,1,2,2
H4,704,2017,902830,     50.00,     25.00,     25.00,     25.00,0,0,0,2,2,2
H4,704,2017,902890,      0.00,      0.00,      0.00,      0.00,0,2,0,0,2,2
H4,704,2017,902910,     20.00,      0.00,     20.00,     10.00,0,1,0,1,2,2
H4,704,2017,902920,     20.00,      0.00,     20.00,      6.67,0,2,0,1,3,3
H4,704,2017,902990,      0.00,      0.00,      0.00,      0.00,0,2,0,0,2,2
H4,704,2017,903010,      0.00,      0.00,      0.00,      0.00,0,1,0,0,1,1
H4,704,2017,903020,      0.00,      0.00,      0.00,      0.00,0,1,0,0,1,1
H4,704,2017,903031,      0.00,      0.00,      0.00,      0.00,0,1,0,0,1,1
H4,704,2017,903032,      0.00,      0.00,      0.00,      0.00,0,1,0,0,1,1
H4,704,2017,903033,      0.00,      0.00,      0.00,      0.00,0,4,0,0,4,4
H4,704,2017,903039,      0.00,      0.00,      0.00,      0.00,0,1,0,0,1,1
H4,704,2017,903040,      0.00,      0.00,      0.00,      0.00,0,1,0,0,1,1
H4,704,2017,903082,      0.00,      0.00,      0.00,      0.00,0,2,0,0,2,2
H4,704,2017,903084,      0.00,      0.00,      0.00,      0.00,0,2,0,0,2,2
H4,704,2017,903089,      0.00,      0.00,      0.00,      0.00,0,2,0,0,2,2
H4,704,2017,903090,      0.00,      0.00,      0.00,      0.00,0,4,0,0,4,4
H4,704,2017,903110,      0.00,      0.00,      0.00,      0.00,0,2,0,0,2,2
H4,704,2017,903120,      0.00,      0.00,      0.00,      0.00,0,2,0,0,2,2
H4,704,2017,903141,      0.00,      0.00,      0.00,      0.00,0,1,0,0,1,1
H4,704,2017,903149,      0.00,      0.00,      0.00,      0.00,0,4,0,0,4,4
H4,704,2017,903180,      0.00,      0.00,      0.00,      0.00,0,2,0,0,2,2
H4,704,2017,903190,      0.00,      0.00,      0.00,      0.00,0,5,0,0,5,5
H4,704,2017,903210,      0.00,      0.00,      0.00,      0.00,0,2,0,0,2,2
H4,704,2017,903220,     40.00,     20.00,     20.00,     20.00,0,0,0,2,2,2
H4,704,2017,903281,      0.00,      0.00,      0.00,      0.00,0,1,0,0,1,1
H4,704,2017,903289,      0.00,      0.00,      0.00,      0.00,0,5,0,0,5,5
H4,704,2017,903290,      0.00,      0.00,      0.00,      0.00,0,4,0,0,4,4
H4,704,2017,903300,      0.00,      0.00,      0.00,      0.00,0,2,0,0,2,2
H4,704,2017,910111,     15.00,     15.00,     15.00,     15.00,0,0,0,1,1,1
H4,704,2017,910119,     20.00,     20.00,     20.00,     20.00,0,0,0,1,1,1
H4,704,2017,910121,     15.00,     15.00,     15.00,     15.00,0,0,0,1,1,1
H4,704,2017,910129,     20.00,     20.00,     20.00,     20.00,0,0,0,1,1,1
H4,704,2017,910191,     20.00,     20.00,     20.00,     20.00,0,0,0,1,1,1
H4,704,2017,910199,     20.00,     20.00,     20.00,     20.00,0,0,0,1,1,1
H4,704,2017,910211,     15.00,     15.00,     15.00,     15.00,0,0,0,1,1,1
H4,704,2017,910212,     20.00,     20.00,     20.00,     20.00,0,0,0,1,1,1
H4,704,2017,910219,     20.00,     20.00,     20.00,     20.00,0,0,0,1,1,1
H4,704,2017,910221,     15.00,     15.00,     15.00,     15.00,0,0,0,1,1,1
H4,704,2017,910229,     20.00,     20.00,     20.00,     20.00,0,0,0,1,1,1
H4,704,2017,910291,     40.00,     20.00,     20.00,     20.00,0,0,0,2,2,2
H4,704,2017,910299,     20.00,     20.00,     20.00,     20.00,0,0,0,1,1,1
H4,704,2017,910310,     20.00,     20.00,     20.00,     20.00,0,0,0,1,1,1
H4,704,2017,910390,     20.00,     20.00,     20.00,     20.00,0,0,0,1,1,1
H4,704,2017,910400,     10.00,      0.00,     10.00,      2.50,0,3,0,1,4,4
H4,704,2017,910511,     25.00,     25.00,     25.00,     25.00,0,0,0,1,1,1
H4,704,2017,910519,     25.00,     25.00,     25.00,     25.00,0,0,0,1,1,1
H4,704,2017,910521,     25.00,     25.00,     25.00,     25.00,0,0,0,1,1,1
H4,704,2017,910529,     25.00,     25.00,     25.00,     25.00,0,0,0,1,1,1
H4,704,2017,910591,     35.00,     10.00,     25.00,     17.50,0,0,0,2,2,2
H4,704,2017,910599,     35.00,     10.00,     25.00,     17.50,0,0,0,2,2,2
H4,704,2017,910610,      5.00,      5.00,      5.00,      5.00,0,0,0,1,1,1
H4,704,2017,910690,     10.00,      5.00,      5.00,      5.00,0,0,0,2,2,2
H4,704,2017,910700,      5.00,      5.00,      5.00,      5.00,0,0,0,1,1,1
H4,704,2017,910811,     20.00,     20.00,     20.00,     20.00,0,0,0,1,1,1
H4,704,2017,910812,     20.00,     20.00,     20.00,     20.00,0,0,0,1,1,1
H4,704,2017,910819,     20.00,     20.00,     20.00,     20.00,0,0,0,1,1,1
H4,704,2017,910820,     20.00,     20.00,     20.00,     20.00,0,0,0,1,1,1
H4,704,2017,910890,     20.00,     20.00,     20.00,     20.00,0,0,0,1,1,1
H4,704,2017,910910,     20.00,     20.00,     20.00,     20.00,0,0,0,1,1,1
H4,704,2017,910990,     20.00,     20.00,     20.00,     20.00,0,0,0,1,1,1
H4,704,2017,911011,     20.00,     20.00,     20.00,     20.00,0,0,0,1,1,1
H4,704,2017,911012,     20.00,     20.00,     20.00,     20.00,0,0,0,1,1,1
H4,704,2017,911019,     20.00,     20.00,     20.00,     20.00,0,0,0,1,1,1
H4,704,2017,911090,,,,,1,0,0,0,0,1
H4,704,2017,911110,     20.00,     20.00,     20.00,     20.00,0,0,0,1,1,1
H4,704,2017,911120,     20.00,     20.00,     20.00,     20.00,0,0,0,1,1,1
H4,704,2017,911180,     20.00,     20.00,     20.00,     20.00,0,0,0,1,1,1
H4,704,2017,911190,     20.00,     20.00,     20.00,     20.00,0,0,0,1,1,1
H4,704,2017,911220,     20.00,     20.00,     20.00,     20.00,0,0,0,1,1,1
H4,704,2017,911290,     20.00,     20.00,     20.00,     20.00,0,0,0,1,1,1
H4,704,2017,911310,     20.00,     20.00,     20.00,     20.00,0,0,0,1,1,1
H4,704,2017,911320,     20.00,     20.00,     20.00,     20.00,0,0,0,1,1,1
H4,704,2017,911390,     20.00,     20.00,     20.00,     20.00,0,0,0,1,1,1
H4,704,2017,911410,     20.00,     20.00,     20.00,     20.00,0,0,0,1,1,1
H4,704,2017,911430,     20.00,     20.00,     20.00,     20.00,0,0,0,1,1,1
H4,704,2017,911440,     20.00,     20.00,     20.00,     20.00,0,0,0,1,1,1
H4,704,2017,911490,     20.00,     20.00,     20.00,     20.00,0,0,0,1,1,1
H4,704,2017,920110,      3.00,      3.00,      3.00,      3.00,0,0,0,1,1,1
H4,704,2017,920120,      3.00,      3.00,      3.00,      3.00,0,0,0,1,1,1
H4,704,2017,920190,      3.00,      3.00,      3.00,      3.00,0,0,0,1,1,1
H4,704,2017,920210,      3.00,      3.00,      3.00,      3.00,0,0,0,1,1,1
H4,704,2017,920290,      3.00,      3.00,      3.00,      3.00,0,0,0,1,1,1
H4,704,2017,920510,      3.00,      3.00,      3.00,      3.00,0,0,0,1,1,1
H4,704,2017,920590,      6.00,      3.00,      3.00,      3.00,0,0,0,2,2,2
H4,704,2017,920600,      3.00,      3.00,      3.00,      3.00,0,0,0,1,1,1
H4,704,2017,920710,      5.00,      5.00,      5.00,      5.00,0,0,0,1,1,1
H4,704,2017,920790,      3.00,      3.00,      3.00,      3.00,0,0,0,1,1,1
H4,704,2017,920810,      3.00,      3.00,      3.00,      3.00,0,0,0,1,1,1
H4,704,2017,920890,      6.00,      3.00,      3.00,      3.00,0,0,0,2,2,2
H4,704,2017,920930,      3.00,      3.00,      3.00,      3.00,0,0,0,1,1,1
H4,704,2017,920991,      6.00,      3.00,      3.00,      3.00,0,0,0,2,2,2
H4,704,2017,920992,      3.00,      3.00,      3.00,      3.00,0,0,0,1,1,1
H4,704,2017,920994,      3.00,      3.00,      3.00,      3.00,0,0,0,1,1,1
H4,704,2017,920999,      3.00,      3.00,      3.00,      3.00,0,0,0,1,1,1
H4,704,2017,930110,      0.00,      0.00,      0.00,      0.00,0,1,0,0,1,1
H4,704,2017,930120,      0.00,      0.00,      0.00,      0.00,0,1,0,0,1,1
H4,704,2017,930190,      0.00,      0.00,      0.00,      0.00,0,1,0,0,1,1
H4,704,2017,930200,      0.00,      0.00,      0.00,      0.00,0,1,0,0,1,1
H4,704,2017,930310,      0.00,      0.00,      0.00,      0.00,0,1,0,0,1,1
H4,704,2017,930320,      0.00,      0.00,      0.00,      0.00,0,1,0,0,1,1
H4,704,2017,930330,      0.00,      0.00,      0.00,      0.00,0,1,0,0,1,1
H4,704,2017,930390,      0.00,      0.00,      0.00,      0.00,0,1,0,0,1,1
H4,704,2017,930400,     30.00,      0.00,     30.00,     15.00,0,1,0,1,2,2
H4,704,2017,930510,      0.00,      0.00,      0.00,      0.00,0,1,0,0,1,1
H4,704,2017,930520,      0.00,      0.00,      0.00,      0.00,0,1,0,0,1,1
H4,704,2017,930591,      0.00,      0.00,      0.00,      0.00,0,2,0,0,2,2
H4,704,2017,930599,     60.00,      0.00,     30.00,     15.00,0,2,0,2,4,4
H4,704,2017,930621,      0.00,      0.00,      0.00,      0.00,0,1,0,0,1,1
H4,704,2017,930629,      0.00,      0.00,      0.00,      0.00,0,1,0,0,1,1
H4,704,2017,930630,      0.00,      0.00,      0.00,      0.00,0,5,0,0,5,5
H4,704,2017,930690,      0.00,      0.00,      0.00,      0.00,0,1,0,0,1,1
H4,704,2017,930700,      5.00,      5.00,      5.00,      5.00,0,0,0,1,1,1
H4,704,2017,940110,      0.00,      0.00,      0.00,      0.00,0,1,0,0,1,1
H4,704,2017,940120,     50.00,     25.00,     25.00,     25.00,0,0,0,2,2,2
H4,704,2017,940130,     25.00,     25.00,     25.00,     25.00,0,0,0,1,1,1
H4,704,2017,940140,     25.00,     25.00,     25.00,     25.00,0,0,0,1,1,1
H4,704,2017,940151,     25.00,     25.00,     25.00,     25.00,0,0,0,1,1,1
H4,704,2017,940159,     25.00,     25.00,     25.00,     25.00,0,0,0,1,1,1
H4,704,2017,940161,     25.00,     25.00,     25.00,     25.00,0,0,0,1,1,1
H4,704,2017,940169,     25.00,     25.00,     25.00,     25.00,0,0,0,1,1,1
H4,704,2017,940171,     25.00,     25.00,     25.00,     25.00,0,0,0,1,1,1
H4,704,2017,940179,     25.00,     25.00,     25.00,     25.00,0,0,0,1,1,1
H4,704,2017,940180,     25.00,     25.00,     25.00,     25.00,0,0,0,1,1,1
H4,704,2017,940190,    100.00,      0.00,     20.00,     16.67,0,1,0,5,6,6
H4,704,2017,940210,      0.00,      0.00,      0.00,      0.00,0,3,0,0,3,3
H4,704,2017,940290,      0.00,      0.00,      0.00,      0.00,0,2,0,0,2,2
H4,704,2017,940310,     20.00,     20.00,     20.00,     20.00,0,0,0,1,1,1
H4,704,2017,940320,     25.00,     10.00,     15.00,     12.50,0,0,0,2,2,2
H4,704,2017,940330,     25.00,     25.00,     25.00,     25.00,0,0,0,1,1,1
H4,704,2017,940340,     25.00,     25.00,     25.00,     25.00,0,0,0,1,1,1
H4,704,2017,940350,     25.00,     25.00,     25.00,     25.00,0,0,0,1,1,1
H4,704,2017,940360,     45.00,     20.00,     25.00,     22.50,0,0,0,2,2,2
H4,704,2017,940370,     65.00,     20.00,     25.00,     21.67,0,0,0,3,3,3
H4,704,2017,940381,     25.00,     25.00,     25.00,     25.00,0,0,0,1,1,1
H4,704,2017,940389,     45.00,     20.00,     25.00,     22.50,0,0,0,2,2,2
H4,704,2017,940390,     40.00,     20.00,     20.00,     20.00,0,0,0,2,2,2
H4,704,2017,940410,     25.00,     25.00,     25.00,     25.00,0,0,0,1,1,1
H4,704,2017,940421,     25.00,     25.00,     25.00,     25.00,0,0,0,1,1,1
H4,704,2017,940429,     75.00,     25.00,     25.00,     25.00,0,0,0,3,3,3
H4,704,2017,940430,     25.00,     25.00,     25.00,     25.00,0,0,0,1,1,1
H4,704,2017,940490,     40.00,     20.00,     20.00,     20.00,0,0,0,2,2,2
H4,704,2017,940510,     55.00,      0.00,     30.00,     13.75,0,1,0,3,4,4
H4,704,2017,940520,     25.00,      0.00,     25.00,     12.50,0,1,0,1,2,2
H4,704,2017,940530,     25.00,     25.00,     25.00,     25.00,0,0,0,1,1,1
H4,704,2017,940540,     95.00,      0.00,     25.00,     11.88,0,1,0,7,8,8
H4,704,2017,940550,     80.00,      5.00,     25.00,     20.00,0,0,0,4,4,4
H4,704,2017,940560,     40.00,     20.00,     20.00,     20.00,0,0,0,2,2,2
H4,704,2017,940591,     50.00,      0.00,     20.00,     10.00,0,1,0,4,5,5
H4,704,2017,940592,     30.00,      0.00,     20.00,      7.50,0,1,0,3,4,4
H4,704,2017,940599,    100.00,     20.00,     20.00,     20.00,0,0,0,5,5,5
H4,704,2017,940600,     81.00,      3.00,     15.00,     11.57,0,0,0,7,7,7
H4,704,2017,950300,    190.00,     10.00,     20.00,     14.62,0,0,0,13,13,13
H4,704,2017,950420,     70.00,     20.00,     25.00,     23.33,0,0,0,3,3,3
H4,704,2017,950430,     60.00,     20.00,     20.00,     20.00,0,0,0,3,3,3
H4,704,2017,950440,     25.00,     25.00,     25.00,     25.00,0,0,0,1,1,1
H4,704,2017,950450,     20.00,     20.00,     20.00,     20.00,0,0,0,1,1,1
H4,704,2017,950490,    200.00,     25.00,     25.00,     25.00,0,0,0,8,8,8
H4,704,2017,950510,     25.00,     25.00,     25.00,     25.00,0,0,0,1,1,1
H4,704,2017,950590,     25.00,     25.00,     25.00,     25.00,0,0,0,1,1,1
H4,704,2017,950611,      5.00,      5.00,      5.00,      5.00,0,0,0,1,1,1
H4,704,2017,950612,      5.00,      5.00,      5.00,      5.00,0,0,0,1,1,1
H4,704,2017,950619,      5.00,      5.00,      5.00,      5.00,0,0,0,1,1,1
H4,704,2017,950621,      5.00,      5.00,      5.00,      5.00,0,0,0,1,1,1
H4,704,2017,950629,      5.00,      5.00,      5.00,      5.00,0,0,0,1,1,1
H4,704,2017,950631,      5.00,      5.00,      5.00,      5.00,0,0,0,1,1,1
H4,704,2017,950632,      5.00,      5.00,      5.00,      5.00,0,0,0,1,1,1
H4,704,2017,950639,      5.00,      5.00,      5.00,      5.00,0,0,0,1,1,1
H4,704,2017,950640,     10.00,      5.00,      5.00,      5.00,0,0,0,2,2,2
H4,704,2017,950651,      5.00,      5.00,      5.00,      5.00,0,0,0,1,1,1
H4,704,2017,950659,      5.00,      5.00,      5.00,      5.00,0,0,0,1,1,1
H4,704,2017,950661,      5.00,      5.00,      5.00,      5.00,0,0,0,1,1,1
H4,704,2017,950662,      5.00,      5.00,      5.00,      5.00,0,0,0,1,1,1
H4,704,2017,950669,      5.00,      5.00,      5.00,      5.00,0,0,0,1,1,1
H4,704,2017,950670,      5.00,      5.00,      5.00,      5.00,0,0,0,1,1,1
H4,704,2017,950691,      5.00,      5.00,      5.00,      5.00,0,0,0,1,1,1
H4,704,2017,950699,      5.00,      5.00,      5.00,      5.00,0,0,0,1,1,1
H4,704,2017,950710,      5.00,      5.00,      5.00,      5.00,0,0,0,1,1,1
H4,704,2017,950720,      5.00,      5.00,      5.00,      5.00,0,0,0,1,1,1
H4,704,2017,950730,      5.00,      5.00,      5.00,      5.00,0,0,0,1,1,1
H4,704,2017,950790,      5.00,      5.00,      5.00,      5.00,0,0,0,1,1,1
H4,704,2017,950810,     10.00,     10.00,     10.00,     10.00,0,0,0,1,1,1
H4,704,2017,950890,     10.00,     10.00,     10.00,     10.00,0,0,0,1,1,1
H4,704,2017,960110,     25.00,     25.00,     25.00,     25.00,0,0,0,1,1,1
H4,704,2017,960190,     75.00,     25.00,     25.00,     25.00,0,0,0,3,3,3
H4,704,2017,960200,     50.00,     10.00,     20.00,     16.67,0,0,0,3,3,3
H4,704,2017,960310,     50.00,     25.00,     25.00,     25.00,0,0,0,2,2,2
H4,704,2017,960321,     25.00,     25.00,     25.00,     25.00,0,0,0,1,1,1
H4,704,2017,960329,     25.00,     25.00,     25.00,     25.00,0,0,0,1,1,1
H4,704,2017,960330,     25.00,     25.00,     25.00,     25.00,0,0,0,1,1,1
H4,704,2017,960340,     25.00,     25.00,     25.00,     25.00,0,0,0,1,1,1
H4,704,2017,960350,     25.00,     25.00,     25.00,     25.00,0,0,0,1,1,1
H4,704,2017,960390,    100.00,     25.00,     25.00,     25.00,0,0,0,4,4,4
H4,704,2017,960400,     50.00,     25.00,     25.00,     25.00,0,0,0,2,2,2
H4,704,2017,960500,     25.00,     25.00,     25.00,     25.00,0,0,0,1,1,1
H4,704,2017,960610,     50.00,     25.00,     25.00,     25.00,0,0,0,2,2,2
H4,704,2017,960621,     25.00,     25.00,     25.00,     25.00,0,0,0,1,1,1
H4,704,2017,960622,     25.00,     25.00,     25.00,     25.00,0,0,0,1,1,1
H4,704,2017,960629,     25.00,     25.00,     25.00,     25.00,0,0,0,1,1,1
H4,704,2017,960630,     50.00,     25.00,     25.00,     25.00,0,0,0,2,2,2
H4,704,2017,960711,     20.00,     20.00,     20.00,     20.00,0,0,0,1,1,1
H4,704,2017,960719,     20.00,     20.00,     20.00,     20.00,0,0,0,1,1,1
H4,704,2017,960720,     15.00,     15.00,     15.00,     15.00,0,0,0,1,1,1
H4,704,2017,960810,     50.00,     25.00,     25.00,     25.00,0,0,0,2,2,2
H4,704,2017,960820,     25.00,     25.00,     25.00,     25.00,0,0,0,1,1,1
H4,704,2017,960830,     50.00,     25.00,     25.00,     25.00,0,0,0,2,2,2
H4,704,2017,960840,     25.00,     25.00,     25.00,     25.00,0,0,0,1,1,1
H4,704,2017,960850,     25.00,     25.00,     25.00,     25.00,0,0,0,1,1,1
H4,704,2017,960860,     20.00,     10.00,     10.00,     10.00,0,0,0,2,2,2
H4,704,2017,960891,     20.00,     10.00,     10.00,     10.00,0,0,0,2,2,2
H4,704,2017,960899,     75.00,     25.00,     25.00,     25.00,0,0,0,3,3,3
H4,704,2017,960910,     50.00,     25.00,     25.00,     25.00,0,0,0,2,2,2
H4,704,2017,960920,     25.00,     25.00,     25.00,     25.00,0,0,0,1,1,1
H4,704,2017,960990,    100.00,     25.00,     25.00,     25.00,0,0,0,4,4,4
H4,704,2017,961000,     50.00,     25.00,     25.00,     25.00,0,0,0,2,2,2
H4,704,2017,961100,     25.00,     25.00,     25.00,     25.00,0,0,0,1,1,1
H4,704,2017,961210,     20.00,     10.00,     10.00,     10.00,0,0,0,2,2,2
H4,704,2017,961220,      5.00,      5.00,      5.00,      5.00,0,0,0,1,1,1
H4,704,2017,961310,     50.00,     25.00,     25.00,     25.00,0,0,0,2,2,2
H4,704,2017,961320,     50.00,     25.00,     25.00,     25.00,0,0,0,2,2,2
H4,704,2017,961380,    100.00,     25.00,     25.00,     25.00,0,0,0,4,4,4
H4,704,2017,961390,     50.00,     25.00,     25.00,     25.00,0,0,0,2,2,2
H4,704,2017,961400,     50.00,     25.00,     25.00,     25.00,0,0,0,2,2,2
H4,704,2017,961511,     40.00,     20.00,     20.00,     20.00,0,0,0,2,2,2
H4,704,2017,961519,     20.00,     20.00,     20.00,     20.00,0,0,0,1,1,1
H4,704,2017,961590,    240.00,     20.00,     20.00,     20.00,0,0,0,12,12,12
H4,704,2017,961610,     35.00,     10.00,     25.00,     17.50,0,0,0,2,2,2
H4,704,2017,961620,     25.00,     25.00,     25.00,     25.00,0,0,0,1,1,1
H4,704,2017,961700,     55.00,     25.00,     30.00,     27.50,0,0,0,2,2,2
H4,704,2017,961800,     25.00,     25.00,     25.00,     25.00,0,0,0,1,1,1
H4,704,2017,961900,     90.00,      5.00,     20.00,     15.00,0,0,0,6,6,6
H4,704,2017,970110,      5.00,      5.00,      5.00,      5.00,0,0,0,1,1,1
H4,704,2017,970190,      5.00,      5.00,      5.00,      5.00,0,0,0,1,1,1
H4,704,2017,970200,      0.00,      0.00,      0.00,      0.00,0,1,0,0,1,1
H4,704,2017,970300,      0.00,      0.00,      0.00,      0.00,0,6,0,0,6,6
H4,704,2017,970400,     20.00,     20.00,     20.00,     20.00,0,0,0,1,1,1
H4,704,2017,970500,      0.00,      0.00,      0.00,      0.00,0,1,0,0,1,1
H4,704,2017,970600,      0.00,      0.00,      0.00,      0.00,0,1,0,0,1,1
