NomenCode,Reporter_ISO_N,Year,ProductCode,Sum_Of_Rates,Min_Rate,Max_Rate,SimpleAverage,Nbr_NA_Lines,Nbr_Free_Lines,Nbr_AVE_Lines,Nbr_Dutiable_Lines,TotalNoOfValidLines,TotalNoOfLines
H5,704,2018,010121,      0.00,      0.00,      0.00,      0.00,0,1,0,0,1,1
H5,704,2018,010129,      5.00,      5.00,      5.00,      5.00,0,0,0,1,1,1
H5,704,2018,010130,      5.00,      0.00,      5.00,      2.50,0,1,0,1,2,2
H5,704,2018,010190,      5.00,      5.00,      5.00,      5.00,0,0,0,1,1,1
H5,704,2018,010221,      0.00,      0.00,      0.00,      0.00,0,1,0,0,1,1
H5,704,2018,010229,     15.00,      5.00,      5.00,      5.00,0,0,0,3,3,3
H5,704,2018,010231,      0.00,      0.00,      0.00,      0.00,0,1,0,0,1,1
H5,704,2018,010239,      5.00,      5.00,      5.00,      5.00,0,0,0,1,1,1
H5,704,2018,010290,      5.00,      0.00,      5.00,      2.50,0,1,0,1,2,2
H5,704,2018,010310,      0.00,      0.00,      0.00,      0.00,0,1,0,0,1,1
H5,704,2018,010391,      5.00,      5.00,      5.00,      5.00,0,0,0,1,1,1
H5,704,2018,010392,      5.00,      5.00,      5.00,      5.00,0,0,0,1,1,1
H5,704,2018,010410,      5.00,      0.00,      5.00,      2.50,0,1,0,1,2,2
H5,704,2018,010420,      5.00,      0.00,      5.00,      2.50,0,1,0,1,2,2
H5,704,2018,010511,     10.00,      0.00,     10.00,      5.00,0,1,0,1,2,2
H5,704,2018,010512,     10.00,      0.00,     10.00,      5.00,0,1,0,1,2,2
H5,704,2018,010513,     10.00,      0.00,     10.00,      5.00,0,1,0,1,2,2
H5,704,2018,010514,     10.00,      0.00,     10.00,      5.00,0,1,0,1,2,2
H5,704,2018,010515,     10.00,      0.00,     10.00,      5.00,0,1,0,1,2,2
H5,704,2018,010594,     30.00,      0.00,     10.00,      6.00,0,1,0,4,5,5
H5,704,2018,010599,     10.00,      0.00,      5.00,      2.50,0,2,0,2,4,4
H5,704,2018,010611,      5.00,      5.00,      5.00,      5.00,0,0,0,1,1,1
H5,704,2018,010612,      5.00,      5.00,      5.00,      5.00,0,0,0,1,1,1
H5,704,2018,010613,      5.00,      5.00,      5.00,      5.00,0,0,0,1,1,1
H5,704,2018,010614,      5.00,      5.00,      5.00,      5.00,0,0,0,1,1,1
H5,704,2018,010619,      5.00,      5.00,      5.00,      5.00,0,0,0,1,1,1
H5,704,2018,010620,      5.00,      5.00,      5.00,      5.00,0,0,0,1,1,1
H5,704,2018,010631,      5.00,      5.00,      5.00,      5.00,0,0,0,1,1,1
H5,704,2018,010632,      5.00,      5.00,      5.00,      5.00,0,0,0,1,1,1
H5,704,2018,010633,      5.00,      5.00,      5.00,      5.00,0,0,0,1,1,1
H5,704,2018,010639,      5.00,      5.00,      5.00,      5.00,0,0,0,1,1,1
H5,704,2018,010641,      5.00,      5.00,      5.00,      5.00,0,0,0,1,1,1
H5,704,2018,010649,      5.00,      5.00,      5.00,      5.00,0,0,0,1,1,1
H5,704,2018,010690,      5.00,      5.00,      5.00,      5.00,0,0,0,1,1,1
H5,704,2018,020110,     30.00,     30.00,     30.00,     30.00,0,0,0,1,1,1
H5,704,2018,020120,     20.00,     20.00,     20.00,     20.00,0,0,0,1,1,1
H5,704,2018,020130,     14.00,     14.00,     14.00,     14.00,0,0,0,1,1,1
H5,704,2018,020210,     20.00,     20.00,     20.00,     20.00,0,0,0,1,1,1
H5,704,2018,020220,     20.00,     20.00,     20.00,     20.00,0,0,0,1,1,1
H5,704,2018,020230,     14.00,     14.00,     14.00,     14.00,0,0,0,1,1,1
H5,704,2018,020311,     25.00,     25.00,     25.00,     25.00,0,0,0,1,1,1
H5,704,2018,020312,     25.00,     25.00,     25.00,     25.00,0,0,0,1,1,1
H5,704,2018,020319,     25.00,     25.00,     25.00,     25.00,0,0,0,1,1,1
H5,704,2018,020321,     15.00,     15.00,     15.00,     15.00,0,0,0,1,1,1
H5,704,2018,020322,     15.00,     15.00,     15.00,     15.00,0,0,0,1,1,1
H5,704,2018,020329,     15.00,     15.00,     15.00,     15.00,0,0,0,1,1,1
H5,704,2018,020410,      7.00,      7.00,      7.00,      7.00,0,0,0,1,1,1
H5,704,2018,020421,      7.00,      7.00,      7.00,      7.00,0,0,0,1,1,1
H5,704,2018,020422,      7.00,      7.00,      7.00,      7.00,0,0,0,1,1,1
H5,704,2018,020423,      7.00,      7.00,      7.00,      7.00,0,0,0,1,1,1
H5,704,2018,020430,      7.00,      7.00,      7.00,      7.00,0,0,0,1,1,1
H5,704,2018,020441,      7.00,      7.00,      7.00,      7.00,0,0,0,1,1,1
H5,704,2018,020442,      7.00,      7.00,      7.00,      7.00,0,0,0,1,1,1
H5,704,2018,020443,      7.00,      7.00,      7.00,      7.00,0,0,0,1,1,1
H5,704,2018,020450,      7.00,      7.00,      7.00,      7.00,0,0,0,1,1,1
H5,704,2018,020500,     10.00,     10.00,     10.00,     10.00,0,0,0,1,1,1
H5,704,2018,020610,      8.00,      8.00,      8.00,      8.00,0,0,0,1,1,1
H5,704,2018,020621,      8.00,      8.00,      8.00,      8.00,0,0,0,1,1,1
H5,704,2018,020622,      8.00,      8.00,      8.00,      8.00,0,0,0,1,1,1
H5,704,2018,020629,      8.00,      8.00,      8.00,      8.00,0,0,0,1,1,1
H5,704,2018,020630,      8.00,      8.00,      8.00,      8.00,0,0,0,1,1,1
H5,704,2018,020641,      8.00,      8.00,      8.00,      8.00,0,0,0,1,1,1
H5,704,2018,020649,      8.00,      8.00,      8.00,      8.00,0,0,0,1,1,1
H5,704,2018,020680,     10.00,     10.00,     10.00,     10.00,0,0,0,1,1,1
H5,704,2018,020690,     10.00,     10.00,     10.00,     10.00,0,0,0,1,1,1
H5,704,2018,020711,     40.00,     40.00,     40.00,     40.00,0,0,0,1,1,1
H5,704,2018,020712,     40.00,     40.00,     40.00,     40.00,0,0,0,1,1,1
H5,704,2018,020713,     40.00,     40.00,     40.00,     40.00,0,0,0,1,1,1
H5,704,2018,020714,    100.00,     20.00,     20.00,     20.00,0,0,0,5,5,5
H5,704,2018,020724,     40.00,     40.00,     40.00,     40.00,0,0,0,1,1,1
H5,704,2018,020725,     40.00,     40.00,     40.00,     40.00,0,0,0,1,1,1
H5,704,2018,020726,     40.00,     40.00,     40.00,     40.00,0,0,0,1,1,1
H5,704,2018,020727,     60.00,     20.00,     20.00,     20.00,0,0,0,3,3,3
H5,704,2018,020741,     40.00,     40.00,     40.00,     40.00,0,0,0,1,1,1
H5,704,2018,020742,     40.00,     40.00,     40.00,     40.00,0,0,0,1,1,1
H5,704,2018,020743,     15.00,     15.00,     15.00,     15.00,0,0,0,1,1,1
H5,704,2018,020744,     15.00,     15.00,     15.00,     15.00,0,0,0,1,1,1
H5,704,2018,020745,     15.00,     15.00,     15.00,     15.00,0,0,0,1,1,1
H5,704,2018,020751,     40.00,     40.00,     40.00,     40.00,0,0,0,1,1,1
H5,704,2018,020752,     40.00,     40.00,     40.00,     40.00,0,0,0,1,1,1
H5,704,2018,020753,     15.00,     15.00,     15.00,     15.00,0,0,0,1,1,1
H5,704,2018,020754,     15.00,     15.00,     15.00,     15.00,0,0,0,1,1,1
H5,704,2018,020755,     15.00,     15.00,     15.00,     15.00,0,0,0,1,1,1
H5,704,2018,020760,     40.00,     40.00,     40.00,     40.00,0,0,0,1,1,1
H5,704,2018,020810,     10.00,     10.00,     10.00,     10.00,0,0,0,1,1,1
H5,704,2018,020830,     10.00,     10.00,     10.00,     10.00,0,0,0,1,1,1
H5,704,2018,020840,     15.00,      5.00,     10.00,      7.50,0,0,0,2,2,2
H5,704,2018,020850,     10.00,     10.00,     10.00,     10.00,0,0,0,1,1,1
H5,704,2018,020860,      5.00,      5.00,      5.00,      5.00,0,0,0,1,1,1
H5,704,2018,020890,     15.00,      5.00,     10.00,      7.50,0,0,0,2,2,2
H5,704,2018,020910,     10.00,     10.00,     10.00,     10.00,0,0,0,1,1,1
H5,704,2018,020990,     10.00,     10.00,     10.00,     10.00,0,0,0,1,1,1
H5,704,2018,021011,     10.00,     10.00,     10.00,     10.00,0,0,0,1,1,1
H5,704,2018,021012,     10.00,     10.00,     10.00,     10.00,0,0,0,1,1,1
H5,704,2018,021019,     20.00,     10.00,     10.00,     10.00,0,0,0,2,2,2
H5,704,2018,021020,     15.00,     15.00,     15.00,     15.00,0,0,0,1,1,1
H5,704,2018,021091,     20.00,     20.00,     20.00,     20.00,0,0,0,1,1,1
H5,704,2018,021092,     40.00,     20.00,     20.00,     20.00,0,0,0,2,2,2
H5,704,2018,021093,     20.00,     20.00,     20.00,     20.00,0,0,0,1,1,1
H5,704,2018,021099,     60.00,     20.00,     20.00,     20.00,0,0,0,3,3,3
H5,704,2018,030111,    150.00,     15.00,     20.00,     18.75,0,0,0,8,8,8
H5,704,2018,030119,     75.00,     15.00,     20.00,     18.75,0,0,0,4,4,4
H5,704,2018,030191,     20.00,     20.00,     20.00,     20.00,0,0,0,1,1,1
H5,704,2018,030192,     20.00,     20.00,     20.00,     20.00,0,0,0,1,1,1
H5,704,2018,030193,     20.00,      0.00,     20.00,     10.00,0,1,0,1,2,2
H5,704,2018,030194,     20.00,     20.00,     20.00,     20.00,0,0,0,1,1,1
H5,704,2018,030195,     20.00,     20.00,     20.00,     20.00,0,0,0,1,1,1
H5,704,2018,030199,    140.00,      0.00,     20.00,     12.73,0,4,0,7,11,11
H5,704,2018,030211,     10.00,     10.00,     10.00,     10.00,0,0,0,1,1,1
H5,704,2018,030213,     10.00,     10.00,     10.00,     10.00,0,0,0,1,1,1
H5,704,2018,030214,     10.00,     10.00,     10.00,     10.00,0,0,0,1,1,1
H5,704,2018,030219,     20.00,     20.00,     20.00,     20.00,0,0,0,1,1,1
H5,704,2018,030221,     20.00,     20.00,     20.00,     20.00,0,0,0,1,1,1
H5,704,2018,030222,     20.00,     20.00,     20.00,     20.00,0,0,0,1,1,1
H5,704,2018,030223,     20.00,     20.00,     20.00,     20.00,0,0,0,1,1,1
H5,704,2018,030224,     15.00,     15.00,     15.00,     15.00,0,0,0,1,1,1
H5,704,2018,030229,     15.00,     15.00,     15.00,     15.00,0,0,0,1,1,1
H5,704,2018,030231,     15.00,     15.00,     15.00,     15.00,0,0,0,1,1,1
H5,704,2018,030232,     15.00,     15.00,     15.00,     15.00,0,0,0,1,1,1
H5,704,2018,030233,     20.00,     20.00,     20.00,     20.00,0,0,0,1,1,1
H5,704,2018,030234,     15.00,     15.00,     15.00,     15.00,0,0,0,1,1,1
H5,704,2018,030235,     15.00,     15.00,     15.00,     15.00,0,0,0,1,1,1
H5,704,2018,030236,     15.00,     15.00,     15.00,     15.00,0,0,0,1,1,1
H5,704,2018,030239,     15.00,     15.00,     15.00,     15.00,0,0,0,1,1,1
H5,704,2018,030241,     20.00,     20.00,     20.00,     20.00,0,0,0,1,1,1
H5,704,2018,030242,     12.00,     12.00,     12.00,     12.00,0,0,0,1,1,1
H5,704,2018,030243,     20.00,     20.00,     20.00,     20.00,0,0,0,1,1,1
H5,704,2018,030244,     15.00,     15.00,     15.00,     15.00,0,0,0,1,1,1
H5,704,2018,030245,     12.00,     12.00,     12.00,     12.00,0,0,0,1,1,1
H5,704,2018,030246,     12.00,     12.00,     12.00,     12.00,0,0,0,1,1,1
H5,704,2018,030247,     12.00,     12.00,     12.00,     12.00,0,0,0,1,1,1
H5,704,2018,030249,     12.00,     12.00,     12.00,     12.00,0,0,0,1,1,1
H5,704,2018,030251,     20.00,     20.00,     20.00,     20.00,0,0,0,1,1,1
H5,704,2018,030252,     20.00,     20.00,     20.00,     20.00,0,0,0,1,1,1
H5,704,2018,030253,     20.00,     20.00,     20.00,     20.00,0,0,0,1,1,1
H5,704,2018,030254,     12.00,     12.00,     12.00,     12.00,0,0,0,1,1,1
H5,704,2018,030255,     12.00,     12.00,     12.00,     12.00,0,0,0,1,1,1
H5,704,2018,030256,     12.00,     12.00,     12.00,     12.00,0,0,0,1,1,1
H5,704,2018,030259,     12.00,     12.00,     12.00,     12.00,0,0,0,1,1,1
H5,704,2018,030271,     20.00,     20.00,     20.00,     20.00,0,0,0,1,1,1
H5,704,2018,030272,     40.00,     20.00,     20.00,     20.00,0,0,0,2,2,2
H5,704,2018,030273,     20.00,     20.00,     20.00,     20.00,0,0,0,1,1,1
H5,704,2018,030274,     20.00,     20.00,     20.00,     20.00,0,0,0,1,1,1
H5,704,2018,030279,     20.00,     20.00,     20.00,     20.00,0,0,0,1,1,1
H5,704,2018,030281,     15.00,     15.00,     15.00,     15.00,0,0,0,1,1,1
H5,704,2018,030282,     12.00,     12.00,     12.00,     12.00,0,0,0,1,1,1
H5,704,2018,030283,     12.00,     12.00,     12.00,     12.00,0,0,0,1,1,1
H5,704,2018,030284,     12.00,     12.00,     12.00,     12.00,0,0,0,1,1,1
H5,704,2018,030285,     12.00,     12.00,     12.00,     12.00,0,0,0,1,1,1
H5,704,2018,030289,    196.00,     12.00,     20.00,     15.08,0,0,0,13,13,13
H5,704,2018,030291,     20.00,     20.00,     20.00,     20.00,0,0,0,1,1,1
H5,704,2018,030292,     15.00,     15.00,     15.00,     15.00,0,0,0,1,1,1
H5,704,2018,030299,     10.00,     10.00,     10.00,     10.00,0,0,0,1,1,1
H5,704,2018,030311,     15.00,     15.00,     15.00,     15.00,0,0,0,1,1,1
H5,704,2018,030312,     12.00,     12.00,     12.00,     12.00,0,0,0,1,1,1
H5,704,2018,030313,     10.00,     10.00,     10.00,     10.00,0,0,0,1,1,1
H5,704,2018,030314,     10.00,     10.00,     10.00,     10.00,0,0,0,1,1,1
H5,704,2018,030319,     15.00,     15.00,     15.00,     15.00,0,0,0,1,1,1
H5,704,2018,030323,     20.00,     20.00,     20.00,     20.00,0,0,0,1,1,1
H5,704,2018,030324,     20.00,     20.00,     20.00,     20.00,0,0,0,1,1,1
H5,704,2018,030325,     20.00,     20.00,     20.00,     20.00,0,0,0,1,1,1
H5,704,2018,030326,     15.00,     15.00,     15.00,     15.00,0,0,0,1,1,1
H5,704,2018,030329,     20.00,     20.00,     20.00,     20.00,0,0,0,1,1,1
H5,704,2018,030331,     12.00,     12.00,     12.00,     12.00,0,0,0,1,1,1
H5,704,2018,030332,     20.00,     20.00,     20.00,     20.00,0,0,0,1,1,1
H5,704,2018,030333,     20.00,     20.00,     20.00,     20.00,0,0,0,1,1,1
H5,704,2018,030334,     15.00,     15.00,     15.00,     15.00,0,0,0,1,1,1
H5,704,2018,030339,     15.00,     15.00,     15.00,     15.00,0,0,0,1,1,1
H5,704,2018,030341,     12.00,     12.00,     12.00,     12.00,0,0,0,1,1,1
H5,704,2018,030342,     20.00,     20.00,     20.00,     20.00,0,0,0,1,1,1
H5,704,2018,030343,     15.00,     15.00,     15.00,     15.00,0,0,0,1,1,1
H5,704,2018,030344,     20.00,     20.00,     20.00,     20.00,0,0,0,1,1,1
H5,704,2018,030345,     28.00,     14.00,     14.00,     14.00,0,0,0,2,2,2
H5,704,2018,030346,     15.00,     15.00,     15.00,     15.00,0,0,0,1,1,1
H5,704,2018,030349,     15.00,     15.00,     15.00,     15.00,0,0,0,1,1,1
H5,704,2018,030351,     10.00,     10.00,     10.00,     10.00,0,0,0,1,1,1
H5,704,2018,030353,     20.00,     20.00,     20.00,     20.00,0,0,0,1,1,1
H5,704,2018,030354,     26.00,     13.00,     13.00,     13.00,0,0,0,2,2,2
H5,704,2018,030355,     10.00,     10.00,     10.00,     10.00,0,0,0,1,1,1
H5,704,2018,030356,     10.00,     10.00,     10.00,     10.00,0,0,0,1,1,1
H5,704,2018,030357,     10.00,     10.00,     10.00,     10.00,0,0,0,1,1,1
H5,704,2018,030359,     30.00,     10.00,     10.00,     10.00,0,0,0,3,3,3
H5,704,2018,030363,     14.00,     14.00,     14.00,     14.00,0,0,0,1,1,1
H5,704,2018,030364,     14.00,     14.00,     14.00,     14.00,0,0,0,1,1,1
H5,704,2018,030365,     14.00,     14.00,     14.00,     14.00,0,0,0,1,1,1
H5,704,2018,030366,     12.00,     12.00,     12.00,     12.00,0,0,0,1,1,1
H5,704,2018,030367,     10.00,     10.00,     10.00,     10.00,0,0,0,1,1,1
H5,704,2018,030368,     10.00,     10.00,     10.00,     10.00,0,0,0,1,1,1
H5,704,2018,030369,     10.00,     10.00,     10.00,     10.00,0,0,0,1,1,1
H5,704,2018,030381,     15.00,     15.00,     15.00,     15.00,0,0,0,1,1,1
H5,704,2018,030382,     10.00,     10.00,     10.00,     10.00,0,0,0,1,1,1
H5,704,2018,030383,     10.00,     10.00,     10.00,     10.00,0,0,0,1,1,1
H5,704,2018,030384,     20.00,     20.00,     20.00,     20.00,0,0,0,1,1,1
H5,704,2018,030389,    180.00,     10.00,     20.00,     13.85,0,0,0,13,13,13
H5,704,2018,030391,     12.00,     12.00,     12.00,     12.00,0,0,0,1,1,1
H5,704,2018,030392,     15.00,     15.00,     15.00,     15.00,0,0,0,1,1,1
H5,704,2018,030399,     10.00,     10.00,     10.00,     10.00,0,0,0,1,1,1
H5,704,2018,030431,     15.00,     15.00,     15.00,     15.00,0,0,0,1,1,1
H5,704,2018,030432,     15.00,     15.00,     15.00,     15.00,0,0,0,1,1,1
H5,704,2018,030433,     15.00,     15.00,     15.00,     15.00,0,0,0,1,1,1
H5,704,2018,030439,     15.00,     15.00,     15.00,     15.00,0,0,0,1,1,1
H5,704,2018,030441,     15.00,     15.00,     15.00,     15.00,0,0,0,1,1,1
H5,704,2018,030442,     15.00,     15.00,     15.00,     15.00,0,0,0,1,1,1
H5,704,2018,030443,     15.00,     15.00,     15.00,     15.00,0,0,0,1,1,1
H5,704,2018,030444,     15.00,     15.00,     15.00,     15.00,0,0,0,1,1,1
H5,704,2018,030445,     15.00,     15.00,     15.00,     15.00,0,0,0,1,1,1
H5,704,2018,030446,     15.00,     15.00,     15.00,     15.00,0,0,0,1,1,1
H5,704,2018,030447,     15.00,     15.00,     15.00,     15.00,0,0,0,1,1,1
H5,704,2018,030448,     15.00,     15.00,     15.00,     15.00,0,0,0,1,1,1
H5,704,2018,030449,     15.00,     15.00,     15.00,     15.00,0,0,0,1,1,1
H5,704,2018,030451,     15.00,     15.00,     15.00,     15.00,0,0,0,1,1,1
H5,704,2018,030452,     15.00,     15.00,     15.00,     15.00,0,0,0,1,1,1
H5,704,2018,030453,     15.00,     15.00,     15.00,     15.00,0,0,0,1,1,1
H5,704,2018,030454,     15.00,     15.00,     15.00,     15.00,0,0,0,1,1,1
H5,704,2018,030455,     15.00,     15.00,     15.00,     15.00,0,0,0,1,1,1
H5,704,2018,030456,     15.00,     15.00,     15.00,     15.00,0,0,0,1,1,1
H5,704,2018,030457,     15.00,     15.00,     15.00,     15.00,0,0,0,1,1,1
H5,704,2018,030459,     15.00,     15.00,     15.00,     15.00,0,0,0,1,1,1
H5,704,2018,030461,     15.00,     15.00,     15.00,     15.00,0,0,0,1,1,1
H5,704,2018,030462,     15.00,     15.00,     15.00,     15.00,0,0,0,1,1,1
H5,704,2018,030463,     15.00,     15.00,     15.00,     15.00,0,0,0,1,1,1
H5,704,2018,030469,     15.00,     15.00,     15.00,     15.00,0,0,0,1,1,1
H5,704,2018,030471,     15.00,     15.00,     15.00,     15.00,0,0,0,1,1,1
H5,704,2018,030472,     15.00,     15.00,     15.00,     15.00,0,0,0,1,1,1
H5,704,2018,030473,     15.00,     15.00,     15.00,     15.00,0,0,0,1,1,1
H5,704,2018,030474,     15.00,     15.00,     15.00,     15.00,0,0,0,1,1,1
H5,704,2018,030475,     15.00,     15.00,     15.00,     15.00,0,0,0,1,1,1
H5,704,2018,030479,     15.00,     15.00,     15.00,     15.00,0,0,0,1,1,1
H5,704,2018,030481,     15.00,     15.00,     15.00,     15.00,0,0,0,1,1,1
H5,704,2018,030482,     15.00,     15.00,     15.00,     15.00,0,0,0,1,1,1
H5,704,2018,030483,     15.00,     15.00,     15.00,     15.00,0,0,0,1,1,1
H5,704,2018,030484,     15.00,     15.00,     15.00,     15.00,0,0,0,1,1,1
H5,704,2018,030485,     15.00,     15.00,     15.00,     15.00,0,0,0,1,1,1
H5,704,2018,030486,     15.00,     15.00,     15.00,     15.00,0,0,0,1,1,1
H5,704,2018,030487,     15.00,     15.00,     15.00,     15.00,0,0,0,1,1,1
H5,704,2018,030488,     15.00,     15.00,     15.00,     15.00,0,0,0,1,1,1
H5,704,2018,030489,     15.00,     15.00,     15.00,     15.00,0,0,0,1,1,1
H5,704,2018,030491,     15.00,     15.00,     15.00,     15.00,0,0,0,1,1,1
H5,704,2018,030492,     15.00,     15.00,     15.00,     15.00,0,0,0,1,1,1
H5,704,2018,030493,     15.00,     15.00,     15.00,     15.00,0,0,0,1,1,1
H5,704,2018,030494,     15.00,     15.00,     15.00,     15.00,0,0,0,1,1,1
H5,704,2018,030495,     15.00,     15.00,     15.00,     15.00,0,0,0,1,1,1
H5,704,2018,030496,     15.00,     15.00,     15.00,     15.00,0,0,0,1,1,1
H5,704,2018,030497,     15.00,     15.00,     15.00,     15.00,0,0,0,1,1,1
H5,704,2018,030499,     15.00,     15.00,     15.00,     15.00,0,0,0,1,1,1
H5,704,2018,030510,     20.00,     20.00,     20.00,     20.00,0,0,0,1,1,1
H5,704,2018,030520,     40.00,     20.00,     20.00,     20.00,0,0,0,2,2,2
H5,704,2018,030531,     20.00,     20.00,     20.00,     20.00,0,0,0,1,1,1
H5,704,2018,030532,     20.00,     20.00,     20.00,     20.00,0,0,0,1,1,1
H5,704,2018,030539,    100.00,     20.00,     20.00,     20.00,0,0,0,5,5,5
H5,704,2018,030541,     15.00,     15.00,     15.00,     15.00,0,0,0,1,1,1
H5,704,2018,030542,     20.00,     20.00,     20.00,     20.00,0,0,0,1,1,1
H5,704,2018,030543,     20.00,     20.00,     20.00,     20.00,0,0,0,1,1,1
H5,704,2018,030544,     20.00,     20.00,     20.00,     20.00,0,0,0,1,1,1
H5,704,2018,030549,     20.00,     20.00,     20.00,     20.00,0,0,0,1,1,1
H5,704,2018,030551,     20.00,     20.00,     20.00,     20.00,0,0,0,1,1,1
H5,704,2018,030552,     20.00,     20.00,     20.00,     20.00,0,0,0,1,1,1
H5,704,2018,030553,     20.00,     20.00,     20.00,     20.00,0,0,0,1,1,1
H5,704,2018,030554,     20.00,     20.00,     20.00,     20.00,0,0,0,1,1,1
H5,704,2018,030559,     60.00,     20.00,     20.00,     20.00,0,0,0,3,3,3
H5,704,2018,030561,     20.00,     20.00,     20.00,     20.00,0,0,0,1,1,1
H5,704,2018,030562,     20.00,     20.00,     20.00,     20.00,0,0,0,1,1,1
H5,704,2018,030563,     20.00,     20.00,     20.00,     20.00,0,0,0,1,1,1
H5,704,2018,030564,     20.00,     20.00,     20.00,     20.00,0,0,0,1,1,1
H5,704,2018,030569,     40.00,     20.00,     20.00,     20.00,0,0,0,2,2,2
H5,704,2018,030571,     20.00,     20.00,     20.00,     20.00,0,0,0,1,1,1
H5,704,2018,030572,     40.00,      5.00,     15.00,     10.00,0,0,0,4,4,4
H5,704,2018,030579,     30.00,     15.00,     15.00,     15.00,0,0,0,2,2,2
H5,704,2018,030611,     42.00,     15.00,     27.00,     21.00,0,0,0,2,2,2
H5,704,2018,030612,     37.00,     10.00,     27.00,     18.50,0,0,0,2,2,2
H5,704,2018,030614,      3.00,      0.00,      3.00,      1.50,0,1,0,1,2,2
H5,704,2018,030615,     10.00,     10.00,     10.00,     10.00,0,0,0,1,1,1
H5,704,2018,030616,      3.00,      3.00,      3.00,      3.00,0,0,0,1,1,1
H5,704,2018,030617,     72.00,      0.00,     12.00,     10.29,0,1,0,6,7,7
H5,704,2018,030619,      0.00,      0.00,      0.00,      0.00,0,1,0,0,1,1
H5,704,2018,030631,     20.00,      0.00,     10.00,      6.67,0,1,0,2,3,3
H5,704,2018,030632,     20.00,      0.00,     10.00,      6.67,0,1,0,2,3,3
H5,704,2018,030633,      0.00,      0.00,      0.00,      0.00,0,1,0,0,1,1
H5,704,2018,030634,     10.00,     10.00,     10.00,     10.00,0,0,0,1,1,1
H5,704,2018,030635,      0.00,      0.00,      0.00,      0.00,0,3,0,0,3,3
H5,704,2018,030636,     40.00,      0.00,     10.00,      3.33,0,8,0,4,12,12
H5,704,2018,030639,      0.00,      0.00,      0.00,      0.00,0,3,0,0,3,3
H5,704,2018,030691,     74.00,     10.00,     27.00,     18.50,0,0,0,4,4,4
H5,704,2018,030692,     74.00,     10.00,     27.00,     18.50,0,0,0,4,4,4
H5,704,2018,030693,     47.00,     10.00,     27.00,     15.67,0,0,0,3,3,3
H5,704,2018,030694,     37.00,     10.00,     27.00,     18.50,0,0,0,2,2,2
H5,704,2018,030695,     30.00,     10.00,     10.00,     10.00,0,0,0,3,3,3
H5,704,2018,030699,     74.00,     10.00,     27.00,     18.50,0,0,0,4,4,4
H5,704,2018,030711,      0.00,      0.00,      0.00,      0.00,0,2,0,0,2,2
H5,704,2018,030712,      3.00,      3.00,      3.00,      3.00,0,0,0,1,1,1
H5,704,2018,030719,     35.00,     10.00,     25.00,     17.50,0,0,0,2,2,2
H5,704,2018,030721,      0.00,      0.00,      0.00,      0.00,0,2,0,0,2,2
H5,704,2018,030722,      3.00,      3.00,      3.00,      3.00,0,0,0,1,1,1
H5,704,2018,030729,     20.00,     10.00,     10.00,     10.00,0,0,0,2,2,2
H5,704,2018,030731,      0.00,      0.00,      0.00,      0.00,0,2,0,0,2,2
H5,704,2018,030732,      0.00,      0.00,      0.00,      0.00,0,1,0,0,1,1
H5,704,2018,030739,     20.00,     10.00,     10.00,     10.00,0,0,0,2,2,2
H5,704,2018,030742,     13.00,      0.00,     10.00,      3.25,0,2,0,2,4,4
H5,704,2018,030743,     10.00,      0.00,     10.00,      5.00,0,1,0,1,2,2
H5,704,2018,030749,     35.00,     10.00,     15.00,     11.67,0,0,0,3,3,3
H5,704,2018,030751,     10.00,      0.00,     10.00,      5.00,0,1,0,1,2,2
H5,704,2018,030752,     15.00,     15.00,     15.00,     15.00,0,0,0,1,1,1
H5,704,2018,030759,     35.00,     10.00,     25.00,     17.50,0,0,0,2,2,2
H5,704,2018,030760,     20.00,      0.00,     10.00,      5.00,0,2,0,2,4,4
H5,704,2018,030771,      3.00,      0.00,      3.00,      1.50,0,1,0,1,2,2
H5,704,2018,030772,      0.00,      0.00,      0.00,      0.00,0,1,0,0,1,1
H5,704,2018,030779,     20.00,     10.00,     10.00,     10.00,0,0,0,2,2,2
H5,704,2018,030781,      0.00,      0.00,      0.00,      0.00,0,2,0,0,2,2
H5,704,2018,030782,      3.00,      0.00,      3.00,      1.50,0,1,0,1,2,2
H5,704,2018,030783,      0.00,      0.00,      0.00,      0.00,0,1,0,0,1,1
H5,704,2018,030784,      0.00,      0.00,      0.00,      0.00,0,1,0,0,1,1
H5,704,2018,030787,     20.00,     10.00,     10.00,     10.00,0,0,0,2,2,2
H5,704,2018,030788,     20.00,     10.00,     10.00,     10.00,0,0,0,2,2,2
H5,704,2018,030791,      3.00,      0.00,      3.00,      1.50,0,1,0,1,2,2
H5,704,2018,030792,      0.00,      0.00,      0.00,      0.00,0,1,0,0,1,1
H5,704,2018,030799,     35.00,     10.00,     15.00,     11.67,0,0,0,3,3,3
H5,704,2018,030811,      0.00,      0.00,      0.00,      0.00,0,2,0,0,2,2
H5,704,2018,030812,      0.00,      0.00,      0.00,      0.00,0,1,0,0,1,1
H5,704,2018,030819,     35.00,     10.00,     25.00,     17.50,0,0,0,2,2,2
H5,704,2018,030821,      0.00,      0.00,      0.00,      0.00,0,2,0,0,2,2
H5,704,2018,030822,      0.00,      0.00,      0.00,      0.00,0,1,0,0,1,1
H5,704,2018,030829,     35.00,     10.00,     25.00,     17.50,0,0,0,2,2,2
H5,704,2018,030830,     35.00,      0.00,     25.00,      7.00,0,3,0,2,5,5
H5,704,2018,030890,     35.00,      0.00,     25.00,      5.83,0,4,0,2,6,6
H5,704,2018,040110,     30.00,     15.00,     15.00,     15.00,0,0,0,2,2,2
H5,704,2018,040120,     30.00,     15.00,     15.00,     15.00,0,0,0,2,2,2
H5,704,2018,040140,     45.00,     15.00,     15.00,     15.00,0,0,0,3,3,3
H5,704,2018,040150,     30.00,     15.00,     15.00,     15.00,0,0,0,2,2,2
H5,704,2018,040210,     30.00,      5.00,      5.00,      5.00,0,0,0,6,6,6
H5,704,2018,040221,     15.00,      5.00,      5.00,      5.00,0,0,0,3,3,3
H5,704,2018,040229,     15.00,      5.00,      5.00,      5.00,0,0,0,3,3,3
H5,704,2018,040291,      5.00,      5.00,      5.00,      5.00,0,0,0,1,1,1
H5,704,2018,040299,      5.00,      5.00,      5.00,      5.00,0,0,0,1,1,1
H5,704,2018,040310,     80.00,     20.00,     20.00,     20.00,0,0,0,4,4,4
H5,704,2018,040390,     40.00,     20.00,     20.00,     20.00,0,0,0,2,2,2
H5,704,2018,040410,      0.00,      0.00,      0.00,      0.00,0,2,0,0,2,2
H5,704,2018,040490,      5.00,      5.00,      5.00,      5.00,0,0,0,1,1,1
H5,704,2018,040510,     13.00,     13.00,     13.00,     13.00,0,0,0,1,1,1
H5,704,2018,040520,     15.00,     15.00,     15.00,     15.00,0,0,0,1,1,1
H5,704,2018,040590,     30.00,      5.00,     15.00,      7.50,0,0,0,4,4,4
H5,704,2018,040610,     20.00,     10.00,     10.00,     10.00,0,0,0,2,2,2
H5,704,2018,040620,     20.00,     10.00,     10.00,     10.00,0,0,0,2,2,2
H5,704,2018,040630,     10.00,     10.00,     10.00,     10.00,0,0,0,1,1,1
H5,704,2018,040640,     10.00,     10.00,     10.00,     10.00,0,0,0,1,1,1
H5,704,2018,040690,     10.00,     10.00,     10.00,     10.00,0,0,0,1,1,1
H5,704,2018,040711,      0.00,      0.00,      0.00,      0.00,0,2,0,0,2,2
H5,704,2018,040719,      0.00,      0.00,      0.00,      0.00,0,4,0,0,4,4
H5,704,2018,040721,     80.00,     80.00,     80.00,     80.00,0,0,0,1,1,1
H5,704,2018,040729,    160.00,     80.00,     80.00,     80.00,0,0,0,2,2,2
H5,704,2018,040790,    240.00,     80.00,     80.00,     80.00,0,0,0,3,3,3
H5,704,2018,040811,     20.00,     20.00,     20.00,     20.00,0,0,0,1,1,1
H5,704,2018,040819,     20.00,     20.00,     20.00,     20.00,0,0,0,1,1,1
H5,704,2018,040891,     20.00,     20.00,     20.00,     20.00,0,0,0,1,1,1
H5,704,2018,040899,     20.00,     20.00,     20.00,     20.00,0,0,0,1,1,1
H5,704,2018,040900,     10.00,     10.00,     10.00,     10.00,0,0,0,1,1,1
H5,704,2018,041000,     10.00,      5.00,      5.00,      5.00,0,0,0,2,2,2
H5,704,2018,050100,      5.00,      5.00,      5.00,      5.00,0,0,0,1,1,1
H5,704,2018,050210,      5.00,      5.00,      5.00,      5.00,0,0,0,1,1,1
H5,704,2018,050290,      5.00,      5.00,      5.00,      5.00,0,0,0,1,1,1
H5,704,2018,050400,      3.00,      3.00,      3.00,      3.00,0,0,0,1,1,1
H5,704,2018,050510,     10.00,      5.00,      5.00,      5.00,0,0,0,2,2,2
H5,704,2018,050590,     10.00,      5.00,      5.00,      5.00,0,0,0,2,2,2
H5,704,2018,050610,      0.00,      0.00,      0.00,      0.00,0,1,0,0,1,1
H5,704,2018,050690,      0.00,      0.00,      0.00,      0.00,0,1,0,0,1,1
H5,704,2018,050710,      3.00,      3.00,      3.00,      3.00,0,0,0,1,1,1
H5,704,2018,050790,      8.00,      3.00,      5.00,      4.00,0,0,0,2,2,2
H5,704,2018,050800,     10.00,      5.00,      5.00,      5.00,0,0,0,2,2,2
H5,704,2018,051000,      0.00,      0.00,      0.00,      0.00,0,1,0,0,1,1
H5,704,2018,051110,      0.00,      0.00,      0.00,      0.00,0,1,0,0,1,1
H5,704,2018,051191,     15.00,      0.00,      5.00,      3.75,0,1,0,3,4,4
H5,704,2018,051199,      0.00,      0.00,      0.00,      0.00,0,4,0,0,4,4
H5,704,2018,060110,      0.00,      0.00,      0.00,      0.00,0,1,0,0,1,1
H5,704,2018,060120,      0.00,      0.00,      0.00,      0.00,0,3,0,0,3,3
H5,704,2018,060210,      0.00,      0.00,      0.00,      0.00,0,3,0,0,3,3
H5,704,2018,060220,      0.00,      0.00,      0.00,      0.00,0,1,0,0,1,1
H5,704,2018,060230,      0.00,      0.00,      0.00,      0.00,0,1,0,0,1,1
H5,704,2018,060240,      0.00,      0.00,      0.00,      0.00,0,1,0,0,1,1
H5,704,2018,060290,      0.00,      0.00,      0.00,      0.00,0,6,0,0,6,6
H5,704,2018,060311,     20.00,     20.00,     20.00,     20.00,0,0,0,1,1,1
H5,704,2018,060312,     20.00,     20.00,     20.00,     20.00,0,0,0,1,1,1
H5,704,2018,060313,     20.00,     20.00,     20.00,     20.00,0,0,0,1,1,1
H5,704,2018,060314,     20.00,     20.00,     20.00,     20.00,0,0,0,1,1,1
H5,704,2018,060315,     20.00,     20.00,     20.00,     20.00,0,0,0,1,1,1
H5,704,2018,060319,     20.00,     20.00,     20.00,     20.00,0,0,0,1,1,1
H5,704,2018,060390,     20.00,     20.00,     20.00,     20.00,0,0,0,1,1,1
H5,704,2018,060420,     40.00,     20.00,     20.00,     20.00,0,0,0,2,2,2
H5,704,2018,060490,     40.00,     20.00,     20.00,     20.00,0,0,0,2,2,2
H5,704,2018,070110,      0.00,      0.00,      0.00,      0.00,0,1,0,0,1,1
H5,704,2018,070190,     40.00,     20.00,     20.00,     20.00,0,0,0,2,2,2
H5,704,2018,070200,     20.00,     20.00,     20.00,     20.00,0,0,0,1,1,1
H5,704,2018,070310,     35.00,      0.00,     20.00,      8.75,0,2,0,2,4,4
H5,704,2018,070320,     20.00,      0.00,     20.00,     10.00,0,1,0,1,2,2
H5,704,2018,070390,     20.00,      0.00,     20.00,     10.00,0,1,0,1,2,2
H5,704,2018,070410,     40.00,     20.00,     20.00,     20.00,0,0,0,2,2,2
H5,704,2018,070420,     20.00,     20.00,     20.00,     20.00,0,0,0,1,1,1
H5,704,2018,070490,     60.00,     20.00,     20.00,     20.00,0,0,0,3,3,3
H5,704,2018,070511,     20.00,     20.00,     20.00,     20.00,0,0,0,1,1,1
H5,704,2018,070519,     20.00,     20.00,     20.00,     20.00,0,0,0,1,1,1
H5,704,2018,070521,     20.00,     20.00,     20.00,     20.00,0,0,0,1,1,1
H5,704,2018,070529,     20.00,     20.00,     20.00,     20.00,0,0,0,1,1,1
H5,704,2018,070610,     37.00,     17.00,     20.00,     18.50,0,0,0,2,2,2
H5,704,2018,070690,     20.00,     20.00,     20.00,     20.00,0,0,0,1,1,1
H5,704,2018,070700,     20.00,     20.00,     20.00,     20.00,0,0,0,1,1,1
H5,704,2018,070810,     20.00,     20.00,     20.00,     20.00,0,0,0,1,1,1
H5,704,2018,070820,     60.00,     20.00,     20.00,     20.00,0,0,0,3,3,3
H5,704,2018,070890,     20.00,     20.00,     20.00,     20.00,0,0,0,1,1,1
H5,704,2018,070920,     15.00,     15.00,     15.00,     15.00,0,0,0,1,1,1
H5,704,2018,070930,     15.00,     15.00,     15.00,     15.00,0,0,0,1,1,1
H5,704,2018,070940,     15.00,     15.00,     15.00,     15.00,0,0,0,1,1,1
H5,704,2018,070951,     15.00,     15.00,     15.00,     15.00,0,0,0,1,1,1
H5,704,2018,070959,     35.00,     15.00,     20.00,     17.50,0,0,0,2,2,2
H5,704,2018,070960,     26.00,     13.00,     13.00,     13.00,0,0,0,2,2,2
H5,704,2018,070970,     15.00,     15.00,     15.00,     15.00,0,0,0,1,1,1
H5,704,2018,070991,     15.00,     15.00,     15.00,     15.00,0,0,0,1,1,1
H5,704,2018,070992,     12.00,     12.00,     12.00,     12.00,0,0,0,1,1,1
H5,704,2018,070993,     13.00,     13.00,     13.00,     13.00,0,0,0,1,1,1
H5,704,2018,070999,     39.00,     13.00,     13.00,     13.00,0,0,0,3,3,3
H5,704,2018,071010,     10.00,     10.00,     10.00,     10.00,0,0,0,1,1,1
H5,704,2018,071021,     17.00,     17.00,     17.00,     17.00,0,0,0,1,1,1
H5,704,2018,071022,     17.00,     17.00,     17.00,     17.00,0,0,0,1,1,1
H5,704,2018,071029,     17.00,     17.00,     17.00,     17.00,0,0,0,1,1,1
H5,704,2018,071030,     15.00,     15.00,     15.00,     15.00,0,0,0,1,1,1
H5,704,2018,071040,     17.00,     17.00,     17.00,     17.00,0,0,0,1,1,1
H5,704,2018,071080,     17.00,     17.00,     17.00,     17.00,0,0,0,1,1,1
H5,704,2018,071090,     17.00,     17.00,     17.00,     17.00,0,0,0,1,1,1
H5,704,2018,071120,     30.00,     15.00,     15.00,     15.00,0,0,0,2,2,2
H5,704,2018,071140,     60.00,     30.00,     30.00,     30.00,0,0,0,2,2,2
H5,704,2018,071151,     60.00,     30.00,     30.00,     30.00,0,0,0,2,2,2
H5,704,2018,071159,     60.00,     30.00,     30.00,     30.00,0,0,0,2,2,2
H5,704,2018,071190,    195.00,     15.00,     30.00,     27.86,0,0,0,7,7,7
H5,704,2018,071220,     30.00,     30.00,     30.00,     30.00,0,0,0,1,1,1
H5,704,2018,071231,     30.00,     30.00,     30.00,     30.00,0,0,0,1,1,1
H5,704,2018,071232,     30.00,     30.00,     30.00,     30.00,0,0,0,1,1,1
H5,704,2018,071233,     30.00,     30.00,     30.00,     30.00,0,0,0,1,1,1
H5,704,2018,071239,     90.00,     30.00,     30.00,     30.00,0,0,0,3,3,3
H5,704,2018,071290,     46.00,     23.00,     23.00,     23.00,0,0,0,2,2,2
H5,704,2018,071310,     15.00,      0.00,     15.00,      7.50,0,1,0,1,2,2
H5,704,2018,071320,     15.00,      0.00,     15.00,      7.50,0,1,0,1,2,2
H5,704,2018,071331,     15.00,      0.00,     15.00,      7.50,0,1,0,1,2,2
H5,704,2018,071332,     20.00,      0.00,     20.00,     10.00,0,1,0,1,2,2
H5,704,2018,071333,     15.00,      0.00,     15.00,      7.50,0,1,0,1,2,2
H5,704,2018,071334,     20.00,      0.00,     20.00,     10.00,0,1,0,1,2,2
H5,704,2018,071335,     20.00,      0.00,     20.00,     10.00,0,1,0,1,2,2
H5,704,2018,071339,     20.00,      0.00,     20.00,     10.00,0,1,0,1,2,2
H5,704,2018,071340,     20.00,      0.00,     20.00,     10.00,0,1,0,1,2,2
H5,704,2018,071350,     20.00,      0.00,     20.00,     10.00,0,1,0,1,2,2
H5,704,2018,071360,     20.00,      0.00,     20.00,     10.00,0,1,0,1,2,2
H5,704,2018,071390,     20.00,      0.00,     20.00,     10.00,0,1,0,1,2,2
H5,704,2018,071410,     12.00,      3.00,      3.00,      3.00,0,0,0,4,4,4
H5,704,2018,071420,     20.00,     10.00,     10.00,     10.00,0,0,0,2,2,2
H5,704,2018,071430,     20.00,     10.00,     10.00,     10.00,0,0,0,2,2,2
H5,704,2018,071440,     20.00,     10.00,     10.00,     10.00,0,0,0,2,2,2
H5,704,2018,071450,     20.00,     10.00,     10.00,     10.00,0,0,0,2,2,2
H5,704,2018,071490,     40.00,     10.00,     10.00,     10.00,0,0,0,4,4,4
H5,704,2018,080111,     30.00,     30.00,     30.00,     30.00,0,0,0,1,1,1
H5,704,2018,080112,     30.00,     30.00,     30.00,     30.00,0,0,0,1,1,1
H5,704,2018,080119,     60.00,     30.00,     30.00,     30.00,0,0,0,2,2,2
H5,704,2018,080121,     30.00,     30.00,     30.00,     30.00,0,0,0,1,1,1
H5,704,2018,080122,     30.00,     30.00,     30.00,     30.00,0,0,0,1,1,1
H5,704,2018,080131,      5.00,      5.00,      5.00,      5.00,0,0,0,1,1,1
H5,704,2018,080132,     25.00,     25.00,     25.00,     25.00,0,0,0,1,1,1
H5,704,2018,080211,     15.00,     15.00,     15.00,     15.00,0,0,0,1,1,1
H5,704,2018,080212,     10.00,     10.00,     10.00,     10.00,0,0,0,1,1,1
H5,704,2018,080221,     20.00,     20.00,     20.00,     20.00,0,0,0,1,1,1
H5,704,2018,080222,     20.00,     20.00,     20.00,     20.00,0,0,0,1,1,1
H5,704,2018,080231,     10.00,     10.00,     10.00,     10.00,0,0,0,1,1,1
H5,704,2018,080232,     30.00,     30.00,     30.00,     30.00,0,0,0,1,1,1
H5,704,2018,080241,     30.00,     30.00,     30.00,     30.00,0,0,0,1,1,1
H5,704,2018,080242,     30.00,     30.00,     30.00,     30.00,0,0,0,1,1,1
H5,704,2018,080251,     15.00,     15.00,     15.00,     15.00,0,0,0,1,1,1
H5,704,2018,080252,     15.00,     15.00,     15.00,     15.00,0,0,0,1,1,1
H5,704,2018,080261,     30.00,     30.00,     30.00,     30.00,0,0,0,1,1,1
H5,704,2018,080262,     30.00,     30.00,     30.00,     30.00,0,0,0,1,1,1
H5,704,2018,080270,     30.00,     30.00,     30.00,     30.00,0,0,0,1,1,1
H5,704,2018,080280,     30.00,     30.00,     30.00,     30.00,0,0,0,1,1,1
H5,704,2018,080290,     30.00,     30.00,     30.00,     30.00,0,0,0,1,1,1
H5,704,2018,080310,     25.00,     25.00,     25.00,     25.00,0,0,0,1,1,1
H5,704,2018,080390,     50.00,     25.00,     25.00,     25.00,0,0,0,2,2,2
H5,704,2018,080410,     30.00,     30.00,     30.00,     30.00,0,0,0,1,1,1
H5,704,2018,080420,     30.00,     30.00,     30.00,     30.00,0,0,0,1,1,1
H5,704,2018,080430,     30.00,     30.00,     30.00,     30.00,0,0,0,1,1,1
H5,704,2018,080440,     15.00,     15.00,     15.00,     15.00,0,0,0,1,1,1
H5,704,2018,080450,     75.00,     25.00,     25.00,     25.00,0,0,0,3,3,3
H5,704,2018,080510,     40.00,     20.00,     20.00,     20.00,0,0,0,2,2,2
H5,704,2018,080521,     30.00,     30.00,     30.00,     30.00,0,0,0,1,1,1
H5,704,2018,080522,     30.00,     30.00,     30.00,     30.00,0,0,0,1,1,1
H5,704,2018,080529,     30.00,     30.00,     30.00,     30.00,0,0,0,1,1,1
H5,704,2018,080540,     40.00,     40.00,     40.00,     40.00,0,0,0,1,1,1
H5,704,2018,080550,     40.00,     20.00,     20.00,     20.00,0,0,0,2,2,2
H5,704,2018,080590,     40.00,     40.00,     40.00,     40.00,0,0,0,1,1,1
H5,704,2018,080610,     10.00,     10.00,     10.00,     10.00,0,0,0,1,1,1
H5,704,2018,080620,     13.00,     13.00,     13.00,     13.00,0,0,0,1,1,1
H5,704,2018,080711,     30.00,     30.00,     30.00,     30.00,0,0,0,1,1,1
H5,704,2018,080719,     30.00,     30.00,     30.00,     30.00,0,0,0,1,1,1
H5,704,2018,080720,     30.00,     30.00,     30.00,     30.00,0,0,0,1,1,1
H5,704,2018,080810,     10.00,     10.00,     10.00,     10.00,0,0,0,1,1,1
H5,704,2018,080830,     10.00,     10.00,     10.00,     10.00,0,0,0,1,1,1
H5,704,2018,080840,     10.00,     10.00,     10.00,     10.00,0,0,0,1,1,1
H5,704,2018,080910,     20.00,     20.00,     20.00,     20.00,0,0,0,1,1,1
H5,704,2018,080921,     10.00,     10.00,     10.00,     10.00,0,0,0,1,1,1
H5,704,2018,080929,     10.00,     10.00,     10.00,     10.00,0,0,0,1,1,1
H5,704,2018,080930,     20.00,     20.00,     20.00,     20.00,0,0,0,1,1,1
H5,704,2018,080940,     40.00,     20.00,     20.00,     20.00,0,0,0,2,2,2
H5,704,2018,081010,     15.00,     15.00,     15.00,     15.00,0,0,0,1,1,1
H5,704,2018,081020,     15.00,     15.00,     15.00,     15.00,0,0,0,1,1,1
H5,704,2018,081030,     15.00,     15.00,     15.00,     15.00,0,0,0,1,1,1
H5,704,2018,081040,     15.00,     15.00,     15.00,     15.00,0,0,0,1,1,1
H5,704,2018,081050,      7.00,      7.00,      7.00,      7.00,0,0,0,1,1,1
H5,704,2018,081060,     30.00,     30.00,     30.00,     30.00,0,0,0,1,1,1
H5,704,2018,081070,     25.00,     25.00,     25.00,     25.00,0,0,0,1,1,1
H5,704,2018,081090,    305.00,     25.00,     30.00,     25.42,0,0,0,12,12,12
H5,704,2018,081110,     30.00,     30.00,     30.00,     30.00,0,0,0,1,1,1
H5,704,2018,081120,     30.00,     30.00,     30.00,     30.00,0,0,0,1,1,1
H5,704,2018,081190,     30.00,     30.00,     30.00,     30.00,0,0,0,1,1,1
H5,704,2018,081210,     30.00,     30.00,     30.00,     30.00,0,0,0,1,1,1
H5,704,2018,081290,     60.00,     30.00,     30.00,     30.00,0,0,0,2,2,2
H5,704,2018,081310,     30.00,     30.00,     30.00,     30.00,0,0,0,1,1,1
H5,704,2018,081320,     30.00,     30.00,     30.00,     30.00,0,0,0,1,1,1
H5,704,2018,081330,     30.00,     30.00,     30.00,     30.00,0,0,0,1,1,1
H5,704,2018,081340,     90.00,     30.00,     30.00,     30.00,0,0,0,3,3,3
H5,704,2018,081350,    150.00,     30.00,     30.00,     30.00,0,0,0,5,5,5
H5,704,2018,081400,     10.00,     10.00,     10.00,     10.00,0,0,0,1,1,1
H5,704,2018,090111,     30.00,     15.00,     15.00,     15.00,0,0,0,2,2,2
H5,704,2018,090112,     40.00,     20.00,     20.00,     20.00,0,0,0,2,2,2
H5,704,2018,090121,     60.00,     30.00,     30.00,     30.00,0,0,0,2,2,2
H5,704,2018,090122,     60.00,     30.00,     30.00,     30.00,0,0,0,2,2,2
H5,704,2018,090190,     60.00,     30.00,     30.00,     30.00,0,0,0,2,2,2
H5,704,2018,090210,     80.00,     40.00,     40.00,     40.00,0,0,0,2,2,2
H5,704,2018,090220,     80.00,     40.00,     40.00,     40.00,0,0,0,2,2,2
H5,704,2018,090230,     80.00,     40.00,     40.00,     40.00,0,0,0,2,2,2
H5,704,2018,090240,     80.00,     40.00,     40.00,     40.00,0,0,0,2,2,2
H5,704,2018,090300,     30.00,     30.00,     30.00,     30.00,0,0,0,1,1,1
H5,704,2018,090411,     60.00,     20.00,     20.00,     20.00,0,0,0,3,3,3
H5,704,2018,090412,     60.00,     20.00,     20.00,     20.00,0,0,0,3,3,3
H5,704,2018,090421,     40.00,     20.00,     20.00,     20.00,0,0,0,2,2,2
H5,704,2018,090422,     40.00,     20.00,     20.00,     20.00,0,0,0,2,2,2
H5,704,2018,090510,     20.00,     20.00,     20.00,     20.00,0,0,0,1,1,1
H5,704,2018,090520,     20.00,     20.00,     20.00,     20.00,0,0,0,1,1,1
H5,704,2018,090611,     20.00,     20.00,     20.00,     20.00,0,0,0,1,1,1
H5,704,2018,090619,     20.00,     20.00,     20.00,     20.00,0,0,0,1,1,1
H5,704,2018,090620,     20.00,     20.00,     20.00,     20.00,0,0,0,1,1,1
H5,704,2018,090710,     20.00,     20.00,     20.00,     20.00,0,0,0,1,1,1
H5,704,2018,090720,     20.00,     20.00,     20.00,     20.00,0,0,0,1,1,1
H5,704,2018,090811,     20.00,     20.00,     20.00,     20.00,0,0,0,1,1,1
H5,704,2018,090812,     20.00,     20.00,     20.00,     20.00,0,0,0,1,1,1
H5,704,2018,090821,     20.00,     20.00,     20.00,     20.00,0,0,0,1,1,1
H5,704,2018,090822,     20.00,     20.00,     20.00,     20.00,0,0,0,1,1,1
H5,704,2018,090831,     20.00,     20.00,     20.00,     20.00,0,0,0,1,1,1
H5,704,2018,090832,     20.00,     20.00,     20.00,     20.00,0,0,0,1,1,1
H5,704,2018,090921,     15.00,     15.00,     15.00,     15.00,0,0,0,1,1,1
H5,704,2018,090922,     15.00,     15.00,     15.00,     15.00,0,0,0,1,1,1
H5,704,2018,090931,     15.00,     15.00,     15.00,     15.00,0,0,0,1,1,1
H5,704,2018,090932,     15.00,     15.00,     15.00,     15.00,0,0,0,1,1,1
H5,704,2018,090961,     60.00,     15.00,     15.00,     15.00,0,0,0,4,4,4
H5,704,2018,090962,     60.00,     15.00,     15.00,     15.00,0,0,0,4,4,4
H5,704,2018,091011,     15.00,     15.00,     15.00,     15.00,0,0,0,1,1,1
H5,704,2018,091012,     15.00,     15.00,     15.00,     15.00,0,0,0,1,1,1
H5,704,2018,091020,     15.00,     15.00,     15.00,     15.00,0,0,0,1,1,1
H5,704,2018,091030,     15.00,     15.00,     15.00,     15.00,0,0,0,1,1,1
H5,704,2018,091091,     30.00,     15.00,     15.00,     15.00,0,0,0,2,2,2
H5,704,2018,091099,     30.00,     15.00,     15.00,     15.00,0,0,0,2,2,2
H5,704,2018,100111,      5.00,      5.00,      5.00,      5.00,0,0,0,1,1,1
H5,704,2018,100119,      5.00,      5.00,      5.00,      5.00,0,0,0,1,1,1
H5,704,2018,100191,      5.00,      5.00,      5.00,      5.00,0,0,0,1,1,1
H5,704,2018,100199,     25.00,      5.00,      5.00,      5.00,0,0,0,5,5,5
H5,704,2018,100210,      0.00,      0.00,      0.00,      0.00,0,1,0,0,1,1
H5,704,2018,100290,      0.00,      0.00,      0.00,      0.00,0,1,0,0,1,1
H5,704,2018,100310,      0.00,      0.00,      0.00,      0.00,0,1,0,0,1,1
H5,704,2018,100390,      0.00,      0.00,      0.00,      0.00,0,1,0,0,1,1
H5,704,2018,100410,      0.00,      0.00,      0.00,      0.00,0,1,0,0,1,1
H5,704,2018,100490,      0.00,      0.00,      0.00,      0.00,0,1,0,0,1,1
H5,704,2018,100510,      0.00,      0.00,      0.00,      0.00,0,1,0,0,1,1
H5,704,2018,100590,     35.00,      5.00,     30.00,     17.50,0,0,0,2,2,2
H5,704,2018,100610,     40.00,      0.00,     40.00,     20.00,0,1,0,1,2,2
H5,704,2018,100620,     80.00,     40.00,     40.00,     40.00,0,0,0,2,2,2
H5,704,2018,100630,    160.00,     40.00,     40.00,     40.00,0,0,0,4,4,4
H5,704,2018,100640,     80.00,     40.00,     40.00,     40.00,0,0,0,2,2,2
H5,704,2018,100710,      5.00,      5.00,      5.00,      5.00,0,0,0,1,1,1
H5,704,2018,100790,      5.00,      5.00,      5.00,      5.00,0,0,0,1,1,1
H5,704,2018,100810,      5.00,      5.00,      5.00,      5.00,0,0,0,1,1,1
H5,704,2018,100821,      0.00,      0.00,      0.00,      0.00,0,1,0,0,1,1
H5,704,2018,100829,      0.00,      0.00,      0.00,      0.00,0,1,0,0,1,1
H5,704,2018,100830,     10.00,     10.00,     10.00,     10.00,0,0,0,1,1,1
H5,704,2018,100840,      5.00,      5.00,      5.00,      5.00,0,0,0,1,1,1
H5,704,2018,100850,      5.00,      5.00,      5.00,      5.00,0,0,0,1,1,1
H5,704,2018,100860,      5.00,      5.00,      5.00,      5.00,0,0,0,1,1,1
H5,704,2018,100890,      5.00,      5.00,      5.00,      5.00,0,0,0,1,1,1
H5,704,2018,110100,     45.00,     15.00,     15.00,     15.00,0,0,0,3,3,3
H5,704,2018,110220,     15.00,     15.00,     15.00,     15.00,0,0,0,1,1,1
H5,704,2018,110290,     45.00,     15.00,     15.00,     15.00,0,0,0,3,3,3
H5,704,2018,110311,     20.00,     20.00,     20.00,     20.00,0,0,0,1,1,1
H5,704,2018,110313,     10.00,     10.00,     10.00,     10.00,0,0,0,1,1,1
H5,704,2018,110319,     60.00,     20.00,     20.00,     20.00,0,0,0,3,3,3
H5,704,2018,110320,     20.00,     20.00,     20.00,     20.00,0,0,0,1,1,1
H5,704,2018,110412,     15.00,     15.00,     15.00,     15.00,0,0,0,1,1,1
H5,704,2018,110419,     10.00,      5.00,      5.00,      5.00,0,0,0,2,2,2
H5,704,2018,110422,     15.00,     15.00,     15.00,     15.00,0,0,0,1,1,1
H5,704,2018,110423,      5.00,      5.00,      5.00,      5.00,0,0,0,1,1,1
H5,704,2018,110429,     20.00,      5.00,     15.00,     10.00,0,0,0,2,2,2
H5,704,2018,110430,     15.00,     15.00,     15.00,     15.00,0,0,0,1,1,1
H5,704,2018,110510,     30.00,     30.00,     30.00,     30.00,0,0,0,1,1,1
H5,704,2018,110520,     30.00,     30.00,     30.00,     30.00,0,0,0,1,1,1
H5,704,2018,110610,     30.00,     30.00,     30.00,     30.00,0,0,0,1,1,1
H5,704,2018,110620,    120.00,     30.00,     30.00,     30.00,0,0,0,4,4,4
H5,704,2018,110630,     30.00,     30.00,     30.00,     30.00,0,0,0,1,1,1
H5,704,2018,110710,      5.00,      5.00,      5.00,      5.00,0,0,0,1,1,1
H5,704,2018,110720,      5.00,      5.00,      5.00,      5.00,0,0,0,1,1,1
H5,704,2018,110811,     15.00,     15.00,     15.00,     15.00,0,0,0,1,1,1
H5,704,2018,110812,     15.00,     15.00,     15.00,     15.00,0,0,0,1,1,1
H5,704,2018,110813,     20.00,     20.00,     20.00,     20.00,0,0,0,1,1,1
H5,704,2018,110814,     20.00,     20.00,     20.00,     20.00,0,0,0,1,1,1
H5,704,2018,110819,     40.00,     20.00,     20.00,     20.00,0,0,0,2,2,2
H5,704,2018,110820,     20.00,     20.00,     20.00,     20.00,0,0,0,1,1,1
H5,704,2018,110900,     10.00,     10.00,     10.00,     10.00,0,0,0,1,1,1
H5,704,2018,120110,      0.00,      0.00,      0.00,      0.00,0,1,0,0,1,1
H5,704,2018,120190,      0.00,      0.00,      0.00,      0.00,0,1,0,0,1,1
H5,704,2018,120230,      0.00,      0.00,      0.00,      0.00,0,1,0,0,1,1
H5,704,2018,120241,     10.00,     10.00,     10.00,     10.00,0,0,0,1,1,1
H5,704,2018,120242,     10.00,     10.00,     10.00,     10.00,0,0,0,1,1,1
H5,704,2018,120300,     10.00,     10.00,     10.00,     10.00,0,0,0,1,1,1
H5,704,2018,120400,     10.00,     10.00,     10.00,     10.00,0,0,0,1,1,1
H5,704,2018,120510,      5.00,      5.00,      5.00,      5.00,0,0,0,1,1,1
H5,704,2018,120590,      5.00,      5.00,      5.00,      5.00,0,0,0,1,1,1
H5,704,2018,120600,     10.00,     10.00,     10.00,     10.00,0,0,0,1,1,1
H5,704,2018,120710,     15.00,      5.00,      5.00,      5.00,0,0,0,3,3,3
H5,704,2018,120721,      5.00,      5.00,      5.00,      5.00,0,0,0,1,1,1
H5,704,2018,120729,      5.00,      5.00,      5.00,      5.00,0,0,0,1,1,1
H5,704,2018,120730,     10.00,     10.00,     10.00,     10.00,0,0,0,1,1,1
H5,704,2018,120740,     10.00,      5.00,      5.00,      5.00,0,0,0,2,2,2
H5,704,2018,120750,      5.00,      5.00,      5.00,      5.00,0,0,0,1,1,1
H5,704,2018,120760,     10.00,     10.00,     10.00,     10.00,0,0,0,1,1,1
H5,704,2018,120770,     10.00,     10.00,     10.00,     10.00,0,0,0,1,1,1
H5,704,2018,120791,     10.00,     10.00,     10.00,     10.00,0,0,0,1,1,1
H5,704,2018,120799,     30.00,     10.00,     10.00,     10.00,0,0,0,3,3,3
H5,704,2018,120810,      8.00,      8.00,      8.00,      8.00,0,0,0,1,1,1
H5,704,2018,120890,     25.00,     25.00,     25.00,     25.00,0,0,0,1,1,1
H5,704,2018,120910,      0.00,      0.00,      0.00,      0.00,0,1,0,0,1,1
H5,704,2018,120921,      0.00,      0.00,      0.00,      0.00,0,1,0,0,1,1
H5,704,2018,120922,      0.00,      0.00,      0.00,      0.00,0,1,0,0,1,1
H5,704,2018,120923,      0.00,      0.00,      0.00,      0.00,0,1,0,0,1,1
H5,704,2018,120924,      0.00,      0.00,      0.00,      0.00,0,1,0,0,1,1
H5,704,2018,120925,      0.00,      0.00,      0.00,      0.00,0,1,0,0,1,1
H5,704,2018,120929,      0.00,      0.00,      0.00,      0.00,0,3,0,0,3,3
H5,704,2018,120930,      0.00,      0.00,      0.00,      0.00,0,1,0,0,1,1
H5,704,2018,120991,      0.00,      0.00,      0.00,      0.00,0,2,0,0,2,2
H5,704,2018,120999,      0.00,      0.00,      0.00,      0.00,0,2,0,0,2,2
H5,704,2018,121010,      5.00,      5.00,      5.00,      5.00,0,0,0,1,1,1
H5,704,2018,121020,      5.00,      5.00,      5.00,      5.00,0,0,0,1,1,1
H5,704,2018,121120,      5.00,      5.00,      5.00,      5.00,0,0,0,1,1,1
H5,704,2018,121130,      5.00,      5.00,      5.00,      5.00,0,0,0,1,1,1
H5,704,2018,121140,      0.00,      0.00,      0.00,      0.00,0,1,0,0,1,1
H5,704,2018,121150,      5.00,      5.00,      5.00,      5.00,0,0,0,1,1,1
H5,704,2018,121190,     50.00,      0.00,      5.00,      3.85,0,3,0,10,13,13
H5,704,2018,121221,     70.00,     10.00,     10.00,     10.00,0,0,0,7,7,7
H5,704,2018,121229,     40.00,     10.00,     10.00,     10.00,0,0,0,4,4,4
H5,704,2018,121291,     10.00,     10.00,     10.00,     10.00,0,0,0,1,1,1
H5,704,2018,121292,     10.00,     10.00,     10.00,     10.00,0,0,0,1,1,1
H5,704,2018,121293,     10.00,      0.00,     10.00,      5.00,0,1,0,1,2,2
H5,704,2018,121294,     10.00,     10.00,     10.00,     10.00,0,0,0,1,1,1
H5,704,2018,121299,     20.00,     10.00,     10.00,     10.00,0,0,0,2,2,2
H5,704,2018,121300,     10.00,     10.00,     10.00,     10.00,0,0,0,1,1,1
H5,704,2018,121410,      0.00,      0.00,      0.00,      0.00,0,1,0,0,1,1
H5,704,2018,121490,      0.00,      0.00,      0.00,      0.00,0,1,0,0,1,1
H5,704,2018,130120,      5.00,      5.00,      5.00,      5.00,0,0,0,1,1,1
H5,704,2018,130190,     15.00,      5.00,      5.00,      5.00,0,0,0,3,3,3
H5,704,2018,130211,     10.00,      5.00,      5.00,      5.00,0,0,0,2,2,2
H5,704,2018,130212,      5.00,      5.00,      5.00,      5.00,0,0,0,1,1,1
H5,704,2018,130213,      5.00,      5.00,      5.00,      5.00,0,0,0,1,1,1
H5,704,2018,130214,      5.00,      5.00,      5.00,      5.00,0,0,0,1,1,1
H5,704,2018,130219,     20.00,      5.00,      5.00,      5.00,0,0,0,4,4,4
H5,704,2018,130220,      5.00,      5.00,      5.00,      5.00,0,0,0,1,1,1
H5,704,2018,130231,      5.00,      5.00,      5.00,      5.00,0,0,0,1,1,1
H5,704,2018,130232,      5.00,      5.00,      5.00,      5.00,0,0,0,1,1,1
H5,704,2018,130239,     25.00,      5.00,      5.00,      5.00,0,0,0,5,5,5
H5,704,2018,140110,      5.00,      5.00,      5.00,      5.00,0,0,0,1,1,1
H5,704,2018,140120,     25.00,      5.00,      5.00,      5.00,0,0,0,5,5,5
H5,704,2018,140190,      5.00,      5.00,      5.00,      5.00,0,0,0,1,1,1
H5,704,2018,140420,      5.00,      5.00,      5.00,      5.00,0,0,0,1,1,1
H5,704,2018,140490,     25.00,      5.00,      5.00,      5.00,0,0,0,5,5,5
H5,704,2018,150110,     10.00,     10.00,     10.00,     10.00,0,0,0,1,1,1
H5,704,2018,150120,     10.00,     10.00,     10.00,     10.00,0,0,0,1,1,1
H5,704,2018,150190,     10.00,     10.00,     10.00,     10.00,0,0,0,1,1,1
H5,704,2018,150210,     10.00,     10.00,     10.00,     10.00,0,0,0,1,1,1
H5,704,2018,150290,     20.00,     10.00,     10.00,     10.00,0,0,0,2,2,2
H5,704,2018,150300,     30.00,     15.00,     15.00,     15.00,0,0,0,2,2,2
H5,704,2018,150410,     15.00,      5.00,     10.00,      7.50,0,0,0,2,2,2
H5,704,2018,150420,     15.00,      5.00,     10.00,      7.50,0,0,0,2,2,2
H5,704,2018,150430,      5.00,      5.00,      5.00,      5.00,0,0,0,1,1,1
H5,704,2018,150500,     20.00,     10.00,     10.00,     10.00,0,0,0,2,2,2
H5,704,2018,150600,     10.00,     10.00,     10.00,     10.00,0,0,0,1,1,1
H5,704,2018,150710,      5.00,      5.00,      5.00,      5.00,0,0,0,1,1,1
H5,704,2018,150790,     20.00,      5.00,     15.00,     10.00,0,0,0,2,2,2
H5,704,2018,150810,      5.00,      5.00,      5.00,      5.00,0,0,0,1,1,1
H5,704,2018,150890,     20.00,     20.00,     20.00,     20.00,0,0,0,1,1,1
H5,704,2018,150910,     10.00,      5.00,      5.00,      5.00,0,0,0,2,2,2
H5,704,2018,150990,     50.00,      5.00,     20.00,     12.50,0,0,0,4,4,4
H5,704,2018,151000,     35.00,      5.00,     25.00,     11.67,0,0,0,3,3,3
H5,704,2018,151110,      5.00,      5.00,      5.00,      5.00,0,0,0,1,1,1
H5,704,2018,151190,    201.00,      7.00,     30.00,     22.33,0,0,0,9,9,9
H5,704,2018,151211,      5.00,      5.00,      5.00,      5.00,0,0,0,1,1,1
H5,704,2018,151219,     35.00,      5.00,     15.00,     11.67,0,0,0,3,3,3
H5,704,2018,151221,      5.00,      5.00,      5.00,      5.00,0,0,0,1,1,1
H5,704,2018,151229,     30.00,      5.00,     25.00,     15.00,0,0,0,2,2,2
H5,704,2018,151311,      5.00,      5.00,      5.00,      5.00,0,0,0,1,1,1
H5,704,2018,151319,     35.00,      5.00,     30.00,     17.50,0,0,0,2,2,2
H5,704,2018,151321,     14.00,      7.00,      7.00,      7.00,0,0,0,2,2,2
H5,704,2018,151329,    180.00,      5.00,     35.00,     18.00,0,0,0,10,10,10
H5,704,2018,151411,      5.00,      5.00,      5.00,      5.00,0,0,0,1,1,1
H5,704,2018,151419,     15.00,      5.00,      5.00,      5.00,0,0,0,3,3,3
H5,704,2018,151491,     10.00,      5.00,      5.00,      5.00,0,0,0,2,2,2
H5,704,2018,151499,     25.00,      5.00,     20.00,     12.50,0,0,0,2,2,2
H5,704,2018,151511,      5.00,      5.00,      5.00,      5.00,0,0,0,1,1,1
H5,704,2018,151519,     15.00,     15.00,     15.00,     15.00,0,0,0,1,1,1
H5,704,2018,151521,      5.00,      5.00,      5.00,      5.00,0,0,0,1,1,1
H5,704,2018,151529,     60.00,      5.00,     30.00,     15.00,0,0,0,4,4,4
H5,704,2018,151530,     22.00,      7.00,     15.00,     11.00,0,0,0,2,2,2
H5,704,2018,151550,     37.00,      5.00,     25.00,     12.33,0,0,0,3,3,3
H5,704,2018,151590,    130.00,      5.00,     30.00,     10.83,0,0,0,12,12,12
H5,704,2018,151610,     44.00,     22.00,     22.00,     22.00,0,0,0,2,2,2
H5,704,2018,151620,   1060.00,     20.00,     30.00,     27.18,0,0,0,39,39,39
H5,704,2018,151710,     50.00,     25.00,     25.00,     25.00,0,0,0,2,2,2
H5,704,2018,151790,    495.00,     25.00,     30.00,     29.12,0,0,0,17,17,17
H5,704,2018,151800,     70.00,      5.00,      5.00,      5.00,0,0,0,14,14,14
H5,704,2018,152000,      8.00,      3.00,      5.00,      4.00,0,0,0,2,2,2
H5,704,2018,152110,      5.00,      5.00,      5.00,      5.00,0,0,0,1,1,1
H5,704,2018,152190,      8.00,      3.00,      5.00,      4.00,0,0,0,2,2,2
H5,704,2018,152200,      6.00,      3.00,      3.00,      3.00,0,0,0,2,2,2
H5,704,2018,160100,     44.00,     22.00,     22.00,     22.00,0,0,0,2,2,2
H5,704,2018,160210,     60.00,     30.00,     30.00,     30.00,0,0,0,2,2,2
H5,704,2018,160220,     30.00,     30.00,     30.00,     30.00,0,0,0,1,1,1
H5,704,2018,160231,     66.00,     22.00,     22.00,     22.00,0,0,0,3,3,3
H5,704,2018,160232,     62.00,     22.00,     40.00,     31.00,0,0,0,2,2,2
H5,704,2018,160239,     22.00,     22.00,     22.00,     22.00,0,0,0,1,1,1
H5,704,2018,160241,     44.00,     22.00,     22.00,     22.00,0,0,0,2,2,2
H5,704,2018,160242,     44.00,     22.00,     22.00,     22.00,0,0,0,2,2,2
H5,704,2018,160249,     88.00,     22.00,     22.00,     22.00,0,0,0,4,4,4
H5,704,2018,160250,     35.00,     35.00,     35.00,     35.00,0,0,0,1,1,1
H5,704,2018,160290,     70.00,     35.00,     35.00,     35.00,0,0,0,2,2,2
H5,704,2018,160300,     30.00,     30.00,     30.00,     30.00,0,0,0,1,1,1
H5,704,2018,160411,     60.00,     30.00,     30.00,     30.00,0,0,0,2,2,2
H5,704,2018,160412,     60.00,     30.00,     30.00,     30.00,0,0,0,2,2,2
H5,704,2018,160413,    120.00,     30.00,     30.00,     30.00,0,0,0,4,4,4
H5,704,2018,160414,     90.00,     30.00,     30.00,     30.00,0,0,0,3,3,3
H5,704,2018,160415,     60.00,     30.00,     30.00,     30.00,0,0,0,2,2,2
H5,704,2018,160416,     70.00,     35.00,     35.00,     35.00,0,0,0,2,2,2
H5,704,2018,160417,     60.00,     30.00,     30.00,     30.00,0,0,0,2,2,2
H5,704,2018,160418,     80.00,     20.00,     30.00,     26.67,0,0,0,3,3,3
H5,704,2018,160419,     90.00,     30.00,     30.00,     30.00,0,0,0,3,3,3
H5,704,2018,160420,    150.00,     30.00,     30.00,     30.00,0,0,0,5,5,5
H5,704,2018,160431,     35.00,     35.00,     35.00,     35.00,0,0,0,1,1,1
H5,704,2018,160432,     35.00,     35.00,     35.00,     35.00,0,0,0,1,1,1
H5,704,2018,160510,     70.00,     35.00,     35.00,     35.00,0,0,0,2,2,2
H5,704,2018,160521,     30.00,     30.00,     30.00,     30.00,0,0,0,1,1,1
H5,704,2018,160529,     90.00,     30.00,     30.00,     30.00,0,0,0,3,3,3
H5,704,2018,160530,     35.00,     35.00,     35.00,     35.00,0,0,0,1,1,1
H5,704,2018,160540,     35.00,     35.00,     35.00,     35.00,0,0,0,1,1,1
H5,704,2018,160551,     25.00,     25.00,     25.00,     25.00,0,0,0,1,1,1
H5,704,2018,160552,     25.00,     25.00,     25.00,     25.00,0,0,0,1,1,1
H5,704,2018,160553,     25.00,     25.00,     25.00,     25.00,0,0,0,1,1,1
H5,704,2018,160554,     50.00,     25.00,     25.00,     25.00,0,0,0,2,2,2
H5,704,2018,160555,     25.00,     25.00,     25.00,     25.00,0,0,0,1,1,1
H5,704,2018,160556,     25.00,     25.00,     25.00,     25.00,0,0,0,1,1,1
H5,704,2018,160557,     50.00,     25.00,     25.00,     25.00,0,0,0,2,2,2
H5,704,2018,160558,     25.00,     25.00,     25.00,     25.00,0,0,0,1,1,1
H5,704,2018,160559,     25.00,     25.00,     25.00,     25.00,0,0,0,1,1,1
H5,704,2018,160561,     25.00,     25.00,     25.00,     25.00,0,0,0,1,1,1
H5,704,2018,160562,     25.00,     25.00,     25.00,     25.00,0,0,0,1,1,1
H5,704,2018,160563,     25.00,     25.00,     25.00,     25.00,0,0,0,1,1,1
H5,704,2018,160569,     25.00,     25.00,     25.00,     25.00,0,0,0,1,1,1
H5,704,2018,170112,     80.00,     80.00,     80.00,     80.00,0,0,0,1,1,1
H5,704,2018,170113,     80.00,     80.00,     80.00,     80.00,0,0,0,1,1,1
H5,704,2018,170114,     80.00,     80.00,     80.00,     80.00,0,0,0,1,1,1
H5,704,2018,170191,    100.00,    100.00,    100.00,    100.00,0,0,0,1,1,1
H5,704,2018,170199,    170.00,     85.00,     85.00,     85.00,0,0,0,2,2,2
H5,704,2018,170211,      0.00,      0.00,      0.00,      0.00,0,1,0,0,1,1
H5,704,2018,170219,      0.00,      0.00,      0.00,      0.00,0,1,0,0,1,1
H5,704,2018,170220,     10.00,     10.00,     10.00,     10.00,0,0,0,1,1,1
H5,704,2018,170230,     30.00,     15.00,     15.00,     15.00,0,0,0,2,2,2
H5,704,2018,170240,     15.00,     15.00,     15.00,     15.00,0,0,0,1,1,1
H5,704,2018,170250,     15.00,     15.00,     15.00,     15.00,0,0,0,1,1,1
H5,704,2018,170260,     30.00,     15.00,     15.00,     15.00,0,0,0,2,2,2
H5,704,2018,170290,    105.00,     15.00,     15.00,     15.00,0,0,0,7,7,7
H5,704,2018,170310,     20.00,     10.00,     10.00,     10.00,0,0,0,2,2,2
H5,704,2018,170390,     20.00,     10.00,     10.00,     10.00,0,0,0,2,2,2
H5,704,2018,170410,     25.00,     25.00,     25.00,     25.00,0,0,0,1,1,1
H5,704,2018,170490,     70.00,     15.00,     20.00,     17.50,0,0,0,4,4,4
H5,704,2018,180100,     10.00,     10.00,     10.00,     10.00,0,0,0,1,1,1
H5,704,2018,180200,     10.00,     10.00,     10.00,     10.00,0,0,0,1,1,1
H5,704,2018,180310,     10.00,     10.00,     10.00,     10.00,0,0,0,1,1,1
H5,704,2018,180320,     10.00,     10.00,     10.00,     10.00,0,0,0,1,1,1
H5,704,2018,180400,     10.00,     10.00,     10.00,     10.00,0,0,0,1,1,1
H5,704,2018,180500,     20.00,     20.00,     20.00,     20.00,0,0,0,1,1,1
H5,704,2018,180610,     20.00,     20.00,     20.00,     20.00,0,0,0,1,1,1
H5,704,2018,180620,     38.00,     18.00,     20.00,     19.00,0,0,0,2,2,2
H5,704,2018,180631,     13.00,     13.00,     13.00,     13.00,0,0,0,1,1,1
H5,704,2018,180632,     20.00,     20.00,     20.00,     20.00,0,0,0,1,1,1
H5,704,2018,180690,     83.00,     13.00,     25.00,     20.75,0,0,0,4,4,4
H5,704,2018,190110,     68.00,     10.00,     18.00,     11.33,0,0,0,6,6,6
H5,704,2018,190120,     72.00,     18.00,     18.00,     18.00,0,0,0,4,4,4
H5,704,2018,190190,    124.00,     10.00,     18.00,     12.40,0,0,0,10,10,10
H5,704,2018,190211,     40.00,     40.00,     40.00,     40.00,0,0,0,1,1,1
H5,704,2018,190219,    120.00,     20.00,     40.00,     24.00,0,0,0,5,5,5
H5,704,2018,190220,    120.00,     40.00,     40.00,     40.00,0,0,0,3,3,3
H5,704,2018,190230,    135.00,     30.00,     35.00,     33.75,0,0,0,4,4,4
H5,704,2018,190240,     40.00,     40.00,     40.00,     40.00,0,0,0,1,1,1
H5,704,2018,190300,     40.00,     40.00,     40.00,     40.00,0,0,0,1,1,1
H5,704,2018,190410,     30.00,     15.00,     15.00,     15.00,0,0,0,2,2,2
H5,704,2018,190420,     70.00,     35.00,     35.00,     35.00,0,0,0,2,2,2
H5,704,2018,190430,     35.00,     35.00,     35.00,     35.00,0,0,0,1,1,1
H5,704,2018,190490,     55.00,     20.00,     35.00,     27.50,0,0,0,2,2,2
H5,704,2018,190510,     40.00,     40.00,     40.00,     40.00,0,0,0,1,1,1
H5,704,2018,190520,     40.00,     40.00,     40.00,     40.00,0,0,0,1,1,1
H5,704,2018,190531,     30.00,     15.00,     15.00,     15.00,0,0,0,2,2,2
H5,704,2018,190532,     70.00,     35.00,     35.00,     35.00,0,0,0,2,2,2
H5,704,2018,190540,     80.00,     40.00,     40.00,     40.00,0,0,0,2,2,2
H5,704,2018,190590,    210.00,     10.00,     30.00,     23.33,0,0,0,9,9,9
H5,704,2018,200110,     40.00,     40.00,     40.00,     40.00,0,0,0,1,1,1
H5,704,2018,200190,     70.00,     35.00,     35.00,     35.00,0,0,0,2,2,2
H5,704,2018,200210,     30.00,     30.00,     30.00,     30.00,0,0,0,1,1,1
H5,704,2018,200290,     60.00,     20.00,     20.00,     20.00,0,0,0,3,3,3
H5,704,2018,200310,     40.00,     40.00,     40.00,     40.00,0,0,0,1,1,1
H5,704,2018,200390,     80.00,     40.00,     40.00,     40.00,0,0,0,2,2,2
H5,704,2018,200410,     13.00,     13.00,     13.00,     13.00,0,0,0,1,1,1
H5,704,2018,200490,     80.00,     40.00,     40.00,     40.00,0,0,0,2,2,2
H5,704,2018,200510,     80.00,     40.00,     40.00,     40.00,0,0,0,2,2,2
H5,704,2018,200520,    106.00,     18.00,     35.00,     26.50,0,0,0,4,4,4
H5,704,2018,200540,     35.00,     35.00,     35.00,     35.00,0,0,0,1,1,1
H5,704,2018,200551,     35.00,     35.00,     35.00,     35.00,0,0,0,1,1,1
H5,704,2018,200559,     70.00,     35.00,     35.00,     35.00,0,0,0,2,2,2
H5,704,2018,200560,     35.00,     35.00,     35.00,     35.00,0,0,0,1,1,1
H5,704,2018,200570,     25.00,     25.00,     25.00,     25.00,0,0,0,1,1,1
H5,704,2018,200580,     40.00,     40.00,     40.00,     40.00,0,0,0,1,1,1
H5,704,2018,200591,     32.00,     32.00,     32.00,     32.00,0,0,0,1,1,1
H5,704,2018,200599,     64.00,     32.00,     32.00,     32.00,0,0,0,2,2,2
H5,704,2018,200600,     35.00,     35.00,     35.00,     35.00,0,0,0,1,1,1
H5,704,2018,200710,     35.00,     35.00,     35.00,     35.00,0,0,0,1,1,1
H5,704,2018,200791,     35.00,     35.00,     35.00,     35.00,0,0,0,1,1,1
H5,704,2018,200799,    120.00,     40.00,     40.00,     40.00,0,0,0,3,3,3
H5,704,2018,200811,     68.00,     18.00,     30.00,     22.67,0,0,0,3,3,3
H5,704,2018,200819,     71.00,     18.00,     35.00,     23.67,0,0,0,3,3,3
H5,704,2018,200820,     80.00,     40.00,     40.00,     40.00,0,0,0,2,2,2
H5,704,2018,200830,     80.00,     40.00,     40.00,     40.00,0,0,0,2,2,2
H5,704,2018,200840,     35.00,     35.00,     35.00,     35.00,0,0,0,1,1,1
H5,704,2018,200850,     40.00,     40.00,     40.00,     40.00,0,0,0,1,1,1
H5,704,2018,200860,     80.00,     40.00,     40.00,     40.00,0,0,0,2,2,2
H5,704,2018,200870,     70.00,     35.00,     35.00,     35.00,0,0,0,2,2,2
H5,704,2018,200880,     35.00,     35.00,     35.00,     35.00,0,0,0,1,1,1
H5,704,2018,200891,     40.00,     40.00,     40.00,     40.00,0,0,0,1,1,1
H5,704,2018,200893,     60.00,     30.00,     30.00,     30.00,0,0,0,2,2,2
H5,704,2018,200897,     90.00,     30.00,     30.00,     30.00,0,0,0,3,3,3
H5,704,2018,200899,    180.00,     30.00,     40.00,     36.00,0,0,0,5,5,5
H5,704,2018,200911,     20.00,     20.00,     20.00,     20.00,0,0,0,1,1,1
H5,704,2018,200912,     30.00,     30.00,     30.00,     30.00,0,0,0,1,1,1
H5,704,2018,200919,     30.00,     30.00,     30.00,     30.00,0,0,0,1,1,1
H5,704,2018,200921,     35.00,     35.00,     35.00,     35.00,0,0,0,1,1,1
H5,704,2018,200929,     35.00,     35.00,     35.00,     35.00,0,0,0,1,1,1
H5,704,2018,200931,     35.00,     35.00,     35.00,     35.00,0,0,0,1,1,1
H5,704,2018,200939,     35.00,     35.00,     35.00,     35.00,0,0,0,1,1,1
H5,704,2018,200941,     35.00,     35.00,     35.00,     35.00,0,0,0,1,1,1
H5,704,2018,200949,     35.00,     35.00,     35.00,     35.00,0,0,0,1,1,1
H5,704,2018,200950,     35.00,     35.00,     35.00,     35.00,0,0,0,1,1,1
H5,704,2018,200961,     35.00,     35.00,     35.00,     35.00,0,0,0,1,1,1
H5,704,2018,200969,     30.00,     30.00,     30.00,     30.00,0,0,0,1,1,1
H5,704,2018,200971,     30.00,     30.00,     30.00,     30.00,0,0,0,1,1,1
H5,704,2018,200979,     25.00,     25.00,     25.00,     25.00,0,0,0,1,1,1
H5,704,2018,200981,     50.00,     25.00,     25.00,     25.00,0,0,0,2,2,2
H5,704,2018,200989,     75.00,     25.00,     25.00,     25.00,0,0,0,3,3,3
H5,704,2018,200990,     75.00,     25.00,     25.00,     25.00,0,0,0,3,3,3
H5,704,2018,210111,     60.00,     30.00,     30.00,     30.00,0,0,0,2,2,2
H5,704,2018,210112,    120.00,     30.00,     30.00,     30.00,0,0,0,4,4,4
H5,704,2018,210120,     90.00,     30.00,     30.00,     30.00,0,0,0,3,3,3
H5,704,2018,210130,     30.00,     30.00,     30.00,     30.00,0,0,0,1,1,1
H5,704,2018,210210,     10.00,     10.00,     10.00,     10.00,0,0,0,1,1,1
H5,704,2018,210220,     14.00,      7.00,      7.00,      7.00,0,0,0,2,2,2
H5,704,2018,210230,      7.00,      7.00,      7.00,      7.00,0,0,0,1,1,1
H5,704,2018,210310,     33.00,     33.00,     33.00,     33.00,0,0,0,1,1,1
H5,704,2018,210320,     35.00,     35.00,     35.00,     35.00,0,0,0,1,1,1
H5,704,2018,210330,     35.00,     35.00,     35.00,     35.00,0,0,0,1,1,1
H5,704,2018,210390,    163.00,     20.00,     33.00,     27.17,0,0,0,6,6,6
H5,704,2018,210410,    160.00,     40.00,     40.00,     40.00,0,0,0,4,4,4
H5,704,2018,210420,    160.00,     40.00,     40.00,     40.00,0,0,0,4,4,4
H5,704,2018,210500,     20.00,     20.00,     20.00,     20.00,0,0,0,1,1,1
H5,704,2018,210610,      5.00,      5.00,      5.00,      5.00,0,0,0,1,1,1
H5,704,2018,210690,    479.00,      8.00,     25.00,     15.97,0,0,0,30,30,30
H5,704,2018,220110,     70.00,     35.00,     35.00,     35.00,0,0,0,2,2,2
H5,704,2018,220190,     80.00,     40.00,     40.00,     40.00,0,0,0,2,2,2
H5,704,2018,220210,     70.00,     35.00,     35.00,     35.00,0,0,0,2,2,2
H5,704,2018,220291,     20.00,     20.00,     20.00,     20.00,0,0,0,1,1,1
H5,704,2018,220299,    130.00,     20.00,     30.00,     26.00,0,0,0,5,5,5
H5,704,2018,220300,    140.00,     35.00,     35.00,     35.00,0,0,0,4,4,4
H5,704,2018,220410,     50.00,     50.00,     50.00,     50.00,0,0,0,1,1,1
H5,704,2018,220421,    250.00,     50.00,     50.00,     50.00,0,0,0,5,5,5
H5,704,2018,220422,    250.00,     50.00,     50.00,     50.00,0,0,0,5,5,5
H5,704,2018,220429,    250.00,     50.00,     50.00,     50.00,0,0,0,5,5,5
H5,704,2018,220430,    100.00,     50.00,     50.00,     50.00,0,0,0,2,2,2
H5,704,2018,220510,    100.00,     50.00,     50.00,     50.00,0,0,0,2,2,2
H5,704,2018,220590,    100.00,     50.00,     50.00,     50.00,0,0,0,2,2,2
H5,704,2018,220600,    440.00,     55.00,     55.00,     55.00,0,0,0,8,8,8
H5,704,2018,220710,     40.00,     40.00,     40.00,     40.00,0,0,0,1,1,1
H5,704,2018,220720,     77.00,     17.00,     40.00,     25.67,0,0,0,3,3,3
H5,704,2018,220820,     90.00,     45.00,     45.00,     45.00,0,0,0,2,2,2
H5,704,2018,220830,     45.00,     45.00,     45.00,     45.00,0,0,0,1,1,1
H5,704,2018,220840,     45.00,     45.00,     45.00,     45.00,0,0,0,1,1,1
H5,704,2018,220850,     45.00,     45.00,     45.00,     45.00,0,0,0,1,1,1
H5,704,2018,220860,     45.00,     45.00,     45.00,     45.00,0,0,0,1,1,1
H5,704,2018,220870,     90.00,     45.00,     45.00,     45.00,0,0,0,2,2,2
H5,704,2018,220890,    450.00,     45.00,     45.00,     45.00,0,0,0,10,10,10
H5,704,2018,220900,     20.00,     20.00,     20.00,     20.00,0,0,0,1,1,1
H5,704,2018,230110,      0.00,      0.00,      0.00,      0.00,0,1,0,0,1,1
H5,704,2018,230120,      0.00,      0.00,      0.00,      0.00,0,3,0,0,3,3
H5,704,2018,230210,      0.00,      0.00,      0.00,      0.00,0,1,0,0,1,1
H5,704,2018,230230,      0.00,      0.00,      0.00,      0.00,0,2,0,0,2,2
H5,704,2018,230240,      0.00,      0.00,      0.00,      0.00,0,2,0,0,2,2
H5,704,2018,230250,      0.00,      0.00,      0.00,      0.00,0,1,0,0,1,1
H5,704,2018,230310,      0.00,      0.00,      0.00,      0.00,0,2,0,0,2,2
H5,704,2018,230320,      0.00,      0.00,      0.00,      0.00,0,1,0,0,1,1
H5,704,2018,230330,      0.00,      0.00,      0.00,      0.00,0,1,0,0,1,1
H5,704,2018,230400,      2.00,      0.00,      2.00,      1.00,0,1,0,1,2,2
H5,704,2018,230500,      0.00,      0.00,      0.00,      0.00,0,1,0,0,1,1
H5,704,2018,230610,      0.00,      0.00,      0.00,      0.00,0,1,0,0,1,1
H5,704,2018,230620,      0.00,      0.00,      0.00,      0.00,0,1,0,0,1,1
H5,704,2018,230630,      0.00,      0.00,      0.00,      0.00,0,1,0,0,1,1
H5,704,2018,230641,      0.00,      0.00,      0.00,      0.00,0,2,0,0,2,2
H5,704,2018,230649,      0.00,      0.00,      0.00,      0.00,0,2,0,0,2,2
H5,704,2018,230650,      0.00,      0.00,      0.00,      0.00,0,1,0,0,1,1
H5,704,2018,230660,      0.00,      0.00,      0.00,      0.00,0,2,0,0,2,2
H5,704,2018,230690,      0.00,      0.00,      0.00,      0.00,0,2,0,0,2,2
H5,704,2018,230700,      0.00,      0.00,      0.00,      0.00,0,1,0,0,1,1
H5,704,2018,230800,      0.00,      0.00,      0.00,      0.00,0,1,0,0,1,1
H5,704,2018,230910,     14.00,      7.00,      7.00,      7.00,0,0,0,2,2,2
H5,704,2018,230990,     12.00,      0.00,      3.00,      1.71,0,3,0,4,7,7
H5,704,2018,240110,    370.00,     30.00,     90.00,     74.00,0,0,0,5,5,5
H5,704,2018,240120,    510.00,     80.00,     90.00,     85.00,0,0,0,6,6,6
H5,704,2018,240130,    170.00,     80.00,     90.00,     85.00,0,0,0,2,2,2
H5,704,2018,240210,    100.00,    100.00,    100.00,    100.00,0,0,0,1,1,1
H5,704,2018,240220,    405.00,    135.00,    135.00,    135.00,0,0,0,3,3,3
H5,704,2018,240290,    270.00,    135.00,    135.00,    135.00,0,0,0,2,2,2
H5,704,2018,240311,     30.00,     30.00,     30.00,     30.00,0,0,0,1,1,1
H5,704,2018,240319,    200.00,     30.00,     50.00,     40.00,0,0,0,5,5,5
H5,704,2018,240391,    110.00,     50.00,     60.00,     55.00,0,0,0,2,2,2
H5,704,2018,240399,    210.00,     30.00,     50.00,     42.00,0,0,0,5,5,5
H5,704,2018,250100,    320.00,     50.00,     60.00,     53.33,0,0,0,6,6,6
H5,704,2018,250200,      0.00,      0.00,      0.00,      0.00,0,1,0,0,1,1
H5,704,2018,250300,      0.00,      0.00,      0.00,      0.00,0,1,0,0,1,1
H5,704,2018,250410,      5.00,      5.00,      5.00,      5.00,0,0,0,1,1,1
H5,704,2018,250490,      5.00,      5.00,      5.00,      5.00,0,0,0,1,1,1
H5,704,2018,250510,      0.00,      0.00,      0.00,      0.00,0,1,0,0,1,1
H5,704,2018,250590,      0.00,      0.00,      0.00,      0.00,0,1,0,0,1,1
H5,704,2018,250610,      5.00,      5.00,      5.00,      5.00,0,0,0,1,1,1
H5,704,2018,250620,      5.00,      5.00,      5.00,      5.00,0,0,0,1,1,1
H5,704,2018,250700,      3.00,      3.00,      3.00,      3.00,0,0,0,1,1,1
H5,704,2018,250810,      3.00,      3.00,      3.00,      3.00,0,0,0,1,1,1
H5,704,2018,250830,      3.00,      3.00,      3.00,      3.00,0,0,0,1,1,1
H5,704,2018,250840,      6.00,      3.00,      3.00,      3.00,0,0,0,2,2,2
H5,704,2018,250850,      3.00,      3.00,      3.00,      3.00,0,0,0,1,1,1
H5,704,2018,250860,      3.00,      3.00,      3.00,      3.00,0,0,0,1,1,1
H5,704,2018,250870,      3.00,      3.00,      3.00,      3.00,0,0,0,1,1,1
H5,704,2018,250900,      3.00,      3.00,      3.00,      3.00,0,0,0,1,1,1
H5,704,2018,251010,      0.00,      0.00,      0.00,      0.00,0,2,0,0,2,2
H5,704,2018,251020,      3.00,      0.00,      3.00,      1.50,0,1,0,1,2,2
H5,704,2018,251110,      3.00,      3.00,      3.00,      3.00,0,0,0,1,1,1
H5,704,2018,251120,      0.00,      0.00,      0.00,      0.00,0,1,0,0,1,1
H5,704,2018,251200,      3.00,      3.00,      3.00,      3.00,0,0,0,1,1,1
H5,704,2018,251310,      3.00,      3.00,      3.00,      3.00,0,0,0,1,1,1
H5,704,2018,251320,      3.00,      3.00,      3.00,      3.00,0,0,0,1,1,1
H5,704,2018,251400,      3.00,      3.00,      3.00,      3.00,0,0,0,1,1,1
H5,704,2018,251511,      0.00,      0.00,      0.00,      0.00,0,1,0,0,1,1
H5,704,2018,251512,      5.00,      2.00,      3.00,      2.50,0,0,0,2,2,2
H5,704,2018,251520,      3.00,      3.00,      3.00,      3.00,0,0,0,1,1,1
H5,704,2018,251611,      0.00,      0.00,      0.00,      0.00,0,1,0,0,1,1
H5,704,2018,251612,      5.00,      2.00,      3.00,      2.50,0,0,0,2,2,2
H5,704,2018,251620,      0.00,      0.00,      0.00,      0.00,0,2,0,0,2,2
H5,704,2018,251690,      3.00,      3.00,      3.00,      3.00,0,0,0,1,1,1
H5,704,2018,251710,      3.00,      3.00,      3.00,      3.00,0,0,0,1,1,1
H5,704,2018,251720,      3.00,      3.00,      3.00,      3.00,0,0,0,1,1,1
H5,704,2018,251730,      0.00,      0.00,      0.00,      0.00,0,1,0,0,1,1
H5,704,2018,251741,      3.00,      3.00,      3.00,      3.00,0,0,0,1,1,1
H5,704,2018,251749,      3.00,      3.00,      3.00,      3.00,0,0,0,1,1,1
H5,704,2018,251810,      3.00,      3.00,      3.00,      3.00,0,0,0,1,1,1
H5,704,2018,251820,      3.00,      3.00,      3.00,      3.00,0,0,0,1,1,1
H5,704,2018,251830,      0.00,      0.00,      0.00,      0.00,0,1,0,0,1,1
H5,704,2018,251910,      3.00,      3.00,      3.00,      3.00,0,0,0,1,1,1
H5,704,2018,251990,      6.00,      3.00,      3.00,      3.00,0,0,0,2,2,2
H5,704,2018,252010,      3.00,      3.00,      3.00,      3.00,0,0,0,1,1,1
H5,704,2018,252020,      3.00,      0.00,      3.00,      1.50,0,1,0,1,2,2
H5,704,2018,252100,      0.00,      0.00,      0.00,      0.00,0,1,0,0,1,1
H5,704,2018,252210,      5.00,      5.00,      5.00,      5.00,0,0,0,1,1,1
H5,704,2018,252220,      5.00,      5.00,      5.00,      5.00,0,0,0,1,1,1
H5,704,2018,252230,      5.00,      5.00,      5.00,      5.00,0,0,0,1,1,1
H5,704,2018,252310,     50.00,     25.00,     25.00,     25.00,0,0,0,2,2,2
H5,704,2018,252321,     32.00,     32.00,     32.00,     32.00,0,0,0,1,1,1
H5,704,2018,252329,     64.00,     32.00,     32.00,     32.00,0,0,0,2,2,2
H5,704,2018,252330,     32.00,     32.00,     32.00,     32.00,0,0,0,1,1,1
H5,704,2018,252390,     32.00,     32.00,     32.00,     32.00,0,0,0,1,1,1
H5,704,2018,252410,      5.00,      5.00,      5.00,      5.00,0,0,0,1,1,1
H5,704,2018,252490,      5.00,      5.00,      5.00,      5.00,0,0,0,1,1,1
H5,704,2018,252510,      5.00,      5.00,      5.00,      5.00,0,0,0,1,1,1
H5,704,2018,252520,      5.00,      5.00,      5.00,      5.00,0,0,0,1,1,1
H5,704,2018,252530,      3.00,      3.00,      3.00,      3.00,0,0,0,1,1,1
H5,704,2018,252610,      0.00,      0.00,      0.00,      0.00,0,1,0,0,1,1
H5,704,2018,252620,      3.00,      0.00,      3.00,      1.50,0,1,0,1,2,2
H5,704,2018,252800,      3.00,      3.00,      3.00,      3.00,0,0,0,1,1,1
H5,704,2018,252910,     10.00,      5.00,      5.00,      5.00,0,0,0,2,2,2
H5,704,2018,252921,      3.00,      3.00,      3.00,      3.00,0,0,0,1,1,1
H5,704,2018,252922,      3.00,      3.00,      3.00,      3.00,0,0,0,1,1,1
H5,704,2018,252930,      3.00,      3.00,      3.00,      3.00,0,0,0,1,1,1
H5,704,2018,253010,      3.00,      3.00,      3.00,      3.00,0,0,0,1,1,1
H5,704,2018,253020,      6.00,      3.00,      3.00,      3.00,0,0,0,2,2,2
H5,704,2018,253090,      6.00,      3.00,      3.00,      3.00,0,0,0,2,2,2
H5,704,2018,260111,      0.00,      0.00,      0.00,      0.00,0,2,0,0,2,2
H5,704,2018,260112,      0.00,      0.00,      0.00,      0.00,0,2,0,0,2,2
H5,704,2018,260120,      0.00,      0.00,      0.00,      0.00,0,1,0,0,1,1
H5,704,2018,260200,      0.00,      0.00,      0.00,      0.00,0,1,0,0,1,1
H5,704,2018,260300,      0.00,      0.00,      0.00,      0.00,0,1,0,0,1,1
H5,704,2018,260400,      0.00,      0.00,      0.00,      0.00,0,1,0,0,1,1
H5,704,2018,260500,      0.00,      0.00,      0.00,      0.00,0,1,0,0,1,1
H5,704,2018,260600,      0.00,      0.00,      0.00,      0.00,0,1,0,0,1,1
H5,704,2018,260700,      0.00,      0.00,      0.00,      0.00,0,1,0,0,1,1
H5,704,2018,260800,      0.00,      0.00,      0.00,      0.00,0,1,0,0,1,1
H5,704,2018,260900,      0.00,      0.00,      0.00,      0.00,0,1,0,0,1,1
H5,704,2018,261000,      0.00,      0.00,      0.00,      0.00,0,1,0,0,1,1
H5,704,2018,261100,      0.00,      0.00,      0.00,      0.00,0,1,0,0,1,1
H5,704,2018,261210,      0.00,      0.00,      0.00,      0.00,0,1,0,0,1,1
H5,704,2018,261220,      0.00,      0.00,      0.00,      0.00,0,1,0,0,1,1
H5,704,2018,261310,      0.00,      0.00,      0.00,      0.00,0,1,0,0,1,1
H5,704,2018,261390,      0.00,      0.00,      0.00,      0.00,0,1,0,0,1,1
H5,704,2018,261400,      0.00,      0.00,      0.00,      0.00,0,2,0,0,2,2
H5,704,2018,261510,      0.00,      0.00,      0.00,      0.00,0,1,0,0,1,1
H5,704,2018,261590,      0.00,      0.00,      0.00,      0.00,0,1,0,0,1,1
H5,704,2018,261610,      0.00,      0.00,      0.00,      0.00,0,1,0,0,1,1
H5,704,2018,261690,      0.00,      0.00,      0.00,      0.00,0,1,0,0,1,1
H5,704,2018,261710,      0.00,      0.00,      0.00,      0.00,0,1,0,0,1,1
H5,704,2018,261790,      0.00,      0.00,      0.00,      0.00,0,1,0,0,1,1
H5,704,2018,261800,     10.00,     10.00,     10.00,     10.00,0,0,0,1,1,1
H5,704,2018,261900,     10.00,     10.00,     10.00,     10.00,0,0,0,1,1,1
H5,704,2018,262011,     10.00,     10.00,     10.00,     10.00,0,0,0,1,1,1
H5,704,2018,262019,     10.00,     10.00,     10.00,     10.00,0,0,0,1,1,1
H5,704,2018,262021,     10.00,     10.00,     10.00,     10.00,0,0,0,1,1,1
H5,704,2018,262029,     10.00,     10.00,     10.00,     10.00,0,0,0,1,1,1
H5,704,2018,262030,     10.00,     10.00,     10.00,     10.00,0,0,0,1,1,1
H5,704,2018,262040,     10.00,     10.00,     10.00,     10.00,0,0,0,1,1,1
H5,704,2018,262060,     10.00,     10.00,     10.00,     10.00,0,0,0,1,1,1
H5,704,2018,262091,     10.00,     10.00,     10.00,     10.00,0,0,0,1,1,1
H5,704,2018,262099,     20.00,     10.00,     10.00,     10.00,0,0,0,2,2,2
H5,704,2018,262110,     10.00,     10.00,     10.00,     10.00,0,0,0,1,1,1
H5,704,2018,262190,     10.00,     10.00,     10.00,     10.00,0,0,0,1,1,1
H5,704,2018,270111,      2.00,      2.00,      2.00,      2.00,0,0,0,1,1,1
H5,704,2018,270112,      4.00,      2.00,      2.00,      2.00,0,0,0,2,2,2
H5,704,2018,270119,      2.00,      2.00,      2.00,      2.00,0,0,0,1,1,1
H5,704,2018,270120,      2.00,      2.00,      2.00,      2.00,0,0,0,1,1,1
H5,704,2018,270210,      2.00,      2.00,      2.00,      2.00,0,0,0,1,1,1
H5,704,2018,270220,      2.00,      2.00,      2.00,      2.00,0,0,0,1,1,1
H5,704,2018,270300,      4.00,      2.00,      2.00,      2.00,0,0,0,2,2,2
H5,704,2018,270400,      6.00,      0.00,      3.00,      2.00,0,1,0,2,3,3
H5,704,2018,270500,      0.00,      0.00,      0.00,      0.00,0,1,0,0,1,1
H5,704,2018,270600,      0.00,      0.00,      0.00,      0.00,0,1,0,0,1,1
H5,704,2018,270710,      3.00,      3.00,      3.00,      3.00,0,0,0,1,1,1
H5,704,2018,270720,      0.00,      0.00,      0.00,      0.00,0,1,0,0,1,1
H5,704,2018,270730,      3.00,      3.00,      3.00,      3.00,0,0,0,1,1,1
H5,704,2018,270740,      0.00,      0.00,      0.00,      0.00,0,1,0,0,1,1
H5,704,2018,270750,      0.00,      0.00,      0.00,      0.00,0,1,0,0,1,1
H5,704,2018,270791,      0.00,      0.00,      0.00,      0.00,0,1,0,0,1,1
H5,704,2018,270799,      0.00,      0.00,      0.00,      0.00,0,2,0,0,2,2
H5,704,2018,270810,      0.00,      0.00,      0.00,      0.00,0,1,0,0,1,1
H5,704,2018,270820,      0.00,      0.00,      0.00,      0.00,0,1,0,0,1,1
H5,704,2018,270900,      3.00,      0.00,      3.00,      1.00,0,2,0,1,3,3
H5,704,2018,271000,,,,,,,,,,
H5,704,2018,271012,    414.00,      7.00,     20.00,     18.82,0,0,0,22,22,22
H5,704,2018,271019,     90.00,      3.00,      7.00,      5.63,0,0,0,16,16,16
H5,704,2018,271020,      5.00,      5.00,      5.00,      5.00,0,0,0,1,1,1
H5,704,2018,271091,     20.00,     20.00,     20.00,     20.00,0,0,0,1,1,1
H5,704,2018,271099,     20.00,     20.00,     20.00,     20.00,0,0,0,1,1,1
H5,704,2018,271111,      5.00,      5.00,      5.00,      5.00,0,0,0,1,1,1
H5,704,2018,271112,      2.00,      2.00,      2.00,      2.00,0,0,0,1,1,1
H5,704,2018,271113,      5.00,      5.00,      5.00,      5.00,0,0,0,1,1,1
H5,704,2018,271114,     10.00,      5.00,      5.00,      5.00,0,0,0,2,2,2
H5,704,2018,271119,      5.00,      5.00,      5.00,      5.00,0,0,0,1,1,1
H5,704,2018,271121,      0.00,      0.00,      0.00,      0.00,0,2,0,0,2,2
H5,704,2018,271129,      0.00,      0.00,      0.00,      0.00,0,1,0,0,1,1
H5,704,2018,271210,      3.00,      3.00,      3.00,      3.00,0,0,0,1,1,1
H5,704,2018,271220,      3.00,      3.00,      3.00,      3.00,0,0,0,1,1,1
H5,704,2018,271290,      6.00,      3.00,      3.00,      3.00,0,0,0,2,2,2
H5,704,2018,271311,      0.00,      0.00,      0.00,      0.00,0,1,0,0,1,1
H5,704,2018,271312,      0.00,      0.00,      0.00,      0.00,0,1,0,0,1,1
H5,704,2018,271320,      0.00,      0.00,      0.00,      0.00,0,1,0,0,1,1
H5,704,2018,271390,      0.00,      0.00,      0.00,      0.00,0,1,0,0,1,1
H5,704,2018,271410,      0.00,      0.00,      0.00,      0.00,0,1,0,0,1,1
H5,704,2018,271490,      0.00,      0.00,      0.00,      0.00,0,1,0,0,1,1
H5,704,2018,271500,     20.00,      0.00,     20.00,     10.00,0,1,0,1,2,2
H5,704,2018,271600,      1.00,      1.00,      1.00,      1.00,0,0,0,1,1,1
H5,704,2018,280110,      3.00,      3.00,      3.00,      3.00,0,0,0,1,1,1
H5,704,2018,280120,      0.00,      0.00,      0.00,      0.00,0,1,0,0,1,1
H5,704,2018,280130,      0.00,      0.00,      0.00,      0.00,0,1,0,0,1,1
H5,704,2018,280200,      3.00,      3.00,      3.00,      3.00,0,0,0,1,1,1
H5,704,2018,280300,     17.00,      2.00,     10.00,      4.25,0,0,0,4,4,4
H5,704,2018,280410,      0.00,      0.00,      0.00,      0.00,0,1,0,0,1,1
H5,704,2018,280421,      3.00,      3.00,      3.00,      3.00,0,0,0,1,1,1
H5,704,2018,280429,      3.00,      3.00,      3.00,      3.00,0,0,0,1,1,1
H5,704,2018,280430,      3.00,      3.00,      3.00,      3.00,0,0,0,1,1,1
H5,704,2018,280440,      3.00,      3.00,      3.00,      3.00,0,0,0,1,1,1
H5,704,2018,280450,      0.00,      0.00,      0.00,      0.00,0,1,0,0,1,1
H5,704,2018,280461,      0.00,      0.00,      0.00,      0.00,0,1,0,0,1,1
H5,704,2018,280469,      0.00,      0.00,      0.00,      0.00,0,1,0,0,1,1
H5,704,2018,280470,      3.00,      3.00,      3.00,      3.00,0,0,0,1,1,1
H5,704,2018,280480,      0.00,      0.00,      0.00,      0.00,0,1,0,0,1,1
H5,704,2018,280490,      0.00,      0.00,      0.00,      0.00,0,1,0,0,1,1
H5,704,2018,280511,      0.00,      0.00,      0.00,      0.00,0,1,0,0,1,1
H5,704,2018,280512,      0.00,      0.00,      0.00,      0.00,0,1,0,0,1,1
H5,704,2018,280519,      0.00,      0.00,      0.00,      0.00,0,1,0,0,1,1
H5,704,2018,280530,      0.00,      0.00,      0.00,      0.00,0,1,0,0,1,1
H5,704,2018,280540,      0.00,      0.00,      0.00,      0.00,0,1,0,0,1,1
H5,704,2018,280610,     10.00,     10.00,     10.00,     10.00,0,0,0,1,1,1
H5,704,2018,280620,      3.00,      3.00,      3.00,      3.00,0,0,0,1,1,1
H5,704,2018,280700,     10.00,     10.00,     10.00,     10.00,0,0,0,1,1,1
H5,704,2018,280800,      2.00,      2.00,      2.00,      2.00,0,0,0,1,1,1
H5,704,2018,280910,      0.00,      0.00,      0.00,      0.00,0,1,0,0,1,1
H5,704,2018,280920,     30.00,      5.00,      5.00,      5.00,0,0,0,6,6,6
H5,704,2018,281000,      0.00,      0.00,      0.00,      0.00,0,1,0,0,1,1
H5,704,2018,281111,      0.00,      0.00,      0.00,      0.00,0,1,0,0,1,1
H5,704,2018,281112,      0.00,      0.00,      0.00,      0.00,0,1,0,0,1,1
H5,704,2018,281119,      0.00,      0.00,      0.00,      0.00,0,3,0,0,3,3
H5,704,2018,281121,      2.00,      2.00,      2.00,      2.00,0,0,0,1,1,1
H5,704,2018,281122,      0.00,      0.00,      0.00,      0.00,0,2,0,0,2,2
H5,704,2018,281129,      0.00,      0.00,      0.00,      0.00,0,3,0,0,3,3
H5,704,2018,281211,      0.00,      0.00,      0.00,      0.00,0,1,0,0,1,1
H5,704,2018,281212,      0.00,      0.00,      0.00,      0.00,0,1,0,0,1,1
H5,704,2018,281213,      0.00,      0.00,      0.00,      0.00,0,1,0,0,1,1
H5,704,2018,281214,      0.00,      0.00,      0.00,      0.00,0,1,0,0,1,1
H5,704,2018,281215,      0.00,      0.00,      0.00,      0.00,0,1,0,0,1,1
H5,704,2018,281216,      0.00,      0.00,      0.00,      0.00,0,1,0,0,1,1
H5,704,2018,281217,      0.00,      0.00,      0.00,      0.00,0,1,0,0,1,1
H5,704,2018,281219,      0.00,      0.00,      0.00,      0.00,0,1,0,0,1,1
H5,704,2018,281290,      0.00,      0.00,      0.00,      0.00,0,1,0,0,1,1
H5,704,2018,281310,      0.00,      0.00,      0.00,      0.00,0,1,0,0,1,1
H5,704,2018,281390,      0.00,      0.00,      0.00,      0.00,0,1,0,0,1,1
H5,704,2018,281410,      2.00,      2.00,      2.00,      2.00,0,0,0,1,1,1
H5,704,2018,281420,      5.00,      5.00,      5.00,      5.00,0,0,0,1,1,1
H5,704,2018,281511,      5.00,      5.00,      5.00,      5.00,0,0,0,1,1,1
H5,704,2018,281512,     20.00,     20.00,     20.00,     20.00,0,0,0,1,1,1
H5,704,2018,281520,      0.00,      0.00,      0.00,      0.00,0,1,0,0,1,1
H5,704,2018,281530,      0.00,      0.00,      0.00,      0.00,0,1,0,0,1,1
H5,704,2018,281610,      5.00,      5.00,      5.00,      5.00,0,0,0,1,1,1
H5,704,2018,281640,      5.00,      5.00,      5.00,      5.00,0,0,0,1,1,1
H5,704,2018,281700,      2.00,      0.00,      2.00,      1.00,0,1,0,1,2,2
H5,704,2018,281810,      0.00,      0.00,      0.00,      0.00,0,1,0,0,1,1
H5,704,2018,281820,      2.00,      2.00,      2.00,      2.00,0,0,0,1,1,1
H5,704,2018,281830,      3.00,      3.00,      3.00,      3.00,0,0,0,1,1,1
H5,704,2018,281910,      0.00,      0.00,      0.00,      0.00,0,1,0,0,1,1
H5,704,2018,281990,      0.00,      0.00,      0.00,      0.00,0,1,0,0,1,1
H5,704,2018,282010,      3.00,      3.00,      3.00,      3.00,0,0,0,1,1,1
H5,704,2018,282090,      0.00,      0.00,      0.00,      0.00,0,1,0,0,1,1
H5,704,2018,282110,      2.00,      2.00,      2.00,      2.00,0,0,0,1,1,1
H5,704,2018,282120,      3.00,      3.00,      3.00,      3.00,0,0,0,1,1,1
H5,704,2018,282200,      0.00,      0.00,      0.00,      0.00,0,1,0,0,1,1
H5,704,2018,282300,      0.00,      0.00,      0.00,      0.00,0,1,0,0,1,1
H5,704,2018,282410,      0.00,      0.00,      0.00,      0.00,0,1,0,0,1,1
H5,704,2018,282490,      0.00,      0.00,      0.00,      0.00,0,1,0,0,1,1
H5,704,2018,282510,      0.00,      0.00,      0.00,      0.00,0,1,0,0,1,1
H5,704,2018,282520,      0.00,      0.00,      0.00,      0.00,0,1,0,0,1,1
H5,704,2018,282530,      0.00,      0.00,      0.00,      0.00,0,1,0,0,1,1
H5,704,2018,282540,      0.00,      0.00,      0.00,      0.00,0,1,0,0,1,1
H5,704,2018,282550,      0.00,      0.00,      0.00,      0.00,0,1,0,0,1,1
H5,704,2018,282560,      0.00,      0.00,      0.00,      0.00,0,1,0,0,1,1
H5,704,2018,282570,      0.00,      0.00,      0.00,      0.00,0,1,0,0,1,1
H5,704,2018,282580,      0.00,      0.00,      0.00,      0.00,0,1,0,0,1,1
H5,704,2018,282590,      0.00,      0.00,      0.00,      0.00,0,1,0,0,1,1
H5,704,2018,282612,      0.00,      0.00,      0.00,      0.00,0,1,0,0,1,1
H5,704,2018,282619,      0.00,      0.00,      0.00,      0.00,0,1,0,0,1,1
H5,704,2018,282630,      0.00,      0.00,      0.00,      0.00,0,1,0,0,1,1
H5,704,2018,282690,      0.00,      0.00,      0.00,      0.00,0,1,0,0,1,1
H5,704,2018,282710,      0.00,      0.00,      0.00,      0.00,0,1,0,0,1,1
H5,704,2018,282720,     25.00,     10.00,     15.00,     12.50,0,0,0,2,2,2
H5,704,2018,282731,      0.00,      0.00,      0.00,      0.00,0,1,0,0,1,1
H5,704,2018,282732,      3.00,      3.00,      3.00,      3.00,0,0,0,1,1,1
H5,704,2018,282735,      0.00,      0.00,      0.00,      0.00,0,1,0,0,1,1
H5,704,2018,282739,      4.00,      0.00,      2.00,      1.00,0,2,0,2,4,4
H5,704,2018,282741,      0.00,      0.00,      0.00,      0.00,0,1,0,0,1,1
H5,704,2018,282749,      0.00,      0.00,      0.00,      0.00,0,1,0,0,1,1
H5,704,2018,282751,      0.00,      0.00,      0.00,      0.00,0,1,0,0,1,1
H5,704,2018,282759,      0.00,      0.00,      0.00,      0.00,0,1,0,0,1,1
H5,704,2018,282760,      0.00,      0.00,      0.00,      0.00,0,1,0,0,1,1
H5,704,2018,282810,      0.00,      0.00,      0.00,      0.00,0,1,0,0,1,1
H5,704,2018,282890,      0.00,      0.00,      0.00,      0.00,0,2,0,0,2,2
H5,704,2018,282911,      0.00,      0.00,      0.00,      0.00,0,1,0,0,1,1
H5,704,2018,282919,      0.00,      0.00,      0.00,      0.00,0,1,0,0,1,1
H5,704,2018,282990,      0.00,      0.00,      0.00,      0.00,0,2,0,0,2,2
H5,704,2018,283010,      0.00,      0.00,      0.00,      0.00,0,1,0,0,1,1
H5,704,2018,283090,      0.00,      0.00,      0.00,      0.00,0,2,0,0,2,2
H5,704,2018,283110,      0.00,      0.00,      0.00,      0.00,0,1,0,0,1,1
H5,704,2018,283190,      0.00,      0.00,      0.00,      0.00,0,1,0,0,1,1
H5,704,2018,283210,      0.00,      0.00,      0.00,      0.00,0,1,0,0,1,1
H5,704,2018,283220,      0.00,      0.00,      0.00,      0.00,0,1,0,0,1,1
H5,704,2018,283230,      0.00,      0.00,      0.00,      0.00,0,1,0,0,1,1
H5,704,2018,283311,      5.00,      5.00,      5.00,      5.00,0,0,0,1,1,1
H5,704,2018,283319,      5.00,      5.00,      5.00,      5.00,0,0,0,1,1,1
H5,704,2018,283321,      5.00,      5.00,      5.00,      5.00,0,0,0,1,1,1
H5,704,2018,283322,     10.00,      5.00,      5.00,      5.00,0,0,0,2,2,2
H5,704,2018,283324,      5.00,      5.00,      5.00,      5.00,0,0,0,1,1,1
H5,704,2018,283325,      5.00,      5.00,      5.00,      5.00,0,0,0,1,1,1
H5,704,2018,283327,      5.00,      5.00,      5.00,      5.00,0,0,0,1,1,1
H5,704,2018,283329,     15.00,      5.00,      5.00,      5.00,0,0,0,3,3,3
H5,704,2018,283330,     10.00,     10.00,     10.00,     10.00,0,0,0,1,1,1
H5,704,2018,283340,      5.00,      5.00,      5.00,      5.00,0,0,0,1,1,1
H5,704,2018,283410,      0.00,      0.00,      0.00,      0.00,0,1,0,0,1,1
H5,704,2018,283421,      0.00,      0.00,      0.00,      0.00,0,1,0,0,1,1
H5,704,2018,283429,      6.00,      3.00,      3.00,      3.00,0,0,0,2,2,2
H5,704,2018,283510,      0.00,      0.00,      0.00,      0.00,0,1,0,0,1,1
H5,704,2018,283522,      0.00,      0.00,      0.00,      0.00,0,1,0,0,1,1
H5,704,2018,283524,      0.00,      0.00,      0.00,      0.00,0,1,0,0,1,1
H5,704,2018,283525,      0.00,      0.00,      0.00,      0.00,0,2,0,0,2,2
H5,704,2018,283526,      0.00,      0.00,      0.00,      0.00,0,1,0,0,1,1
H5,704,2018,283529,      0.00,      0.00,      0.00,      0.00,0,2,0,0,2,2
H5,704,2018,283531,      5.00,      5.00,      5.00,      5.00,0,0,0,1,1,1
H5,704,2018,283539,      0.00,      0.00,      0.00,      0.00,0,2,0,0,2,2
H5,704,2018,283620,      2.00,      2.00,      2.00,      2.00,0,0,0,1,1,1
H5,704,2018,283630,      5.00,      5.00,      5.00,      5.00,0,0,0,1,1,1
H5,704,2018,283640,      0.00,      0.00,      0.00,      0.00,0,1,0,0,1,1
H5,704,2018,283650,     20.00,     10.00,     10.00,     10.00,0,0,0,2,2,2
H5,704,2018,283660,      0.00,      0.00,      0.00,      0.00,0,1,0,0,1,1
H5,704,2018,283691,      0.00,      0.00,      0.00,      0.00,0,1,0,0,1,1
H5,704,2018,283692,      0.00,      0.00,      0.00,      0.00,0,1,0,0,1,1
H5,704,2018,283699,      3.00,      0.00,      3.00,      1.00,0,2,0,1,3,3
H5,704,2018,283711,      0.00,      0.00,      0.00,      0.00,0,1,0,0,1,1
H5,704,2018,283719,      0.00,      0.00,      0.00,      0.00,0,1,0,0,1,1
H5,704,2018,283720,      0.00,      0.00,      0.00,      0.00,0,1,0,0,1,1
H5,704,2018,283911,      3.00,      3.00,      3.00,      3.00,0,0,0,1,1,1
H5,704,2018,283919,      3.00,      0.00,      3.00,      1.50,0,1,0,1,2,2
H5,704,2018,283990,      2.00,      2.00,      2.00,      2.00,0,0,0,1,1,1
H5,704,2018,284011,      0.00,      0.00,      0.00,      0.00,0,1,0,0,1,1
H5,704,2018,284019,      0.00,      0.00,      0.00,      0.00,0,1,0,0,1,1
H5,704,2018,284020,      0.00,      0.00,      0.00,      0.00,0,1,0,0,1,1
H5,704,2018,284030,      0.00,      0.00,      0.00,      0.00,0,1,0,0,1,1
H5,704,2018,284130,      0.00,      0.00,      0.00,      0.00,0,1,0,0,1,1
H5,704,2018,284150,      0.00,      0.00,      0.00,      0.00,0,1,0,0,1,1
H5,704,2018,284161,      0.00,      0.00,      0.00,      0.00,0,1,0,0,1,1
H5,704,2018,284169,      0.00,      0.00,      0.00,      0.00,0,1,0,0,1,1
H5,704,2018,284170,      0.00,      0.00,      0.00,      0.00,0,1,0,0,1,1
H5,704,2018,284180,      0.00,      0.00,      0.00,      0.00,0,1,0,0,1,1
H5,704,2018,284190,      0.00,      0.00,      0.00,      0.00,0,1,0,0,1,1
H5,704,2018,284210,      5.00,      5.00,      5.00,      5.00,0,0,0,1,1,1
H5,704,2018,284290,      0.00,      0.00,      0.00,      0.00,0,4,0,0,4,4
H5,704,2018,284310,      0.00,      0.00,      0.00,      0.00,0,1,0,0,1,1
H5,704,2018,284321,      0.00,      0.00,      0.00,      0.00,0,1,0,0,1,1
H5,704,2018,284329,      0.00,      0.00,      0.00,      0.00,0,1,0,0,1,1
H5,704,2018,284330,      0.00,      0.00,      0.00,      0.00,0,1,0,0,1,1
H5,704,2018,284390,      0.00,      0.00,      0.00,      0.00,0,1,0,0,1,1
H5,704,2018,284410,      0.00,      0.00,      0.00,      0.00,0,2,0,0,2,2
H5,704,2018,284420,      0.00,      0.00,      0.00,      0.00,0,2,0,0,2,2
H5,704,2018,284430,      0.00,      0.00,      0.00,      0.00,0,2,0,0,2,2
H5,704,2018,284440,      0.00,      0.00,      0.00,      0.00,0,2,0,0,2,2
H5,704,2018,284450,      0.00,      0.00,      0.00,      0.00,0,1,0,0,1,1
H5,704,2018,284510,      0.00,      0.00,      0.00,      0.00,0,1,0,0,1,1
H5,704,2018,284590,      0.00,      0.00,      0.00,      0.00,0,1,0,0,1,1
H5,704,2018,284610,      0.00,      0.00,      0.00,      0.00,0,1,0,0,1,1
H5,704,2018,284690,      0.00,      0.00,      0.00,      0.00,0,1,0,0,1,1
H5,704,2018,284700,      3.00,      0.00,      3.00,      1.50,0,1,0,1,2,2
H5,704,2018,284910,      0.00,      0.00,      0.00,      0.00,0,1,0,0,1,1
H5,704,2018,284920,      0.00,      0.00,      0.00,      0.00,0,1,0,0,1,1
H5,704,2018,284990,      0.00,      0.00,      0.00,      0.00,0,1,0,0,1,1
H5,704,2018,285000,      0.00,      0.00,      0.00,      0.00,0,1,0,0,1,1
H5,704,2018,285210,      3.00,      0.00,      3.00,      1.00,0,2,0,1,3,3
H5,704,2018,285290,      0.00,      0.00,      0.00,      0.00,0,2,0,0,2,2
H5,704,2018,285310,      0.00,      0.00,      0.00,      0.00,0,1,0,0,1,1
H5,704,2018,285390,      0.00,      0.00,      0.00,      0.00,0,2,0,0,2,2
H5,704,2018,290110,      0.00,      0.00,      0.00,      0.00,0,1,0,0,1,1
H5,704,2018,290121,      0.00,      0.00,      0.00,      0.00,0,1,0,0,1,1
H5,704,2018,290122,      0.00,      0.00,      0.00,      0.00,0,1,0,0,1,1
H5,704,2018,290123,      0.00,      0.00,      0.00,      0.00,0,1,0,0,1,1
H5,704,2018,290124,      0.00,      0.00,      0.00,      0.00,0,1,0,0,1,1
H5,704,2018,290129,      0.00,      0.00,      0.00,      0.00,0,3,0,0,3,3
H5,704,2018,290211,      0.00,      0.00,      0.00,      0.00,0,1,0,0,1,1
H5,704,2018,290219,      0.00,      0.00,      0.00,      0.00,0,1,0,0,1,1
H5,704,2018,290220,      3.00,      3.00,      3.00,      3.00,0,0,0,1,1,1
H5,704,2018,290230,      0.00,      0.00,      0.00,      0.00,0,1,0,0,1,1
H5,704,2018,290241,      0.00,      0.00,      0.00,      0.00,0,1,0,0,1,1
H5,704,2018,290242,      0.00,      0.00,      0.00,      0.00,0,1,0,0,1,1
H5,704,2018,290243,      3.00,      3.00,      3.00,      3.00,0,0,0,1,1,1
H5,704,2018,290244,      0.00,      0.00,      0.00,      0.00,0,1,0,0,1,1
H5,704,2018,290250,      0.00,      0.00,      0.00,      0.00,0,1,0,0,1,1
H5,704,2018,290260,      0.00,      0.00,      0.00,      0.00,0,1,0,0,1,1
H5,704,2018,290270,      0.00,      0.00,      0.00,      0.00,0,1,0,0,1,1
H5,704,2018,290290,      2.00,      0.00,      2.00,      0.67,0,2,0,1,3,3
H5,704,2018,290311,     10.00,      5.00,      5.00,      5.00,0,0,0,2,2,2
H5,704,2018,290312,      0.00,      0.00,      0.00,      0.00,0,1,0,0,1,1
H5,704,2018,290313,      0.00,      0.00,      0.00,      0.00,0,1,0,0,1,1
H5,704,2018,290314,      5.00,      5.00,      5.00,      5.00,0,0,0,1,1,1
H5,704,2018,290315,      5.00,      5.00,      5.00,      5.00,0,0,0,1,1,1
H5,704,2018,290319,     15.00,      5.00,      5.00,      5.00,0,0,0,3,3,3
H5,704,2018,290321,      0.00,      0.00,      0.00,      0.00,0,1,0,0,1,1
H5,704,2018,290322,      5.00,      5.00,      5.00,      5.00,0,0,0,1,1,1
H5,704,2018,290323,      5.00,      5.00,      5.00,      5.00,0,0,0,1,1,1
H5,704,2018,290329,      5.00,      5.00,      5.00,      5.00,0,0,0,1,1,1
H5,704,2018,290331,      5.00,      5.00,      5.00,      5.00,0,0,0,1,1,1
H5,704,2018,290339,      5.00,      0.00,      5.00,      2.50,0,1,0,1,2,2
H5,704,2018,290371,      5.00,      5.00,      5.00,      5.00,0,0,0,1,1,1
H5,704,2018,290372,      5.00,      5.00,      5.00,      5.00,0,0,0,1,1,1
H5,704,2018,290373,      5.00,      5.00,      5.00,      5.00,0,0,0,1,1,1
H5,704,2018,290374,      5.00,      5.00,      5.00,      5.00,0,0,0,1,1,1
H5,704,2018,290375,      5.00,      5.00,      5.00,      5.00,0,0,0,1,1,1
H5,704,2018,290376,      5.00,      5.00,      5.00,      5.00,0,0,0,1,1,1
H5,704,2018,290377,      5.00,      5.00,      5.00,      5.00,0,0,0,1,1,1
H5,704,2018,290378,      5.00,      5.00,      5.00,      5.00,0,0,0,1,1,1
H5,704,2018,290379,      5.00,      5.00,      5.00,      5.00,0,0,0,1,1,1
H5,704,2018,290381,      5.00,      5.00,      5.00,      5.00,0,0,0,1,1,1
H5,704,2018,290382,      5.00,      5.00,      5.00,      5.00,0,0,0,1,1,1
H5,704,2018,290383,      5.00,      5.00,      5.00,      5.00,0,0,0,1,1,1
H5,704,2018,290389,      5.00,      5.00,      5.00,      5.00,0,0,0,1,1,1
H5,704,2018,290391,      5.00,      5.00,      5.00,      5.00,0,0,0,1,1,1
H5,704,2018,290392,      5.00,      5.00,      5.00,      5.00,0,0,0,1,1,1
H5,704,2018,290393,      5.00,      5.00,      5.00,      5.00,0,0,0,1,1,1
H5,704,2018,290394,      5.00,      5.00,      5.00,      5.00,0,0,0,1,1,1
H5,704,2018,290399,      5.00,      5.00,      5.00,      5.00,0,0,0,1,1,1
H5,704,2018,290410,      3.00,      3.00,      3.00,      3.00,0,0,0,1,1,1
H5,704,2018,290420,      6.00,      3.00,      3.00,      3.00,0,0,0,2,2,2
H5,704,2018,290431,      3.00,      3.00,      3.00,      3.00,0,0,0,1,1,1
H5,704,2018,290432,      3.00,      3.00,      3.00,      3.00,0,0,0,1,1,1
H5,704,2018,290433,      3.00,      3.00,      3.00,      3.00,0,0,0,1,1,1
H5,704,2018,290434,      3.00,      3.00,      3.00,      3.00,0,0,0,1,1,1
H5,704,2018,290435,      3.00,      3.00,      3.00,      3.00,0,0,0,1,1,1
H5,704,2018,290436,      3.00,      3.00,      3.00,      3.00,0,0,0,1,1,1
H5,704,2018,290491,      3.00,      3.00,      3.00,      3.00,0,0,0,1,1,1
H5,704,2018,290499,      3.00,      3.00,      3.00,      3.00,0,0,0,1,1,1
H5,704,2018,290511,      0.00,      0.00,      0.00,      0.00,0,1,0,0,1,1
H5,704,2018,290512,      0.00,      0.00,      0.00,      0.00,0,1,0,0,1,1
H5,704,2018,290513,      0.00,      0.00,      0.00,      0.00,0,1,0,0,1,1
H5,704,2018,290514,      0.00,      0.00,      0.00,      0.00,0,1,0,0,1,1
H5,704,2018,290516,      0.00,      0.00,      0.00,      0.00,0,1,0,0,1,1
H5,704,2018,290517,      0.00,      0.00,      0.00,      0.00,0,1,0,0,1,1
H5,704,2018,290519,      0.00,      0.00,      0.00,      0.00,0,1,0,0,1,1
H5,704,2018,290522,      0.00,      0.00,      0.00,      0.00,0,1,0,0,1,1
H5,704,2018,290529,      0.00,      0.00,      0.00,      0.00,0,1,0,0,1,1
H5,704,2018,290531,      0.00,      0.00,      0.00,      0.00,0,1,0,0,1,1
H5,704,2018,290532,      0.00,      0.00,      0.00,      0.00,0,1,0,0,1,1
H5,704,2018,290539,      0.00,      0.00,      0.00,      0.00,0,1,0,0,1,1
H5,704,2018,290541,      0.00,      0.00,      0.00,      0.00,0,1,0,0,1,1
H5,704,2018,290542,      0.00,      0.00,      0.00,      0.00,0,1,0,0,1,1
H5,704,2018,290543,      0.00,      0.00,      0.00,      0.00,0,1,0,0,1,1
H5,704,2018,290544,      5.00,      5.00,      5.00,      5.00,0,0,0,1,1,1
H5,704,2018,290545,      0.00,      0.00,      0.00,      0.00,0,1,0,0,1,1
H5,704,2018,290549,      0.00,      0.00,      0.00,      0.00,0,1,0,0,1,1
H5,704,2018,290551,      0.00,      0.00,      0.00,      0.00,0,1,0,0,1,1
H5,704,2018,290559,      0.00,      0.00,      0.00,      0.00,0,1,0,0,1,1
H5,704,2018,290611,      0.00,      0.00,      0.00,      0.00,0,1,0,0,1,1
H5,704,2018,290612,      0.00,      0.00,      0.00,      0.00,0,1,0,0,1,1
H5,704,2018,290613,      0.00,      0.00,      0.00,      0.00,0,1,0,0,1,1
H5,704,2018,290619,      0.00,      0.00,      0.00,      0.00,0,1,0,0,1,1
H5,704,2018,290621,      0.00,      0.00,      0.00,      0.00,0,1,0,0,1,1
H5,704,2018,290629,      0.00,      0.00,      0.00,      0.00,0,1,0,0,1,1
H5,704,2018,290711,      0.00,      0.00,      0.00,      0.00,0,1,0,0,1,1
H5,704,2018,290712,      0.00,      0.00,      0.00,      0.00,0,1,0,0,1,1
H5,704,2018,290713,      0.00,      0.00,      0.00,      0.00,0,1,0,0,1,1
H5,704,2018,290715,      0.00,      0.00,      0.00,      0.00,0,1,0,0,1,1
H5,704,2018,290719,      0.00,      0.00,      0.00,      0.00,0,1,0,0,1,1
H5,704,2018,290721,      0.00,      0.00,      0.00,      0.00,0,1,0,0,1,1
H5,704,2018,290722,      0.00,      0.00,      0.00,      0.00,0,1,0,0,1,1
H5,704,2018,290723,      0.00,      0.00,      0.00,      0.00,0,1,0,0,1,1
H5,704,2018,290729,      0.00,      0.00,      0.00,      0.00,0,2,0,0,2,2
H5,704,2018,290811,      0.00,      0.00,      0.00,      0.00,0,1,0,0,1,1
H5,704,2018,290819,      0.00,      0.00,      0.00,      0.00,0,1,0,0,1,1
H5,704,2018,290891,      0.00,      0.00,      0.00,      0.00,0,1,0,0,1,1
H5,704,2018,290892,      0.00,      0.00,      0.00,      0.00,0,1,0,0,1,1
H5,704,2018,290899,      0.00,      0.00,      0.00,      0.00,0,1,0,0,1,1
H5,704,2018,290911,      0.00,      0.00,      0.00,      0.00,0,1,0,0,1,1
H5,704,2018,290919,      0.00,      0.00,      0.00,      0.00,0,1,0,0,1,1
H5,704,2018,290920,      0.00,      0.00,      0.00,      0.00,0,1,0,0,1,1
H5,704,2018,290930,      0.00,      0.00,      0.00,      0.00,0,1,0,0,1,1
H5,704,2018,290941,      0.00,      0.00,      0.00,      0.00,0,1,0,0,1,1
H5,704,2018,290943,      0.00,      0.00,      0.00,      0.00,0,1,0,0,1,1
H5,704,2018,290944,      0.00,      0.00,      0.00,      0.00,0,1,0,0,1,1
H5,704,2018,290949,      0.00,      0.00,      0.00,      0.00,0,1,0,0,1,1
H5,704,2018,290950,      0.00,      0.00,      0.00,      0.00,0,1,0,0,1,1
H5,704,2018,290960,      0.00,      0.00,      0.00,      0.00,0,1,0,0,1,1
H5,704,2018,291010,      0.00,      0.00,      0.00,      0.00,0,1,0,0,1,1
H5,704,2018,291020,      0.00,      0.00,      0.00,      0.00,0,1,0,0,1,1
H5,704,2018,291030,      0.00,      0.00,      0.00,      0.00,0,1,0,0,1,1
H5,704,2018,291040,      0.00,      0.00,      0.00,      0.00,0,1,0,0,1,1
H5,704,2018,291050,      0.00,      0.00,      0.00,      0.00,0,1,0,0,1,1
H5,704,2018,291090,      0.00,      0.00,      0.00,      0.00,0,1,0,0,1,1
H5,704,2018,291100,      0.00,      0.00,      0.00,      0.00,0,1,0,0,1,1
H5,704,2018,291211,      6.00,      3.00,      3.00,      3.00,0,0,0,2,2,2
H5,704,2018,291212,      0.00,      0.00,      0.00,      0.00,0,1,0,0,1,1
H5,704,2018,291219,      0.00,      0.00,      0.00,      0.00,0,1,0,0,1,1
H5,704,2018,291221,      0.00,      0.00,      0.00,      0.00,0,1,0,0,1,1
H5,704,2018,291229,      0.00,      0.00,      0.00,      0.00,0,1,0,0,1,1
H5,704,2018,291241,      0.00,      0.00,      0.00,      0.00,0,1,0,0,1,1
H5,704,2018,291242,      0.00,      0.00,      0.00,      0.00,0,1,0,0,1,1
H5,704,2018,291249,      0.00,      0.00,      0.00,      0.00,0,2,0,0,2,2
H5,704,2018,291250,      0.00,      0.00,      0.00,      0.00,0,1,0,0,1,1
H5,704,2018,291260,      0.00,      0.00,      0.00,      0.00,0,1,0,0,1,1
H5,704,2018,291300,      0.00,      0.00,      0.00,      0.00,0,1,0,0,1,1
H5,704,2018,291411,      0.00,      0.00,      0.00,      0.00,0,1,0,0,1,1
H5,704,2018,291412,      0.00,      0.00,      0.00,      0.00,0,1,0,0,1,1
H5,704,2018,291413,      0.00,      0.00,      0.00,      0.00,0,1,0,0,1,1
H5,704,2018,291419,      0.00,      0.00,      0.00,      0.00,0,1,0,0,1,1
H5,704,2018,291422,      0.00,      0.00,      0.00,      0.00,0,1,0,0,1,1
H5,704,2018,291423,      0.00,      0.00,      0.00,      0.00,0,1,0,0,1,1
H5,704,2018,291429,      0.00,      0.00,      0.00,      0.00,0,2,0,0,2,2
H5,704,2018,291431,      0.00,      0.00,      0.00,      0.00,0,1,0,0,1,1
H5,704,2018,291439,      0.00,      0.00,      0.00,      0.00,0,1,0,0,1,1
H5,704,2018,291440,      0.00,      0.00,      0.00,      0.00,0,1,0,0,1,1
H5,704,2018,291450,      0.00,      0.00,      0.00,      0.00,0,1,0,0,1,1
H5,704,2018,291461,      0.00,      0.00,      0.00,      0.00,0,1,0,0,1,1
H5,704,2018,291462,      0.00,      0.00,      0.00,      0.00,0,1,0,0,1,1
H5,704,2018,291469,      0.00,      0.00,      0.00,      0.00,0,1,0,0,1,1
H5,704,2018,291471,      0.00,      0.00,      0.00,      0.00,0,1,0,0,1,1
H5,704,2018,291479,      0.00,      0.00,      0.00,      0.00,0,1,0,0,1,1
H5,704,2018,291511,      0.00,      0.00,      0.00,      0.00,0,1,0,0,1,1
H5,704,2018,291512,      0.00,      0.00,      0.00,      0.00,0,1,0,0,1,1
H5,704,2018,291513,      0.00,      0.00,      0.00,      0.00,0,1,0,0,1,1
H5,704,2018,291521,      0.00,      0.00,      0.00,      0.00,0,1,0,0,1,1
H5,704,2018,291524,      0.00,      0.00,      0.00,      0.00,0,1,0,0,1,1
H5,704,2018,291529,      0.00,      0.00,      0.00,      0.00,0,2,0,0,2,2
H5,704,2018,291531,      0.00,      0.00,      0.00,      0.00,0,1,0,0,1,1
H5,704,2018,291532,      0.00,      0.00,      0.00,      0.00,0,1,0,0,1,1
H5,704,2018,291533,      0.00,      0.00,      0.00,      0.00,0,1,0,0,1,1
H5,704,2018,291536,      0.00,      0.00,      0.00,      0.00,0,1,0,0,1,1
H5,704,2018,291539,      0.00,      0.00,      0.00,      0.00,0,3,0,0,3,3
H5,704,2018,291540,      0.00,      0.00,      0.00,      0.00,0,1,0,0,1,1
H5,704,2018,291550,      0.00,      0.00,      0.00,      0.00,0,1,0,0,1,1
H5,704,2018,291560,      0.00,      0.00,      0.00,      0.00,0,1,0,0,1,1
H5,704,2018,291570,      0.00,      0.00,      0.00,      0.00,0,3,0,0,3,3
H5,704,2018,291590,      0.00,      0.00,      0.00,      0.00,0,5,0,0,5,5
H5,704,2018,291611,      0.00,      0.00,      0.00,      0.00,0,1,0,0,1,1
H5,704,2018,291612,      0.00,      0.00,      0.00,      0.00,0,1,0,0,1,1
H5,704,2018,291613,      0.00,      0.00,      0.00,      0.00,0,1,0,0,1,1
H5,704,2018,291614,      0.00,      0.00,      0.00,      0.00,0,2,0,0,2,2
H5,704,2018,291615,      0.00,      0.00,      0.00,      0.00,0,1,0,0,1,1
H5,704,2018,291616,      0.00,      0.00,      0.00,      0.00,0,1,0,0,1,1
H5,704,2018,291619,      0.00,      0.00,      0.00,      0.00,0,1,0,0,1,1
H5,704,2018,291620,      0.00,      0.00,      0.00,      0.00,0,1,0,0,1,1
H5,704,2018,291631,      5.00,      5.00,      5.00,      5.00,0,0,0,1,1,1
H5,704,2018,291632,      0.00,      0.00,      0.00,      0.00,0,1,0,0,1,1
H5,704,2018,291634,      0.00,      0.00,      0.00,      0.00,0,1,0,0,1,1
H5,704,2018,291639,      0.00,      0.00,      0.00,      0.00,0,3,0,0,3,3
H5,704,2018,291711,      0.00,      0.00,      0.00,      0.00,0,1,0,0,1,1
H5,704,2018,291712,      5.00,      0.00,      5.00,      2.50,0,1,0,1,2,2
H5,704,2018,291713,      0.00,      0.00,      0.00,      0.00,0,1,0,0,1,1
H5,704,2018,291714,      0.00,      0.00,      0.00,      0.00,0,1,0,0,1,1
H5,704,2018,291719,      0.00,      0.00,      0.00,      0.00,0,1,0,0,1,1
H5,704,2018,291720,      0.00,      0.00,      0.00,      0.00,0,1,0,0,1,1
H5,704,2018,291732,     10.00,     10.00,     10.00,     10.00,0,0,0,1,1,1
H5,704,2018,291733,     10.00,     10.00,     10.00,     10.00,0,0,0,1,1,1
H5,704,2018,291734,     20.00,     10.00,     10.00,     10.00,0,0,0,2,2,2
H5,704,2018,291735,      0.00,      0.00,      0.00,      0.00,0,1,0,0,1,1
H5,704,2018,291736,      0.00,      0.00,      0.00,      0.00,0,1,0,0,1,1
H5,704,2018,291737,      0.00,      0.00,      0.00,      0.00,0,1,0,0,1,1
H5,704,2018,291739,      5.00,      0.00,      5.00,      1.67,0,2,0,1,3,3
H5,704,2018,291811,      0.00,      0.00,      0.00,      0.00,0,1,0,0,1,1
H5,704,2018,291812,      0.00,      0.00,      0.00,      0.00,0,1,0,0,1,1
H5,704,2018,291813,      0.00,      0.00,      0.00,      0.00,0,1,0,0,1,1
H5,704,2018,291814,      5.00,      5.00,      5.00,      5.00,0,0,0,1,1,1
H5,704,2018,291815,     10.00,      5.00,      5.00,      5.00,0,0,0,2,2,2
H5,704,2018,291816,      0.00,      0.00,      0.00,      0.00,0,1,0,0,1,1
H5,704,2018,291817,      0.00,      0.00,      0.00,      0.00,0,1,0,0,1,1
H5,704,2018,291818,      0.00,      0.00,      0.00,      0.00,0,1,0,0,1,1
H5,704,2018,291819,      0.00,      0.00,      0.00,      0.00,0,1,0,0,1,1
H5,704,2018,291821,      0.00,      0.00,      0.00,      0.00,0,1,0,0,1,1
H5,704,2018,291822,      0.00,      0.00,      0.00,      0.00,0,1,0,0,1,1
H5,704,2018,291823,      0.00,      0.00,      0.00,      0.00,0,1,0,0,1,1
H5,704,2018,291829,      0.00,      0.00,      0.00,      0.00,0,2,0,0,2,2
H5,704,2018,291830,      0.00,      0.00,      0.00,      0.00,0,1,0,0,1,1
H5,704,2018,291891,      0.00,      0.00,      0.00,      0.00,0,1,0,0,1,1
H5,704,2018,291899,      0.00,      0.00,      0.00,      0.00,0,1,0,0,1,1
H5,704,2018,291910,      3.00,      3.00,      3.00,      3.00,0,0,0,1,1,1
H5,704,2018,291990,      3.00,      3.00,      3.00,      3.00,0,0,0,1,1,1
H5,704,2018,292011,      0.00,      0.00,      0.00,      0.00,0,1,0,0,1,1
H5,704,2018,292019,      0.00,      0.00,      0.00,      0.00,0,1,0,0,1,1
H5,704,2018,292021,      0.00,      0.00,      0.00,      0.00,0,1,0,0,1,1
H5,704,2018,292022,      0.00,      0.00,      0.00,      0.00,0,1,0,0,1,1
H5,704,2018,292023,      0.00,      0.00,      0.00,      0.00,0,1,0,0,1,1
H5,704,2018,292024,      0.00,      0.00,      0.00,      0.00,0,1,0,0,1,1
H5,704,2018,292029,      0.00,      0.00,      0.00,      0.00,0,1,0,0,1,1
H5,704,2018,292030,      0.00,      0.00,      0.00,      0.00,0,1,0,0,1,1
H5,704,2018,292090,      0.00,      0.00,      0.00,      0.00,0,1,0,0,1,1
H5,704,2018,292111,      0.00,      0.00,      0.00,      0.00,0,1,0,0,1,1
H5,704,2018,292112,      0.00,      0.00,      0.00,      0.00,0,1,0,0,1,1
H5,704,2018,292113,      0.00,      0.00,      0.00,      0.00,0,1,0,0,1,1
H5,704,2018,292114,      0.00,      0.00,      0.00,      0.00,0,1,0,0,1,1
H5,704,2018,292119,      0.00,      0.00,      0.00,      0.00,0,1,0,0,1,1
H5,704,2018,292121,      0.00,      0.00,      0.00,      0.00,0,1,0,0,1,1
H5,704,2018,292122,      0.00,      0.00,      0.00,      0.00,0,1,0,0,1,1
H5,704,2018,292129,      0.00,      0.00,      0.00,      0.00,0,1,0,0,1,1
H5,704,2018,292130,      0.00,      0.00,      0.00,      0.00,0,1,0,0,1,1
H5,704,2018,292141,      0.00,      0.00,      0.00,      0.00,0,1,0,0,1,1
H5,704,2018,292142,      0.00,      0.00,      0.00,      0.00,0,1,0,0,1,1
H5,704,2018,292143,      0.00,      0.00,      0.00,      0.00,0,1,0,0,1,1
H5,704,2018,292144,      0.00,      0.00,      0.00,      0.00,0,1,0,0,1,1
H5,704,2018,292145,      0.00,      0.00,      0.00,      0.00,0,1,0,0,1,1
H5,704,2018,292146,      0.00,      0.00,      0.00,      0.00,0,1,0,0,1,1
H5,704,2018,292149,      0.00,      0.00,      0.00,      0.00,0,1,0,0,1,1
H5,704,2018,292151,      0.00,      0.00,      0.00,      0.00,0,1,0,0,1,1
H5,704,2018,292159,      0.00,      0.00,      0.00,      0.00,0,1,0,0,1,1
H5,704,2018,292211,      3.00,      3.00,      3.00,      3.00,0,0,0,1,1,1
H5,704,2018,292212,      3.00,      3.00,      3.00,      3.00,0,0,0,1,1,1
H5,704,2018,292214,      0.00,      0.00,      0.00,      0.00,0,1,0,0,1,1
H5,704,2018,292215,      3.00,      3.00,      3.00,      3.00,0,0,0,1,1,1
H5,704,2018,292216,      3.00,      3.00,      3.00,      3.00,0,0,0,1,1,1
H5,704,2018,292217,      3.00,      3.00,      3.00,      3.00,0,0,0,1,1,1
H5,704,2018,292218,      3.00,      3.00,      3.00,      3.00,0,0,0,1,1,1
H5,704,2018,292219,      6.00,      0.00,      3.00,      2.00,0,1,0,2,3,3
H5,704,2018,292221,      3.00,      3.00,      3.00,      3.00,0,0,0,1,1,1
H5,704,2018,292229,      3.00,      3.00,      3.00,      3.00,0,0,0,1,1,1
H5,704,2018,292231,      0.00,      0.00,      0.00,      0.00,0,1,0,0,1,1
H5,704,2018,292239,      3.00,      3.00,      3.00,      3.00,0,0,0,1,1,1
H5,704,2018,292241,      0.00,      0.00,      0.00,      0.00,0,1,0,0,1,1
H5,704,2018,292242,     50.00,     10.00,     20.00,     16.67,0,0,0,3,3,3
H5,704,2018,292243,      3.00,      3.00,      3.00,      3.00,0,0,0,1,1,1
H5,704,2018,292244,      3.00,      3.00,      3.00,      3.00,0,0,0,1,1,1
H5,704,2018,292249,      0.00,      0.00,      0.00,      0.00,0,1,0,0,1,1
H5,704,2018,292250,      0.00,      0.00,      0.00,      0.00,0,2,0,0,2,2
H5,704,2018,292310,      0.00,      0.00,      0.00,      0.00,0,1,0,0,1,1
H5,704,2018,292320,      3.00,      0.00,      3.00,      1.50,0,1,0,1,2,2
H5,704,2018,292330,      0.00,      0.00,      0.00,      0.00,0,1,0,0,1,1
H5,704,2018,292340,      0.00,      0.00,      0.00,      0.00,0,1,0,0,1,1
H5,704,2018,292390,      0.00,      0.00,      0.00,      0.00,0,1,0,0,1,1
H5,704,2018,292411,      0.00,      0.00,      0.00,      0.00,0,1,0,0,1,1
H5,704,2018,292412,      0.00,      0.00,      0.00,      0.00,0,2,0,0,2,2
H5,704,2018,292419,      0.00,      0.00,      0.00,      0.00,0,2,0,0,2,2
H5,704,2018,292421,      0.00,      0.00,      0.00,      0.00,0,3,0,0,3,3
H5,704,2018,292423,      3.00,      3.00,      3.00,      3.00,0,0,0,1,1,1
H5,704,2018,292424,      0.00,      0.00,      0.00,      0.00,0,1,0,0,1,1
H5,704,2018,292425,      0.00,      0.00,      0.00,      0.00,0,1,0,0,1,1
H5,704,2018,292429,     13.00,      0.00,     10.00,      3.25,0,2,0,2,4,4
H5,704,2018,292511,     10.00,     10.00,     10.00,     10.00,0,0,0,1,1,1
H5,704,2018,292512,      0.00,      0.00,      0.00,      0.00,0,1,0,0,1,1
H5,704,2018,292519,      0.00,      0.00,      0.00,      0.00,0,1,0,0,1,1
H5,704,2018,292521,      0.00,      0.00,      0.00,      0.00,0,1,0,0,1,1
H5,704,2018,292529,      0.00,      0.00,      0.00,      0.00,0,1,0,0,1,1
H5,704,2018,292610,      0.00,      0.00,      0.00,      0.00,0,1,0,0,1,1
H5,704,2018,292620,      0.00,      0.00,      0.00,      0.00,0,1,0,0,1,1
H5,704,2018,292630,      0.00,      0.00,      0.00,      0.00,0,1,0,0,1,1
H5,704,2018,292640,      0.00,      0.00,      0.00,      0.00,0,1,0,0,1,1
H5,704,2018,292690,      0.00,      0.00,      0.00,      0.00,0,1,0,0,1,1
H5,704,2018,292700,      0.00,      0.00,      0.00,      0.00,0,2,0,0,2,2
H5,704,2018,292800,      0.00,      0.00,      0.00,      0.00,0,2,0,0,2,2
H5,704,2018,292910,      5.00,      0.00,      5.00,      1.67,0,2,0,1,3,3
H5,704,2018,292990,     10.00,      0.00,      5.00,      3.33,0,1,0,2,3,3
H5,704,2018,293020,      0.00,      0.00,      0.00,      0.00,0,1,0,0,1,1
H5,704,2018,293030,      0.00,      0.00,      0.00,      0.00,0,1,0,0,1,1
H5,704,2018,293040,      0.00,      0.00,      0.00,      0.00,0,1,0,0,1,1
H5,704,2018,293060,      0.00,      0.00,      0.00,      0.00,0,1,0,0,1,1
H5,704,2018,293070,      0.00,      0.00,      0.00,      0.00,0,1,0,0,1,1
H5,704,2018,293080,      0.00,      0.00,      0.00,      0.00,0,1,0,0,1,1
H5,704,2018,293090,      0.00,      0.00,      0.00,      0.00,0,2,0,0,2,2
H5,704,2018,293110,      0.00,      0.00,      0.00,      0.00,0,2,0,0,2,2
H5,704,2018,293120,      0.00,      0.00,      0.00,      0.00,0,1,0,0,1,1
H5,704,2018,293131,      0.00,      0.00,      0.00,      0.00,0,1,0,0,1,1
H5,704,2018,293132,      0.00,      0.00,      0.00,      0.00,0,1,0,0,1,1
H5,704,2018,293133,      0.00,      0.00,      0.00,      0.00,0,1,0,0,1,1
H5,704,2018,293134,      0.00,      0.00,      0.00,      0.00,0,1,0,0,1,1
H5,704,2018,293135,      0.00,      0.00,      0.00,      0.00,0,1,0,0,1,1
H5,704,2018,293136,      0.00,      0.00,      0.00,      0.00,0,1,0,0,1,1
H5,704,2018,293137,      0.00,      0.00,      0.00,      0.00,0,1,0,0,1,1
H5,704,2018,293138,      0.00,      0.00,      0.00,      0.00,0,1,0,0,1,1
H5,704,2018,293139,      0.00,      0.00,      0.00,      0.00,0,1,0,0,1,1
H5,704,2018,293190,      0.00,      0.00,      0.00,      0.00,0,7,0,0,7,7
H5,704,2018,293211,      0.00,      0.00,      0.00,      0.00,0,1,0,0,1,1
H5,704,2018,293212,      0.00,      0.00,      0.00,      0.00,0,1,0,0,1,1
H5,704,2018,293213,      0.00,      0.00,      0.00,      0.00,0,1,0,0,1,1
H5,704,2018,293214,      0.00,      0.00,      0.00,      0.00,0,1,0,0,1,1
H5,704,2018,293219,      0.00,      0.00,      0.00,      0.00,0,1,0,0,1,1
H5,704,2018,293220,      0.00,      0.00,      0.00,      0.00,0,2,0,0,2,2
H5,704,2018,293291,      0.00,      0.00,      0.00,      0.00,0,1,0,0,1,1
H5,704,2018,293292,      0.00,      0.00,      0.00,      0.00,0,1,0,0,1,1
H5,704,2018,293293,      0.00,      0.00,      0.00,      0.00,0,1,0,0,1,1
H5,704,2018,293294,      0.00,      0.00,      0.00,      0.00,0,1,0,0,1,1
H5,704,2018,293295,      0.00,      0.00,      0.00,      0.00,0,1,0,0,1,1
H5,704,2018,293299,      0.00,      0.00,      0.00,      0.00,0,2,0,0,2,2
H5,704,2018,293311,      0.00,      0.00,      0.00,      0.00,0,1,0,0,1,1
H5,704,2018,293319,      0.00,      0.00,      0.00,      0.00,0,1,0,0,1,1
H5,704,2018,293321,      0.00,      0.00,      0.00,      0.00,0,1,0,0,1,1
H5,704,2018,293329,      0.00,      0.00,      0.00,      0.00,0,1,0,0,1,1
H5,704,2018,293331,      0.00,      0.00,      0.00,      0.00,0,1,0,0,1,1
H5,704,2018,293332,      0.00,      0.00,      0.00,      0.00,0,1,0,0,1,1
H5,704,2018,293333,      0.00,      0.00,      0.00,      0.00,0,1,0,0,1,1
H5,704,2018,293339,      0.00,      0.00,      0.00,      0.00,0,3,0,0,3,3
H5,704,2018,293341,      0.00,      0.00,      0.00,      0.00,0,1,0,0,1,1
H5,704,2018,293349,      0.00,      0.00,      0.00,      0.00,0,2,0,0,2,2
H5,704,2018,293352,      0.00,      0.00,      0.00,      0.00,0,1,0,0,1,1
H5,704,2018,293353,      0.00,      0.00,      0.00,      0.00,0,1,0,0,1,1
H5,704,2018,293354,      0.00,      0.00,      0.00,      0.00,0,1,0,0,1,1
H5,704,2018,293355,      0.00,      0.00,      0.00,      0.00,0,1,0,0,1,1
H5,704,2018,293359,      0.00,      0.00,      0.00,      0.00,0,2,0,0,2,2
H5,704,2018,293361,      0.00,      0.00,      0.00,      0.00,0,1,0,0,1,1
H5,704,2018,293369,      0.00,      0.00,      0.00,      0.00,0,1,0,0,1,1
H5,704,2018,293371,      0.00,      0.00,      0.00,      0.00,0,1,0,0,1,1
H5,704,2018,293372,      0.00,      0.00,      0.00,      0.00,0,1,0,0,1,1
H5,704,2018,293379,      0.00,      0.00,      0.00,      0.00,0,1,0,0,1,1
H5,704,2018,293391,      0.00,      0.00,      0.00,      0.00,0,1,0,0,1,1
H5,704,2018,293392,      0.00,      0.00,      0.00,      0.00,0,1,0,0,1,1
H5,704,2018,293399,      0.00,      0.00,      0.00,      0.00,0,2,0,0,2,2
H5,704,2018,293410,      0.00,      0.00,      0.00,      0.00,0,1,0,0,1,1
H5,704,2018,293420,      0.00,      0.00,      0.00,      0.00,0,1,0,0,1,1
H5,704,2018,293430,      0.00,      0.00,      0.00,      0.00,0,1,0,0,1,1
H5,704,2018,293491,      0.00,      0.00,      0.00,      0.00,0,1,0,0,1,1
H5,704,2018,293499,     25.00,      0.00,     10.00,      4.17,0,2,0,4,6,6
H5,704,2018,293510,      0.00,      0.00,      0.00,      0.00,0,1,0,0,1,1
H5,704,2018,293520,      0.00,      0.00,      0.00,      0.00,0,1,0,0,1,1
H5,704,2018,293530,      0.00,      0.00,      0.00,      0.00,0,1,0,0,1,1
H5,704,2018,293540,      0.00,      0.00,      0.00,      0.00,0,1,0,0,1,1
H5,704,2018,293550,      0.00,      0.00,      0.00,      0.00,0,1,0,0,1,1
H5,704,2018,293590,      0.00,      0.00,      0.00,      0.00,0,1,0,0,1,1
H5,704,2018,293621,      0.00,      0.00,      0.00,      0.00,0,1,0,0,1,1
H5,704,2018,293622,      0.00,      0.00,      0.00,      0.00,0,1,0,0,1,1
H5,704,2018,293623,      0.00,      0.00,      0.00,      0.00,0,1,0,0,1,1
H5,704,2018,293624,      0.00,      0.00,      0.00,      0.00,0,1,0,0,1,1
H5,704,2018,293625,      0.00,      0.00,      0.00,      0.00,0,1,0,0,1,1
H5,704,2018,293626,      0.00,      0.00,      0.00,      0.00,0,1,0,0,1,1
H5,704,2018,293627,      0.00,      0.00,      0.00,      0.00,0,1,0,0,1,1
H5,704,2018,293628,      0.00,      0.00,      0.00,      0.00,0,1,0,0,1,1
H5,704,2018,293629,      0.00,      0.00,      0.00,      0.00,0,1,0,0,1,1
H5,704,2018,293690,      0.00,      0.00,      0.00,      0.00,0,1,0,0,1,1
H5,704,2018,293711,      0.00,      0.00,      0.00,      0.00,0,1,0,0,1,1
H5,704,2018,293712,      0.00,      0.00,      0.00,      0.00,0,1,0,0,1,1
H5,704,2018,293719,      0.00,      0.00,      0.00,      0.00,0,1,0,0,1,1
H5,704,2018,293721,      0.00,      0.00,      0.00,      0.00,0,1,0,0,1,1
H5,704,2018,293722,      0.00,      0.00,      0.00,      0.00,0,1,0,0,1,1
H5,704,2018,293723,      0.00,      0.00,      0.00,      0.00,0,1,0,0,1,1
H5,704,2018,293729,      0.00,      0.00,      0.00,      0.00,0,1,0,0,1,1
H5,704,2018,293750,      0.00,      0.00,      0.00,      0.00,0,1,0,0,1,1
H5,704,2018,293790,      0.00,      0.00,      0.00,      0.00,0,3,0,0,3,3
H5,704,2018,293810,      3.00,      3.00,      3.00,      3.00,0,0,0,1,1,1
H5,704,2018,293890,      3.00,      3.00,      3.00,      3.00,0,0,0,1,1,1
H5,704,2018,293911,      0.00,      0.00,      0.00,      0.00,0,2,0,0,2,2
H5,704,2018,293919,      0.00,      0.00,      0.00,      0.00,0,1,0,0,1,1
H5,704,2018,293920,      0.00,      0.00,      0.00,      0.00,0,2,0,0,2,2
H5,704,2018,293930,      0.00,      0.00,      0.00,      0.00,0,1,0,0,1,1
H5,704,2018,293941,      0.00,      0.00,      0.00,      0.00,0,1,0,0,1,1
H5,704,2018,293942,      0.00,      0.00,      0.00,      0.00,0,1,0,0,1,1
H5,704,2018,293943,      0.00,      0.00,      0.00,      0.00,0,1,0,0,1,1
H5,704,2018,293944,      0.00,      0.00,      0.00,      0.00,0,1,0,0,1,1
H5,704,2018,293949,      0.00,      0.00,      0.00,      0.00,0,1,0,0,1,1
H5,704,2018,293951,      0.00,      0.00,      0.00,      0.00,0,1,0,0,1,1
H5,704,2018,293959,      0.00,      0.00,      0.00,      0.00,0,1,0,0,1,1
H5,704,2018,293961,      0.00,      0.00,      0.00,      0.00,0,1,0,0,1,1
H5,704,2018,293962,      0.00,      0.00,      0.00,      0.00,0,1,0,0,1,1
H5,704,2018,293963,      0.00,      0.00,      0.00,      0.00,0,1,0,0,1,1
H5,704,2018,293969,      0.00,      0.00,      0.00,      0.00,0,1,0,0,1,1
H5,704,2018,293971,      0.00,      0.00,      0.00,      0.00,0,1,0,0,1,1
H5,704,2018,293979,      0.00,      0.00,      0.00,      0.00,0,1,0,0,1,1
H5,704,2018,293980,      0.00,      0.00,      0.00,      0.00,0,1,0,0,1,1
H5,704,2018,294000,      3.00,      3.00,      3.00,      3.00,0,0,0,1,1,1
H5,704,2018,294110,     25.00,      0.00,     10.00,      6.25,0,1,0,3,4,4
H5,704,2018,294120,      0.00,      0.00,      0.00,      0.00,0,1,0,0,1,1
H5,704,2018,294130,      0.00,      0.00,      0.00,      0.00,0,1,0,0,1,1
H5,704,2018,294140,      0.00,      0.00,      0.00,      0.00,0,1,0,0,1,1
H5,704,2018,294150,      0.00,      0.00,      0.00,      0.00,0,1,0,0,1,1
H5,704,2018,294190,      0.00,      0.00,      0.00,      0.00,0,1,0,0,1,1
H5,704,2018,294200,      3.00,      3.00,      3.00,      3.00,0,0,0,1,1,1
H5,704,2018,300120,      0.00,      0.00,      0.00,      0.00,0,1,0,0,1,1
H5,704,2018,300190,      0.00,      0.00,      0.00,      0.00,0,1,0,0,1,1
H5,704,2018,300211,      0.00,      0.00,      0.00,      0.00,0,1,0,0,1,1
H5,704,2018,300212,      0.00,      0.00,      0.00,      0.00,0,2,0,0,2,2
H5,704,2018,300213,      0.00,      0.00,      0.00,      0.00,0,1,0,0,1,1
H5,704,2018,300214,      0.00,      0.00,      0.00,      0.00,0,1,0,0,1,1
H5,704,2018,300215,      0.00,      0.00,      0.00,      0.00,0,1,0,0,1,1
H5,704,2018,300219,      0.00,      0.00,      0.00,      0.00,0,1,0,0,1,1
H5,704,2018,300220,      0.00,      0.00,      0.00,      0.00,0,3,0,0,3,3
H5,704,2018,300230,      0.00,      0.00,      0.00,      0.00,0,1,0,0,1,1
H5,704,2018,300290,      0.00,      0.00,      0.00,      0.00,0,1,0,0,1,1
H5,704,2018,300310,     16.00,      0.00,      8.00,      5.33,0,1,0,2,3,3
H5,704,2018,300320,      0.00,      0.00,      0.00,      0.00,0,1,0,0,1,1
H5,704,2018,300331,      0.00,      0.00,      0.00,      0.00,0,1,0,0,1,1
H5,704,2018,300339,      0.00,      0.00,      0.00,      0.00,0,1,0,0,1,1
H5,704,2018,300341,      0.00,      0.00,      0.00,      0.00,0,1,0,0,1,1
H5,704,2018,300342,      0.00,      0.00,      0.00,      0.00,0,1,0,0,1,1
H5,704,2018,300343,      0.00,      0.00,      0.00,      0.00,0,1,0,0,1,1
H5,704,2018,300349,      0.00,      0.00,      0.00,      0.00,0,1,0,0,1,1
H5,704,2018,300360,      0.00,      0.00,      0.00,      0.00,0,1,0,0,1,1
H5,704,2018,300390,      0.00,      0.00,      0.00,      0.00,0,1,0,0,1,1
H5,704,2018,300410,     13.00,      0.00,      8.00,      2.60,0,3,0,2,5,5
H5,704,2018,300420,     20.00,      0.00,      5.00,      2.50,0,4,0,4,8,8
H5,704,2018,300431,      0.00,      0.00,      0.00,      0.00,0,1,0,0,1,1
H5,704,2018,300432,      5.00,      0.00,      5.00,      1.67,0,2,0,1,3,3
H5,704,2018,300439,      0.00,      0.00,      0.00,      0.00,0,1,0,0,1,1
H5,704,2018,300441,      0.00,      0.00,      0.00,      0.00,0,1,0,0,1,1
H5,704,2018,300442,      0.00,      0.00,      0.00,      0.00,0,1,0,0,1,1
H5,704,2018,300443,      0.00,      0.00,      0.00,      0.00,0,1,0,0,1,1
H5,704,2018,300449,     15.00,      0.00,      5.00,      2.50,0,3,0,3,6,6
H5,704,2018,300450,      0.00,      0.00,      0.00,      0.00,0,5,0,0,5,5
H5,704,2018,300460,     15.00,      5.00,      5.00,      5.00,0,0,0,3,3,3
H5,704,2018,300490,     74.00,      0.00,      5.00,      2.55,0,13,0,16,29,29
H5,704,2018,300510,     16.00,      8.00,      8.00,      8.00,0,0,0,2,2,2
H5,704,2018,300590,     24.00,      8.00,      8.00,      8.00,0,0,0,3,3,3
H5,704,2018,300610,      0.00,      0.00,      0.00,      0.00,0,2,0,0,2,2
H5,704,2018,300620,      0.00,      0.00,      0.00,      0.00,0,1,0,0,1,1
H5,704,2018,300630,      7.00,      0.00,      7.00,      1.75,0,3,0,1,4,4
H5,704,2018,300640,      0.00,      0.00,      0.00,      0.00,0,2,0,0,2,2
H5,704,2018,300650,      0.00,      0.00,      0.00,      0.00,0,1,0,0,1,1
H5,704,2018,300660,      0.00,      0.00,      0.00,      0.00,0,1,0,0,1,1
H5,704,2018,300670,      0.00,      0.00,      0.00,      0.00,0,1,0,0,1,1
H5,704,2018,300691,      5.00,      5.00,      5.00,      5.00,0,0,0,1,1,1
H5,704,2018,300692,     28.00,     14.00,     14.00,     14.00,0,0,0,2,2,2
H5,704,2018,310100,      0.00,      0.00,      0.00,      0.00,0,3,0,0,3,3
H5,704,2018,310210,      6.00,      6.00,      6.00,      6.00,0,0,0,1,1,1
H5,704,2018,310221,      0.00,      0.00,      0.00,      0.00,0,1,0,0,1,1
H5,704,2018,310229,      0.00,      0.00,      0.00,      0.00,0,1,0,0,1,1
H5,704,2018,310230,      3.00,      3.00,      3.00,      3.00,0,0,0,1,1,1
H5,704,2018,310240,      0.00,      0.00,      0.00,      0.00,0,1,0,0,1,1
H5,704,2018,310250,      0.00,      0.00,      0.00,      0.00,0,1,0,0,1,1
H5,704,2018,310260,      0.00,      0.00,      0.00,      0.00,0,1,0,0,1,1
H5,704,2018,310280,      0.00,      0.00,      0.00,      0.00,0,1,0,0,1,1
H5,704,2018,310290,      0.00,      0.00,      0.00,      0.00,0,1,0,0,1,1
H5,704,2018,310311,     12.00,      6.00,      6.00,      6.00,0,0,0,2,2,2
H5,704,2018,310319,     12.00,      6.00,      6.00,      6.00,0,0,0,2,2,2
H5,704,2018,310390,      6.00,      0.00,      6.00,      3.00,0,1,0,1,2,2
H5,704,2018,310420,      0.00,      0.00,      0.00,      0.00,0,1,0,0,1,1
H5,704,2018,310430,      0.00,      0.00,      0.00,      0.00,0,1,0,0,1,1
H5,704,2018,310490,      0.00,      0.00,      0.00,      0.00,0,1,0,0,1,1
H5,704,2018,310510,     12.00,      0.00,      6.00,      4.00,0,1,0,2,3,3
H5,704,2018,310520,      6.00,      6.00,      6.00,      6.00,0,0,0,1,1,1
H5,704,2018,310530,      6.00,      6.00,      6.00,      6.00,0,0,0,1,1,1
H5,704,2018,310540,      0.00,      0.00,      0.00,      0.00,0,1,0,0,1,1
H5,704,2018,310551,      0.00,      0.00,      0.00,      0.00,0,1,0,0,1,1
H5,704,2018,310559,      0.00,      0.00,      0.00,      0.00,0,1,0,0,1,1
H5,704,2018,310560,      0.00,      0.00,      0.00,      0.00,0,1,0,0,1,1
H5,704,2018,310590,      0.00,      0.00,      0.00,      0.00,0,1,0,0,1,1
H5,704,2018,320110,      0.00,      0.00,      0.00,      0.00,0,1,0,0,1,1
H5,704,2018,320120,      0.00,      0.00,      0.00,      0.00,0,1,0,0,1,1
H5,704,2018,320190,      0.00,      0.00,      0.00,      0.00,0,1,0,0,1,1
H5,704,2018,320210,      0.00,      0.00,      0.00,      0.00,0,1,0,0,1,1
H5,704,2018,320290,      0.00,      0.00,      0.00,      0.00,0,1,0,0,1,1
H5,704,2018,320300,     10.00,      5.00,      5.00,      5.00,0,0,0,2,2,2
H5,704,2018,320411,      0.00,      0.00,      0.00,      0.00,0,2,0,0,2,2
H5,704,2018,320412,      0.00,      0.00,      0.00,      0.00,0,2,0,0,2,2
H5,704,2018,320413,      0.00,      0.00,      0.00,      0.00,0,1,0,0,1,1
H5,704,2018,320414,      0.00,      0.00,      0.00,      0.00,0,1,0,0,1,1
H5,704,2018,320415,      0.00,      0.00,      0.00,      0.00,0,1,0,0,1,1
H5,704,2018,320416,      0.00,      0.00,      0.00,      0.00,0,1,0,0,1,1
H5,704,2018,320417,      0.00,      0.00,      0.00,      0.00,0,2,0,0,2,2
H5,704,2018,320419,      0.00,      0.00,      0.00,      0.00,0,1,0,0,1,1
H5,704,2018,320420,      0.00,      0.00,      0.00,      0.00,0,1,0,0,1,1
H5,704,2018,320490,      0.00,      0.00,      0.00,      0.00,0,1,0,0,1,1
H5,704,2018,320500,      0.00,      0.00,      0.00,      0.00,0,1,0,0,1,1
H5,704,2018,320611,      0.00,      0.00,      0.00,      0.00,0,2,0,0,2,2
H5,704,2018,320619,      0.00,      0.00,      0.00,      0.00,0,2,0,0,2,2
H5,704,2018,320620,      0.00,      0.00,      0.00,      0.00,0,2,0,0,2,2
H5,704,2018,320641,      0.00,      0.00,      0.00,      0.00,0,2,0,0,2,2
H5,704,2018,320642,      0.00,      0.00,      0.00,      0.00,0,2,0,0,2,2
H5,704,2018,320649,      0.00,      0.00,      0.00,      0.00,0,2,0,0,2,2
H5,704,2018,320650,      0.00,      0.00,      0.00,      0.00,0,2,0,0,2,2
H5,704,2018,320710,      0.00,      0.00,      0.00,      0.00,0,1,0,0,1,1
H5,704,2018,320720,      0.00,      0.00,      0.00,      0.00,0,2,0,0,2,2
H5,704,2018,320730,      0.00,      0.00,      0.00,      0.00,0,1,0,0,1,1
H5,704,2018,320740,      0.00,      0.00,      0.00,      0.00,0,1,0,0,1,1
H5,704,2018,320810,     35.00,      5.00,     10.00,      8.75,0,0,0,4,4,4
H5,704,2018,320820,     25.00,      5.00,     10.00,      8.33,0,0,0,3,3,3
H5,704,2018,320890,     50.00,      5.00,     10.00,      8.33,0,0,0,6,6,6
H5,704,2018,320910,     45.00,      5.00,     20.00,     11.25,0,0,0,4,4,4
H5,704,2018,320990,     10.00,     10.00,     10.00,     10.00,0,0,0,1,1,1
H5,704,2018,321000,     45.00,      0.00,     20.00,      9.00,0,1,0,4,5,5
H5,704,2018,321100,      3.00,      3.00,      3.00,      3.00,0,0,0,1,1,1
H5,704,2018,321210,      3.00,      3.00,      3.00,      3.00,0,0,0,1,1,1
H5,704,2018,321290,     25.00,      3.00,      5.00,      3.57,0,0,0,7,7,7
H5,704,2018,321310,      5.00,      5.00,      5.00,      5.00,0,0,0,1,1,1
H5,704,2018,321390,      5.00,      5.00,      5.00,      5.00,0,0,0,1,1,1
H5,704,2018,321410,      5.00,      5.00,      5.00,      5.00,0,0,0,1,1,1
H5,704,2018,321490,      5.00,      5.00,      5.00,      5.00,0,0,0,1,1,1
H5,704,2018,321511,     10.00,      5.00,      5.00,      5.00,0,0,0,2,2,2
H5,704,2018,321519,      5.00,      5.00,      5.00,      5.00,0,0,0,1,1,1
H5,704,2018,321590,     26.00,      5.00,      7.00,      6.50,0,0,0,4,4,4
H5,704,2018,330112,      5.00,      5.00,      5.00,      5.00,0,0,0,1,1,1
H5,704,2018,330113,      5.00,      5.00,      5.00,      5.00,0,0,0,1,1,1
H5,704,2018,330119,      5.00,      5.00,      5.00,      5.00,0,0,0,1,1,1
H5,704,2018,330124,      5.00,      5.00,      5.00,      5.00,0,0,0,1,1,1
H5,704,2018,330125,      5.00,      5.00,      5.00,      5.00,0,0,0,1,1,1
H5,704,2018,330129,     15.00,      5.00,      5.00,      5.00,0,0,0,3,3,3
H5,704,2018,330130,,,,,1,0,0,0,0,1
H5,704,2018,330190,     10.00,      5.00,      5.00,      5.00,0,0,0,2,2,2
H5,704,2018,330210,     28.00,      8.00,     10.00,      9.33,0,0,0,3,3,3
H5,704,2018,330290,      5.00,      5.00,      5.00,      5.00,0,0,0,1,1,1
H5,704,2018,330300,     18.00,     18.00,     18.00,     18.00,0,0,0,1,1,1
H5,704,2018,330410,     20.00,     20.00,     20.00,     20.00,0,0,0,1,1,1
H5,704,2018,330420,     22.00,     22.00,     22.00,     22.00,0,0,0,1,1,1
H5,704,2018,330430,     22.00,     22.00,     22.00,     22.00,0,0,0,1,1,1
H5,704,2018,330491,     22.00,     22.00,     22.00,     22.00,0,0,0,1,1,1
H5,704,2018,330499,     50.00,     10.00,     20.00,     16.67,0,0,0,3,3,3
H5,704,2018,330510,     30.00,     15.00,     15.00,     15.00,0,0,0,2,2,2
H5,704,2018,330520,     15.00,     15.00,     15.00,     15.00,0,0,0,1,1,1
H5,704,2018,330530,     15.00,     15.00,     15.00,     15.00,0,0,0,1,1,1
H5,704,2018,330590,     20.00,     20.00,     20.00,     20.00,0,0,0,1,1,1
H5,704,2018,330610,     40.00,     20.00,     20.00,     20.00,0,0,0,2,2,2
H5,704,2018,330620,      6.00,      6.00,      6.00,      6.00,0,0,0,1,1,1
H5,704,2018,330690,     20.00,     20.00,     20.00,     20.00,0,0,0,1,1,1
H5,704,2018,330710,     18.00,     18.00,     18.00,     18.00,0,0,0,1,1,1
H5,704,2018,330720,     20.00,     20.00,     20.00,     20.00,0,0,0,1,1,1
H5,704,2018,330730,     20.00,     20.00,     20.00,     20.00,0,0,0,1,1,1
H5,704,2018,330741,     40.00,     20.00,     20.00,     20.00,0,0,0,2,2,2
H5,704,2018,330749,     40.00,     20.00,     20.00,     20.00,0,0,0,2,2,2
H5,704,2018,330790,     84.00,      6.00,     20.00,     16.80,0,0,0,5,5,5
H5,704,2018,340111,     80.00,     20.00,     20.00,     20.00,0,0,0,4,4,4
H5,704,2018,340119,     44.00,     22.00,     22.00,     22.00,0,0,0,2,2,2
H5,704,2018,340120,     61.00,     17.00,     22.00,     20.33,0,0,0,3,3,3
H5,704,2018,340130,     27.00,     27.00,     27.00,     27.00,0,0,0,1,1,1
H5,704,2018,340211,     24.00,      8.00,      8.00,      8.00,0,0,0,3,3,3
H5,704,2018,340212,      8.00,      8.00,      8.00,      8.00,0,0,0,1,1,1
H5,704,2018,340213,      8.00,      3.00,      5.00,      4.00,0,0,0,2,2,2
H5,704,2018,340219,      8.00,      0.00,      8.00,      4.00,0,1,0,1,2,2
H5,704,2018,340220,     36.00,      8.00,     10.00,      9.00,0,0,0,4,4,4
H5,704,2018,340290,     84.00,      8.00,     10.00,      8.40,0,0,0,10,10,10
H5,704,2018,340311,     15.00,      5.00,      5.00,      5.00,0,0,0,3,3,3
H5,704,2018,340319,     38.00,      5.00,     18.00,      9.50,0,0,0,4,4,4
H5,704,2018,340391,     15.00,      5.00,      5.00,      5.00,0,0,0,3,3,3
H5,704,2018,340399,     40.00,      5.00,     20.00,     10.00,0,0,0,4,4,4
H5,704,2018,340420,      3.00,      3.00,      3.00,      3.00,0,0,0,1,1,1
H5,704,2018,340490,      6.00,      3.00,      3.00,      3.00,0,0,0,2,2,2
H5,704,2018,340510,     20.00,     20.00,     20.00,     20.00,0,0,0,1,1,1
H5,704,2018,340520,     20.00,     20.00,     20.00,     20.00,0,0,0,1,1,1
H5,704,2018,340530,     20.00,     20.00,     20.00,     20.00,0,0,0,1,1,1
H5,704,2018,340540,     30.00,     15.00,     15.00,     15.00,0,0,0,2,2,2
H5,704,2018,340590,     40.00,     20.00,     20.00,     20.00,0,0,0,2,2,2
H5,704,2018,340600,     20.00,     20.00,     20.00,     20.00,0,0,0,1,1,1
H5,704,2018,340700,      5.00,      0.00,      5.00,      1.67,0,2,0,1,3,3
H5,704,2018,350110,     10.00,     10.00,     10.00,     10.00,0,0,0,1,1,1
H5,704,2018,350190,     20.00,     10.00,     10.00,     10.00,0,0,0,2,2,2
H5,704,2018,350211,     10.00,     10.00,     10.00,     10.00,0,0,0,1,1,1
H5,704,2018,350219,     10.00,     10.00,     10.00,     10.00,0,0,0,1,1,1
H5,704,2018,350220,     10.00,     10.00,     10.00,     10.00,0,0,0,1,1,1
H5,704,2018,350290,     10.00,     10.00,     10.00,     10.00,0,0,0,1,1,1
H5,704,2018,350300,     33.00,      3.00,     10.00,      6.60,0,0,0,5,5,5
H5,704,2018,350400,      5.00,      5.00,      5.00,      5.00,0,0,0,1,1,1
H5,704,2018,350510,     10.00,      5.00,      5.00,      5.00,0,0,0,2,2,2
H5,704,2018,350520,     20.00,     20.00,     20.00,     20.00,0,0,0,1,1,1
H5,704,2018,350610,     14.00,     14.00,     14.00,     14.00,0,0,0,1,1,1
H5,704,2018,350691,     14.00,     14.00,     14.00,     14.00,0,0,0,1,1,1
H5,704,2018,350699,     14.00,     14.00,     14.00,     14.00,0,0,0,1,1,1
H5,704,2018,350710,      3.00,      3.00,      3.00,      3.00,0,0,0,1,1,1
H5,704,2018,350790,      3.00,      3.00,      3.00,      3.00,0,0,0,1,1,1
H5,704,2018,360100,      0.00,      0.00,      0.00,      0.00,0,1,0,0,1,1
H5,704,2018,360200,      0.00,      0.00,      0.00,      0.00,0,1,0,0,1,1
H5,704,2018,360300,      0.00,      0.00,      0.00,      0.00,0,3,0,0,3,3
H5,704,2018,360410,     20.00,     20.00,     20.00,     20.00,0,0,0,1,1,1
H5,704,2018,360490,     20.00,      0.00,     20.00,      6.67,0,2,0,1,3,3
H5,704,2018,360500,     20.00,     20.00,     20.00,     20.00,0,0,0,1,1,1
H5,704,2018,360610,     20.00,     20.00,     20.00,     20.00,0,0,0,1,1,1
H5,704,2018,360690,    100.00,     20.00,     20.00,     20.00,0,0,0,5,5,5
H5,704,2018,370110,      0.00,      0.00,      0.00,      0.00,0,1,0,0,1,1
H5,704,2018,370120,      5.00,      5.00,      5.00,      5.00,0,0,0,1,1,1
H5,704,2018,370130,      5.00,      5.00,      5.00,      5.00,0,0,0,1,1,1
H5,704,2018,370191,     10.00,      5.00,      5.00,      5.00,0,0,0,2,2,2
H5,704,2018,370199,     10.00,      5.00,      5.00,      5.00,0,0,0,2,2,2
H5,704,2018,370210,      0.00,      0.00,      0.00,      0.00,0,1,0,0,1,1
H5,704,2018,370231,      5.00,      5.00,      5.00,      5.00,0,0,0,1,1,1
H5,704,2018,370232,      5.00,      5.00,      5.00,      5.00,0,0,0,1,1,1
H5,704,2018,370239,      5.00,      5.00,      5.00,      5.00,0,0,0,1,1,1
H5,704,2018,370241,      3.00,      3.00,      3.00,      3.00,0,0,0,1,1,1
H5,704,2018,370242,      6.00,      3.00,      3.00,      3.00,0,0,0,2,2,2
H5,704,2018,370243,      3.00,      3.00,      3.00,      3.00,0,0,0,1,1,1
H5,704,2018,370244,      3.00,      3.00,      3.00,      3.00,0,0,0,1,1,1
H5,704,2018,370252,      3.00,      0.00,      3.00,      1.50,0,1,0,1,2,2
H5,704,2018,370253,      3.00,      3.00,      3.00,      3.00,0,0,0,1,1,1
H5,704,2018,370254,      5.00,      0.00,      5.00,      2.50,0,1,0,1,2,2
H5,704,2018,370255,      5.00,      0.00,      5.00,      1.67,0,2,0,1,3,3
H5,704,2018,370256,      5.00,      0.00,      5.00,      2.50,0,1,0,1,2,2
H5,704,2018,370296,      5.00,      0.00,      5.00,      2.50,0,1,0,1,2,2
H5,704,2018,370297,     10.00,      5.00,      5.00,      5.00,0,0,0,2,2,2
H5,704,2018,370298,     11.00,      0.00,      6.00,      3.67,0,1,0,2,3,3
H5,704,2018,370310,     12.00,      6.00,      6.00,      6.00,0,0,0,2,2,2
H5,704,2018,370320,      6.00,      6.00,      6.00,      6.00,0,0,0,1,1,1
H5,704,2018,370390,      6.00,      6.00,      6.00,      6.00,0,0,0,1,1,1
H5,704,2018,370400,     11.00,      5.00,      6.00,      5.50,0,0,0,2,2,2
H5,704,2018,370500,     13.00,      3.00,      5.00,      4.33,0,0,0,3,3,3
H5,704,2018,370610,     20.00,      5.00,      5.00,      5.00,0,0,0,4,4,4
H5,704,2018,370690,     20.00,      5.00,      5.00,      5.00,0,0,0,4,4,4
H5,704,2018,370710,      3.00,      3.00,      3.00,      3.00,0,0,0,1,1,1
H5,704,2018,370790,      6.00,      3.00,      3.00,      3.00,0,0,0,2,2,2
H5,704,2018,380110,      5.00,      5.00,      5.00,      5.00,0,0,0,1,1,1
H5,704,2018,380120,      5.00,      5.00,      5.00,      5.00,0,0,0,1,1,1
H5,704,2018,380130,      3.00,      3.00,      3.00,      3.00,0,0,0,1,1,1
H5,704,2018,380190,      3.00,      3.00,      3.00,      3.00,0,0,0,1,1,1
H5,704,2018,380210,      0.00,      0.00,      0.00,      0.00,0,1,0,0,1,1
H5,704,2018,380290,      0.00,      0.00,      0.00,      0.00,0,3,0,0,3,3
H5,704,2018,380300,      0.00,      0.00,      0.00,      0.00,0,1,0,0,1,1
H5,704,2018,380400,     10.00,      0.00,      5.00,      3.33,0,1,0,2,3,3
H5,704,2018,380510,      5.00,      5.00,      5.00,      5.00,0,0,0,1,1,1
H5,704,2018,380590,      5.00,      5.00,      5.00,      5.00,0,0,0,1,1,1
H5,704,2018,380610,      5.00,      5.00,      5.00,      5.00,0,0,0,1,1,1
H5,704,2018,380620,      5.00,      5.00,      5.00,      5.00,0,0,0,1,1,1
H5,704,2018,380630,     10.00,      5.00,      5.00,      5.00,0,0,0,2,2,2
H5,704,2018,380690,     10.00,      5.00,      5.00,      5.00,0,0,0,2,2,2
H5,704,2018,380700,      3.00,      3.00,      3.00,      3.00,0,0,0,1,1,1
H5,704,2018,380852,      3.00,      0.00,      3.00,      1.50,0,1,0,1,2,2
H5,704,2018,380859,      9.00,      0.00,      3.00,      0.90,0,7,0,3,10,10
H5,704,2018,380861,     24.00,      3.00,      6.00,      4.00,0,0,0,6,6,6
H5,704,2018,380862,     24.00,      3.00,      6.00,      4.00,0,0,0,6,6,6
H5,704,2018,380869,      6.00,      3.00,      3.00,      3.00,0,0,0,2,2,2
H5,704,2018,380891,     21.00,      0.00,      6.00,      3.50,0,1,0,5,6,6
H5,704,2018,380892,      6.00,      0.00,      3.00,      2.00,0,1,0,2,3,3
H5,704,2018,380893,      0.00,      0.00,      0.00,      0.00,0,4,0,0,4,4
H5,704,2018,380894,      0.00,      0.00,      0.00,      0.00,0,3,0,0,3,3
H5,704,2018,380899,      0.00,      0.00,      0.00,      0.00,0,2,0,0,2,2
H5,704,2018,380910,      0.00,      0.00,      0.00,      0.00,0,1,0,0,1,1
H5,704,2018,380991,      5.00,      0.00,      5.00,      2.50,0,1,0,1,2,2
H5,704,2018,380992,      0.00,      0.00,      0.00,      0.00,0,1,0,0,1,1
H5,704,2018,380993,      0.00,      0.00,      0.00,      0.00,0,1,0,0,1,1
H5,704,2018,381010,      0.00,      0.00,      0.00,      0.00,0,1,0,0,1,1
H5,704,2018,381090,      3.00,      3.00,      3.00,      3.00,0,0,0,1,1,1
H5,704,2018,381111,      0.00,      0.00,      0.00,      0.00,0,1,0,0,1,1
H5,704,2018,381119,      0.00,      0.00,      0.00,      0.00,0,1,0,0,1,1
H5,704,2018,381121,     10.00,      5.00,      5.00,      5.00,0,0,0,2,2,2
H5,704,2018,381129,      0.00,      0.00,      0.00,      0.00,0,1,0,0,1,1
H5,704,2018,381190,      0.00,      0.00,      0.00,      0.00,0,2,0,0,2,2
H5,704,2018,381210,      0.00,      0.00,      0.00,      0.00,0,1,0,0,1,1
H5,704,2018,381220,      3.00,      3.00,      3.00,      3.00,0,0,0,1,1,1
H5,704,2018,381231,      0.00,      0.00,      0.00,      0.00,0,1,0,0,1,1
H5,704,2018,381239,      0.00,      0.00,      0.00,      0.00,0,1,0,0,1,1
H5,704,2018,381300,      0.00,      0.00,      0.00,      0.00,0,1,0,0,1,1
H5,704,2018,381400,      3.00,      3.00,      3.00,      3.00,0,0,0,1,1,1
H5,704,2018,381511,      3.00,      3.00,      3.00,      3.00,0,0,0,1,1,1
H5,704,2018,381512,      3.00,      3.00,      3.00,      3.00,0,0,0,1,1,1
H5,704,2018,381519,      3.00,      3.00,      3.00,      3.00,0,0,0,1,1,1
H5,704,2018,381590,      3.00,      3.00,      3.00,      3.00,0,0,0,1,1,1
H5,704,2018,381600,     11.00,      5.00,      6.00,      5.50,0,0,0,2,2,2
H5,704,2018,381700,      0.00,      0.00,      0.00,      0.00,0,1,0,0,1,1
H5,704,2018,381800,      0.00,      0.00,      0.00,      0.00,0,1,0,0,1,1
H5,704,2018,381900,      3.00,      3.00,      3.00,      3.00,0,0,0,1,1,1
H5,704,2018,382000,      3.00,      3.00,      3.00,      3.00,0,0,0,1,1,1
H5,704,2018,382100,      0.00,      0.00,      0.00,      0.00,0,2,0,0,2,2
H5,704,2018,382200,      0.00,      0.00,      0.00,      0.00,0,4,0,0,4,4
H5,704,2018,382311,     10.00,     10.00,     10.00,     10.00,0,0,0,1,1,1
H5,704,2018,382312,     10.00,     10.00,     10.00,     10.00,0,0,0,1,1,1
H5,704,2018,382313,     10.00,     10.00,     10.00,     10.00,0,0,0,1,1,1
H5,704,2018,382319,     40.00,     10.00,     10.00,     10.00,0,0,0,4,4,4
H5,704,2018,382370,     10.00,      5.00,      5.00,      5.00,0,0,0,2,2,2
H5,704,2018,382410,      0.00,      0.00,      0.00,      0.00,0,1,0,0,1,1
H5,704,2018,382430,      0.00,      0.00,      0.00,      0.00,0,1,0,0,1,1
H5,704,2018,382440,      5.00,      5.00,      5.00,      5.00,0,0,0,1,1,1
H5,704,2018,382450,      6.00,      6.00,      6.00,      6.00,0,0,0,1,1,1
H5,704,2018,382460,      5.00,      5.00,      5.00,      5.00,0,0,0,1,1,1
H5,704,2018,382471,      5.00,      0.00,      5.00,      2.50,0,1,0,1,2,2
H5,704,2018,382472,      0.00,      0.00,      0.00,      0.00,0,1,0,0,1,1
H5,704,2018,382473,      0.00,      0.00,      0.00,      0.00,0,1,0,0,1,1
H5,704,2018,382474,      5.00,      0.00,      5.00,      2.50,0,1,0,1,2,2
H5,704,2018,382475,      0.00,      0.00,      0.00,      0.00,0,1,0,0,1,1
H5,704,2018,382476,      0.00,      0.00,      0.00,      0.00,0,1,0,0,1,1
H5,704,2018,382477,      0.00,      0.00,      0.00,      0.00,0,1,0,0,1,1
H5,704,2018,382478,      0.00,      0.00,      0.00,      0.00,0,1,0,0,1,1
H5,704,2018,382479,      0.00,      0.00,      0.00,      0.00,0,1,0,0,1,1
H5,704,2018,382481,      0.00,      0.00,      0.00,      0.00,0,1,0,0,1,1
H5,704,2018,382482,      0.00,      0.00,      0.00,      0.00,0,1,0,0,1,1
H5,704,2018,382483,      0.00,      0.00,      0.00,      0.00,0,1,0,0,1,1
H5,704,2018,382484,      0.00,      0.00,      0.00,      0.00,0,1,0,0,1,1
H5,704,2018,382485,      0.00,      0.00,      0.00,      0.00,0,1,0,0,1,1
H5,704,2018,382486,      0.00,      0.00,      0.00,      0.00,0,1,0,0,1,1
H5,704,2018,382487,      0.00,      0.00,      0.00,      0.00,0,1,0,0,1,1
H5,704,2018,382488,      0.00,      0.00,      0.00,      0.00,0,1,0,0,1,1
H5,704,2018,382491,      0.00,      0.00,      0.00,      0.00,0,1,0,0,1,1
H5,704,2018,382499,     26.00,      0.00,     15.00,      3.25,0,5,0,3,8,8
H5,704,2018,382510,     20.00,     20.00,     20.00,     20.00,0,0,0,1,1,1
H5,704,2018,382520,     20.00,     20.00,     20.00,     20.00,0,0,0,1,1,1
H5,704,2018,382530,     40.00,     20.00,     20.00,     20.00,0,0,0,2,2,2
H5,704,2018,382541,     20.00,     20.00,     20.00,     20.00,0,0,0,1,1,1
H5,704,2018,382549,     20.00,     20.00,     20.00,     20.00,0,0,0,1,1,1
H5,704,2018,382550,     20.00,     20.00,     20.00,     20.00,0,0,0,1,1,1
H5,704,2018,382561,     20.00,     20.00,     20.00,     20.00,0,0,0,1,1,1
H5,704,2018,382569,     20.00,     20.00,     20.00,     20.00,0,0,0,1,1,1
H5,704,2018,382590,     20.00,     20.00,     20.00,     20.00,0,0,0,1,1,1
H5,704,2018,382600,      0.00,      0.00,      0.00,      0.00,0,6,0,0,6,6
H5,704,2018,390110,      0.00,      0.00,      0.00,      0.00,0,4,0,0,4,4
H5,704,2018,390120,      0.00,      0.00,      0.00,      0.00,0,1,0,0,1,1
H5,704,2018,390130,      0.00,      0.00,      0.00,      0.00,0,1,0,0,1,1
H5,704,2018,390140,      0.00,      0.00,      0.00,      0.00,0,1,0,0,1,1
H5,704,2018,390190,      0.00,      0.00,      0.00,      0.00,0,2,0,0,2,2
H5,704,2018,390210,      9.00,      3.00,      3.00,      3.00,0,0,0,3,3,3
H5,704,2018,390220,      0.00,      0.00,      0.00,      0.00,0,1,0,0,1,1
H5,704,2018,390230,      6.00,      3.00,      3.00,      3.00,0,0,0,2,2,2
H5,704,2018,390290,      0.00,      0.00,      0.00,      0.00,0,2,0,0,2,2
H5,704,2018,390311,     10.00,      5.00,      5.00,      5.00,0,0,0,2,2,2
H5,704,2018,390319,     15.00,      5.00,      5.00,      5.00,0,0,0,3,3,3
H5,704,2018,390320,     20.00,      5.00,     10.00,      6.67,0,0,0,3,3,3
H5,704,2018,390330,     21.00,      3.00,      8.00,      5.25,0,0,0,4,4,4
H5,704,2018,390390,     15.00,      5.00,      5.00,      5.00,0,0,0,3,3,3
H5,704,2018,390410,     19.00,      3.00,      6.00,      4.75,0,0,0,4,4,4
H5,704,2018,390421,     12.00,      0.00,      6.00,      4.00,0,1,0,2,3,3
H5,704,2018,390422,     12.00,      0.00,      6.00,      3.00,0,2,0,2,4,4
H5,704,2018,390430,      8.00,      0.00,      5.00,      2.67,0,1,0,2,3,3
H5,704,2018,390440,      8.00,      0.00,      5.00,      2.67,0,1,0,2,3,3
H5,704,2018,390450,      8.00,      0.00,      5.00,      2.00,0,2,0,2,4,4
H5,704,2018,390461,      8.00,      0.00,      5.00,      2.67,0,1,0,2,3,3
H5,704,2018,390469,      8.00,      0.00,      5.00,      2.00,0,2,0,2,4,4
H5,704,2018,390490,      8.00,      0.00,      5.00,      2.00,0,2,0,2,4,4
H5,704,2018,390512,      5.00,      5.00,      5.00,      5.00,0,0,0,1,1,1
H5,704,2018,390519,      5.00,      0.00,      5.00,      2.50,0,1,0,1,2,2
H5,704,2018,390521,     10.00,     10.00,     10.00,     10.00,0,0,0,1,1,1
H5,704,2018,390529,      5.00,      5.00,      5.00,      5.00,0,0,0,1,1,1
H5,704,2018,390530,     10.00,      5.00,      5.00,      5.00,0,0,0,2,2,2
H5,704,2018,390591,     10.00,      5.00,      5.00,      5.00,0,0,0,2,2,2
H5,704,2018,390599,     15.00,      0.00,     10.00,      5.00,0,1,0,2,3,3
H5,704,2018,390610,     10.00,      5.00,      5.00,      5.00,0,0,0,2,2,2
H5,704,2018,390690,     10.00,      0.00,      5.00,      3.33,0,1,0,2,3,3
H5,704,2018,390710,      0.00,      0.00,      0.00,      0.00,0,1,0,0,1,1
H5,704,2018,390720,      0.00,      0.00,      0.00,      0.00,0,2,0,0,2,2
H5,704,2018,390730,      3.00,      0.00,      3.00,      1.00,0,2,0,1,3,3
H5,704,2018,390740,      0.00,      0.00,      0.00,      0.00,0,1,0,0,1,1
H5,704,2018,390750,      3.00,      0.00,      3.00,      1.50,0,1,0,1,2,2
H5,704,2018,390761,      3.00,      3.00,      3.00,      3.00,0,0,0,1,1,1
H5,704,2018,390769,      3.00,      0.00,      3.00,      1.50,0,1,0,1,2,2
H5,704,2018,390770,      0.00,      0.00,      0.00,      0.00,0,1,0,0,1,1
H5,704,2018,390791,     15.00,      5.00,      5.00,      5.00,0,0,0,3,3,3
H5,704,2018,390799,      3.00,      0.00,      3.00,      1.50,0,1,0,1,2,2
H5,704,2018,390810,      0.00,      0.00,      0.00,      0.00,0,2,0,0,2,2
H5,704,2018,390890,      0.00,      0.00,      0.00,      0.00,0,1,0,0,1,1
H5,704,2018,390910,      8.00,      3.00,      5.00,      4.00,0,0,0,2,2,2
H5,704,2018,390920,      8.00,      3.00,      5.00,      4.00,0,0,0,2,2,2
H5,704,2018,390931,      3.00,      3.00,      3.00,      3.00,0,0,0,1,1,1
H5,704,2018,390939,      3.00,      0.00,      3.00,      1.00,0,2,0,1,3,3
H5,704,2018,390940,      6.00,      3.00,      3.00,      3.00,0,0,0,2,2,2
H5,704,2018,390950,      3.00,      3.00,      3.00,      3.00,0,0,0,1,1,1
H5,704,2018,391000,      0.00,      0.00,      0.00,      0.00,0,2,0,0,2,2
H5,704,2018,391110,      0.00,      0.00,      0.00,      0.00,0,1,0,0,1,1
H5,704,2018,391190,      3.00,      3.00,      3.00,      3.00,0,0,0,1,1,1
H5,704,2018,391211,      0.00,      0.00,      0.00,      0.00,0,1,0,0,1,1
H5,704,2018,391212,      0.00,      0.00,      0.00,      0.00,0,1,0,0,1,1
H5,704,2018,391220,      0.00,      0.00,      0.00,      0.00,0,3,0,0,3,3
H5,704,2018,391231,      0.00,      0.00,      0.00,      0.00,0,1,0,0,1,1
H5,704,2018,391239,      0.00,      0.00,      0.00,      0.00,0,1,0,0,1,1
H5,704,2018,391290,      0.00,      0.00,      0.00,      0.00,0,2,0,0,2,2
H5,704,2018,391310,      0.00,      0.00,      0.00,      0.00,0,1,0,0,1,1
H5,704,2018,391390,      0.00,      0.00,      0.00,      0.00,0,4,0,0,4,4
H5,704,2018,391400,      0.00,      0.00,      0.00,      0.00,0,1,0,0,1,1
H5,704,2018,391510,     20.00,     10.00,     10.00,     10.00,0,0,0,2,2,2
H5,704,2018,391520,     20.00,     10.00,     10.00,     10.00,0,0,0,2,2,2
H5,704,2018,391530,     20.00,     10.00,     10.00,     10.00,0,0,0,2,2,2
H5,704,2018,391590,     10.00,     10.00,     10.00,     10.00,0,0,0,1,1,1
H5,704,2018,391610,     15.00,      5.00,     10.00,      7.50,0,0,0,2,2,2
H5,704,2018,391620,     15.00,      5.00,     10.00,      7.50,0,0,0,2,2,2
H5,704,2018,391690,     62.00,      5.00,     10.00,      7.75,0,0,0,8,8,8
H5,704,2018,391710,     20.00,     10.00,     10.00,     10.00,0,0,0,2,2,2
H5,704,2018,391721,     15.00,     15.00,     15.00,     15.00,0,0,0,1,1,1
H5,704,2018,391722,     15.00,     15.00,     15.00,     15.00,0,0,0,1,1,1
H5,704,2018,391723,     17.00,     17.00,     17.00,     17.00,0,0,0,1,1,1
H5,704,2018,391729,    153.00,     17.00,     17.00,     17.00,0,0,0,9,9,9
H5,704,2018,391731,    120.00,     15.00,     15.00,     15.00,0,0,0,8,8,8
H5,704,2018,391732,    129.00,     10.00,     17.00,     16.13,0,0,0,8,8,8
H5,704,2018,391733,    124.00,     15.00,     17.00,     15.50,0,0,0,8,8,8
H5,704,2018,391739,    135.00,     15.00,     15.00,     15.00,0,0,0,9,9,9
H5,704,2018,391740,     15.00,     15.00,     15.00,     15.00,0,0,0,1,1,1
H5,704,2018,391810,     81.00,     27.00,     27.00,     27.00,0,0,0,3,3,3
H5,704,2018,391890,    297.00,     27.00,     27.00,     27.00,0,0,0,11,11,11
H5,704,2018,391910,     75.00,     15.00,     15.00,     15.00,0,0,0,5,5,5
H5,704,2018,391990,     60.00,     12.00,     12.00,     12.00,0,0,0,5,5,5
H5,704,2018,392010,     18.00,      6.00,      6.00,      6.00,0,0,0,3,3,3
H5,704,2018,392020,     18.00,      6.00,      6.00,      6.00,0,0,0,3,3,3
H5,704,2018,392030,     23.00,      5.00,      6.00,      5.75,0,0,0,4,4,4
H5,704,2018,392043,     12.00,      6.00,      6.00,      6.00,0,0,0,2,2,2
H5,704,2018,392049,      6.00,      6.00,      6.00,      6.00,0,0,0,1,1,1
H5,704,2018,392051,     18.00,      6.00,      6.00,      6.00,0,0,0,3,3,3
H5,704,2018,392059,     18.00,      6.00,      6.00,      6.00,0,0,0,3,3,3
H5,704,2018,392061,     12.00,      6.00,      6.00,      6.00,0,0,0,2,2,2
H5,704,2018,392062,     12.00,      6.00,      6.00,      6.00,0,0,0,2,2,2
H5,704,2018,392063,     12.00,      6.00,      6.00,      6.00,0,0,0,2,2,2
H5,704,2018,392069,     12.00,      6.00,      6.00,      6.00,0,0,0,2,2,2
H5,704,2018,392071,     18.00,      6.00,      6.00,      6.00,0,0,0,3,3,3
H5,704,2018,392073,      6.00,      6.00,      6.00,      6.00,0,0,0,1,1,1
H5,704,2018,392079,     24.00,      6.00,      6.00,      6.00,0,0,0,4,4,4
H5,704,2018,392091,     18.00,      6.00,      6.00,      6.00,0,0,0,3,3,3
H5,704,2018,392092,     18.00,      6.00,      6.00,      6.00,0,0,0,3,3,3
H5,704,2018,392093,     12.00,      6.00,      6.00,      6.00,0,0,0,2,2,2
H5,704,2018,392094,     18.00,      6.00,      6.00,      6.00,0,0,0,3,3,3
H5,704,2018,392099,     36.00,      6.00,      6.00,      6.00,0,0,0,6,6,6
H5,704,2018,392111,     24.00,      6.00,      6.00,      6.00,0,0,0,4,4,4
H5,704,2018,392112,      6.00,      6.00,      6.00,      6.00,0,0,0,1,1,1
H5,704,2018,392113,     24.00,      6.00,      6.00,      6.00,0,0,0,4,4,4
H5,704,2018,392114,     24.00,      6.00,      6.00,      6.00,0,0,0,4,4,4
H5,704,2018,392119,     24.00,      6.00,      6.00,      6.00,0,0,0,4,4,4
H5,704,2018,392190,     60.00,      6.00,      6.00,      6.00,0,0,0,10,10,10
H5,704,2018,392210,     66.00,     22.00,     22.00,     22.00,0,0,0,3,3,3
H5,704,2018,392220,     22.00,     22.00,     22.00,     22.00,0,0,0,1,1,1
H5,704,2018,392290,     97.00,     22.00,     25.00,     24.25,0,0,0,4,4,4
H5,704,2018,392310,     22.00,     10.00,     12.00,     11.00,0,0,0,2,2,2
H5,704,2018,392321,     54.00,     12.00,     15.00,     13.50,0,0,0,4,4,4
H5,704,2018,392329,     27.00,     12.00,     15.00,     13.50,0,0,0,2,2,2
H5,704,2018,392330,     25.00,     10.00,     15.00,     12.50,0,0,0,2,2,2
H5,704,2018,392340,     10.00,      5.00,      5.00,      5.00,0,0,0,2,2,2
H5,704,2018,392350,     10.00,     10.00,     10.00,     10.00,0,0,0,1,1,1
H5,704,2018,392390,     25.00,     10.00,     15.00,     12.50,0,0,0,2,2,2
H5,704,2018,392410,     44.00,     22.00,     22.00,     22.00,0,0,0,2,2,2
H5,704,2018,392490,     88.00,     22.00,     22.00,     22.00,0,0,0,4,4,4
H5,704,2018,392510,     25.00,     25.00,     25.00,     25.00,0,0,0,1,1,1
H5,704,2018,392520,     27.00,     27.00,     27.00,     27.00,0,0,0,1,1,1
H5,704,2018,392530,     27.00,     27.00,     27.00,     27.00,0,0,0,1,1,1
H5,704,2018,392590,     20.00,     20.00,     20.00,     20.00,0,0,0,1,1,1
H5,704,2018,392610,     20.00,     20.00,     20.00,     20.00,0,0,0,1,1,1
H5,704,2018,392620,     30.00,     10.00,     20.00,     15.00,0,0,0,2,2,2
H5,704,2018,392630,     20.00,     20.00,     20.00,     20.00,0,0,0,1,1,1
H5,704,2018,392640,     20.00,     20.00,     20.00,     20.00,0,0,0,1,1,1
H5,704,2018,392690,    176.00,      0.00,     15.00,      9.26,0,1,0,18,19,19
H5,704,2018,400110,     12.00,      3.00,      3.00,      3.00,0,0,0,4,4,4
H5,704,2018,400121,     18.00,      3.00,      3.00,      3.00,0,0,0,6,6,6
H5,704,2018,400122,     18.00,      3.00,      3.00,      3.00,0,0,0,6,6,6
H5,704,2018,400129,     30.00,      3.00,      3.00,      3.00,0,0,0,10,10,10
H5,704,2018,400130,,,,,1,0,0,0,0,1
H5,704,2018,400211,      0.00,      0.00,      0.00,      0.00,0,1,0,0,1,1
H5,704,2018,400219,      0.00,      0.00,      0.00,      0.00,0,2,0,0,2,2
H5,704,2018,400220,      0.00,      0.00,      0.00,      0.00,0,2,0,0,2,2
H5,704,2018,400231,      0.00,      0.00,      0.00,      0.00,0,2,0,0,2,2
H5,704,2018,400239,      0.00,      0.00,      0.00,      0.00,0,2,0,0,2,2
H5,704,2018,400241,      0.00,      0.00,      0.00,      0.00,0,1,0,0,1,1
H5,704,2018,400249,      0.00,      0.00,      0.00,      0.00,0,2,0,0,2,2
H5,704,2018,400251,      0.00,      0.00,      0.00,      0.00,0,1,0,0,1,1
H5,704,2018,400259,      0.00,      0.00,      0.00,      0.00,0,2,0,0,2,2
H5,704,2018,400260,      0.00,      0.00,      0.00,      0.00,0,2,0,0,2,2
H5,704,2018,400270,      0.00,      0.00,      0.00,      0.00,0,2,0,0,2,2
H5,704,2018,400280,      6.00,      3.00,      3.00,      3.00,0,0,0,2,2,2
H5,704,2018,400291,      0.00,      0.00,      0.00,      0.00,0,1,0,0,1,1
H5,704,2018,400299,      6.00,      3.00,      3.00,      3.00,0,0,0,2,2,2
H5,704,2018,400300,      3.00,      3.00,      3.00,      3.00,0,0,0,1,1,1
H5,704,2018,400400,      3.00,      3.00,      3.00,      3.00,0,0,0,1,1,1
H5,704,2018,400510,     10.00,      5.00,      5.00,      5.00,0,0,0,2,2,2
H5,704,2018,400520,      5.00,      5.00,      5.00,      5.00,0,0,0,1,1,1
H5,704,2018,400591,     10.00,      5.00,      5.00,      5.00,0,0,0,2,2,2
H5,704,2018,400599,     15.00,      5.00,      5.00,      5.00,0,0,0,3,3,3
H5,704,2018,400610,      3.00,      3.00,      3.00,      3.00,0,0,0,1,1,1
H5,704,2018,400690,      9.00,      3.00,      3.00,      3.00,0,0,0,3,3,3
H5,704,2018,400700,      5.00,      5.00,      5.00,      5.00,0,0,0,1,1,1
H5,704,2018,400811,      9.00,      3.00,      3.00,      3.00,0,0,0,3,3,3
H5,704,2018,400819,      3.00,      3.00,      3.00,      3.00,0,0,0,1,1,1
H5,704,2018,400821,     15.00,      3.00,      3.00,      3.00,0,0,0,5,5,5
H5,704,2018,400829,      3.00,      3.00,      3.00,      3.00,0,0,0,1,1,1
H5,704,2018,400911,      3.00,      3.00,      3.00,      3.00,0,0,0,1,1,1
H5,704,2018,400912,      6.00,      3.00,      3.00,      3.00,0,0,0,2,2,2
H5,704,2018,400921,      6.00,      3.00,      3.00,      3.00,0,0,0,2,2,2
H5,704,2018,400922,      6.00,      3.00,      3.00,      3.00,0,0,0,2,2,2
H5,704,2018,400931,     12.00,      3.00,      3.00,      3.00,0,0,0,4,4,4
H5,704,2018,400932,      9.00,      3.00,      3.00,      3.00,0,0,0,3,3,3
H5,704,2018,400941,      6.00,      3.00,      3.00,      3.00,0,0,0,2,2,2
H5,704,2018,400942,      9.00,      3.00,      3.00,      3.00,0,0,0,3,3,3
H5,704,2018,401011,      5.00,      5.00,      5.00,      5.00,0,0,0,1,1,1
H5,704,2018,401012,      5.00,      5.00,      5.00,      5.00,0,0,0,1,1,1
H5,704,2018,401019,      5.00,      5.00,      5.00,      5.00,0,0,0,1,1,1
H5,704,2018,401031,     15.00,     15.00,     15.00,     15.00,0,0,0,1,1,1
H5,704,2018,401032,     15.00,     15.00,     15.00,     15.00,0,0,0,1,1,1
H5,704,2018,401033,     15.00,     15.00,     15.00,     15.00,0,0,0,1,1,1
H5,704,2018,401034,     15.00,     15.00,     15.00,     15.00,0,0,0,1,1,1
H5,704,2018,401035,      5.00,      5.00,      5.00,      5.00,0,0,0,1,1,1
H5,704,2018,401036,      5.00,      5.00,      5.00,      5.00,0,0,0,1,1,1
H5,704,2018,401039,      5.00,      5.00,      5.00,      5.00,0,0,0,1,1,1
H5,704,2018,401110,     25.00,     25.00,     25.00,     25.00,0,0,0,1,1,1
H5,704,2018,401120,     35.00,     10.00,     25.00,     17.50,0,0,0,2,2,2
H5,704,2018,401130,      0.00,      0.00,      0.00,      0.00,0,1,0,0,1,1
H5,704,2018,401140,     35.00,     35.00,     35.00,     35.00,0,0,0,1,1,1
H5,704,2018,401150,     35.00,     35.00,     35.00,     35.00,0,0,0,1,1,1
H5,704,2018,401170,     20.00,     20.00,     20.00,     20.00,0,0,0,1,1,1
H5,704,2018,401180,     80.00,     20.00,     20.00,     20.00,0,0,0,4,4,4
H5,704,2018,401190,     60.00,     10.00,     20.00,     15.00,0,0,0,4,4,4
H5,704,2018,401211,     30.00,     30.00,     30.00,     30.00,0,0,0,1,1,1
H5,704,2018,401212,     40.00,     10.00,     30.00,     20.00,0,0,0,2,2,2
H5,704,2018,401213,      0.00,      0.00,      0.00,      0.00,0,1,0,0,1,1
H5,704,2018,401219,     60.00,     20.00,     20.00,     20.00,0,0,0,3,3,3
H5,704,2018,401220,    200.00,      0.00,     25.00,     20.00,0,1,0,9,10,10
H5,704,2018,401290,    145.00,      5.00,     30.00,     16.11,0,0,0,9,9,9
H5,704,2018,401310,     80.00,     10.00,     30.00,     20.00,0,0,0,4,4,4
H5,704,2018,401320,     35.00,     35.00,     35.00,     35.00,0,0,0,1,1,1
H5,704,2018,401390,    140.00,      0.00,     35.00,     17.50,0,1,0,7,8,8
H5,704,2018,401410,      5.00,      5.00,      5.00,      5.00,0,0,0,1,1,1
H5,704,2018,401490,     12.00,      3.00,      3.00,      3.00,0,0,0,4,4,4
H5,704,2018,401511,     20.00,     20.00,     20.00,     20.00,0,0,0,1,1,1
H5,704,2018,401519,     20.00,     20.00,     20.00,     20.00,0,0,0,1,1,1
H5,704,2018,401590,     40.00,      5.00,     20.00,     13.33,0,0,0,3,3,3
H5,704,2018,401610,     60.00,     20.00,     20.00,     20.00,0,0,0,3,3,3
H5,704,2018,401691,     90.00,     30.00,     30.00,     30.00,0,0,0,3,3,3
H5,704,2018,401692,     40.00,     20.00,     20.00,     20.00,0,0,0,2,2,2
H5,704,2018,401693,      9.00,      3.00,      3.00,      3.00,0,0,0,3,3,3
H5,704,2018,401694,      5.00,      5.00,      5.00,      5.00,0,0,0,1,1,1
H5,704,2018,401695,      5.00,      5.00,      5.00,      5.00,0,0,0,1,1,1
H5,704,2018,401699,    187.00,      3.00,     25.00,      9.35,0,0,0,20,20,20
H5,704,2018,401700,     30.00,     10.00,     10.00,     10.00,0,0,0,3,3,3
H5,704,2018,410120,      0.00,      0.00,      0.00,      0.00,0,1,0,0,1,1
H5,704,2018,410150,      0.00,      0.00,      0.00,      0.00,0,1,0,0,1,1
H5,704,2018,410190,      5.00,      0.00,      5.00,      2.50,0,1,0,1,2,2
H5,704,2018,410210,      0.00,      0.00,      0.00,      0.00,0,1,0,0,1,1
H5,704,2018,410221,      0.00,      0.00,      0.00,      0.00,0,1,0,0,1,1
H5,704,2018,410229,      0.00,      0.00,      0.00,      0.00,0,1,0,0,1,1
H5,704,2018,410320,      0.00,      0.00,      0.00,      0.00,0,1,0,0,1,1
H5,704,2018,410330,      5.00,      5.00,      5.00,      5.00,0,0,0,1,1,1
H5,704,2018,410390,      0.00,      0.00,      0.00,      0.00,0,1,0,0,1,1
H5,704,2018,410411,      6.00,      3.00,      3.00,      3.00,0,0,0,2,2,2
H5,704,2018,410419,      3.00,      3.00,      3.00,      3.00,0,0,0,1,1,1
H5,704,2018,410441,      5.00,      5.00,      5.00,      5.00,0,0,0,1,1,1
H5,704,2018,410449,      5.00,      5.00,      5.00,      5.00,0,0,0,1,1,1
H5,704,2018,410510,      0.00,      0.00,      0.00,      0.00,0,1,0,0,1,1
H5,704,2018,410530,      5.00,      5.00,      5.00,      5.00,0,0,0,1,1,1
H5,704,2018,410621,      0.00,      0.00,      0.00,      0.00,0,1,0,0,1,1
H5,704,2018,410622,      5.00,      5.00,      5.00,      5.00,0,0,0,1,1,1
H5,704,2018,410631,      0.00,      0.00,      0.00,      0.00,0,1,0,0,1,1
H5,704,2018,410632,      0.00,      0.00,      0.00,      0.00,0,1,0,0,1,1
H5,704,2018,410640,      0.00,      0.00,      0.00,      0.00,0,1,0,0,1,1
H5,704,2018,410691,      0.00,      0.00,      0.00,      0.00,0,1,0,0,1,1
H5,704,2018,410692,      5.00,      5.00,      5.00,      5.00,0,0,0,1,1,1
H5,704,2018,410711,     10.00,     10.00,     10.00,     10.00,0,0,0,1,1,1
H5,704,2018,410712,     10.00,     10.00,     10.00,     10.00,0,0,0,1,1,1
H5,704,2018,410719,     10.00,     10.00,     10.00,     10.00,0,0,0,1,1,1
H5,704,2018,410791,     10.00,     10.00,     10.00,     10.00,0,0,0,1,1,1
H5,704,2018,410792,      5.00,      5.00,      5.00,      5.00,0,0,0,1,1,1
H5,704,2018,410799,     10.00,     10.00,     10.00,     10.00,0,0,0,1,1,1
H5,704,2018,411200,     10.00,     10.00,     10.00,     10.00,0,0,0,1,1,1
H5,704,2018,411310,     10.00,     10.00,     10.00,     10.00,0,0,0,1,1,1
H5,704,2018,411320,      5.00,      5.00,      5.00,      5.00,0,0,0,1,1,1
H5,704,2018,411330,     10.00,     10.00,     10.00,     10.00,0,0,0,1,1,1
H5,704,2018,411390,     10.00,     10.00,     10.00,     10.00,0,0,0,1,1,1
H5,704,2018,411410,      5.00,      5.00,      5.00,      5.00,0,0,0,1,1,1
H5,704,2018,411420,      5.00,      5.00,      5.00,      5.00,0,0,0,1,1,1
H5,704,2018,411510,      5.00,      5.00,      5.00,      5.00,0,0,0,1,1,1
H5,704,2018,411520,      5.00,      5.00,      5.00,      5.00,0,0,0,1,1,1
H5,704,2018,420100,     20.00,     20.00,     20.00,     20.00,0,0,0,1,1,1
H5,704,2018,420211,     50.00,     25.00,     25.00,     25.00,0,0,0,2,2,2
H5,704,2018,420212,    100.00,     25.00,     25.00,     25.00,0,0,0,4,4,4
H5,704,2018,420219,     50.00,     25.00,     25.00,     25.00,0,0,0,2,2,2
H5,704,2018,420221,     25.00,     25.00,     25.00,     25.00,0,0,0,1,1,1
H5,704,2018,420222,     25.00,     25.00,     25.00,     25.00,0,0,0,1,1,1
H5,704,2018,420229,     25.00,     25.00,     25.00,     25.00,0,0,0,1,1,1
H5,704,2018,420231,     25.00,     25.00,     25.00,     25.00,0,0,0,1,1,1
H5,704,2018,420232,     25.00,     25.00,     25.00,     25.00,0,0,0,1,1,1
H5,704,2018,420239,     25.00,     25.00,     25.00,     25.00,0,0,0,1,1,1
H5,704,2018,420291,     75.00,     25.00,     25.00,     25.00,0,0,0,3,3,3
H5,704,2018,420292,     75.00,     25.00,     25.00,     25.00,0,0,0,3,3,3
H5,704,2018,420299,     75.00,     25.00,     25.00,     25.00,0,0,0,3,3,3
H5,704,2018,420310,     25.00,     25.00,     25.00,     25.00,0,0,0,1,1,1
H5,704,2018,420321,     20.00,     20.00,     20.00,     20.00,0,0,0,1,1,1
H5,704,2018,420329,     50.00,     25.00,     25.00,     25.00,0,0,0,2,2,2
H5,704,2018,420330,     25.00,     25.00,     25.00,     25.00,0,0,0,1,1,1
H5,704,2018,420340,     25.00,     25.00,     25.00,     25.00,0,0,0,1,1,1
H5,704,2018,420500,     85.00,      5.00,     20.00,     17.00,0,0,0,5,5,5
H5,704,2018,420600,      0.00,      0.00,      0.00,      0.00,0,1,0,0,1,1
H5,704,2018,430110,      0.00,      0.00,      0.00,      0.00,0,1,0,0,1,1
H5,704,2018,430130,      0.00,      0.00,      0.00,      0.00,0,1,0,0,1,1
H5,704,2018,430160,      0.00,      0.00,      0.00,      0.00,0,1,0,0,1,1
H5,704,2018,430180,      0.00,      0.00,      0.00,      0.00,0,1,0,0,1,1
H5,704,2018,430190,      0.00,      0.00,      0.00,      0.00,0,1,0,0,1,1
H5,704,2018,430211,      0.00,      0.00,      0.00,      0.00,0,1,0,0,1,1
H5,704,2018,430219,      0.00,      0.00,      0.00,      0.00,0,1,0,0,1,1
H5,704,2018,430220,      0.00,      0.00,      0.00,      0.00,0,1,0,0,1,1
H5,704,2018,430230,      0.00,      0.00,      0.00,      0.00,0,1,0,0,1,1
H5,704,2018,430310,     25.00,     25.00,     25.00,     25.00,0,0,0,1,1,1
H5,704,2018,430390,     40.00,     15.00,     25.00,     20.00,0,0,0,2,2,2
H5,704,2018,430400,    100.00,     25.00,     25.00,     25.00,0,0,0,4,4,4
H5,704,2018,440111,      3.00,      3.00,      3.00,      3.00,0,0,0,1,1,1
H5,704,2018,440112,      3.00,      3.00,      3.00,      3.00,0,0,0,1,1,1
H5,704,2018,440121,      3.00,      3.00,      3.00,      3.00,0,0,0,1,1,1
H5,704,2018,440122,      3.00,      3.00,      3.00,      3.00,0,0,0,1,1,1
H5,704,2018,440131,      3.00,      3.00,      3.00,      3.00,0,0,0,1,1,1
H5,704,2018,440139,      3.00,      3.00,      3.00,      3.00,0,0,0,1,1,1
H5,704,2018,440140,,,,,1,0,0,0,0,1
H5,704,2018,440210,      5.00,      5.00,      5.00,      5.00,0,0,0,1,1,1
H5,704,2018,440290,     10.00,      5.00,      5.00,      5.00,0,0,0,2,2,2
H5,704,2018,440311,      0.00,      0.00,      0.00,      0.00,0,2,0,0,2,2
H5,704,2018,440312,      0.00,      0.00,      0.00,      0.00,0,2,0,0,2,2
H5,704,2018,440321,      0.00,      0.00,      0.00,      0.00,0,2,0,0,2,2
H5,704,2018,440322,      0.00,      0.00,      0.00,      0.00,0,2,0,0,2,2
H5,704,2018,440323,      0.00,      0.00,      0.00,      0.00,0,2,0,0,2,2
H5,704,2018,440324,      0.00,      0.00,      0.00,      0.00,0,2,0,0,2,2
H5,704,2018,440325,      0.00,      0.00,      0.00,      0.00,0,2,0,0,2,2
H5,704,2018,440326,      0.00,      0.00,      0.00,      0.00,0,2,0,0,2,2
H5,704,2018,440341,      0.00,      0.00,      0.00,      0.00,0,2,0,0,2,2
H5,704,2018,440349,      0.00,      0.00,      0.00,      0.00,0,2,0,0,2,2
H5,704,2018,440391,      0.00,      0.00,      0.00,      0.00,0,2,0,0,2,2
H5,704,2018,440393,      0.00,      0.00,      0.00,      0.00,0,2,0,0,2,2
H5,704,2018,440394,      0.00,      0.00,      0.00,      0.00,0,2,0,0,2,2
H5,704,2018,440395,      0.00,      0.00,      0.00,      0.00,0,2,0,0,2,2
H5,704,2018,440396,      0.00,      0.00,      0.00,      0.00,0,2,0,0,2,2
H5,704,2018,440397,      0.00,      0.00,      0.00,      0.00,0,2,0,0,2,2
H5,704,2018,440398,      0.00,      0.00,      0.00,      0.00,0,2,0,0,2,2
H5,704,2018,440399,      0.00,      0.00,      0.00,      0.00,0,2,0,0,2,2
H5,704,2018,440410,      3.00,      3.00,      3.00,      3.00,0,0,0,1,1,1
H5,704,2018,440420,      6.00,      3.00,      3.00,      3.00,0,0,0,2,2,2
H5,704,2018,440500,      3.00,      0.00,      3.00,      1.50,0,1,0,1,2,2
H5,704,2018,440611,      0.00,      0.00,      0.00,      0.00,0,1,0,0,1,1
H5,704,2018,440612,      0.00,      0.00,      0.00,      0.00,0,1,0,0,1,1
H5,704,2018,440691,      0.00,      0.00,      0.00,      0.00,0,1,0,0,1,1
H5,704,2018,440692,      0.00,      0.00,      0.00,      0.00,0,1,0,0,1,1
H5,704,2018,440711,      0.00,      0.00,      0.00,      0.00,0,1,0,0,1,1
H5,704,2018,440712,      0.00,      0.00,      0.00,      0.00,0,1,0,0,1,1
H5,704,2018,440719,      0.00,      0.00,      0.00,      0.00,0,1,0,0,1,1
H5,704,2018,440721,      0.00,      0.00,      0.00,      0.00,0,2,0,0,2,2
H5,704,2018,440722,      0.00,      0.00,      0.00,      0.00,0,2,0,0,2,2
H5,704,2018,440725,      0.00,      0.00,      0.00,      0.00,0,4,0,0,4,4
H5,704,2018,440726,      0.00,      0.00,      0.00,      0.00,0,2,0,0,2,2
H5,704,2018,440727,      0.00,      0.00,      0.00,      0.00,0,2,0,0,2,2
H5,704,2018,440728,      0.00,      0.00,      0.00,      0.00,0,2,0,0,2,2
H5,704,2018,440729,      0.00,      0.00,      0.00,      0.00,0,24,0,0,24,24
H5,704,2018,440791,      0.00,      0.00,      0.00,      0.00,0,2,0,0,2,2
H5,704,2018,440792,      0.00,      0.00,      0.00,      0.00,0,2,0,0,2,2
H5,704,2018,440793,      0.00,      0.00,      0.00,      0.00,0,2,0,0,2,2
H5,704,2018,440794,      0.00,      0.00,      0.00,      0.00,0,2,0,0,2,2
H5,704,2018,440795,      0.00,      0.00,      0.00,      0.00,0,2,0,0,2,2
H5,704,2018,440796,      0.00,      0.00,      0.00,      0.00,0,2,0,0,2,2
H5,704,2018,440797,      0.00,      0.00,      0.00,      0.00,0,2,0,0,2,2
H5,704,2018,440799,      0.00,      0.00,      0.00,      0.00,0,2,0,0,2,2
H5,704,2018,440810,      0.00,      0.00,      0.00,      0.00,0,3,0,0,3,3
H5,704,2018,440831,      0.00,      0.00,      0.00,      0.00,0,1,0,0,1,1
H5,704,2018,440839,      0.00,      0.00,      0.00,      0.00,0,3,0,0,3,3
H5,704,2018,440890,      0.00,      0.00,      0.00,      0.00,0,2,0,0,2,2
H5,704,2018,440910,      3.00,      3.00,      3.00,      3.00,0,0,0,1,1,1
H5,704,2018,440921,      3.00,      3.00,      3.00,      3.00,0,0,0,1,1,1
H5,704,2018,440922,,,,,1,0,0,0,0,1
H5,704,2018,440929,      3.00,      3.00,      3.00,      3.00,0,0,0,1,1,1
H5,704,2018,441011,      5.00,      5.00,      5.00,      5.00,0,0,0,1,1,1
H5,704,2018,441012,      5.00,      5.00,      5.00,      5.00,0,0,0,1,1,1
H5,704,2018,441019,      5.00,      5.00,      5.00,      5.00,0,0,0,1,1,1
H5,704,2018,441090,      5.00,      5.00,      5.00,      5.00,0,0,0,1,1,1
H5,704,2018,441112,      8.00,      8.00,      8.00,      8.00,0,0,0,1,1,1
H5,704,2018,441113,      8.00,      8.00,      8.00,      8.00,0,0,0,1,1,1
H5,704,2018,441114,      8.00,      8.00,      8.00,      8.00,0,0,0,1,1,1
H5,704,2018,441192,      8.00,      8.00,      8.00,      8.00,0,0,0,1,1,1
H5,704,2018,441193,      8.00,      8.00,      8.00,      8.00,0,0,0,1,1,1
H5,704,2018,441194,      8.00,      8.00,      8.00,      8.00,0,0,0,1,1,1
H5,704,2018,441210,      5.00,      5.00,      5.00,      5.00,0,0,0,1,1,1
H5,704,2018,441231,      5.00,      5.00,      5.00,      5.00,0,0,0,1,1,1
H5,704,2018,441233,      5.00,      5.00,      5.00,      5.00,0,0,0,1,1,1
H5,704,2018,441234,      5.00,      5.00,      5.00,      5.00,0,0,0,1,1,1
H5,704,2018,441239,      5.00,      5.00,      5.00,      5.00,0,0,0,1,1,1
H5,704,2018,441294,      5.00,      5.00,      5.00,      5.00,0,0,0,1,1,1
H5,704,2018,441299,     20.00,      5.00,      5.00,      5.00,0,0,0,4,4,4
H5,704,2018,441300,      3.00,      3.00,      3.00,      3.00,0,0,0,1,1,1
H5,704,2018,441400,     25.00,     25.00,     25.00,     25.00,0,0,0,1,1,1
H5,704,2018,441510,     20.00,     20.00,     20.00,     20.00,0,0,0,1,1,1
H5,704,2018,441520,     20.00,     20.00,     20.00,     20.00,0,0,0,1,1,1
H5,704,2018,441600,     40.00,     20.00,     20.00,     20.00,0,0,0,2,2,2
H5,704,2018,441700,     60.00,     20.00,     20.00,     20.00,0,0,0,3,3,3
H5,704,2018,441810,      5.00,      5.00,      5.00,      5.00,0,0,0,1,1,1
H5,704,2018,441820,      5.00,      5.00,      5.00,      5.00,0,0,0,1,1,1
H5,704,2018,441840,      5.00,      5.00,      5.00,      5.00,0,0,0,1,1,1
H5,704,2018,441850,      5.00,      5.00,      5.00,      5.00,0,0,0,1,1,1
H5,704,2018,441860,      3.00,      3.00,      3.00,      3.00,0,0,0,1,1,1
H5,704,2018,441873,      8.00,      3.00,      5.00,      4.00,0,0,0,2,2,2
H5,704,2018,441874,      3.00,      3.00,      3.00,      3.00,0,0,0,1,1,1
H5,704,2018,441875,      5.00,      5.00,      5.00,      5.00,0,0,0,1,1,1
H5,704,2018,441879,      5.00,      5.00,      5.00,      5.00,0,0,0,1,1,1
H5,704,2018,441891,      3.00,      3.00,      3.00,      3.00,0,0,0,1,1,1
H5,704,2018,441899,      6.00,      3.00,      3.00,      3.00,0,0,0,2,2,2
H5,704,2018,441911,     25.00,     25.00,     25.00,     25.00,0,0,0,1,1,1
H5,704,2018,441912,     25.00,     25.00,     25.00,     25.00,0,0,0,1,1,1
H5,704,2018,441919,     25.00,     25.00,     25.00,     25.00,0,0,0,1,1,1
H5,704,2018,441990,     25.00,     25.00,     25.00,     25.00,0,0,0,1,1,1
H5,704,2018,442010,     20.00,     20.00,     20.00,     20.00,0,0,0,1,1,1
H5,704,2018,442090,     40.00,     20.00,     20.00,     20.00,0,0,0,2,2,2
H5,704,2018,442110,     25.00,     25.00,     25.00,     25.00,0,0,0,1,1,1
H5,704,2018,442191,    170.00,     20.00,     25.00,     24.29,0,0,0,7,7,7
H5,704,2018,442199,    270.00,     20.00,     25.00,     24.55,0,0,0,11,11,11
H5,704,2018,450110,      0.00,      0.00,      0.00,      0.00,0,1,0,0,1,1
H5,704,2018,450190,      0.00,      0.00,      0.00,      0.00,0,1,0,0,1,1
H5,704,2018,450200,      5.00,      5.00,      5.00,      5.00,0,0,0,1,1,1
H5,704,2018,450310,     20.00,     20.00,     20.00,     20.00,0,0,0,1,1,1
H5,704,2018,450390,     20.00,     20.00,     20.00,     20.00,0,0,0,1,1,1
H5,704,2018,450410,     10.00,     10.00,     10.00,     10.00,0,0,0,1,1,1
H5,704,2018,450490,     20.00,     20.00,     20.00,     20.00,0,0,0,1,1,1
H5,704,2018,460121,     20.00,     20.00,     20.00,     20.00,0,0,0,1,1,1
H5,704,2018,460122,     20.00,     20.00,     20.00,     20.00,0,0,0,1,1,1
H5,704,2018,460129,     20.00,     20.00,     20.00,     20.00,0,0,0,1,1,1
H5,704,2018,460192,     60.00,     20.00,     20.00,     20.00,0,0,0,3,3,3
H5,704,2018,460193,     60.00,     20.00,     20.00,     20.00,0,0,0,3,3,3
H5,704,2018,460194,     60.00,     20.00,     20.00,     20.00,0,0,0,3,3,3
H5,704,2018,460199,     80.00,     20.00,     20.00,     20.00,0,0,0,4,4,4
H5,704,2018,460211,     60.00,     20.00,     20.00,     20.00,0,0,0,3,3,3
H5,704,2018,460212,     60.00,     20.00,     20.00,     20.00,0,0,0,3,3,3
H5,704,2018,460219,     60.00,     20.00,     20.00,     20.00,0,0,0,3,3,3
H5,704,2018,460290,     60.00,     20.00,     20.00,     20.00,0,0,0,3,3,3
H5,704,2018,470100,      1.00,      1.00,      1.00,      1.00,0,0,0,1,1,1
H5,704,2018,470200,      1.00,      1.00,      1.00,      1.00,0,0,0,1,1,1
H5,704,2018,470311,      0.00,      0.00,      0.00,      0.00,0,1,0,0,1,1
H5,704,2018,470319,      0.00,      0.00,      0.00,      0.00,0,1,0,0,1,1
H5,704,2018,470321,      0.00,      0.00,      0.00,      0.00,0,1,0,0,1,1
H5,704,2018,470329,      0.00,      0.00,      0.00,      0.00,0,1,0,0,1,1
H5,704,2018,470411,      0.00,      0.00,      0.00,      0.00,0,1,0,0,1,1
H5,704,2018,470419,      0.00,      0.00,      0.00,      0.00,0,1,0,0,1,1
H5,704,2018,470421,      0.00,      0.00,      0.00,      0.00,0,1,0,0,1,1
H5,704,2018,470429,      0.00,      0.00,      0.00,      0.00,0,1,0,0,1,1
H5,704,2018,470500,      0.00,      0.00,      0.00,      0.00,0,1,0,0,1,1
H5,704,2018,470610,      0.00,      0.00,      0.00,      0.00,0,1,0,0,1,1
H5,704,2018,470620,      0.00,      0.00,      0.00,      0.00,0,1,0,0,1,1
H5,704,2018,470630,      0.00,      0.00,      0.00,      0.00,0,1,0,0,1,1
H5,704,2018,470691,      0.00,      0.00,      0.00,      0.00,0,1,0,0,1,1
H5,704,2018,470692,      0.00,      0.00,      0.00,      0.00,0,1,0,0,1,1
H5,704,2018,470693,      0.00,      0.00,      0.00,      0.00,0,1,0,0,1,1
H5,704,2018,470710,      0.00,      0.00,      0.00,      0.00,0,1,0,0,1,1
H5,704,2018,470720,      0.00,      0.00,      0.00,      0.00,0,1,0,0,1,1
H5,704,2018,470730,      0.00,      0.00,      0.00,      0.00,0,1,0,0,1,1
H5,704,2018,470790,      0.00,      0.00,      0.00,      0.00,0,1,0,0,1,1
H5,704,2018,480100,    160.00,     20.00,     20.00,     20.00,0,0,0,8,8,8
H5,704,2018,480210,     20.00,     20.00,     20.00,     20.00,0,0,0,1,1,1
H5,704,2018,480220,     10.00,      5.00,      5.00,      5.00,0,0,0,2,2,2
H5,704,2018,480240,     10.00,      5.00,      5.00,      5.00,0,0,0,2,2,2
H5,704,2018,480254,     85.00,      5.00,     20.00,     10.63,0,0,0,8,8,8
H5,704,2018,480255,     95.00,      5.00,     20.00,     13.57,0,0,0,7,7,7
H5,704,2018,480256,    115.00,      5.00,     25.00,     16.43,0,0,0,7,7,7
H5,704,2018,480257,     85.00,      5.00,     20.00,     17.00,0,0,0,5,5,5
H5,704,2018,480258,    140.00,     20.00,     20.00,     20.00,0,0,0,7,7,7
H5,704,2018,480261,    125.00,      5.00,     20.00,     17.86,0,0,0,7,7,7
H5,704,2018,480262,    120.00,     20.00,     20.00,     20.00,0,0,0,6,6,6
H5,704,2018,480269,    100.00,     20.00,     20.00,     20.00,0,0,0,5,5,5
H5,704,2018,480300,     40.00,     20.00,     20.00,     20.00,0,0,0,2,2,2
H5,704,2018,480411,     15.00,     15.00,     15.00,     15.00,0,0,0,1,1,1
H5,704,2018,480419,     18.00,     18.00,     18.00,     18.00,0,0,0,1,1,1
H5,704,2018,480421,     20.00,      3.00,     17.00,     10.00,0,0,0,2,2,2
H5,704,2018,480429,     23.00,      3.00,     20.00,     11.50,0,0,0,2,2,2
H5,704,2018,480431,     43.00,      3.00,     20.00,      8.60,0,0,0,5,5,5
H5,704,2018,480439,     47.00,     10.00,     20.00,     15.67,0,0,0,3,3,3
H5,704,2018,480441,     25.00,      5.00,     20.00,     12.50,0,0,0,2,2,2
H5,704,2018,480442,     40.00,     20.00,     20.00,     20.00,0,0,0,2,2,2
H5,704,2018,480449,     40.00,     20.00,     20.00,     20.00,0,0,0,2,2,2
H5,704,2018,480451,     40.00,      5.00,     20.00,     10.00,0,0,0,4,4,4
H5,704,2018,480452,     34.00,     17.00,     17.00,     17.00,0,0,0,2,2,2
H5,704,2018,480459,     40.00,     20.00,     20.00,     20.00,0,0,0,2,2,2
H5,704,2018,480511,     10.00,     10.00,     10.00,     10.00,0,0,0,1,1,1
H5,704,2018,480512,     10.00,     10.00,     10.00,     10.00,0,0,0,1,1,1
H5,704,2018,480519,     20.00,     10.00,     10.00,     10.00,0,0,0,2,2,2
H5,704,2018,480524,     10.00,     10.00,     10.00,     10.00,0,0,0,1,1,1
H5,704,2018,480525,     20.00,     10.00,     10.00,     10.00,0,0,0,2,2,2
H5,704,2018,480530,     20.00,     10.00,     10.00,     10.00,0,0,0,2,2,2
H5,704,2018,480540,      5.00,      5.00,      5.00,      5.00,0,0,0,1,1,1
H5,704,2018,480550,     10.00,     10.00,     10.00,     10.00,0,0,0,1,1,1
H5,704,2018,480591,     30.00,      5.00,     20.00,     10.00,0,0,0,3,3,3
H5,704,2018,480592,     20.00,     10.00,     10.00,     10.00,0,0,0,2,2,2
H5,704,2018,480593,     30.00,     10.00,     10.00,     10.00,0,0,0,3,3,3
H5,704,2018,480610,      3.00,      3.00,      3.00,      3.00,0,0,0,1,1,1
H5,704,2018,480620,     10.00,     10.00,     10.00,     10.00,0,0,0,1,1,1
H5,704,2018,480630,      3.00,      3.00,      3.00,      3.00,0,0,0,1,1,1
H5,704,2018,480640,      5.00,      5.00,      5.00,      5.00,0,0,0,1,1,1
H5,704,2018,480700,     20.00,     20.00,     20.00,     20.00,0,0,0,1,1,1
H5,704,2018,480810,     10.00,     10.00,     10.00,     10.00,0,0,0,1,1,1
H5,704,2018,480840,     10.00,     10.00,     10.00,     10.00,0,0,0,1,1,1
H5,704,2018,480890,     30.00,     10.00,     10.00,     10.00,0,0,0,3,3,3
H5,704,2018,480920,     10.00,     10.00,     10.00,     10.00,0,0,0,1,1,1
H5,704,2018,480990,     40.00,     20.00,     20.00,     20.00,0,0,0,2,2,2
H5,704,2018,481013,     15.00,      5.00,      5.00,      5.00,0,0,0,3,3,3
H5,704,2018,481014,     20.00,      5.00,      5.00,      5.00,0,0,0,4,4,4
H5,704,2018,481019,     15.00,      5.00,      5.00,      5.00,0,0,0,3,3,3
H5,704,2018,481022,     15.00,      5.00,      5.00,      5.00,0,0,0,3,3,3
H5,704,2018,481029,     15.00,      5.00,      5.00,      5.00,0,0,0,3,3,3
H5,704,2018,481031,     20.00,     10.00,     10.00,     10.00,0,0,0,2,2,2
H5,704,2018,481032,     10.00,      5.00,      5.00,      5.00,0,0,0,2,2,2
H5,704,2018,481039,     20.00,     10.00,     10.00,     10.00,0,0,0,2,2,2
H5,704,2018,481092,     20.00,     10.00,     10.00,     10.00,0,0,0,2,2,2
H5,704,2018,481099,     20.00,     10.00,     10.00,     10.00,0,0,0,2,2,2
H5,704,2018,481110,     10.00,      5.00,      5.00,      5.00,0,0,0,2,2,2
H5,704,2018,481141,     30.00,     15.00,     15.00,     15.00,0,0,0,2,2,2
H5,704,2018,481149,     30.00,     15.00,     15.00,     15.00,0,0,0,2,2,2
H5,704,2018,481151,     80.00,     15.00,     25.00,     20.00,0,0,0,4,4,4
H5,704,2018,481159,     83.00,      3.00,     25.00,     16.60,0,0,0,5,5,5
H5,704,2018,481160,     45.00,     15.00,     15.00,     15.00,0,0,0,3,3,3
H5,704,2018,481190,     70.00,      5.00,     25.00,     11.67,0,0,0,6,6,6
H5,704,2018,481200,      0.00,      0.00,      0.00,      0.00,0,1,0,0,1,1
H5,704,2018,481310,     20.00,     20.00,     20.00,     20.00,0,0,0,1,1,1
H5,704,2018,481320,     20.00,     20.00,     20.00,     20.00,0,0,0,1,1,1
H5,704,2018,481390,     40.00,     20.00,     20.00,     20.00,0,0,0,2,2,2
H5,704,2018,481420,     50.00,     25.00,     25.00,     25.00,0,0,0,2,2,2
H5,704,2018,481490,     20.00,     20.00,     20.00,     20.00,0,0,0,1,1,1
H5,704,2018,481620,     20.00,     10.00,     10.00,     10.00,0,0,0,2,2,2
H5,704,2018,481690,    105.00,     10.00,     20.00,     17.50,0,0,0,6,6,6
H5,704,2018,481710,     25.00,     25.00,     25.00,     25.00,0,0,0,1,1,1
H5,704,2018,481720,     25.00,     25.00,     25.00,     25.00,0,0,0,1,1,1
H5,704,2018,481730,     25.00,     25.00,     25.00,     25.00,0,0,0,1,1,1
H5,704,2018,481810,     18.00,     18.00,     18.00,     18.00,0,0,0,1,1,1
H5,704,2018,481820,     18.00,     18.00,     18.00,     18.00,0,0,0,1,1,1
H5,704,2018,481830,     40.00,     20.00,     20.00,     20.00,0,0,0,2,2,2
H5,704,2018,481850,     20.00,     20.00,     20.00,     20.00,0,0,0,1,1,1
H5,704,2018,481890,     20.00,     20.00,     20.00,     20.00,0,0,0,1,1,1
H5,704,2018,481910,     15.00,     15.00,     15.00,     15.00,0,0,0,1,1,1
H5,704,2018,481920,     15.00,     15.00,     15.00,     15.00,0,0,0,1,1,1
H5,704,2018,481930,     20.00,     20.00,     20.00,     20.00,0,0,0,1,1,1
H5,704,2018,481940,     20.00,     20.00,     20.00,     20.00,0,0,0,1,1,1
H5,704,2018,481950,     20.00,     20.00,     20.00,     20.00,0,0,0,1,1,1
H5,704,2018,481960,     20.00,     20.00,     20.00,     20.00,0,0,0,1,1,1
H5,704,2018,482010,     25.00,     25.00,     25.00,     25.00,0,0,0,1,1,1
H5,704,2018,482020,     25.00,     25.00,     25.00,     25.00,0,0,0,1,1,1
H5,704,2018,482030,     25.00,     25.00,     25.00,     25.00,0,0,0,1,1,1
H5,704,2018,482040,     25.00,     25.00,     25.00,     25.00,0,0,0,1,1,1
H5,704,2018,482050,     25.00,     25.00,     25.00,     25.00,0,0,0,1,1,1
H5,704,2018,482090,     25.00,     25.00,     25.00,     25.00,0,0,0,1,1,1
H5,704,2018,482110,     35.00,     15.00,     20.00,     17.50,0,0,0,2,2,2
H5,704,2018,482190,     40.00,     20.00,     20.00,     20.00,0,0,0,2,2,2
H5,704,2018,482210,     10.00,      5.00,      5.00,      5.00,0,0,0,2,2,2
H5,704,2018,482290,     10.00,      5.00,      5.00,      5.00,0,0,0,2,2,2
H5,704,2018,482320,     10.00,      5.00,      5.00,      5.00,0,0,0,2,2,2
H5,704,2018,482340,      0.00,      0.00,      0.00,      0.00,0,3,0,0,3,3
H5,704,2018,482361,     20.00,     20.00,     20.00,     20.00,0,0,0,1,1,1
H5,704,2018,482369,     20.00,     20.00,     20.00,     20.00,0,0,0,1,1,1
H5,704,2018,482370,      5.00,      5.00,      5.00,      5.00,0,0,0,1,1,1
H5,704,2018,482390,    260.00,     10.00,     20.00,     18.57,0,0,0,14,14,14
H5,704,2018,490110,      0.00,      0.00,      0.00,      0.00,0,1,0,0,1,1
H5,704,2018,490191,      0.00,      0.00,      0.00,      0.00,0,1,0,0,1,1
H5,704,2018,490199,      5.00,      0.00,      5.00,      2.50,0,1,0,1,2,2
H5,704,2018,490210,      0.00,      0.00,      0.00,      0.00,0,1,0,0,1,1
H5,704,2018,490290,      0.00,      0.00,      0.00,      0.00,0,2,0,0,2,2
H5,704,2018,490300,      0.00,      0.00,      0.00,      0.00,0,1,0,0,1,1
H5,704,2018,490400,      5.00,      5.00,      5.00,      5.00,0,0,0,1,1,1
H5,704,2018,490510,      0.00,      0.00,      0.00,      0.00,0,1,0,0,1,1
H5,704,2018,490591,      0.00,      0.00,      0.00,      0.00,0,1,0,0,1,1
H5,704,2018,490599,      0.00,      0.00,      0.00,      0.00,0,1,0,0,1,1
H5,704,2018,490600,      0.00,      0.00,      0.00,      0.00,0,1,0,0,1,1
H5,704,2018,490700,     40.00,      0.00,     20.00,      8.00,0,3,0,2,5,5
H5,704,2018,490810,      5.00,      5.00,      5.00,      5.00,0,0,0,1,1,1
H5,704,2018,490890,     15.00,     15.00,     15.00,     15.00,0,0,0,1,1,1
H5,704,2018,490900,     20.00,     20.00,     20.00,     20.00,0,0,0,1,1,1
H5,704,2018,491000,     20.00,     20.00,     20.00,     20.00,0,0,0,1,1,1
H5,704,2018,491110,     40.00,     20.00,     20.00,     20.00,0,0,0,2,2,2
H5,704,2018,491191,     70.00,     10.00,     20.00,     14.00,0,0,0,5,5,5
H5,704,2018,491199,     80.00,     20.00,     20.00,     20.00,0,0,0,4,4,4
H5,704,2018,500100,      5.00,      5.00,      5.00,      5.00,0,0,0,1,1,1
H5,704,2018,500200,      5.00,      5.00,      5.00,      5.00,0,0,0,1,1,1
H5,704,2018,500300,     10.00,     10.00,     10.00,     10.00,0,0,0,1,1,1
H5,704,2018,500400,      5.00,      5.00,      5.00,      5.00,0,0,0,1,1,1
H5,704,2018,500500,      5.00,      5.00,      5.00,      5.00,0,0,0,1,1,1
H5,704,2018,500600,      5.00,      5.00,      5.00,      5.00,0,0,0,1,1,1
H5,704,2018,500710,     36.00,     12.00,     12.00,     12.00,0,0,0,3,3,3
H5,704,2018,500720,     36.00,     12.00,     12.00,     12.00,0,0,0,3,3,3
H5,704,2018,500790,     36.00,     12.00,     12.00,     12.00,0,0,0,3,3,3
H5,704,2018,510111,      0.00,      0.00,      0.00,      0.00,0,1,0,0,1,1
H5,704,2018,510119,      0.00,      0.00,      0.00,      0.00,0,1,0,0,1,1
H5,704,2018,510121,      0.00,      0.00,      0.00,      0.00,0,1,0,0,1,1
H5,704,2018,510129,      0.00,      0.00,      0.00,      0.00,0,1,0,0,1,1
H5,704,2018,510130,      0.00,      0.00,      0.00,      0.00,0,1,0,0,1,1
H5,704,2018,510211,      0.00,      0.00,      0.00,      0.00,0,1,0,0,1,1
H5,704,2018,510219,      0.00,      0.00,      0.00,      0.00,0,1,0,0,1,1
H5,704,2018,510220,      0.00,      0.00,      0.00,      0.00,0,1,0,0,1,1
H5,704,2018,510310,     10.00,     10.00,     10.00,     10.00,0,0,0,1,1,1
H5,704,2018,510320,     10.00,     10.00,     10.00,     10.00,0,0,0,1,1,1
H5,704,2018,510330,     10.00,     10.00,     10.00,     10.00,0,0,0,1,1,1
H5,704,2018,510400,      3.00,      3.00,      3.00,      3.00,0,0,0,1,1,1
H5,704,2018,510510,      0.00,      0.00,      0.00,      0.00,0,1,0,0,1,1
H5,704,2018,510521,      0.00,      0.00,      0.00,      0.00,0,1,0,0,1,1
H5,704,2018,510529,      0.00,      0.00,      0.00,      0.00,0,1,0,0,1,1
H5,704,2018,510531,      0.00,      0.00,      0.00,      0.00,0,1,0,0,1,1
H5,704,2018,510539,      0.00,      0.00,      0.00,      0.00,0,1,0,0,1,1
H5,704,2018,510540,      0.00,      0.00,      0.00,      0.00,0,1,0,0,1,1
H5,704,2018,510610,      5.00,      5.00,      5.00,      5.00,0,0,0,1,1,1
H5,704,2018,510620,      5.00,      5.00,      5.00,      5.00,0,0,0,1,1,1
H5,704,2018,510710,      5.00,      5.00,      5.00,      5.00,0,0,0,1,1,1
H5,704,2018,510720,      5.00,      5.00,      5.00,      5.00,0,0,0,1,1,1
H5,704,2018,510810,      5.00,      5.00,      5.00,      5.00,0,0,0,1,1,1
H5,704,2018,510820,      5.00,      5.00,      5.00,      5.00,0,0,0,1,1,1
H5,704,2018,510910,      5.00,      5.00,      5.00,      5.00,0,0,0,1,1,1
H5,704,2018,510990,      5.00,      5.00,      5.00,      5.00,0,0,0,1,1,1
H5,704,2018,511000,      5.00,      5.00,      5.00,      5.00,0,0,0,1,1,1
H5,704,2018,511111,     12.00,     12.00,     12.00,     12.00,0,0,0,1,1,1
H5,704,2018,511119,     12.00,     12.00,     12.00,     12.00,0,0,0,1,1,1
H5,704,2018,511120,     12.00,     12.00,     12.00,     12.00,0,0,0,1,1,1
H5,704,2018,511130,     12.00,     12.00,     12.00,     12.00,0,0,0,1,1,1
H5,704,2018,511190,     12.00,     12.00,     12.00,     12.00,0,0,0,1,1,1
H5,704,2018,511211,     12.00,     12.00,     12.00,     12.00,0,0,0,1,1,1
H5,704,2018,511219,     24.00,     12.00,     12.00,     12.00,0,0,0,2,2,2
H5,704,2018,511220,     12.00,     12.00,     12.00,     12.00,0,0,0,1,1,1
H5,704,2018,511230,     12.00,     12.00,     12.00,     12.00,0,0,0,1,1,1
H5,704,2018,511290,     12.00,     12.00,     12.00,     12.00,0,0,0,1,1,1
H5,704,2018,511300,     12.00,     12.00,     12.00,     12.00,0,0,0,1,1,1
H5,704,2018,520100,      0.00,      0.00,      0.00,      0.00,0,1,0,0,1,1
H5,704,2018,520210,     10.00,     10.00,     10.00,     10.00,0,0,0,1,1,1
H5,704,2018,520291,     10.00,     10.00,     10.00,     10.00,0,0,0,1,1,1
H5,704,2018,520299,     10.00,     10.00,     10.00,     10.00,0,0,0,1,1,1
H5,704,2018,520300,      0.00,      0.00,      0.00,      0.00,0,1,0,0,1,1
H5,704,2018,520411,     10.00,      5.00,      5.00,      5.00,0,0,0,2,2,2
H5,704,2018,520419,      5.00,      5.00,      5.00,      5.00,0,0,0,1,1,1
H5,704,2018,520420,      5.00,      5.00,      5.00,      5.00,0,0,0,1,1,1
H5,704,2018,520511,      5.00,      5.00,      5.00,      5.00,0,0,0,1,1,1
H5,704,2018,520512,      5.00,      5.00,      5.00,      5.00,0,0,0,1,1,1
H5,704,2018,520513,      5.00,      5.00,      5.00,      5.00,0,0,0,1,1,1
H5,704,2018,520514,      5.00,      5.00,      5.00,      5.00,0,0,0,1,1,1
H5,704,2018,520515,      5.00,      5.00,      5.00,      5.00,0,0,0,1,1,1
H5,704,2018,520521,      5.00,      5.00,      5.00,      5.00,0,0,0,1,1,1
H5,704,2018,520522,      5.00,      5.00,      5.00,      5.00,0,0,0,1,1,1
H5,704,2018,520523,      5.00,      5.00,      5.00,      5.00,0,0,0,1,1,1
H5,704,2018,520524,      5.00,      5.00,      5.00,      5.00,0,0,0,1,1,1
H5,704,2018,520526,      5.00,      5.00,      5.00,      5.00,0,0,0,1,1,1
H5,704,2018,520527,      5.00,      5.00,      5.00,      5.00,0,0,0,1,1,1
H5,704,2018,520528,      5.00,      5.00,      5.00,      5.00,0,0,0,1,1,1
H5,704,2018,520531,      5.00,      5.00,      5.00,      5.00,0,0,0,1,1,1
H5,704,2018,520532,      5.00,      5.00,      5.00,      5.00,0,0,0,1,1,1
H5,704,2018,520533,      5.00,      5.00,      5.00,      5.00,0,0,0,1,1,1
H5,704,2018,520534,      5.00,      5.00,      5.00,      5.00,0,0,0,1,1,1
H5,704,2018,520535,      5.00,      5.00,      5.00,      5.00,0,0,0,1,1,1
H5,704,2018,520541,      5.00,      5.00,      5.00,      5.00,0,0,0,1,1,1
H5,704,2018,520542,      5.00,      5.00,      5.00,      5.00,0,0,0,1,1,1
H5,704,2018,520543,      5.00,      5.00,      5.00,      5.00,0,0,0,1,1,1
H5,704,2018,520544,      5.00,      5.00,      5.00,      5.00,0,0,0,1,1,1
H5,704,2018,520546,      5.00,      5.00,      5.00,      5.00,0,0,0,1,1,1
H5,704,2018,520547,      5.00,      5.00,      5.00,      5.00,0,0,0,1,1,1
H5,704,2018,520548,      5.00,      5.00,      5.00,      5.00,0,0,0,1,1,1
H5,704,2018,520611,      5.00,      5.00,      5.00,      5.00,0,0,0,1,1,1
H5,704,2018,520612,      5.00,      5.00,      5.00,      5.00,0,0,0,1,1,1
H5,704,2018,520613,      5.00,      5.00,      5.00,      5.00,0,0,0,1,1,1
H5,704,2018,520614,      5.00,      5.00,      5.00,      5.00,0,0,0,1,1,1
H5,704,2018,520615,      5.00,      5.00,      5.00,      5.00,0,0,0,1,1,1
H5,704,2018,520621,      5.00,      5.00,      5.00,      5.00,0,0,0,1,1,1
H5,704,2018,520622,      5.00,      5.00,      5.00,      5.00,0,0,0,1,1,1
H5,704,2018,520623,      5.00,      5.00,      5.00,      5.00,0,0,0,1,1,1
H5,704,2018,520624,      5.00,      5.00,      5.00,      5.00,0,0,0,1,1,1
H5,704,2018,520625,      5.00,      5.00,      5.00,      5.00,0,0,0,1,1,1
H5,704,2018,520631,      5.00,      5.00,      5.00,      5.00,0,0,0,1,1,1
H5,704,2018,520632,      5.00,      5.00,      5.00,      5.00,0,0,0,1,1,1
H5,704,2018,520633,      5.00,      5.00,      5.00,      5.00,0,0,0,1,1,1
H5,704,2018,520634,      5.00,      5.00,      5.00,      5.00,0,0,0,1,1,1
H5,704,2018,520635,      5.00,      5.00,      5.00,      5.00,0,0,0,1,1,1
H5,704,2018,520641,      5.00,      5.00,      5.00,      5.00,0,0,0,1,1,1
H5,704,2018,520642,      5.00,      5.00,      5.00,      5.00,0,0,0,1,1,1
H5,704,2018,520643,      5.00,      5.00,      5.00,      5.00,0,0,0,1,1,1
H5,704,2018,520644,      5.00,      5.00,      5.00,      5.00,0,0,0,1,1,1
H5,704,2018,520645,      5.00,      5.00,      5.00,      5.00,0,0,0,1,1,1
H5,704,2018,520710,      5.00,      5.00,      5.00,      5.00,0,0,0,1,1,1
H5,704,2018,520790,      5.00,      5.00,      5.00,      5.00,0,0,0,1,1,1
H5,704,2018,520811,     12.00,     12.00,     12.00,     12.00,0,0,0,1,1,1
H5,704,2018,520812,     12.00,     12.00,     12.00,     12.00,0,0,0,1,1,1
H5,704,2018,520813,     12.00,     12.00,     12.00,     12.00,0,0,0,1,1,1
H5,704,2018,520819,     12.00,     12.00,     12.00,     12.00,0,0,0,1,1,1
H5,704,2018,520821,     12.00,     12.00,     12.00,     12.00,0,0,0,1,1,1
H5,704,2018,520822,     12.00,     12.00,     12.00,     12.00,0,0,0,1,1,1
H5,704,2018,520823,     12.00,     12.00,     12.00,     12.00,0,0,0,1,1,1
H5,704,2018,520829,     12.00,     12.00,     12.00,     12.00,0,0,0,1,1,1
H5,704,2018,520831,     24.00,     12.00,     12.00,     12.00,0,0,0,2,2,2
H5,704,2018,520832,     12.00,     12.00,     12.00,     12.00,0,0,0,1,1,1
H5,704,2018,520833,     12.00,     12.00,     12.00,     12.00,0,0,0,1,1,1
H5,704,2018,520839,     12.00,     12.00,     12.00,     12.00,0,0,0,1,1,1
H5,704,2018,520841,     24.00,     12.00,     12.00,     12.00,0,0,0,2,2,2
H5,704,2018,520842,     24.00,     12.00,     12.00,     12.00,0,0,0,2,2,2
H5,704,2018,520843,     12.00,     12.00,     12.00,     12.00,0,0,0,1,1,1
H5,704,2018,520849,     12.00,     12.00,     12.00,     12.00,0,0,0,1,1,1
H5,704,2018,520851,     24.00,     12.00,     12.00,     12.00,0,0,0,2,2,2
H5,704,2018,520852,     24.00,     12.00,     12.00,     12.00,0,0,0,2,2,2
H5,704,2018,520859,     36.00,     12.00,     12.00,     12.00,0,0,0,3,3,3
H5,704,2018,520911,     24.00,     12.00,     12.00,     12.00,0,0,0,2,2,2
H5,704,2018,520912,     12.00,     12.00,     12.00,     12.00,0,0,0,1,1,1
H5,704,2018,520919,     12.00,     12.00,     12.00,     12.00,0,0,0,1,1,1
H5,704,2018,520921,     12.00,     12.00,     12.00,     12.00,0,0,0,1,1,1
H5,704,2018,520922,     12.00,     12.00,     12.00,     12.00,0,0,0,1,1,1
H5,704,2018,520929,     12.00,     12.00,     12.00,     12.00,0,0,0,1,1,1
H5,704,2018,520931,     12.00,     12.00,     12.00,     12.00,0,0,0,1,1,1
H5,704,2018,520932,     12.00,     12.00,     12.00,     12.00,0,0,0,1,1,1
H5,704,2018,520939,     12.00,     12.00,     12.00,     12.00,0,0,0,1,1,1
H5,704,2018,520941,     12.00,     12.00,     12.00,     12.00,0,0,0,1,1,1
H5,704,2018,520942,     12.00,     12.00,     12.00,     12.00,0,0,0,1,1,1
H5,704,2018,520943,     12.00,     12.00,     12.00,     12.00,0,0,0,1,1,1
H5,704,2018,520949,     12.00,     12.00,     12.00,     12.00,0,0,0,1,1,1
H5,704,2018,520951,     24.00,     12.00,     12.00,     12.00,0,0,0,2,2,2
H5,704,2018,520952,     24.00,     12.00,     12.00,     12.00,0,0,0,2,2,2
H5,704,2018,520959,     24.00,     12.00,     12.00,     12.00,0,0,0,2,2,2
H5,704,2018,521011,     12.00,     12.00,     12.00,     12.00,0,0,0,1,1,1
H5,704,2018,521019,     12.00,     12.00,     12.00,     12.00,0,0,0,1,1,1
H5,704,2018,521021,     12.00,     12.00,     12.00,     12.00,0,0,0,1,1,1
H5,704,2018,521029,     12.00,     12.00,     12.00,     12.00,0,0,0,1,1,1
H5,704,2018,521031,     12.00,     12.00,     12.00,     12.00,0,0,0,1,1,1
H5,704,2018,521032,     12.00,     12.00,     12.00,     12.00,0,0,0,1,1,1
H5,704,2018,521039,     12.00,     12.00,     12.00,     12.00,0,0,0,1,1,1
H5,704,2018,521041,     24.00,     12.00,     12.00,     12.00,0,0,0,2,2,2
H5,704,2018,521049,     12.00,     12.00,     12.00,     12.00,0,0,0,1,1,1
H5,704,2018,521051,     24.00,     12.00,     12.00,     12.00,0,0,0,2,2,2
H5,704,2018,521059,     24.00,     12.00,     12.00,     12.00,0,0,0,2,2,2
H5,704,2018,521111,     12.00,     12.00,     12.00,     12.00,0,0,0,1,1,1
H5,704,2018,521112,     12.00,     12.00,     12.00,     12.00,0,0,0,1,1,1
H5,704,2018,521119,     12.00,     12.00,     12.00,     12.00,0,0,0,1,1,1
H5,704,2018,521120,     12.00,     12.00,     12.00,     12.00,0,0,0,1,1,1
H5,704,2018,521131,     12.00,     12.00,     12.00,     12.00,0,0,0,1,1,1
H5,704,2018,521132,     12.00,     12.00,     12.00,     12.00,0,0,0,1,1,1
H5,704,2018,521139,     12.00,     12.00,     12.00,     12.00,0,0,0,1,1,1
H5,704,2018,521141,     24.00,     12.00,     12.00,     12.00,0,0,0,2,2,2
H5,704,2018,521142,     12.00,     12.00,     12.00,     12.00,0,0,0,1,1,1
H5,704,2018,521143,     12.00,     12.00,     12.00,     12.00,0,0,0,1,1,1
H5,704,2018,521149,     12.00,     12.00,     12.00,     12.00,0,0,0,1,1,1
H5,704,2018,521151,     24.00,     12.00,     12.00,     12.00,0,0,0,2,2,2
H5,704,2018,521152,     24.00,     12.00,     12.00,     12.00,0,0,0,2,2,2
H5,704,2018,521159,     24.00,     12.00,     12.00,     12.00,0,0,0,2,2,2
H5,704,2018,521211,     12.00,     12.00,     12.00,     12.00,0,0,0,1,1,1
H5,704,2018,521212,     12.00,     12.00,     12.00,     12.00,0,0,0,1,1,1
H5,704,2018,521213,     12.00,     12.00,     12.00,     12.00,0,0,0,1,1,1
H5,704,2018,521214,     12.00,     12.00,     12.00,     12.00,0,0,0,1,1,1
H5,704,2018,521215,     24.00,     12.00,     12.00,     12.00,0,0,0,2,2,2
H5,704,2018,521221,     12.00,     12.00,     12.00,     12.00,0,0,0,1,1,1
H5,704,2018,521222,     12.00,     12.00,     12.00,     12.00,0,0,0,1,1,1
H5,704,2018,521223,     12.00,     12.00,     12.00,     12.00,0,0,0,1,1,1
H5,704,2018,521224,     12.00,     12.00,     12.00,     12.00,0,0,0,1,1,1
H5,704,2018,521225,     24.00,     12.00,     12.00,     12.00,0,0,0,2,2,2
H5,704,2018,530110,      0.00,      0.00,      0.00,      0.00,0,1,0,0,1,1
H5,704,2018,530121,      0.00,      0.00,      0.00,      0.00,0,1,0,0,1,1
H5,704,2018,530129,      0.00,      0.00,      0.00,      0.00,0,1,0,0,1,1
H5,704,2018,530130,      0.00,      0.00,      0.00,      0.00,0,1,0,0,1,1
H5,704,2018,530210,      0.00,      0.00,      0.00,      0.00,0,1,0,0,1,1
H5,704,2018,530290,      0.00,      0.00,      0.00,      0.00,0,1,0,0,1,1
H5,704,2018,530310,      3.00,      3.00,      3.00,      3.00,0,0,0,1,1,1
H5,704,2018,530390,      3.00,      3.00,      3.00,      3.00,0,0,0,1,1,1
H5,704,2018,530500,     25.00,      5.00,      5.00,      5.00,0,0,0,5,5,5
H5,704,2018,530610,      3.00,      3.00,      3.00,      3.00,0,0,0,1,1,1
H5,704,2018,530620,      3.00,      3.00,      3.00,      3.00,0,0,0,1,1,1
H5,704,2018,530710,      5.00,      5.00,      5.00,      5.00,0,0,0,1,1,1
H5,704,2018,530720,      5.00,      5.00,      5.00,      5.00,0,0,0,1,1,1
H5,704,2018,530810,      5.00,      5.00,      5.00,      5.00,0,0,0,1,1,1
H5,704,2018,530820,      5.00,      5.00,      5.00,      5.00,0,0,0,1,1,1
H5,704,2018,530890,     10.00,      5.00,      5.00,      5.00,0,0,0,2,2,2
H5,704,2018,530911,     12.00,     12.00,     12.00,     12.00,0,0,0,1,1,1
H5,704,2018,530919,     12.00,     12.00,     12.00,     12.00,0,0,0,1,1,1
H5,704,2018,530921,     12.00,     12.00,     12.00,     12.00,0,0,0,1,1,1
H5,704,2018,530929,     12.00,     12.00,     12.00,     12.00,0,0,0,1,1,1
H5,704,2018,531010,     24.00,     12.00,     12.00,     12.00,0,0,0,2,2,2
H5,704,2018,531090,     12.00,     12.00,     12.00,     12.00,0,0,0,1,1,1
H5,704,2018,531100,     36.00,     12.00,     12.00,     12.00,0,0,0,3,3,3
H5,704,2018,540110,     10.00,      5.00,      5.00,      5.00,0,0,0,2,2,2
H5,704,2018,540120,     10.00,      5.00,      5.00,      5.00,0,0,0,2,2,2
H5,704,2018,540211,      0.00,      0.00,      0.00,      0.00,0,1,0,0,1,1
H5,704,2018,540219,      0.00,      0.00,      0.00,      0.00,0,1,0,0,1,1
H5,704,2018,540220,      0.00,      0.00,      0.00,      0.00,0,1,0,0,1,1
H5,704,2018,540231,      0.00,      0.00,      0.00,      0.00,0,1,0,0,1,1
H5,704,2018,540232,      0.00,      0.00,      0.00,      0.00,0,1,0,0,1,1
H5,704,2018,540233,      3.00,      3.00,      3.00,      3.00,0,0,0,1,1,1
H5,704,2018,540234,      0.00,      0.00,      0.00,      0.00,0,1,0,0,1,1
H5,704,2018,540239,      0.00,      0.00,      0.00,      0.00,0,1,0,0,1,1
H5,704,2018,540244,      9.00,      3.00,      3.00,      3.00,0,0,0,3,3,3
H5,704,2018,540245,      0.00,      0.00,      0.00,      0.00,0,1,0,0,1,1
H5,704,2018,540246,      3.00,      3.00,      3.00,      3.00,0,0,0,1,1,1
H5,704,2018,540247,      3.00,      3.00,      3.00,      3.00,0,0,0,1,1,1
H5,704,2018,540248,      0.00,      0.00,      0.00,      0.00,0,1,0,0,1,1
H5,704,2018,540249,      0.00,      0.00,      0.00,      0.00,0,1,0,0,1,1
H5,704,2018,540251,      0.00,      0.00,      0.00,      0.00,0,1,0,0,1,1
H5,704,2018,540252,      3.00,      3.00,      3.00,      3.00,0,0,0,1,1,1
H5,704,2018,540253,      0.00,      0.00,      0.00,      0.00,0,1,0,0,1,1
H5,704,2018,540259,      0.00,      0.00,      0.00,      0.00,0,1,0,0,1,1
H5,704,2018,540261,      0.00,      0.00,      0.00,      0.00,0,1,0,0,1,1
H5,704,2018,540262,      0.00,      0.00,      0.00,      0.00,0,1,0,0,1,1
H5,704,2018,540263,      0.00,      0.00,      0.00,      0.00,0,1,0,0,1,1
H5,704,2018,540269,      0.00,      0.00,      0.00,      0.00,0,1,0,0,1,1
H5,704,2018,540310,      0.00,      0.00,      0.00,      0.00,0,1,0,0,1,1
H5,704,2018,540331,      0.00,      0.00,      0.00,      0.00,0,2,0,0,2,2
H5,704,2018,540332,      0.00,      0.00,      0.00,      0.00,0,2,0,0,2,2
H5,704,2018,540333,      0.00,      0.00,      0.00,      0.00,0,2,0,0,2,2
H5,704,2018,540339,      0.00,      0.00,      0.00,      0.00,0,2,0,0,2,2
H5,704,2018,540341,      0.00,      0.00,      0.00,      0.00,0,2,0,0,2,2
H5,704,2018,540342,      0.00,      0.00,      0.00,      0.00,0,2,0,0,2,2
H5,704,2018,540349,      0.00,      0.00,      0.00,      0.00,0,2,0,0,2,2
H5,704,2018,540411,      0.00,      0.00,      0.00,      0.00,0,1,0,0,1,1
H5,704,2018,540412,      0.00,      0.00,      0.00,      0.00,0,1,0,0,1,1
H5,704,2018,540419,      0.00,      0.00,      0.00,      0.00,0,1,0,0,1,1
H5,704,2018,540490,      0.00,      0.00,      0.00,      0.00,0,1,0,0,1,1
H5,704,2018,540500,      0.00,      0.00,      0.00,      0.00,0,1,0,0,1,1
H5,704,2018,540600,      5.00,      5.00,      5.00,      5.00,0,0,0,1,1,1
H5,704,2018,540710,     48.00,     12.00,     12.00,     12.00,0,0,0,4,4,4
H5,704,2018,540720,     12.00,     12.00,     12.00,     12.00,0,0,0,1,1,1
H5,704,2018,540730,     12.00,     12.00,     12.00,     12.00,0,0,0,1,1,1
H5,704,2018,540741,     24.00,     12.00,     12.00,     12.00,0,0,0,2,2,2
H5,704,2018,540742,     12.00,     12.00,     12.00,     12.00,0,0,0,1,1,1
H5,704,2018,540743,     12.00,     12.00,     12.00,     12.00,0,0,0,1,1,1
H5,704,2018,540744,     12.00,     12.00,     12.00,     12.00,0,0,0,1,1,1
H5,704,2018,540751,     12.00,     12.00,     12.00,     12.00,0,0,0,1,1,1
H5,704,2018,540752,     12.00,     12.00,     12.00,     12.00,0,0,0,1,1,1
H5,704,2018,540753,     12.00,     12.00,     12.00,     12.00,0,0,0,1,1,1
H5,704,2018,540754,     12.00,     12.00,     12.00,     12.00,0,0,0,1,1,1
H5,704,2018,540761,     24.00,     12.00,     12.00,     12.00,0,0,0,2,2,2
H5,704,2018,540769,     24.00,     12.00,     12.00,     12.00,0,0,0,2,2,2
H5,704,2018,540771,     12.00,     12.00,     12.00,     12.00,0,0,0,1,1,1
H5,704,2018,540772,     12.00,     12.00,     12.00,     12.00,0,0,0,1,1,1
H5,704,2018,540773,     12.00,     12.00,     12.00,     12.00,0,0,0,1,1,1
H5,704,2018,540774,     12.00,     12.00,     12.00,     12.00,0,0,0,1,1,1
H5,704,2018,540781,     12.00,     12.00,     12.00,     12.00,0,0,0,1,1,1
H5,704,2018,540782,     12.00,     12.00,     12.00,     12.00,0,0,0,1,1,1
H5,704,2018,540783,     12.00,     12.00,     12.00,     12.00,0,0,0,1,1,1
H5,704,2018,540784,     12.00,     12.00,     12.00,     12.00,0,0,0,1,1,1
H5,704,2018,540791,     12.00,     12.00,     12.00,     12.00,0,0,0,1,1,1
H5,704,2018,540792,     12.00,     12.00,     12.00,     12.00,0,0,0,1,1,1
H5,704,2018,540793,     12.00,     12.00,     12.00,     12.00,0,0,0,1,1,1
H5,704,2018,540794,     12.00,     12.00,     12.00,     12.00,0,0,0,1,1,1
H5,704,2018,540810,     24.00,     12.00,     12.00,     12.00,0,0,0,2,2,2
H5,704,2018,540821,     12.00,     12.00,     12.00,     12.00,0,0,0,1,1,1
H5,704,2018,540822,     12.00,     12.00,     12.00,     12.00,0,0,0,1,1,1
H5,704,2018,540823,     12.00,     12.00,     12.00,     12.00,0,0,0,1,1,1
H5,704,2018,540824,     12.00,     12.00,     12.00,     12.00,0,0,0,1,1,1
H5,704,2018,540831,     12.00,     12.00,     12.00,     12.00,0,0,0,1,1,1
H5,704,2018,540832,     12.00,     12.00,     12.00,     12.00,0,0,0,1,1,1
H5,704,2018,540833,     12.00,     12.00,     12.00,     12.00,0,0,0,1,1,1
H5,704,2018,540834,     12.00,     12.00,     12.00,     12.00,0,0,0,1,1,1
H5,704,2018,550110,      0.00,      0.00,      0.00,      0.00,0,1,0,0,1,1
H5,704,2018,550120,      0.00,      0.00,      0.00,      0.00,0,1,0,0,1,1
H5,704,2018,550130,      0.00,      0.00,      0.00,      0.00,0,1,0,0,1,1
H5,704,2018,550140,      0.00,      0.00,      0.00,      0.00,0,1,0,0,1,1
H5,704,2018,550190,      0.00,      0.00,      0.00,      0.00,0,1,0,0,1,1
H5,704,2018,550210,      0.00,      0.00,      0.00,      0.00,0,1,0,0,1,1
H5,704,2018,550290,      0.00,      0.00,      0.00,      0.00,0,1,0,0,1,1
H5,704,2018,550311,      0.00,      0.00,      0.00,      0.00,0,1,0,0,1,1
H5,704,2018,550319,      0.00,      0.00,      0.00,      0.00,0,1,0,0,1,1
H5,704,2018,550320,      2.00,      2.00,      2.00,      2.00,0,0,0,1,1,1
H5,704,2018,550330,      0.00,      0.00,      0.00,      0.00,0,1,0,0,1,1
H5,704,2018,550340,      0.00,      0.00,      0.00,      0.00,0,1,0,0,1,1
H5,704,2018,550390,      0.00,      0.00,      0.00,      0.00,0,2,0,0,2,2
H5,704,2018,550410,      0.00,      0.00,      0.00,      0.00,0,1,0,0,1,1
H5,704,2018,550490,      0.00,      0.00,      0.00,      0.00,0,1,0,0,1,1
H5,704,2018,550510,      3.00,      3.00,      3.00,      3.00,0,0,0,1,1,1
H5,704,2018,550520,      3.00,      3.00,      3.00,      3.00,0,0,0,1,1,1
H5,704,2018,550610,      0.00,      0.00,      0.00,      0.00,0,1,0,0,1,1
H5,704,2018,550620,      0.00,      0.00,      0.00,      0.00,0,1,0,0,1,1
H5,704,2018,550630,      0.00,      0.00,      0.00,      0.00,0,1,0,0,1,1
H5,704,2018,550640,      0.00,      0.00,      0.00,      0.00,0,1,0,0,1,1
H5,704,2018,550690,      0.00,      0.00,      0.00,      0.00,0,1,0,0,1,1
H5,704,2018,550700,      0.00,      0.00,      0.00,      0.00,0,1,0,0,1,1
H5,704,2018,550810,     10.00,      5.00,      5.00,      5.00,0,0,0,2,2,2
H5,704,2018,550820,     10.00,      5.00,      5.00,      5.00,0,0,0,2,2,2
H5,704,2018,550911,      5.00,      5.00,      5.00,      5.00,0,0,0,1,1,1
H5,704,2018,550912,      5.00,      5.00,      5.00,      5.00,0,0,0,1,1,1
H5,704,2018,550921,      5.00,      5.00,      5.00,      5.00,0,0,0,1,1,1
H5,704,2018,550922,      5.00,      5.00,      5.00,      5.00,0,0,0,1,1,1
H5,704,2018,550931,      5.00,      5.00,      5.00,      5.00,0,0,0,1,1,1
H5,704,2018,550932,      5.00,      5.00,      5.00,      5.00,0,0,0,1,1,1
H5,704,2018,550941,      5.00,      5.00,      5.00,      5.00,0,0,0,1,1,1
H5,704,2018,550942,      5.00,      5.00,      5.00,      5.00,0,0,0,1,1,1
H5,704,2018,550951,      5.00,      5.00,      5.00,      5.00,0,0,0,1,1,1
H5,704,2018,550952,      5.00,      0.00,      5.00,      2.50,0,1,0,1,2,2
H5,704,2018,550953,      5.00,      5.00,      5.00,      5.00,0,0,0,1,1,1
H5,704,2018,550959,      5.00,      5.00,      5.00,      5.00,0,0,0,1,1,1
H5,704,2018,550961,      5.00,      5.00,      5.00,      5.00,0,0,0,1,1,1
H5,704,2018,550962,      5.00,      5.00,      5.00,      5.00,0,0,0,1,1,1
H5,704,2018,550969,      5.00,      5.00,      5.00,      5.00,0,0,0,1,1,1
H5,704,2018,550991,      5.00,      5.00,      5.00,      5.00,0,0,0,1,1,1
H5,704,2018,550992,      5.00,      5.00,      5.00,      5.00,0,0,0,1,1,1
H5,704,2018,550999,      5.00,      5.00,      5.00,      5.00,0,0,0,1,1,1
H5,704,2018,551011,      5.00,      5.00,      5.00,      5.00,0,0,0,1,1,1
H5,704,2018,551012,      5.00,      5.00,      5.00,      5.00,0,0,0,1,1,1
H5,704,2018,551020,      5.00,      5.00,      5.00,      5.00,0,0,0,1,1,1
H5,704,2018,551030,      5.00,      5.00,      5.00,      5.00,0,0,0,1,1,1
H5,704,2018,551090,      5.00,      5.00,      5.00,      5.00,0,0,0,1,1,1
H5,704,2018,551110,     10.00,      5.00,      5.00,      5.00,0,0,0,2,2,2
H5,704,2018,551120,     10.00,      5.00,      5.00,      5.00,0,0,0,2,2,2
H5,704,2018,551130,      5.00,      5.00,      5.00,      5.00,0,0,0,1,1,1
H5,704,2018,551211,     12.00,     12.00,     12.00,     12.00,0,0,0,1,1,1
H5,704,2018,551219,     12.00,     12.00,     12.00,     12.00,0,0,0,1,1,1
H5,704,2018,551221,     12.00,     12.00,     12.00,     12.00,0,0,0,1,1,1
H5,704,2018,551229,     12.00,     12.00,     12.00,     12.00,0,0,0,1,1,1
H5,704,2018,551291,     12.00,     12.00,     12.00,     12.00,0,0,0,1,1,1
H5,704,2018,551299,     12.00,     12.00,     12.00,     12.00,0,0,0,1,1,1
H5,704,2018,551311,     12.00,     12.00,     12.00,     12.00,0,0,0,1,1,1
H5,704,2018,551312,     12.00,     12.00,     12.00,     12.00,0,0,0,1,1,1
H5,704,2018,551313,     12.00,     12.00,     12.00,     12.00,0,0,0,1,1,1
H5,704,2018,551319,     12.00,     12.00,     12.00,     12.00,0,0,0,1,1,1
H5,704,2018,551321,     12.00,     12.00,     12.00,     12.00,0,0,0,1,1,1
H5,704,2018,551323,     12.00,     12.00,     12.00,     12.00,0,0,0,1,1,1
H5,704,2018,551329,     12.00,     12.00,     12.00,     12.00,0,0,0,1,1,1
H5,704,2018,551331,     12.00,     12.00,     12.00,     12.00,0,0,0,1,1,1
H5,704,2018,551339,     12.00,     12.00,     12.00,     12.00,0,0,0,1,1,1
H5,704,2018,551341,     12.00,     12.00,     12.00,     12.00,0,0,0,1,1,1
H5,704,2018,551349,     12.00,     12.00,     12.00,     12.00,0,0,0,1,1,1
H5,704,2018,551411,     12.00,     12.00,     12.00,     12.00,0,0,0,1,1,1
H5,704,2018,551412,     12.00,     12.00,     12.00,     12.00,0,0,0,1,1,1
H5,704,2018,551419,     12.00,     12.00,     12.00,     12.00,0,0,0,1,1,1
H5,704,2018,551421,     12.00,     12.00,     12.00,     12.00,0,0,0,1,1,1
H5,704,2018,551422,     12.00,     12.00,     12.00,     12.00,0,0,0,1,1,1
H5,704,2018,551423,     12.00,     12.00,     12.00,     12.00,0,0,0,1,1,1
H5,704,2018,551429,     12.00,     12.00,     12.00,     12.00,0,0,0,1,1,1
H5,704,2018,551430,     12.00,     12.00,     12.00,     12.00,0,0,0,1,1,1
H5,704,2018,551441,     12.00,     12.00,     12.00,     12.00,0,0,0,1,1,1
H5,704,2018,551442,     12.00,     12.00,     12.00,     12.00,0,0,0,1,1,1
H5,704,2018,551443,     12.00,     12.00,     12.00,     12.00,0,0,0,1,1,1
H5,704,2018,551449,     12.00,     12.00,     12.00,     12.00,0,0,0,1,1,1
H5,704,2018,551511,     12.00,     12.00,     12.00,     12.00,0,0,0,1,1,1
H5,704,2018,551512,     12.00,     12.00,     12.00,     12.00,0,0,0,1,1,1
H5,704,2018,551513,     12.00,     12.00,     12.00,     12.00,0,0,0,1,1,1
H5,704,2018,551519,     12.00,     12.00,     12.00,     12.00,0,0,0,1,1,1
H5,704,2018,551521,     12.00,     12.00,     12.00,     12.00,0,0,0,1,1,1
H5,704,2018,551522,     12.00,     12.00,     12.00,     12.00,0,0,0,1,1,1
H5,704,2018,551529,     12.00,     12.00,     12.00,     12.00,0,0,0,1,1,1
H5,704,2018,551591,     12.00,     12.00,     12.00,     12.00,0,0,0,1,1,1
H5,704,2018,551599,     24.00,     12.00,     12.00,     12.00,0,0,0,2,2,2
H5,704,2018,551611,     12.00,     12.00,     12.00,     12.00,0,0,0,1,1,1
H5,704,2018,551612,     12.00,     12.00,     12.00,     12.00,0,0,0,1,1,1
H5,704,2018,551613,     12.00,     12.00,     12.00,     12.00,0,0,0,1,1,1
H5,704,2018,551614,     12.00,     12.00,     12.00,     12.00,0,0,0,1,1,1
H5,704,2018,551621,     12.00,     12.00,     12.00,     12.00,0,0,0,1,1,1
H5,704,2018,551622,     12.00,     12.00,     12.00,     12.00,0,0,0,1,1,1
H5,704,2018,551623,     12.00,     12.00,     12.00,     12.00,0,0,0,1,1,1
H5,704,2018,551624,     12.00,     12.00,     12.00,     12.00,0,0,0,1,1,1
H5,704,2018,551631,     12.00,     12.00,     12.00,     12.00,0,0,0,1,1,1
H5,704,2018,551632,     12.00,     12.00,     12.00,     12.00,0,0,0,1,1,1
H5,704,2018,551633,     12.00,     12.00,     12.00,     12.00,0,0,0,1,1,1
H5,704,2018,551634,     12.00,     12.00,     12.00,     12.00,0,0,0,1,1,1
H5,704,2018,551641,     12.00,     12.00,     12.00,     12.00,0,0,0,1,1,1
H5,704,2018,551642,     12.00,     12.00,     12.00,     12.00,0,0,0,1,1,1
H5,704,2018,551643,     12.00,     12.00,     12.00,     12.00,0,0,0,1,1,1
H5,704,2018,551644,     12.00,     12.00,     12.00,     12.00,0,0,0,1,1,1
H5,704,2018,551691,     12.00,     12.00,     12.00,     12.00,0,0,0,1,1,1
H5,704,2018,551692,     12.00,     12.00,     12.00,     12.00,0,0,0,1,1,1
H5,704,2018,551693,     12.00,     12.00,     12.00,     12.00,0,0,0,1,1,1
H5,704,2018,551694,     12.00,     12.00,     12.00,     12.00,0,0,0,1,1,1
H5,704,2018,560121,      5.00,      5.00,      5.00,      5.00,0,0,0,1,1,1
H5,704,2018,560122,     10.00,      5.00,      5.00,      5.00,0,0,0,2,2,2
H5,704,2018,560129,      5.00,      5.00,      5.00,      5.00,0,0,0,1,1,1
H5,704,2018,560130,     15.00,      5.00,      5.00,      5.00,0,0,0,3,3,3
H5,704,2018,560210,     12.00,     12.00,     12.00,     12.00,0,0,0,1,1,1
H5,704,2018,560221,     12.00,     12.00,     12.00,     12.00,0,0,0,1,1,1
H5,704,2018,560229,     12.00,     12.00,     12.00,     12.00,0,0,0,1,1,1
H5,704,2018,560290,     12.00,     12.00,     12.00,     12.00,0,0,0,1,1,1
H5,704,2018,560311,     12.00,     12.00,     12.00,     12.00,0,0,0,1,1,1
H5,704,2018,560312,     12.00,     12.00,     12.00,     12.00,0,0,0,1,1,1
H5,704,2018,560313,     12.00,     12.00,     12.00,     12.00,0,0,0,1,1,1
H5,704,2018,560314,     12.00,     12.00,     12.00,     12.00,0,0,0,1,1,1
H5,704,2018,560391,     12.00,     12.00,     12.00,     12.00,0,0,0,1,1,1
H5,704,2018,560392,     12.00,     12.00,     12.00,     12.00,0,0,0,1,1,1
H5,704,2018,560393,     12.00,     12.00,     12.00,     12.00,0,0,0,1,1,1
H5,704,2018,560394,     12.00,     12.00,     12.00,     12.00,0,0,0,1,1,1
H5,704,2018,560410,      5.00,      5.00,      5.00,      5.00,0,0,0,1,1,1
H5,704,2018,560490,     20.00,      5.00,      5.00,      5.00,0,0,0,4,4,4
H5,704,2018,560500,      5.00,      5.00,      5.00,      5.00,0,0,0,1,1,1
H5,704,2018,560600,     12.00,     12.00,     12.00,     12.00,0,0,0,1,1,1
H5,704,2018,560721,     12.00,     12.00,     12.00,     12.00,0,0,0,1,1,1
H5,704,2018,560729,     12.00,     12.00,     12.00,     12.00,0,0,0,1,1,1
H5,704,2018,560741,     12.00,     12.00,     12.00,     12.00,0,0,0,1,1,1
H5,704,2018,560749,     12.00,     12.00,     12.00,     12.00,0,0,0,1,1,1
H5,704,2018,560750,     24.00,     12.00,     12.00,     12.00,0,0,0,2,2,2
H5,704,2018,560790,     60.00,     12.00,     12.00,     12.00,0,0,0,5,5,5
H5,704,2018,560811,     12.00,     12.00,     12.00,     12.00,0,0,0,1,1,1
H5,704,2018,560819,     22.00,     10.00,     12.00,     11.00,0,0,0,2,2,2
H5,704,2018,560890,     22.00,     10.00,     12.00,     11.00,0,0,0,2,2,2
H5,704,2018,560900,     12.00,     12.00,     12.00,     12.00,0,0,0,1,1,1
H5,704,2018,570110,     24.00,     12.00,     12.00,     12.00,0,0,0,2,2,2
H5,704,2018,570190,     60.00,     12.00,     12.00,     12.00,0,0,0,5,5,5
H5,704,2018,570210,     12.00,     12.00,     12.00,     12.00,0,0,0,1,1,1
H5,704,2018,570220,     12.00,     12.00,     12.00,     12.00,0,0,0,1,1,1
H5,704,2018,570231,     12.00,     12.00,     12.00,     12.00,0,0,0,1,1,1
H5,704,2018,570232,     12.00,     12.00,     12.00,     12.00,0,0,0,1,1,1
H5,704,2018,570239,     36.00,     12.00,     12.00,     12.00,0,0,0,3,3,3
H5,704,2018,570241,     24.00,     12.00,     12.00,     12.00,0,0,0,2,2,2
H5,704,2018,570242,     24.00,     12.00,     12.00,     12.00,0,0,0,2,2,2
H5,704,2018,570249,     60.00,     12.00,     12.00,     12.00,0,0,0,5,5,5
H5,704,2018,570250,     36.00,     12.00,     12.00,     12.00,0,0,0,3,3,3
H5,704,2018,570291,     24.00,     12.00,     12.00,     12.00,0,0,0,2,2,2
H5,704,2018,570292,     24.00,     12.00,     12.00,     12.00,0,0,0,2,2,2
H5,704,2018,570299,     48.00,     12.00,     12.00,     12.00,0,0,0,4,4,4
H5,704,2018,570310,     48.00,     12.00,     12.00,     12.00,0,0,0,4,4,4
H5,704,2018,570320,     24.00,     12.00,     12.00,     12.00,0,0,0,2,2,2
H5,704,2018,570330,     24.00,     12.00,     12.00,     12.00,0,0,0,2,2,2
H5,704,2018,570390,    108.00,     12.00,     12.00,     12.00,0,0,0,9,9,9
H5,704,2018,570410,     12.00,     12.00,     12.00,     12.00,0,0,0,1,1,1
H5,704,2018,570420,     12.00,     12.00,     12.00,     12.00,0,0,0,1,1,1
H5,704,2018,570490,     12.00,     12.00,     12.00,     12.00,0,0,0,1,1,1
H5,704,2018,570500,     84.00,     12.00,     12.00,     12.00,0,0,0,7,7,7
H5,704,2018,580110,     24.00,     12.00,     12.00,     12.00,0,0,0,2,2,2
H5,704,2018,580121,     24.00,     12.00,     12.00,     12.00,0,0,0,2,2,2
H5,704,2018,580122,     24.00,     12.00,     12.00,     12.00,0,0,0,2,2,2
H5,704,2018,580123,     24.00,     12.00,     12.00,     12.00,0,0,0,2,2,2
H5,704,2018,580126,     24.00,     12.00,     12.00,     12.00,0,0,0,2,2,2
H5,704,2018,580127,     24.00,     12.00,     12.00,     12.00,0,0,0,2,2,2
H5,704,2018,580131,     24.00,     12.00,     12.00,     12.00,0,0,0,2,2,2
H5,704,2018,580132,     24.00,     12.00,     12.00,     12.00,0,0,0,2,2,2
H5,704,2018,580133,     24.00,     12.00,     12.00,     12.00,0,0,0,2,2,2
H5,704,2018,580136,     24.00,     12.00,     12.00,     12.00,0,0,0,2,2,2
H5,704,2018,580137,     24.00,     12.00,     12.00,     12.00,0,0,0,2,2,2
H5,704,2018,580190,     48.00,     12.00,     12.00,     12.00,0,0,0,4,4,4
H5,704,2018,580211,     12.00,     12.00,     12.00,     12.00,0,0,0,1,1,1
H5,704,2018,580219,     12.00,     12.00,     12.00,     12.00,0,0,0,1,1,1
H5,704,2018,580220,     24.00,     12.00,     12.00,     12.00,0,0,0,2,2,2
H5,704,2018,580230,     48.00,     12.00,     12.00,     12.00,0,0,0,4,4,4
H5,704,2018,580300,     48.00,     12.00,     12.00,     12.00,0,0,0,4,4,4
H5,704,2018,580410,     72.00,     12.00,     12.00,     12.00,0,0,0,6,6,6
H5,704,2018,580421,     24.00,     12.00,     12.00,     12.00,0,0,0,2,2,2
H5,704,2018,580429,     24.00,     12.00,     12.00,     12.00,0,0,0,2,2,2
H5,704,2018,580430,     12.00,     12.00,     12.00,     12.00,0,0,0,1,1,1
H5,704,2018,580500,     24.00,     12.00,     12.00,     12.00,0,0,0,2,2,2
H5,704,2018,580610,     36.00,     12.00,     12.00,     12.00,0,0,0,3,3,3
H5,704,2018,580620,     24.00,     12.00,     12.00,     12.00,0,0,0,2,2,2
H5,704,2018,580631,     48.00,     12.00,     12.00,     12.00,0,0,0,4,4,4
H5,704,2018,580632,     48.00,     12.00,     12.00,     12.00,0,0,0,4,4,4
H5,704,2018,580639,     60.00,     12.00,     12.00,     12.00,0,0,0,5,5,5
H5,704,2018,580640,     12.00,     12.00,     12.00,     12.00,0,0,0,1,1,1
H5,704,2018,580710,     12.00,     12.00,     12.00,     12.00,0,0,0,1,1,1
H5,704,2018,580790,     24.00,     12.00,     12.00,     12.00,0,0,0,2,2,2
H5,704,2018,580810,     24.00,     12.00,     12.00,     12.00,0,0,0,2,2,2
H5,704,2018,580890,     24.00,     12.00,     12.00,     12.00,0,0,0,2,2,2
H5,704,2018,580900,     12.00,     12.00,     12.00,     12.00,0,0,0,1,1,1
H5,704,2018,581010,     12.00,     12.00,     12.00,     12.00,0,0,0,1,1,1
H5,704,2018,581091,     12.00,     12.00,     12.00,     12.00,0,0,0,1,1,1
H5,704,2018,581092,     12.00,     12.00,     12.00,     12.00,0,0,0,1,1,1
H5,704,2018,581099,     12.00,     12.00,     12.00,     12.00,0,0,0,1,1,1
H5,704,2018,581100,     24.00,     12.00,     12.00,     12.00,0,0,0,2,2,2
H5,704,2018,590110,     12.00,     12.00,     12.00,     12.00,0,0,0,1,1,1
H5,704,2018,590190,     36.00,     12.00,     12.00,     12.00,0,0,0,3,3,3
H5,704,2018,590210,     23.00,      3.00,     10.00,      5.75,0,0,0,4,4,4
H5,704,2018,590220,      8.00,      0.00,      5.00,      2.67,0,1,0,2,3,3
H5,704,2018,590290,      0.00,      0.00,      0.00,      0.00,0,2,0,0,2,2
H5,704,2018,590310,     24.00,     12.00,     12.00,     12.00,0,0,0,2,2,2
H5,704,2018,590320,     12.00,     12.00,     12.00,     12.00,0,0,0,1,1,1
H5,704,2018,590390,     24.00,     12.00,     12.00,     12.00,0,0,0,2,2,2
H5,704,2018,590410,     12.00,     12.00,     12.00,     12.00,0,0,0,1,1,1
H5,704,2018,590490,     12.00,     12.00,     12.00,     12.00,0,0,0,1,1,1
H5,704,2018,590500,     24.00,     12.00,     12.00,     12.00,0,0,0,2,2,2
H5,704,2018,590610,     12.00,     12.00,     12.00,     12.00,0,0,0,1,1,1
H5,704,2018,590691,     10.00,     10.00,     10.00,     10.00,0,0,0,1,1,1
H5,704,2018,590699,     10.00,      5.00,      5.00,      5.00,0,0,0,2,2,2
H5,704,2018,590700,     61.00,      5.00,     12.00,     10.17,0,0,0,6,6,6
H5,704,2018,590800,     24.00,     12.00,     12.00,     12.00,0,0,0,2,2,2
H5,704,2018,590900,      0.00,      0.00,      0.00,      0.00,0,2,0,0,2,2
H5,704,2018,591000,      6.00,      6.00,      6.00,      6.00,0,0,0,1,1,1
H5,704,2018,591110,      0.00,      0.00,      0.00,      0.00,0,1,0,0,1,1
H5,704,2018,591120,      0.00,      0.00,      0.00,      0.00,0,1,0,0,1,1
H5,704,2018,591131,      0.00,      0.00,      0.00,      0.00,0,1,0,0,1,1
H5,704,2018,591132,      0.00,      0.00,      0.00,      0.00,0,1,0,0,1,1
H5,704,2018,591140,      0.00,      0.00,      0.00,      0.00,0,1,0,0,1,1
H5,704,2018,591190,      0.00,      0.00,      0.00,      0.00,0,2,0,0,2,2
H5,704,2018,600110,     12.00,     12.00,     12.00,     12.00,0,0,0,1,1,1
H5,704,2018,600121,     12.00,     12.00,     12.00,     12.00,0,0,0,1,1,1
H5,704,2018,600122,     12.00,     12.00,     12.00,     12.00,0,0,0,1,1,1
H5,704,2018,600129,     12.00,     12.00,     12.00,     12.00,0,0,0,1,1,1
H5,704,2018,600191,     12.00,     12.00,     12.00,     12.00,0,0,0,1,1,1
H5,704,2018,600192,     36.00,     12.00,     12.00,     12.00,0,0,0,3,3,3
H5,704,2018,600199,     36.00,     12.00,     12.00,     12.00,0,0,0,3,3,3
H5,704,2018,600240,     12.00,     12.00,     12.00,     12.00,0,0,0,1,1,1
H5,704,2018,600290,     12.00,     12.00,     12.00,     12.00,0,0,0,1,1,1
H5,704,2018,600310,     12.00,     12.00,     12.00,     12.00,0,0,0,1,1,1
H5,704,2018,600320,     12.00,     12.00,     12.00,     12.00,0,0,0,1,1,1
H5,704,2018,600330,     12.00,     12.00,     12.00,     12.00,0,0,0,1,1,1
H5,704,2018,600340,     12.00,     12.00,     12.00,     12.00,0,0,0,1,1,1
H5,704,2018,600390,     12.00,     12.00,     12.00,     12.00,0,0,0,1,1,1
H5,704,2018,600410,     24.00,     12.00,     12.00,     12.00,0,0,0,2,2,2
H5,704,2018,600490,     12.00,     12.00,     12.00,     12.00,0,0,0,1,1,1
H5,704,2018,600521,     12.00,     12.00,     12.00,     12.00,0,0,0,1,1,1
H5,704,2018,600522,     12.00,     12.00,     12.00,     12.00,0,0,0,1,1,1
H5,704,2018,600523,     12.00,     12.00,     12.00,     12.00,0,0,0,1,1,1
H5,704,2018,600524,     12.00,     12.00,     12.00,     12.00,0,0,0,1,1,1
H5,704,2018,600535,     12.00,     12.00,     12.00,     12.00,0,0,0,1,1,1
H5,704,2018,600536,     24.00,     12.00,     12.00,     12.00,0,0,0,2,2,2
H5,704,2018,600537,     24.00,     12.00,     12.00,     12.00,0,0,0,2,2,2
H5,704,2018,600538,     24.00,     12.00,     12.00,     12.00,0,0,0,2,2,2
H5,704,2018,600539,     24.00,     12.00,     12.00,     12.00,0,0,0,2,2,2
H5,704,2018,600541,     12.00,     12.00,     12.00,     12.00,0,0,0,1,1,1
H5,704,2018,600542,     12.00,     12.00,     12.00,     12.00,0,0,0,1,1,1
H5,704,2018,600543,     12.00,     12.00,     12.00,     12.00,0,0,0,1,1,1
H5,704,2018,600544,     12.00,     12.00,     12.00,     12.00,0,0,0,1,1,1
H5,704,2018,600590,     24.00,     12.00,     12.00,     12.00,0,0,0,2,2,2
H5,704,2018,600610,     12.00,     12.00,     12.00,     12.00,0,0,0,1,1,1
H5,704,2018,600621,     12.00,     12.00,     12.00,     12.00,0,0,0,1,1,1
H5,704,2018,600622,     12.00,     12.00,     12.00,     12.00,0,0,0,1,1,1
H5,704,2018,600623,     12.00,     12.00,     12.00,     12.00,0,0,0,1,1,1
H5,704,2018,600624,     12.00,     12.00,     12.00,     12.00,0,0,0,1,1,1
H5,704,2018,600631,     36.00,     12.00,     12.00,     12.00,0,0,0,3,3,3
H5,704,2018,600632,     36.00,     12.00,     12.00,     12.00,0,0,0,3,3,3
H5,704,2018,600633,     24.00,     12.00,     12.00,     12.00,0,0,0,2,2,2
H5,704,2018,600634,     24.00,     12.00,     12.00,     12.00,0,0,0,2,2,2
H5,704,2018,600641,     24.00,     12.00,     12.00,     12.00,0,0,0,2,2,2
H5,704,2018,600642,     24.00,     12.00,     12.00,     12.00,0,0,0,2,2,2
H5,704,2018,600643,     24.00,     12.00,     12.00,     12.00,0,0,0,2,2,2
H5,704,2018,600644,     24.00,     12.00,     12.00,     12.00,0,0,0,2,2,2
H5,704,2018,600690,     12.00,     12.00,     12.00,     12.00,0,0,0,1,1,1
H5,704,2018,610120,     20.00,     20.00,     20.00,     20.00,0,0,0,1,1,1
H5,704,2018,610130,     20.00,     20.00,     20.00,     20.00,0,0,0,1,1,1
H5,704,2018,610190,     20.00,     20.00,     20.00,     20.00,0,0,0,1,1,1
H5,704,2018,610210,     20.00,     20.00,     20.00,     20.00,0,0,0,1,1,1
H5,704,2018,610220,     20.00,     20.00,     20.00,     20.00,0,0,0,1,1,1
H5,704,2018,610230,     20.00,     20.00,     20.00,     20.00,0,0,0,1,1,1
H5,704,2018,610290,     20.00,     20.00,     20.00,     20.00,0,0,0,1,1,1
H5,704,2018,610310,     20.00,     20.00,     20.00,     20.00,0,0,0,1,1,1
H5,704,2018,610322,     20.00,     20.00,     20.00,     20.00,0,0,0,1,1,1
H5,704,2018,610323,     20.00,     20.00,     20.00,     20.00,0,0,0,1,1,1
H5,704,2018,610329,     20.00,     20.00,     20.00,     20.00,0,0,0,1,1,1
H5,704,2018,610331,     20.00,     20.00,     20.00,     20.00,0,0,0,1,1,1
H5,704,2018,610332,     20.00,     20.00,     20.00,     20.00,0,0,0,1,1,1
H5,704,2018,610333,     20.00,     20.00,     20.00,     20.00,0,0,0,1,1,1
H5,704,2018,610339,     40.00,     20.00,     20.00,     20.00,0,0,0,2,2,2
H5,704,2018,610341,     20.00,     20.00,     20.00,     20.00,0,0,0,1,1,1
H5,704,2018,610342,     20.00,     20.00,     20.00,     20.00,0,0,0,1,1,1
H5,704,2018,610343,     20.00,     20.00,     20.00,     20.00,0,0,0,1,1,1
H5,704,2018,610349,     20.00,     20.00,     20.00,     20.00,0,0,0,1,1,1
H5,704,2018,610413,     20.00,     20.00,     20.00,     20.00,0,0,0,1,1,1
H5,704,2018,610419,     40.00,     20.00,     20.00,     20.00,0,0,0,2,2,2
H5,704,2018,610422,     20.00,     20.00,     20.00,     20.00,0,0,0,1,1,1
H5,704,2018,610423,     20.00,     20.00,     20.00,     20.00,0,0,0,1,1,1
H5,704,2018,610429,     20.00,     20.00,     20.00,     20.00,0,0,0,1,1,1
H5,704,2018,610431,     20.00,     20.00,     20.00,     20.00,0,0,0,1,1,1
H5,704,2018,610432,     20.00,     20.00,     20.00,     20.00,0,0,0,1,1,1
H5,704,2018,610433,     20.00,     20.00,     20.00,     20.00,0,0,0,1,1,1
H5,704,2018,610439,     20.00,     20.00,     20.00,     20.00,0,0,0,1,1,1
H5,704,2018,610441,     20.00,     20.00,     20.00,     20.00,0,0,0,1,1,1
H5,704,2018,610442,     20.00,     20.00,     20.00,     20.00,0,0,0,1,1,1
H5,704,2018,610443,     20.00,     20.00,     20.00,     20.00,0,0,0,1,1,1
H5,704,2018,610444,     20.00,     20.00,     20.00,     20.00,0,0,0,1,1,1
H5,704,2018,610449,     20.00,     20.00,     20.00,     20.00,0,0,0,1,1,1
H5,704,2018,610451,     20.00,     20.00,     20.00,     20.00,0,0,0,1,1,1
H5,704,2018,610452,     20.00,     20.00,     20.00,     20.00,0,0,0,1,1,1
H5,704,2018,610453,     20.00,     20.00,     20.00,     20.00,0,0,0,1,1,1
H5,704,2018,610459,     20.00,     20.00,     20.00,     20.00,0,0,0,1,1,1
H5,704,2018,610461,     20.00,     20.00,     20.00,     20.00,0,0,0,1,1,1
H5,704,2018,610462,     20.00,     20.00,     20.00,     20.00,0,0,0,1,1,1
H5,704,2018,610463,     20.00,     20.00,     20.00,     20.00,0,0,0,1,1,1
H5,704,2018,610469,     20.00,     20.00,     20.00,     20.00,0,0,0,1,1,1
H5,704,2018,610510,     20.00,     20.00,     20.00,     20.00,0,0,0,1,1,1
H5,704,2018,610520,     40.00,     20.00,     20.00,     20.00,0,0,0,2,2,2
H5,704,2018,610590,     20.00,     20.00,     20.00,     20.00,0,0,0,1,1,1
H5,704,2018,610610,     20.00,     20.00,     20.00,     20.00,0,0,0,1,1,1
H5,704,2018,610620,     20.00,     20.00,     20.00,     20.00,0,0,0,1,1,1
H5,704,2018,610690,     20.00,     20.00,     20.00,     20.00,0,0,0,1,1,1
H5,704,2018,610711,     20.00,     20.00,     20.00,     20.00,0,0,0,1,1,1
H5,704,2018,610712,     20.00,     20.00,     20.00,     20.00,0,0,0,1,1,1
H5,704,2018,610719,     20.00,     20.00,     20.00,     20.00,0,0,0,1,1,1
H5,704,2018,610721,     20.00,     20.00,     20.00,     20.00,0,0,0,1,1,1
H5,704,2018,610722,     20.00,     20.00,     20.00,     20.00,0,0,0,1,1,1
H5,704,2018,610729,     20.00,     20.00,     20.00,     20.00,0,0,0,1,1,1
H5,704,2018,610791,     20.00,     20.00,     20.00,     20.00,0,0,0,1,1,1
H5,704,2018,610799,     20.00,     20.00,     20.00,     20.00,0,0,0,1,1,1
H5,704,2018,610811,     20.00,     20.00,     20.00,     20.00,0,0,0,1,1,1
H5,704,2018,610819,     80.00,     20.00,     20.00,     20.00,0,0,0,4,4,4
H5,704,2018,610821,     20.00,     20.00,     20.00,     20.00,0,0,0,1,1,1
H5,704,2018,610822,     20.00,     20.00,     20.00,     20.00,0,0,0,1,1,1
H5,704,2018,610829,     20.00,     20.00,     20.00,     20.00,0,0,0,1,1,1
H5,704,2018,610831,     20.00,     20.00,     20.00,     20.00,0,0,0,1,1,1
H5,704,2018,610832,     20.00,     20.00,     20.00,     20.00,0,0,0,1,1,1
H5,704,2018,610839,     20.00,     20.00,     20.00,     20.00,0,0,0,1,1,1
H5,704,2018,610891,     20.00,     20.00,     20.00,     20.00,0,0,0,1,1,1
H5,704,2018,610892,     20.00,     20.00,     20.00,     20.00,0,0,0,1,1,1
H5,704,2018,610899,     20.00,     20.00,     20.00,     20.00,0,0,0,1,1,1
H5,704,2018,610910,     40.00,     20.00,     20.00,     20.00,0,0,0,2,2,2
H5,704,2018,610990,     60.00,     20.00,     20.00,     20.00,0,0,0,3,3,3
H5,704,2018,611011,     20.00,     20.00,     20.00,     20.00,0,0,0,1,1,1
H5,704,2018,611012,     20.00,     20.00,     20.00,     20.00,0,0,0,1,1,1
H5,704,2018,611019,     20.00,     20.00,     20.00,     20.00,0,0,0,1,1,1
H5,704,2018,611020,     20.00,     20.00,     20.00,     20.00,0,0,0,1,1,1
H5,704,2018,611030,     20.00,     20.00,     20.00,     20.00,0,0,0,1,1,1
H5,704,2018,611090,     20.00,     20.00,     20.00,     20.00,0,0,0,1,1,1
H5,704,2018,611120,     20.00,     20.00,     20.00,     20.00,0,0,0,1,1,1
H5,704,2018,611130,     20.00,     20.00,     20.00,     20.00,0,0,0,1,1,1
H5,704,2018,611190,     40.00,     20.00,     20.00,     20.00,0,0,0,2,2,2
H5,704,2018,611211,     20.00,     20.00,     20.00,     20.00,0,0,0,1,1,1
H5,704,2018,611212,     20.00,     20.00,     20.00,     20.00,0,0,0,1,1,1
H5,704,2018,611219,     20.00,     20.00,     20.00,     20.00,0,0,0,1,1,1
H5,704,2018,611220,     20.00,     20.00,     20.00,     20.00,0,0,0,1,1,1
H5,704,2018,611231,     20.00,     20.00,     20.00,     20.00,0,0,0,1,1,1
H5,704,2018,611239,     20.00,     20.00,     20.00,     20.00,0,0,0,1,1,1
H5,704,2018,611241,     40.00,     20.00,     20.00,     20.00,0,0,0,2,2,2
H5,704,2018,611249,     40.00,     20.00,     20.00,     20.00,0,0,0,2,2,2
H5,704,2018,611300,     65.00,      5.00,     20.00,     16.25,0,0,0,4,4,4
H5,704,2018,611420,     20.00,     20.00,     20.00,     20.00,0,0,0,1,1,1
H5,704,2018,611430,     25.00,      5.00,     20.00,     12.50,0,0,0,2,2,2
H5,704,2018,611490,     40.00,     20.00,     20.00,     20.00,0,0,0,2,2,2
H5,704,2018,611510,     40.00,     20.00,     20.00,     20.00,0,0,0,2,2,2
H5,704,2018,611521,     20.00,     20.00,     20.00,     20.00,0,0,0,1,1,1
H5,704,2018,611522,     20.00,     20.00,     20.00,     20.00,0,0,0,1,1,1
H5,704,2018,611529,     40.00,     20.00,     20.00,     20.00,0,0,0,2,2,2
H5,704,2018,611530,     40.00,     20.00,     20.00,     20.00,0,0,0,2,2,2
H5,704,2018,611594,     20.00,     20.00,     20.00,     20.00,0,0,0,1,1,1
H5,704,2018,611595,     20.00,     20.00,     20.00,     20.00,0,0,0,1,1,1
H5,704,2018,611596,     20.00,     20.00,     20.00,     20.00,0,0,0,1,1,1
H5,704,2018,611599,     20.00,     20.00,     20.00,     20.00,0,0,0,1,1,1
H5,704,2018,611610,     40.00,     20.00,     20.00,     20.00,0,0,0,2,2,2
H5,704,2018,611691,     20.00,     20.00,     20.00,     20.00,0,0,0,1,1,1
H5,704,2018,611692,     20.00,     20.00,     20.00,     20.00,0,0,0,1,1,1
H5,704,2018,611693,     20.00,     20.00,     20.00,     20.00,0,0,0,1,1,1
H5,704,2018,611699,     20.00,     20.00,     20.00,     20.00,0,0,0,1,1,1
H5,704,2018,611710,     40.00,     20.00,     20.00,     20.00,0,0,0,2,2,2
H5,704,2018,611780,     80.00,     20.00,     20.00,     20.00,0,0,0,4,4,4
H5,704,2018,611790,     20.00,     20.00,     20.00,     20.00,0,0,0,1,1,1
H5,704,2018,620111,     20.00,     20.00,     20.00,     20.00,0,0,0,1,1,1
H5,704,2018,620112,     20.00,     20.00,     20.00,     20.00,0,0,0,1,1,1
H5,704,2018,620113,     20.00,     20.00,     20.00,     20.00,0,0,0,1,1,1
H5,704,2018,620119,     60.00,     20.00,     20.00,     20.00,0,0,0,3,3,3
H5,704,2018,620191,     20.00,     20.00,     20.00,     20.00,0,0,0,1,1,1
H5,704,2018,620192,     20.00,     20.00,     20.00,     20.00,0,0,0,1,1,1
H5,704,2018,620193,     20.00,     20.00,     20.00,     20.00,0,0,0,1,1,1
H5,704,2018,620199,     60.00,     20.00,     20.00,     20.00,0,0,0,3,3,3
H5,704,2018,620211,     20.00,     20.00,     20.00,     20.00,0,0,0,1,1,1
H5,704,2018,620212,     20.00,     20.00,     20.00,     20.00,0,0,0,1,1,1
H5,704,2018,620213,     20.00,     20.00,     20.00,     20.00,0,0,0,1,1,1
H5,704,2018,620219,     60.00,     20.00,     20.00,     20.00,0,0,0,3,3,3
H5,704,2018,620291,     20.00,     20.00,     20.00,     20.00,0,0,0,1,1,1
H5,704,2018,620292,     20.00,     20.00,     20.00,     20.00,0,0,0,1,1,1
H5,704,2018,620293,     20.00,     20.00,     20.00,     20.00,0,0,0,1,1,1
H5,704,2018,620299,     60.00,     20.00,     20.00,     20.00,0,0,0,3,3,3
H5,704,2018,620311,     20.00,     20.00,     20.00,     20.00,0,0,0,1,1,1
H5,704,2018,620312,     20.00,     20.00,     20.00,     20.00,0,0,0,1,1,1
H5,704,2018,620319,    100.00,     20.00,     20.00,     20.00,0,0,0,5,5,5
H5,704,2018,620322,     40.00,     20.00,     20.00,     20.00,0,0,0,2,2,2
H5,704,2018,620323,     20.00,     20.00,     20.00,     20.00,0,0,0,1,1,1
H5,704,2018,620329,     40.00,     20.00,     20.00,     20.00,0,0,0,2,2,2
H5,704,2018,620331,     20.00,     20.00,     20.00,     20.00,0,0,0,1,1,1
H5,704,2018,620332,     40.00,     20.00,     20.00,     20.00,0,0,0,2,2,2
H5,704,2018,620333,     20.00,     20.00,     20.00,     20.00,0,0,0,1,1,1
H5,704,2018,620339,     20.00,     20.00,     20.00,     20.00,0,0,0,1,1,1
H5,704,2018,620341,     20.00,     20.00,     20.00,     20.00,0,0,0,1,1,1
H5,704,2018,620342,     40.00,     20.00,     20.00,     20.00,0,0,0,2,2,2
H5,704,2018,620343,     20.00,     20.00,     20.00,     20.00,0,0,0,1,1,1
H5,704,2018,620349,     40.00,     20.00,     20.00,     20.00,0,0,0,2,2,2
H5,704,2018,620411,     20.00,     20.00,     20.00,     20.00,0,0,0,1,1,1
H5,704,2018,620412,     40.00,     20.00,     20.00,     20.00,0,0,0,2,2,2
H5,704,2018,620413,     20.00,     20.00,     20.00,     20.00,0,0,0,1,1,1
H5,704,2018,620419,     60.00,     20.00,     20.00,     20.00,0,0,0,3,3,3
H5,704,2018,620421,     20.00,     20.00,     20.00,     20.00,0,0,0,1,1,1
H5,704,2018,620422,     40.00,     20.00,     20.00,     20.00,0,0,0,2,2,2
H5,704,2018,620423,     20.00,     20.00,     20.00,     20.00,0,0,0,1,1,1
H5,704,2018,620429,     40.00,     20.00,     20.00,     20.00,0,0,0,2,2,2
H5,704,2018,620431,     20.00,     20.00,     20.00,     20.00,0,0,0,1,1,1
H5,704,2018,620432,     40.00,     20.00,     20.00,     20.00,0,0,0,2,2,2
H5,704,2018,620433,     20.00,     20.00,     20.00,     20.00,0,0,0,1,1,1
H5,704,2018,620439,     60.00,     20.00,     20.00,     20.00,0,0,0,3,3,3
H5,704,2018,620441,     20.00,     20.00,     20.00,     20.00,0,0,0,1,1,1
H5,704,2018,620442,     40.00,     20.00,     20.00,     20.00,0,0,0,2,2,2
H5,704,2018,620443,     20.00,     20.00,     20.00,     20.00,0,0,0,1,1,1
H5,704,2018,620444,     20.00,     20.00,     20.00,     20.00,0,0,0,1,1,1
H5,704,2018,620449,     40.00,     20.00,     20.00,     20.00,0,0,0,2,2,2
H5,704,2018,620451,     20.00,     20.00,     20.00,     20.00,0,0,0,1,1,1
H5,704,2018,620452,     40.00,     20.00,     20.00,     20.00,0,0,0,2,2,2
H5,704,2018,620453,     20.00,     20.00,     20.00,     20.00,0,0,0,1,1,1
H5,704,2018,620459,     40.00,     20.00,     20.00,     20.00,0,0,0,2,2,2
H5,704,2018,620461,     20.00,     20.00,     20.00,     20.00,0,0,0,1,1,1
H5,704,2018,620462,     20.00,     20.00,     20.00,     20.00,0,0,0,1,1,1
H5,704,2018,620463,     20.00,     20.00,     20.00,     20.00,0,0,0,1,1,1
H5,704,2018,620469,     20.00,     20.00,     20.00,     20.00,0,0,0,1,1,1
H5,704,2018,620520,     60.00,     20.00,     20.00,     20.00,0,0,0,3,3,3
H5,704,2018,620530,     40.00,     20.00,     20.00,     20.00,0,0,0,2,2,2
H5,704,2018,620590,     80.00,     20.00,     20.00,     20.00,0,0,0,4,4,4
H5,704,2018,620610,     40.00,     20.00,     20.00,     20.00,0,0,0,2,2,2
H5,704,2018,620620,     20.00,     20.00,     20.00,     20.00,0,0,0,1,1,1
H5,704,2018,620630,     40.00,     20.00,     20.00,     20.00,0,0,0,2,2,2
H5,704,2018,620640,     20.00,     20.00,     20.00,     20.00,0,0,0,1,1,1
H5,704,2018,620690,     20.00,     20.00,     20.00,     20.00,0,0,0,1,1,1
H5,704,2018,620711,     20.00,     20.00,     20.00,     20.00,0,0,0,1,1,1
H5,704,2018,620719,     20.00,     20.00,     20.00,     20.00,0,0,0,1,1,1
H5,704,2018,620721,     40.00,     20.00,     20.00,     20.00,0,0,0,2,2,2
H5,704,2018,620722,     20.00,     20.00,     20.00,     20.00,0,0,0,1,1,1
H5,704,2018,620729,     40.00,     20.00,     20.00,     20.00,0,0,0,2,2,2
H5,704,2018,620791,     20.00,     20.00,     20.00,     20.00,0,0,0,1,1,1
H5,704,2018,620799,     40.00,     20.00,     20.00,     20.00,0,0,0,2,2,2
H5,704,2018,620811,     20.00,     20.00,     20.00,     20.00,0,0,0,1,1,1
H5,704,2018,620819,     20.00,     20.00,     20.00,     20.00,0,0,0,1,1,1
H5,704,2018,620821,     40.00,     20.00,     20.00,     20.00,0,0,0,2,2,2
H5,704,2018,620822,     20.00,     20.00,     20.00,     20.00,0,0,0,1,1,1
H5,704,2018,620829,     40.00,     20.00,     20.00,     20.00,0,0,0,2,2,2
H5,704,2018,620891,     40.00,     20.00,     20.00,     20.00,0,0,0,2,2,2
H5,704,2018,620892,     40.00,     20.00,     20.00,     20.00,0,0,0,2,2,2
H5,704,2018,620899,     40.00,     20.00,     20.00,     20.00,0,0,0,2,2,2
H5,704,2018,620920,     60.00,     20.00,     20.00,     20.00,0,0,0,3,3,3
H5,704,2018,620930,     80.00,     20.00,     20.00,     20.00,0,0,0,4,4,4
H5,704,2018,620990,     20.00,     20.00,     20.00,     20.00,0,0,0,1,1,1
H5,704,2018,621010,     60.00,     20.00,     20.00,     20.00,0,0,0,3,3,3
H5,704,2018,621020,     65.00,      5.00,     20.00,     16.25,0,0,0,4,4,4
H5,704,2018,621030,     65.00,      5.00,     20.00,     16.25,0,0,0,4,4,4
H5,704,2018,621040,     45.00,      5.00,     20.00,     15.00,0,0,0,3,3,3
H5,704,2018,621050,     45.00,      5.00,     20.00,     15.00,0,0,0,3,3,3
H5,704,2018,621111,     20.00,     20.00,     20.00,     20.00,0,0,0,1,1,1
H5,704,2018,621112,     20.00,     20.00,     20.00,     20.00,0,0,0,1,1,1
H5,704,2018,621120,     20.00,     20.00,     20.00,     20.00,0,0,0,1,1,1
H5,704,2018,621132,     60.00,     20.00,     20.00,     20.00,0,0,0,3,3,3
H5,704,2018,621133,     65.00,      5.00,     20.00,     16.25,0,0,0,4,4,4
H5,704,2018,621139,     65.00,      5.00,     20.00,     16.25,0,0,0,4,4,4
H5,704,2018,621142,     60.00,     20.00,     20.00,     20.00,0,0,0,3,3,3
H5,704,2018,621143,    140.00,     20.00,     20.00,     20.00,0,0,0,7,7,7
H5,704,2018,621149,    120.00,     20.00,     20.00,     20.00,0,0,0,6,6,6
H5,704,2018,621210,     80.00,     20.00,     20.00,     20.00,0,0,0,4,4,4
H5,704,2018,621220,     40.00,     20.00,     20.00,     20.00,0,0,0,2,2,2
H5,704,2018,621230,     40.00,     20.00,     20.00,     20.00,0,0,0,2,2,2
H5,704,2018,621290,    120.00,     20.00,     20.00,     20.00,0,0,0,6,6,6
H5,704,2018,621320,     40.00,     20.00,     20.00,     20.00,0,0,0,2,2,2
H5,704,2018,621390,     80.00,     20.00,     20.00,     20.00,0,0,0,4,4,4
H5,704,2018,621410,     40.00,     20.00,     20.00,     20.00,0,0,0,2,2,2
H5,704,2018,621420,     10.00,     10.00,     10.00,     10.00,0,0,0,1,1,1
H5,704,2018,621430,     40.00,     20.00,     20.00,     20.00,0,0,0,2,2,2
H5,704,2018,621440,     40.00,     20.00,     20.00,     20.00,0,0,0,2,2,2
H5,704,2018,621490,     40.00,     20.00,     20.00,     20.00,0,0,0,2,2,2
H5,704,2018,621510,     40.00,     20.00,     20.00,     20.00,0,0,0,2,2,2
H5,704,2018,621520,     40.00,     20.00,     20.00,     20.00,0,0,0,2,2,2
H5,704,2018,621590,     40.00,     20.00,     20.00,     20.00,0,0,0,2,2,2
H5,704,2018,621600,     80.00,     20.00,     20.00,     20.00,0,0,0,4,4,4
H5,704,2018,621710,     40.00,     20.00,     20.00,     20.00,0,0,0,2,2,2
H5,704,2018,621790,     20.00,     20.00,     20.00,     20.00,0,0,0,1,1,1
H5,704,2018,630110,     12.00,     12.00,     12.00,     12.00,0,0,0,1,1,1
H5,704,2018,630120,     12.00,     12.00,     12.00,     12.00,0,0,0,1,1,1
H5,704,2018,630130,     24.00,     12.00,     12.00,     12.00,0,0,0,2,2,2
H5,704,2018,630140,     24.00,     12.00,     12.00,     12.00,0,0,0,2,2,2
H5,704,2018,630190,     24.00,     12.00,     12.00,     12.00,0,0,0,2,2,2
H5,704,2018,630210,     12.00,     12.00,     12.00,     12.00,0,0,0,1,1,1
H5,704,2018,630221,     12.00,     12.00,     12.00,     12.00,0,0,0,1,1,1
H5,704,2018,630222,     24.00,     12.00,     12.00,     12.00,0,0,0,2,2,2
H5,704,2018,630229,     12.00,     12.00,     12.00,     12.00,0,0,0,1,1,1
H5,704,2018,630231,     12.00,     12.00,     12.00,     12.00,0,0,0,1,1,1
H5,704,2018,630232,     24.00,     12.00,     12.00,     12.00,0,0,0,2,2,2
H5,704,2018,630239,     12.00,     12.00,     12.00,     12.00,0,0,0,1,1,1
H5,704,2018,630240,     12.00,     12.00,     12.00,     12.00,0,0,0,1,1,1
H5,704,2018,630251,     24.00,     12.00,     12.00,     12.00,0,0,0,2,2,2
H5,704,2018,630253,     12.00,     12.00,     12.00,     12.00,0,0,0,1,1,1
H5,704,2018,630259,     24.00,     12.00,     12.00,     12.00,0,0,0,2,2,2
H5,704,2018,630260,     12.00,     12.00,     12.00,     12.00,0,0,0,1,1,1
H5,704,2018,630291,     12.00,     12.00,     12.00,     12.00,0,0,0,1,1,1
H5,704,2018,630293,     12.00,     12.00,     12.00,     12.00,0,0,0,1,1,1
H5,704,2018,630299,     24.00,     12.00,     12.00,     12.00,0,0,0,2,2,2
H5,704,2018,630312,     12.00,     12.00,     12.00,     12.00,0,0,0,1,1,1
H5,704,2018,630319,     24.00,     12.00,     12.00,     12.00,0,0,0,2,2,2
H5,704,2018,630391,     12.00,     12.00,     12.00,     12.00,0,0,0,1,1,1
H5,704,2018,630392,     12.00,     12.00,     12.00,     12.00,0,0,0,1,1,1
H5,704,2018,630399,     12.00,     12.00,     12.00,     12.00,0,0,0,1,1,1
H5,704,2018,630411,     12.00,     12.00,     12.00,     12.00,0,0,0,1,1,1
H5,704,2018,630419,     36.00,     12.00,     12.00,     12.00,0,0,0,3,3,3
H5,704,2018,630420,     12.00,     12.00,     12.00,     12.00,0,0,0,1,1,1
H5,704,2018,630491,     24.00,     12.00,     12.00,     12.00,0,0,0,2,2,2
H5,704,2018,630492,     12.00,     12.00,     12.00,     12.00,0,0,0,1,1,1
H5,704,2018,630493,     12.00,     12.00,     12.00,     12.00,0,0,0,1,1,1
H5,704,2018,630499,     12.00,     12.00,     12.00,     12.00,0,0,0,1,1,1
H5,704,2018,630510,     48.00,     12.00,     12.00,     12.00,0,0,0,4,4,4
H5,704,2018,630520,     12.00,     12.00,     12.00,     12.00,0,0,0,1,1,1
H5,704,2018,630532,     36.00,     12.00,     12.00,     12.00,0,0,0,3,3,3
H5,704,2018,630533,     36.00,     12.00,     12.00,     12.00,0,0,0,3,3,3
H5,704,2018,630539,     36.00,     12.00,     12.00,     12.00,0,0,0,3,3,3
H5,704,2018,630590,     36.00,     12.00,     12.00,     12.00,0,0,0,3,3,3
H5,704,2018,630612,     12.00,     12.00,     12.00,     12.00,0,0,0,1,1,1
H5,704,2018,630619,     36.00,     12.00,     12.00,     12.00,0,0,0,3,3,3
H5,704,2018,630622,     12.00,     12.00,     12.00,     12.00,0,0,0,1,1,1
H5,704,2018,630629,     24.00,     12.00,     12.00,     12.00,0,0,0,2,2,2
H5,704,2018,630630,     12.00,     12.00,     12.00,     12.00,0,0,0,1,1,1
H5,704,2018,630640,     24.00,     12.00,     12.00,     12.00,0,0,0,2,2,2
H5,704,2018,630690,     36.00,     12.00,     12.00,     12.00,0,0,0,3,3,3
H5,704,2018,630710,     36.00,     12.00,     12.00,     12.00,0,0,0,3,3,3
H5,704,2018,630720,      0.00,      0.00,      0.00,      0.00,0,1,0,0,1,1
H5,704,2018,630790,    110.00,      5.00,     20.00,     15.71,0,0,0,7,7,7
H5,704,2018,630800,     20.00,     20.00,     20.00,     20.00,0,0,0,1,1,1
H5,704,2018,630900,    100.00,    100.00,    100.00,    100.00,0,0,0,1,1,1
H5,704,2018,631010,    100.00,     50.00,     50.00,     50.00,0,0,0,2,2,2
H5,704,2018,631090,    100.00,     50.00,     50.00,     50.00,0,0,0,2,2,2
H5,704,2018,640110,     30.00,     30.00,     30.00,     30.00,0,0,0,1,1,1
H5,704,2018,640192,     30.00,     30.00,     30.00,     30.00,0,0,0,1,1,1
H5,704,2018,640199,     60.00,     30.00,     30.00,     30.00,0,0,0,2,2,2
H5,704,2018,640212,     30.00,     30.00,     30.00,     30.00,0,0,0,1,1,1
H5,704,2018,640219,     60.00,     30.00,     30.00,     30.00,0,0,0,2,2,2
H5,704,2018,640220,     30.00,     30.00,     30.00,     30.00,0,0,0,1,1,1
H5,704,2018,640291,     90.00,     30.00,     30.00,     30.00,0,0,0,3,3,3
H5,704,2018,640299,      0.00,      0.00,      0.00,      0.00,0,2,0,0,2,2
H5,704,2018,640312,     30.00,     30.00,     30.00,     30.00,0,0,0,1,1,1
H5,704,2018,640319,    120.00,     30.00,     30.00,     30.00,0,0,0,4,4,4
H5,704,2018,640320,     30.00,     30.00,     30.00,     30.00,0,0,0,1,1,1
H5,704,2018,640340,     30.00,     30.00,     30.00,     30.00,0,0,0,1,1,1
H5,704,2018,640351,     30.00,     30.00,     30.00,     30.00,0,0,0,1,1,1
H5,704,2018,640359,     60.00,     30.00,     30.00,     30.00,0,0,0,2,2,2
H5,704,2018,640391,     90.00,     30.00,     30.00,     30.00,0,0,0,3,3,3
H5,704,2018,640399,     90.00,     30.00,     30.00,     30.00,0,0,0,3,3,3
H5,704,2018,640411,     90.00,     30.00,     30.00,     30.00,0,0,0,3,3,3
H5,704,2018,640419,     30.00,     30.00,     30.00,     30.00,0,0,0,1,1,1
H5,704,2018,640420,     30.00,     30.00,     30.00,     30.00,0,0,0,1,1,1
H5,704,2018,640510,     30.00,     30.00,     30.00,     30.00,0,0,0,1,1,1
H5,704,2018,640520,     30.00,     30.00,     30.00,     30.00,0,0,0,1,1,1
H5,704,2018,640590,     30.00,     30.00,     30.00,     30.00,0,0,0,1,1,1
H5,704,2018,640610,     30.00,     15.00,     15.00,     15.00,0,0,0,2,2,2
H5,704,2018,640620,     60.00,     30.00,     30.00,     30.00,0,0,0,2,2,2
H5,704,2018,640690,     65.00,      5.00,     15.00,      5.91,0,0,0,11,11,11
H5,704,2018,650100,     10.00,     10.00,     10.00,     10.00,0,0,0,1,1,1
H5,704,2018,650200,     10.00,     10.00,     10.00,     10.00,0,0,0,1,1,1
H5,704,2018,650400,     25.00,     25.00,     25.00,     25.00,0,0,0,1,1,1
H5,704,2018,650500,     75.00,     25.00,     25.00,     25.00,0,0,0,3,3,3
H5,704,2018,650610,     20.00,      0.00,     20.00,      4.00,0,4,0,1,5,5
H5,704,2018,650691,     25.00,     25.00,     25.00,     25.00,0,0,0,1,1,1
H5,704,2018,650699,     50.00,     25.00,     25.00,     25.00,0,0,0,2,2,2
H5,704,2018,650700,     25.00,     25.00,     25.00,     25.00,0,0,0,1,1,1
H5,704,2018,660110,     25.00,     25.00,     25.00,     25.00,0,0,0,1,1,1
H5,704,2018,660191,     25.00,     25.00,     25.00,     25.00,0,0,0,1,1,1
H5,704,2018,660199,     25.00,     25.00,     25.00,     25.00,0,0,0,1,1,1
H5,704,2018,660200,     25.00,     25.00,     25.00,     25.00,0,0,0,1,1,1
H5,704,2018,660320,     25.00,     25.00,     25.00,     25.00,0,0,0,1,1,1
H5,704,2018,660390,     50.00,     25.00,     25.00,     25.00,0,0,0,2,2,2
H5,704,2018,670100,     20.00,     20.00,     20.00,     20.00,0,0,0,1,1,1
H5,704,2018,670210,     25.00,     25.00,     25.00,     25.00,0,0,0,1,1,1
H5,704,2018,670290,     90.00,     30.00,     30.00,     30.00,0,0,0,3,3,3
H5,704,2018,670300,     20.00,     20.00,     20.00,     20.00,0,0,0,1,1,1
H5,704,2018,670411,     25.00,     25.00,     25.00,     25.00,0,0,0,1,1,1
H5,704,2018,670419,     25.00,     25.00,     25.00,     25.00,0,0,0,1,1,1
H5,704,2018,670420,     25.00,     25.00,     25.00,     25.00,0,0,0,1,1,1
H5,704,2018,670490,     25.00,     25.00,     25.00,     25.00,0,0,0,1,1,1
H5,704,2018,680100,     20.00,     20.00,     20.00,     20.00,0,0,0,1,1,1
H5,704,2018,680210,     20.00,     20.00,     20.00,     20.00,0,0,0,1,1,1
H5,704,2018,680221,     12.00,     12.00,     12.00,     12.00,0,0,0,1,1,1
H5,704,2018,680223,     12.00,     12.00,     12.00,     12.00,0,0,0,1,1,1
H5,704,2018,680229,     22.00,     10.00,     12.00,     11.00,0,0,0,2,2,2
H5,704,2018,680291,     24.00,     12.00,     12.00,     12.00,0,0,0,2,2,2
H5,704,2018,680292,     20.00,     20.00,     20.00,     20.00,0,0,0,1,1,1
H5,704,2018,680293,     24.00,     12.00,     12.00,     12.00,0,0,0,2,2,2
H5,704,2018,680299,     20.00,     20.00,     20.00,     20.00,0,0,0,1,1,1
H5,704,2018,680300,     20.00,     20.00,     20.00,     20.00,0,0,0,1,1,1
H5,704,2018,680410,     20.00,     20.00,     20.00,     20.00,0,0,0,1,1,1
H5,704,2018,680421,      0.00,      0.00,      0.00,      0.00,0,1,0,0,1,1
H5,704,2018,680422,     20.00,     20.00,     20.00,     20.00,0,0,0,1,1,1
H5,704,2018,680423,     20.00,     20.00,     20.00,     20.00,0,0,0,1,1,1
H5,704,2018,680430,     20.00,     20.00,     20.00,     20.00,0,0,0,1,1,1
H5,704,2018,680510,     10.00,     10.00,     10.00,     10.00,0,0,0,1,1,1
H5,704,2018,680520,     10.00,     10.00,     10.00,     10.00,0,0,0,1,1,1
H5,704,2018,680530,     10.00,     10.00,     10.00,     10.00,0,0,0,1,1,1
H5,704,2018,680610,      5.00,      5.00,      5.00,      5.00,0,0,0,1,1,1
H5,704,2018,680620,      5.00,      5.00,      5.00,      5.00,0,0,0,1,1,1
H5,704,2018,680690,      5.00,      5.00,      5.00,      5.00,0,0,0,1,1,1
H5,704,2018,680710,      5.00,      5.00,      5.00,      5.00,0,0,0,1,1,1
H5,704,2018,680790,     10.00,      5.00,      5.00,      5.00,0,0,0,2,2,2
H5,704,2018,680800,     90.00,     30.00,     30.00,     30.00,0,0,0,3,3,3
H5,704,2018,680911,     30.00,     30.00,     30.00,     30.00,0,0,0,1,1,1
H5,704,2018,680919,     60.00,     30.00,     30.00,     30.00,0,0,0,2,2,2
H5,704,2018,680990,     40.00,     10.00,     30.00,     20.00,0,0,0,2,2,2
H5,704,2018,681011,     35.00,     35.00,     35.00,     35.00,0,0,0,1,1,1
H5,704,2018,681019,     70.00,     35.00,     35.00,     35.00,0,0,0,2,2,2
H5,704,2018,681091,     35.00,     35.00,     35.00,     35.00,0,0,0,1,1,1
H5,704,2018,681099,     35.00,     35.00,     35.00,     35.00,0,0,0,1,1,1
H5,704,2018,681140,    155.00,     15.00,     20.00,     19.38,0,0,0,8,8,8
H5,704,2018,681181,     20.00,     20.00,     20.00,     20.00,0,0,0,1,1,1
H5,704,2018,681182,     60.00,     20.00,     20.00,     20.00,0,0,0,3,3,3
H5,704,2018,681189,     80.00,     20.00,     20.00,     20.00,0,0,0,4,4,4
H5,704,2018,681280,     50.00,     10.00,     10.00,     10.00,0,0,0,5,5,5
H5,704,2018,681291,     20.00,     10.00,     10.00,     10.00,0,0,0,2,2,2
H5,704,2018,681292,     10.00,     10.00,     10.00,     10.00,0,0,0,1,1,1
H5,704,2018,681293,     10.00,     10.00,     10.00,     10.00,0,0,0,1,1,1
H5,704,2018,681299,     40.00,     10.00,     10.00,     10.00,0,0,0,4,4,4
H5,704,2018,681320,     20.00,     10.00,     10.00,     10.00,0,0,0,2,2,2
H5,704,2018,681381,     10.00,     10.00,     10.00,     10.00,0,0,0,1,1,1
H5,704,2018,681389,     10.00,     10.00,     10.00,     10.00,0,0,0,1,1,1
H5,704,2018,681410,     10.00,     10.00,     10.00,     10.00,0,0,0,1,1,1
H5,704,2018,681490,     10.00,     10.00,     10.00,     10.00,0,0,0,1,1,1
H5,704,2018,681510,     47.00,      5.00,     15.00,     11.75,0,0,0,4,4,4
H5,704,2018,681520,     20.00,     20.00,     20.00,     20.00,0,0,0,1,1,1
H5,704,2018,681591,     10.00,     10.00,     10.00,     10.00,0,0,0,1,1,1
H5,704,2018,681599,      5.00,      5.00,      5.00,      5.00,0,0,0,1,1,1
H5,704,2018,690100,     20.00,     20.00,     20.00,     20.00,0,0,0,1,1,1
H5,704,2018,690210,     10.00,     10.00,     10.00,     10.00,0,0,0,1,1,1
H5,704,2018,690220,     10.00,     10.00,     10.00,     10.00,0,0,0,1,1,1
H5,704,2018,690290,     10.00,     10.00,     10.00,     10.00,0,0,0,1,1,1
H5,704,2018,690310,      5.00,      5.00,      5.00,      5.00,0,0,0,1,1,1
H5,704,2018,690320,      5.00,      5.00,      5.00,      5.00,0,0,0,1,1,1
H5,704,2018,690390,      5.00,      5.00,      5.00,      5.00,0,0,0,1,1,1
H5,704,2018,690410,     35.00,     35.00,     35.00,     35.00,0,0,0,1,1,1
H5,704,2018,690490,     35.00,     35.00,     35.00,     35.00,0,0,0,1,1,1
H5,704,2018,690510,     45.00,     45.00,     45.00,     45.00,0,0,0,1,1,1
H5,704,2018,690590,     45.00,     45.00,     45.00,     45.00,0,0,0,1,1,1
H5,704,2018,690600,     35.00,     35.00,     35.00,     35.00,0,0,0,1,1,1
H5,704,2018,690721,    340.00,     20.00,     45.00,     37.78,0,0,0,9,9,9
H5,704,2018,690722,    320.00,     35.00,     45.00,     40.00,0,0,0,8,8,8
H5,704,2018,690723,    320.00,     35.00,     45.00,     40.00,0,0,0,8,8,8
H5,704,2018,690730,    160.00,     35.00,     45.00,     40.00,0,0,0,4,4,4
H5,704,2018,690740,    180.00,     20.00,     45.00,     36.00,0,0,0,5,5,5
H5,704,2018,690911,      5.00,      5.00,      5.00,      5.00,0,0,0,1,1,1
H5,704,2018,690912,      5.00,      5.00,      5.00,      5.00,0,0,0,1,1,1
H5,704,2018,690919,      5.00,      5.00,      5.00,      5.00,0,0,0,1,1,1
H5,704,2018,690990,     20.00,     20.00,     20.00,     20.00,0,0,0,1,1,1
H5,704,2018,691010,     35.00,     35.00,     35.00,     35.00,0,0,0,1,1,1
H5,704,2018,691090,     35.00,     35.00,     35.00,     35.00,0,0,0,1,1,1
H5,704,2018,691110,     35.00,     35.00,     35.00,     35.00,0,0,0,1,1,1
H5,704,2018,691190,     35.00,     35.00,     35.00,     35.00,0,0,0,1,1,1
H5,704,2018,691200,     35.00,     35.00,     35.00,     35.00,0,0,0,1,1,1
H5,704,2018,691310,     60.00,     30.00,     30.00,     30.00,0,0,0,2,2,2
H5,704,2018,691390,     60.00,     30.00,     30.00,     30.00,0,0,0,2,2,2
H5,704,2018,691410,     30.00,     30.00,     30.00,     30.00,0,0,0,1,1,1
H5,704,2018,691490,     30.00,     30.00,     30.00,     30.00,0,0,0,1,1,1
H5,704,2018,700100,      0.00,      0.00,      0.00,      0.00,0,1,0,0,1,1
H5,704,2018,700210,      3.00,      3.00,      3.00,      3.00,0,0,0,1,1,1
H5,704,2018,700220,      3.00,      3.00,      3.00,      3.00,0,0,0,1,1,1
H5,704,2018,700231,     28.00,      3.00,     25.00,     14.00,0,0,0,2,2,2
H5,704,2018,700232,     36.00,      3.00,     25.00,      9.00,0,0,0,4,4,4
H5,704,2018,700239,     33.00,      3.00,     25.00,     11.00,0,0,0,3,3,3
H5,704,2018,700312,     85.00,      5.00,     40.00,     28.33,0,0,0,3,3,3
H5,704,2018,700319,     45.00,      5.00,     40.00,     22.50,0,0,0,2,2,2
H5,704,2018,700320,     80.00,     40.00,     40.00,     40.00,0,0,0,2,2,2
H5,704,2018,700330,     80.00,     40.00,     40.00,     40.00,0,0,0,2,2,2
H5,704,2018,700420,     45.00,      5.00,     40.00,     22.50,0,0,0,2,2,2
H5,704,2018,700490,     45.00,      5.00,     40.00,     22.50,0,0,0,2,2,2
H5,704,2018,700510,     40.00,      5.00,     35.00,     20.00,0,0,0,2,2,2
H5,704,2018,700521,     45.00,      5.00,     40.00,     22.50,0,0,0,2,2,2
H5,704,2018,700529,     45.00,      5.00,     40.00,     22.50,0,0,0,2,2,2
H5,704,2018,700530,     30.00,     30.00,     30.00,     30.00,0,0,0,1,1,1
H5,704,2018,700600,     35.00,      5.00,     30.00,     17.50,0,0,0,2,2,2
H5,704,2018,700711,     26.00,      0.00,     20.00,      6.50,0,1,0,3,4,4
H5,704,2018,700719,     30.00,     15.00,     15.00,     15.00,0,0,0,2,2,2
H5,704,2018,700721,     26.00,      0.00,     20.00,      6.50,0,1,0,3,4,4
H5,704,2018,700729,     30.00,     15.00,     15.00,     15.00,0,0,0,2,2,2
H5,704,2018,700800,     25.00,     25.00,     25.00,     25.00,0,0,0,1,1,1
H5,704,2018,700910,     25.00,     25.00,     25.00,     25.00,0,0,0,1,1,1
H5,704,2018,700991,     25.00,     25.00,     25.00,     25.00,0,0,0,1,1,1
H5,704,2018,700992,     30.00,     30.00,     30.00,     30.00,0,0,0,1,1,1
H5,704,2018,701010,     10.00,     10.00,     10.00,     10.00,0,0,0,1,1,1
H5,704,2018,701020,     20.00,     20.00,     20.00,     20.00,0,0,0,1,1,1
H5,704,2018,701090,     65.00,      5.00,     20.00,     16.25,0,0,0,4,4,4
H5,704,2018,701110,     30.00,      5.00,     25.00,     15.00,0,0,0,2,2,2
H5,704,2018,701120,      0.00,      0.00,      0.00,      0.00,0,1,0,0,1,1
H5,704,2018,701190,     25.00,     25.00,     25.00,     25.00,0,0,0,1,1,1
H5,704,2018,701310,     35.00,     35.00,     35.00,     35.00,0,0,0,1,1,1
H5,704,2018,701322,     30.00,     30.00,     30.00,     30.00,0,0,0,1,1,1
H5,704,2018,701328,     35.00,     35.00,     35.00,     35.00,0,0,0,1,1,1
H5,704,2018,701333,     30.00,     30.00,     30.00,     30.00,0,0,0,1,1,1
H5,704,2018,701337,     35.00,     35.00,     35.00,     35.00,0,0,0,1,1,1
H5,704,2018,701341,     30.00,     30.00,     30.00,     30.00,0,0,0,1,1,1
H5,704,2018,701342,     35.00,     35.00,     35.00,     35.00,0,0,0,1,1,1
H5,704,2018,701349,     35.00,     35.00,     35.00,     35.00,0,0,0,1,1,1
H5,704,2018,701391,     30.00,     30.00,     30.00,     30.00,0,0,0,1,1,1
H5,704,2018,701399,     15.00,     15.00,     15.00,     15.00,0,0,0,1,1,1
H5,704,2018,701400,     10.00,      5.00,      5.00,      5.00,0,0,0,2,2,2
H5,704,2018,701510,      3.00,      3.00,      3.00,      3.00,0,0,0,1,1,1
H5,704,2018,701590,     10.00,      5.00,      5.00,      5.00,0,0,0,2,2,2
H5,704,2018,701610,     25.00,     25.00,     25.00,     25.00,0,0,0,1,1,1
H5,704,2018,701690,     45.00,     45.00,     45.00,     45.00,0,0,0,1,1,1
H5,704,2018,701710,      0.00,      0.00,      0.00,      0.00,0,2,0,0,2,2
H5,704,2018,701720,      0.00,      0.00,      0.00,      0.00,0,1,0,0,1,1
H5,704,2018,701790,      0.00,      0.00,      0.00,      0.00,0,1,0,0,1,1
H5,704,2018,701810,     60.00,     30.00,     30.00,     30.00,0,0,0,2,2,2
H5,704,2018,701820,      0.00,      0.00,      0.00,      0.00,0,1,0,0,1,1
H5,704,2018,701890,     30.00,      0.00,     30.00,     15.00,0,1,0,1,2,2
H5,704,2018,701911,      3.00,      3.00,      3.00,      3.00,0,0,0,1,1,1
H5,704,2018,701912,      3.00,      3.00,      3.00,      3.00,0,0,0,1,1,1
H5,704,2018,701919,      6.00,      3.00,      3.00,      3.00,0,0,0,2,2,2
H5,704,2018,701931,      3.00,      3.00,      3.00,      3.00,0,0,0,1,1,1
H5,704,2018,701932,      3.00,      3.00,      3.00,      3.00,0,0,0,1,1,1
H5,704,2018,701939,      6.00,      3.00,      3.00,      3.00,0,0,0,2,2,2
H5,704,2018,701940,      3.00,      3.00,      3.00,      3.00,0,0,0,1,1,1
H5,704,2018,701951,      3.00,      3.00,      3.00,      3.00,0,0,0,1,1,1
H5,704,2018,701952,      3.00,      3.00,      3.00,      3.00,0,0,0,1,1,1
H5,704,2018,701959,      3.00,      3.00,      3.00,      3.00,0,0,0,1,1,1
H5,704,2018,701990,      9.00,      3.00,      3.00,      3.00,0,0,0,3,3,3
H5,704,2018,702000,     73.00,      0.00,     40.00,     12.17,0,3,0,3,6,6
H5,704,2018,710110,      3.00,      3.00,      3.00,      3.00,0,0,0,1,1,1
H5,704,2018,710121,      3.00,      3.00,      3.00,      3.00,0,0,0,1,1,1
H5,704,2018,710122,      3.00,      3.00,      3.00,      3.00,0,0,0,1,1,1
H5,704,2018,710210,      1.00,      1.00,      1.00,      1.00,0,0,0,1,1,1
H5,704,2018,710221,      0.00,      0.00,      0.00,      0.00,0,1,0,0,1,1
H5,704,2018,710229,      0.00,      0.00,      0.00,      0.00,0,1,0,0,1,1
H5,704,2018,710231,      0.00,      0.00,      0.00,      0.00,0,1,0,0,1,1
H5,704,2018,710239,      0.00,      0.00,      0.00,      0.00,0,1,0,0,1,1
H5,704,2018,710310,      0.00,      0.00,      0.00,      0.00,0,3,0,0,3,3
H5,704,2018,710391,      0.00,      0.00,      0.00,      0.00,0,2,0,0,2,2
H5,704,2018,710399,      0.00,      0.00,      0.00,      0.00,0,1,0,0,1,1
H5,704,2018,710410,      0.00,      0.00,      0.00,      0.00,0,2,0,0,2,2
H5,704,2018,710420,      0.00,      0.00,      0.00,      0.00,0,1,0,0,1,1
H5,704,2018,710490,      0.00,      0.00,      0.00,      0.00,0,1,0,0,1,1
H5,704,2018,710510,      1.00,      1.00,      1.00,      1.00,0,0,0,1,1,1
H5,704,2018,710590,      1.00,      1.00,      1.00,      1.00,0,0,0,1,1,1
H5,704,2018,710610,      1.00,      1.00,      1.00,      1.00,0,0,0,1,1,1
H5,704,2018,710691,      1.00,      1.00,      1.00,      1.00,0,0,0,1,1,1
H5,704,2018,710692,      1.00,      1.00,      1.00,      1.00,0,0,0,1,1,1
H5,704,2018,710700,      1.00,      1.00,      1.00,      1.00,0,0,0,1,1,1
H5,704,2018,710811,      0.00,      0.00,      0.00,      0.00,0,1,0,0,1,1
H5,704,2018,710812,      0.00,      0.00,      0.00,      0.00,0,2,0,0,2,2
H5,704,2018,710813,      0.00,      0.00,      0.00,      0.00,0,1,0,0,1,1
H5,704,2018,710820,      0.00,      0.00,      0.00,      0.00,0,1,0,0,1,1
H5,704,2018,710900,      1.00,      1.00,      1.00,      1.00,0,0,0,1,1,1
H5,704,2018,711011,      2.00,      1.00,      1.00,      1.00,0,0,0,2,2,2
H5,704,2018,711019,      1.00,      1.00,      1.00,      1.00,0,0,0,1,1,1
H5,704,2018,711021,      2.00,      1.00,      1.00,      1.00,0,0,0,2,2,2
H5,704,2018,711029,      1.00,      1.00,      1.00,      1.00,0,0,0,1,1,1
H5,704,2018,711031,      2.00,      1.00,      1.00,      1.00,0,0,0,2,2,2
H5,704,2018,711039,      1.00,      1.00,      1.00,      1.00,0,0,0,1,1,1
H5,704,2018,711041,      2.00,      1.00,      1.00,      1.00,0,0,0,2,2,2
H5,704,2018,711049,      1.00,      1.00,      1.00,      1.00,0,0,0,1,1,1
H5,704,2018,711100,      2.00,      1.00,      1.00,      1.00,0,0,0,2,2,2
H5,704,2018,711230,      1.00,      1.00,      1.00,      1.00,0,0,0,1,1,1
H5,704,2018,711291,      1.00,      1.00,      1.00,      1.00,0,0,0,1,1,1
H5,704,2018,711292,      1.00,      1.00,      1.00,      1.00,0,0,0,1,1,1
H5,704,2018,711299,      2.00,      1.00,      1.00,      1.00,0,0,0,2,2,2
H5,704,2018,711311,     60.00,     30.00,     30.00,     30.00,0,0,0,2,2,2
H5,704,2018,711319,     50.00,     25.00,     25.00,     25.00,0,0,0,2,2,2
H5,704,2018,711320,     60.00,     30.00,     30.00,     30.00,0,0,0,2,2,2
H5,704,2018,711411,     30.00,     30.00,     30.00,     30.00,0,0,0,1,1,1
H5,704,2018,711419,     30.00,     30.00,     30.00,     30.00,0,0,0,1,1,1
H5,704,2018,711420,     30.00,     30.00,     30.00,     30.00,0,0,0,1,1,1
H5,704,2018,711510,     30.00,     30.00,     30.00,     30.00,0,0,0,1,1,1
H5,704,2018,711590,     90.00,     30.00,     30.00,     30.00,0,0,0,3,3,3
H5,704,2018,711610,     30.00,     30.00,     30.00,     30.00,0,0,0,1,1,1
H5,704,2018,711620,     30.00,     30.00,     30.00,     30.00,0,0,0,1,1,1
H5,704,2018,711711,     60.00,     30.00,     30.00,     30.00,0,0,0,2,2,2
H5,704,2018,711719,     75.00,     25.00,     25.00,     25.00,0,0,0,3,3,3
H5,704,2018,711790,    300.00,     25.00,     25.00,     25.00,0,0,0,12,12,12
H5,704,2018,711810,     60.00,     30.00,     30.00,     30.00,0,0,0,2,2,2
H5,704,2018,711890,     75.00,     25.00,     25.00,     25.00,0,0,0,3,3,3
H5,704,2018,720110,      5.00,      5.00,      5.00,      5.00,0,0,0,1,1,1
H5,704,2018,720120,      5.00,      5.00,      5.00,      5.00,0,0,0,1,1,1
H5,704,2018,720150,      5.00,      5.00,      5.00,      5.00,0,0,0,1,1,1
H5,704,2018,720211,      5.00,      5.00,      5.00,      5.00,0,0,0,1,1,1
H5,704,2018,720219,      5.00,      5.00,      5.00,      5.00,0,0,0,1,1,1
H5,704,2018,720221,      5.00,      5.00,      5.00,      5.00,0,0,0,1,1,1
H5,704,2018,720229,      5.00,      5.00,      5.00,      5.00,0,0,0,1,1,1
H5,704,2018,720230,      5.00,      5.00,      5.00,      5.00,0,0,0,1,1,1
H5,704,2018,720241,      5.00,      5.00,      5.00,      5.00,0,0,0,1,1,1
H5,704,2018,720249,      0.00,      0.00,      0.00,      0.00,0,1,0,0,1,1
H5,704,2018,720250,      0.00,      0.00,      0.00,      0.00,0,1,0,0,1,1
H5,704,2018,720260,      0.00,      0.00,      0.00,      0.00,0,1,0,0,1,1
H5,704,2018,720270,      0.00,      0.00,      0.00,      0.00,0,1,0,0,1,1
H5,704,2018,720280,      0.00,      0.00,      0.00,      0.00,0,1,0,0,1,1
H5,704,2018,720291,      0.00,      0.00,      0.00,      0.00,0,1,0,0,1,1
H5,704,2018,720292,      0.00,      0.00,      0.00,      0.00,0,1,0,0,1,1
H5,704,2018,720293,      0.00,      0.00,      0.00,      0.00,0,1,0,0,1,1
H5,704,2018,720299,      0.00,      0.00,      0.00,      0.00,0,1,0,0,1,1
H5,704,2018,720310,      0.00,      0.00,      0.00,      0.00,0,1,0,0,1,1
H5,704,2018,720390,      0.00,      0.00,      0.00,      0.00,0,1,0,0,1,1
H5,704,2018,720410,      3.00,      3.00,      3.00,      3.00,0,0,0,1,1,1
H5,704,2018,720421,      0.00,      0.00,      0.00,      0.00,0,1,0,0,1,1
H5,704,2018,720429,      0.00,      0.00,      0.00,      0.00,0,1,0,0,1,1
H5,704,2018,720430,      0.00,      0.00,      0.00,      0.00,0,1,0,0,1,1
H5,704,2018,720441,      3.00,      3.00,      3.00,      3.00,0,0,0,1,1,1
H5,704,2018,720449,      0.00,      0.00,      0.00,      0.00,0,1,0,0,1,1
H5,704,2018,720450,      3.00,      3.00,      3.00,      3.00,0,0,0,1,1,1
H5,704,2018,720510,      0.00,      0.00,      0.00,      0.00,0,1,0,0,1,1
H5,704,2018,720521,      0.00,      0.00,      0.00,      0.00,0,1,0,0,1,1
H5,704,2018,720529,      0.00,      0.00,      0.00,      0.00,0,1,0,0,1,1
H5,704,2018,720610,      2.00,      1.00,      1.00,      1.00,0,0,0,2,2,2
H5,704,2018,720690,      1.00,      1.00,      1.00,      1.00,0,0,0,1,1,1
H5,704,2018,720711,     10.00,     10.00,     10.00,     10.00,0,0,0,1,1,1
H5,704,2018,720712,     15.00,      5.00,     10.00,      7.50,0,0,0,2,2,2
H5,704,2018,720719,     10.00,     10.00,     10.00,     10.00,0,0,0,1,1,1
H5,704,2018,720720,     40.00,      5.00,     10.00,      6.67,0,0,0,6,6,6
H5,704,2018,720810,      0.00,      0.00,      0.00,      0.00,0,1,0,0,1,1
H5,704,2018,720825,      0.00,      0.00,      0.00,      0.00,0,1,0,0,1,1
H5,704,2018,720826,      0.00,      0.00,      0.00,      0.00,0,1,0,0,1,1
H5,704,2018,720827,      0.00,      0.00,      0.00,      0.00,0,4,0,0,4,4
H5,704,2018,720836,      0.00,      0.00,      0.00,      0.00,0,1,0,0,1,1
H5,704,2018,720837,      0.00,      0.00,      0.00,      0.00,0,1,0,0,1,1
H5,704,2018,720838,      0.00,      0.00,      0.00,      0.00,0,1,0,0,1,1
H5,704,2018,720839,      0.00,      0.00,      0.00,      0.00,0,2,0,0,2,2
H5,704,2018,720840,      0.00,      0.00,      0.00,      0.00,0,1,0,0,1,1
H5,704,2018,720851,      0.00,      0.00,      0.00,      0.00,0,1,0,0,1,1
H5,704,2018,720852,      0.00,      0.00,      0.00,      0.00,0,1,0,0,1,1
H5,704,2018,720853,      0.00,      0.00,      0.00,      0.00,0,1,0,0,1,1
H5,704,2018,720854,      0.00,      0.00,      0.00,      0.00,0,2,0,0,2,2
H5,704,2018,720890,      0.00,      0.00,      0.00,      0.00,0,2,0,0,2,2
H5,704,2018,720915,      7.00,      7.00,      7.00,      7.00,0,0,0,1,1,1
H5,704,2018,720916,     14.00,      7.00,      7.00,      7.00,0,0,0,2,2,2
H5,704,2018,720917,     14.00,      7.00,      7.00,      7.00,0,0,0,2,2,2
H5,704,2018,720918,     14.00,      0.00,      7.00,      4.67,0,1,0,2,3,3
H5,704,2018,720925,      7.00,      7.00,      7.00,      7.00,0,0,0,1,1,1
H5,704,2018,720926,     14.00,      7.00,      7.00,      7.00,0,0,0,2,2,2
H5,704,2018,720927,     14.00,      7.00,      7.00,      7.00,0,0,0,2,2,2
H5,704,2018,720928,     14.00,      7.00,      7.00,      7.00,0,0,0,2,2,2
H5,704,2018,720990,     14.00,      7.00,      7.00,      7.00,0,0,0,2,2,2
H5,704,2018,721011,     10.00,      5.00,      5.00,      5.00,0,0,0,2,2,2
H5,704,2018,721012,     10.00,      5.00,      5.00,      5.00,0,0,0,2,2,2
H5,704,2018,721020,      0.00,      0.00,      0.00,      0.00,0,2,0,0,2,2
H5,704,2018,721030,     35.00,      5.00,     10.00,      7.00,0,0,0,5,5,5
H5,704,2018,721041,     75.00,     10.00,     25.00,     15.00,0,0,0,5,5,5
H5,704,2018,721049,     70.00,      0.00,     20.00,     11.67,0,1,0,5,6,6
H5,704,2018,721050,      5.00,      5.00,      5.00,      5.00,0,0,0,1,1,1
H5,704,2018,721061,     80.00,     10.00,     20.00,     13.33,0,0,0,6,6,6
H5,704,2018,721069,     70.00,     10.00,     20.00,     14.00,0,0,0,5,5,5
H5,704,2018,721070,     20.00,      5.00,      5.00,      5.00,0,0,0,4,4,4
H5,704,2018,721090,     10.00,      5.00,      5.00,      5.00,0,0,0,2,2,2
H5,704,2018,721113,      0.00,      0.00,      0.00,      0.00,0,5,0,0,5,5
H5,704,2018,721114,      0.00,      0.00,      0.00,      0.00,0,8,0,0,8,8
H5,704,2018,721119,     27.00,      0.00,     10.00,      3.38,0,5,0,3,8,8
H5,704,2018,721123,     28.00,      7.00,      7.00,      7.00,0,0,0,4,4,4
H5,704,2018,721129,     28.00,      7.00,      7.00,      7.00,0,0,0,4,4,4
H5,704,2018,721190,     49.00,      7.00,      7.00,      7.00,0,0,0,7,7,7
H5,704,2018,721210,     42.00,      7.00,      7.00,      7.00,0,0,0,6,6,6
H5,704,2018,721220,     21.00,      7.00,      7.00,      7.00,0,0,0,3,3,3
H5,704,2018,721230,     30.00,      0.00,     10.00,      5.00,0,3,0,3,6,6
H5,704,2018,721240,     60.00,     10.00,     10.00,     10.00,0,0,0,6,6,6
H5,704,2018,721250,     30.00,      0.00,     10.00,      3.33,0,6,0,3,9,9
H5,704,2018,721260,      0.00,      0.00,      0.00,      0.00,0,5,0,0,5,5
H5,704,2018,721310,     30.00,     15.00,     15.00,     15.00,0,0,0,2,2,2
H5,704,2018,721320,      0.00,      0.00,      0.00,      0.00,0,1,0,0,1,1
H5,704,2018,721391,     40.00,     10.00,     20.00,     13.33,0,0,0,3,3,3
H5,704,2018,721399,     40.00,     10.00,     20.00,     13.33,0,0,0,3,3,3
H5,704,2018,721410,      0.00,      0.00,      0.00,      0.00,0,4,0,0,4,4
H5,704,2018,721420,    120.00,     10.00,     20.00,     15.00,0,0,0,8,8,8
H5,704,2018,721430,      0.00,      0.00,      0.00,      0.00,0,2,0,0,2,2
H5,704,2018,721491,      0.00,      0.00,      0.00,      0.00,0,5,0,0,5,5
H5,704,2018,721499,      0.00,      0.00,      0.00,      0.00,0,6,0,0,6,6
H5,704,2018,721510,      0.00,      0.00,      0.00,      0.00,0,2,0,0,2,2
H5,704,2018,721550,     20.00,      0.00,     20.00,      6.67,0,2,0,1,3,3
H5,704,2018,721590,     20.00,      0.00,     20.00,     10.00,0,1,0,1,2,2
H5,704,2018,721610,     15.00,     15.00,     15.00,     15.00,0,0,0,1,1,1
H5,704,2018,721621,     30.00,     15.00,     15.00,     15.00,0,0,0,2,2,2
H5,704,2018,721622,     15.00,     15.00,     15.00,     15.00,0,0,0,1,1,1
H5,704,2018,721631,     30.00,     15.00,     15.00,     15.00,0,0,0,2,2,2
H5,704,2018,721632,     30.00,     15.00,     15.00,     15.00,0,0,0,2,2,2
H5,704,2018,721633,     45.00,     15.00,     15.00,     15.00,0,0,0,3,3,3
H5,704,2018,721640,     30.00,     15.00,     15.00,     15.00,0,0,0,2,2,2
H5,704,2018,721650,     60.00,     15.00,     15.00,     15.00,0,0,0,4,4,4
H5,704,2018,721661,     15.00,     15.00,     15.00,     15.00,0,0,0,1,1,1
H5,704,2018,721669,     15.00,     15.00,     15.00,     15.00,0,0,0,1,1,1
H5,704,2018,721691,     30.00,     15.00,     15.00,     15.00,0,0,0,2,2,2
H5,704,2018,721699,     15.00,     15.00,     15.00,     15.00,0,0,0,1,1,1
H5,704,2018,721710,     28.00,      0.00,     15.00,      4.67,0,3,0,3,6,6
H5,704,2018,721720,     25.00,      0.00,     15.00,      6.25,0,1,0,3,4,4
H5,704,2018,721730,     55.00,      5.00,     15.00,      6.88,0,0,0,8,8,8
H5,704,2018,721790,     15.00,      5.00,     10.00,      7.50,0,0,0,2,2,2
H5,704,2018,721810,      0.00,      0.00,      0.00,      0.00,0,1,0,0,1,1
H5,704,2018,721891,      0.00,      0.00,      0.00,      0.00,0,1,0,0,1,1
H5,704,2018,721899,      0.00,      0.00,      0.00,      0.00,0,1,0,0,1,1
H5,704,2018,721911,      0.00,      0.00,      0.00,      0.00,0,1,0,0,1,1
H5,704,2018,721912,      0.00,      0.00,      0.00,      0.00,0,1,0,0,1,1
H5,704,2018,721913,      0.00,      0.00,      0.00,      0.00,0,1,0,0,1,1
H5,704,2018,721914,      0.00,      0.00,      0.00,      0.00,0,1,0,0,1,1
H5,704,2018,721921,      0.00,      0.00,      0.00,      0.00,0,1,0,0,1,1
H5,704,2018,721922,      0.00,      0.00,      0.00,      0.00,0,1,0,0,1,1
H5,704,2018,721923,      0.00,      0.00,      0.00,      0.00,0,1,0,0,1,1
H5,704,2018,721924,      0.00,      0.00,      0.00,      0.00,0,1,0,0,1,1
H5,704,2018,721931,      0.00,      0.00,      0.00,      0.00,0,1,0,0,1,1
H5,704,2018,721932,      0.00,      0.00,      0.00,      0.00,0,1,0,0,1,1
H5,704,2018,721933,     10.00,     10.00,     10.00,     10.00,0,0,0,1,1,1
H5,704,2018,721934,     10.00,     10.00,     10.00,     10.00,0,0,0,1,1,1
H5,704,2018,721935,     10.00,     10.00,     10.00,     10.00,0,0,0,1,1,1
H5,704,2018,721990,      0.00,      0.00,      0.00,      0.00,0,1,0,0,1,1
H5,704,2018,722011,      0.00,      0.00,      0.00,      0.00,0,2,0,0,2,2
H5,704,2018,722012,      0.00,      0.00,      0.00,      0.00,0,2,0,0,2,2
H5,704,2018,722020,     20.00,     10.00,     10.00,     10.00,0,0,0,2,2,2
H5,704,2018,722090,      0.00,      0.00,      0.00,      0.00,0,2,0,0,2,2
H5,704,2018,722100,      0.00,      0.00,      0.00,      0.00,0,1,0,0,1,1
H5,704,2018,722211,      0.00,      0.00,      0.00,      0.00,0,1,0,0,1,1
H5,704,2018,722219,      0.00,      0.00,      0.00,      0.00,0,1,0,0,1,1
H5,704,2018,722220,     20.00,     10.00,     10.00,     10.00,0,0,0,2,2,2
H5,704,2018,722230,     20.00,     10.00,     10.00,     10.00,0,0,0,2,2,2
H5,704,2018,722240,      0.00,      0.00,      0.00,      0.00,0,2,0,0,2,2
H5,704,2018,722300,     20.00,     10.00,     10.00,     10.00,0,0,0,2,2,2
H5,704,2018,722410,      0.00,      0.00,      0.00,      0.00,0,1,0,0,1,1
H5,704,2018,722490,      0.00,      0.00,      0.00,      0.00,0,1,0,0,1,1
H5,704,2018,722511,      0.00,      0.00,      0.00,      0.00,0,1,0,0,1,1
H5,704,2018,722519,      0.00,      0.00,      0.00,      0.00,0,1,0,0,1,1
H5,704,2018,722530,      0.00,      0.00,      0.00,      0.00,0,2,0,0,2,2
H5,704,2018,722540,      0.00,      0.00,      0.00,      0.00,0,2,0,0,2,2
H5,704,2018,722550,      0.00,      0.00,      0.00,      0.00,0,2,0,0,2,2
H5,704,2018,722591,      0.00,      0.00,      0.00,      0.00,0,2,0,0,2,2
H5,704,2018,722592,      0.00,      0.00,      0.00,      0.00,0,2,0,0,2,2
H5,704,2018,722599,      0.00,      0.00,      0.00,      0.00,0,2,0,0,2,2
H5,704,2018,722611,      0.00,      0.00,      0.00,      0.00,0,2,0,0,2,2
H5,704,2018,722619,      0.00,      0.00,      0.00,      0.00,0,2,0,0,2,2
H5,704,2018,722620,      0.00,      0.00,      0.00,      0.00,0,2,0,0,2,2
H5,704,2018,722691,      0.00,      0.00,      0.00,      0.00,0,2,0,0,2,2
H5,704,2018,722692,      0.00,      0.00,      0.00,      0.00,0,2,0,0,2,2
H5,704,2018,722699,      0.00,      0.00,      0.00,      0.00,0,4,0,0,4,4
H5,704,2018,722710,      0.00,      0.00,      0.00,      0.00,0,1,0,0,1,1
H5,704,2018,722720,      0.00,      0.00,      0.00,      0.00,0,1,0,0,1,1
H5,704,2018,722790,      0.00,      0.00,      0.00,      0.00,0,1,0,0,1,1
H5,704,2018,722810,      0.00,      0.00,      0.00,      0.00,0,2,0,0,2,2
H5,704,2018,722820,      0.00,      0.00,      0.00,      0.00,0,4,0,0,4,4
H5,704,2018,722830,      0.00,      0.00,      0.00,      0.00,0,2,0,0,2,2
H5,704,2018,722840,      0.00,      0.00,      0.00,      0.00,0,2,0,0,2,2
H5,704,2018,722850,      0.00,      0.00,      0.00,      0.00,0,2,0,0,2,2
H5,704,2018,722860,      0.00,      0.00,      0.00,      0.00,0,2,0,0,2,2
H5,704,2018,722870,      0.00,      0.00,      0.00,      0.00,0,2,0,0,2,2
H5,704,2018,722880,      0.00,      0.00,      0.00,      0.00,0,3,0,0,3,3
H5,704,2018,722920,      0.00,      0.00,      0.00,      0.00,0,1,0,0,1,1
H5,704,2018,722990,      0.00,      0.00,      0.00,      0.00,0,4,0,0,4,4
H5,704,2018,730110,      3.00,      3.00,      3.00,      3.00,0,0,0,1,1,1
H5,704,2018,730120,      5.00,      5.00,      5.00,      5.00,0,0,0,1,1,1
H5,704,2018,730210,      3.00,      3.00,      3.00,      3.00,0,0,0,1,1,1
H5,704,2018,730230,      3.00,      3.00,      3.00,      3.00,0,0,0,1,1,1
H5,704,2018,730240,      3.00,      3.00,      3.00,      3.00,0,0,0,1,1,1
H5,704,2018,730290,      6.00,      3.00,      3.00,      3.00,0,0,0,2,2,2
H5,704,2018,730300,     26.00,      3.00,     10.00,      6.50,0,0,0,4,4,4
H5,704,2018,730411,      0.00,      0.00,      0.00,      0.00,0,1,0,0,1,1
H5,704,2018,730419,      0.00,      0.00,      0.00,      0.00,0,1,0,0,1,1
H5,704,2018,730422,      0.00,      0.00,      0.00,      0.00,0,2,0,0,2,2
H5,704,2018,730423,      0.00,      0.00,      0.00,      0.00,0,2,0,0,2,2
H5,704,2018,730424,      0.00,      0.00,      0.00,      0.00,0,2,0,0,2,2
H5,704,2018,730429,      0.00,      0.00,      0.00,      0.00,0,2,0,0,2,2
H5,704,2018,730431,     20.00,      0.00,     10.00,      5.00,0,1,0,3,4,4
H5,704,2018,730439,     15.00,      0.00,     10.00,      5.00,0,1,0,2,3,3
H5,704,2018,730441,      0.00,      0.00,      0.00,      0.00,0,1,0,0,1,1
H5,704,2018,730449,      0.00,      0.00,      0.00,      0.00,0,1,0,0,1,1
H5,704,2018,730451,      0.00,      0.00,      0.00,      0.00,0,3,0,0,3,3
H5,704,2018,730459,      0.00,      0.00,      0.00,      0.00,0,1,0,0,1,1
H5,704,2018,730490,     15.00,      0.00,     10.00,      5.00,0,1,0,2,3,3
H5,704,2018,730511,      5.00,      5.00,      5.00,      5.00,0,0,0,1,1,1
H5,704,2018,730512,     10.00,      5.00,      5.00,      5.00,0,0,0,2,2,2
H5,704,2018,730519,     20.00,     10.00,     10.00,     10.00,0,0,0,2,2,2
H5,704,2018,730520,      5.00,      5.00,      5.00,      5.00,0,0,0,1,1,1
H5,704,2018,730531,     10.00,      5.00,      5.00,      5.00,0,0,0,2,2,2
H5,704,2018,730539,     20.00,     10.00,     10.00,     10.00,0,0,0,2,2,2
H5,704,2018,730590,      5.00,      5.00,      5.00,      5.00,0,0,0,1,1,1
H5,704,2018,730611,     15.00,      5.00,      5.00,      5.00,0,0,0,3,3,3
H5,704,2018,730619,     15.00,      5.00,      5.00,      5.00,0,0,0,3,3,3
H5,704,2018,730621,      5.00,      5.00,      5.00,      5.00,0,0,0,1,1,1
H5,704,2018,730629,      5.00,      5.00,      5.00,      5.00,0,0,0,1,1,1
H5,704,2018,730630,     90.00,      5.00,     10.00,      9.00,0,0,0,10,10,10
H5,704,2018,730640,     28.00,      0.00,      7.00,      5.60,0,1,0,4,5,5
H5,704,2018,730650,     20.00,      5.00,      5.00,      5.00,0,0,0,4,4,4
H5,704,2018,730661,     10.00,      5.00,      5.00,      5.00,0,0,0,2,2,2
H5,704,2018,730669,     10.00,      5.00,      5.00,      5.00,0,0,0,2,2,2
H5,704,2018,730690,     60.00,     10.00,     10.00,     10.00,0,0,0,6,6,6
H5,704,2018,730711,     10.00,      5.00,      5.00,      5.00,0,0,0,2,2,2
H5,704,2018,730719,      5.00,      5.00,      5.00,      5.00,0,0,0,1,1,1
H5,704,2018,730721,     10.00,      5.00,      5.00,      5.00,0,0,0,2,2,2
H5,704,2018,730722,     20.00,     10.00,     10.00,     10.00,0,0,0,2,2,2
H5,704,2018,730723,     10.00,      5.00,      5.00,      5.00,0,0,0,2,2,2
H5,704,2018,730729,     10.00,      5.00,      5.00,      5.00,0,0,0,2,2,2
H5,704,2018,730791,     10.00,      5.00,      5.00,      5.00,0,0,0,2,2,2
H5,704,2018,730792,     20.00,     10.00,     10.00,     10.00,0,0,0,2,2,2
H5,704,2018,730793,     10.00,      5.00,      5.00,      5.00,0,0,0,2,2,2
H5,704,2018,730799,     10.00,      5.00,      5.00,      5.00,0,0,0,2,2,2
H5,704,2018,730810,      3.00,      0.00,      3.00,      1.50,0,1,0,1,2,2
H5,704,2018,730820,     16.00,      3.00,      5.00,      4.00,0,0,0,4,4,4
H5,704,2018,730830,     24.00,     12.00,     12.00,     12.00,0,0,0,2,2,2
H5,704,2018,730840,      6.00,      3.00,      3.00,      3.00,0,0,0,2,2,2
H5,704,2018,730890,     60.00,     10.00,     10.00,     10.00,0,0,0,6,6,6
H5,704,2018,730900,     20.00,      5.00,      5.00,      5.00,0,0,0,4,4,4
H5,704,2018,731010,     36.00,     12.00,     12.00,     12.00,0,0,0,3,3,3
H5,704,2018,731021,     37.00,     10.00,     15.00,     12.33,0,0,0,3,3,3
H5,704,2018,731029,     35.00,     10.00,     15.00,     11.67,0,0,0,3,3,3
H5,704,2018,731100,     89.00,      0.00,     20.00,      8.90,0,3,0,7,10,10
H5,704,2018,731210,     18.00,      3.00,      5.00,      4.50,0,0,0,4,4,4
H5,704,2018,731290,      5.00,      5.00,      5.00,      5.00,0,0,0,1,1,1
H5,704,2018,731300,     30.00,     30.00,     30.00,     30.00,0,0,0,1,1,1
H5,704,2018,731412,     15.00,     15.00,     15.00,     15.00,0,0,0,1,1,1
H5,704,2018,731414,     15.00,     15.00,     15.00,     15.00,0,0,0,1,1,1
H5,704,2018,731419,     30.00,     15.00,     15.00,     15.00,0,0,0,2,2,2
H5,704,2018,731420,     15.00,     15.00,     15.00,     15.00,0,0,0,1,1,1
H5,704,2018,731431,     20.00,     20.00,     20.00,     20.00,0,0,0,1,1,1
H5,704,2018,731439,     20.00,     20.00,     20.00,     20.00,0,0,0,1,1,1
H5,704,2018,731441,     30.00,     30.00,     30.00,     30.00,0,0,0,1,1,1
H5,704,2018,731442,     30.00,     30.00,     30.00,     30.00,0,0,0,1,1,1
H5,704,2018,731449,     30.00,     30.00,     30.00,     30.00,0,0,0,1,1,1
H5,704,2018,731450,     20.00,     20.00,     20.00,     20.00,0,0,0,1,1,1
H5,704,2018,731511,     41.00,      3.00,     35.00,     13.67,0,0,0,3,3,3
H5,704,2018,731512,      6.00,      3.00,      3.00,      3.00,0,0,0,2,2,2
H5,704,2018,731519,     38.00,      3.00,     35.00,     19.00,0,0,0,2,2,2
H5,704,2018,731520,      3.00,      3.00,      3.00,      3.00,0,0,0,1,1,1
H5,704,2018,731581,      3.00,      3.00,      3.00,      3.00,0,0,0,1,1,1
H5,704,2018,731582,      3.00,      3.00,      3.00,      3.00,0,0,0,1,1,1
H5,704,2018,731589,     33.00,      3.00,     30.00,     16.50,0,0,0,2,2,2
H5,704,2018,731590,     33.00,      3.00,     30.00,     16.50,0,0,0,2,2,2
H5,704,2018,731600,      3.00,      3.00,      3.00,      3.00,0,0,0,1,1,1
H5,704,2018,731700,     80.00,     20.00,     20.00,     20.00,0,0,0,4,4,4
H5,704,2018,731811,      5.00,      5.00,      5.00,      5.00,0,0,0,1,1,1
H5,704,2018,731812,     24.00,     12.00,     12.00,     12.00,0,0,0,2,2,2
H5,704,2018,731813,     10.00,     10.00,     10.00,     10.00,0,0,0,1,1,1
H5,704,2018,731814,     24.00,     12.00,     12.00,     12.00,0,0,0,2,2,2
H5,704,2018,731815,     24.00,     12.00,     12.00,     12.00,0,0,0,2,2,2
H5,704,2018,731816,     24.00,     12.00,     12.00,     12.00,0,0,0,2,2,2
H5,704,2018,731819,     24.00,     12.00,     12.00,     12.00,0,0,0,2,2,2
H5,704,2018,731821,     12.00,     12.00,     12.00,     12.00,0,0,0,1,1,1
H5,704,2018,731822,     12.00,     12.00,     12.00,     12.00,0,0,0,1,1,1
H5,704,2018,731823,     24.00,     12.00,     12.00,     12.00,0,0,0,2,2,2
H5,704,2018,731824,     12.00,     12.00,     12.00,     12.00,0,0,0,1,1,1
H5,704,2018,731829,     24.00,     12.00,     12.00,     12.00,0,0,0,2,2,2
H5,704,2018,731940,     60.00,     30.00,     30.00,     30.00,0,0,0,2,2,2
H5,704,2018,731990,     60.00,     30.00,     30.00,     30.00,0,0,0,2,2,2
H5,704,2018,732010,     19.00,      3.00,     10.00,      4.75,0,0,0,4,4,4
H5,704,2018,732020,     12.00,      3.00,      3.00,      3.00,0,0,0,4,4,4
H5,704,2018,732090,      6.00,      3.00,      3.00,      3.00,0,0,0,2,2,2
H5,704,2018,732111,     15.00,     15.00,     15.00,     15.00,0,0,0,1,1,1
H5,704,2018,732112,     20.00,     20.00,     20.00,     20.00,0,0,0,1,1,1
H5,704,2018,732119,     40.00,     20.00,     20.00,     20.00,0,0,0,2,2,2
H5,704,2018,732181,     15.00,     15.00,     15.00,     15.00,0,0,0,1,1,1
H5,704,2018,732182,     25.00,     25.00,     25.00,     25.00,0,0,0,1,1,1
H5,704,2018,732189,     25.00,     25.00,     25.00,     25.00,0,0,0,1,1,1
H5,704,2018,732190,     30.00,     10.00,     10.00,     10.00,0,0,0,3,3,3
H5,704,2018,732211,     27.00,     27.00,     27.00,     27.00,0,0,0,1,1,1
H5,704,2018,732219,     30.00,     30.00,     30.00,     30.00,0,0,0,1,1,1
H5,704,2018,732290,     20.00,     20.00,     20.00,     20.00,0,0,0,1,1,1
H5,704,2018,732310,     25.00,     25.00,     25.00,     25.00,0,0,0,1,1,1
H5,704,2018,732391,     90.00,     30.00,     30.00,     30.00,0,0,0,3,3,3
H5,704,2018,732392,     30.00,     30.00,     30.00,     30.00,0,0,0,1,1,1
H5,704,2018,732393,     90.00,     30.00,     30.00,     30.00,0,0,0,3,3,3
H5,704,2018,732394,     30.00,     30.00,     30.00,     30.00,0,0,0,1,1,1
H5,704,2018,732399,     60.00,     20.00,     20.00,     20.00,0,0,0,3,3,3
H5,704,2018,732410,     40.00,     20.00,     20.00,     20.00,0,0,0,2,2,2
H5,704,2018,732421,     70.00,     35.00,     35.00,     35.00,0,0,0,2,2,2
H5,704,2018,732429,     70.00,     35.00,     35.00,     35.00,0,0,0,2,2,2
H5,704,2018,732490,    100.00,     20.00,     20.00,     20.00,0,0,0,5,5,5
H5,704,2018,732510,     50.00,     15.00,     20.00,     16.67,0,0,0,3,3,3
H5,704,2018,732591,     20.00,     20.00,     20.00,     20.00,0,0,0,1,1,1
H5,704,2018,732599,     40.00,     20.00,     20.00,     20.00,0,0,0,2,2,2
H5,704,2018,732611,     20.00,     20.00,     20.00,     20.00,0,0,0,1,1,1
H5,704,2018,732619,     10.00,     10.00,     10.00,     10.00,0,0,0,1,1,1
H5,704,2018,732620,     50.00,     15.00,     20.00,     16.67,0,0,0,3,3,3
H5,704,2018,732690,     85.00,      5.00,     15.00,     12.14,0,0,0,7,7,7
H5,704,2018,740100,      0.00,      0.00,      0.00,      0.00,0,1,0,0,1,1
H5,704,2018,740200,      0.00,      0.00,      0.00,      0.00,0,1,0,0,1,1
H5,704,2018,740311,      0.00,      0.00,      0.00,      0.00,0,1,0,0,1,1
H5,704,2018,740312,      0.00,      0.00,      0.00,      0.00,0,1,0,0,1,1
H5,704,2018,740313,      0.00,      0.00,      0.00,      0.00,0,1,0,0,1,1
H5,704,2018,740319,      0.00,      0.00,      0.00,      0.00,0,1,0,0,1,1
H5,704,2018,740321,      0.00,      0.00,      0.00,      0.00,0,1,0,0,1,1
H5,704,2018,740322,      0.00,      0.00,      0.00,      0.00,0,1,0,0,1,1
H5,704,2018,740329,      0.00,      0.00,      0.00,      0.00,0,1,0,0,1,1
H5,704,2018,740400,      0.00,      0.00,      0.00,      0.00,0,1,0,0,1,1
H5,704,2018,740500,      0.00,      0.00,      0.00,      0.00,0,1,0,0,1,1
H5,704,2018,740610,      0.00,      0.00,      0.00,      0.00,0,1,0,0,1,1
H5,704,2018,740620,      0.00,      0.00,      0.00,      0.00,0,1,0,0,1,1
H5,704,2018,740710,      5.00,      0.00,      5.00,      2.50,0,1,0,1,2,2
H5,704,2018,740721,      0.00,      0.00,      0.00,      0.00,0,1,0,0,1,1
H5,704,2018,740729,      0.00,      0.00,      0.00,      0.00,0,1,0,0,1,1
H5,704,2018,740811,     15.00,      5.00,     10.00,      7.50,0,0,0,2,2,2
H5,704,2018,740819,     10.00,     10.00,     10.00,     10.00,0,0,0,1,1,1
H5,704,2018,740821,      3.00,      3.00,      3.00,      3.00,0,0,0,1,1,1
H5,704,2018,740822,      0.00,      0.00,      0.00,      0.00,0,1,0,0,1,1
H5,704,2018,740829,      0.00,      0.00,      0.00,      0.00,0,1,0,0,1,1
H5,704,2018,740911,      3.00,      3.00,      3.00,      3.00,0,0,0,1,1,1
H5,704,2018,740919,      0.00,      0.00,      0.00,      0.00,0,1,0,0,1,1
H5,704,2018,740921,      0.00,      0.00,      0.00,      0.00,0,1,0,0,1,1
H5,704,2018,740929,      0.00,      0.00,      0.00,      0.00,0,1,0,0,1,1
H5,704,2018,740931,      0.00,      0.00,      0.00,      0.00,0,1,0,0,1,1
H5,704,2018,740939,      0.00,      0.00,      0.00,      0.00,0,1,0,0,1,1
H5,704,2018,740940,      0.00,      0.00,      0.00,      0.00,0,1,0,0,1,1
H5,704,2018,740990,      0.00,      0.00,      0.00,      0.00,0,1,0,0,1,1
H5,704,2018,741011,      0.00,      0.00,      0.00,      0.00,0,1,0,0,1,1
H5,704,2018,741012,      0.00,      0.00,      0.00,      0.00,0,1,0,0,1,1
H5,704,2018,741021,      0.00,      0.00,      0.00,      0.00,0,2,0,0,2,2
H5,704,2018,741022,      0.00,      0.00,      0.00,      0.00,0,1,0,0,1,1
H5,704,2018,741110,      5.00,      5.00,      5.00,      5.00,0,0,0,1,1,1
H5,704,2018,741121,      5.00,      5.00,      5.00,      5.00,0,0,0,1,1,1
H5,704,2018,741122,      5.00,      5.00,      5.00,      5.00,0,0,0,1,1,1
H5,704,2018,741129,      3.00,      3.00,      3.00,      3.00,0,0,0,1,1,1
H5,704,2018,741210,      0.00,      0.00,      0.00,      0.00,0,1,0,0,1,1
H5,704,2018,741220,      0.00,      0.00,      0.00,      0.00,0,3,0,0,3,3
H5,704,2018,741300,     15.00,      0.00,     15.00,      7.50,0,1,0,1,2,2
H5,704,2018,741510,     60.00,     20.00,     20.00,     20.00,0,0,0,3,3,3
H5,704,2018,741521,     10.00,     10.00,     10.00,     10.00,0,0,0,1,1,1
H5,704,2018,741529,     10.00,     10.00,     10.00,     10.00,0,0,0,1,1,1
H5,704,2018,741533,     20.00,     10.00,     10.00,     10.00,0,0,0,2,2,2
H5,704,2018,741539,     10.00,     10.00,     10.00,     10.00,0,0,0,1,1,1
H5,704,2018,741810,     75.00,     25.00,     25.00,     25.00,0,0,0,3,3,3
H5,704,2018,741820,     30.00,     30.00,     30.00,     30.00,0,0,0,1,1,1
H5,704,2018,741910,      5.00,      5.00,      5.00,      5.00,0,0,0,1,1,1
H5,704,2018,741991,     10.00,      5.00,      5.00,      5.00,0,0,0,2,2,2
H5,704,2018,741999,     30.00,      0.00,      5.00,      3.33,0,3,0,6,9,9
H5,704,2018,750110,      0.00,      0.00,      0.00,      0.00,0,1,0,0,1,1
H5,704,2018,750120,      0.00,      0.00,      0.00,      0.00,0,1,0,0,1,1
H5,704,2018,750210,      0.00,      0.00,      0.00,      0.00,0,1,0,0,1,1
H5,704,2018,750220,      0.00,      0.00,      0.00,      0.00,0,1,0,0,1,1
H5,704,2018,750300,      0.00,      0.00,      0.00,      0.00,0,1,0,0,1,1
H5,704,2018,750400,      0.00,      0.00,      0.00,      0.00,0,1,0,0,1,1
H5,704,2018,750511,      0.00,      0.00,      0.00,      0.00,0,1,0,0,1,1
H5,704,2018,750512,      0.00,      0.00,      0.00,      0.00,0,1,0,0,1,1
H5,704,2018,750521,      0.00,      0.00,      0.00,      0.00,0,1,0,0,1,1
H5,704,2018,750522,      0.00,      0.00,      0.00,      0.00,0,1,0,0,1,1
H5,704,2018,750610,      0.00,      0.00,      0.00,      0.00,0,1,0,0,1,1
H5,704,2018,750620,      0.00,      0.00,      0.00,      0.00,0,1,0,0,1,1
H5,704,2018,750711,      0.00,      0.00,      0.00,      0.00,0,1,0,0,1,1
H5,704,2018,750712,      0.00,      0.00,      0.00,      0.00,0,1,0,0,1,1
H5,704,2018,750720,      0.00,      0.00,      0.00,      0.00,0,1,0,0,1,1
H5,704,2018,750810,      0.00,      0.00,      0.00,      0.00,0,1,0,0,1,1
H5,704,2018,750890,      0.00,      0.00,      0.00,      0.00,0,3,0,0,3,3
H5,704,2018,760110,      3.00,      3.00,      3.00,      3.00,0,0,0,1,1,1
H5,704,2018,760120,      3.00,      3.00,      3.00,      3.00,0,0,0,1,1,1
H5,704,2018,760200,      0.00,      0.00,      0.00,      0.00,0,1,0,0,1,1
H5,704,2018,760310,      0.00,      0.00,      0.00,      0.00,0,1,0,0,1,1
H5,704,2018,760320,      0.00,      0.00,      0.00,      0.00,0,2,0,0,2,2
H5,704,2018,760410,     15.00,      5.00,     10.00,      7.50,0,0,0,2,2,2
H5,704,2018,760421,     30.00,     10.00,     10.00,     10.00,0,0,0,3,3,3
H5,704,2018,760429,     25.00,      5.00,     10.00,      8.33,0,0,0,3,3,3
H5,704,2018,760511,     10.00,     10.00,     10.00,     10.00,0,0,0,1,1,1
H5,704,2018,760519,     20.00,     10.00,     10.00,     10.00,0,0,0,2,2,2
H5,704,2018,760521,      3.00,      3.00,      3.00,      3.00,0,0,0,1,1,1
H5,704,2018,760529,      6.00,      3.00,      3.00,      3.00,0,0,0,2,2,2
H5,704,2018,760611,      0.00,      0.00,      0.00,      0.00,0,2,0,0,2,2
H5,704,2018,760612,     18.00,      0.00,      3.00,      2.57,0,1,0,6,7,7
H5,704,2018,760691,      0.00,      0.00,      0.00,      0.00,0,1,0,0,1,1
H5,704,2018,760692,      3.00,      3.00,      3.00,      3.00,0,0,0,1,1,1
H5,704,2018,760711,      0.00,      0.00,      0.00,      0.00,0,1,0,0,1,1
H5,704,2018,760719,      3.00,      3.00,      3.00,      3.00,0,0,0,1,1,1
H5,704,2018,760720,      6.00,      3.00,      3.00,      3.00,0,0,0,2,2,2
H5,704,2018,760810,      3.00,      3.00,      3.00,      3.00,0,0,0,1,1,1
H5,704,2018,760820,      3.00,      3.00,      3.00,      3.00,0,0,0,1,1,1
H5,704,2018,760900,      3.00,      3.00,      3.00,      3.00,0,0,0,1,1,1
H5,704,2018,761010,     30.00,     15.00,     15.00,     15.00,0,0,0,2,2,2
H5,704,2018,761090,     33.00,      3.00,     15.00,     11.00,0,0,0,3,3,3
H5,704,2018,761100,      5.00,      5.00,      5.00,      5.00,0,0,0,1,1,1
H5,704,2018,761210,     20.00,     20.00,     20.00,     20.00,0,0,0,1,1,1
H5,704,2018,761290,     30.00,     15.00,     15.00,     15.00,0,0,0,2,2,2
H5,704,2018,761300,      3.00,      3.00,      3.00,      3.00,0,0,0,1,1,1
H5,704,2018,761410,     50.00,      5.00,     20.00,     12.50,0,0,0,4,4,4
H5,704,2018,761490,     50.00,      5.00,     20.00,     12.50,0,0,0,4,4,4
H5,704,2018,761510,     52.00,     22.00,     30.00,     26.00,0,0,0,2,2,2
H5,704,2018,761520,     60.00,     30.00,     30.00,     30.00,0,0,0,2,2,2
H5,704,2018,761610,     60.00,     20.00,     20.00,     20.00,0,0,0,3,3,3
H5,704,2018,761691,     20.00,     20.00,     20.00,     20.00,0,0,0,1,1,1
H5,704,2018,761699,    155.00,     15.00,     20.00,     17.22,0,0,0,9,9,9
H5,704,2018,780110,      0.00,      0.00,      0.00,      0.00,0,1,0,0,1,1
H5,704,2018,780191,      0.00,      0.00,      0.00,      0.00,0,1,0,0,1,1
H5,704,2018,780199,      0.00,      0.00,      0.00,      0.00,0,1,0,0,1,1
H5,704,2018,780200,      0.00,      0.00,      0.00,      0.00,0,1,0,0,1,1
H5,704,2018,780411,      0.00,      0.00,      0.00,      0.00,0,2,0,0,2,2
H5,704,2018,780419,      0.00,      0.00,      0.00,      0.00,0,1,0,0,1,1
H5,704,2018,780420,      0.00,      0.00,      0.00,      0.00,0,1,0,0,1,1
H5,704,2018,780600,      0.00,      0.00,      0.00,      0.00,0,4,0,0,4,4
H5,704,2018,790111,      0.00,      0.00,      0.00,      0.00,0,1,0,0,1,1
H5,704,2018,790112,      0.00,      0.00,      0.00,      0.00,0,1,0,0,1,1
H5,704,2018,790120,      0.00,      0.00,      0.00,      0.00,0,1,0,0,1,1
H5,704,2018,790200,      0.00,      0.00,      0.00,      0.00,0,1,0,0,1,1
H5,704,2018,790310,      0.00,      0.00,      0.00,      0.00,0,1,0,0,1,1
H5,704,2018,790390,      0.00,      0.00,      0.00,      0.00,0,1,0,0,1,1
H5,704,2018,790400,      0.00,      0.00,      0.00,      0.00,0,1,0,0,1,1
H5,704,2018,790500,      0.00,      0.00,      0.00,      0.00,0,2,0,0,2,2
H5,704,2018,790700,     50.00,      0.00,     10.00,      8.33,0,1,0,5,6,6
H5,704,2018,800110,      3.00,      3.00,      3.00,      3.00,0,0,0,1,1,1
H5,704,2018,800120,      3.00,      3.00,      3.00,      3.00,0,0,0,1,1,1
H5,704,2018,800200,      3.00,      3.00,      3.00,      3.00,0,0,0,1,1,1
H5,704,2018,800300,     13.00,      3.00,     10.00,      6.50,0,0,0,2,2,2
H5,704,2018,800700,     91.00,      3.00,     20.00,     13.00,0,0,0,7,7,7
H5,704,2018,810110,      0.00,      0.00,      0.00,      0.00,0,1,0,0,1,1
H5,704,2018,810194,      0.00,      0.00,      0.00,      0.00,0,1,0,0,1,1
H5,704,2018,810196,      0.00,      0.00,      0.00,      0.00,0,1,0,0,1,1
H5,704,2018,810197,      0.00,      0.00,      0.00,      0.00,0,1,0,0,1,1
H5,704,2018,810199,      0.00,      0.00,      0.00,      0.00,0,2,0,0,2,2
H5,704,2018,810210,      0.00,      0.00,      0.00,      0.00,0,1,0,0,1,1
H5,704,2018,810294,      0.00,      0.00,      0.00,      0.00,0,1,0,0,1,1
H5,704,2018,810295,      0.00,      0.00,      0.00,      0.00,0,1,0,0,1,1
H5,704,2018,810296,      0.00,      0.00,      0.00,      0.00,0,1,0,0,1,1
H5,704,2018,810297,      0.00,      0.00,      0.00,      0.00,0,1,0,0,1,1
H5,704,2018,810299,      0.00,      0.00,      0.00,      0.00,0,1,0,0,1,1
H5,704,2018,810320,      0.00,      0.00,      0.00,      0.00,0,1,0,0,1,1
H5,704,2018,810330,      0.00,      0.00,      0.00,      0.00,0,1,0,0,1,1
H5,704,2018,810390,      0.00,      0.00,      0.00,      0.00,0,1,0,0,1,1
H5,704,2018,810411,      0.00,      0.00,      0.00,      0.00,0,1,0,0,1,1
H5,704,2018,810419,      0.00,      0.00,      0.00,      0.00,0,1,0,0,1,1
H5,704,2018,810420,      0.00,      0.00,      0.00,      0.00,0,1,0,0,1,1
H5,704,2018,810430,      0.00,      0.00,      0.00,      0.00,0,1,0,0,1,1
H5,704,2018,810490,      0.00,      0.00,      0.00,      0.00,0,1,0,0,1,1
H5,704,2018,810520,      0.00,      0.00,      0.00,      0.00,0,2,0,0,2,2
H5,704,2018,810530,      0.00,      0.00,      0.00,      0.00,0,1,0,0,1,1
H5,704,2018,810590,      0.00,      0.00,      0.00,      0.00,0,1,0,0,1,1
H5,704,2018,810600,      0.00,      0.00,      0.00,      0.00,0,2,0,0,2,2
H5,704,2018,810720,      0.00,      0.00,      0.00,      0.00,0,1,0,0,1,1
H5,704,2018,810730,      0.00,      0.00,      0.00,      0.00,0,1,0,0,1,1
H5,704,2018,810790,      0.00,      0.00,      0.00,      0.00,0,1,0,0,1,1
H5,704,2018,810820,      0.00,      0.00,      0.00,      0.00,0,1,0,0,1,1
H5,704,2018,810830,      0.00,      0.00,      0.00,      0.00,0,1,0,0,1,1
H5,704,2018,810890,      0.00,      0.00,      0.00,      0.00,0,1,0,0,1,1
H5,704,2018,810920,      0.00,      0.00,      0.00,      0.00,0,1,0,0,1,1
H5,704,2018,810930,      0.00,      0.00,      0.00,      0.00,0,1,0,0,1,1
H5,704,2018,810990,      0.00,      0.00,      0.00,      0.00,0,1,0,0,1,1
H5,704,2018,811010,      0.00,      0.00,      0.00,      0.00,0,1,0,0,1,1
H5,704,2018,811020,      0.00,      0.00,      0.00,      0.00,0,1,0,0,1,1
H5,704,2018,811090,      0.00,      0.00,      0.00,      0.00,0,1,0,0,1,1
H5,704,2018,811100,      0.00,      0.00,      0.00,      0.00,0,2,0,0,2,2
H5,704,2018,811212,      0.00,      0.00,      0.00,      0.00,0,1,0,0,1,1
H5,704,2018,811213,      0.00,      0.00,      0.00,      0.00,0,1,0,0,1,1
H5,704,2018,811219,      0.00,      0.00,      0.00,      0.00,0,1,0,0,1,1
H5,704,2018,811221,      0.00,      0.00,      0.00,      0.00,0,1,0,0,1,1
H5,704,2018,811222,      0.00,      0.00,      0.00,      0.00,0,1,0,0,1,1
H5,704,2018,811229,      0.00,      0.00,      0.00,      0.00,0,1,0,0,1,1
H5,704,2018,811251,      0.00,      0.00,      0.00,      0.00,0,1,0,0,1,1
H5,704,2018,811252,      0.00,      0.00,      0.00,      0.00,0,1,0,0,1,1
H5,704,2018,811259,      0.00,      0.00,      0.00,      0.00,0,1,0,0,1,1
H5,704,2018,811292,      0.00,      0.00,      0.00,      0.00,0,1,0,0,1,1
H5,704,2018,811299,      0.00,      0.00,      0.00,      0.00,0,1,0,0,1,1
H5,704,2018,811300,      0.00,      0.00,      0.00,      0.00,0,1,0,0,1,1
H5,704,2018,820110,     20.00,     20.00,     20.00,     20.00,0,0,0,1,1,1
H5,704,2018,820130,     40.00,     20.00,     20.00,     20.00,0,0,0,2,2,2
H5,704,2018,820140,     20.00,     20.00,     20.00,     20.00,0,0,0,1,1,1
H5,704,2018,820150,     20.00,     20.00,     20.00,     20.00,0,0,0,1,1,1
H5,704,2018,820160,     20.00,     20.00,     20.00,     20.00,0,0,0,1,1,1
H5,704,2018,820190,     20.00,     20.00,     20.00,     20.00,0,0,0,1,1,1
H5,704,2018,820210,     20.00,     20.00,     20.00,     20.00,0,0,0,1,1,1
H5,704,2018,820220,     10.00,     10.00,     10.00,     10.00,0,0,0,1,1,1
H5,704,2018,820231,      2.00,      2.00,      2.00,      2.00,0,0,0,1,1,1
H5,704,2018,820239,      2.00,      2.00,      2.00,      2.00,0,0,0,1,1,1
H5,704,2018,820240,      0.00,      0.00,      0.00,      0.00,0,1,0,0,1,1
H5,704,2018,820291,      2.00,      2.00,      2.00,      2.00,0,0,0,1,1,1
H5,704,2018,820299,      4.00,      2.00,      2.00,      2.00,0,0,0,2,2,2
H5,704,2018,820310,     20.00,     20.00,     20.00,     20.00,0,0,0,1,1,1
H5,704,2018,820320,     20.00,     20.00,     20.00,     20.00,0,0,0,1,1,1
H5,704,2018,820330,      5.00,      5.00,      5.00,      5.00,0,0,0,1,1,1
H5,704,2018,820340,     10.00,     10.00,     10.00,     10.00,0,0,0,1,1,1
H5,704,2018,820411,     15.00,     15.00,     15.00,     15.00,0,0,0,1,1,1
H5,704,2018,820412,     20.00,     20.00,     20.00,     20.00,0,0,0,1,1,1
H5,704,2018,820420,     20.00,     20.00,     20.00,     20.00,0,0,0,1,1,1
H5,704,2018,820510,      5.00,      5.00,      5.00,      5.00,0,0,0,1,1,1
H5,704,2018,820520,     20.00,     20.00,     20.00,     20.00,0,0,0,1,1,1
H5,704,2018,820530,     20.00,     20.00,     20.00,     20.00,0,0,0,1,1,1
H5,704,2018,820540,     20.00,     20.00,     20.00,     20.00,0,0,0,1,1,1
H5,704,2018,820551,     20.00,     20.00,     20.00,     20.00,0,0,0,1,1,1
H5,704,2018,820559,     20.00,     20.00,     20.00,     20.00,0,0,0,1,1,1
H5,704,2018,820560,     20.00,     20.00,     20.00,     20.00,0,0,0,1,1,1
H5,704,2018,820570,     20.00,     20.00,     20.00,     20.00,0,0,0,1,1,1
H5,704,2018,820590,     20.00,     20.00,     20.00,     20.00,0,0,0,1,1,1
H5,704,2018,820600,     20.00,     20.00,     20.00,     20.00,0,0,0,1,1,1
H5,704,2018,820713,      0.00,      0.00,      0.00,      0.00,0,1,0,0,1,1
H5,704,2018,820719,      0.00,      0.00,      0.00,      0.00,0,1,0,0,1,1
H5,704,2018,820720,      0.00,      0.00,      0.00,      0.00,0,1,0,0,1,1
H5,704,2018,820730,      0.00,      0.00,      0.00,      0.00,0,1,0,0,1,1
H5,704,2018,820740,      0.00,      0.00,      0.00,      0.00,0,1,0,0,1,1
H5,704,2018,820750,      0.00,      0.00,      0.00,      0.00,0,1,0,0,1,1
H5,704,2018,820760,      0.00,      0.00,      0.00,      0.00,0,1,0,0,1,1
H5,704,2018,820770,      0.00,      0.00,      0.00,      0.00,0,1,0,0,1,1
H5,704,2018,820780,      0.00,      0.00,      0.00,      0.00,0,1,0,0,1,1
H5,704,2018,820790,      0.00,      0.00,      0.00,      0.00,0,1,0,0,1,1
H5,704,2018,820810,      0.00,      0.00,      0.00,      0.00,0,1,0,0,1,1
H5,704,2018,820820,      0.00,      0.00,      0.00,      0.00,0,1,0,0,1,1
H5,704,2018,820830,     20.00,     20.00,     20.00,     20.00,0,0,0,1,1,1
H5,704,2018,820840,      0.00,      0.00,      0.00,      0.00,0,1,0,0,1,1
H5,704,2018,820890,      0.00,      0.00,      0.00,      0.00,0,1,0,0,1,1
H5,704,2018,820900,      0.00,      0.00,      0.00,      0.00,0,1,0,0,1,1
H5,704,2018,821000,     20.00,     20.00,     20.00,     20.00,0,0,0,1,1,1
H5,704,2018,821110,      5.00,      5.00,      5.00,      5.00,0,0,0,1,1,1
H5,704,2018,821191,      5.00,      5.00,      5.00,      5.00,0,0,0,1,1,1
H5,704,2018,821192,     15.00,      5.00,      5.00,      5.00,0,0,0,3,3,3
H5,704,2018,821193,     15.00,      5.00,      5.00,      5.00,0,0,0,3,3,3
H5,704,2018,821194,     10.00,      5.00,      5.00,      5.00,0,0,0,2,2,2
H5,704,2018,821195,      5.00,      5.00,      5.00,      5.00,0,0,0,1,1,1
H5,704,2018,821210,     20.00,     20.00,     20.00,     20.00,0,0,0,1,1,1
H5,704,2018,821220,     40.00,     20.00,     20.00,     20.00,0,0,0,2,2,2
H5,704,2018,821290,     17.00,     17.00,     17.00,     17.00,0,0,0,1,1,1
H5,704,2018,821300,     25.00,     25.00,     25.00,     25.00,0,0,0,1,1,1
H5,704,2018,821410,     25.00,     25.00,     25.00,     25.00,0,0,0,1,1,1
H5,704,2018,821420,     25.00,     25.00,     25.00,     25.00,0,0,0,1,1,1
H5,704,2018,821490,     25.00,     25.00,     25.00,     25.00,0,0,0,1,1,1
H5,704,2018,821510,     25.00,     25.00,     25.00,     25.00,0,0,0,1,1,1
H5,704,2018,821520,     25.00,     25.00,     25.00,     25.00,0,0,0,1,1,1
H5,704,2018,821591,     25.00,     25.00,     25.00,     25.00,0,0,0,1,1,1
H5,704,2018,821599,     25.00,     25.00,     25.00,     25.00,0,0,0,1,1,1
H5,704,2018,830110,     25.00,     25.00,     25.00,     25.00,0,0,0,1,1,1
H5,704,2018,830120,     25.00,     25.00,     25.00,     25.00,0,0,0,1,1,1
H5,704,2018,830130,     25.00,     25.00,     25.00,     25.00,0,0,0,1,1,1
H5,704,2018,830140,     50.00,      0.00,     25.00,     16.67,0,1,0,2,3,3
H5,704,2018,830150,     25.00,     25.00,     25.00,     25.00,0,0,0,1,1,1
H5,704,2018,830160,     25.00,     25.00,     25.00,     25.00,0,0,0,1,1,1
H5,704,2018,830170,     25.00,     25.00,     25.00,     25.00,0,0,0,1,1,1
H5,704,2018,830210,     20.00,     20.00,     20.00,     20.00,0,0,0,1,1,1
H5,704,2018,830220,     35.00,     15.00,     20.00,     17.50,0,0,0,2,2,2
H5,704,2018,830230,     40.00,     20.00,     20.00,     20.00,0,0,0,2,2,2
H5,704,2018,830241,     60.00,     20.00,     20.00,     20.00,0,0,0,3,3,3
H5,704,2018,830242,     40.00,     20.00,     20.00,     20.00,0,0,0,2,2,2
H5,704,2018,830249,     60.00,     20.00,     20.00,     20.00,0,0,0,3,3,3
H5,704,2018,830250,     25.00,     25.00,     25.00,     25.00,0,0,0,1,1,1
H5,704,2018,830260,     17.00,     17.00,     17.00,     17.00,0,0,0,1,1,1
H5,704,2018,830300,     25.00,     25.00,     25.00,     25.00,0,0,0,1,1,1
H5,704,2018,830400,    125.00,     25.00,     25.00,     25.00,0,0,0,5,5,5
H5,704,2018,830510,     50.00,     25.00,     25.00,     25.00,0,0,0,2,2,2
H5,704,2018,830520,     65.00,     15.00,     25.00,     21.67,0,0,0,3,3,3
H5,704,2018,830590,     50.00,     25.00,     25.00,     25.00,0,0,0,2,2,2
H5,704,2018,830610,     25.00,     25.00,     25.00,     25.00,0,0,0,1,1,1
H5,704,2018,830621,     25.00,     25.00,     25.00,     25.00,0,0,0,1,1,1
H5,704,2018,830629,    100.00,     25.00,     25.00,     25.00,0,0,0,4,4,4
H5,704,2018,830630,     75.00,     25.00,     25.00,     25.00,0,0,0,3,3,3
H5,704,2018,830710,     10.00,     10.00,     10.00,     10.00,0,0,0,1,1,1
H5,704,2018,830790,     10.00,     10.00,     10.00,     10.00,0,0,0,1,1,1
H5,704,2018,830810,     27.00,     27.00,     27.00,     27.00,0,0,0,1,1,1
H5,704,2018,830820,     20.00,     20.00,     20.00,     20.00,0,0,0,1,1,1
H5,704,2018,830890,     75.00,     25.00,     25.00,     25.00,0,0,0,3,3,3
H5,704,2018,830910,     15.00,     15.00,     15.00,     15.00,0,0,0,1,1,1
H5,704,2018,830990,    135.00,     15.00,     15.00,     15.00,0,0,0,9,9,9
H5,704,2018,831000,     10.00,     10.00,     10.00,     10.00,0,0,0,1,1,1
H5,704,2018,831110,     50.00,     25.00,     25.00,     25.00,0,0,0,2,2,2
H5,704,2018,831120,     29.00,      2.00,     25.00,      9.67,0,0,0,3,3,3
H5,704,2018,831130,     34.00,      2.00,     15.00,      8.50,0,0,0,4,4,4
H5,704,2018,831190,     25.00,     25.00,     25.00,     25.00,0,0,0,1,1,1
H5,704,2018,840110,      0.00,      0.00,      0.00,      0.00,0,1,0,0,1,1
H5,704,2018,840120,      0.00,      0.00,      0.00,      0.00,0,1,0,0,1,1
H5,704,2018,840130,      0.00,      0.00,      0.00,      0.00,0,1,0,0,1,1
H5,704,2018,840140,      0.00,      0.00,      0.00,      0.00,0,1,0,0,1,1
H5,704,2018,840211,      0.00,      0.00,      0.00,      0.00,0,2,0,0,2,2
H5,704,2018,840212,     20.00,      5.00,      5.00,      5.00,0,0,0,4,4,4
H5,704,2018,840219,     12.00,      3.00,      3.00,      3.00,0,0,0,4,4,4
H5,704,2018,840220,      0.00,      0.00,      0.00,      0.00,0,2,0,0,2,2
H5,704,2018,840290,      0.00,      0.00,      0.00,      0.00,0,2,0,0,2,2
H5,704,2018,840310,      0.00,      0.00,      0.00,      0.00,0,1,0,0,1,1
H5,704,2018,840390,      0.00,      0.00,      0.00,      0.00,0,2,0,0,2,2
H5,704,2018,840410,      0.00,      0.00,      0.00,      0.00,0,3,0,0,3,3
H5,704,2018,840420,      0.00,      0.00,      0.00,      0.00,0,1,0,0,1,1
H5,704,2018,840490,      0.00,      0.00,      0.00,      0.00,0,5,0,0,5,5
H5,704,2018,840510,      0.00,      0.00,      0.00,      0.00,0,1,0,0,1,1
H5,704,2018,840590,      0.00,      0.00,      0.00,      0.00,0,1,0,0,1,1
H5,704,2018,840610,      0.00,      0.00,      0.00,      0.00,0,1,0,0,1,1
H5,704,2018,840681,      0.00,      0.00,      0.00,      0.00,0,1,0,0,1,1
H5,704,2018,840682,      0.00,      0.00,      0.00,      0.00,0,2,0,0,2,2
H5,704,2018,840690,      0.00,      0.00,      0.00,      0.00,0,1,0,0,1,1
H5,704,2018,840710,      0.00,      0.00,      0.00,      0.00,0,1,0,0,1,1
H5,704,2018,840721,     32.00,      7.00,     25.00,     16.00,0,0,0,2,2,2
H5,704,2018,840729,     32.00,      7.00,     25.00,     16.00,0,0,0,2,2,2
H5,704,2018,840731,     50.00,     50.00,     50.00,     50.00,0,0,0,1,1,1
H5,704,2018,840732,    210.00,     30.00,     45.00,     35.00,0,0,0,6,6,6
H5,704,2018,840733,     82.00,     25.00,     32.00,     27.33,0,0,0,3,3,3
H5,704,2018,840734,    278.00,     18.00,     32.00,     23.17,0,0,0,12,12,12
H5,704,2018,840790,     55.00,      5.00,     25.00,     18.33,0,0,0,3,3,3
H5,704,2018,840810,     23.00,      0.00,     20.00,      5.75,0,2,0,2,4,4
H5,704,2018,840820,    167.00,      7.00,     25.00,     20.88,0,0,0,8,8,8
H5,704,2018,840890,     55.00,      0.00,     25.00,      7.86,0,2,0,5,7,7
H5,704,2018,840910,      0.00,      0.00,      0.00,      0.00,0,1,0,0,1,1
H5,704,2018,840991,    637.00,      3.00,     27.00,     12.02,0,0,0,53,53,53
H5,704,2018,840999,    543.00,      3.00,     15.00,      9.87,0,0,0,55,55,55
H5,704,2018,841011,      0.00,      0.00,      0.00,      0.00,0,1,0,0,1,1
H5,704,2018,841012,      0.00,      0.00,      0.00,      0.00,0,1,0,0,1,1
H5,704,2018,841013,      0.00,      0.00,      0.00,      0.00,0,1,0,0,1,1
H5,704,2018,841090,      0.00,      0.00,      0.00,      0.00,0,1,0,0,1,1
H5,704,2018,841111,      0.00,      0.00,      0.00,      0.00,0,1,0,0,1,1
H5,704,2018,841112,      0.00,      0.00,      0.00,      0.00,0,1,0,0,1,1
H5,704,2018,841121,      0.00,      0.00,      0.00,      0.00,0,1,0,0,1,1
H5,704,2018,841122,      0.00,      0.00,      0.00,      0.00,0,1,0,0,1,1
H5,704,2018,841181,      0.00,      0.00,      0.00,      0.00,0,1,0,0,1,1
H5,704,2018,841182,      0.00,      0.00,      0.00,      0.00,0,1,0,0,1,1
H5,704,2018,841191,      0.00,      0.00,      0.00,      0.00,0,1,0,0,1,1
H5,704,2018,841199,      0.00,      0.00,      0.00,      0.00,0,1,0,0,1,1
H5,704,2018,841210,      0.00,      0.00,      0.00,      0.00,0,1,0,0,1,1
H5,704,2018,841221,      0.00,      0.00,      0.00,      0.00,0,1,0,0,1,1
H5,704,2018,841229,      0.00,      0.00,      0.00,      0.00,0,1,0,0,1,1
H5,704,2018,841231,      0.00,      0.00,      0.00,      0.00,0,1,0,0,1,1
H5,704,2018,841239,      0.00,      0.00,      0.00,      0.00,0,1,0,0,1,1
H5,704,2018,841280,      0.00,      0.00,      0.00,      0.00,0,1,0,0,1,1
H5,704,2018,841290,      0.00,      0.00,      0.00,      0.00,0,2,0,0,2,2
H5,704,2018,841311,      3.00,      3.00,      3.00,      3.00,0,0,0,1,1,1
H5,704,2018,841319,      6.00,      3.00,      3.00,      3.00,0,0,0,2,2,2
H5,704,2018,841320,     60.00,     20.00,     20.00,     20.00,0,0,0,3,3,3
H5,704,2018,841330,     15.00,      3.00,      3.00,      3.00,0,0,0,5,5,5
H5,704,2018,841340,      0.00,      0.00,      0.00,      0.00,0,1,0,0,1,1
H5,704,2018,841350,     30.00,      0.00,     10.00,      7.50,0,1,0,3,4,4
H5,704,2018,841360,     30.00,      0.00,     10.00,      7.50,0,1,0,3,4,4
H5,704,2018,841370,    110.00,      0.00,     20.00,     10.00,0,2,0,9,11,11
H5,704,2018,841381,     30.00,      0.00,     10.00,      7.50,0,1,0,3,4,4
H5,704,2018,841382,      0.00,      0.00,      0.00,      0.00,0,2,0,0,2,2
H5,704,2018,841391,     20.00,      0.00,      5.00,      4.00,0,1,0,4,5,5
H5,704,2018,841392,      0.00,      0.00,      0.00,      0.00,0,1,0,0,1,1
H5,704,2018,841410,     10.00,     10.00,     10.00,     10.00,0,0,0,1,1,1
H5,704,2018,841420,     40.00,     20.00,     20.00,     20.00,0,0,0,2,2,2
H5,704,2018,841430,      6.00,      3.00,      3.00,      3.00,0,0,0,2,2,2
H5,704,2018,841440,      7.00,      7.00,      7.00,      7.00,0,0,0,1,1,1
H5,704,2018,841451,     80.00,     25.00,     30.00,     26.67,0,0,0,3,3,3
H5,704,2018,841459,     80.00,      5.00,     15.00,     11.43,0,0,0,7,7,7
H5,704,2018,841460,     45.00,      0.00,     15.00,     11.25,0,1,0,3,4,4
H5,704,2018,841480,     50.00,      0.00,      7.00,      4.55,0,1,0,10,11,11
H5,704,2018,841490,     40.00,      0.00,     15.00,      3.33,0,8,0,4,12,12
H5,704,2018,841510,     50.00,     20.00,     30.00,     25.00,0,0,0,2,2,2
H5,704,2018,841520,     42.00,     17.00,     25.00,     21.00,0,0,0,2,2,2
H5,704,2018,841581,    171.00,      0.00,     25.00,     15.55,0,3,0,8,11,11
H5,704,2018,841582,    126.00,      0.00,     27.00,     15.75,0,2,0,6,8,8
H5,704,2018,841583,    126.00,      0.00,     25.00,     15.75,0,2,0,6,8,8
H5,704,2018,841590,     29.00,      0.00,      5.00,      1.81,0,7,0,9,16,16
H5,704,2018,841610,      0.00,      0.00,      0.00,      0.00,0,1,0,0,1,1
H5,704,2018,841620,      0.00,      0.00,      0.00,      0.00,0,1,0,0,1,1
H5,704,2018,841630,      0.00,      0.00,      0.00,      0.00,0,1,0,0,1,1
H5,704,2018,841690,      0.00,      0.00,      0.00,      0.00,0,1,0,0,1,1
H5,704,2018,841710,      0.00,      0.00,      0.00,      0.00,0,1,0,0,1,1
H5,704,2018,841720,     10.00,     10.00,     10.00,     10.00,0,0,0,1,1,1
H5,704,2018,841780,      0.00,      0.00,      0.00,      0.00,0,1,0,0,1,1
H5,704,2018,841790,      0.00,      0.00,      0.00,      0.00,0,1,0,0,1,1
H5,704,2018,841810,     56.00,      3.00,     25.00,     14.00,0,0,0,4,4,4
H5,704,2018,841821,     50.00,     25.00,     25.00,     25.00,0,0,0,2,2,2
H5,704,2018,841829,     35.00,     35.00,     35.00,     35.00,0,0,0,1,1,1
H5,704,2018,841830,     40.00,     20.00,     20.00,     20.00,0,0,0,2,2,2
H5,704,2018,841840,     40.00,     20.00,     20.00,     20.00,0,0,0,2,2,2
H5,704,2018,841850,     42.00,      5.00,     20.00,     10.50,0,0,0,4,4,4
H5,704,2018,841861,     10.00,     10.00,     10.00,     10.00,0,0,0,1,1,1
H5,704,2018,841869,     53.00,      3.00,     10.00,      8.83,0,0,0,6,6,6
H5,704,2018,841891,      3.00,      3.00,      3.00,      3.00,0,0,0,1,1,1
H5,704,2018,841899,      0.00,      0.00,      0.00,      0.00,0,3,0,0,3,3
H5,704,2018,841911,     20.00,     10.00,     10.00,     10.00,0,0,0,2,2,2
H5,704,2018,841919,     10.00,      5.00,      5.00,      5.00,0,0,0,2,2,2
H5,704,2018,841920,      0.00,      0.00,      0.00,      0.00,0,1,0,0,1,1
H5,704,2018,841931,      0.00,      0.00,      0.00,      0.00,0,3,0,0,3,3
H5,704,2018,841932,      0.00,      0.00,      0.00,      0.00,0,2,0,0,2,2
H5,704,2018,841939,      0.00,      0.00,      0.00,      0.00,0,3,0,0,3,3
H5,704,2018,841940,      0.00,      0.00,      0.00,      0.00,0,2,0,0,2,2
H5,704,2018,841950,      9.00,      3.00,      3.00,      3.00,0,0,0,3,3,3
H5,704,2018,841960,      0.00,      0.00,      0.00,      0.00,0,2,0,0,2,2
H5,704,2018,841981,     30.00,     15.00,     15.00,     15.00,0,0,0,2,2,2
H5,704,2018,841989,      0.00,      0.00,      0.00,      0.00,0,3,0,0,3,3
H5,704,2018,841990,      0.00,      0.00,      0.00,      0.00,0,5,0,0,5,5
H5,704,2018,842010,      5.00,      0.00,      5.00,      1.67,0,2,0,1,3,3
H5,704,2018,842091,      3.00,      0.00,      3.00,      1.50,0,1,0,1,2,2
H5,704,2018,842099,      3.00,      0.00,      3.00,      1.50,0,1,0,1,2,2
H5,704,2018,842111,     10.00,     10.00,     10.00,     10.00,0,0,0,1,1,1
H5,704,2018,842112,     18.00,     18.00,     18.00,     18.00,0,0,0,1,1,1
H5,704,2018,842119,     10.00,      5.00,      5.00,      5.00,0,0,0,2,2,2
H5,704,2018,842121,     20.00,      5.00,      5.00,      5.00,0,0,0,4,4,4
H5,704,2018,842122,     20.00,     10.00,     10.00,     10.00,0,0,0,2,2,2
H5,704,2018,842123,     30.00,      0.00,     15.00,      5.00,0,4,0,2,6,6
H5,704,2018,842129,      0.00,      0.00,      0.00,      0.00,0,6,0,0,6,6
H5,704,2018,842131,     10.00,      0.00,     10.00,      3.33,0,2,0,1,3,3
H5,704,2018,842139,      0.00,      0.00,      0.00,      0.00,0,2,0,0,2,2
H5,704,2018,842191,      0.00,      0.00,      0.00,      0.00,0,3,0,0,3,3
H5,704,2018,842199,      0.00,      0.00,      0.00,      0.00,0,9,0,0,9,9
H5,704,2018,842211,     20.00,     20.00,     20.00,     20.00,0,0,0,1,1,1
H5,704,2018,842219,     15.00,     15.00,     15.00,     15.00,0,0,0,1,1,1
H5,704,2018,842220,      5.00,      5.00,      5.00,      5.00,0,0,0,1,1,1
H5,704,2018,842230,      0.00,      0.00,      0.00,      0.00,0,1,0,0,1,1
H5,704,2018,842240,      0.00,      0.00,      0.00,      0.00,0,1,0,0,1,1
H5,704,2018,842290,      5.00,      0.00,      5.00,      2.50,0,1,0,1,2,2
H5,704,2018,842310,     40.00,     20.00,     20.00,     20.00,0,0,0,2,2,2
H5,704,2018,842320,      0.00,      0.00,      0.00,      0.00,0,2,0,0,2,2
H5,704,2018,842330,      0.00,      0.00,      0.00,      0.00,0,2,0,0,2,2
H5,704,2018,842381,     40.00,     20.00,     20.00,     20.00,0,0,0,2,2,2
H5,704,2018,842382,     28.00,      3.00,     15.00,      7.00,0,0,0,4,4,4
H5,704,2018,842389,      6.00,      3.00,      3.00,      3.00,0,0,0,2,2,2
H5,704,2018,842390,     25.00,      5.00,     15.00,      8.33,0,0,0,3,3,3
H5,704,2018,842410,      0.00,      0.00,      0.00,      0.00,0,2,0,0,2,2
H5,704,2018,842420,      0.00,      0.00,      0.00,      0.00,0,4,0,0,4,4
H5,704,2018,842430,      0.00,      0.00,      0.00,      0.00,0,1,0,0,1,1
H5,704,2018,842441,     15.00,      0.00,     15.00,      5.00,0,2,0,1,3,3
H5,704,2018,842449,      0.00,      0.00,      0.00,      0.00,0,2,0,0,2,2
H5,704,2018,842482,      0.00,      0.00,      0.00,      0.00,0,3,0,0,3,3
H5,704,2018,842489,     16.00,      0.00,      8.00,      3.20,0,3,0,2,5,5
H5,704,2018,842490,      0.00,      0.00,      0.00,      0.00,0,10,0,0,10,10
H5,704,2018,842511,      0.00,      0.00,      0.00,      0.00,0,1,0,0,1,1
H5,704,2018,842519,      0.00,      0.00,      0.00,      0.00,0,1,0,0,1,1
H5,704,2018,842531,      0.00,      0.00,      0.00,      0.00,0,1,0,0,1,1
H5,704,2018,842539,      0.00,      0.00,      0.00,      0.00,0,1,0,0,1,1
H5,704,2018,842541,      0.00,      0.00,      0.00,      0.00,0,1,0,0,1,1
H5,704,2018,842542,      0.00,      0.00,      0.00,      0.00,0,2,0,0,2,2
H5,704,2018,842549,      0.00,      0.00,      0.00,      0.00,0,2,0,0,2,2
H5,704,2018,842611,      5.00,      5.00,      5.00,      5.00,0,0,0,1,1,1
H5,704,2018,842612,      0.00,      0.00,      0.00,      0.00,0,1,0,0,1,1
H5,704,2018,842619,      0.00,      0.00,      0.00,      0.00,0,3,0,0,3,3
H5,704,2018,842620,      0.00,      0.00,      0.00,      0.00,0,1,0,0,1,1
H5,704,2018,842630,      5.00,      5.00,      5.00,      5.00,0,0,0,1,1,1
H5,704,2018,842641,      0.00,      0.00,      0.00,      0.00,0,1,0,0,1,1
H5,704,2018,842649,      0.00,      0.00,      0.00,      0.00,0,1,0,0,1,1
H5,704,2018,842691,      0.00,      0.00,      0.00,      0.00,0,1,0,0,1,1
H5,704,2018,842699,      0.00,      0.00,      0.00,      0.00,0,1,0,0,1,1
H5,704,2018,842710,      0.00,      0.00,      0.00,      0.00,0,1,0,0,1,1
H5,704,2018,842720,      0.00,      0.00,      0.00,      0.00,0,1,0,0,1,1
H5,704,2018,842790,      0.00,      0.00,      0.00,      0.00,0,1,0,0,1,1
H5,704,2018,842810,     20.00,      0.00,     10.00,      6.67,0,1,0,2,3,3
H5,704,2018,842820,     10.00,      5.00,      5.00,      5.00,0,0,0,2,2,2
H5,704,2018,842831,      5.00,      5.00,      5.00,      5.00,0,0,0,1,1,1
H5,704,2018,842832,     10.00,      5.00,      5.00,      5.00,0,0,0,2,2,2
H5,704,2018,842833,     10.00,      5.00,      5.00,      5.00,0,0,0,2,2,2
H5,704,2018,842839,     10.00,      5.00,      5.00,      5.00,0,0,0,2,2,2
H5,704,2018,842840,      5.00,      5.00,      5.00,      5.00,0,0,0,1,1,1
H5,704,2018,842860,      0.00,      0.00,      0.00,      0.00,0,1,0,0,1,1
H5,704,2018,842890,      0.00,      0.00,      0.00,      0.00,0,3,0,0,3,3
H5,704,2018,842911,      0.00,      0.00,      0.00,      0.00,0,1,0,0,1,1
H5,704,2018,842919,      0.00,      0.00,      0.00,      0.00,0,1,0,0,1,1
H5,704,2018,842920,      0.00,      0.00,      0.00,      0.00,0,1,0,0,1,1
H5,704,2018,842930,      0.00,      0.00,      0.00,      0.00,0,1,0,0,1,1
H5,704,2018,842940,      5.00,      0.00,      5.00,      1.25,0,3,0,1,4,4
H5,704,2018,842951,      0.00,      0.00,      0.00,      0.00,0,1,0,0,1,1
H5,704,2018,842952,      0.00,      0.00,      0.00,      0.00,0,1,0,0,1,1
H5,704,2018,842959,      0.00,      0.00,      0.00,      0.00,0,1,0,0,1,1
H5,704,2018,843010,      0.00,      0.00,      0.00,      0.00,0,1,0,0,1,1
H5,704,2018,843020,      0.00,      0.00,      0.00,      0.00,0,1,0,0,1,1
H5,704,2018,843031,      0.00,      0.00,      0.00,      0.00,0,1,0,0,1,1
H5,704,2018,843039,      0.00,      0.00,      0.00,      0.00,0,1,0,0,1,1
H5,704,2018,843041,      0.00,      0.00,      0.00,      0.00,0,1,0,0,1,1
H5,704,2018,843049,      0.00,      0.00,      0.00,      0.00,0,2,0,0,2,2
H5,704,2018,843050,      0.00,      0.00,      0.00,      0.00,0,1,0,0,1,1
H5,704,2018,843061,      0.00,      0.00,      0.00,      0.00,0,1,0,0,1,1
H5,704,2018,843069,      0.00,      0.00,      0.00,      0.00,0,1,0,0,1,1
H5,704,2018,843110,      0.00,      0.00,      0.00,      0.00,0,4,0,0,4,4
H5,704,2018,843120,      0.00,      0.00,      0.00,      0.00,0,2,0,0,2,2
H5,704,2018,843131,      0.00,      0.00,      0.00,      0.00,0,2,0,0,2,2
H5,704,2018,843139,      0.00,      0.00,      0.00,      0.00,0,4,0,0,4,4
H5,704,2018,843141,     10.00,      5.00,      5.00,      5.00,0,0,0,2,2,2
H5,704,2018,843142,      5.00,      5.00,      5.00,      5.00,0,0,0,1,1,1
H5,704,2018,843143,      0.00,      0.00,      0.00,      0.00,0,1,0,0,1,1
H5,704,2018,843149,      0.00,      0.00,      0.00,      0.00,0,6,0,0,6,6
H5,704,2018,843210,     20.00,     20.00,     20.00,     20.00,0,0,0,1,1,1
H5,704,2018,843221,     20.00,     20.00,     20.00,     20.00,0,0,0,1,1,1
H5,704,2018,843229,     20.00,     20.00,     20.00,     20.00,0,0,0,1,1,1
H5,704,2018,843231,      5.00,      5.00,      5.00,      5.00,0,0,0,1,1,1
H5,704,2018,843239,      5.00,      5.00,      5.00,      5.00,0,0,0,1,1,1
H5,704,2018,843241,      5.00,      5.00,      5.00,      5.00,0,0,0,1,1,1
H5,704,2018,843242,      5.00,      5.00,      5.00,      5.00,0,0,0,1,1,1
H5,704,2018,843280,     15.00,      5.00,      5.00,      5.00,0,0,0,3,3,3
H5,704,2018,843290,      0.00,      0.00,      0.00,      0.00,0,3,0,0,3,3
H5,704,2018,843311,      5.00,      5.00,      5.00,      5.00,0,0,0,1,1,1
H5,704,2018,843319,     10.00,      5.00,      5.00,      5.00,0,0,0,2,2,2
H5,704,2018,843320,      5.00,      5.00,      5.00,      5.00,0,0,0,1,1,1
H5,704,2018,843330,      5.00,      5.00,      5.00,      5.00,0,0,0,1,1,1
H5,704,2018,843340,      5.00,      5.00,      5.00,      5.00,0,0,0,1,1,1
H5,704,2018,843351,      5.00,      5.00,      5.00,      5.00,0,0,0,1,1,1
H5,704,2018,843352,      5.00,      5.00,      5.00,      5.00,0,0,0,1,1,1
H5,704,2018,843353,      5.00,      5.00,      5.00,      5.00,0,0,0,1,1,1
H5,704,2018,843359,     10.00,      5.00,      5.00,      5.00,0,0,0,2,2,2
H5,704,2018,843360,      0.00,      0.00,      0.00,      0.00,0,2,0,0,2,2
H5,704,2018,843390,      0.00,      0.00,      0.00,      0.00,0,4,0,0,4,4
H5,704,2018,843410,      0.00,      0.00,      0.00,      0.00,0,2,0,0,2,2
H5,704,2018,843420,      0.00,      0.00,      0.00,      0.00,0,2,0,0,2,2
H5,704,2018,843490,      0.00,      0.00,      0.00,      0.00,0,2,0,0,2,2
H5,704,2018,843510,      0.00,      0.00,      0.00,      0.00,0,2,0,0,2,2
H5,704,2018,843590,      0.00,      0.00,      0.00,      0.00,0,2,0,0,2,2
H5,704,2018,843610,     40.00,     20.00,     20.00,     20.00,0,0,0,2,2,2
H5,704,2018,843621,      6.00,      3.00,      3.00,      3.00,0,0,0,2,2,2
H5,704,2018,843629,      6.00,      3.00,      3.00,      3.00,0,0,0,2,2,2
H5,704,2018,843680,     12.00,      3.00,      3.00,      3.00,0,0,0,4,4,4
H5,704,2018,843691,      0.00,      0.00,      0.00,      0.00,0,2,0,0,2,2
H5,704,2018,843699,      0.00,      0.00,      0.00,      0.00,0,4,0,0,4,4
H5,704,2018,843710,     20.00,      5.00,      5.00,      5.00,0,0,0,4,4,4
H5,704,2018,843780,    160.00,     20.00,     20.00,     20.00,0,0,0,8,8,8
H5,704,2018,843790,      0.00,      0.00,      0.00,      0.00,0,4,0,0,4,4
H5,704,2018,843810,      6.00,      3.00,      3.00,      3.00,0,0,0,2,2,2
H5,704,2018,843820,      6.00,      3.00,      3.00,      3.00,0,0,0,2,2,2
H5,704,2018,843830,      6.00,      3.00,      3.00,      3.00,0,0,0,2,2,2
H5,704,2018,843840,      5.00,      5.00,      5.00,      5.00,0,0,0,1,1,1
H5,704,2018,843850,      0.00,      0.00,      0.00,      0.00,0,2,0,0,2,2
H5,704,2018,843860,      0.00,      0.00,      0.00,      0.00,0,2,0,0,2,2
H5,704,2018,843880,      9.00,      0.00,      5.00,      1.50,0,3,0,3,6,6
H5,704,2018,843890,      0.00,      0.00,      0.00,      0.00,0,6,0,0,6,6
H5,704,2018,843910,      0.00,      0.00,      0.00,      0.00,0,1,0,0,1,1
H5,704,2018,843920,      5.00,      5.00,      5.00,      5.00,0,0,0,1,1,1
H5,704,2018,843930,      0.00,      0.00,      0.00,      0.00,0,1,0,0,1,1
H5,704,2018,843991,      0.00,      0.00,      0.00,      0.00,0,1,0,0,1,1
H5,704,2018,843999,      0.00,      0.00,      0.00,      0.00,0,1,0,0,1,1
H5,704,2018,844010,      0.00,      0.00,      0.00,      0.00,0,2,0,0,2,2
H5,704,2018,844090,      0.00,      0.00,      0.00,      0.00,0,2,0,0,2,2
H5,704,2018,844110,      0.00,      0.00,      0.00,      0.00,0,2,0,0,2,2
H5,704,2018,844120,      0.00,      0.00,      0.00,      0.00,0,2,0,0,2,2
H5,704,2018,844130,      0.00,      0.00,      0.00,      0.00,0,2,0,0,2,2
H5,704,2018,844140,      0.00,      0.00,      0.00,      0.00,0,2,0,0,2,2
H5,704,2018,844180,      0.00,      0.00,      0.00,      0.00,0,2,0,0,2,2
H5,704,2018,844190,      0.00,      0.00,      0.00,      0.00,0,2,0,0,2,2
H5,704,2018,844230,      0.00,      0.00,      0.00,      0.00,0,2,0,0,2,2
H5,704,2018,844240,      0.00,      0.00,      0.00,      0.00,0,2,0,0,2,2
H5,704,2018,844250,      0.00,      0.00,      0.00,      0.00,0,1,0,0,1,1
H5,704,2018,844311,      0.00,      0.00,      0.00,      0.00,0,1,0,0,1,1
H5,704,2018,844312,      0.00,      0.00,      0.00,      0.00,0,1,0,0,1,1
H5,704,2018,844313,      2.00,      2.00,      2.00,      2.00,0,0,0,1,1,1
H5,704,2018,844314,      2.00,      2.00,      2.00,      2.00,0,0,0,1,1,1
H5,704,2018,844315,      2.00,      2.00,      2.00,      2.00,0,0,0,1,1,1
H5,704,2018,844316,      2.00,      2.00,      2.00,      2.00,0,0,0,1,1,1
H5,704,2018,844317,      2.00,      2.00,      2.00,      2.00,0,0,0,1,1,1
H5,704,2018,844319,      0.00,      0.00,      0.00,      0.00,0,1,0,0,1,1
H5,704,2018,844331,      0.00,      0.00,      0.00,      0.00,0,8,0,0,8,8
H5,704,2018,844332,      0.00,      0.00,      0.00,      0.00,0,11,0,0,11,11
H5,704,2018,844339,     20.00,      0.00,     10.00,      4.00,0,2,0,3,5,5
H5,704,2018,844391,      0.00,      0.00,      0.00,      0.00,0,1,0,0,1,1
H5,704,2018,844399,      0.00,      0.00,      0.00,      0.00,0,4,0,0,4,4
H5,704,2018,844400,      0.00,      0.00,      0.00,      0.00,0,2,0,0,2,2
H5,704,2018,844511,      0.00,      0.00,      0.00,      0.00,0,2,0,0,2,2
H5,704,2018,844512,      0.00,      0.00,      0.00,      0.00,0,2,0,0,2,2
H5,704,2018,844513,      0.00,      0.00,      0.00,      0.00,0,2,0,0,2,2
H5,704,2018,844519,      5.00,      0.00,      5.00,      1.67,0,2,0,1,3,3
H5,704,2018,844520,      0.00,      0.00,      0.00,      0.00,0,2,0,0,2,2
H5,704,2018,844530,      0.00,      0.00,      0.00,      0.00,0,2,0,0,2,2
H5,704,2018,844540,      0.00,      0.00,      0.00,      0.00,0,2,0,0,2,2
H5,704,2018,844590,      0.00,      0.00,      0.00,      0.00,0,2,0,0,2,2
H5,704,2018,844610,      0.00,      0.00,      0.00,      0.00,0,2,0,0,2,2
H5,704,2018,844621,      0.00,      0.00,      0.00,      0.00,0,1,0,0,1,1
H5,704,2018,844629,      0.00,      0.00,      0.00,      0.00,0,1,0,0,1,1
H5,704,2018,844630,      0.00,      0.00,      0.00,      0.00,0,1,0,0,1,1
H5,704,2018,844711,      0.00,      0.00,      0.00,      0.00,0,2,0,0,2,2
H5,704,2018,844712,      0.00,      0.00,      0.00,      0.00,0,2,0,0,2,2
H5,704,2018,844720,      0.00,      0.00,      0.00,      0.00,0,2,0,0,2,2
H5,704,2018,844790,      0.00,      0.00,      0.00,      0.00,0,2,0,0,2,2
H5,704,2018,844811,      0.00,      0.00,      0.00,      0.00,0,2,0,0,2,2
H5,704,2018,844819,      0.00,      0.00,      0.00,      0.00,0,2,0,0,2,2
H5,704,2018,844820,      0.00,      0.00,      0.00,      0.00,0,1,0,0,1,1
H5,704,2018,844831,      0.00,      0.00,      0.00,      0.00,0,1,0,0,1,1
H5,704,2018,844832,      0.00,      0.00,      0.00,      0.00,0,1,0,0,1,1
H5,704,2018,844833,      0.00,      0.00,      0.00,      0.00,0,1,0,0,1,1
H5,704,2018,844839,      0.00,      0.00,      0.00,      0.00,0,1,0,0,1,1
H5,704,2018,844842,      0.00,      0.00,      0.00,      0.00,0,1,0,0,1,1
H5,704,2018,844849,      0.00,      0.00,      0.00,      0.00,0,4,0,0,4,4
H5,704,2018,844851,      0.00,      0.00,      0.00,      0.00,0,1,0,0,1,1
H5,704,2018,844859,      2.00,      2.00,      2.00,      2.00,0,0,0,1,1,1
H5,704,2018,844900,      0.00,      0.00,      0.00,      0.00,0,2,0,0,2,2
H5,704,2018,845011,     50.00,     25.00,     25.00,     25.00,0,0,0,2,2,2
H5,704,2018,845012,     50.00,     25.00,     25.00,     25.00,0,0,0,2,2,2
H5,704,2018,845019,    100.00,     25.00,     25.00,     25.00,0,0,0,4,4,4
H5,704,2018,845020,     25.00,     25.00,     25.00,     25.00,0,0,0,1,1,1
H5,704,2018,845090,     10.00,      5.00,      5.00,      5.00,0,0,0,2,2,2
H5,704,2018,845110,      0.00,      0.00,      0.00,      0.00,0,1,0,0,1,1
H5,704,2018,845121,     15.00,     15.00,     15.00,     15.00,0,0,0,1,1,1
H5,704,2018,845129,      3.00,      3.00,      3.00,      3.00,0,0,0,1,1,1
H5,704,2018,845130,      0.00,      0.00,      0.00,      0.00,0,2,0,0,2,2
H5,704,2018,845140,      0.00,      0.00,      0.00,      0.00,0,1,0,0,1,1
H5,704,2018,845150,      0.00,      0.00,      0.00,      0.00,0,1,0,0,1,1
H5,704,2018,845180,      0.00,      0.00,      0.00,      0.00,0,1,0,0,1,1
H5,704,2018,845190,      3.00,      0.00,      3.00,      1.50,0,1,0,1,2,2
H5,704,2018,845210,     25.00,     25.00,     25.00,     25.00,0,0,0,1,1,1
H5,704,2018,845221,      0.00,      0.00,      0.00,      0.00,0,1,0,0,1,1
H5,704,2018,845229,      0.00,      0.00,      0.00,      0.00,0,1,0,0,1,1
H5,704,2018,845230,     10.00,     10.00,     10.00,     10.00,0,0,0,1,1,1
H5,704,2018,845290,     75.00,      0.00,     25.00,     12.50,0,3,0,3,6,6
H5,704,2018,845310,      0.00,      0.00,      0.00,      0.00,0,2,0,0,2,2
H5,704,2018,845320,      0.00,      0.00,      0.00,      0.00,0,2,0,0,2,2
H5,704,2018,845380,      0.00,      0.00,      0.00,      0.00,0,2,0,0,2,2
H5,704,2018,845390,      0.00,      0.00,      0.00,      0.00,0,1,0,0,1,1
H5,704,2018,845410,      0.00,      0.00,      0.00,      0.00,0,1,0,0,1,1
H5,704,2018,845420,      5.00,      5.00,      5.00,      5.00,0,0,0,1,1,1
H5,704,2018,845430,      0.00,      0.00,      0.00,      0.00,0,1,0,0,1,1
H5,704,2018,845490,      0.00,      0.00,      0.00,      0.00,0,1,0,0,1,1
H5,704,2018,845510,      2.00,      2.00,      2.00,      2.00,0,0,0,1,1,1
H5,704,2018,845521,      2.00,      2.00,      2.00,      2.00,0,0,0,1,1,1
H5,704,2018,845522,      2.00,      2.00,      2.00,      2.00,0,0,0,1,1,1
H5,704,2018,845530,      0.00,      0.00,      0.00,      0.00,0,1,0,0,1,1
H5,704,2018,845590,      0.00,      0.00,      0.00,      0.00,0,1,0,0,1,1
H5,704,2018,845611,      0.00,      0.00,      0.00,      0.00,0,1,0,0,1,1
H5,704,2018,845612,      0.00,      0.00,      0.00,      0.00,0,1,0,0,1,1
H5,704,2018,845620,      0.00,      0.00,      0.00,      0.00,0,1,0,0,1,1
H5,704,2018,845630,      0.00,      0.00,      0.00,      0.00,0,1,0,0,1,1
H5,704,2018,845640,      0.00,      0.00,      0.00,      0.00,0,2,0,0,2,2
H5,704,2018,845650,      0.00,      0.00,      0.00,      0.00,0,1,0,0,1,1
H5,704,2018,845690,      0.00,      0.00,      0.00,      0.00,0,2,0,0,2,2
H5,704,2018,845710,      0.00,      0.00,      0.00,      0.00,0,2,0,0,2,2
H5,704,2018,845720,      0.00,      0.00,      0.00,      0.00,0,1,0,0,1,1
H5,704,2018,845730,      0.00,      0.00,      0.00,      0.00,0,1,0,0,1,1
H5,704,2018,845811,      0.00,      0.00,      0.00,      0.00,0,2,0,0,2,2
H5,704,2018,845819,     17.00,      2.00,     15.00,      8.50,0,0,0,2,2,2
H5,704,2018,845891,      0.00,      0.00,      0.00,      0.00,0,1,0,0,1,1
H5,704,2018,845899,     17.00,      2.00,     15.00,      8.50,0,0,0,2,2,2
H5,704,2018,845910,      0.00,      0.00,      0.00,      0.00,0,2,0,0,2,2
H5,704,2018,845921,      0.00,      0.00,      0.00,      0.00,0,1,0,0,1,1
H5,704,2018,845929,      4.00,      2.00,      2.00,      2.00,0,0,0,2,2,2
H5,704,2018,845931,      0.00,      0.00,      0.00,      0.00,0,1,0,0,1,1
H5,704,2018,845939,      0.00,      0.00,      0.00,      0.00,0,2,0,0,2,2
H5,704,2018,845941,      0.00,      0.00,      0.00,      0.00,0,1,0,0,1,1
H5,704,2018,845949,      0.00,      0.00,      0.00,      0.00,0,2,0,0,2,2
H5,704,2018,845951,      0.00,      0.00,      0.00,      0.00,0,1,0,0,1,1
H5,704,2018,845959,      0.00,      0.00,      0.00,      0.00,0,2,0,0,2,2
H5,704,2018,845961,      0.00,      0.00,      0.00,      0.00,0,1,0,0,1,1
H5,704,2018,845969,      0.00,      0.00,      0.00,      0.00,0,2,0,0,2,2
H5,704,2018,845970,      0.00,      0.00,      0.00,      0.00,0,2,0,0,2,2
H5,704,2018,846012,      0.00,      0.00,      0.00,      0.00,0,1,0,0,1,1
H5,704,2018,846019,      0.00,      0.00,      0.00,      0.00,0,1,0,0,1,1
H5,704,2018,846022,      0.00,      0.00,      0.00,      0.00,0,1,0,0,1,1
H5,704,2018,846023,      0.00,      0.00,      0.00,      0.00,0,1,0,0,1,1
H5,704,2018,846024,      0.00,      0.00,      0.00,      0.00,0,1,0,0,1,1
H5,704,2018,846029,      0.00,      0.00,      0.00,      0.00,0,2,0,0,2,2
H5,704,2018,846031,      0.00,      0.00,      0.00,      0.00,0,2,0,0,2,2
H5,704,2018,846039,      0.00,      0.00,      0.00,      0.00,0,2,0,0,2,2
H5,704,2018,846040,      0.00,      0.00,      0.00,      0.00,0,2,0,0,2,2
H5,704,2018,846090,      4.00,      2.00,      2.00,      2.00,0,0,0,2,2,2
H5,704,2018,846120,     10.00,      5.00,      5.00,      5.00,0,0,0,2,2,2
H5,704,2018,846130,      0.00,      0.00,      0.00,      0.00,0,2,0,0,2,2
H5,704,2018,846140,      0.00,      0.00,      0.00,      0.00,0,2,0,0,2,2
H5,704,2018,846150,     10.00,      5.00,      5.00,      5.00,0,0,0,2,2,2
H5,704,2018,846190,     10.00,      0.00,      5.00,      2.50,0,2,0,2,4,4
H5,704,2018,846210,      4.00,      2.00,      2.00,      2.00,0,0,0,2,2,2
H5,704,2018,846221,      0.00,      0.00,      0.00,      0.00,0,1,0,0,1,1
H5,704,2018,846229,      0.00,      0.00,      0.00,      0.00,0,2,0,0,2,2
H5,704,2018,846231,      0.00,      0.00,      0.00,      0.00,0,1,0,0,1,1
H5,704,2018,846239,      0.00,      0.00,      0.00,      0.00,0,2,0,0,2,2
H5,704,2018,846241,      0.00,      0.00,      0.00,      0.00,0,1,0,0,1,1
H5,704,2018,846249,      0.00,      0.00,      0.00,      0.00,0,2,0,0,2,2
H5,704,2018,846291,      0.00,      0.00,      0.00,      0.00,0,1,0,0,1,1
H5,704,2018,846299,      0.00,      0.00,      0.00,      0.00,0,4,0,0,4,4
H5,704,2018,846310,      0.00,      0.00,      0.00,      0.00,0,2,0,0,2,2
H5,704,2018,846320,      0.00,      0.00,      0.00,      0.00,0,2,0,0,2,2
H5,704,2018,846330,      0.00,      0.00,      0.00,      0.00,0,2,0,0,2,2
H5,704,2018,846390,      0.00,      0.00,      0.00,      0.00,0,2,0,0,2,2
H5,704,2018,846410,      0.00,      0.00,      0.00,      0.00,0,2,0,0,2,2
H5,704,2018,846420,      0.00,      0.00,      0.00,      0.00,0,2,0,0,2,2
H5,704,2018,846490,      0.00,      0.00,      0.00,      0.00,0,2,0,0,2,2
H5,704,2018,846510,      0.00,      0.00,      0.00,      0.00,0,1,0,0,1,1
H5,704,2018,846520,      3.00,      3.00,      3.00,      3.00,0,0,0,1,1,1
H5,704,2018,846591,      9.00,      3.00,      3.00,      3.00,0,0,0,3,3,3
H5,704,2018,846592,      9.00,      3.00,      3.00,      3.00,0,0,0,3,3,3
H5,704,2018,846593,      6.00,      3.00,      3.00,      3.00,0,0,0,2,2,2
H5,704,2018,846594,      6.00,      3.00,      3.00,      3.00,0,0,0,2,2,2
H5,704,2018,846595,      9.00,      3.00,      3.00,      3.00,0,0,0,3,3,3
H5,704,2018,846596,      6.00,      3.00,      3.00,      3.00,0,0,0,2,2,2
H5,704,2018,846599,     15.00,      3.00,      3.00,      3.00,0,0,0,5,5,5
H5,704,2018,846610,      0.00,      0.00,      0.00,      0.00,0,2,0,0,2,2
H5,704,2018,846620,      0.00,      0.00,      0.00,      0.00,0,2,0,0,2,2
H5,704,2018,846630,      0.00,      0.00,      0.00,      0.00,0,2,0,0,2,2
H5,704,2018,846691,      0.00,      0.00,      0.00,      0.00,0,1,0,0,1,1
H5,704,2018,846692,      0.00,      0.00,      0.00,      0.00,0,2,0,0,2,2
H5,704,2018,846693,      0.00,      0.00,      0.00,      0.00,0,2,0,0,2,2
H5,704,2018,846694,      0.00,      0.00,      0.00,      0.00,0,1,0,0,1,1
H5,704,2018,846711,      0.00,      0.00,      0.00,      0.00,0,1,0,0,1,1
H5,704,2018,846719,      0.00,      0.00,      0.00,      0.00,0,1,0,0,1,1
H5,704,2018,846721,     10.00,     10.00,     10.00,     10.00,0,0,0,1,1,1
H5,704,2018,846722,     10.00,     10.00,     10.00,     10.00,0,0,0,1,1,1
H5,704,2018,846729,     10.00,     10.00,     10.00,     10.00,0,0,0,1,1,1
H5,704,2018,846781,      0.00,      0.00,      0.00,      0.00,0,1,0,0,1,1
H5,704,2018,846789,      0.00,      0.00,      0.00,      0.00,0,1,0,0,1,1
H5,704,2018,846791,      0.00,      0.00,      0.00,      0.00,0,2,0,0,2,2
H5,704,2018,846792,      0.00,      0.00,      0.00,      0.00,0,1,0,0,1,1
H5,704,2018,846799,     10.00,      5.00,      5.00,      5.00,0,0,0,2,2,2
H5,704,2018,846810,      0.00,      0.00,      0.00,      0.00,0,1,0,0,1,1
H5,704,2018,846820,      0.00,      0.00,      0.00,      0.00,0,2,0,0,2,2
H5,704,2018,846880,      0.00,      0.00,      0.00,      0.00,0,1,0,0,1,1
H5,704,2018,846890,      0.00,      0.00,      0.00,      0.00,0,2,0,0,2,2
H5,704,2018,847010,      0.00,      0.00,      0.00,      0.00,0,1,0,0,1,1
H5,704,2018,847021,      0.00,      0.00,      0.00,      0.00,0,1,0,0,1,1
H5,704,2018,847029,      0.00,      0.00,      0.00,      0.00,0,1,0,0,1,1
H5,704,2018,847030,      0.00,      0.00,      0.00,      0.00,0,1,0,0,1,1
H5,704,2018,847050,      0.00,      0.00,      0.00,      0.00,0,1,0,0,1,1
H5,704,2018,847090,      0.00,      0.00,      0.00,      0.00,0,3,0,0,3,3
H5,704,2018,847130,      0.00,      0.00,      0.00,      0.00,0,2,0,0,2,2
H5,704,2018,847141,      0.00,      0.00,      0.00,      0.00,0,2,0,0,2,2
H5,704,2018,847149,      0.00,      0.00,      0.00,      0.00,0,2,0,0,2,2
H5,704,2018,847150,      0.00,      0.00,      0.00,      0.00,0,2,0,0,2,2
H5,704,2018,847160,      0.00,      0.00,      0.00,      0.00,0,3,0,0,3,3
H5,704,2018,847170,      0.00,      0.00,      0.00,      0.00,0,7,0,0,7,7
H5,704,2018,847180,      0.00,      0.00,      0.00,      0.00,0,3,0,0,3,3
H5,704,2018,847190,      3.00,      0.00,      3.00,      0.75,0,3,0,1,4,4
H5,704,2018,847210,      6.00,      3.00,      3.00,      3.00,0,0,0,2,2,2
H5,704,2018,847230,      6.00,      3.00,      3.00,      3.00,0,0,0,2,2,2
H5,704,2018,847290,      6.00,      0.00,      3.00,      1.00,0,4,0,2,6,6
H5,704,2018,847321,      0.00,      0.00,      0.00,      0.00,0,1,0,0,1,1
H5,704,2018,847329,      0.00,      0.00,      0.00,      0.00,0,1,0,0,1,1
H5,704,2018,847330,      0.00,      0.00,      0.00,      0.00,0,2,0,0,2,2
H5,704,2018,847340,      0.00,      0.00,      0.00,      0.00,0,2,0,0,2,2
H5,704,2018,847350,      0.00,      0.00,      0.00,      0.00,0,2,0,0,2,2
H5,704,2018,847410,      4.00,      2.00,      2.00,      2.00,0,0,0,2,2,2
H5,704,2018,847420,      8.00,      2.00,      2.00,      2.00,0,0,0,4,4,4
H5,704,2018,847431,      4.00,      2.00,      2.00,      2.00,0,0,0,2,2,2
H5,704,2018,847432,     12.00,      0.00,      5.00,      3.00,0,1,0,3,4,4
H5,704,2018,847439,      4.00,      2.00,      2.00,      2.00,0,0,0,2,2,2
H5,704,2018,847480,      4.00,      2.00,      2.00,      2.00,0,0,0,2,2,2
H5,704,2018,847490,      0.00,      0.00,      0.00,      0.00,0,2,0,0,2,2
H5,704,2018,847510,      0.00,      0.00,      0.00,      0.00,0,2,0,0,2,2
H5,704,2018,847521,      0.00,      0.00,      0.00,      0.00,0,1,0,0,1,1
H5,704,2018,847529,      0.00,      0.00,      0.00,      0.00,0,1,0,0,1,1
H5,704,2018,847590,      0.00,      0.00,      0.00,      0.00,0,2,0,0,2,2
H5,704,2018,847621,      0.00,      0.00,      0.00,      0.00,0,1,0,0,1,1
H5,704,2018,847629,      0.00,      0.00,      0.00,      0.00,0,1,0,0,1,1
H5,704,2018,847681,      0.00,      0.00,      0.00,      0.00,0,1,0,0,1,1
H5,704,2018,847689,      0.00,      0.00,      0.00,      0.00,0,1,0,0,1,1
H5,704,2018,847690,      0.00,      0.00,      0.00,      0.00,0,1,0,0,1,1
H5,704,2018,847710,      0.00,      0.00,      0.00,      0.00,0,3,0,0,3,3
H5,704,2018,847720,      0.00,      0.00,      0.00,      0.00,0,2,0,0,2,2
H5,704,2018,847730,      0.00,      0.00,      0.00,      0.00,0,1,0,0,1,1
H5,704,2018,847740,      0.00,      0.00,      0.00,      0.00,0,2,0,0,2,2
H5,704,2018,847751,      0.00,      0.00,      0.00,      0.00,0,1,0,0,1,1
H5,704,2018,847759,      0.00,      0.00,      0.00,      0.00,0,2,0,0,2,2
H5,704,2018,847780,      0.00,      0.00,      0.00,      0.00,0,5,0,0,5,5
H5,704,2018,847790,      0.00,      0.00,      0.00,      0.00,0,5,0,0,5,5
H5,704,2018,847810,      0.00,      0.00,      0.00,      0.00,0,2,0,0,2,2
H5,704,2018,847890,      0.00,      0.00,      0.00,      0.00,0,2,0,0,2,2
H5,704,2018,847910,      0.00,      0.00,      0.00,      0.00,0,2,0,0,2,2
H5,704,2018,847920,      2.00,      0.00,      2.00,      1.00,0,1,0,1,2,2
H5,704,2018,847930,      4.00,      2.00,      2.00,      2.00,0,0,0,2,2,2
H5,704,2018,847940,      0.00,      0.00,      0.00,      0.00,0,2,0,0,2,2
H5,704,2018,847950,      0.00,      0.00,      0.00,      0.00,0,1,0,0,1,1
H5,704,2018,847960,      0.00,      0.00,      0.00,      0.00,0,1,0,0,1,1
H5,704,2018,847971,      0.00,      0.00,      0.00,      0.00,0,1,0,0,1,1
H5,704,2018,847979,      0.00,      0.00,      0.00,      0.00,0,1,0,0,1,1
H5,704,2018,847981,      0.00,      0.00,      0.00,      0.00,0,2,0,0,2,2
H5,704,2018,847982,      0.00,      0.00,      0.00,      0.00,0,2,0,0,2,2
H5,704,2018,847989,      0.00,      0.00,      0.00,      0.00,0,4,0,0,4,4
H5,704,2018,847990,      0.00,      0.00,      0.00,      0.00,0,3,0,0,3,3
H5,704,2018,848010,      2.00,      2.00,      2.00,      2.00,0,0,0,1,1,1
H5,704,2018,848020,      0.00,      0.00,      0.00,      0.00,0,1,0,0,1,1
H5,704,2018,848030,      0.00,      0.00,      0.00,      0.00,0,2,0,0,2,2
H5,704,2018,848041,      0.00,      0.00,      0.00,      0.00,0,1,0,0,1,1
H5,704,2018,848049,      2.00,      2.00,      2.00,      2.00,0,0,0,1,1,1
H5,704,2018,848050,      0.00,      0.00,      0.00,      0.00,0,1,0,0,1,1
H5,704,2018,848060,      5.00,      5.00,      5.00,      5.00,0,0,0,1,1,1
H5,704,2018,848071,      3.00,      0.00,      3.00,      1.50,0,1,0,1,2,2
H5,704,2018,848079,      3.00,      0.00,      3.00,      1.50,0,1,0,1,2,2
H5,704,2018,848110,     20.00,      3.00,      5.00,      3.33,0,0,0,6,6,6
H5,704,2018,848120,      5.00,      0.00,      5.00,      1.67,0,2,0,1,3,3
H5,704,2018,848130,      2.00,      0.00,      2.00,      0.50,0,3,0,1,4,4
H5,704,2018,848140,     15.00,      5.00,      5.00,      5.00,0,0,0,3,3,3
H5,704,2018,848180,    276.00,      3.00,     20.00,      8.63,0,0,0,32,32,32
H5,704,2018,848190,     28.00,      0.00,     10.00,      2.80,0,3,0,7,10,10
H5,704,2018,848210,      3.00,      3.00,      3.00,      3.00,0,0,0,1,1,1
H5,704,2018,848220,      3.00,      3.00,      3.00,      3.00,0,0,0,1,1,1
H5,704,2018,848230,      3.00,      3.00,      3.00,      3.00,0,0,0,1,1,1
H5,704,2018,848240,      3.00,      3.00,      3.00,      3.00,0,0,0,1,1,1
H5,704,2018,848250,      3.00,      3.00,      3.00,      3.00,0,0,0,1,1,1
H5,704,2018,848280,      3.00,      3.00,      3.00,      3.00,0,0,0,1,1,1
H5,704,2018,848291,      0.00,      0.00,      0.00,      0.00,0,1,0,0,1,1
H5,704,2018,848299,      0.00,      0.00,      0.00,      0.00,0,1,0,0,1,1
H5,704,2018,848310,    113.00,      0.00,     20.00,     14.13,0,1,0,7,8,8
H5,704,2018,848320,     10.00,      0.00,     10.00,      3.33,0,2,0,1,3,3
H5,704,2018,848330,     10.00,      0.00,     10.00,      5.00,0,1,0,1,2,2
H5,704,2018,848340,     45.00,     10.00,     15.00,     11.25,0,0,0,4,4,4
H5,704,2018,848350,     10.00,     10.00,     10.00,     10.00,0,0,0,1,1,1
H5,704,2018,848360,      0.00,      0.00,      0.00,      0.00,0,1,0,0,1,1
H5,704,2018,848390,     90.00,      5.00,     10.00,      9.00,0,0,0,10,10,10
H5,704,2018,848410,      3.00,      3.00,      3.00,      3.00,0,0,0,1,1,1
H5,704,2018,848420,      3.00,      3.00,      3.00,      3.00,0,0,0,1,1,1
H5,704,2018,848490,      3.00,      3.00,      3.00,      3.00,0,0,0,1,1,1
H5,704,2018,848610,      0.00,      0.00,      0.00,      0.00,0,7,0,0,7,7
H5,704,2018,848620,      0.00,      0.00,      0.00,      0.00,0,21,0,0,21,21
H5,704,2018,848630,      0.00,      0.00,      0.00,      0.00,0,4,0,0,4,4
H5,704,2018,848640,      0.00,      0.00,      0.00,      0.00,0,8,0,0,8,8
H5,704,2018,848690,      0.00,      0.00,      0.00,      0.00,0,31,0,0,31,31
H5,704,2018,848710,      0.00,      0.00,      0.00,      0.00,0,1,0,0,1,1
H5,704,2018,848790,      0.00,      0.00,      0.00,      0.00,0,1,0,0,1,1
H5,704,2018,850110,    157.00,      3.00,     25.00,     14.27,0,0,0,11,11,11
H5,704,2018,850120,     36.00,      3.00,     15.00,      9.00,0,0,0,4,4,4
H5,704,2018,850131,     43.00,      3.00,     20.00,     14.33,0,0,0,3,3,3
H5,704,2018,850132,     36.00,      3.00,     10.00,      6.00,0,0,0,6,6,6
H5,704,2018,850133,      0.00,      0.00,      0.00,      0.00,0,1,0,0,1,1
H5,704,2018,850134,      0.00,      0.00,      0.00,      0.00,0,1,0,0,1,1
H5,704,2018,850140,     46.00,      3.00,     20.00,     11.50,0,0,0,4,4,4
H5,704,2018,850151,     18.00,      3.00,     15.00,      9.00,0,0,0,2,2,2
H5,704,2018,850152,     26.00,      0.00,     10.00,      4.33,0,2,0,4,6,6
H5,704,2018,850153,      0.00,      0.00,      0.00,      0.00,0,1,0,0,1,1
H5,704,2018,850161,     40.00,     20.00,     20.00,     20.00,0,0,0,2,2,2
H5,704,2018,850162,     14.00,      7.00,      7.00,      7.00,0,0,0,2,2,2
H5,704,2018,850163,      0.00,      0.00,      0.00,      0.00,0,1,0,0,1,1
H5,704,2018,850164,      0.00,      0.00,      0.00,      0.00,0,1,0,0,1,1
H5,704,2018,850211,     15.00,     15.00,     15.00,     15.00,0,0,0,1,1,1
H5,704,2018,850212,     20.00,     10.00,     10.00,     10.00,0,0,0,2,2,2
H5,704,2018,850213,     10.00,      5.00,      5.00,      5.00,0,0,0,2,2,2
H5,704,2018,850220,     60.00,     10.00,     20.00,     12.00,0,0,0,5,5,5
H5,704,2018,850231,      0.00,      0.00,      0.00,      0.00,0,2,0,0,2,2
H5,704,2018,850239,      0.00,      0.00,      0.00,      0.00,0,4,0,0,4,4
H5,704,2018,850240,      0.00,      0.00,      0.00,      0.00,0,1,0,0,1,1
H5,704,2018,850300,     10.00,      5.00,      5.00,      5.00,0,0,0,2,2,2
H5,704,2018,850410,     15.00,     15.00,     15.00,     15.00,0,0,0,1,1,1
H5,704,2018,850421,     25.00,      5.00,      5.00,      5.00,0,0,0,5,5,5
H5,704,2018,850422,     95.00,      5.00,     25.00,     19.00,0,0,0,5,5,5
H5,704,2018,850423,     20.00,      5.00,      5.00,      5.00,0,0,0,4,4,4
H5,704,2018,850431,    193.00,      3.00,     20.00,     12.87,0,0,0,15,15,15
H5,704,2018,850432,     70.00,      0.00,     20.00,      8.75,0,2,0,6,8,8
H5,704,2018,850433,     50.00,     10.00,     20.00,     12.50,0,0,0,4,4,4
H5,704,2018,850434,     92.00,      3.00,     10.00,      7.67,0,0,0,12,12,12
H5,704,2018,850440,      0.00,      0.00,      0.00,      0.00,0,6,0,0,6,6
H5,704,2018,850450,      0.00,      0.00,      0.00,      0.00,0,5,0,0,5,5
H5,704,2018,850490,     15.00,      0.00,      5.00,      2.14,0,4,0,3,7,7
H5,704,2018,850511,      0.00,      0.00,      0.00,      0.00,0,1,0,0,1,1
H5,704,2018,850519,      0.00,      0.00,      0.00,      0.00,0,1,0,0,1,1
H5,704,2018,850520,      0.00,      0.00,      0.00,      0.00,0,1,0,0,1,1
H5,704,2018,850590,      0.00,      0.00,      0.00,      0.00,0,1,0,0,1,1
H5,704,2018,850610,     30.00,      5.00,     25.00,     15.00,0,0,0,2,2,2
H5,704,2018,850630,     20.00,     20.00,     20.00,     20.00,0,0,0,1,1,1
H5,704,2018,850640,     20.00,     20.00,     20.00,     20.00,0,0,0,1,1,1
H5,704,2018,850650,     20.00,     20.00,     20.00,     20.00,0,0,0,1,1,1
H5,704,2018,850660,     25.00,      5.00,     20.00,     12.50,0,0,0,2,2,2
H5,704,2018,850680,     50.00,      5.00,     25.00,     12.50,0,0,0,4,4,4
H5,704,2018,850690,      5.00,      5.00,      5.00,      5.00,0,0,0,1,1,1
H5,704,2018,850710,    110.00,      0.00,     25.00,     18.33,0,1,0,5,6,6
H5,704,2018,850720,    135.00,      0.00,     25.00,     19.29,0,1,0,6,7,7
H5,704,2018,850730,     20.00,      0.00,     20.00,     10.00,0,1,0,1,2,2
H5,704,2018,850740,     20.00,      0.00,     20.00,     10.00,0,1,0,1,2,2
H5,704,2018,850750,      0.00,      0.00,      0.00,      0.00,0,2,0,0,2,2
H5,704,2018,850760,      0.00,      0.00,      0.00,      0.00,0,3,0,0,3,3
H5,704,2018,850780,      0.00,      0.00,      0.00,      0.00,0,3,0,0,3,3
H5,704,2018,850790,     25.00,      0.00,      5.00,      3.57,0,2,0,5,7,7
H5,704,2018,850811,     25.00,     25.00,     25.00,     25.00,0,0,0,1,1,1
H5,704,2018,850819,     25.00,      0.00,     25.00,     12.50,0,1,0,1,2,2
H5,704,2018,850860,      0.00,      0.00,      0.00,      0.00,0,1,0,0,1,1
H5,704,2018,850870,      0.00,      0.00,      0.00,      0.00,0,2,0,0,2,2
H5,704,2018,850940,     25.00,     25.00,     25.00,     25.00,0,0,0,1,1,1
H5,704,2018,850980,     75.00,     25.00,     25.00,     25.00,0,0,0,3,3,3
H5,704,2018,850990,     10.00,      3.00,      7.00,      5.00,0,0,0,2,2,2
H5,704,2018,851010,     20.00,     20.00,     20.00,     20.00,0,0,0,1,1,1
H5,704,2018,851020,     20.00,     20.00,     20.00,     20.00,0,0,0,1,1,1
H5,704,2018,851030,     20.00,     20.00,     20.00,     20.00,0,0,0,1,1,1
H5,704,2018,851090,     20.00,     20.00,     20.00,     20.00,0,0,0,1,1,1
H5,704,2018,851110,     30.00,      0.00,     20.00,     10.00,0,1,0,2,3,3
H5,704,2018,851120,     60.00,      0.00,     20.00,     12.00,0,1,0,4,5,5
H5,704,2018,851130,     60.00,      0.00,     20.00,     12.00,0,1,0,4,5,5
H5,704,2018,851140,    100.00,      0.00,     20.00,     12.50,0,1,0,7,8,8
H5,704,2018,851150,    100.00,      0.00,     20.00,     12.50,0,1,0,7,8,8
H5,704,2018,851180,     30.00,      0.00,     20.00,     10.00,0,1,0,2,3,3
H5,704,2018,851190,      5.00,      0.00,      5.00,      1.67,0,2,0,1,3,3
H5,704,2018,851210,     25.00,     25.00,     25.00,     25.00,0,0,0,1,1,1
H5,704,2018,851220,     75.00,     25.00,     25.00,     25.00,0,0,0,3,3,3
H5,704,2018,851230,     90.00,     20.00,     25.00,     22.50,0,0,0,4,4,4
H5,704,2018,851240,     25.00,     25.00,     25.00,     25.00,0,0,0,1,1,1
H5,704,2018,851290,     35.00,     15.00,     20.00,     17.50,0,0,0,2,2,2
H5,704,2018,851310,     20.00,      0.00,     20.00,     10.00,0,1,0,1,2,2
H5,704,2018,851390,     40.00,      0.00,     20.00,     13.33,0,1,0,2,3,3
H5,704,2018,851410,      0.00,      0.00,      0.00,      0.00,0,1,0,0,1,1
H5,704,2018,851420,      0.00,      0.00,      0.00,      0.00,0,2,0,0,2,2
H5,704,2018,851430,      0.00,      0.00,      0.00,      0.00,0,2,0,0,2,2
H5,704,2018,851440,      0.00,      0.00,      0.00,      0.00,0,1,0,0,1,1
H5,704,2018,851490,      0.00,      0.00,      0.00,      0.00,0,2,0,0,2,2
H5,704,2018,851511,      0.00,      0.00,      0.00,      0.00,0,1,0,0,1,1
H5,704,2018,851519,      0.00,      0.00,      0.00,      0.00,0,2,0,0,2,2
H5,704,2018,851521,      0.00,      0.00,      0.00,      0.00,0,1,0,0,1,1
H5,704,2018,851529,      0.00,      0.00,      0.00,      0.00,0,1,0,0,1,1
H5,704,2018,851531,      0.00,      0.00,      0.00,      0.00,0,1,0,0,1,1
H5,704,2018,851539,      0.00,      0.00,      0.00,      0.00,0,2,0,0,2,2
H5,704,2018,851580,      0.00,      0.00,      0.00,      0.00,0,2,0,0,2,2
H5,704,2018,851590,      0.00,      0.00,      0.00,      0.00,0,3,0,0,3,3
H5,704,2018,851610,     60.00,     20.00,     20.00,     20.00,0,0,0,3,3,3
H5,704,2018,851621,     25.00,     25.00,     25.00,     25.00,0,0,0,1,1,1
H5,704,2018,851629,     25.00,     25.00,     25.00,     25.00,0,0,0,1,1,1
H5,704,2018,851631,     25.00,     25.00,     25.00,     25.00,0,0,0,1,1,1
H5,704,2018,851632,     25.00,     25.00,     25.00,     25.00,0,0,0,1,1,1
H5,704,2018,851633,     25.00,     25.00,     25.00,     25.00,0,0,0,1,1,1
H5,704,2018,851640,     45.00,     20.00,     25.00,     22.50,0,0,0,2,2,2
H5,704,2018,851650,     25.00,     25.00,     25.00,     25.00,0,0,0,1,1,1
H5,704,2018,851660,     40.00,     20.00,     20.00,     20.00,0,0,0,2,2,2
H5,704,2018,851671,     25.00,     25.00,     25.00,     25.00,0,0,0,1,1,1
H5,704,2018,851672,     25.00,     25.00,     25.00,     25.00,0,0,0,1,1,1
H5,704,2018,851679,     45.00,     20.00,     25.00,     22.50,0,0,0,2,2,2
H5,704,2018,851680,     40.00,     10.00,     20.00,     13.33,0,0,0,3,3,3
H5,704,2018,851690,     15.00,      3.00,      3.00,      3.00,0,0,0,5,5,5
H5,704,2018,851711,      0.00,      0.00,      0.00,      0.00,0,1,0,0,1,1
H5,704,2018,851712,      0.00,      0.00,      0.00,      0.00,0,1,0,0,1,1
H5,704,2018,851718,      0.00,      0.00,      0.00,      0.00,0,1,0,0,1,1
H5,704,2018,851761,      0.00,      0.00,      0.00,      0.00,0,1,0,0,1,1
H5,704,2018,851762,     10.00,      0.00,     10.00,      0.63,0,15,0,1,16,16
H5,704,2018,851769,      0.00,      0.00,      0.00,      0.00,0,1,0,0,1,1
H5,704,2018,851770,      8.00,      0.00,      5.00,      0.80,0,8,0,2,10,10
H5,704,2018,851810,     30.00,      0.00,     15.00,     10.00,0,1,0,2,3,3
H5,704,2018,851821,     30.00,     15.00,     15.00,     15.00,0,0,0,2,2,2
H5,704,2018,851822,     30.00,     15.00,     15.00,     15.00,0,0,0,2,2,2
H5,704,2018,851829,     15.00,      0.00,     15.00,      7.50,0,1,0,1,2,2
H5,704,2018,851830,     75.00,      0.00,     15.00,     12.50,0,1,0,5,6,6
H5,704,2018,851840,     37.00,      0.00,     20.00,      9.25,0,1,0,3,4,4
H5,704,2018,851850,     40.00,     10.00,     20.00,     13.33,0,0,0,3,3,3
H5,704,2018,851890,     30.00,      0.00,     10.00,      6.00,0,2,0,3,5,5
H5,704,2018,851920,     50.00,     25.00,     25.00,     25.00,0,0,0,2,2,2
H5,704,2018,851930,     25.00,     25.00,     25.00,     25.00,0,0,0,1,1,1
H5,704,2018,851950,      0.00,      0.00,      0.00,      0.00,0,1,0,0,1,1
H5,704,2018,851981,    225.00,     10.00,     30.00,     18.75,0,0,0,12,12,12
H5,704,2018,851989,     75.00,     10.00,     25.00,     15.00,0,0,0,5,5,5
H5,704,2018,852110,     40.00,     10.00,     30.00,     20.00,0,0,0,2,2,2
H5,704,2018,852190,     90.00,     10.00,     35.00,     22.50,0,0,0,4,4,4
H5,704,2018,852210,      0.00,      0.00,      0.00,      0.00,0,1,0,0,1,1
H5,704,2018,852290,     21.00,      0.00,     10.00,      2.63,0,4,0,4,8,8
H5,704,2018,852321,     20.00,      0.00,     20.00,     10.00,0,1,0,1,2,2
H5,704,2018,852329,    115.00,      0.00,     25.00,      3.59,0,21,0,11,32,32
H5,704,2018,852341,      0.00,      0.00,      0.00,      0.00,0,2,0,0,2,2
H5,704,2018,852349,     90.00,      0.00,     15.00,      8.18,0,4,0,7,11,11
H5,704,2018,852351,     30.00,      0.00,     10.00,      3.75,0,5,0,3,8,8
H5,704,2018,852352,      0.00,      0.00,      0.00,      0.00,0,1,0,0,1,1
H5,704,2018,852359,     10.00,      0.00,     10.00,      1.67,0,5,0,1,6,6
H5,704,2018,852380,     35.00,      0.00,     25.00,      5.83,0,4,0,2,6,6
H5,704,2018,852550,      0.00,      0.00,      0.00,      0.00,0,1,0,0,1,1
H5,704,2018,852560,      0.00,      0.00,      0.00,      0.00,0,1,0,0,1,1
H5,704,2018,852580,     25.00,      0.00,     15.00,      4.17,0,4,0,2,6,6
H5,704,2018,852610,      0.00,      0.00,      0.00,      0.00,0,2,0,0,2,2
H5,704,2018,852691,      0.00,      0.00,      0.00,      0.00,0,2,0,0,2,2
H5,704,2018,852692,      0.00,      0.00,      0.00,      0.00,0,1,0,0,1,1
H5,704,2018,852712,     30.00,     30.00,     30.00,     30.00,0,0,0,1,1,1
H5,704,2018,852713,     60.00,     30.00,     30.00,     30.00,0,0,0,2,2,2
H5,704,2018,852719,     60.00,     30.00,     30.00,     30.00,0,0,0,2,2,2
H5,704,2018,852721,     25.00,     25.00,     25.00,     25.00,0,0,0,1,1,1
H5,704,2018,852729,     25.00,     25.00,     25.00,     25.00,0,0,0,1,1,1
H5,704,2018,852791,     60.00,     30.00,     30.00,     30.00,0,0,0,2,2,2
H5,704,2018,852792,     60.00,     30.00,     30.00,     30.00,0,0,0,2,2,2
H5,704,2018,852799,     60.00,     30.00,     30.00,     30.00,0,0,0,2,2,2
H5,704,2018,852842,      0.00,      0.00,      0.00,      0.00,0,1,0,0,1,1
H5,704,2018,852849,     22.00,     10.00,     12.00,     11.00,0,0,0,2,2,2
H5,704,2018,852852,      0.00,      0.00,      0.00,      0.00,0,1,0,0,1,1
H5,704,2018,852859,     22.00,     10.00,     12.00,     11.00,0,0,0,2,2,2
H5,704,2018,852862,      0.00,      0.00,      0.00,      0.00,0,1,0,0,1,1
H5,704,2018,852869,     10.00,      0.00,     10.00,      5.00,0,1,0,1,2,2
H5,704,2018,852871,     50.00,      0.00,     25.00,     12.50,0,2,0,2,4,4
H5,704,2018,852872,    140.00,     35.00,     35.00,     35.00,0,0,0,4,4,4
H5,704,2018,852873,     25.00,     25.00,     25.00,     25.00,0,0,0,1,1,1
H5,704,2018,852910,     55.00,      0.00,     15.00,      7.86,0,2,0,5,7,7
H5,704,2018,852990,     11.00,      0.00,      5.00,      1.00,0,8,0,3,11,11
H5,704,2018,853010,      0.00,      0.00,      0.00,      0.00,0,1,0,0,1,1
H5,704,2018,853080,      0.00,      0.00,      0.00,      0.00,0,1,0,0,1,1
H5,704,2018,853090,      0.00,      0.00,      0.00,      0.00,0,1,0,0,1,1
H5,704,2018,853110,      0.00,      0.00,      0.00,      0.00,0,4,0,0,4,4
H5,704,2018,853120,      0.00,      0.00,      0.00,      0.00,0,1,0,0,1,1
H5,704,2018,853180,     25.00,      0.00,     20.00,      6.25,0,2,0,2,4,4
H5,704,2018,853190,     20.00,      0.00,     10.00,      5.00,0,2,0,2,4,4
H5,704,2018,853210,      0.00,      0.00,      0.00,      0.00,0,1,0,0,1,1
H5,704,2018,853221,      0.00,      0.00,      0.00,      0.00,0,1,0,0,1,1
H5,704,2018,853222,      0.00,      0.00,      0.00,      0.00,0,1,0,0,1,1
H5,704,2018,853223,      0.00,      0.00,      0.00,      0.00,0,1,0,0,1,1
H5,704,2018,853224,      0.00,      0.00,      0.00,      0.00,0,1,0,0,1,1
H5,704,2018,853225,      0.00,      0.00,      0.00,      0.00,0,1,0,0,1,1
H5,704,2018,853229,      0.00,      0.00,      0.00,      0.00,0,1,0,0,1,1
H5,704,2018,853230,      0.00,      0.00,      0.00,      0.00,0,1,0,0,1,1
H5,704,2018,853290,      0.00,      0.00,      0.00,      0.00,0,1,0,0,1,1
H5,704,2018,853310,      0.00,      0.00,      0.00,      0.00,0,2,0,0,2,2
H5,704,2018,853321,      0.00,      0.00,      0.00,      0.00,0,1,0,0,1,1
H5,704,2018,853329,      0.00,      0.00,      0.00,      0.00,0,1,0,0,1,1
H5,704,2018,853331,      0.00,      0.00,      0.00,      0.00,0,1,0,0,1,1
H5,704,2018,853339,      0.00,      0.00,      0.00,      0.00,0,1,0,0,1,1
H5,704,2018,853340,      0.00,      0.00,      0.00,      0.00,0,1,0,0,1,1
H5,704,2018,853390,      0.00,      0.00,      0.00,      0.00,0,1,0,0,1,1
H5,704,2018,853400,      0.00,      0.00,      0.00,      0.00,0,4,0,0,4,4
H5,704,2018,853510,      0.00,      0.00,      0.00,      0.00,0,1,0,0,1,1
H5,704,2018,853521,     15.00,      5.00,      5.00,      5.00,0,0,0,3,3,3
H5,704,2018,853529,     10.00,      5.00,      5.00,      5.00,0,0,0,2,2,2
H5,704,2018,853530,     20.00,      5.00,      5.00,      5.00,0,0,0,4,4,4
H5,704,2018,853540,      0.00,      0.00,      0.00,      0.00,0,1,0,0,1,1
H5,704,2018,853590,      0.00,      0.00,      0.00,      0.00,0,3,0,0,3,3
H5,704,2018,853610,    190.00,     15.00,     25.00,     23.75,0,0,0,8,8,8
H5,704,2018,853620,     95.00,      0.00,     20.00,     13.57,0,1,0,6,7,7
H5,704,2018,853630,     43.00,      3.00,     25.00,     14.33,0,0,0,3,3,3
H5,704,2018,853641,     53.00,      3.00,     10.00,      8.83,0,0,0,6,6,6
H5,704,2018,853649,      3.00,      0.00,      3.00,      1.50,0,1,0,1,2,2
H5,704,2018,853650,    125.00,      0.00,     15.00,     10.42,0,3,0,9,12,12
H5,704,2018,853661,     55.00,      5.00,     25.00,     18.33,0,0,0,3,3,3
H5,704,2018,853669,    145.00,      0.00,     25.00,     16.11,0,2,0,7,9,9
H5,704,2018,853670,     10.00,      0.00,      5.00,      3.33,0,1,0,2,3,3
H5,704,2018,853690,    155.00,      0.00,     25.00,     17.22,0,2,0,7,9,9
H5,704,2018,853710,     70.00,      0.00,     15.00,      7.78,0,3,0,6,9,9
H5,704,2018,853720,     25.00,      5.00,      5.00,      5.00,0,0,0,5,5,5
H5,704,2018,853810,     60.00,      5.00,     15.00,     10.00,0,0,0,6,6,6
H5,704,2018,853890,     51.00,      3.00,     12.00,     10.20,0,0,0,5,5,5
H5,704,2018,853910,     20.00,      0.00,     20.00,     10.00,0,1,0,1,2,2
H5,704,2018,853921,     30.00,      0.00,     20.00,      7.50,0,2,0,2,4,4
H5,704,2018,853922,    100.00,      0.00,     15.00,     11.11,0,1,0,8,9,9
H5,704,2018,853929,     87.00,      0.00,     25.00,      9.67,0,3,0,6,9,9
H5,704,2018,853931,    100.00,     25.00,     25.00,     25.00,0,0,0,4,4,4
H5,704,2018,853932,      0.00,      0.00,      0.00,      0.00,0,1,0,0,1,1
H5,704,2018,853939,     28.00,      8.00,     10.00,      9.33,0,0,0,3,3,3
H5,704,2018,853941,      0.00,      0.00,      0.00,      0.00,0,1,0,0,1,1
H5,704,2018,853949,      0.00,      0.00,      0.00,      0.00,0,1,0,0,1,1
H5,704,2018,853950,      0.00,      0.00,      0.00,      0.00,0,1,0,0,1,1
H5,704,2018,853990,     23.00,      3.00,     15.00,      7.67,0,0,0,3,3,3
H5,704,2018,854011,      5.00,      5.00,      5.00,      5.00,0,0,0,1,1,1
H5,704,2018,854012,     10.00,     10.00,     10.00,     10.00,0,0,0,1,1,1
H5,704,2018,854020,     10.00,     10.00,     10.00,     10.00,0,0,0,1,1,1
H5,704,2018,854040,      0.00,      0.00,      0.00,      0.00,0,2,0,0,2,2
H5,704,2018,854060,      0.00,      0.00,      0.00,      0.00,0,1,0,0,1,1
H5,704,2018,854071,      0.00,      0.00,      0.00,      0.00,0,1,0,0,1,1
H5,704,2018,854079,      0.00,      0.00,      0.00,      0.00,0,1,0,0,1,1
H5,704,2018,854081,      0.00,      0.00,      0.00,      0.00,0,1,0,0,1,1
H5,704,2018,854089,      0.00,      0.00,      0.00,      0.00,0,1,0,0,1,1
H5,704,2018,854091,      0.00,      0.00,      0.00,      0.00,0,1,0,0,1,1
H5,704,2018,854099,      0.00,      0.00,      0.00,      0.00,0,2,0,0,2,2
H5,704,2018,854110,      0.00,      0.00,      0.00,      0.00,0,1,0,0,1,1
H5,704,2018,854121,      0.00,      0.00,      0.00,      0.00,0,1,0,0,1,1
H5,704,2018,854129,      0.00,      0.00,      0.00,      0.00,0,1,0,0,1,1
H5,704,2018,854130,      0.00,      0.00,      0.00,      0.00,0,1,0,0,1,1
H5,704,2018,854140,      0.00,      0.00,      0.00,      0.00,0,5,0,0,5,5
H5,704,2018,854150,      0.00,      0.00,      0.00,      0.00,0,1,0,0,1,1
H5,704,2018,854160,      0.00,      0.00,      0.00,      0.00,0,1,0,0,1,1
H5,704,2018,854190,      0.00,      0.00,      0.00,      0.00,0,1,0,0,1,1
H5,704,2018,854231,      0.00,      0.00,      0.00,      0.00,0,1,0,0,1,1
H5,704,2018,854232,      0.00,      0.00,      0.00,      0.00,0,1,0,0,1,1
H5,704,2018,854233,      0.00,      0.00,      0.00,      0.00,0,1,0,0,1,1
H5,704,2018,854239,      0.00,      0.00,      0.00,      0.00,0,1,0,0,1,1
H5,704,2018,854290,      0.00,      0.00,      0.00,      0.00,0,1,0,0,1,1
H5,704,2018,854310,      0.00,      0.00,      0.00,      0.00,0,1,0,0,1,1
H5,704,2018,854320,      0.00,      0.00,      0.00,      0.00,0,1,0,0,1,1
H5,704,2018,854330,      0.00,      0.00,      0.00,      0.00,0,2,0,0,2,2
H5,704,2018,854370,      0.00,      0.00,      0.00,      0.00,0,5,0,0,5,5
H5,704,2018,854390,      0.00,      0.00,      0.00,      0.00,0,5,0,0,5,5
H5,704,2018,854411,     55.00,     10.00,     15.00,     13.75,0,0,0,4,4,4
H5,704,2018,854419,      5.00,      5.00,      5.00,      5.00,0,0,0,1,1,1
H5,704,2018,854420,     44.00,      0.00,     10.00,      5.50,0,2,0,6,8,8
H5,704,2018,854430,     90.00,      5.00,     20.00,     15.00,0,0,0,6,6,6
H5,704,2018,854442,    141.00,      0.00,     17.00,      8.81,0,6,0,10,16,16
H5,704,2018,854449,    112.00,      0.00,     17.00,      8.00,0,4,0,10,14,14
H5,704,2018,854460,     55.00,      5.00,     20.00,      6.88,0,0,0,8,8,8
H5,704,2018,854470,      0.00,      0.00,      0.00,      0.00,0,2,0,0,2,2
H5,704,2018,854511,      0.00,      0.00,      0.00,      0.00,0,1,0,0,1,1
H5,704,2018,854519,      5.00,      5.00,      5.00,      5.00,0,0,0,1,1,1
H5,704,2018,854520,      5.00,      5.00,      5.00,      5.00,0,0,0,1,1,1
H5,704,2018,854590,      5.00,      5.00,      5.00,      5.00,0,0,0,1,1,1
H5,704,2018,854610,      0.00,      0.00,      0.00,      0.00,0,1,0,0,1,1
H5,704,2018,854620,     12.00,      5.00,      7.00,      6.00,0,0,0,2,2,2
H5,704,2018,854690,      0.00,      0.00,      0.00,      0.00,0,1,0,0,1,1
H5,704,2018,854710,      0.00,      0.00,      0.00,      0.00,0,1,0,0,1,1
H5,704,2018,854720,      0.00,      0.00,      0.00,      0.00,0,1,0,0,1,1
H5,704,2018,854790,      0.00,      0.00,      0.00,      0.00,0,2,0,0,2,2
H5,704,2018,854810,    140.00,     20.00,     20.00,     20.00,0,0,0,7,7,7
H5,704,2018,854890,      0.00,      0.00,      0.00,      0.00,0,3,0,0,3,3
H5,704,2018,860110,      0.00,      0.00,      0.00,      0.00,0,1,0,0,1,1
H5,704,2018,860120,      0.00,      0.00,      0.00,      0.00,0,1,0,0,1,1
H5,704,2018,860210,      0.00,      0.00,      0.00,      0.00,0,1,0,0,1,1
H5,704,2018,860290,      0.00,      0.00,      0.00,      0.00,0,1,0,0,1,1
H5,704,2018,860310,      0.00,      0.00,      0.00,      0.00,0,1,0,0,1,1
H5,704,2018,860390,      0.00,      0.00,      0.00,      0.00,0,1,0,0,1,1
H5,704,2018,860400,      0.00,      0.00,      0.00,      0.00,0,1,0,0,1,1
H5,704,2018,860500,      0.00,      0.00,      0.00,      0.00,0,1,0,0,1,1
H5,704,2018,860610,      0.00,      0.00,      0.00,      0.00,0,1,0,0,1,1
H5,704,2018,860630,      0.00,      0.00,      0.00,      0.00,0,1,0,0,1,1
H5,704,2018,860691,      0.00,      0.00,      0.00,      0.00,0,1,0,0,1,1
H5,704,2018,860692,      0.00,      0.00,      0.00,      0.00,0,1,0,0,1,1
H5,704,2018,860699,      0.00,      0.00,      0.00,      0.00,0,1,0,0,1,1
H5,704,2018,860711,      0.00,      0.00,      0.00,      0.00,0,1,0,0,1,1
H5,704,2018,860712,      0.00,      0.00,      0.00,      0.00,0,1,0,0,1,1
H5,704,2018,860719,      0.00,      0.00,      0.00,      0.00,0,1,0,0,1,1
H5,704,2018,860721,      0.00,      0.00,      0.00,      0.00,0,1,0,0,1,1
H5,704,2018,860729,      0.00,      0.00,      0.00,      0.00,0,1,0,0,1,1
H5,704,2018,860730,      0.00,      0.00,      0.00,      0.00,0,1,0,0,1,1
H5,704,2018,860791,      0.00,      0.00,      0.00,      0.00,0,1,0,0,1,1
H5,704,2018,860799,      0.00,      0.00,      0.00,      0.00,0,1,0,0,1,1
H5,704,2018,860800,      0.00,      0.00,      0.00,      0.00,0,2,0,0,2,2
H5,704,2018,860900,      0.00,      0.00,      0.00,      0.00,0,2,0,0,2,2
H5,704,2018,870110,     80.00,     10.00,     30.00,     20.00,0,0,0,4,4,4
H5,704,2018,870120,     10.00,      0.00,      5.00,      3.33,0,1,0,2,3,3
H5,704,2018,870130,      0.00,      0.00,      0.00,      0.00,0,1,0,0,1,1
H5,704,2018,870191,     10.00,      5.00,      5.00,      5.00,0,0,0,2,2,2
H5,704,2018,870192,     10.00,      5.00,      5.00,      5.00,0,0,0,2,2,2
H5,704,2018,870193,     10.00,      5.00,      5.00,      5.00,0,0,0,2,2,2
H5,704,2018,870194,     10.00,      5.00,      5.00,      5.00,0,0,0,2,2,2
H5,704,2018,870195,     10.00,      5.00,      5.00,      5.00,0,0,0,2,2,2
H5,704,2018,870210,    435.00,      5.00,     70.00,     48.33,5,0,0,9,9,14
H5,704,2018,870220,    295.00,      5.00,     70.00,     42.14,8,0,0,7,7,15
H5,704,2018,870230,    360.00,      5.00,     70.00,     51.43,7,0,0,7,7,14
H5,704,2018,870240,    360.00,      5.00,     70.00,     51.43,7,0,0,7,7,14
H5,704,2018,870290,    500.00,      5.00,     70.00,     55.56,7,0,0,9,9,16
H5,704,2018,870310,    140.00,     70.00,     70.00,     70.00,0,0,0,2,2,2
H5,704,2018,870321,    505.00,     15.00,     70.00,     63.13,8,0,0,8,8,16
H5,704,2018,870322,    550.00,     20.00,     70.00,     55.00,10,0,0,10,10,20
H5,704,2018,870323,   1185.00,     15.00,     70.00,     59.25,15,0,0,20,20,35
H5,704,2018,870324,    421.00,     15.00,     70.00,     42.10,8,0,0,10,10,18
H5,704,2018,870331,    545.00,     15.00,     70.00,     54.50,10,0,0,10,10,20
H5,704,2018,870332,    965.00,     15.00,     70.00,     60.31,16,0,0,16,16,32
H5,704,2018,870333,    540.00,     15.00,     70.00,     54.00,11,0,0,10,10,21
H5,704,2018,870340,   2621.00,     15.00,     70.00,     51.39,17,0,0,51,51,68
H5,704,2018,870350,   2645.00,     15.00,     70.00,     53.98,17,0,0,49,49,66
H5,704,2018,870360,   2621.00,     15.00,     70.00,     51.39,17,0,0,51,51,68
H5,704,2018,870370,   2645.00,     15.00,     70.00,     53.98,17,0,0,49,49,66
H5,704,2018,870380,    475.00,     15.00,     70.00,     52.78,9,0,0,9,9,18
H5,704,2018,870390,    480.00,     20.00,     70.00,     53.33,9,0,0,9,9,18
H5,704,2018,870410,    220.00,      0.00,     50.00,     31.43,6,1,0,6,7,13
H5,704,2018,870421,    160.00,     10.00,     70.00,     26.67,2,0,0,6,6,8
H5,704,2018,870422,    320.00,     10.00,     50.00,     22.86,4,0,0,14,14,18
H5,704,2018,870423,    255.00,      0.00,     25.00,     13.42,6,6,0,13,19,25
H5,704,2018,870431,    150.00,     10.00,     70.00,     25.00,2,0,0,6,6,8
H5,704,2018,870432,    630.00,      0.00,     70.00,     19.09,10,7,0,26,33,43
H5,704,2018,870490,    235.00,      0.00,     70.00,     47.00,1,1,0,4,5,6
H5,704,2018,870510,      3.00,      3.00,      3.00,      3.00,0,0,0,1,1,1
H5,704,2018,870520,      0.00,      0.00,      0.00,      0.00,0,1,0,0,1,1
H5,704,2018,870530,      3.00,      3.00,      3.00,      3.00,0,0,0,1,1,1
H5,704,2018,870540,     15.00,     15.00,     15.00,     15.00,0,0,0,1,1,1
H5,704,2018,870590,      5.00,      0.00,      5.00,      1.67,0,2,0,1,3,3
H5,704,2018,870600,    292.00,     10.00,     30.00,     24.33,0,0,0,12,12,12
H5,704,2018,870710,     86.00,     28.00,     30.00,     28.67,0,0,0,3,3,3
H5,704,2018,870790,    140.00,     10.00,     28.00,     20.00,0,0,0,7,7,7
H5,704,2018,870810,     40.00,     15.00,     25.00,     20.00,0,0,0,2,2,2
H5,704,2018,870821,     20.00,     20.00,     20.00,     20.00,0,0,0,1,1,1
H5,704,2018,870829,    230.00,     15.00,     20.00,     15.33,0,0,0,15,15,15
H5,704,2018,870830,     75.00,     10.00,     20.00,     15.00,0,0,0,5,5,5
H5,704,2018,870840,    148.00,     10.00,     20.00,     13.45,0,0,0,11,11,11
H5,704,2018,870850,    157.00,      5.00,     20.00,     11.21,0,0,0,14,14,14
H5,704,2018,870870,    380.00,     15.00,     25.00,     21.11,0,0,0,18,18,18
H5,704,2018,870880,     74.00,      5.00,     20.00,     10.57,0,0,0,7,7,7
H5,704,2018,870891,    115.00,     10.00,     20.00,     11.50,0,0,0,10,10,10
H5,704,2018,870892,    110.00,     15.00,     20.00,     15.71,0,0,0,7,7,7
H5,704,2018,870893,     55.00,     10.00,     20.00,     13.75,0,0,0,4,4,4
H5,704,2018,870894,     95.00,     15.00,     25.00,     19.00,0,0,0,5,5,5
H5,704,2018,870895,     20.00,     10.00,     10.00,     10.00,0,0,0,2,2,2
H5,704,2018,870899,    235.00,     10.00,     20.00,     15.67,0,0,0,15,15,15
H5,704,2018,870911,      3.00,      3.00,      3.00,      3.00,0,0,0,1,1,1
H5,704,2018,870919,      3.00,      3.00,      3.00,      3.00,0,0,0,1,1,1
H5,704,2018,870990,      3.00,      3.00,      3.00,      3.00,0,0,0,1,1,1
H5,704,2018,871000,      0.00,      0.00,      0.00,      0.00,0,1,0,0,1,1
H5,704,2018,871110,    575.00,     70.00,     75.00,     71.88,0,0,0,8,8,8
H5,704,2018,871120,   1045.00,     70.00,     75.00,     74.64,0,0,0,14,14,14
H5,704,2018,871130,    300.00,     75.00,     75.00,     75.00,0,0,0,4,4,4
H5,704,2018,871140,    300.00,     75.00,     75.00,     75.00,0,0,0,4,4,4
H5,704,2018,871150,    115.00,     40.00,     75.00,     57.50,0,0,0,2,2,2
H5,704,2018,871160,    480.00,     60.00,     60.00,     60.00,0,0,0,8,8,8
H5,704,2018,871190,    152.00,     32.00,     60.00,     50.67,0,0,0,3,3,3
H5,704,2018,871200,    140.00,      5.00,     45.00,     35.00,0,0,0,4,4,4
H5,704,2018,871310,      0.00,      0.00,      0.00,      0.00,0,1,0,0,1,1
H5,704,2018,871390,      0.00,      0.00,      0.00,      0.00,0,1,0,0,1,1
H5,704,2018,871410,    259.00,     32.00,     35.00,     32.38,0,0,0,8,8,8
H5,704,2018,871420,      0.00,      0.00,      0.00,      0.00,0,4,0,0,4,4
H5,704,2018,871491,    120.00,     40.00,     40.00,     40.00,0,0,0,3,3,3
H5,704,2018,871492,     85.00,     40.00,     45.00,     42.50,0,0,0,2,2,2
H5,704,2018,871493,     90.00,     45.00,     45.00,     45.00,0,0,0,2,2,2
H5,704,2018,871494,     85.00,     40.00,     45.00,     42.50,0,0,0,2,2,2
H5,704,2018,871495,     90.00,     45.00,     45.00,     45.00,0,0,0,2,2,2
H5,704,2018,871496,     90.00,     45.00,     45.00,     45.00,0,0,0,2,2,2
H5,704,2018,871499,    225.00,     45.00,     45.00,     45.00,0,0,0,5,5,5
H5,704,2018,871500,     30.00,     30.00,     30.00,     30.00,0,0,0,1,1,1
H5,704,2018,871610,     20.00,     20.00,     20.00,     20.00,0,0,0,1,1,1
H5,704,2018,871620,      5.00,      5.00,      5.00,      5.00,0,0,0,1,1,1
H5,704,2018,871631,      5.00,      5.00,      5.00,      5.00,0,0,0,1,1,1
H5,704,2018,871639,     45.00,      5.00,     20.00,     15.00,0,0,0,3,3,3
H5,704,2018,871640,     20.00,     20.00,     20.00,     20.00,0,0,0,1,1,1
H5,704,2018,871680,     60.00,     20.00,     20.00,     20.00,0,0,0,3,3,3
H5,704,2018,871690,    150.00,     15.00,     15.00,     15.00,0,0,0,10,10,10
H5,704,2018,880100,      0.00,      0.00,      0.00,      0.00,0,1,0,0,1,1
H5,704,2018,880211,      0.00,      0.00,      0.00,      0.00,0,1,0,0,1,1
H5,704,2018,880212,      0.00,      0.00,      0.00,      0.00,0,1,0,0,1,1
H5,704,2018,880220,      0.00,      0.00,      0.00,      0.00,0,2,0,0,2,2
H5,704,2018,880230,      0.00,      0.00,      0.00,      0.00,0,2,0,0,2,2
H5,704,2018,880240,      0.00,      0.00,      0.00,      0.00,0,2,0,0,2,2
H5,704,2018,880260,      0.00,      0.00,      0.00,      0.00,0,1,0,0,1,1
H5,704,2018,880310,      0.00,      0.00,      0.00,      0.00,0,1,0,0,1,1
H5,704,2018,880320,      0.00,      0.00,      0.00,      0.00,0,1,0,0,1,1
H5,704,2018,880330,      0.00,      0.00,      0.00,      0.00,0,1,0,0,1,1
H5,704,2018,880390,      0.00,      0.00,      0.00,      0.00,0,2,0,0,2,2
H5,704,2018,880400,      0.00,      0.00,      0.00,      0.00,0,2,0,0,2,2
H5,704,2018,880510,      0.00,      0.00,      0.00,      0.00,0,1,0,0,1,1
H5,704,2018,880521,      0.00,      0.00,      0.00,      0.00,0,1,0,0,1,1
H5,704,2018,880529,      0.00,      0.00,      0.00,      0.00,0,2,0,0,2,2
H5,704,2018,890110,     55.00,      5.00,     10.00,      9.17,0,0,0,6,6,6
H5,704,2018,890120,     12.00,      0.00,     10.00,      4.00,0,1,0,2,3,3
H5,704,2018,890130,     10.00,      0.00,     10.00,      3.33,0,2,0,1,3,3
H5,704,2018,890190,    100.00,     10.00,     10.00,     10.00,0,0,0,10,10,10
H5,704,2018,890200,    100.00,      0.00,     10.00,      7.14,0,2,0,12,14,14
H5,704,2018,890310,     10.00,     10.00,     10.00,     10.00,0,0,0,1,1,1
H5,704,2018,890391,     10.00,     10.00,     10.00,     10.00,0,0,0,1,1,1
H5,704,2018,890392,     10.00,     10.00,     10.00,     10.00,0,0,0,1,1,1
H5,704,2018,890399,     10.00,     10.00,     10.00,     10.00,0,0,0,1,1,1
H5,704,2018,890400,     10.00,      0.00,      5.00,      3.33,0,1,0,2,3,3
H5,704,2018,890510,      5.00,      5.00,      5.00,      5.00,0,0,0,1,1,1
H5,704,2018,890520,      5.00,      5.00,      5.00,      5.00,0,0,0,1,1,1
H5,704,2018,890590,     10.00,      5.00,      5.00,      5.00,0,0,0,2,2,2
H5,704,2018,890610,      0.00,      0.00,      0.00,      0.00,0,1,0,0,1,1
H5,704,2018,890690,     10.00,      0.00,      5.00,      3.33,0,1,0,2,3,3
H5,704,2018,890710,      5.00,      5.00,      5.00,      5.00,0,0,0,1,1,1
H5,704,2018,890790,      0.00,      0.00,      0.00,      0.00,0,2,0,0,2,2
H5,704,2018,890800,      0.00,      0.00,      0.00,      0.00,0,1,0,0,1,1
H5,704,2018,900110,      0.00,      0.00,      0.00,      0.00,0,2,0,0,2,2
H5,704,2018,900120,      0.00,      0.00,      0.00,      0.00,0,1,0,0,1,1
H5,704,2018,900130,      0.00,      0.00,      0.00,      0.00,0,1,0,0,1,1
H5,704,2018,900140,      5.00,      5.00,      5.00,      5.00,0,0,0,1,1,1
H5,704,2018,900150,      0.00,      0.00,      0.00,      0.00,0,1,0,0,1,1
H5,704,2018,900190,      0.00,      0.00,      0.00,      0.00,0,2,0,0,2,2
H5,704,2018,900211,      0.00,      0.00,      0.00,      0.00,0,1,0,0,1,1
H5,704,2018,900219,      0.00,      0.00,      0.00,      0.00,0,1,0,0,1,1
H5,704,2018,900220,      0.00,      0.00,      0.00,      0.00,0,3,0,0,3,3
H5,704,2018,900290,      0.00,      0.00,      0.00,      0.00,0,3,0,0,3,3
H5,704,2018,900311,     10.00,     10.00,     10.00,     10.00,0,0,0,1,1,1
H5,704,2018,900319,     10.00,     10.00,     10.00,     10.00,0,0,0,1,1,1
H5,704,2018,900390,     10.00,     10.00,     10.00,     10.00,0,0,0,1,1,1
H5,704,2018,900410,     20.00,     20.00,     20.00,     20.00,0,0,0,1,1,1
H5,704,2018,900490,     20.00,      0.00,     20.00,      6.67,0,2,0,1,3,3
H5,704,2018,900510,      0.00,      0.00,      0.00,      0.00,0,1,0,0,1,1
H5,704,2018,900580,      0.00,      0.00,      0.00,      0.00,0,2,0,0,2,2
H5,704,2018,900590,      0.00,      0.00,      0.00,      0.00,0,2,0,0,2,2
H5,704,2018,900630,      0.00,      0.00,      0.00,      0.00,0,1,0,0,1,1
H5,704,2018,900640,     25.00,     25.00,     25.00,     25.00,0,0,0,1,1,1
H5,704,2018,900651,     25.00,     25.00,     25.00,     25.00,0,0,0,1,1,1
H5,704,2018,900652,     15.00,     15.00,     15.00,     15.00,0,0,0,1,1,1
H5,704,2018,900653,     10.00,     10.00,     10.00,     10.00,0,0,0,1,1,1
H5,704,2018,900659,      0.00,      0.00,      0.00,      0.00,0,4,0,0,4,4
H5,704,2018,900661,     20.00,     20.00,     20.00,     20.00,0,0,0,1,1,1
H5,704,2018,900669,     20.00,     20.00,     20.00,     20.00,0,0,0,1,1,1
H5,704,2018,900691,     15.00,      0.00,     15.00,      5.00,0,2,0,1,3,3
H5,704,2018,900699,     30.00,     15.00,     15.00,     15.00,0,0,0,2,2,2
H5,704,2018,900710,      0.00,      0.00,      0.00,      0.00,0,1,0,0,1,1
H5,704,2018,900720,      0.00,      0.00,      0.00,      0.00,0,2,0,0,2,2
H5,704,2018,900791,      0.00,      0.00,      0.00,      0.00,0,1,0,0,1,1
H5,704,2018,900792,      0.00,      0.00,      0.00,      0.00,0,1,0,0,1,1
H5,704,2018,900850,      0.00,      0.00,      0.00,      0.00,0,2,0,0,2,2
H5,704,2018,900890,      0.00,      0.00,      0.00,      0.00,0,2,0,0,2,2
H5,704,2018,901010,      5.00,      5.00,      5.00,      5.00,0,0,0,1,1,1
H5,704,2018,901050,     15.00,      5.00,      5.00,      5.00,0,0,0,3,3,3
H5,704,2018,901060,      5.00,      0.00,      5.00,      2.50,0,1,0,1,2,2
H5,704,2018,901090,      0.00,      0.00,      0.00,      0.00,0,3,0,0,3,3
H5,704,2018,901110,      0.00,      0.00,      0.00,      0.00,0,1,0,0,1,1
H5,704,2018,901120,      0.00,      0.00,      0.00,      0.00,0,1,0,0,1,1
H5,704,2018,901180,      0.00,      0.00,      0.00,      0.00,0,1,0,0,1,1
H5,704,2018,901190,      0.00,      0.00,      0.00,      0.00,0,1,0,0,1,1
H5,704,2018,901210,      0.00,      0.00,      0.00,      0.00,0,1,0,0,1,1
H5,704,2018,901290,      0.00,      0.00,      0.00,      0.00,0,1,0,0,1,1
H5,704,2018,901310,      0.00,      0.00,      0.00,      0.00,0,1,0,0,1,1
H5,704,2018,901320,      0.00,      0.00,      0.00,      0.00,0,1,0,0,1,1
H5,704,2018,901380,      0.00,      0.00,      0.00,      0.00,0,3,0,0,3,3
H5,704,2018,901390,      0.00,      0.00,      0.00,      0.00,0,4,0,0,4,4
H5,704,2018,901410,      0.00,      0.00,      0.00,      0.00,0,1,0,0,1,1
H5,704,2018,901420,      0.00,      0.00,      0.00,      0.00,0,1,0,0,1,1
H5,704,2018,901480,      0.00,      0.00,      0.00,      0.00,0,3,0,0,3,3
H5,704,2018,901490,      0.00,      0.00,      0.00,      0.00,0,2,0,0,2,2
H5,704,2018,901510,      0.00,      0.00,      0.00,      0.00,0,2,0,0,2,2
H5,704,2018,901520,      0.00,      0.00,      0.00,      0.00,0,1,0,0,1,1
H5,704,2018,901530,      0.00,      0.00,      0.00,      0.00,0,1,0,0,1,1
H5,704,2018,901540,      0.00,      0.00,      0.00,      0.00,0,1,0,0,1,1
H5,704,2018,901580,      0.00,      0.00,      0.00,      0.00,0,2,0,0,2,2
H5,704,2018,901590,      0.00,      0.00,      0.00,      0.00,0,1,0,0,1,1
H5,704,2018,901600,     10.00,     10.00,     10.00,     10.00,0,0,0,1,1,1
H5,704,2018,901710,      0.00,      0.00,      0.00,      0.00,0,2,0,0,2,2
H5,704,2018,901720,     20.00,      0.00,      5.00,      4.00,0,1,0,4,5,5
H5,704,2018,901730,      0.00,      0.00,      0.00,      0.00,0,1,0,0,1,1
H5,704,2018,901780,      5.00,      5.00,      5.00,      5.00,0,0,0,1,1,1
H5,704,2018,901790,      0.00,      0.00,      0.00,      0.00,0,4,0,0,4,4
H5,704,2018,901811,      0.00,      0.00,      0.00,      0.00,0,1,0,0,1,1
H5,704,2018,901812,      0.00,      0.00,      0.00,      0.00,0,1,0,0,1,1
H5,704,2018,901813,      0.00,      0.00,      0.00,      0.00,0,1,0,0,1,1
H5,704,2018,901814,      0.00,      0.00,      0.00,      0.00,0,1,0,0,1,1
H5,704,2018,901819,      0.00,      0.00,      0.00,      0.00,0,1,0,0,1,1
H5,704,2018,901820,      0.00,      0.00,      0.00,      0.00,0,1,0,0,1,1
H5,704,2018,901831,      0.00,      0.00,      0.00,      0.00,0,2,0,0,2,2
H5,704,2018,901832,      0.00,      0.00,      0.00,      0.00,0,1,0,0,1,1
H5,704,2018,901839,      0.00,      0.00,      0.00,      0.00,0,2,0,0,2,2
H5,704,2018,901841,      0.00,      0.00,      0.00,      0.00,0,1,0,0,1,1
H5,704,2018,901849,      0.00,      0.00,      0.00,      0.00,0,1,0,0,1,1
H5,704,2018,901850,      0.00,      0.00,      0.00,      0.00,0,1,0,0,1,1
H5,704,2018,901890,      0.00,      0.00,      0.00,      0.00,0,3,0,0,3,3
H5,704,2018,901910,      0.00,      0.00,      0.00,      0.00,0,2,0,0,2,2
H5,704,2018,901920,      0.00,      0.00,      0.00,      0.00,0,1,0,0,1,1
H5,704,2018,902000,      0.00,      0.00,      0.00,      0.00,0,1,0,0,1,1
H5,704,2018,902110,      0.00,      0.00,      0.00,      0.00,0,1,0,0,1,1
H5,704,2018,902121,      0.00,      0.00,      0.00,      0.00,0,1,0,0,1,1
H5,704,2018,902129,      0.00,      0.00,      0.00,      0.00,0,1,0,0,1,1
H5,704,2018,902131,      0.00,      0.00,      0.00,      0.00,0,1,0,0,1,1
H5,704,2018,902139,      0.00,      0.00,      0.00,      0.00,0,1,0,0,1,1
H5,704,2018,902140,      0.00,      0.00,      0.00,      0.00,0,1,0,0,1,1
H5,704,2018,902150,      0.00,      0.00,      0.00,      0.00,0,1,0,0,1,1
H5,704,2018,902190,      0.00,      0.00,      0.00,      0.00,0,1,0,0,1,1
H5,704,2018,902212,      0.00,      0.00,      0.00,      0.00,0,1,0,0,1,1
H5,704,2018,902213,      0.00,      0.00,      0.00,      0.00,0,1,0,0,1,1
H5,704,2018,902214,      0.00,      0.00,      0.00,      0.00,0,1,0,0,1,1
H5,704,2018,902219,      0.00,      0.00,      0.00,      0.00,0,2,0,0,2,2
H5,704,2018,902221,      0.00,      0.00,      0.00,      0.00,0,1,0,0,1,1
H5,704,2018,902229,      0.00,      0.00,      0.00,      0.00,0,1,0,0,1,1
H5,704,2018,902230,      0.00,      0.00,      0.00,      0.00,0,1,0,0,1,1
H5,704,2018,902290,      0.00,      0.00,      0.00,      0.00,0,2,0,0,2,2
H5,704,2018,902300,      0.00,      0.00,      0.00,      0.00,0,1,0,0,1,1
H5,704,2018,902410,      0.00,      0.00,      0.00,      0.00,0,2,0,0,2,2
H5,704,2018,902480,      0.00,      0.00,      0.00,      0.00,0,2,0,0,2,2
H5,704,2018,902490,      0.00,      0.00,      0.00,      0.00,0,2,0,0,2,2
H5,704,2018,902511,      0.00,      0.00,      0.00,      0.00,0,1,0,0,1,1
H5,704,2018,902519,      0.00,      0.00,      0.00,      0.00,0,3,0,0,3,3
H5,704,2018,902580,      0.00,      0.00,      0.00,      0.00,0,2,0,0,2,2
H5,704,2018,902590,      0.00,      0.00,      0.00,      0.00,0,2,0,0,2,2
H5,704,2018,902610,      0.00,      0.00,      0.00,      0.00,0,4,0,0,4,4
H5,704,2018,902620,      0.00,      0.00,      0.00,      0.00,0,4,0,0,4,4
H5,704,2018,902680,      0.00,      0.00,      0.00,      0.00,0,2,0,0,2,2
H5,704,2018,902690,      0.00,      0.00,      0.00,      0.00,0,2,0,0,2,2
H5,704,2018,902710,      0.00,      0.00,      0.00,      0.00,0,2,0,0,2,2
H5,704,2018,902720,      0.00,      0.00,      0.00,      0.00,0,2,0,0,2,2
H5,704,2018,902730,      0.00,      0.00,      0.00,      0.00,0,2,0,0,2,2
H5,704,2018,902750,      0.00,      0.00,      0.00,      0.00,0,2,0,0,2,2
H5,704,2018,902780,      0.00,      0.00,      0.00,      0.00,0,3,0,0,3,3
H5,704,2018,902790,      0.00,      0.00,      0.00,      0.00,0,3,0,0,3,3
H5,704,2018,902810,     10.00,      0.00,     10.00,      5.00,0,1,0,1,2,2
H5,704,2018,902820,     10.00,      0.00,     10.00,      5.00,0,1,0,1,2,2
H5,704,2018,902830,     50.00,     25.00,     25.00,     25.00,0,0,0,2,2,2
H5,704,2018,902890,      0.00,      0.00,      0.00,      0.00,0,2,0,0,2,2
H5,704,2018,902910,     20.00,      0.00,     20.00,     10.00,0,1,0,1,2,2
H5,704,2018,902920,     20.00,      0.00,     20.00,      6.67,0,2,0,1,3,3
H5,704,2018,902990,      0.00,      0.00,      0.00,      0.00,0,2,0,0,2,2
H5,704,2018,903010,      0.00,      0.00,      0.00,      0.00,0,1,0,0,1,1
H5,704,2018,903020,      0.00,      0.00,      0.00,      0.00,0,1,0,0,1,1
H5,704,2018,903031,      0.00,      0.00,      0.00,      0.00,0,1,0,0,1,1
H5,704,2018,903032,      0.00,      0.00,      0.00,      0.00,0,1,0,0,1,1
H5,704,2018,903033,      0.00,      0.00,      0.00,      0.00,0,4,0,0,4,4
H5,704,2018,903039,      0.00,      0.00,      0.00,      0.00,0,1,0,0,1,1
H5,704,2018,903040,      0.00,      0.00,      0.00,      0.00,0,1,0,0,1,1
H5,704,2018,903082,      0.00,      0.00,      0.00,      0.00,0,2,0,0,2,2
H5,704,2018,903084,      0.00,      0.00,      0.00,      0.00,0,2,0,0,2,2
H5,704,2018,903089,      0.00,      0.00,      0.00,      0.00,0,2,0,0,2,2
H5,704,2018,903090,      0.00,      0.00,      0.00,      0.00,0,4,0,0,4,4
H5,704,2018,903110,      0.00,      0.00,      0.00,      0.00,0,2,0,0,2,2
H5,704,2018,903120,      0.00,      0.00,      0.00,      0.00,0,2,0,0,2,2
H5,704,2018,903141,      0.00,      0.00,      0.00,      0.00,0,1,0,0,1,1
H5,704,2018,903149,      0.00,      0.00,      0.00,      0.00,0,4,0,0,4,4
H5,704,2018,903180,      0.00,      0.00,      0.00,      0.00,0,2,0,0,2,2
H5,704,2018,903190,      0.00,      0.00,      0.00,      0.00,0,5,0,0,5,5
H5,704,2018,903210,      0.00,      0.00,      0.00,      0.00,0,2,0,0,2,2
H5,704,2018,903220,     40.00,     20.00,     20.00,     20.00,0,0,0,2,2,2
H5,704,2018,903281,      0.00,      0.00,      0.00,      0.00,0,1,0,0,1,1
H5,704,2018,903289,      0.00,      0.00,      0.00,      0.00,0,5,0,0,5,5
H5,704,2018,903290,      0.00,      0.00,      0.00,      0.00,0,4,0,0,4,4
H5,704,2018,903300,      0.00,      0.00,      0.00,      0.00,0,2,0,0,2,2
H5,704,2018,910111,     15.00,     15.00,     15.00,     15.00,0,0,0,1,1,1
H5,704,2018,910119,     20.00,     20.00,     20.00,     20.00,0,0,0,1,1,1
H5,704,2018,910121,     15.00,     15.00,     15.00,     15.00,0,0,0,1,1,1
H5,704,2018,910129,     20.00,     20.00,     20.00,     20.00,0,0,0,1,1,1
H5,704,2018,910191,     20.00,     20.00,     20.00,     20.00,0,0,0,1,1,1
H5,704,2018,910199,     20.00,     20.00,     20.00,     20.00,0,0,0,1,1,1
H5,704,2018,910211,     15.00,     15.00,     15.00,     15.00,0,0,0,1,1,1
H5,704,2018,910212,     20.00,     20.00,     20.00,     20.00,0,0,0,1,1,1
H5,704,2018,910219,     20.00,     20.00,     20.00,     20.00,0,0,0,1,1,1
H5,704,2018,910221,     15.00,     15.00,     15.00,     15.00,0,0,0,1,1,1
H5,704,2018,910229,     20.00,     20.00,     20.00,     20.00,0,0,0,1,1,1
H5,704,2018,910291,     20.00,     20.00,     20.00,     20.00,0,0,0,1,1,1
H5,704,2018,910299,     20.00,     20.00,     20.00,     20.00,0,0,0,1,1,1
H5,704,2018,910310,     20.00,     20.00,     20.00,     20.00,0,0,0,1,1,1
H5,704,2018,910390,     20.00,     20.00,     20.00,     20.00,0,0,0,1,1,1
H5,704,2018,910400,     10.00,      0.00,     10.00,      5.00,0,1,0,1,2,2
H5,704,2018,910511,     25.00,     25.00,     25.00,     25.00,0,0,0,1,1,1
H5,704,2018,910519,     25.00,     25.00,     25.00,     25.00,0,0,0,1,1,1
H5,704,2018,910521,     25.00,     25.00,     25.00,     25.00,0,0,0,1,1,1
H5,704,2018,910529,     25.00,     25.00,     25.00,     25.00,0,0,0,1,1,1
H5,704,2018,910591,     35.00,     10.00,     25.00,     17.50,0,0,0,2,2,2
H5,704,2018,910599,     35.00,     10.00,     25.00,     17.50,0,0,0,2,2,2
H5,704,2018,910610,      5.00,      5.00,      5.00,      5.00,0,0,0,1,1,1
H5,704,2018,910690,     10.00,      5.00,      5.00,      5.00,0,0,0,2,2,2
H5,704,2018,910700,      5.00,      5.00,      5.00,      5.00,0,0,0,1,1,1
H5,704,2018,910811,     20.00,     20.00,     20.00,     20.00,0,0,0,1,1,1
H5,704,2018,910812,     20.00,     20.00,     20.00,     20.00,0,0,0,1,1,1
H5,704,2018,910819,     20.00,     20.00,     20.00,     20.00,0,0,0,1,1,1
H5,704,2018,910820,     20.00,     20.00,     20.00,     20.00,0,0,0,1,1,1
H5,704,2018,910890,     20.00,     20.00,     20.00,     20.00,0,0,0,1,1,1
H5,704,2018,910910,     20.00,     20.00,     20.00,     20.00,0,0,0,1,1,1
H5,704,2018,910990,     20.00,     20.00,     20.00,     20.00,0,0,0,1,1,1
H5,704,2018,911011,     20.00,     20.00,     20.00,     20.00,0,0,0,1,1,1
H5,704,2018,911012,     20.00,     20.00,     20.00,     20.00,0,0,0,1,1,1
H5,704,2018,911019,     20.00,     20.00,     20.00,     20.00,0,0,0,1,1,1
H5,704,2018,911090,     20.00,     20.00,     20.00,     20.00,0,0,0,1,1,1
H5,704,2018,911110,     20.00,     20.00,     20.00,     20.00,0,0,0,1,1,1
H5,704,2018,911120,     20.00,     20.00,     20.00,     20.00,0,0,0,1,1,1
H5,704,2018,911180,     20.00,     20.00,     20.00,     20.00,0,0,0,1,1,1
H5,704,2018,911190,     20.00,     20.00,     20.00,     20.00,0,0,0,1,1,1
H5,704,2018,911220,     20.00,     20.00,     20.00,     20.00,0,0,0,1,1,1
H5,704,2018,911290,     20.00,     20.00,     20.00,     20.00,0,0,0,1,1,1
H5,704,2018,911310,     20.00,     20.00,     20.00,     20.00,0,0,0,1,1,1
H5,704,2018,911320,     20.00,     20.00,     20.00,     20.00,0,0,0,1,1,1
H5,704,2018,911390,     20.00,     20.00,     20.00,     20.00,0,0,0,1,1,1
H5,704,2018,911410,     20.00,     20.00,     20.00,     20.00,0,0,0,1,1,1
H5,704,2018,911430,     20.00,     20.00,     20.00,     20.00,0,0,0,1,1,1
H5,704,2018,911440,     20.00,     20.00,     20.00,     20.00,0,0,0,1,1,1
H5,704,2018,911490,     20.00,     20.00,     20.00,     20.00,0,0,0,1,1,1
H5,704,2018,920110,      3.00,      3.00,      3.00,      3.00,0,0,0,1,1,1
H5,704,2018,920120,      3.00,      3.00,      3.00,      3.00,0,0,0,1,1,1
H5,704,2018,920190,      3.00,      3.00,      3.00,      3.00,0,0,0,1,1,1
H5,704,2018,920210,      3.00,      3.00,      3.00,      3.00,0,0,0,1,1,1
H5,704,2018,920290,      3.00,      3.00,      3.00,      3.00,0,0,0,1,1,1
H5,704,2018,920510,      3.00,      3.00,      3.00,      3.00,0,0,0,1,1,1
H5,704,2018,920590,      6.00,      3.00,      3.00,      3.00,0,0,0,2,2,2
H5,704,2018,920600,      3.00,      3.00,      3.00,      3.00,0,0,0,1,1,1
H5,704,2018,920710,      5.00,      5.00,      5.00,      5.00,0,0,0,1,1,1
H5,704,2018,920790,      3.00,      3.00,      3.00,      3.00,0,0,0,1,1,1
H5,704,2018,920810,      3.00,      3.00,      3.00,      3.00,0,0,0,1,1,1
H5,704,2018,920890,      6.00,      3.00,      3.00,      3.00,0,0,0,2,2,2
H5,704,2018,920930,      3.00,      3.00,      3.00,      3.00,0,0,0,1,1,1
H5,704,2018,920991,      6.00,      3.00,      3.00,      3.00,0,0,0,2,2,2
H5,704,2018,920992,      3.00,      3.00,      3.00,      3.00,0,0,0,1,1,1
H5,704,2018,920994,      3.00,      3.00,      3.00,      3.00,0,0,0,1,1,1
H5,704,2018,920999,      3.00,      3.00,      3.00,      3.00,0,0,0,1,1,1
H5,704,2018,930110,      0.00,      0.00,      0.00,      0.00,0,1,0,0,1,1
H5,704,2018,930120,      0.00,      0.00,      0.00,      0.00,0,1,0,0,1,1
H5,704,2018,930190,      0.00,      0.00,      0.00,      0.00,0,1,0,0,1,1
H5,704,2018,930200,      0.00,      0.00,      0.00,      0.00,0,1,0,0,1,1
H5,704,2018,930310,      0.00,      0.00,      0.00,      0.00,0,1,0,0,1,1
H5,704,2018,930320,     30.00,      0.00,     30.00,     15.00,0,1,0,1,2,2
H5,704,2018,930330,     30.00,      0.00,     30.00,     15.00,0,1,0,1,2,2
H5,704,2018,930390,      0.00,      0.00,      0.00,      0.00,0,1,0,0,1,1
H5,704,2018,930400,     30.00,      0.00,     30.00,     15.00,0,1,0,1,2,2
H5,704,2018,930510,      0.00,      0.00,      0.00,      0.00,0,1,0,0,1,1
H5,704,2018,930520,      0.00,      0.00,      0.00,      0.00,0,1,0,0,1,1
H5,704,2018,930591,      0.00,      0.00,      0.00,      0.00,0,2,0,0,2,2
H5,704,2018,930599,     60.00,      0.00,     30.00,     15.00,0,2,0,2,4,4
H5,704,2018,930621,      0.00,      0.00,      0.00,      0.00,0,1,0,0,1,1
H5,704,2018,930629,      0.00,      0.00,      0.00,      0.00,0,1,0,0,1,1
H5,704,2018,930630,      0.00,      0.00,      0.00,      0.00,0,6,0,0,6,6
H5,704,2018,930690,      0.00,      0.00,      0.00,      0.00,0,1,0,0,1,1
H5,704,2018,930700,      5.00,      5.00,      5.00,      5.00,0,0,0,1,1,1
H5,704,2018,940110,      0.00,      0.00,      0.00,      0.00,0,1,0,0,1,1
H5,704,2018,940120,     50.00,     25.00,     25.00,     25.00,0,0,0,2,2,2
H5,704,2018,940130,     25.00,     25.00,     25.00,     25.00,0,0,0,1,1,1
H5,704,2018,940140,     25.00,     25.00,     25.00,     25.00,0,0,0,1,1,1
H5,704,2018,940152,     25.00,     25.00,     25.00,     25.00,0,0,0,1,1,1
H5,704,2018,940153,     25.00,     25.00,     25.00,     25.00,0,0,0,1,1,1
H5,704,2018,940159,     25.00,     25.00,     25.00,     25.00,0,0,0,1,1,1
H5,704,2018,940161,     25.00,     25.00,     25.00,     25.00,0,0,0,1,1,1
H5,704,2018,940169,     50.00,     25.00,     25.00,     25.00,0,0,0,2,2,2
H5,704,2018,940171,     25.00,     25.00,     25.00,     25.00,0,0,0,1,1,1
H5,704,2018,940179,     50.00,     25.00,     25.00,     25.00,0,0,0,2,2,2
H5,704,2018,940180,     25.00,     25.00,     25.00,     25.00,0,0,0,1,1,1
H5,704,2018,940190,    100.00,      0.00,     20.00,     16.67,0,1,0,5,6,6
H5,704,2018,940210,      0.00,      0.00,      0.00,      0.00,0,2,0,0,2,2
H5,704,2018,940290,      0.00,      0.00,      0.00,      0.00,0,3,0,0,3,3
H5,704,2018,940310,     10.00,     10.00,     10.00,     10.00,0,0,0,1,1,1
H5,704,2018,940320,     25.00,     10.00,     15.00,     12.50,0,0,0,2,2,2
H5,704,2018,940330,     25.00,     25.00,     25.00,     25.00,0,0,0,1,1,1
H5,704,2018,940340,     25.00,     25.00,     25.00,     25.00,0,0,0,1,1,1
H5,704,2018,940350,     25.00,     25.00,     25.00,     25.00,0,0,0,1,1,1
H5,704,2018,940360,     45.00,     20.00,     25.00,     22.50,0,0,0,2,2,2
H5,704,2018,940370,     65.00,     20.00,     25.00,     21.67,0,0,0,3,3,3
H5,704,2018,940382,     25.00,     25.00,     25.00,     25.00,0,0,0,1,1,1
H5,704,2018,940383,     25.00,     25.00,     25.00,     25.00,0,0,0,1,1,1
H5,704,2018,940389,     45.00,     20.00,     25.00,     22.50,0,0,0,2,2,2
H5,704,2018,940390,     40.00,     20.00,     20.00,     20.00,0,0,0,2,2,2
H5,704,2018,940410,     25.00,     25.00,     25.00,     25.00,0,0,0,1,1,1
H5,704,2018,940421,     50.00,     25.00,     25.00,     25.00,0,0,0,2,2,2
H5,704,2018,940429,     75.00,     25.00,     25.00,     25.00,0,0,0,3,3,3
H5,704,2018,940430,     25.00,     25.00,     25.00,     25.00,0,0,0,1,1,1
H5,704,2018,940490,     40.00,     20.00,     20.00,     20.00,0,0,0,2,2,2
H5,704,2018,940510,     55.00,      0.00,     30.00,     13.75,0,1,0,3,4,4
H5,704,2018,940520,     25.00,      0.00,     25.00,     12.50,0,1,0,1,2,2
H5,704,2018,940530,     25.00,     25.00,     25.00,     25.00,0,0,0,1,1,1
H5,704,2018,940540,     95.00,      0.00,     25.00,     11.88,0,1,0,7,8,8
H5,704,2018,940550,     85.00,      5.00,     25.00,     17.00,0,0,0,5,5,5
H5,704,2018,940560,     40.00,     20.00,     20.00,     20.00,0,0,0,2,2,2
H5,704,2018,940591,     50.00,      0.00,     20.00,     10.00,0,1,0,4,5,5
H5,704,2018,940592,     30.00,      0.00,     20.00,      7.50,0,1,0,3,4,4
H5,704,2018,940599,    120.00,     20.00,     20.00,     20.00,0,0,0,6,6,6
H5,704,2018,940610,     18.00,      3.00,     15.00,      9.00,0,0,0,2,2,2
H5,704,2018,940690,     66.00,      3.00,     15.00,     11.00,0,0,0,6,6,6
H5,704,2018,950300,    210.00,     10.00,     20.00,     15.00,0,0,0,14,14,14
H5,704,2018,950420,     70.00,     20.00,     25.00,     23.33,0,0,0,3,3,3
H5,704,2018,950430,     60.00,     20.00,     20.00,     20.00,0,0,0,3,3,3
H5,704,2018,950440,     25.00,     25.00,     25.00,     25.00,0,0,0,1,1,1
H5,704,2018,950450,     40.00,     20.00,     20.00,     20.00,0,0,0,2,2,2
H5,704,2018,950490,    325.00,     25.00,     25.00,     25.00,0,0,0,13,13,13
H5,704,2018,950510,     25.00,     25.00,     25.00,     25.00,0,0,0,1,1,1
H5,704,2018,950590,     25.00,     25.00,     25.00,     25.00,0,0,0,1,1,1
H5,704,2018,950611,      5.00,      5.00,      5.00,      5.00,0,0,0,1,1,1
H5,704,2018,950612,      5.00,      5.00,      5.00,      5.00,0,0,0,1,1,1
H5,704,2018,950619,      5.00,      5.00,      5.00,      5.00,0,0,0,1,1,1
H5,704,2018,950621,      5.00,      5.00,      5.00,      5.00,0,0,0,1,1,1
H5,704,2018,950629,      5.00,      5.00,      5.00,      5.00,0,0,0,1,1,1
H5,704,2018,950631,      5.00,      5.00,      5.00,      5.00,0,0,0,1,1,1
H5,704,2018,950632,      5.00,      5.00,      5.00,      5.00,0,0,0,1,1,1
H5,704,2018,950639,      5.00,      5.00,      5.00,      5.00,0,0,0,1,1,1
H5,704,2018,950640,     10.00,      5.00,      5.00,      5.00,0,0,0,2,2,2
H5,704,2018,950651,      5.00,      5.00,      5.00,      5.00,0,0,0,1,1,1
H5,704,2018,950659,      5.00,      5.00,      5.00,      5.00,0,0,0,1,1,1
H5,704,2018,950661,      5.00,      5.00,      5.00,      5.00,0,0,0,1,1,1
H5,704,2018,950662,      5.00,      5.00,      5.00,      5.00,0,0,0,1,1,1
H5,704,2018,950669,      5.00,      5.00,      5.00,      5.00,0,0,0,1,1,1
H5,704,2018,950670,      5.00,      5.00,      5.00,      5.00,0,0,0,1,1,1
H5,704,2018,950691,      5.00,      5.00,      5.00,      5.00,0,0,0,1,1,1
H5,704,2018,950699,     10.00,      5.00,      5.00,      5.00,0,0,0,2,2,2
H5,704,2018,950710,      5.00,      5.00,      5.00,      5.00,0,0,0,1,1,1
H5,704,2018,950720,      5.00,      5.00,      5.00,      5.00,0,0,0,1,1,1
H5,704,2018,950730,      5.00,      5.00,      5.00,      5.00,0,0,0,1,1,1
H5,704,2018,950790,      5.00,      5.00,      5.00,      5.00,0,0,0,1,1,1
H5,704,2018,950810,     10.00,     10.00,     10.00,     10.00,0,0,0,1,1,1
H5,704,2018,950890,     10.00,     10.00,     10.00,     10.00,0,0,0,1,1,1
H5,704,2018,960110,     50.00,     25.00,     25.00,     25.00,0,0,0,2,2,2
H5,704,2018,960190,    100.00,     25.00,     25.00,     25.00,0,0,0,4,4,4
H5,704,2018,960200,     50.00,     10.00,     20.00,     16.67,0,0,0,3,3,3
H5,704,2018,960310,     50.00,     25.00,     25.00,     25.00,0,0,0,2,2,2
H5,704,2018,960321,     25.00,     25.00,     25.00,     25.00,0,0,0,1,1,1
H5,704,2018,960329,     25.00,     25.00,     25.00,     25.00,0,0,0,1,1,1
H5,704,2018,960330,     25.00,     25.00,     25.00,     25.00,0,0,0,1,1,1
H5,704,2018,960340,     25.00,     25.00,     25.00,     25.00,0,0,0,1,1,1
H5,704,2018,960350,     25.00,     25.00,     25.00,     25.00,0,0,0,1,1,1
H5,704,2018,960390,    100.00,     25.00,     25.00,     25.00,0,0,0,4,4,4
H5,704,2018,960400,     50.00,     25.00,     25.00,     25.00,0,0,0,2,2,2
H5,704,2018,960500,     25.00,     25.00,     25.00,     25.00,0,0,0,1,1,1
H5,704,2018,960610,     50.00,     25.00,     25.00,     25.00,0,0,0,2,2,2
H5,704,2018,960621,     25.00,     25.00,     25.00,     25.00,0,0,0,1,1,1
H5,704,2018,960622,     25.00,     25.00,     25.00,     25.00,0,0,0,1,1,1
H5,704,2018,960629,     25.00,     25.00,     25.00,     25.00,0,0,0,1,1,1
H5,704,2018,960630,     50.00,     25.00,     25.00,     25.00,0,0,0,2,2,2
H5,704,2018,960711,     20.00,     20.00,     20.00,     20.00,0,0,0,1,1,1
H5,704,2018,960719,     20.00,     20.00,     20.00,     20.00,0,0,0,1,1,1
H5,704,2018,960720,     15.00,     15.00,     15.00,     15.00,0,0,0,1,1,1
H5,704,2018,960810,     50.00,     25.00,     25.00,     25.00,0,0,0,2,2,2
H5,704,2018,960820,     25.00,     25.00,     25.00,     25.00,0,0,0,1,1,1
H5,704,2018,960830,     50.00,     25.00,     25.00,     25.00,0,0,0,2,2,2
H5,704,2018,960840,     25.00,     25.00,     25.00,     25.00,0,0,0,1,1,1
H5,704,2018,960850,     25.00,     25.00,     25.00,     25.00,0,0,0,1,1,1
H5,704,2018,960860,     20.00,     10.00,     10.00,     10.00,0,0,0,2,2,2
H5,704,2018,960891,     20.00,     10.00,     10.00,     10.00,0,0,0,2,2,2
H5,704,2018,960899,     75.00,     25.00,     25.00,     25.00,0,0,0,3,3,3
H5,704,2018,960910,     50.00,     25.00,     25.00,     25.00,0,0,0,2,2,2
H5,704,2018,960920,     25.00,     25.00,     25.00,     25.00,0,0,0,1,1,1
H5,704,2018,960990,    100.00,     25.00,     25.00,     25.00,0,0,0,4,4,4
H5,704,2018,961000,     50.00,     25.00,     25.00,     25.00,0,0,0,2,2,2
H5,704,2018,961100,     25.00,     25.00,     25.00,     25.00,0,0,0,1,1,1
H5,704,2018,961210,     20.00,     10.00,     10.00,     10.00,0,0,0,2,2,2
H5,704,2018,961220,      5.00,      5.00,      5.00,      5.00,0,0,0,1,1,1
H5,704,2018,961310,     50.00,     25.00,     25.00,     25.00,0,0,0,2,2,2
H5,704,2018,961320,     50.00,     25.00,     25.00,     25.00,0,0,0,2,2,2
H5,704,2018,961380,    100.00,     25.00,     25.00,     25.00,0,0,0,4,4,4
H5,704,2018,961390,     50.00,     25.00,     25.00,     25.00,0,0,0,2,2,2
H5,704,2018,961400,     50.00,     25.00,     25.00,     25.00,0,0,0,2,2,2
H5,704,2018,961511,     40.00,     20.00,     20.00,     20.00,0,0,0,2,2,2
H5,704,2018,961519,     20.00,     20.00,     20.00,     20.00,0,0,0,1,1,1
H5,704,2018,961590,    240.00,     20.00,     20.00,     20.00,0,0,0,12,12,12
H5,704,2018,961610,     35.00,     10.00,     25.00,     17.50,0,0,0,2,2,2
H5,704,2018,961620,     25.00,     25.00,     25.00,     25.00,0,0,0,1,1,1
H5,704,2018,961700,     55.00,     25.00,     30.00,     27.50,0,0,0,2,2,2
H5,704,2018,961800,     25.00,     25.00,     25.00,     25.00,0,0,0,1,1,1
H5,704,2018,961900,    105.00,      5.00,     20.00,     15.00,0,0,0,7,7,7
H5,704,2018,962000,      0.00,      0.00,      0.00,      0.00,0,5,0,0,5,5
H5,704,2018,970110,      5.00,      5.00,      5.00,      5.00,0,0,0,1,1,1
H5,704,2018,970190,      5.00,      5.00,      5.00,      5.00,0,0,0,1,1,1
H5,704,2018,970200,      0.00,      0.00,      0.00,      0.00,0,1,0,0,1,1
H5,704,2018,970300,      0.00,      0.00,      0.00,      0.00,0,1,0,0,1,1
H5,704,2018,970400,     20.00,     20.00,     20.00,     20.00,0,0,0,1,1,1
H5,704,2018,970500,      0.00,      0.00,      0.00,      0.00,0,2,0,0,2,2
H5,704,2018,970600,      0.00,      0.00,      0.00,      0.00,0,1,0,0,1,1
