NomenCode,Reporter_ISO_N,Year,ProductCode,Sum_Of_Rates,Min_Rate,Max_Rate,SimpleAverage,Nbr_NA_Lines,Nbr_Free_Lines,Nbr_AVE_Lines,Nbr_Dutiable_Lines,TotalNoOfValidLines,TotalNoOfLines
H5,392,2017,010121,      0.00,      0.00,      0.00,      0.00,1,2,0,0,2,3
H5,392,2017,010129,      0.00,      0.00,      0.00,      0.00,1,2,0,0,2,3
H5,392,2017,010130,      0.00,      0.00,      0.00,      0.00,0,1,0,0,1,1
H5,392,2017,010190,      0.00,      0.00,      0.00,      0.00,0,1,0,0,1,1
H5,392,2017,010221,      0.00,      0.00,      0.00,      0.00,0,1,0,0,1,1
H5,392,2017,010229,,,,,2,0,0,0,0,2
H5,392,2017,010231,      0.00,      0.00,      0.00,      0.00,0,1,0,0,1,1
H5,392,2017,010239,      0.00,      0.00,      0.00,      0.00,0,1,0,0,1,1
H5,392,2017,010290,      0.00,      0.00,      0.00,      0.00,2,1,0,0,1,3
H5,392,2017,010310,      0.00,      0.00,      0.00,      0.00,0,1,0,0,1,1
H5,392,2017,010391,      8.50,      8.50,      8.50,      8.50,0,0,0,1,1,1
H5,392,2017,010392,      8.50,      8.50,      8.50,      8.50,2,0,0,1,1,3
H5,392,2017,010410,      0.00,      0.00,      0.00,      0.00,0,1,0,0,1,1
H5,392,2017,010420,      0.00,      0.00,      0.00,      0.00,0,1,0,0,1,1
H5,392,2017,010511,      0.00,      0.00,      0.00,      0.00,0,1,0,0,1,1
H5,392,2017,010512,      0.00,      0.00,      0.00,      0.00,0,1,0,0,1,1
H5,392,2017,010513,      0.00,      0.00,      0.00,      0.00,0,1,0,0,1,1
H5,392,2017,010514,      0.00,      0.00,      0.00,      0.00,0,1,0,0,1,1
H5,392,2017,010515,      0.00,      0.00,      0.00,      0.00,0,1,0,0,1,1
H5,392,2017,010594,      0.00,      0.00,      0.00,      0.00,0,1,0,0,1,1
H5,392,2017,010599,      0.00,      0.00,      0.00,      0.00,0,1,0,0,1,1
H5,392,2017,010611,      0.00,      0.00,      0.00,      0.00,0,1,0,0,1,1
H5,392,2017,010612,      0.00,      0.00,      0.00,      0.00,0,2,0,0,2,2
H5,392,2017,010613,      0.00,      0.00,      0.00,      0.00,0,1,0,0,1,1
H5,392,2017,010614,      0.00,      0.00,      0.00,      0.00,0,1,0,0,1,1
H5,392,2017,010619,      0.00,      0.00,      0.00,      0.00,0,2,0,0,2,2
H5,392,2017,010620,      0.00,      0.00,      0.00,      0.00,0,5,0,0,5,5
H5,392,2017,010631,      0.00,      0.00,      0.00,      0.00,0,1,0,0,1,1
H5,392,2017,010632,      0.00,      0.00,      0.00,      0.00,0,1,0,0,1,1
H5,392,2017,010633,      0.00,      0.00,      0.00,      0.00,0,1,0,0,1,1
H5,392,2017,010639,      0.00,      0.00,      0.00,      0.00,0,1,0,0,1,1
H5,392,2017,010641,      0.00,      0.00,      0.00,      0.00,0,1,0,0,1,1
H5,392,2017,010649,      0.00,      0.00,      0.00,      0.00,0,1,0,0,1,1
H5,392,2017,010690,      0.00,      0.00,      0.00,      0.00,0,4,0,0,4,4
H5,392,2017,020110,     38.50,     38.50,     38.50,     38.50,0,0,0,1,1,1
H5,392,2017,020120,     38.50,     38.50,     38.50,     38.50,0,0,0,1,1,1
H5,392,2017,020130,    154.00,     38.50,     38.50,     38.50,0,0,0,4,4,4
H5,392,2017,020210,     38.50,     38.50,     38.50,     38.50,0,0,0,1,1,1
H5,392,2017,020220,     38.50,     38.50,     38.50,     38.50,0,0,0,1,1,1
H5,392,2017,020230,    154.00,     38.50,     38.50,     38.50,0,0,0,4,4,4
H5,392,2017,020311,      4.30,      0.00,      4.30,      2.15,2,1,0,1,2,4
H5,392,2017,020312,      4.30,      0.00,      4.30,      2.15,2,1,0,1,2,4
H5,392,2017,020319,      4.30,      0.00,      4.30,      2.15,2,1,0,1,2,4
H5,392,2017,020321,      4.30,      0.00,      4.30,      2.15,2,1,0,1,2,4
H5,392,2017,020322,      4.30,      0.00,      4.30,      2.15,2,1,0,1,2,4
H5,392,2017,020329,      4.30,      0.00,      4.30,      2.15,2,1,0,1,2,4
H5,392,2017,020410,      0.00,      0.00,      0.00,      0.00,0,1,0,0,1,1
H5,392,2017,020421,      0.00,      0.00,      0.00,      0.00,0,1,0,0,1,1
H5,392,2017,020422,      0.00,      0.00,      0.00,      0.00,0,1,0,0,1,1
H5,392,2017,020423,      0.00,      0.00,      0.00,      0.00,0,1,0,0,1,1
H5,392,2017,020430,      0.00,      0.00,      0.00,      0.00,0,1,0,0,1,1
H5,392,2017,020441,      0.00,      0.00,      0.00,      0.00,0,1,0,0,1,1
H5,392,2017,020442,      0.00,      0.00,      0.00,      0.00,0,1,0,0,1,1
H5,392,2017,020443,      0.00,      0.00,      0.00,      0.00,0,1,0,0,1,1
H5,392,2017,020450,      0.00,      0.00,      0.00,      0.00,0,1,0,0,1,1
H5,392,2017,020500,      0.00,      0.00,      0.00,      0.00,0,1,0,0,1,1
H5,392,2017,020610,     96.90,     12.80,     50.00,     24.22,0,0,0,4,4,4
H5,392,2017,020621,     12.80,     12.80,     12.80,     12.80,0,0,0,1,1,1
H5,392,2017,020622,     12.80,     12.80,     12.80,     12.80,0,0,0,1,1,1
H5,392,2017,020629,     84.10,     12.80,     50.00,     28.03,0,0,0,3,3,3
H5,392,2017,020630,     12.80,      0.00,      8.50,      4.27,2,1,0,2,3,5
H5,392,2017,020641,      8.50,      0.00,      8.50,      4.25,0,1,0,1,2,2
H5,392,2017,020649,     12.80,      0.00,      8.50,      4.27,2,1,0,2,3,5
H5,392,2017,020680,      0.00,      0.00,      0.00,      0.00,0,1,0,0,1,1
H5,392,2017,020690,      0.00,      0.00,      0.00,      0.00,0,1,0,0,1,1
H5,392,2017,020711,     11.90,     11.90,     11.90,     11.90,0,0,0,1,1,1
H5,392,2017,020712,     11.90,     11.90,     11.90,     11.90,0,0,0,1,1,1
H5,392,2017,020713,     20.40,      8.50,     11.90,     10.20,0,0,0,2,2,2
H5,392,2017,020714,     23.40,      3.00,     11.90,      7.80,0,0,0,3,3,3
H5,392,2017,020724,      3.00,      3.00,      3.00,      3.00,0,0,0,1,1,1
H5,392,2017,020725,      3.00,      3.00,      3.00,      3.00,0,0,0,1,1,1
H5,392,2017,020726,      3.00,      3.00,      3.00,      3.00,0,0,0,1,1,1
H5,392,2017,020727,      6.00,      3.00,      3.00,      3.00,0,0,0,2,2,2
H5,392,2017,020741,      9.60,      9.60,      9.60,      9.60,0,0,0,1,1,1
H5,392,2017,020742,      9.60,      9.60,      9.60,      9.60,0,0,0,1,1,1
H5,392,2017,020743,      3.00,      3.00,      3.00,      3.00,0,0,0,1,1,1
H5,392,2017,020744,      9.60,      9.60,      9.60,      9.60,0,0,0,1,1,1
H5,392,2017,020745,     12.60,      3.00,      9.60,      6.30,0,0,0,2,2,2
H5,392,2017,020751,      9.60,      9.60,      9.60,      9.60,0,0,0,1,1,1
H5,392,2017,020752,      9.60,      9.60,      9.60,      9.60,0,0,0,1,1,1
H5,392,2017,020753,      3.00,      3.00,      3.00,      3.00,0,0,0,1,1,1
H5,392,2017,020754,      9.60,      9.60,      9.60,      9.60,0,0,0,1,1,1
H5,392,2017,020755,     12.60,      3.00,      9.60,      6.30,0,0,0,2,2,2
H5,392,2017,020760,     12.60,      3.00,      9.60,      6.30,0,0,0,2,2,2
H5,392,2017,020810,      0.00,      0.00,      0.00,      0.00,0,1,0,0,1,1
H5,392,2017,020830,      0.00,      0.00,      0.00,      0.00,0,1,0,0,1,1
H5,392,2017,020840,      0.00,      0.00,      0.00,      0.00,0,2,0,0,2,2
H5,392,2017,020850,      0.00,      0.00,      0.00,      0.00,0,1,0,0,1,1
H5,392,2017,020860,      0.00,      0.00,      0.00,      0.00,0,1,0,0,1,1
H5,392,2017,020890,      0.00,      0.00,      0.00,      0.00,0,2,0,0,2,2
H5,392,2017,020910,      6.00,      6.00,      6.00,      6.00,0,0,0,1,1,1
H5,392,2017,020990,      6.00,      6.00,      6.00,      6.00,0,0,0,1,1,1
H5,392,2017,021011,      8.50,      8.50,      8.50,      8.50,1,0,0,1,1,2
H5,392,2017,021012,      8.50,      8.50,      8.50,      8.50,1,0,0,1,1,2
H5,392,2017,021019,      8.50,      8.50,      8.50,      8.50,1,0,0,1,1,2
H5,392,2017,021020,,,,,1,0,0,0,0,1
H5,392,2017,021091,      4.20,      4.20,      4.20,      4.20,0,0,0,1,1,1
H5,392,2017,021092,      4.20,      4.20,      4.20,      4.20,0,0,0,1,1,1
H5,392,2017,021093,      4.20,      4.20,      4.20,      4.20,0,0,0,1,1,1
H5,392,2017,021099,     12.70,      4.20,      8.50,      6.35,2,0,0,2,2,4
H5,392,2017,030111,      5.20,      1.70,      3.50,      2.60,0,0,0,2,2,2
H5,392,2017,030119,      1.70,      1.70,      1.70,      1.70,0,0,0,1,1,1
H5,392,2017,030191,      3.50,      0.00,      3.50,      1.75,0,1,0,1,2,2
H5,392,2017,030192,      3.50,      0.00,      3.50,      1.75,0,1,0,1,2,2
H5,392,2017,030193,      3.50,      0.00,      3.50,      1.75,0,1,0,1,2,2
H5,392,2017,030194,      7.00,      0.00,      3.50,      1.75,0,2,0,2,4,4
H5,392,2017,030195,      3.50,      0.00,      3.50,      1.75,0,1,0,1,2,2
H5,392,2017,030199,     10.50,      0.00,      3.50,      1.31,0,5,0,3,8,8
H5,392,2017,030211,      3.50,      3.50,      3.50,      3.50,0,0,0,1,1,1
H5,392,2017,030213,     10.50,      3.50,      3.50,      3.50,0,0,0,3,3,3
H5,392,2017,030214,      3.50,      3.50,      3.50,      3.50,0,0,0,1,1,1
H5,392,2017,030219,      3.50,      3.50,      3.50,      3.50,0,0,0,1,1,1
H5,392,2017,030221,      3.50,      3.50,      3.50,      3.50,0,0,0,1,1,1
H5,392,2017,030222,      3.50,      3.50,      3.50,      3.50,0,0,0,1,1,1
H5,392,2017,030223,      3.50,      3.50,      3.50,      3.50,0,0,0,1,1,1
H5,392,2017,030224,      3.50,      3.50,      3.50,      3.50,0,0,0,1,1,1
H5,392,2017,030229,      3.50,      3.50,      3.50,      3.50,0,0,0,1,1,1
H5,392,2017,030231,      3.50,      3.50,      3.50,      3.50,0,0,0,1,1,1
H5,392,2017,030232,      3.50,      3.50,      3.50,      3.50,0,0,0,1,1,1
H5,392,2017,030233,      3.50,      3.50,      3.50,      3.50,0,0,0,1,1,1
H5,392,2017,030234,      3.50,      3.50,      3.50,      3.50,0,0,0,1,1,1
H5,392,2017,030235,      7.00,      3.50,      3.50,      3.50,0,0,0,2,2,2
H5,392,2017,030236,      3.50,      3.50,      3.50,      3.50,0,0,0,1,1,1
H5,392,2017,030239,      3.50,      3.50,      3.50,      3.50,0,0,0,1,1,1
H5,392,2017,030241,     10.00,     10.00,     10.00,     10.00,0,0,0,1,1,1
H5,392,2017,030242,     10.00,     10.00,     10.00,     10.00,0,0,0,1,1,1
H5,392,2017,030243,     13.50,      3.50,     10.00,      6.75,0,0,0,2,2,2
H5,392,2017,030244,     10.00,     10.00,     10.00,     10.00,0,0,0,1,1,1
H5,392,2017,030245,     10.00,     10.00,     10.00,     10.00,0,0,0,1,1,1
H5,392,2017,030246,      3.50,      3.50,      3.50,      3.50,0,0,0,1,1,1
H5,392,2017,030247,      3.50,      3.50,      3.50,      3.50,0,0,0,1,1,1
H5,392,2017,030249,     20.50,      3.50,     10.00,      5.13,0,0,0,4,4,4
H5,392,2017,030251,     10.00,     10.00,     10.00,     10.00,0,0,0,1,1,1
H5,392,2017,030252,      3.50,      3.50,      3.50,      3.50,0,0,0,1,1,1
H5,392,2017,030253,      3.50,      3.50,      3.50,      3.50,0,0,0,1,1,1
H5,392,2017,030254,     13.50,      3.50,     10.00,      6.75,0,0,0,2,2,2
H5,392,2017,030255,     10.00,     10.00,     10.00,     10.00,0,0,0,1,1,1
H5,392,2017,030256,      3.50,      3.50,      3.50,      3.50,0,0,0,1,1,1
H5,392,2017,030259,     13.50,      3.50,     10.00,      6.75,0,0,0,2,2,2
H5,392,2017,030271,      3.50,      3.50,      3.50,      3.50,0,0,0,1,1,1
H5,392,2017,030272,      3.50,      3.50,      3.50,      3.50,0,0,0,1,1,1
H5,392,2017,030273,      3.50,      3.50,      3.50,      3.50,0,0,0,1,1,1
H5,392,2017,030274,      3.50,      3.50,      3.50,      3.50,0,0,0,1,1,1
H5,392,2017,030279,      3.50,      3.50,      3.50,      3.50,0,0,0,1,1,1
H5,392,2017,030281,      2.50,      2.50,      2.50,      2.50,0,0,0,1,1,1
H5,392,2017,030282,      3.50,      3.50,      3.50,      3.50,0,0,0,1,1,1
H5,392,2017,030283,      3.50,      3.50,      3.50,      3.50,0,0,0,1,1,1
H5,392,2017,030284,      3.50,      3.50,      3.50,      3.50,0,0,0,1,1,1
H5,392,2017,030285,      2.00,      2.00,      2.00,      2.00,0,0,0,1,1,1
H5,392,2017,030289,     32.50,      2.00,     10.00,      5.42,0,0,0,6,6,6
H5,392,2017,030291,     19.10,      3.50,     10.00,      6.37,0,0,0,3,3,3
H5,392,2017,030292,      2.50,      2.50,      2.50,      2.50,0,0,0,1,1,1
H5,392,2017,030299,     18.00,      0.00,     10.00,      3.60,0,1,0,4,5,5
H5,392,2017,030311,      3.50,      3.50,      3.50,      3.50,0,0,0,1,1,1
H5,392,2017,030312,      7.00,      3.50,      3.50,      3.50,0,0,0,2,2,2
H5,392,2017,030313,      3.50,      3.50,      3.50,      3.50,0,0,0,1,1,1
H5,392,2017,030314,      3.50,      3.50,      3.50,      3.50,0,0,0,1,1,1
H5,392,2017,030319,      3.50,      3.50,      3.50,      3.50,0,0,0,1,1,1
H5,392,2017,030323,      3.50,      3.50,      3.50,      3.50,0,0,0,1,1,1
H5,392,2017,030324,      3.50,      3.50,      3.50,      3.50,0,0,0,1,1,1
H5,392,2017,030325,      3.50,      3.50,      3.50,      3.50,0,0,0,1,1,1
H5,392,2017,030326,      3.50,      3.50,      3.50,      3.50,0,0,0,1,1,1
H5,392,2017,030329,      3.50,      3.50,      3.50,      3.50,0,0,0,1,1,1
H5,392,2017,030331,      3.50,      3.50,      3.50,      3.50,0,0,0,1,1,1
H5,392,2017,030332,      3.50,      3.50,      3.50,      3.50,0,0,0,1,1,1
H5,392,2017,030333,      3.50,      3.50,      3.50,      3.50,0,0,0,1,1,1
H5,392,2017,030334,      3.50,      3.50,      3.50,      3.50,0,0,0,1,1,1
H5,392,2017,030339,      3.50,      3.50,      3.50,      3.50,0,0,0,1,1,1
H5,392,2017,030341,      3.50,      3.50,      3.50,      3.50,0,0,0,1,1,1
H5,392,2017,030342,      3.50,      3.50,      3.50,      3.50,0,0,0,1,1,1
H5,392,2017,030343,      3.50,      3.50,      3.50,      3.50,0,0,0,1,1,1
H5,392,2017,030344,      3.50,      3.50,      3.50,      3.50,0,0,0,1,1,1
H5,392,2017,030345,      7.00,      3.50,      3.50,      3.50,0,0,0,2,2,2
H5,392,2017,030346,      3.50,      3.50,      3.50,      3.50,0,0,0,1,1,1
H5,392,2017,030349,      3.50,      3.50,      3.50,      3.50,0,0,0,1,1,1
H5,392,2017,030351,      6.00,      6.00,      6.00,      6.00,0,0,0,1,1,1
H5,392,2017,030353,     13.50,      3.50,     10.00,      6.75,0,0,0,2,2,2
H5,392,2017,030354,      7.00,      7.00,      7.00,      7.00,0,0,0,1,1,1
H5,392,2017,030355,     10.00,     10.00,     10.00,     10.00,0,0,0,1,1,1
H5,392,2017,030356,      3.50,      3.50,      3.50,      3.50,0,0,0,1,1,1
H5,392,2017,030357,      3.50,      3.50,      3.50,      3.50,0,0,0,1,1,1
H5,392,2017,030359,     43.30,      2.80,     10.00,      6.19,0,0,0,7,7,7
H5,392,2017,030363,      6.00,      6.00,      6.00,      6.00,0,0,0,1,1,1
H5,392,2017,030364,      3.50,      3.50,      3.50,      3.50,0,0,0,1,1,1
H5,392,2017,030365,      3.50,      3.50,      3.50,      3.50,0,0,0,1,1,1
H5,392,2017,030366,      9.50,      3.50,      6.00,      4.75,0,0,0,2,2,2
H5,392,2017,030367,      6.00,      6.00,      6.00,      6.00,0,0,0,1,1,1
H5,392,2017,030368,      3.50,      3.50,      3.50,      3.50,0,0,0,1,1,1
H5,392,2017,030369,      9.50,      3.50,      6.00,      4.75,0,0,0,2,2,2
H5,392,2017,030381,      2.50,      2.50,      2.50,      2.50,0,0,0,1,1,1
H5,392,2017,030382,      3.50,      3.50,      3.50,      3.50,0,0,0,1,1,1
H5,392,2017,030383,      3.50,      3.50,      3.50,      3.50,0,0,0,1,1,1
H5,392,2017,030384,      3.50,      3.50,      3.50,      3.50,0,0,0,1,1,1
H5,392,2017,030389,     58.00,      2.00,     10.00,      4.46,0,0,0,13,13,13
H5,392,2017,030391,     11.70,      3.50,      4.20,      3.90,0,0,0,3,3,3
H5,392,2017,030392,      2.50,      2.50,      2.50,      2.50,0,0,0,1,1,1
H5,392,2017,030399,     33.80,      0.00,     10.00,      4.22,0,1,0,7,8,8
H5,392,2017,030431,      3.50,      3.50,      3.50,      3.50,0,0,0,1,1,1
H5,392,2017,030432,      3.50,      3.50,      3.50,      3.50,0,0,0,1,1,1
H5,392,2017,030433,      3.50,      3.50,      3.50,      3.50,0,0,0,1,1,1
H5,392,2017,030439,      3.50,      3.50,      3.50,      3.50,0,0,0,1,1,1
H5,392,2017,030441,      3.50,      3.50,      3.50,      3.50,0,0,0,1,1,1
H5,392,2017,030442,      3.50,      3.50,      3.50,      3.50,0,0,0,1,1,1
H5,392,2017,030443,      3.50,      3.50,      3.50,      3.50,0,0,0,1,1,1
H5,392,2017,030444,     13.50,      3.50,     10.00,      6.75,0,0,0,2,2,2
H5,392,2017,030445,      3.50,      3.50,      3.50,      3.50,0,0,0,1,1,1
H5,392,2017,030446,      3.50,      3.50,      3.50,      3.50,0,0,0,1,1,1
H5,392,2017,030447,      3.50,      3.50,      3.50,      3.50,0,0,0,1,1,1
H5,392,2017,030448,      3.50,      3.50,      3.50,      3.50,0,0,0,1,1,1
H5,392,2017,030449,     20.50,      3.50,     10.00,      5.13,0,0,0,4,4,4
H5,392,2017,030451,      3.50,      3.50,      3.50,      3.50,0,0,0,1,1,1
H5,392,2017,030452,      3.50,      3.50,      3.50,      3.50,0,0,0,1,1,1
H5,392,2017,030453,     13.50,      3.50,     10.00,      6.75,0,0,0,2,2,2
H5,392,2017,030454,      3.50,      3.50,      3.50,      3.50,0,0,0,1,1,1
H5,392,2017,030455,      3.50,      3.50,      3.50,      3.50,0,0,0,1,1,1
H5,392,2017,030456,      2.50,      2.50,      2.50,      2.50,0,0,0,1,1,1
H5,392,2017,030457,      3.50,      3.50,      3.50,      3.50,0,0,0,1,1,1
H5,392,2017,030459,     22.50,      2.00,     10.00,      4.50,0,0,0,5,5,5
H5,392,2017,030461,      3.50,      3.50,      3.50,      3.50,0,0,0,1,1,1
H5,392,2017,030462,      3.50,      3.50,      3.50,      3.50,0,0,0,1,1,1
H5,392,2017,030463,      3.50,      3.50,      3.50,      3.50,0,0,0,1,1,1
H5,392,2017,030469,      3.50,      3.50,      3.50,      3.50,0,0,0,1,1,1
H5,392,2017,030471,     10.00,     10.00,     10.00,     10.00,0,0,0,1,1,1
H5,392,2017,030472,      3.50,      3.50,      3.50,      3.50,0,0,0,1,1,1
H5,392,2017,030473,      3.50,      3.50,      3.50,      3.50,0,0,0,1,1,1
H5,392,2017,030474,     13.50,      3.50,     10.00,      6.75,0,0,0,2,2,2
H5,392,2017,030475,     10.00,     10.00,     10.00,     10.00,0,0,0,1,1,1
H5,392,2017,030479,     13.50,      3.50,     10.00,      6.75,0,0,0,2,2,2
H5,392,2017,030481,      3.50,      3.50,      3.50,      3.50,0,0,0,1,1,1
H5,392,2017,030482,      3.50,      3.50,      3.50,      3.50,0,0,0,1,1,1
H5,392,2017,030483,      3.50,      3.50,      3.50,      3.50,0,0,0,1,1,1
H5,392,2017,030484,      3.50,      3.50,      3.50,      3.50,0,0,0,1,1,1
H5,392,2017,030485,      3.50,      3.50,      3.50,      3.50,0,0,0,1,1,1
H5,392,2017,030486,     10.00,     10.00,     10.00,     10.00,0,0,0,1,1,1
H5,392,2017,030487,     21.00,      3.50,      3.50,      3.50,0,0,0,6,6,6
H5,392,2017,030488,      3.50,      3.50,      3.50,      3.50,0,0,0,1,1,1
H5,392,2017,030489,     24.00,      3.50,     10.00,      4.80,0,0,0,5,5,5
H5,392,2017,030491,      3.50,      3.50,      3.50,      3.50,0,0,0,1,1,1
H5,392,2017,030492,      3.50,      3.50,      3.50,      3.50,0,0,0,1,1,1
H5,392,2017,030493,      3.50,      3.50,      3.50,      3.50,0,0,0,1,1,1
H5,392,2017,030494,     10.20,      4.20,      6.00,      5.10,0,0,0,2,2,2
H5,392,2017,030495,     13.70,      3.50,      6.00,      4.57,0,0,0,3,3,3
H5,392,2017,030496,      2.50,      2.50,      2.50,      2.50,0,0,0,1,1,1
H5,392,2017,030497,      3.50,      3.50,      3.50,      3.50,0,0,0,1,1,1
H5,392,2017,030499,     38.30,      2.00,     10.00,      4.26,0,0,0,9,9,9
H5,392,2017,030510,     10.00,     10.00,     10.00,     10.00,0,0,0,1,1,1
H5,392,2017,030520,     32.20,      2.80,     10.00,      6.44,0,0,0,5,5,5
H5,392,2017,030531,     10.50,     10.50,     10.50,     10.50,0,0,0,1,1,1
H5,392,2017,030532,     25.50,     10.50,     15.00,     12.75,0,0,0,2,2,2
H5,392,2017,030539,     33.90,      8.40,     15.00,     11.30,0,0,0,3,3,3
H5,392,2017,030541,     10.50,     10.50,     10.50,     10.50,0,0,0,1,1,1
H5,392,2017,030542,     10.00,     10.00,     10.00,     10.00,0,0,0,1,1,1
H5,392,2017,030543,     10.00,     10.00,     10.00,     10.00,0,0,0,1,1,1
H5,392,2017,030544,     10.00,     10.00,     10.00,     10.00,0,0,0,1,1,1
H5,392,2017,030549,     20.00,     10.00,     10.00,     10.00,0,0,0,2,2,2
H5,392,2017,030551,     15.00,     15.00,     15.00,     15.00,0,0,0,1,1,1
H5,392,2017,030552,     10.50,     10.50,     10.50,     10.50,0,0,0,1,1,1
H5,392,2017,030553,     25.50,     10.50,     15.00,     12.75,0,0,0,2,2,2
H5,392,2017,030554,     25.50,     10.50,     15.00,     12.75,0,0,0,2,2,2
H5,392,2017,030559,     33.90,      8.40,     15.00,     11.30,0,0,0,3,3,3
H5,392,2017,030561,     15.00,     15.00,     15.00,     15.00,0,0,0,1,1,1
H5,392,2017,030562,     15.00,     15.00,     15.00,     15.00,0,0,0,1,1,1
H5,392,2017,030563,     15.00,     15.00,     15.00,     15.00,0,0,0,1,1,1
H5,392,2017,030564,     10.50,     10.50,     10.50,     10.50,0,0,0,1,1,1
H5,392,2017,030569,     29.40,      8.40,     10.50,      9.80,0,0,0,3,3,3
H5,392,2017,030571,     20.50,     10.00,     10.50,     10.25,0,0,0,2,2,2
H5,392,2017,030572,    143.80,      0.00,     15.00,     11.06,0,1,0,12,13,13
H5,392,2017,030579,    143.80,      0.00,     15.00,     11.06,0,1,0,12,13,13
H5,392,2017,030611,      1.00,      1.00,      1.00,      1.00,0,0,0,1,1,1
H5,392,2017,030612,      1.00,      1.00,      1.00,      1.00,0,0,0,1,1,1
H5,392,2017,030614,     20.00,      4.00,      4.00,      4.00,0,0,0,5,5,5
H5,392,2017,030615,      2.00,      2.00,      2.00,      2.00,0,0,0,1,1,1
H5,392,2017,030616,      1.00,      1.00,      1.00,      1.00,0,0,0,1,1,1
H5,392,2017,030617,      1.00,      1.00,      1.00,      1.00,0,0,0,1,1,1
H5,392,2017,030619,      9.00,      2.00,      7.00,      4.50,0,0,0,2,2,2
H5,392,2017,030631,      1.00,      1.00,      1.00,      1.00,0,0,0,1,1,1
H5,392,2017,030632,      1.00,      1.00,      1.00,      1.00,0,0,0,1,1,1
H5,392,2017,030633,     28.00,      4.00,      4.00,      4.00,0,0,0,7,7,7
H5,392,2017,030634,      2.00,      2.00,      2.00,      2.00,0,0,0,1,1,1
H5,392,2017,030635,      2.00,      1.00,      1.00,      1.00,0,0,0,2,2,2
H5,392,2017,030636,      3.00,      1.00,      1.00,      1.00,0,0,0,3,3,3
H5,392,2017,030639,      9.00,      2.00,      7.00,      4.50,0,0,0,2,2,2
H5,392,2017,030691,      9.80,      4.80,      5.00,      4.90,0,0,0,2,2,2
H5,392,2017,030692,      9.80,      4.80,      5.00,      4.90,0,0,0,2,2,2
H5,392,2017,030693,     19.60,      9.60,     10.00,      9.80,0,0,0,2,2,2
H5,392,2017,030694,      9.80,      4.80,      5.00,      4.90,0,0,0,2,2,2
H5,392,2017,030695,      9.80,      4.80,      5.00,      4.90,0,0,0,2,2,2
H5,392,2017,030699,     29.40,      4.80,     10.00,      7.35,0,0,0,4,4,4
H5,392,2017,030711,      7.00,      7.00,      7.00,      7.00,0,0,0,1,1,1
H5,392,2017,030712,      7.00,      7.00,      7.00,      7.00,0,0,0,1,1,1
H5,392,2017,030719,     23.90,      6.70,     10.50,      7.97,0,0,0,3,3,3
H5,392,2017,030721,     10.00,     10.00,     10.00,     10.00,0,0,0,1,1,1
H5,392,2017,030722,     10.00,     10.00,     10.00,     10.00,0,0,0,1,1,1
H5,392,2017,030729,     21.70,      6.70,     15.00,     10.85,0,0,0,2,2,2
H5,392,2017,030731,      7.00,      7.00,      7.00,      7.00,0,0,0,1,1,1
H5,392,2017,030732,      7.00,      7.00,      7.00,      7.00,0,0,0,1,1,1
H5,392,2017,030739,     23.40,      6.70,     10.00,      7.80,0,0,0,3,3,3
H5,392,2017,030742,      8.50,      3.50,      5.00,      4.25,0,0,0,2,2,2
H5,392,2017,030743,     15.50,      3.50,      5.00,      3.88,0,0,0,4,4,4
H5,392,2017,030749,     36.70,      6.70,     15.00,     12.23,0,0,0,3,3,3
H5,392,2017,030751,      7.00,      7.00,      7.00,      7.00,0,0,0,1,1,1
H5,392,2017,030752,      7.00,      7.00,      7.00,      7.00,0,0,0,1,1,1
H5,392,2017,030759,     16.70,      6.70,     10.00,      8.35,0,0,0,2,2,2
H5,392,2017,030760,     23.70,      6.70,     10.00,      7.90,0,0,0,3,3,3
H5,392,2017,030771,     34.50,      3.50,     10.00,      6.90,0,0,0,5,5,5
H5,392,2017,030772,     27.50,      3.50,     10.00,      6.88,0,0,0,4,4,4
H5,392,2017,030779,     45.90,      5.30,     10.50,      7.65,0,0,0,6,6,6
H5,392,2017,030781,      7.00,      7.00,      7.00,      7.00,0,0,0,1,1,1
H5,392,2017,030782,      7.00,      7.00,      7.00,      7.00,0,0,0,1,1,1
H5,392,2017,030783,      7.00,      7.00,      7.00,      7.00,0,0,0,1,1,1
H5,392,2017,030784,      7.00,      7.00,      7.00,      7.00,0,0,0,1,1,1
H5,392,2017,030787,     17.20,      6.70,     10.50,      8.60,0,0,0,2,2,2
H5,392,2017,030788,     17.20,      6.70,     10.50,      8.60,0,0,0,2,2,2
H5,392,2017,030791,     31.00,      7.00,     10.00,      7.75,0,0,0,4,4,4
H5,392,2017,030792,     31.00,      7.00,     10.00,      7.75,0,0,0,4,4,4
H5,392,2017,030799,     41.10,      6.70,     10.50,      8.22,0,0,0,5,5,5
H5,392,2017,030811,      7.00,      0.00,      7.00,      3.50,0,1,0,1,2,2
H5,392,2017,030812,      7.00,      7.00,      7.00,      7.00,0,0,0,1,1,1
H5,392,2017,030819,     13.70,      6.70,      7.00,      6.85,0,0,0,2,2,2
H5,392,2017,030821,      7.00,      0.00,      7.00,      3.50,0,1,0,1,2,2
H5,392,2017,030822,      7.00,      7.00,      7.00,      7.00,0,0,0,1,1,1
H5,392,2017,030829,     13.70,      6.70,      7.00,      6.85,0,0,0,2,2,2
H5,392,2017,030830,     13.70,      0.00,      7.00,      4.57,0,1,0,2,3,3
H5,392,2017,030890,     59.20,      0.00,     10.50,      6.58,0,1,0,8,9,9
H5,392,2017,040110,     46.30,     21.30,     25.00,     23.15,1,0,0,2,2,3
H5,392,2017,040120,     46.30,     21.30,     25.00,     23.15,1,0,0,2,2,3
H5,392,2017,040140,     46.30,     21.30,     25.00,     23.15,1,0,0,2,2,3
H5,392,2017,040150,     71.30,     21.30,     25.00,     23.77,2,0,0,3,3,5
H5,392,2017,040210,    120.00,      0.00,     35.00,     20.00,4,2,0,4,6,10
H5,392,2017,040221,    110.00,      0.00,     30.00,     18.33,5,2,0,4,6,11
H5,392,2017,040229,    130.00,     30.00,     35.00,     32.50,3,0,0,4,4,7
H5,392,2017,040291,     80.50,     25.00,     30.00,     26.83,2,0,0,3,3,5
H5,392,2017,040299,     85.50,     25.50,     30.00,     28.50,2,0,0,3,3,5
H5,392,2017,040310,    137.40,     21.30,     35.00,     27.48,1,0,0,5,5,6
H5,392,2017,040390,    381.30,     21.30,     35.00,     29.33,6,0,0,13,13,19
H5,392,2017,040410,    281.30,      0.00,     35.00,     18.75,6,4,0,11,15,21
H5,392,2017,040490,    231.30,     10.00,     35.00,     23.13,6,0,0,10,10,16
H5,392,2017,040510,    140.00,     35.00,     35.00,     35.00,2,0,0,4,4,6
H5,392,2017,040520,     35.00,     35.00,     35.00,     35.00,1,0,0,1,1,2
H5,392,2017,040590,    105.00,     35.00,     35.00,     35.00,2,0,0,3,3,5
H5,392,2017,040610,     52.20,      0.00,     29.80,     17.40,0,1,0,2,3,3
H5,392,2017,040620,     66.30,     26.30,     40.00,     33.15,0,0,0,2,2,2
H5,392,2017,040630,     40.00,     40.00,     40.00,     40.00,0,0,0,1,1,1
H5,392,2017,040640,     29.80,      0.00,     29.80,     14.90,0,1,0,1,2,2
H5,392,2017,040690,     29.80,      0.00,     29.80,     14.90,0,1,0,1,2,2
H5,392,2017,040711,      0.00,      0.00,      0.00,      0.00,0,1,0,0,1,1
H5,392,2017,040719,      0.00,      0.00,      0.00,      0.00,0,1,0,0,1,1
H5,392,2017,040721,     17.00,     17.00,     17.00,     17.00,0,0,0,1,1,1
H5,392,2017,040729,     17.00,     17.00,     17.00,     17.00,0,0,0,1,1,1
H5,392,2017,040790,     38.30,     17.00,     21.30,     19.15,0,0,0,2,2,2
H5,392,2017,040811,     18.80,     18.80,     18.80,     18.80,0,0,0,1,1,1
H5,392,2017,040819,,,,,1,0,0,0,0,1
H5,392,2017,040891,     21.30,     21.30,     21.30,     21.30,0,0,0,1,1,1
H5,392,2017,040899,,,,,1,0,0,0,0,1
H5,392,2017,040900,     25.50,     25.50,     25.50,     25.50,0,0,0,1,1,1
H5,392,2017,041000,     10.50,      1.50,      9.00,      5.25,0,0,0,2,2,2
H5,392,2017,050100,      0.00,      0.00,      0.00,      0.00,0,1,0,0,1,1
H5,392,2017,050210,      0.00,      0.00,      0.00,      0.00,0,1,0,0,1,1
H5,392,2017,050290,      0.00,      0.00,      0.00,      0.00,0,1,0,0,1,1
H5,392,2017,050400,      0.00,      0.00,      0.00,      0.00,0,5,0,0,5,5
H5,392,2017,050510,      0.00,      0.00,      0.00,      0.00,0,1,0,0,1,1
H5,392,2017,050590,      0.00,      0.00,      0.00,      0.00,0,1,0,0,1,1
H5,392,2017,050610,      0.00,      0.00,      0.00,      0.00,0,1,0,0,1,1
H5,392,2017,050690,      0.00,      0.00,      0.00,      0.00,0,2,0,0,2,2
H5,392,2017,050710,      0.00,      0.00,      0.00,      0.00,0,1,0,0,1,1
H5,392,2017,050790,      0.00,      0.00,      0.00,      0.00,0,2,0,0,2,2
H5,392,2017,050800,      0.00,      0.00,      0.00,      0.00,0,2,0,0,2,2
H5,392,2017,051000,      3.00,      0.00,      3.00,      1.00,0,2,0,1,3,3
H5,392,2017,051110,      0.00,      0.00,      0.00,      0.00,0,1,0,0,1,1
H5,392,2017,051191,      1.70,      0.00,      1.70,      0.43,0,3,0,1,4,4
H5,392,2017,051199,      5.00,      0.00,      3.50,      0.83,0,4,0,2,6,6
H5,392,2017,060110,      0.00,      0.00,      0.00,      0.00,0,3,0,0,3,3
H5,392,2017,060120,      0.00,      0.00,      0.00,      0.00,0,1,0,0,1,1
H5,392,2017,060210,      0.00,      0.00,      0.00,      0.00,0,1,0,0,1,1
H5,392,2017,060220,      0.00,      0.00,      0.00,      0.00,0,1,0,0,1,1
H5,392,2017,060230,      0.00,      0.00,      0.00,      0.00,0,1,0,0,1,1
H5,392,2017,060240,      0.00,      0.00,      0.00,      0.00,0,1,0,0,1,1
H5,392,2017,060290,      0.00,      0.00,      0.00,      0.00,0,3,0,0,3,3
H5,392,2017,060311,      0.00,      0.00,      0.00,      0.00,0,1,0,0,1,1
H5,392,2017,060312,      0.00,      0.00,      0.00,      0.00,0,1,0,0,1,1
H5,392,2017,060313,      0.00,      0.00,      0.00,      0.00,0,1,0,0,1,1
H5,392,2017,060314,      0.00,      0.00,      0.00,      0.00,0,1,0,0,1,1
H5,392,2017,060315,      0.00,      0.00,      0.00,      0.00,0,1,0,0,1,1
H5,392,2017,060319,      0.00,      0.00,      0.00,      0.00,0,1,0,0,1,1
H5,392,2017,060390,      0.00,      0.00,      0.00,      0.00,0,1,0,0,1,1
H5,392,2017,060420,      3.00,      3.00,      3.00,      3.00,0,0,0,1,1,1
H5,392,2017,060490,      3.00,      3.00,      3.00,      3.00,0,0,0,1,1,1
H5,392,2017,070110,      3.00,      3.00,      3.00,      3.00,0,0,0,1,1,1
H5,392,2017,070190,      4.30,      4.30,      4.30,      4.30,0,0,0,1,1,1
H5,392,2017,070200,      3.00,      3.00,      3.00,      3.00,0,0,0,1,1,1
H5,392,2017,070310,     11.50,      0.00,      8.50,      3.83,1,1,0,2,3,4
H5,392,2017,070320,      3.00,      3.00,      3.00,      3.00,0,0,0,1,1,1
H5,392,2017,070390,      6.00,      3.00,      3.00,      3.00,0,0,0,2,2,2
H5,392,2017,070410,      3.00,      3.00,      3.00,      3.00,0,0,0,1,1,1
H5,392,2017,070420,      3.00,      3.00,      3.00,      3.00,0,0,0,1,1,1
H5,392,2017,070490,     12.00,      3.00,      3.00,      3.00,0,0,0,4,4,4
H5,392,2017,070511,      3.00,      3.00,      3.00,      3.00,0,0,0,1,1,1
H5,392,2017,070519,      3.00,      3.00,      3.00,      3.00,0,0,0,1,1,1
H5,392,2017,070521,      3.00,      3.00,      3.00,      3.00,0,0,0,1,1,1
H5,392,2017,070529,      3.00,      3.00,      3.00,      3.00,0,0,0,1,1,1
H5,392,2017,070610,      6.00,      3.00,      3.00,      3.00,0,0,0,2,2,2
H5,392,2017,070690,      5.50,      2.50,      3.00,      2.75,0,0,0,2,2,2
H5,392,2017,070700,      3.00,      3.00,      3.00,      3.00,0,0,0,1,1,1
H5,392,2017,070810,      3.00,      3.00,      3.00,      3.00,0,0,0,1,1,1
H5,392,2017,070820,      3.00,      3.00,      3.00,      3.00,0,0,0,1,1,1
H5,392,2017,070890,      3.00,      3.00,      3.00,      3.00,0,0,0,1,1,1
H5,392,2017,070920,      3.00,      3.00,      3.00,      3.00,0,0,0,1,1,1
H5,392,2017,070930,      3.00,      3.00,      3.00,      3.00,0,0,0,1,1,1
H5,392,2017,070940,      3.00,      3.00,      3.00,      3.00,0,0,0,1,1,1
H5,392,2017,070951,      4.30,      4.30,      4.30,      4.30,0,0,0,1,1,1
H5,392,2017,070959,     14.60,      3.00,      4.30,      3.65,0,0,0,4,4,4
H5,392,2017,070960,      6.00,      3.00,      3.00,      3.00,0,0,0,2,2,2
H5,392,2017,070970,      3.00,      3.00,      3.00,      3.00,0,0,0,1,1,1
H5,392,2017,070991,      3.00,      3.00,      3.00,      3.00,0,0,0,1,1,1
H5,392,2017,070992,      3.00,      3.00,      3.00,      3.00,0,0,0,1,1,1
H5,392,2017,070993,      3.00,      3.00,      3.00,      3.00,0,0,0,1,1,1
H5,392,2017,070999,      9.00,      3.00,      6.00,      4.50,0,0,0,2,2,2
H5,392,2017,071010,      8.50,      8.50,      8.50,      8.50,0,0,0,1,1,1
H5,392,2017,071021,      8.50,      8.50,      8.50,      8.50,0,0,0,1,1,1
H5,392,2017,071022,      8.50,      8.50,      8.50,      8.50,0,0,0,1,1,1
H5,392,2017,071029,     14.50,      6.00,      8.50,      7.25,0,0,0,2,2,2
H5,392,2017,071030,      6.00,      6.00,      6.00,      6.00,0,0,0,1,1,1
H5,392,2017,071040,     10.60,     10.60,     10.60,     10.60,0,0,0,1,1,1
H5,392,2017,071080,     24.00,      6.00,     12.00,      8.00,0,0,0,3,3,3
H5,392,2017,071090,     16.60,      6.00,     10.60,      8.30,0,0,0,2,2,2
H5,392,2017,071120,      9.00,      9.00,      9.00,      9.00,0,0,0,1,1,1
H5,392,2017,071140,      9.00,      9.00,      9.00,      9.00,0,0,0,1,1,1
H5,392,2017,071151,      9.00,      9.00,      9.00,      9.00,0,0,0,1,1,1
H5,392,2017,071159,      9.00,      9.00,      9.00,      9.00,0,0,0,1,1,1
H5,392,2017,071190,     66.00,      6.00,     12.00,      8.25,0,0,0,8,8,8
H5,392,2017,071220,      9.00,      9.00,      9.00,      9.00,0,0,0,1,1,1
H5,392,2017,071231,      9.00,      9.00,      9.00,      9.00,0,0,0,1,1,1
H5,392,2017,071232,      9.00,      9.00,      9.00,      9.00,0,0,0,1,1,1
H5,392,2017,071233,      9.00,      9.00,      9.00,      9.00,0,0,0,1,1,1
H5,392,2017,071239,     21.80,      9.00,     12.80,     10.90,0,0,0,2,2,2
H5,392,2017,071290,     57.80,      0.00,     12.80,      8.26,1,1,0,6,7,8
H5,392,2017,071310,     16.00,      0.00,     10.00,      5.33,1,1,0,2,3,4
H5,392,2017,071320,      8.50,      0.00,      8.50,      4.25,0,1,0,1,2,2
H5,392,2017,071331,      0.00,      0.00,      0.00,      0.00,0,1,0,0,1,1
H5,392,2017,071332,     10.00,     10.00,     10.00,     10.00,1,0,0,1,1,2
H5,392,2017,071333,     16.00,      0.00,     10.00,      5.33,1,1,0,2,3,4
H5,392,2017,071334,     16.00,      0.00,     10.00,      5.33,1,1,0,2,3,4
H5,392,2017,071335,     16.00,      0.00,     10.00,      5.33,1,1,0,2,3,4
H5,392,2017,071339,     46.00,      0.00,     10.00,      7.67,0,1,0,5,6,6
H5,392,2017,071340,      8.50,      0.00,      8.50,      4.25,0,1,0,1,2,2
H5,392,2017,071350,     16.00,      0.00,     10.00,      5.33,1,1,0,2,3,4
H5,392,2017,071360,     16.00,      0.00,     10.00,      5.33,1,1,0,2,3,4
H5,392,2017,071390,     16.00,      0.00,     10.00,      5.33,1,1,0,2,3,4
H5,392,2017,071410,     36.00,      0.00,     15.00,      6.00,0,3,0,3,6,6
H5,392,2017,071420,     24.80,     12.00,     12.80,     12.40,0,0,0,2,2,2
H5,392,2017,071430,     21.00,      9.00,     12.00,     10.50,0,0,0,2,2,2
H5,392,2017,071440,     19.00,      9.00,     10.00,      9.50,0,0,0,2,2,2
H5,392,2017,071450,     21.00,      9.00,     12.00,     10.50,0,0,0,2,2,2
H5,392,2017,071490,     21.00,      9.00,     12.00,     10.50,0,0,0,2,2,2
H5,392,2017,080111,      3.00,      3.00,      3.00,      3.00,0,0,0,1,1,1
H5,392,2017,080112,      3.00,      3.00,      3.00,      3.00,0,0,0,1,1,1
H5,392,2017,080119,      3.00,      3.00,      3.00,      3.00,0,0,0,1,1,1
H5,392,2017,080121,      3.00,      3.00,      3.00,      3.00,0,0,0,1,1,1
H5,392,2017,080122,      3.00,      3.00,      3.00,      3.00,0,0,0,1,1,1
H5,392,2017,080131,      0.00,      0.00,      0.00,      0.00,0,1,0,0,1,1
H5,392,2017,080132,      0.00,      0.00,      0.00,      0.00,0,1,0,0,1,1
H5,392,2017,080211,      2.40,      0.00,      2.40,      1.20,0,1,0,1,2,2
H5,392,2017,080212,      2.40,      0.00,      2.40,      1.20,0,1,0,1,2,2
H5,392,2017,080221,      6.00,      6.00,      6.00,      6.00,0,0,0,1,1,1
H5,392,2017,080222,      6.00,      6.00,      6.00,      6.00,0,0,0,1,1,1
H5,392,2017,080231,     10.00,     10.00,     10.00,     10.00,0,0,0,1,1,1
H5,392,2017,080232,     10.00,     10.00,     10.00,     10.00,0,0,0,1,1,1
H5,392,2017,080241,      9.60,      9.60,      9.60,      9.60,0,0,0,1,1,1
H5,392,2017,080242,      9.60,      9.60,      9.60,      9.60,0,0,0,1,1,1
H5,392,2017,080251,      0.00,      0.00,      0.00,      0.00,0,1,0,0,1,1
H5,392,2017,080252,      0.00,      0.00,      0.00,      0.00,0,1,0,0,1,1
H5,392,2017,080261,      5.00,      5.00,      5.00,      5.00,0,0,0,1,1,1
H5,392,2017,080262,      5.00,      5.00,      5.00,      5.00,0,0,0,1,1,1
H5,392,2017,080270,     12.00,     12.00,     12.00,     12.00,0,0,0,1,1,1
H5,392,2017,080280,      0.00,      0.00,      0.00,      0.00,0,1,0,0,1,1
H5,392,2017,080290,     16.50,      4.50,     12.00,      8.25,0,0,0,2,2,2
H5,392,2017,080310,     48.00,      3.00,     25.00,     16.00,0,0,0,3,3,3
H5,392,2017,080390,     48.00,      3.00,     25.00,     16.00,0,0,0,3,3,3
H5,392,2017,080410,      0.00,      0.00,      0.00,      0.00,0,1,0,0,1,1
H5,392,2017,080420,     12.00,      6.00,      6.00,      6.00,0,0,0,2,2,2
H5,392,2017,080430,     24.20,      7.20,     17.00,     12.10,0,0,0,2,2,2
H5,392,2017,080440,      6.00,      3.00,      3.00,      3.00,0,0,0,2,2,2
H5,392,2017,080450,      9.00,      3.00,      3.00,      3.00,0,0,0,3,3,3
H5,392,2017,080510,     48.00,     16.00,     32.00,     24.00,0,0,0,2,2,2
H5,392,2017,080521,     17.00,     17.00,     17.00,     17.00,0,0,0,1,1,1
H5,392,2017,080522,     17.00,     17.00,     17.00,     17.00,0,0,0,1,1,1
H5,392,2017,080529,     17.00,     17.00,     17.00,     17.00,0,0,0,1,1,1
H5,392,2017,080540,     20.00,     10.00,     10.00,     10.00,0,0,0,2,2,2
H5,392,2017,080550,      0.00,      0.00,      0.00,      0.00,0,2,0,0,2,2
H5,392,2017,080590,     17.00,      0.00,     17.00,      8.50,0,1,0,1,2,2
H5,392,2017,080610,     24.80,      7.80,     17.00,     12.40,0,0,0,2,2,2
H5,392,2017,080620,      1.20,      1.20,      1.20,      1.20,0,0,0,1,1,1
H5,392,2017,080711,      6.00,      6.00,      6.00,      6.00,0,0,0,1,1,1
H5,392,2017,080719,      6.00,      6.00,      6.00,      6.00,0,0,0,1,1,1
H5,392,2017,080720,      2.00,      2.00,      2.00,      2.00,0,0,0,1,1,1
H5,392,2017,080810,     17.00,     17.00,     17.00,     17.00,0,0,0,1,1,1
H5,392,2017,080830,      4.80,      4.80,      4.80,      4.80,0,0,0,1,1,1
H5,392,2017,080840,      4.80,      4.80,      4.80,      4.80,0,0,0,1,1,1
H5,392,2017,080910,      6.00,      6.00,      6.00,      6.00,0,0,0,1,1,1
H5,392,2017,080921,      8.50,      8.50,      8.50,      8.50,0,0,0,1,1,1
H5,392,2017,080929,      8.50,      8.50,      8.50,      8.50,0,0,0,1,1,1
H5,392,2017,080930,      6.00,      6.00,      6.00,      6.00,0,0,0,1,1,1
H5,392,2017,080940,      6.00,      6.00,      6.00,      6.00,0,0,0,1,1,1
H5,392,2017,081010,      6.00,      6.00,      6.00,      6.00,0,0,0,1,1,1
H5,392,2017,081020,      6.00,      6.00,      6.00,      6.00,0,0,0,1,1,1
H5,392,2017,081030,      6.00,      6.00,      6.00,      6.00,0,0,0,1,1,1
H5,392,2017,081040,      6.00,      6.00,      6.00,      6.00,0,0,0,1,1,1
H5,392,2017,081050,      6.40,      6.40,      6.40,      6.40,0,0,0,1,1,1
H5,392,2017,081060,      5.00,      5.00,      5.00,      5.00,0,0,0,1,1,1
H5,392,2017,081070,      6.00,      6.00,      6.00,      6.00,0,0,0,1,1,1
H5,392,2017,081090,     11.00,      5.00,      6.00,      5.50,0,0,0,2,2,2
H5,392,2017,081110,     21.60,      9.60,     12.00,     10.80,0,0,0,2,2,2
H5,392,2017,081120,     15.60,      6.00,      9.60,      7.80,0,0,0,2,2,2
H5,392,2017,081190,    134.20,      6.00,     23.80,     12.20,1,0,0,11,11,12
H5,392,2017,081210,     17.00,     17.00,     17.00,     17.00,0,0,0,1,1,1
H5,392,2017,081290,    163.60,      0.00,     32.00,     14.87,0,1,0,10,11,11
H5,392,2017,081310,      9.00,      9.00,      9.00,      9.00,0,0,0,1,1,1
H5,392,2017,081320,      2.40,      2.40,      2.40,      2.40,0,0,0,1,1,1
H5,392,2017,081330,      9.00,      9.00,      9.00,      9.00,0,0,0,1,1,1
H5,392,2017,081340,     43.50,      7.50,      9.00,      8.70,0,0,0,5,5,5
H5,392,2017,081350,     18.00,      6.00,     12.00,      9.00,0,0,0,2,2,2
H5,392,2017,081400,      1.50,      1.50,      1.50,      1.50,0,0,0,1,1,1
H5,392,2017,090111,      0.00,      0.00,      0.00,      0.00,0,1,0,0,1,1
H5,392,2017,090112,      0.00,      0.00,      0.00,      0.00,0,1,0,0,1,1
H5,392,2017,090121,     12.00,     12.00,     12.00,     12.00,0,0,0,1,1,1
H5,392,2017,090122,     12.00,     12.00,     12.00,     12.00,0,0,0,1,1,1
H5,392,2017,090190,     12.00,      0.00,     12.00,      6.00,0,1,0,1,2,2
H5,392,2017,090210,     17.00,     17.00,     17.00,     17.00,0,0,0,1,1,1
H5,392,2017,090220,     17.00,      0.00,     17.00,      8.50,0,1,0,1,2,2
H5,392,2017,090230,     29.00,     12.00,     17.00,     14.50,0,0,0,2,2,2
H5,392,2017,090240,     20.00,      0.00,     17.00,      6.67,0,1,0,2,3,3
H5,392,2017,090300,     12.00,     12.00,     12.00,     12.00,0,0,0,1,1,1
H5,392,2017,090411,      3.00,      0.00,      3.00,      1.50,0,1,0,1,2,2
H5,392,2017,090412,      3.00,      0.00,      3.00,      1.50,0,1,0,1,2,2
H5,392,2017,090421,      6.00,      0.00,      6.00,      3.00,0,1,0,1,2,2
H5,392,2017,090422,      6.00,      0.00,      6.00,      3.00,0,1,0,1,2,2
H5,392,2017,090510,      0.00,      0.00,      0.00,      0.00,0,1,0,0,1,1
H5,392,2017,090520,      0.00,      0.00,      0.00,      0.00,0,1,0,0,1,1
H5,392,2017,090611,      0.00,      0.00,      0.00,      0.00,0,1,0,0,1,1
H5,392,2017,090619,      0.00,      0.00,      0.00,      0.00,0,1,0,0,1,1
H5,392,2017,090620,      0.00,      0.00,      0.00,      0.00,0,1,0,0,1,1
H5,392,2017,090710,      3.60,      0.00,      3.60,      1.80,0,1,0,1,2,2
H5,392,2017,090720,      3.60,      0.00,      3.60,      1.80,0,1,0,1,2,2
H5,392,2017,090811,      3.60,      0.00,      3.60,      1.80,0,1,0,1,2,2
H5,392,2017,090812,      3.60,      0.00,      3.60,      1.80,0,1,0,1,2,2
H5,392,2017,090821,      3.60,      0.00,      3.60,      1.80,0,1,0,1,2,2
H5,392,2017,090822,      3.60,      0.00,      3.60,      1.80,0,1,0,1,2,2
H5,392,2017,090831,      3.60,      0.00,      3.60,      1.80,0,1,0,1,2,2
H5,392,2017,090832,      3.60,      0.00,      3.60,      1.80,0,1,0,1,2,2
H5,392,2017,090921,      6.00,      0.00,      6.00,      3.00,0,1,0,1,2,2
H5,392,2017,090922,      9.00,      3.00,      6.00,      4.50,0,0,0,2,2,2
H5,392,2017,090931,      6.00,      0.00,      6.00,      3.00,0,1,0,1,2,2
H5,392,2017,090932,      9.00,      3.00,      6.00,      4.50,0,0,0,2,2,2
H5,392,2017,090961,      6.00,      0.00,      6.00,      3.00,0,1,0,1,2,2
H5,392,2017,090962,      9.00,      3.00,      6.00,      4.50,0,0,0,2,2,2
H5,392,2017,091011,     19.00,      0.00,      9.00,      3.80,0,1,0,4,5,5
H5,392,2017,091012,     19.00,      2.50,      9.00,      4.75,0,0,0,4,4,4
H5,392,2017,091020,      3.60,      0.00,      3.60,      1.20,0,2,0,1,3,3
H5,392,2017,091030,      3.60,      0.00,      3.60,      1.20,0,2,0,1,3,3
H5,392,2017,091091,     10.80,      0.00,      7.20,      3.60,0,1,0,2,3,3
H5,392,2017,091099,      7.20,      0.00,      3.60,      1.20,0,4,0,2,6,6
H5,392,2017,100111,      0.00,      0.00,      0.00,      0.00,1,1,0,0,1,2
H5,392,2017,100119,      0.00,      0.00,      0.00,      0.00,1,1,0,0,1,2
H5,392,2017,100191,      0.00,      0.00,      0.00,      0.00,3,1,0,0,1,4
H5,392,2017,100199,      0.00,      0.00,      0.00,      0.00,4,2,0,0,2,6
H5,392,2017,100210,      4.20,      0.00,      4.20,      2.10,0,1,0,1,2,2
H5,392,2017,100290,      8.40,      4.20,      4.20,      4.20,0,0,0,2,2,2
H5,392,2017,100310,      0.00,      0.00,      0.00,      0.00,1,1,0,0,1,2
H5,392,2017,100390,      0.00,      0.00,      0.00,      0.00,2,2,0,0,2,4
H5,392,2017,100410,      0.00,      0.00,      0.00,      0.00,0,2,0,0,2,2
H5,392,2017,100490,      0.00,      0.00,      0.00,      0.00,0,1,0,0,1,1
H5,392,2017,100510,      0.00,      0.00,      0.00,      0.00,1,1,0,0,1,2
H5,392,2017,100590,      3.00,      0.00,      3.00,      0.50,1,5,0,1,6,7
H5,392,2017,100610,      0.00,      0.00,      0.00,      0.00,1,1,0,0,1,2
H5,392,2017,100620,      0.00,      0.00,      0.00,      0.00,1,1,0,0,1,2
H5,392,2017,100630,      0.00,      0.00,      0.00,      0.00,1,1,0,0,1,2
H5,392,2017,100640,      0.00,      0.00,      0.00,      0.00,1,1,0,0,1,2
H5,392,2017,100710,      3.00,      0.00,      3.00,      1.50,0,1,0,1,2,2
H5,392,2017,100790,      3.00,      0.00,      3.00,      1.50,0,1,0,1,2,2
H5,392,2017,100810,      9.00,      0.00,      9.00,      4.50,0,1,0,1,2,2
H5,392,2017,100821,      0.00,      0.00,      0.00,      0.00,0,1,0,0,1,1
H5,392,2017,100829,      0.00,      0.00,      0.00,      0.00,0,1,0,0,1,1
H5,392,2017,100830,      0.00,      0.00,      0.00,      0.00,0,1,0,0,1,1
H5,392,2017,100840,      3.00,      0.00,      3.00,      1.50,0,1,0,1,2,2
H5,392,2017,100850,      3.00,      0.00,      3.00,      1.50,0,1,0,1,2,2
H5,392,2017,100860,      0.00,      0.00,      0.00,      0.00,1,2,0,0,2,3
H5,392,2017,100890,      3.00,      0.00,      3.00,      1.50,0,1,0,1,2,2
H5,392,2017,110100,     50.00,     25.00,     25.00,     25.00,1,0,0,2,2,3
H5,392,2017,110220,     21.30,     21.30,     21.30,     21.30,0,0,0,1,1,1
H5,392,2017,110290,    111.30,     15.00,     25.00,     22.26,3,0,0,5,5,8
H5,392,2017,110311,     25.00,     25.00,     25.00,     25.00,1,0,0,1,1,2
H5,392,2017,110313,     21.30,     21.30,     21.30,     21.30,0,0,0,1,1,1
H5,392,2017,110319,     94.00,     12.00,     25.00,     18.80,3,0,0,5,5,8
H5,392,2017,110320,    140.30,     12.00,     25.00,     20.04,4,0,0,7,7,11
H5,392,2017,110412,     12.00,     12.00,     12.00,     12.00,0,0,0,1,1,1
H5,392,2017,110419,    128.30,     17.00,     25.00,     21.38,4,0,0,6,6,10
H5,392,2017,110422,     12.00,     12.00,     12.00,     12.00,0,0,0,1,1,1
H5,392,2017,110423,     34.20,     16.20,     18.00,     17.10,0,0,0,2,2,2
H5,392,2017,110429,    124.00,     17.00,     25.00,     20.67,4,0,0,6,6,10
H5,392,2017,110430,     17.00,     17.00,     17.00,     17.00,0,0,0,1,1,1
H5,392,2017,110510,     20.00,     20.00,     20.00,     20.00,0,0,0,1,1,1
H5,392,2017,110520,     20.00,     20.00,     20.00,     20.00,0,0,0,1,1,1
H5,392,2017,110610,     13.60,     13.60,     13.60,     13.60,0,0,0,1,1,1
H5,392,2017,110620,     36.30,      0.00,     21.30,     12.10,0,1,0,2,3,3
H5,392,2017,110630,     30.00,      0.00,     15.00,     10.00,0,1,0,2,3,3
H5,392,2017,110710,      0.00,      0.00,      0.00,      0.00,0,4,0,0,4,4
H5,392,2017,110720,      0.00,      0.00,      0.00,      0.00,1,1,0,0,1,2
H5,392,2017,110811,     25.00,     25.00,     25.00,     25.00,1,0,0,1,1,2
H5,392,2017,110812,     25.00,      0.00,     25.00,     12.50,1,1,0,1,2,3
H5,392,2017,110813,     25.00,      0.00,     25.00,     12.50,1,1,0,1,2,3
H5,392,2017,110814,     25.00,      0.00,     25.00,     12.50,1,1,0,1,2,3
H5,392,2017,110819,     50.00,      0.00,     25.00,     12.50,2,2,0,2,4,6
H5,392,2017,110820,     25.00,     25.00,     25.00,     25.00,1,0,0,1,1,2
H5,392,2017,110900,     21.30,     21.30,     21.30,     21.30,0,0,0,1,1,1
H5,392,2017,120110,      0.00,      0.00,      0.00,      0.00,0,1,0,0,1,1
H5,392,2017,120190,      0.00,      0.00,      0.00,      0.00,0,2,0,0,2,2
H5,392,2017,120230,     40.00,     10.00,     10.00,     10.00,0,0,0,4,4,4
H5,392,2017,120241,     10.00,      0.00,     10.00,      5.00,1,1,0,1,2,3
H5,392,2017,120242,     10.00,      0.00,     10.00,      5.00,1,1,0,1,2,3
H5,392,2017,120300,      0.00,      0.00,      0.00,      0.00,0,1,0,0,1,1
H5,392,2017,120400,      0.00,      0.00,      0.00,      0.00,0,1,0,0,1,1
H5,392,2017,120510,      0.00,      0.00,      0.00,      0.00,0,1,0,0,1,1
H5,392,2017,120590,      0.00,      0.00,      0.00,      0.00,0,1,0,0,1,1
H5,392,2017,120600,      0.00,      0.00,      0.00,      0.00,0,1,0,0,1,1
H5,392,2017,120710,      0.00,      0.00,      0.00,      0.00,0,1,0,0,1,1
H5,392,2017,120721,      0.00,      0.00,      0.00,      0.00,0,1,0,0,1,1
H5,392,2017,120729,      0.00,      0.00,      0.00,      0.00,0,1,0,0,1,1
H5,392,2017,120730,      0.00,      0.00,      0.00,      0.00,0,1,0,0,1,1
H5,392,2017,120740,      0.00,      0.00,      0.00,      0.00,0,1,0,0,1,1
H5,392,2017,120750,      0.00,      0.00,      0.00,      0.00,0,1,0,0,1,1
H5,392,2017,120760,      0.00,      0.00,      0.00,      0.00,0,1,0,0,1,1
H5,392,2017,120770,      0.00,      0.00,      0.00,      0.00,0,1,0,0,1,1
H5,392,2017,120791,      0.00,      0.00,      0.00,      0.00,0,1,0,0,1,1
H5,392,2017,120799,      0.00,      0.00,      0.00,      0.00,0,2,0,0,2,2
H5,392,2017,120810,      4.20,      4.20,      4.20,      4.20,0,0,0,1,1,1
H5,392,2017,120890,      4.20,      4.20,      4.20,      4.20,0,0,0,1,1,1
H5,392,2017,120910,      0.00,      0.00,      0.00,      0.00,0,1,0,0,1,1
H5,392,2017,120921,      0.00,      0.00,      0.00,      0.00,0,1,0,0,1,1
H5,392,2017,120922,      0.00,      0.00,      0.00,      0.00,0,1,0,0,1,1
H5,392,2017,120923,      0.00,      0.00,      0.00,      0.00,0,1,0,0,1,1
H5,392,2017,120924,      0.00,      0.00,      0.00,      0.00,0,1,0,0,1,1
H5,392,2017,120925,      0.00,      0.00,      0.00,      0.00,0,1,0,0,1,1
H5,392,2017,120929,      0.00,      0.00,      0.00,      0.00,0,2,0,0,2,2
H5,392,2017,120930,      0.00,      0.00,      0.00,      0.00,0,1,0,0,1,1
H5,392,2017,120991,      0.00,      0.00,      0.00,      0.00,0,2,0,0,2,2
H5,392,2017,120999,      0.00,      0.00,      0.00,      0.00,0,1,0,0,1,1
H5,392,2017,121010,      4.30,      4.30,      4.30,      4.30,0,0,0,1,1,1
H5,392,2017,121020,      7.30,      3.00,      4.30,      3.65,0,0,0,2,2,2
H5,392,2017,121120,      7.30,      3.00,      4.30,      3.65,0,0,0,2,2,2
H5,392,2017,121130,      0.00,      0.00,      0.00,      0.00,0,1,0,0,1,1
H5,392,2017,121140,      3.00,      3.00,      3.00,      3.00,0,0,0,1,1,1
H5,392,2017,121150,      0.00,      0.00,      0.00,      0.00,0,1,0,0,1,1
H5,392,2017,121190,     29.00,      0.00,     12.00,      2.90,0,4,0,6,10,10
H5,392,2017,121221,     92.50,     10.50,     40.00,     15.42,1,0,0,6,6,7
H5,392,2017,121229,      7.00,      0.00,      3.50,      1.40,0,3,0,2,5,5
H5,392,2017,121291,      0.00,      0.00,      0.00,      0.00,0,1,0,0,1,1
H5,392,2017,121292,      0.00,      0.00,      0.00,      0.00,0,1,0,0,1,1
H5,392,2017,121293,      0.00,      0.00,      0.00,      0.00,0,1,0,0,1,1
H5,392,2017,121294,      9.00,      9.00,      9.00,      9.00,0,0,0,1,1,1
H5,392,2017,121299,     46.00,      3.00,     40.00,     15.33,1,0,0,3,3,4
H5,392,2017,121300,      0.00,      0.00,      0.00,      0.00,0,1,0,0,1,1
H5,392,2017,121410,      0.00,      0.00,      0.00,      0.00,0,1,0,0,1,1
H5,392,2017,121490,      0.00,      0.00,      0.00,      0.00,0,2,0,0,2,2
H5,392,2017,130120,      0.00,      0.00,      0.00,      0.00,0,1,0,0,1,1
H5,392,2017,130190,     17.00,      0.00,     17.00,      4.25,0,3,0,1,4,4
H5,392,2017,130211,      0.00,      0.00,      0.00,      0.00,0,1,0,0,1,1
H5,392,2017,130212,      0.00,      0.00,      0.00,      0.00,0,1,0,0,1,1
H5,392,2017,130213,      0.00,      0.00,      0.00,      0.00,0,1,0,0,1,1
H5,392,2017,130214,      6.00,      0.00,      6.00,      3.00,0,1,0,1,2,2
H5,392,2017,130219,     38.50,      0.00,     16.50,      4.81,0,4,0,4,8,8
H5,392,2017,130220,      3.00,      3.00,      3.00,      3.00,0,0,0,1,1,1
H5,392,2017,130231,,,,,1,0,0,0,0,1
H5,392,2017,130232,      0.00,      0.00,      0.00,      0.00,0,2,0,0,2,2
H5,392,2017,130239,      0.00,      0.00,      0.00,      0.00,0,1,0,0,1,1
H5,392,2017,140110,      8.50,      8.50,      8.50,      8.50,0,0,0,1,1,1
H5,392,2017,140120,      0.00,      0.00,      0.00,      0.00,0,1,0,0,1,1
H5,392,2017,140190,     14.50,      3.00,      8.50,      4.83,0,0,0,3,3,3
H5,392,2017,140420,      0.00,      0.00,      0.00,      0.00,0,1,0,0,1,1
H5,392,2017,140490,     27.00,      0.00,      6.00,      2.70,0,5,0,5,10,10
H5,392,2017,150110,      0.00,      0.00,      0.00,      0.00,1,1,0,0,1,2
H5,392,2017,150120,      0.00,      0.00,      0.00,      0.00,1,1,0,0,1,2
H5,392,2017,150190,      6.40,      6.40,      6.40,      6.40,0,0,0,1,1,1
H5,392,2017,150210,      0.00,      0.00,      0.00,      0.00,0,2,0,0,2,2
H5,392,2017,150290,      0.00,      0.00,      0.00,      0.00,0,2,0,0,2,2
H5,392,2017,150300,      4.30,      4.30,      4.30,      4.30,0,0,0,1,1,1
H5,392,2017,150410,      3.50,      3.50,      3.50,      3.50,0,0,0,1,1,1
H5,392,2017,150420,,,,,1,0,0,0,0,1
H5,392,2017,150430,      3.50,      0.00,      3.50,      1.75,0,1,0,1,2,2
H5,392,2017,150500,      4.20,      1.20,      3.00,      2.10,0,0,0,2,2,2
H5,392,2017,150600,      6.40,      6.40,      6.40,      6.40,0,0,0,1,1,1
H5,392,2017,150710,,,,,2,0,0,0,0,2
H5,392,2017,150790,,,,,1,0,0,0,0,1
H5,392,2017,150810,,,,,2,0,0,0,0,2
H5,392,2017,150890,,,,,1,0,0,0,0,1
H5,392,2017,150910,      0.00,      0.00,      0.00,      0.00,0,1,0,0,1,1
H5,392,2017,150990,      0.00,      0.00,      0.00,      0.00,0,1,0,0,1,1
H5,392,2017,151000,      0.00,      0.00,      0.00,      0.00,0,1,0,0,1,1
H5,392,2017,151110,      3.50,      3.50,      3.50,      3.50,0,0,0,1,1,1
H5,392,2017,151190,      6.00,      2.50,      3.50,      3.00,0,0,0,2,2,2
H5,392,2017,151211,,,,,4,0,0,0,0,4
H5,392,2017,151219,,,,,2,0,0,0,0,2
H5,392,2017,151221,      0.00,      0.00,      0.00,      0.00,1,1,0,0,1,2
H5,392,2017,151229,      0.00,      0.00,      0.00,      0.00,1,1,0,0,1,2
H5,392,2017,151311,,,,,1,0,0,0,0,1
H5,392,2017,151319,,,,,1,0,0,0,0,1
H5,392,2017,151321,      4.00,      0.00,      4.00,      1.33,0,2,0,1,3,3
H5,392,2017,151329,      4.00,      0.00,      4.00,      2.00,0,1,0,1,2,2
H5,392,2017,151411,,,,,2,0,0,0,0,2
H5,392,2017,151419,,,,,1,0,0,0,0,1
H5,392,2017,151491,,,,,2,0,0,0,0,2
H5,392,2017,151499,,,,,1,0,0,0,0,1
H5,392,2017,151511,,,,,1,0,0,0,0,1
H5,392,2017,151519,,,,,1,0,0,0,0,1
H5,392,2017,151521,,,,,2,0,0,0,0,2
H5,392,2017,151529,,,,,1,0,0,0,0,1
H5,392,2017,151530,      4.50,      4.50,      4.50,      4.50,0,0,0,1,1,1
H5,392,2017,151550,,,,,2,0,0,0,0,2
H5,392,2017,151590,      4.00,      0.00,      4.00,      0.80,4,4,0,1,5,9
H5,392,2017,151610,      4.00,      4.00,      4.00,      4.00,0,0,0,1,1,1
H5,392,2017,151620,      7.00,      3.50,      3.50,      3.50,0,0,0,2,2,2
H5,392,2017,151710,     29.80,     29.80,     29.80,     29.80,0,0,0,1,1,1
H5,392,2017,151790,     50.90,      2.90,     21.30,      8.48,1,0,0,6,6,7
H5,392,2017,151800,      2.50,      2.50,      2.50,      2.50,0,0,0,1,1,1
H5,392,2017,152000,      5.00,      5.00,      5.00,      5.00,0,0,0,1,1,1
H5,392,2017,152110,      0.00,      0.00,      0.00,      0.00,0,2,0,0,2,2
H5,392,2017,152190,     22.60,      4.50,     12.80,      7.53,0,0,0,3,3,3
H5,392,2017,152200,      4.50,      0.00,      4.50,      2.25,0,1,0,1,2,2
H5,392,2017,160100,     10.00,     10.00,     10.00,     10.00,0,0,0,1,1,1
H5,392,2017,160210,     21.30,     21.30,     21.30,     21.30,0,0,0,1,1,1
H5,392,2017,160220,     33.30,      6.00,     21.30,     11.10,0,0,0,3,3,3
H5,392,2017,160231,     27.30,      0.00,     21.30,      9.10,0,1,0,2,3,3
H5,392,2017,160232,     27.30,      0.00,     21.30,      9.10,0,1,0,2,3,3
H5,392,2017,160239,     27.30,      0.00,     21.30,      9.10,0,1,0,2,3,3
H5,392,2017,160241,     28.50,      8.50,     20.00,     14.25,1,0,0,2,2,3
H5,392,2017,160242,     28.50,      8.50,     20.00,     14.25,1,0,0,2,2,3
H5,392,2017,160249,     28.50,      0.00,     20.00,      9.50,1,1,0,2,3,4
H5,392,2017,160250,    593.90,      0.00,     50.00,     24.75,0,1,0,23,24,24
H5,392,2017,160290,     27.30,      0.00,     21.30,      9.10,0,1,0,2,3,3
H5,392,2017,160300,     21.60,      9.60,     12.00,     10.80,0,0,0,2,2,2
H5,392,2017,160411,     19.20,      9.60,      9.60,      9.60,0,0,0,2,2,2
H5,392,2017,160412,      9.60,      9.60,      9.60,      9.60,0,0,0,1,1,1
H5,392,2017,160413,     19.20,      9.60,      9.60,      9.60,0,0,0,2,2,2
H5,392,2017,160414,     38.40,      9.60,      9.60,      9.60,0,0,0,4,4,4
H5,392,2017,160415,      9.60,      9.60,      9.60,      9.60,0,0,0,1,1,1
H5,392,2017,160416,      9.60,      9.60,      9.60,      9.60,0,0,0,1,1,1
H5,392,2017,160417,      9.60,      9.60,      9.60,      9.60,0,0,0,1,1,1
H5,392,2017,160418,      9.60,      9.60,      9.60,      9.60,0,0,0,1,1,1
H5,392,2017,160419,     19.20,      9.60,      9.60,      9.60,0,0,0,2,2,2
H5,392,2017,160420,     47.00,      6.40,     11.00,      9.40,0,0,0,5,5,5
H5,392,2017,160431,      6.40,      6.40,      6.40,      6.40,0,0,0,1,1,1
H5,392,2017,160432,     12.80,      6.40,      6.40,      6.40,0,0,0,2,2,2
H5,392,2017,160510,     24.20,      5.00,      9.60,      8.07,0,0,0,3,3,3
H5,392,2017,160521,     20.20,      4.80,      5.30,      5.05,0,0,0,4,4,4
H5,392,2017,160529,     15.40,      4.80,      5.30,      5.13,0,0,0,3,3,3
H5,392,2017,160530,      9.80,      4.80,      5.00,      4.90,0,0,0,2,2,2
H5,392,2017,160540,     19.40,      4.80,      9.60,      6.47,0,0,0,3,3,3
H5,392,2017,160551,     32.60,      6.70,      9.60,      8.15,0,0,0,4,4,4
H5,392,2017,160552,     16.30,      6.70,      9.60,      8.15,0,0,0,2,2,2
H5,392,2017,160553,     32.60,      6.70,      9.60,      8.15,0,0,0,4,4,4
H5,392,2017,160554,     48.70,      6.70,     10.50,      9.74,0,0,0,5,5,5
H5,392,2017,160555,     25.90,      6.70,      9.60,      8.63,0,0,0,3,3,3
H5,392,2017,160556,     32.60,      6.70,      9.60,      8.15,0,0,0,4,4,4
H5,392,2017,160557,     16.30,      6.70,      9.60,      8.15,0,0,0,2,2,2
H5,392,2017,160558,     25.90,      6.70,      9.60,      8.63,0,0,0,3,3,3
H5,392,2017,160559,     48.90,      6.70,      9.60,      8.15,0,0,0,6,6,6
H5,392,2017,160561,     16.70,      6.70,     10.00,      8.35,0,0,0,2,2,2
H5,392,2017,160562,     16.70,      6.70,     10.00,      8.35,0,0,0,2,2,2
H5,392,2017,160563,     16.70,      6.70,     10.00,      8.35,0,0,0,2,2,2
H5,392,2017,160569,     36.30,      6.70,     10.00,      9.07,0,0,0,4,4,4
H5,392,2017,170112,      0.00,      0.00,      0.00,      0.00,1,1,0,0,1,2
H5,392,2017,170113,,,,,1,0,0,0,0,1
H5,392,2017,170114,      0.00,      0.00,      0.00,      0.00,2,1,0,0,1,3
H5,392,2017,170191,,,,,1,0,0,0,0,1
H5,392,2017,170199,,,,,2,0,0,0,0,2
H5,392,2017,170211,      8.50,      8.50,      8.50,      8.50,0,0,0,1,1,1
H5,392,2017,170219,      8.50,      8.50,      8.50,      8.50,0,0,0,1,1,1
H5,392,2017,170220,,,,,2,0,0,0,0,2
H5,392,2017,170230,     21.30,     21.30,     21.30,     21.30,3,0,0,1,1,4
H5,392,2017,170240,,,,,3,0,0,0,0,3
H5,392,2017,170250,      9.00,      9.00,      9.00,      9.00,0,0,0,1,1,1
H5,392,2017,170260,,,,,3,0,0,0,0,3
H5,392,2017,170290,    122.40,      3.00,     35.00,     20.40,7,0,0,6,6,13
H5,392,2017,170310,      3.00,      0.00,      3.00,      1.50,1,1,0,1,2,3
H5,392,2017,170390,      3.00,      0.00,      3.00,      1.50,1,1,0,1,2,3
H5,392,2017,170410,     24.00,     24.00,     24.00,     24.00,0,0,0,1,1,1
H5,392,2017,170490,    100.00,      0.00,     25.00,     20.00,0,1,0,4,5,5
H5,392,2017,180100,      0.00,      0.00,      0.00,      0.00,0,1,0,0,1,1
H5,392,2017,180200,      0.00,      0.00,      0.00,      0.00,0,1,0,0,1,1
H5,392,2017,180310,      5.00,      5.00,      5.00,      5.00,0,0,0,1,1,1
H5,392,2017,180320,     10.00,     10.00,     10.00,     10.00,0,0,0,1,1,1
H5,392,2017,180400,      0.00,      0.00,      0.00,      0.00,0,1,0,0,1,1
H5,392,2017,180500,     12.90,     12.90,     12.90,     12.90,0,0,0,1,1,1
H5,392,2017,180610,     44.80,     15.00,     29.80,     22.40,0,0,0,2,2,2
H5,392,2017,180620,    175.00,      0.00,     29.80,     21.88,1,1,0,7,8,9
H5,392,2017,180631,     10.00,     10.00,     10.00,     10.00,0,0,0,1,1,1
H5,392,2017,180632,     90.90,     10.00,     29.80,     22.73,0,0,0,4,4,4
H5,392,2017,180690,    157.00,     10.00,     29.80,     22.43,1,0,0,7,7,8
H5,392,2017,190110,    132.70,     13.60,     25.00,     22.12,2,0,0,6,6,8
H5,392,2017,190120,    513.90,     12.00,     25.00,     21.41,8,0,0,24,24,32
H5,392,2017,190190,    719.00,      9.00,     29.80,     22.47,8,0,0,32,32,40
H5,392,2017,190211,,,,,1,0,0,0,0,1
H5,392,2017,190219,,,,,5,0,0,0,0,5
H5,392,2017,190220,     55.30,      5.10,     23.80,     13.82,0,0,0,4,4,4
H5,392,2017,190230,     66.40,     21.30,     23.80,     22.13,0,0,0,3,3,3
H5,392,2017,190240,,,,,1,0,0,0,0,1
H5,392,2017,190300,      9.60,      9.60,      9.60,      9.60,0,0,0,1,1,1
H5,392,2017,190410,     85.40,     11.50,     19.20,     17.08,3,0,0,5,5,8
H5,392,2017,190420,     85.40,     11.50,     19.20,     17.08,3,0,0,5,5,8
H5,392,2017,190430,     25.00,     25.00,     25.00,     25.00,1,0,0,1,1,2
H5,392,2017,190490,    121.30,     21.30,     25.00,     24.26,3,0,0,5,5,8
H5,392,2017,190510,      9.00,      9.00,      9.00,      9.00,0,0,0,1,1,1
H5,392,2017,190520,     18.00,     18.00,     18.00,     18.00,0,0,0,1,1,1
H5,392,2017,190531,     20.40,     20.40,     20.40,     20.40,0,0,0,1,1,1
H5,392,2017,190532,     18.00,     18.00,     18.00,     18.00,0,0,0,1,1,1
H5,392,2017,190540,      9.00,      9.00,      9.00,      9.00,0,0,0,1,1,1
H5,392,2017,190590,    195.60,      6.00,     34.00,     17.78,0,0,0,11,11,11
H5,392,2017,200110,     27.00,     12.00,     15.00,     13.50,0,0,0,2,2,2
H5,392,2017,200190,    108.30,      6.00,     16.80,     10.83,0,0,0,10,10,10
H5,392,2017,200210,      9.00,      9.00,      9.00,      9.00,0,0,0,1,1,1
H5,392,2017,200290,     54.40,      0.00,     16.00,      9.07,0,2,0,4,6,6
H5,392,2017,200310,     47.10,      9.60,     13.60,     11.77,0,0,0,4,4,4
H5,392,2017,200390,     53.60,      9.60,     13.40,     10.72,0,0,0,5,5,5
H5,392,2017,200410,     31.10,      8.50,     13.60,     10.37,0,0,0,3,3,3
H5,392,2017,200490,    128.40,      7.50,     23.80,     14.27,0,0,0,9,9,9
H5,392,2017,200510,     28.80,     12.00,     16.80,     14.40,0,0,0,2,2,2
H5,392,2017,200520,     34.60,      9.00,     13.60,     11.53,0,0,0,3,3,3
H5,392,2017,200540,     86.80,      9.00,     23.80,     14.47,0,0,0,6,6,6
H5,392,2017,200551,     54.80,     14.00,     23.80,     18.27,0,0,0,3,3,3
H5,392,2017,200559,     34.40,      9.00,     13.40,     11.47,0,0,0,3,3,3
H5,392,2017,200560,     28.00,     12.00,     16.00,     14.00,0,0,0,2,2,2
H5,392,2017,200570,     14.40,      5.40,      9.00,      7.20,0,0,0,2,2,2
H5,392,2017,200580,     24.90,     10.00,     14.90,     12.45,0,0,0,2,2,2
H5,392,2017,200591,     27.00,     13.40,     13.60,     13.50,0,0,0,2,2,2
H5,392,2017,200599,    151.30,      9.00,     23.80,     13.75,0,0,0,11,11,11
H5,392,2017,200600,     48.60,     12.60,     18.00,     16.20,0,0,0,3,3,3
H5,392,2017,200710,     55.30,     21.30,     34.00,     27.65,0,0,0,2,2,2
H5,392,2017,200791,    112.90,     12.00,     34.00,     18.82,0,0,0,6,6,6
H5,392,2017,200799,    168.20,     12.00,     34.00,     21.02,0,0,0,8,8,8
H5,392,2017,200811,    109.70,     10.00,     23.80,     18.28,0,0,0,6,6,6
H5,392,2017,200819,    165.60,      5.00,     21.00,     10.35,0,0,0,16,16,16
H5,392,2017,200820,     97.80,      0.00,     46.80,     19.56,2,2,0,3,5,7
H5,392,2017,200830,     91.90,     17.00,     29.80,     22.98,0,0,0,4,4,4
H5,392,2017,200840,    108.60,      9.00,     21.00,     13.57,0,0,0,8,8,8
H5,392,2017,200850,     54.00,     12.00,     15.00,     13.50,0,0,0,4,4,4
H5,392,2017,200860,     54.00,     12.00,     15.00,     13.50,0,0,0,4,4,4
H5,392,2017,200870,    133.80,      6.70,     29.80,     14.87,0,0,0,9,9,9
H5,392,2017,200880,     59.00,     11.00,     21.00,     14.75,0,0,0,4,4,4
H5,392,2017,200891,     15.00,     15.00,     15.00,     15.00,0,0,0,1,1,1
H5,392,2017,200893,     74.10,     11.00,     29.80,     18.53,0,0,0,4,4,4
H5,392,2017,200897,    103.90,      6.00,     29.80,     17.32,0,0,0,6,6,6
H5,392,2017,200899,    306.10,      7.70,     29.80,     13.91,0,0,0,22,22,22
H5,392,2017,200911,     72.30,     21.30,     25.50,     24.10,1,0,0,3,3,4
H5,392,2017,200912,     72.30,     21.30,     25.50,     24.10,1,0,0,3,3,4
H5,392,2017,200919,     72.30,     21.30,     25.50,     24.10,1,0,0,3,3,4
H5,392,2017,200921,     67.60,     19.10,     25.50,     22.53,1,0,0,3,3,4
H5,392,2017,200929,     67.60,     19.10,     25.50,     22.53,1,0,0,3,3,4
H5,392,2017,200931,     85.60,      6.00,     25.50,     17.12,1,0,0,5,5,6
H5,392,2017,200939,     85.60,      6.00,     25.50,     17.12,1,0,0,5,5,6
H5,392,2017,200941,     67.60,     19.10,     25.50,     22.53,1,0,0,3,3,4
H5,392,2017,200949,     67.60,     19.10,     25.50,     22.53,1,0,0,3,3,4
H5,392,2017,200950,     51.10,     21.30,     29.80,     25.55,0,0,0,2,2,2
H5,392,2017,200961,     42.10,     19.10,     23.00,     21.05,1,0,0,2,2,3
H5,392,2017,200969,     67.60,     19.10,     25.50,     22.53,1,0,0,3,3,4
H5,392,2017,200971,     71.90,     19.10,     29.80,     23.97,1,0,0,3,3,4
H5,392,2017,200979,     71.90,     19.10,     29.80,     23.97,1,0,0,3,3,4
H5,392,2017,200981,     67.60,     19.10,     25.50,     22.53,1,0,0,3,3,4
H5,392,2017,200989,    136.50,      7.20,     25.50,     13.65,1,0,0,10,10,11
H5,392,2017,200990,    104.10,      5.40,     25.50,     14.87,1,0,0,7,7,8
H5,392,2017,210111,     47.80,      8.80,     24.00,     15.93,0,0,0,3,3,3
H5,392,2017,210112,    190.20,      8.80,     29.80,     21.13,2,0,0,9,9,11
H5,392,2017,210120,    150.60,      8.00,     29.80,     18.83,2,0,0,8,8,10
H5,392,2017,210130,      6.00,      6.00,      6.00,      6.00,0,0,0,1,1,1
H5,392,2017,210210,     10.50,     10.50,     10.50,     10.50,0,0,0,1,1,1
H5,392,2017,210220,      3.80,      0.00,      3.80,      1.90,0,1,0,1,2,2
H5,392,2017,210230,     10.50,     10.50,     10.50,     10.50,0,0,0,1,1,1
H5,392,2017,210310,      7.20,      7.20,      7.20,      7.20,0,0,0,1,1,1
H5,392,2017,210320,     38.30,     17.00,     21.30,     19.15,0,0,0,2,2,2
H5,392,2017,210330,     16.50,      7.50,      9.00,      8.25,0,0,0,2,2,2
H5,392,2017,210390,     57.80,      7.20,     12.80,      9.63,0,0,0,6,6,6
H5,392,2017,210410,     15.40,      7.00,      8.40,      7.70,0,0,0,2,2,2
H5,392,2017,210420,     12.00,     12.00,     12.00,     12.00,0,0,0,1,1,1
H5,392,2017,210500,    196.00,     21.00,     29.80,     24.50,0,0,0,8,8,8
H5,392,2017,210610,    111.50,     10.60,     25.00,     15.93,1,0,0,7,7,8
H5,392,2017,210690,    731.70,      0.00,     29.80,     19.78,10,1,0,36,37,47
H5,392,2017,220110,      3.00,      3.00,      3.00,      3.00,0,0,0,1,1,1
H5,392,2017,220190,      0.00,      0.00,      0.00,      0.00,0,1,0,0,1,1
H5,392,2017,220210,     23.00,      9.60,     13.40,     11.50,0,0,0,2,2,2
H5,392,2017,220291,     23.00,      9.60,     13.40,     11.50,0,0,0,2,2,2
H5,392,2017,220299,     23.00,      9.60,     13.40,     11.50,0,0,0,2,2,2
H5,392,2017,220300,      0.00,      0.00,      0.00,      0.00,0,1,0,0,1,1
H5,392,2017,220410,,,,,1,0,0,0,0,1
H5,392,2017,220421,,,,,2,0,0,0,0,2
H5,392,2017,220422,,,,,1,0,0,0,0,1
H5,392,2017,220429,,,,,2,0,0,0,0,2
H5,392,2017,220430,     67.60,     19.10,     25.50,     22.53,2,0,0,3,3,5
H5,392,2017,220510,,,,,1,0,0,0,0,1
H5,392,2017,220590,     19.10,     19.10,     19.10,     19.10,1,0,0,1,1,2
H5,392,2017,220600,      0.00,      0.00,      0.00,      0.00,5,2,0,0,2,7
H5,392,2017,220710,     10.00,      0.00,     10.00,      1.43,1,6,0,1,7,8
H5,392,2017,220720,     27.20,     27.20,     27.20,     27.20,1,0,0,1,1,2
H5,392,2017,220820,      0.00,      0.00,      0.00,      0.00,0,1,0,0,1,1
H5,392,2017,220830,      0.00,      0.00,      0.00,      0.00,0,1,0,0,1,1
H5,392,2017,220840,      0.00,      0.00,      0.00,      0.00,0,1,0,0,1,1
H5,392,2017,220850,      0.00,      0.00,      0.00,      0.00,0,1,0,0,1,1
H5,392,2017,220860,      0.00,      0.00,      0.00,      0.00,0,1,0,0,1,1
H5,392,2017,220870,      0.00,      0.00,      0.00,      0.00,0,1,0,0,1,1
H5,392,2017,220890,     16.00,      0.00,     16.00,      4.00,4,3,0,1,4,8
H5,392,2017,220900,      7.50,      7.50,      7.50,      7.50,0,0,0,1,1,1
H5,392,2017,230110,      0.00,      0.00,      0.00,      0.00,0,1,0,0,1,1
H5,392,2017,230120,      0.00,      0.00,      0.00,      0.00,0,2,0,0,2,2
H5,392,2017,230210,      0.00,      0.00,      0.00,      0.00,0,1,0,0,1,1
H5,392,2017,230230,      0.00,      0.00,      0.00,      0.00,0,1,0,0,1,1
H5,392,2017,230240,      0.00,      0.00,      0.00,      0.00,0,2,0,0,2,2
H5,392,2017,230250,      0.00,      0.00,      0.00,      0.00,0,1,0,0,1,1
H5,392,2017,230310,      0.00,      0.00,      0.00,      0.00,0,1,0,0,1,1
H5,392,2017,230320,      0.00,      0.00,      0.00,      0.00,0,1,0,0,1,1
H5,392,2017,230330,      0.00,      0.00,      0.00,      0.00,0,1,0,0,1,1
H5,392,2017,230400,      0.00,      0.00,      0.00,      0.00,0,1,0,0,1,1
H5,392,2017,230500,      0.00,      0.00,      0.00,      0.00,0,1,0,0,1,1
H5,392,2017,230610,      0.00,      0.00,      0.00,      0.00,0,1,0,0,1,1
H5,392,2017,230620,      0.00,      0.00,      0.00,      0.00,0,1,0,0,1,1
H5,392,2017,230630,      0.00,      0.00,      0.00,      0.00,0,1,0,0,1,1
H5,392,2017,230641,      0.00,      0.00,      0.00,      0.00,0,1,0,0,1,1
H5,392,2017,230649,      0.00,      0.00,      0.00,      0.00,0,1,0,0,1,1
H5,392,2017,230650,      0.00,      0.00,      0.00,      0.00,0,1,0,0,1,1
H5,392,2017,230660,      0.00,      0.00,      0.00,      0.00,0,1,0,0,1,1
H5,392,2017,230690,      0.00,      0.00,      0.00,      0.00,0,2,0,0,2,2
H5,392,2017,230700,      0.00,      0.00,      0.00,      0.00,0,1,0,0,1,1
H5,392,2017,230800,      0.00,      0.00,      0.00,      0.00,0,1,0,0,1,1
H5,392,2017,230910,      0.00,      0.00,      0.00,      0.00,2,3,0,0,3,5
H5,392,2017,230990,     18.80,      0.00,     12.80,      1.88,2,7,0,3,10,12
H5,392,2017,240110,      0.00,      0.00,      0.00,      0.00,0,1,0,0,1,1
H5,392,2017,240120,      0.00,      0.00,      0.00,      0.00,0,1,0,0,1,1
H5,392,2017,240130,      0.00,      0.00,      0.00,      0.00,0,1,0,0,1,1
H5,392,2017,240210,     16.00,     16.00,     16.00,     16.00,0,0,0,1,1,1
H5,392,2017,240220,      0.00,      0.00,      0.00,      0.00,0,1,0,0,1,1
H5,392,2017,240290,      3.40,      3.40,      3.40,      3.40,0,0,0,1,1,1
H5,392,2017,240311,     29.80,     29.80,     29.80,     29.80,0,0,0,1,1,1
H5,392,2017,240319,     33.20,      3.40,     29.80,     16.60,0,0,0,2,2,2
H5,392,2017,240391,      0.00,      0.00,      0.00,      0.00,0,1,0,0,1,1
H5,392,2017,240399,      3.40,      0.00,      3.40,      1.70,0,1,0,1,2,2
H5,392,2017,250100,      0.00,      0.00,      0.00,      0.00,1,1,0,0,1,2
H5,392,2017,250200,      0.00,      0.00,      0.00,      0.00,0,1,0,0,1,1
H5,392,2017,250300,      0.00,      0.00,      0.00,      0.00,0,1,0,0,1,1
H5,392,2017,250410,      0.00,      0.00,      0.00,      0.00,0,1,0,0,1,1
H5,392,2017,250490,      0.00,      0.00,      0.00,      0.00,0,1,0,0,1,1
H5,392,2017,250510,      0.00,      0.00,      0.00,      0.00,0,1,0,0,1,1
H5,392,2017,250590,      0.00,      0.00,      0.00,      0.00,0,1,0,0,1,1
H5,392,2017,250610,      0.00,      0.00,      0.00,      0.00,0,1,0,0,1,1
H5,392,2017,250620,      0.00,      0.00,      0.00,      0.00,0,1,0,0,1,1
H5,392,2017,250700,      0.00,      0.00,      0.00,      0.00,0,1,0,0,1,1
H5,392,2017,250810,      0.00,      0.00,      0.00,      0.00,0,1,0,0,1,1
H5,392,2017,250830,      0.00,      0.00,      0.00,      0.00,0,1,0,0,1,1
H5,392,2017,250840,      0.00,      0.00,      0.00,      0.00,0,2,0,0,2,2
H5,392,2017,250850,      0.00,      0.00,      0.00,      0.00,0,1,0,0,1,1
H5,392,2017,250860,      0.00,      0.00,      0.00,      0.00,0,1,0,0,1,1
H5,392,2017,250870,      0.00,      0.00,      0.00,      0.00,0,1,0,0,1,1
H5,392,2017,250900,      1.40,      1.40,      1.40,      1.40,0,0,0,1,1,1
H5,392,2017,251010,      0.00,      0.00,      0.00,      0.00,0,1,0,0,1,1
H5,392,2017,251020,      0.00,      0.00,      0.00,      0.00,0,1,0,0,1,1
H5,392,2017,251110,      0.00,      0.00,      0.00,      0.00,0,1,0,0,1,1
H5,392,2017,251120,      0.00,      0.00,      0.00,      0.00,0,1,0,0,1,1
H5,392,2017,251200,      0.00,      0.00,      0.00,      0.00,0,1,0,0,1,1
H5,392,2017,251310,      0.00,      0.00,      0.00,      0.00,0,1,0,0,1,1
H5,392,2017,251320,      1.10,      1.10,      1.10,      1.10,0,0,0,1,1,1
H5,392,2017,251400,      0.00,      0.00,      0.00,      0.00,0,1,0,0,1,1
H5,392,2017,251511,      0.00,      0.00,      0.00,      0.00,0,1,0,0,1,1
H5,392,2017,251512,      0.00,      0.00,      0.00,      0.00,0,1,0,0,1,1
H5,392,2017,251520,      0.00,      0.00,      0.00,      0.00,0,1,0,0,1,1
H5,392,2017,251611,      0.00,      0.00,      0.00,      0.00,0,1,0,0,1,1
H5,392,2017,251612,      0.00,      0.00,      0.00,      0.00,0,1,0,0,1,1
H5,392,2017,251620,      0.00,      0.00,      0.00,      0.00,0,1,0,0,1,1
H5,392,2017,251690,      0.00,      0.00,      0.00,      0.00,0,1,0,0,1,1
H5,392,2017,251710,      0.00,      0.00,      0.00,      0.00,0,1,0,0,1,1
H5,392,2017,251720,      0.00,      0.00,      0.00,      0.00,0,1,0,0,1,1
H5,392,2017,251730,      0.00,      0.00,      0.00,      0.00,0,1,0,0,1,1
H5,392,2017,251741,      0.00,      0.00,      0.00,      0.00,0,1,0,0,1,1
H5,392,2017,251749,      0.00,      0.00,      0.00,      0.00,0,1,0,0,1,1
H5,392,2017,251810,      0.00,      0.00,      0.00,      0.00,0,1,0,0,1,1
H5,392,2017,251820,      0.00,      0.00,      0.00,      0.00,0,1,0,0,1,1
H5,392,2017,251830,      0.00,      0.00,      0.00,      0.00,0,1,0,0,1,1
H5,392,2017,251910,      0.00,      0.00,      0.00,      0.00,0,1,0,0,1,1
H5,392,2017,251990,      0.00,      0.00,      0.00,      0.00,0,3,0,0,3,3
H5,392,2017,252010,      0.00,      0.00,      0.00,      0.00,0,1,0,0,1,1
H5,392,2017,252020,      2.50,      0.00,      2.50,      1.25,0,1,0,1,2,2
H5,392,2017,252100,      0.00,      0.00,      0.00,      0.00,0,1,0,0,1,1
H5,392,2017,252210,      0.00,      0.00,      0.00,      0.00,0,1,0,0,1,1
H5,392,2017,252220,      0.00,      0.00,      0.00,      0.00,0,1,0,0,1,1
H5,392,2017,252230,      0.00,      0.00,      0.00,      0.00,0,1,0,0,1,1
H5,392,2017,252310,      2.20,      2.20,      2.20,      2.20,0,0,0,1,1,1
H5,392,2017,252321,      2.20,      2.20,      2.20,      2.20,0,0,0,1,1,1
H5,392,2017,252329,      2.20,      2.20,      2.20,      2.20,0,0,0,1,1,1
H5,392,2017,252330,      2.20,      2.20,      2.20,      2.20,0,0,0,1,1,1
H5,392,2017,252390,      2.20,      2.20,      2.20,      2.20,0,0,0,1,1,1
H5,392,2017,252410,      0.00,      0.00,      0.00,      0.00,0,1,0,0,1,1
H5,392,2017,252490,      0.00,      0.00,      0.00,      0.00,0,1,0,0,1,1
H5,392,2017,252510,      0.00,      0.00,      0.00,      0.00,0,1,0,0,1,1
H5,392,2017,252520,      0.00,      0.00,      0.00,      0.00,0,1,0,0,1,1
H5,392,2017,252530,      0.00,      0.00,      0.00,      0.00,0,1,0,0,1,1
H5,392,2017,252610,      0.00,      0.00,      0.00,      0.00,0,1,0,0,1,1
H5,392,2017,252620,      0.00,      0.00,      0.00,      0.00,0,1,0,0,1,1
H5,392,2017,252800,      0.00,      0.00,      0.00,      0.00,0,1,0,0,1,1
H5,392,2017,252910,      0.00,      0.00,      0.00,      0.00,0,1,0,0,1,1
H5,392,2017,252921,      0.00,      0.00,      0.00,      0.00,0,1,0,0,1,1
H5,392,2017,252922,      0.00,      0.00,      0.00,      0.00,0,1,0,0,1,1
H5,392,2017,252930,      0.00,      0.00,      0.00,      0.00,0,1,0,0,1,1
H5,392,2017,253010,      0.00,      0.00,      0.00,      0.00,0,1,0,0,1,1
H5,392,2017,253020,      0.00,      0.00,      0.00,      0.00,0,1,0,0,1,1
H5,392,2017,253090,      0.00,      0.00,      0.00,      0.00,0,1,0,0,1,1
H5,392,2017,260111,      0.00,      0.00,      0.00,      0.00,0,1,0,0,1,1
H5,392,2017,260112,      0.00,      0.00,      0.00,      0.00,0,1,0,0,1,1
H5,392,2017,260120,      0.00,      0.00,      0.00,      0.00,0,1,0,0,1,1
H5,392,2017,260200,      0.00,      0.00,      0.00,      0.00,0,3,0,0,3,3
H5,392,2017,260300,      0.00,      0.00,      0.00,      0.00,0,1,0,0,1,1
H5,392,2017,260400,      0.00,      0.00,      0.00,      0.00,0,1,0,0,1,1
H5,392,2017,260500,      0.00,      0.00,      0.00,      0.00,0,1,0,0,1,1
H5,392,2017,260600,      0.00,      0.00,      0.00,      0.00,0,1,0,0,1,1
H5,392,2017,260700,      0.00,      0.00,      0.00,      0.00,0,1,0,0,1,1
H5,392,2017,260800,      0.00,      0.00,      0.00,      0.00,0,1,0,0,1,1
H5,392,2017,260900,      0.00,      0.00,      0.00,      0.00,0,1,0,0,1,1
H5,392,2017,261000,      0.00,      0.00,      0.00,      0.00,0,1,0,0,1,1
H5,392,2017,261100,      0.00,      0.00,      0.00,      0.00,0,1,0,0,1,1
H5,392,2017,261210,      0.00,      0.00,      0.00,      0.00,0,1,0,0,1,1
H5,392,2017,261220,      0.00,      0.00,      0.00,      0.00,0,1,0,0,1,1
H5,392,2017,261310,      0.00,      0.00,      0.00,      0.00,0,1,0,0,1,1
H5,392,2017,261390,      0.00,      0.00,      0.00,      0.00,0,1,0,0,1,1
H5,392,2017,261400,      0.00,      0.00,      0.00,      0.00,0,2,0,0,2,2
H5,392,2017,261510,      0.00,      0.00,      0.00,      0.00,0,1,0,0,1,1
H5,392,2017,261590,      0.00,      0.00,      0.00,      0.00,0,1,0,0,1,1
H5,392,2017,261610,      0.00,      0.00,      0.00,      0.00,0,1,0,0,1,1
H5,392,2017,261690,      0.00,      0.00,      0.00,      0.00,0,1,0,0,1,1
H5,392,2017,261710,      0.00,      0.00,      0.00,      0.00,0,1,0,0,1,1
H5,392,2017,261790,      0.00,      0.00,      0.00,      0.00,0,1,0,0,1,1
H5,392,2017,261800,      0.00,      0.00,      0.00,      0.00,0,1,0,0,1,1
H5,392,2017,261900,      0.00,      0.00,      0.00,      0.00,0,1,0,0,1,1
H5,392,2017,262011,      0.00,      0.00,      0.00,      0.00,0,1,0,0,1,1
H5,392,2017,262019,      0.00,      0.00,      0.00,      0.00,0,1,0,0,1,1
H5,392,2017,262021,      0.00,      0.00,      0.00,      0.00,0,1,0,0,1,1
H5,392,2017,262029,      0.00,      0.00,      0.00,      0.00,0,1,0,0,1,1
H5,392,2017,262030,      0.00,      0.00,      0.00,      0.00,0,1,0,0,1,1
H5,392,2017,262040,      0.00,      0.00,      0.00,      0.00,0,1,0,0,1,1
H5,392,2017,262060,      0.00,      0.00,      0.00,      0.00,0,1,0,0,1,1
H5,392,2017,262091,      0.00,      0.00,      0.00,      0.00,0,1,0,0,1,1
H5,392,2017,262099,      0.00,      0.00,      0.00,      0.00,0,1,0,0,1,1
H5,392,2017,262110,      0.00,      0.00,      0.00,      0.00,0,1,0,0,1,1
H5,392,2017,262190,      0.00,      0.00,      0.00,      0.00,0,1,0,0,1,1
H5,392,2017,270111,      0.00,      0.00,      0.00,      0.00,0,1,0,0,1,1
H5,392,2017,270112,      0.00,      0.00,      0.00,      0.00,0,5,0,0,5,5
H5,392,2017,270119,      0.00,      0.00,      0.00,      0.00,0,2,0,0,2,2
H5,392,2017,270120,      3.90,      3.90,      3.90,      3.90,0,0,0,1,1,1
H5,392,2017,270210,      0.00,      0.00,      0.00,      0.00,0,1,0,0,1,1
H5,392,2017,270220,      0.00,      0.00,      0.00,      0.00,0,1,0,0,1,1
H5,392,2017,270300,      0.00,      0.00,      0.00,      0.00,0,1,0,0,1,1
H5,392,2017,270400,      3.20,      0.00,      3.20,      1.60,0,1,0,1,2,2
H5,392,2017,270500,      0.00,      0.00,      0.00,      0.00,0,1,0,0,1,1
H5,392,2017,270600,      0.00,      0.00,      0.00,      0.00,0,1,0,0,1,1
H5,392,2017,270710,      0.00,      0.00,      0.00,      0.00,0,1,0,0,1,1
H5,392,2017,270720,      0.00,      0.00,      0.00,      0.00,0,1,0,0,1,1
H5,392,2017,270730,      0.00,      0.00,      0.00,      0.00,0,1,0,0,1,1
H5,392,2017,270740,      2.50,      2.50,      2.50,      2.50,0,0,0,1,1,1
H5,392,2017,270750,      0.00,      0.00,      0.00,      0.00,0,2,0,0,2,2
H5,392,2017,270791,      0.00,      0.00,      0.00,      0.00,0,1,0,0,1,1
H5,392,2017,270799,      0.00,      0.00,      0.00,      0.00,0,2,0,0,2,2
H5,392,2017,270810,      0.00,      0.00,      0.00,      0.00,0,1,0,0,1,1
H5,392,2017,270820,      0.00,      0.00,      0.00,      0.00,0,1,0,0,1,1
H5,392,2017,270900,      0.00,      0.00,      0.00,      0.00,0,2,0,0,2,2
H5,392,2017,271000,,,,,,,,,,
H5,392,2017,271012,     11.90,      0.00,      3.90,      1.32,7,5,0,4,9,16
H5,392,2017,271019,     43.10,      0.00,      7.90,      2.15,11,9,0,11,20,31
H5,392,2017,271020,     49.20,      0.00,      7.90,      2.05,15,11,0,13,24,39
H5,392,2017,271091,      0.00,      0.00,      0.00,      0.00,0,1,0,0,1,1
H5,392,2017,271099,      0.00,      0.00,      0.00,      0.00,0,1,0,0,1,1
H5,392,2017,271111,      0.00,      0.00,      0.00,      0.00,0,1,0,0,1,1
H5,392,2017,271112,      0.00,      0.00,      0.00,      0.00,0,1,0,0,1,1
H5,392,2017,271113,      0.00,      0.00,      0.00,      0.00,0,2,0,0,2,2
H5,392,2017,271114,      0.00,      0.00,      0.00,      0.00,1,1,0,0,1,2
H5,392,2017,271119,      4.10,      0.00,      4.10,      2.05,0,1,0,1,2,2
H5,392,2017,271121,      4.10,      4.10,      4.10,      4.10,0,0,0,1,1,1
H5,392,2017,271129,      4.10,      4.10,      4.10,      4.10,0,0,0,1,1,1
H5,392,2017,271210,      2.50,      2.50,      2.50,      2.50,0,0,0,1,1,1
H5,392,2017,271220,      2.70,      2.70,      2.70,      2.70,0,0,0,1,1,1
H5,392,2017,271290,      2.70,      2.70,      2.70,      2.70,0,0,0,1,1,1
H5,392,2017,271311,      0.00,      0.00,      0.00,      0.00,0,1,0,0,1,1
H5,392,2017,271312,      0.00,      0.00,      0.00,      0.00,0,1,0,0,1,1
H5,392,2017,271320,      0.00,      0.00,      0.00,      0.00,0,1,0,0,1,1
H5,392,2017,271390,      3.90,      0.00,      3.90,      1.95,0,1,0,1,2,2
H5,392,2017,271410,      0.00,      0.00,      0.00,      0.00,0,1,0,0,1,1
H5,392,2017,271490,      0.00,      0.00,      0.00,      0.00,0,1,0,0,1,1
H5,392,2017,271500,      0.00,      0.00,      0.00,      0.00,0,1,0,0,1,1
H5,392,2017,271600,,,,,1,0,0,0,0,1
H5,392,2017,280110,      2.50,      2.50,      2.50,      2.50,0,0,0,1,1,1
H5,392,2017,280120,      0.00,      0.00,      0.00,      0.00,0,1,0,0,1,1
H5,392,2017,280130,      0.00,      0.00,      0.00,      0.00,0,1,0,0,1,1
H5,392,2017,280200,      0.00,      0.00,      0.00,      0.00,0,1,0,0,1,1
H5,392,2017,280300,      3.90,      3.90,      3.90,      3.90,0,0,0,1,1,1
H5,392,2017,280410,      3.30,      3.30,      3.30,      3.30,0,0,0,1,1,1
H5,392,2017,280421,      0.00,      0.00,      0.00,      0.00,0,1,0,0,1,1
H5,392,2017,280429,      0.00,      0.00,      0.00,      0.00,0,2,0,0,2,2
H5,392,2017,280430,      3.30,      3.30,      3.30,      3.30,0,0,0,1,1,1
H5,392,2017,280440,      3.30,      3.30,      3.30,      3.30,0,0,0,1,1,1
H5,392,2017,280450,      3.30,      3.30,      3.30,      3.30,0,0,0,1,1,1
H5,392,2017,280461,      0.00,      0.00,      0.00,      0.00,0,2,0,0,2,2
H5,392,2017,280469,      0.00,      0.00,      0.00,      0.00,0,1,0,0,1,1
H5,392,2017,280470,      0.00,      0.00,      0.00,      0.00,0,1,0,0,1,1
H5,392,2017,280480,      3.30,      3.30,      3.30,      3.30,0,0,0,1,1,1
H5,392,2017,280490,      3.90,      3.90,      3.90,      3.90,0,0,0,1,1,1
H5,392,2017,280511,      3.90,      3.90,      3.90,      3.90,0,0,0,1,1,1
H5,392,2017,280512,      0.00,      0.00,      0.00,      0.00,0,1,0,0,1,1
H5,392,2017,280519,      0.00,      0.00,      0.00,      0.00,0,1,0,0,1,1
H5,392,2017,280530,      0.00,      0.00,      0.00,      0.00,0,1,0,0,1,1
H5,392,2017,280540,      5.40,      5.40,      5.40,      5.40,0,0,0,1,1,1
H5,392,2017,280610,      2.50,      2.50,      2.50,      2.50,0,0,0,1,1,1
H5,392,2017,280620,      0.00,      0.00,      0.00,      0.00,0,1,0,0,1,1
H5,392,2017,280700,      2.50,      2.50,      2.50,      2.50,0,0,0,1,1,1
H5,392,2017,280800,      2.50,      2.50,      2.50,      2.50,0,0,0,1,1,1
H5,392,2017,280910,      3.30,      3.30,      3.30,      3.30,0,0,0,1,1,1
H5,392,2017,280920,      3.30,      3.30,      3.30,      3.30,0,0,0,1,1,1
H5,392,2017,281000,      0.00,      0.00,      0.00,      0.00,0,1,0,0,1,1
H5,392,2017,281111,      0.00,      0.00,      0.00,      0.00,0,1,0,0,1,1
H5,392,2017,281112,      3.30,      3.30,      3.30,      3.30,0,0,0,1,1,1
H5,392,2017,281119,      3.30,      0.00,      3.30,      1.65,0,1,0,1,2,2
H5,392,2017,281121,      3.30,      3.30,      3.30,      3.30,0,0,0,1,1,1
H5,392,2017,281122,      3.30,      3.30,      3.30,      3.30,0,0,0,1,1,1
H5,392,2017,281129,      3.60,      0.00,      3.60,      1.20,0,2,0,1,3,3
H5,392,2017,281211,      3.30,      3.30,      3.30,      3.30,0,0,0,1,1,1
H5,392,2017,281212,      3.30,      3.30,      3.30,      3.30,0,0,0,1,1,1
H5,392,2017,281213,      3.30,      3.30,      3.30,      3.30,0,0,0,1,1,1
H5,392,2017,281214,      3.30,      3.30,      3.30,      3.30,0,0,0,1,1,1
H5,392,2017,281215,      3.30,      3.30,      3.30,      3.30,0,0,0,1,1,1
H5,392,2017,281216,      3.30,      3.30,      3.30,      3.30,0,0,0,1,1,1
H5,392,2017,281217,      3.30,      3.30,      3.30,      3.30,0,0,0,1,1,1
H5,392,2017,281219,      3.30,      3.30,      3.30,      3.30,0,0,0,1,1,1
H5,392,2017,281290,      3.30,      3.30,      3.30,      3.30,0,0,0,1,1,1
H5,392,2017,281310,      0.00,      0.00,      0.00,      0.00,0,1,0,0,1,1
H5,392,2017,281390,      3.30,      3.30,      3.30,      3.30,0,0,0,1,1,1
H5,392,2017,281410,      2.50,      2.50,      2.50,      2.50,0,0,0,1,1,1
H5,392,2017,281420,      2.50,      2.50,      2.50,      2.50,0,0,0,1,1,1
H5,392,2017,281511,      5.30,      5.30,      5.30,      5.30,0,0,0,1,1,1
H5,392,2017,281512,      5.30,      5.30,      5.30,      5.30,0,0,0,1,1,1
H5,392,2017,281520,      3.90,      3.90,      3.90,      3.90,0,0,0,1,1,1
H5,392,2017,281530,      3.90,      3.90,      3.90,      3.90,0,0,0,1,1,1
H5,392,2017,281610,      3.30,      3.30,      3.30,      3.30,0,0,0,1,1,1
H5,392,2017,281640,      3.30,      3.30,      3.30,      3.30,0,0,0,1,1,1
H5,392,2017,281700,      4.30,      4.30,      4.30,      4.30,0,0,0,1,1,1
H5,392,2017,281810,      6.60,      3.30,      3.30,      3.30,0,0,0,2,2,2
H5,392,2017,281820,      0.00,      0.00,      0.00,      0.00,0,1,0,0,1,1
H5,392,2017,281830,      3.30,      3.30,      3.30,      3.30,0,0,0,1,1,1
H5,392,2017,281910,      3.30,      3.30,      3.30,      3.30,0,0,0,1,1,1
H5,392,2017,281990,      3.30,      3.30,      3.30,      3.30,0,0,0,1,1,1
H5,392,2017,282010,      3.30,      3.30,      3.30,      3.30,0,0,0,1,1,1
H5,392,2017,282090,      3.30,      3.30,      3.30,      3.30,0,0,0,1,1,1
H5,392,2017,282110,      6.60,      3.30,      3.30,      3.30,0,0,0,2,2,2
H5,392,2017,282120,      3.30,      3.30,      3.30,      3.30,0,0,0,1,1,1
H5,392,2017,282200,      0.00,      0.00,      0.00,      0.00,0,2,0,0,2,2
H5,392,2017,282300,      4.00,      4.00,      4.00,      4.00,0,0,0,1,1,1
H5,392,2017,282410,      4.70,      4.70,      4.70,      4.70,0,0,0,1,1,1
H5,392,2017,282490,      4.70,      0.00,      4.70,      2.35,0,1,0,1,2,2
H5,392,2017,282510,      7.80,      0.00,      3.90,      2.60,0,1,0,2,3,3
H5,392,2017,282520,      0.00,      0.00,      0.00,      0.00,0,1,0,0,1,1
H5,392,2017,282530,      0.00,      0.00,      0.00,      0.00,0,1,0,0,1,1
H5,392,2017,282540,      4.80,      4.80,      4.80,      4.80,0,0,0,1,1,1
H5,392,2017,282550,      4.80,      4.80,      4.80,      4.80,0,0,0,1,1,1
H5,392,2017,282560,      3.90,      0.00,      3.90,      1.95,0,1,0,1,2,2
H5,392,2017,282570,      0.00,      0.00,      0.00,      0.00,0,1,0,0,1,1
H5,392,2017,282580,     15.10,      4.80,      5.50,      5.03,0,0,0,3,3,3
H5,392,2017,282590,      3.30,      0.00,      3.30,      1.10,0,2,0,1,3,3
H5,392,2017,282612,      3.30,      3.30,      3.30,      3.30,0,0,0,1,1,1
H5,392,2017,282619,      6.60,      3.30,      3.30,      3.30,0,0,0,2,2,2
H5,392,2017,282630,      0.00,      0.00,      0.00,      0.00,0,1,0,0,1,1
H5,392,2017,282690,      3.30,      0.00,      3.30,      1.10,0,2,0,1,3,3
H5,392,2017,282710,      0.00,      0.00,      0.00,      0.00,0,1,0,0,1,1
H5,392,2017,282720,      3.30,      3.30,      3.30,      3.30,0,0,0,1,1,1
H5,392,2017,282731,      3.30,      3.30,      3.30,      3.30,0,0,0,1,1,1
H5,392,2017,282732,      3.30,      3.30,      3.30,      3.30,0,0,0,1,1,1
H5,392,2017,282735,      3.30,      3.30,      3.30,      3.30,0,0,0,1,1,1
H5,392,2017,282739,     13.80,      3.30,      3.90,      3.45,0,0,0,4,4,4
H5,392,2017,282741,      3.30,      3.30,      3.30,      3.30,0,0,0,1,1,1
H5,392,2017,282749,      3.30,      3.30,      3.30,      3.30,0,0,0,1,1,1
H5,392,2017,282751,      0.00,      0.00,      0.00,      0.00,0,1,0,0,1,1
H5,392,2017,282759,      3.90,      0.00,      3.90,      1.95,0,1,0,1,2,2
H5,392,2017,282760,      3.30,      3.30,      3.30,      3.30,0,0,0,1,1,1
H5,392,2017,282810,      3.30,      3.30,      3.30,      3.30,0,0,0,1,1,1
H5,392,2017,282890,      3.30,      3.30,      3.30,      3.30,0,0,0,1,1,1
H5,392,2017,282911,      3.30,      3.30,      3.30,      3.30,0,0,0,1,1,1
H5,392,2017,282919,      3.30,      3.30,      3.30,      3.30,0,0,0,1,1,1
H5,392,2017,282990,      3.90,      0.00,      3.90,      1.95,0,1,0,1,2,2
H5,392,2017,283010,      2.50,      2.50,      2.50,      2.50,0,0,0,1,1,1
H5,392,2017,283090,      0.00,      0.00,      0.00,      0.00,0,1,0,0,1,1
H5,392,2017,283110,      3.30,      3.30,      3.30,      3.30,0,0,0,1,1,1
H5,392,2017,283190,      3.30,      3.30,      3.30,      3.30,0,0,0,1,1,1
H5,392,2017,283210,      5.40,      5.40,      5.40,      5.40,0,0,0,1,1,1
H5,392,2017,283220,      5.40,      5.40,      5.40,      5.40,0,0,0,1,1,1
H5,392,2017,283230,      5.40,      5.40,      5.40,      5.40,0,0,0,1,1,1
H5,392,2017,283311,      3.30,      3.30,      3.30,      3.30,0,0,0,1,1,1
H5,392,2017,283319,      3.30,      3.30,      3.30,      3.30,0,0,0,1,1,1
H5,392,2017,283321,      0.00,      0.00,      0.00,      0.00,0,1,0,0,1,1
H5,392,2017,283322,      0.00,      0.00,      0.00,      0.00,0,1,0,0,1,1
H5,392,2017,283324,      3.90,      3.90,      3.90,      3.90,0,0,0,1,1,1
H5,392,2017,283325,      3.90,      3.90,      3.90,      3.90,0,0,0,1,1,1
H5,392,2017,283327,      3.90,      3.90,      3.90,      3.90,0,0,0,1,1,1
H5,392,2017,283329,      3.90,      0.00,      3.90,      1.95,0,1,0,1,2,2
H5,392,2017,283330,      0.00,      0.00,      0.00,      0.00,0,1,0,0,1,1
H5,392,2017,283340,      0.00,      0.00,      0.00,      0.00,0,1,0,0,1,1
H5,392,2017,283410,      3.30,      3.30,      3.30,      3.30,0,0,0,1,1,1
H5,392,2017,283421,      3.90,      3.90,      3.90,      3.90,0,0,0,1,1,1
H5,392,2017,283429,      3.30,      0.00,      3.30,      1.10,0,2,0,1,3,3
H5,392,2017,283510,      3.90,      3.90,      3.90,      3.90,0,0,0,1,1,1
H5,392,2017,283522,      3.90,      3.90,      3.90,      3.90,0,0,0,1,1,1
H5,392,2017,283524,      3.90,      3.90,      3.90,      3.90,0,0,0,1,1,1
H5,392,2017,283525,      3.90,      3.90,      3.90,      3.90,0,0,0,1,1,1
H5,392,2017,283526,      3.90,      3.90,      3.90,      3.90,0,0,0,1,1,1
H5,392,2017,283529,      7.80,      3.90,      3.90,      3.90,0,0,0,2,2,2
H5,392,2017,283531,      4.70,      4.70,      4.70,      4.70,0,0,0,1,1,1
H5,392,2017,283539,      3.90,      3.90,      3.90,      3.90,0,0,0,1,1,1
H5,392,2017,283620,      3.30,      3.30,      3.30,      3.30,1,0,0,1,1,2
H5,392,2017,283630,      3.90,      3.90,      3.90,      3.90,0,0,0,1,1,1
H5,392,2017,283640,      3.90,      3.90,      3.90,      3.90,0,0,0,1,1,1
H5,392,2017,283650,      3.30,      3.30,      3.30,      3.30,0,0,0,1,1,1
H5,392,2017,283660,      3.90,      3.90,      3.90,      3.90,0,0,0,1,1,1
H5,392,2017,283691,      0.00,      0.00,      0.00,      0.00,0,1,0,0,1,1
H5,392,2017,283692,      3.30,      3.30,      3.30,      3.30,0,0,0,1,1,1
H5,392,2017,283699,      3.30,      3.30,      3.30,      3.30,0,0,0,1,1,1
H5,392,2017,283711,      4.30,      4.30,      4.30,      4.30,0,0,0,1,1,1
H5,392,2017,283719,      3.30,      3.30,      3.30,      3.30,0,0,0,1,1,1
H5,392,2017,283720,      3.30,      3.30,      3.30,      3.30,0,0,0,1,1,1
H5,392,2017,283911,      3.30,      3.30,      3.30,      3.30,0,0,0,1,1,1
H5,392,2017,283919,      3.30,      3.30,      3.30,      3.30,0,0,0,1,1,1
H5,392,2017,283990,      6.60,      3.30,      3.30,      3.30,0,0,0,2,2,2
H5,392,2017,284011,      0.00,      0.00,      0.00,      0.00,0,1,0,0,1,1
H5,392,2017,284019,      0.00,      0.00,      0.00,      0.00,0,1,0,0,1,1
H5,392,2017,284020,      0.00,      0.00,      0.00,      0.00,0,1,0,0,1,1
H5,392,2017,284030,      0.00,      0.00,      0.00,      0.00,0,1,0,0,1,1
H5,392,2017,284130,      0.00,      0.00,      0.00,      0.00,0,1,0,0,1,1
H5,392,2017,284150,      8.00,      4.00,      4.00,      4.00,0,0,0,2,2,2
H5,392,2017,284161,      3.90,      3.90,      3.90,      3.90,0,0,0,1,1,1
H5,392,2017,284169,      3.90,      3.90,      3.90,      3.90,0,0,0,1,1,1
H5,392,2017,284170,      3.30,      3.30,      3.30,      3.30,0,0,0,1,1,1
H5,392,2017,284180,      3.30,      3.30,      3.30,      3.30,0,0,0,1,1,1
H5,392,2017,284190,      6.60,      3.30,      3.30,      3.30,0,0,0,2,2,2
H5,392,2017,284210,      2.60,      2.60,      2.60,      2.60,0,0,0,1,1,1
H5,392,2017,284290,      6.60,      3.30,      3.30,      3.30,0,0,0,2,2,2
H5,392,2017,284310,      2.50,      2.50,      2.50,      2.50,0,0,0,1,1,1
H5,392,2017,284321,      2.50,      2.50,      2.50,      2.50,0,0,0,1,1,1
H5,392,2017,284329,      2.50,      2.50,      2.50,      2.50,0,0,0,1,1,1
H5,392,2017,284330,      2.50,      2.50,      2.50,      2.50,0,0,0,1,1,1
H5,392,2017,284390,      2.50,      2.50,      2.50,      2.50,0,0,0,1,1,1
H5,392,2017,284410,      0.00,      0.00,      0.00,      0.00,0,1,0,0,1,1
H5,392,2017,284420,      0.00,      0.00,      0.00,      0.00,0,1,0,0,1,1
H5,392,2017,284430,      0.00,      0.00,      0.00,      0.00,0,1,0,0,1,1
H5,392,2017,284440,      0.00,      0.00,      0.00,      0.00,0,3,0,0,3,3
H5,392,2017,284450,      0.00,      0.00,      0.00,      0.00,0,1,0,0,1,1
H5,392,2017,284510,      0.00,      0.00,      0.00,      0.00,0,1,0,0,1,1
H5,392,2017,284590,      0.00,      0.00,      0.00,      0.00,0,1,0,0,1,1
H5,392,2017,284610,      0.00,      0.00,      0.00,      0.00,0,2,0,0,2,2
H5,392,2017,284690,      0.00,      0.00,      0.00,      0.00,0,3,0,0,3,3
H5,392,2017,284700,      3.30,      3.30,      3.30,      3.30,0,0,0,1,1,1
H5,392,2017,284910,      2.50,      2.50,      2.50,      2.50,0,0,0,1,1,1
H5,392,2017,284920,      6.60,      3.30,      3.30,      3.30,0,0,0,2,2,2
H5,392,2017,284990,      5.00,      2.50,      2.50,      2.50,0,0,0,2,2,2
H5,392,2017,285000,      3.30,      3.30,      3.30,      3.30,0,0,0,1,1,1
H5,392,2017,285210,     15.10,      0.00,      5.10,      1.68,0,4,0,5,9,9
H5,392,2017,285290,      5.00,      0.00,      2.50,      1.25,0,2,0,2,4,4
H5,392,2017,285310,      3.30,      3.30,      3.30,      3.30,0,0,0,1,1,1
H5,392,2017,285390,      3.30,      3.30,      3.30,      3.30,0,0,0,1,1,1
H5,392,2017,290110,      0.00,      0.00,      0.00,      0.00,0,1,0,0,1,1
H5,392,2017,290121,      0.00,      0.00,      0.00,      0.00,0,1,0,0,1,1
H5,392,2017,290122,      0.00,      0.00,      0.00,      0.00,0,1,0,0,1,1
H5,392,2017,290123,      0.00,      0.00,      0.00,      0.00,0,1,0,0,1,1
H5,392,2017,290124,      0.00,      0.00,      0.00,      0.00,0,2,0,0,2,2
H5,392,2017,290129,      0.00,      0.00,      0.00,      0.00,0,1,0,0,1,1
H5,392,2017,290211,      0.00,      0.00,      0.00,      0.00,0,1,0,0,1,1
H5,392,2017,290219,      0.00,      0.00,      0.00,      0.00,0,2,0,0,2,2
H5,392,2017,290220,      0.00,      0.00,      0.00,      0.00,0,1,0,0,1,1
H5,392,2017,290230,      0.00,      0.00,      0.00,      0.00,0,1,0,0,1,1
H5,392,2017,290241,      0.00,      0.00,      0.00,      0.00,0,1,0,0,1,1
H5,392,2017,290242,      0.00,      0.00,      0.00,      0.00,0,1,0,0,1,1
H5,392,2017,290243,      0.00,      0.00,      0.00,      0.00,0,1,0,0,1,1
H5,392,2017,290244,      0.00,      0.00,      0.00,      0.00,0,1,0,0,1,1
H5,392,2017,290250,      0.00,      0.00,      0.00,      0.00,0,1,0,0,1,1
H5,392,2017,290260,      0.00,      0.00,      0.00,      0.00,0,1,0,0,1,1
H5,392,2017,290270,      0.00,      0.00,      0.00,      0.00,0,1,0,0,1,1
H5,392,2017,290290,      0.00,      0.00,      0.00,      0.00,0,1,0,0,1,1
H5,392,2017,290311,      3.10,      3.10,      3.10,      3.10,0,0,0,1,1,1
H5,392,2017,290312,      3.10,      3.10,      3.10,      3.10,0,0,0,1,1,1
H5,392,2017,290313,      3.90,      3.90,      3.90,      3.90,0,0,0,1,1,1
H5,392,2017,290314,      3.90,      3.90,      3.90,      3.90,0,0,0,1,1,1
H5,392,2017,290315,      3.90,      3.90,      3.90,      3.90,0,0,0,1,1,1
H5,392,2017,290319,      6.20,      3.10,      3.10,      3.10,0,0,0,2,2,2
H5,392,2017,290321,      3.90,      3.90,      3.90,      3.90,0,0,0,1,1,1
H5,392,2017,290322,      3.90,      3.90,      3.90,      3.90,0,0,0,1,1,1
H5,392,2017,290323,      3.90,      3.90,      3.90,      3.90,0,0,0,1,1,1
H5,392,2017,290329,      3.10,      3.10,      3.10,      3.10,0,0,0,1,1,1
H5,392,2017,290331,      0.00,      0.00,      0.00,      0.00,0,1,0,0,1,1
H5,392,2017,290339,     46.50,      0.00,      3.10,      2.74,0,2,0,15,17,17
H5,392,2017,290371,      3.10,      3.10,      3.10,      3.10,0,0,0,1,1,1
H5,392,2017,290372,      3.10,      3.10,      3.10,      3.10,0,0,0,1,1,1
H5,392,2017,290373,      6.20,      3.10,      3.10,      3.10,0,0,0,2,2,2
H5,392,2017,290374,      6.20,      3.10,      3.10,      3.10,0,0,0,2,2,2
H5,392,2017,290375,      3.10,      3.10,      3.10,      3.10,0,0,0,1,1,1
H5,392,2017,290376,      9.30,      3.10,      3.10,      3.10,0,0,0,3,3,3
H5,392,2017,290377,     49.60,      3.10,      3.10,      3.10,0,0,0,16,16,16
H5,392,2017,290378,      3.10,      3.10,      3.10,      3.10,0,0,0,1,1,1
H5,392,2017,290379,     15.50,      0.00,      3.10,      2.58,0,1,0,5,6,6
H5,392,2017,290381,      3.90,      3.90,      3.90,      3.90,0,0,0,1,1,1
H5,392,2017,290382,      3.10,      0.00,      3.10,      1.55,0,1,0,1,2,2
H5,392,2017,290383,      3.10,      3.10,      3.10,      3.10,0,0,0,1,1,1
H5,392,2017,290389,      6.20,      0.00,      3.10,      2.07,0,1,0,2,3,3
H5,392,2017,290391,      3.10,      3.10,      3.10,      3.10,0,0,0,1,1,1
H5,392,2017,290392,      3.90,      3.90,      3.90,      3.90,0,0,0,1,1,1
H5,392,2017,290393,      3.10,      3.10,      3.10,      3.10,0,0,0,1,1,1
H5,392,2017,290394,      3.10,      3.10,      3.10,      3.10,0,0,0,1,1,1
H5,392,2017,290399,      3.10,      0.00,      3.10,      1.55,0,1,0,1,2,2
H5,392,2017,290410,      3.10,      3.10,      3.10,      3.10,0,0,0,1,1,1
H5,392,2017,290420,      3.10,      0.00,      3.10,      1.55,0,1,0,1,2,2
H5,392,2017,290431,      3.10,      3.10,      3.10,      3.10,0,0,0,1,1,1
H5,392,2017,290432,      3.10,      3.10,      3.10,      3.10,0,0,0,1,1,1
H5,392,2017,290433,      3.10,      3.10,      3.10,      3.10,0,0,0,1,1,1
H5,392,2017,290434,      3.10,      3.10,      3.10,      3.10,0,0,0,1,1,1
H5,392,2017,290435,      3.10,      3.10,      3.10,      3.10,0,0,0,1,1,1
H5,392,2017,290436,      3.10,      3.10,      3.10,      3.10,0,0,0,1,1,1
H5,392,2017,290491,      3.10,      3.10,      3.10,      3.10,0,0,0,1,1,1
H5,392,2017,290499,      3.10,      0.00,      3.10,      1.55,0,1,0,1,2,2
H5,392,2017,290511,      0.00,      0.00,      0.00,      0.00,0,1,0,0,1,1
H5,392,2017,290512,      3.10,      3.10,      3.10,      3.10,0,0,0,1,1,1
H5,392,2017,290513,      5.50,      5.50,      5.50,      5.50,0,0,0,1,1,1
H5,392,2017,290514,      5.50,      5.50,      5.50,      5.50,0,0,0,1,1,1
H5,392,2017,290516,      3.90,      3.90,      3.90,      3.90,1,0,0,1,1,2
H5,392,2017,290517,      4.70,      4.70,      4.70,      4.70,0,0,0,1,1,1
H5,392,2017,290519,      4.70,      4.70,      4.70,      4.70,0,0,0,1,1,1
H5,392,2017,290522,      4.40,      4.40,      4.40,      4.40,0,0,0,1,1,1
H5,392,2017,290529,      3.90,      3.90,      3.90,      3.90,0,0,0,1,1,1
H5,392,2017,290531,      5.50,      5.50,      5.50,      5.50,0,0,0,1,1,1
H5,392,2017,290532,      5.50,      5.50,      5.50,      5.50,0,0,0,1,1,1
H5,392,2017,290539,      3.10,      3.10,      3.10,      3.10,0,0,0,1,1,1
H5,392,2017,290541,      3.10,      3.10,      3.10,      3.10,0,0,0,1,1,1
H5,392,2017,290542,      3.10,      3.10,      3.10,      3.10,0,0,0,1,1,1
H5,392,2017,290543,      2.80,      2.80,      2.80,      2.80,0,0,0,1,1,1
H5,392,2017,290544,     17.00,     17.00,     17.00,     17.00,0,0,0,1,1,1
H5,392,2017,290545,      5.00,      5.00,      5.00,      5.00,0,0,0,1,1,1
H5,392,2017,290549,      3.10,      3.10,      3.10,      3.10,0,0,0,1,1,1
H5,392,2017,290551,      0.00,      0.00,      0.00,      0.00,0,1,0,0,1,1
H5,392,2017,290559,      3.90,      0.00,      3.90,      1.95,0,1,0,1,2,2
H5,392,2017,290611,      5.50,      5.50,      5.50,      5.50,0,0,0,1,1,1
H5,392,2017,290612,      3.90,      3.90,      3.90,      3.90,0,0,0,1,1,1
H5,392,2017,290613,      0.00,      0.00,      0.00,      0.00,0,1,0,0,1,1
H5,392,2017,290619,      8.30,      3.90,      4.40,      4.15,0,0,0,2,2,2
H5,392,2017,290621,      4.40,      4.40,      4.40,      4.40,0,0,0,1,1,1
H5,392,2017,290629,      3.90,      3.90,      3.90,      3.90,0,0,0,1,1,1
H5,392,2017,290711,      0.00,      0.00,      0.00,      0.00,0,1,0,0,1,1
H5,392,2017,290712,      0.00,      0.00,      0.00,      0.00,0,1,0,0,1,1
H5,392,2017,290713,      3.10,      3.10,      3.10,      3.10,0,0,0,1,1,1
H5,392,2017,290715,      3.90,      3.90,      3.90,      3.90,0,0,0,1,1,1
H5,392,2017,290719,      6.20,      0.00,      3.10,      2.07,0,1,0,2,3,3
H5,392,2017,290721,      3.10,      3.10,      3.10,      3.10,0,0,0,1,1,1
H5,392,2017,290722,      3.10,      3.10,      3.10,      3.10,0,0,0,1,1,1
H5,392,2017,290723,      3.10,      3.10,      3.10,      3.10,0,0,0,1,1,1
H5,392,2017,290729,      3.10,      3.10,      3.10,      3.10,0,0,0,1,1,1
H5,392,2017,290811,      3.10,      3.10,      3.10,      3.10,0,0,0,1,1,1
H5,392,2017,290819,      3.10,      0.00,      3.10,      1.55,0,1,0,1,2,2
H5,392,2017,290891,      3.10,      3.10,      3.10,      3.10,0,0,0,1,1,1
H5,392,2017,290892,      3.10,      3.10,      3.10,      3.10,0,0,0,1,1,1
H5,392,2017,290899,      3.10,      3.10,      3.10,      3.10,0,0,0,1,1,1
H5,392,2017,290911,      3.10,      3.10,      3.10,      3.10,0,0,0,1,1,1
H5,392,2017,290919,      6.20,      0.00,      3.10,      2.07,0,1,0,2,3,3
H5,392,2017,290920,      3.10,      3.10,      3.10,      3.10,0,0,0,1,1,1
H5,392,2017,290930,      3.10,      0.00,      3.10,      1.03,0,2,0,1,3,3
H5,392,2017,290941,      4.80,      4.80,      4.80,      4.80,0,0,0,1,1,1
H5,392,2017,290943,      3.40,      3.40,      3.40,      3.40,0,0,0,1,1,1
H5,392,2017,290944,      3.70,      3.70,      3.70,      3.70,0,0,0,1,1,1
H5,392,2017,290949,      6.20,      3.10,      3.10,      3.10,0,0,0,2,2,2
H5,392,2017,290950,      3.10,      3.10,      3.10,      3.10,0,0,0,1,1,1
H5,392,2017,290960,      3.10,      3.10,      3.10,      3.10,0,0,0,1,1,1
H5,392,2017,291010,      3.90,      3.90,      3.90,      3.90,0,0,0,1,1,1
H5,392,2017,291020,      4.70,      4.70,      4.70,      4.70,0,0,0,1,1,1
H5,392,2017,291030,      3.70,      3.70,      3.70,      3.70,0,0,0,1,1,1
H5,392,2017,291040,      3.70,      3.70,      3.70,      3.70,0,0,0,1,1,1
H5,392,2017,291050,      3.70,      3.70,      3.70,      3.70,0,0,0,1,1,1
H5,392,2017,291090,      3.70,      0.00,      3.70,      1.85,0,1,0,1,2,2
H5,392,2017,291100,      3.90,      3.90,      3.90,      3.90,0,0,0,1,1,1
H5,392,2017,291211,      3.30,      3.30,      3.30,      3.30,0,0,0,1,1,1
H5,392,2017,291212,      3.10,      3.10,      3.10,      3.10,0,0,0,1,1,1
H5,392,2017,291219,      3.10,      3.10,      3.10,      3.10,0,0,0,1,1,1
H5,392,2017,291221,      3.10,      3.10,      3.10,      3.10,0,0,0,1,1,1
H5,392,2017,291229,      3.10,      3.10,      3.10,      3.10,0,0,0,1,1,1
H5,392,2017,291241,      4.40,      4.40,      4.40,      4.40,0,0,0,1,1,1
H5,392,2017,291242,      4.40,      4.40,      4.40,      4.40,0,0,0,1,1,1
H5,392,2017,291249,      7.50,      3.10,      4.40,      3.75,0,0,0,2,2,2
H5,392,2017,291250,      3.10,      3.10,      3.10,      3.10,0,0,0,1,1,1
H5,392,2017,291260,      3.10,      3.10,      3.10,      3.10,0,0,0,1,1,1
H5,392,2017,291300,      3.90,      3.90,      3.90,      3.90,0,0,0,1,1,1
H5,392,2017,291411,      3.90,      3.90,      3.90,      3.90,0,0,0,1,1,1
H5,392,2017,291412,      3.90,      3.90,      3.90,      3.90,0,0,0,1,1,1
H5,392,2017,291413,      3.90,      3.90,      3.90,      3.90,0,0,0,1,1,1
H5,392,2017,291419,      3.90,      3.90,      3.90,      3.90,0,0,0,1,1,1
H5,392,2017,291422,      3.90,      3.90,      3.90,      3.90,0,0,0,1,1,1
H5,392,2017,291423,      4.40,      4.40,      4.40,      4.40,0,0,0,1,1,1
H5,392,2017,291429,      9.30,      0.00,      5.40,      3.10,0,1,0,2,3,3
H5,392,2017,291431,      3.90,      3.90,      3.90,      3.90,0,0,0,1,1,1
H5,392,2017,291439,      3.90,      3.90,      3.90,      3.90,0,0,0,1,1,1
H5,392,2017,291440,      3.90,      3.90,      3.90,      3.90,0,0,0,1,1,1
H5,392,2017,291450,      3.90,      3.90,      3.90,      3.90,0,0,0,1,1,1
H5,392,2017,291461,      3.90,      3.90,      3.90,      3.90,0,0,0,1,1,1
H5,392,2017,291462,      0.00,      0.00,      0.00,      0.00,0,1,0,0,1,1
H5,392,2017,291469,      3.90,      3.90,      3.90,      3.90,0,0,0,1,1,1
H5,392,2017,291471,      3.90,      3.90,      3.90,      3.90,0,0,0,1,1,1
H5,392,2017,291479,      3.90,      3.90,      3.90,      3.90,0,0,0,1,1,1
H5,392,2017,291511,      4.30,      4.30,      4.30,      4.30,0,0,0,1,1,1
H5,392,2017,291512,      4.30,      4.30,      4.30,      4.30,0,0,0,1,1,1
H5,392,2017,291513,      4.30,      4.30,      4.30,      4.30,0,0,0,1,1,1
H5,392,2017,291521,      2.00,      2.00,      2.00,      2.00,0,0,0,1,1,1
H5,392,2017,291524,      4.30,      4.30,      4.30,      4.30,0,0,0,1,1,1
H5,392,2017,291529,     11.70,      3.90,      3.90,      3.90,0,0,0,3,3,3
H5,392,2017,291531,      3.70,      3.70,      3.70,      3.70,0,0,0,1,1,1
H5,392,2017,291532,      3.70,      3.70,      3.70,      3.70,0,0,0,1,1,1
H5,392,2017,291533,      3.70,      3.70,      3.70,      3.70,0,0,0,1,1,1
H5,392,2017,291536,      3.90,      3.90,      3.90,      3.90,0,0,0,1,1,1
H5,392,2017,291539,     11.50,      3.70,      3.90,      3.83,0,0,0,3,3,3
H5,392,2017,291540,      4.30,      4.30,      4.30,      4.30,0,0,0,1,1,1
H5,392,2017,291550,      4.30,      4.30,      4.30,      4.30,0,0,0,1,1,1
H5,392,2017,291560,      4.30,      4.30,      4.30,      4.30,0,0,0,1,1,1
H5,392,2017,291570,      7.20,      3.30,      3.90,      3.60,0,0,0,2,2,2
H5,392,2017,291590,     12.10,      3.90,      4.30,      4.03,0,0,0,3,3,3
H5,392,2017,291611,      4.30,      4.30,      4.30,      4.30,0,0,0,1,1,1
H5,392,2017,291612,      4.30,      4.30,      4.30,      4.30,0,0,0,1,1,1
H5,392,2017,291613,      3.90,      3.90,      3.90,      3.90,0,0,0,1,1,1
H5,392,2017,291614,      3.90,      3.90,      3.90,      3.90,0,0,0,1,1,1
H5,392,2017,291615,      3.30,      3.30,      3.30,      3.30,0,0,0,1,1,1
H5,392,2017,291616,      4.30,      4.30,      4.30,      4.30,0,0,0,1,1,1
H5,392,2017,291619,      4.30,      4.30,      4.30,      4.30,0,0,0,1,1,1
H5,392,2017,291620,      4.30,      4.30,      4.30,      4.30,0,0,0,1,1,1
H5,392,2017,291631,      4.10,      4.10,      4.10,      4.10,0,0,0,1,1,1
H5,392,2017,291632,      4.30,      4.30,      4.30,      4.30,0,0,0,1,1,1
H5,392,2017,291634,      0.00,      0.00,      0.00,      0.00,0,1,0,0,1,1
H5,392,2017,291639,      4.30,      0.00,      4.30,      2.15,0,1,0,1,2,2
H5,392,2017,291711,      3.30,      3.30,      3.30,      3.30,0,0,0,1,1,1
H5,392,2017,291712,      7.80,      3.90,      3.90,      3.90,0,0,0,2,2,2
H5,392,2017,291713,      3.10,      3.10,      3.10,      3.10,0,0,0,1,1,1
H5,392,2017,291714,      3.90,      3.90,      3.90,      3.90,0,0,0,1,1,1
H5,392,2017,291719,      3.10,      3.10,      3.10,      3.10,0,0,0,1,1,1
H5,392,2017,291720,      3.10,      3.10,      3.10,      3.10,0,0,0,1,1,1
H5,392,2017,291732,      3.90,      3.90,      3.90,      3.90,0,0,0,1,1,1
H5,392,2017,291733,      3.10,      3.10,      3.10,      3.10,0,0,0,1,1,1
H5,392,2017,291734,      6.20,      3.10,      3.10,      3.10,0,0,0,2,2,2
H5,392,2017,291735,      3.30,      3.30,      3.30,      3.30,0,0,0,1,1,1
H5,392,2017,291736,      5.30,      5.30,      5.30,      5.30,0,0,0,1,1,1
H5,392,2017,291737,      0.00,      0.00,      0.00,      0.00,0,1,0,0,1,1
H5,392,2017,291739,      6.20,      0.00,      3.10,      2.07,0,1,0,2,3,3
H5,392,2017,291811,      4.40,      4.40,      4.40,      4.40,0,0,0,1,1,1
H5,392,2017,291812,      3.90,      3.90,      3.90,      3.90,0,0,0,1,1,1
H5,392,2017,291813,      3.90,      3.90,      3.90,      3.90,0,0,0,1,1,1
H5,392,2017,291814,      6.50,      6.50,      6.50,      6.50,0,0,0,1,1,1
H5,392,2017,291815,     10.40,      3.90,      6.50,      5.20,0,0,0,2,2,2
H5,392,2017,291816,      3.90,      3.90,      3.90,      3.90,0,0,0,1,1,1
H5,392,2017,291817,      3.90,      3.90,      3.90,      3.90,0,0,0,1,1,1
H5,392,2017,291818,      3.90,      3.90,      3.90,      3.90,0,0,0,1,1,1
H5,392,2017,291819,      3.90,      0.00,      3.90,      1.95,0,1,0,1,2,2
H5,392,2017,291821,      3.90,      3.90,      3.90,      3.90,0,0,0,1,1,1
H5,392,2017,291822,      3.90,      3.90,      3.90,      3.90,0,0,0,1,1,1
H5,392,2017,291823,      3.90,      3.90,      3.90,      3.90,0,0,0,1,1,1
H5,392,2017,291829,      3.90,      3.90,      3.90,      3.90,0,0,0,1,1,1
H5,392,2017,291830,      3.90,      0.00,      3.90,      1.95,0,1,0,1,2,2
H5,392,2017,291891,      3.90,      3.90,      3.90,      3.90,0,0,0,1,1,1
H5,392,2017,291899,      3.90,      3.90,      3.90,      3.90,0,0,0,1,1,1
H5,392,2017,291910,      3.90,      3.90,      3.90,      3.90,0,0,0,1,1,1
H5,392,2017,291990,      3.90,      3.90,      3.90,      3.90,0,0,0,1,1,1
H5,392,2017,292011,      3.90,      3.90,      3.90,      3.90,0,0,0,1,1,1
H5,392,2017,292019,      3.90,      3.90,      3.90,      3.90,0,0,0,1,1,1
H5,392,2017,292021,      3.90,      3.90,      3.90,      3.90,0,0,0,1,1,1
H5,392,2017,292022,      3.90,      3.90,      3.90,      3.90,0,0,0,1,1,1
H5,392,2017,292023,      3.90,      3.90,      3.90,      3.90,0,0,0,1,1,1
H5,392,2017,292024,      3.90,      3.90,      3.90,      3.90,0,0,0,1,1,1
H5,392,2017,292029,      3.90,      3.90,      3.90,      3.90,0,0,0,1,1,1
H5,392,2017,292030,      3.90,      3.90,      3.90,      3.90,0,0,0,1,1,1
H5,392,2017,292090,      7.80,      3.90,      3.90,      3.90,0,0,0,2,2,2
H5,392,2017,292111,      3.10,      3.10,      3.10,      3.10,0,0,0,1,1,1
H5,392,2017,292112,      3.10,      3.10,      3.10,      3.10,0,0,0,1,1,1
H5,392,2017,292113,      3.10,      3.10,      3.10,      3.10,0,0,0,1,1,1
H5,392,2017,292114,      3.10,      3.10,      3.10,      3.10,0,0,0,1,1,1
H5,392,2017,292119,      3.10,      3.10,      3.10,      3.10,0,0,0,1,1,1
H5,392,2017,292121,      3.10,      3.10,      3.10,      3.10,0,0,0,1,1,1
H5,392,2017,292122,      3.10,      3.10,      3.10,      3.10,0,0,0,1,1,1
H5,392,2017,292129,      3.10,      3.10,      3.10,      3.10,0,0,0,1,1,1
H5,392,2017,292130,      3.10,      3.10,      3.10,      3.10,0,0,0,1,1,1
H5,392,2017,292141,      8.50,      3.10,      5.40,      4.25,0,0,0,2,2,2
H5,392,2017,292142,      3.10,      3.10,      3.10,      3.10,0,0,0,1,1,1
H5,392,2017,292143,      3.10,      3.10,      3.10,      3.10,0,0,0,1,1,1
H5,392,2017,292144,      3.10,      3.10,      3.10,      3.10,0,0,0,1,1,1
H5,392,2017,292145,      3.10,      3.10,      3.10,      3.10,0,0,0,1,1,1
H5,392,2017,292146,      3.10,      3.10,      3.10,      3.10,0,0,0,1,1,1
H5,392,2017,292149,      3.10,      3.10,      3.10,      3.10,0,0,0,1,1,1
H5,392,2017,292151,      3.50,      3.50,      3.50,      3.50,0,0,0,1,1,1
H5,392,2017,292159,      3.10,      3.10,      3.10,      3.10,0,0,0,1,1,1
H5,392,2017,292211,      3.10,      3.10,      3.10,      3.10,0,0,0,1,1,1
H5,392,2017,292212,      3.10,      3.10,      3.10,      3.10,0,0,0,1,1,1
H5,392,2017,292214,      3.90,      3.90,      3.90,      3.90,0,0,0,1,1,1
H5,392,2017,292215,      3.10,      3.10,      3.10,      3.10,0,0,0,1,1,1
H5,392,2017,292216,      3.10,      3.10,      3.10,      3.10,0,0,0,1,1,1
H5,392,2017,292217,      0.00,      0.00,      0.00,      0.00,0,2,0,0,2,2
H5,392,2017,292218,      0.00,      0.00,      0.00,      0.00,0,1,0,0,1,1
H5,392,2017,292219,      7.00,      0.00,      3.90,      2.33,0,1,0,2,3,3
H5,392,2017,292221,      3.90,      3.90,      3.90,      3.90,0,0,0,1,1,1
H5,392,2017,292229,      3.90,      3.90,      3.90,      3.90,0,0,0,1,1,1
H5,392,2017,292231,      3.90,      3.90,      3.90,      3.90,0,0,0,1,1,1
H5,392,2017,292239,      3.90,      3.90,      3.90,      3.90,0,0,0,1,1,1
H5,392,2017,292241,      3.90,      3.90,      3.90,      3.90,0,0,0,1,1,1
H5,392,2017,292242,     10.40,      3.90,      6.50,      5.20,0,0,0,2,2,2
H5,392,2017,292243,      3.90,      3.90,      3.90,      3.90,0,0,0,1,1,1
H5,392,2017,292244,      3.90,      3.90,      3.90,      3.90,0,0,0,1,1,1
H5,392,2017,292249,      3.90,      3.90,      3.90,      3.90,0,0,0,1,1,1
H5,392,2017,292250,      3.90,      3.90,      3.90,      3.90,0,0,0,1,1,1
H5,392,2017,292310,      3.90,      3.90,      3.90,      3.90,0,0,0,1,1,1
H5,392,2017,292320,      6.00,      6.00,      6.00,      6.00,0,0,0,1,1,1
H5,392,2017,292330,      3.90,      3.90,      3.90,      3.90,0,0,0,1,1,1
H5,392,2017,292340,      3.90,      3.90,      3.90,      3.90,0,0,0,1,1,1
H5,392,2017,292390,      3.90,      3.90,      3.90,      3.90,0,0,0,1,1,1
H5,392,2017,292411,      0.00,      0.00,      0.00,      0.00,0,1,0,0,1,1
H5,392,2017,292412,      3.10,      3.10,      3.10,      3.10,0,0,0,1,1,1
H5,392,2017,292419,      3.10,      0.00,      3.10,      1.55,0,1,0,1,2,2
H5,392,2017,292421,      3.10,      3.10,      3.10,      3.10,0,0,0,1,1,1
H5,392,2017,292423,      3.10,      3.10,      3.10,      3.10,0,0,0,1,1,1
H5,392,2017,292424,      0.00,      0.00,      0.00,      0.00,0,1,0,0,1,1
H5,392,2017,292425,      3.10,      3.10,      3.10,      3.10,0,0,0,1,1,1
H5,392,2017,292429,      3.10,      0.00,      3.10,      1.55,0,1,0,1,2,2
H5,392,2017,292511,      3.90,      3.90,      3.90,      3.90,0,0,0,1,1,1
H5,392,2017,292512,      0.00,      0.00,      0.00,      0.00,0,1,0,0,1,1
H5,392,2017,292519,      0.00,      0.00,      0.00,      0.00,0,2,0,0,2,2
H5,392,2017,292521,      2.50,      2.50,      2.50,      2.50,0,0,0,1,1,1
H5,392,2017,292529,      2.50,      0.00,      2.50,      1.25,0,1,0,1,2,2
H5,392,2017,292610,      4.30,      4.30,      4.30,      4.30,0,0,0,1,1,1
H5,392,2017,292620,      3.10,      3.10,      3.10,      3.10,0,0,0,1,1,1
H5,392,2017,292630,      3.10,      3.10,      3.10,      3.10,0,0,0,1,1,1
H5,392,2017,292640,      3.10,      3.10,      3.10,      3.10,0,0,0,1,1,1
H5,392,2017,292690,      3.10,      3.10,      3.10,      3.10,0,0,0,1,1,1
H5,392,2017,292700,      3.90,      3.90,      3.90,      3.90,0,0,0,1,1,1
H5,392,2017,292800,      3.90,      3.90,      3.90,      3.90,0,0,0,1,1,1
H5,392,2017,292910,      9.30,      3.10,      3.10,      3.10,0,0,0,3,3,3
H5,392,2017,292990,      3.10,      3.10,      3.10,      3.10,0,0,0,1,1,1
H5,392,2017,293020,      4.40,      4.40,      4.40,      4.40,0,0,0,1,1,1
H5,392,2017,293030,      4.40,      4.40,      4.40,      4.40,0,0,0,1,1,1
H5,392,2017,293040,      3.90,      3.90,      3.90,      3.90,0,0,0,1,1,1
H5,392,2017,293060,      0.00,      0.00,      0.00,      0.00,0,1,0,0,1,1
H5,392,2017,293070,      0.00,      0.00,      0.00,      0.00,0,1,0,0,1,1
H5,392,2017,293080,      0.00,      0.00,      0.00,      0.00,0,1,0,0,1,1
H5,392,2017,293090,      0.00,      0.00,      0.00,      0.00,0,2,0,0,2,2
H5,392,2017,293110,      3.10,      3.10,      3.10,      3.10,0,0,0,1,1,1
H5,392,2017,293120,      3.10,      3.10,      3.10,      3.10,0,0,0,1,1,1
H5,392,2017,293131,      3.10,      3.10,      3.10,      3.10,0,0,0,1,1,1
H5,392,2017,293132,      3.10,      3.10,      3.10,      3.10,0,0,0,1,1,1
H5,392,2017,293133,      3.10,      3.10,      3.10,      3.10,0,0,0,1,1,1
H5,392,2017,293134,      3.10,      3.10,      3.10,      3.10,0,0,0,1,1,1
H5,392,2017,293135,      3.10,      3.10,      3.10,      3.10,0,0,0,1,1,1
H5,392,2017,293136,      3.10,      3.10,      3.10,      3.10,0,0,0,1,1,1
H5,392,2017,293137,      3.10,      3.10,      3.10,      3.10,0,0,0,1,1,1
H5,392,2017,293138,      3.10,      3.10,      3.10,      3.10,0,0,0,1,1,1
H5,392,2017,293139,      3.10,      3.10,      3.10,      3.10,0,0,0,1,1,1
H5,392,2017,293190,      3.10,      3.10,      3.10,      3.10,0,0,0,1,1,1
H5,392,2017,293211,      3.10,      3.10,      3.10,      3.10,0,0,0,1,1,1
H5,392,2017,293212,      0.00,      0.00,      0.00,      0.00,0,1,0,0,1,1
H5,392,2017,293213,      3.10,      3.10,      3.10,      3.10,0,0,0,1,1,1
H5,392,2017,293214,      3.10,      3.10,      3.10,      3.10,0,0,0,1,1,1
H5,392,2017,293219,      3.10,      3.10,      3.10,      3.10,0,0,0,1,1,1
H5,392,2017,293220,      7.50,      0.00,      4.40,      2.50,0,1,0,2,3,3
H5,392,2017,293291,      3.10,      3.10,      3.10,      3.10,0,0,0,1,1,1
H5,392,2017,293292,      3.10,      3.10,      3.10,      3.10,0,0,0,1,1,1
H5,392,2017,293293,      3.10,      3.10,      3.10,      3.10,0,0,0,1,1,1
H5,392,2017,293294,      3.10,      3.10,      3.10,      3.10,0,0,0,1,1,1
H5,392,2017,293295,      3.10,      3.10,      3.10,      3.10,0,0,0,1,1,1
H5,392,2017,293299,      3.10,      3.10,      3.10,      3.10,0,0,0,1,1,1
H5,392,2017,293311,      3.10,      3.10,      3.10,      3.10,0,0,0,1,1,1
H5,392,2017,293319,      3.10,      3.10,      3.10,      3.10,0,0,0,1,1,1
H5,392,2017,293321,      3.10,      0.00,      3.10,      1.55,0,1,0,1,2,2
H5,392,2017,293329,      3.10,      3.10,      3.10,      3.10,0,0,0,1,1,1
H5,392,2017,293331,      0.00,      0.00,      0.00,      0.00,0,1,0,0,1,1
H5,392,2017,293332,      3.10,      3.10,      3.10,      3.10,0,0,0,1,1,1
H5,392,2017,293333,      3.10,      3.10,      3.10,      3.10,0,0,0,1,1,1
H5,392,2017,293339,      3.10,      0.00,      3.10,      1.55,0,1,0,1,2,2
H5,392,2017,293341,      3.10,      3.10,      3.10,      3.10,0,0,0,1,1,1
H5,392,2017,293349,      6.40,      3.10,      3.30,      3.20,0,0,0,2,2,2
H5,392,2017,293352,      3.10,      3.10,      3.10,      3.10,0,0,0,1,1,1
H5,392,2017,293353,      3.10,      3.10,      3.10,      3.10,0,0,0,1,1,1
H5,392,2017,293354,      3.10,      3.10,      3.10,      3.10,0,0,0,1,1,1
H5,392,2017,293355,      3.10,      3.10,      3.10,      3.10,0,0,0,1,1,1
H5,392,2017,293359,      6.20,      0.00,      3.10,      2.07,0,1,0,2,3,3
H5,392,2017,293361,      3.10,      3.10,      3.10,      3.10,0,0,0,1,1,1
H5,392,2017,293369,      3.10,      3.10,      3.10,      3.10,0,0,0,1,1,1
H5,392,2017,293371,      4.70,      4.70,      4.70,      4.70,0,0,0,1,1,1
H5,392,2017,293372,      0.00,      0.00,      0.00,      0.00,0,1,0,0,1,1
H5,392,2017,293379,      3.90,      3.90,      3.90,      3.90,0,0,0,1,1,1
H5,392,2017,293391,      3.10,      3.10,      3.10,      3.10,0,0,0,1,1,1
H5,392,2017,293392,      3.10,      3.10,      3.10,      3.10,0,0,0,1,1,1
H5,392,2017,293399,      6.40,      3.10,      3.30,      3.20,0,0,0,2,2,2
H5,392,2017,293410,      3.10,      3.10,      3.10,      3.10,0,0,0,1,1,1
H5,392,2017,293420,      4.40,      4.40,      4.40,      4.40,0,0,0,1,1,1
H5,392,2017,293430,      3.10,      3.10,      3.10,      3.10,0,0,0,1,1,1
H5,392,2017,293491,      3.10,      3.10,      3.10,      3.10,0,0,0,1,1,1
H5,392,2017,293499,      3.10,      0.00,      3.10,      1.03,0,2,0,1,3,3
H5,392,2017,293510,      3.90,      3.90,      3.90,      3.90,0,0,0,1,1,1
H5,392,2017,293520,      3.90,      3.90,      3.90,      3.90,0,0,0,1,1,1
H5,392,2017,293530,      3.90,      3.90,      3.90,      3.90,0,0,0,1,1,1
H5,392,2017,293540,      3.90,      3.90,      3.90,      3.90,0,0,0,1,1,1
H5,392,2017,293550,      3.90,      3.90,      3.90,      3.90,0,0,0,1,1,1
H5,392,2017,293590,      3.90,      3.90,      3.90,      3.90,0,0,0,1,1,1
H5,392,2017,293621,      0.00,      0.00,      0.00,      0.00,0,1,0,0,1,1
H5,392,2017,293622,      0.00,      0.00,      0.00,      0.00,0,1,0,0,1,1
H5,392,2017,293623,      0.00,      0.00,      0.00,      0.00,0,1,0,0,1,1
H5,392,2017,293624,      0.00,      0.00,      0.00,      0.00,0,1,0,0,1,1
H5,392,2017,293625,      0.00,      0.00,      0.00,      0.00,0,1,0,0,1,1
H5,392,2017,293626,      0.00,      0.00,      0.00,      0.00,0,1,0,0,1,1
H5,392,2017,293627,      0.00,      0.00,      0.00,      0.00,0,1,0,0,1,1
H5,392,2017,293628,      0.00,      0.00,      0.00,      0.00,0,1,0,0,1,1
H5,392,2017,293629,      0.00,      0.00,      0.00,      0.00,0,1,0,0,1,1
H5,392,2017,293690,      0.00,      0.00,      0.00,      0.00,0,1,0,0,1,1
H5,392,2017,293711,      0.00,      0.00,      0.00,      0.00,0,1,0,0,1,1
H5,392,2017,293712,      0.00,      0.00,      0.00,      0.00,0,1,0,0,1,1
H5,392,2017,293719,      0.00,      0.00,      0.00,      0.00,0,1,0,0,1,1
H5,392,2017,293721,      0.00,      0.00,      0.00,      0.00,0,1,0,0,1,1
H5,392,2017,293722,      0.00,      0.00,      0.00,      0.00,0,1,0,0,1,1
H5,392,2017,293723,      0.00,      0.00,      0.00,      0.00,0,1,0,0,1,1
H5,392,2017,293729,      0.00,      0.00,      0.00,      0.00,0,1,0,0,1,1
H5,392,2017,293750,      0.00,      0.00,      0.00,      0.00,0,1,0,0,1,1
H5,392,2017,293790,      0.00,      0.00,      0.00,      0.00,0,1,0,0,1,1
H5,392,2017,293810,      2.30,      2.30,      2.30,      2.30,0,0,0,1,1,1
H5,392,2017,293890,      3.90,      3.90,      3.90,      3.90,0,0,0,1,1,1
H5,392,2017,293911,      0.00,      0.00,      0.00,      0.00,0,1,0,0,1,1
H5,392,2017,293919,      0.00,      0.00,      0.00,      0.00,0,1,0,0,1,1
H5,392,2017,293920,      0.00,      0.00,      0.00,      0.00,0,1,0,0,1,1
H5,392,2017,293930,      0.00,      0.00,      0.00,      0.00,0,1,0,0,1,1
H5,392,2017,293941,      0.00,      0.00,      0.00,      0.00,0,1,0,0,1,1
H5,392,2017,293942,      0.00,      0.00,      0.00,      0.00,0,1,0,0,1,1
H5,392,2017,293943,      0.00,      0.00,      0.00,      0.00,0,1,0,0,1,1
H5,392,2017,293944,      0.00,      0.00,      0.00,      0.00,0,1,0,0,1,1
H5,392,2017,293949,      0.00,      0.00,      0.00,      0.00,0,1,0,0,1,1
H5,392,2017,293951,      0.00,      0.00,      0.00,      0.00,0,1,0,0,1,1
H5,392,2017,293959,      0.00,      0.00,      0.00,      0.00,0,1,0,0,1,1
H5,392,2017,293961,      0.00,      0.00,      0.00,      0.00,0,1,0,0,1,1
H5,392,2017,293962,      0.00,      0.00,      0.00,      0.00,0,1,0,0,1,1
H5,392,2017,293963,      0.00,      0.00,      0.00,      0.00,0,1,0,0,1,1
H5,392,2017,293969,      0.00,      0.00,      0.00,      0.00,0,1,0,0,1,1
H5,392,2017,293971,      0.00,      0.00,      0.00,      0.00,0,1,0,0,1,1
H5,392,2017,293979,      0.00,      0.00,      0.00,      0.00,0,1,0,0,1,1
H5,392,2017,293980,      0.00,      0.00,      0.00,      0.00,0,1,0,0,1,1
H5,392,2017,294000,     12.50,      6.00,      6.50,      6.25,0,0,0,2,2,2
H5,392,2017,294110,      0.00,      0.00,      0.00,      0.00,0,1,0,0,1,1
H5,392,2017,294120,      0.00,      0.00,      0.00,      0.00,0,1,0,0,1,1
H5,392,2017,294130,      0.00,      0.00,      0.00,      0.00,0,1,0,0,1,1
H5,392,2017,294140,      0.00,      0.00,      0.00,      0.00,0,1,0,0,1,1
H5,392,2017,294150,      0.00,      0.00,      0.00,      0.00,0,1,0,0,1,1
H5,392,2017,294190,      0.00,      0.00,      0.00,      0.00,0,1,0,0,1,1
H5,392,2017,294200,      3.90,      3.90,      3.90,      3.90,0,0,0,1,1,1
H5,392,2017,300120,      0.00,      0.00,      0.00,      0.00,0,1,0,0,1,1
H5,392,2017,300190,      0.00,      0.00,      0.00,      0.00,0,3,0,0,3,3
H5,392,2017,300211,      0.00,      0.00,      0.00,      0.00,0,1,0,0,1,1
H5,392,2017,300212,      0.00,      0.00,      0.00,      0.00,0,5,0,0,5,5
H5,392,2017,300213,      0.00,      0.00,      0.00,      0.00,0,1,0,0,1,1
H5,392,2017,300214,      0.00,      0.00,      0.00,      0.00,0,1,0,0,1,1
H5,392,2017,300215,      0.00,      0.00,      0.00,      0.00,0,1,0,0,1,1
H5,392,2017,300219,      0.00,      0.00,      0.00,      0.00,0,1,0,0,1,1
H5,392,2017,300220,      0.00,      0.00,      0.00,      0.00,0,1,0,0,1,1
H5,392,2017,300230,      0.00,      0.00,      0.00,      0.00,0,1,0,0,1,1
H5,392,2017,300290,      0.00,      0.00,      0.00,      0.00,0,2,0,0,2,2
H5,392,2017,300310,      0.00,      0.00,      0.00,      0.00,0,1,0,0,1,1
H5,392,2017,300320,      0.00,      0.00,      0.00,      0.00,0,1,0,0,1,1
H5,392,2017,300331,      0.00,      0.00,      0.00,      0.00,0,1,0,0,1,1
H5,392,2017,300339,      0.00,      0.00,      0.00,      0.00,0,1,0,0,1,1
H5,392,2017,300341,      0.00,      0.00,      0.00,      0.00,0,1,0,0,1,1
H5,392,2017,300342,      0.00,      0.00,      0.00,      0.00,0,1,0,0,1,1
H5,392,2017,300343,      0.00,      0.00,      0.00,      0.00,0,1,0,0,1,1
H5,392,2017,300349,      0.00,      0.00,      0.00,      0.00,0,1,0,0,1,1
H5,392,2017,300360,      0.00,      0.00,      0.00,      0.00,0,1,0,0,1,1
H5,392,2017,300390,      0.00,      0.00,      0.00,      0.00,0,1,0,0,1,1
H5,392,2017,300410,      0.00,      0.00,      0.00,      0.00,0,1,0,0,1,1
H5,392,2017,300420,      0.00,      0.00,      0.00,      0.00,0,1,0,0,1,1
H5,392,2017,300431,      0.00,      0.00,      0.00,      0.00,0,1,0,0,1,1
H5,392,2017,300432,      0.00,      0.00,      0.00,      0.00,0,1,0,0,1,1
H5,392,2017,300439,      0.00,      0.00,      0.00,      0.00,0,1,0,0,1,1
H5,392,2017,300441,      0.00,      0.00,      0.00,      0.00,0,2,0,0,2,2
H5,392,2017,300442,      0.00,      0.00,      0.00,      0.00,0,2,0,0,2,2
H5,392,2017,300443,      0.00,      0.00,      0.00,      0.00,0,2,0,0,2,2
H5,392,2017,300449,      0.00,      0.00,      0.00,      0.00,0,2,0,0,2,2
H5,392,2017,300450,      0.00,      0.00,      0.00,      0.00,0,1,0,0,1,1
H5,392,2017,300460,      0.00,      0.00,      0.00,      0.00,0,1,0,0,1,1
H5,392,2017,300490,      0.00,      0.00,      0.00,      0.00,0,4,0,0,4,4
H5,392,2017,300510,      0.00,      0.00,      0.00,      0.00,0,2,0,0,2,2
H5,392,2017,300590,      0.00,      0.00,      0.00,      0.00,0,1,0,0,1,1
H5,392,2017,300610,     13.70,      0.00,      5.30,      2.74,0,2,0,3,5,5
H5,392,2017,300620,      0.00,      0.00,      0.00,      0.00,0,1,0,0,1,1
H5,392,2017,300630,      0.00,      0.00,      0.00,      0.00,0,1,0,0,1,1
H5,392,2017,300640,      0.00,      0.00,      0.00,      0.00,0,2,0,0,2,2
H5,392,2017,300650,      0.00,      0.00,      0.00,      0.00,0,1,0,0,1,1
H5,392,2017,300660,      0.00,      0.00,      0.00,      0.00,0,1,0,0,1,1
H5,392,2017,300670,      2.60,      2.60,      2.60,      2.60,0,0,0,1,1,1
H5,392,2017,300691,      7.80,      3.90,      3.90,      3.90,0,0,0,2,2,2
H5,392,2017,300692,      0.00,      0.00,      0.00,      0.00,0,1,0,0,1,1
H5,392,2017,310100,      0.00,      0.00,      0.00,      0.00,0,1,0,0,1,1
H5,392,2017,310210,      0.00,      0.00,      0.00,      0.00,0,1,0,0,1,1
H5,392,2017,310221,      0.00,      0.00,      0.00,      0.00,0,1,0,0,1,1
H5,392,2017,310229,      0.00,      0.00,      0.00,      0.00,0,1,0,0,1,1
H5,392,2017,310230,      0.00,      0.00,      0.00,      0.00,0,1,0,0,1,1
H5,392,2017,310240,      0.00,      0.00,      0.00,      0.00,0,1,0,0,1,1
H5,392,2017,310250,      0.00,      0.00,      0.00,      0.00,0,1,0,0,1,1
H5,392,2017,310260,      0.00,      0.00,      0.00,      0.00,0,1,0,0,1,1
H5,392,2017,310280,      0.00,      0.00,      0.00,      0.00,0,1,0,0,1,1
H5,392,2017,310290,      0.00,      0.00,      0.00,      0.00,0,1,0,0,1,1
H5,392,2017,310311,      0.00,      0.00,      0.00,      0.00,0,1,0,0,1,1
H5,392,2017,310319,      0.00,      0.00,      0.00,      0.00,0,1,0,0,1,1
H5,392,2017,310390,      0.00,      0.00,      0.00,      0.00,0,1,0,0,1,1
H5,392,2017,310420,      0.00,      0.00,      0.00,      0.00,0,1,0,0,1,1
H5,392,2017,310430,      0.00,      0.00,      0.00,      0.00,0,2,0,0,2,2
H5,392,2017,310490,      0.00,      0.00,      0.00,      0.00,0,1,0,0,1,1
H5,392,2017,310510,      0.00,      0.00,      0.00,      0.00,0,1,0,0,1,1
H5,392,2017,310520,      0.00,      0.00,      0.00,      0.00,0,1,0,0,1,1
H5,392,2017,310530,      0.00,      0.00,      0.00,      0.00,0,1,0,0,1,1
H5,392,2017,310540,      0.00,      0.00,      0.00,      0.00,0,1,0,0,1,1
H5,392,2017,310551,      0.00,      0.00,      0.00,      0.00,0,1,0,0,1,1
H5,392,2017,310559,      0.00,      0.00,      0.00,      0.00,0,1,0,0,1,1
H5,392,2017,310560,      0.00,      0.00,      0.00,      0.00,0,1,0,0,1,1
H5,392,2017,310590,      0.00,      0.00,      0.00,      0.00,0,1,0,0,1,1
H5,392,2017,320110,      0.00,      0.00,      0.00,      0.00,0,1,0,0,1,1
H5,392,2017,320120,      0.00,      0.00,      0.00,      0.00,0,1,0,0,1,1
H5,392,2017,320190,      2.50,      0.00,      2.50,      1.25,0,1,0,1,2,2
H5,392,2017,320210,      0.00,      0.00,      0.00,      0.00,0,1,0,0,1,1
H5,392,2017,320290,      3.90,      3.90,      3.90,      3.90,0,0,0,1,1,1
H5,392,2017,320300,      0.00,      0.00,      0.00,      0.00,0,3,0,0,3,3
H5,392,2017,320411,      4.40,      4.40,      4.40,      4.40,0,0,0,1,1,1
H5,392,2017,320412,      8.80,      4.40,      4.40,      4.40,0,0,0,2,2,2
H5,392,2017,320413,      4.40,      4.40,      4.40,      4.40,0,0,0,1,1,1
H5,392,2017,320414,      4.40,      4.40,      4.40,      4.40,0,0,0,1,1,1
H5,392,2017,320415,      4.40,      4.40,      4.40,      4.40,0,0,0,1,1,1
H5,392,2017,320416,      4.40,      4.40,      4.40,      4.40,0,0,0,1,1,1
H5,392,2017,320417,      7.00,      3.50,      3.50,      3.50,0,0,0,2,2,2
H5,392,2017,320419,      8.80,      4.40,      4.40,      4.40,0,0,0,2,2,2
H5,392,2017,320420,      4.40,      4.40,      4.40,      4.40,0,0,0,1,1,1
H5,392,2017,320490,      4.40,      4.40,      4.40,      4.40,0,0,0,1,1,1
H5,392,2017,320500,      4.40,      4.40,      4.40,      4.40,0,0,0,1,1,1
H5,392,2017,320611,      3.20,      3.20,      3.20,      3.20,0,0,0,1,1,1
H5,392,2017,320619,      2.60,      2.60,      2.60,      2.60,0,0,0,1,1,1
H5,392,2017,320620,      2.60,      2.60,      2.60,      2.60,0,0,0,1,1,1
H5,392,2017,320641,      7.00,      2.60,      4.40,      3.50,0,0,0,2,2,2
H5,392,2017,320642,      6.50,      2.60,      3.90,      3.25,0,0,0,2,2,2
H5,392,2017,320649,      5.10,      2.50,      2.60,      2.55,0,0,0,2,2,2
H5,392,2017,320650,      3.30,      3.30,      3.30,      3.30,0,0,0,1,1,1
H5,392,2017,320710,      3.20,      3.20,      3.20,      3.20,0,0,0,1,1,1
H5,392,2017,320720,      2.20,      2.20,      2.20,      2.20,0,0,0,1,1,1
H5,392,2017,320730,      2.20,      2.20,      2.20,      2.20,0,0,0,1,1,1
H5,392,2017,320740,      2.50,      2.50,      2.50,      2.50,0,0,0,1,1,1
H5,392,2017,320810,      3.20,      3.20,      3.20,      3.20,0,0,0,1,1,1
H5,392,2017,320820,      3.10,      3.10,      3.10,      3.10,0,0,0,1,1,1
H5,392,2017,320890,      6.40,      3.20,      3.20,      3.20,0,0,0,2,2,2
H5,392,2017,320910,      4.00,      4.00,      4.00,      4.00,0,0,0,1,1,1
H5,392,2017,320990,      4.00,      4.00,      4.00,      4.00,0,0,0,1,1,1
H5,392,2017,321000,      5.50,      1.60,      3.90,      2.75,0,0,0,2,2,2
H5,392,2017,321100,      3.90,      3.90,      3.90,      3.90,0,0,0,1,1,1
H5,392,2017,321210,      3.90,      3.90,      3.90,      3.90,0,0,0,1,1,1
H5,392,2017,321290,      6.20,      2.10,      4.10,      3.10,0,0,0,2,2,2
H5,392,2017,321310,      3.90,      3.90,      3.90,      3.90,0,0,0,1,1,1
H5,392,2017,321390,      3.90,      3.90,      3.90,      3.90,0,0,0,1,1,1
H5,392,2017,321410,      3.30,      3.30,      3.30,      3.30,0,0,0,1,1,1
H5,392,2017,321490,      3.30,      3.30,      3.30,      3.30,0,0,0,1,1,1
H5,392,2017,321511,      3.90,      3.90,      3.90,      3.90,0,0,0,1,1,1
H5,392,2017,321519,      3.90,      3.90,      3.90,      3.90,0,0,0,1,1,1
H5,392,2017,321590,      3.90,      3.90,      3.90,      3.90,0,0,0,1,1,1
H5,392,2017,330112,      0.00,      0.00,      0.00,      0.00,0,1,0,0,1,1
H5,392,2017,330113,      0.00,      0.00,      0.00,      0.00,0,1,0,0,1,1
H5,392,2017,330119,      6.40,      0.00,      3.20,      2.13,0,1,0,2,3,3
H5,392,2017,330124,      3.20,      3.20,      3.20,      3.20,0,0,0,1,1,1
H5,392,2017,330125,     14.40,      0.00,      9.00,      3.60,0,1,0,3,4,4
H5,392,2017,330129,     10.80,      0.00,      3.20,      1.54,0,3,0,4,7,7
H5,392,2017,330130,      0.00,      0.00,      0.00,      0.00,0,1,0,0,1,1
H5,392,2017,330190,      0.00,      0.00,      0.00,      0.00,0,1,0,0,1,1
H5,392,2017,330210,      0.00,      0.00,      0.00,      0.00,0,3,0,0,3,3
H5,392,2017,330290,      0.00,      0.00,      0.00,      0.00,0,1,0,0,1,1
H5,392,2017,330300,      0.00,      0.00,      0.00,      0.00,0,1,0,0,1,1
H5,392,2017,330410,      0.00,      0.00,      0.00,      0.00,0,1,0,0,1,1
H5,392,2017,330420,      0.00,      0.00,      0.00,      0.00,0,1,0,0,1,1
H5,392,2017,330430,      0.00,      0.00,      0.00,      0.00,0,1,0,0,1,1
H5,392,2017,330491,      0.00,      0.00,      0.00,      0.00,0,2,0,0,2,2
H5,392,2017,330499,      0.00,      0.00,      0.00,      0.00,0,4,0,0,4,4
H5,392,2017,330510,      0.00,      0.00,      0.00,      0.00,0,1,0,0,1,1
H5,392,2017,330520,      0.00,      0.00,      0.00,      0.00,0,1,0,0,1,1
H5,392,2017,330530,      0.00,      0.00,      0.00,      0.00,0,1,0,0,1,1
H5,392,2017,330590,      0.00,      0.00,      0.00,      0.00,0,1,0,0,1,1
H5,392,2017,330610,      0.00,      0.00,      0.00,      0.00,0,1,0,0,1,1
H5,392,2017,330620,      2.70,      2.70,      2.70,      2.70,0,0,0,1,1,1
H5,392,2017,330690,      0.00,      0.00,      0.00,      0.00,0,1,0,0,1,1
H5,392,2017,330710,      4.80,      4.80,      4.80,      4.80,0,0,0,1,1,1
H5,392,2017,330720,      3.90,      3.90,      3.90,      3.90,0,0,0,1,1,1
H5,392,2017,330730,      3.90,      3.90,      3.90,      3.90,0,0,0,1,1,1
H5,392,2017,330741,      5.40,      5.40,      5.40,      5.40,0,0,0,1,1,1
H5,392,2017,330749,      3.90,      3.90,      3.90,      3.90,0,0,0,1,1,1
H5,392,2017,330790,      8.80,      4.00,      4.80,      4.40,0,0,0,2,2,2
H5,392,2017,340111,      0.00,      0.00,      0.00,      0.00,0,1,0,0,1,1
H5,392,2017,340119,      0.00,      0.00,      0.00,      0.00,0,2,0,0,2,2
H5,392,2017,340120,      0.00,      0.00,      0.00,      0.00,0,2,0,0,2,2
H5,392,2017,340130,      0.00,      0.00,      0.00,      0.00,0,1,0,0,1,1
H5,392,2017,340211,      0.00,      0.00,      0.00,      0.00,0,2,0,0,2,2
H5,392,2017,340212,      0.00,      0.00,      0.00,      0.00,0,1,0,0,1,1
H5,392,2017,340213,      0.00,      0.00,      0.00,      0.00,0,1,0,0,1,1
H5,392,2017,340219,      0.00,      0.00,      0.00,      0.00,0,1,0,0,1,1
H5,392,2017,340220,      0.00,      0.00,      0.00,      0.00,0,2,0,0,2,2
H5,392,2017,340290,      0.00,      0.00,      0.00,      0.00,0,2,0,0,2,2
H5,392,2017,340311,      4.40,      4.40,      4.40,      4.40,0,0,0,1,1,1
H5,392,2017,340319,      6.40,      3.20,      3.20,      3.20,0,0,0,2,2,2
H5,392,2017,340391,      4.40,      4.40,      4.40,      4.40,0,0,0,1,1,1
H5,392,2017,340399,      3.10,      3.10,      3.10,      3.10,0,0,0,1,1,1
H5,392,2017,340420,      0.00,      0.00,      0.00,      0.00,0,1,0,0,1,1
H5,392,2017,340490,      0.00,      0.00,      0.00,      0.00,0,2,0,0,2,2
H5,392,2017,340510,      0.00,      0.00,      0.00,      0.00,0,1,0,0,1,1
H5,392,2017,340520,      0.00,      0.00,      0.00,      0.00,0,1,0,0,1,1
H5,392,2017,340530,      0.00,      0.00,      0.00,      0.00,0,1,0,0,1,1
H5,392,2017,340540,      0.00,      0.00,      0.00,      0.00,0,1,0,0,1,1
H5,392,2017,340590,      0.00,      0.00,      0.00,      0.00,0,1,0,0,1,1
H5,392,2017,340600,      0.00,      0.00,      0.00,      0.00,0,1,0,0,1,1
H5,392,2017,340700,      0.00,      0.00,      0.00,      0.00,0,1,0,0,1,1
H5,392,2017,350110,      0.00,      0.00,      0.00,      0.00,0,1,0,0,1,1
H5,392,2017,350190,      5.40,      5.40,      5.40,      5.40,0,0,0,1,1,1
H5,392,2017,350211,      8.00,      8.00,      8.00,      8.00,0,0,0,1,1,1
H5,392,2017,350219,      8.00,      8.00,      8.00,      8.00,0,0,0,1,1,1
H5,392,2017,350220,      2.90,      2.90,      2.90,      2.90,0,0,0,1,1,1
H5,392,2017,350290,      2.90,      2.90,      2.90,      2.90,0,0,0,1,1,1
H5,392,2017,350300,     40.10,      2.20,     17.00,     10.02,0,0,0,4,4,4
H5,392,2017,350400,     13.10,      2.90,      5.10,      4.37,0,0,0,3,3,3
H5,392,2017,350510,      6.80,      6.80,      6.80,      6.80,1,0,0,1,1,2
H5,392,2017,350520,,,,,1,0,0,0,0,1
H5,392,2017,350610,      3.90,      3.90,      3.90,      3.90,0,0,0,1,1,1
H5,392,2017,350691,      0.00,      0.00,      0.00,      0.00,0,1,0,0,1,1
H5,392,2017,350699,      3.90,      3.90,      3.90,      3.90,0,0,0,1,1,1
H5,392,2017,350710,      3.90,      3.90,      3.90,      3.90,0,0,0,1,1,1
H5,392,2017,350790,      3.90,      3.90,      3.90,      3.90,0,0,0,1,1,1
H5,392,2017,360100,      6.40,      6.40,      6.40,      6.40,0,0,0,1,1,1
H5,392,2017,360200,      6.40,      6.40,      6.40,      6.40,0,0,0,1,1,1
H5,392,2017,360300,      6.40,      0.00,      6.40,      3.20,0,1,0,1,2,2
H5,392,2017,360410,      8.00,      4.00,      4.00,      4.00,0,0,0,2,2,2
H5,392,2017,360490,      4.00,      4.00,      4.00,      4.00,0,0,0,1,1,1
H5,392,2017,360500,      8.80,      4.40,      4.40,      4.40,0,0,0,2,2,2
H5,392,2017,360610,      3.30,      3.30,      3.30,      3.30,0,0,0,1,1,1
H5,392,2017,360690,      3.30,      3.30,      3.30,      3.30,0,0,0,1,1,1
H5,392,2017,370110,      0.00,      0.00,      0.00,      0.00,0,3,0,0,3,3
H5,392,2017,370120,      0.00,      0.00,      0.00,      0.00,0,2,0,0,2,2
H5,392,2017,370130,      0.00,      0.00,      0.00,      0.00,0,3,0,0,3,3
H5,392,2017,370191,      0.00,      0.00,      0.00,      0.00,0,1,0,0,1,1
H5,392,2017,370199,      0.00,      0.00,      0.00,      0.00,0,1,0,0,1,1
H5,392,2017,370210,      0.00,      0.00,      0.00,      0.00,0,1,0,0,1,1
H5,392,2017,370231,      0.00,      0.00,      0.00,      0.00,0,1,0,0,1,1
H5,392,2017,370232,      0.00,      0.00,      0.00,      0.00,0,1,0,0,1,1
H5,392,2017,370239,      0.00,      0.00,      0.00,      0.00,0,1,0,0,1,1
H5,392,2017,370241,      0.00,      0.00,      0.00,      0.00,0,1,0,0,1,1
H5,392,2017,370242,      0.00,      0.00,      0.00,      0.00,0,1,0,0,1,1
H5,392,2017,370243,      0.00,      0.00,      0.00,      0.00,0,1,0,0,1,1
H5,392,2017,370244,      0.00,      0.00,      0.00,      0.00,0,1,0,0,1,1
H5,392,2017,370252,      0.00,      0.00,      0.00,      0.00,0,1,0,0,1,1
H5,392,2017,370253,      0.00,      0.00,      0.00,      0.00,0,1,0,0,1,1
H5,392,2017,370254,      0.00,      0.00,      0.00,      0.00,0,2,0,0,2,2
H5,392,2017,370255,      0.00,      0.00,      0.00,      0.00,0,1,0,0,1,1
H5,392,2017,370256,      0.00,      0.00,      0.00,      0.00,0,1,0,0,1,1
H5,392,2017,370296,      0.00,      0.00,      0.00,      0.00,0,1,0,0,1,1
H5,392,2017,370297,      0.00,      0.00,      0.00,      0.00,0,1,0,0,1,1
H5,392,2017,370298,      0.00,      0.00,      0.00,      0.00,0,1,0,0,1,1
H5,392,2017,370310,      0.00,      0.00,      0.00,      0.00,0,2,0,0,2,2
H5,392,2017,370320,      0.00,      0.00,      0.00,      0.00,0,1,0,0,1,1
H5,392,2017,370390,      0.00,      0.00,      0.00,      0.00,0,1,0,0,1,1
H5,392,2017,370400,      0.00,      0.00,      0.00,      0.00,0,1,0,0,1,1
H5,392,2017,370500,      0.00,      0.00,      0.00,      0.00,0,1,0,0,1,1
H5,392,2017,370610,      0.00,      0.00,      0.00,      0.00,0,1,0,0,1,1
H5,392,2017,370690,      0.00,      0.00,      0.00,      0.00,0,1,0,0,1,1
H5,392,2017,370710,      0.00,      0.00,      0.00,      0.00,0,1,0,0,1,1
H5,392,2017,370790,      0.00,      0.00,      0.00,      0.00,0,1,0,0,1,1
H5,392,2017,380110,      2.50,      2.50,      2.50,      2.50,0,0,0,1,1,1
H5,392,2017,380120,      2.50,      2.50,      2.50,      2.50,0,0,0,1,1,1
H5,392,2017,380130,      2.60,      2.60,      2.60,      2.60,0,0,0,1,1,1
H5,392,2017,380190,      3.20,      3.20,      3.20,      3.20,0,0,0,1,1,1
H5,392,2017,380210,      2.90,      2.90,      2.90,      2.90,0,0,0,1,1,1
H5,392,2017,380290,      2.50,      2.50,      2.50,      2.50,0,0,0,1,1,1
H5,392,2017,380300,      0.00,      0.00,      0.00,      0.00,0,1,0,0,1,1
H5,392,2017,380400,      0.00,      0.00,      0.00,      0.00,0,1,0,0,1,1
H5,392,2017,380510,      0.00,      0.00,      0.00,      0.00,0,1,0,0,1,1
H5,392,2017,380590,      2.50,      0.00,      2.50,      1.25,0,1,0,1,2,2
H5,392,2017,380610,      0.00,      0.00,      0.00,      0.00,0,1,0,0,1,1
H5,392,2017,380620,      0.00,      0.00,      0.00,      0.00,0,1,0,0,1,1
H5,392,2017,380630,      3.30,      3.30,      3.30,      3.30,0,0,0,1,1,1
H5,392,2017,380690,      0.00,      0.00,      0.00,      0.00,0,1,0,0,1,1
H5,392,2017,380700,      0.00,      0.00,      0.00,      0.00,0,1,0,0,1,1
H5,392,2017,380852,      3.90,      3.90,      3.90,      3.90,0,0,0,1,1,1
H5,392,2017,380859,      3.90,      3.90,      3.90,      3.90,0,0,0,1,1,1
H5,392,2017,380861,      3.90,      3.90,      3.90,      3.90,0,0,0,1,1,1
H5,392,2017,380862,      3.90,      3.90,      3.90,      3.90,0,0,0,1,1,1
H5,392,2017,380869,      3.90,      3.90,      3.90,      3.90,0,0,0,1,1,1
H5,392,2017,380891,     11.70,      3.90,      3.90,      3.90,0,0,0,3,3,3
H5,392,2017,380892,     11.70,      3.90,      3.90,      3.90,0,0,0,3,3,3
H5,392,2017,380893,     11.70,      3.90,      3.90,      3.90,0,0,0,3,3,3
H5,392,2017,380894,      3.90,      3.90,      3.90,      3.90,0,0,0,1,1,1
H5,392,2017,380899,      3.90,      3.90,      3.90,      3.90,0,0,0,1,1,1
H5,392,2017,380910,,,,,1,0,0,0,0,1
H5,392,2017,380991,      6.40,      3.20,      3.20,      3.20,0,0,0,2,2,2
H5,392,2017,380992,      3.90,      3.90,      3.90,      3.90,0,0,0,1,1,1
H5,392,2017,380993,      3.90,      3.90,      3.90,      3.90,0,0,0,1,1,1
H5,392,2017,381010,      3.90,      3.90,      3.90,      3.90,0,0,0,1,1,1
H5,392,2017,381090,      3.90,      3.90,      3.90,      3.90,0,0,0,1,1,1
H5,392,2017,381111,      0.00,      0.00,      0.00,      0.00,0,1,0,0,1,1
H5,392,2017,381119,      0.00,      0.00,      0.00,      0.00,0,1,0,0,1,1
H5,392,2017,381121,      0.00,      0.00,      0.00,      0.00,0,1,0,0,1,1
H5,392,2017,381129,      0.00,      0.00,      0.00,      0.00,0,1,0,0,1,1
H5,392,2017,381190,      0.00,      0.00,      0.00,      0.00,0,2,0,0,2,2
H5,392,2017,381210,      4.40,      4.40,      4.40,      4.40,0,0,0,1,1,1
H5,392,2017,381220,      2.60,      2.60,      2.60,      2.60,0,0,0,1,1,1
H5,392,2017,381231,      7.00,      2.60,      4.40,      3.50,0,0,0,2,2,2
H5,392,2017,381239,      7.00,      2.60,      4.40,      3.50,0,0,0,2,2,2
H5,392,2017,381300,      3.90,      3.90,      3.90,      3.90,0,0,0,1,1,1
H5,392,2017,381400,      3.90,      3.90,      3.90,      3.90,0,0,0,1,1,1
H5,392,2017,381511,      2.20,      2.20,      2.20,      2.20,0,0,0,1,1,1
H5,392,2017,381512,      2.20,      0.00,      2.20,      0.73,0,2,0,1,3,3
H5,392,2017,381519,      4.40,      0.00,      2.20,      1.47,0,1,0,2,3,3
H5,392,2017,381590,      8.30,      0.00,      3.90,      2.08,0,1,0,3,4,4
H5,392,2017,381600,      6.60,      3.30,      3.30,      3.30,0,0,0,2,2,2
H5,392,2017,381700,      3.30,      3.30,      3.30,      3.30,0,0,0,1,1,1
H5,392,2017,381800,      0.00,      0.00,      0.00,      0.00,0,2,0,0,2,2
H5,392,2017,381900,      2.60,      2.60,      2.60,      2.60,0,0,0,1,1,1
H5,392,2017,382000,      2.60,      2.60,      2.60,      2.60,0,0,0,1,1,1
H5,392,2017,382100,      2.50,      2.50,      2.50,      2.50,0,0,0,1,1,1
H5,392,2017,382200,      0.00,      0.00,      0.00,      0.00,0,1,0,0,1,1
H5,392,2017,382311,      2.50,      2.50,      2.50,      2.50,0,0,0,1,1,1
H5,392,2017,382312,      2.50,      2.50,      2.50,      2.50,0,0,0,1,1,1
H5,392,2017,382313,      3.00,      3.00,      3.00,      3.00,0,0,0,1,1,1
H5,392,2017,382319,      2.50,      2.50,      2.50,      2.50,0,0,0,1,1,1
H5,392,2017,382370,      2.50,      2.50,      2.50,      2.50,0,0,0,1,1,1
H5,392,2017,382410,      2.50,      2.50,      2.50,      2.50,0,0,0,1,1,1
H5,392,2017,382430,      5.80,      2.60,      3.20,      2.90,0,0,0,2,2,2
H5,392,2017,382440,      2.60,      2.60,      2.60,      2.60,0,0,0,1,1,1
H5,392,2017,382450,      2.60,      2.60,      2.60,      2.60,0,0,0,1,1,1
H5,392,2017,382460,      2.30,      2.30,      2.30,      2.30,0,0,0,1,1,1
H5,392,2017,382471,      2.60,      2.60,      2.60,      2.60,0,0,0,1,1,1
H5,392,2017,382472,      2.60,      2.60,      2.60,      2.60,0,0,0,1,1,1
H5,392,2017,382473,      2.60,      2.60,      2.60,      2.60,0,0,0,1,1,1
H5,392,2017,382474,      2.60,      2.60,      2.60,      2.60,0,0,0,1,1,1
H5,392,2017,382475,      2.60,      2.60,      2.60,      2.60,0,0,0,1,1,1
H5,392,2017,382476,      2.60,      2.60,      2.60,      2.60,0,0,0,1,1,1
H5,392,2017,382477,      2.60,      2.60,      2.60,      2.60,0,0,0,1,1,1
H5,392,2017,382478,     13.00,      2.60,      2.60,      2.60,0,0,0,5,5,5
H5,392,2017,382479,      2.60,      2.60,      2.60,      2.60,0,0,0,1,1,1
H5,392,2017,382481,      2.60,      2.60,      2.60,      2.60,0,0,0,1,1,1
H5,392,2017,382482,      2.60,      2.60,      2.60,      2.60,0,0,0,1,1,1
H5,392,2017,382483,      2.60,      2.60,      2.60,      2.60,0,0,0,1,1,1
H5,392,2017,382484,      2.60,      2.60,      2.60,      2.60,0,0,0,1,1,1
H5,392,2017,382485,      2.60,      2.60,      2.60,      2.60,0,0,0,1,1,1
H5,392,2017,382486,      2.60,      2.60,      2.60,      2.60,0,0,0,1,1,1
H5,392,2017,382487,      2.60,      2.60,      2.60,      2.60,0,0,0,1,1,1
H5,392,2017,382488,      2.60,      0.00,      2.60,      1.30,0,1,0,1,2,2
H5,392,2017,382491,      2.60,      2.60,      2.60,      2.60,0,0,0,1,1,1
H5,392,2017,382499,     15.00,      0.00,      3.90,      2.14,0,2,0,5,7,7
H5,392,2017,382510,      0.00,      0.00,      0.00,      0.00,0,1,0,0,1,1
H5,392,2017,382520,      0.00,      0.00,      0.00,      0.00,0,1,0,0,1,1
H5,392,2017,382530,      0.00,      0.00,      0.00,      0.00,0,1,0,0,1,1
H5,392,2017,382541,      2.60,      2.60,      2.60,      2.60,0,0,0,1,1,1
H5,392,2017,382549,      2.60,      2.60,      2.60,      2.60,0,0,0,1,1,1
H5,392,2017,382550,      2.60,      2.60,      2.60,      2.60,0,0,0,1,1,1
H5,392,2017,382561,      2.60,      2.60,      2.60,      2.60,0,0,0,1,1,1
H5,392,2017,382569,      2.60,      2.60,      2.60,      2.60,0,0,0,1,1,1
H5,392,2017,382590,      2.60,      0.00,      2.60,      1.30,0,1,0,1,2,2
H5,392,2017,382600,      3.90,      3.90,      3.90,      3.90,0,0,0,1,1,1
H5,392,2017,390110,      2.80,      2.80,      2.80,      2.80,2,0,0,1,1,3
H5,392,2017,390120,,,,,2,0,0,0,0,2
H5,392,2017,390130,      5.60,      2.80,      2.80,      2.80,0,0,0,2,2,2
H5,392,2017,390140,      5.60,      2.80,      2.80,      2.80,0,0,0,2,2,2
H5,392,2017,390190,      5.60,      2.80,      2.80,      2.80,0,0,0,2,2,2
H5,392,2017,390210,,,,,2,0,0,0,0,2
H5,392,2017,390220,      5.60,      2.80,      2.80,      2.80,0,0,0,2,2,2
H5,392,2017,390230,      5.60,      2.80,      2.80,      2.80,0,0,0,2,2,2
H5,392,2017,390290,      5.60,      2.80,      2.80,      2.80,0,0,0,2,2,2
H5,392,2017,390311,      7.80,      3.90,      3.90,      3.90,0,0,0,2,2,2
H5,392,2017,390319,      9.30,      2.80,      6.50,      4.65,0,0,0,2,2,2
H5,392,2017,390320,      6.20,      3.10,      3.10,      3.10,0,0,0,2,2,2
H5,392,2017,390330,      6.20,      3.10,      3.10,      3.10,0,0,0,2,2,2
H5,392,2017,390390,      6.20,      3.10,      3.10,      3.10,0,0,0,2,2,2
H5,392,2017,390410,      7.80,      3.90,      3.90,      3.90,0,0,0,2,2,2
H5,392,2017,390421,      7.80,      3.90,      3.90,      3.90,0,0,0,2,2,2
H5,392,2017,390422,      7.80,      3.90,      3.90,      3.90,0,0,0,2,2,2
H5,392,2017,390430,      6.20,      3.10,      3.10,      3.10,0,0,0,2,2,2
H5,392,2017,390440,      5.60,      2.80,      2.80,      2.80,0,0,0,2,2,2
H5,392,2017,390450,      5.60,      2.80,      2.80,      2.80,0,0,0,2,2,2
H5,392,2017,390461,      8.40,      2.80,      5.60,      4.20,0,0,0,2,2,2
H5,392,2017,390469,      8.40,      2.80,      5.60,      4.20,0,0,0,2,2,2
H5,392,2017,390490,      5.60,      2.80,      2.80,      2.80,0,0,0,2,2,2
H5,392,2017,390512,      3.90,      3.90,      3.90,      3.90,0,0,0,1,1,1
H5,392,2017,390519,      3.90,      3.90,      3.90,      3.90,0,0,0,1,1,1
H5,392,2017,390521,      3.90,      3.90,      3.90,      3.90,0,0,0,1,1,1
H5,392,2017,390529,      3.90,      3.90,      3.90,      3.90,0,0,0,1,1,1
H5,392,2017,390530,      3.90,      3.90,      3.90,      3.90,0,0,0,1,1,1
H5,392,2017,390591,      9.50,      2.80,      3.90,      3.17,0,0,0,3,3,3
H5,392,2017,390599,      2.80,      2.80,      2.80,      2.80,0,0,0,1,1,1
H5,392,2017,390610,      6.80,      3.40,      3.40,      3.40,0,0,0,2,2,2
H5,392,2017,390690,      6.70,      2.80,      3.90,      3.35,0,0,0,2,2,2
H5,392,2017,390710,      2.80,      2.80,      2.80,      2.80,0,0,0,1,1,1
H5,392,2017,390720,      5.60,      0.00,      2.80,      1.87,0,1,0,2,3,3
H5,392,2017,390730,      6.20,      3.10,      3.10,      3.10,0,0,0,2,2,2
H5,392,2017,390740,      2.80,      0.00,      2.80,      1.40,0,1,0,1,2,2
H5,392,2017,390750,      7.00,      3.10,      3.90,      3.50,0,0,0,2,2,2
H5,392,2017,390761,      3.10,      3.10,      3.10,      3.10,0,0,0,1,1,1
H5,392,2017,390769,      3.10,      3.10,      3.10,      3.10,0,0,0,1,1,1
H5,392,2017,390770,      3.10,      3.10,      3.10,      3.10,0,0,0,1,1,1
H5,392,2017,390791,      3.10,      3.10,      3.10,      3.10,0,0,0,1,1,1
H5,392,2017,390799,      6.20,      3.10,      3.10,      3.10,0,0,0,2,2,2
H5,392,2017,390810,      3.70,      3.70,      3.70,      3.70,0,0,0,1,1,1
H5,392,2017,390890,      7.40,      0.00,      3.70,      2.47,0,1,0,2,3,3
H5,392,2017,390910,      3.90,      3.90,      3.90,      3.90,0,0,0,1,1,1
H5,392,2017,390920,      3.90,      3.90,      3.90,      3.90,0,0,0,1,1,1
H5,392,2017,390931,      2.80,      2.80,      2.80,      2.80,0,0,0,1,1,1
H5,392,2017,390939,      3.90,      3.90,      3.90,      3.90,0,0,0,1,1,1
H5,392,2017,390940,      7.80,      3.90,      3.90,      3.90,0,0,0,2,2,2
H5,392,2017,390950,      6.20,      3.10,      3.10,      3.10,0,0,0,2,2,2
H5,392,2017,391000,      7.80,      3.90,      3.90,      3.90,0,0,0,2,2,2
H5,392,2017,391110,      5.60,      2.80,      2.80,      2.80,0,0,0,2,2,2
H5,392,2017,391190,      5.60,      2.80,      2.80,      2.80,0,0,0,2,2,2
H5,392,2017,391211,      4.60,      4.60,      4.60,      4.60,0,0,0,1,1,1
H5,392,2017,391212,      3.90,      3.90,      3.90,      3.90,0,0,0,1,1,1
H5,392,2017,391220,      3.90,      3.90,      3.90,      3.90,0,0,0,1,1,1
H5,392,2017,391231,      3.10,      3.10,      3.10,      3.10,0,0,0,1,1,1
H5,392,2017,391239,      3.10,      3.10,      3.10,      3.10,0,0,0,1,1,1
H5,392,2017,391290,      3.10,      3.10,      3.10,      3.10,0,0,0,1,1,1
H5,392,2017,391310,      3.30,      3.30,      3.30,      3.30,0,0,0,1,1,1
H5,392,2017,391390,      3.40,      3.40,      3.40,      3.40,0,0,0,1,1,1
H5,392,2017,391400,     15.00,      5.00,      5.00,      5.00,0,0,0,3,3,3
H5,392,2017,391510,      4.80,      4.80,      4.80,      4.80,0,0,0,1,1,1
H5,392,2017,391520,      4.80,      4.80,      4.80,      4.80,0,0,0,1,1,1
H5,392,2017,391530,      4.80,      4.80,      4.80,      4.80,0,0,0,1,1,1
H5,392,2017,391590,      4.00,      4.00,      4.00,      4.00,0,0,0,1,1,1
H5,392,2017,391610,      4.80,      4.80,      4.80,      4.80,0,0,0,1,1,1
H5,392,2017,391620,      3.90,      3.90,      3.90,      3.90,0,0,0,1,1,1
H5,392,2017,391690,      4.30,      4.30,      4.30,      4.30,0,0,0,1,1,1
H5,392,2017,391710,      4.00,      0.00,      4.00,      2.00,0,1,0,1,2,2
H5,392,2017,391721,      4.80,      4.80,      4.80,      4.80,0,0,0,1,1,1
H5,392,2017,391722,      4.80,      4.80,      4.80,      4.80,0,0,0,1,1,1
H5,392,2017,391723,      3.90,      3.90,      3.90,      3.90,0,0,0,1,1,1
H5,392,2017,391729,      3.90,      3.90,      3.90,      3.90,0,0,0,1,1,1
H5,392,2017,391731,      3.90,      3.90,      3.90,      3.90,0,0,0,1,1,1
H5,392,2017,391732,     13.20,      4.40,      4.40,      4.40,0,0,0,3,3,3
H5,392,2017,391733,      3.90,      3.90,      3.90,      3.90,0,0,0,1,1,1
H5,392,2017,391739,      8.30,      3.90,      4.40,      4.15,0,0,0,2,2,2
H5,392,2017,391740,      3.90,      3.90,      3.90,      3.90,0,0,0,1,1,1
H5,392,2017,391810,      3.10,      3.10,      3.10,      3.10,0,0,0,1,1,1
H5,392,2017,391890,      4.00,      4.00,      4.00,      4.00,0,0,0,1,1,1
H5,392,2017,391910,      8.40,      2.80,      2.80,      2.80,0,0,0,3,3,3
H5,392,2017,391990,      0.00,      0.00,      0.00,      0.00,0,4,0,0,4,4
H5,392,2017,392010,      4.80,      4.80,      4.80,      4.80,0,0,0,1,1,1
H5,392,2017,392020,      4.80,      4.80,      4.80,      4.80,0,0,0,1,1,1
H5,392,2017,392030,      4.80,      4.80,      4.80,      4.80,0,0,0,1,1,1
H5,392,2017,392043,      3.90,      3.90,      3.90,      3.90,0,0,0,1,1,1
H5,392,2017,392049,      3.90,      3.90,      3.90,      3.90,0,0,0,1,1,1
H5,392,2017,392051,      5.20,      5.20,      5.20,      5.20,0,0,0,1,1,1
H5,392,2017,392059,      4.80,      4.80,      4.80,      4.80,0,0,0,1,1,1
H5,392,2017,392061,      3.50,      3.50,      3.50,      3.50,0,0,0,1,1,1
H5,392,2017,392062,      4.80,      4.80,      4.80,      4.80,0,0,0,1,1,1
H5,392,2017,392063,      4.80,      4.80,      4.80,      4.80,0,0,0,1,1,1
H5,392,2017,392069,      3.50,      3.50,      3.50,      3.50,0,0,0,1,1,1
H5,392,2017,392071,      3.90,      3.90,      3.90,      3.90,0,0,0,1,1,1
H5,392,2017,392073,      3.90,      3.90,      3.90,      3.90,0,0,0,1,1,1
H5,392,2017,392079,      7.00,      3.10,      3.90,      3.50,0,0,0,2,2,2
H5,392,2017,392091,      3.90,      3.90,      3.90,      3.90,0,0,0,1,1,1
H5,392,2017,392092,      4.80,      4.80,      4.80,      4.80,0,0,0,1,1,1
H5,392,2017,392093,      4.80,      4.80,      4.80,      4.80,0,0,0,1,1,1
H5,392,2017,392094,      4.80,      4.80,      4.80,      4.80,0,0,0,1,1,1
H5,392,2017,392099,      7.40,      3.70,      3.70,      3.70,0,0,0,2,2,2
H5,392,2017,392111,      4.80,      4.80,      4.80,      4.80,0,0,0,1,1,1
H5,392,2017,392112,      3.90,      3.90,      3.90,      3.90,0,0,0,1,1,1
H5,392,2017,392113,      4.80,      4.80,      4.80,      4.80,0,0,0,1,1,1
H5,392,2017,392114,      3.90,      3.90,      3.90,      3.90,0,0,0,1,1,1
H5,392,2017,392119,      9.00,      4.50,      4.50,      4.50,0,0,0,2,2,2
H5,392,2017,392190,     24.60,      4.10,      4.10,      4.10,0,0,0,6,6,6
H5,392,2017,392210,      4.80,      4.80,      4.80,      4.80,0,0,0,1,1,1
H5,392,2017,392220,      4.80,      4.80,      4.80,      4.80,0,0,0,1,1,1
H5,392,2017,392290,      4.80,      4.80,      4.80,      4.80,0,0,0,1,1,1
H5,392,2017,392310,      0.00,      0.00,      0.00,      0.00,0,1,0,0,1,1
H5,392,2017,392321,      3.90,      3.90,      3.90,      3.90,0,0,0,1,1,1
H5,392,2017,392329,      3.90,      3.90,      3.90,      3.90,0,0,0,1,1,1
H5,392,2017,392330,      3.90,      3.90,      3.90,      3.90,0,0,0,1,1,1
H5,392,2017,392340,      3.30,      3.30,      3.30,      3.30,0,0,0,1,1,1
H5,392,2017,392350,      3.90,      3.90,      3.90,      3.90,0,0,0,1,1,1
H5,392,2017,392390,      3.90,      3.90,      3.90,      3.90,0,0,0,1,1,1
H5,392,2017,392410,      3.90,      3.90,      3.90,      3.90,0,0,0,1,1,1
H5,392,2017,392490,      3.90,      3.90,      3.90,      3.90,0,0,0,1,1,1
H5,392,2017,392510,      3.90,      3.90,      3.90,      3.90,0,0,0,1,1,1
H5,392,2017,392520,      3.90,      3.90,      3.90,      3.90,0,0,0,1,1,1
H5,392,2017,392530,      4.80,      4.80,      4.80,      4.80,0,0,0,1,1,1
H5,392,2017,392590,      3.90,      3.90,      3.90,      3.90,0,0,0,1,1,1
H5,392,2017,392610,      4.80,      4.80,      4.80,      4.80,0,0,0,1,1,1
H5,392,2017,392620,      4.80,      4.80,      4.80,      4.80,0,0,0,1,1,1
H5,392,2017,392630,      3.90,      3.90,      3.90,      3.90,0,0,0,1,1,1
H5,392,2017,392640,      4.80,      4.80,      4.80,      4.80,0,0,0,1,1,1
H5,392,2017,392690,      7.80,      0.00,      3.90,      2.60,0,1,0,2,3,3
H5,392,2017,400110,      0.00,      0.00,      0.00,      0.00,0,1,0,0,1,1
H5,392,2017,400121,      0.00,      0.00,      0.00,      0.00,0,1,0,0,1,1
H5,392,2017,400122,      0.00,      0.00,      0.00,      0.00,0,1,0,0,1,1
H5,392,2017,400129,      0.00,      0.00,      0.00,      0.00,0,1,0,0,1,1
H5,392,2017,400130,      0.00,      0.00,      0.00,      0.00,0,1,0,0,1,1
H5,392,2017,400211,      0.00,      0.00,      0.00,      0.00,0,1,0,0,1,1
H5,392,2017,400219,      0.00,      0.00,      0.00,      0.00,0,1,0,0,1,1
H5,392,2017,400220,      0.00,      0.00,      0.00,      0.00,0,1,0,0,1,1
H5,392,2017,400231,      0.00,      0.00,      0.00,      0.00,0,1,0,0,1,1
H5,392,2017,400239,      0.00,      0.00,      0.00,      0.00,0,1,0,0,1,1
H5,392,2017,400241,      0.00,      0.00,      0.00,      0.00,0,1,0,0,1,1
H5,392,2017,400249,      0.00,      0.00,      0.00,      0.00,0,1,0,0,1,1
H5,392,2017,400251,      0.00,      0.00,      0.00,      0.00,0,1,0,0,1,1
H5,392,2017,400259,      0.00,      0.00,      0.00,      0.00,0,1,0,0,1,1
H5,392,2017,400260,      0.00,      0.00,      0.00,      0.00,0,1,0,0,1,1
H5,392,2017,400270,      0.00,      0.00,      0.00,      0.00,0,1,0,0,1,1
H5,392,2017,400280,      0.00,      0.00,      0.00,      0.00,0,1,0,0,1,1
H5,392,2017,400291,      0.00,      0.00,      0.00,      0.00,0,1,0,0,1,1
H5,392,2017,400299,      0.00,      0.00,      0.00,      0.00,0,1,0,0,1,1
H5,392,2017,400300,      0.00,      0.00,      0.00,      0.00,0,1,0,0,1,1
H5,392,2017,400400,      0.00,      0.00,      0.00,      0.00,0,1,0,0,1,1
H5,392,2017,400510,      0.00,      0.00,      0.00,      0.00,0,1,0,0,1,1
H5,392,2017,400520,      0.00,      0.00,      0.00,      0.00,0,2,0,0,2,2
H5,392,2017,400591,      0.00,      0.00,      0.00,      0.00,0,1,0,0,1,1
H5,392,2017,400599,      0.00,      0.00,      0.00,      0.00,0,2,0,0,2,2
H5,392,2017,400610,      0.00,      0.00,      0.00,      0.00,0,1,0,0,1,1
H5,392,2017,400690,      0.00,      0.00,      0.00,      0.00,0,1,0,0,1,1
H5,392,2017,400700,      0.00,      0.00,      0.00,      0.00,0,1,0,0,1,1
H5,392,2017,400811,      0.00,      0.00,      0.00,      0.00,0,1,0,0,1,1
H5,392,2017,400819,      0.00,      0.00,      0.00,      0.00,0,1,0,0,1,1
H5,392,2017,400821,      0.00,      0.00,      0.00,      0.00,0,1,0,0,1,1
H5,392,2017,400829,      0.00,      0.00,      0.00,      0.00,0,1,0,0,1,1
H5,392,2017,400911,      2.30,      2.30,      2.30,      2.30,0,0,0,1,1,1
H5,392,2017,400912,      0.00,      0.00,      0.00,      0.00,0,2,0,0,2,2
H5,392,2017,400921,      2.50,      2.50,      2.50,      2.50,0,0,0,1,1,1
H5,392,2017,400922,      0.00,      0.00,      0.00,      0.00,0,2,0,0,2,2
H5,392,2017,400931,      2.50,      0.00,      2.50,      1.25,0,1,0,1,2,2
H5,392,2017,400932,      0.00,      0.00,      0.00,      0.00,0,2,0,0,2,2
H5,392,2017,400941,      2.50,      0.00,      2.50,      1.25,0,1,0,1,2,2
H5,392,2017,400942,      0.00,      0.00,      0.00,      0.00,0,2,0,0,2,2
H5,392,2017,401011,      1.90,      1.90,      1.90,      1.90,0,0,0,1,1,1
H5,392,2017,401012,      1.90,      1.90,      1.90,      1.90,0,0,0,1,1,1
H5,392,2017,401019,      1.90,      1.90,      1.90,      1.90,0,0,0,1,1,1
H5,392,2017,401031,      0.00,      0.00,      0.00,      0.00,0,1,0,0,1,1
H5,392,2017,401032,      0.00,      0.00,      0.00,      0.00,0,1,0,0,1,1
H5,392,2017,401033,      0.00,      0.00,      0.00,      0.00,0,1,0,0,1,1
H5,392,2017,401034,      0.00,      0.00,      0.00,      0.00,0,1,0,0,1,1
H5,392,2017,401035,      0.00,      0.00,      0.00,      0.00,0,1,0,0,1,1
H5,392,2017,401036,      0.00,      0.00,      0.00,      0.00,0,1,0,0,1,1
H5,392,2017,401039,      0.00,      0.00,      0.00,      0.00,0,1,0,0,1,1
H5,392,2017,401110,      0.00,      0.00,      0.00,      0.00,0,2,0,0,2,2
H5,392,2017,401120,      0.00,      0.00,      0.00,      0.00,0,1,0,0,1,1
H5,392,2017,401130,      0.00,      0.00,      0.00,      0.00,0,1,0,0,1,1
H5,392,2017,401140,      0.00,      0.00,      0.00,      0.00,0,2,0,0,2,2
H5,392,2017,401150,      0.00,      0.00,      0.00,      0.00,0,1,0,0,1,1
H5,392,2017,401170,      0.00,      0.00,      0.00,      0.00,0,2,0,0,2,2
H5,392,2017,401180,      0.00,      0.00,      0.00,      0.00,0,2,0,0,2,2
H5,392,2017,401190,      0.00,      0.00,      0.00,      0.00,0,2,0,0,2,2
H5,392,2017,401211,      0.00,      0.00,      0.00,      0.00,0,1,0,0,1,1
H5,392,2017,401212,      0.00,      0.00,      0.00,      0.00,0,1,0,0,1,1
H5,392,2017,401213,      0.00,      0.00,      0.00,      0.00,0,1,0,0,1,1
H5,392,2017,401219,      0.00,      0.00,      0.00,      0.00,0,1,0,0,1,1
H5,392,2017,401220,      0.00,      0.00,      0.00,      0.00,0,1,0,0,1,1
H5,392,2017,401290,      0.00,      0.00,      0.00,      0.00,0,2,0,0,2,2
H5,392,2017,401310,      0.00,      0.00,      0.00,      0.00,0,1,0,0,1,1
H5,392,2017,401320,      0.00,      0.00,      0.00,      0.00,0,1,0,0,1,1
H5,392,2017,401390,      0.00,      0.00,      0.00,      0.00,0,1,0,0,1,1
H5,392,2017,401410,      0.00,      0.00,      0.00,      0.00,0,1,0,0,1,1
H5,392,2017,401490,      0.00,      0.00,      0.00,      0.00,0,1,0,0,1,1
H5,392,2017,401511,      0.00,      0.00,      0.00,      0.00,0,1,0,0,1,1
H5,392,2017,401519,      0.00,      0.00,      0.00,      0.00,0,1,0,0,1,1
H5,392,2017,401590,      0.00,      0.00,      0.00,      0.00,0,1,0,0,1,1
H5,392,2017,401610,      0.00,      0.00,      0.00,      0.00,0,1,0,0,1,1
H5,392,2017,401691,      0.00,      0.00,      0.00,      0.00,0,2,0,0,2,2
H5,392,2017,401692,      0.00,      0.00,      0.00,      0.00,0,1,0,0,1,1
H5,392,2017,401693,      0.00,      0.00,      0.00,      0.00,0,1,0,0,1,1
H5,392,2017,401694,      0.00,      0.00,      0.00,      0.00,0,1,0,0,1,1
H5,392,2017,401695,      0.00,      0.00,      0.00,      0.00,0,1,0,0,1,1
H5,392,2017,401699,      0.00,      0.00,      0.00,      0.00,0,2,0,0,2,2
H5,392,2017,401700,      0.00,      0.00,      0.00,      0.00,0,1,0,0,1,1
H5,392,2017,410120,     42.00,      0.00,     30.00,      8.40,0,3,0,2,5,5
H5,392,2017,410150,     42.00,      0.00,     30.00,      8.40,0,3,0,2,5,5
H5,392,2017,410190,     42.00,      0.00,     30.00,     10.50,0,2,0,2,4,4
H5,392,2017,410210,      0.00,      0.00,      0.00,      0.00,0,1,0,0,1,1
H5,392,2017,410221,      0.00,      0.00,      0.00,      0.00,0,2,0,0,2,2
H5,392,2017,410229,      0.00,      0.00,      0.00,      0.00,0,2,0,0,2,2
H5,392,2017,410320,      0.00,      0.00,      0.00,      0.00,0,10,0,0,10,10
H5,392,2017,410330,      6.00,      0.00,      6.00,      3.00,0,1,0,1,2,2
H5,392,2017,410390,      0.00,      0.00,      0.00,      0.00,0,8,0,0,8,8
H5,392,2017,410411,     42.00,      0.00,     30.00,     14.00,0,1,0,2,3,3
H5,392,2017,410419,     42.00,      0.00,     30.00,     14.00,0,1,0,2,3,3
H5,392,2017,410441,    173.30,      0.00,     30.00,     19.26,0,1,0,8,9,9
H5,392,2017,410449,    130.00,      0.00,     30.00,     18.57,0,1,0,6,7,7
H5,392,2017,410510,      0.00,      0.00,      0.00,      0.00,0,1,0,0,1,1
H5,392,2017,410530,     46.00,      0.00,     30.00,     15.33,0,1,0,2,3,3
H5,392,2017,410621,      0.00,      0.00,      0.00,      0.00,0,1,0,0,1,1
H5,392,2017,410622,     46.00,      0.00,     30.00,     15.33,0,1,0,2,3,3
H5,392,2017,410631,      6.00,      6.00,      6.00,      6.00,0,0,0,1,1,1
H5,392,2017,410632,     14.00,      6.00,      8.00,      7.00,0,0,0,2,2,2
H5,392,2017,410640,     26.00,      0.00,     10.00,      2.89,0,6,0,3,9,9
H5,392,2017,410691,      0.00,      0.00,      0.00,      0.00,0,2,0,0,2,2
H5,392,2017,410692,     12.00,      0.00,      6.00,      3.00,0,2,0,2,4,4
H5,392,2017,410711,    137.30,      6.00,     30.00,     19.61,0,0,0,7,7,7
H5,392,2017,410712,    137.30,      6.00,     30.00,     19.61,0,0,0,7,7,7
H5,392,2017,410719,     94.00,      6.00,     30.00,     18.80,0,0,0,5,5,5
H5,392,2017,410791,    137.30,      6.00,     30.00,     19.61,0,0,0,7,7,7
H5,392,2017,410792,    137.30,      6.00,     30.00,     19.61,0,0,0,7,7,7
H5,392,2017,410799,     94.00,      6.00,     30.00,     18.80,0,0,0,5,5,5
H5,392,2017,411200,     52.00,      0.00,     30.00,     13.00,0,1,0,3,4,4
H5,392,2017,411310,     52.00,      0.00,     30.00,     13.00,0,1,0,3,4,4
H5,392,2017,411320,     20.00,      6.00,      8.00,      6.67,0,0,0,3,3,3
H5,392,2017,411330,     38.00,      0.00,     10.00,      4.22,0,4,0,5,9,9
H5,392,2017,411390,     18.00,      0.00,      6.00,      3.60,0,2,0,3,5,5
H5,392,2017,411410,     25.00,     25.00,     25.00,     25.00,0,0,0,1,1,1
H5,392,2017,411420,     48.00,     20.00,     28.00,     24.00,0,0,0,2,2,2
H5,392,2017,411510,      6.00,      6.00,      6.00,      6.00,0,0,0,1,1,1
H5,392,2017,411520,      3.00,      3.00,      3.00,      3.00,0,0,0,1,1,1
H5,392,2017,420100,      5.30,      5.30,      5.30,      5.30,0,0,0,1,1,1
H5,392,2017,420211,     26.00,     10.00,     16.00,     13.00,0,0,0,2,2,2
H5,392,2017,420212,     28.60,      4.60,     16.00,      9.53,0,0,0,3,3,3
H5,392,2017,420219,      4.10,      4.10,      4.10,      4.10,0,0,0,1,1,1
H5,392,2017,420221,     48.00,      8.00,     16.00,     12.00,0,0,0,4,4,4
H5,392,2017,420222,     24.00,      8.00,     16.00,     12.00,0,0,0,2,2,2
H5,392,2017,420229,      8.00,      8.00,      8.00,      8.00,0,0,0,1,1,1
H5,392,2017,420231,     26.00,     10.00,     16.00,     13.00,0,0,0,2,2,2
H5,392,2017,420232,     24.00,      8.00,     16.00,     12.00,0,0,0,2,2,2
H5,392,2017,420239,      4.10,      4.10,      4.10,      4.10,0,0,0,1,1,1
H5,392,2017,420291,     10.00,     10.00,     10.00,     10.00,0,0,0,1,1,1
H5,392,2017,420292,      8.00,      8.00,      8.00,      8.00,0,0,0,1,1,1
H5,392,2017,420299,     10.70,      2.70,      4.60,      3.57,0,0,0,3,3,3
H5,392,2017,420310,     26.00,     10.00,     16.00,     13.00,0,0,0,2,2,2
H5,392,2017,420321,     41.00,     12.50,     16.00,     13.67,0,0,0,3,3,3
H5,392,2017,420329,     40.00,     10.00,     16.00,     13.33,0,0,0,3,3,3
H5,392,2017,420330,     28.50,     12.50,     16.00,     14.25,0,0,0,2,2,2
H5,392,2017,420340,     26.00,     10.00,     16.00,     13.00,0,0,0,2,2,2
H5,392,2017,420500,     31.30,      3.30,     18.00,     10.43,0,0,0,3,3,3
H5,392,2017,420600,      3.30,      3.30,      3.30,      3.30,0,0,0,1,1,1
H5,392,2017,430110,      3.50,      3.50,      3.50,      3.50,0,0,0,1,1,1
H5,392,2017,430130,      0.00,      0.00,      0.00,      0.00,0,1,0,0,1,1
H5,392,2017,430160,      0.00,      0.00,      0.00,      0.00,0,1,0,0,1,1
H5,392,2017,430180,      0.00,      0.00,      0.00,      0.00,0,2,0,0,2,2
H5,392,2017,430190,      3.50,      0.00,      3.50,      0.88,0,3,0,1,4,4
H5,392,2017,430211,     15.00,     15.00,     15.00,     15.00,0,0,0,1,1,1
H5,392,2017,430219,     45.00,     15.00,     15.00,     15.00,0,0,0,3,3,3
H5,392,2017,430220,     30.00,     15.00,     15.00,     15.00,0,0,0,2,2,2
H5,392,2017,430230,     90.00,     15.00,     20.00,     18.00,0,0,0,5,5,5
H5,392,2017,430310,    140.00,     20.00,     20.00,     20.00,0,0,0,7,7,7
H5,392,2017,430390,     40.00,     20.00,     20.00,     20.00,0,0,0,2,2,2
H5,392,2017,430400,      5.00,      5.00,      5.00,      5.00,0,0,0,1,1,1
H5,392,2017,440111,      0.00,      0.00,      0.00,      0.00,0,1,0,0,1,1
H5,392,2017,440112,      0.00,      0.00,      0.00,      0.00,0,1,0,0,1,1
H5,392,2017,440121,      0.00,      0.00,      0.00,      0.00,0,1,0,0,1,1
H5,392,2017,440122,      0.00,      0.00,      0.00,      0.00,0,1,0,0,1,1
H5,392,2017,440131,      0.00,      0.00,      0.00,      0.00,0,1,0,0,1,1
H5,392,2017,440139,      0.00,      0.00,      0.00,      0.00,0,1,0,0,1,1
H5,392,2017,440140,      0.00,      0.00,      0.00,      0.00,0,1,0,0,1,1
H5,392,2017,440210,      0.00,      0.00,      0.00,      0.00,0,1,0,0,1,1
H5,392,2017,440290,      0.00,      0.00,      0.00,      0.00,0,4,0,0,4,4
H5,392,2017,440311,      0.00,      0.00,      0.00,      0.00,0,1,0,0,1,1
H5,392,2017,440312,      0.00,      0.00,      0.00,      0.00,0,2,0,0,2,2
H5,392,2017,440321,      0.00,      0.00,      0.00,      0.00,0,1,0,0,1,1
H5,392,2017,440322,      0.00,      0.00,      0.00,      0.00,0,1,0,0,1,1
H5,392,2017,440323,      0.00,      0.00,      0.00,      0.00,0,2,0,0,2,2
H5,392,2017,440324,      0.00,      0.00,      0.00,      0.00,0,2,0,0,2,2
H5,392,2017,440325,      0.00,      0.00,      0.00,      0.00,0,6,0,0,6,6
H5,392,2017,440326,      0.00,      0.00,      0.00,      0.00,0,6,0,0,6,6
H5,392,2017,440341,      0.00,      0.00,      0.00,      0.00,0,1,0,0,1,1
H5,392,2017,440349,      0.00,      0.00,      0.00,      0.00,0,8,0,0,8,8
H5,392,2017,440391,      0.00,      0.00,      0.00,      0.00,0,1,0,0,1,1
H5,392,2017,440393,      0.00,      0.00,      0.00,      0.00,0,1,0,0,1,1
H5,392,2017,440394,      0.00,      0.00,      0.00,      0.00,0,1,0,0,1,1
H5,392,2017,440395,      0.00,      0.00,      0.00,      0.00,0,1,0,0,1,1
H5,392,2017,440396,      0.00,      0.00,      0.00,      0.00,0,1,0,0,1,1
H5,392,2017,440397,      0.00,      0.00,      0.00,      0.00,0,1,0,0,1,1
H5,392,2017,440398,      0.00,      0.00,      0.00,      0.00,0,1,0,0,1,1
H5,392,2017,440399,      3.50,      0.00,      3.50,      0.88,0,3,0,1,4,4
H5,392,2017,440410,     12.50,      0.00,      7.50,      4.17,0,1,0,2,3,3
H5,392,2017,440420,     12.50,      0.00,      7.50,      4.17,0,1,0,2,3,3
H5,392,2017,440500,      2.50,      2.50,      2.50,      2.50,0,0,0,1,1,1
H5,392,2017,440611,      0.00,      0.00,      0.00,      0.00,0,1,0,0,1,1
H5,392,2017,440612,      0.00,      0.00,      0.00,      0.00,0,1,0,0,1,1
H5,392,2017,440691,      0.00,      0.00,      0.00,      0.00,0,1,0,0,1,1
H5,392,2017,440692,      0.00,      0.00,      0.00,      0.00,0,1,0,0,1,1
H5,392,2017,440711,      9.60,      0.00,      4.80,      2.40,0,2,0,2,4,4
H5,392,2017,440712,      9.60,      0.00,      4.80,      1.37,0,5,0,2,7,7
H5,392,2017,440719,     12.00,      0.00,      6.00,      0.86,0,12,0,2,14,14
H5,392,2017,440721,      0.00,      0.00,      0.00,      0.00,0,1,0,0,1,1
H5,392,2017,440722,      0.00,      0.00,      0.00,      0.00,0,1,0,0,1,1
H5,392,2017,440725,     12.00,      6.00,      6.00,      6.00,0,0,0,2,2,2
H5,392,2017,440726,     12.00,      6.00,      6.00,      6.00,0,0,0,2,2,2
H5,392,2017,440727,      0.00,      0.00,      0.00,      0.00,0,1,0,0,1,1
H5,392,2017,440728,      0.00,      0.00,      0.00,      0.00,0,1,0,0,1,1
H5,392,2017,440729,     12.00,      0.00,      6.00,      1.71,0,5,0,2,7,7
H5,392,2017,440791,      0.00,      0.00,      0.00,      0.00,0,1,0,0,1,1
H5,392,2017,440792,      0.00,      0.00,      0.00,      0.00,0,1,0,0,1,1
H5,392,2017,440793,      0.00,      0.00,      0.00,      0.00,0,1,0,0,1,1
H5,392,2017,440794,      0.00,      0.00,      0.00,      0.00,0,1,0,0,1,1
H5,392,2017,440795,      0.00,      0.00,      0.00,      0.00,0,1,0,0,1,1
H5,392,2017,440796,      0.00,      0.00,      0.00,      0.00,0,1,0,0,1,1
H5,392,2017,440797,      0.00,      0.00,      0.00,      0.00,0,1,0,0,1,1
H5,392,2017,440799,     12.00,      0.00,      6.00,      2.40,0,3,0,2,5,5
H5,392,2017,440810,     22.00,      0.00,      6.00,      4.40,0,1,0,4,5,5
H5,392,2017,440831,     22.00,      5.00,      6.00,      5.50,0,0,0,4,4,4
H5,392,2017,440839,     51.60,      0.00,      6.00,      4.69,0,2,0,9,11,11
H5,392,2017,440890,     39.60,      5.00,      6.00,      5.66,0,0,0,7,7,7
H5,392,2017,440910,     12.30,      0.00,      5.00,      3.08,0,1,0,3,4,4
H5,392,2017,440921,     11.10,      0.00,      7.50,      3.70,0,1,0,2,3,3
H5,392,2017,440922,     12.30,      0.00,      5.00,      2.46,0,2,0,3,5,5
H5,392,2017,440929,     12.30,      0.00,      5.00,      2.05,0,3,0,3,6,6
H5,392,2017,441011,     23.00,      5.00,      6.00,      5.75,0,0,0,4,4,4
H5,392,2017,441012,     17.00,      5.00,      6.00,      5.67,0,0,0,3,3,3
H5,392,2017,441019,     11.00,      5.00,      6.00,      5.50,0,0,0,2,2,2
H5,392,2017,441090,     14.50,      6.60,      7.90,      7.25,0,0,0,2,2,2
H5,392,2017,441112,      5.20,      2.60,      2.60,      2.60,0,0,0,2,2,2
H5,392,2017,441113,      5.20,      2.60,      2.60,      2.60,0,0,0,2,2,2
H5,392,2017,441114,      5.20,      2.60,      2.60,      2.60,0,0,0,2,2,2
H5,392,2017,441192,      2.60,      2.60,      2.60,      2.60,0,0,0,1,1,1
H5,392,2017,441193,      2.60,      2.60,      2.60,      2.60,0,0,0,1,1,1
H5,392,2017,441194,      2.60,      2.60,      2.60,      2.60,0,0,0,1,1,1
H5,392,2017,441210,     74.50,      6.00,     10.00,      7.45,0,0,0,10,10,10
H5,392,2017,441231,    107.50,      6.00,     10.00,      7.68,0,0,0,14,14,14
H5,392,2017,441233,     42.00,      6.00,      6.00,      6.00,0,0,0,7,7,7
H5,392,2017,441234,     42.00,      6.00,      6.00,      6.00,0,0,0,7,7,7
H5,392,2017,441239,     30.00,      6.00,      6.00,      6.00,0,0,0,5,5,5
H5,392,2017,441294,     18.00,      6.00,      6.00,      6.00,0,0,0,3,3,3
H5,392,2017,441299,     36.00,      6.00,      6.00,      6.00,0,0,0,6,6,6
H5,392,2017,441300,      7.00,      7.00,      7.00,      7.00,0,0,0,1,1,1
H5,392,2017,441400,      3.20,      3.20,      3.20,      3.20,0,0,0,1,1,1
H5,392,2017,441510,      2.80,      2.80,      2.80,      2.80,0,0,0,1,1,1
H5,392,2017,441520,      3.90,      3.90,      3.90,      3.90,0,0,0,1,1,1
H5,392,2017,441600,      2.20,      2.20,      2.20,      2.20,0,0,0,1,1,1
H5,392,2017,441700,      5.00,      2.20,      2.80,      2.50,0,0,0,2,2,2
H5,392,2017,441810,      0.00,      0.00,      0.00,      0.00,0,1,0,0,1,1
H5,392,2017,441820,      0.00,      0.00,      0.00,      0.00,0,1,0,0,1,1
H5,392,2017,441840,      2.00,      2.00,      2.00,      2.00,0,0,0,1,1,1
H5,392,2017,441850,      2.90,      2.90,      2.90,      2.90,0,0,0,1,1,1
H5,392,2017,441860,      3.90,      3.90,      3.90,      3.90,0,0,0,1,1,1
H5,392,2017,441873,      2.00,      2.00,      2.00,      2.00,0,0,0,1,1,1
H5,392,2017,441874,      2.00,      2.00,      2.00,      2.00,0,0,0,1,1,1
H5,392,2017,441875,      2.00,      2.00,      2.00,      2.00,0,0,0,1,1,1
H5,392,2017,441879,      2.00,      2.00,      2.00,      2.00,0,0,0,1,1,1
H5,392,2017,441891,     16.80,      0.00,      5.00,      2.80,0,1,0,5,6,6
H5,392,2017,441899,     28.50,      0.00,      5.00,      3.17,0,1,0,8,9,9
H5,392,2017,441911,      2.70,      2.70,      2.70,      2.70,0,0,0,1,1,1
H5,392,2017,441912,      7.40,      2.70,      4.70,      3.70,0,0,0,2,2,2
H5,392,2017,441919,      2.70,      2.70,      2.70,      2.70,0,0,0,1,1,1
H5,392,2017,441990,      7.40,      2.70,      4.70,      3.70,0,0,0,2,2,2
H5,392,2017,442010,      0.00,      0.00,      0.00,      0.00,0,1,0,0,1,1
H5,392,2017,442090,     12.70,      2.70,     10.00,      6.35,0,0,0,2,2,2
H5,392,2017,442110,      3.90,      3.90,      3.90,      3.90,0,0,0,1,1,1
H5,392,2017,442191,     19.70,      0.00,     10.00,      3.94,0,1,0,4,5,5
H5,392,2017,442199,     13.50,      0.00,      3.90,      2.70,0,1,0,4,5,5
H5,392,2017,450110,      0.00,      0.00,      0.00,      0.00,0,1,0,0,1,1
H5,392,2017,450190,      0.00,      0.00,      0.00,      0.00,0,1,0,0,1,1
H5,392,2017,450200,      0.00,      0.00,      0.00,      0.00,0,1,0,0,1,1
H5,392,2017,450310,      0.00,      0.00,      0.00,      0.00,0,1,0,0,1,1
H5,392,2017,450390,      0.00,      0.00,      0.00,      0.00,0,1,0,0,1,1
H5,392,2017,450410,      0.00,      0.00,      0.00,      0.00,0,1,0,0,1,1
H5,392,2017,450490,      0.00,      0.00,      0.00,      0.00,0,1,0,0,1,1
H5,392,2017,460121,      3.30,      3.30,      3.30,      3.30,0,0,0,1,1,1
H5,392,2017,460122,      3.30,      3.30,      3.30,      3.30,0,0,0,1,1,1
H5,392,2017,460129,     12.60,      3.30,      6.00,      4.20,0,0,0,3,3,3
H5,392,2017,460192,      3.30,      3.30,      3.30,      3.30,0,0,0,1,1,1
H5,392,2017,460193,      3.30,      3.30,      3.30,      3.30,0,0,0,1,1,1
H5,392,2017,460194,     21.00,      0.00,      6.00,      3.50,0,1,0,5,6,6
H5,392,2017,460199,      6.80,      3.00,      3.80,      3.40,0,0,0,2,2,2
H5,392,2017,460211,     11.30,      3.40,      7.90,      5.65,0,0,0,2,2,2
H5,392,2017,460212,      7.90,      7.90,      7.90,      7.90,0,0,0,1,1,1
H5,392,2017,460219,     27.00,      3.30,      7.90,      6.75,0,0,0,4,4,4
H5,392,2017,460290,      5.30,      2.50,      2.80,      2.65,0,0,0,2,2,2
H5,392,2017,470100,      0.00,      0.00,      0.00,      0.00,0,2,0,0,2,2
H5,392,2017,470200,      0.00,      0.00,      0.00,      0.00,0,2,0,0,2,2
H5,392,2017,470311,      0.00,      0.00,      0.00,      0.00,0,1,0,0,1,1
H5,392,2017,470319,      0.00,      0.00,      0.00,      0.00,0,1,0,0,1,1
H5,392,2017,470321,      0.00,      0.00,      0.00,      0.00,0,1,0,0,1,1
H5,392,2017,470329,      0.00,      0.00,      0.00,      0.00,0,1,0,0,1,1
H5,392,2017,470411,      0.00,      0.00,      0.00,      0.00,0,1,0,0,1,1
H5,392,2017,470419,      0.00,      0.00,      0.00,      0.00,0,1,0,0,1,1
H5,392,2017,470421,      0.00,      0.00,      0.00,      0.00,0,1,0,0,1,1
H5,392,2017,470429,      0.00,      0.00,      0.00,      0.00,0,1,0,0,1,1
H5,392,2017,470500,      0.00,      0.00,      0.00,      0.00,0,1,0,0,1,1
H5,392,2017,470610,      0.00,      0.00,      0.00,      0.00,0,1,0,0,1,1
H5,392,2017,470620,      0.00,      0.00,      0.00,      0.00,0,1,0,0,1,1
H5,392,2017,470630,      0.00,      0.00,      0.00,      0.00,0,1,0,0,1,1
H5,392,2017,470691,      0.00,      0.00,      0.00,      0.00,0,1,0,0,1,1
H5,392,2017,470692,      0.00,      0.00,      0.00,      0.00,0,1,0,0,1,1
H5,392,2017,470693,      0.00,      0.00,      0.00,      0.00,0,1,0,0,1,1
H5,392,2017,470710,      0.00,      0.00,      0.00,      0.00,0,2,0,0,2,2
H5,392,2017,470720,      0.00,      0.00,      0.00,      0.00,0,1,0,0,1,1
H5,392,2017,470730,      0.00,      0.00,      0.00,      0.00,0,2,0,0,2,2
H5,392,2017,470790,      0.00,      0.00,      0.00,      0.00,0,1,0,0,1,1
H5,392,2017,480100,      0.00,      0.00,      0.00,      0.00,0,3,0,0,3,3
H5,392,2017,480210,      0.00,      0.00,      0.00,      0.00,0,1,0,0,1,1
H5,392,2017,480220,      0.00,      0.00,      0.00,      0.00,0,1,0,0,1,1
H5,392,2017,480240,      0.00,      0.00,      0.00,      0.00,0,1,0,0,1,1
H5,392,2017,480254,      0.00,      0.00,      0.00,      0.00,0,1,0,0,1,1
H5,392,2017,480255,      0.00,      0.00,      0.00,      0.00,0,1,0,0,1,1
H5,392,2017,480256,      0.00,      0.00,      0.00,      0.00,0,1,0,0,1,1
H5,392,2017,480257,      0.00,      0.00,      0.00,      0.00,0,1,0,0,1,1
H5,392,2017,480258,      0.00,      0.00,      0.00,      0.00,0,1,0,0,1,1
H5,392,2017,480261,      0.00,      0.00,      0.00,      0.00,0,2,0,0,2,2
H5,392,2017,480262,      0.00,      0.00,      0.00,      0.00,0,2,0,0,2,2
H5,392,2017,480269,      0.00,      0.00,      0.00,      0.00,0,2,0,0,2,2
H5,392,2017,480300,      0.00,      0.00,      0.00,      0.00,0,1,0,0,1,1
H5,392,2017,480411,      0.00,      0.00,      0.00,      0.00,0,2,0,0,2,2
H5,392,2017,480419,      0.00,      0.00,      0.00,      0.00,0,2,0,0,2,2
H5,392,2017,480421,      0.00,      0.00,      0.00,      0.00,0,1,0,0,1,1
H5,392,2017,480429,      0.00,      0.00,      0.00,      0.00,0,1,0,0,1,1
H5,392,2017,480431,      0.00,      0.00,      0.00,      0.00,0,1,0,0,1,1
H5,392,2017,480439,      0.00,      0.00,      0.00,      0.00,0,1,0,0,1,1
H5,392,2017,480441,      0.00,      0.00,      0.00,      0.00,0,1,0,0,1,1
H5,392,2017,480442,      0.00,      0.00,      0.00,      0.00,0,1,0,0,1,1
H5,392,2017,480449,      0.00,      0.00,      0.00,      0.00,0,1,0,0,1,1
H5,392,2017,480451,      0.00,      0.00,      0.00,      0.00,0,2,0,0,2,2
H5,392,2017,480452,      0.00,      0.00,      0.00,      0.00,0,2,0,0,2,2
H5,392,2017,480459,      0.00,      0.00,      0.00,      0.00,0,2,0,0,2,2
H5,392,2017,480511,      0.00,      0.00,      0.00,      0.00,0,1,0,0,1,1
H5,392,2017,480512,      0.00,      0.00,      0.00,      0.00,0,1,0,0,1,1
H5,392,2017,480519,      0.00,      0.00,      0.00,      0.00,0,1,0,0,1,1
H5,392,2017,480524,      0.00,      0.00,      0.00,      0.00,0,1,0,0,1,1
H5,392,2017,480525,      0.00,      0.00,      0.00,      0.00,0,1,0,0,1,1
H5,392,2017,480530,      0.00,      0.00,      0.00,      0.00,0,1,0,0,1,1
H5,392,2017,480540,      0.00,      0.00,      0.00,      0.00,0,2,0,0,2,2
H5,392,2017,480550,      0.00,      0.00,      0.00,      0.00,0,2,0,0,2,2
H5,392,2017,480591,      0.00,      0.00,      0.00,      0.00,0,1,0,0,1,1
H5,392,2017,480592,      0.00,      0.00,      0.00,      0.00,0,1,0,0,1,1
H5,392,2017,480593,      0.00,      0.00,      0.00,      0.00,0,1,0,0,1,1
H5,392,2017,480610,      0.00,      0.00,      0.00,      0.00,0,1,0,0,1,1
H5,392,2017,480620,      0.00,      0.00,      0.00,      0.00,0,1,0,0,1,1
H5,392,2017,480630,      0.00,      0.00,      0.00,      0.00,0,1,0,0,1,1
H5,392,2017,480640,      0.00,      0.00,      0.00,      0.00,0,1,0,0,1,1
H5,392,2017,480700,      0.00,      0.00,      0.00,      0.00,0,1,0,0,1,1
H5,392,2017,480810,      0.00,      0.00,      0.00,      0.00,0,1,0,0,1,1
H5,392,2017,480840,      0.00,      0.00,      0.00,      0.00,0,1,0,0,1,1
H5,392,2017,480890,      0.00,      0.00,      0.00,      0.00,0,1,0,0,1,1
H5,392,2017,480920,      0.00,      0.00,      0.00,      0.00,0,1,0,0,1,1
H5,392,2017,480990,      0.00,      0.00,      0.00,      0.00,0,2,0,0,2,2
H5,392,2017,481013,      0.00,      0.00,      0.00,      0.00,0,1,0,0,1,1
H5,392,2017,481014,      0.00,      0.00,      0.00,      0.00,0,1,0,0,1,1
H5,392,2017,481019,      0.00,      0.00,      0.00,      0.00,0,1,0,0,1,1
H5,392,2017,481022,      0.00,      0.00,      0.00,      0.00,0,1,0,0,1,1
H5,392,2017,481029,      0.00,      0.00,      0.00,      0.00,0,2,0,0,2,2
H5,392,2017,481031,      0.00,      0.00,      0.00,      0.00,0,1,0,0,1,1
H5,392,2017,481032,      0.00,      0.00,      0.00,      0.00,0,1,0,0,1,1
H5,392,2017,481039,      0.00,      0.00,      0.00,      0.00,0,1,0,0,1,1
H5,392,2017,481092,      0.00,      0.00,      0.00,      0.00,0,1,0,0,1,1
H5,392,2017,481099,      0.00,      0.00,      0.00,      0.00,0,1,0,0,1,1
H5,392,2017,481110,      0.00,      0.00,      0.00,      0.00,0,1,0,0,1,1
H5,392,2017,481141,      0.00,      0.00,      0.00,      0.00,0,1,0,0,1,1
H5,392,2017,481149,      0.00,      0.00,      0.00,      0.00,0,1,0,0,1,1
H5,392,2017,481151,      0.00,      0.00,      0.00,      0.00,0,2,0,0,2,2
H5,392,2017,481159,      0.00,      0.00,      0.00,      0.00,0,2,0,0,2,2
H5,392,2017,481160,      0.00,      0.00,      0.00,      0.00,0,2,0,0,2,2
H5,392,2017,481190,      0.00,      0.00,      0.00,      0.00,0,2,0,0,2,2
H5,392,2017,481200,      0.00,      0.00,      0.00,      0.00,0,1,0,0,1,1
H5,392,2017,481310,      0.00,      0.00,      0.00,      0.00,0,1,0,0,1,1
H5,392,2017,481320,      0.00,      0.00,      0.00,      0.00,0,1,0,0,1,1
H5,392,2017,481390,      0.00,      0.00,      0.00,      0.00,0,1,0,0,1,1
H5,392,2017,481420,      0.00,      0.00,      0.00,      0.00,0,1,0,0,1,1
H5,392,2017,481490,      0.00,      0.00,      0.00,      0.00,0,1,0,0,1,1
H5,392,2017,481620,      0.00,      0.00,      0.00,      0.00,0,1,0,0,1,1
H5,392,2017,481690,      0.00,      0.00,      0.00,      0.00,0,1,0,0,1,1
H5,392,2017,481710,      0.00,      0.00,      0.00,      0.00,0,1,0,0,1,1
H5,392,2017,481720,      0.00,      0.00,      0.00,      0.00,0,1,0,0,1,1
H5,392,2017,481730,      0.00,      0.00,      0.00,      0.00,0,1,0,0,1,1
H5,392,2017,481810,      0.00,      0.00,      0.00,      0.00,0,1,0,0,1,1
H5,392,2017,481820,      0.00,      0.00,      0.00,      0.00,0,2,0,0,2,2
H5,392,2017,481830,      0.00,      0.00,      0.00,      0.00,0,1,0,0,1,1
H5,392,2017,481850,      0.00,      0.00,      0.00,      0.00,0,1,0,0,1,1
H5,392,2017,481890,      0.00,      0.00,      0.00,      0.00,0,1,0,0,1,1
H5,392,2017,481910,      0.00,      0.00,      0.00,      0.00,0,1,0,0,1,1
H5,392,2017,481920,      0.00,      0.00,      0.00,      0.00,0,1,0,0,1,1
H5,392,2017,481930,      0.00,      0.00,      0.00,      0.00,0,1,0,0,1,1
H5,392,2017,481940,      0.00,      0.00,      0.00,      0.00,0,1,0,0,1,1
H5,392,2017,481950,      0.00,      0.00,      0.00,      0.00,0,1,0,0,1,1
H5,392,2017,481960,      0.00,      0.00,      0.00,      0.00,0,1,0,0,1,1
H5,392,2017,482010,      0.00,      0.00,      0.00,      0.00,0,1,0,0,1,1
H5,392,2017,482020,      0.00,      0.00,      0.00,      0.00,0,1,0,0,1,1
H5,392,2017,482030,      0.00,      0.00,      0.00,      0.00,0,1,0,0,1,1
H5,392,2017,482040,      0.00,      0.00,      0.00,      0.00,0,1,0,0,1,1
H5,392,2017,482050,      0.00,      0.00,      0.00,      0.00,0,1,0,0,1,1
H5,392,2017,482090,      0.00,      0.00,      0.00,      0.00,0,1,0,0,1,1
H5,392,2017,482110,      0.00,      0.00,      0.00,      0.00,0,1,0,0,1,1
H5,392,2017,482190,      0.00,      0.00,      0.00,      0.00,0,1,0,0,1,1
H5,392,2017,482210,      0.00,      0.00,      0.00,      0.00,0,1,0,0,1,1
H5,392,2017,482290,      0.00,      0.00,      0.00,      0.00,0,1,0,0,1,1
H5,392,2017,482320,      0.00,      0.00,      0.00,      0.00,0,1,0,0,1,1
H5,392,2017,482340,      0.00,      0.00,      0.00,      0.00,0,1,0,0,1,1
H5,392,2017,482361,      0.00,      0.00,      0.00,      0.00,0,1,0,0,1,1
H5,392,2017,482369,      0.00,      0.00,      0.00,      0.00,0,1,0,0,1,1
H5,392,2017,482370,      0.00,      0.00,      0.00,      0.00,0,1,0,0,1,1
H5,392,2017,482390,      0.00,      0.00,      0.00,      0.00,0,2,0,0,2,2
H5,392,2017,490110,      0.00,      0.00,      0.00,      0.00,0,1,0,0,1,1
H5,392,2017,490191,      0.00,      0.00,      0.00,      0.00,0,1,0,0,1,1
H5,392,2017,490199,      0.00,      0.00,      0.00,      0.00,0,1,0,0,1,1
H5,392,2017,490210,      0.00,      0.00,      0.00,      0.00,0,1,0,0,1,1
H5,392,2017,490290,      0.00,      0.00,      0.00,      0.00,0,1,0,0,1,1
H5,392,2017,490300,      0.00,      0.00,      0.00,      0.00,0,1,0,0,1,1
H5,392,2017,490400,      0.00,      0.00,      0.00,      0.00,0,1,0,0,1,1
H5,392,2017,490510,      0.00,      0.00,      0.00,      0.00,0,1,0,0,1,1
H5,392,2017,490591,      0.00,      0.00,      0.00,      0.00,0,1,0,0,1,1
H5,392,2017,490599,      0.00,      0.00,      0.00,      0.00,0,1,0,0,1,1
H5,392,2017,490600,      0.00,      0.00,      0.00,      0.00,0,1,0,0,1,1
H5,392,2017,490700,      0.00,      0.00,      0.00,      0.00,0,1,0,0,1,1
H5,392,2017,490810,      0.00,      0.00,      0.00,      0.00,0,1,0,0,1,1
H5,392,2017,490890,      0.00,      0.00,      0.00,      0.00,0,1,0,0,1,1
H5,392,2017,490900,      0.00,      0.00,      0.00,      0.00,0,1,0,0,1,1
H5,392,2017,491000,      0.00,      0.00,      0.00,      0.00,0,2,0,0,2,2
H5,392,2017,491110,      0.00,      0.00,      0.00,      0.00,0,1,0,0,1,1
H5,392,2017,491191,      0.00,      0.00,      0.00,      0.00,0,2,0,0,2,2
H5,392,2017,491199,      0.00,      0.00,      0.00,      0.00,0,1,0,0,1,1
H5,392,2017,500100,      0.00,      0.00,      0.00,      0.00,1,1,0,0,1,2
H5,392,2017,500200,      0.00,      0.00,      0.00,      0.00,0,9,0,0,9,9
H5,392,2017,500300,      0.00,      0.00,      0.00,      0.00,0,3,0,0,3,3
H5,392,2017,500400,      0.00,      0.00,      0.00,      0.00,0,1,0,0,1,1
H5,392,2017,500500,      0.00,      0.00,      0.00,      0.00,0,2,0,0,2,2
H5,392,2017,500600,     11.70,      4.80,      6.90,      5.85,0,0,0,2,2,2
H5,392,2017,500710,     18.00,      8.00,     10.00,      9.00,0,0,0,2,2,2
H5,392,2017,500720,    152.50,     10.00,     12.50,     10.17,0,0,0,15,15,15
H5,392,2017,500790,     32.50,     10.00,     12.50,     10.83,0,0,0,3,3,3
H5,392,2017,510111,      0.00,      0.00,      0.00,      0.00,0,1,0,0,1,1
H5,392,2017,510119,      0.00,      0.00,      0.00,      0.00,0,1,0,0,1,1
H5,392,2017,510121,      0.00,      0.00,      0.00,      0.00,0,1,0,0,1,1
H5,392,2017,510129,      0.00,      0.00,      0.00,      0.00,0,1,0,0,1,1
H5,392,2017,510130,      0.00,      0.00,      0.00,      0.00,0,1,0,0,1,1
H5,392,2017,510211,      0.00,      0.00,      0.00,      0.00,0,1,0,0,1,1
H5,392,2017,510219,      0.00,      0.00,      0.00,      0.00,0,1,0,0,1,1
H5,392,2017,510220,      0.00,      0.00,      0.00,      0.00,0,1,0,0,1,1
H5,392,2017,510310,      0.00,      0.00,      0.00,      0.00,0,2,0,0,2,2
H5,392,2017,510320,      0.00,      0.00,      0.00,      0.00,0,1,0,0,1,1
H5,392,2017,510330,      0.00,      0.00,      0.00,      0.00,0,1,0,0,1,1
H5,392,2017,510400,      0.00,      0.00,      0.00,      0.00,0,1,0,0,1,1
H5,392,2017,510510,      0.00,      0.00,      0.00,      0.00,0,1,0,0,1,1
H5,392,2017,510521,      0.00,      0.00,      0.00,      0.00,0,1,0,0,1,1
H5,392,2017,510529,      0.00,      0.00,      0.00,      0.00,0,1,0,0,1,1
H5,392,2017,510531,      0.00,      0.00,      0.00,      0.00,0,1,0,0,1,1
H5,392,2017,510539,      0.00,      0.00,      0.00,      0.00,0,1,0,0,1,1
H5,392,2017,510540,      0.00,      0.00,      0.00,      0.00,0,1,0,0,1,1
H5,392,2017,510610,      5.40,      2.70,      2.70,      2.70,0,0,0,2,2,2
H5,392,2017,510620,      5.40,      2.70,      2.70,      2.70,0,0,0,2,2,2
H5,392,2017,510710,      5.40,      2.70,      2.70,      2.70,0,0,0,2,2,2
H5,392,2017,510720,      5.40,      2.70,      2.70,      2.70,0,0,0,2,2,2
H5,392,2017,510810,      2.50,      2.50,      2.50,      2.50,0,0,0,1,1,1
H5,392,2017,510820,      2.50,      2.50,      2.50,      2.50,0,0,0,1,1,1
H5,392,2017,510910,     10.20,      2.40,      2.70,      2.55,0,0,0,4,4,4
H5,392,2017,510990,     10.20,      2.40,      2.70,      2.55,0,0,0,4,4,4
H5,392,2017,511000,      2.50,      2.50,      2.50,      2.50,0,0,0,1,1,1
H5,392,2017,511111,     11.90,      5.30,      6.60,      5.95,1,0,0,2,2,3
H5,392,2017,511119,      6.60,      6.60,      6.60,      6.60,1,0,0,1,1,2
H5,392,2017,511120,     11.90,      5.30,      6.60,      5.95,1,0,0,2,2,3
H5,392,2017,511130,     11.90,      5.30,      6.60,      5.95,1,0,0,2,2,3
H5,392,2017,511190,     11.90,      5.30,      6.60,      5.95,1,0,0,2,2,3
H5,392,2017,511211,     11.90,      5.30,      6.60,      5.95,0,0,0,2,2,2
H5,392,2017,511219,      6.60,      6.60,      6.60,      6.60,1,0,0,1,1,2
H5,392,2017,511220,     11.90,      5.30,      6.60,      5.95,1,0,0,2,2,3
H5,392,2017,511230,     11.90,      5.30,      6.60,      5.95,1,0,0,2,2,3
H5,392,2017,511290,     11.90,      5.30,      6.60,      5.95,1,0,0,2,2,3
H5,392,2017,511300,      3.50,      3.50,      3.50,      3.50,0,0,0,1,1,1
H5,392,2017,520100,      0.00,      0.00,      0.00,      0.00,0,1,0,0,1,1
H5,392,2017,520210,      0.00,      0.00,      0.00,      0.00,0,1,0,0,1,1
H5,392,2017,520291,      0.00,      0.00,      0.00,      0.00,0,1,0,0,1,1
H5,392,2017,520299,      0.00,      0.00,      0.00,      0.00,0,1,0,0,1,1
H5,392,2017,520300,      0.00,      0.00,      0.00,      0.00,0,1,0,0,1,1
H5,392,2017,520411,      8.60,      3.00,      5.60,      4.30,0,0,0,2,2,2
H5,392,2017,520419,      8.60,      3.00,      5.60,      4.30,0,0,0,2,2,2
H5,392,2017,520420,      3.00,      3.00,      3.00,      3.00,0,0,0,1,1,1
H5,392,2017,520511,      5.60,      5.60,      5.60,      5.60,2,0,0,1,1,3
H5,392,2017,520512,      5.60,      5.60,      5.60,      5.60,3,0,0,1,1,4
H5,392,2017,520513,      5.60,      5.60,      5.60,      5.60,3,0,0,1,1,4
H5,392,2017,520514,      5.60,      5.60,      5.60,      5.60,3,0,0,1,1,4
H5,392,2017,520515,      5.60,      5.60,      5.60,      5.60,3,0,0,1,1,4
H5,392,2017,520521,      5.60,      5.60,      5.60,      5.60,2,0,0,1,1,3
H5,392,2017,520522,      5.60,      5.60,      5.60,      5.60,3,0,0,1,1,4
H5,392,2017,520523,      5.60,      5.60,      5.60,      5.60,3,0,0,1,1,4
H5,392,2017,520524,      5.60,      5.60,      5.60,      5.60,3,0,0,1,1,4
H5,392,2017,520526,      5.60,      5.60,      5.60,      5.60,3,0,0,1,1,4
H5,392,2017,520527,      5.60,      5.60,      5.60,      5.60,3,0,0,1,1,4
H5,392,2017,520528,      5.60,      5.60,      5.60,      5.60,3,0,0,1,1,4
H5,392,2017,520531,      5.60,      5.60,      5.60,      5.60,2,0,0,1,1,3
H5,392,2017,520532,      5.60,      5.60,      5.60,      5.60,2,0,0,1,1,3
H5,392,2017,520533,      5.60,      5.60,      5.60,      5.60,2,0,0,1,1,3
H5,392,2017,520534,      5.60,      5.60,      5.60,      5.60,2,0,0,1,1,3
H5,392,2017,520535,      5.60,      5.60,      5.60,      5.60,2,0,0,1,1,3
H5,392,2017,520541,      5.60,      5.60,      5.60,      5.60,1,0,0,1,1,2
H5,392,2017,520542,      5.60,      5.60,      5.60,      5.60,1,0,0,1,1,2
H5,392,2017,520543,      5.60,      5.60,      5.60,      5.60,2,0,0,1,1,3
H5,392,2017,520544,      5.60,      5.60,      5.60,      5.60,2,0,0,1,1,3
H5,392,2017,520546,      5.60,      5.60,      5.60,      5.60,2,0,0,1,1,3
H5,392,2017,520547,      5.60,      5.60,      5.60,      5.60,2,0,0,1,1,3
H5,392,2017,520548,      5.60,      5.60,      5.60,      5.60,2,0,0,1,1,3
H5,392,2017,520611,      5.60,      5.60,      5.60,      5.60,1,0,0,1,1,2
H5,392,2017,520612,      5.60,      5.60,      5.60,      5.60,1,0,0,1,1,2
H5,392,2017,520613,      5.60,      5.60,      5.60,      5.60,1,0,0,1,1,2
H5,392,2017,520614,      5.60,      5.60,      5.60,      5.60,1,0,0,1,1,2
H5,392,2017,520615,      5.60,      5.60,      5.60,      5.60,1,0,0,1,1,2
H5,392,2017,520621,      5.60,      5.60,      5.60,      5.60,1,0,0,1,1,2
H5,392,2017,520622,      5.60,      5.60,      5.60,      5.60,1,0,0,1,1,2
H5,392,2017,520623,      5.60,      5.60,      5.60,      5.60,1,0,0,1,1,2
H5,392,2017,520624,      5.60,      5.60,      5.60,      5.60,1,0,0,1,1,2
H5,392,2017,520625,      5.60,      5.60,      5.60,      5.60,1,0,0,1,1,2
H5,392,2017,520631,      5.60,      5.60,      5.60,      5.60,1,0,0,1,1,2
H5,392,2017,520632,      5.60,      5.60,      5.60,      5.60,1,0,0,1,1,2
H5,392,2017,520633,      5.60,      5.60,      5.60,      5.60,1,0,0,1,1,2
H5,392,2017,520634,      5.60,      5.60,      5.60,      5.60,1,0,0,1,1,2
H5,392,2017,520635,      5.60,      5.60,      5.60,      5.60,1,0,0,1,1,2
H5,392,2017,520641,      5.60,      5.60,      5.60,      5.60,1,0,0,1,1,2
H5,392,2017,520642,      5.60,      5.60,      5.60,      5.60,1,0,0,1,1,2
H5,392,2017,520643,      5.60,      5.60,      5.60,      5.60,1,0,0,1,1,2
H5,392,2017,520644,      5.60,      5.60,      5.60,      5.60,1,0,0,1,1,2
H5,392,2017,520645,      5.60,      5.60,      5.60,      5.60,1,0,0,1,1,2
H5,392,2017,520710,      8.60,      3.00,      5.60,      4.30,1,0,0,2,2,3
H5,392,2017,520790,      8.60,      3.00,      5.60,      4.30,1,0,0,2,2,3
H5,392,2017,520811,      5.60,      5.60,      5.60,      5.60,4,0,0,1,1,5
H5,392,2017,520812,      5.60,      5.60,      5.60,      5.60,4,0,0,1,1,5
H5,392,2017,520813,      5.60,      5.60,      5.60,      5.60,1,0,0,1,1,2
H5,392,2017,520819,      5.60,      5.60,      5.60,      5.60,2,0,0,1,1,3
H5,392,2017,520821,      5.60,      5.60,      5.60,      5.60,3,0,0,1,1,4
H5,392,2017,520822,      5.60,      5.60,      5.60,      5.60,3,0,0,1,1,4
H5,392,2017,520823,      5.60,      5.60,      5.60,      5.60,1,0,0,1,1,2
H5,392,2017,520829,      5.60,      5.60,      5.60,      5.60,1,0,0,1,1,2
H5,392,2017,520831,      5.60,      5.60,      5.60,      5.60,4,0,0,1,1,5
H5,392,2017,520832,      5.60,      5.60,      5.60,      5.60,3,0,0,1,1,4
H5,392,2017,520833,      5.60,      5.60,      5.60,      5.60,1,0,0,1,1,2
H5,392,2017,520839,      5.60,      5.60,      5.60,      5.60,2,0,0,1,1,3
H5,392,2017,520841,      5.60,      5.60,      5.60,      5.60,3,0,0,1,1,4
H5,392,2017,520842,      5.60,      5.60,      5.60,      5.60,3,0,0,1,1,4
H5,392,2017,520843,      5.60,      5.60,      5.60,      5.60,1,0,0,1,1,2
H5,392,2017,520849,      5.60,      5.60,      5.60,      5.60,1,0,0,1,1,2
H5,392,2017,520851,     11.20,      5.60,      5.60,      5.60,5,0,0,2,2,7
H5,392,2017,520852,     11.20,      5.60,      5.60,      5.60,5,0,0,2,2,7
H5,392,2017,520859,     11.20,      5.60,      5.60,      5.60,3,0,0,2,2,5
H5,392,2017,520911,      5.60,      5.60,      5.60,      5.60,2,0,0,1,1,3
H5,392,2017,520912,      5.60,      5.60,      5.60,      5.60,1,0,0,1,1,2
H5,392,2017,520919,      5.60,      5.60,      5.60,      5.60,1,0,0,1,1,2
H5,392,2017,520921,      5.60,      5.60,      5.60,      5.60,1,0,0,1,1,2
H5,392,2017,520922,      5.60,      5.60,      5.60,      5.60,1,0,0,1,1,2
H5,392,2017,520929,      5.60,      5.60,      5.60,      5.60,1,0,0,1,1,2
H5,392,2017,520931,      5.60,      5.60,      5.60,      5.60,2,0,0,1,1,3
H5,392,2017,520932,      5.60,      5.60,      5.60,      5.60,1,0,0,1,1,2
H5,392,2017,520939,      5.60,      5.60,      5.60,      5.60,1,0,0,1,1,2
H5,392,2017,520941,      5.60,      5.60,      5.60,      5.60,1,0,0,1,1,2
H5,392,2017,520942,      5.60,      5.60,      5.60,      5.60,1,0,0,1,1,2
H5,392,2017,520943,      5.60,      5.60,      5.60,      5.60,1,0,0,1,1,2
H5,392,2017,520949,      5.60,      5.60,      5.60,      5.60,1,0,0,1,1,2
H5,392,2017,520951,     11.20,      5.60,      5.60,      5.60,3,0,0,2,2,5
H5,392,2017,520952,     11.20,      5.60,      5.60,      5.60,2,0,0,2,2,4
H5,392,2017,520959,     11.20,      5.60,      5.60,      5.60,3,0,0,2,2,5
H5,392,2017,521011,     13.00,      5.60,      7.40,      6.50,1,0,0,2,2,3
H5,392,2017,521019,     26.00,      5.60,      7.40,      6.50,2,0,0,4,4,6
H5,392,2017,521021,     13.00,      5.60,      7.40,      6.50,1,0,0,2,2,3
H5,392,2017,521029,     26.00,      5.60,      7.40,      6.50,2,0,0,4,4,6
H5,392,2017,521031,     13.00,      5.60,      7.40,      6.50,1,0,0,2,2,3
H5,392,2017,521032,     13.00,      5.60,      7.40,      6.50,1,0,0,2,2,3
H5,392,2017,521039,     13.00,      5.60,      7.40,      6.50,1,0,0,2,2,3
H5,392,2017,521041,     13.00,      5.60,      7.40,      6.50,1,0,0,2,2,3
H5,392,2017,521049,     26.00,      5.60,      7.40,      6.50,2,0,0,4,4,6
H5,392,2017,521051,     26.00,      5.60,      7.40,      6.50,2,0,0,4,4,6
H5,392,2017,521059,     26.00,      5.60,      7.40,      6.50,2,0,0,4,4,6
H5,392,2017,521111,     13.00,      5.60,      7.40,      6.50,1,0,0,2,2,3
H5,392,2017,521112,     13.00,      5.60,      7.40,      6.50,1,0,0,2,2,3
H5,392,2017,521119,     13.00,      5.60,      7.40,      6.50,1,0,0,2,2,3
H5,392,2017,521120,     13.00,      5.60,      7.40,      6.50,1,0,0,2,2,3
H5,392,2017,521131,     13.00,      5.60,      7.40,      6.50,1,0,0,2,2,3
H5,392,2017,521132,     13.00,      5.60,      7.40,      6.50,1,0,0,2,2,3
H5,392,2017,521139,     13.00,      5.60,      7.40,      6.50,1,0,0,2,2,3
H5,392,2017,521141,     13.00,      5.60,      7.40,      6.50,1,0,0,2,2,3
H5,392,2017,521142,     13.00,      5.60,      7.40,      6.50,1,0,0,2,2,3
H5,392,2017,521143,     13.00,      5.60,      7.40,      6.50,1,0,0,2,2,3
H5,392,2017,521149,     13.00,      5.60,      7.40,      6.50,1,0,0,2,2,3
H5,392,2017,521151,     26.00,      5.60,      7.40,      6.50,2,0,0,4,4,6
H5,392,2017,521152,     26.00,      5.60,      7.40,      6.50,2,0,0,4,4,6
H5,392,2017,521159,     26.00,      5.60,      7.40,      6.50,2,0,0,4,4,6
H5,392,2017,521211,     13.00,      5.60,      7.40,      6.50,1,0,0,2,2,3
H5,392,2017,521212,     13.00,      5.60,      7.40,      6.50,1,0,0,2,2,3
H5,392,2017,521213,     13.00,      5.60,      7.40,      6.50,1,0,0,2,2,3
H5,392,2017,521214,     13.00,      5.60,      7.40,      6.50,1,0,0,2,2,3
H5,392,2017,521215,     26.00,      5.60,      7.40,      6.50,2,0,0,4,4,6
H5,392,2017,521221,     13.00,      5.60,      7.40,      6.50,1,0,0,2,2,3
H5,392,2017,521222,     13.00,      5.60,      7.40,      6.50,1,0,0,2,2,3
H5,392,2017,521223,     13.00,      5.60,      7.40,      6.50,1,0,0,2,2,3
H5,392,2017,521224,     13.00,      5.60,      7.40,      6.50,1,0,0,2,2,3
H5,392,2017,521225,     26.00,      5.60,      7.40,      6.50,2,0,0,4,4,6
H5,392,2017,530110,      0.00,      0.00,      0.00,      0.00,0,1,0,0,1,1
H5,392,2017,530121,      0.00,      0.00,      0.00,      0.00,0,1,0,0,1,1
H5,392,2017,530129,      0.00,      0.00,      0.00,      0.00,0,2,0,0,2,2
H5,392,2017,530130,      0.00,      0.00,      0.00,      0.00,0,1,0,0,1,1
H5,392,2017,530210,      0.00,      0.00,      0.00,      0.00,0,1,0,0,1,1
H5,392,2017,530290,      0.00,      0.00,      0.00,      0.00,0,1,0,0,1,1
H5,392,2017,530310,      0.00,      0.00,      0.00,      0.00,0,1,0,0,1,1
H5,392,2017,530390,      0.00,      0.00,      0.00,      0.00,0,1,0,0,1,1
H5,392,2017,530500,      0.00,      0.00,      0.00,      0.00,0,1,0,0,1,1
H5,392,2017,530610,      7.90,      7.90,      7.90,      7.90,0,0,0,1,1,1
H5,392,2017,530620,      7.90,      7.90,      7.90,      7.90,0,0,0,1,1,1
H5,392,2017,530710,      0.00,      0.00,      0.00,      0.00,0,1,0,0,1,1
H5,392,2017,530720,      0.00,      0.00,      0.00,      0.00,0,1,0,0,1,1
H5,392,2017,530810,      0.00,      0.00,      0.00,      0.00,0,1,0,0,1,1
H5,392,2017,530820,      2.00,      2.00,      2.00,      2.00,0,0,0,1,1,1
H5,392,2017,530890,     18.30,      2.50,      7.90,      6.10,0,0,0,3,3,3
H5,392,2017,530911,     10.00,     10.00,     10.00,     10.00,0,0,0,1,1,1
H5,392,2017,530919,     10.00,     10.00,     10.00,     10.00,0,0,0,1,1,1
H5,392,2017,530921,     10.00,     10.00,     10.00,     10.00,0,0,0,1,1,1
H5,392,2017,530929,     10.00,     10.00,     10.00,     10.00,0,0,0,1,1,1
H5,392,2017,531010,     10.00,     10.00,     10.00,     10.00,0,0,0,1,1,1
H5,392,2017,531090,     10.00,     10.00,     10.00,     10.00,0,0,0,1,1,1
H5,392,2017,531100,     16.00,      2.50,     10.00,      5.33,0,0,0,3,3,3
H5,392,2017,540110,     15.60,      4.00,      6.60,      5.20,0,0,0,3,3,3
H5,392,2017,540120,     15.60,      4.00,      6.60,      5.20,0,0,0,3,3,3
H5,392,2017,540211,      2.70,      2.70,      2.70,      2.70,0,0,0,1,1,1
H5,392,2017,540219,     20.90,      4.00,      6.60,      5.22,0,0,0,4,4,4
H5,392,2017,540220,     15.60,      4.00,      6.60,      5.20,0,0,0,3,3,3
H5,392,2017,540231,     15.60,      4.00,      6.60,      5.20,0,0,0,3,3,3
H5,392,2017,540232,     22.20,      4.00,      6.60,      5.55,0,0,0,4,4,4
H5,392,2017,540233,     15.60,      4.00,      6.60,      5.20,0,0,0,3,3,3
H5,392,2017,540234,     15.60,      4.00,      6.60,      5.20,0,0,0,3,3,3
H5,392,2017,540239,     15.60,      4.00,      6.60,      5.20,0,0,0,3,3,3
H5,392,2017,540244,     30.20,      2.70,      6.60,      5.03,0,0,0,6,6,6
H5,392,2017,540245,     17.00,      2.70,      5.30,      4.25,0,0,0,4,4,4
H5,392,2017,540246,     15.60,      4.00,      6.60,      5.20,0,0,0,3,3,3
H5,392,2017,540247,     15.60,      4.00,      6.60,      5.20,0,0,0,3,3,3
H5,392,2017,540248,     15.60,      4.00,      6.60,      5.20,0,0,0,3,3,3
H5,392,2017,540249,     15.60,      4.00,      6.60,      5.20,0,0,0,3,3,3
H5,392,2017,540251,     15.60,      4.00,      6.60,      5.20,0,0,0,3,3,3
H5,392,2017,540252,     15.60,      4.00,      6.60,      5.20,0,0,0,3,3,3
H5,392,2017,540253,     15.60,      4.00,      6.60,      5.20,0,0,0,3,3,3
H5,392,2017,540259,     15.60,      4.00,      6.60,      5.20,0,0,0,3,3,3
H5,392,2017,540261,     15.60,      4.00,      6.60,      5.20,0,0,0,3,3,3
H5,392,2017,540262,     15.60,      4.00,      6.60,      5.20,0,0,0,3,3,3
H5,392,2017,540263,     15.60,      4.00,      6.60,      5.20,0,0,0,3,3,3
H5,392,2017,540269,     15.60,      4.00,      6.60,      5.20,0,0,0,3,3,3
H5,392,2017,540310,      9.00,      4.00,      5.00,      4.50,0,0,0,2,2,2
H5,392,2017,540331,     15.60,      4.00,      6.60,      5.20,0,0,0,3,3,3
H5,392,2017,540332,     15.60,      4.00,      6.60,      5.20,0,0,0,3,3,3
H5,392,2017,540333,     15.60,      4.00,      6.60,      5.20,0,0,0,3,3,3
H5,392,2017,540339,     15.60,      4.00,      6.60,      5.20,0,0,0,3,3,3
H5,392,2017,540341,     15.60,      4.00,      6.60,      5.20,0,0,0,3,3,3
H5,392,2017,540342,     15.60,      4.00,      6.60,      5.20,0,0,0,3,3,3
H5,392,2017,540349,     15.60,      4.00,      6.60,      5.20,0,0,0,3,3,3
H5,392,2017,540411,      6.60,      6.60,      6.60,      6.60,0,0,0,1,1,1
H5,392,2017,540412,      6.60,      6.60,      6.60,      6.60,0,0,0,1,1,1
H5,392,2017,540419,     13.20,      6.60,      6.60,      6.60,0,0,0,2,2,2
H5,392,2017,540490,      6.60,      6.60,      6.60,      6.60,0,0,0,1,1,1
H5,392,2017,540500,      3.50,      3.50,      3.50,      3.50,0,0,0,1,1,1
H5,392,2017,540600,     14.30,      3.50,      5.80,      4.77,0,0,0,3,3,3
H5,392,2017,540710,     32.00,      5.30,      8.20,      6.40,0,0,0,5,5,5
H5,392,2017,540720,     34.70,      5.30,      8.20,      6.94,0,0,0,5,5,5
H5,392,2017,540730,     34.70,      5.30,      8.20,      6.94,0,0,0,5,5,5
H5,392,2017,540741,     21.60,      5.70,      8.80,      7.20,0,0,0,3,3,3
H5,392,2017,540742,     20.10,      5.30,      8.20,      6.70,0,0,0,3,3,3
H5,392,2017,540743,     20.10,      5.30,      8.20,      6.70,0,0,0,3,3,3
H5,392,2017,540744,     20.10,      5.30,      8.20,      6.70,0,0,0,3,3,3
H5,392,2017,540751,     21.60,      5.70,      8.80,      7.20,0,0,0,3,3,3
H5,392,2017,540752,     20.10,      5.30,      8.20,      6.70,0,0,0,3,3,3
H5,392,2017,540753,     20.10,      5.30,      8.20,      6.70,0,0,0,3,3,3
H5,392,2017,540754,     20.10,      5.30,      8.20,      6.70,0,0,0,3,3,3
H5,392,2017,540761,     38.70,      5.70,      8.80,      6.45,0,0,0,6,6,6
H5,392,2017,540769,     29.40,      5.30,      8.20,      5.88,0,0,0,5,5,5
H5,392,2017,540771,     21.50,      5.30,      8.20,      7.17,0,0,0,3,3,3
H5,392,2017,540772,     21.50,      5.30,      8.20,      7.17,0,0,0,3,3,3
H5,392,2017,540773,     21.50,      5.30,      8.20,      7.17,0,0,0,3,3,3
H5,392,2017,540774,     21.50,      5.30,      8.20,      7.17,0,0,0,3,3,3
H5,392,2017,540781,     21.40,      6.60,      8.20,      7.13,0,0,0,3,3,3
H5,392,2017,540782,     21.40,      6.60,      8.20,      7.13,0,0,0,3,3,3
H5,392,2017,540783,     21.40,      6.60,      8.20,      7.13,0,0,0,3,3,3
H5,392,2017,540784,     21.40,      6.60,      8.20,      7.13,0,0,0,3,3,3
H5,392,2017,540791,     31.40,      6.60,     10.00,      7.85,0,0,0,4,4,4
H5,392,2017,540792,     31.40,      6.60,     10.00,      7.85,0,0,0,4,4,4
H5,392,2017,540793,     31.40,      6.60,     10.00,      7.85,0,0,0,4,4,4
H5,392,2017,540794,     31.40,      6.60,     10.00,      7.85,0,0,0,4,4,4
H5,392,2017,540810,     10.60,      4.00,      6.60,      5.30,0,0,0,2,2,2
H5,392,2017,540821,     27.30,      4.30,      8.80,      6.82,0,0,0,4,4,4
H5,392,2017,540822,     25.40,      4.00,      8.20,      6.35,0,0,0,4,4,4
H5,392,2017,540823,     25.40,      4.00,      8.20,      6.35,0,0,0,4,4,4
H5,392,2017,540824,     25.40,      4.00,      8.20,      6.35,0,0,0,4,4,4
H5,392,2017,540831,     27.30,      4.30,      8.80,      6.82,0,0,0,4,4,4
H5,392,2017,540832,     25.40,      4.00,      8.20,      6.35,0,0,0,4,4,4
H5,392,2017,540833,     25.40,      4.00,      8.20,      6.35,0,0,0,4,4,4
H5,392,2017,540834,     25.40,      4.00,      8.20,      6.35,0,0,0,4,4,4
H5,392,2017,550110,      6.60,      0.00,      6.60,      3.30,0,1,0,1,2,2
H5,392,2017,550120,      6.60,      6.60,      6.60,      6.60,0,0,0,1,1,1
H5,392,2017,550130,      6.60,      6.60,      6.60,      6.60,0,0,0,1,1,1
H5,392,2017,550140,      6.60,      6.60,      6.60,      6.60,0,0,0,1,1,1
H5,392,2017,550190,      6.60,      6.60,      6.60,      6.60,0,0,0,1,1,1
H5,392,2017,550210,      5.80,      5.80,      5.80,      5.80,0,0,0,1,1,1
H5,392,2017,550290,      3.50,      3.50,      3.50,      3.50,0,0,0,1,1,1
H5,392,2017,550311,      5.30,      5.30,      5.30,      5.30,0,0,0,1,1,1
H5,392,2017,550319,      5.30,      5.30,      5.30,      5.30,0,0,0,1,1,1
H5,392,2017,550320,     13.20,      6.60,      6.60,      6.60,0,0,0,2,2,2
H5,392,2017,550330,      6.60,      6.60,      6.60,      6.60,0,0,0,1,1,1
H5,392,2017,550340,      6.60,      6.60,      6.60,      6.60,0,0,0,1,1,1
H5,392,2017,550390,     10.60,      4.00,      6.60,      5.30,0,0,0,2,2,2
H5,392,2017,550410,      4.00,      4.00,      4.00,      4.00,0,0,0,1,1,1
H5,392,2017,550490,     10.60,      4.00,      6.60,      5.30,0,0,0,2,2,2
H5,392,2017,550510,      0.00,      0.00,      0.00,      0.00,0,1,0,0,1,1
H5,392,2017,550520,      0.00,      0.00,      0.00,      0.00,0,1,0,0,1,1
H5,392,2017,550610,      6.60,      6.60,      6.60,      6.60,0,0,0,1,1,1
H5,392,2017,550620,      6.60,      6.60,      6.60,      6.60,0,0,0,1,1,1
H5,392,2017,550630,      6.60,      6.60,      6.60,      6.60,0,0,0,1,1,1
H5,392,2017,550640,     10.10,      3.50,      6.60,      5.05,0,0,0,2,2,2
H5,392,2017,550690,     10.10,      3.50,      6.60,      5.05,0,0,0,2,2,2
H5,392,2017,550700,     10.10,      3.50,      6.60,      5.05,0,0,0,2,2,2
H5,392,2017,550810,      6.60,      6.60,      6.60,      6.60,0,0,0,1,1,1
H5,392,2017,550820,     10.60,      4.00,      6.60,      5.30,0,0,0,2,2,2
H5,392,2017,550911,      6.60,      6.60,      6.60,      6.60,0,0,0,1,1,1
H5,392,2017,550912,      6.60,      6.60,      6.60,      6.60,0,0,0,1,1,1
H5,392,2017,550921,      6.60,      6.60,      6.60,      6.60,0,0,0,1,1,1
H5,392,2017,550922,      6.60,      6.60,      6.60,      6.60,0,0,0,1,1,1
H5,392,2017,550931,      6.60,      6.60,      6.60,      6.60,0,0,0,1,1,1
H5,392,2017,550932,      6.60,      6.60,      6.60,      6.60,0,0,0,1,1,1
H5,392,2017,550941,      6.60,      6.60,      6.60,      6.60,0,0,0,1,1,1
H5,392,2017,550942,      6.60,      6.60,      6.60,      6.60,0,0,0,1,1,1
H5,392,2017,550951,     10.60,      4.00,      6.60,      5.30,0,0,0,2,2,2
H5,392,2017,550952,     10.60,      4.00,      6.60,      5.30,0,0,0,2,2,2
H5,392,2017,550953,     10.60,      4.00,      6.60,      5.30,0,0,0,2,2,2
H5,392,2017,550959,     10.60,      4.00,      6.60,      5.30,0,0,0,2,2,2
H5,392,2017,550961,     10.60,      4.00,      6.60,      5.30,0,0,0,2,2,2
H5,392,2017,550962,     10.60,      4.00,      6.60,      5.30,0,0,0,2,2,2
H5,392,2017,550969,     10.60,      4.00,      6.60,      5.30,0,0,0,2,2,2
H5,392,2017,550991,     10.60,      4.00,      6.60,      5.30,0,0,0,2,2,2
H5,392,2017,550992,     10.60,      4.00,      6.60,      5.30,0,0,0,2,2,2
H5,392,2017,550999,     10.60,      4.00,      6.60,      5.30,0,0,0,2,2,2
H5,392,2017,551011,     12.00,      4.00,      4.00,      4.00,0,0,0,3,3,3
H5,392,2017,551012,      4.00,      4.00,      4.00,      4.00,0,0,0,1,1,1
H5,392,2017,551020,      4.00,      4.00,      4.00,      4.00,0,0,0,1,1,1
H5,392,2017,551030,      4.00,      4.00,      4.00,      4.00,0,0,0,1,1,1
H5,392,2017,551090,      4.00,      4.00,      4.00,      4.00,0,0,0,1,1,1
H5,392,2017,551110,      6.60,      6.60,      6.60,      6.60,0,0,0,1,1,1
H5,392,2017,551120,      6.60,      6.60,      6.60,      6.60,0,0,0,1,1,1
H5,392,2017,551130,      3.30,      3.30,      3.30,      3.30,0,0,0,1,1,1
H5,392,2017,551211,     14.50,      5.70,      8.80,      7.25,0,0,0,2,2,2
H5,392,2017,551219,     13.50,      5.30,      8.20,      6.75,0,0,0,2,2,2
H5,392,2017,551221,     13.50,      5.30,      8.20,      6.75,0,0,0,2,2,2
H5,392,2017,551229,     13.50,      5.30,      8.20,      6.75,0,0,0,2,2,2
H5,392,2017,551291,     28.10,      5.30,      8.20,      7.03,0,0,0,4,4,4
H5,392,2017,551299,     28.10,      5.30,      8.20,      7.03,0,0,0,4,4,4
H5,392,2017,551311,     23.00,      7.10,      8.80,      7.67,0,0,0,3,3,3
H5,392,2017,551312,     23.00,      7.10,      8.80,      7.67,0,0,0,3,3,3
H5,392,2017,551313,     23.00,      7.10,      8.80,      7.67,0,0,0,3,3,3
H5,392,2017,551319,     31.40,      6.60,     10.00,      7.85,0,0,0,4,4,4
H5,392,2017,551321,     21.40,      6.60,      8.20,      7.13,0,0,0,3,3,3
H5,392,2017,551323,     21.40,      6.60,      8.20,      7.13,0,0,0,3,3,3
H5,392,2017,551329,     31.40,      6.60,     10.00,      7.85,0,0,0,4,4,4
H5,392,2017,551331,     21.40,      6.60,      8.20,      7.13,0,0,0,3,3,3
H5,392,2017,551339,     38.00,      6.60,     10.00,      7.60,0,0,0,5,5,5
H5,392,2017,551341,     21.40,      6.60,      8.20,      7.13,0,0,0,3,3,3
H5,392,2017,551349,     38.00,      6.60,     10.00,      7.60,0,0,0,5,5,5
H5,392,2017,551411,     23.00,      7.10,      8.80,      7.67,0,0,0,3,3,3
H5,392,2017,551412,     23.00,      7.10,      8.80,      7.67,0,0,0,3,3,3
H5,392,2017,551419,     61.50,      6.60,     10.00,      7.69,0,0,0,8,8,8
H5,392,2017,551421,     21.40,      6.60,      8.20,      7.13,0,0,0,3,3,3
H5,392,2017,551422,     21.40,      6.60,      8.20,      7.13,0,0,0,3,3,3
H5,392,2017,551423,     21.40,      6.60,      8.20,      7.13,0,0,0,3,3,3
H5,392,2017,551429,     31.40,      6.60,     10.00,      7.85,0,0,0,4,4,4
H5,392,2017,551430,     38.00,      6.60,     10.00,      7.60,0,0,0,5,5,5
H5,392,2017,551441,     21.40,      6.60,      8.20,      7.13,0,0,0,3,3,3
H5,392,2017,551442,     21.40,      6.60,      8.20,      7.13,0,0,0,3,3,3
H5,392,2017,551443,     21.40,      6.60,      8.20,      7.13,0,0,0,3,3,3
H5,392,2017,551449,     31.40,      6.60,     10.00,      7.85,0,0,0,4,4,4
H5,392,2017,551511,     23.00,      7.10,      8.80,      7.67,0,0,0,3,3,3
H5,392,2017,551512,     23.00,      7.10,      8.80,      7.67,0,0,0,3,3,3
H5,392,2017,551513,     23.00,      7.10,      8.80,      7.67,0,0,0,3,3,3
H5,392,2017,551519,     23.00,      7.10,      8.80,      7.67,0,0,0,3,3,3
H5,392,2017,551521,     21.40,      6.60,      8.20,      7.13,0,0,0,3,3,3
H5,392,2017,551522,     21.40,      6.60,      8.20,      7.13,0,0,0,3,3,3
H5,392,2017,551529,     21.40,      6.60,      8.20,      7.13,0,0,0,3,3,3
H5,392,2017,551591,     31.40,      6.60,     10.00,      7.85,0,0,0,4,4,4
H5,392,2017,551599,     31.40,      6.60,     10.00,      7.85,0,0,0,4,4,4
H5,392,2017,551611,     27.30,      4.30,      8.80,      6.82,0,0,0,4,4,4
H5,392,2017,551612,     25.40,      4.00,      8.20,      6.35,0,0,0,4,4,4
H5,392,2017,551613,     25.40,      4.00,      8.20,      6.35,0,0,0,4,4,4
H5,392,2017,551614,     25.40,      4.00,      8.20,      6.35,0,0,0,4,4,4
H5,392,2017,551621,     27.30,      4.30,      8.80,      6.82,0,0,0,4,4,4
H5,392,2017,551622,     25.40,      4.00,      8.20,      6.35,0,0,0,4,4,4
H5,392,2017,551623,     25.40,      4.00,      8.20,      6.35,0,0,0,4,4,4
H5,392,2017,551624,     25.40,      4.00,      8.20,      6.35,0,0,0,4,4,4
H5,392,2017,551631,     27.30,      4.30,      8.80,      6.82,0,0,0,4,4,4
H5,392,2017,551632,     25.40,      4.00,      8.20,      6.35,0,0,0,4,4,4
H5,392,2017,551633,     25.40,      4.00,      8.20,      6.35,0,0,0,4,4,4
H5,392,2017,551634,     25.40,      4.00,      8.20,      6.35,0,0,0,4,4,4
H5,392,2017,551641,     27.30,      4.30,      8.80,      6.82,0,0,0,4,4,4
H5,392,2017,551642,     25.40,      4.00,      8.20,      6.35,0,0,0,4,4,4
H5,392,2017,551643,     25.40,      4.00,      8.20,      6.35,0,0,0,4,4,4
H5,392,2017,551644,     25.40,      4.00,      8.20,      6.35,0,0,0,4,4,4
H5,392,2017,551691,     27.30,      4.30,      8.80,      6.82,0,0,0,4,4,4
H5,392,2017,551692,     25.40,      4.00,      8.20,      6.35,0,0,0,4,4,4
H5,392,2017,551693,     25.40,      4.00,      8.20,      6.35,0,0,0,4,4,4
H5,392,2017,551694,     25.40,      4.00,      8.20,      6.35,0,0,0,4,4,4
H5,392,2017,560121,      0.00,      0.00,      0.00,      0.00,0,1,0,0,1,1
H5,392,2017,560122,      0.00,      0.00,      0.00,      0.00,0,1,0,0,1,1
H5,392,2017,560129,      0.00,      0.00,      0.00,      0.00,0,1,0,0,1,1
H5,392,2017,560130,      0.00,      0.00,      0.00,      0.00,0,2,0,0,2,2
H5,392,2017,560210,      5.60,      5.60,      5.60,      5.60,0,0,0,1,1,1
H5,392,2017,560221,      5.60,      5.60,      5.60,      5.60,0,0,0,1,1,1
H5,392,2017,560229,      5.60,      5.60,      5.60,      5.60,0,0,0,1,1,1
H5,392,2017,560290,      5.60,      5.60,      5.60,      5.60,0,0,0,1,1,1
H5,392,2017,560311,     21.50,      0.00,      4.30,      3.58,0,1,0,5,6,6
H5,392,2017,560312,     21.50,      0.00,      4.30,      3.58,0,1,0,5,6,6
H5,392,2017,560313,     21.50,      0.00,      4.30,      3.58,0,1,0,5,6,6
H5,392,2017,560314,     21.50,      0.00,      4.30,      3.58,0,1,0,5,6,6
H5,392,2017,560391,     21.50,      0.00,      4.30,      3.58,0,1,0,5,6,6
H5,392,2017,560392,     21.50,      0.00,      4.30,      3.58,0,1,0,5,6,6
H5,392,2017,560393,     21.50,      0.00,      4.30,      3.58,0,1,0,5,6,6
H5,392,2017,560394,     21.50,      0.00,      4.30,      3.58,0,1,0,5,6,6
H5,392,2017,560410,      3.30,      3.30,      3.30,      3.30,0,0,0,1,1,1
H5,392,2017,560490,     19.40,      2.70,      6.60,      3.88,1,0,0,5,5,6
H5,392,2017,560500,      4.70,      4.70,      4.70,      4.70,0,0,0,1,1,1
H5,392,2017,560600,     11.90,      5.30,      6.60,      5.95,0,0,0,2,2,2
H5,392,2017,560721,      0.00,      0.00,      0.00,      0.00,0,1,0,0,1,1
H5,392,2017,560729,      4.00,      4.00,      4.00,      4.00,0,0,0,1,1,1
H5,392,2017,560741,      5.30,      5.30,      5.30,      5.30,0,0,0,1,1,1
H5,392,2017,560749,     10.60,      5.30,      5.30,      5.30,0,0,0,2,2,2
H5,392,2017,560750,      5.30,      5.30,      5.30,      5.30,0,0,0,1,1,1
H5,392,2017,560790,      5.00,      0.00,      2.50,      1.67,0,1,0,2,3,3
H5,392,2017,560811,      5.30,      5.30,      5.30,      5.30,0,0,0,1,1,1
H5,392,2017,560819,     17.80,      2.50,      5.30,      4.45,0,0,0,4,4,4
H5,392,2017,560890,     12.30,      3.30,      5.00,      4.10,0,0,0,3,3,3
H5,392,2017,560900,      8.60,      3.30,      5.30,      4.30,0,0,0,2,2,2
H5,392,2017,570110,      7.90,      7.90,      7.90,      7.90,0,0,0,1,1,1
H5,392,2017,570190,      7.90,      7.90,      7.90,      7.90,0,0,0,1,1,1
H5,392,2017,570210,      6.00,      6.00,      6.00,      6.00,0,0,0,1,1,1
H5,392,2017,570220,      0.00,      0.00,      0.00,      0.00,0,1,0,0,1,1
H5,392,2017,570231,      8.10,      8.10,      8.10,      8.10,0,0,0,1,1,1
H5,392,2017,570232,      7.90,      7.90,      7.90,      7.90,0,0,0,1,1,1
H5,392,2017,570239,     16.30,      7.90,      8.40,      8.15,0,0,0,2,2,2
H5,392,2017,570241,      8.10,      8.10,      8.10,      8.10,0,0,0,1,1,1
H5,392,2017,570242,      7.90,      0.00,      7.90,      3.95,0,1,0,1,2,2
H5,392,2017,570249,     16.30,      7.90,      8.40,      8.15,0,0,0,2,2,2
H5,392,2017,570250,     24.40,      7.90,      8.40,      8.13,0,0,0,3,3,3
H5,392,2017,570291,      8.10,      8.10,      8.10,      8.10,0,0,0,1,1,1
H5,392,2017,570292,      7.90,      7.90,      7.90,      7.90,0,0,0,1,1,1
H5,392,2017,570299,     16.30,      7.90,      8.40,      8.15,0,0,0,2,2,2
H5,392,2017,570310,      7.90,      7.90,      7.90,      7.90,0,0,0,1,1,1
H5,392,2017,570320,     12.60,      0.00,      6.30,      4.20,0,1,0,2,3,3
H5,392,2017,570330,      6.30,      0.00,      6.30,      3.15,0,1,0,1,2,2
H5,392,2017,570390,     16.30,      7.90,      8.40,      8.15,0,0,0,2,2,2
H5,392,2017,570410,      7.40,      7.40,      7.40,      7.40,0,0,0,1,1,1
H5,392,2017,570420,      7.40,      7.40,      7.40,      7.40,0,0,0,1,1,1
H5,392,2017,570490,      7.40,      0.00,      7.40,      3.70,0,1,0,1,2,2
H5,392,2017,570500,     24.20,      7.90,      8.40,      8.07,0,0,0,3,3,3
H5,392,2017,580110,     11.70,      5.30,      6.40,      5.85,0,0,0,2,2,2
H5,392,2017,580121,     18.40,      3.50,      5.60,      4.60,0,0,0,4,4,4
H5,392,2017,580122,      8.70,      4.20,      4.50,      4.35,0,0,0,2,2,2
H5,392,2017,580123,      8.70,      4.20,      4.50,      4.35,0,0,0,2,2,2
H5,392,2017,580126,      7.20,      0.00,      3.70,      2.40,0,1,0,2,3,3
H5,392,2017,580127,     14.40,      3.50,      3.70,      3.60,0,0,0,4,4,4
H5,392,2017,580131,     30.10,      3.50,      8.00,      6.02,0,0,0,5,5,5
H5,392,2017,580132,     14.10,      3.50,      6.60,      4.70,0,0,0,3,3,3
H5,392,2017,580133,     14.10,      3.50,      6.60,      4.70,0,0,0,3,3,3
H5,392,2017,580136,     14.10,      0.00,      6.60,      3.53,0,1,0,3,4,4
H5,392,2017,580137,     28.20,      3.50,      6.60,      4.70,0,0,0,6,6,6
H5,392,2017,580190,     29.60,      3.50,      8.00,      5.92,0,0,0,5,5,5
H5,392,2017,580211,     12.70,      3.70,      4.50,      4.23,0,0,0,3,3,3
H5,392,2017,580219,     12.70,      3.70,      4.50,      4.23,0,0,0,3,3,3
H5,392,2017,580220,     16.80,      3.50,      8.00,      5.60,0,0,0,3,3,3
H5,392,2017,580230,      3.70,      3.70,      3.70,      3.70,0,0,0,1,1,1
H5,392,2017,580300,     56.30,      3.70,     10.00,      7.04,0,0,0,8,8,8
H5,392,2017,580410,     10.10,      3.50,      6.60,      5.05,0,0,0,2,2,2
H5,392,2017,580421,     21.70,      3.50,      9.10,      7.23,0,0,0,3,3,3
H5,392,2017,580429,     25.20,      3.50,     12.60,      8.40,0,0,0,3,3,3
H5,392,2017,580430,     25.20,      3.50,     12.60,      8.40,0,0,0,3,3,3
H5,392,2017,580500,      6.90,      6.90,      6.90,      6.90,0,0,0,1,1,1
H5,392,2017,580610,      5.30,      5.30,      5.30,      5.30,0,0,0,1,1,1
H5,392,2017,580620,      4.00,      4.00,      4.00,      4.00,0,0,0,1,1,1
H5,392,2017,580631,      7.40,      7.40,      7.40,      7.40,0,0,0,1,1,1
H5,392,2017,580632,      5.30,      0.00,      5.30,      2.65,0,1,0,1,2,2
H5,392,2017,580639,      6.40,      6.40,      6.40,      6.40,0,0,0,1,1,1
H5,392,2017,580640,      5.30,      5.30,      5.30,      5.30,0,0,0,1,1,1
H5,392,2017,580710,      5.30,      5.30,      5.30,      5.30,0,0,0,1,1,1
H5,392,2017,580790,     10.90,     10.90,     10.90,     10.90,0,0,0,1,1,1
H5,392,2017,580810,      6.60,      6.60,      6.60,      6.60,0,0,0,1,1,1
H5,392,2017,580890,      6.60,      6.60,      6.60,      6.60,0,0,0,1,1,1
H5,392,2017,580900,      4.70,      4.70,      4.70,      4.70,0,0,0,1,1,1
H5,392,2017,581010,      0.00,      0.00,      0.00,      0.00,0,1,0,0,1,1
H5,392,2017,581091,      0.00,      0.00,      0.00,      0.00,0,1,0,0,1,1
H5,392,2017,581092,      0.00,      0.00,      0.00,      0.00,0,1,0,0,1,1
H5,392,2017,581099,      0.00,      0.00,      0.00,      0.00,0,2,0,0,2,2
H5,392,2017,581100,     23.60,      3.50,      8.20,      5.90,1,0,0,4,4,5
H5,392,2017,590110,      3.30,      3.30,      3.30,      3.30,0,0,0,1,1,1
H5,392,2017,590190,      4.00,      4.00,      4.00,      4.00,0,0,0,1,1,1
H5,392,2017,590210,     15.90,      3.50,      6.60,      5.30,0,0,0,3,3,3
H5,392,2017,590220,      7.00,      3.50,      3.50,      3.50,0,0,0,2,2,2
H5,392,2017,590290,      3.50,      3.50,      3.50,      3.50,0,0,0,1,1,1
H5,392,2017,590310,      3.50,      3.50,      3.50,      3.50,0,0,0,1,1,1
H5,392,2017,590320,      3.50,      3.50,      3.50,      3.50,0,0,0,1,1,1
H5,392,2017,590390,      3.50,      3.50,      3.50,      3.50,0,0,0,1,1,1
H5,392,2017,590410,      0.00,      0.00,      0.00,      0.00,0,1,0,0,1,1
H5,392,2017,590490,      3.90,      3.90,      3.90,      3.90,0,0,0,1,1,1
H5,392,2017,590500,      5.30,      5.30,      5.30,      5.30,0,0,0,1,1,1
H5,392,2017,590610,      3.50,      3.50,      3.50,      3.50,0,0,0,1,1,1
H5,392,2017,590691,     11.20,      4.70,      6.50,      5.60,0,0,0,2,2,2
H5,392,2017,590699,      3.50,      3.50,      3.50,      3.50,0,0,0,1,1,1
H5,392,2017,590700,      3.30,      3.30,      3.30,      3.30,0,0,0,1,1,1
H5,392,2017,590800,      4.90,      4.90,      4.90,      4.90,0,0,0,1,1,1
H5,392,2017,590900,      3.90,      3.90,      3.90,      3.90,0,0,0,1,1,1
H5,392,2017,591000,      8.40,      3.50,      4.90,      4.20,0,0,0,2,2,2
H5,392,2017,591110,      7.70,      2.80,      4.90,      3.85,0,0,0,2,2,2
H5,392,2017,591120,      3.50,      3.50,      3.50,      3.50,0,0,0,1,1,1
H5,392,2017,591131,     11.70,      2.80,      4.90,      3.90,0,0,0,3,3,3
H5,392,2017,591132,     11.70,      2.80,      4.90,      3.90,0,0,0,3,3,3
H5,392,2017,591140,      7.70,      2.80,      4.90,      3.85,0,0,0,2,2,2
H5,392,2017,591190,      4.90,      0.00,      4.90,      2.45,0,1,0,1,2,2
H5,392,2017,600110,      7.90,      7.90,      7.90,      7.90,0,0,0,1,1,1
H5,392,2017,600121,      9.80,      9.80,      9.80,      9.80,0,0,0,1,1,1
H5,392,2017,600122,      7.90,      7.90,      7.90,      7.90,0,0,0,1,1,1
H5,392,2017,600129,      7.90,      7.90,      7.90,      7.90,0,0,0,1,1,1
H5,392,2017,600191,      9.80,      9.80,      9.80,      9.80,0,0,0,1,1,1
H5,392,2017,600192,     39.50,      0.00,      7.90,      6.58,0,1,0,5,6,6
H5,392,2017,600199,      7.90,      7.90,      7.90,      7.90,0,0,0,1,1,1
H5,392,2017,600240,     28.40,      5.30,      9.80,      7.10,0,0,0,4,4,4
H5,392,2017,600290,     59.00,      5.30,      7.80,      5.90,0,0,0,10,10,10
H5,392,2017,600310,     13.20,      5.30,      7.90,      6.60,0,0,0,2,2,2
H5,392,2017,600320,     15.20,      5.40,      9.80,      7.60,0,0,0,2,2,2
H5,392,2017,600330,     13.30,      5.40,      7.90,      6.65,0,0,0,2,2,2
H5,392,2017,600340,     13.30,      5.40,      7.90,      6.65,0,0,0,2,2,2
H5,392,2017,600390,     13.20,      5.30,      7.90,      6.60,0,0,0,2,2,2
H5,392,2017,600410,     33.80,      5.30,      9.80,      6.76,0,0,0,5,5,5
H5,392,2017,600490,     59.00,      5.30,      7.80,      5.90,0,0,0,10,10,10
H5,392,2017,600521,      9.80,      9.80,      9.80,      9.80,0,0,0,1,1,1
H5,392,2017,600522,      9.80,      9.80,      9.80,      9.80,0,0,0,1,1,1
H5,392,2017,600523,      9.80,      9.80,      9.80,      9.80,0,0,0,1,1,1
H5,392,2017,600524,      9.80,      9.80,      9.80,      9.80,0,0,0,1,1,1
H5,392,2017,600535,      7.90,      7.90,      7.90,      7.90,0,0,0,1,1,1
H5,392,2017,600536,      7.90,      7.90,      7.90,      7.90,0,0,0,1,1,1
H5,392,2017,600537,      7.90,      7.90,      7.90,      7.90,0,0,0,1,1,1
H5,392,2017,600538,      7.90,      7.90,      7.90,      7.90,0,0,0,1,1,1
H5,392,2017,600539,      7.90,      7.90,      7.90,      7.90,0,0,0,1,1,1
H5,392,2017,600541,      7.90,      7.90,      7.90,      7.90,0,0,0,1,1,1
H5,392,2017,600542,      7.90,      7.90,      7.90,      7.90,0,0,0,1,1,1
H5,392,2017,600543,      7.90,      7.90,      7.90,      7.90,0,0,0,1,1,1
H5,392,2017,600544,      7.90,      7.90,      7.90,      7.90,0,0,0,1,1,1
H5,392,2017,600590,      7.90,      7.90,      7.90,      7.90,0,0,0,1,1,1
H5,392,2017,600610,     13.20,      5.30,      7.90,      6.60,0,0,0,2,2,2
H5,392,2017,600621,     15.40,      5.60,      9.80,      7.70,0,0,0,2,2,2
H5,392,2017,600622,     15.40,      5.60,      9.80,      7.70,0,0,0,2,2,2
H5,392,2017,600623,     15.40,      5.60,      9.80,      7.70,0,0,0,2,2,2
H5,392,2017,600624,     15.40,      5.60,      9.80,      7.70,0,0,0,2,2,2
H5,392,2017,600631,     20.20,      4.00,      9.60,      6.73,0,0,0,3,3,3
H5,392,2017,600632,     20.20,      4.00,      9.60,      6.73,0,0,0,3,3,3
H5,392,2017,600633,     20.20,      4.00,      9.60,      6.73,0,0,0,3,3,3
H5,392,2017,600634,     20.20,      4.00,      9.60,      6.73,0,0,0,3,3,3
H5,392,2017,600641,     20.20,      4.00,      9.60,      6.73,0,0,0,3,3,3
H5,392,2017,600642,     20.20,      4.00,      9.60,      6.73,0,0,0,3,3,3
H5,392,2017,600643,     20.20,      4.00,      9.60,      6.73,0,0,0,3,3,3
H5,392,2017,600644,     20.20,      4.00,      9.60,      6.73,0,0,0,3,3,3
H5,392,2017,600690,     13.20,      5.30,      7.90,      6.60,0,0,0,2,2,2
H5,392,2017,610120,     21.80,     10.90,     10.90,     10.90,0,0,0,2,2,2
H5,392,2017,610130,     32.70,     10.90,     10.90,     10.90,0,0,0,3,3,3
H5,392,2017,610190,     16.80,      8.40,      8.40,      8.40,0,0,0,2,2,2
H5,392,2017,610210,     21.80,     10.90,     10.90,     10.90,0,0,0,2,2,2
H5,392,2017,610220,     21.80,     10.90,     10.90,     10.90,0,0,0,2,2,2
H5,392,2017,610230,     43.60,     10.90,     10.90,     10.90,0,0,0,4,4,4
H5,392,2017,610290,     16.80,      8.40,      8.40,      8.40,0,0,0,2,2,2
H5,392,2017,610310,     16.80,      8.40,      8.40,      8.40,0,0,0,2,2,2
H5,392,2017,610322,     21.80,     10.90,     10.90,     10.90,0,0,0,2,2,2
H5,392,2017,610323,     21.80,     10.90,     10.90,     10.90,0,0,0,2,2,2
H5,392,2017,610329,     16.80,      8.40,      8.40,      8.40,0,0,0,2,2,2
H5,392,2017,610331,     21.80,     10.90,     10.90,     10.90,0,0,0,2,2,2
H5,392,2017,610332,     21.80,     10.90,     10.90,     10.90,0,0,0,2,2,2
H5,392,2017,610333,     21.80,     10.90,     10.90,     10.90,0,0,0,2,2,2
H5,392,2017,610339,     16.80,      8.40,      8.40,      8.40,0,0,0,2,2,2
H5,392,2017,610341,     21.80,     10.90,     10.90,     10.90,0,0,0,2,2,2
H5,392,2017,610342,     21.80,     10.90,     10.90,     10.90,0,0,0,2,2,2
H5,392,2017,610343,     21.80,     10.90,     10.90,     10.90,0,0,0,2,2,2
H5,392,2017,610349,     16.80,      8.40,      8.40,      8.40,0,0,0,2,2,2
H5,392,2017,610413,     21.80,     10.90,     10.90,     10.90,0,0,0,2,2,2
H5,392,2017,610419,     16.80,      8.40,      8.40,      8.40,0,0,0,2,2,2
H5,392,2017,610422,     21.80,     10.90,     10.90,     10.90,0,0,0,2,2,2
H5,392,2017,610423,     21.80,     10.90,     10.90,     10.90,0,0,0,2,2,2
H5,392,2017,610429,     16.80,      8.40,      8.40,      8.40,0,0,0,2,2,2
H5,392,2017,610431,     21.80,     10.90,     10.90,     10.90,0,0,0,2,2,2
H5,392,2017,610432,     21.80,     10.90,     10.90,     10.90,0,0,0,2,2,2
H5,392,2017,610433,     21.80,     10.90,     10.90,     10.90,0,0,0,2,2,2
H5,392,2017,610439,     25.20,      8.40,      8.40,      8.40,0,0,0,3,3,3
H5,392,2017,610441,     21.80,     10.90,     10.90,     10.90,0,0,0,2,2,2
H5,392,2017,610442,     21.80,     10.90,     10.90,     10.90,0,0,0,2,2,2
H5,392,2017,610443,     21.80,     10.90,     10.90,     10.90,0,0,0,2,2,2
H5,392,2017,610444,     21.80,     10.90,     10.90,     10.90,0,0,0,2,2,2
H5,392,2017,610449,     16.80,      8.40,      8.40,      8.40,0,0,0,2,2,2
H5,392,2017,610451,     21.80,     10.90,     10.90,     10.90,0,0,0,2,2,2
H5,392,2017,610452,     21.80,     10.90,     10.90,     10.90,0,0,0,2,2,2
H5,392,2017,610453,     21.80,     10.90,     10.90,     10.90,0,0,0,2,2,2
H5,392,2017,610459,     25.20,      8.40,      8.40,      8.40,0,0,0,3,3,3
H5,392,2017,610461,     21.80,     10.90,     10.90,     10.90,0,0,0,2,2,2
H5,392,2017,610462,     21.80,     10.90,     10.90,     10.90,0,0,0,2,2,2
H5,392,2017,610463,     21.80,     10.90,     10.90,     10.90,0,0,0,2,2,2
H5,392,2017,610469,     16.80,      8.40,      8.40,      8.40,0,0,0,2,2,2
H5,392,2017,610510,     29.20,      7.40,     10.90,      9.73,0,0,0,3,3,3
H5,392,2017,610520,     51.00,      7.40,     10.90,     10.20,0,0,0,5,5,5
H5,392,2017,610590,     29.20,      7.40,     10.90,      9.73,0,0,0,3,3,3
H5,392,2017,610610,     27.40,      7.40,     10.90,      9.13,0,0,0,3,3,3
H5,392,2017,610620,     29.20,      7.40,     10.90,      9.73,0,0,0,3,3,3
H5,392,2017,610690,     29.20,      7.40,     10.90,      9.73,0,0,0,3,3,3
H5,392,2017,610711,      7.40,      7.40,      7.40,      7.40,0,0,0,1,1,1
H5,392,2017,610712,      7.40,      7.40,      7.40,      7.40,0,0,0,1,1,1
H5,392,2017,610719,      7.40,      7.40,      7.40,      7.40,0,0,0,1,1,1
H5,392,2017,610721,      7.40,      7.40,      7.40,      7.40,0,0,0,1,1,1
H5,392,2017,610722,      7.40,      7.40,      7.40,      7.40,0,0,0,1,1,1
H5,392,2017,610729,      7.40,      7.40,      7.40,      7.40,0,0,0,1,1,1
H5,392,2017,610791,     24.20,      7.40,      8.40,      8.07,0,0,0,3,3,3
H5,392,2017,610799,     24.20,      7.40,      8.40,      8.07,0,0,0,3,3,3
H5,392,2017,610811,      7.40,      7.40,      7.40,      7.40,0,0,0,1,1,1
H5,392,2017,610819,     14.80,      7.40,      7.40,      7.40,0,0,0,2,2,2
H5,392,2017,610821,      7.40,      7.40,      7.40,      7.40,0,0,0,1,1,1
H5,392,2017,610822,      7.40,      7.40,      7.40,      7.40,0,0,0,1,1,1
H5,392,2017,610829,      7.40,      7.40,      7.40,      7.40,0,0,0,1,1,1
H5,392,2017,610831,      7.40,      7.40,      7.40,      7.40,0,0,0,1,1,1
H5,392,2017,610832,      7.40,      7.40,      7.40,      7.40,0,0,0,1,1,1
H5,392,2017,610839,      7.40,      7.40,      7.40,      7.40,0,0,0,1,1,1
H5,392,2017,610891,     24.20,      7.40,      8.40,      8.07,0,0,0,3,3,3
H5,392,2017,610892,     24.20,      7.40,      8.40,      8.07,0,0,0,3,3,3
H5,392,2017,610899,     24.20,      7.40,      8.40,      8.07,0,0,0,3,3,3
H5,392,2017,610910,     29.20,      7.40,     10.90,      9.73,0,0,0,3,3,3
H5,392,2017,610990,     29.20,      7.40,     10.90,      9.73,0,0,0,3,3,3
H5,392,2017,611011,     21.80,     10.90,     10.90,     10.90,0,0,0,2,2,2
H5,392,2017,611012,     21.80,     10.90,     10.90,     10.90,0,0,0,2,2,2
H5,392,2017,611019,     21.80,     10.90,     10.90,     10.90,0,0,0,2,2,2
H5,392,2017,611020,     41.80,      9.10,     10.90,     10.45,0,0,0,4,4,4
H5,392,2017,611030,    129.00,      9.10,     10.90,     10.75,0,0,0,12,12,12
H5,392,2017,611090,     21.80,     10.90,     10.90,     10.90,0,0,0,2,2,2
H5,392,2017,611120,     43.80,      7.40,     10.80,      8.76,0,0,0,5,5,5
H5,392,2017,611130,     40.70,      5.30,     10.70,      8.14,0,0,0,5,5,5
H5,392,2017,611190,     45.70,      5.30,     10.90,      7.62,0,0,0,6,6,6
H5,392,2017,611211,     21.80,     10.90,     10.90,     10.90,0,0,0,2,2,2
H5,392,2017,611212,     21.80,     10.90,     10.90,     10.90,0,0,0,2,2,2
H5,392,2017,611219,     16.80,      8.40,      8.40,      8.40,0,0,0,2,2,2
H5,392,2017,611220,     38.60,      8.40,     10.90,      9.65,0,0,0,4,4,4
H5,392,2017,611231,     21.80,     10.90,     10.90,     10.90,0,0,0,2,2,2
H5,392,2017,611239,     16.80,      8.40,      8.40,      8.40,0,0,0,2,2,2
H5,392,2017,611241,     21.80,     10.90,     10.90,     10.90,0,0,0,2,2,2
H5,392,2017,611249,     16.80,      8.40,      8.40,      8.40,0,0,0,2,2,2
H5,392,2017,611300,     26.40,      5.60,     10.40,      8.80,0,0,0,3,3,3
H5,392,2017,611420,     16.20,      8.10,      8.10,      8.10,0,0,0,2,2,2
H5,392,2017,611430,     32.40,      8.10,      8.10,      8.10,0,0,0,4,4,4
H5,392,2017,611490,     32.60,      8.10,      8.20,      8.15,0,0,0,4,4,4
H5,392,2017,611510,     44.90,      5.00,      7.90,      6.41,0,0,0,7,7,7
H5,392,2017,611521,      7.40,      7.40,      7.40,      7.40,0,0,0,1,1,1
H5,392,2017,611522,      7.40,      7.40,      7.40,      7.40,0,0,0,1,1,1
H5,392,2017,611529,      7.40,      7.40,      7.40,      7.40,0,0,0,1,1,1
H5,392,2017,611530,     20.60,      5.30,      7.90,      6.87,0,0,0,3,3,3
H5,392,2017,611594,      5.30,      5.30,      5.30,      5.30,0,0,0,1,1,1
H5,392,2017,611595,      7.40,      7.40,      7.40,      7.40,0,0,0,1,1,1
H5,392,2017,611596,      6.60,      6.60,      6.60,      6.60,0,0,0,1,1,1
H5,392,2017,611599,      5.00,      5.00,      5.00,      5.00,0,0,0,1,1,1
H5,392,2017,611610,     76.20,      5.30,      7.40,      6.35,0,0,0,12,12,12
H5,392,2017,611691,     10.60,      5.30,      5.30,      5.30,0,0,0,2,2,2
H5,392,2017,611692,     14.80,      7.40,      7.40,      7.40,0,0,0,2,2,2
H5,392,2017,611693,     10.60,      5.30,      5.30,      5.30,0,0,0,2,2,2
H5,392,2017,611699,     10.00,      5.00,      5.00,      5.00,0,0,0,2,2,2
H5,392,2017,611710,     84.00,      8.40,      8.40,      8.40,0,0,0,10,10,10
H5,392,2017,611780,     80.60,      5.60,      8.40,      8.06,0,0,0,10,10,10
H5,392,2017,611790,     16.80,      8.40,      8.40,      8.40,0,0,0,2,2,2
H5,392,2017,620111,     21.90,      9.10,     12.80,     10.95,0,0,0,2,2,2
H5,392,2017,620112,     21.90,      9.10,     12.80,     10.95,0,0,0,2,2,2
H5,392,2017,620113,     21.90,      9.10,     12.80,     10.95,0,0,0,2,2,2
H5,392,2017,620119,     21.90,      9.10,     12.80,     10.95,0,0,0,2,2,2
H5,392,2017,620191,     21.90,      9.10,     12.80,     10.95,0,0,0,2,2,2
H5,392,2017,620192,     21.90,      9.10,     12.80,     10.95,0,0,0,2,2,2
H5,392,2017,620193,     21.90,      9.10,     12.80,     10.95,0,0,0,2,2,2
H5,392,2017,620199,     21.90,      9.10,     12.80,     10.95,0,0,0,2,2,2
H5,392,2017,620211,     21.90,      9.10,     12.80,     10.95,0,0,0,2,2,2
H5,392,2017,620212,     21.90,      9.10,     12.80,     10.95,0,0,0,2,2,2
H5,392,2017,620213,     21.90,      9.10,     12.80,     10.95,0,0,0,2,2,2
H5,392,2017,620219,     21.90,      9.10,     12.80,     10.95,0,0,0,2,2,2
H5,392,2017,620291,     21.90,      9.10,     12.80,     10.95,0,0,0,2,2,2
H5,392,2017,620292,     21.90,      9.10,     12.80,     10.95,0,0,0,2,2,2
H5,392,2017,620293,     21.90,      9.10,     12.80,     10.95,0,0,0,2,2,2
H5,392,2017,620299,     21.90,      9.10,     12.80,     10.95,0,0,0,2,2,2
H5,392,2017,620311,     21.90,      9.10,     12.80,     10.95,0,0,0,2,2,2
H5,392,2017,620312,     19.10,      9.10,     10.00,      9.55,0,0,0,2,2,2
H5,392,2017,620319,     19.10,      9.10,     10.00,      9.55,0,0,0,2,2,2
H5,392,2017,620322,     19.10,      9.10,     10.00,      9.55,0,0,0,2,2,2
H5,392,2017,620323,     19.10,      9.10,     10.00,      9.55,0,0,0,2,2,2
H5,392,2017,620329,     19.10,      9.10,     10.00,      9.55,0,0,0,2,2,2
H5,392,2017,620331,     21.90,      9.10,     12.80,     10.95,0,0,0,2,2,2
H5,392,2017,620332,     21.90,      9.10,     12.80,     10.95,0,0,0,2,2,2
H5,392,2017,620333,     21.90,      9.10,     12.80,     10.95,0,0,0,2,2,2
H5,392,2017,620339,     31.00,      9.10,     12.80,     10.33,0,0,0,3,3,3
H5,392,2017,620341,     19.10,      9.10,     10.00,      9.55,0,0,0,2,2,2
H5,392,2017,620342,     19.10,      9.10,     10.00,      9.55,0,0,0,2,2,2
H5,392,2017,620343,     19.10,      9.10,     10.00,      9.55,0,0,0,2,2,2
H5,392,2017,620349,     28.20,      9.10,     10.00,      9.40,0,0,0,3,3,3
H5,392,2017,620411,     21.90,      9.10,     12.80,     10.95,0,0,0,2,2,2
H5,392,2017,620412,     19.10,      9.10,     10.00,      9.55,0,0,0,2,2,2
H5,392,2017,620413,     19.10,      9.10,     10.00,      9.55,0,0,0,2,2,2
H5,392,2017,620419,     19.10,      9.10,     10.00,      9.55,0,0,0,2,2,2
H5,392,2017,620421,     19.10,      9.10,     10.00,      9.55,0,0,0,2,2,2
H5,392,2017,620422,     19.10,      9.10,     10.00,      9.55,0,0,0,2,2,2
H5,392,2017,620423,     19.10,      9.10,     10.00,      9.55,0,0,0,2,2,2
H5,392,2017,620429,     19.10,      9.10,     10.00,      9.55,0,0,0,2,2,2
H5,392,2017,620431,     21.90,      9.10,     12.80,     10.95,0,0,0,2,2,2
H5,392,2017,620432,     21.90,      9.10,     12.80,     10.95,0,0,0,2,2,2
H5,392,2017,620433,     21.90,      9.10,     12.80,     10.95,0,0,0,2,2,2
H5,392,2017,620439,     21.90,      9.10,     12.80,     10.95,0,0,0,2,2,2
H5,392,2017,620441,     19.10,      9.10,     10.00,      9.55,0,0,0,2,2,2
H5,392,2017,620442,     19.10,      9.10,     10.00,      9.55,0,0,0,2,2,2
H5,392,2017,620443,     19.10,      9.10,     10.00,      9.55,0,0,0,2,2,2
H5,392,2017,620444,     19.10,      9.10,     10.00,      9.55,0,0,0,2,2,2
H5,392,2017,620449,     19.10,      9.10,     10.00,      9.55,0,0,0,2,2,2
H5,392,2017,620451,     19.10,      9.10,     10.00,      9.55,0,0,0,2,2,2
H5,392,2017,620452,     19.10,      9.10,     10.00,      9.55,0,0,0,2,2,2
H5,392,2017,620453,     19.10,      9.10,     10.00,      9.55,0,0,0,2,2,2
H5,392,2017,620459,     19.10,      9.10,     10.00,      9.55,0,0,0,2,2,2
H5,392,2017,620461,     19.10,      9.10,     10.00,      9.55,0,0,0,2,2,2
H5,392,2017,620462,     19.10,      9.10,     10.00,      9.55,0,0,0,2,2,2
H5,392,2017,620463,     19.10,      9.10,     10.00,      9.55,0,0,0,2,2,2
H5,392,2017,620469,     19.10,      9.10,     10.00,      9.55,0,0,0,2,2,2
H5,392,2017,620520,      7.40,      7.40,      7.40,      7.40,0,0,0,1,1,1
H5,392,2017,620530,     14.80,      7.40,      7.40,      7.40,0,0,0,2,2,2
H5,392,2017,620590,     16.40,      7.40,      9.00,      8.20,0,0,0,2,2,2
H5,392,2017,620610,     29.00,      9.00,     10.00,      9.67,0,0,0,3,3,3
H5,392,2017,620620,     26.50,      7.40,     10.00,      8.83,0,0,0,3,3,3
H5,392,2017,620630,     26.50,      7.40,     10.00,      8.83,0,0,0,3,3,3
H5,392,2017,620640,     26.50,      7.40,     10.00,      8.83,0,0,0,3,3,3
H5,392,2017,620690,     26.50,      7.40,     10.00,      8.83,0,0,0,3,3,3
H5,392,2017,620711,      7.40,      7.40,      7.40,      7.40,0,0,0,1,1,1
H5,392,2017,620719,      9.00,      9.00,      9.00,      9.00,0,0,0,1,1,1
H5,392,2017,620721,      7.40,      7.40,      7.40,      7.40,0,0,0,1,1,1
H5,392,2017,620722,      7.40,      7.40,      7.40,      7.40,0,0,0,1,1,1
H5,392,2017,620729,      9.00,      9.00,      9.00,      9.00,0,0,0,1,1,1
H5,392,2017,620791,     26.50,      7.40,     10.00,      8.83,0,0,0,3,3,3
H5,392,2017,620799,     26.50,      7.40,     10.00,      8.83,0,0,0,3,3,3
H5,392,2017,620811,      7.40,      7.40,      7.40,      7.40,0,0,0,1,1,1
H5,392,2017,620819,      9.00,      9.00,      9.00,      9.00,0,0,0,1,1,1
H5,392,2017,620821,      7.40,      7.40,      7.40,      7.40,0,0,0,1,1,1
H5,392,2017,620822,      7.40,      7.40,      7.40,      7.40,0,0,0,1,1,1
H5,392,2017,620829,      9.00,      9.00,      9.00,      9.00,0,0,0,1,1,1
H5,392,2017,620891,     26.50,      7.40,     10.00,      8.83,0,0,0,3,3,3
H5,392,2017,620892,     26.50,      7.40,     10.00,      8.83,0,0,0,3,3,3
H5,392,2017,620899,     29.00,      9.00,     10.00,      9.67,0,0,0,3,3,3
H5,392,2017,620920,     33.00,      6.50,     10.00,      8.25,0,0,0,4,4,4
H5,392,2017,620930,     33.00,      6.50,     10.00,      8.25,0,0,0,4,4,4
H5,392,2017,620990,     40.40,      6.50,     10.00,      8.08,0,0,0,5,5,5
H5,392,2017,621010,     28.20,      9.10,     10.00,      9.40,0,0,0,3,3,3
H5,392,2017,621020,     19.10,      9.10,     10.00,      9.55,0,0,0,2,2,2
H5,392,2017,621030,     19.10,      9.10,     10.00,      9.55,0,0,0,2,2,2
H5,392,2017,621040,     19.10,      9.10,     10.00,      9.55,0,0,0,2,2,2
H5,392,2017,621050,     19.10,      9.10,     10.00,      9.55,0,0,0,2,2,2
H5,392,2017,621111,      9.10,      9.10,      9.10,      9.10,0,0,0,1,1,1
H5,392,2017,621112,      9.10,      9.10,      9.10,      9.10,0,0,0,1,1,1
H5,392,2017,621120,     31.00,      9.10,     12.80,     10.33,0,0,0,3,3,3
H5,392,2017,621132,     19.10,      9.10,     10.00,      9.55,0,0,0,2,2,2
H5,392,2017,621133,     21.90,      9.10,     12.80,     10.95,0,0,0,2,2,2
H5,392,2017,621139,     19.10,      9.10,     10.00,      9.55,0,0,0,2,2,2
H5,392,2017,621142,     19.10,      9.10,     10.00,      9.55,0,0,0,2,2,2
H5,392,2017,621143,     21.90,      9.10,     12.80,     10.95,0,0,0,2,2,2
H5,392,2017,621149,     39.10,      9.10,     10.00,      9.77,0,0,0,4,4,4
H5,392,2017,621210,      0.00,      0.00,      0.00,      0.00,0,1,0,0,1,1
H5,392,2017,621220,      0.00,      0.00,      0.00,      0.00,0,1,0,0,1,1
H5,392,2017,621230,      0.00,      0.00,      0.00,      0.00,0,1,0,0,1,1
H5,392,2017,621290,      0.00,      0.00,      0.00,      0.00,0,1,0,0,1,1
H5,392,2017,621320,      6.70,      6.70,      6.70,      6.70,0,0,0,1,1,1
H5,392,2017,621390,     20.70,      5.30,      9.00,      6.90,0,0,0,3,3,3
H5,392,2017,621410,     22.60,      6.60,      8.00,      7.53,0,0,0,3,3,3
H5,392,2017,621420,     12.00,      5.40,      6.60,      6.00,0,0,0,2,2,2
H5,392,2017,621430,     14.50,      5.40,      9.10,      7.25,0,0,0,2,2,2
H5,392,2017,621440,     14.50,      5.40,      9.10,      7.25,0,0,0,2,2,2
H5,392,2017,621490,     25.50,      4.40,      9.10,      6.38,0,0,0,4,4,4
H5,392,2017,621510,     26.80,     13.40,     13.40,     13.40,0,0,0,2,2,2
H5,392,2017,621520,      8.40,      8.40,      8.40,      8.40,0,0,0,1,1,1
H5,392,2017,621590,      8.40,      8.40,      8.40,      8.40,0,0,0,1,1,1
H5,392,2017,621600,      6.50,      6.50,      6.50,      6.50,0,0,0,1,1,1
H5,392,2017,621710,     27.00,      9.00,      9.00,      9.00,0,0,0,3,3,3
H5,392,2017,621790,      9.00,      9.00,      9.00,      9.00,0,0,0,1,1,1
H5,392,2017,630110,      5.30,      5.30,      5.30,      5.30,0,0,0,1,1,1
H5,392,2017,630120,     10.60,      5.30,      5.30,      5.30,0,0,0,2,2,2
H5,392,2017,630130,     27.00,      9.00,      9.00,      9.00,0,0,0,3,3,3
H5,392,2017,630140,     10.60,      5.30,      5.30,      5.30,0,0,0,2,2,2
H5,392,2017,630190,      5.30,      5.30,      5.30,      5.30,0,0,0,1,1,1
H5,392,2017,630210,     20.00,      9.10,     10.90,     10.00,0,0,0,2,2,2
H5,392,2017,630221,      4.50,      4.50,      4.50,      4.50,0,0,0,1,1,1
H5,392,2017,630222,     10.60,      5.30,      5.30,      5.30,0,0,0,2,2,2
H5,392,2017,630229,     13.20,      5.30,      7.90,      6.60,0,0,0,2,2,2
H5,392,2017,630231,      4.50,      4.50,      4.50,      4.50,0,0,0,1,1,1
H5,392,2017,630232,     10.60,      5.30,      5.30,      5.30,0,0,0,2,2,2
H5,392,2017,630239,     13.20,      5.30,      7.90,      6.60,0,0,0,2,2,2
H5,392,2017,630240,     20.00,      9.10,     10.90,     10.00,0,0,0,2,2,2
H5,392,2017,630251,      7.40,      7.40,      7.40,      7.40,0,0,0,1,1,1
H5,392,2017,630253,     23.40,      5.30,      6.40,      5.85,0,0,0,4,4,4
H5,392,2017,630259,     19.60,      5.30,      7.90,      6.53,0,0,0,3,3,3
H5,392,2017,630260,      7.40,      7.40,      7.40,      7.40,0,0,0,1,1,1
H5,392,2017,630291,      7.40,      7.40,      7.40,      7.40,0,0,0,1,1,1
H5,392,2017,630293,     10.60,      5.30,      5.30,      5.30,0,0,0,2,2,2
H5,392,2017,630299,     13.20,      5.30,      7.90,      6.60,0,0,0,2,2,2
H5,392,2017,630312,     20.00,      9.10,     10.90,     10.00,0,0,0,2,2,2
H5,392,2017,630319,     20.00,      9.10,     10.90,     10.00,0,0,0,2,2,2
H5,392,2017,630391,      7.40,      7.40,      7.40,      7.40,0,0,0,1,1,1
H5,392,2017,630392,     10.60,      5.30,      5.30,      5.30,0,0,0,2,2,2
H5,392,2017,630399,     19.60,      5.30,      7.90,      6.53,0,0,0,3,3,3
H5,392,2017,630411,     20.00,      9.10,     10.90,     10.00,0,0,0,2,2,2
H5,392,2017,630419,     27.00,      5.30,      7.90,      6.75,0,0,0,4,4,4
H5,392,2017,630420,      9.10,      9.10,      9.10,      9.10,0,0,0,1,1,1
H5,392,2017,630491,     20.00,      9.10,     10.90,     10.00,0,0,0,2,2,2
H5,392,2017,630492,      7.40,      7.40,      7.40,      7.40,0,0,0,1,1,1
H5,392,2017,630493,     10.60,      5.30,      5.30,      5.30,0,0,0,2,2,2
H5,392,2017,630499,     19.60,      5.30,      7.90,      6.53,0,0,0,3,3,3
H5,392,2017,630510,      0.00,      0.00,      0.00,      0.00,0,1,0,0,1,1
H5,392,2017,630520,      4.00,      4.00,      4.00,      4.00,0,0,0,1,1,1
H5,392,2017,630532,      3.30,      3.30,      3.30,      3.30,0,0,0,1,1,1
H5,392,2017,630533,      6.60,      3.30,      3.30,      3.30,0,0,0,2,2,2
H5,392,2017,630539,      5.30,      5.30,      5.30,      5.30,0,0,0,1,1,1
H5,392,2017,630590,      3.30,      3.30,      3.30,      3.30,0,0,0,1,1,1
H5,392,2017,630612,      4.00,      4.00,      4.00,      4.00,0,0,0,1,1,1
H5,392,2017,630619,      9.60,      4.00,      5.60,      4.80,0,0,0,2,2,2
H5,392,2017,630622,      4.00,      4.00,      4.00,      4.00,0,0,0,1,1,1
H5,392,2017,630629,      9.60,      4.00,      5.60,      4.80,0,0,0,2,2,2
H5,392,2017,630630,      4.00,      4.00,      4.00,      4.00,0,0,0,1,1,1
H5,392,2017,630640,      9.60,      4.00,      5.60,      4.80,0,0,0,2,2,2
H5,392,2017,630690,      9.60,      4.00,      5.60,      4.80,0,0,0,2,2,2
H5,392,2017,630710,     11.20,      4.70,      6.50,      5.60,0,0,0,2,2,2
H5,392,2017,630720,     11.20,      4.70,      6.50,      5.60,0,0,0,2,2,2
H5,392,2017,630790,     15.90,      4.70,      6.50,      5.30,0,0,0,3,3,3
H5,392,2017,630800,      3.70,      3.70,      3.70,      3.70,0,0,0,1,1,1
H5,392,2017,630900,      5.80,      5.80,      5.80,      5.80,0,0,0,1,1,1
H5,392,2017,631010,      0.00,      0.00,      0.00,      0.00,0,1,0,0,1,1
H5,392,2017,631090,      0.00,      0.00,      0.00,      0.00,0,1,0,0,1,1
H5,392,2017,640110,     33.70,      6.70,     27.00,     16.85,0,0,0,2,2,2
H5,392,2017,640192,     33.70,      6.70,     27.00,     16.85,0,0,0,2,2,2
H5,392,2017,640199,      6.70,      6.70,      6.70,      6.70,0,0,0,1,1,1
H5,392,2017,640212,     35.00,      8.00,     27.00,     17.50,0,0,0,2,2,2
H5,392,2017,640219,      6.70,      6.70,      6.70,      6.70,0,0,0,1,1,1
H5,392,2017,640220,      6.70,      6.70,      6.70,      6.70,0,0,0,1,1,1
H5,392,2017,640291,      6.70,      6.70,      6.70,      6.70,0,0,0,1,1,1
H5,392,2017,640299,     26.80,      6.70,      6.70,      6.70,0,0,0,4,4,4
H5,392,2017,640312,     57.00,     27.00,     30.00,     28.50,0,0,0,2,2,2
H5,392,2017,640319,     57.00,     27.00,     30.00,     28.50,0,0,0,2,2,2
H5,392,2017,640320,     45.60,     21.60,     24.00,     22.80,2,0,0,2,2,4
H5,392,2017,640340,     45.60,     21.60,     24.00,     22.80,2,0,0,2,2,4
H5,392,2017,640351,     72.60,     21.60,     27.00,     24.20,2,0,0,3,3,5
H5,392,2017,640359,    232.20,     21.60,     30.00,     23.22,1,0,0,10,10,11
H5,392,2017,640391,    102.60,     21.60,     30.00,     25.65,2,0,0,4,4,6
H5,392,2017,640399,    223.80,     21.60,     27.00,     22.38,1,0,0,10,10,11
H5,392,2017,640411,      8.00,      8.00,      8.00,      8.00,0,0,0,1,1,1
H5,392,2017,640419,     75.40,      6.70,     30.00,     15.08,1,0,0,5,5,6
H5,392,2017,640420,    153.60,      6.70,     30.00,     21.94,3,0,0,7,7,10
H5,392,2017,640510,     65.40,      3.40,     30.00,     16.35,1,0,0,4,4,5
H5,392,2017,640520,      3.40,      3.40,      3.40,      3.40,0,0,0,1,1,1
H5,392,2017,640590,    119.40,      3.40,     30.00,     19.90,2,0,0,6,6,8
H5,392,2017,640610,     53.40,      3.40,     25.00,     17.80,0,0,0,3,3,3
H5,392,2017,640620,      3.40,      3.40,      3.40,      3.40,0,0,0,1,1,1
H5,392,2017,640690,     81.80,      3.40,     25.00,     16.36,0,0,0,5,5,5
H5,392,2017,650100,      3.60,      3.60,      3.60,      3.60,0,0,0,1,1,1
H5,392,2017,650200,      3.40,      3.40,      3.40,      3.40,0,0,0,1,1,1
H5,392,2017,650400,      4.40,      4.40,      4.40,      4.40,0,0,0,1,1,1
H5,392,2017,650500,     14.80,      3.20,      5.80,      4.93,0,0,0,3,3,3
H5,392,2017,650610,      9.20,      4.40,      4.80,      4.60,0,0,0,2,2,2
H5,392,2017,650691,      9.20,      4.40,      4.80,      4.60,0,0,0,2,2,2
H5,392,2017,650699,     14.60,      4.40,      5.40,      4.87,0,0,0,3,3,3
H5,392,2017,650700,      3.90,      3.90,      3.90,      3.90,0,0,0,1,1,1
H5,392,2017,660110,      4.30,      4.30,      4.30,      4.30,0,0,0,1,1,1
H5,392,2017,660191,      4.30,      4.30,      4.30,      4.30,0,0,0,1,1,1
H5,392,2017,660199,      4.30,      4.30,      4.30,      4.30,0,0,0,1,1,1
H5,392,2017,660200,      3.10,      3.10,      3.10,      3.10,0,0,0,1,1,1
H5,392,2017,660320,      4.30,      4.30,      4.30,      4.30,0,0,0,1,1,1
H5,392,2017,660390,      4.30,      4.30,      4.30,      4.30,0,0,0,1,1,1
H5,392,2017,670100,      3.90,      3.90,      3.90,      3.90,0,0,0,1,1,1
H5,392,2017,670210,      6.60,      6.60,      6.60,      6.60,0,0,0,1,1,1
H5,392,2017,670290,      3.90,      3.90,      3.90,      3.90,0,0,0,1,1,1
H5,392,2017,670300,      0.00,      0.00,      0.00,      0.00,0,1,0,0,1,1
H5,392,2017,670411,      0.00,      0.00,      0.00,      0.00,0,1,0,0,1,1
H5,392,2017,670419,      0.00,      0.00,      0.00,      0.00,0,1,0,0,1,1
H5,392,2017,670420,      0.00,      0.00,      0.00,      0.00,0,1,0,0,1,1
H5,392,2017,670490,      0.00,      0.00,      0.00,      0.00,0,1,0,0,1,1
H5,392,2017,680100,      0.00,      0.00,      0.00,      0.00,0,1,0,0,1,1
H5,392,2017,680210,      0.00,      0.00,      0.00,      0.00,0,1,0,0,1,1
H5,392,2017,680221,      0.00,      0.00,      0.00,      0.00,0,1,0,0,1,1
H5,392,2017,680223,      0.00,      0.00,      0.00,      0.00,0,1,0,0,1,1
H5,392,2017,680229,      0.00,      0.00,      0.00,      0.00,0,1,0,0,1,1
H5,392,2017,680291,      0.00,      0.00,      0.00,      0.00,0,3,0,0,3,3
H5,392,2017,680292,      0.00,      0.00,      0.00,      0.00,0,1,0,0,1,1
H5,392,2017,680293,      0.00,      0.00,      0.00,      0.00,0,1,0,0,1,1
H5,392,2017,680299,      0.00,      0.00,      0.00,      0.00,0,1,0,0,1,1
H5,392,2017,680300,      0.00,      0.00,      0.00,      0.00,0,1,0,0,1,1
H5,392,2017,680410,      3.80,      1.50,      2.30,      1.90,0,0,0,2,2,2
H5,392,2017,680421,      2.30,      2.30,      2.30,      2.30,0,0,0,1,1,1
H5,392,2017,680422,      6.10,      1.50,      2.30,      2.03,0,0,0,3,3,3
H5,392,2017,680423,      1.50,      1.50,      1.50,      1.50,0,0,0,1,1,1
H5,392,2017,680430,      2.60,      2.60,      2.60,      2.60,0,0,0,1,1,1
H5,392,2017,680510,      3.50,      3.50,      3.50,      3.50,0,0,0,1,1,1
H5,392,2017,680520,      3.50,      3.50,      3.50,      3.50,0,0,0,1,1,1
H5,392,2017,680530,      3.50,      3.50,      3.50,      3.50,0,0,0,1,1,1
H5,392,2017,680610,      0.00,      0.00,      0.00,      0.00,0,1,0,0,1,1
H5,392,2017,680620,      0.00,      0.00,      0.00,      0.00,0,1,0,0,1,1
H5,392,2017,680690,      0.00,      0.00,      0.00,      0.00,0,1,0,0,1,1
H5,392,2017,680710,      0.00,      0.00,      0.00,      0.00,0,1,0,0,1,1
H5,392,2017,680790,      0.00,      0.00,      0.00,      0.00,0,1,0,0,1,1
H5,392,2017,680800,      0.00,      0.00,      0.00,      0.00,0,1,0,0,1,1
H5,392,2017,680911,      0.00,      0.00,      0.00,      0.00,0,1,0,0,1,1
H5,392,2017,680919,      0.00,      0.00,      0.00,      0.00,0,1,0,0,1,1
H5,392,2017,680990,      0.00,      0.00,      0.00,      0.00,0,1,0,0,1,1
H5,392,2017,681011,      0.00,      0.00,      0.00,      0.00,0,1,0,0,1,1
H5,392,2017,681019,      0.00,      0.00,      0.00,      0.00,0,1,0,0,1,1
H5,392,2017,681091,      0.00,      0.00,      0.00,      0.00,0,1,0,0,1,1
H5,392,2017,681099,      0.00,      0.00,      0.00,      0.00,0,1,0,0,1,1
H5,392,2017,681140,      2.60,      2.60,      2.60,      2.60,0,0,0,1,1,1
H5,392,2017,681181,      2.60,      2.60,      2.60,      2.60,0,0,0,1,1,1
H5,392,2017,681182,      2.60,      2.60,      2.60,      2.60,0,0,0,1,1,1
H5,392,2017,681189,      2.60,      2.60,      2.60,      2.60,0,0,0,1,1,1
H5,392,2017,681280,      2.60,      2.60,      2.60,      2.60,0,0,0,1,1,1
H5,392,2017,681291,      2.60,      2.60,      2.60,      2.60,0,0,0,1,1,1
H5,392,2017,681292,      2.60,      2.60,      2.60,      2.60,0,0,0,1,1,1
H5,392,2017,681293,      2.60,      2.60,      2.60,      2.60,0,0,0,1,1,1
H5,392,2017,681299,      2.60,      2.60,      2.60,      2.60,0,0,0,1,1,1
H5,392,2017,681320,      2.30,      0.00,      2.30,      1.15,0,1,0,1,2,2
H5,392,2017,681381,      2.30,      0.00,      2.30,      1.15,0,1,0,1,2,2
H5,392,2017,681389,      2.30,      0.00,      2.30,      1.15,0,1,0,1,2,2
H5,392,2017,681410,      0.00,      0.00,      0.00,      0.00,0,1,0,0,1,1
H5,392,2017,681490,      0.00,      0.00,      0.00,      0.00,0,1,0,0,1,1
H5,392,2017,681510,      0.00,      0.00,      0.00,      0.00,0,1,0,0,1,1
H5,392,2017,681520,      0.00,      0.00,      0.00,      0.00,0,1,0,0,1,1
H5,392,2017,681591,      0.00,      0.00,      0.00,      0.00,0,1,0,0,1,1
H5,392,2017,681599,      0.00,      0.00,      0.00,      0.00,0,2,0,0,2,2
H5,392,2017,690100,      0.00,      0.00,      0.00,      0.00,0,1,0,0,1,1
H5,392,2017,690210,      1.50,      1.50,      1.50,      1.50,0,0,0,1,1,1
H5,392,2017,690220,      1.50,      1.50,      1.50,      1.50,0,0,0,1,1,1
H5,392,2017,690290,      1.50,      1.50,      1.50,      1.50,0,0,0,1,1,1
H5,392,2017,690310,      3.50,      3.50,      3.50,      3.50,0,0,0,1,1,1
H5,392,2017,690320,      3.50,      3.50,      3.50,      3.50,0,0,0,1,1,1
H5,392,2017,690390,      3.50,      3.50,      3.50,      3.50,0,0,0,1,1,1
H5,392,2017,690410,      0.00,      0.00,      0.00,      0.00,0,1,0,0,1,1
H5,392,2017,690490,      0.00,      0.00,      0.00,      0.00,0,1,0,0,1,1
H5,392,2017,690510,      2.00,      2.00,      2.00,      2.00,0,0,0,1,1,1
H5,392,2017,690590,      2.00,      2.00,      2.00,      2.00,0,0,0,1,1,1
H5,392,2017,690600,      0.00,      0.00,      0.00,      0.00,0,1,0,0,1,1
H5,392,2017,690721,      1.70,      1.70,      1.70,      1.70,0,0,0,1,1,1
H5,392,2017,690722,      1.70,      1.70,      1.70,      1.70,0,0,0,1,1,1
H5,392,2017,690723,      1.70,      1.70,      1.70,      1.70,0,0,0,1,1,1
H5,392,2017,690730,      1.70,      1.70,      1.70,      1.70,0,0,0,1,1,1
H5,392,2017,690740,      1.70,      1.70,      1.70,      1.70,0,0,0,1,1,1
H5,392,2017,690911,      0.00,      0.00,      0.00,      0.00,0,2,0,0,2,2
H5,392,2017,690912,      0.00,      0.00,      0.00,      0.00,0,2,0,0,2,2
H5,392,2017,690919,      0.00,      0.00,      0.00,      0.00,0,2,0,0,2,2
H5,392,2017,690990,      0.00,      0.00,      0.00,      0.00,0,1,0,0,1,1
H5,392,2017,691010,      0.00,      0.00,      0.00,      0.00,0,1,0,0,1,1
H5,392,2017,691090,      0.00,      0.00,      0.00,      0.00,0,1,0,0,1,1
H5,392,2017,691110,      2.30,      2.30,      2.30,      2.30,0,0,0,1,1,1
H5,392,2017,691190,      2.30,      2.30,      2.30,      2.30,0,0,0,1,1,1
H5,392,2017,691200,      2.30,      2.30,      2.30,      2.30,0,0,0,1,1,1
H5,392,2017,691310,      2.30,      2.30,      2.30,      2.30,0,0,0,1,1,1
H5,392,2017,691390,      2.30,      2.30,      2.30,      2.30,0,0,0,1,1,1
H5,392,2017,691410,      0.00,      0.00,      0.00,      0.00,0,1,0,0,1,1
H5,392,2017,691490,      0.00,      0.00,      0.00,      0.00,0,1,0,0,1,1
H5,392,2017,700100,      0.00,      0.00,      0.00,      0.00,0,1,0,0,1,1
H5,392,2017,700210,      0.00,      0.00,      0.00,      0.00,0,1,0,0,1,1
H5,392,2017,700220,      0.00,      0.00,      0.00,      0.00,0,1,0,0,1,1
H5,392,2017,700231,      0.00,      0.00,      0.00,      0.00,0,1,0,0,1,1
H5,392,2017,700232,      0.00,      0.00,      0.00,      0.00,0,1,0,0,1,1
H5,392,2017,700239,      0.00,      0.00,      0.00,      0.00,0,1,0,0,1,1
H5,392,2017,700312,      0.00,      0.00,      0.00,      0.00,0,1,0,0,1,1
H5,392,2017,700319,      0.00,      0.00,      0.00,      0.00,0,1,0,0,1,1
H5,392,2017,700320,      0.00,      0.00,      0.00,      0.00,0,1,0,0,1,1
H5,392,2017,700330,      0.00,      0.00,      0.00,      0.00,0,1,0,0,1,1
H5,392,2017,700420,      0.00,      0.00,      0.00,      0.00,0,1,0,0,1,1
H5,392,2017,700490,      0.00,      0.00,      0.00,      0.00,0,1,0,0,1,1
H5,392,2017,700510,      4.20,      0.00,      4.20,      2.10,0,1,0,1,2,2
H5,392,2017,700521,      8.40,      4.20,      4.20,      4.20,0,0,0,2,2,2
H5,392,2017,700529,     11.50,      3.10,      4.20,      3.83,0,0,0,3,3,3
H5,392,2017,700530,      4.20,      4.20,      4.20,      4.20,0,0,0,1,1,1
H5,392,2017,700600,      0.00,      0.00,      0.00,      0.00,0,1,0,0,1,1
H5,392,2017,700711,      3.50,      0.00,      3.50,      1.75,0,1,0,1,2,2
H5,392,2017,700719,      3.50,      3.50,      3.50,      3.50,0,0,0,1,1,1
H5,392,2017,700721,      0.00,      0.00,      0.00,      0.00,0,2,0,0,2,2
H5,392,2017,700729,      3.50,      3.50,      3.50,      3.50,0,0,0,1,1,1
H5,392,2017,700800,      0.00,      0.00,      0.00,      0.00,0,1,0,0,1,1
H5,392,2017,700910,      0.00,      0.00,      0.00,      0.00,0,1,0,0,1,1
H5,392,2017,700991,      0.00,      0.00,      0.00,      0.00,0,1,0,0,1,1
H5,392,2017,700992,      0.00,      0.00,      0.00,      0.00,0,1,0,0,1,1
H5,392,2017,701010,      0.00,      0.00,      0.00,      0.00,0,1,0,0,1,1
H5,392,2017,701020,      0.00,      0.00,      0.00,      0.00,0,1,0,0,1,1
H5,392,2017,701090,      0.00,      0.00,      0.00,      0.00,0,1,0,0,1,1
H5,392,2017,701110,      0.00,      0.00,      0.00,      0.00,0,1,0,0,1,1
H5,392,2017,701120,      0.00,      0.00,      0.00,      0.00,0,1,0,0,1,1
H5,392,2017,701190,      0.00,      0.00,      0.00,      0.00,0,1,0,0,1,1
H5,392,2017,701310,      3.10,      3.10,      3.10,      3.10,0,0,0,1,1,1
H5,392,2017,701322,      3.10,      3.10,      3.10,      3.10,0,0,0,1,1,1
H5,392,2017,701328,      3.10,      3.10,      3.10,      3.10,0,0,0,1,1,1
H5,392,2017,701333,      3.10,      3.10,      3.10,      3.10,0,0,0,1,1,1
H5,392,2017,701337,      3.10,      3.10,      3.10,      3.10,0,0,0,1,1,1
H5,392,2017,701341,      3.90,      3.90,      3.90,      3.90,0,0,0,1,1,1
H5,392,2017,701342,      3.90,      3.90,      3.90,      3.90,0,0,0,1,1,1
H5,392,2017,701349,      3.90,      3.90,      3.90,      3.90,0,0,0,1,1,1
H5,392,2017,701391,      3.90,      3.90,      3.90,      3.90,0,0,0,1,1,1
H5,392,2017,701399,      3.90,      3.90,      3.90,      3.90,0,0,0,1,1,1
H5,392,2017,701400,      0.00,      0.00,      0.00,      0.00,0,1,0,0,1,1
H5,392,2017,701510,      0.00,      0.00,      0.00,      0.00,0,1,0,0,1,1
H5,392,2017,701590,      0.00,      0.00,      0.00,      0.00,0,1,0,0,1,1
H5,392,2017,701610,      0.00,      0.00,      0.00,      0.00,0,1,0,0,1,1
H5,392,2017,701690,      3.10,      0.00,      3.10,      1.55,0,1,0,1,2,2
H5,392,2017,701710,      0.00,      0.00,      0.00,      0.00,0,1,0,0,1,1
H5,392,2017,701720,      0.00,      0.00,      0.00,      0.00,0,1,0,0,1,1
H5,392,2017,701790,      0.00,      0.00,      0.00,      0.00,0,1,0,0,1,1
H5,392,2017,701810,      8.00,      8.00,      8.00,      8.00,0,0,0,1,1,1
H5,392,2017,701820,      6.60,      6.60,      6.60,      6.60,0,0,0,1,1,1
H5,392,2017,701890,      6.60,      0.00,      6.60,      3.30,0,1,0,1,2,2
H5,392,2017,701911,      0.00,      0.00,      0.00,      0.00,0,1,0,0,1,1
H5,392,2017,701912,      0.00,      0.00,      0.00,      0.00,0,1,0,0,1,1
H5,392,2017,701919,      0.00,      0.00,      0.00,      0.00,0,2,0,0,2,2
H5,392,2017,701931,      0.00,      0.00,      0.00,      0.00,0,1,0,0,1,1
H5,392,2017,701932,      0.00,      0.00,      0.00,      0.00,0,1,0,0,1,1
H5,392,2017,701939,      0.00,      0.00,      0.00,      0.00,0,1,0,0,1,1
H5,392,2017,701940,      0.00,      0.00,      0.00,      0.00,0,1,0,0,1,1
H5,392,2017,701951,      0.00,      0.00,      0.00,      0.00,0,1,0,0,1,1
H5,392,2017,701952,      0.00,      0.00,      0.00,      0.00,0,1,0,0,1,1
H5,392,2017,701959,      0.00,      0.00,      0.00,      0.00,0,1,0,0,1,1
H5,392,2017,701990,      0.00,      0.00,      0.00,      0.00,0,1,0,0,1,1
H5,392,2017,702000,      0.00,      0.00,      0.00,      0.00,0,1,0,0,1,1
H5,392,2017,710110,      0.00,      0.00,      0.00,      0.00,0,1,0,0,1,1
H5,392,2017,710121,      0.00,      0.00,      0.00,      0.00,0,3,0,0,3,3
H5,392,2017,710122,      0.00,      0.00,      0.00,      0.00,0,3,0,0,3,3
H5,392,2017,710210,      0.00,      0.00,      0.00,      0.00,0,1,0,0,1,1
H5,392,2017,710221,      0.00,      0.00,      0.00,      0.00,0,1,0,0,1,1
H5,392,2017,710229,      0.00,      0.00,      0.00,      0.00,0,1,0,0,1,1
H5,392,2017,710231,      0.00,      0.00,      0.00,      0.00,0,1,0,0,1,1
H5,392,2017,710239,      0.00,      0.00,      0.00,      0.00,0,1,0,0,1,1
H5,392,2017,710310,      0.00,      0.00,      0.00,      0.00,0,1,0,0,1,1
H5,392,2017,710391,      0.00,      0.00,      0.00,      0.00,0,1,0,0,1,1
H5,392,2017,710399,      0.00,      0.00,      0.00,      0.00,0,1,0,0,1,1
H5,392,2017,710410,      0.00,      0.00,      0.00,      0.00,0,1,0,0,1,1
H5,392,2017,710420,      0.00,      0.00,      0.00,      0.00,0,1,0,0,1,1
H5,392,2017,710490,      0.00,      0.00,      0.00,      0.00,0,1,0,0,1,1
H5,392,2017,710510,      0.00,      0.00,      0.00,      0.00,0,1,0,0,1,1
H5,392,2017,710590,      0.00,      0.00,      0.00,      0.00,0,1,0,0,1,1
H5,392,2017,710610,      0.00,      0.00,      0.00,      0.00,0,1,0,0,1,1
H5,392,2017,710691,      0.00,      0.00,      0.00,      0.00,0,1,0,0,1,1
H5,392,2017,710692,      0.00,      0.00,      0.00,      0.00,0,3,0,0,3,3
H5,392,2017,710700,      0.00,      0.00,      0.00,      0.00,0,1,0,0,1,1
H5,392,2017,710811,      0.00,      0.00,      0.00,      0.00,0,1,0,0,1,1
H5,392,2017,710812,      0.00,      0.00,      0.00,      0.00,0,1,0,0,1,1
H5,392,2017,710813,      0.00,      0.00,      0.00,      0.00,0,2,0,0,2,2
H5,392,2017,710820,      0.00,      0.00,      0.00,      0.00,0,1,0,0,1,1
H5,392,2017,710900,      0.00,      0.00,      0.00,      0.00,0,1,0,0,1,1
H5,392,2017,711011,      0.00,      0.00,      0.00,      0.00,0,1,0,0,1,1
H5,392,2017,711019,      0.00,      0.00,      0.00,      0.00,0,3,0,0,3,3
H5,392,2017,711021,      0.00,      0.00,      0.00,      0.00,0,1,0,0,1,1
H5,392,2017,711029,      0.00,      0.00,      0.00,      0.00,0,1,0,0,1,1
H5,392,2017,711031,      0.00,      0.00,      0.00,      0.00,0,2,0,0,2,2
H5,392,2017,711039,      0.00,      0.00,      0.00,      0.00,0,1,0,0,1,1
H5,392,2017,711041,      0.00,      0.00,      0.00,      0.00,0,1,0,0,1,1
H5,392,2017,711049,      0.00,      0.00,      0.00,      0.00,0,1,0,0,1,1
H5,392,2017,711100,      0.00,      0.00,      0.00,      0.00,0,1,0,0,1,1
H5,392,2017,711230,      0.00,      0.00,      0.00,      0.00,0,2,0,0,2,2
H5,392,2017,711291,      0.00,      0.00,      0.00,      0.00,0,1,0,0,1,1
H5,392,2017,711292,      0.00,      0.00,      0.00,      0.00,0,1,0,0,1,1
H5,392,2017,711299,      0.00,      0.00,      0.00,      0.00,0,1,0,0,1,1
H5,392,2017,711311,      5.20,      5.20,      5.20,      5.20,0,0,0,1,1,1
H5,392,2017,711319,     16.00,      5.20,      5.40,      5.33,0,0,0,3,3,3
H5,392,2017,711320,      5.40,      5.40,      5.40,      5.40,0,0,0,1,1,1
H5,392,2017,711411,      5.40,      5.40,      5.40,      5.40,0,0,0,1,1,1
H5,392,2017,711419,      3.30,      3.30,      3.30,      3.30,0,0,0,1,1,1
H5,392,2017,711420,      3.30,      3.30,      3.30,      3.30,0,0,0,1,1,1
H5,392,2017,711510,      0.00,      0.00,      0.00,      0.00,0,1,0,0,1,1
H5,392,2017,711590,      0.00,      0.00,      0.00,      0.00,0,1,0,0,1,1
H5,392,2017,711610,      5.20,      5.20,      5.20,      5.20,0,0,0,1,1,1
H5,392,2017,711620,     12.90,      2.50,      5.20,      4.30,0,0,0,3,3,3
H5,392,2017,711711,     10.70,      5.30,      5.40,      5.35,0,0,0,2,2,2
H5,392,2017,711719,      7.40,      3.70,      3.70,      3.70,0,0,0,2,2,2
H5,392,2017,711790,     31.10,      2.70,     10.00,      5.18,0,0,0,6,6,6
H5,392,2017,711810,      0.00,      0.00,      0.00,      0.00,0,1,0,0,1,1
H5,392,2017,711890,      0.00,      0.00,      0.00,      0.00,0,2,0,0,2,2
H5,392,2017,720110,      0.00,      0.00,      0.00,      0.00,0,3,0,0,3,3
H5,392,2017,720120,      0.00,      0.00,      0.00,      0.00,0,1,0,0,1,1
H5,392,2017,720150,      0.00,      0.00,      0.00,      0.00,0,1,0,0,1,1
H5,392,2017,720211,      6.30,      6.30,      6.30,      6.30,0,0,0,1,1,1
H5,392,2017,720219,      6.30,      6.30,      6.30,      6.30,0,0,0,1,1,1
H5,392,2017,720221,      0.00,      0.00,      0.00,      0.00,0,1,0,0,1,1
H5,392,2017,720229,      2.50,      2.50,      2.50,      2.50,0,0,0,1,1,1
H5,392,2017,720230,      2.50,      2.50,      2.50,      2.50,0,0,0,1,1,1
H5,392,2017,720241,      0.00,      0.00,      0.00,      0.00,0,1,0,0,1,1
H5,392,2017,720249,      5.30,      5.30,      5.30,      5.30,0,0,0,1,1,1
H5,392,2017,720250,      2.50,      2.50,      2.50,      2.50,0,0,0,1,1,1
H5,392,2017,720260,      6.60,      3.30,      3.30,      3.30,0,0,0,2,2,2
H5,392,2017,720270,      3.30,      3.30,      3.30,      3.30,0,0,0,1,1,1
H5,392,2017,720280,      4.50,      2.00,      2.50,      2.25,0,0,0,2,2,2
H5,392,2017,720291,      2.50,      2.50,      2.50,      2.50,0,0,0,1,1,1
H5,392,2017,720292,      2.50,      2.50,      2.50,      2.50,0,0,0,1,1,1
H5,392,2017,720293,      0.00,      0.00,      0.00,      0.00,0,1,0,0,1,1
H5,392,2017,720299,      5.00,      2.50,      2.50,      2.50,0,0,0,2,2,2
H5,392,2017,720310,      0.00,      0.00,      0.00,      0.00,0,1,0,0,1,1
H5,392,2017,720390,      0.00,      0.00,      0.00,      0.00,0,1,0,0,1,1
H5,392,2017,720410,      0.00,      0.00,      0.00,      0.00,0,1,0,0,1,1
H5,392,2017,720421,      0.00,      0.00,      0.00,      0.00,0,1,0,0,1,1
H5,392,2017,720429,      0.00,      0.00,      0.00,      0.00,0,1,0,0,1,1
H5,392,2017,720430,      0.00,      0.00,      0.00,      0.00,0,1,0,0,1,1
H5,392,2017,720441,      0.00,      0.00,      0.00,      0.00,0,1,0,0,1,1
H5,392,2017,720449,      0.00,      0.00,      0.00,      0.00,0,1,0,0,1,1
H5,392,2017,720450,      8.10,      3.40,      4.70,      4.05,0,0,0,2,2,2
H5,392,2017,720510,      0.00,      0.00,      0.00,      0.00,0,1,0,0,1,1
H5,392,2017,720521,      0.00,      0.00,      0.00,      0.00,0,2,0,0,2,2
H5,392,2017,720529,      0.00,      0.00,      0.00,      0.00,0,1,0,0,1,1
H5,392,2017,720610,      0.00,      0.00,      0.00,      0.00,0,2,0,0,2,2
H5,392,2017,720690,      3.90,      0.00,      3.90,      1.95,0,1,0,1,2,2
H5,392,2017,720711,      0.00,      0.00,      0.00,      0.00,0,1,0,0,1,1
H5,392,2017,720712,      0.00,      0.00,      0.00,      0.00,0,1,0,0,1,1
H5,392,2017,720719,      0.00,      0.00,      0.00,      0.00,0,1,0,0,1,1
H5,392,2017,720720,      0.00,      0.00,      0.00,      0.00,0,4,0,0,4,4
H5,392,2017,720810,      0.00,      0.00,      0.00,      0.00,0,3,0,0,3,3
H5,392,2017,720825,      0.00,      0.00,      0.00,      0.00,0,4,0,0,4,4
H5,392,2017,720826,      0.00,      0.00,      0.00,      0.00,0,4,0,0,4,4
H5,392,2017,720827,      0.00,      0.00,      0.00,      0.00,0,4,0,0,4,4
H5,392,2017,720836,      0.00,      0.00,      0.00,      0.00,0,3,0,0,3,3
H5,392,2017,720837,      0.00,      0.00,      0.00,      0.00,0,4,0,0,4,4
H5,392,2017,720838,      0.00,      0.00,      0.00,      0.00,0,3,0,0,3,3
H5,392,2017,720839,      0.00,      0.00,      0.00,      0.00,0,3,0,0,3,3
H5,392,2017,720840,      0.00,      0.00,      0.00,      0.00,0,3,0,0,3,3
H5,392,2017,720851,      0.00,      0.00,      0.00,      0.00,0,6,0,0,6,6
H5,392,2017,720852,      0.00,      0.00,      0.00,      0.00,0,6,0,0,6,6
H5,392,2017,720853,      0.00,      0.00,      0.00,      0.00,0,3,0,0,3,3
H5,392,2017,720854,      0.00,      0.00,      0.00,      0.00,0,3,0,0,3,3
H5,392,2017,720890,      0.00,      0.00,      0.00,      0.00,0,1,0,0,1,1
H5,392,2017,720915,      0.00,      0.00,      0.00,      0.00,0,3,0,0,3,3
H5,392,2017,720916,      0.00,      0.00,      0.00,      0.00,0,4,0,0,4,4
H5,392,2017,720917,      0.00,      0.00,      0.00,      0.00,0,4,0,0,4,4
H5,392,2017,720918,      0.00,      0.00,      0.00,      0.00,0,3,0,0,3,3
H5,392,2017,720925,      0.00,      0.00,      0.00,      0.00,0,3,0,0,3,3
H5,392,2017,720926,      0.00,      0.00,      0.00,      0.00,0,3,0,0,3,3
H5,392,2017,720927,      0.00,      0.00,      0.00,      0.00,0,3,0,0,3,3
H5,392,2017,720928,      0.00,      0.00,      0.00,      0.00,0,3,0,0,3,3
H5,392,2017,720990,      0.00,      0.00,      0.00,      0.00,0,1,0,0,1,1
H5,392,2017,721011,      0.00,      0.00,      0.00,      0.00,0,1,0,0,1,1
H5,392,2017,721012,      0.00,      0.00,      0.00,      0.00,0,1,0,0,1,1
H5,392,2017,721020,      0.00,      0.00,      0.00,      0.00,0,1,0,0,1,1
H5,392,2017,721030,      0.00,      0.00,      0.00,      0.00,0,3,0,0,3,3
H5,392,2017,721041,      0.00,      0.00,      0.00,      0.00,0,1,0,0,1,1
H5,392,2017,721049,      0.00,      0.00,      0.00,      0.00,0,2,0,0,2,2
H5,392,2017,721050,      0.00,      0.00,      0.00,      0.00,0,2,0,0,2,2
H5,392,2017,721061,      0.00,      0.00,      0.00,      0.00,0,1,0,0,1,1
H5,392,2017,721069,      0.00,      0.00,      0.00,      0.00,0,1,0,0,1,1
H5,392,2017,721070,      0.00,      0.00,      0.00,      0.00,0,1,0,0,1,1
H5,392,2017,721090,      0.00,      0.00,      0.00,      0.00,0,2,0,0,2,2
H5,392,2017,721113,      0.00,      0.00,      0.00,      0.00,0,3,0,0,3,3
H5,392,2017,721114,      0.00,      0.00,      0.00,      0.00,0,3,0,0,3,3
H5,392,2017,721119,      0.00,      0.00,      0.00,      0.00,0,3,0,0,3,3
H5,392,2017,721123,      0.00,      0.00,      0.00,      0.00,0,1,0,0,1,1
H5,392,2017,721129,      0.00,      0.00,      0.00,      0.00,0,2,0,0,2,2
H5,392,2017,721190,      0.00,      0.00,      0.00,      0.00,0,1,0,0,1,1
H5,392,2017,721210,      0.00,      0.00,      0.00,      0.00,0,1,0,0,1,1
H5,392,2017,721220,      0.00,      0.00,      0.00,      0.00,0,3,0,0,3,3
H5,392,2017,721230,      0.00,      0.00,      0.00,      0.00,0,1,0,0,1,1
H5,392,2017,721240,      0.00,      0.00,      0.00,      0.00,0,1,0,0,1,1
H5,392,2017,721250,      0.00,      0.00,      0.00,      0.00,0,2,0,0,2,2
H5,392,2017,721260,      0.00,      0.00,      0.00,      0.00,0,2,0,0,2,2
H5,392,2017,721310,      0.00,      0.00,      0.00,      0.00,0,1,0,0,1,1
H5,392,2017,721320,      0.00,      0.00,      0.00,      0.00,0,1,0,0,1,1
H5,392,2017,721391,      0.00,      0.00,      0.00,      0.00,0,4,0,0,4,4
H5,392,2017,721399,      0.00,      0.00,      0.00,      0.00,0,2,0,0,2,2
H5,392,2017,721410,      0.00,      0.00,      0.00,      0.00,0,1,0,0,1,1
H5,392,2017,721420,      0.00,      0.00,      0.00,      0.00,0,1,0,0,1,1
H5,392,2017,721430,      0.00,      0.00,      0.00,      0.00,0,1,0,0,1,1
H5,392,2017,721491,      0.00,      0.00,      0.00,      0.00,0,2,0,0,2,2
H5,392,2017,721499,      0.00,      0.00,      0.00,      0.00,0,2,0,0,2,2
H5,392,2017,721510,      0.00,      0.00,      0.00,      0.00,0,1,0,0,1,1
H5,392,2017,721550,      0.00,      0.00,      0.00,      0.00,0,3,0,0,3,3
H5,392,2017,721590,      0.00,      0.00,      0.00,      0.00,0,2,0,0,2,2
H5,392,2017,721610,      0.00,      0.00,      0.00,      0.00,0,1,0,0,1,1
H5,392,2017,721621,      0.00,      0.00,      0.00,      0.00,0,1,0,0,1,1
H5,392,2017,721622,      0.00,      0.00,      0.00,      0.00,0,1,0,0,1,1
H5,392,2017,721631,      0.00,      0.00,      0.00,      0.00,0,1,0,0,1,1
H5,392,2017,721632,      0.00,      0.00,      0.00,      0.00,0,1,0,0,1,1
H5,392,2017,721633,      0.00,      0.00,      0.00,      0.00,0,1,0,0,1,1
H5,392,2017,721640,      0.00,      0.00,      0.00,      0.00,0,1,0,0,1,1
H5,392,2017,721650,      0.00,      0.00,      0.00,      0.00,0,1,0,0,1,1
H5,392,2017,721661,      0.00,      0.00,      0.00,      0.00,0,1,0,0,1,1
H5,392,2017,721669,      0.00,      0.00,      0.00,      0.00,0,1,0,0,1,1
H5,392,2017,721691,      0.00,      0.00,      0.00,      0.00,0,1,0,0,1,1
H5,392,2017,721699,      0.00,      0.00,      0.00,      0.00,0,1,0,0,1,1
H5,392,2017,721710,      0.00,      0.00,      0.00,      0.00,0,3,0,0,3,3
H5,392,2017,721720,      0.00,      0.00,      0.00,      0.00,0,4,0,0,4,4
H5,392,2017,721730,      0.00,      0.00,      0.00,      0.00,0,4,0,0,4,4
H5,392,2017,721790,      0.00,      0.00,      0.00,      0.00,0,3,0,0,3,3
H5,392,2017,721810,      0.00,      0.00,      0.00,      0.00,0,1,0,0,1,1
H5,392,2017,721891,      0.00,      0.00,      0.00,      0.00,0,1,0,0,1,1
H5,392,2017,721899,      0.00,      0.00,      0.00,      0.00,0,1,0,0,1,1
H5,392,2017,721911,      0.00,      0.00,      0.00,      0.00,0,1,0,0,1,1
H5,392,2017,721912,      0.00,      0.00,      0.00,      0.00,0,4,0,0,4,4
H5,392,2017,721913,      0.00,      0.00,      0.00,      0.00,0,4,0,0,4,4
H5,392,2017,721914,      0.00,      0.00,      0.00,      0.00,0,1,0,0,1,1
H5,392,2017,721921,      0.00,      0.00,      0.00,      0.00,0,1,0,0,1,1
H5,392,2017,721922,      0.00,      0.00,      0.00,      0.00,0,1,0,0,1,1
H5,392,2017,721923,      0.00,      0.00,      0.00,      0.00,0,1,0,0,1,1
H5,392,2017,721924,      0.00,      0.00,      0.00,      0.00,0,1,0,0,1,1
H5,392,2017,721931,      0.00,      0.00,      0.00,      0.00,0,1,0,0,1,1
H5,392,2017,721932,      0.00,      0.00,      0.00,      0.00,0,5,0,0,5,5
H5,392,2017,721933,      0.00,      0.00,      0.00,      0.00,0,6,0,0,6,6
H5,392,2017,721934,      0.00,      0.00,      0.00,      0.00,0,6,0,0,6,6
H5,392,2017,721935,      0.00,      0.00,      0.00,      0.00,0,5,0,0,5,5
H5,392,2017,721990,      0.00,      0.00,      0.00,      0.00,0,1,0,0,1,1
H5,392,2017,722011,      0.00,      0.00,      0.00,      0.00,0,1,0,0,1,1
H5,392,2017,722012,      0.00,      0.00,      0.00,      0.00,0,1,0,0,1,1
H5,392,2017,722020,      0.00,      0.00,      0.00,      0.00,0,4,0,0,4,4
H5,392,2017,722090,      0.00,      0.00,      0.00,      0.00,0,1,0,0,1,1
H5,392,2017,722100,      0.00,      0.00,      0.00,      0.00,0,1,0,0,1,1
H5,392,2017,722211,      0.00,      0.00,      0.00,      0.00,0,1,0,0,1,1
H5,392,2017,722219,      0.00,      0.00,      0.00,      0.00,0,1,0,0,1,1
H5,392,2017,722220,      0.00,      0.00,      0.00,      0.00,0,1,0,0,1,1
H5,392,2017,722230,      0.00,      0.00,      0.00,      0.00,0,1,0,0,1,1
H5,392,2017,722240,      0.00,      0.00,      0.00,      0.00,0,1,0,0,1,1
H5,392,2017,722300,      0.00,      0.00,      0.00,      0.00,0,1,0,0,1,1
H5,392,2017,722410,      0.00,      0.00,      0.00,      0.00,0,3,0,0,3,3
H5,392,2017,722490,      0.00,      0.00,      0.00,      0.00,0,3,0,0,3,3
H5,392,2017,722511,      0.00,      0.00,      0.00,      0.00,0,1,0,0,1,1
H5,392,2017,722519,      0.00,      0.00,      0.00,      0.00,0,1,0,0,1,1
H5,392,2017,722530,      0.00,      0.00,      0.00,      0.00,0,4,0,0,4,4
H5,392,2017,722540,      0.00,      0.00,      0.00,      0.00,0,4,0,0,4,4
H5,392,2017,722550,      0.00,      0.00,      0.00,      0.00,0,3,0,0,3,3
H5,392,2017,722591,      0.00,      0.00,      0.00,      0.00,0,4,0,0,4,4
H5,392,2017,722592,      0.00,      0.00,      0.00,      0.00,0,4,0,0,4,4
H5,392,2017,722599,      0.00,      0.00,      0.00,      0.00,0,4,0,0,4,4
H5,392,2017,722611,      0.00,      0.00,      0.00,      0.00,0,1,0,0,1,1
H5,392,2017,722619,      0.00,      0.00,      0.00,      0.00,0,1,0,0,1,1
H5,392,2017,722620,      0.00,      0.00,      0.00,      0.00,0,1,0,0,1,1
H5,392,2017,722691,      0.00,      0.00,      0.00,      0.00,0,2,0,0,2,2
H5,392,2017,722692,      0.00,      0.00,      0.00,      0.00,0,2,0,0,2,2
H5,392,2017,722699,      0.00,      0.00,      0.00,      0.00,0,4,0,0,4,4
H5,392,2017,722710,      0.00,      0.00,      0.00,      0.00,0,1,0,0,1,1
H5,392,2017,722720,      0.00,      0.00,      0.00,      0.00,0,1,0,0,1,1
H5,392,2017,722790,      0.00,      0.00,      0.00,      0.00,0,3,0,0,3,3
H5,392,2017,722810,      0.00,      0.00,      0.00,      0.00,0,1,0,0,1,1
H5,392,2017,722820,      0.00,      0.00,      0.00,      0.00,0,1,0,0,1,1
H5,392,2017,722830,      0.00,      0.00,      0.00,      0.00,0,2,0,0,2,2
H5,392,2017,722840,      0.00,      0.00,      0.00,      0.00,0,2,0,0,2,2
H5,392,2017,722850,      0.00,      0.00,      0.00,      0.00,0,2,0,0,2,2
H5,392,2017,722860,      0.00,      0.00,      0.00,      0.00,0,2,0,0,2,2
H5,392,2017,722870,      0.00,      0.00,      0.00,      0.00,0,2,0,0,2,2
H5,392,2017,722880,      0.00,      0.00,      0.00,      0.00,0,1,0,0,1,1
H5,392,2017,722920,      0.00,      0.00,      0.00,      0.00,0,1,0,0,1,1
H5,392,2017,722990,      0.00,      0.00,      0.00,      0.00,0,4,0,0,4,4
H5,392,2017,730110,      0.00,      0.00,      0.00,      0.00,0,2,0,0,2,2
H5,392,2017,730120,      0.00,      0.00,      0.00,      0.00,0,1,0,0,1,1
H5,392,2017,730210,      0.00,      0.00,      0.00,      0.00,0,1,0,0,1,1
H5,392,2017,730230,      3.30,      3.30,      3.30,      3.30,0,0,0,1,1,1
H5,392,2017,730240,      0.00,      0.00,      0.00,      0.00,0,1,0,0,1,1
H5,392,2017,730290,      0.00,      0.00,      0.00,      0.00,0,1,0,0,1,1
H5,392,2017,730300,      3.30,      3.30,      3.30,      3.30,0,0,0,1,1,1
H5,392,2017,730411,      0.00,      0.00,      0.00,      0.00,0,1,0,0,1,1
H5,392,2017,730419,      0.00,      0.00,      0.00,      0.00,0,2,0,0,2,2
H5,392,2017,730422,      0.00,      0.00,      0.00,      0.00,0,1,0,0,1,1
H5,392,2017,730423,      0.00,      0.00,      0.00,      0.00,0,2,0,0,2,2
H5,392,2017,730424,      0.00,      0.00,      0.00,      0.00,0,1,0,0,1,1
H5,392,2017,730429,      0.00,      0.00,      0.00,      0.00,0,2,0,0,2,2
H5,392,2017,730431,      0.00,      0.00,      0.00,      0.00,0,2,0,0,2,2
H5,392,2017,730439,      0.00,      0.00,      0.00,      0.00,0,2,0,0,2,2
H5,392,2017,730441,      0.00,      0.00,      0.00,      0.00,0,2,0,0,2,2
H5,392,2017,730449,      0.00,      0.00,      0.00,      0.00,0,2,0,0,2,2
H5,392,2017,730451,      0.00,      0.00,      0.00,      0.00,0,2,0,0,2,2
H5,392,2017,730459,      0.00,      0.00,      0.00,      0.00,0,2,0,0,2,2
H5,392,2017,730490,      0.00,      0.00,      0.00,      0.00,0,3,0,0,3,3
H5,392,2017,730511,      0.00,      0.00,      0.00,      0.00,0,2,0,0,2,2
H5,392,2017,730512,      0.00,      0.00,      0.00,      0.00,0,2,0,0,2,2
H5,392,2017,730519,      0.00,      0.00,      0.00,      0.00,0,2,0,0,2,2
H5,392,2017,730520,      0.00,      0.00,      0.00,      0.00,0,2,0,0,2,2
H5,392,2017,730531,      0.00,      0.00,      0.00,      0.00,0,2,0,0,2,2
H5,392,2017,730539,      0.00,      0.00,      0.00,      0.00,0,2,0,0,2,2
H5,392,2017,730590,      0.00,      0.00,      0.00,      0.00,0,2,0,0,2,2
H5,392,2017,730611,      0.00,      0.00,      0.00,      0.00,0,1,0,0,1,1
H5,392,2017,730619,      0.00,      0.00,      0.00,      0.00,0,2,0,0,2,2
H5,392,2017,730621,      0.00,      0.00,      0.00,      0.00,0,1,0,0,1,1
H5,392,2017,730629,      0.00,      0.00,      0.00,      0.00,0,2,0,0,2,2
H5,392,2017,730630,      0.00,      0.00,      0.00,      0.00,0,5,0,0,5,5
H5,392,2017,730640,      0.00,      0.00,      0.00,      0.00,0,1,0,0,1,1
H5,392,2017,730650,      0.00,      0.00,      0.00,      0.00,0,1,0,0,1,1
H5,392,2017,730661,      0.00,      0.00,      0.00,      0.00,0,3,0,0,3,3
H5,392,2017,730669,      0.00,      0.00,      0.00,      0.00,0,2,0,0,2,2
H5,392,2017,730690,      0.00,      0.00,      0.00,      0.00,0,2,0,0,2,2
H5,392,2017,730711,      0.00,      0.00,      0.00,      0.00,0,1,0,0,1,1
H5,392,2017,730719,      0.00,      0.00,      0.00,      0.00,0,1,0,0,1,1
H5,392,2017,730721,      0.00,      0.00,      0.00,      0.00,0,1,0,0,1,1
H5,392,2017,730722,      0.00,      0.00,      0.00,      0.00,0,1,0,0,1,1
H5,392,2017,730723,      0.00,      0.00,      0.00,      0.00,0,1,0,0,1,1
H5,392,2017,730729,      0.00,      0.00,      0.00,      0.00,0,1,0,0,1,1
H5,392,2017,730791,      0.00,      0.00,      0.00,      0.00,0,1,0,0,1,1
H5,392,2017,730792,      0.00,      0.00,      0.00,      0.00,0,1,0,0,1,1
H5,392,2017,730793,      0.00,      0.00,      0.00,      0.00,0,1,0,0,1,1
H5,392,2017,730799,      0.00,      0.00,      0.00,      0.00,0,1,0,0,1,1
H5,392,2017,730810,      0.00,      0.00,      0.00,      0.00,0,1,0,0,1,1
H5,392,2017,730820,      0.00,      0.00,      0.00,      0.00,0,1,0,0,1,1
H5,392,2017,730830,      0.00,      0.00,      0.00,      0.00,0,1,0,0,1,1
H5,392,2017,730840,      0.00,      0.00,      0.00,      0.00,0,1,0,0,1,1
H5,392,2017,730890,      0.00,      0.00,      0.00,      0.00,0,2,0,0,2,2
H5,392,2017,730900,      3.30,      3.30,      3.30,      3.30,0,0,0,1,1,1
H5,392,2017,731010,      3.30,      3.30,      3.30,      3.30,0,0,0,1,1,1
H5,392,2017,731021,      3.30,      3.30,      3.30,      3.30,0,0,0,1,1,1
H5,392,2017,731029,      6.60,      3.30,      3.30,      3.30,0,0,0,2,2,2
H5,392,2017,731100,      3.30,      3.30,      3.30,      3.30,0,0,0,1,1,1
H5,392,2017,731210,      0.00,      0.00,      0.00,      0.00,0,3,0,0,3,3
H5,392,2017,731290,      0.00,      0.00,      0.00,      0.00,0,1,0,0,1,1
H5,392,2017,731300,      0.00,      0.00,      0.00,      0.00,0,1,0,0,1,1
H5,392,2017,731412,      0.00,      0.00,      0.00,      0.00,0,1,0,0,1,1
H5,392,2017,731414,      0.00,      0.00,      0.00,      0.00,0,1,0,0,1,1
H5,392,2017,731419,      0.00,      0.00,      0.00,      0.00,0,1,0,0,1,1
H5,392,2017,731420,      0.00,      0.00,      0.00,      0.00,0,1,0,0,1,1
H5,392,2017,731431,      0.00,      0.00,      0.00,      0.00,0,1,0,0,1,1
H5,392,2017,731439,      0.00,      0.00,      0.00,      0.00,0,1,0,0,1,1
H5,392,2017,731441,      0.00,      0.00,      0.00,      0.00,0,1,0,0,1,1
H5,392,2017,731442,      0.00,      0.00,      0.00,      0.00,0,1,0,0,1,1
H5,392,2017,731449,      0.00,      0.00,      0.00,      0.00,0,1,0,0,1,1
H5,392,2017,731450,      0.00,      0.00,      0.00,      0.00,0,1,0,0,1,1
H5,392,2017,731511,      0.00,      0.00,      0.00,      0.00,0,1,0,0,1,1
H5,392,2017,731512,      0.00,      0.00,      0.00,      0.00,0,1,0,0,1,1
H5,392,2017,731519,      0.00,      0.00,      0.00,      0.00,0,1,0,0,1,1
H5,392,2017,731520,      0.00,      0.00,      0.00,      0.00,0,1,0,0,1,1
H5,392,2017,731581,      0.00,      0.00,      0.00,      0.00,0,1,0,0,1,1
H5,392,2017,731582,      0.00,      0.00,      0.00,      0.00,0,1,0,0,1,1
H5,392,2017,731589,      0.00,      0.00,      0.00,      0.00,0,1,0,0,1,1
H5,392,2017,731590,      0.00,      0.00,      0.00,      0.00,0,1,0,0,1,1
H5,392,2017,731600,      3.30,      3.30,      3.30,      3.30,0,0,0,1,1,1
H5,392,2017,731700,      0.00,      0.00,      0.00,      0.00,0,1,0,0,1,1
H5,392,2017,731811,      2.80,      2.80,      2.80,      2.80,0,0,0,1,1,1
H5,392,2017,731812,      2.80,      2.80,      2.80,      2.80,0,0,0,1,1,1
H5,392,2017,731813,      2.80,      2.80,      2.80,      2.80,0,0,0,1,1,1
H5,392,2017,731814,      2.80,      2.80,      2.80,      2.80,0,0,0,1,1,1
H5,392,2017,731815,      8.40,      2.80,      2.80,      2.80,0,0,0,3,3,3
H5,392,2017,731816,      5.60,      2.80,      2.80,      2.80,0,0,0,2,2,2
H5,392,2017,731819,      2.80,      2.80,      2.80,      2.80,0,0,0,1,1,1
H5,392,2017,731821,      2.80,      2.80,      2.80,      2.80,0,0,0,1,1,1
H5,392,2017,731822,      2.80,      2.80,      2.80,      2.80,0,0,0,1,1,1
H5,392,2017,731823,      2.80,      2.80,      2.80,      2.80,0,0,0,1,1,1
H5,392,2017,731824,      2.80,      2.80,      2.80,      2.80,0,0,0,1,1,1
H5,392,2017,731829,      2.80,      2.80,      2.80,      2.80,0,0,0,1,1,1
H5,392,2017,731940,      0.00,      0.00,      0.00,      0.00,0,1,0,0,1,1
H5,392,2017,731990,      0.00,      0.00,      0.00,      0.00,0,1,0,0,1,1
H5,392,2017,732010,      3.30,      0.00,      3.30,      1.65,0,1,0,1,2,2
H5,392,2017,732020,      3.30,      0.00,      3.30,      1.65,0,1,0,1,2,2
H5,392,2017,732090,      3.30,      0.00,      3.30,      1.65,0,1,0,1,2,2
H5,392,2017,732111,      0.00,      0.00,      0.00,      0.00,0,1,0,0,1,1
H5,392,2017,732112,      0.00,      0.00,      0.00,      0.00,0,1,0,0,1,1
H5,392,2017,732119,      0.00,      0.00,      0.00,      0.00,0,1,0,0,1,1
H5,392,2017,732181,      0.00,      0.00,      0.00,      0.00,0,1,0,0,1,1
H5,392,2017,732182,      0.00,      0.00,      0.00,      0.00,0,1,0,0,1,1
H5,392,2017,732189,      0.00,      0.00,      0.00,      0.00,0,1,0,0,1,1
H5,392,2017,732190,      0.00,      0.00,      0.00,      0.00,0,1,0,0,1,1
H5,392,2017,732211,      0.00,      0.00,      0.00,      0.00,0,1,0,0,1,1
H5,392,2017,732219,      0.00,      0.00,      0.00,      0.00,0,1,0,0,1,1
H5,392,2017,732290,      0.00,      0.00,      0.00,      0.00,0,1,0,0,1,1
H5,392,2017,732310,      0.00,      0.00,      0.00,      0.00,0,1,0,0,1,1
H5,392,2017,732391,      0.00,      0.00,      0.00,      0.00,0,1,0,0,1,1
H5,392,2017,732392,      0.00,      0.00,      0.00,      0.00,0,1,0,0,1,1
H5,392,2017,732393,      0.00,      0.00,      0.00,      0.00,0,1,0,0,1,1
H5,392,2017,732394,      0.00,      0.00,      0.00,      0.00,0,1,0,0,1,1
H5,392,2017,732399,      0.00,      0.00,      0.00,      0.00,0,1,0,0,1,1
H5,392,2017,732410,      0.00,      0.00,      0.00,      0.00,0,1,0,0,1,1
H5,392,2017,732421,      0.00,      0.00,      0.00,      0.00,0,1,0,0,1,1
H5,392,2017,732429,      0.00,      0.00,      0.00,      0.00,0,1,0,0,1,1
H5,392,2017,732490,      0.00,      0.00,      0.00,      0.00,0,1,0,0,1,1
H5,392,2017,732510,      0.00,      0.00,      0.00,      0.00,0,1,0,0,1,1
H5,392,2017,732591,      0.00,      0.00,      0.00,      0.00,0,1,0,0,1,1
H5,392,2017,732599,      0.00,      0.00,      0.00,      0.00,0,2,0,0,2,2
H5,392,2017,732611,      0.00,      0.00,      0.00,      0.00,0,1,0,0,1,1
H5,392,2017,732619,      0.00,      0.00,      0.00,      0.00,0,1,0,0,1,1
H5,392,2017,732620,      0.00,      0.00,      0.00,      0.00,0,1,0,0,1,1
H5,392,2017,732690,      0.00,      0.00,      0.00,      0.00,0,3,0,0,3,3
H5,392,2017,740100,      0.00,      0.00,      0.00,      0.00,0,2,0,0,2,2
H5,392,2017,740200,      0.00,      0.00,      0.00,      0.00,2,1,0,0,1,3
H5,392,2017,740311,      0.00,      0.00,      0.00,      0.00,2,1,0,0,1,3
H5,392,2017,740312,      0.00,      0.00,      0.00,      0.00,2,1,0,0,1,3
H5,392,2017,740313,      0.00,      0.00,      0.00,      0.00,2,1,0,0,1,3
H5,392,2017,740319,      0.00,      0.00,      0.00,      0.00,4,1,0,0,1,5
H5,392,2017,740321,      0.00,      0.00,      0.00,      0.00,0,1,0,0,1,1
H5,392,2017,740322,      0.00,      0.00,      0.00,      0.00,2,1,0,0,1,3
H5,392,2017,740329,      0.00,      0.00,      0.00,      0.00,4,2,0,0,2,6
H5,392,2017,740400,      0.00,      0.00,      0.00,      0.00,0,3,0,0,3,3
H5,392,2017,740500,      3.00,      3.00,      3.00,      3.00,0,0,0,1,1,1
H5,392,2017,740610,      3.00,      3.00,      3.00,      3.00,0,0,0,1,1,1
H5,392,2017,740620,      3.00,      3.00,      3.00,      3.00,0,0,0,1,1,1
H5,392,2017,740710,      3.00,      3.00,      3.00,      3.00,0,0,0,1,1,1
H5,392,2017,740721,      3.00,      3.00,      3.00,      3.00,0,0,0,1,1,1
H5,392,2017,740729,      9.00,      3.00,      3.00,      3.00,0,0,0,3,3,3
H5,392,2017,740811,      3.00,      3.00,      3.00,      3.00,0,0,0,1,1,1
H5,392,2017,740819,      3.00,      3.00,      3.00,      3.00,0,0,0,1,1,1
H5,392,2017,740821,      3.00,      3.00,      3.00,      3.00,0,0,0,1,1,1
H5,392,2017,740822,      3.00,      3.00,      3.00,      3.00,0,0,0,1,1,1
H5,392,2017,740829,      6.00,      3.00,      3.00,      3.00,0,0,0,2,2,2
H5,392,2017,740911,      3.00,      3.00,      3.00,      3.00,0,0,0,1,1,1
H5,392,2017,740919,      3.00,      3.00,      3.00,      3.00,0,0,0,1,1,1
H5,392,2017,740921,      3.00,      3.00,      3.00,      3.00,0,0,0,1,1,1
H5,392,2017,740929,      3.00,      3.00,      3.00,      3.00,0,0,0,1,1,1
H5,392,2017,740931,      3.00,      3.00,      3.00,      3.00,0,0,0,1,1,1
H5,392,2017,740939,      3.00,      3.00,      3.00,      3.00,0,0,0,1,1,1
H5,392,2017,740940,      3.00,      3.00,      3.00,      3.00,0,0,0,1,1,1
H5,392,2017,740990,      3.00,      3.00,      3.00,      3.00,0,0,0,1,1,1
H5,392,2017,741011,      3.00,      3.00,      3.00,      3.00,0,0,0,1,1,1
H5,392,2017,741012,      3.00,      3.00,      3.00,      3.00,0,0,0,1,1,1
H5,392,2017,741021,      3.00,      3.00,      3.00,      3.00,0,0,0,1,1,1
H5,392,2017,741022,      3.00,      3.00,      3.00,      3.00,0,0,0,1,1,1
H5,392,2017,741110,      3.00,      3.00,      3.00,      3.00,0,0,0,1,1,1
H5,392,2017,741121,      3.00,      3.00,      3.00,      3.00,0,0,0,1,1,1
H5,392,2017,741122,      3.00,      3.00,      3.00,      3.00,0,0,0,1,1,1
H5,392,2017,741129,      3.00,      3.00,      3.00,      3.00,0,0,0,1,1,1
H5,392,2017,741210,      0.00,      0.00,      0.00,      0.00,0,1,0,0,1,1
H5,392,2017,741220,      0.00,      0.00,      0.00,      0.00,0,1,0,0,1,1
H5,392,2017,741300,      3.00,      3.00,      3.00,      3.00,0,0,0,1,1,1
H5,392,2017,741510,      0.00,      0.00,      0.00,      0.00,0,1,0,0,1,1
H5,392,2017,741521,      0.00,      0.00,      0.00,      0.00,0,1,0,0,1,1
H5,392,2017,741529,      0.00,      0.00,      0.00,      0.00,0,1,0,0,1,1
H5,392,2017,741533,      0.00,      0.00,      0.00,      0.00,0,1,0,0,1,1
H5,392,2017,741539,      0.00,      0.00,      0.00,      0.00,0,1,0,0,1,1
H5,392,2017,741810,      0.00,      0.00,      0.00,      0.00,0,1,0,0,1,1
H5,392,2017,741820,      0.00,      0.00,      0.00,      0.00,0,1,0,0,1,1
H5,392,2017,741910,      0.00,      0.00,      0.00,      0.00,0,1,0,0,1,1
H5,392,2017,741991,      0.00,      0.00,      0.00,      0.00,0,1,0,0,1,1
H5,392,2017,741999,      0.00,      0.00,      0.00,      0.00,0,1,0,0,1,1
H5,392,2017,750110,      0.00,      0.00,      0.00,      0.00,0,1,0,0,1,1
H5,392,2017,750120,      3.00,      0.00,      3.00,      1.50,1,1,0,1,2,3
H5,392,2017,750210,,,,,1,0,0,0,0,1
H5,392,2017,750220,      3.00,      0.00,      3.00,      1.50,0,1,0,1,2,2
H5,392,2017,750300,      0.00,      0.00,      0.00,      0.00,0,1,0,0,1,1
H5,392,2017,750400,      3.00,      0.00,      3.00,      1.50,1,1,0,1,2,3
H5,392,2017,750511,      3.00,      3.00,      3.00,      3.00,0,0,0,1,1,1
H5,392,2017,750512,      3.00,      3.00,      3.00,      3.00,0,0,0,1,1,1
H5,392,2017,750521,      3.00,      3.00,      3.00,      3.00,0,0,0,1,1,1
H5,392,2017,750522,      3.00,      3.00,      3.00,      3.00,0,0,0,1,1,1
H5,392,2017,750610,      3.00,      0.00,      3.00,      1.50,0,1,0,1,2,2
H5,392,2017,750620,      3.00,      3.00,      3.00,      3.00,0,0,0,1,1,1
H5,392,2017,750711,      3.00,      3.00,      3.00,      3.00,0,0,0,1,1,1
H5,392,2017,750712,      0.00,      0.00,      0.00,      0.00,0,1,0,0,1,1
H5,392,2017,750720,      0.00,      0.00,      0.00,      0.00,0,1,0,0,1,1
H5,392,2017,750810,      3.00,      3.00,      3.00,      3.00,0,0,0,1,1,1
H5,392,2017,750890,      3.00,      3.00,      3.00,      3.00,0,0,0,1,1,1
H5,392,2017,760110,      0.00,      0.00,      0.00,      0.00,0,1,0,0,1,1
H5,392,2017,760120,      0.00,      0.00,      0.00,      0.00,0,1,0,0,1,1
H5,392,2017,760200,      0.00,      0.00,      0.00,      0.00,0,2,0,0,2,2
H5,392,2017,760310,      3.00,      3.00,      3.00,      3.00,0,0,0,1,1,1
H5,392,2017,760320,      3.00,      3.00,      3.00,      3.00,0,0,0,1,1,1
H5,392,2017,760410,      7.50,      7.50,      7.50,      7.50,0,0,0,1,1,1
H5,392,2017,760421,      7.50,      7.50,      7.50,      7.50,0,0,0,1,1,1
H5,392,2017,760429,      7.50,      7.50,      7.50,      7.50,0,0,0,1,1,1
H5,392,2017,760511,      7.50,      7.50,      7.50,      7.50,0,0,0,1,1,1
H5,392,2017,760519,      7.50,      7.50,      7.50,      7.50,0,0,0,1,1,1
H5,392,2017,760521,      7.50,      7.50,      7.50,      7.50,0,0,0,1,1,1
H5,392,2017,760529,      7.50,      7.50,      7.50,      7.50,0,0,0,1,1,1
H5,392,2017,760611,      2.00,      2.00,      2.00,      2.00,0,0,0,1,1,1
H5,392,2017,760612,      2.00,      0.00,      2.00,      0.67,0,2,0,1,3,3
H5,392,2017,760691,      2.00,      2.00,      2.00,      2.00,0,0,0,1,1,1
H5,392,2017,760692,      2.00,      0.00,      2.00,      0.67,0,2,0,1,3,3
H5,392,2017,760711,      7.50,      7.50,      7.50,      7.50,0,0,0,1,1,1
H5,392,2017,760719,      7.50,      7.50,      7.50,      7.50,0,0,0,1,1,1
H5,392,2017,760720,      7.50,      7.50,      7.50,      7.50,0,0,0,1,1,1
H5,392,2017,760810,      7.50,      7.50,      7.50,      7.50,0,0,0,1,1,1
H5,392,2017,760820,      7.50,      7.50,      7.50,      7.50,0,0,0,1,1,1
H5,392,2017,760900,      3.00,      3.00,      3.00,      3.00,0,0,0,1,1,1
H5,392,2017,761010,      0.00,      0.00,      0.00,      0.00,0,1,0,0,1,1
H5,392,2017,761090,      3.00,      3.00,      3.00,      3.00,0,0,0,1,1,1
H5,392,2017,761100,      3.00,      3.00,      3.00,      3.00,0,0,0,1,1,1
H5,392,2017,761210,      3.00,      3.00,      3.00,      3.00,0,0,0,1,1,1
H5,392,2017,761290,      3.00,      3.00,      3.00,      3.00,0,0,0,1,1,1
H5,392,2017,761300,      3.00,      3.00,      3.00,      3.00,0,0,0,1,1,1
H5,392,2017,761410,      3.00,      3.00,      3.00,      3.00,0,0,0,1,1,1
H5,392,2017,761490,      3.00,      3.00,      3.00,      3.00,0,0,0,1,1,1
H5,392,2017,761510,      0.00,      0.00,      0.00,      0.00,0,1,0,0,1,1
H5,392,2017,761520,      0.00,      0.00,      0.00,      0.00,0,1,0,0,1,1
H5,392,2017,761610,      3.00,      3.00,      3.00,      3.00,0,0,0,1,1,1
H5,392,2017,761691,      3.00,      3.00,      3.00,      3.00,0,0,0,1,1,1
H5,392,2017,761699,      3.00,      3.00,      3.00,      3.00,0,0,0,1,1,1
H5,392,2017,780110,      0.00,      0.00,      0.00,      0.00,2,1,0,0,1,3
H5,392,2017,780191,      2.80,      0.00,      2.80,      1.40,2,1,0,1,2,4
H5,392,2017,780199,      2.80,      0.00,      2.80,      0.93,4,2,0,1,3,7
H5,392,2017,780200,      2.10,      2.10,      2.10,      2.10,0,0,0,1,1,1
H5,392,2017,780411,      3.00,      3.00,      3.00,      3.00,0,0,0,1,1,1
H5,392,2017,780419,      3.00,      3.00,      3.00,      3.00,0,0,0,1,1,1
H5,392,2017,780420,      3.00,      3.00,      3.00,      3.00,0,0,0,1,1,1
H5,392,2017,780600,      6.00,      3.00,      3.00,      3.00,0,0,0,2,2,2
H5,392,2017,790111,      0.00,      0.00,      0.00,      0.00,2,1,0,0,1,3
H5,392,2017,790112,      0.00,      0.00,      0.00,      0.00,2,1,0,0,1,3
H5,392,2017,790120,      0.00,      0.00,      0.00,      0.00,2,1,0,0,1,3
H5,392,2017,790200,      0.00,      0.00,      0.00,      0.00,0,1,0,0,1,1
H5,392,2017,790310,      3.00,      3.00,      3.00,      3.00,0,0,0,1,1,1
H5,392,2017,790390,      3.00,      3.00,      3.00,      3.00,0,0,0,1,1,1
H5,392,2017,790400,      3.00,      3.00,      3.00,      3.00,0,0,0,1,1,1
H5,392,2017,790500,      3.00,      3.00,      3.00,      3.00,0,0,0,1,1,1
H5,392,2017,790700,      6.00,      3.00,      3.00,      3.00,0,0,0,2,2,2
H5,392,2017,800110,      0.00,      0.00,      0.00,      0.00,0,1,0,0,1,1
H5,392,2017,800120,      2.10,      2.10,      2.10,      2.10,0,0,0,1,1,1
H5,392,2017,800200,      0.00,      0.00,      0.00,      0.00,0,1,0,0,1,1
H5,392,2017,800300,      2.50,      2.50,      2.50,      2.50,0,0,0,1,1,1
H5,392,2017,800700,     11.50,      2.50,      3.00,      2.88,0,0,0,4,4,4
H5,392,2017,810110,      0.00,      0.00,      0.00,      0.00,0,1,0,0,1,1
H5,392,2017,810194,      0.00,      0.00,      0.00,      0.00,0,1,0,0,1,1
H5,392,2017,810196,      0.00,      0.00,      0.00,      0.00,0,1,0,0,1,1
H5,392,2017,810197,      0.00,      0.00,      0.00,      0.00,0,1,0,0,1,1
H5,392,2017,810199,      0.00,      0.00,      0.00,      0.00,0,2,0,0,2,2
H5,392,2017,810210,      0.00,      0.00,      0.00,      0.00,0,1,0,0,1,1
H5,392,2017,810294,      0.00,      0.00,      0.00,      0.00,0,1,0,0,1,1
H5,392,2017,810295,      0.00,      0.00,      0.00,      0.00,0,1,0,0,1,1
H5,392,2017,810296,      0.00,      0.00,      0.00,      0.00,0,1,0,0,1,1
H5,392,2017,810297,      0.00,      0.00,      0.00,      0.00,0,1,0,0,1,1
H5,392,2017,810299,      0.00,      0.00,      0.00,      0.00,0,1,0,0,1,1
H5,392,2017,810320,      3.00,      3.00,      3.00,      3.00,0,0,0,1,1,1
H5,392,2017,810330,      0.00,      0.00,      0.00,      0.00,0,1,0,0,1,1
H5,392,2017,810390,      6.00,      3.00,      3.00,      3.00,0,0,0,2,2,2
H5,392,2017,810411,      0.00,      0.00,      0.00,      0.00,0,2,0,0,2,2
H5,392,2017,810419,      0.00,      0.00,      0.00,      0.00,0,2,0,0,2,2
H5,392,2017,810420,      0.00,      0.00,      0.00,      0.00,0,1,0,0,1,1
H5,392,2017,810430,      3.00,      3.00,      3.00,      3.00,0,0,0,1,1,1
H5,392,2017,810490,      3.00,      3.00,      3.00,      3.00,0,0,0,1,1,1
H5,392,2017,810520,      0.00,      0.00,      0.00,      0.00,0,1,0,0,1,1
H5,392,2017,810530,      0.00,      0.00,      0.00,      0.00,0,1,0,0,1,1
H5,392,2017,810590,      0.00,      0.00,      0.00,      0.00,0,1,0,0,1,1
H5,392,2017,810600,      3.00,      3.00,      3.00,      3.00,0,0,0,1,1,1
H5,392,2017,810720,      3.00,      3.00,      3.00,      3.00,0,0,0,1,1,1
H5,392,2017,810730,      3.00,      3.00,      3.00,      3.00,0,0,0,1,1,1
H5,392,2017,810790,      3.00,      3.00,      3.00,      3.00,0,0,0,1,1,1
H5,392,2017,810820,      3.00,      0.00,      3.00,      1.50,0,1,0,1,2,2
H5,392,2017,810830,      3.00,      0.00,      3.00,      1.50,0,1,0,1,2,2
H5,392,2017,810890,      3.00,      0.00,      3.00,      1.50,0,1,0,1,2,2
H5,392,2017,810920,      0.00,      0.00,      0.00,      0.00,0,1,0,0,1,1
H5,392,2017,810930,      0.00,      0.00,      0.00,      0.00,0,1,0,0,1,1
H5,392,2017,810990,      0.00,      0.00,      0.00,      0.00,0,1,0,0,1,1
H5,392,2017,811010,      0.00,      0.00,      0.00,      0.00,0,1,0,0,1,1
H5,392,2017,811020,,,,,1,0,0,0,0,1
H5,392,2017,811090,,,,,1,0,0,0,0,1
H5,392,2017,811100,      3.00,      3.00,      3.00,      3.00,0,0,0,1,1,1
H5,392,2017,811212,      0.00,      0.00,      0.00,      0.00,0,1,0,0,1,1
H5,392,2017,811213,      0.00,      0.00,      0.00,      0.00,0,1,0,0,1,1
H5,392,2017,811219,      0.00,      0.00,      0.00,      0.00,0,1,0,0,1,1
H5,392,2017,811221,      3.00,      3.00,      3.00,      3.00,0,0,0,1,1,1
H5,392,2017,811222,      3.00,      3.00,      3.00,      3.00,0,0,0,1,1,1
H5,392,2017,811229,      3.00,      3.00,      3.00,      3.00,0,0,0,1,1,1
H5,392,2017,811251,      3.00,      3.00,      3.00,      3.00,0,0,0,1,1,1
H5,392,2017,811252,      3.00,      3.00,      3.00,      3.00,0,0,0,1,1,1
H5,392,2017,811259,      3.00,      3.00,      3.00,      3.00,0,0,0,1,1,1
H5,392,2017,811292,      5.50,      0.00,      3.00,      1.38,0,2,0,2,4,4
H5,392,2017,811299,      6.00,      0.00,      3.00,      1.50,0,2,0,2,4,4
H5,392,2017,811300,      3.00,      3.00,      3.00,      3.00,0,0,0,1,1,1
H5,392,2017,820110,      0.00,      0.00,      0.00,      0.00,0,1,0,0,1,1
H5,392,2017,820130,      0.00,      0.00,      0.00,      0.00,0,1,0,0,1,1
H5,392,2017,820140,      0.00,      0.00,      0.00,      0.00,0,1,0,0,1,1
H5,392,2017,820150,      0.00,      0.00,      0.00,      0.00,0,1,0,0,1,1
H5,392,2017,820160,      0.00,      0.00,      0.00,      0.00,0,1,0,0,1,1
H5,392,2017,820190,      0.00,      0.00,      0.00,      0.00,0,1,0,0,1,1
H5,392,2017,820210,      0.00,      0.00,      0.00,      0.00,0,1,0,0,1,1
H5,392,2017,820220,      0.00,      0.00,      0.00,      0.00,0,1,0,0,1,1
H5,392,2017,820231,      0.00,      0.00,      0.00,      0.00,0,1,0,0,1,1
H5,392,2017,820239,      0.00,      0.00,      0.00,      0.00,0,1,0,0,1,1
H5,392,2017,820240,      0.00,      0.00,      0.00,      0.00,0,1,0,0,1,1
H5,392,2017,820291,      0.00,      0.00,      0.00,      0.00,0,1,0,0,1,1
H5,392,2017,820299,      0.00,      0.00,      0.00,      0.00,0,1,0,0,1,1
H5,392,2017,820310,      0.00,      0.00,      0.00,      0.00,0,1,0,0,1,1
H5,392,2017,820320,      0.00,      0.00,      0.00,      0.00,0,1,0,0,1,1
H5,392,2017,820330,      0.00,      0.00,      0.00,      0.00,0,1,0,0,1,1
H5,392,2017,820340,      0.00,      0.00,      0.00,      0.00,0,1,0,0,1,1
H5,392,2017,820411,      0.00,      0.00,      0.00,      0.00,0,1,0,0,1,1
H5,392,2017,820412,      0.00,      0.00,      0.00,      0.00,0,1,0,0,1,1
H5,392,2017,820420,      0.00,      0.00,      0.00,      0.00,0,1,0,0,1,1
H5,392,2017,820510,      0.00,      0.00,      0.00,      0.00,0,1,0,0,1,1
H5,392,2017,820520,      0.00,      0.00,      0.00,      0.00,0,1,0,0,1,1
H5,392,2017,820530,      0.00,      0.00,      0.00,      0.00,0,1,0,0,1,1
H5,392,2017,820540,      0.00,      0.00,      0.00,      0.00,0,1,0,0,1,1
H5,392,2017,820551,      0.00,      0.00,      0.00,      0.00,0,1,0,0,1,1
H5,392,2017,820559,      0.00,      0.00,      0.00,      0.00,0,1,0,0,1,1
H5,392,2017,820560,      0.00,      0.00,      0.00,      0.00,0,1,0,0,1,1
H5,392,2017,820570,      0.00,      0.00,      0.00,      0.00,0,1,0,0,1,1
H5,392,2017,820590,      0.00,      0.00,      0.00,      0.00,0,1,0,0,1,1
H5,392,2017,820600,      0.00,      0.00,      0.00,      0.00,0,1,0,0,1,1
H5,392,2017,820713,      0.00,      0.00,      0.00,      0.00,0,1,0,0,1,1
H5,392,2017,820719,      0.00,      0.00,      0.00,      0.00,0,1,0,0,1,1
H5,392,2017,820720,      0.00,      0.00,      0.00,      0.00,0,1,0,0,1,1
H5,392,2017,820730,      0.00,      0.00,      0.00,      0.00,0,1,0,0,1,1
H5,392,2017,820740,      0.00,      0.00,      0.00,      0.00,0,1,0,0,1,1
H5,392,2017,820750,      0.00,      0.00,      0.00,      0.00,0,2,0,0,2,2
H5,392,2017,820760,      0.00,      0.00,      0.00,      0.00,0,1,0,0,1,1
H5,392,2017,820770,      0.00,      0.00,      0.00,      0.00,0,2,0,0,2,2
H5,392,2017,820780,      0.00,      0.00,      0.00,      0.00,0,1,0,0,1,1
H5,392,2017,820790,      0.00,      0.00,      0.00,      0.00,0,2,0,0,2,2
H5,392,2017,820810,      0.00,      0.00,      0.00,      0.00,0,1,0,0,1,1
H5,392,2017,820820,      0.00,      0.00,      0.00,      0.00,0,1,0,0,1,1
H5,392,2017,820830,      0.00,      0.00,      0.00,      0.00,0,1,0,0,1,1
H5,392,2017,820840,      0.00,      0.00,      0.00,      0.00,0,1,0,0,1,1
H5,392,2017,820890,      0.00,      0.00,      0.00,      0.00,0,1,0,0,1,1
H5,392,2017,820900,      0.00,      0.00,      0.00,      0.00,0,2,0,0,2,2
H5,392,2017,821000,      0.00,      0.00,      0.00,      0.00,0,1,0,0,1,1
H5,392,2017,821110,      3.70,      3.70,      3.70,      3.70,0,0,0,1,1,1
H5,392,2017,821191,      3.70,      3.70,      3.70,      3.70,0,0,0,1,1,1
H5,392,2017,821192,      3.70,      3.70,      3.70,      3.70,0,0,0,1,1,1
H5,392,2017,821193,      3.70,      3.70,      3.70,      3.70,0,0,0,1,1,1
H5,392,2017,821194,      3.10,      3.10,      3.10,      3.10,0,0,0,1,1,1
H5,392,2017,821195,      3.70,      3.70,      3.70,      3.70,0,0,0,1,1,1
H5,392,2017,821210,      0.00,      0.00,      0.00,      0.00,0,2,0,0,2,2
H5,392,2017,821220,      0.00,      0.00,      0.00,      0.00,0,1,0,0,1,1
H5,392,2017,821290,      0.00,      0.00,      0.00,      0.00,0,1,0,0,1,1
H5,392,2017,821300,      3.70,      3.70,      3.70,      3.70,0,0,0,1,1,1
H5,392,2017,821410,      3.70,      3.70,      3.70,      3.70,0,0,0,1,1,1
H5,392,2017,821420,      3.90,      3.90,      3.90,      3.90,0,0,0,1,1,1
H5,392,2017,821490,      3.70,      3.70,      3.70,      3.70,0,0,0,1,1,1
H5,392,2017,821510,      3.90,      3.90,      3.90,      3.90,0,0,0,1,1,1
H5,392,2017,821520,      3.90,      3.90,      3.90,      3.90,0,0,0,1,1,1
H5,392,2017,821591,      4.60,      4.60,      4.60,      4.60,0,0,0,1,1,1
H5,392,2017,821599,      3.90,      3.90,      3.90,      3.90,0,0,0,1,1,1
H5,392,2017,830110,      2.70,      2.70,      2.70,      2.70,0,0,0,1,1,1
H5,392,2017,830120,      0.00,      0.00,      0.00,      0.00,0,1,0,0,1,1
H5,392,2017,830130,      2.70,      2.70,      2.70,      2.70,0,0,0,1,1,1
H5,392,2017,830140,      2.70,      2.70,      2.70,      2.70,0,0,0,1,1,1
H5,392,2017,830150,      2.70,      2.70,      2.70,      2.70,0,0,0,1,1,1
H5,392,2017,830160,      2.70,      2.70,      2.70,      2.70,0,0,0,1,1,1
H5,392,2017,830170,      2.70,      2.70,      2.70,      2.70,0,0,0,1,1,1
H5,392,2017,830210,      2.70,      2.70,      2.70,      2.70,0,0,0,1,1,1
H5,392,2017,830220,      2.70,      2.70,      2.70,      2.70,0,0,0,1,1,1
H5,392,2017,830230,      0.00,      0.00,      0.00,      0.00,0,1,0,0,1,1
H5,392,2017,830241,      2.70,      2.70,      2.70,      2.70,0,0,0,1,1,1
H5,392,2017,830242,      2.70,      2.70,      2.70,      2.70,0,0,0,1,1,1
H5,392,2017,830249,      2.70,      2.70,      2.70,      2.70,0,0,0,1,1,1
H5,392,2017,830250,      2.70,      2.70,      2.70,      2.70,0,0,0,1,1,1
H5,392,2017,830260,      2.70,      2.70,      2.70,      2.70,0,0,0,1,1,1
H5,392,2017,830300,      0.00,      0.00,      0.00,      0.00,0,1,0,0,1,1
H5,392,2017,830400,      3.10,      3.10,      3.10,      3.10,0,0,0,1,1,1
H5,392,2017,830510,      0.00,      0.00,      0.00,      0.00,0,1,0,0,1,1
H5,392,2017,830520,      0.00,      0.00,      0.00,      0.00,0,1,0,0,1,1
H5,392,2017,830590,      0.00,      0.00,      0.00,      0.00,0,1,0,0,1,1
H5,392,2017,830610,      0.00,      0.00,      0.00,      0.00,0,1,0,0,1,1
H5,392,2017,830621,      3.10,      3.10,      3.10,      3.10,0,0,0,1,1,1
H5,392,2017,830629,      3.10,      3.10,      3.10,      3.10,0,0,0,1,1,1
H5,392,2017,830630,      3.10,      3.10,      3.10,      3.10,0,0,0,1,1,1
H5,392,2017,830710,      0.00,      0.00,      0.00,      0.00,0,1,0,0,1,1
H5,392,2017,830790,      0.00,      0.00,      0.00,      0.00,0,1,0,0,1,1
H5,392,2017,830810,      0.00,      0.00,      0.00,      0.00,0,1,0,0,1,1
H5,392,2017,830820,      0.00,      0.00,      0.00,      0.00,0,1,0,0,1,1
H5,392,2017,830890,      8.40,      3.10,      5.30,      4.20,0,0,0,2,2,2
H5,392,2017,830910,      2.60,      2.60,      2.60,      2.60,0,0,0,1,1,1
H5,392,2017,830990,      2.50,      2.50,      2.50,      2.50,0,0,0,1,1,1
H5,392,2017,831000,      0.00,      0.00,      0.00,      0.00,0,1,0,0,1,1
H5,392,2017,831110,      3.30,      3.30,      3.30,      3.30,0,0,0,1,1,1
H5,392,2017,831120,      3.30,      3.30,      3.30,      3.30,0,0,0,1,1,1
H5,392,2017,831130,      3.30,      3.30,      3.30,      3.30,0,0,0,1,1,1
H5,392,2017,831190,      3.90,      3.90,      3.90,      3.90,0,0,0,1,1,1
H5,392,2017,840110,      0.00,      0.00,      0.00,      0.00,0,1,0,0,1,1
H5,392,2017,840120,      0.00,      0.00,      0.00,      0.00,0,1,0,0,1,1
H5,392,2017,840130,      0.00,      0.00,      0.00,      0.00,0,1,0,0,1,1
H5,392,2017,840140,      0.00,      0.00,      0.00,      0.00,0,1,0,0,1,1
H5,392,2017,840211,      0.00,      0.00,      0.00,      0.00,0,1,0,0,1,1
H5,392,2017,840212,      0.00,      0.00,      0.00,      0.00,0,1,0,0,1,1
H5,392,2017,840219,      0.00,      0.00,      0.00,      0.00,0,1,0,0,1,1
H5,392,2017,840220,      0.00,      0.00,      0.00,      0.00,0,1,0,0,1,1
H5,392,2017,840290,      0.00,      0.00,      0.00,      0.00,0,1,0,0,1,1
H5,392,2017,840310,      0.00,      0.00,      0.00,      0.00,0,1,0,0,1,1
H5,392,2017,840390,      0.00,      0.00,      0.00,      0.00,0,1,0,0,1,1
H5,392,2017,840410,      0.00,      0.00,      0.00,      0.00,0,1,0,0,1,1
H5,392,2017,840420,      0.00,      0.00,      0.00,      0.00,0,1,0,0,1,1
H5,392,2017,840490,      0.00,      0.00,      0.00,      0.00,0,1,0,0,1,1
H5,392,2017,840510,      0.00,      0.00,      0.00,      0.00,0,1,0,0,1,1
H5,392,2017,840590,      0.00,      0.00,      0.00,      0.00,0,1,0,0,1,1
H5,392,2017,840610,      0.00,      0.00,      0.00,      0.00,0,1,0,0,1,1
H5,392,2017,840681,      0.00,      0.00,      0.00,      0.00,0,1,0,0,1,1
H5,392,2017,840682,      0.00,      0.00,      0.00,      0.00,0,1,0,0,1,1
H5,392,2017,840690,      0.00,      0.00,      0.00,      0.00,0,1,0,0,1,1
H5,392,2017,840710,      0.00,      0.00,      0.00,      0.00,0,1,0,0,1,1
H5,392,2017,840721,      0.00,      0.00,      0.00,      0.00,0,1,0,0,1,1
H5,392,2017,840729,      0.00,      0.00,      0.00,      0.00,0,1,0,0,1,1
H5,392,2017,840731,      0.00,      0.00,      0.00,      0.00,0,1,0,0,1,1
H5,392,2017,840732,      0.00,      0.00,      0.00,      0.00,0,1,0,0,1,1
H5,392,2017,840733,      0.00,      0.00,      0.00,      0.00,0,1,0,0,1,1
H5,392,2017,840734,      0.00,      0.00,      0.00,      0.00,0,1,0,0,1,1
H5,392,2017,840790,      0.00,      0.00,      0.00,      0.00,0,1,0,0,1,1
H5,392,2017,840810,      0.00,      0.00,      0.00,      0.00,0,1,0,0,1,1
H5,392,2017,840820,      0.00,      0.00,      0.00,      0.00,0,1,0,0,1,1
H5,392,2017,840890,      0.00,      0.00,      0.00,      0.00,0,4,0,0,4,4
H5,392,2017,840910,      0.00,      0.00,      0.00,      0.00,0,1,0,0,1,1
H5,392,2017,840991,      0.00,      0.00,      0.00,      0.00,0,2,0,0,2,2
H5,392,2017,840999,      0.00,      0.00,      0.00,      0.00,0,2,0,0,2,2
H5,392,2017,841011,      0.00,      0.00,      0.00,      0.00,0,1,0,0,1,1
H5,392,2017,841012,      0.00,      0.00,      0.00,      0.00,0,1,0,0,1,1
H5,392,2017,841013,      0.00,      0.00,      0.00,      0.00,0,1,0,0,1,1
H5,392,2017,841090,      0.00,      0.00,      0.00,      0.00,0,1,0,0,1,1
H5,392,2017,841111,      0.00,      0.00,      0.00,      0.00,0,1,0,0,1,1
H5,392,2017,841112,      0.00,      0.00,      0.00,      0.00,0,1,0,0,1,1
H5,392,2017,841121,      0.00,      0.00,      0.00,      0.00,0,1,0,0,1,1
H5,392,2017,841122,      0.00,      0.00,      0.00,      0.00,0,1,0,0,1,1
H5,392,2017,841181,      0.00,      0.00,      0.00,      0.00,0,2,0,0,2,2
H5,392,2017,841182,      0.00,      0.00,      0.00,      0.00,0,1,0,0,1,1
H5,392,2017,841191,      0.00,      0.00,      0.00,      0.00,0,1,0,0,1,1
H5,392,2017,841199,      0.00,      0.00,      0.00,      0.00,0,2,0,0,2,2
H5,392,2017,841210,      0.00,      0.00,      0.00,      0.00,0,1,0,0,1,1
H5,392,2017,841221,      0.00,      0.00,      0.00,      0.00,0,1,0,0,1,1
H5,392,2017,841229,      0.00,      0.00,      0.00,      0.00,0,1,0,0,1,1
H5,392,2017,841231,      0.00,      0.00,      0.00,      0.00,0,1,0,0,1,1
H5,392,2017,841239,      0.00,      0.00,      0.00,      0.00,0,1,0,0,1,1
H5,392,2017,841280,      0.00,      0.00,      0.00,      0.00,0,1,0,0,1,1
H5,392,2017,841290,      0.00,      0.00,      0.00,      0.00,0,3,0,0,3,3
H5,392,2017,841311,      0.00,      0.00,      0.00,      0.00,0,1,0,0,1,1
H5,392,2017,841319,      0.00,      0.00,      0.00,      0.00,0,1,0,0,1,1
H5,392,2017,841320,      0.00,      0.00,      0.00,      0.00,0,1,0,0,1,1
H5,392,2017,841330,      0.00,      0.00,      0.00,      0.00,0,2,0,0,2,2
H5,392,2017,841340,      0.00,      0.00,      0.00,      0.00,0,1,0,0,1,1
H5,392,2017,841350,      0.00,      0.00,      0.00,      0.00,0,2,0,0,2,2
H5,392,2017,841360,      0.00,      0.00,      0.00,      0.00,0,4,0,0,4,4
H5,392,2017,841370,      0.00,      0.00,      0.00,      0.00,0,2,0,0,2,2
H5,392,2017,841381,      0.00,      0.00,      0.00,      0.00,0,1,0,0,1,1
H5,392,2017,841382,      0.00,      0.00,      0.00,      0.00,0,1,0,0,1,1
H5,392,2017,841391,      0.00,      0.00,      0.00,      0.00,0,1,0,0,1,1
H5,392,2017,841392,      0.00,      0.00,      0.00,      0.00,0,1,0,0,1,1
H5,392,2017,841410,      0.00,      0.00,      0.00,      0.00,0,1,0,0,1,1
H5,392,2017,841420,      0.00,      0.00,      0.00,      0.00,0,1,0,0,1,1
H5,392,2017,841430,      0.00,      0.00,      0.00,      0.00,0,2,0,0,2,2
H5,392,2017,841440,      0.00,      0.00,      0.00,      0.00,0,1,0,0,1,1
H5,392,2017,841451,      0.00,      0.00,      0.00,      0.00,0,3,0,0,3,3
H5,392,2017,841459,      0.00,      0.00,      0.00,      0.00,0,3,0,0,3,3
H5,392,2017,841460,      0.00,      0.00,      0.00,      0.00,0,1,0,0,1,1
H5,392,2017,841480,      0.00,      0.00,      0.00,      0.00,0,4,0,0,4,4
H5,392,2017,841490,      0.00,      0.00,      0.00,      0.00,0,3,0,0,3,3
H5,392,2017,841510,      0.00,      0.00,      0.00,      0.00,0,2,0,0,2,2
H5,392,2017,841520,      0.00,      0.00,      0.00,      0.00,0,1,0,0,1,1
H5,392,2017,841581,      0.00,      0.00,      0.00,      0.00,0,2,0,0,2,2
H5,392,2017,841582,      0.00,      0.00,      0.00,      0.00,0,3,0,0,3,3
H5,392,2017,841583,      0.00,      0.00,      0.00,      0.00,0,2,0,0,2,2
H5,392,2017,841590,      0.00,      0.00,      0.00,      0.00,0,2,0,0,2,2
H5,392,2017,841610,      0.00,      0.00,      0.00,      0.00,0,1,0,0,1,1
H5,392,2017,841620,      0.00,      0.00,      0.00,      0.00,0,1,0,0,1,1
H5,392,2017,841630,      0.00,      0.00,      0.00,      0.00,0,1,0,0,1,1
H5,392,2017,841690,      0.00,      0.00,      0.00,      0.00,0,1,0,0,1,1
H5,392,2017,841710,      0.00,      0.00,      0.00,      0.00,0,1,0,0,1,1
H5,392,2017,841720,      0.00,      0.00,      0.00,      0.00,0,1,0,0,1,1
H5,392,2017,841780,      0.00,      0.00,      0.00,      0.00,0,1,0,0,1,1
H5,392,2017,841790,      0.00,      0.00,      0.00,      0.00,0,1,0,0,1,1
H5,392,2017,841810,      0.00,      0.00,      0.00,      0.00,0,1,0,0,1,1
H5,392,2017,841821,      0.00,      0.00,      0.00,      0.00,0,1,0,0,1,1
H5,392,2017,841829,      0.00,      0.00,      0.00,      0.00,0,1,0,0,1,1
H5,392,2017,841830,      0.00,      0.00,      0.00,      0.00,0,2,0,0,2,2
H5,392,2017,841840,      0.00,      0.00,      0.00,      0.00,0,1,0,0,1,1
H5,392,2017,841850,      0.00,      0.00,      0.00,      0.00,0,2,0,0,2,2
H5,392,2017,841861,      0.00,      0.00,      0.00,      0.00,0,2,0,0,2,2
H5,392,2017,841869,      0.00,      0.00,      0.00,      0.00,0,4,0,0,4,4
H5,392,2017,841891,      0.00,      0.00,      0.00,      0.00,0,1,0,0,1,1
H5,392,2017,841899,      0.00,      0.00,      0.00,      0.00,0,1,0,0,1,1
H5,392,2017,841911,      0.00,      0.00,      0.00,      0.00,0,1,0,0,1,1
H5,392,2017,841919,      0.00,      0.00,      0.00,      0.00,0,1,0,0,1,1
H5,392,2017,841920,      0.00,      0.00,      0.00,      0.00,0,1,0,0,1,1
H5,392,2017,841931,      0.00,      0.00,      0.00,      0.00,0,1,0,0,1,1
H5,392,2017,841932,      0.00,      0.00,      0.00,      0.00,0,1,0,0,1,1
H5,392,2017,841939,      0.00,      0.00,      0.00,      0.00,0,1,0,0,1,1
H5,392,2017,841940,      0.00,      0.00,      0.00,      0.00,0,1,0,0,1,1
H5,392,2017,841950,      0.00,      0.00,      0.00,      0.00,0,1,0,0,1,1
H5,392,2017,841960,      0.00,      0.00,      0.00,      0.00,0,1,0,0,1,1
H5,392,2017,841981,      0.00,      0.00,      0.00,      0.00,0,1,0,0,1,1
H5,392,2017,841989,      0.00,      0.00,      0.00,      0.00,0,1,0,0,1,1
H5,392,2017,841990,      0.00,      0.00,      0.00,      0.00,0,1,0,0,1,1
H5,392,2017,842010,      0.00,      0.00,      0.00,      0.00,0,1,0,0,1,1
H5,392,2017,842091,      0.00,      0.00,      0.00,      0.00,0,1,0,0,1,1
H5,392,2017,842099,      0.00,      0.00,      0.00,      0.00,0,1,0,0,1,1
H5,392,2017,842111,      0.00,      0.00,      0.00,      0.00,0,1,0,0,1,1
H5,392,2017,842112,      0.00,      0.00,      0.00,      0.00,0,1,0,0,1,1
H5,392,2017,842119,      0.00,      0.00,      0.00,      0.00,0,1,0,0,1,1
H5,392,2017,842121,      0.00,      0.00,      0.00,      0.00,0,1,0,0,1,1
H5,392,2017,842122,      0.00,      0.00,      0.00,      0.00,0,1,0,0,1,1
H5,392,2017,842123,      0.00,      0.00,      0.00,      0.00,0,2,0,0,2,2
H5,392,2017,842129,      0.00,      0.00,      0.00,      0.00,0,2,0,0,2,2
H5,392,2017,842131,      0.00,      0.00,      0.00,      0.00,0,1,0,0,1,1
H5,392,2017,842139,      0.00,      0.00,      0.00,      0.00,0,2,0,0,2,2
H5,392,2017,842191,      0.00,      0.00,      0.00,      0.00,0,1,0,0,1,1
H5,392,2017,842199,      0.00,      0.00,      0.00,      0.00,0,2,0,0,2,2
H5,392,2017,842211,      0.00,      0.00,      0.00,      0.00,0,1,0,0,1,1
H5,392,2017,842219,      0.00,      0.00,      0.00,      0.00,0,1,0,0,1,1
H5,392,2017,842220,      0.00,      0.00,      0.00,      0.00,0,1,0,0,1,1
H5,392,2017,842230,      0.00,      0.00,      0.00,      0.00,0,2,0,0,2,2
H5,392,2017,842240,      0.00,      0.00,      0.00,      0.00,0,2,0,0,2,2
H5,392,2017,842290,      0.00,      0.00,      0.00,      0.00,0,1,0,0,1,1
H5,392,2017,842310,      0.00,      0.00,      0.00,      0.00,0,1,0,0,1,1
H5,392,2017,842320,      0.00,      0.00,      0.00,      0.00,0,1,0,0,1,1
H5,392,2017,842330,      0.00,      0.00,      0.00,      0.00,0,1,0,0,1,1
H5,392,2017,842381,      0.00,      0.00,      0.00,      0.00,0,1,0,0,1,1
H5,392,2017,842382,      0.00,      0.00,      0.00,      0.00,0,1,0,0,1,1
H5,392,2017,842389,      0.00,      0.00,      0.00,      0.00,0,1,0,0,1,1
H5,392,2017,842390,      0.00,      0.00,      0.00,      0.00,0,1,0,0,1,1
H5,392,2017,842410,      0.00,      0.00,      0.00,      0.00,0,1,0,0,1,1
H5,392,2017,842420,      0.00,      0.00,      0.00,      0.00,0,1,0,0,1,1
H5,392,2017,842430,      0.00,      0.00,      0.00,      0.00,0,1,0,0,1,1
H5,392,2017,842441,      0.00,      0.00,      0.00,      0.00,0,1,0,0,1,1
H5,392,2017,842449,      0.00,      0.00,      0.00,      0.00,0,1,0,0,1,1
H5,392,2017,842482,      0.00,      0.00,      0.00,      0.00,0,1,0,0,1,1
H5,392,2017,842489,      0.00,      0.00,      0.00,      0.00,0,1,0,0,1,1
H5,392,2017,842490,      0.00,      0.00,      0.00,      0.00,0,2,0,0,2,2
H5,392,2017,842511,      0.00,      0.00,      0.00,      0.00,0,1,0,0,1,1
H5,392,2017,842519,      0.00,      0.00,      0.00,      0.00,0,1,0,0,1,1
H5,392,2017,842531,      0.00,      0.00,      0.00,      0.00,0,1,0,0,1,1
H5,392,2017,842539,      0.00,      0.00,      0.00,      0.00,0,1,0,0,1,1
H5,392,2017,842541,      0.00,      0.00,      0.00,      0.00,0,1,0,0,1,1
H5,392,2017,842542,      0.00,      0.00,      0.00,      0.00,0,1,0,0,1,1
H5,392,2017,842549,      0.00,      0.00,      0.00,      0.00,0,1,0,0,1,1
H5,392,2017,842611,      0.00,      0.00,      0.00,      0.00,0,1,0,0,1,1
H5,392,2017,842612,      0.00,      0.00,      0.00,      0.00,0,1,0,0,1,1
H5,392,2017,842619,      0.00,      0.00,      0.00,      0.00,0,1,0,0,1,1
H5,392,2017,842620,      0.00,      0.00,      0.00,      0.00,0,1,0,0,1,1
H5,392,2017,842630,      0.00,      0.00,      0.00,      0.00,0,1,0,0,1,1
H5,392,2017,842641,      0.00,      0.00,      0.00,      0.00,0,1,0,0,1,1
H5,392,2017,842649,      0.00,      0.00,      0.00,      0.00,0,1,0,0,1,1
H5,392,2017,842691,      0.00,      0.00,      0.00,      0.00,0,1,0,0,1,1
H5,392,2017,842699,      0.00,      0.00,      0.00,      0.00,0,1,0,0,1,1
H5,392,2017,842710,      0.00,      0.00,      0.00,      0.00,0,1,0,0,1,1
H5,392,2017,842720,      0.00,      0.00,      0.00,      0.00,0,1,0,0,1,1
H5,392,2017,842790,      0.00,      0.00,      0.00,      0.00,0,1,0,0,1,1
H5,392,2017,842810,      0.00,      0.00,      0.00,      0.00,0,1,0,0,1,1
H5,392,2017,842820,      0.00,      0.00,      0.00,      0.00,0,1,0,0,1,1
H5,392,2017,842831,      0.00,      0.00,      0.00,      0.00,0,1,0,0,1,1
H5,392,2017,842832,      0.00,      0.00,      0.00,      0.00,0,1,0,0,1,1
H5,392,2017,842833,      0.00,      0.00,      0.00,      0.00,0,1,0,0,1,1
H5,392,2017,842839,      0.00,      0.00,      0.00,      0.00,0,1,0,0,1,1
H5,392,2017,842840,      0.00,      0.00,      0.00,      0.00,0,1,0,0,1,1
H5,392,2017,842860,      0.00,      0.00,      0.00,      0.00,0,1,0,0,1,1
H5,392,2017,842890,      0.00,      0.00,      0.00,      0.00,0,1,0,0,1,1
H5,392,2017,842911,      0.00,      0.00,      0.00,      0.00,0,1,0,0,1,1
H5,392,2017,842919,      0.00,      0.00,      0.00,      0.00,0,1,0,0,1,1
H5,392,2017,842920,      0.00,      0.00,      0.00,      0.00,0,1,0,0,1,1
H5,392,2017,842930,      0.00,      0.00,      0.00,      0.00,0,1,0,0,1,1
H5,392,2017,842940,      0.00,      0.00,      0.00,      0.00,0,1,0,0,1,1
H5,392,2017,842951,      0.00,      0.00,      0.00,      0.00,0,1,0,0,1,1
H5,392,2017,842952,      0.00,      0.00,      0.00,      0.00,0,1,0,0,1,1
H5,392,2017,842959,      0.00,      0.00,      0.00,      0.00,0,1,0,0,1,1
H5,392,2017,843010,      0.00,      0.00,      0.00,      0.00,0,1,0,0,1,1
H5,392,2017,843020,      0.00,      0.00,      0.00,      0.00,0,1,0,0,1,1
H5,392,2017,843031,      0.00,      0.00,      0.00,      0.00,0,1,0,0,1,1
H5,392,2017,843039,      0.00,      0.00,      0.00,      0.00,0,1,0,0,1,1
H5,392,2017,843041,      0.00,      0.00,      0.00,      0.00,0,1,0,0,1,1
H5,392,2017,843049,      0.00,      0.00,      0.00,      0.00,0,1,0,0,1,1
H5,392,2017,843050,      0.00,      0.00,      0.00,      0.00,0,1,0,0,1,1
H5,392,2017,843061,      0.00,      0.00,      0.00,      0.00,0,1,0,0,1,1
H5,392,2017,843069,      0.00,      0.00,      0.00,      0.00,0,1,0,0,1,1
H5,392,2017,843110,      0.00,      0.00,      0.00,      0.00,0,1,0,0,1,1
H5,392,2017,843120,      0.00,      0.00,      0.00,      0.00,0,1,0,0,1,1
H5,392,2017,843131,      0.00,      0.00,      0.00,      0.00,0,1,0,0,1,1
H5,392,2017,843139,      0.00,      0.00,      0.00,      0.00,0,1,0,0,1,1
H5,392,2017,843141,      0.00,      0.00,      0.00,      0.00,0,1,0,0,1,1
H5,392,2017,843142,      0.00,      0.00,      0.00,      0.00,0,1,0,0,1,1
H5,392,2017,843143,      0.00,      0.00,      0.00,      0.00,0,1,0,0,1,1
H5,392,2017,843149,      0.00,      0.00,      0.00,      0.00,0,2,0,0,2,2
H5,392,2017,843210,      0.00,      0.00,      0.00,      0.00,0,1,0,0,1,1
H5,392,2017,843221,      0.00,      0.00,      0.00,      0.00,0,1,0,0,1,1
H5,392,2017,843229,      0.00,      0.00,      0.00,      0.00,0,1,0,0,1,1
H5,392,2017,843231,      0.00,      0.00,      0.00,      0.00,0,1,0,0,1,1
H5,392,2017,843239,      0.00,      0.00,      0.00,      0.00,0,1,0,0,1,1
H5,392,2017,843241,      0.00,      0.00,      0.00,      0.00,0,1,0,0,1,1
H5,392,2017,843242,      0.00,      0.00,      0.00,      0.00,0,1,0,0,1,1
H5,392,2017,843280,      0.00,      0.00,      0.00,      0.00,0,1,0,0,1,1
H5,392,2017,843290,      0.00,      0.00,      0.00,      0.00,0,1,0,0,1,1
H5,392,2017,843311,      0.00,      0.00,      0.00,      0.00,0,1,0,0,1,1
H5,392,2017,843319,      0.00,      0.00,      0.00,      0.00,0,1,0,0,1,1
H5,392,2017,843320,      0.00,      0.00,      0.00,      0.00,0,1,0,0,1,1
H5,392,2017,843330,      0.00,      0.00,      0.00,      0.00,0,1,0,0,1,1
H5,392,2017,843340,      0.00,      0.00,      0.00,      0.00,0,1,0,0,1,1
H5,392,2017,843351,      0.00,      0.00,      0.00,      0.00,0,1,0,0,1,1
H5,392,2017,843352,      0.00,      0.00,      0.00,      0.00,0,1,0,0,1,1
H5,392,2017,843353,      0.00,      0.00,      0.00,      0.00,0,1,0,0,1,1
H5,392,2017,843359,      0.00,      0.00,      0.00,      0.00,0,1,0,0,1,1
H5,392,2017,843360,      0.00,      0.00,      0.00,      0.00,0,1,0,0,1,1
H5,392,2017,843390,      0.00,      0.00,      0.00,      0.00,0,1,0,0,1,1
H5,392,2017,843410,      0.00,      0.00,      0.00,      0.00,0,1,0,0,1,1
H5,392,2017,843420,      0.00,      0.00,      0.00,      0.00,0,1,0,0,1,1
H5,392,2017,843490,      0.00,      0.00,      0.00,      0.00,0,1,0,0,1,1
H5,392,2017,843510,      0.00,      0.00,      0.00,      0.00,0,1,0,0,1,1
H5,392,2017,843590,      0.00,      0.00,      0.00,      0.00,0,1,0,0,1,1
H5,392,2017,843610,      0.00,      0.00,      0.00,      0.00,0,1,0,0,1,1
H5,392,2017,843621,      0.00,      0.00,      0.00,      0.00,0,1,0,0,1,1
H5,392,2017,843629,      0.00,      0.00,      0.00,      0.00,0,1,0,0,1,1
H5,392,2017,843680,      0.00,      0.00,      0.00,      0.00,0,1,0,0,1,1
H5,392,2017,843691,      0.00,      0.00,      0.00,      0.00,0,1,0,0,1,1
H5,392,2017,843699,      0.00,      0.00,      0.00,      0.00,0,1,0,0,1,1
H5,392,2017,843710,      0.00,      0.00,      0.00,      0.00,0,1,0,0,1,1
H5,392,2017,843780,      0.00,      0.00,      0.00,      0.00,0,1,0,0,1,1
H5,392,2017,843790,      0.00,      0.00,      0.00,      0.00,0,1,0,0,1,1
H5,392,2017,843810,      0.00,      0.00,      0.00,      0.00,0,1,0,0,1,1
H5,392,2017,843820,      0.00,      0.00,      0.00,      0.00,0,1,0,0,1,1
H5,392,2017,843830,      0.00,      0.00,      0.00,      0.00,0,1,0,0,1,1
H5,392,2017,843840,      0.00,      0.00,      0.00,      0.00,0,1,0,0,1,1
H5,392,2017,843850,      0.00,      0.00,      0.00,      0.00,0,1,0,0,1,1
H5,392,2017,843860,      0.00,      0.00,      0.00,      0.00,0,1,0,0,1,1
H5,392,2017,843880,      0.00,      0.00,      0.00,      0.00,0,1,0,0,1,1
H5,392,2017,843890,      0.00,      0.00,      0.00,      0.00,0,1,0,0,1,1
H5,392,2017,843910,      0.00,      0.00,      0.00,      0.00,0,1,0,0,1,1
H5,392,2017,843920,      0.00,      0.00,      0.00,      0.00,0,1,0,0,1,1
H5,392,2017,843930,      0.00,      0.00,      0.00,      0.00,0,1,0,0,1,1
H5,392,2017,843991,      0.00,      0.00,      0.00,      0.00,0,1,0,0,1,1
H5,392,2017,843999,      0.00,      0.00,      0.00,      0.00,0,1,0,0,1,1
H5,392,2017,844010,      0.00,      0.00,      0.00,      0.00,0,2,0,0,2,2
H5,392,2017,844090,      0.00,      0.00,      0.00,      0.00,0,1,0,0,1,1
H5,392,2017,844110,      0.00,      0.00,      0.00,      0.00,0,1,0,0,1,1
H5,392,2017,844120,      0.00,      0.00,      0.00,      0.00,0,1,0,0,1,1
H5,392,2017,844130,      0.00,      0.00,      0.00,      0.00,0,1,0,0,1,1
H5,392,2017,844140,      0.00,      0.00,      0.00,      0.00,0,1,0,0,1,1
H5,392,2017,844180,      0.00,      0.00,      0.00,      0.00,0,1,0,0,1,1
H5,392,2017,844190,      0.00,      0.00,      0.00,      0.00,0,1,0,0,1,1
H5,392,2017,844230,      0.00,      0.00,      0.00,      0.00,0,1,0,0,1,1
H5,392,2017,844240,      0.00,      0.00,      0.00,      0.00,0,1,0,0,1,1
H5,392,2017,844250,      0.00,      0.00,      0.00,      0.00,0,1,0,0,1,1
H5,392,2017,844311,      0.00,      0.00,      0.00,      0.00,0,1,0,0,1,1
H5,392,2017,844312,      0.00,      0.00,      0.00,      0.00,0,1,0,0,1,1
H5,392,2017,844313,      0.00,      0.00,      0.00,      0.00,0,1,0,0,1,1
H5,392,2017,844314,      0.00,      0.00,      0.00,      0.00,0,1,0,0,1,1
H5,392,2017,844315,      0.00,      0.00,      0.00,      0.00,0,1,0,0,1,1
H5,392,2017,844316,      0.00,      0.00,      0.00,      0.00,0,1,0,0,1,1
H5,392,2017,844317,      0.00,      0.00,      0.00,      0.00,0,1,0,0,1,1
H5,392,2017,844319,      0.00,      0.00,      0.00,      0.00,0,1,0,0,1,1
H5,392,2017,844331,      0.00,      0.00,      0.00,      0.00,0,2,0,0,2,2
H5,392,2017,844332,      0.00,      0.00,      0.00,      0.00,0,2,0,0,2,2
H5,392,2017,844339,      0.00,      0.00,      0.00,      0.00,0,3,0,0,3,3
H5,392,2017,844391,      0.00,      0.00,      0.00,      0.00,0,1,0,0,1,1
H5,392,2017,844399,      0.00,      0.00,      0.00,      0.00,0,1,0,0,1,1
H5,392,2017,844400,      0.00,      0.00,      0.00,      0.00,0,1,0,0,1,1
H5,392,2017,844511,      0.00,      0.00,      0.00,      0.00,0,1,0,0,1,1
H5,392,2017,844512,      0.00,      0.00,      0.00,      0.00,0,1,0,0,1,1
H5,392,2017,844513,      0.00,      0.00,      0.00,      0.00,0,1,0,0,1,1
H5,392,2017,844519,      0.00,      0.00,      0.00,      0.00,0,1,0,0,1,1
H5,392,2017,844520,      0.00,      0.00,      0.00,      0.00,0,1,0,0,1,1
H5,392,2017,844530,      0.00,      0.00,      0.00,      0.00,0,1,0,0,1,1
H5,392,2017,844540,      0.00,      0.00,      0.00,      0.00,0,1,0,0,1,1
H5,392,2017,844590,      0.00,      0.00,      0.00,      0.00,0,1,0,0,1,1
H5,392,2017,844610,      0.00,      0.00,      0.00,      0.00,0,1,0,0,1,1
H5,392,2017,844621,      0.00,      0.00,      0.00,      0.00,0,1,0,0,1,1
H5,392,2017,844629,      0.00,      0.00,      0.00,      0.00,0,1,0,0,1,1
H5,392,2017,844630,      0.00,      0.00,      0.00,      0.00,0,1,0,0,1,1
H5,392,2017,844711,      0.00,      0.00,      0.00,      0.00,0,1,0,0,1,1
H5,392,2017,844712,      0.00,      0.00,      0.00,      0.00,0,1,0,0,1,1
H5,392,2017,844720,      0.00,      0.00,      0.00,      0.00,0,1,0,0,1,1
H5,392,2017,844790,      0.00,      0.00,      0.00,      0.00,0,1,0,0,1,1
H5,392,2017,844811,      0.00,      0.00,      0.00,      0.00,0,1,0,0,1,1
H5,392,2017,844819,      0.00,      0.00,      0.00,      0.00,0,1,0,0,1,1
H5,392,2017,844820,      0.00,      0.00,      0.00,      0.00,0,1,0,0,1,1
H5,392,2017,844831,      0.00,      0.00,      0.00,      0.00,0,1,0,0,1,1
H5,392,2017,844832,      0.00,      0.00,      0.00,      0.00,0,1,0,0,1,1
H5,392,2017,844833,      0.00,      0.00,      0.00,      0.00,0,1,0,0,1,1
H5,392,2017,844839,      0.00,      0.00,      0.00,      0.00,0,1,0,0,1,1
H5,392,2017,844842,      0.00,      0.00,      0.00,      0.00,0,1,0,0,1,1
H5,392,2017,844849,      0.00,      0.00,      0.00,      0.00,0,2,0,0,2,2
H5,392,2017,844851,      0.00,      0.00,      0.00,      0.00,0,2,0,0,2,2
H5,392,2017,844859,      0.00,      0.00,      0.00,      0.00,0,1,0,0,1,1
H5,392,2017,844900,      0.00,      0.00,      0.00,      0.00,0,1,0,0,1,1
H5,392,2017,845011,      0.00,      0.00,      0.00,      0.00,0,1,0,0,1,1
H5,392,2017,845012,      0.00,      0.00,      0.00,      0.00,0,1,0,0,1,1
H5,392,2017,845019,      0.00,      0.00,      0.00,      0.00,0,1,0,0,1,1
H5,392,2017,845020,      0.00,      0.00,      0.00,      0.00,0,1,0,0,1,1
H5,392,2017,845090,      0.00,      0.00,      0.00,      0.00,0,1,0,0,1,1
H5,392,2017,845110,      0.00,      0.00,      0.00,      0.00,0,1,0,0,1,1
H5,392,2017,845121,      0.00,      0.00,      0.00,      0.00,0,1,0,0,1,1
H5,392,2017,845129,      0.00,      0.00,      0.00,      0.00,0,1,0,0,1,1
H5,392,2017,845130,      0.00,      0.00,      0.00,      0.00,0,1,0,0,1,1
H5,392,2017,845140,      0.00,      0.00,      0.00,      0.00,0,1,0,0,1,1
H5,392,2017,845150,      0.00,      0.00,      0.00,      0.00,0,1,0,0,1,1
H5,392,2017,845180,      0.00,      0.00,      0.00,      0.00,0,1,0,0,1,1
H5,392,2017,845190,      0.00,      0.00,      0.00,      0.00,0,1,0,0,1,1
H5,392,2017,845210,      0.00,      0.00,      0.00,      0.00,0,1,0,0,1,1
H5,392,2017,845221,      0.00,      0.00,      0.00,      0.00,0,3,0,0,3,3
H5,392,2017,845229,      0.00,      0.00,      0.00,      0.00,0,3,0,0,3,3
H5,392,2017,845230,      0.00,      0.00,      0.00,      0.00,0,1,0,0,1,1
H5,392,2017,845290,      0.00,      0.00,      0.00,      0.00,0,3,0,0,3,3
H5,392,2017,845310,      0.00,      0.00,      0.00,      0.00,0,1,0,0,1,1
H5,392,2017,845320,      0.00,      0.00,      0.00,      0.00,0,1,0,0,1,1
H5,392,2017,845380,      0.00,      0.00,      0.00,      0.00,0,1,0,0,1,1
H5,392,2017,845390,      0.00,      0.00,      0.00,      0.00,0,1,0,0,1,1
H5,392,2017,845410,      0.00,      0.00,      0.00,      0.00,0,1,0,0,1,1
H5,392,2017,845420,      0.00,      0.00,      0.00,      0.00,0,1,0,0,1,1
H5,392,2017,845430,      0.00,      0.00,      0.00,      0.00,0,1,0,0,1,1
H5,392,2017,845490,      0.00,      0.00,      0.00,      0.00,0,1,0,0,1,1
H5,392,2017,845510,      0.00,      0.00,      0.00,      0.00,0,1,0,0,1,1
H5,392,2017,845521,      0.00,      0.00,      0.00,      0.00,0,1,0,0,1,1
H5,392,2017,845522,      0.00,      0.00,      0.00,      0.00,0,1,0,0,1,1
H5,392,2017,845530,      0.00,      0.00,      0.00,      0.00,0,1,0,0,1,1
H5,392,2017,845590,      0.00,      0.00,      0.00,      0.00,0,1,0,0,1,1
H5,392,2017,845611,      0.00,      0.00,      0.00,      0.00,0,1,0,0,1,1
H5,392,2017,845612,      0.00,      0.00,      0.00,      0.00,0,1,0,0,1,1
H5,392,2017,845620,      0.00,      0.00,      0.00,      0.00,0,1,0,0,1,1
H5,392,2017,845630,      0.00,      0.00,      0.00,      0.00,0,3,0,0,3,3
H5,392,2017,845640,      0.00,      0.00,      0.00,      0.00,0,1,0,0,1,1
H5,392,2017,845650,      0.00,      0.00,      0.00,      0.00,0,1,0,0,1,1
H5,392,2017,845690,      0.00,      0.00,      0.00,      0.00,0,1,0,0,1,1
H5,392,2017,845710,      0.00,      0.00,      0.00,      0.00,0,1,0,0,1,1
H5,392,2017,845720,      0.00,      0.00,      0.00,      0.00,0,1,0,0,1,1
H5,392,2017,845730,      0.00,      0.00,      0.00,      0.00,0,1,0,0,1,1
H5,392,2017,845811,      0.00,      0.00,      0.00,      0.00,0,1,0,0,1,1
H5,392,2017,845819,      0.00,      0.00,      0.00,      0.00,0,1,0,0,1,1
H5,392,2017,845891,      0.00,      0.00,      0.00,      0.00,0,1,0,0,1,1
H5,392,2017,845899,      0.00,      0.00,      0.00,      0.00,0,1,0,0,1,1
H5,392,2017,845910,      0.00,      0.00,      0.00,      0.00,0,1,0,0,1,1
H5,392,2017,845921,      0.00,      0.00,      0.00,      0.00,0,1,0,0,1,1
H5,392,2017,845929,      0.00,      0.00,      0.00,      0.00,0,1,0,0,1,1
H5,392,2017,845931,      0.00,      0.00,      0.00,      0.00,0,1,0,0,1,1
H5,392,2017,845939,      0.00,      0.00,      0.00,      0.00,0,1,0,0,1,1
H5,392,2017,845941,      0.00,      0.00,      0.00,      0.00,0,1,0,0,1,1
H5,392,2017,845949,      0.00,      0.00,      0.00,      0.00,0,1,0,0,1,1
H5,392,2017,845951,      0.00,      0.00,      0.00,      0.00,0,1,0,0,1,1
H5,392,2017,845959,      0.00,      0.00,      0.00,      0.00,0,1,0,0,1,1
H5,392,2017,845961,      0.00,      0.00,      0.00,      0.00,0,1,0,0,1,1
H5,392,2017,845969,      0.00,      0.00,      0.00,      0.00,0,1,0,0,1,1
H5,392,2017,845970,      0.00,      0.00,      0.00,      0.00,0,1,0,0,1,1
H5,392,2017,846012,      0.00,      0.00,      0.00,      0.00,0,1,0,0,1,1
H5,392,2017,846019,      0.00,      0.00,      0.00,      0.00,0,1,0,0,1,1
H5,392,2017,846022,      0.00,      0.00,      0.00,      0.00,0,1,0,0,1,1
H5,392,2017,846023,      0.00,      0.00,      0.00,      0.00,0,1,0,0,1,1
H5,392,2017,846024,      0.00,      0.00,      0.00,      0.00,0,1,0,0,1,1
H5,392,2017,846029,      0.00,      0.00,      0.00,      0.00,0,1,0,0,1,1
H5,392,2017,846031,      0.00,      0.00,      0.00,      0.00,0,1,0,0,1,1
H5,392,2017,846039,      0.00,      0.00,      0.00,      0.00,0,1,0,0,1,1
H5,392,2017,846040,      0.00,      0.00,      0.00,      0.00,0,1,0,0,1,1
H5,392,2017,846090,      0.00,      0.00,      0.00,      0.00,0,2,0,0,2,2
H5,392,2017,846120,      0.00,      0.00,      0.00,      0.00,0,1,0,0,1,1
H5,392,2017,846130,      0.00,      0.00,      0.00,      0.00,0,1,0,0,1,1
H5,392,2017,846140,      0.00,      0.00,      0.00,      0.00,0,1,0,0,1,1
H5,392,2017,846150,      0.00,      0.00,      0.00,      0.00,0,1,0,0,1,1
H5,392,2017,846190,      0.00,      0.00,      0.00,      0.00,0,1,0,0,1,1
H5,392,2017,846210,      0.00,      0.00,      0.00,      0.00,0,1,0,0,1,1
H5,392,2017,846221,      0.00,      0.00,      0.00,      0.00,0,1,0,0,1,1
H5,392,2017,846229,      0.00,      0.00,      0.00,      0.00,0,1,0,0,1,1
H5,392,2017,846231,      0.00,      0.00,      0.00,      0.00,0,1,0,0,1,1
H5,392,2017,846239,      0.00,      0.00,      0.00,      0.00,0,1,0,0,1,1
H5,392,2017,846241,      0.00,      0.00,      0.00,      0.00,0,1,0,0,1,1
H5,392,2017,846249,      0.00,      0.00,      0.00,      0.00,0,1,0,0,1,1
H5,392,2017,846291,      0.00,      0.00,      0.00,      0.00,0,1,0,0,1,1
H5,392,2017,846299,      0.00,      0.00,      0.00,      0.00,0,1,0,0,1,1
H5,392,2017,846310,      0.00,      0.00,      0.00,      0.00,0,1,0,0,1,1
H5,392,2017,846320,      0.00,      0.00,      0.00,      0.00,0,1,0,0,1,1
H5,392,2017,846330,      0.00,      0.00,      0.00,      0.00,0,1,0,0,1,1
H5,392,2017,846390,      0.00,      0.00,      0.00,      0.00,0,1,0,0,1,1
H5,392,2017,846410,      0.00,      0.00,      0.00,      0.00,0,1,0,0,1,1
H5,392,2017,846420,      0.00,      0.00,      0.00,      0.00,0,1,0,0,1,1
H5,392,2017,846490,      0.00,      0.00,      0.00,      0.00,0,1,0,0,1,1
H5,392,2017,846510,      0.00,      0.00,      0.00,      0.00,0,1,0,0,1,1
H5,392,2017,846520,      0.00,      0.00,      0.00,      0.00,0,1,0,0,1,1
H5,392,2017,846591,      0.00,      0.00,      0.00,      0.00,0,1,0,0,1,1
H5,392,2017,846592,      0.00,      0.00,      0.00,      0.00,0,1,0,0,1,1
H5,392,2017,846593,      0.00,      0.00,      0.00,      0.00,0,1,0,0,1,1
H5,392,2017,846594,      0.00,      0.00,      0.00,      0.00,0,1,0,0,1,1
H5,392,2017,846595,      0.00,      0.00,      0.00,      0.00,0,1,0,0,1,1
H5,392,2017,846596,      0.00,      0.00,      0.00,      0.00,0,1,0,0,1,1
H5,392,2017,846599,      0.00,      0.00,      0.00,      0.00,0,1,0,0,1,1
H5,392,2017,846610,      0.00,      0.00,      0.00,      0.00,0,2,0,0,2,2
H5,392,2017,846620,      0.00,      0.00,      0.00,      0.00,0,1,0,0,1,1
H5,392,2017,846630,      0.00,      0.00,      0.00,      0.00,0,1,0,0,1,1
H5,392,2017,846691,      0.00,      0.00,      0.00,      0.00,0,1,0,0,1,1
H5,392,2017,846692,      0.00,      0.00,      0.00,      0.00,0,1,0,0,1,1
H5,392,2017,846693,      0.00,      0.00,      0.00,      0.00,0,1,0,0,1,1
H5,392,2017,846694,      0.00,      0.00,      0.00,      0.00,0,1,0,0,1,1
H5,392,2017,846711,      0.00,      0.00,      0.00,      0.00,0,1,0,0,1,1
H5,392,2017,846719,      0.00,      0.00,      0.00,      0.00,0,1,0,0,1,1
H5,392,2017,846721,      0.00,      0.00,      0.00,      0.00,0,1,0,0,1,1
H5,392,2017,846722,      0.00,      0.00,      0.00,      0.00,0,1,0,0,1,1
H5,392,2017,846729,      0.00,      0.00,      0.00,      0.00,0,2,0,0,2,2
H5,392,2017,846781,      0.00,      0.00,      0.00,      0.00,0,1,0,0,1,1
H5,392,2017,846789,      0.00,      0.00,      0.00,      0.00,0,1,0,0,1,1
H5,392,2017,846791,      0.00,      0.00,      0.00,      0.00,0,1,0,0,1,1
H5,392,2017,846792,      0.00,      0.00,      0.00,      0.00,0,1,0,0,1,1
H5,392,2017,846799,      0.00,      0.00,      0.00,      0.00,0,1,0,0,1,1
H5,392,2017,846810,      0.00,      0.00,      0.00,      0.00,0,1,0,0,1,1
H5,392,2017,846820,      0.00,      0.00,      0.00,      0.00,0,1,0,0,1,1
H5,392,2017,846880,      0.00,      0.00,      0.00,      0.00,0,1,0,0,1,1
H5,392,2017,846890,      0.00,      0.00,      0.00,      0.00,0,1,0,0,1,1
H5,392,2017,847010,      0.00,      0.00,      0.00,      0.00,0,1,0,0,1,1
H5,392,2017,847021,      0.00,      0.00,      0.00,      0.00,0,1,0,0,1,1
H5,392,2017,847029,      0.00,      0.00,      0.00,      0.00,0,1,0,0,1,1
H5,392,2017,847030,      0.00,      0.00,      0.00,      0.00,0,1,0,0,1,1
H5,392,2017,847050,      0.00,      0.00,      0.00,      0.00,0,1,0,0,1,1
H5,392,2017,847090,      0.00,      0.00,      0.00,      0.00,0,1,0,0,1,1
H5,392,2017,847130,      0.00,      0.00,      0.00,      0.00,0,1,0,0,1,1
H5,392,2017,847141,      0.00,      0.00,      0.00,      0.00,0,1,0,0,1,1
H5,392,2017,847149,      0.00,      0.00,      0.00,      0.00,0,1,0,0,1,1
H5,392,2017,847150,      0.00,      0.00,      0.00,      0.00,0,1,0,0,1,1
H5,392,2017,847160,      0.00,      0.00,      0.00,      0.00,0,1,0,0,1,1
H5,392,2017,847170,      0.00,      0.00,      0.00,      0.00,0,4,0,0,4,4
H5,392,2017,847180,      0.00,      0.00,      0.00,      0.00,0,1,0,0,1,1
H5,392,2017,847190,      0.00,      0.00,      0.00,      0.00,0,1,0,0,1,1
H5,392,2017,847210,      0.00,      0.00,      0.00,      0.00,0,1,0,0,1,1
H5,392,2017,847230,      0.00,      0.00,      0.00,      0.00,0,1,0,0,1,1
H5,392,2017,847290,      0.00,      0.00,      0.00,      0.00,0,1,0,0,1,1
H5,392,2017,847321,      0.00,      0.00,      0.00,      0.00,0,1,0,0,1,1
H5,392,2017,847329,      0.00,      0.00,      0.00,      0.00,0,1,0,0,1,1
H5,392,2017,847330,      0.00,      0.00,      0.00,      0.00,0,3,0,0,3,3
H5,392,2017,847340,      0.00,      0.00,      0.00,      0.00,0,1,0,0,1,1
H5,392,2017,847350,      0.00,      0.00,      0.00,      0.00,0,1,0,0,1,1
H5,392,2017,847410,      0.00,      0.00,      0.00,      0.00,0,1,0,0,1,1
H5,392,2017,847420,      0.00,      0.00,      0.00,      0.00,0,1,0,0,1,1
H5,392,2017,847431,      0.00,      0.00,      0.00,      0.00,0,1,0,0,1,1
H5,392,2017,847432,      0.00,      0.00,      0.00,      0.00,0,1,0,0,1,1
H5,392,2017,847439,      0.00,      0.00,      0.00,      0.00,0,1,0,0,1,1
H5,392,2017,847480,      0.00,      0.00,      0.00,      0.00,0,1,0,0,1,1
H5,392,2017,847490,      0.00,      0.00,      0.00,      0.00,0,1,0,0,1,1
H5,392,2017,847510,      0.00,      0.00,      0.00,      0.00,0,1,0,0,1,1
H5,392,2017,847521,      0.00,      0.00,      0.00,      0.00,0,1,0,0,1,1
H5,392,2017,847529,      0.00,      0.00,      0.00,      0.00,0,1,0,0,1,1
H5,392,2017,847590,      0.00,      0.00,      0.00,      0.00,0,1,0,0,1,1
H5,392,2017,847621,      0.00,      0.00,      0.00,      0.00,0,1,0,0,1,1
H5,392,2017,847629,      0.00,      0.00,      0.00,      0.00,0,1,0,0,1,1
H5,392,2017,847681,      0.00,      0.00,      0.00,      0.00,0,1,0,0,1,1
H5,392,2017,847689,      0.00,      0.00,      0.00,      0.00,0,1,0,0,1,1
H5,392,2017,847690,      0.00,      0.00,      0.00,      0.00,0,1,0,0,1,1
H5,392,2017,847710,      0.00,      0.00,      0.00,      0.00,0,1,0,0,1,1
H5,392,2017,847720,      0.00,      0.00,      0.00,      0.00,0,1,0,0,1,1
H5,392,2017,847730,      0.00,      0.00,      0.00,      0.00,0,1,0,0,1,1
H5,392,2017,847740,      0.00,      0.00,      0.00,      0.00,0,1,0,0,1,1
H5,392,2017,847751,      0.00,      0.00,      0.00,      0.00,0,1,0,0,1,1
H5,392,2017,847759,      0.00,      0.00,      0.00,      0.00,0,1,0,0,1,1
H5,392,2017,847780,      0.00,      0.00,      0.00,      0.00,0,1,0,0,1,1
H5,392,2017,847790,      0.00,      0.00,      0.00,      0.00,0,2,0,0,2,2
H5,392,2017,847810,      0.00,      0.00,      0.00,      0.00,0,1,0,0,1,1
H5,392,2017,847890,      0.00,      0.00,      0.00,      0.00,0,1,0,0,1,1
H5,392,2017,847910,      0.00,      0.00,      0.00,      0.00,0,1,0,0,1,1
H5,392,2017,847920,      0.00,      0.00,      0.00,      0.00,0,1,0,0,1,1
H5,392,2017,847930,      0.00,      0.00,      0.00,      0.00,0,1,0,0,1,1
H5,392,2017,847940,      0.00,      0.00,      0.00,      0.00,0,1,0,0,1,1
H5,392,2017,847950,      0.00,      0.00,      0.00,      0.00,0,1,0,0,1,1
H5,392,2017,847960,      0.00,      0.00,      0.00,      0.00,0,1,0,0,1,1
H5,392,2017,847971,      0.00,      0.00,      0.00,      0.00,0,1,0,0,1,1
H5,392,2017,847979,      0.00,      0.00,      0.00,      0.00,0,1,0,0,1,1
H5,392,2017,847981,      0.00,      0.00,      0.00,      0.00,0,1,0,0,1,1
H5,392,2017,847982,      0.00,      0.00,      0.00,      0.00,0,1,0,0,1,1
H5,392,2017,847989,      0.00,      0.00,      0.00,      0.00,0,1,0,0,1,1
H5,392,2017,847990,      0.00,      0.00,      0.00,      0.00,0,1,0,0,1,1
H5,392,2017,848010,      0.00,      0.00,      0.00,      0.00,0,1,0,0,1,1
H5,392,2017,848020,      0.00,      0.00,      0.00,      0.00,0,1,0,0,1,1
H5,392,2017,848030,      0.00,      0.00,      0.00,      0.00,0,1,0,0,1,1
H5,392,2017,848041,      0.00,      0.00,      0.00,      0.00,0,1,0,0,1,1
H5,392,2017,848049,      0.00,      0.00,      0.00,      0.00,0,1,0,0,1,1
H5,392,2017,848050,      0.00,      0.00,      0.00,      0.00,0,1,0,0,1,1
H5,392,2017,848060,      0.00,      0.00,      0.00,      0.00,0,1,0,0,1,1
H5,392,2017,848071,      0.00,      0.00,      0.00,      0.00,0,1,0,0,1,1
H5,392,2017,848079,      0.00,      0.00,      0.00,      0.00,0,1,0,0,1,1
H5,392,2017,848110,      0.00,      0.00,      0.00,      0.00,0,1,0,0,1,1
H5,392,2017,848120,      0.00,      0.00,      0.00,      0.00,0,1,0,0,1,1
H5,392,2017,848130,      0.00,      0.00,      0.00,      0.00,0,1,0,0,1,1
H5,392,2017,848140,      0.00,      0.00,      0.00,      0.00,0,1,0,0,1,1
H5,392,2017,848180,      0.00,      0.00,      0.00,      0.00,0,3,0,0,3,3
H5,392,2017,848190,      0.00,      0.00,      0.00,      0.00,0,1,0,0,1,1
H5,392,2017,848210,      0.00,      0.00,      0.00,      0.00,0,1,0,0,1,1
H5,392,2017,848220,      0.00,      0.00,      0.00,      0.00,0,1,0,0,1,1
H5,392,2017,848230,      0.00,      0.00,      0.00,      0.00,0,1,0,0,1,1
H5,392,2017,848240,      0.00,      0.00,      0.00,      0.00,0,1,0,0,1,1
H5,392,2017,848250,      0.00,      0.00,      0.00,      0.00,0,1,0,0,1,1
H5,392,2017,848280,      0.00,      0.00,      0.00,      0.00,0,1,0,0,1,1
H5,392,2017,848291,      0.00,      0.00,      0.00,      0.00,0,1,0,0,1,1
H5,392,2017,848299,      0.00,      0.00,      0.00,      0.00,0,1,0,0,1,1
H5,392,2017,848310,      0.00,      0.00,      0.00,      0.00,0,3,0,0,3,3
H5,392,2017,848320,      0.00,      0.00,      0.00,      0.00,0,2,0,0,2,2
H5,392,2017,848330,      0.00,      0.00,      0.00,      0.00,0,2,0,0,2,2
H5,392,2017,848340,      0.00,      0.00,      0.00,      0.00,0,2,0,0,2,2
H5,392,2017,848350,      0.00,      0.00,      0.00,      0.00,0,2,0,0,2,2
H5,392,2017,848360,      0.00,      0.00,      0.00,      0.00,0,1,0,0,1,1
H5,392,2017,848390,      0.00,      0.00,      0.00,      0.00,0,4,0,0,4,4
H5,392,2017,848410,      0.00,      0.00,      0.00,      0.00,0,1,0,0,1,1
H5,392,2017,848420,      0.00,      0.00,      0.00,      0.00,0,1,0,0,1,1
H5,392,2017,848490,      0.00,      0.00,      0.00,      0.00,0,1,0,0,1,1
H5,392,2017,848610,      0.00,      0.00,      0.00,      0.00,0,1,0,0,1,1
H5,392,2017,848620,      0.00,      0.00,      0.00,      0.00,0,1,0,0,1,1
H5,392,2017,848630,      0.00,      0.00,      0.00,      0.00,0,1,0,0,1,1
H5,392,2017,848640,      0.00,      0.00,      0.00,      0.00,0,1,0,0,1,1
H5,392,2017,848690,      0.00,      0.00,      0.00,      0.00,0,1,0,0,1,1
H5,392,2017,848710,      0.00,      0.00,      0.00,      0.00,0,1,0,0,1,1
H5,392,2017,848790,      0.00,      0.00,      0.00,      0.00,0,1,0,0,1,1
H5,392,2017,850110,      0.00,      0.00,      0.00,      0.00,0,4,0,0,4,4
H5,392,2017,850120,      0.00,      0.00,      0.00,      0.00,0,1,0,0,1,1
H5,392,2017,850131,      0.00,      0.00,      0.00,      0.00,0,1,0,0,1,1
H5,392,2017,850132,      0.00,      0.00,      0.00,      0.00,0,1,0,0,1,1
H5,392,2017,850133,      0.00,      0.00,      0.00,      0.00,0,1,0,0,1,1
H5,392,2017,850134,      0.00,      0.00,      0.00,      0.00,0,1,0,0,1,1
H5,392,2017,850140,      0.00,      0.00,      0.00,      0.00,0,1,0,0,1,1
H5,392,2017,850151,      0.00,      0.00,      0.00,      0.00,0,1,0,0,1,1
H5,392,2017,850152,      0.00,      0.00,      0.00,      0.00,0,1,0,0,1,1
H5,392,2017,850153,      0.00,      0.00,      0.00,      0.00,0,1,0,0,1,1
H5,392,2017,850161,      0.00,      0.00,      0.00,      0.00,0,1,0,0,1,1
H5,392,2017,850162,      0.00,      0.00,      0.00,      0.00,0,1,0,0,1,1
H5,392,2017,850163,      0.00,      0.00,      0.00,      0.00,0,1,0,0,1,1
H5,392,2017,850164,      0.00,      0.00,      0.00,      0.00,0,1,0,0,1,1
H5,392,2017,850211,      0.00,      0.00,      0.00,      0.00,0,1,0,0,1,1
H5,392,2017,850212,      0.00,      0.00,      0.00,      0.00,0,1,0,0,1,1
H5,392,2017,850213,      0.00,      0.00,      0.00,      0.00,0,1,0,0,1,1
H5,392,2017,850220,      0.00,      0.00,      0.00,      0.00,0,1,0,0,1,1
H5,392,2017,850231,      0.00,      0.00,      0.00,      0.00,0,1,0,0,1,1
H5,392,2017,850239,      0.00,      0.00,      0.00,      0.00,0,1,0,0,1,1
H5,392,2017,850240,      0.00,      0.00,      0.00,      0.00,0,1,0,0,1,1
H5,392,2017,850300,      0.00,      0.00,      0.00,      0.00,0,1,0,0,1,1
H5,392,2017,850410,      0.00,      0.00,      0.00,      0.00,0,1,0,0,1,1
H5,392,2017,850421,      0.00,      0.00,      0.00,      0.00,0,3,0,0,3,3
H5,392,2017,850422,      0.00,      0.00,      0.00,      0.00,0,1,0,0,1,1
H5,392,2017,850423,      0.00,      0.00,      0.00,      0.00,0,1,0,0,1,1
H5,392,2017,850431,      0.00,      0.00,      0.00,      0.00,0,1,0,0,1,1
H5,392,2017,850432,      0.00,      0.00,      0.00,      0.00,0,1,0,0,1,1
H5,392,2017,850433,      0.00,      0.00,      0.00,      0.00,0,3,0,0,3,3
H5,392,2017,850434,      0.00,      0.00,      0.00,      0.00,0,1,0,0,1,1
H5,392,2017,850440,      0.00,      0.00,      0.00,      0.00,0,3,0,0,3,3
H5,392,2017,850450,      0.00,      0.00,      0.00,      0.00,0,1,0,0,1,1
H5,392,2017,850490,      0.00,      0.00,      0.00,      0.00,0,1,0,0,1,1
H5,392,2017,850511,      0.00,      0.00,      0.00,      0.00,0,1,0,0,1,1
H5,392,2017,850519,      0.00,      0.00,      0.00,      0.00,0,1,0,0,1,1
H5,392,2017,850520,      0.00,      0.00,      0.00,      0.00,0,1,0,0,1,1
H5,392,2017,850590,      0.00,      0.00,      0.00,      0.00,0,2,0,0,2,2
H5,392,2017,850610,      0.00,      0.00,      0.00,      0.00,0,3,0,0,3,3
H5,392,2017,850630,      0.00,      0.00,      0.00,      0.00,0,1,0,0,1,1
H5,392,2017,850640,      0.00,      0.00,      0.00,      0.00,0,1,0,0,1,1
H5,392,2017,850650,      0.00,      0.00,      0.00,      0.00,0,1,0,0,1,1
H5,392,2017,850660,      0.00,      0.00,      0.00,      0.00,0,1,0,0,1,1
H5,392,2017,850680,      0.00,      0.00,      0.00,      0.00,0,1,0,0,1,1
H5,392,2017,850690,      0.00,      0.00,      0.00,      0.00,0,1,0,0,1,1
H5,392,2017,850710,      0.00,      0.00,      0.00,      0.00,0,2,0,0,2,2
H5,392,2017,850720,      0.00,      0.00,      0.00,      0.00,0,2,0,0,2,2
H5,392,2017,850730,      0.00,      0.00,      0.00,      0.00,0,1,0,0,1,1
H5,392,2017,850740,      0.00,      0.00,      0.00,      0.00,0,1,0,0,1,1
H5,392,2017,850750,      0.00,      0.00,      0.00,      0.00,0,1,0,0,1,1
H5,392,2017,850760,      0.00,      0.00,      0.00,      0.00,0,1,0,0,1,1
H5,392,2017,850780,      0.00,      0.00,      0.00,      0.00,0,1,0,0,1,1
H5,392,2017,850790,      0.00,      0.00,      0.00,      0.00,0,1,0,0,1,1
H5,392,2017,850811,      0.00,      0.00,      0.00,      0.00,0,2,0,0,2,2
H5,392,2017,850819,      0.00,      0.00,      0.00,      0.00,0,1,0,0,1,1
H5,392,2017,850860,      0.00,      0.00,      0.00,      0.00,0,1,0,0,1,1
H5,392,2017,850870,      0.00,      0.00,      0.00,      0.00,0,1,0,0,1,1
H5,392,2017,850940,      0.00,      0.00,      0.00,      0.00,0,1,0,0,1,1
H5,392,2017,850980,      0.00,      0.00,      0.00,      0.00,0,1,0,0,1,1
H5,392,2017,850990,      0.00,      0.00,      0.00,      0.00,0,1,0,0,1,1
H5,392,2017,851010,      0.00,      0.00,      0.00,      0.00,0,1,0,0,1,1
H5,392,2017,851020,      0.00,      0.00,      0.00,      0.00,0,1,0,0,1,1
H5,392,2017,851030,      0.00,      0.00,      0.00,      0.00,0,1,0,0,1,1
H5,392,2017,851090,      0.00,      0.00,      0.00,      0.00,0,1,0,0,1,1
H5,392,2017,851110,      0.00,      0.00,      0.00,      0.00,0,2,0,0,2,2
H5,392,2017,851120,      0.00,      0.00,      0.00,      0.00,0,1,0,0,1,1
H5,392,2017,851130,      0.00,      0.00,      0.00,      0.00,0,1,0,0,1,1
H5,392,2017,851140,      0.00,      0.00,      0.00,      0.00,0,1,0,0,1,1
H5,392,2017,851150,      0.00,      0.00,      0.00,      0.00,0,1,0,0,1,1
H5,392,2017,851180,      0.00,      0.00,      0.00,      0.00,0,1,0,0,1,1
H5,392,2017,851190,      0.00,      0.00,      0.00,      0.00,0,2,0,0,2,2
H5,392,2017,851210,      0.00,      0.00,      0.00,      0.00,0,1,0,0,1,1
H5,392,2017,851220,      0.00,      0.00,      0.00,      0.00,0,1,0,0,1,1
H5,392,2017,851230,      0.00,      0.00,      0.00,      0.00,0,1,0,0,1,1
H5,392,2017,851240,      0.00,      0.00,      0.00,      0.00,0,1,0,0,1,1
H5,392,2017,851290,      0.00,      0.00,      0.00,      0.00,0,1,0,0,1,1
H5,392,2017,851310,      0.00,      0.00,      0.00,      0.00,0,1,0,0,1,1
H5,392,2017,851390,      0.00,      0.00,      0.00,      0.00,0,1,0,0,1,1
H5,392,2017,851410,      0.00,      0.00,      0.00,      0.00,0,1,0,0,1,1
H5,392,2017,851420,      0.00,      0.00,      0.00,      0.00,0,1,0,0,1,1
H5,392,2017,851430,      0.00,      0.00,      0.00,      0.00,0,1,0,0,1,1
H5,392,2017,851440,      0.00,      0.00,      0.00,      0.00,0,1,0,0,1,1
H5,392,2017,851490,      0.00,      0.00,      0.00,      0.00,0,1,0,0,1,1
H5,392,2017,851511,      0.00,      0.00,      0.00,      0.00,0,1,0,0,1,1
H5,392,2017,851519,      0.00,      0.00,      0.00,      0.00,0,1,0,0,1,1
H5,392,2017,851521,      0.00,      0.00,      0.00,      0.00,0,1,0,0,1,1
H5,392,2017,851529,      0.00,      0.00,      0.00,      0.00,0,1,0,0,1,1
H5,392,2017,851531,      0.00,      0.00,      0.00,      0.00,0,1,0,0,1,1
H5,392,2017,851539,      0.00,      0.00,      0.00,      0.00,0,1,0,0,1,1
H5,392,2017,851580,      0.00,      0.00,      0.00,      0.00,0,2,0,0,2,2
H5,392,2017,851590,      0.00,      0.00,      0.00,      0.00,0,2,0,0,2,2
H5,392,2017,851610,      0.00,      0.00,      0.00,      0.00,0,1,0,0,1,1
H5,392,2017,851621,      0.00,      0.00,      0.00,      0.00,0,1,0,0,1,1
H5,392,2017,851629,      0.00,      0.00,      0.00,      0.00,0,1,0,0,1,1
H5,392,2017,851631,      0.00,      0.00,      0.00,      0.00,0,1,0,0,1,1
H5,392,2017,851632,      0.00,      0.00,      0.00,      0.00,0,1,0,0,1,1
H5,392,2017,851633,      0.00,      0.00,      0.00,      0.00,0,1,0,0,1,1
H5,392,2017,851640,      0.00,      0.00,      0.00,      0.00,0,1,0,0,1,1
H5,392,2017,851650,      0.00,      0.00,      0.00,      0.00,0,2,0,0,2,2
H5,392,2017,851660,      0.00,      0.00,      0.00,      0.00,0,1,0,0,1,1
H5,392,2017,851671,      0.00,      0.00,      0.00,      0.00,0,1,0,0,1,1
H5,392,2017,851672,      0.00,      0.00,      0.00,      0.00,0,1,0,0,1,1
H5,392,2017,851679,      0.00,      0.00,      0.00,      0.00,0,2,0,0,2,2
H5,392,2017,851680,      0.00,      0.00,      0.00,      0.00,0,1,0,0,1,1
H5,392,2017,851690,      0.00,      0.00,      0.00,      0.00,0,1,0,0,1,1
H5,392,2017,851711,      0.00,      0.00,      0.00,      0.00,0,1,0,0,1,1
H5,392,2017,851712,      0.00,      0.00,      0.00,      0.00,0,1,0,0,1,1
H5,392,2017,851718,      0.00,      0.00,      0.00,      0.00,0,1,0,0,1,1
H5,392,2017,851761,      0.00,      0.00,      0.00,      0.00,0,1,0,0,1,1
H5,392,2017,851762,      0.00,      0.00,      0.00,      0.00,0,1,0,0,1,1
H5,392,2017,851769,      0.00,      0.00,      0.00,      0.00,0,1,0,0,1,1
H5,392,2017,851770,      0.00,      0.00,      0.00,      0.00,0,1,0,0,1,1
H5,392,2017,851810,      0.00,      0.00,      0.00,      0.00,0,1,0,0,1,1
H5,392,2017,851821,      0.00,      0.00,      0.00,      0.00,0,1,0,0,1,1
H5,392,2017,851822,      0.00,      0.00,      0.00,      0.00,0,1,0,0,1,1
H5,392,2017,851829,      0.00,      0.00,      0.00,      0.00,0,1,0,0,1,1
H5,392,2017,851830,      0.00,      0.00,      0.00,      0.00,0,1,0,0,1,1
H5,392,2017,851840,      0.00,      0.00,      0.00,      0.00,0,1,0,0,1,1
H5,392,2017,851850,      0.00,      0.00,      0.00,      0.00,0,1,0,0,1,1
H5,392,2017,851890,      0.00,      0.00,      0.00,      0.00,0,1,0,0,1,1
H5,392,2017,851920,      0.00,      0.00,      0.00,      0.00,0,1,0,0,1,1
H5,392,2017,851930,      0.00,      0.00,      0.00,      0.00,0,1,0,0,1,1
H5,392,2017,851950,      0.00,      0.00,      0.00,      0.00,0,1,0,0,1,1
H5,392,2017,851981,      0.00,      0.00,      0.00,      0.00,0,1,0,0,1,1
H5,392,2017,851989,      0.00,      0.00,      0.00,      0.00,0,1,0,0,1,1
H5,392,2017,852110,      0.00,      0.00,      0.00,      0.00,0,1,0,0,1,1
H5,392,2017,852190,      0.00,      0.00,      0.00,      0.00,0,1,0,0,1,1
H5,392,2017,852210,      0.00,      0.00,      0.00,      0.00,0,1,0,0,1,1
H5,392,2017,852290,      0.00,      0.00,      0.00,      0.00,0,1,0,0,1,1
H5,392,2017,852321,      0.00,      0.00,      0.00,      0.00,0,1,0,0,1,1
H5,392,2017,852329,      0.00,      0.00,      0.00,      0.00,0,1,0,0,1,1
H5,392,2017,852341,      0.00,      0.00,      0.00,      0.00,0,1,0,0,1,1
H5,392,2017,852349,      0.00,      0.00,      0.00,      0.00,0,1,0,0,1,1
H5,392,2017,852351,      0.00,      0.00,      0.00,      0.00,0,1,0,0,1,1
H5,392,2017,852352,      0.00,      0.00,      0.00,      0.00,0,2,0,0,2,2
H5,392,2017,852359,      0.00,      0.00,      0.00,      0.00,0,1,0,0,1,1
H5,392,2017,852380,      0.00,      0.00,      0.00,      0.00,0,1,0,0,1,1
H5,392,2017,852550,      0.00,      0.00,      0.00,      0.00,0,1,0,0,1,1
H5,392,2017,852560,      0.00,      0.00,      0.00,      0.00,0,1,0,0,1,1
H5,392,2017,852580,      0.00,      0.00,      0.00,      0.00,0,1,0,0,1,1
H5,392,2017,852610,      0.00,      0.00,      0.00,      0.00,0,3,0,0,3,3
H5,392,2017,852691,      0.00,      0.00,      0.00,      0.00,0,2,0,0,2,2
H5,392,2017,852692,      0.00,      0.00,      0.00,      0.00,0,1,0,0,1,1
H5,392,2017,852712,      0.00,      0.00,      0.00,      0.00,0,1,0,0,1,1
H5,392,2017,852713,      0.00,      0.00,      0.00,      0.00,0,1,0,0,1,1
H5,392,2017,852719,      0.00,      0.00,      0.00,      0.00,0,1,0,0,1,1
H5,392,2017,852721,      0.00,      0.00,      0.00,      0.00,0,1,0,0,1,1
H5,392,2017,852729,      0.00,      0.00,      0.00,      0.00,0,1,0,0,1,1
H5,392,2017,852791,      0.00,      0.00,      0.00,      0.00,0,1,0,0,1,1
H5,392,2017,852792,      0.00,      0.00,      0.00,      0.00,0,1,0,0,1,1
H5,392,2017,852799,      0.00,      0.00,      0.00,      0.00,0,1,0,0,1,1
H5,392,2017,852842,      0.00,      0.00,      0.00,      0.00,0,1,0,0,1,1
H5,392,2017,852849,      0.00,      0.00,      0.00,      0.00,0,1,0,0,1,1
H5,392,2017,852852,      0.00,      0.00,      0.00,      0.00,0,1,0,0,1,1
H5,392,2017,852859,      0.00,      0.00,      0.00,      0.00,0,1,0,0,1,1
H5,392,2017,852862,      0.00,      0.00,      0.00,      0.00,0,1,0,0,1,1
H5,392,2017,852869,      0.00,      0.00,      0.00,      0.00,0,1,0,0,1,1
H5,392,2017,852871,      0.00,      0.00,      0.00,      0.00,0,1,0,0,1,1
H5,392,2017,852872,      0.00,      0.00,      0.00,      0.00,0,3,0,0,3,3
H5,392,2017,852873,      0.00,      0.00,      0.00,      0.00,0,1,0,0,1,1
H5,392,2017,852910,      0.00,      0.00,      0.00,      0.00,0,1,0,0,1,1
H5,392,2017,852990,      0.00,      0.00,      0.00,      0.00,0,5,0,0,5,5
H5,392,2017,853010,      0.00,      0.00,      0.00,      0.00,0,1,0,0,1,1
H5,392,2017,853080,      0.00,      0.00,      0.00,      0.00,0,1,0,0,1,1
H5,392,2017,853090,      0.00,      0.00,      0.00,      0.00,0,1,0,0,1,1
H5,392,2017,853110,      0.00,      0.00,      0.00,      0.00,0,1,0,0,1,1
H5,392,2017,853120,      0.00,      0.00,      0.00,      0.00,0,1,0,0,1,1
H5,392,2017,853180,      0.00,      0.00,      0.00,      0.00,0,1,0,0,1,1
H5,392,2017,853190,      0.00,      0.00,      0.00,      0.00,0,1,0,0,1,1
H5,392,2017,853210,      0.00,      0.00,      0.00,      0.00,0,1,0,0,1,1
H5,392,2017,853221,      0.00,      0.00,      0.00,      0.00,0,1,0,0,1,1
H5,392,2017,853222,      0.00,      0.00,      0.00,      0.00,0,1,0,0,1,1
H5,392,2017,853223,      0.00,      0.00,      0.00,      0.00,0,1,0,0,1,1
H5,392,2017,853224,      0.00,      0.00,      0.00,      0.00,0,1,0,0,1,1
H5,392,2017,853225,      0.00,      0.00,      0.00,      0.00,0,1,0,0,1,1
H5,392,2017,853229,      0.00,      0.00,      0.00,      0.00,0,1,0,0,1,1
H5,392,2017,853230,      0.00,      0.00,      0.00,      0.00,0,1,0,0,1,1
H5,392,2017,853290,      0.00,      0.00,      0.00,      0.00,0,1,0,0,1,1
H5,392,2017,853310,      0.00,      0.00,      0.00,      0.00,0,1,0,0,1,1
H5,392,2017,853321,      0.00,      0.00,      0.00,      0.00,0,1,0,0,1,1
H5,392,2017,853329,      0.00,      0.00,      0.00,      0.00,0,1,0,0,1,1
H5,392,2017,853331,      0.00,      0.00,      0.00,      0.00,0,1,0,0,1,1
H5,392,2017,853339,      0.00,      0.00,      0.00,      0.00,0,1,0,0,1,1
H5,392,2017,853340,      0.00,      0.00,      0.00,      0.00,0,1,0,0,1,1
H5,392,2017,853390,      0.00,      0.00,      0.00,      0.00,0,1,0,0,1,1
H5,392,2017,853400,      0.00,      0.00,      0.00,      0.00,0,1,0,0,1,1
H5,392,2017,853510,      0.00,      0.00,      0.00,      0.00,0,1,0,0,1,1
H5,392,2017,853521,      0.00,      0.00,      0.00,      0.00,0,1,0,0,1,1
H5,392,2017,853529,      0.00,      0.00,      0.00,      0.00,0,1,0,0,1,1
H5,392,2017,853530,      0.00,      0.00,      0.00,      0.00,0,1,0,0,1,1
H5,392,2017,853540,      0.00,      0.00,      0.00,      0.00,0,1,0,0,1,1
H5,392,2017,853590,      0.00,      0.00,      0.00,      0.00,0,1,0,0,1,1
H5,392,2017,853610,      0.00,      0.00,      0.00,      0.00,0,1,0,0,1,1
H5,392,2017,853620,      0.00,      0.00,      0.00,      0.00,0,1,0,0,1,1
H5,392,2017,853630,      0.00,      0.00,      0.00,      0.00,0,1,0,0,1,1
H5,392,2017,853641,      0.00,      0.00,      0.00,      0.00,0,1,0,0,1,1
H5,392,2017,853649,      0.00,      0.00,      0.00,      0.00,0,1,0,0,1,1
H5,392,2017,853650,      0.00,      0.00,      0.00,      0.00,0,3,0,0,3,3
H5,392,2017,853661,      0.00,      0.00,      0.00,      0.00,0,1,0,0,1,1
H5,392,2017,853669,      0.00,      0.00,      0.00,      0.00,0,1,0,0,1,1
H5,392,2017,853670,      0.00,      0.00,      0.00,      0.00,0,1,0,0,1,1
H5,392,2017,853690,      0.00,      0.00,      0.00,      0.00,0,1,0,0,1,1
H5,392,2017,853710,      0.00,      0.00,      0.00,      0.00,0,1,0,0,1,1
H5,392,2017,853720,      0.00,      0.00,      0.00,      0.00,0,1,0,0,1,1
H5,392,2017,853810,      0.00,      0.00,      0.00,      0.00,0,1,0,0,1,1
H5,392,2017,853890,      0.00,      0.00,      0.00,      0.00,0,1,0,0,1,1
H5,392,2017,853910,      0.00,      0.00,      0.00,      0.00,0,1,0,0,1,1
H5,392,2017,853921,      0.00,      0.00,      0.00,      0.00,0,1,0,0,1,1
H5,392,2017,853922,      0.00,      0.00,      0.00,      0.00,0,1,0,0,1,1
H5,392,2017,853929,      0.00,      0.00,      0.00,      0.00,0,2,0,0,2,2
H5,392,2017,853931,      0.00,      0.00,      0.00,      0.00,0,1,0,0,1,1
H5,392,2017,853932,      0.00,      0.00,      0.00,      0.00,0,1,0,0,1,1
H5,392,2017,853939,      0.00,      0.00,      0.00,      0.00,0,1,0,0,1,1
H5,392,2017,853941,      0.00,      0.00,      0.00,      0.00,0,1,0,0,1,1
H5,392,2017,853949,      0.00,      0.00,      0.00,      0.00,0,1,0,0,1,1
H5,392,2017,853950,      0.00,      0.00,      0.00,      0.00,0,2,0,0,2,2
H5,392,2017,853990,      0.00,      0.00,      0.00,      0.00,0,1,0,0,1,1
H5,392,2017,854011,      0.00,      0.00,      0.00,      0.00,0,1,0,0,1,1
H5,392,2017,854012,      0.00,      0.00,      0.00,      0.00,0,1,0,0,1,1
H5,392,2017,854020,      0.00,      0.00,      0.00,      0.00,0,1,0,0,1,1
H5,392,2017,854040,      0.00,      0.00,      0.00,      0.00,0,1,0,0,1,1
H5,392,2017,854060,      0.00,      0.00,      0.00,      0.00,0,1,0,0,1,1
H5,392,2017,854071,      0.00,      0.00,      0.00,      0.00,0,1,0,0,1,1
H5,392,2017,854079,      0.00,      0.00,      0.00,      0.00,0,1,0,0,1,1
H5,392,2017,854081,      0.00,      0.00,      0.00,      0.00,0,1,0,0,1,1
H5,392,2017,854089,      0.00,      0.00,      0.00,      0.00,0,1,0,0,1,1
H5,392,2017,854091,      0.00,      0.00,      0.00,      0.00,0,1,0,0,1,1
H5,392,2017,854099,      0.00,      0.00,      0.00,      0.00,0,1,0,0,1,1
H5,392,2017,854110,      0.00,      0.00,      0.00,      0.00,0,2,0,0,2,2
H5,392,2017,854121,      0.00,      0.00,      0.00,      0.00,0,2,0,0,2,2
H5,392,2017,854129,      0.00,      0.00,      0.00,      0.00,0,2,0,0,2,2
H5,392,2017,854130,      0.00,      0.00,      0.00,      0.00,0,1,0,0,1,1
H5,392,2017,854140,      0.00,      0.00,      0.00,      0.00,0,3,0,0,3,3
H5,392,2017,854150,      0.00,      0.00,      0.00,      0.00,0,1,0,0,1,1
H5,392,2017,854160,      0.00,      0.00,      0.00,      0.00,0,2,0,0,2,2
H5,392,2017,854190,      0.00,      0.00,      0.00,      0.00,0,1,0,0,1,1
H5,392,2017,854231,      0.00,      0.00,      0.00,      0.00,0,6,0,0,6,6
H5,392,2017,854232,      0.00,      0.00,      0.00,      0.00,0,7,0,0,7,7
H5,392,2017,854233,      0.00,      0.00,      0.00,      0.00,0,3,0,0,3,3
H5,392,2017,854239,      0.00,      0.00,      0.00,      0.00,0,3,0,0,3,3
H5,392,2017,854290,      0.00,      0.00,      0.00,      0.00,0,1,0,0,1,1
H5,392,2017,854310,      0.00,      0.00,      0.00,      0.00,0,1,0,0,1,1
H5,392,2017,854320,      0.00,      0.00,      0.00,      0.00,0,2,0,0,2,2
H5,392,2017,854330,      0.00,      0.00,      0.00,      0.00,0,1,0,0,1,1
H5,392,2017,854370,      0.00,      0.00,      0.00,      0.00,0,1,0,0,1,1
H5,392,2017,854390,      0.00,      0.00,      0.00,      0.00,0,1,0,0,1,1
H5,392,2017,854411,      4.80,      4.80,      4.80,      4.80,0,0,0,1,1,1
H5,392,2017,854419,      4.80,      4.80,      4.80,      4.80,0,0,0,1,1,1
H5,392,2017,854420,      0.00,      0.00,      0.00,      0.00,0,1,0,0,1,1
H5,392,2017,854430,      0.00,      0.00,      0.00,      0.00,0,2,0,0,2,2
H5,392,2017,854442,      0.00,      0.00,      0.00,      0.00,0,3,0,0,3,3
H5,392,2017,854449,      0.00,      0.00,      0.00,      0.00,0,3,0,0,3,3
H5,392,2017,854460,      0.00,      0.00,      0.00,      0.00,0,2,0,0,2,2
H5,392,2017,854470,      0.00,      0.00,      0.00,      0.00,0,2,0,0,2,2
H5,392,2017,854511,      6.60,      3.30,      3.30,      3.30,0,0,0,2,2,2
H5,392,2017,854519,      3.30,      3.30,      3.30,      3.30,0,0,0,1,1,1
H5,392,2017,854520,      3.30,      3.30,      3.30,      3.30,0,0,0,1,1,1
H5,392,2017,854590,      3.30,      0.00,      3.30,      1.65,0,1,0,1,2,2
H5,392,2017,854610,      0.00,      0.00,      0.00,      0.00,0,1,0,0,1,1
H5,392,2017,854620,      0.00,      0.00,      0.00,      0.00,0,1,0,0,1,1
H5,392,2017,854690,      0.00,      0.00,      0.00,      0.00,0,1,0,0,1,1
H5,392,2017,854710,      0.00,      0.00,      0.00,      0.00,0,1,0,0,1,1
H5,392,2017,854720,      0.00,      0.00,      0.00,      0.00,0,1,0,0,1,1
H5,392,2017,854790,      0.00,      0.00,      0.00,      0.00,0,1,0,0,1,1
H5,392,2017,854810,      0.00,      0.00,      0.00,      0.00,0,1,0,0,1,1
H5,392,2017,854890,      0.00,      0.00,      0.00,      0.00,0,1,0,0,1,1
H5,392,2017,860110,      0.00,      0.00,      0.00,      0.00,0,1,0,0,1,1
H5,392,2017,860120,      0.00,      0.00,      0.00,      0.00,0,1,0,0,1,1
H5,392,2017,860210,      0.00,      0.00,      0.00,      0.00,0,1,0,0,1,1
H5,392,2017,860290,      0.00,      0.00,      0.00,      0.00,0,1,0,0,1,1
H5,392,2017,860310,      0.00,      0.00,      0.00,      0.00,0,1,0,0,1,1
H5,392,2017,860390,      0.00,      0.00,      0.00,      0.00,0,1,0,0,1,1
H5,392,2017,860400,      0.00,      0.00,      0.00,      0.00,0,1,0,0,1,1
H5,392,2017,860500,      0.00,      0.00,      0.00,      0.00,0,1,0,0,1,1
H5,392,2017,860610,      0.00,      0.00,      0.00,      0.00,0,1,0,0,1,1
H5,392,2017,860630,      0.00,      0.00,      0.00,      0.00,0,1,0,0,1,1
H5,392,2017,860691,      0.00,      0.00,      0.00,      0.00,0,1,0,0,1,1
H5,392,2017,860692,      0.00,      0.00,      0.00,      0.00,0,1,0,0,1,1
H5,392,2017,860699,      0.00,      0.00,      0.00,      0.00,0,1,0,0,1,1
H5,392,2017,860711,      0.00,      0.00,      0.00,      0.00,0,1,0,0,1,1
H5,392,2017,860712,      0.00,      0.00,      0.00,      0.00,0,1,0,0,1,1
H5,392,2017,860719,      0.00,      0.00,      0.00,      0.00,0,1,0,0,1,1
H5,392,2017,860721,      0.00,      0.00,      0.00,      0.00,0,1,0,0,1,1
H5,392,2017,860729,      0.00,      0.00,      0.00,      0.00,0,1,0,0,1,1
H5,392,2017,860730,      0.00,      0.00,      0.00,      0.00,0,1,0,0,1,1
H5,392,2017,860791,      0.00,      0.00,      0.00,      0.00,0,1,0,0,1,1
H5,392,2017,860799,      0.00,      0.00,      0.00,      0.00,0,1,0,0,1,1
H5,392,2017,860800,      0.00,      0.00,      0.00,      0.00,0,1,0,0,1,1
H5,392,2017,860900,      0.00,      0.00,      0.00,      0.00,0,1,0,0,1,1
H5,392,2017,870110,      0.00,      0.00,      0.00,      0.00,0,1,0,0,1,1
H5,392,2017,870120,      0.00,      0.00,      0.00,      0.00,0,1,0,0,1,1
H5,392,2017,870130,      0.00,      0.00,      0.00,      0.00,0,1,0,0,1,1
H5,392,2017,870191,      0.00,      0.00,      0.00,      0.00,0,2,0,0,2,2
H5,392,2017,870192,      0.00,      0.00,      0.00,      0.00,0,2,0,0,2,2
H5,392,2017,870193,      0.00,      0.00,      0.00,      0.00,0,3,0,0,3,3
H5,392,2017,870194,      0.00,      0.00,      0.00,      0.00,0,2,0,0,2,2
H5,392,2017,870195,      0.00,      0.00,      0.00,      0.00,0,2,0,0,2,2
H5,392,2017,870210,      0.00,      0.00,      0.00,      0.00,0,1,0,0,1,1
H5,392,2017,870220,      0.00,      0.00,      0.00,      0.00,0,1,0,0,1,1
H5,392,2017,870230,      0.00,      0.00,      0.00,      0.00,0,1,0,0,1,1
H5,392,2017,870240,      0.00,      0.00,      0.00,      0.00,0,1,0,0,1,1
H5,392,2017,870290,      0.00,      0.00,      0.00,      0.00,0,1,0,0,1,1
H5,392,2017,870310,      0.00,      0.00,      0.00,      0.00,0,1,0,0,1,1
H5,392,2017,870321,      0.00,      0.00,      0.00,      0.00,0,1,0,0,1,1
H5,392,2017,870322,      0.00,      0.00,      0.00,      0.00,0,1,0,0,1,1
H5,392,2017,870323,      0.00,      0.00,      0.00,      0.00,0,1,0,0,1,1
H5,392,2017,870324,      0.00,      0.00,      0.00,      0.00,0,1,0,0,1,1
H5,392,2017,870331,      0.00,      0.00,      0.00,      0.00,0,1,0,0,1,1
H5,392,2017,870332,      0.00,      0.00,      0.00,      0.00,0,1,0,0,1,1
H5,392,2017,870333,      0.00,      0.00,      0.00,      0.00,0,1,0,0,1,1
H5,392,2017,870340,      0.00,      0.00,      0.00,      0.00,0,1,0,0,1,1
H5,392,2017,870350,      0.00,      0.00,      0.00,      0.00,0,1,0,0,1,1
H5,392,2017,870360,      0.00,      0.00,      0.00,      0.00,0,1,0,0,1,1
H5,392,2017,870370,      0.00,      0.00,      0.00,      0.00,0,1,0,0,1,1
H5,392,2017,870380,      0.00,      0.00,      0.00,      0.00,0,1,0,0,1,1
H5,392,2017,870390,      0.00,      0.00,      0.00,      0.00,0,1,0,0,1,1
H5,392,2017,870410,      0.00,      0.00,      0.00,      0.00,0,1,0,0,1,1
H5,392,2017,870421,      0.00,      0.00,      0.00,      0.00,0,1,0,0,1,1
H5,392,2017,870422,      0.00,      0.00,      0.00,      0.00,0,1,0,0,1,1
H5,392,2017,870423,      0.00,      0.00,      0.00,      0.00,0,1,0,0,1,1
H5,392,2017,870431,      0.00,      0.00,      0.00,      0.00,0,1,0,0,1,1
H5,392,2017,870432,      0.00,      0.00,      0.00,      0.00,0,1,0,0,1,1
H5,392,2017,870490,      0.00,      0.00,      0.00,      0.00,0,1,0,0,1,1
H5,392,2017,870510,      0.00,      0.00,      0.00,      0.00,0,1,0,0,1,1
H5,392,2017,870520,      0.00,      0.00,      0.00,      0.00,0,1,0,0,1,1
H5,392,2017,870530,      0.00,      0.00,      0.00,      0.00,0,1,0,0,1,1
H5,392,2017,870540,      0.00,      0.00,      0.00,      0.00,0,1,0,0,1,1
H5,392,2017,870590,      0.00,      0.00,      0.00,      0.00,0,1,0,0,1,1
H5,392,2017,870600,      0.00,      0.00,      0.00,      0.00,0,1,0,0,1,1
H5,392,2017,870710,      0.00,      0.00,      0.00,      0.00,0,1,0,0,1,1
H5,392,2017,870790,      0.00,      0.00,      0.00,      0.00,0,1,0,0,1,1
H5,392,2017,870810,      0.00,      0.00,      0.00,      0.00,0,1,0,0,1,1
H5,392,2017,870821,      0.00,      0.00,      0.00,      0.00,0,1,0,0,1,1
H5,392,2017,870829,      0.00,      0.00,      0.00,      0.00,0,1,0,0,1,1
H5,392,2017,870830,      0.00,      0.00,      0.00,      0.00,0,2,0,0,2,2
H5,392,2017,870840,      0.00,      0.00,      0.00,      0.00,0,1,0,0,1,1
H5,392,2017,870850,      0.00,      0.00,      0.00,      0.00,0,2,0,0,2,2
H5,392,2017,870870,      0.00,      0.00,      0.00,      0.00,0,2,0,0,2,2
H5,392,2017,870880,      0.00,      0.00,      0.00,      0.00,0,1,0,0,1,1
H5,392,2017,870891,      0.00,      0.00,      0.00,      0.00,0,1,0,0,1,1
H5,392,2017,870892,      0.00,      0.00,      0.00,      0.00,0,1,0,0,1,1
H5,392,2017,870893,      0.00,      0.00,      0.00,      0.00,0,1,0,0,1,1
H5,392,2017,870894,      0.00,      0.00,      0.00,      0.00,0,1,0,0,1,1
H5,392,2017,870895,      0.00,      0.00,      0.00,      0.00,0,1,0,0,1,1
H5,392,2017,870899,      0.00,      0.00,      0.00,      0.00,0,2,0,0,2,2
H5,392,2017,870911,      0.00,      0.00,      0.00,      0.00,0,1,0,0,1,1
H5,392,2017,870919,      0.00,      0.00,      0.00,      0.00,0,1,0,0,1,1
H5,392,2017,870990,      0.00,      0.00,      0.00,      0.00,0,1,0,0,1,1
H5,392,2017,871000,      8.40,      8.40,      8.40,      8.40,0,0,0,1,1,1
H5,392,2017,871110,      0.00,      0.00,      0.00,      0.00,0,1,0,0,1,1
H5,392,2017,871120,      0.00,      0.00,      0.00,      0.00,0,2,0,0,2,2
H5,392,2017,871130,      0.00,      0.00,      0.00,      0.00,0,1,0,0,1,1
H5,392,2017,871140,      0.00,      0.00,      0.00,      0.00,0,1,0,0,1,1
H5,392,2017,871150,      0.00,      0.00,      0.00,      0.00,0,1,0,0,1,1
H5,392,2017,871160,      0.00,      0.00,      0.00,      0.00,0,1,0,0,1,1
H5,392,2017,871190,      0.00,      0.00,      0.00,      0.00,0,1,0,0,1,1
H5,392,2017,871200,      0.00,      0.00,      0.00,      0.00,0,6,0,0,6,6
H5,392,2017,871310,      0.00,      0.00,      0.00,      0.00,0,1,0,0,1,1
H5,392,2017,871390,      0.00,      0.00,      0.00,      0.00,0,1,0,0,1,1
H5,392,2017,871410,      0.00,      0.00,      0.00,      0.00,0,1,0,0,1,1
H5,392,2017,871420,      0.00,      0.00,      0.00,      0.00,0,1,0,0,1,1
H5,392,2017,871491,      0.00,      0.00,      0.00,      0.00,0,1,0,0,1,1
H5,392,2017,871492,      0.00,      0.00,      0.00,      0.00,0,1,0,0,1,1
H5,392,2017,871493,      0.00,      0.00,      0.00,      0.00,0,1,0,0,1,1
H5,392,2017,871494,      0.00,      0.00,      0.00,      0.00,0,1,0,0,1,1
H5,392,2017,871495,      0.00,      0.00,      0.00,      0.00,0,1,0,0,1,1
H5,392,2017,871496,      0.00,      0.00,      0.00,      0.00,0,1,0,0,1,1
H5,392,2017,871499,      0.00,      0.00,      0.00,      0.00,0,1,0,0,1,1
H5,392,2017,871500,      0.00,      0.00,      0.00,      0.00,0,1,0,0,1,1
H5,392,2017,871610,      0.00,      0.00,      0.00,      0.00,0,1,0,0,1,1
H5,392,2017,871620,      0.00,      0.00,      0.00,      0.00,0,1,0,0,1,1
H5,392,2017,871631,      0.00,      0.00,      0.00,      0.00,0,1,0,0,1,1
H5,392,2017,871639,      0.00,      0.00,      0.00,      0.00,0,1,0,0,1,1
H5,392,2017,871640,      0.00,      0.00,      0.00,      0.00,0,1,0,0,1,1
H5,392,2017,871680,      0.00,      0.00,      0.00,      0.00,0,1,0,0,1,1
H5,392,2017,871690,      0.00,      0.00,      0.00,      0.00,0,1,0,0,1,1
H5,392,2017,880100,      0.00,      0.00,      0.00,      0.00,0,1,0,0,1,1
H5,392,2017,880211,      0.00,      0.00,      0.00,      0.00,0,1,0,0,1,1
H5,392,2017,880212,      0.00,      0.00,      0.00,      0.00,0,1,0,0,1,1
H5,392,2017,880220,      0.00,      0.00,      0.00,      0.00,0,1,0,0,1,1
H5,392,2017,880230,      0.00,      0.00,      0.00,      0.00,0,1,0,0,1,1
H5,392,2017,880240,      0.00,      0.00,      0.00,      0.00,0,1,0,0,1,1
H5,392,2017,880260,      0.00,      0.00,      0.00,      0.00,0,1,0,0,1,1
H5,392,2017,880310,      0.00,      0.00,      0.00,      0.00,0,3,0,0,3,3
H5,392,2017,880320,      0.00,      0.00,      0.00,      0.00,0,1,0,0,1,1
H5,392,2017,880330,      0.00,      0.00,      0.00,      0.00,0,1,0,0,1,1
H5,392,2017,880390,      0.00,      0.00,      0.00,      0.00,0,1,0,0,1,1
H5,392,2017,880400,      0.00,      0.00,      0.00,      0.00,0,1,0,0,1,1
H5,392,2017,880510,      0.00,      0.00,      0.00,      0.00,0,1,0,0,1,1
H5,392,2017,880521,      0.00,      0.00,      0.00,      0.00,0,1,0,0,1,1
H5,392,2017,880529,      0.00,      0.00,      0.00,      0.00,0,1,0,0,1,1
H5,392,2017,890110,      0.00,      0.00,      0.00,      0.00,0,1,0,0,1,1
H5,392,2017,890120,      0.00,      0.00,      0.00,      0.00,0,1,0,0,1,1
H5,392,2017,890130,      0.00,      0.00,      0.00,      0.00,0,1,0,0,1,1
H5,392,2017,890190,      0.00,      0.00,      0.00,      0.00,0,1,0,0,1,1
H5,392,2017,890200,      0.00,      0.00,      0.00,      0.00,0,1,0,0,1,1
H5,392,2017,890310,      0.00,      0.00,      0.00,      0.00,0,1,0,0,1,1
H5,392,2017,890391,      0.00,      0.00,      0.00,      0.00,0,1,0,0,1,1
H5,392,2017,890392,      0.00,      0.00,      0.00,      0.00,0,1,0,0,1,1
H5,392,2017,890399,      0.00,      0.00,      0.00,      0.00,0,1,0,0,1,1
H5,392,2017,890400,      0.00,      0.00,      0.00,      0.00,0,1,0,0,1,1
H5,392,2017,890510,      0.00,      0.00,      0.00,      0.00,0,1,0,0,1,1
H5,392,2017,890520,      0.00,      0.00,      0.00,      0.00,0,1,0,0,1,1
H5,392,2017,890590,      0.00,      0.00,      0.00,      0.00,0,1,0,0,1,1
H5,392,2017,890610,      0.00,      0.00,      0.00,      0.00,0,1,0,0,1,1
H5,392,2017,890690,      0.00,      0.00,      0.00,      0.00,0,2,0,0,2,2
H5,392,2017,890710,      0.00,      0.00,      0.00,      0.00,0,1,0,0,1,1
H5,392,2017,890790,      0.00,      0.00,      0.00,      0.00,0,1,0,0,1,1
H5,392,2017,890800,      0.00,      0.00,      0.00,      0.00,0,1,0,0,1,1
H5,392,2017,900110,      0.00,      0.00,      0.00,      0.00,0,2,0,0,2,2
H5,392,2017,900120,      0.00,      0.00,      0.00,      0.00,0,1,0,0,1,1
H5,392,2017,900130,      0.00,      0.00,      0.00,      0.00,0,1,0,0,1,1
H5,392,2017,900140,      0.00,      0.00,      0.00,      0.00,0,1,0,0,1,1
H5,392,2017,900150,      0.00,      0.00,      0.00,      0.00,0,1,0,0,1,1
H5,392,2017,900190,      0.00,      0.00,      0.00,      0.00,0,1,0,0,1,1
H5,392,2017,900211,      0.00,      0.00,      0.00,      0.00,0,2,0,0,2,2
H5,392,2017,900219,      0.00,      0.00,      0.00,      0.00,0,1,0,0,1,1
H5,392,2017,900220,      0.00,      0.00,      0.00,      0.00,0,1,0,0,1,1
H5,392,2017,900290,      0.00,      0.00,      0.00,      0.00,0,1,0,0,1,1
H5,392,2017,900311,      4.70,      4.70,      4.70,      4.70,0,0,0,1,1,1
H5,392,2017,900319,      8.00,      3.30,      4.70,      4.00,0,0,0,2,2,2
H5,392,2017,900390,      4.70,      4.70,      4.70,      4.70,0,0,0,1,1,1
H5,392,2017,900410,      5.30,      5.30,      5.30,      5.30,0,0,0,1,1,1
H5,392,2017,900490,      5.30,      5.30,      5.30,      5.30,0,0,0,1,1,1
H5,392,2017,900510,      0.00,      0.00,      0.00,      0.00,0,1,0,0,1,1
H5,392,2017,900580,      0.00,      0.00,      0.00,      0.00,0,1,0,0,1,1
H5,392,2017,900590,      0.00,      0.00,      0.00,      0.00,0,1,0,0,1,1
H5,392,2017,900630,      0.00,      0.00,      0.00,      0.00,0,1,0,0,1,1
H5,392,2017,900640,      0.00,      0.00,      0.00,      0.00,0,1,0,0,1,1
H5,392,2017,900651,      0.00,      0.00,      0.00,      0.00,0,1,0,0,1,1
H5,392,2017,900652,      0.00,      0.00,      0.00,      0.00,0,1,0,0,1,1
H5,392,2017,900653,      0.00,      0.00,      0.00,      0.00,0,2,0,0,2,2
H5,392,2017,900659,      0.00,      0.00,      0.00,      0.00,0,1,0,0,1,1
H5,392,2017,900661,      0.00,      0.00,      0.00,      0.00,0,1,0,0,1,1
H5,392,2017,900669,      0.00,      0.00,      0.00,      0.00,0,1,0,0,1,1
H5,392,2017,900691,      0.00,      0.00,      0.00,      0.00,0,1,0,0,1,1
H5,392,2017,900699,      0.00,      0.00,      0.00,      0.00,0,1,0,0,1,1
H5,392,2017,900710,      0.00,      0.00,      0.00,      0.00,0,1,0,0,1,1
H5,392,2017,900720,      0.00,      0.00,      0.00,      0.00,0,1,0,0,1,1
H5,392,2017,900791,      0.00,      0.00,      0.00,      0.00,0,1,0,0,1,1
H5,392,2017,900792,      0.00,      0.00,      0.00,      0.00,0,1,0,0,1,1
H5,392,2017,900850,      0.00,      0.00,      0.00,      0.00,0,1,0,0,1,1
H5,392,2017,900890,      0.00,      0.00,      0.00,      0.00,0,2,0,0,2,2
H5,392,2017,901010,      0.00,      0.00,      0.00,      0.00,0,1,0,0,1,1
H5,392,2017,901050,      0.00,      0.00,      0.00,      0.00,0,1,0,0,1,1
H5,392,2017,901060,      0.00,      0.00,      0.00,      0.00,0,1,0,0,1,1
H5,392,2017,901090,      0.00,      0.00,      0.00,      0.00,0,1,0,0,1,1
H5,392,2017,901110,      0.00,      0.00,      0.00,      0.00,0,1,0,0,1,1
H5,392,2017,901120,      0.00,      0.00,      0.00,      0.00,0,1,0,0,1,1
H5,392,2017,901180,      0.00,      0.00,      0.00,      0.00,0,1,0,0,1,1
H5,392,2017,901190,      0.00,      0.00,      0.00,      0.00,0,1,0,0,1,1
H5,392,2017,901210,      0.00,      0.00,      0.00,      0.00,0,1,0,0,1,1
H5,392,2017,901290,      0.00,      0.00,      0.00,      0.00,0,1,0,0,1,1
H5,392,2017,901310,      0.00,      0.00,      0.00,      0.00,0,1,0,0,1,1
H5,392,2017,901320,      0.00,      0.00,      0.00,      0.00,0,2,0,0,2,2
H5,392,2017,901380,      0.00,      0.00,      0.00,      0.00,0,1,0,0,1,1
H5,392,2017,901390,      0.00,      0.00,      0.00,      0.00,0,1,0,0,1,1
H5,392,2017,901410,      0.00,      0.00,      0.00,      0.00,0,1,0,0,1,1
H5,392,2017,901420,      0.00,      0.00,      0.00,      0.00,0,1,0,0,1,1
H5,392,2017,901480,      0.00,      0.00,      0.00,      0.00,0,1,0,0,1,1
H5,392,2017,901490,      0.00,      0.00,      0.00,      0.00,0,1,0,0,1,1
H5,392,2017,901510,      0.00,      0.00,      0.00,      0.00,0,1,0,0,1,1
H5,392,2017,901520,      0.00,      0.00,      0.00,      0.00,0,1,0,0,1,1
H5,392,2017,901530,      0.00,      0.00,      0.00,      0.00,0,1,0,0,1,1
H5,392,2017,901540,      0.00,      0.00,      0.00,      0.00,0,1,0,0,1,1
H5,392,2017,901580,      0.00,      0.00,      0.00,      0.00,0,1,0,0,1,1
H5,392,2017,901590,      0.00,      0.00,      0.00,      0.00,0,2,0,0,2,2
H5,392,2017,901600,      0.00,      0.00,      0.00,      0.00,0,1,0,0,1,1
H5,392,2017,901710,      0.00,      0.00,      0.00,      0.00,0,1,0,0,1,1
H5,392,2017,901720,      0.00,      0.00,      0.00,      0.00,0,1,0,0,1,1
H5,392,2017,901730,      0.00,      0.00,      0.00,      0.00,0,2,0,0,2,2
H5,392,2017,901780,      0.00,      0.00,      0.00,      0.00,0,1,0,0,1,1
H5,392,2017,901790,      0.00,      0.00,      0.00,      0.00,0,1,0,0,1,1
H5,392,2017,901811,      0.00,      0.00,      0.00,      0.00,0,1,0,0,1,1
H5,392,2017,901812,      0.00,      0.00,      0.00,      0.00,0,1,0,0,1,1
H5,392,2017,901813,      0.00,      0.00,      0.00,      0.00,0,1,0,0,1,1
H5,392,2017,901814,      0.00,      0.00,      0.00,      0.00,0,1,0,0,1,1
H5,392,2017,901819,      0.00,      0.00,      0.00,      0.00,0,2,0,0,2,2
H5,392,2017,901820,      0.00,      0.00,      0.00,      0.00,0,1,0,0,1,1
H5,392,2017,901831,      0.00,      0.00,      0.00,      0.00,0,1,0,0,1,1
H5,392,2017,901832,      0.00,      0.00,      0.00,      0.00,0,1,0,0,1,1
H5,392,2017,901839,      0.00,      0.00,      0.00,      0.00,0,3,0,0,3,3
H5,392,2017,901841,      0.00,      0.00,      0.00,      0.00,0,1,0,0,1,1
H5,392,2017,901849,      0.00,      0.00,      0.00,      0.00,0,3,0,0,3,3
H5,392,2017,901850,      0.00,      0.00,      0.00,      0.00,0,2,0,0,2,2
H5,392,2017,901890,      0.00,      0.00,      0.00,      0.00,0,6,0,0,6,6
H5,392,2017,901910,      0.00,      0.00,      0.00,      0.00,0,1,0,0,1,1
H5,392,2017,901920,      0.00,      0.00,      0.00,      0.00,0,1,0,0,1,1
H5,392,2017,902000,      0.00,      0.00,      0.00,      0.00,0,1,0,0,1,1
H5,392,2017,902110,      0.00,      0.00,      0.00,      0.00,0,1,0,0,1,1
H5,392,2017,902121,      0.00,      0.00,      0.00,      0.00,0,2,0,0,2,2
H5,392,2017,902129,      0.00,      0.00,      0.00,      0.00,0,1,0,0,1,1
H5,392,2017,902131,      0.00,      0.00,      0.00,      0.00,0,1,0,0,1,1
H5,392,2017,902139,      0.00,      0.00,      0.00,      0.00,0,1,0,0,1,1
H5,392,2017,902140,      0.00,      0.00,      0.00,      0.00,0,1,0,0,1,1
H5,392,2017,902150,      0.00,      0.00,      0.00,      0.00,0,1,0,0,1,1
H5,392,2017,902190,      0.00,      0.00,      0.00,      0.00,0,1,0,0,1,1
H5,392,2017,902212,      0.00,      0.00,      0.00,      0.00,0,1,0,0,1,1
H5,392,2017,902213,      0.00,      0.00,      0.00,      0.00,0,1,0,0,1,1
H5,392,2017,902214,      0.00,      0.00,      0.00,      0.00,0,2,0,0,2,2
H5,392,2017,902219,      0.00,      0.00,      0.00,      0.00,0,1,0,0,1,1
H5,392,2017,902221,      0.00,      0.00,      0.00,      0.00,0,1,0,0,1,1
H5,392,2017,902229,      0.00,      0.00,      0.00,      0.00,0,1,0,0,1,1
H5,392,2017,902230,      0.00,      0.00,      0.00,      0.00,0,2,0,0,2,2
H5,392,2017,902290,      0.00,      0.00,      0.00,      0.00,0,3,0,0,3,3
H5,392,2017,902300,      0.00,      0.00,      0.00,      0.00,0,1,0,0,1,1
H5,392,2017,902410,      0.00,      0.00,      0.00,      0.00,0,1,0,0,1,1
H5,392,2017,902480,      0.00,      0.00,      0.00,      0.00,0,1,0,0,1,1
H5,392,2017,902490,      0.00,      0.00,      0.00,      0.00,0,1,0,0,1,1
H5,392,2017,902511,      0.00,      0.00,      0.00,      0.00,0,1,0,0,1,1
H5,392,2017,902519,      0.00,      0.00,      0.00,      0.00,0,2,0,0,2,2
H5,392,2017,902580,      0.00,      0.00,      0.00,      0.00,0,1,0,0,1,1
H5,392,2017,902590,      0.00,      0.00,      0.00,      0.00,0,1,0,0,1,1
H5,392,2017,902610,      0.00,      0.00,      0.00,      0.00,0,1,0,0,1,1
H5,392,2017,902620,      0.00,      0.00,      0.00,      0.00,0,2,0,0,2,2
H5,392,2017,902680,      0.00,      0.00,      0.00,      0.00,0,1,0,0,1,1
H5,392,2017,902690,      0.00,      0.00,      0.00,      0.00,0,1,0,0,1,1
H5,392,2017,902710,      0.00,      0.00,      0.00,      0.00,0,1,0,0,1,1
H5,392,2017,902720,      0.00,      0.00,      0.00,      0.00,0,1,0,0,1,1
H5,392,2017,902730,      0.00,      0.00,      0.00,      0.00,0,1,0,0,1,1
H5,392,2017,902750,      0.00,      0.00,      0.00,      0.00,0,1,0,0,1,1
H5,392,2017,902780,      0.00,      0.00,      0.00,      0.00,0,3,0,0,3,3
H5,392,2017,902790,      0.00,      0.00,      0.00,      0.00,0,2,0,0,2,2
H5,392,2017,902810,      0.00,      0.00,      0.00,      0.00,0,1,0,0,1,1
H5,392,2017,902820,      0.00,      0.00,      0.00,      0.00,0,1,0,0,1,1
H5,392,2017,902830,      0.00,      0.00,      0.00,      0.00,0,1,0,0,1,1
H5,392,2017,902890,      0.00,      0.00,      0.00,      0.00,0,1,0,0,1,1
H5,392,2017,902910,      0.00,      0.00,      0.00,      0.00,0,1,0,0,1,1
H5,392,2017,902920,      0.00,      0.00,      0.00,      0.00,0,2,0,0,2,2
H5,392,2017,902990,      0.00,      0.00,      0.00,      0.00,0,1,0,0,1,1
H5,392,2017,903010,      0.00,      0.00,      0.00,      0.00,0,1,0,0,1,1
H5,392,2017,903020,      0.00,      0.00,      0.00,      0.00,0,1,0,0,1,1
H5,392,2017,903031,      0.00,      0.00,      0.00,      0.00,0,1,0,0,1,1
H5,392,2017,903032,      0.00,      0.00,      0.00,      0.00,0,1,0,0,1,1
H5,392,2017,903033,      0.00,      0.00,      0.00,      0.00,0,2,0,0,2,2
H5,392,2017,903039,      0.00,      0.00,      0.00,      0.00,0,1,0,0,1,1
H5,392,2017,903040,      0.00,      0.00,      0.00,      0.00,0,1,0,0,1,1
H5,392,2017,903082,      0.00,      0.00,      0.00,      0.00,0,2,0,0,2,2
H5,392,2017,903084,      0.00,      0.00,      0.00,      0.00,0,1,0,0,1,1
H5,392,2017,903089,      0.00,      0.00,      0.00,      0.00,0,2,0,0,2,2
H5,392,2017,903090,      0.00,      0.00,      0.00,      0.00,0,1,0,0,1,1
H5,392,2017,903110,      0.00,      0.00,      0.00,      0.00,0,1,0,0,1,1
H5,392,2017,903120,      0.00,      0.00,      0.00,      0.00,0,1,0,0,1,1
H5,392,2017,903141,      0.00,      0.00,      0.00,      0.00,0,1,0,0,1,1
H5,392,2017,903149,      0.00,      0.00,      0.00,      0.00,0,1,0,0,1,1
H5,392,2017,903180,      0.00,      0.00,      0.00,      0.00,0,4,0,0,4,4
H5,392,2017,903190,      0.00,      0.00,      0.00,      0.00,0,2,0,0,2,2
H5,392,2017,903210,      0.00,      0.00,      0.00,      0.00,0,2,0,0,2,2
H5,392,2017,903220,      0.00,      0.00,      0.00,      0.00,0,1,0,0,1,1
H5,392,2017,903281,      0.00,      0.00,      0.00,      0.00,0,1,0,0,1,1
H5,392,2017,903289,      0.00,      0.00,      0.00,      0.00,0,2,0,0,2,2
H5,392,2017,903290,      0.00,      0.00,      0.00,      0.00,0,1,0,0,1,1
H5,392,2017,903300,      0.00,      0.00,      0.00,      0.00,0,1,0,0,1,1
H5,392,2017,910111,      0.00,      0.00,      0.00,      0.00,0,1,0,0,1,1
H5,392,2017,910119,      0.00,      0.00,      0.00,      0.00,0,1,0,0,1,1
H5,392,2017,910121,      0.00,      0.00,      0.00,      0.00,0,1,0,0,1,1
H5,392,2017,910129,      0.00,      0.00,      0.00,      0.00,0,1,0,0,1,1
H5,392,2017,910191,      0.00,      0.00,      0.00,      0.00,0,1,0,0,1,1
H5,392,2017,910199,      0.00,      0.00,      0.00,      0.00,0,1,0,0,1,1
H5,392,2017,910211,      0.00,      0.00,      0.00,      0.00,0,1,0,0,1,1
H5,392,2017,910212,      0.00,      0.00,      0.00,      0.00,0,1,0,0,1,1
H5,392,2017,910219,      0.00,      0.00,      0.00,      0.00,0,1,0,0,1,1
H5,392,2017,910221,      0.00,      0.00,      0.00,      0.00,0,1,0,0,1,1
H5,392,2017,910229,      0.00,      0.00,      0.00,      0.00,0,1,0,0,1,1
H5,392,2017,910291,      0.00,      0.00,      0.00,      0.00,0,1,0,0,1,1
H5,392,2017,910299,      0.00,      0.00,      0.00,      0.00,0,1,0,0,1,1
H5,392,2017,910310,      0.00,      0.00,      0.00,      0.00,0,1,0,0,1,1
H5,392,2017,910390,      0.00,      0.00,      0.00,      0.00,0,1,0,0,1,1
H5,392,2017,910400,      0.00,      0.00,      0.00,      0.00,0,1,0,0,1,1
H5,392,2017,910511,      0.00,      0.00,      0.00,      0.00,0,1,0,0,1,1
H5,392,2017,910519,      0.00,      0.00,      0.00,      0.00,0,1,0,0,1,1
H5,392,2017,910521,      0.00,      0.00,      0.00,      0.00,0,1,0,0,1,1
H5,392,2017,910529,      0.00,      0.00,      0.00,      0.00,0,1,0,0,1,1
H5,392,2017,910591,      0.00,      0.00,      0.00,      0.00,0,1,0,0,1,1
H5,392,2017,910599,      0.00,      0.00,      0.00,      0.00,0,1,0,0,1,1
H5,392,2017,910610,      0.00,      0.00,      0.00,      0.00,0,1,0,0,1,1
H5,392,2017,910690,      0.00,      0.00,      0.00,      0.00,0,1,0,0,1,1
H5,392,2017,910700,      0.00,      0.00,      0.00,      0.00,0,1,0,0,1,1
H5,392,2017,910811,      0.00,      0.00,      0.00,      0.00,0,1,0,0,1,1
H5,392,2017,910812,      0.00,      0.00,      0.00,      0.00,0,1,0,0,1,1
H5,392,2017,910819,      0.00,      0.00,      0.00,      0.00,0,1,0,0,1,1
H5,392,2017,910820,      0.00,      0.00,      0.00,      0.00,0,1,0,0,1,1
H5,392,2017,910890,      0.00,      0.00,      0.00,      0.00,0,1,0,0,1,1
H5,392,2017,910910,      0.00,      0.00,      0.00,      0.00,0,1,0,0,1,1
H5,392,2017,910990,      0.00,      0.00,      0.00,      0.00,0,1,0,0,1,1
H5,392,2017,911011,      0.00,      0.00,      0.00,      0.00,0,1,0,0,1,1
H5,392,2017,911012,      0.00,      0.00,      0.00,      0.00,0,1,0,0,1,1
H5,392,2017,911019,      0.00,      0.00,      0.00,      0.00,0,1,0,0,1,1
H5,392,2017,911090,      0.00,      0.00,      0.00,      0.00,0,1,0,0,1,1
H5,392,2017,911110,      0.00,      0.00,      0.00,      0.00,0,1,0,0,1,1
H5,392,2017,911120,      0.00,      0.00,      0.00,      0.00,0,1,0,0,1,1
H5,392,2017,911180,      0.00,      0.00,      0.00,      0.00,0,1,0,0,1,1
H5,392,2017,911190,      0.00,      0.00,      0.00,      0.00,0,1,0,0,1,1
H5,392,2017,911220,      0.00,      0.00,      0.00,      0.00,0,1,0,0,1,1
H5,392,2017,911290,      0.00,      0.00,      0.00,      0.00,0,1,0,0,1,1
H5,392,2017,911310,      0.00,      0.00,      0.00,      0.00,0,2,0,0,2,2
H5,392,2017,911320,      0.00,      0.00,      0.00,      0.00,0,2,0,0,2,2
H5,392,2017,911390,     36.00,      0.00,     16.00,      9.00,0,1,0,3,4,4
H5,392,2017,911410,      0.00,      0.00,      0.00,      0.00,0,1,0,0,1,1
H5,392,2017,911430,      0.00,      0.00,      0.00,      0.00,0,1,0,0,1,1
H5,392,2017,911440,      0.00,      0.00,      0.00,      0.00,0,1,0,0,1,1
H5,392,2017,911490,      0.00,      0.00,      0.00,      0.00,0,1,0,0,1,1
H5,392,2017,920110,      0.00,      0.00,      0.00,      0.00,0,1,0,0,1,1
H5,392,2017,920120,      0.00,      0.00,      0.00,      0.00,0,1,0,0,1,1
H5,392,2017,920190,      0.00,      0.00,      0.00,      0.00,0,1,0,0,1,1
H5,392,2017,920210,      0.00,      0.00,      0.00,      0.00,0,1,0,0,1,1
H5,392,2017,920290,      0.00,      0.00,      0.00,      0.00,0,2,0,0,2,2
H5,392,2017,920510,      0.00,      0.00,      0.00,      0.00,0,1,0,0,1,1
H5,392,2017,920590,      0.00,      0.00,      0.00,      0.00,0,4,0,0,4,4
H5,392,2017,920600,      0.00,      0.00,      0.00,      0.00,0,1,0,0,1,1
H5,392,2017,920710,      0.00,      0.00,      0.00,      0.00,0,1,0,0,1,1
H5,392,2017,920790,      0.00,      0.00,      0.00,      0.00,0,2,0,0,2,2
H5,392,2017,920810,      0.00,      0.00,      0.00,      0.00,0,1,0,0,1,1
H5,392,2017,920890,      0.00,      0.00,      0.00,      0.00,0,1,0,0,1,1
H5,392,2017,920930,      0.00,      0.00,      0.00,      0.00,0,1,0,0,1,1
H5,392,2017,920991,      0.00,      0.00,      0.00,      0.00,0,1,0,0,1,1
H5,392,2017,920992,      0.00,      0.00,      0.00,      0.00,0,1,0,0,1,1
H5,392,2017,920994,      0.00,      0.00,      0.00,      0.00,0,1,0,0,1,1
H5,392,2017,920999,      0.00,      0.00,      0.00,      0.00,0,1,0,0,1,1
H5,392,2017,930110,      8.40,      8.40,      8.40,      8.40,0,0,0,1,1,1
H5,392,2017,930120,      8.40,      8.40,      8.40,      8.40,0,0,0,1,1,1
H5,392,2017,930190,      8.40,      8.40,      8.40,      8.40,0,0,0,1,1,1
H5,392,2017,930200,      8.40,      8.40,      8.40,      8.40,0,0,0,1,1,1
H5,392,2017,930310,      5.40,      5.40,      5.40,      5.40,0,0,0,1,1,1
H5,392,2017,930320,      6.30,      6.30,      6.30,      6.30,0,0,0,1,1,1
H5,392,2017,930330,      5.40,      5.40,      5.40,      5.40,0,0,0,1,1,1
H5,392,2017,930390,      5.40,      5.40,      5.40,      5.40,0,0,0,1,1,1
H5,392,2017,930400,      5.40,      5.40,      5.40,      5.40,0,0,0,1,1,1
H5,392,2017,930510,     13.80,      5.40,      8.40,      6.90,0,0,0,2,2,2
H5,392,2017,930520,      5.40,      5.40,      5.40,      5.40,0,0,0,1,1,1
H5,392,2017,930591,      8.40,      8.40,      8.40,      8.40,0,0,0,1,1,1
H5,392,2017,930599,     13.60,      5.40,      8.20,      6.80,0,0,0,2,2,2
H5,392,2017,930621,      5.40,      5.40,      5.40,      5.40,0,0,0,1,1,1
H5,392,2017,930629,      5.40,      5.40,      5.40,      5.40,0,0,0,1,1,1
H5,392,2017,930630,     22.20,      5.40,      8.40,      7.40,0,0,0,3,3,3
H5,392,2017,930690,      8.40,      8.40,      8.40,      8.40,0,0,0,1,1,1
H5,392,2017,930700,      8.40,      8.40,      8.40,      8.40,0,0,0,1,1,1
H5,392,2017,940110,      0.00,      0.00,      0.00,      0.00,0,1,0,0,1,1
H5,392,2017,940120,      0.00,      0.00,      0.00,      0.00,0,1,0,0,1,1
H5,392,2017,940130,      0.00,      0.00,      0.00,      0.00,0,2,0,0,2,2
H5,392,2017,940140,      0.00,      0.00,      0.00,      0.00,0,2,0,0,2,2
H5,392,2017,940152,      0.00,      0.00,      0.00,      0.00,0,1,0,0,1,1
H5,392,2017,940153,      0.00,      0.00,      0.00,      0.00,0,1,0,0,1,1
H5,392,2017,940159,      0.00,      0.00,      0.00,      0.00,0,1,0,0,1,1
H5,392,2017,940161,      0.00,      0.00,      0.00,      0.00,0,2,0,0,2,2
H5,392,2017,940169,      0.00,      0.00,      0.00,      0.00,0,1,0,0,1,1
H5,392,2017,940171,      0.00,      0.00,      0.00,      0.00,0,2,0,0,2,2
H5,392,2017,940179,      0.00,      0.00,      0.00,      0.00,0,2,0,0,2,2
H5,392,2017,940180,      0.00,      0.00,      0.00,      0.00,0,2,0,0,2,2
H5,392,2017,940190,      7.60,      0.00,      3.80,      2.53,0,1,0,2,3,3
H5,392,2017,940210,      0.00,      0.00,      0.00,      0.00,0,1,0,0,1,1
H5,392,2017,940290,      0.00,      0.00,      0.00,      0.00,0,1,0,0,1,1
H5,392,2017,940310,      0.00,      0.00,      0.00,      0.00,0,1,0,0,1,1
H5,392,2017,940320,      0.00,      0.00,      0.00,      0.00,0,1,0,0,1,1
H5,392,2017,940330,      0.00,      0.00,      0.00,      0.00,0,1,0,0,1,1
H5,392,2017,940340,      0.00,      0.00,      0.00,      0.00,0,1,0,0,1,1
H5,392,2017,940350,      0.00,      0.00,      0.00,      0.00,0,1,0,0,1,1
H5,392,2017,940360,      0.00,      0.00,      0.00,      0.00,0,3,0,0,3,3
H5,392,2017,940370,      0.00,      0.00,      0.00,      0.00,0,1,0,0,1,1
H5,392,2017,940382,      0.00,      0.00,      0.00,      0.00,0,1,0,0,1,1
H5,392,2017,940383,      0.00,      0.00,      0.00,      0.00,0,1,0,0,1,1
H5,392,2017,940389,      0.00,      0.00,      0.00,      0.00,0,1,0,0,1,1
H5,392,2017,940390,      0.00,      0.00,      0.00,      0.00,0,3,0,0,3,3
H5,392,2017,940410,      3.20,      3.20,      3.20,      3.20,0,0,0,1,1,1
H5,392,2017,940421,      3.80,      3.80,      3.80,      3.80,0,0,0,1,1,1
H5,392,2017,940429,      3.80,      3.80,      3.80,      3.80,0,0,0,1,1,1
H5,392,2017,940430,      3.80,      3.80,      3.80,      3.80,0,0,0,1,1,1
H5,392,2017,940490,     15.20,      3.80,      3.80,      3.80,0,0,0,4,4,4
H5,392,2017,940510,      0.00,      0.00,      0.00,      0.00,0,2,0,0,2,2
H5,392,2017,940520,      0.00,      0.00,      0.00,      0.00,0,1,0,0,1,1
H5,392,2017,940530,      0.00,      0.00,      0.00,      0.00,0,1,0,0,1,1
H5,392,2017,940540,      0.00,      0.00,      0.00,      0.00,0,3,0,0,3,3
H5,392,2017,940550,      0.00,      0.00,      0.00,      0.00,0,1,0,0,1,1
H5,392,2017,940560,      4.80,      0.00,      4.80,      2.40,0,1,0,1,2,2
H5,392,2017,940591,      0.00,      0.00,      0.00,      0.00,0,1,0,0,1,1
H5,392,2017,940592,      3.90,      3.90,      3.90,      3.90,0,0,0,1,1,1
H5,392,2017,940599,      0.00,      0.00,      0.00,      0.00,0,1,0,0,1,1
H5,392,2017,940610,      0.00,      0.00,      0.00,      0.00,0,2,0,0,2,2
H5,392,2017,940690,      0.00,      0.00,      0.00,      0.00,0,2,0,0,2,2
H5,392,2017,950300,      0.00,      0.00,      0.00,      0.00,0,1,0,0,1,1
H5,392,2017,950420,      0.00,      0.00,      0.00,      0.00,0,1,0,0,1,1
H5,392,2017,950430,      0.00,      0.00,      0.00,      0.00,0,1,0,0,1,1
H5,392,2017,950440,      3.20,      3.20,      3.20,      3.20,0,0,0,1,1,1
H5,392,2017,950450,      0.00,      0.00,      0.00,      0.00,0,1,0,0,1,1
H5,392,2017,950490,      0.00,      0.00,      0.00,      0.00,0,3,0,0,3,3
H5,392,2017,950510,      3.20,      3.20,      3.20,      3.20,0,0,0,1,1,1
H5,392,2017,950590,      3.20,      3.20,      3.20,      3.20,0,0,0,1,1,1
H5,392,2017,950611,      0.00,      0.00,      0.00,      0.00,0,1,0,0,1,1
H5,392,2017,950612,      0.00,      0.00,      0.00,      0.00,0,1,0,0,1,1
H5,392,2017,950619,      0.00,      0.00,      0.00,      0.00,0,1,0,0,1,1
H5,392,2017,950621,      0.00,      0.00,      0.00,      0.00,0,1,0,0,1,1
H5,392,2017,950629,      0.00,      0.00,      0.00,      0.00,0,1,0,0,1,1
H5,392,2017,950631,      0.00,      0.00,      0.00,      0.00,0,1,0,0,1,1
H5,392,2017,950632,      0.00,      0.00,      0.00,      0.00,0,1,0,0,1,1
H5,392,2017,950639,      0.00,      0.00,      0.00,      0.00,0,1,0,0,1,1
H5,392,2017,950640,      0.00,      0.00,      0.00,      0.00,0,1,0,0,1,1
H5,392,2017,950651,      0.00,      0.00,      0.00,      0.00,0,2,0,0,2,2
H5,392,2017,950659,      0.00,      0.00,      0.00,      0.00,0,1,0,0,1,1
H5,392,2017,950661,      3.20,      3.20,      3.20,      3.20,0,0,0,1,1,1
H5,392,2017,950662,      3.20,      3.20,      3.20,      3.20,0,0,0,1,1,1
H5,392,2017,950669,      3.20,      3.20,      3.20,      3.20,0,0,0,1,1,1
H5,392,2017,950670,      0.00,      0.00,      0.00,      0.00,0,1,0,0,1,1
H5,392,2017,950691,      0.00,      0.00,      0.00,      0.00,0,1,0,0,1,1
H5,392,2017,950699,      0.00,      0.00,      0.00,      0.00,0,1,0,0,1,1
H5,392,2017,950710,      6.40,      3.20,      3.20,      3.20,0,0,0,2,2,2
H5,392,2017,950720,      3.20,      3.20,      3.20,      3.20,0,0,0,1,1,1
H5,392,2017,950730,      3.20,      3.20,      3.20,      3.20,0,0,0,1,1,1
H5,392,2017,950790,      3.20,      3.20,      3.20,      3.20,0,0,0,1,1,1
H5,392,2017,950810,      0.00,      0.00,      0.00,      0.00,0,1,0,0,1,1
H5,392,2017,950890,      0.00,      0.00,      0.00,      0.00,0,1,0,0,1,1
H5,392,2017,960110,      8.90,      3.90,      5.00,      4.45,0,0,0,2,2,2
H5,392,2017,960190,      4.10,      0.00,      4.10,      2.05,0,1,0,1,2,2
H5,392,2017,960200,      6.40,      2.50,      3.90,      3.20,0,0,0,2,2,2
H5,392,2017,960310,      2.50,      2.50,      2.50,      2.50,0,0,0,1,1,1
H5,392,2017,960321,      6.60,      6.60,      6.60,      6.60,0,0,0,1,1,1
H5,392,2017,960329,      6.60,      6.60,      6.60,      6.60,0,0,0,1,1,1
H5,392,2017,960330,      6.60,      6.60,      6.60,      6.60,0,0,0,1,1,1
H5,392,2017,960340,      6.60,      6.60,      6.60,      6.60,0,0,0,1,1,1
H5,392,2017,960350,      3.30,      3.30,      3.30,      3.30,0,0,0,1,1,1
H5,392,2017,960390,     14.20,      0.00,      6.60,      3.55,0,1,0,3,4,4
H5,392,2017,960400,      3.20,      3.20,      3.20,      3.20,0,0,0,1,1,1
H5,392,2017,960500,      6.60,      6.60,      6.60,      6.60,0,0,0,1,1,1
H5,392,2017,960610,      5.30,      5.30,      5.30,      5.30,0,0,0,1,1,1
H5,392,2017,960621,      5.30,      5.30,      5.30,      5.30,0,0,0,1,1,1
H5,392,2017,960622,      5.30,      5.30,      5.30,      5.30,0,0,0,1,1,1
H5,392,2017,960629,      8.60,      3.30,      5.30,      4.30,0,0,0,2,2,2
H5,392,2017,960630,      0.00,      0.00,      0.00,      0.00,0,1,0,0,1,1
H5,392,2017,960711,      2.80,      2.80,      2.80,      2.80,0,0,0,1,1,1
H5,392,2017,960719,      2.80,      2.80,      2.80,      2.80,0,0,0,1,1,1
H5,392,2017,960720,      2.80,      2.80,      2.80,      2.80,0,0,0,1,1,1
H5,392,2017,960810,      0.00,      0.00,      0.00,      0.00,1,1,0,0,1,2
H5,392,2017,960820,      3.90,      3.90,      3.90,      3.90,0,0,0,1,1,1
H5,392,2017,960830,      5.40,      0.00,      5.40,      2.70,0,1,0,1,2,2
H5,392,2017,960840,      5.40,      0.00,      5.40,      2.70,0,1,0,1,2,2
H5,392,2017,960850,      5.00,      5.00,      5.00,      5.00,0,0,0,1,1,1
H5,392,2017,960860,,,,,1,0,0,0,0,1
H5,392,2017,960891,      0.00,      0.00,      0.00,      0.00,0,1,0,0,1,1
H5,392,2017,960899,      6.80,      3.40,      3.40,      3.40,0,0,0,2,2,2
H5,392,2017,960910,      0.00,      0.00,      0.00,      0.00,0,2,0,0,2,2
H5,392,2017,960920,      0.00,      0.00,      0.00,      0.00,0,1,0,0,1,1
H5,392,2017,960990,      0.00,      0.00,      0.00,      0.00,0,1,0,0,1,1
H5,392,2017,961000,      0.00,      0.00,      0.00,      0.00,0,1,0,0,1,1
H5,392,2017,961100,      0.00,      0.00,      0.00,      0.00,0,1,0,0,1,1
H5,392,2017,961210,      0.00,      0.00,      0.00,      0.00,0,1,0,0,1,1
H5,392,2017,961220,      0.00,      0.00,      0.00,      0.00,0,1,0,0,1,1
H5,392,2017,961310,      0.00,      0.00,      0.00,      0.00,0,1,0,0,1,1
H5,392,2017,961320,      5.10,      0.00,      5.10,      2.55,0,1,0,1,2,2
H5,392,2017,961380,      0.00,      0.00,      0.00,      0.00,0,1,0,0,1,1
H5,392,2017,961390,      0.00,      0.00,      0.00,      0.00,0,1,0,0,1,1
H5,392,2017,961400,      9.10,      3.90,      5.20,      4.55,0,0,0,2,2,2
H5,392,2017,961511,      3.90,      3.90,      3.90,      3.90,0,0,0,1,1,1
H5,392,2017,961519,      3.90,      3.90,      3.90,      3.90,0,0,0,1,1,1
H5,392,2017,961590,     20.20,      2.50,      4.30,      3.37,0,0,0,6,6,6
H5,392,2017,961610,      3.90,      3.90,      3.90,      3.90,0,0,0,1,1,1
H5,392,2017,961620,      3.90,      3.90,      3.90,      3.90,0,0,0,1,1,1
H5,392,2017,961700,      3.90,      3.90,      3.90,      3.90,0,0,0,1,1,1
H5,392,2017,961800,      0.00,      0.00,      0.00,      0.00,0,1,0,0,1,1
H5,392,2017,961900,      0.00,      0.00,      0.00,      0.00,0,1,0,0,1,1
H5,392,2017,962000,      0.00,      0.00,      0.00,      0.00,0,1,0,0,1,1
H5,392,2017,970110,      0.00,      0.00,      0.00,      0.00,0,1,0,0,1,1
H5,392,2017,970190,      0.00,      0.00,      0.00,      0.00,0,1,0,0,1,1
H5,392,2017,970200,      0.00,      0.00,      0.00,      0.00,0,1,0,0,1,1
H5,392,2017,970300,      0.00,      0.00,      0.00,      0.00,0,1,0,0,1,1
H5,392,2017,970400,      0.00,      0.00,      0.00,      0.00,0,1,0,0,1,1
H5,392,2017,970500,      0.00,      0.00,      0.00,      0.00,0,1,0,0,1,1
H5,392,2017,970600,      0.00,      0.00,      0.00,      0.00,0,1,0,0,1,1
