NomenCode,Reporter_ISO_N,Year,ProductCode,Sum_Of_Rates,Min_Rate,Max_Rate,SimpleAverage,Nbr_NA_Lines,Nbr_Free_Lines,Nbr_AVE_Lines,Nbr_Dutiable_Lines,TotalNoOfValidLines,TotalNoOfLines
H5,152,2018,010121,      6.00,      6.00,      6.00,      6.00,0,0,0,1,1,1
H5,152,2018,010129,     12.00,      6.00,      6.00,      6.00,0,0,0,2,2,2
H5,152,2018,010130,      6.00,      6.00,      6.00,      6.00,0,0,0,1,1,1
H5,152,2018,010190,      6.00,      6.00,      6.00,      6.00,0,0,0,1,1,1
H5,152,2018,010221,      6.00,      6.00,      6.00,      6.00,0,0,0,1,1,1
H5,152,2018,010229,      6.00,      6.00,      6.00,      6.00,0,0,0,1,1,1
H5,152,2018,010231,      6.00,      6.00,      6.00,      6.00,0,0,0,1,1,1
H5,152,2018,010239,      6.00,      6.00,      6.00,      6.00,0,0,0,1,1,1
H5,152,2018,010290,      6.00,      6.00,      6.00,      6.00,0,0,0,1,1,1
H5,152,2018,010310,      6.00,      6.00,      6.00,      6.00,0,0,0,1,1,1
H5,152,2018,010391,      6.00,      6.00,      6.00,      6.00,0,0,0,1,1,1
H5,152,2018,010392,      6.00,      6.00,      6.00,      6.00,0,0,0,1,1,1
H5,152,2018,010410,     12.00,      6.00,      6.00,      6.00,0,0,0,2,2,2
H5,152,2018,010420,      6.00,      6.00,      6.00,      6.00,0,0,0,1,1,1
H5,152,2018,010511,     12.00,      6.00,      6.00,      6.00,0,0,0,2,2,2
H5,152,2018,010512,      6.00,      6.00,      6.00,      6.00,0,0,0,1,1,1
H5,152,2018,010513,      6.00,      6.00,      6.00,      6.00,0,0,0,1,1,1
H5,152,2018,010514,      6.00,      6.00,      6.00,      6.00,0,0,0,1,1,1
H5,152,2018,010515,      6.00,      6.00,      6.00,      6.00,0,0,0,1,1,1
H5,152,2018,010594,      6.00,      6.00,      6.00,      6.00,0,0,0,1,1,1
H5,152,2018,010599,      6.00,      6.00,      6.00,      6.00,0,0,0,1,1,1
H5,152,2018,010611,      6.00,      6.00,      6.00,      6.00,0,0,0,1,1,1
H5,152,2018,010612,      6.00,      6.00,      6.00,      6.00,0,0,0,1,1,1
H5,152,2018,010613,      6.00,      6.00,      6.00,      6.00,0,0,0,1,1,1
H5,152,2018,010614,      6.00,      6.00,      6.00,      6.00,0,0,0,1,1,1
H5,152,2018,010619,      6.00,      6.00,      6.00,      6.00,0,0,0,1,1,1
H5,152,2018,010620,      6.00,      6.00,      6.00,      6.00,0,0,0,1,1,1
H5,152,2018,010631,      6.00,      6.00,      6.00,      6.00,0,0,0,1,1,1
H5,152,2018,010632,      6.00,      6.00,      6.00,      6.00,0,0,0,1,1,1
H5,152,2018,010633,      6.00,      6.00,      6.00,      6.00,0,0,0,1,1,1
H5,152,2018,010639,      6.00,      6.00,      6.00,      6.00,0,0,0,1,1,1
H5,152,2018,010641,     30.00,      6.00,      6.00,      6.00,0,0,0,5,5,5
H5,152,2018,010649,      6.00,      6.00,      6.00,      6.00,0,0,0,1,1,1
H5,152,2018,010690,     18.00,      6.00,      6.00,      6.00,0,0,0,3,3,3
H5,152,2018,020110,      6.00,      6.00,      6.00,      6.00,0,0,0,1,1,1
H5,152,2018,020120,     18.00,      6.00,      6.00,      6.00,0,0,0,3,3,3
H5,152,2018,020130,     30.00,      6.00,      6.00,      6.00,0,0,0,5,5,5
H5,152,2018,020210,      6.00,      6.00,      6.00,      6.00,0,0,0,1,1,1
H5,152,2018,020220,     18.00,      6.00,      6.00,      6.00,0,0,0,3,3,3
H5,152,2018,020230,     36.00,      6.00,      6.00,      6.00,0,0,0,6,6,6
H5,152,2018,020311,      6.00,      6.00,      6.00,      6.00,0,0,0,1,1,1
H5,152,2018,020312,      6.00,      6.00,      6.00,      6.00,0,0,0,1,1,1
H5,152,2018,020319,      6.00,      6.00,      6.00,      6.00,0,0,0,1,1,1
H5,152,2018,020321,      6.00,      6.00,      6.00,      6.00,0,0,0,1,1,1
H5,152,2018,020322,     18.00,      6.00,      6.00,      6.00,0,0,0,3,3,3
H5,152,2018,020329,     42.00,      6.00,      6.00,      6.00,0,0,0,7,7,7
H5,152,2018,020410,      6.00,      6.00,      6.00,      6.00,0,0,0,1,1,1
H5,152,2018,020421,      6.00,      6.00,      6.00,      6.00,0,0,0,1,1,1
H5,152,2018,020422,      6.00,      6.00,      6.00,      6.00,0,0,0,1,1,1
H5,152,2018,020423,      6.00,      6.00,      6.00,      6.00,0,0,0,1,1,1
H5,152,2018,020430,      6.00,      6.00,      6.00,      6.00,0,0,0,1,1,1
H5,152,2018,020441,      6.00,      6.00,      6.00,      6.00,0,0,0,1,1,1
H5,152,2018,020442,     24.00,      6.00,      6.00,      6.00,0,0,0,4,4,4
H5,152,2018,020443,      6.00,      6.00,      6.00,      6.00,0,0,0,1,1,1
H5,152,2018,020450,      6.00,      6.00,      6.00,      6.00,0,0,0,1,1,1
H5,152,2018,020500,      6.00,      6.00,      6.00,      6.00,0,0,0,1,1,1
H5,152,2018,020610,      6.00,      6.00,      6.00,      6.00,0,0,0,1,1,1
H5,152,2018,020621,      6.00,      6.00,      6.00,      6.00,0,0,0,1,1,1
H5,152,2018,020622,      6.00,      6.00,      6.00,      6.00,0,0,0,1,1,1
H5,152,2018,020629,      6.00,      6.00,      6.00,      6.00,0,0,0,1,1,1
H5,152,2018,020630,      6.00,      6.00,      6.00,      6.00,0,0,0,1,1,1
H5,152,2018,020641,      6.00,      6.00,      6.00,      6.00,0,0,0,1,1,1
H5,152,2018,020649,     18.00,      6.00,      6.00,      6.00,0,0,0,3,3,3
H5,152,2018,020680,      6.00,      6.00,      6.00,      6.00,0,0,0,1,1,1
H5,152,2018,020690,      6.00,      6.00,      6.00,      6.00,0,0,0,1,1,1
H5,152,2018,020711,      6.00,      6.00,      6.00,      6.00,0,0,0,1,1,1
H5,152,2018,020712,     12.00,      6.00,      6.00,      6.00,0,0,0,2,2,2
H5,152,2018,020713,      6.00,      6.00,      6.00,      6.00,0,0,0,1,1,1
H5,152,2018,020714,     54.00,      6.00,      6.00,      6.00,0,0,0,9,9,9
H5,152,2018,020724,      6.00,      6.00,      6.00,      6.00,0,0,0,1,1,1
H5,152,2018,020725,      6.00,      6.00,      6.00,      6.00,0,0,0,1,1,1
H5,152,2018,020726,      6.00,      6.00,      6.00,      6.00,0,0,0,1,1,1
H5,152,2018,020727,     18.00,      6.00,      6.00,      6.00,0,0,0,3,3,3
H5,152,2018,020741,      6.00,      6.00,      6.00,      6.00,0,0,0,1,1,1
H5,152,2018,020742,      6.00,      6.00,      6.00,      6.00,0,0,0,1,1,1
H5,152,2018,020743,      6.00,      6.00,      6.00,      6.00,0,0,0,1,1,1
H5,152,2018,020744,      6.00,      6.00,      6.00,      6.00,0,0,0,1,1,1
H5,152,2018,020745,      6.00,      6.00,      6.00,      6.00,0,0,0,1,1,1
H5,152,2018,020751,      6.00,      6.00,      6.00,      6.00,0,0,0,1,1,1
H5,152,2018,020752,      6.00,      6.00,      6.00,      6.00,0,0,0,1,1,1
H5,152,2018,020753,      6.00,      6.00,      6.00,      6.00,0,0,0,1,1,1
H5,152,2018,020754,      6.00,      6.00,      6.00,      6.00,0,0,0,1,1,1
H5,152,2018,020755,      6.00,      6.00,      6.00,      6.00,0,0,0,1,1,1
H5,152,2018,020760,      6.00,      6.00,      6.00,      6.00,0,0,0,1,1,1
H5,152,2018,020810,      6.00,      6.00,      6.00,      6.00,0,0,0,1,1,1
H5,152,2018,020830,      6.00,      6.00,      6.00,      6.00,0,0,0,1,1,1
H5,152,2018,020840,      6.00,      6.00,      6.00,      6.00,0,0,0,1,1,1
H5,152,2018,020850,      6.00,      6.00,      6.00,      6.00,0,0,0,1,1,1
H5,152,2018,020860,     12.00,      6.00,      6.00,      6.00,0,0,0,2,2,2
H5,152,2018,020890,     18.00,      6.00,      6.00,      6.00,0,0,0,3,3,3
H5,152,2018,020910,     18.00,      6.00,      6.00,      6.00,0,0,0,3,3,3
H5,152,2018,020990,     18.00,      6.00,      6.00,      6.00,0,0,0,3,3,3
H5,152,2018,021011,      6.00,      6.00,      6.00,      6.00,0,0,0,1,1,1
H5,152,2018,021012,      6.00,      6.00,      6.00,      6.00,0,0,0,1,1,1
H5,152,2018,021019,      6.00,      6.00,      6.00,      6.00,0,0,0,1,1,1
H5,152,2018,021020,      6.00,      6.00,      6.00,      6.00,0,0,0,1,1,1
H5,152,2018,021091,      6.00,      6.00,      6.00,      6.00,0,0,0,1,1,1
H5,152,2018,021092,      6.00,      6.00,      6.00,      6.00,0,0,0,1,1,1
H5,152,2018,021093,      6.00,      6.00,      6.00,      6.00,0,0,0,1,1,1
H5,152,2018,021099,      6.00,      6.00,      6.00,      6.00,0,0,0,1,1,1
H5,152,2018,030111,      6.00,      6.00,      6.00,      6.00,0,0,0,1,1,1
H5,152,2018,030119,      6.00,      6.00,      6.00,      6.00,0,0,0,1,1,1
H5,152,2018,030191,      6.00,      6.00,      6.00,      6.00,0,0,0,1,1,1
H5,152,2018,030192,      6.00,      6.00,      6.00,      6.00,0,0,0,1,1,1
H5,152,2018,030193,      6.00,      6.00,      6.00,      6.00,0,0,0,1,1,1
H5,152,2018,030194,      6.00,      6.00,      6.00,      6.00,0,0,0,1,1,1
H5,152,2018,030195,      6.00,      6.00,      6.00,      6.00,0,0,0,1,1,1
H5,152,2018,030199,      6.00,      6.00,      6.00,      6.00,0,0,0,1,1,1
H5,152,2018,030211,     24.00,      6.00,      6.00,      6.00,0,0,0,4,4,4
H5,152,2018,030213,     30.00,      6.00,      6.00,      6.00,0,0,0,5,5,5
H5,152,2018,030214,     30.00,      6.00,      6.00,      6.00,0,0,0,5,5,5
H5,152,2018,030219,      6.00,      6.00,      6.00,      6.00,0,0,0,1,1,1
H5,152,2018,030221,      6.00,      6.00,      6.00,      6.00,0,0,0,1,1,1
H5,152,2018,030222,      6.00,      6.00,      6.00,      6.00,0,0,0,1,1,1
H5,152,2018,030223,      6.00,      6.00,      6.00,      6.00,0,0,0,1,1,1
H5,152,2018,030224,      6.00,      6.00,      6.00,      6.00,0,0,0,1,1,1
H5,152,2018,030229,     24.00,      6.00,      6.00,      6.00,0,0,0,4,4,4
H5,152,2018,030231,     18.00,      6.00,      6.00,      6.00,0,0,0,3,3,3
H5,152,2018,030232,      6.00,      6.00,      6.00,      6.00,0,0,0,1,1,1
H5,152,2018,030233,      6.00,      6.00,      6.00,      6.00,0,0,0,1,1,1
H5,152,2018,030234,      6.00,      6.00,      6.00,      6.00,0,0,0,1,1,1
H5,152,2018,030235,      6.00,      6.00,      6.00,      6.00,0,0,0,1,1,1
H5,152,2018,030236,      6.00,      6.00,      6.00,      6.00,0,0,0,1,1,1
H5,152,2018,030239,      6.00,      6.00,      6.00,      6.00,0,0,0,1,1,1
H5,152,2018,030241,      6.00,      6.00,      6.00,      6.00,0,0,0,1,1,1
H5,152,2018,030242,      6.00,      6.00,      6.00,      6.00,0,0,0,1,1,1
H5,152,2018,030243,     24.00,      6.00,      6.00,      6.00,0,0,0,4,4,4
H5,152,2018,030244,      6.00,      6.00,      6.00,      6.00,0,0,0,1,1,1
H5,152,2018,030245,     24.00,      6.00,      6.00,      6.00,0,0,0,4,4,4
H5,152,2018,030246,      6.00,      6.00,      6.00,      6.00,0,0,0,1,1,1
H5,152,2018,030247,     24.00,      6.00,      6.00,      6.00,0,0,0,4,4,4
H5,152,2018,030249,      6.00,      6.00,      6.00,      6.00,0,0,0,1,1,1
H5,152,2018,030251,      6.00,      6.00,      6.00,      6.00,0,0,0,1,1,1
H5,152,2018,030252,      6.00,      6.00,      6.00,      6.00,0,0,0,1,1,1
H5,152,2018,030253,      6.00,      6.00,      6.00,      6.00,0,0,0,1,1,1
H5,152,2018,030254,     48.00,      6.00,      6.00,      6.00,0,0,0,8,8,8
H5,152,2018,030255,      6.00,      6.00,      6.00,      6.00,0,0,0,1,1,1
H5,152,2018,030256,     30.00,      6.00,      6.00,      6.00,0,0,0,5,5,5
H5,152,2018,030259,     24.00,      6.00,      6.00,      6.00,0,0,0,4,4,4
H5,152,2018,030271,      6.00,      6.00,      6.00,      6.00,0,0,0,1,1,1
H5,152,2018,030272,      6.00,      6.00,      6.00,      6.00,0,0,0,1,1,1
H5,152,2018,030273,      6.00,      6.00,      6.00,      6.00,0,0,0,1,1,1
H5,152,2018,030274,      6.00,      6.00,      6.00,      6.00,0,0,0,1,1,1
H5,152,2018,030279,      6.00,      6.00,      6.00,      6.00,0,0,0,1,1,1
H5,152,2018,030281,    138.00,      6.00,      6.00,      6.00,0,0,0,23,23,23
H5,152,2018,030282,     12.00,      6.00,      6.00,      6.00,0,0,0,2,2,2
H5,152,2018,030283,     30.00,      6.00,      6.00,      6.00,0,0,0,5,5,5
H5,152,2018,030284,      6.00,      6.00,      6.00,      6.00,0,0,0,1,1,1
H5,152,2018,030285,      6.00,      6.00,      6.00,      6.00,0,0,0,1,1,1
H5,152,2018,030289,    108.00,      6.00,      6.00,      6.00,0,0,0,18,18,18
H5,152,2018,030291,      6.00,      6.00,      6.00,      6.00,0,0,0,1,1,1
H5,152,2018,030292,    132.00,      6.00,      6.00,      6.00,0,0,0,22,22,22
H5,152,2018,030299,     18.00,      6.00,      6.00,      6.00,0,0,0,3,3,3
H5,152,2018,030311,     36.00,      6.00,      6.00,      6.00,0,0,0,6,6,6
H5,152,2018,030312,     36.00,      6.00,      6.00,      6.00,0,0,0,6,6,6
H5,152,2018,030313,     36.00,      6.00,      6.00,      6.00,0,0,0,6,6,6
H5,152,2018,030314,     30.00,      6.00,      6.00,      6.00,0,0,0,5,5,5
H5,152,2018,030319,      6.00,      6.00,      6.00,      6.00,0,0,0,1,1,1
H5,152,2018,030323,      6.00,      6.00,      6.00,      6.00,0,0,0,1,1,1
H5,152,2018,030324,      6.00,      6.00,      6.00,      6.00,0,0,0,1,1,1
H5,152,2018,030325,      6.00,      6.00,      6.00,      6.00,0,0,0,1,1,1
H5,152,2018,030326,      6.00,      6.00,      6.00,      6.00,0,0,0,1,1,1
H5,152,2018,030329,      6.00,      6.00,      6.00,      6.00,0,0,0,1,1,1
H5,152,2018,030331,      6.00,      6.00,      6.00,      6.00,0,0,0,1,1,1
H5,152,2018,030332,      6.00,      6.00,      6.00,      6.00,0,0,0,1,1,1
H5,152,2018,030333,      6.00,      6.00,      6.00,      6.00,0,0,0,1,1,1
H5,152,2018,030334,      6.00,      6.00,      6.00,      6.00,0,0,0,1,1,1
H5,152,2018,030339,     24.00,      6.00,      6.00,      6.00,0,0,0,4,4,4
H5,152,2018,030341,     18.00,      6.00,      6.00,      6.00,0,0,0,3,3,3
H5,152,2018,030342,      6.00,      6.00,      6.00,      6.00,0,0,0,1,1,1
H5,152,2018,030343,      6.00,      6.00,      6.00,      6.00,0,0,0,1,1,1
H5,152,2018,030344,      6.00,      6.00,      6.00,      6.00,0,0,0,1,1,1
H5,152,2018,030345,      6.00,      6.00,      6.00,      6.00,0,0,0,1,1,1
H5,152,2018,030346,      6.00,      6.00,      6.00,      6.00,0,0,0,1,1,1
H5,152,2018,030349,      6.00,      6.00,      6.00,      6.00,0,0,0,1,1,1
H5,152,2018,030351,      6.00,      6.00,      6.00,      6.00,0,0,0,1,1,1
H5,152,2018,030353,     24.00,      6.00,      6.00,      6.00,0,0,0,4,4,4
H5,152,2018,030354,     18.00,      6.00,      6.00,      6.00,0,0,0,3,3,3
H5,152,2018,030355,     30.00,      6.00,      6.00,      6.00,0,0,0,5,5,5
H5,152,2018,030356,      6.00,      6.00,      6.00,      6.00,0,0,0,1,1,1
H5,152,2018,030357,     18.00,      6.00,      6.00,      6.00,0,0,0,3,3,3
H5,152,2018,030359,      6.00,      6.00,      6.00,      6.00,0,0,0,1,1,1
H5,152,2018,030363,      6.00,      6.00,      6.00,      6.00,0,0,0,1,1,1
H5,152,2018,030364,      6.00,      6.00,      6.00,      6.00,0,0,0,1,1,1
H5,152,2018,030365,      6.00,      6.00,      6.00,      6.00,0,0,0,1,1,1
H5,152,2018,030366,     48.00,      6.00,      6.00,      6.00,0,0,0,8,8,8
H5,152,2018,030367,      6.00,      6.00,      6.00,      6.00,0,0,0,1,1,1
H5,152,2018,030368,     30.00,      6.00,      6.00,      6.00,0,0,0,5,5,5
H5,152,2018,030369,     12.00,      6.00,      6.00,      6.00,0,0,0,2,2,2
H5,152,2018,030381,    132.00,      6.00,      6.00,      6.00,0,0,0,22,22,22
H5,152,2018,030382,     12.00,      6.00,      6.00,      6.00,0,0,0,2,2,2
H5,152,2018,030383,     30.00,      6.00,      6.00,      6.00,0,0,0,5,5,5
H5,152,2018,030384,      6.00,      6.00,      6.00,      6.00,0,0,0,1,1,1
H5,152,2018,030389,    180.00,      6.00,      6.00,      6.00,0,0,0,30,30,30
H5,152,2018,030391,     24.00,      6.00,      6.00,      6.00,0,0,0,4,4,4
H5,152,2018,030392,    132.00,      6.00,      6.00,      6.00,0,0,0,22,22,22
H5,152,2018,030399,     18.00,      6.00,      6.00,      6.00,0,0,0,3,3,3
H5,152,2018,030431,      6.00,      6.00,      6.00,      6.00,0,0,0,1,1,1
H5,152,2018,030432,      6.00,      6.00,      6.00,      6.00,0,0,0,1,1,1
H5,152,2018,030433,      6.00,      6.00,      6.00,      6.00,0,0,0,1,1,1
H5,152,2018,030439,      6.00,      6.00,      6.00,      6.00,0,0,0,1,1,1
H5,152,2018,030441,     12.00,      6.00,      6.00,      6.00,0,0,0,2,2,2
H5,152,2018,030442,      6.00,      6.00,      6.00,      6.00,0,0,0,1,1,1
H5,152,2018,030443,      6.00,      6.00,      6.00,      6.00,0,0,0,1,1,1
H5,152,2018,030444,     30.00,      6.00,      6.00,      6.00,0,0,0,5,5,5
H5,152,2018,030445,      6.00,      6.00,      6.00,      6.00,0,0,0,1,1,1
H5,152,2018,030446,     12.00,      6.00,      6.00,      6.00,0,0,0,2,2,2
H5,152,2018,030447,    132.00,      6.00,      6.00,      6.00,0,0,0,22,22,22
H5,152,2018,030448,     12.00,      6.00,      6.00,      6.00,0,0,0,2,2,2
H5,152,2018,030449,     42.00,      6.00,      6.00,      6.00,0,0,0,7,7,7
H5,152,2018,030451,      6.00,      6.00,      6.00,      6.00,0,0,0,1,1,1
H5,152,2018,030452,      6.00,      6.00,      6.00,      6.00,0,0,0,1,1,1
H5,152,2018,030453,      6.00,      6.00,      6.00,      6.00,0,0,0,1,1,1
H5,152,2018,030454,      6.00,      6.00,      6.00,      6.00,0,0,0,1,1,1
H5,152,2018,030455,      6.00,      6.00,      6.00,      6.00,0,0,0,1,1,1
H5,152,2018,030456,    132.00,      6.00,      6.00,      6.00,0,0,0,22,22,22
H5,152,2018,030457,     12.00,      6.00,      6.00,      6.00,0,0,0,2,2,2
H5,152,2018,030459,      6.00,      6.00,      6.00,      6.00,0,0,0,1,1,1
H5,152,2018,030461,      6.00,      6.00,      6.00,      6.00,0,0,0,1,1,1
H5,152,2018,030462,      6.00,      6.00,      6.00,      6.00,0,0,0,1,1,1
H5,152,2018,030463,      6.00,      6.00,      6.00,      6.00,0,0,0,1,1,1
H5,152,2018,030469,      6.00,      6.00,      6.00,      6.00,0,0,0,1,1,1
H5,152,2018,030471,      6.00,      6.00,      6.00,      6.00,0,0,0,1,1,1
H5,152,2018,030472,      6.00,      6.00,      6.00,      6.00,0,0,0,1,1,1
H5,152,2018,030473,      6.00,      6.00,      6.00,      6.00,0,0,0,1,1,1
H5,152,2018,030474,     24.00,      6.00,      6.00,      6.00,0,0,0,4,4,4
H5,152,2018,030475,      6.00,      6.00,      6.00,      6.00,0,0,0,1,1,1
H5,152,2018,030479,     18.00,      6.00,      6.00,      6.00,0,0,0,3,3,3
H5,152,2018,030481,     12.00,      6.00,      6.00,      6.00,0,0,0,2,2,2
H5,152,2018,030482,      6.00,      6.00,      6.00,      6.00,0,0,0,1,1,1
H5,152,2018,030483,      6.00,      6.00,      6.00,      6.00,0,0,0,1,1,1
H5,152,2018,030484,      6.00,      6.00,      6.00,      6.00,0,0,0,1,1,1
H5,152,2018,030485,     12.00,      6.00,      6.00,      6.00,0,0,0,2,2,2
H5,152,2018,030486,      6.00,      6.00,      6.00,      6.00,0,0,0,1,1,1
H5,152,2018,030487,      6.00,      6.00,      6.00,      6.00,0,0,0,1,1,1
H5,152,2018,030488,    144.00,      6.00,      6.00,      6.00,0,0,0,24,24,24
H5,152,2018,030489,     66.00,      6.00,      6.00,      6.00,0,0,0,11,11,11
H5,152,2018,030491,      6.00,      6.00,      6.00,      6.00,0,0,0,1,1,1
H5,152,2018,030492,     24.00,      6.00,      6.00,      6.00,0,0,0,4,4,4
H5,152,2018,030493,      6.00,      6.00,      6.00,      6.00,0,0,0,1,1,1
H5,152,2018,030494,      6.00,      6.00,      6.00,      6.00,0,0,0,1,1,1
H5,152,2018,030495,     48.00,      6.00,      6.00,      6.00,0,0,0,8,8,8
H5,152,2018,030496,    132.00,      6.00,      6.00,      6.00,0,0,0,22,22,22
H5,152,2018,030497,     12.00,      6.00,      6.00,      6.00,0,0,0,2,2,2
H5,152,2018,030499,    114.00,      6.00,      6.00,      6.00,0,0,0,19,19,19
H5,152,2018,030510,      6.00,      6.00,      6.00,      6.00,0,0,0,1,1,1
H5,152,2018,030520,     18.00,      6.00,      6.00,      6.00,0,0,0,3,3,3
H5,152,2018,030531,      6.00,      6.00,      6.00,      6.00,0,0,0,1,1,1
H5,152,2018,030532,      6.00,      6.00,      6.00,      6.00,0,0,0,1,1,1
H5,152,2018,030539,     42.00,      6.00,      6.00,      6.00,0,0,0,7,7,7
H5,152,2018,030541,     54.00,      6.00,      6.00,      6.00,0,0,0,9,9,9
H5,152,2018,030542,      6.00,      6.00,      6.00,      6.00,0,0,0,1,1,1
H5,152,2018,030543,     24.00,      6.00,      6.00,      6.00,0,0,0,4,4,4
H5,152,2018,030544,      6.00,      6.00,      6.00,      6.00,0,0,0,1,1,1
H5,152,2018,030549,      6.00,      6.00,      6.00,      6.00,0,0,0,1,1,1
H5,152,2018,030551,      6.00,      6.00,      6.00,      6.00,0,0,0,1,1,1
H5,152,2018,030552,      6.00,      6.00,      6.00,      6.00,0,0,0,1,1,1
H5,152,2018,030553,      6.00,      6.00,      6.00,      6.00,0,0,0,1,1,1
H5,152,2018,030554,      6.00,      6.00,      6.00,      6.00,0,0,0,1,1,1
H5,152,2018,030559,     30.00,      6.00,      6.00,      6.00,0,0,0,5,5,5
H5,152,2018,030561,      6.00,      6.00,      6.00,      6.00,0,0,0,1,1,1
H5,152,2018,030562,      6.00,      6.00,      6.00,      6.00,0,0,0,1,1,1
H5,152,2018,030563,      6.00,      6.00,      6.00,      6.00,0,0,0,1,1,1
H5,152,2018,030564,      6.00,      6.00,      6.00,      6.00,0,0,0,1,1,1
H5,152,2018,030569,     90.00,      6.00,      6.00,      6.00,0,0,0,15,15,15
H5,152,2018,030571,    132.00,      6.00,      6.00,      6.00,0,0,0,22,22,22
H5,152,2018,030572,      6.00,      6.00,      6.00,      6.00,0,0,0,1,1,1
H5,152,2018,030579,     18.00,      6.00,      6.00,      6.00,0,0,0,3,3,3
H5,152,2018,030611,     24.00,      6.00,      6.00,      6.00,0,0,0,4,4,4
H5,152,2018,030612,      6.00,      6.00,      6.00,      6.00,0,0,0,1,1,1
H5,152,2018,030614,     42.00,      6.00,      6.00,      6.00,0,0,0,7,7,7
H5,152,2018,030615,      6.00,      6.00,      6.00,      6.00,0,0,0,1,1,1
H5,152,2018,030616,      6.00,      6.00,      6.00,      6.00,0,0,0,1,1,1
H5,152,2018,030617,     54.00,      6.00,      6.00,      6.00,0,0,0,9,9,9
H5,152,2018,030619,     12.00,      6.00,      6.00,      6.00,0,0,0,2,2,2
H5,152,2018,030631,     24.00,      6.00,      6.00,      6.00,0,0,0,4,4,4
H5,152,2018,030632,      6.00,      6.00,      6.00,      6.00,0,0,0,1,1,1
H5,152,2018,030633,     42.00,      6.00,      6.00,      6.00,0,0,0,7,7,7
H5,152,2018,030634,      6.00,      6.00,      6.00,      6.00,0,0,0,1,1,1
H5,152,2018,030635,     18.00,      6.00,      6.00,      6.00,0,0,0,3,3,3
H5,152,2018,030636,     54.00,      6.00,      6.00,      6.00,0,0,0,9,9,9
H5,152,2018,030639,     12.00,      6.00,      6.00,      6.00,0,0,0,2,2,2
H5,152,2018,030691,      6.00,      6.00,      6.00,      6.00,0,0,0,1,1,1
H5,152,2018,030692,      6.00,      6.00,      6.00,      6.00,0,0,0,1,1,1
H5,152,2018,030693,      6.00,      6.00,      6.00,      6.00,0,0,0,1,1,1
H5,152,2018,030694,      6.00,      6.00,      6.00,      6.00,0,0,0,1,1,1
H5,152,2018,030695,      6.00,      6.00,      6.00,      6.00,0,0,0,1,1,1
H5,152,2018,030699,      6.00,      6.00,      6.00,      6.00,0,0,0,1,1,1
H5,152,2018,030711,     18.00,      6.00,      6.00,      6.00,0,0,0,3,3,3
H5,152,2018,030712,     18.00,      6.00,      6.00,      6.00,0,0,0,3,3,3
H5,152,2018,030719,      6.00,      6.00,      6.00,      6.00,0,0,0,1,1,1
H5,152,2018,030721,     18.00,      6.00,      6.00,      6.00,0,0,0,3,3,3
H5,152,2018,030722,     18.00,      6.00,      6.00,      6.00,0,0,0,3,3,3
H5,152,2018,030729,      6.00,      6.00,      6.00,      6.00,0,0,0,1,1,1
H5,152,2018,030731,      6.00,      6.00,      6.00,      6.00,0,0,0,1,1,1
H5,152,2018,030732,      6.00,      6.00,      6.00,      6.00,0,0,0,1,1,1
H5,152,2018,030739,      6.00,      6.00,      6.00,      6.00,0,0,0,1,1,1
H5,152,2018,030742,      6.00,      6.00,      6.00,      6.00,0,0,0,1,1,1
H5,152,2018,030743,     30.00,      6.00,      6.00,      6.00,0,0,0,5,5,5
H5,152,2018,030749,      6.00,      6.00,      6.00,      6.00,0,0,0,1,1,1
H5,152,2018,030751,     18.00,      6.00,      6.00,      6.00,0,0,0,3,3,3
H5,152,2018,030752,     18.00,      6.00,      6.00,      6.00,0,0,0,3,3,3
H5,152,2018,030759,      6.00,      6.00,      6.00,      6.00,0,0,0,1,1,1
H5,152,2018,030760,      6.00,      6.00,      6.00,      6.00,0,0,0,1,1,1
H5,152,2018,030771,     12.00,      6.00,      6.00,      6.00,0,0,0,2,2,2
H5,152,2018,030772,     48.00,      6.00,      6.00,      6.00,0,0,0,8,8,8
H5,152,2018,030779,      6.00,      6.00,      6.00,      6.00,0,0,0,1,1,1
H5,152,2018,030781,     12.00,      6.00,      6.00,      6.00,0,0,0,2,2,2
H5,152,2018,030782,      6.00,      6.00,      6.00,      6.00,0,0,0,1,1,1
H5,152,2018,030783,     18.00,      6.00,      6.00,      6.00,0,0,0,3,3,3
H5,152,2018,030784,      6.00,      6.00,      6.00,      6.00,0,0,0,1,1,1
H5,152,2018,030787,      6.00,      6.00,      6.00,      6.00,0,0,0,1,1,1
H5,152,2018,030788,      6.00,      6.00,      6.00,      6.00,0,0,0,1,1,1
H5,152,2018,030791,     12.00,      6.00,      6.00,      6.00,0,0,0,2,2,2
H5,152,2018,030792,     54.00,      6.00,      6.00,      6.00,0,0,0,9,9,9
H5,152,2018,030799,      6.00,      6.00,      6.00,      6.00,0,0,0,1,1,1
H5,152,2018,030811,      6.00,      6.00,      6.00,      6.00,0,0,0,1,1,1
H5,152,2018,030812,      6.00,      6.00,      6.00,      6.00,0,0,0,1,1,1
H5,152,2018,030819,      6.00,      6.00,      6.00,      6.00,0,0,0,1,1,1
H5,152,2018,030821,     12.00,      6.00,      6.00,      6.00,0,0,0,2,2,2
H5,152,2018,030822,     12.00,      6.00,      6.00,      6.00,0,0,0,2,2,2
H5,152,2018,030829,      6.00,      6.00,      6.00,      6.00,0,0,0,1,1,1
H5,152,2018,030830,      6.00,      6.00,      6.00,      6.00,0,0,0,1,1,1
H5,152,2018,030890,      6.00,      6.00,      6.00,      6.00,0,0,0,1,1,1
H5,152,2018,040110,      6.00,      6.00,      6.00,      6.00,0,0,0,1,1,1
H5,152,2018,040120,      6.00,      6.00,      6.00,      6.00,0,0,0,1,1,1
H5,152,2018,040140,      6.00,      6.00,      6.00,      6.00,0,0,0,1,1,1
H5,152,2018,040150,     30.00,      6.00,      6.00,      6.00,0,0,0,5,5,5
H5,152,2018,040210,      6.00,      6.00,      6.00,      6.00,0,0,0,1,1,1
H5,152,2018,040221,     54.00,      6.00,      6.00,      6.00,0,0,0,9,9,9
H5,152,2018,040229,     54.00,      6.00,      6.00,      6.00,0,0,0,9,9,9
H5,152,2018,040291,     12.00,      6.00,      6.00,      6.00,0,0,0,2,2,2
H5,152,2018,040299,     12.00,      6.00,      6.00,      6.00,0,0,0,2,2,2
H5,152,2018,040310,     18.00,      6.00,      6.00,      6.00,0,0,0,3,3,3
H5,152,2018,040390,      6.00,      6.00,      6.00,      6.00,0,0,0,1,1,1
H5,152,2018,040410,      6.00,      6.00,      6.00,      6.00,0,0,0,1,1,1
H5,152,2018,040490,      6.00,      6.00,      6.00,      6.00,0,0,0,1,1,1
H5,152,2018,040510,      6.00,      6.00,      6.00,      6.00,0,0,0,1,1,1
H5,152,2018,040520,      6.00,      6.00,      6.00,      6.00,0,0,0,1,1,1
H5,152,2018,040590,      6.00,      6.00,      6.00,      6.00,0,0,0,1,1,1
H5,152,2018,040610,     24.00,      6.00,      6.00,      6.00,0,0,0,4,4,4
H5,152,2018,040620,      6.00,      6.00,      6.00,      6.00,0,0,0,1,1,1
H5,152,2018,040630,      6.00,      6.00,      6.00,      6.00,0,0,0,1,1,1
H5,152,2018,040640,      6.00,      6.00,      6.00,      6.00,0,0,0,1,1,1
H5,152,2018,040690,     30.00,      6.00,      6.00,      6.00,0,0,0,5,5,5
H5,152,2018,040711,      6.00,      6.00,      6.00,      6.00,0,0,0,1,1,1
H5,152,2018,040719,      6.00,      6.00,      6.00,      6.00,0,0,0,1,1,1
H5,152,2018,040721,      6.00,      6.00,      6.00,      6.00,0,0,0,1,1,1
H5,152,2018,040729,      6.00,      6.00,      6.00,      6.00,0,0,0,1,1,1
H5,152,2018,040790,      6.00,      6.00,      6.00,      6.00,0,0,0,1,1,1
H5,152,2018,040811,      6.00,      6.00,      6.00,      6.00,0,0,0,1,1,1
H5,152,2018,040819,      6.00,      6.00,      6.00,      6.00,0,0,0,1,1,1
H5,152,2018,040891,      6.00,      6.00,      6.00,      6.00,0,0,0,1,1,1
H5,152,2018,040899,      6.00,      6.00,      6.00,      6.00,0,0,0,1,1,1
H5,152,2018,040900,     12.00,      6.00,      6.00,      6.00,0,0,0,2,2,2
H5,152,2018,041000,     42.00,      6.00,      6.00,      6.00,0,0,0,7,7,7
H5,152,2018,050100,      6.00,      6.00,      6.00,      6.00,0,0,0,1,1,1
H5,152,2018,050210,      6.00,      6.00,      6.00,      6.00,0,0,0,1,1,1
H5,152,2018,050290,      6.00,      6.00,      6.00,      6.00,0,0,0,1,1,1
H5,152,2018,050400,     18.00,      6.00,      6.00,      6.00,0,0,0,3,3,3
H5,152,2018,050510,      6.00,      6.00,      6.00,      6.00,0,0,0,1,1,1
H5,152,2018,050590,      6.00,      6.00,      6.00,      6.00,0,0,0,1,1,1
H5,152,2018,050610,      6.00,      6.00,      6.00,      6.00,0,0,0,1,1,1
H5,152,2018,050690,      6.00,      6.00,      6.00,      6.00,0,0,0,1,1,1
H5,152,2018,050710,      6.00,      6.00,      6.00,      6.00,0,0,0,1,1,1
H5,152,2018,050790,      6.00,      6.00,      6.00,      6.00,0,0,0,1,1,1
H5,152,2018,050800,     12.00,      6.00,      6.00,      6.00,0,0,0,2,2,2
H5,152,2018,051000,      6.00,      6.00,      6.00,      6.00,0,0,0,1,1,1
H5,152,2018,051110,      6.00,      6.00,      6.00,      6.00,0,0,0,1,1,1
H5,152,2018,051191,     24.00,      6.00,      6.00,      6.00,0,0,0,4,4,4
H5,152,2018,051199,     96.00,      6.00,      6.00,      6.00,0,0,0,16,16,16
H5,152,2018,060110,    126.00,      6.00,      6.00,      6.00,0,0,0,21,21,21
H5,152,2018,060120,     30.00,      6.00,      6.00,      6.00,0,0,0,5,5,5
H5,152,2018,060210,     12.00,      6.00,      6.00,      6.00,0,0,0,2,2,2
H5,152,2018,060220,    180.00,      6.00,      6.00,      6.00,0,0,0,30,30,30
H5,152,2018,060230,     12.00,      6.00,      6.00,      6.00,0,0,0,2,2,2
H5,152,2018,060240,      6.00,      6.00,      6.00,      6.00,0,0,0,1,1,1
H5,152,2018,060290,    216.00,      6.00,      6.00,      6.00,0,0,0,36,36,36
H5,152,2018,060311,      6.00,      6.00,      6.00,      6.00,0,0,0,1,1,1
H5,152,2018,060312,      6.00,      6.00,      6.00,      6.00,0,0,0,1,1,1
H5,152,2018,060313,      6.00,      6.00,      6.00,      6.00,0,0,0,1,1,1
H5,152,2018,060314,      6.00,      6.00,      6.00,      6.00,0,0,0,1,1,1
H5,152,2018,060315,      6.00,      6.00,      6.00,      6.00,0,0,0,1,1,1
H5,152,2018,060319,     54.00,      6.00,      6.00,      6.00,0,0,0,9,9,9
H5,152,2018,060390,      6.00,      6.00,      6.00,      6.00,0,0,0,1,1,1
H5,152,2018,060420,     12.00,      6.00,      6.00,      6.00,0,0,0,2,2,2
H5,152,2018,060490,      6.00,      6.00,      6.00,      6.00,0,0,0,1,1,1
H5,152,2018,070110,     12.00,      6.00,      6.00,      6.00,0,0,0,2,2,2
H5,152,2018,070190,      6.00,      6.00,      6.00,      6.00,0,0,0,1,1,1
H5,152,2018,070200,      6.00,      6.00,      6.00,      6.00,0,0,0,1,1,1
H5,152,2018,070310,     18.00,      6.00,      6.00,      6.00,0,0,0,3,3,3
H5,152,2018,070320,     12.00,      6.00,      6.00,      6.00,0,0,0,2,2,2
H5,152,2018,070390,      6.00,      6.00,      6.00,      6.00,0,0,0,1,1,1
H5,152,2018,070410,      6.00,      6.00,      6.00,      6.00,0,0,0,1,1,1
H5,152,2018,070420,      6.00,      6.00,      6.00,      6.00,0,0,0,1,1,1
H5,152,2018,070490,      6.00,      6.00,      6.00,      6.00,0,0,0,1,1,1
H5,152,2018,070511,      6.00,      6.00,      6.00,      6.00,0,0,0,1,1,1
H5,152,2018,070519,      6.00,      6.00,      6.00,      6.00,0,0,0,1,1,1
H5,152,2018,070521,      6.00,      6.00,      6.00,      6.00,0,0,0,1,1,1
H5,152,2018,070529,     18.00,      6.00,      6.00,      6.00,0,0,0,3,3,3
H5,152,2018,070610,      6.00,      6.00,      6.00,      6.00,0,0,0,1,1,1
H5,152,2018,070690,      6.00,      6.00,      6.00,      6.00,0,0,0,1,1,1
H5,152,2018,070700,      6.00,      6.00,      6.00,      6.00,0,0,0,1,1,1
H5,152,2018,070810,      6.00,      6.00,      6.00,      6.00,0,0,0,1,1,1
H5,152,2018,070820,      6.00,      6.00,      6.00,      6.00,0,0,0,1,1,1
H5,152,2018,070890,      6.00,      6.00,      6.00,      6.00,0,0,0,1,1,1
H5,152,2018,070920,     12.00,      6.00,      6.00,      6.00,0,0,0,2,2,2
H5,152,2018,070930,      6.00,      6.00,      6.00,      6.00,0,0,0,1,1,1
H5,152,2018,070940,      6.00,      6.00,      6.00,      6.00,0,0,0,1,1,1
H5,152,2018,070951,      6.00,      6.00,      6.00,      6.00,0,0,0,1,1,1
H5,152,2018,070959,     12.00,      6.00,      6.00,      6.00,0,0,0,2,2,2
H5,152,2018,070960,     18.00,      6.00,      6.00,      6.00,0,0,0,3,3,3
H5,152,2018,070970,      6.00,      6.00,      6.00,      6.00,0,0,0,1,1,1
H5,152,2018,070991,      6.00,      6.00,      6.00,      6.00,0,0,0,1,1,1
H5,152,2018,070992,      6.00,      6.00,      6.00,      6.00,0,0,0,1,1,1
H5,152,2018,070993,     30.00,      6.00,      6.00,      6.00,0,0,0,5,5,5
H5,152,2018,070999,     12.00,      6.00,      6.00,      6.00,0,0,0,2,2,2
H5,152,2018,071010,      6.00,      6.00,      6.00,      6.00,0,0,0,1,1,1
H5,152,2018,071021,      6.00,      6.00,      6.00,      6.00,0,0,0,1,1,1
H5,152,2018,071022,      6.00,      6.00,      6.00,      6.00,0,0,0,1,1,1
H5,152,2018,071029,     12.00,      6.00,      6.00,      6.00,0,0,0,2,2,2
H5,152,2018,071030,      6.00,      6.00,      6.00,      6.00,0,0,0,1,1,1
H5,152,2018,071040,      6.00,      6.00,      6.00,      6.00,0,0,0,1,1,1
H5,152,2018,071080,     42.00,      6.00,      6.00,      6.00,0,0,0,7,7,7
H5,152,2018,071090,      6.00,      6.00,      6.00,      6.00,0,0,0,1,1,1
H5,152,2018,071120,     12.00,      6.00,      6.00,      6.00,0,0,0,2,2,2
H5,152,2018,071140,     12.00,      6.00,      6.00,      6.00,0,0,0,2,2,2
H5,152,2018,071151,      6.00,      6.00,      6.00,      6.00,0,0,0,1,1,1
H5,152,2018,071159,      6.00,      6.00,      6.00,      6.00,0,0,0,1,1,1
H5,152,2018,071190,      6.00,      6.00,      6.00,      6.00,0,0,0,1,1,1
H5,152,2018,071220,      6.00,      6.00,      6.00,      6.00,0,0,0,1,1,1
H5,152,2018,071231,     18.00,      6.00,      6.00,      6.00,0,0,0,3,3,3
H5,152,2018,071232,     18.00,      6.00,      6.00,      6.00,0,0,0,3,3,3
H5,152,2018,071233,     18.00,      6.00,      6.00,      6.00,0,0,0,3,3,3
H5,152,2018,071239,     18.00,      6.00,      6.00,      6.00,0,0,0,3,3,3
H5,152,2018,071290,     72.00,      6.00,      6.00,      6.00,0,0,0,12,12,12
H5,152,2018,071310,     12.00,      6.00,      6.00,      6.00,0,0,0,2,2,2
H5,152,2018,071320,      6.00,      6.00,      6.00,      6.00,0,0,0,1,1,1
H5,152,2018,071331,     12.00,      6.00,      6.00,      6.00,0,0,0,2,2,2
H5,152,2018,071332,     12.00,      6.00,      6.00,      6.00,0,0,0,2,2,2
H5,152,2018,071333,     12.00,      6.00,      6.00,      6.00,0,0,0,2,2,2
H5,152,2018,071334,     12.00,      6.00,      6.00,      6.00,0,0,0,2,2,2
H5,152,2018,071335,     12.00,      6.00,      6.00,      6.00,0,0,0,2,2,2
H5,152,2018,071339,     12.00,      6.00,      6.00,      6.00,0,0,0,2,2,2
H5,152,2018,071340,      6.00,      6.00,      6.00,      6.00,0,0,0,1,1,1
H5,152,2018,071350,     12.00,      6.00,      6.00,      6.00,0,0,0,2,2,2
H5,152,2018,071360,      6.00,      6.00,      6.00,      6.00,0,0,0,1,1,1
H5,152,2018,071390,      6.00,      6.00,      6.00,      6.00,0,0,0,1,1,1
H5,152,2018,071410,      6.00,      6.00,      6.00,      6.00,0,0,0,1,1,1
H5,152,2018,071420,      6.00,      6.00,      6.00,      6.00,0,0,0,1,1,1
H5,152,2018,071430,      6.00,      6.00,      6.00,      6.00,0,0,0,1,1,1
H5,152,2018,071440,      6.00,      6.00,      6.00,      6.00,0,0,0,1,1,1
H5,152,2018,071450,      6.00,      6.00,      6.00,      6.00,0,0,0,1,1,1
H5,152,2018,071490,      6.00,      6.00,      6.00,      6.00,0,0,0,1,1,1
H5,152,2018,080111,      6.00,      6.00,      6.00,      6.00,0,0,0,1,1,1
H5,152,2018,080112,      6.00,      6.00,      6.00,      6.00,0,0,0,1,1,1
H5,152,2018,080119,      6.00,      6.00,      6.00,      6.00,0,0,0,1,1,1
H5,152,2018,080121,      6.00,      6.00,      6.00,      6.00,0,0,0,1,1,1
H5,152,2018,080122,      6.00,      6.00,      6.00,      6.00,0,0,0,1,1,1
H5,152,2018,080131,      6.00,      6.00,      6.00,      6.00,0,0,0,1,1,1
H5,152,2018,080132,      6.00,      6.00,      6.00,      6.00,0,0,0,1,1,1
H5,152,2018,080211,      6.00,      6.00,      6.00,      6.00,0,0,0,1,1,1
H5,152,2018,080212,     12.00,      6.00,      6.00,      6.00,0,0,0,2,2,2
H5,152,2018,080221,      6.00,      6.00,      6.00,      6.00,0,0,0,1,1,1
H5,152,2018,080222,      6.00,      6.00,      6.00,      6.00,0,0,0,1,1,1
H5,152,2018,080231,      6.00,      6.00,      6.00,      6.00,0,0,0,1,1,1
H5,152,2018,080232,     12.00,      6.00,      6.00,      6.00,0,0,0,2,2,2
H5,152,2018,080241,      6.00,      6.00,      6.00,      6.00,0,0,0,1,1,1
H5,152,2018,080242,      6.00,      6.00,      6.00,      6.00,0,0,0,1,1,1
H5,152,2018,080251,      6.00,      6.00,      6.00,      6.00,0,0,0,1,1,1
H5,152,2018,080252,      6.00,      6.00,      6.00,      6.00,0,0,0,1,1,1
H5,152,2018,080261,      6.00,      6.00,      6.00,      6.00,0,0,0,1,1,1
H5,152,2018,080262,      6.00,      6.00,      6.00,      6.00,0,0,0,1,1,1
H5,152,2018,080270,      6.00,      6.00,      6.00,      6.00,0,0,0,1,1,1
H5,152,2018,080280,      6.00,      6.00,      6.00,      6.00,0,0,0,1,1,1
H5,152,2018,080290,      6.00,      6.00,      6.00,      6.00,0,0,0,1,1,1
H5,152,2018,080310,      6.00,      6.00,      6.00,      6.00,0,0,0,1,1,1
H5,152,2018,080390,      6.00,      6.00,      6.00,      6.00,0,0,0,1,1,1
H5,152,2018,080410,      6.00,      6.00,      6.00,      6.00,0,0,0,1,1,1
H5,152,2018,080420,      6.00,      6.00,      6.00,      6.00,0,0,0,1,1,1
H5,152,2018,080430,      6.00,      6.00,      6.00,      6.00,0,0,0,1,1,1
H5,152,2018,080440,     30.00,      6.00,      6.00,      6.00,0,0,0,5,5,5
H5,152,2018,080450,      6.00,      6.00,      6.00,      6.00,0,0,0,1,1,1
H5,152,2018,080510,      6.00,      6.00,      6.00,      6.00,0,0,0,1,1,1
H5,152,2018,080521,      6.00,      6.00,      6.00,      6.00,0,0,0,1,1,1
H5,152,2018,080522,      6.00,      6.00,      6.00,      6.00,0,0,0,1,1,1
H5,152,2018,080529,      6.00,      6.00,      6.00,      6.00,0,0,0,1,1,1
H5,152,2018,080540,      6.00,      6.00,      6.00,      6.00,0,0,0,1,1,1
H5,152,2018,080550,     18.00,      6.00,      6.00,      6.00,0,0,0,3,3,3
H5,152,2018,080590,      6.00,      6.00,      6.00,      6.00,0,0,0,1,1,1
H5,152,2018,080610,    108.00,      6.00,      6.00,      6.00,0,0,0,18,18,18
H5,152,2018,080620,     12.00,      6.00,      6.00,      6.00,0,0,0,2,2,2
H5,152,2018,080711,      6.00,      6.00,      6.00,      6.00,0,0,0,1,1,1
H5,152,2018,080719,      6.00,      6.00,      6.00,      6.00,0,0,0,1,1,1
H5,152,2018,080720,      6.00,      6.00,      6.00,      6.00,0,0,0,1,1,1
H5,152,2018,080810,     78.00,      6.00,      6.00,      6.00,0,0,0,13,13,13
H5,152,2018,080830,     48.00,      6.00,      6.00,      6.00,0,0,0,8,8,8
H5,152,2018,080840,      6.00,      6.00,      6.00,      6.00,0,0,0,1,1,1
H5,152,2018,080910,      6.00,      6.00,      6.00,      6.00,0,0,0,1,1,1
H5,152,2018,080921,     12.00,      6.00,      6.00,      6.00,0,0,0,2,2,2
H5,152,2018,080929,     18.00,      6.00,      6.00,      6.00,0,0,0,3,3,3
H5,152,2018,080930,     18.00,      6.00,      6.00,      6.00,0,0,0,3,3,3
H5,152,2018,080940,     18.00,      6.00,      6.00,      6.00,0,0,0,3,3,3
H5,152,2018,081010,      6.00,      6.00,      6.00,      6.00,0,0,0,1,1,1
H5,152,2018,081020,     30.00,      6.00,      6.00,      6.00,0,0,0,5,5,5
H5,152,2018,081030,      6.00,      6.00,      6.00,      6.00,0,0,0,1,1,1
H5,152,2018,081040,     48.00,      6.00,      6.00,      6.00,0,0,0,8,8,8
H5,152,2018,081050,     12.00,      6.00,      6.00,      6.00,0,0,0,2,2,2
H5,152,2018,081060,      6.00,      6.00,      6.00,      6.00,0,0,0,1,1,1
H5,152,2018,081070,      6.00,      6.00,      6.00,      6.00,0,0,0,1,1,1
H5,152,2018,081090,     60.00,      6.00,      6.00,      6.00,0,0,0,10,10,10
H5,152,2018,081110,     12.00,      6.00,      6.00,      6.00,0,0,0,2,2,2
H5,152,2018,081120,     30.00,      6.00,      6.00,      6.00,0,0,0,5,5,5
H5,152,2018,081190,     60.00,      6.00,      6.00,      6.00,0,0,0,10,10,10
H5,152,2018,081210,     12.00,      6.00,      6.00,      6.00,0,0,0,2,2,2
H5,152,2018,081290,     12.00,      6.00,      6.00,      6.00,0,0,0,2,2,2
H5,152,2018,081310,      6.00,      6.00,      6.00,      6.00,0,0,0,1,1,1
H5,152,2018,081320,     12.00,      6.00,      6.00,      6.00,0,0,0,2,2,2
H5,152,2018,081330,     12.00,      6.00,      6.00,      6.00,0,0,0,2,2,2
H5,152,2018,081340,     84.00,      6.00,      6.00,      6.00,0,0,0,14,14,14
H5,152,2018,081350,      6.00,      6.00,      6.00,      6.00,0,0,0,1,1,1
H5,152,2018,081400,      6.00,      6.00,      6.00,      6.00,0,0,0,1,1,1
H5,152,2018,090111,      6.00,      6.00,      6.00,      6.00,0,0,0,1,1,1
H5,152,2018,090112,      6.00,      6.00,      6.00,      6.00,0,0,0,1,1,1
H5,152,2018,090121,     12.00,      6.00,      6.00,      6.00,0,0,0,2,2,2
H5,152,2018,090122,      6.00,      6.00,      6.00,      6.00,0,0,0,1,1,1
H5,152,2018,090190,      6.00,      6.00,      6.00,      6.00,0,0,0,1,1,1
H5,152,2018,090210,      6.00,      6.00,      6.00,      6.00,0,0,0,1,1,1
H5,152,2018,090220,     12.00,      6.00,      6.00,      6.00,0,0,0,2,2,2
H5,152,2018,090230,     12.00,      6.00,      6.00,      6.00,0,0,0,2,2,2
H5,152,2018,090240,      6.00,      6.00,      6.00,      6.00,0,0,0,1,1,1
H5,152,2018,090300,      6.00,      6.00,      6.00,      6.00,0,0,0,1,1,1
H5,152,2018,090411,      6.00,      6.00,      6.00,      6.00,0,0,0,1,1,1
H5,152,2018,090412,      6.00,      6.00,      6.00,      6.00,0,0,0,1,1,1
H5,152,2018,090421,      6.00,      6.00,      6.00,      6.00,0,0,0,1,1,1
H5,152,2018,090422,     24.00,      6.00,      6.00,      6.00,0,0,0,4,4,4
H5,152,2018,090510,      6.00,      6.00,      6.00,      6.00,0,0,0,1,1,1
H5,152,2018,090520,      6.00,      6.00,      6.00,      6.00,0,0,0,1,1,1
H5,152,2018,090611,      6.00,      6.00,      6.00,      6.00,0,0,0,1,1,1
H5,152,2018,090619,     24.00,      6.00,      6.00,      6.00,0,0,0,4,4,4
H5,152,2018,090620,      6.00,      6.00,      6.00,      6.00,0,0,0,1,1,1
H5,152,2018,090710,      6.00,      6.00,      6.00,      6.00,0,0,0,1,1,1
H5,152,2018,090720,      6.00,      6.00,      6.00,      6.00,0,0,0,1,1,1
H5,152,2018,090811,      6.00,      6.00,      6.00,      6.00,0,0,0,1,1,1
H5,152,2018,090812,      6.00,      6.00,      6.00,      6.00,0,0,0,1,1,1
H5,152,2018,090821,      6.00,      6.00,      6.00,      6.00,0,0,0,1,1,1
H5,152,2018,090822,      6.00,      6.00,      6.00,      6.00,0,0,0,1,1,1
H5,152,2018,090831,      6.00,      6.00,      6.00,      6.00,0,0,0,1,1,1
H5,152,2018,090832,      6.00,      6.00,      6.00,      6.00,0,0,0,1,1,1
H5,152,2018,090921,      6.00,      6.00,      6.00,      6.00,0,0,0,1,1,1
H5,152,2018,090922,      6.00,      6.00,      6.00,      6.00,0,0,0,1,1,1
H5,152,2018,090931,      6.00,      6.00,      6.00,      6.00,0,0,0,1,1,1
H5,152,2018,090932,      6.00,      6.00,      6.00,      6.00,0,0,0,1,1,1
H5,152,2018,090961,      6.00,      6.00,      6.00,      6.00,0,0,0,1,1,1
H5,152,2018,090962,      6.00,      6.00,      6.00,      6.00,0,0,0,1,1,1
H5,152,2018,091011,     12.00,      6.00,      6.00,      6.00,0,0,0,2,2,2
H5,152,2018,091012,      6.00,      6.00,      6.00,      6.00,0,0,0,1,1,1
H5,152,2018,091020,      6.00,      6.00,      6.00,      6.00,0,0,0,1,1,1
H5,152,2018,091030,      6.00,      6.00,      6.00,      6.00,0,0,0,1,1,1
H5,152,2018,091091,      6.00,      6.00,      6.00,      6.00,0,0,0,1,1,1
H5,152,2018,091099,      6.00,      6.00,      6.00,      6.00,0,0,0,1,1,1
H5,152,2018,100111,      6.00,      6.00,      6.00,      6.00,0,0,0,1,1,1
H5,152,2018,100119,      6.00,      6.00,      6.00,      6.00,0,0,0,1,1,1
H5,152,2018,100191,      6.00,      6.00,      6.00,      6.00,0,0,0,1,1,1
H5,152,2018,100199,    192.00,      6.00,      6.00,      6.00,0,0,0,32,32,32
H5,152,2018,100210,      6.00,      6.00,      6.00,      6.00,0,0,0,1,1,1
H5,152,2018,100290,     12.00,      6.00,      6.00,      6.00,0,0,0,2,2,2
H5,152,2018,100310,      6.00,      6.00,      6.00,      6.00,0,0,0,1,1,1
H5,152,2018,100390,     12.00,      6.00,      6.00,      6.00,0,0,0,2,2,2
H5,152,2018,100410,      6.00,      6.00,      6.00,      6.00,0,0,0,1,1,1
H5,152,2018,100490,      6.00,      6.00,      6.00,      6.00,0,0,0,1,1,1
H5,152,2018,100510,     12.00,      6.00,      6.00,      6.00,0,0,0,2,2,2
H5,152,2018,100590,     18.00,      6.00,      6.00,      6.00,0,0,0,3,3,3
H5,152,2018,100610,     12.00,      6.00,      6.00,      6.00,0,0,0,2,2,2
H5,152,2018,100620,      6.00,      6.00,      6.00,      6.00,0,0,0,1,1,1
H5,152,2018,100630,     18.00,      6.00,      6.00,      6.00,0,0,0,3,3,3
H5,152,2018,100640,      6.00,      6.00,      6.00,      6.00,0,0,0,1,1,1
H5,152,2018,100710,      6.00,      6.00,      6.00,      6.00,0,0,0,1,1,1
H5,152,2018,100790,     12.00,      6.00,      6.00,      6.00,0,0,0,2,2,2
H5,152,2018,100810,      6.00,      6.00,      6.00,      6.00,0,0,0,1,1,1
H5,152,2018,100821,      6.00,      6.00,      6.00,      6.00,0,0,0,1,1,1
H5,152,2018,100829,      6.00,      6.00,      6.00,      6.00,0,0,0,1,1,1
H5,152,2018,100830,      6.00,      6.00,      6.00,      6.00,0,0,0,1,1,1
H5,152,2018,100840,      6.00,      6.00,      6.00,      6.00,0,0,0,1,1,1
H5,152,2018,100850,     12.00,      6.00,      6.00,      6.00,0,0,0,2,2,2
H5,152,2018,100860,      6.00,      6.00,      6.00,      6.00,0,0,0,1,1,1
H5,152,2018,100890,      6.00,      6.00,      6.00,      6.00,0,0,0,1,1,1
H5,152,2018,110100,      6.00,      6.00,      6.00,      6.00,0,0,0,1,1,1
H5,152,2018,110220,      6.00,      6.00,      6.00,      6.00,0,0,0,1,1,1
H5,152,2018,110290,      6.00,      6.00,      6.00,      6.00,0,0,0,1,1,1
H5,152,2018,110311,      6.00,      6.00,      6.00,      6.00,0,0,0,1,1,1
H5,152,2018,110313,      6.00,      6.00,      6.00,      6.00,0,0,0,1,1,1
H5,152,2018,110319,      6.00,      6.00,      6.00,      6.00,0,0,0,1,1,1
H5,152,2018,110320,      6.00,      6.00,      6.00,      6.00,0,0,0,1,1,1
H5,152,2018,110412,      6.00,      6.00,      6.00,      6.00,0,0,0,1,1,1
H5,152,2018,110419,      6.00,      6.00,      6.00,      6.00,0,0,0,1,1,1
H5,152,2018,110422,     12.00,      6.00,      6.00,      6.00,0,0,0,2,2,2
H5,152,2018,110423,      6.00,      6.00,      6.00,      6.00,0,0,0,1,1,1
H5,152,2018,110429,      6.00,      6.00,      6.00,      6.00,0,0,0,1,1,1
H5,152,2018,110430,      6.00,      6.00,      6.00,      6.00,0,0,0,1,1,1
H5,152,2018,110510,      6.00,      6.00,      6.00,      6.00,0,0,0,1,1,1
H5,152,2018,110520,      6.00,      6.00,      6.00,      6.00,0,0,0,1,1,1
H5,152,2018,110610,      6.00,      6.00,      6.00,      6.00,0,0,0,1,1,1
H5,152,2018,110620,      6.00,      6.00,      6.00,      6.00,0,0,0,1,1,1
H5,152,2018,110630,      6.00,      6.00,      6.00,      6.00,0,0,0,1,1,1
H5,152,2018,110710,      6.00,      6.00,      6.00,      6.00,0,0,0,1,1,1
H5,152,2018,110720,      6.00,      6.00,      6.00,      6.00,0,0,0,1,1,1
H5,152,2018,110811,      6.00,      6.00,      6.00,      6.00,0,0,0,1,1,1
H5,152,2018,110812,      6.00,      6.00,      6.00,      6.00,0,0,0,1,1,1
H5,152,2018,110813,      6.00,      6.00,      6.00,      6.00,0,0,0,1,1,1
H5,152,2018,110814,      6.00,      6.00,      6.00,      6.00,0,0,0,1,1,1
H5,152,2018,110819,      6.00,      6.00,      6.00,      6.00,0,0,0,1,1,1
H5,152,2018,110820,      6.00,      6.00,      6.00,      6.00,0,0,0,1,1,1
H5,152,2018,110900,      6.00,      6.00,      6.00,      6.00,0,0,0,1,1,1
H5,152,2018,120110,      6.00,      6.00,      6.00,      6.00,0,0,0,1,1,1
H5,152,2018,120190,      6.00,      6.00,      6.00,      6.00,0,0,0,1,1,1
H5,152,2018,120230,      6.00,      6.00,      6.00,      6.00,0,0,0,1,1,1
H5,152,2018,120241,      6.00,      6.00,      6.00,      6.00,0,0,0,1,1,1
H5,152,2018,120242,      6.00,      6.00,      6.00,      6.00,0,0,0,1,1,1
H5,152,2018,120300,      6.00,      6.00,      6.00,      6.00,0,0,0,1,1,1
H5,152,2018,120400,     12.00,      6.00,      6.00,      6.00,0,0,0,2,2,2
H5,152,2018,120510,     12.00,      6.00,      6.00,      6.00,0,0,0,2,2,2
H5,152,2018,120590,     12.00,      6.00,      6.00,      6.00,0,0,0,2,2,2
H5,152,2018,120600,     12.00,      6.00,      6.00,      6.00,0,0,0,2,2,2
H5,152,2018,120710,      6.00,      6.00,      6.00,      6.00,0,0,0,1,1,1
H5,152,2018,120721,      6.00,      6.00,      6.00,      6.00,0,0,0,1,1,1
H5,152,2018,120729,      6.00,      6.00,      6.00,      6.00,0,0,0,1,1,1
H5,152,2018,120730,     12.00,      6.00,      6.00,      6.00,0,0,0,2,2,2
H5,152,2018,120740,     12.00,      6.00,      6.00,      6.00,0,0,0,2,2,2
H5,152,2018,120750,     12.00,      6.00,      6.00,      6.00,0,0,0,2,2,2
H5,152,2018,120760,     12.00,      6.00,      6.00,      6.00,0,0,0,2,2,2
H5,152,2018,120770,     12.00,      6.00,      6.00,      6.00,0,0,0,2,2,2
H5,152,2018,120791,     12.00,      6.00,      6.00,      6.00,0,0,0,2,2,2
H5,152,2018,120799,      6.00,      6.00,      6.00,      6.00,0,0,0,1,1,1
H5,152,2018,120810,      6.00,      6.00,      6.00,      6.00,0,0,0,1,1,1
H5,152,2018,120890,      6.00,      6.00,      6.00,      6.00,0,0,0,1,1,1
H5,152,2018,120910,      6.00,      6.00,      6.00,      6.00,0,0,0,1,1,1
H5,152,2018,120921,      6.00,      6.00,      6.00,      6.00,0,0,0,1,1,1
H5,152,2018,120922,     24.00,      6.00,      6.00,      6.00,0,0,0,4,4,4
H5,152,2018,120923,      6.00,      6.00,      6.00,      6.00,0,0,0,1,1,1
H5,152,2018,120924,      6.00,      6.00,      6.00,      6.00,0,0,0,1,1,1
H5,152,2018,120925,      6.00,      6.00,      6.00,      6.00,0,0,0,1,1,1
H5,152,2018,120929,     30.00,      6.00,      6.00,      6.00,0,0,0,5,5,5
H5,152,2018,120930,     12.00,      6.00,      6.00,      6.00,0,0,0,2,2,2
H5,152,2018,120991,    264.00,      6.00,      6.00,      6.00,0,0,0,44,44,44
H5,152,2018,120999,     18.00,      6.00,      6.00,      6.00,0,0,0,3,3,3
H5,152,2018,121010,      6.00,      6.00,      6.00,      6.00,0,0,0,1,1,1
H5,152,2018,121020,      6.00,      6.00,      6.00,      6.00,0,0,0,1,1,1
H5,152,2018,121120,      6.00,      6.00,      6.00,      6.00,0,0,0,1,1,1
H5,152,2018,121130,      6.00,      6.00,      6.00,      6.00,0,0,0,1,1,1
H5,152,2018,121140,      6.00,      6.00,      6.00,      6.00,0,0,0,1,1,1
H5,152,2018,121150,      6.00,      6.00,      6.00,      6.00,0,0,0,1,1,1
H5,152,2018,121190,    114.00,      6.00,      6.00,      6.00,0,0,0,19,19,19
H5,152,2018,121221,     48.00,      6.00,      6.00,      6.00,0,0,0,8,8,8
H5,152,2018,121229,     48.00,      6.00,      6.00,      6.00,0,0,0,8,8,8
H5,152,2018,121291,      6.00,      6.00,      6.00,      6.00,0,0,0,1,1,1
H5,152,2018,121292,      6.00,      6.00,      6.00,      6.00,0,0,0,1,1,1
H5,152,2018,121293,      6.00,      6.00,      6.00,      6.00,0,0,0,1,1,1
H5,152,2018,121294,      6.00,      6.00,      6.00,      6.00,0,0,0,1,1,1
H5,152,2018,121299,      6.00,      6.00,      6.00,      6.00,0,0,0,1,1,1
H5,152,2018,121300,      6.00,      6.00,      6.00,      6.00,0,0,0,1,1,1
H5,152,2018,121410,      6.00,      6.00,      6.00,      6.00,0,0,0,1,1,1
H5,152,2018,121490,     12.00,      6.00,      6.00,      6.00,0,0,0,2,2,2
H5,152,2018,130120,      6.00,      6.00,      6.00,      6.00,0,0,0,1,1,1
H5,152,2018,130190,      6.00,      6.00,      6.00,      6.00,0,0,0,1,1,1
H5,152,2018,130211,      6.00,      6.00,      6.00,      6.00,0,0,0,1,1,1
H5,152,2018,130212,      6.00,      6.00,      6.00,      6.00,0,0,0,1,1,1
H5,152,2018,130213,      6.00,      6.00,      6.00,      6.00,0,0,0,1,1,1
H5,152,2018,130214,      6.00,      6.00,      6.00,      6.00,0,0,0,1,1,1
H5,152,2018,130219,     12.00,      6.00,      6.00,      6.00,0,0,0,2,2,2
H5,152,2018,130220,      6.00,      6.00,      6.00,      6.00,0,0,0,1,1,1
H5,152,2018,130231,      6.00,      6.00,      6.00,      6.00,0,0,0,1,1,1
H5,152,2018,130232,      6.00,      6.00,      6.00,      6.00,0,0,0,1,1,1
H5,152,2018,130239,     12.00,      6.00,      6.00,      6.00,0,0,0,2,2,2
H5,152,2018,140110,      6.00,      6.00,      6.00,      6.00,0,0,0,1,1,1
H5,152,2018,140120,      6.00,      6.00,      6.00,      6.00,0,0,0,1,1,1
H5,152,2018,140190,      6.00,      6.00,      6.00,      6.00,0,0,0,1,1,1
H5,152,2018,140420,      6.00,      6.00,      6.00,      6.00,0,0,0,1,1,1
H5,152,2018,140490,     30.00,      6.00,      6.00,      6.00,0,0,0,5,5,5
H5,152,2018,150110,      6.00,      6.00,      6.00,      6.00,0,0,0,1,1,1
H5,152,2018,150120,      6.00,      6.00,      6.00,      6.00,0,0,0,1,1,1
H5,152,2018,150190,      6.00,      6.00,      6.00,      6.00,0,0,0,1,1,1
H5,152,2018,150210,     12.00,      6.00,      6.00,      6.00,0,0,0,2,2,2
H5,152,2018,150290,      6.00,      6.00,      6.00,      6.00,0,0,0,1,1,1
H5,152,2018,150300,      6.00,      6.00,      6.00,      6.00,0,0,0,1,1,1
H5,152,2018,150410,      6.00,      6.00,      6.00,      6.00,0,0,0,1,1,1
H5,152,2018,150420,     18.00,      6.00,      6.00,      6.00,0,0,0,3,3,3
H5,152,2018,150430,      6.00,      6.00,      6.00,      6.00,0,0,0,1,1,1
H5,152,2018,150500,      6.00,      6.00,      6.00,      6.00,0,0,0,1,1,1
H5,152,2018,150600,      6.00,      6.00,      6.00,      6.00,0,0,0,1,1,1
H5,152,2018,150710,      6.00,      6.00,      6.00,      6.00,0,0,0,1,1,1
H5,152,2018,150790,     12.00,      6.00,      6.00,      6.00,0,0,0,2,2,2
H5,152,2018,150810,      6.00,      6.00,      6.00,      6.00,0,0,0,1,1,1
H5,152,2018,150890,      6.00,      6.00,      6.00,      6.00,0,0,0,1,1,1
H5,152,2018,150910,     24.00,      6.00,      6.00,      6.00,0,0,0,4,4,4
H5,152,2018,150990,     12.00,      6.00,      6.00,      6.00,0,0,0,2,2,2
H5,152,2018,151000,      6.00,      6.00,      6.00,      6.00,0,0,0,1,1,1
H5,152,2018,151110,      6.00,      6.00,      6.00,      6.00,0,0,0,1,1,1
H5,152,2018,151190,      6.00,      6.00,      6.00,      6.00,0,0,0,1,1,1
H5,152,2018,151211,     12.00,      6.00,      6.00,      6.00,0,0,0,2,2,2
H5,152,2018,151219,     18.00,      6.00,      6.00,      6.00,0,0,0,3,3,3
H5,152,2018,151221,      6.00,      6.00,      6.00,      6.00,0,0,0,1,1,1
H5,152,2018,151229,      6.00,      6.00,      6.00,      6.00,0,0,0,1,1,1
H5,152,2018,151311,      6.00,      6.00,      6.00,      6.00,0,0,0,1,1,1
H5,152,2018,151319,      6.00,      6.00,      6.00,      6.00,0,0,0,1,1,1
H5,152,2018,151321,      6.00,      6.00,      6.00,      6.00,0,0,0,1,1,1
H5,152,2018,151329,      6.00,      6.00,      6.00,      6.00,0,0,0,1,1,1
H5,152,2018,151411,      6.00,      6.00,      6.00,      6.00,0,0,0,1,1,1
H5,152,2018,151419,      6.00,      6.00,      6.00,      6.00,0,0,0,1,1,1
H5,152,2018,151491,      6.00,      6.00,      6.00,      6.00,0,0,0,1,1,1
H5,152,2018,151499,      6.00,      6.00,      6.00,      6.00,0,0,0,1,1,1
H5,152,2018,151511,      6.00,      6.00,      6.00,      6.00,0,0,0,1,1,1
H5,152,2018,151519,      6.00,      6.00,      6.00,      6.00,0,0,0,1,1,1
H5,152,2018,151521,      6.00,      6.00,      6.00,      6.00,0,0,0,1,1,1
H5,152,2018,151529,      6.00,      6.00,      6.00,      6.00,0,0,0,1,1,1
H5,152,2018,151530,      6.00,      6.00,      6.00,      6.00,0,0,0,1,1,1
H5,152,2018,151550,      6.00,      6.00,      6.00,      6.00,0,0,0,1,1,1
H5,152,2018,151590,     42.00,      6.00,      6.00,      6.00,0,0,0,7,7,7
H5,152,2018,151610,     18.00,      6.00,      6.00,      6.00,0,0,0,3,3,3
H5,152,2018,151620,      6.00,      6.00,      6.00,      6.00,0,0,0,1,1,1
H5,152,2018,151710,     12.00,      6.00,      6.00,      6.00,0,0,0,2,2,2
H5,152,2018,151790,     18.00,      6.00,      6.00,      6.00,0,0,0,3,3,3
H5,152,2018,151800,      6.00,      6.00,      6.00,      6.00,0,0,0,1,1,1
H5,152,2018,152000,      6.00,      6.00,      6.00,      6.00,0,0,0,1,1,1
H5,152,2018,152110,      6.00,      6.00,      6.00,      6.00,0,0,0,1,1,1
H5,152,2018,152190,     18.00,      6.00,      6.00,      6.00,0,0,0,3,3,3
H5,152,2018,152200,      6.00,      6.00,      6.00,      6.00,0,0,0,1,1,1
H5,152,2018,160100,      6.00,      6.00,      6.00,      6.00,0,0,0,1,1,1
H5,152,2018,160210,      6.00,      6.00,      6.00,      6.00,0,0,0,1,1,1
H5,152,2018,160220,      6.00,      6.00,      6.00,      6.00,0,0,0,1,1,1
H5,152,2018,160231,     24.00,      6.00,      6.00,      6.00,0,0,0,4,4,4
H5,152,2018,160232,     24.00,      6.00,      6.00,      6.00,0,0,0,4,4,4
H5,152,2018,160239,      6.00,      6.00,      6.00,      6.00,0,0,0,1,1,1
H5,152,2018,160241,      6.00,      6.00,      6.00,      6.00,0,0,0,1,1,1
H5,152,2018,160242,      6.00,      6.00,      6.00,      6.00,0,0,0,1,1,1
H5,152,2018,160249,      6.00,      6.00,      6.00,      6.00,0,0,0,1,1,1
H5,152,2018,160250,      6.00,      6.00,      6.00,      6.00,0,0,0,1,1,1
H5,152,2018,160290,     48.00,      6.00,      6.00,      6.00,0,0,0,8,8,8
H5,152,2018,160300,      6.00,      6.00,      6.00,      6.00,0,0,0,1,1,1
H5,152,2018,160411,     12.00,      6.00,      6.00,      6.00,0,0,0,2,2,2
H5,152,2018,160412,      6.00,      6.00,      6.00,      6.00,0,0,0,1,1,1
H5,152,2018,160413,     24.00,      6.00,      6.00,      6.00,0,0,0,4,4,4
H5,152,2018,160414,     18.00,      6.00,      6.00,      6.00,0,0,0,3,3,3
H5,152,2018,160415,      6.00,      6.00,      6.00,      6.00,0,0,0,1,1,1
H5,152,2018,160416,     12.00,      6.00,      6.00,      6.00,0,0,0,2,2,2
H5,152,2018,160417,      6.00,      6.00,      6.00,      6.00,0,0,0,1,1,1
H5,152,2018,160418,      6.00,      6.00,      6.00,      6.00,0,0,0,1,1,1
H5,152,2018,160419,     48.00,      6.00,      6.00,      6.00,0,0,0,8,8,8
H5,152,2018,160420,     48.00,      6.00,      6.00,      6.00,0,0,0,8,8,8
H5,152,2018,160431,      6.00,      6.00,      6.00,      6.00,0,0,0,1,1,1
H5,152,2018,160432,      6.00,      6.00,      6.00,      6.00,0,0,0,1,1,1
H5,152,2018,160510,     78.00,      6.00,      6.00,      6.00,0,0,0,13,13,13
H5,152,2018,160521,    108.00,      6.00,      6.00,      6.00,0,0,0,18,18,18
H5,152,2018,160529,     60.00,      6.00,      6.00,      6.00,0,0,0,10,10,10
H5,152,2018,160530,      6.00,      6.00,      6.00,      6.00,0,0,0,1,1,1
H5,152,2018,160540,      6.00,      6.00,      6.00,      6.00,0,0,0,1,1,1
H5,152,2018,160551,      6.00,      6.00,      6.00,      6.00,0,0,0,1,1,1
H5,152,2018,160552,     12.00,      6.00,      6.00,      6.00,0,0,0,2,2,2
H5,152,2018,160553,      6.00,      6.00,      6.00,      6.00,0,0,0,1,1,1
H5,152,2018,160554,     12.00,      6.00,      6.00,      6.00,0,0,0,2,2,2
H5,152,2018,160555,      6.00,      6.00,      6.00,      6.00,0,0,0,1,1,1
H5,152,2018,160556,     24.00,      6.00,      6.00,      6.00,0,0,0,4,4,4
H5,152,2018,160557,     12.00,      6.00,      6.00,      6.00,0,0,0,2,2,2
H5,152,2018,160558,      6.00,      6.00,      6.00,      6.00,0,0,0,1,1,1
H5,152,2018,160559,     72.00,      6.00,      6.00,      6.00,0,0,0,12,12,12
H5,152,2018,160561,      6.00,      6.00,      6.00,      6.00,0,0,0,1,1,1
H5,152,2018,160562,      6.00,      6.00,      6.00,      6.00,0,0,0,1,1,1
H5,152,2018,160563,      6.00,      6.00,      6.00,      6.00,0,0,0,1,1,1
H5,152,2018,160569,      6.00,      6.00,      6.00,      6.00,0,0,0,1,1,1
H5,152,2018,170112,      6.00,      6.00,      6.00,      6.00,0,0,0,1,1,1
H5,152,2018,170113,      6.00,      6.00,      6.00,      6.00,0,0,0,1,1,1
H5,152,2018,170114,      6.00,      6.00,      6.00,      6.00,0,0,0,1,1,1
H5,152,2018,170191,      6.00,      6.00,      6.00,      6.00,0,0,0,1,1,1
H5,152,2018,170199,     18.00,      6.00,      6.00,      6.00,0,0,0,3,3,3
H5,152,2018,170211,      6.00,      6.00,      6.00,      6.00,0,0,0,1,1,1
H5,152,2018,170219,      6.00,      6.00,      6.00,      6.00,0,0,0,1,1,1
H5,152,2018,170220,      6.00,      6.00,      6.00,      6.00,0,0,0,1,1,1
H5,152,2018,170230,      6.00,      6.00,      6.00,      6.00,0,0,0,1,1,1
H5,152,2018,170240,      6.00,      6.00,      6.00,      6.00,0,0,0,1,1,1
H5,152,2018,170250,      6.00,      6.00,      6.00,      6.00,0,0,0,1,1,1
H5,152,2018,170260,     18.00,      6.00,      6.00,      6.00,0,0,0,3,3,3
H5,152,2018,170290,     18.00,      6.00,      6.00,      6.00,0,0,0,3,3,3
H5,152,2018,170310,      6.00,      6.00,      6.00,      6.00,0,0,0,1,1,1
H5,152,2018,170390,      6.00,      6.00,      6.00,      6.00,0,0,0,1,1,1
H5,152,2018,170410,     12.00,      6.00,      6.00,      6.00,0,0,0,2,2,2
H5,152,2018,170490,     42.00,      6.00,      6.00,      6.00,0,0,0,7,7,7
H5,152,2018,180100,      6.00,      6.00,      6.00,      6.00,0,0,0,1,1,1
H5,152,2018,180200,      6.00,      6.00,      6.00,      6.00,0,0,0,1,1,1
H5,152,2018,180310,      6.00,      6.00,      6.00,      6.00,0,0,0,1,1,1
H5,152,2018,180320,      6.00,      6.00,      6.00,      6.00,0,0,0,1,1,1
H5,152,2018,180400,      6.00,      6.00,      6.00,      6.00,0,0,0,1,1,1
H5,152,2018,180500,      6.00,      6.00,      6.00,      6.00,0,0,0,1,1,1
H5,152,2018,180610,     12.00,      6.00,      6.00,      6.00,0,0,0,2,2,2
H5,152,2018,180620,     12.00,      6.00,      6.00,      6.00,0,0,0,2,2,2
H5,152,2018,180631,      6.00,      6.00,      6.00,      6.00,0,0,0,1,1,1
H5,152,2018,180632,     12.00,      6.00,      6.00,      6.00,0,0,0,2,2,2
H5,152,2018,180690,      6.00,      6.00,      6.00,      6.00,0,0,0,1,1,1
H5,152,2018,190110,     12.00,      6.00,      6.00,      6.00,0,0,0,2,2,2
H5,152,2018,190120,     12.00,      6.00,      6.00,      6.00,0,0,0,2,2,2
H5,152,2018,190190,     18.00,      6.00,      6.00,      6.00,0,0,0,3,3,3
H5,152,2018,190211,      6.00,      6.00,      6.00,      6.00,0,0,0,1,1,1
H5,152,2018,190219,     18.00,      6.00,      6.00,      6.00,0,0,0,3,3,3
H5,152,2018,190220,     12.00,      6.00,      6.00,      6.00,0,0,0,2,2,2
H5,152,2018,190230,      6.00,      6.00,      6.00,      6.00,0,0,0,1,1,1
H5,152,2018,190240,      6.00,      6.00,      6.00,      6.00,0,0,0,1,1,1
H5,152,2018,190300,      6.00,      6.00,      6.00,      6.00,0,0,0,1,1,1
H5,152,2018,190410,      6.00,      6.00,      6.00,      6.00,0,0,0,1,1,1
H5,152,2018,190420,      6.00,      6.00,      6.00,      6.00,0,0,0,1,1,1
H5,152,2018,190430,      6.00,      6.00,      6.00,      6.00,0,0,0,1,1,1
H5,152,2018,190490,      6.00,      6.00,      6.00,      6.00,0,0,0,1,1,1
H5,152,2018,190510,      6.00,      6.00,      6.00,      6.00,0,0,0,1,1,1
H5,152,2018,190520,      6.00,      6.00,      6.00,      6.00,0,0,0,1,1,1
H5,152,2018,190531,      6.00,      6.00,      6.00,      6.00,0,0,0,1,1,1
H5,152,2018,190532,      6.00,      6.00,      6.00,      6.00,0,0,0,1,1,1
H5,152,2018,190540,      6.00,      6.00,      6.00,      6.00,0,0,0,1,1,1
H5,152,2018,190590,     24.00,      6.00,      6.00,      6.00,0,0,0,4,4,4
H5,152,2018,200110,      6.00,      6.00,      6.00,      6.00,0,0,0,1,1,1
H5,152,2018,200190,     24.00,      6.00,      6.00,      6.00,0,0,0,4,4,4
H5,152,2018,200210,      6.00,      6.00,      6.00,      6.00,0,0,0,1,1,1
H5,152,2018,200290,     18.00,      6.00,      6.00,      6.00,0,0,0,3,3,3
H5,152,2018,200310,     12.00,      6.00,      6.00,      6.00,0,0,0,2,2,2
H5,152,2018,200390,     12.00,      6.00,      6.00,      6.00,0,0,0,2,2,2
H5,152,2018,200410,      6.00,      6.00,      6.00,      6.00,0,0,0,1,1,1
H5,152,2018,200490,     12.00,      6.00,      6.00,      6.00,0,0,0,2,2,2
H5,152,2018,200510,      6.00,      6.00,      6.00,      6.00,0,0,0,1,1,1
H5,152,2018,200520,      6.00,      6.00,      6.00,      6.00,0,0,0,1,1,1
H5,152,2018,200540,      6.00,      6.00,      6.00,      6.00,0,0,0,1,1,1
H5,152,2018,200551,      6.00,      6.00,      6.00,      6.00,0,0,0,1,1,1
H5,152,2018,200559,      6.00,      6.00,      6.00,      6.00,0,0,0,1,1,1
H5,152,2018,200560,      6.00,      6.00,      6.00,      6.00,0,0,0,1,1,1
H5,152,2018,200570,      6.00,      6.00,      6.00,      6.00,0,0,0,1,1,1
H5,152,2018,200580,      6.00,      6.00,      6.00,      6.00,0,0,0,1,1,1
H5,152,2018,200591,      6.00,      6.00,      6.00,      6.00,0,0,0,1,1,1
H5,152,2018,200599,     12.00,      6.00,      6.00,      6.00,0,0,0,2,2,2
H5,152,2018,200600,     18.00,      6.00,      6.00,      6.00,0,0,0,3,3,3
H5,152,2018,200710,      6.00,      6.00,      6.00,      6.00,0,0,0,1,1,1
H5,152,2018,200791,      6.00,      6.00,      6.00,      6.00,0,0,0,1,1,1
H5,152,2018,200799,     84.00,      6.00,      6.00,      6.00,0,0,0,14,14,14
H5,152,2018,200811,     12.00,      6.00,      6.00,      6.00,0,0,0,2,2,2
H5,152,2018,200819,      6.00,      6.00,      6.00,      6.00,0,0,0,1,1,1
H5,152,2018,200820,     24.00,      6.00,      6.00,      6.00,0,0,0,4,4,4
H5,152,2018,200830,      6.00,      6.00,      6.00,      6.00,0,0,0,1,1,1
H5,152,2018,200840,      6.00,      6.00,      6.00,      6.00,0,0,0,1,1,1
H5,152,2018,200850,      6.00,      6.00,      6.00,      6.00,0,0,0,1,1,1
H5,152,2018,200860,     18.00,      6.00,      6.00,      6.00,0,0,0,3,3,3
H5,152,2018,200870,     18.00,      6.00,      6.00,      6.00,0,0,0,3,3,3
H5,152,2018,200880,      6.00,      6.00,      6.00,      6.00,0,0,0,1,1,1
H5,152,2018,200891,      6.00,      6.00,      6.00,      6.00,0,0,0,1,1,1
H5,152,2018,200893,      6.00,      6.00,      6.00,      6.00,0,0,0,1,1,1
H5,152,2018,200897,      6.00,      6.00,      6.00,      6.00,0,0,0,1,1,1
H5,152,2018,200899,     24.00,      6.00,      6.00,      6.00,0,0,0,4,4,4
H5,152,2018,200911,      6.00,      6.00,      6.00,      6.00,0,0,0,1,1,1
H5,152,2018,200912,      6.00,      6.00,      6.00,      6.00,0,0,0,1,1,1
H5,152,2018,200919,      6.00,      6.00,      6.00,      6.00,0,0,0,1,1,1
H5,152,2018,200921,      6.00,      6.00,      6.00,      6.00,0,0,0,1,1,1
H5,152,2018,200929,      6.00,      6.00,      6.00,      6.00,0,0,0,1,1,1
H5,152,2018,200931,      6.00,      6.00,      6.00,      6.00,0,0,0,1,1,1
H5,152,2018,200939,      6.00,      6.00,      6.00,      6.00,0,0,0,1,1,1
H5,152,2018,200941,      6.00,      6.00,      6.00,      6.00,0,0,0,1,1,1
H5,152,2018,200949,      6.00,      6.00,      6.00,      6.00,0,0,0,1,1,1
H5,152,2018,200950,      6.00,      6.00,      6.00,      6.00,0,0,0,1,1,1
H5,152,2018,200961,      6.00,      6.00,      6.00,      6.00,0,0,0,1,1,1
H5,152,2018,200969,     12.00,      6.00,      6.00,      6.00,0,0,0,2,2,2
H5,152,2018,200971,      6.00,      6.00,      6.00,      6.00,0,0,0,1,1,1
H5,152,2018,200979,     18.00,      6.00,      6.00,      6.00,0,0,0,3,3,3
H5,152,2018,200981,      6.00,      6.00,      6.00,      6.00,0,0,0,1,1,1
H5,152,2018,200989,     48.00,      6.00,      6.00,      6.00,0,0,0,8,8,8
H5,152,2018,200990,      6.00,      6.00,      6.00,      6.00,0,0,0,1,1,1
H5,152,2018,210111,     24.00,      6.00,      6.00,      6.00,0,0,0,4,4,4
H5,152,2018,210112,      6.00,      6.00,      6.00,      6.00,0,0,0,1,1,1
H5,152,2018,210120,     12.00,      6.00,      6.00,      6.00,0,0,0,2,2,2
H5,152,2018,210130,      6.00,      6.00,      6.00,      6.00,0,0,0,1,1,1
H5,152,2018,210210,      6.00,      6.00,      6.00,      6.00,0,0,0,1,1,1
H5,152,2018,210220,      6.00,      6.00,      6.00,      6.00,0,0,0,1,1,1
H5,152,2018,210230,      6.00,      6.00,      6.00,      6.00,0,0,0,1,1,1
H5,152,2018,210310,      6.00,      6.00,      6.00,      6.00,0,0,0,1,1,1
H5,152,2018,210320,     12.00,      6.00,      6.00,      6.00,0,0,0,2,2,2
H5,152,2018,210330,      6.00,      6.00,      6.00,      6.00,0,0,0,1,1,1
H5,152,2018,210390,     18.00,      6.00,      6.00,      6.00,0,0,0,3,3,3
H5,152,2018,210410,     18.00,      6.00,      6.00,      6.00,0,0,0,3,3,3
H5,152,2018,210420,     12.00,      6.00,      6.00,      6.00,0,0,0,2,2,2
H5,152,2018,210500,     18.00,      6.00,      6.00,      6.00,0,0,0,3,3,3
H5,152,2018,210610,     12.00,      6.00,      6.00,      6.00,0,0,0,2,2,2
H5,152,2018,210690,     18.00,      6.00,      6.00,      6.00,0,0,0,3,3,3
H5,152,2018,220110,      6.00,      6.00,      6.00,      6.00,0,0,0,1,1,1
H5,152,2018,220190,      6.00,      6.00,      6.00,      6.00,0,0,0,1,1,1
H5,152,2018,220210,      6.00,      6.00,      6.00,      6.00,0,0,0,1,1,1
H5,152,2018,220291,      6.00,      6.00,      6.00,      6.00,0,0,0,1,1,1
H5,152,2018,220299,     42.00,      6.00,      6.00,      6.00,0,0,0,7,7,7
H5,152,2018,220300,      6.00,      6.00,      6.00,      6.00,0,0,0,1,1,1
H5,152,2018,220410,      6.00,      6.00,      6.00,      6.00,0,0,0,1,1,1
H5,152,2018,220421,    192.00,      6.00,      6.00,      6.00,0,0,0,32,32,32
H5,152,2018,220422,      6.00,      6.00,      6.00,      6.00,0,0,0,1,1,1
H5,152,2018,220429,     36.00,      6.00,      6.00,      6.00,0,0,0,6,6,6
H5,152,2018,220430,     30.00,      6.00,      6.00,      6.00,0,0,0,5,5,5
H5,152,2018,220510,     12.00,      6.00,      6.00,      6.00,0,0,0,2,2,2
H5,152,2018,220590,      6.00,      6.00,      6.00,      6.00,0,0,0,1,1,1
H5,152,2018,220600,      6.00,      6.00,      6.00,      6.00,0,0,0,1,1,1
H5,152,2018,220710,      6.00,      6.00,      6.00,      6.00,0,0,0,1,1,1
H5,152,2018,220720,      6.00,      6.00,      6.00,      6.00,0,0,0,1,1,1
H5,152,2018,220820,     12.00,      6.00,      6.00,      6.00,0,0,0,2,2,2
H5,152,2018,220830,     18.00,      6.00,      6.00,      6.00,0,0,0,3,3,3
H5,152,2018,220840,     12.00,      6.00,      6.00,      6.00,0,0,0,2,2,2
H5,152,2018,220850,     12.00,      6.00,      6.00,      6.00,0,0,0,2,2,2
H5,152,2018,220860,      6.00,      6.00,      6.00,      6.00,0,0,0,1,1,1
H5,152,2018,220870,      6.00,      6.00,      6.00,      6.00,0,0,0,1,1,1
H5,152,2018,220890,     12.00,      6.00,      6.00,      6.00,0,0,0,2,2,2
H5,152,2018,220900,      6.00,      6.00,      6.00,      6.00,0,0,0,1,1,1
H5,152,2018,230110,     24.00,      6.00,      6.00,      6.00,0,0,0,4,4,4
H5,152,2018,230120,     42.00,      6.00,      6.00,      6.00,0,0,0,7,7,7
H5,152,2018,230210,     12.00,      6.00,      6.00,      6.00,0,0,0,2,2,2
H5,152,2018,230230,      6.00,      6.00,      6.00,      6.00,0,0,0,1,1,1
H5,152,2018,230240,      6.00,      6.00,      6.00,      6.00,0,0,0,1,1,1
H5,152,2018,230250,      6.00,      6.00,      6.00,      6.00,0,0,0,1,1,1
H5,152,2018,230310,      6.00,      6.00,      6.00,      6.00,0,0,0,1,1,1
H5,152,2018,230320,     12.00,      6.00,      6.00,      6.00,0,0,0,2,2,2
H5,152,2018,230330,      6.00,      6.00,      6.00,      6.00,0,0,0,1,1,1
H5,152,2018,230400,     24.00,      6.00,      6.00,      6.00,0,0,0,4,4,4
H5,152,2018,230500,      6.00,      6.00,      6.00,      6.00,0,0,0,1,1,1
H5,152,2018,230610,      6.00,      6.00,      6.00,      6.00,0,0,0,1,1,1
H5,152,2018,230620,      6.00,      6.00,      6.00,      6.00,0,0,0,1,1,1
H5,152,2018,230630,     24.00,      6.00,      6.00,      6.00,0,0,0,4,4,4
H5,152,2018,230641,      6.00,      6.00,      6.00,      6.00,0,0,0,1,1,1
H5,152,2018,230649,      6.00,      6.00,      6.00,      6.00,0,0,0,1,1,1
H5,152,2018,230650,      6.00,      6.00,      6.00,      6.00,0,0,0,1,1,1
H5,152,2018,230660,      6.00,      6.00,      6.00,      6.00,0,0,0,1,1,1
H5,152,2018,230690,      6.00,      6.00,      6.00,      6.00,0,0,0,1,1,1
H5,152,2018,230700,      6.00,      6.00,      6.00,      6.00,0,0,0,1,1,1
H5,152,2018,230800,      6.00,      6.00,      6.00,      6.00,0,0,0,1,1,1
H5,152,2018,230910,     30.00,      6.00,      6.00,      6.00,0,0,0,5,5,5
H5,152,2018,230990,     42.00,      6.00,      6.00,      6.00,0,0,0,7,7,7
H5,152,2018,240110,     18.00,      6.00,      6.00,      6.00,0,0,0,3,3,3
H5,152,2018,240120,     18.00,      6.00,      6.00,      6.00,0,0,0,3,3,3
H5,152,2018,240130,      6.00,      6.00,      6.00,      6.00,0,0,0,1,1,1
H5,152,2018,240210,      6.00,      6.00,      6.00,      6.00,0,0,0,1,1,1
H5,152,2018,240220,      6.00,      6.00,      6.00,      6.00,0,0,0,1,1,1
H5,152,2018,240290,      6.00,      6.00,      6.00,      6.00,0,0,0,1,1,1
H5,152,2018,240311,      6.00,      6.00,      6.00,      6.00,0,0,0,1,1,1
H5,152,2018,240319,      6.00,      6.00,      6.00,      6.00,0,0,0,1,1,1
H5,152,2018,240391,     12.00,      6.00,      6.00,      6.00,0,0,0,2,2,2
H5,152,2018,240399,      6.00,      6.00,      6.00,      6.00,0,0,0,1,1,1
H5,152,2018,250100,     24.00,      6.00,      6.00,      6.00,0,0,0,4,4,4
H5,152,2018,250200,      6.00,      6.00,      6.00,      6.00,0,0,0,1,1,1
H5,152,2018,250300,      6.00,      6.00,      6.00,      6.00,0,0,0,1,1,1
H5,152,2018,250410,      6.00,      6.00,      6.00,      6.00,0,0,0,1,1,1
H5,152,2018,250490,      6.00,      6.00,      6.00,      6.00,0,0,0,1,1,1
H5,152,2018,250510,      6.00,      6.00,      6.00,      6.00,0,0,0,1,1,1
H5,152,2018,250590,      6.00,      6.00,      6.00,      6.00,0,0,0,1,1,1
H5,152,2018,250610,      6.00,      6.00,      6.00,      6.00,0,0,0,1,1,1
H5,152,2018,250620,      6.00,      6.00,      6.00,      6.00,0,0,0,1,1,1
H5,152,2018,250700,      6.00,      6.00,      6.00,      6.00,0,0,0,1,1,1
H5,152,2018,250810,      6.00,      6.00,      6.00,      6.00,0,0,0,1,1,1
H5,152,2018,250830,      6.00,      6.00,      6.00,      6.00,0,0,0,1,1,1
H5,152,2018,250840,      6.00,      6.00,      6.00,      6.00,0,0,0,1,1,1
H5,152,2018,250850,      6.00,      6.00,      6.00,      6.00,0,0,0,1,1,1
H5,152,2018,250860,      6.00,      6.00,      6.00,      6.00,0,0,0,1,1,1
H5,152,2018,250870,      6.00,      6.00,      6.00,      6.00,0,0,0,1,1,1
H5,152,2018,250900,      6.00,      6.00,      6.00,      6.00,0,0,0,1,1,1
H5,152,2018,251010,      6.00,      6.00,      6.00,      6.00,0,0,0,1,1,1
H5,152,2018,251020,      6.00,      6.00,      6.00,      6.00,0,0,0,1,1,1
H5,152,2018,251110,      6.00,      6.00,      6.00,      6.00,0,0,0,1,1,1
H5,152,2018,251120,      6.00,      6.00,      6.00,      6.00,0,0,0,1,1,1
H5,152,2018,251200,      6.00,      6.00,      6.00,      6.00,0,0,0,1,1,1
H5,152,2018,251310,      6.00,      6.00,      6.00,      6.00,0,0,0,1,1,1
H5,152,2018,251320,      6.00,      6.00,      6.00,      6.00,0,0,0,1,1,1
H5,152,2018,251400,      6.00,      6.00,      6.00,      6.00,0,0,0,1,1,1
H5,152,2018,251511,      6.00,      6.00,      6.00,      6.00,0,0,0,1,1,1
H5,152,2018,251512,      6.00,      6.00,      6.00,      6.00,0,0,0,1,1,1
H5,152,2018,251520,      6.00,      6.00,      6.00,      6.00,0,0,0,1,1,1
H5,152,2018,251611,      6.00,      6.00,      6.00,      6.00,0,0,0,1,1,1
H5,152,2018,251612,      6.00,      6.00,      6.00,      6.00,0,0,0,1,1,1
H5,152,2018,251620,      6.00,      6.00,      6.00,      6.00,0,0,0,1,1,1
H5,152,2018,251690,      6.00,      6.00,      6.00,      6.00,0,0,0,1,1,1
H5,152,2018,251710,      6.00,      6.00,      6.00,      6.00,0,0,0,1,1,1
H5,152,2018,251720,      6.00,      6.00,      6.00,      6.00,0,0,0,1,1,1
H5,152,2018,251730,      6.00,      6.00,      6.00,      6.00,0,0,0,1,1,1
H5,152,2018,251741,      6.00,      6.00,      6.00,      6.00,0,0,0,1,1,1
H5,152,2018,251749,      6.00,      6.00,      6.00,      6.00,0,0,0,1,1,1
H5,152,2018,251810,      6.00,      6.00,      6.00,      6.00,0,0,0,1,1,1
H5,152,2018,251820,      6.00,      6.00,      6.00,      6.00,0,0,0,1,1,1
H5,152,2018,251830,      6.00,      6.00,      6.00,      6.00,0,0,0,1,1,1
H5,152,2018,251910,      6.00,      6.00,      6.00,      6.00,0,0,0,1,1,1
H5,152,2018,251990,     12.00,      6.00,      6.00,      6.00,0,0,0,2,2,2
H5,152,2018,252010,      6.00,      6.00,      6.00,      6.00,0,0,0,1,1,1
H5,152,2018,252020,      6.00,      6.00,      6.00,      6.00,0,0,0,1,1,1
H5,152,2018,252100,      6.00,      6.00,      6.00,      6.00,0,0,0,1,1,1
H5,152,2018,252210,      6.00,      6.00,      6.00,      6.00,0,0,0,1,1,1
H5,152,2018,252220,      6.00,      6.00,      6.00,      6.00,0,0,0,1,1,1
H5,152,2018,252230,      6.00,      6.00,      6.00,      6.00,0,0,0,1,1,1
H5,152,2018,252310,      6.00,      6.00,      6.00,      6.00,0,0,0,1,1,1
H5,152,2018,252321,      6.00,      6.00,      6.00,      6.00,0,0,0,1,1,1
H5,152,2018,252329,      6.00,      6.00,      6.00,      6.00,0,0,0,1,1,1
H5,152,2018,252330,      6.00,      6.00,      6.00,      6.00,0,0,0,1,1,1
H5,152,2018,252390,      6.00,      6.00,      6.00,      6.00,0,0,0,1,1,1
H5,152,2018,252410,     12.00,      6.00,      6.00,      6.00,0,0,0,2,2,2
H5,152,2018,252490,     36.00,      6.00,      6.00,      6.00,0,0,0,6,6,6
H5,152,2018,252510,      6.00,      6.00,      6.00,      6.00,0,0,0,1,1,1
H5,152,2018,252520,      6.00,      6.00,      6.00,      6.00,0,0,0,1,1,1
H5,152,2018,252530,      6.00,      6.00,      6.00,      6.00,0,0,0,1,1,1
H5,152,2018,252610,      6.00,      6.00,      6.00,      6.00,0,0,0,1,1,1
H5,152,2018,252620,      6.00,      6.00,      6.00,      6.00,0,0,0,1,1,1
H5,152,2018,252800,     18.00,      6.00,      6.00,      6.00,0,0,0,3,3,3
H5,152,2018,252910,      6.00,      6.00,      6.00,      6.00,0,0,0,1,1,1
H5,152,2018,252921,      6.00,      6.00,      6.00,      6.00,0,0,0,1,1,1
H5,152,2018,252922,      6.00,      6.00,      6.00,      6.00,0,0,0,1,1,1
H5,152,2018,252930,      6.00,      6.00,      6.00,      6.00,0,0,0,1,1,1
H5,152,2018,253010,      6.00,      6.00,      6.00,      6.00,0,0,0,1,1,1
H5,152,2018,253020,      6.00,      6.00,      6.00,      6.00,0,0,0,1,1,1
H5,152,2018,253090,     18.00,      6.00,      6.00,      6.00,0,0,0,3,3,3
H5,152,2018,260111,     18.00,      6.00,      6.00,      6.00,0,0,0,3,3,3
H5,152,2018,260112,     12.00,      6.00,      6.00,      6.00,0,0,0,2,2,2
H5,152,2018,260120,      6.00,      6.00,      6.00,      6.00,0,0,0,1,1,1
H5,152,2018,260200,      6.00,      6.00,      6.00,      6.00,0,0,0,1,1,1
H5,152,2018,260300,      6.00,      6.00,      6.00,      6.00,0,0,0,1,1,1
H5,152,2018,260400,      6.00,      6.00,      6.00,      6.00,0,0,0,1,1,1
H5,152,2018,260500,      6.00,      6.00,      6.00,      6.00,0,0,0,1,1,1
H5,152,2018,260600,      6.00,      6.00,      6.00,      6.00,0,0,0,1,1,1
H5,152,2018,260700,      6.00,      6.00,      6.00,      6.00,0,0,0,1,1,1
H5,152,2018,260800,      6.00,      6.00,      6.00,      6.00,0,0,0,1,1,1
H5,152,2018,260900,      6.00,      6.00,      6.00,      6.00,0,0,0,1,1,1
H5,152,2018,261000,      6.00,      6.00,      6.00,      6.00,0,0,0,1,1,1
H5,152,2018,261100,      6.00,      6.00,      6.00,      6.00,0,0,0,1,1,1
H5,152,2018,261210,      6.00,      6.00,      6.00,      6.00,0,0,0,1,1,1
H5,152,2018,261220,      6.00,      6.00,      6.00,      6.00,0,0,0,1,1,1
H5,152,2018,261310,     12.00,      6.00,      6.00,      6.00,0,0,0,2,2,2
H5,152,2018,261390,     12.00,      6.00,      6.00,      6.00,0,0,0,2,2,2
H5,152,2018,261400,      6.00,      6.00,      6.00,      6.00,0,0,0,1,1,1
H5,152,2018,261510,      6.00,      6.00,      6.00,      6.00,0,0,0,1,1,1
H5,152,2018,261590,      6.00,      6.00,      6.00,      6.00,0,0,0,1,1,1
H5,152,2018,261610,      6.00,      6.00,      6.00,      6.00,0,0,0,1,1,1
H5,152,2018,261690,     12.00,      6.00,      6.00,      6.00,0,0,0,2,2,2
H5,152,2018,261710,      6.00,      6.00,      6.00,      6.00,0,0,0,1,1,1
H5,152,2018,261790,      6.00,      6.00,      6.00,      6.00,0,0,0,1,1,1
H5,152,2018,261800,      6.00,      6.00,      6.00,      6.00,0,0,0,1,1,1
H5,152,2018,261900,      6.00,      6.00,      6.00,      6.00,0,0,0,1,1,1
H5,152,2018,262011,      6.00,      6.00,      6.00,      6.00,0,0,0,1,1,1
H5,152,2018,262019,      6.00,      6.00,      6.00,      6.00,0,0,0,1,1,1
H5,152,2018,262021,      6.00,      6.00,      6.00,      6.00,0,0,0,1,1,1
H5,152,2018,262029,      6.00,      6.00,      6.00,      6.00,0,0,0,1,1,1
H5,152,2018,262030,      6.00,      6.00,      6.00,      6.00,0,0,0,1,1,1
H5,152,2018,262040,      6.00,      6.00,      6.00,      6.00,0,0,0,1,1,1
H5,152,2018,262060,      6.00,      6.00,      6.00,      6.00,0,0,0,1,1,1
H5,152,2018,262091,      6.00,      6.00,      6.00,      6.00,0,0,0,1,1,1
H5,152,2018,262099,     24.00,      6.00,      6.00,      6.00,0,0,0,4,4,4
H5,152,2018,262110,      6.00,      6.00,      6.00,      6.00,0,0,0,1,1,1
H5,152,2018,262190,     12.00,      6.00,      6.00,      6.00,0,0,0,2,2,2
H5,152,2018,270111,      6.00,      6.00,      6.00,      6.00,0,0,0,1,1,1
H5,152,2018,270112,     18.00,      6.00,      6.00,      6.00,0,0,0,3,3,3
H5,152,2018,270119,      6.00,      6.00,      6.00,      6.00,0,0,0,1,1,1
H5,152,2018,270120,      6.00,      6.00,      6.00,      6.00,0,0,0,1,1,1
H5,152,2018,270210,      6.00,      6.00,      6.00,      6.00,0,0,0,1,1,1
H5,152,2018,270220,      6.00,      6.00,      6.00,      6.00,0,0,0,1,1,1
H5,152,2018,270300,      6.00,      6.00,      6.00,      6.00,0,0,0,1,1,1
H5,152,2018,270400,      6.00,      6.00,      6.00,      6.00,0,0,0,1,1,1
H5,152,2018,270500,      6.00,      6.00,      6.00,      6.00,0,0,0,1,1,1
H5,152,2018,270600,      6.00,      6.00,      6.00,      6.00,0,0,0,1,1,1
H5,152,2018,270710,      6.00,      6.00,      6.00,      6.00,0,0,0,1,1,1
H5,152,2018,270720,      6.00,      6.00,      6.00,      6.00,0,0,0,1,1,1
H5,152,2018,270730,      6.00,      6.00,      6.00,      6.00,0,0,0,1,1,1
H5,152,2018,270740,      6.00,      6.00,      6.00,      6.00,0,0,0,1,1,1
H5,152,2018,270750,      6.00,      6.00,      6.00,      6.00,0,0,0,1,1,1
H5,152,2018,270791,      6.00,      6.00,      6.00,      6.00,0,0,0,1,1,1
H5,152,2018,270799,      6.00,      6.00,      6.00,      6.00,0,0,0,1,1,1
H5,152,2018,270810,      6.00,      6.00,      6.00,      6.00,0,0,0,1,1,1
H5,152,2018,270820,      6.00,      6.00,      6.00,      6.00,0,0,0,1,1,1
H5,152,2018,270900,     12.00,      6.00,      6.00,      6.00,0,0,0,2,2,2
H5,152,2018,271000,,,,,,,,,,
H5,152,2018,271012,     66.00,      6.00,      6.00,      6.00,0,0,0,11,11,11
H5,152,2018,271019,     84.00,      6.00,      6.00,      6.00,0,0,0,14,14,14
H5,152,2018,271020,      6.00,      6.00,      6.00,      6.00,0,0,0,1,1,1
H5,152,2018,271091,      6.00,      6.00,      6.00,      6.00,0,0,0,1,1,1
H5,152,2018,271099,     12.00,      6.00,      6.00,      6.00,0,0,0,2,2,2
H5,152,2018,271111,      6.00,      6.00,      6.00,      6.00,0,0,0,1,1,1
H5,152,2018,271112,      6.00,      6.00,      6.00,      6.00,0,0,0,1,1,1
H5,152,2018,271113,      6.00,      6.00,      6.00,      6.00,0,0,0,1,1,1
H5,152,2018,271114,      6.00,      6.00,      6.00,      6.00,0,0,0,1,1,1
H5,152,2018,271119,      6.00,      6.00,      6.00,      6.00,0,0,0,1,1,1
H5,152,2018,271121,      6.00,      6.00,      6.00,      6.00,0,0,0,1,1,1
H5,152,2018,271129,      6.00,      6.00,      6.00,      6.00,0,0,0,1,1,1
H5,152,2018,271210,      6.00,      6.00,      6.00,      6.00,0,0,0,1,1,1
H5,152,2018,271220,      6.00,      6.00,      6.00,      6.00,0,0,0,1,1,1
H5,152,2018,271290,     12.00,      6.00,      6.00,      6.00,0,0,0,2,2,2
H5,152,2018,271311,      6.00,      6.00,      6.00,      6.00,0,0,0,1,1,1
H5,152,2018,271312,      6.00,      6.00,      6.00,      6.00,0,0,0,1,1,1
H5,152,2018,271320,      6.00,      6.00,      6.00,      6.00,0,0,0,1,1,1
H5,152,2018,271390,      6.00,      6.00,      6.00,      6.00,0,0,0,1,1,1
H5,152,2018,271410,      6.00,      6.00,      6.00,      6.00,0,0,0,1,1,1
H5,152,2018,271490,      6.00,      6.00,      6.00,      6.00,0,0,0,1,1,1
H5,152,2018,271500,      6.00,      6.00,      6.00,      6.00,0,0,0,1,1,1
H5,152,2018,271600,      6.00,      6.00,      6.00,      6.00,0,0,0,1,1,1
H5,152,2018,280110,      6.00,      6.00,      6.00,      6.00,0,0,0,1,1,1
H5,152,2018,280120,      6.00,      6.00,      6.00,      6.00,0,0,0,1,1,1
H5,152,2018,280130,      6.00,      6.00,      6.00,      6.00,0,0,0,1,1,1
H5,152,2018,280200,      6.00,      6.00,      6.00,      6.00,0,0,0,1,1,1
H5,152,2018,280300,      6.00,      6.00,      6.00,      6.00,0,0,0,1,1,1
H5,152,2018,280410,      6.00,      6.00,      6.00,      6.00,0,0,0,1,1,1
H5,152,2018,280421,      6.00,      6.00,      6.00,      6.00,0,0,0,1,1,1
H5,152,2018,280429,      6.00,      6.00,      6.00,      6.00,0,0,0,1,1,1
H5,152,2018,280430,      6.00,      6.00,      6.00,      6.00,0,0,0,1,1,1
H5,152,2018,280440,      6.00,      6.00,      6.00,      6.00,0,0,0,1,1,1
H5,152,2018,280450,      6.00,      6.00,      6.00,      6.00,0,0,0,1,1,1
H5,152,2018,280461,      6.00,      6.00,      6.00,      6.00,0,0,0,1,1,1
H5,152,2018,280469,      6.00,      6.00,      6.00,      6.00,0,0,0,1,1,1
H5,152,2018,280470,      6.00,      6.00,      6.00,      6.00,0,0,0,1,1,1
H5,152,2018,280480,      6.00,      6.00,      6.00,      6.00,0,0,0,1,1,1
H5,152,2018,280490,      6.00,      6.00,      6.00,      6.00,0,0,0,1,1,1
H5,152,2018,280511,      6.00,      6.00,      6.00,      6.00,0,0,0,1,1,1
H5,152,2018,280512,      6.00,      6.00,      6.00,      6.00,0,0,0,1,1,1
H5,152,2018,280519,      6.00,      6.00,      6.00,      6.00,0,0,0,1,1,1
H5,152,2018,280530,      6.00,      6.00,      6.00,      6.00,0,0,0,1,1,1
H5,152,2018,280540,      6.00,      6.00,      6.00,      6.00,0,0,0,1,1,1
H5,152,2018,280610,      6.00,      6.00,      6.00,      6.00,0,0,0,1,1,1
H5,152,2018,280620,      6.00,      6.00,      6.00,      6.00,0,0,0,1,1,1
H5,152,2018,280700,      6.00,      6.00,      6.00,      6.00,0,0,0,1,1,1
H5,152,2018,280800,      6.00,      6.00,      6.00,      6.00,0,0,0,1,1,1
H5,152,2018,280910,      6.00,      6.00,      6.00,      6.00,0,0,0,1,1,1
H5,152,2018,280920,     12.00,      6.00,      6.00,      6.00,0,0,0,2,2,2
H5,152,2018,281000,     12.00,      6.00,      6.00,      6.00,0,0,0,2,2,2
H5,152,2018,281111,      6.00,      6.00,      6.00,      6.00,0,0,0,1,1,1
H5,152,2018,281112,      6.00,      6.00,      6.00,      6.00,0,0,0,1,1,1
H5,152,2018,281119,      6.00,      6.00,      6.00,      6.00,0,0,0,1,1,1
H5,152,2018,281121,      6.00,      6.00,      6.00,      6.00,0,0,0,1,1,1
H5,152,2018,281122,      6.00,      6.00,      6.00,      6.00,0,0,0,1,1,1
H5,152,2018,281129,     18.00,      6.00,      6.00,      6.00,0,0,0,3,3,3
H5,152,2018,281211,      6.00,      6.00,      6.00,      6.00,0,0,0,1,1,1
H5,152,2018,281212,      6.00,      6.00,      6.00,      6.00,0,0,0,1,1,1
H5,152,2018,281213,      6.00,      6.00,      6.00,      6.00,0,0,0,1,1,1
H5,152,2018,281214,      6.00,      6.00,      6.00,      6.00,0,0,0,1,1,1
H5,152,2018,281215,      6.00,      6.00,      6.00,      6.00,0,0,0,1,1,1
H5,152,2018,281216,      6.00,      6.00,      6.00,      6.00,0,0,0,1,1,1
H5,152,2018,281217,      6.00,      6.00,      6.00,      6.00,0,0,0,1,1,1
H5,152,2018,281219,     12.00,      6.00,      6.00,      6.00,0,0,0,2,2,2
H5,152,2018,281290,      6.00,      6.00,      6.00,      6.00,0,0,0,1,1,1
H5,152,2018,281310,      6.00,      6.00,      6.00,      6.00,0,0,0,1,1,1
H5,152,2018,281390,     12.00,      6.00,      6.00,      6.00,0,0,0,2,2,2
H5,152,2018,281410,      6.00,      6.00,      6.00,      6.00,0,0,0,1,1,1
H5,152,2018,281420,      6.00,      6.00,      6.00,      6.00,0,0,0,1,1,1
H5,152,2018,281511,      6.00,      6.00,      6.00,      6.00,0,0,0,1,1,1
H5,152,2018,281512,      6.00,      6.00,      6.00,      6.00,0,0,0,1,1,1
H5,152,2018,281520,      6.00,      6.00,      6.00,      6.00,0,0,0,1,1,1
H5,152,2018,281530,      6.00,      6.00,      6.00,      6.00,0,0,0,1,1,1
H5,152,2018,281610,      6.00,      6.00,      6.00,      6.00,0,0,0,1,1,1
H5,152,2018,281640,      6.00,      6.00,      6.00,      6.00,0,0,0,1,1,1
H5,152,2018,281700,      6.00,      6.00,      6.00,      6.00,0,0,0,1,1,1
H5,152,2018,281810,      6.00,      6.00,      6.00,      6.00,0,0,0,1,1,1
H5,152,2018,281820,      6.00,      6.00,      6.00,      6.00,0,0,0,1,1,1
H5,152,2018,281830,      6.00,      6.00,      6.00,      6.00,0,0,0,1,1,1
H5,152,2018,281910,      6.00,      6.00,      6.00,      6.00,0,0,0,1,1,1
H5,152,2018,281990,      6.00,      6.00,      6.00,      6.00,0,0,0,1,1,1
H5,152,2018,282010,      6.00,      6.00,      6.00,      6.00,0,0,0,1,1,1
H5,152,2018,282090,      6.00,      6.00,      6.00,      6.00,0,0,0,1,1,1
H5,152,2018,282110,      6.00,      6.00,      6.00,      6.00,0,0,0,1,1,1
H5,152,2018,282120,      6.00,      6.00,      6.00,      6.00,0,0,0,1,1,1
H5,152,2018,282200,      6.00,      6.00,      6.00,      6.00,0,0,0,1,1,1
H5,152,2018,282300,      6.00,      6.00,      6.00,      6.00,0,0,0,1,1,1
H5,152,2018,282410,      6.00,      6.00,      6.00,      6.00,0,0,0,1,1,1
H5,152,2018,282490,      6.00,      6.00,      6.00,      6.00,0,0,0,1,1,1
H5,152,2018,282510,      6.00,      6.00,      6.00,      6.00,0,0,0,1,1,1
H5,152,2018,282520,     12.00,      6.00,      6.00,      6.00,0,0,0,2,2,2
H5,152,2018,282530,      6.00,      6.00,      6.00,      6.00,0,0,0,1,1,1
H5,152,2018,282540,      6.00,      6.00,      6.00,      6.00,0,0,0,1,1,1
H5,152,2018,282550,      6.00,      6.00,      6.00,      6.00,0,0,0,1,1,1
H5,152,2018,282560,      6.00,      6.00,      6.00,      6.00,0,0,0,1,1,1
H5,152,2018,282570,     18.00,      6.00,      6.00,      6.00,0,0,0,3,3,3
H5,152,2018,282580,      6.00,      6.00,      6.00,      6.00,0,0,0,1,1,1
H5,152,2018,282590,     12.00,      6.00,      6.00,      6.00,0,0,0,2,2,2
H5,152,2018,282612,      6.00,      6.00,      6.00,      6.00,0,0,0,1,1,1
H5,152,2018,282619,      6.00,      6.00,      6.00,      6.00,0,0,0,1,1,1
H5,152,2018,282630,      6.00,      6.00,      6.00,      6.00,0,0,0,1,1,1
H5,152,2018,282690,      6.00,      6.00,      6.00,      6.00,0,0,0,1,1,1
H5,152,2018,282710,      6.00,      6.00,      6.00,      6.00,0,0,0,1,1,1
H5,152,2018,282720,      6.00,      6.00,      6.00,      6.00,0,0,0,1,1,1
H5,152,2018,282731,      6.00,      6.00,      6.00,      6.00,0,0,0,1,1,1
H5,152,2018,282732,      6.00,      6.00,      6.00,      6.00,0,0,0,1,1,1
H5,152,2018,282735,      6.00,      6.00,      6.00,      6.00,0,0,0,1,1,1
H5,152,2018,282739,     24.00,      6.00,      6.00,      6.00,0,0,0,4,4,4
H5,152,2018,282741,      6.00,      6.00,      6.00,      6.00,0,0,0,1,1,1
H5,152,2018,282749,      6.00,      6.00,      6.00,      6.00,0,0,0,1,1,1
H5,152,2018,282751,      6.00,      6.00,      6.00,      6.00,0,0,0,1,1,1
H5,152,2018,282759,      6.00,      6.00,      6.00,      6.00,0,0,0,1,1,1
H5,152,2018,282760,     18.00,      6.00,      6.00,      6.00,0,0,0,3,3,3
H5,152,2018,282810,      6.00,      6.00,      6.00,      6.00,0,0,0,1,1,1
H5,152,2018,282890,      6.00,      6.00,      6.00,      6.00,0,0,0,1,1,1
H5,152,2018,282911,      6.00,      6.00,      6.00,      6.00,0,0,0,1,1,1
H5,152,2018,282919,      6.00,      6.00,      6.00,      6.00,0,0,0,1,1,1
H5,152,2018,282990,     18.00,      6.00,      6.00,      6.00,0,0,0,3,3,3
H5,152,2018,283010,     18.00,      6.00,      6.00,      6.00,0,0,0,3,3,3
H5,152,2018,283090,     18.00,      6.00,      6.00,      6.00,0,0,0,3,3,3
H5,152,2018,283110,      6.00,      6.00,      6.00,      6.00,0,0,0,1,1,1
H5,152,2018,283190,      6.00,      6.00,      6.00,      6.00,0,0,0,1,1,1
H5,152,2018,283210,      6.00,      6.00,      6.00,      6.00,0,0,0,1,1,1
H5,152,2018,283220,      6.00,      6.00,      6.00,      6.00,0,0,0,1,1,1
H5,152,2018,283230,      6.00,      6.00,      6.00,      6.00,0,0,0,1,1,1
H5,152,2018,283311,      6.00,      6.00,      6.00,      6.00,0,0,0,1,1,1
H5,152,2018,283319,      6.00,      6.00,      6.00,      6.00,0,0,0,1,1,1
H5,152,2018,283321,      6.00,      6.00,      6.00,      6.00,0,0,0,1,1,1
H5,152,2018,283322,      6.00,      6.00,      6.00,      6.00,0,0,0,1,1,1
H5,152,2018,283324,      6.00,      6.00,      6.00,      6.00,0,0,0,1,1,1
H5,152,2018,283325,      6.00,      6.00,      6.00,      6.00,0,0,0,1,1,1
H5,152,2018,283327,      6.00,      6.00,      6.00,      6.00,0,0,0,1,1,1
H5,152,2018,283329,     12.00,      6.00,      6.00,      6.00,0,0,0,2,2,2
H5,152,2018,283330,      6.00,      6.00,      6.00,      6.00,0,0,0,1,1,1
H5,152,2018,283340,      6.00,      6.00,      6.00,      6.00,0,0,0,1,1,1
H5,152,2018,283410,      6.00,      6.00,      6.00,      6.00,0,0,0,1,1,1
H5,152,2018,283421,      6.00,      6.00,      6.00,      6.00,0,0,0,1,1,1
H5,152,2018,283429,      6.00,      6.00,      6.00,      6.00,0,0,0,1,1,1
H5,152,2018,283510,      6.00,      6.00,      6.00,      6.00,0,0,0,1,1,1
H5,152,2018,283522,      6.00,      6.00,      6.00,      6.00,0,0,0,1,1,1
H5,152,2018,283524,      6.00,      6.00,      6.00,      6.00,0,0,0,1,1,1
H5,152,2018,283525,      6.00,      6.00,      6.00,      6.00,0,0,0,1,1,1
H5,152,2018,283526,      6.00,      6.00,      6.00,      6.00,0,0,0,1,1,1
H5,152,2018,283529,      6.00,      6.00,      6.00,      6.00,0,0,0,1,1,1
H5,152,2018,283531,      6.00,      6.00,      6.00,      6.00,0,0,0,1,1,1
H5,152,2018,283539,      6.00,      6.00,      6.00,      6.00,0,0,0,1,1,1
H5,152,2018,283620,     18.00,      6.00,      6.00,      6.00,0,0,0,3,3,3
H5,152,2018,283630,      6.00,      6.00,      6.00,      6.00,0,0,0,1,1,1
H5,152,2018,283640,      6.00,      6.00,      6.00,      6.00,0,0,0,1,1,1
H5,152,2018,283650,      6.00,      6.00,      6.00,      6.00,0,0,0,1,1,1
H5,152,2018,283660,      6.00,      6.00,      6.00,      6.00,0,0,0,1,1,1
H5,152,2018,283691,     18.00,      6.00,      6.00,      6.00,0,0,0,3,3,3
H5,152,2018,283692,      6.00,      6.00,      6.00,      6.00,0,0,0,1,1,1
H5,152,2018,283699,     12.00,      6.00,      6.00,      6.00,0,0,0,2,2,2
H5,152,2018,283711,     12.00,      6.00,      6.00,      6.00,0,0,0,2,2,2
H5,152,2018,283719,      6.00,      6.00,      6.00,      6.00,0,0,0,1,1,1
H5,152,2018,283720,      6.00,      6.00,      6.00,      6.00,0,0,0,1,1,1
H5,152,2018,283911,      6.00,      6.00,      6.00,      6.00,0,0,0,1,1,1
H5,152,2018,283919,      6.00,      6.00,      6.00,      6.00,0,0,0,1,1,1
H5,152,2018,283990,      6.00,      6.00,      6.00,      6.00,0,0,0,1,1,1
H5,152,2018,284011,      6.00,      6.00,      6.00,      6.00,0,0,0,1,1,1
H5,152,2018,284019,      6.00,      6.00,      6.00,      6.00,0,0,0,1,1,1
H5,152,2018,284020,      6.00,      6.00,      6.00,      6.00,0,0,0,1,1,1
H5,152,2018,284030,      6.00,      6.00,      6.00,      6.00,0,0,0,1,1,1
H5,152,2018,284130,      6.00,      6.00,      6.00,      6.00,0,0,0,1,1,1
H5,152,2018,284150,      6.00,      6.00,      6.00,      6.00,0,0,0,1,1,1
H5,152,2018,284161,      6.00,      6.00,      6.00,      6.00,0,0,0,1,1,1
H5,152,2018,284169,      6.00,      6.00,      6.00,      6.00,0,0,0,1,1,1
H5,152,2018,284170,     18.00,      6.00,      6.00,      6.00,0,0,0,3,3,3
H5,152,2018,284180,      6.00,      6.00,      6.00,      6.00,0,0,0,1,1,1
H5,152,2018,284190,     12.00,      6.00,      6.00,      6.00,0,0,0,2,2,2
H5,152,2018,284210,      6.00,      6.00,      6.00,      6.00,0,0,0,1,1,1
H5,152,2018,284290,      6.00,      6.00,      6.00,      6.00,0,0,0,1,1,1
H5,152,2018,284310,      6.00,      6.00,      6.00,      6.00,0,0,0,1,1,1
H5,152,2018,284321,      6.00,      6.00,      6.00,      6.00,0,0,0,1,1,1
H5,152,2018,284329,      6.00,      6.00,      6.00,      6.00,0,0,0,1,1,1
H5,152,2018,284330,      6.00,      6.00,      6.00,      6.00,0,0,0,1,1,1
H5,152,2018,284390,      6.00,      6.00,      6.00,      6.00,0,0,0,1,1,1
H5,152,2018,284410,      6.00,      6.00,      6.00,      6.00,0,0,0,1,1,1
H5,152,2018,284420,      6.00,      6.00,      6.00,      6.00,0,0,0,1,1,1
H5,152,2018,284430,      6.00,      6.00,      6.00,      6.00,0,0,0,1,1,1
H5,152,2018,284440,      6.00,      6.00,      6.00,      6.00,0,0,0,1,1,1
H5,152,2018,284450,      6.00,      6.00,      6.00,      6.00,0,0,0,1,1,1
H5,152,2018,284510,      6.00,      6.00,      6.00,      6.00,0,0,0,1,1,1
H5,152,2018,284590,      6.00,      6.00,      6.00,      6.00,0,0,0,1,1,1
H5,152,2018,284610,      6.00,      6.00,      6.00,      6.00,0,0,0,1,1,1
H5,152,2018,284690,      6.00,      6.00,      6.00,      6.00,0,0,0,1,1,1
H5,152,2018,284700,      6.00,      6.00,      6.00,      6.00,0,0,0,1,1,1
H5,152,2018,284910,      6.00,      6.00,      6.00,      6.00,0,0,0,1,1,1
H5,152,2018,284920,      6.00,      6.00,      6.00,      6.00,0,0,0,1,1,1
H5,152,2018,284990,      6.00,      6.00,      6.00,      6.00,0,0,0,1,1,1
H5,152,2018,285000,      6.00,      6.00,      6.00,      6.00,0,0,0,1,1,1
H5,152,2018,285210,      6.00,      6.00,      6.00,      6.00,0,0,0,1,1,1
H5,152,2018,285290,      6.00,      6.00,      6.00,      6.00,0,0,0,1,1,1
H5,152,2018,285310,      6.00,      6.00,      6.00,      6.00,0,0,0,1,1,1
H5,152,2018,285390,     24.00,      6.00,      6.00,      6.00,0,0,0,4,4,4
H5,152,2018,290110,      6.00,      6.00,      6.00,      6.00,0,0,0,1,1,1
H5,152,2018,290121,      6.00,      6.00,      6.00,      6.00,0,0,0,1,1,1
H5,152,2018,290122,      6.00,      6.00,      6.00,      6.00,0,0,0,1,1,1
H5,152,2018,290123,      6.00,      6.00,      6.00,      6.00,0,0,0,1,1,1
H5,152,2018,290124,      6.00,      6.00,      6.00,      6.00,0,0,0,1,1,1
H5,152,2018,290129,     12.00,      6.00,      6.00,      6.00,0,0,0,2,2,2
H5,152,2018,290211,      6.00,      6.00,      6.00,      6.00,0,0,0,1,1,1
H5,152,2018,290219,     18.00,      6.00,      6.00,      6.00,0,0,0,3,3,3
H5,152,2018,290220,      6.00,      6.00,      6.00,      6.00,0,0,0,1,1,1
H5,152,2018,290230,      6.00,      6.00,      6.00,      6.00,0,0,0,1,1,1
H5,152,2018,290241,      6.00,      6.00,      6.00,      6.00,0,0,0,1,1,1
H5,152,2018,290242,      6.00,      6.00,      6.00,      6.00,0,0,0,1,1,1
H5,152,2018,290243,      6.00,      6.00,      6.00,      6.00,0,0,0,1,1,1
H5,152,2018,290244,      6.00,      6.00,      6.00,      6.00,0,0,0,1,1,1
H5,152,2018,290250,      6.00,      6.00,      6.00,      6.00,0,0,0,1,1,1
H5,152,2018,290260,      6.00,      6.00,      6.00,      6.00,0,0,0,1,1,1
H5,152,2018,290270,      6.00,      6.00,      6.00,      6.00,0,0,0,1,1,1
H5,152,2018,290290,     18.00,      6.00,      6.00,      6.00,0,0,0,3,3,3
H5,152,2018,290311,      6.00,      6.00,      6.00,      6.00,0,0,0,1,1,1
H5,152,2018,290312,      6.00,      6.00,      6.00,      6.00,0,0,0,1,1,1
H5,152,2018,290313,      6.00,      6.00,      6.00,      6.00,0,0,0,1,1,1
H5,152,2018,290314,      6.00,      6.00,      6.00,      6.00,0,0,0,1,1,1
H5,152,2018,290315,      6.00,      6.00,      6.00,      6.00,0,0,0,1,1,1
H5,152,2018,290319,     12.00,      6.00,      6.00,      6.00,0,0,0,2,2,2
H5,152,2018,290321,      6.00,      6.00,      6.00,      6.00,0,0,0,1,1,1
H5,152,2018,290322,      6.00,      6.00,      6.00,      6.00,0,0,0,1,1,1
H5,152,2018,290323,      6.00,      6.00,      6.00,      6.00,0,0,0,1,1,1
H5,152,2018,290329,     12.00,      6.00,      6.00,      6.00,0,0,0,2,2,2
H5,152,2018,290331,      6.00,      6.00,      6.00,      6.00,0,0,0,1,1,1
H5,152,2018,290339,    126.00,      6.00,      6.00,      6.00,0,0,0,21,21,21
H5,152,2018,290371,      6.00,      6.00,      6.00,      6.00,0,0,0,1,1,1
H5,152,2018,290372,      6.00,      6.00,      6.00,      6.00,0,0,0,1,1,1
H5,152,2018,290373,      6.00,      6.00,      6.00,      6.00,0,0,0,1,1,1
H5,152,2018,290374,      6.00,      6.00,      6.00,      6.00,0,0,0,1,1,1
H5,152,2018,290375,      6.00,      6.00,      6.00,      6.00,0,0,0,1,1,1
H5,152,2018,290376,     18.00,      6.00,      6.00,      6.00,0,0,0,3,3,3
H5,152,2018,290377,     96.00,      6.00,      6.00,      6.00,0,0,0,16,16,16
H5,152,2018,290378,      6.00,      6.00,      6.00,      6.00,0,0,0,1,1,1
H5,152,2018,290379,     24.00,      6.00,      6.00,      6.00,0,0,0,4,4,4
H5,152,2018,290381,     24.00,      6.00,      6.00,      6.00,0,0,0,4,4,4
H5,152,2018,290382,     18.00,      6.00,      6.00,      6.00,0,0,0,3,3,3
H5,152,2018,290383,      6.00,      6.00,      6.00,      6.00,0,0,0,1,1,1
H5,152,2018,290389,      6.00,      6.00,      6.00,      6.00,0,0,0,1,1,1
H5,152,2018,290391,      6.00,      6.00,      6.00,      6.00,0,0,0,1,1,1
H5,152,2018,290392,     12.00,      6.00,      6.00,      6.00,0,0,0,2,2,2
H5,152,2018,290393,      6.00,      6.00,      6.00,      6.00,0,0,0,1,1,1
H5,152,2018,290394,      6.00,      6.00,      6.00,      6.00,0,0,0,1,1,1
H5,152,2018,290399,     42.00,      6.00,      6.00,      6.00,0,0,0,7,7,7
H5,152,2018,290410,      6.00,      6.00,      6.00,      6.00,0,0,0,1,1,1
H5,152,2018,290420,     30.00,      6.00,      6.00,      6.00,0,0,0,5,5,5
H5,152,2018,290431,      6.00,      6.00,      6.00,      6.00,0,0,0,1,1,1
H5,152,2018,290432,      6.00,      6.00,      6.00,      6.00,0,0,0,1,1,1
H5,152,2018,290433,      6.00,      6.00,      6.00,      6.00,0,0,0,1,1,1
H5,152,2018,290434,      6.00,      6.00,      6.00,      6.00,0,0,0,1,1,1
H5,152,2018,290435,      6.00,      6.00,      6.00,      6.00,0,0,0,1,1,1
H5,152,2018,290436,      6.00,      6.00,      6.00,      6.00,0,0,0,1,1,1
H5,152,2018,290491,      6.00,      6.00,      6.00,      6.00,0,0,0,1,1,1
H5,152,2018,290499,      6.00,      6.00,      6.00,      6.00,0,0,0,1,1,1
H5,152,2018,290511,      6.00,      6.00,      6.00,      6.00,0,0,0,1,1,1
H5,152,2018,290512,     12.00,      6.00,      6.00,      6.00,0,0,0,2,2,2
H5,152,2018,290513,      6.00,      6.00,      6.00,      6.00,0,0,0,1,1,1
H5,152,2018,290514,      6.00,      6.00,      6.00,      6.00,0,0,0,1,1,1
H5,152,2018,290516,     12.00,      6.00,      6.00,      6.00,0,0,0,2,2,2
H5,152,2018,290517,      6.00,      6.00,      6.00,      6.00,0,0,0,1,1,1
H5,152,2018,290519,     30.00,      6.00,      6.00,      6.00,0,0,0,5,5,5
H5,152,2018,290522,      6.00,      6.00,      6.00,      6.00,0,0,0,1,1,1
H5,152,2018,290529,      6.00,      6.00,      6.00,      6.00,0,0,0,1,1,1
H5,152,2018,290531,      6.00,      6.00,      6.00,      6.00,0,0,0,1,1,1
H5,152,2018,290532,      6.00,      6.00,      6.00,      6.00,0,0,0,1,1,1
H5,152,2018,290539,      6.00,      6.00,      6.00,      6.00,0,0,0,1,1,1
H5,152,2018,290541,      6.00,      6.00,      6.00,      6.00,0,0,0,1,1,1
H5,152,2018,290542,      6.00,      6.00,      6.00,      6.00,0,0,0,1,1,1
H5,152,2018,290543,      6.00,      6.00,      6.00,      6.00,0,0,0,1,1,1
H5,152,2018,290544,      6.00,      6.00,      6.00,      6.00,0,0,0,1,1,1
H5,152,2018,290545,      6.00,      6.00,      6.00,      6.00,0,0,0,1,1,1
H5,152,2018,290549,      6.00,      6.00,      6.00,      6.00,0,0,0,1,1,1
H5,152,2018,290551,      6.00,      6.00,      6.00,      6.00,0,0,0,1,1,1
H5,152,2018,290559,     12.00,      6.00,      6.00,      6.00,0,0,0,2,2,2
H5,152,2018,290611,      6.00,      6.00,      6.00,      6.00,0,0,0,1,1,1
H5,152,2018,290612,      6.00,      6.00,      6.00,      6.00,0,0,0,1,1,1
H5,152,2018,290613,      6.00,      6.00,      6.00,      6.00,0,0,0,1,1,1
H5,152,2018,290619,      6.00,      6.00,      6.00,      6.00,0,0,0,1,1,1
H5,152,2018,290621,      6.00,      6.00,      6.00,      6.00,0,0,0,1,1,1
H5,152,2018,290629,      6.00,      6.00,      6.00,      6.00,0,0,0,1,1,1
H5,152,2018,290711,      6.00,      6.00,      6.00,      6.00,0,0,0,1,1,1
H5,152,2018,290712,      6.00,      6.00,      6.00,      6.00,0,0,0,1,1,1
H5,152,2018,290713,      6.00,      6.00,      6.00,      6.00,0,0,0,1,1,1
H5,152,2018,290715,      6.00,      6.00,      6.00,      6.00,0,0,0,1,1,1
H5,152,2018,290719,      6.00,      6.00,      6.00,      6.00,0,0,0,1,1,1
H5,152,2018,290721,      6.00,      6.00,      6.00,      6.00,0,0,0,1,1,1
H5,152,2018,290722,      6.00,      6.00,      6.00,      6.00,0,0,0,1,1,1
H5,152,2018,290723,      6.00,      6.00,      6.00,      6.00,0,0,0,1,1,1
H5,152,2018,290729,      6.00,      6.00,      6.00,      6.00,0,0,0,1,1,1
H5,152,2018,290811,      6.00,      6.00,      6.00,      6.00,0,0,0,1,1,1
H5,152,2018,290819,     12.00,      6.00,      6.00,      6.00,0,0,0,2,2,2
H5,152,2018,290891,     12.00,      6.00,      6.00,      6.00,0,0,0,2,2,2
H5,152,2018,290892,     30.00,      6.00,      6.00,      6.00,0,0,0,5,5,5
H5,152,2018,290899,      6.00,      6.00,      6.00,      6.00,0,0,0,1,1,1
H5,152,2018,290911,      6.00,      6.00,      6.00,      6.00,0,0,0,1,1,1
H5,152,2018,290919,     18.00,      6.00,      6.00,      6.00,0,0,0,3,3,3
H5,152,2018,290920,      6.00,      6.00,      6.00,      6.00,0,0,0,1,1,1
H5,152,2018,290930,     36.00,      6.00,      6.00,      6.00,0,0,0,6,6,6
H5,152,2018,290941,      6.00,      6.00,      6.00,      6.00,0,0,0,1,1,1
H5,152,2018,290943,      6.00,      6.00,      6.00,      6.00,0,0,0,1,1,1
H5,152,2018,290944,      6.00,      6.00,      6.00,      6.00,0,0,0,1,1,1
H5,152,2018,290949,     12.00,      6.00,      6.00,      6.00,0,0,0,2,2,2
H5,152,2018,290950,      6.00,      6.00,      6.00,      6.00,0,0,0,1,1,1
H5,152,2018,290960,      6.00,      6.00,      6.00,      6.00,0,0,0,1,1,1
H5,152,2018,291010,      6.00,      6.00,      6.00,      6.00,0,0,0,1,1,1
H5,152,2018,291020,      6.00,      6.00,      6.00,      6.00,0,0,0,1,1,1
H5,152,2018,291030,      6.00,      6.00,      6.00,      6.00,0,0,0,1,1,1
H5,152,2018,291040,      6.00,      6.00,      6.00,      6.00,0,0,0,1,1,1
H5,152,2018,291050,      6.00,      6.00,      6.00,      6.00,0,0,0,1,1,1
H5,152,2018,291090,      6.00,      6.00,      6.00,      6.00,0,0,0,1,1,1
H5,152,2018,291100,      6.00,      6.00,      6.00,      6.00,0,0,0,1,1,1
H5,152,2018,291211,      6.00,      6.00,      6.00,      6.00,0,0,0,1,1,1
H5,152,2018,291212,      6.00,      6.00,      6.00,      6.00,0,0,0,1,1,1
H5,152,2018,291219,      6.00,      6.00,      6.00,      6.00,0,0,0,1,1,1
H5,152,2018,291221,      6.00,      6.00,      6.00,      6.00,0,0,0,1,1,1
H5,152,2018,291229,     12.00,      6.00,      6.00,      6.00,0,0,0,2,2,2
H5,152,2018,291241,      6.00,      6.00,      6.00,      6.00,0,0,0,1,1,1
H5,152,2018,291242,      6.00,      6.00,      6.00,      6.00,0,0,0,1,1,1
H5,152,2018,291249,     12.00,      6.00,      6.00,      6.00,0,0,0,2,2,2
H5,152,2018,291250,      6.00,      6.00,      6.00,      6.00,0,0,0,1,1,1
H5,152,2018,291260,      6.00,      6.00,      6.00,      6.00,0,0,0,1,1,1
H5,152,2018,291300,      6.00,      6.00,      6.00,      6.00,0,0,0,1,1,1
H5,152,2018,291411,      6.00,      6.00,      6.00,      6.00,0,0,0,1,1,1
H5,152,2018,291412,      6.00,      6.00,      6.00,      6.00,0,0,0,1,1,1
H5,152,2018,291413,      6.00,      6.00,      6.00,      6.00,0,0,0,1,1,1
H5,152,2018,291419,     18.00,      6.00,      6.00,      6.00,0,0,0,3,3,3
H5,152,2018,291422,      6.00,      6.00,      6.00,      6.00,0,0,0,1,1,1
H5,152,2018,291423,      6.00,      6.00,      6.00,      6.00,0,0,0,1,1,1
H5,152,2018,291429,      6.00,      6.00,      6.00,      6.00,0,0,0,1,1,1
H5,152,2018,291431,      6.00,      6.00,      6.00,      6.00,0,0,0,1,1,1
H5,152,2018,291439,      6.00,      6.00,      6.00,      6.00,0,0,0,1,1,1
H5,152,2018,291440,      6.00,      6.00,      6.00,      6.00,0,0,0,1,1,1
H5,152,2018,291450,      6.00,      6.00,      6.00,      6.00,0,0,0,1,1,1
H5,152,2018,291461,      6.00,      6.00,      6.00,      6.00,0,0,0,1,1,1
H5,152,2018,291462,      6.00,      6.00,      6.00,      6.00,0,0,0,1,1,1
H5,152,2018,291469,      6.00,      6.00,      6.00,      6.00,0,0,0,1,1,1
H5,152,2018,291471,      6.00,      6.00,      6.00,      6.00,0,0,0,1,1,1
H5,152,2018,291479,      6.00,      6.00,      6.00,      6.00,0,0,0,1,1,1
H5,152,2018,291511,      6.00,      6.00,      6.00,      6.00,0,0,0,1,1,1
H5,152,2018,291512,     18.00,      6.00,      6.00,      6.00,0,0,0,3,3,3
H5,152,2018,291513,     12.00,      6.00,      6.00,      6.00,0,0,0,2,2,2
H5,152,2018,291521,      6.00,      6.00,      6.00,      6.00,0,0,0,1,1,1
H5,152,2018,291524,      6.00,      6.00,      6.00,      6.00,0,0,0,1,1,1
H5,152,2018,291529,      6.00,      6.00,      6.00,      6.00,0,0,0,1,1,1
H5,152,2018,291531,      6.00,      6.00,      6.00,      6.00,0,0,0,1,1,1
H5,152,2018,291532,      6.00,      6.00,      6.00,      6.00,0,0,0,1,1,1
H5,152,2018,291533,      6.00,      6.00,      6.00,      6.00,0,0,0,1,1,1
H5,152,2018,291536,      6.00,      6.00,      6.00,      6.00,0,0,0,1,1,1
H5,152,2018,291539,     30.00,      6.00,      6.00,      6.00,0,0,0,5,5,5
H5,152,2018,291540,      6.00,      6.00,      6.00,      6.00,0,0,0,1,1,1
H5,152,2018,291550,      6.00,      6.00,      6.00,      6.00,0,0,0,1,1,1
H5,152,2018,291560,      6.00,      6.00,      6.00,      6.00,0,0,0,1,1,1
H5,152,2018,291570,      6.00,      6.00,      6.00,      6.00,0,0,0,1,1,1
H5,152,2018,291590,     24.00,      6.00,      6.00,      6.00,0,0,0,4,4,4
H5,152,2018,291611,      6.00,      6.00,      6.00,      6.00,0,0,0,1,1,1
H5,152,2018,291612,     12.00,      6.00,      6.00,      6.00,0,0,0,2,2,2
H5,152,2018,291613,      6.00,      6.00,      6.00,      6.00,0,0,0,1,1,1
H5,152,2018,291614,     12.00,      6.00,      6.00,      6.00,0,0,0,2,2,2
H5,152,2018,291615,      6.00,      6.00,      6.00,      6.00,0,0,0,1,1,1
H5,152,2018,291616,      6.00,      6.00,      6.00,      6.00,0,0,0,1,1,1
H5,152,2018,291619,      6.00,      6.00,      6.00,      6.00,0,0,0,1,1,1
H5,152,2018,291620,      6.00,      6.00,      6.00,      6.00,0,0,0,1,1,1
H5,152,2018,291631,     12.00,      6.00,      6.00,      6.00,0,0,0,2,2,2
H5,152,2018,291632,      6.00,      6.00,      6.00,      6.00,0,0,0,1,1,1
H5,152,2018,291634,      6.00,      6.00,      6.00,      6.00,0,0,0,1,1,1
H5,152,2018,291639,      6.00,      6.00,      6.00,      6.00,0,0,0,1,1,1
H5,152,2018,291711,      6.00,      6.00,      6.00,      6.00,0,0,0,1,1,1
H5,152,2018,291712,      6.00,      6.00,      6.00,      6.00,0,0,0,1,1,1
H5,152,2018,291713,      6.00,      6.00,      6.00,      6.00,0,0,0,1,1,1
H5,152,2018,291714,      6.00,      6.00,      6.00,      6.00,0,0,0,1,1,1
H5,152,2018,291719,      6.00,      6.00,      6.00,      6.00,0,0,0,1,1,1
H5,152,2018,291720,      6.00,      6.00,      6.00,      6.00,0,0,0,1,1,1
H5,152,2018,291732,      6.00,      6.00,      6.00,      6.00,0,0,0,1,1,1
H5,152,2018,291733,      6.00,      6.00,      6.00,      6.00,0,0,0,1,1,1
H5,152,2018,291734,     18.00,      6.00,      6.00,      6.00,0,0,0,3,3,3
H5,152,2018,291735,      6.00,      6.00,      6.00,      6.00,0,0,0,1,1,1
H5,152,2018,291736,      6.00,      6.00,      6.00,      6.00,0,0,0,1,1,1
H5,152,2018,291737,      6.00,      6.00,      6.00,      6.00,0,0,0,1,1,1
H5,152,2018,291739,      6.00,      6.00,      6.00,      6.00,0,0,0,1,1,1
H5,152,2018,291811,      6.00,      6.00,      6.00,      6.00,0,0,0,1,1,1
H5,152,2018,291812,      6.00,      6.00,      6.00,      6.00,0,0,0,1,1,1
H5,152,2018,291813,     12.00,      6.00,      6.00,      6.00,0,0,0,2,2,2
H5,152,2018,291814,      6.00,      6.00,      6.00,      6.00,0,0,0,1,1,1
H5,152,2018,291815,      6.00,      6.00,      6.00,      6.00,0,0,0,1,1,1
H5,152,2018,291816,      6.00,      6.00,      6.00,      6.00,0,0,0,1,1,1
H5,152,2018,291817,      6.00,      6.00,      6.00,      6.00,0,0,0,1,1,1
H5,152,2018,291818,      6.00,      6.00,      6.00,      6.00,0,0,0,1,1,1
H5,152,2018,291819,      6.00,      6.00,      6.00,      6.00,0,0,0,1,1,1
H5,152,2018,291821,      6.00,      6.00,      6.00,      6.00,0,0,0,1,1,1
H5,152,2018,291822,     12.00,      6.00,      6.00,      6.00,0,0,0,2,2,2
H5,152,2018,291823,      6.00,      6.00,      6.00,      6.00,0,0,0,1,1,1
H5,152,2018,291829,      6.00,      6.00,      6.00,      6.00,0,0,0,1,1,1
H5,152,2018,291830,      6.00,      6.00,      6.00,      6.00,0,0,0,1,1,1
H5,152,2018,291891,     12.00,      6.00,      6.00,      6.00,0,0,0,2,2,2
H5,152,2018,291899,     18.00,      6.00,      6.00,      6.00,0,0,0,3,3,3
H5,152,2018,291910,      6.00,      6.00,      6.00,      6.00,0,0,0,1,1,1
H5,152,2018,291990,     12.00,      6.00,      6.00,      6.00,0,0,0,2,2,2
H5,152,2018,292011,     12.00,      6.00,      6.00,      6.00,0,0,0,2,2,2
H5,152,2018,292019,      6.00,      6.00,      6.00,      6.00,0,0,0,1,1,1
H5,152,2018,292021,      6.00,      6.00,      6.00,      6.00,0,0,0,1,1,1
H5,152,2018,292022,      6.00,      6.00,      6.00,      6.00,0,0,0,1,1,1
H5,152,2018,292023,      6.00,      6.00,      6.00,      6.00,0,0,0,1,1,1
H5,152,2018,292024,      6.00,      6.00,      6.00,      6.00,0,0,0,1,1,1
H5,152,2018,292029,     12.00,      6.00,      6.00,      6.00,0,0,0,2,2,2
H5,152,2018,292030,      6.00,      6.00,      6.00,      6.00,0,0,0,1,1,1
H5,152,2018,292090,      6.00,      6.00,      6.00,      6.00,0,0,0,1,1,1
H5,152,2018,292111,     12.00,      6.00,      6.00,      6.00,0,0,0,2,2,2
H5,152,2018,292112,      6.00,      6.00,      6.00,      6.00,0,0,0,1,1,1
H5,152,2018,292113,      6.00,      6.00,      6.00,      6.00,0,0,0,1,1,1
H5,152,2018,292114,      6.00,      6.00,      6.00,      6.00,0,0,0,1,1,1
H5,152,2018,292119,     42.00,      6.00,      6.00,      6.00,0,0,0,7,7,7
H5,152,2018,292121,      6.00,      6.00,      6.00,      6.00,0,0,0,1,1,1
H5,152,2018,292122,      6.00,      6.00,      6.00,      6.00,0,0,0,1,1,1
H5,152,2018,292129,      6.00,      6.00,      6.00,      6.00,0,0,0,1,1,1
H5,152,2018,292130,      6.00,      6.00,      6.00,      6.00,0,0,0,1,1,1
H5,152,2018,292141,      6.00,      6.00,      6.00,      6.00,0,0,0,1,1,1
H5,152,2018,292142,      6.00,      6.00,      6.00,      6.00,0,0,0,1,1,1
H5,152,2018,292143,     12.00,      6.00,      6.00,      6.00,0,0,0,2,2,2
H5,152,2018,292144,      6.00,      6.00,      6.00,      6.00,0,0,0,1,1,1
H5,152,2018,292145,      6.00,      6.00,      6.00,      6.00,0,0,0,1,1,1
H5,152,2018,292146,      6.00,      6.00,      6.00,      6.00,0,0,0,1,1,1
H5,152,2018,292149,      6.00,      6.00,      6.00,      6.00,0,0,0,1,1,1
H5,152,2018,292151,      6.00,      6.00,      6.00,      6.00,0,0,0,1,1,1
H5,152,2018,292159,      6.00,      6.00,      6.00,      6.00,0,0,0,1,1,1
H5,152,2018,292211,      6.00,      6.00,      6.00,      6.00,0,0,0,1,1,1
H5,152,2018,292212,     12.00,      6.00,      6.00,      6.00,0,0,0,2,2,2
H5,152,2018,292214,      6.00,      6.00,      6.00,      6.00,0,0,0,1,1,1
H5,152,2018,292215,      6.00,      6.00,      6.00,      6.00,0,0,0,1,1,1
H5,152,2018,292216,      6.00,      6.00,      6.00,      6.00,0,0,0,1,1,1
H5,152,2018,292217,     12.00,      6.00,      6.00,      6.00,0,0,0,2,2,2
H5,152,2018,292218,      6.00,      6.00,      6.00,      6.00,0,0,0,1,1,1
H5,152,2018,292219,     30.00,      6.00,      6.00,      6.00,0,0,0,5,5,5
H5,152,2018,292221,      6.00,      6.00,      6.00,      6.00,0,0,0,1,1,1
H5,152,2018,292229,     18.00,      6.00,      6.00,      6.00,0,0,0,3,3,3
H5,152,2018,292231,      6.00,      6.00,      6.00,      6.00,0,0,0,1,1,1
H5,152,2018,292239,      6.00,      6.00,      6.00,      6.00,0,0,0,1,1,1
H5,152,2018,292241,      6.00,      6.00,      6.00,      6.00,0,0,0,1,1,1
H5,152,2018,292242,     12.00,      6.00,      6.00,      6.00,0,0,0,2,2,2
H5,152,2018,292243,      6.00,      6.00,      6.00,      6.00,0,0,0,1,1,1
H5,152,2018,292244,      6.00,      6.00,      6.00,      6.00,0,0,0,1,1,1
H5,152,2018,292249,      6.00,      6.00,      6.00,      6.00,0,0,0,1,1,1
H5,152,2018,292250,      6.00,      6.00,      6.00,      6.00,0,0,0,1,1,1
H5,152,2018,292310,      6.00,      6.00,      6.00,      6.00,0,0,0,1,1,1
H5,152,2018,292320,     12.00,      6.00,      6.00,      6.00,0,0,0,2,2,2
H5,152,2018,292330,      6.00,      6.00,      6.00,      6.00,0,0,0,1,1,1
H5,152,2018,292340,      6.00,      6.00,      6.00,      6.00,0,0,0,1,1,1
H5,152,2018,292390,      6.00,      6.00,      6.00,      6.00,0,0,0,1,1,1
H5,152,2018,292411,      6.00,      6.00,      6.00,      6.00,0,0,0,1,1,1
H5,152,2018,292412,     36.00,      6.00,      6.00,      6.00,0,0,0,6,6,6
H5,152,2018,292419,     18.00,      6.00,      6.00,      6.00,0,0,0,3,3,3
H5,152,2018,292421,      6.00,      6.00,      6.00,      6.00,0,0,0,1,1,1
H5,152,2018,292423,      6.00,      6.00,      6.00,      6.00,0,0,0,1,1,1
H5,152,2018,292424,      6.00,      6.00,      6.00,      6.00,0,0,0,1,1,1
H5,152,2018,292425,      6.00,      6.00,      6.00,      6.00,0,0,0,1,1,1
H5,152,2018,292429,     12.00,      6.00,      6.00,      6.00,0,0,0,2,2,2
H5,152,2018,292511,      6.00,      6.00,      6.00,      6.00,0,0,0,1,1,1
H5,152,2018,292512,      6.00,      6.00,      6.00,      6.00,0,0,0,1,1,1
H5,152,2018,292519,      6.00,      6.00,      6.00,      6.00,0,0,0,1,1,1
H5,152,2018,292521,      6.00,      6.00,      6.00,      6.00,0,0,0,1,1,1
H5,152,2018,292529,     30.00,      6.00,      6.00,      6.00,0,0,0,5,5,5
H5,152,2018,292610,      6.00,      6.00,      6.00,      6.00,0,0,0,1,1,1
H5,152,2018,292620,      6.00,      6.00,      6.00,      6.00,0,0,0,1,1,1
H5,152,2018,292630,      6.00,      6.00,      6.00,      6.00,0,0,0,1,1,1
H5,152,2018,292640,      6.00,      6.00,      6.00,      6.00,0,0,0,1,1,1
H5,152,2018,292690,      6.00,      6.00,      6.00,      6.00,0,0,0,1,1,1
H5,152,2018,292700,      6.00,      6.00,      6.00,      6.00,0,0,0,1,1,1
H5,152,2018,292800,     12.00,      6.00,      6.00,      6.00,0,0,0,2,2,2
H5,152,2018,292910,     18.00,      6.00,      6.00,      6.00,0,0,0,3,3,3
H5,152,2018,292990,     24.00,      6.00,      6.00,      6.00,0,0,0,4,4,4
H5,152,2018,293020,     12.00,      6.00,      6.00,      6.00,0,0,0,2,2,2
H5,152,2018,293030,      6.00,      6.00,      6.00,      6.00,0,0,0,1,1,1
H5,152,2018,293040,      6.00,      6.00,      6.00,      6.00,0,0,0,1,1,1
H5,152,2018,293060,      6.00,      6.00,      6.00,      6.00,0,0,0,1,1,1
H5,152,2018,293070,      6.00,      6.00,      6.00,      6.00,0,0,0,1,1,1
H5,152,2018,293080,     18.00,      6.00,      6.00,      6.00,0,0,0,3,3,3
H5,152,2018,293090,    114.00,      6.00,      6.00,      6.00,0,0,0,19,19,19
H5,152,2018,293110,     12.00,      6.00,      6.00,      6.00,0,0,0,2,2,2
H5,152,2018,293120,      6.00,      6.00,      6.00,      6.00,0,0,0,1,1,1
H5,152,2018,293131,      6.00,      6.00,      6.00,      6.00,0,0,0,1,1,1
H5,152,2018,293132,      6.00,      6.00,      6.00,      6.00,0,0,0,1,1,1
H5,152,2018,293133,      6.00,      6.00,      6.00,      6.00,0,0,0,1,1,1
H5,152,2018,293134,      6.00,      6.00,      6.00,      6.00,0,0,0,1,1,1
H5,152,2018,293135,      6.00,      6.00,      6.00,      6.00,0,0,0,1,1,1
H5,152,2018,293136,      6.00,      6.00,      6.00,      6.00,0,0,0,1,1,1
H5,152,2018,293137,      6.00,      6.00,      6.00,      6.00,0,0,0,1,1,1
H5,152,2018,293138,      6.00,      6.00,      6.00,      6.00,0,0,0,1,1,1
H5,152,2018,293139,     24.00,      6.00,      6.00,      6.00,0,0,0,4,4,4
H5,152,2018,293190,    102.00,      6.00,      6.00,      6.00,0,0,0,17,17,17
H5,152,2018,293211,      6.00,      6.00,      6.00,      6.00,0,0,0,1,1,1
H5,152,2018,293212,      6.00,      6.00,      6.00,      6.00,0,0,0,1,1,1
H5,152,2018,293213,      6.00,      6.00,      6.00,      6.00,0,0,0,1,1,1
H5,152,2018,293214,      6.00,      6.00,      6.00,      6.00,0,0,0,1,1,1
H5,152,2018,293219,      6.00,      6.00,      6.00,      6.00,0,0,0,1,1,1
H5,152,2018,293220,     12.00,      6.00,      6.00,      6.00,0,0,0,2,2,2
H5,152,2018,293291,      6.00,      6.00,      6.00,      6.00,0,0,0,1,1,1
H5,152,2018,293292,      6.00,      6.00,      6.00,      6.00,0,0,0,1,1,1
H5,152,2018,293293,      6.00,      6.00,      6.00,      6.00,0,0,0,1,1,1
H5,152,2018,293294,      6.00,      6.00,      6.00,      6.00,0,0,0,1,1,1
H5,152,2018,293295,      6.00,      6.00,      6.00,      6.00,0,0,0,1,1,1
H5,152,2018,293299,     30.00,      6.00,      6.00,      6.00,0,0,0,5,5,5
H5,152,2018,293311,      6.00,      6.00,      6.00,      6.00,0,0,0,1,1,1
H5,152,2018,293319,      6.00,      6.00,      6.00,      6.00,0,0,0,1,1,1
H5,152,2018,293321,      6.00,      6.00,      6.00,      6.00,0,0,0,1,1,1
H5,152,2018,293329,      6.00,      6.00,      6.00,      6.00,0,0,0,1,1,1
H5,152,2018,293331,      6.00,      6.00,      6.00,      6.00,0,0,0,1,1,1
H5,152,2018,293332,      6.00,      6.00,      6.00,      6.00,0,0,0,1,1,1
H5,152,2018,293333,      6.00,      6.00,      6.00,      6.00,0,0,0,1,1,1
H5,152,2018,293339,     24.00,      6.00,      6.00,      6.00,0,0,0,4,4,4
H5,152,2018,293341,      6.00,      6.00,      6.00,      6.00,0,0,0,1,1,1
H5,152,2018,293349,      6.00,      6.00,      6.00,      6.00,0,0,0,1,1,1
H5,152,2018,293352,      6.00,      6.00,      6.00,      6.00,0,0,0,1,1,1
H5,152,2018,293353,      6.00,      6.00,      6.00,      6.00,0,0,0,1,1,1
H5,152,2018,293354,      6.00,      6.00,      6.00,      6.00,0,0,0,1,1,1
H5,152,2018,293355,      6.00,      6.00,      6.00,      6.00,0,0,0,1,1,1
H5,152,2018,293359,      6.00,      6.00,      6.00,      6.00,0,0,0,1,1,1
H5,152,2018,293361,      6.00,      6.00,      6.00,      6.00,0,0,0,1,1,1
H5,152,2018,293369,      6.00,      6.00,      6.00,      6.00,0,0,0,1,1,1
H5,152,2018,293371,      6.00,      6.00,      6.00,      6.00,0,0,0,1,1,1
H5,152,2018,293372,      6.00,      6.00,      6.00,      6.00,0,0,0,1,1,1
H5,152,2018,293379,      6.00,      6.00,      6.00,      6.00,0,0,0,1,1,1
H5,152,2018,293391,      6.00,      6.00,      6.00,      6.00,0,0,0,1,1,1
H5,152,2018,293392,      6.00,      6.00,      6.00,      6.00,0,0,0,1,1,1
H5,152,2018,293399,     18.00,      6.00,      6.00,      6.00,0,0,0,3,3,3
H5,152,2018,293410,      6.00,      6.00,      6.00,      6.00,0,0,0,1,1,1
H5,152,2018,293420,      6.00,      6.00,      6.00,      6.00,0,0,0,1,1,1
H5,152,2018,293430,      6.00,      6.00,      6.00,      6.00,0,0,0,1,1,1
H5,152,2018,293491,      6.00,      6.00,      6.00,      6.00,0,0,0,1,1,1
H5,152,2018,293499,     36.00,      6.00,      6.00,      6.00,0,0,0,6,6,6
H5,152,2018,293510,      6.00,      6.00,      6.00,      6.00,0,0,0,1,1,1
H5,152,2018,293520,      6.00,      6.00,      6.00,      6.00,0,0,0,1,1,1
H5,152,2018,293530,      6.00,      6.00,      6.00,      6.00,0,0,0,1,1,1
H5,152,2018,293540,      6.00,      6.00,      6.00,      6.00,0,0,0,1,1,1
H5,152,2018,293550,      6.00,      6.00,      6.00,      6.00,0,0,0,1,1,1
H5,152,2018,293590,      6.00,      6.00,      6.00,      6.00,0,0,0,1,1,1
H5,152,2018,293621,      6.00,      6.00,      6.00,      6.00,0,0,0,1,1,1
H5,152,2018,293622,      6.00,      6.00,      6.00,      6.00,0,0,0,1,1,1
H5,152,2018,293623,      6.00,      6.00,      6.00,      6.00,0,0,0,1,1,1
H5,152,2018,293624,      6.00,      6.00,      6.00,      6.00,0,0,0,1,1,1
H5,152,2018,293625,      6.00,      6.00,      6.00,      6.00,0,0,0,1,1,1
H5,152,2018,293626,      6.00,      6.00,      6.00,      6.00,0,0,0,1,1,1
H5,152,2018,293627,      6.00,      6.00,      6.00,      6.00,0,0,0,1,1,1
H5,152,2018,293628,      6.00,      6.00,      6.00,      6.00,0,0,0,1,1,1
H5,152,2018,293629,      6.00,      6.00,      6.00,      6.00,0,0,0,1,1,1
H5,152,2018,293690,      6.00,      6.00,      6.00,      6.00,0,0,0,1,1,1
H5,152,2018,293711,      6.00,      6.00,      6.00,      6.00,0,0,0,1,1,1
H5,152,2018,293712,      6.00,      6.00,      6.00,      6.00,0,0,0,1,1,1
H5,152,2018,293719,      6.00,      6.00,      6.00,      6.00,0,0,0,1,1,1
H5,152,2018,293721,      6.00,      6.00,      6.00,      6.00,0,0,0,1,1,1
H5,152,2018,293722,      6.00,      6.00,      6.00,      6.00,0,0,0,1,1,1
H5,152,2018,293723,      6.00,      6.00,      6.00,      6.00,0,0,0,1,1,1
H5,152,2018,293729,      6.00,      6.00,      6.00,      6.00,0,0,0,1,1,1
H5,152,2018,293750,      6.00,      6.00,      6.00,      6.00,0,0,0,1,1,1
H5,152,2018,293790,      6.00,      6.00,      6.00,      6.00,0,0,0,1,1,1
H5,152,2018,293810,      6.00,      6.00,      6.00,      6.00,0,0,0,1,1,1
H5,152,2018,293890,      6.00,      6.00,      6.00,      6.00,0,0,0,1,1,1
H5,152,2018,293911,     18.00,      6.00,      6.00,      6.00,0,0,0,3,3,3
H5,152,2018,293919,      6.00,      6.00,      6.00,      6.00,0,0,0,1,1,1
H5,152,2018,293920,      6.00,      6.00,      6.00,      6.00,0,0,0,1,1,1
H5,152,2018,293930,      6.00,      6.00,      6.00,      6.00,0,0,0,1,1,1
H5,152,2018,293941,      6.00,      6.00,      6.00,      6.00,0,0,0,1,1,1
H5,152,2018,293942,      6.00,      6.00,      6.00,      6.00,0,0,0,1,1,1
H5,152,2018,293943,      6.00,      6.00,      6.00,      6.00,0,0,0,1,1,1
H5,152,2018,293944,      6.00,      6.00,      6.00,      6.00,0,0,0,1,1,1
H5,152,2018,293949,      6.00,      6.00,      6.00,      6.00,0,0,0,1,1,1
H5,152,2018,293951,      6.00,      6.00,      6.00,      6.00,0,0,0,1,1,1
H5,152,2018,293959,      6.00,      6.00,      6.00,      6.00,0,0,0,1,1,1
H5,152,2018,293961,      6.00,      6.00,      6.00,      6.00,0,0,0,1,1,1
H5,152,2018,293962,      6.00,      6.00,      6.00,      6.00,0,0,0,1,1,1
H5,152,2018,293963,      6.00,      6.00,      6.00,      6.00,0,0,0,1,1,1
H5,152,2018,293969,     18.00,      6.00,      6.00,      6.00,0,0,0,3,3,3
H5,152,2018,293971,      6.00,      6.00,      6.00,      6.00,0,0,0,1,1,1
H5,152,2018,293979,     24.00,      6.00,      6.00,      6.00,0,0,0,4,4,4
H5,152,2018,293980,      6.00,      6.00,      6.00,      6.00,0,0,0,1,1,1
H5,152,2018,294000,      6.00,      6.00,      6.00,      6.00,0,0,0,1,1,1
H5,152,2018,294110,      6.00,      6.00,      6.00,      6.00,0,0,0,1,1,1
H5,152,2018,294120,      6.00,      6.00,      6.00,      6.00,0,0,0,1,1,1
H5,152,2018,294130,     24.00,      6.00,      6.00,      6.00,0,0,0,4,4,4
H5,152,2018,294140,      6.00,      6.00,      6.00,      6.00,0,0,0,1,1,1
H5,152,2018,294150,      6.00,      6.00,      6.00,      6.00,0,0,0,1,1,1
H5,152,2018,294190,     36.00,      6.00,      6.00,      6.00,0,0,0,6,6,6
H5,152,2018,294200,      6.00,      6.00,      6.00,      6.00,0,0,0,1,1,1
H5,152,2018,300120,      6.00,      6.00,      6.00,      6.00,0,0,0,1,1,1
H5,152,2018,300190,      6.00,      6.00,      6.00,      6.00,0,0,0,1,1,1
H5,152,2018,300211,      6.00,      6.00,      6.00,      6.00,0,0,0,1,1,1
H5,152,2018,300212,     12.00,      6.00,      6.00,      6.00,0,0,0,2,2,2
H5,152,2018,300213,     36.00,      6.00,      6.00,      6.00,0,0,0,6,6,6
H5,152,2018,300214,     36.00,      6.00,      6.00,      6.00,0,0,0,6,6,6
H5,152,2018,300215,     36.00,      6.00,      6.00,      6.00,0,0,0,6,6,6
H5,152,2018,300219,     12.00,      6.00,      6.00,      6.00,0,0,0,2,2,2
H5,152,2018,300220,      6.00,      6.00,      6.00,      6.00,0,0,0,1,1,1
H5,152,2018,300230,      6.00,      6.00,      6.00,      6.00,0,0,0,1,1,1
H5,152,2018,300290,     30.00,      6.00,      6.00,      6.00,0,0,0,5,5,5
H5,152,2018,300310,     18.00,      6.00,      6.00,      6.00,0,0,0,3,3,3
H5,152,2018,300320,     54.00,      6.00,      6.00,      6.00,0,0,0,9,9,9
H5,152,2018,300331,     12.00,      6.00,      6.00,      6.00,0,0,0,2,2,2
H5,152,2018,300339,     18.00,      6.00,      6.00,      6.00,0,0,0,3,3,3
H5,152,2018,300341,     12.00,      6.00,      6.00,      6.00,0,0,0,2,2,2
H5,152,2018,300342,     12.00,      6.00,      6.00,      6.00,0,0,0,2,2,2
H5,152,2018,300343,     12.00,      6.00,      6.00,      6.00,0,0,0,2,2,2
H5,152,2018,300349,     12.00,      6.00,      6.00,      6.00,0,0,0,2,2,2
H5,152,2018,300360,      6.00,      6.00,      6.00,      6.00,0,0,0,1,1,1
H5,152,2018,300390,     12.00,      6.00,      6.00,      6.00,0,0,0,2,2,2
H5,152,2018,300410,     18.00,      6.00,      6.00,      6.00,0,0,0,3,3,3
H5,152,2018,300420,     60.00,      6.00,      6.00,      6.00,0,0,0,10,10,10
H5,152,2018,300431,     12.00,      6.00,      6.00,      6.00,0,0,0,2,2,2
H5,152,2018,300432,     30.00,      6.00,      6.00,      6.00,0,0,0,5,5,5
H5,152,2018,300439,     12.00,      6.00,      6.00,      6.00,0,0,0,2,2,2
H5,152,2018,300441,     18.00,      6.00,      6.00,      6.00,0,0,0,3,3,3
H5,152,2018,300442,     18.00,      6.00,      6.00,      6.00,0,0,0,3,3,3
H5,152,2018,300443,     18.00,      6.00,      6.00,      6.00,0,0,0,3,3,3
H5,152,2018,300449,     24.00,      6.00,      6.00,      6.00,0,0,0,4,4,4
H5,152,2018,300450,     18.00,      6.00,      6.00,      6.00,0,0,0,3,3,3
H5,152,2018,300460,      6.00,      6.00,      6.00,      6.00,0,0,0,1,1,1
H5,152,2018,300490,    186.00,      6.00,      6.00,      6.00,0,0,0,31,31,31
H5,152,2018,300510,     30.00,      6.00,      6.00,      6.00,0,0,0,5,5,5
H5,152,2018,300590,     18.00,      6.00,      6.00,      6.00,0,0,0,3,3,3
H5,152,2018,300610,     24.00,      6.00,      6.00,      6.00,0,0,0,4,4,4
H5,152,2018,300620,      6.00,      6.00,      6.00,      6.00,0,0,0,1,1,1
H5,152,2018,300630,      6.00,      6.00,      6.00,      6.00,0,0,0,1,1,1
H5,152,2018,300640,     12.00,      6.00,      6.00,      6.00,0,0,0,2,2,2
H5,152,2018,300650,     12.00,      6.00,      6.00,      6.00,0,0,0,2,2,2
H5,152,2018,300660,      6.00,      6.00,      6.00,      6.00,0,0,0,1,1,1
H5,152,2018,300670,      6.00,      6.00,      6.00,      6.00,0,0,0,1,1,1
H5,152,2018,300691,      6.00,      6.00,      6.00,      6.00,0,0,0,1,1,1
H5,152,2018,300692,      6.00,      6.00,      6.00,      6.00,0,0,0,1,1,1
H5,152,2018,310100,      6.00,      6.00,      6.00,      6.00,0,0,0,1,1,1
H5,152,2018,310210,      6.00,      6.00,      6.00,      6.00,0,0,0,1,1,1
H5,152,2018,310221,      6.00,      6.00,      6.00,      6.00,0,0,0,1,1,1
H5,152,2018,310229,      6.00,      6.00,      6.00,      6.00,0,0,0,1,1,1
H5,152,2018,310230,      6.00,      6.00,      6.00,      6.00,0,0,0,1,1,1
H5,152,2018,310240,      6.00,      6.00,      6.00,      6.00,0,0,0,1,1,1
H5,152,2018,310250,      6.00,      6.00,      6.00,      6.00,0,0,0,1,1,1
H5,152,2018,310260,      6.00,      6.00,      6.00,      6.00,0,0,0,1,1,1
H5,152,2018,310280,      6.00,      6.00,      6.00,      6.00,0,0,0,1,1,1
H5,152,2018,310290,     12.00,      6.00,      6.00,      6.00,0,0,0,2,2,2
H5,152,2018,310311,     18.00,      6.00,      6.00,      6.00,0,0,0,3,3,3
H5,152,2018,310319,     18.00,      6.00,      6.00,      6.00,0,0,0,3,3,3
H5,152,2018,310390,      6.00,      6.00,      6.00,      6.00,0,0,0,1,1,1
H5,152,2018,310420,      6.00,      6.00,      6.00,      6.00,0,0,0,1,1,1
H5,152,2018,310430,      6.00,      6.00,      6.00,      6.00,0,0,0,1,1,1
H5,152,2018,310490,     12.00,      6.00,      6.00,      6.00,0,0,0,2,2,2
H5,152,2018,310510,     24.00,      6.00,      6.00,      6.00,0,0,0,4,4,4
H5,152,2018,310520,      6.00,      6.00,      6.00,      6.00,0,0,0,1,1,1
H5,152,2018,310530,      6.00,      6.00,      6.00,      6.00,0,0,0,1,1,1
H5,152,2018,310540,      6.00,      6.00,      6.00,      6.00,0,0,0,1,1,1
H5,152,2018,310551,      6.00,      6.00,      6.00,      6.00,0,0,0,1,1,1
H5,152,2018,310559,      6.00,      6.00,      6.00,      6.00,0,0,0,1,1,1
H5,152,2018,310560,      6.00,      6.00,      6.00,      6.00,0,0,0,1,1,1
H5,152,2018,310590,     18.00,      6.00,      6.00,      6.00,0,0,0,3,3,3
H5,152,2018,320110,      6.00,      6.00,      6.00,      6.00,0,0,0,1,1,1
H5,152,2018,320120,      6.00,      6.00,      6.00,      6.00,0,0,0,1,1,1
H5,152,2018,320190,      6.00,      6.00,      6.00,      6.00,0,0,0,1,1,1
H5,152,2018,320210,      6.00,      6.00,      6.00,      6.00,0,0,0,1,1,1
H5,152,2018,320290,     12.00,      6.00,      6.00,      6.00,0,0,0,2,2,2
H5,152,2018,320300,     12.00,      6.00,      6.00,      6.00,0,0,0,2,2,2
H5,152,2018,320411,      6.00,      6.00,      6.00,      6.00,0,0,0,1,1,1
H5,152,2018,320412,      6.00,      6.00,      6.00,      6.00,0,0,0,1,1,1
H5,152,2018,320413,      6.00,      6.00,      6.00,      6.00,0,0,0,1,1,1
H5,152,2018,320414,      6.00,      6.00,      6.00,      6.00,0,0,0,1,1,1
H5,152,2018,320415,      6.00,      6.00,      6.00,      6.00,0,0,0,1,1,1
H5,152,2018,320416,      6.00,      6.00,      6.00,      6.00,0,0,0,1,1,1
H5,152,2018,320417,      6.00,      6.00,      6.00,      6.00,0,0,0,1,1,1
H5,152,2018,320419,     12.00,      6.00,      6.00,      6.00,0,0,0,2,2,2
H5,152,2018,320420,      6.00,      6.00,      6.00,      6.00,0,0,0,1,1,1
H5,152,2018,320490,      6.00,      6.00,      6.00,      6.00,0,0,0,1,1,1
H5,152,2018,320500,      6.00,      6.00,      6.00,      6.00,0,0,0,1,1,1
H5,152,2018,320611,     12.00,      6.00,      6.00,      6.00,0,0,0,2,2,2
H5,152,2018,320619,      6.00,      6.00,      6.00,      6.00,0,0,0,1,1,1
H5,152,2018,320620,      6.00,      6.00,      6.00,      6.00,0,0,0,1,1,1
H5,152,2018,320641,      6.00,      6.00,      6.00,      6.00,0,0,0,1,1,1
H5,152,2018,320642,      6.00,      6.00,      6.00,      6.00,0,0,0,1,1,1
H5,152,2018,320649,      6.00,      6.00,      6.00,      6.00,0,0,0,1,1,1
H5,152,2018,320650,      6.00,      6.00,      6.00,      6.00,0,0,0,1,1,1
H5,152,2018,320710,      6.00,      6.00,      6.00,      6.00,0,0,0,1,1,1
H5,152,2018,320720,      6.00,      6.00,      6.00,      6.00,0,0,0,1,1,1
H5,152,2018,320730,      6.00,      6.00,      6.00,      6.00,0,0,0,1,1,1
H5,152,2018,320740,     12.00,      6.00,      6.00,      6.00,0,0,0,2,2,2
H5,152,2018,320810,     30.00,      6.00,      6.00,      6.00,0,0,0,5,5,5
H5,152,2018,320820,     30.00,      6.00,      6.00,      6.00,0,0,0,5,5,5
H5,152,2018,320890,     30.00,      6.00,      6.00,      6.00,0,0,0,5,5,5
H5,152,2018,320910,     24.00,      6.00,      6.00,      6.00,0,0,0,4,4,4
H5,152,2018,320990,     24.00,      6.00,      6.00,      6.00,0,0,0,4,4,4
H5,152,2018,321000,      6.00,      6.00,      6.00,      6.00,0,0,0,1,1,1
H5,152,2018,321100,      6.00,      6.00,      6.00,      6.00,0,0,0,1,1,1
H5,152,2018,321210,      6.00,      6.00,      6.00,      6.00,0,0,0,1,1,1
H5,152,2018,321290,     12.00,      6.00,      6.00,      6.00,0,0,0,2,2,2
H5,152,2018,321310,      6.00,      6.00,      6.00,      6.00,0,0,0,1,1,1
H5,152,2018,321390,      6.00,      6.00,      6.00,      6.00,0,0,0,1,1,1
H5,152,2018,321410,      6.00,      6.00,      6.00,      6.00,0,0,0,1,1,1
H5,152,2018,321490,      6.00,      6.00,      6.00,      6.00,0,0,0,1,1,1
H5,152,2018,321511,      6.00,      6.00,      6.00,      6.00,0,0,0,1,1,1
H5,152,2018,321519,      6.00,      6.00,      6.00,      6.00,0,0,0,1,1,1
H5,152,2018,321590,      6.00,      6.00,      6.00,      6.00,0,0,0,1,1,1
H5,152,2018,330112,      6.00,      6.00,      6.00,      6.00,0,0,0,1,1,1
H5,152,2018,330113,      6.00,      6.00,      6.00,      6.00,0,0,0,1,1,1
H5,152,2018,330119,      6.00,      6.00,      6.00,      6.00,0,0,0,1,1,1
H5,152,2018,330124,      6.00,      6.00,      6.00,      6.00,0,0,0,1,1,1
H5,152,2018,330125,      6.00,      6.00,      6.00,      6.00,0,0,0,1,1,1
H5,152,2018,330129,      6.00,      6.00,      6.00,      6.00,0,0,0,1,1,1
H5,152,2018,330130,      6.00,      6.00,      6.00,      6.00,0,0,0,1,1,1
H5,152,2018,330190,      6.00,      6.00,      6.00,      6.00,0,0,0,1,1,1
H5,152,2018,330210,      6.00,      6.00,      6.00,      6.00,0,0,0,1,1,1
H5,152,2018,330290,     30.00,      6.00,      6.00,      6.00,0,0,0,5,5,5
H5,152,2018,330300,     12.00,      6.00,      6.00,      6.00,0,0,0,2,2,2
H5,152,2018,330410,      6.00,      6.00,      6.00,      6.00,0,0,0,1,1,1
H5,152,2018,330420,      6.00,      6.00,      6.00,      6.00,0,0,0,1,1,1
H5,152,2018,330430,     18.00,      6.00,      6.00,      6.00,0,0,0,3,3,3
H5,152,2018,330491,      6.00,      6.00,      6.00,      6.00,0,0,0,1,1,1
H5,152,2018,330499,     54.00,      6.00,      6.00,      6.00,0,0,0,9,9,9
H5,152,2018,330510,     18.00,      6.00,      6.00,      6.00,0,0,0,3,3,3
H5,152,2018,330520,      6.00,      6.00,      6.00,      6.00,0,0,0,1,1,1
H5,152,2018,330530,      6.00,      6.00,      6.00,      6.00,0,0,0,1,1,1
H5,152,2018,330590,     18.00,      6.00,      6.00,      6.00,0,0,0,3,3,3
H5,152,2018,330610,      6.00,      6.00,      6.00,      6.00,0,0,0,1,1,1
H5,152,2018,330620,      6.00,      6.00,      6.00,      6.00,0,0,0,1,1,1
H5,152,2018,330690,     18.00,      6.00,      6.00,      6.00,0,0,0,3,3,3
H5,152,2018,330710,     12.00,      6.00,      6.00,      6.00,0,0,0,2,2,2
H5,152,2018,330720,     12.00,      6.00,      6.00,      6.00,0,0,0,2,2,2
H5,152,2018,330730,      6.00,      6.00,      6.00,      6.00,0,0,0,1,1,1
H5,152,2018,330741,      6.00,      6.00,      6.00,      6.00,0,0,0,1,1,1
H5,152,2018,330749,     12.00,      6.00,      6.00,      6.00,0,0,0,2,2,2
H5,152,2018,330790,     12.00,      6.00,      6.00,      6.00,0,0,0,2,2,2
H5,152,2018,340111,      6.00,      6.00,      6.00,      6.00,0,0,0,1,1,1
H5,152,2018,340119,      6.00,      6.00,      6.00,      6.00,0,0,0,1,1,1
H5,152,2018,340120,     12.00,      6.00,      6.00,      6.00,0,0,0,2,2,2
H5,152,2018,340130,      6.00,      6.00,      6.00,      6.00,0,0,0,1,1,1
H5,152,2018,340211,      6.00,      6.00,      6.00,      6.00,0,0,0,1,1,1
H5,152,2018,340212,      6.00,      6.00,      6.00,      6.00,0,0,0,1,1,1
H5,152,2018,340213,      6.00,      6.00,      6.00,      6.00,0,0,0,1,1,1
H5,152,2018,340219,      6.00,      6.00,      6.00,      6.00,0,0,0,1,1,1
H5,152,2018,340220,     12.00,      6.00,      6.00,      6.00,0,0,0,2,2,2
H5,152,2018,340290,      6.00,      6.00,      6.00,      6.00,0,0,0,1,1,1
H5,152,2018,340311,      6.00,      6.00,      6.00,      6.00,0,0,0,1,1,1
H5,152,2018,340319,     12.00,      6.00,      6.00,      6.00,0,0,0,2,2,2
H5,152,2018,340391,      6.00,      6.00,      6.00,      6.00,0,0,0,1,1,1
H5,152,2018,340399,     12.00,      6.00,      6.00,      6.00,0,0,0,2,2,2
H5,152,2018,340420,      6.00,      6.00,      6.00,      6.00,0,0,0,1,1,1
H5,152,2018,340490,     12.00,      6.00,      6.00,      6.00,0,0,0,2,2,2
H5,152,2018,340510,     12.00,      6.00,      6.00,      6.00,0,0,0,2,2,2
H5,152,2018,340520,      6.00,      6.00,      6.00,      6.00,0,0,0,1,1,1
H5,152,2018,340530,     12.00,      6.00,      6.00,      6.00,0,0,0,2,2,2
H5,152,2018,340540,      6.00,      6.00,      6.00,      6.00,0,0,0,1,1,1
H5,152,2018,340590,     12.00,      6.00,      6.00,      6.00,0,0,0,2,2,2
H5,152,2018,340600,      6.00,      6.00,      6.00,      6.00,0,0,0,1,1,1
H5,152,2018,340700,     18.00,      6.00,      6.00,      6.00,0,0,0,3,3,3
H5,152,2018,350110,      6.00,      6.00,      6.00,      6.00,0,0,0,1,1,1
H5,152,2018,350190,      6.00,      6.00,      6.00,      6.00,0,0,0,1,1,1
H5,152,2018,350211,      6.00,      6.00,      6.00,      6.00,0,0,0,1,1,1
H5,152,2018,350219,      6.00,      6.00,      6.00,      6.00,0,0,0,1,1,1
H5,152,2018,350220,      6.00,      6.00,      6.00,      6.00,0,0,0,1,1,1
H5,152,2018,350290,      6.00,      6.00,      6.00,      6.00,0,0,0,1,1,1
H5,152,2018,350300,     12.00,      6.00,      6.00,      6.00,0,0,0,2,2,2
H5,152,2018,350400,     12.00,      6.00,      6.00,      6.00,0,0,0,2,2,2
H5,152,2018,350510,      6.00,      6.00,      6.00,      6.00,0,0,0,1,1,1
H5,152,2018,350520,      6.00,      6.00,      6.00,      6.00,0,0,0,1,1,1
H5,152,2018,350610,      6.00,      6.00,      6.00,      6.00,0,0,0,1,1,1
H5,152,2018,350691,     12.00,      6.00,      6.00,      6.00,0,0,0,2,2,2
H5,152,2018,350699,      6.00,      6.00,      6.00,      6.00,0,0,0,1,1,1
H5,152,2018,350710,     12.00,      6.00,      6.00,      6.00,0,0,0,2,2,2
H5,152,2018,350790,     18.00,      6.00,      6.00,      6.00,0,0,0,3,3,3
H5,152,2018,360100,      6.00,      6.00,      6.00,      6.00,0,0,0,1,1,1
H5,152,2018,360200,     30.00,      6.00,      6.00,      6.00,0,0,0,5,5,5
H5,152,2018,360300,     36.00,      6.00,      6.00,      6.00,0,0,0,6,6,6
H5,152,2018,360410,      6.00,      6.00,      6.00,      6.00,0,0,0,1,1,1
H5,152,2018,360490,      6.00,      6.00,      6.00,      6.00,0,0,0,1,1,1
H5,152,2018,360500,      6.00,      6.00,      6.00,      6.00,0,0,0,1,1,1
H5,152,2018,360610,      6.00,      6.00,      6.00,      6.00,0,0,0,1,1,1
H5,152,2018,360690,      6.00,      6.00,      6.00,      6.00,0,0,0,1,1,1
H5,152,2018,370110,      6.00,      6.00,      6.00,      6.00,0,0,0,1,1,1
H5,152,2018,370120,      6.00,      6.00,      6.00,      6.00,0,0,0,1,1,1
H5,152,2018,370130,      6.00,      6.00,      6.00,      6.00,0,0,0,1,1,1
H5,152,2018,370191,      6.00,      6.00,      6.00,      6.00,0,0,0,1,1,1
H5,152,2018,370199,     12.00,      6.00,      6.00,      6.00,0,0,0,2,2,2
H5,152,2018,370210,      6.00,      6.00,      6.00,      6.00,0,0,0,1,1,1
H5,152,2018,370231,      6.00,      6.00,      6.00,      6.00,0,0,0,1,1,1
H5,152,2018,370232,      6.00,      6.00,      6.00,      6.00,0,0,0,1,1,1
H5,152,2018,370239,      6.00,      6.00,      6.00,      6.00,0,0,0,1,1,1
H5,152,2018,370241,      6.00,      6.00,      6.00,      6.00,0,0,0,1,1,1
H5,152,2018,370242,      6.00,      6.00,      6.00,      6.00,0,0,0,1,1,1
H5,152,2018,370243,      6.00,      6.00,      6.00,      6.00,0,0,0,1,1,1
H5,152,2018,370244,      6.00,      6.00,      6.00,      6.00,0,0,0,1,1,1
H5,152,2018,370252,      6.00,      6.00,      6.00,      6.00,0,0,0,1,1,1
H5,152,2018,370253,      6.00,      6.00,      6.00,      6.00,0,0,0,1,1,1
H5,152,2018,370254,     12.00,      6.00,      6.00,      6.00,0,0,0,2,2,2
H5,152,2018,370255,      6.00,      6.00,      6.00,      6.00,0,0,0,1,1,1
H5,152,2018,370256,      6.00,      6.00,      6.00,      6.00,0,0,0,1,1,1
H5,152,2018,370296,      6.00,      6.00,      6.00,      6.00,0,0,0,1,1,1
H5,152,2018,370297,      6.00,      6.00,      6.00,      6.00,0,0,0,1,1,1
H5,152,2018,370298,      6.00,      6.00,      6.00,      6.00,0,0,0,1,1,1
H5,152,2018,370310,      6.00,      6.00,      6.00,      6.00,0,0,0,1,1,1
H5,152,2018,370320,      6.00,      6.00,      6.00,      6.00,0,0,0,1,1,1
H5,152,2018,370390,     18.00,      6.00,      6.00,      6.00,0,0,0,3,3,3
H5,152,2018,370400,      6.00,      6.00,      6.00,      6.00,0,0,0,1,1,1
H5,152,2018,370500,      6.00,      6.00,      6.00,      6.00,0,0,0,1,1,1
H5,152,2018,370610,      6.00,      6.00,      6.00,      6.00,0,0,0,1,1,1
H5,152,2018,370690,      6.00,      6.00,      6.00,      6.00,0,0,0,1,1,1
H5,152,2018,370710,      6.00,      6.00,      6.00,      6.00,0,0,0,1,1,1
H5,152,2018,370790,     12.00,      6.00,      6.00,      6.00,0,0,0,2,2,2
H5,152,2018,380110,      6.00,      6.00,      6.00,      6.00,0,0,0,1,1,1
H5,152,2018,380120,      6.00,      6.00,      6.00,      6.00,0,0,0,1,1,1
H5,152,2018,380130,      6.00,      6.00,      6.00,      6.00,0,0,0,1,1,1
H5,152,2018,380190,      6.00,      6.00,      6.00,      6.00,0,0,0,1,1,1
H5,152,2018,380210,      6.00,      6.00,      6.00,      6.00,0,0,0,1,1,1
H5,152,2018,380290,     12.00,      6.00,      6.00,      6.00,0,0,0,2,2,2
H5,152,2018,380300,      6.00,      6.00,      6.00,      6.00,0,0,0,1,1,1
H5,152,2018,380400,      6.00,      6.00,      6.00,      6.00,0,0,0,1,1,1
H5,152,2018,380510,      6.00,      6.00,      6.00,      6.00,0,0,0,1,1,1
H5,152,2018,380590,      6.00,      6.00,      6.00,      6.00,0,0,0,1,1,1
H5,152,2018,380610,      6.00,      6.00,      6.00,      6.00,0,0,0,1,1,1
H5,152,2018,380620,      6.00,      6.00,      6.00,      6.00,0,0,0,1,1,1
H5,152,2018,380630,      6.00,      6.00,      6.00,      6.00,0,0,0,1,1,1
H5,152,2018,380690,      6.00,      6.00,      6.00,      6.00,0,0,0,1,1,1
H5,152,2018,380700,      6.00,      6.00,      6.00,      6.00,0,0,0,1,1,1
H5,152,2018,380852,      6.00,      6.00,      6.00,      6.00,0,0,0,1,1,1
H5,152,2018,380859,      6.00,      6.00,      6.00,      6.00,0,0,0,1,1,1
H5,152,2018,380861,     12.00,      6.00,      6.00,      6.00,0,0,0,2,2,2
H5,152,2018,380862,      6.00,      6.00,      6.00,      6.00,0,0,0,1,1,1
H5,152,2018,380869,      6.00,      6.00,      6.00,      6.00,0,0,0,1,1,1
H5,152,2018,380891,     60.00,      6.00,      6.00,      6.00,0,0,0,10,10,10
H5,152,2018,380892,     24.00,      6.00,      6.00,      6.00,0,0,0,4,4,4
H5,152,2018,380893,     60.00,      6.00,      6.00,      6.00,0,0,0,10,10,10
H5,152,2018,380894,     30.00,      6.00,      6.00,      6.00,0,0,0,5,5,5
H5,152,2018,380899,     36.00,      6.00,      6.00,      6.00,0,0,0,6,6,6
H5,152,2018,380910,      6.00,      6.00,      6.00,      6.00,0,0,0,1,1,1
H5,152,2018,380991,     12.00,      6.00,      6.00,      6.00,0,0,0,2,2,2
H5,152,2018,380992,     12.00,      6.00,      6.00,      6.00,0,0,0,2,2,2
H5,152,2018,380993,     12.00,      6.00,      6.00,      6.00,0,0,0,2,2,2
H5,152,2018,381010,      6.00,      6.00,      6.00,      6.00,0,0,0,1,1,1
H5,152,2018,381090,     12.00,      6.00,      6.00,      6.00,0,0,0,2,2,2
H5,152,2018,381111,      6.00,      6.00,      6.00,      6.00,0,0,0,1,1,1
H5,152,2018,381119,     12.00,      6.00,      6.00,      6.00,0,0,0,2,2,2
H5,152,2018,381121,     18.00,      6.00,      6.00,      6.00,0,0,0,3,3,3
H5,152,2018,381129,     18.00,      6.00,      6.00,      6.00,0,0,0,3,3,3
H5,152,2018,381190,     18.00,      6.00,      6.00,      6.00,0,0,0,3,3,3
H5,152,2018,381210,      6.00,      6.00,      6.00,      6.00,0,0,0,1,1,1
H5,152,2018,381220,      6.00,      6.00,      6.00,      6.00,0,0,0,1,1,1
H5,152,2018,381231,      6.00,      6.00,      6.00,      6.00,0,0,0,1,1,1
H5,152,2018,381239,      6.00,      6.00,      6.00,      6.00,0,0,0,1,1,1
H5,152,2018,381300,     30.00,      6.00,      6.00,      6.00,0,0,0,5,5,5
H5,152,2018,381400,     24.00,      6.00,      6.00,      6.00,0,0,0,4,4,4
H5,152,2018,381511,      6.00,      6.00,      6.00,      6.00,0,0,0,1,1,1
H5,152,2018,381512,      6.00,      6.00,      6.00,      6.00,0,0,0,1,1,1
H5,152,2018,381519,      6.00,      6.00,      6.00,      6.00,0,0,0,1,1,1
H5,152,2018,381590,      6.00,      6.00,      6.00,      6.00,0,0,0,1,1,1
H5,152,2018,381600,     24.00,      6.00,      6.00,      6.00,0,0,0,4,4,4
H5,152,2018,381700,     18.00,      6.00,      6.00,      6.00,0,0,0,3,3,3
H5,152,2018,381800,      6.00,      6.00,      6.00,      6.00,0,0,0,1,1,1
H5,152,2018,381900,      6.00,      6.00,      6.00,      6.00,0,0,0,1,1,1
H5,152,2018,382000,      6.00,      6.00,      6.00,      6.00,0,0,0,1,1,1
H5,152,2018,382100,      6.00,      6.00,      6.00,      6.00,0,0,0,1,1,1
H5,152,2018,382200,      6.00,      6.00,      6.00,      6.00,0,0,0,1,1,1
H5,152,2018,382311,      6.00,      6.00,      6.00,      6.00,0,0,0,1,1,1
H5,152,2018,382312,      6.00,      6.00,      6.00,      6.00,0,0,0,1,1,1
H5,152,2018,382313,      6.00,      6.00,      6.00,      6.00,0,0,0,1,1,1
H5,152,2018,382319,      6.00,      6.00,      6.00,      6.00,0,0,0,1,1,1
H5,152,2018,382370,      6.00,      6.00,      6.00,      6.00,0,0,0,1,1,1
H5,152,2018,382410,      6.00,      6.00,      6.00,      6.00,0,0,0,1,1,1
H5,152,2018,382430,      6.00,      6.00,      6.00,      6.00,0,0,0,1,1,1
H5,152,2018,382440,      6.00,      6.00,      6.00,      6.00,0,0,0,1,1,1
H5,152,2018,382450,      6.00,      6.00,      6.00,      6.00,0,0,0,1,1,1
H5,152,2018,382460,      6.00,      6.00,      6.00,      6.00,0,0,0,1,1,1
H5,152,2018,382471,      6.00,      6.00,      6.00,      6.00,0,0,0,1,1,1
H5,152,2018,382472,      6.00,      6.00,      6.00,      6.00,0,0,0,1,1,1
H5,152,2018,382473,      6.00,      6.00,      6.00,      6.00,0,0,0,1,1,1
H5,152,2018,382474,     54.00,      6.00,      6.00,      6.00,0,0,0,9,9,9
H5,152,2018,382475,      6.00,      6.00,      6.00,      6.00,0,0,0,1,1,1
H5,152,2018,382476,      6.00,      6.00,      6.00,      6.00,0,0,0,1,1,1
H5,152,2018,382477,      6.00,      6.00,      6.00,      6.00,0,0,0,1,1,1
H5,152,2018,382478,     84.00,      6.00,      6.00,      6.00,0,0,0,14,14,14
H5,152,2018,382479,      6.00,      6.00,      6.00,      6.00,0,0,0,1,1,1
H5,152,2018,382481,     18.00,      6.00,      6.00,      6.00,0,0,0,3,3,3
H5,152,2018,382482,      6.00,      6.00,      6.00,      6.00,0,0,0,1,1,1
H5,152,2018,382483,      6.00,      6.00,      6.00,      6.00,0,0,0,1,1,1
H5,152,2018,382484,      6.00,      6.00,      6.00,      6.00,0,0,0,1,1,1
H5,152,2018,382485,      6.00,      6.00,      6.00,      6.00,0,0,0,1,1,1
H5,152,2018,382486,      6.00,      6.00,      6.00,      6.00,0,0,0,1,1,1
H5,152,2018,382487,      6.00,      6.00,      6.00,      6.00,0,0,0,1,1,1
H5,152,2018,382488,      6.00,      6.00,      6.00,      6.00,0,0,0,1,1,1
H5,152,2018,382491,      6.00,      6.00,      6.00,      6.00,0,0,0,1,1,1
H5,152,2018,382499,    108.00,      6.00,      6.00,      6.00,0,0,0,18,18,18
H5,152,2018,382510,      6.00,      6.00,      6.00,      6.00,0,0,0,1,1,1
H5,152,2018,382520,      6.00,      6.00,      6.00,      6.00,0,0,0,1,1,1
H5,152,2018,382530,      6.00,      6.00,      6.00,      6.00,0,0,0,1,1,1
H5,152,2018,382541,      6.00,      6.00,      6.00,      6.00,0,0,0,1,1,1
H5,152,2018,382549,      6.00,      6.00,      6.00,      6.00,0,0,0,1,1,1
H5,152,2018,382550,      6.00,      6.00,      6.00,      6.00,0,0,0,1,1,1
H5,152,2018,382561,      6.00,      6.00,      6.00,      6.00,0,0,0,1,1,1
H5,152,2018,382569,     18.00,      6.00,      6.00,      6.00,0,0,0,3,3,3
H5,152,2018,382590,      6.00,      6.00,      6.00,      6.00,0,0,0,1,1,1
H5,152,2018,382600,     54.00,      6.00,      6.00,      6.00,0,0,0,9,9,9
H5,152,2018,390110,     12.00,      6.00,      6.00,      6.00,0,0,0,2,2,2
H5,152,2018,390120,      6.00,      6.00,      6.00,      6.00,0,0,0,1,1,1
H5,152,2018,390130,      6.00,      6.00,      6.00,      6.00,0,0,0,1,1,1
H5,152,2018,390140,      6.00,      6.00,      6.00,      6.00,0,0,0,1,1,1
H5,152,2018,390190,      6.00,      6.00,      6.00,      6.00,0,0,0,1,1,1
H5,152,2018,390210,      6.00,      6.00,      6.00,      6.00,0,0,0,1,1,1
H5,152,2018,390220,      6.00,      6.00,      6.00,      6.00,0,0,0,1,1,1
H5,152,2018,390230,      6.00,      6.00,      6.00,      6.00,0,0,0,1,1,1
H5,152,2018,390290,      6.00,      6.00,      6.00,      6.00,0,0,0,1,1,1
H5,152,2018,390311,      6.00,      6.00,      6.00,      6.00,0,0,0,1,1,1
H5,152,2018,390319,     12.00,      6.00,      6.00,      6.00,0,0,0,2,2,2
H5,152,2018,390320,      6.00,      6.00,      6.00,      6.00,0,0,0,1,1,1
H5,152,2018,390330,      6.00,      6.00,      6.00,      6.00,0,0,0,1,1,1
H5,152,2018,390390,     12.00,      6.00,      6.00,      6.00,0,0,0,2,2,2
H5,152,2018,390410,     18.00,      6.00,      6.00,      6.00,0,0,0,3,3,3
H5,152,2018,390421,      6.00,      6.00,      6.00,      6.00,0,0,0,1,1,1
H5,152,2018,390422,      6.00,      6.00,      6.00,      6.00,0,0,0,1,1,1
H5,152,2018,390430,      6.00,      6.00,      6.00,      6.00,0,0,0,1,1,1
H5,152,2018,390440,      6.00,      6.00,      6.00,      6.00,0,0,0,1,1,1
H5,152,2018,390450,      6.00,      6.00,      6.00,      6.00,0,0,0,1,1,1
H5,152,2018,390461,      6.00,      6.00,      6.00,      6.00,0,0,0,1,1,1
H5,152,2018,390469,      6.00,      6.00,      6.00,      6.00,0,0,0,1,1,1
H5,152,2018,390490,      6.00,      6.00,      6.00,      6.00,0,0,0,1,1,1
H5,152,2018,390512,      6.00,      6.00,      6.00,      6.00,0,0,0,1,1,1
H5,152,2018,390519,      6.00,      6.00,      6.00,      6.00,0,0,0,1,1,1
H5,152,2018,390521,      6.00,      6.00,      6.00,      6.00,0,0,0,1,1,1
H5,152,2018,390529,      6.00,      6.00,      6.00,      6.00,0,0,0,1,1,1
H5,152,2018,390530,      6.00,      6.00,      6.00,      6.00,0,0,0,1,1,1
H5,152,2018,390591,      6.00,      6.00,      6.00,      6.00,0,0,0,1,1,1
H5,152,2018,390599,      6.00,      6.00,      6.00,      6.00,0,0,0,1,1,1
H5,152,2018,390610,      6.00,      6.00,      6.00,      6.00,0,0,0,1,1,1
H5,152,2018,390690,      6.00,      6.00,      6.00,      6.00,0,0,0,1,1,1
H5,152,2018,390710,      6.00,      6.00,      6.00,      6.00,0,0,0,1,1,1
H5,152,2018,390720,     24.00,      6.00,      6.00,      6.00,0,0,0,4,4,4
H5,152,2018,390730,     12.00,      6.00,      6.00,      6.00,0,0,0,2,2,2
H5,152,2018,390740,      6.00,      6.00,      6.00,      6.00,0,0,0,1,1,1
H5,152,2018,390750,      6.00,      6.00,      6.00,      6.00,0,0,0,1,1,1
H5,152,2018,390761,      6.00,      6.00,      6.00,      6.00,0,0,0,1,1,1
H5,152,2018,390769,      6.00,      6.00,      6.00,      6.00,0,0,0,1,1,1
H5,152,2018,390770,      6.00,      6.00,      6.00,      6.00,0,0,0,1,1,1
H5,152,2018,390791,      6.00,      6.00,      6.00,      6.00,0,0,0,1,1,1
H5,152,2018,390799,      6.00,      6.00,      6.00,      6.00,0,0,0,1,1,1
H5,152,2018,390810,      6.00,      6.00,      6.00,      6.00,0,0,0,1,1,1
H5,152,2018,390890,      6.00,      6.00,      6.00,      6.00,0,0,0,1,1,1
H5,152,2018,390910,     18.00,      6.00,      6.00,      6.00,0,0,0,3,3,3
H5,152,2018,390920,      6.00,      6.00,      6.00,      6.00,0,0,0,1,1,1
H5,152,2018,390931,      6.00,      6.00,      6.00,      6.00,0,0,0,1,1,1
H5,152,2018,390939,      6.00,      6.00,      6.00,      6.00,0,0,0,1,1,1
H5,152,2018,390940,      6.00,      6.00,      6.00,      6.00,0,0,0,1,1,1
H5,152,2018,390950,      6.00,      6.00,      6.00,      6.00,0,0,0,1,1,1
H5,152,2018,391000,     24.00,      6.00,      6.00,      6.00,0,0,0,4,4,4
H5,152,2018,391110,      6.00,      6.00,      6.00,      6.00,0,0,0,1,1,1
H5,152,2018,391190,      6.00,      6.00,      6.00,      6.00,0,0,0,1,1,1
H5,152,2018,391211,      6.00,      6.00,      6.00,      6.00,0,0,0,1,1,1
H5,152,2018,391212,      6.00,      6.00,      6.00,      6.00,0,0,0,1,1,1
H5,152,2018,391220,      6.00,      6.00,      6.00,      6.00,0,0,0,1,1,1
H5,152,2018,391231,      6.00,      6.00,      6.00,      6.00,0,0,0,1,1,1
H5,152,2018,391239,     36.00,      6.00,      6.00,      6.00,0,0,0,6,6,6
H5,152,2018,391290,      6.00,      6.00,      6.00,      6.00,0,0,0,1,1,1
H5,152,2018,391310,     24.00,      6.00,      6.00,      6.00,0,0,0,4,4,4
H5,152,2018,391390,      6.00,      6.00,      6.00,      6.00,0,0,0,1,1,1
H5,152,2018,391400,     12.00,      6.00,      6.00,      6.00,0,0,0,2,2,2
H5,152,2018,391510,      6.00,      6.00,      6.00,      6.00,0,0,0,1,1,1
H5,152,2018,391520,      6.00,      6.00,      6.00,      6.00,0,0,0,1,1,1
H5,152,2018,391530,      6.00,      6.00,      6.00,      6.00,0,0,0,1,1,1
H5,152,2018,391590,      6.00,      6.00,      6.00,      6.00,0,0,0,1,1,1
H5,152,2018,391610,      6.00,      6.00,      6.00,      6.00,0,0,0,1,1,1
H5,152,2018,391620,      6.00,      6.00,      6.00,      6.00,0,0,0,1,1,1
H5,152,2018,391690,      6.00,      6.00,      6.00,      6.00,0,0,0,1,1,1
H5,152,2018,391710,     12.00,      6.00,      6.00,      6.00,0,0,0,2,2,2
H5,152,2018,391721,      6.00,      6.00,      6.00,      6.00,0,0,0,1,1,1
H5,152,2018,391722,      6.00,      6.00,      6.00,      6.00,0,0,0,1,1,1
H5,152,2018,391723,      6.00,      6.00,      6.00,      6.00,0,0,0,1,1,1
H5,152,2018,391729,      6.00,      6.00,      6.00,      6.00,0,0,0,1,1,1
H5,152,2018,391731,      6.00,      6.00,      6.00,      6.00,0,0,0,1,1,1
H5,152,2018,391732,     24.00,      6.00,      6.00,      6.00,0,0,0,4,4,4
H5,152,2018,391733,     24.00,      6.00,      6.00,      6.00,0,0,0,4,4,4
H5,152,2018,391739,     24.00,      6.00,      6.00,      6.00,0,0,0,4,4,4
H5,152,2018,391740,     24.00,      6.00,      6.00,      6.00,0,0,0,4,4,4
H5,152,2018,391810,      6.00,      6.00,      6.00,      6.00,0,0,0,1,1,1
H5,152,2018,391890,      6.00,      6.00,      6.00,      6.00,0,0,0,1,1,1
H5,152,2018,391910,     30.00,      6.00,      6.00,      6.00,0,0,0,5,5,5
H5,152,2018,391990,     30.00,      6.00,      6.00,      6.00,0,0,0,5,5,5
H5,152,2018,392010,     12.00,      6.00,      6.00,      6.00,0,0,0,2,2,2
H5,152,2018,392020,     12.00,      6.00,      6.00,      6.00,0,0,0,2,2,2
H5,152,2018,392030,      6.00,      6.00,      6.00,      6.00,0,0,0,1,1,1
H5,152,2018,392043,      6.00,      6.00,      6.00,      6.00,0,0,0,1,1,1
H5,152,2018,392049,      6.00,      6.00,      6.00,      6.00,0,0,0,1,1,1
H5,152,2018,392051,      6.00,      6.00,      6.00,      6.00,0,0,0,1,1,1
H5,152,2018,392059,      6.00,      6.00,      6.00,      6.00,0,0,0,1,1,1
H5,152,2018,392061,      6.00,      6.00,      6.00,      6.00,0,0,0,1,1,1
H5,152,2018,392062,     12.00,      6.00,      6.00,      6.00,0,0,0,2,2,2
H5,152,2018,392063,     12.00,      6.00,      6.00,      6.00,0,0,0,2,2,2
H5,152,2018,392069,     12.00,      6.00,      6.00,      6.00,0,0,0,2,2,2
H5,152,2018,392071,     12.00,      6.00,      6.00,      6.00,0,0,0,2,2,2
H5,152,2018,392073,      6.00,      6.00,      6.00,      6.00,0,0,0,1,1,1
H5,152,2018,392079,      6.00,      6.00,      6.00,      6.00,0,0,0,1,1,1
H5,152,2018,392091,      6.00,      6.00,      6.00,      6.00,0,0,0,1,1,1
H5,152,2018,392092,      6.00,      6.00,      6.00,      6.00,0,0,0,1,1,1
H5,152,2018,392093,      6.00,      6.00,      6.00,      6.00,0,0,0,1,1,1
H5,152,2018,392094,      6.00,      6.00,      6.00,      6.00,0,0,0,1,1,1
H5,152,2018,392099,      6.00,      6.00,      6.00,      6.00,0,0,0,1,1,1
H5,152,2018,392111,      6.00,      6.00,      6.00,      6.00,0,0,0,1,1,1
H5,152,2018,392112,      6.00,      6.00,      6.00,      6.00,0,0,0,1,1,1
H5,152,2018,392113,      6.00,      6.00,      6.00,      6.00,0,0,0,1,1,1
H5,152,2018,392114,      6.00,      6.00,      6.00,      6.00,0,0,0,1,1,1
H5,152,2018,392119,      6.00,      6.00,      6.00,      6.00,0,0,0,1,1,1
H5,152,2018,392190,     12.00,      6.00,      6.00,      6.00,0,0,0,2,2,2
H5,152,2018,392210,      6.00,      6.00,      6.00,      6.00,0,0,0,1,1,1
H5,152,2018,392220,      6.00,      6.00,      6.00,      6.00,0,0,0,1,1,1
H5,152,2018,392290,      6.00,      6.00,      6.00,      6.00,0,0,0,1,1,1
H5,152,2018,392310,     12.00,      6.00,      6.00,      6.00,0,0,0,2,2,2
H5,152,2018,392321,     12.00,      6.00,      6.00,      6.00,0,0,0,2,2,2
H5,152,2018,392329,     12.00,      6.00,      6.00,      6.00,0,0,0,2,2,2
H5,152,2018,392330,     24.00,      6.00,      6.00,      6.00,0,0,0,4,4,4
H5,152,2018,392340,      6.00,      6.00,      6.00,      6.00,0,0,0,1,1,1
H5,152,2018,392350,     12.00,      6.00,      6.00,      6.00,0,0,0,2,2,2
H5,152,2018,392390,     18.00,      6.00,      6.00,      6.00,0,0,0,3,3,3
H5,152,2018,392410,      6.00,      6.00,      6.00,      6.00,0,0,0,1,1,1
H5,152,2018,392490,      6.00,      6.00,      6.00,      6.00,0,0,0,1,1,1
H5,152,2018,392510,      6.00,      6.00,      6.00,      6.00,0,0,0,1,1,1
H5,152,2018,392520,      6.00,      6.00,      6.00,      6.00,0,0,0,1,1,1
H5,152,2018,392530,      6.00,      6.00,      6.00,      6.00,0,0,0,1,1,1
H5,152,2018,392590,      6.00,      6.00,      6.00,      6.00,0,0,0,1,1,1
H5,152,2018,392610,      6.00,      6.00,      6.00,      6.00,0,0,0,1,1,1
H5,152,2018,392620,     24.00,      6.00,      6.00,      6.00,0,0,0,4,4,4
H5,152,2018,392630,      6.00,      6.00,      6.00,      6.00,0,0,0,1,1,1
H5,152,2018,392640,      6.00,      6.00,      6.00,      6.00,0,0,0,1,1,1
H5,152,2018,392690,     36.00,      6.00,      6.00,      6.00,0,0,0,6,6,6
H5,152,2018,400110,      6.00,      6.00,      6.00,      6.00,0,0,0,1,1,1
H5,152,2018,400121,      6.00,      6.00,      6.00,      6.00,0,0,0,1,1,1
H5,152,2018,400122,      6.00,      6.00,      6.00,      6.00,0,0,0,1,1,1
H5,152,2018,400129,      6.00,      6.00,      6.00,      6.00,0,0,0,1,1,1
H5,152,2018,400130,      6.00,      6.00,      6.00,      6.00,0,0,0,1,1,1
H5,152,2018,400211,      6.00,      6.00,      6.00,      6.00,0,0,0,1,1,1
H5,152,2018,400219,     12.00,      6.00,      6.00,      6.00,0,0,0,2,2,2
H5,152,2018,400220,     12.00,      6.00,      6.00,      6.00,0,0,0,2,2,2
H5,152,2018,400231,     12.00,      6.00,      6.00,      6.00,0,0,0,2,2,2
H5,152,2018,400239,     12.00,      6.00,      6.00,      6.00,0,0,0,2,2,2
H5,152,2018,400241,      6.00,      6.00,      6.00,      6.00,0,0,0,1,1,1
H5,152,2018,400249,      6.00,      6.00,      6.00,      6.00,0,0,0,1,1,1
H5,152,2018,400251,      6.00,      6.00,      6.00,      6.00,0,0,0,1,1,1
H5,152,2018,400259,      6.00,      6.00,      6.00,      6.00,0,0,0,1,1,1
H5,152,2018,400260,     12.00,      6.00,      6.00,      6.00,0,0,0,2,2,2
H5,152,2018,400270,     12.00,      6.00,      6.00,      6.00,0,0,0,2,2,2
H5,152,2018,400280,     12.00,      6.00,      6.00,      6.00,0,0,0,2,2,2
H5,152,2018,400291,      6.00,      6.00,      6.00,      6.00,0,0,0,1,1,1
H5,152,2018,400299,      6.00,      6.00,      6.00,      6.00,0,0,0,1,1,1
H5,152,2018,400300,      6.00,      6.00,      6.00,      6.00,0,0,0,1,1,1
H5,152,2018,400400,      6.00,      6.00,      6.00,      6.00,0,0,0,1,1,1
H5,152,2018,400510,     12.00,      6.00,      6.00,      6.00,0,0,0,2,2,2
H5,152,2018,400520,      6.00,      6.00,      6.00,      6.00,0,0,0,1,1,1
H5,152,2018,400591,      6.00,      6.00,      6.00,      6.00,0,0,0,1,1,1
H5,152,2018,400599,     12.00,      6.00,      6.00,      6.00,0,0,0,2,2,2
H5,152,2018,400610,      6.00,      6.00,      6.00,      6.00,0,0,0,1,1,1
H5,152,2018,400690,     12.00,      6.00,      6.00,      6.00,0,0,0,2,2,2
H5,152,2018,400700,      6.00,      6.00,      6.00,      6.00,0,0,0,1,1,1
H5,152,2018,400811,      6.00,      6.00,      6.00,      6.00,0,0,0,1,1,1
H5,152,2018,400819,      6.00,      6.00,      6.00,      6.00,0,0,0,1,1,1
H5,152,2018,400821,      6.00,      6.00,      6.00,      6.00,0,0,0,1,1,1
H5,152,2018,400829,      6.00,      6.00,      6.00,      6.00,0,0,0,1,1,1
H5,152,2018,400911,      6.00,      6.00,      6.00,      6.00,0,0,0,1,1,1
H5,152,2018,400912,      6.00,      6.00,      6.00,      6.00,0,0,0,1,1,1
H5,152,2018,400921,      6.00,      6.00,      6.00,      6.00,0,0,0,1,1,1
H5,152,2018,400922,      6.00,      6.00,      6.00,      6.00,0,0,0,1,1,1
H5,152,2018,400931,      6.00,      6.00,      6.00,      6.00,0,0,0,1,1,1
H5,152,2018,400932,      6.00,      6.00,      6.00,      6.00,0,0,0,1,1,1
H5,152,2018,400941,      6.00,      6.00,      6.00,      6.00,0,0,0,1,1,1
H5,152,2018,400942,      6.00,      6.00,      6.00,      6.00,0,0,0,1,1,1
H5,152,2018,401011,      6.00,      6.00,      6.00,      6.00,0,0,0,1,1,1
H5,152,2018,401012,      6.00,      6.00,      6.00,      6.00,0,0,0,1,1,1
H5,152,2018,401019,      6.00,      6.00,      6.00,      6.00,0,0,0,1,1,1
H5,152,2018,401031,      6.00,      6.00,      6.00,      6.00,0,0,0,1,1,1
H5,152,2018,401032,      6.00,      6.00,      6.00,      6.00,0,0,0,1,1,1
H5,152,2018,401033,      6.00,      6.00,      6.00,      6.00,0,0,0,1,1,1
H5,152,2018,401034,      6.00,      6.00,      6.00,      6.00,0,0,0,1,1,1
H5,152,2018,401035,      6.00,      6.00,      6.00,      6.00,0,0,0,1,1,1
H5,152,2018,401036,      6.00,      6.00,      6.00,      6.00,0,0,0,1,1,1
H5,152,2018,401039,      6.00,      6.00,      6.00,      6.00,0,0,0,1,1,1
H5,152,2018,401110,      6.00,      6.00,      6.00,      6.00,0,0,0,1,1,1
H5,152,2018,401120,      6.00,      6.00,      6.00,      6.00,0,0,0,1,1,1
H5,152,2018,401130,      6.00,      6.00,      6.00,      6.00,0,0,0,1,1,1
H5,152,2018,401140,      6.00,      6.00,      6.00,      6.00,0,0,0,1,1,1
H5,152,2018,401150,      6.00,      6.00,      6.00,      6.00,0,0,0,1,1,1
H5,152,2018,401170,      6.00,      6.00,      6.00,      6.00,0,0,0,1,1,1
H5,152,2018,401180,     12.00,      6.00,      6.00,      6.00,0,0,0,2,2,2
H5,152,2018,401190,      6.00,      6.00,      6.00,      6.00,0,0,0,1,1,1
H5,152,2018,401211,      6.00,      6.00,      6.00,      6.00,0,0,0,1,1,1
H5,152,2018,401212,      6.00,      6.00,      6.00,      6.00,0,0,0,1,1,1
H5,152,2018,401213,      6.00,      6.00,      6.00,      6.00,0,0,0,1,1,1
H5,152,2018,401219,      6.00,      6.00,      6.00,      6.00,0,0,0,1,1,1
H5,152,2018,401220,     12.00,      6.00,      6.00,      6.00,0,0,0,2,2,2
H5,152,2018,401290,     18.00,      6.00,      6.00,      6.00,0,0,0,3,3,3
H5,152,2018,401310,     12.00,      6.00,      6.00,      6.00,0,0,0,2,2,2
H5,152,2018,401320,      6.00,      6.00,      6.00,      6.00,0,0,0,1,1,1
H5,152,2018,401390,      6.00,      6.00,      6.00,      6.00,0,0,0,1,1,1
H5,152,2018,401410,      6.00,      6.00,      6.00,      6.00,0,0,0,1,1,1
H5,152,2018,401490,     12.00,      6.00,      6.00,      6.00,0,0,0,2,2,2
H5,152,2018,401511,      6.00,      6.00,      6.00,      6.00,0,0,0,1,1,1
H5,152,2018,401519,     24.00,      6.00,      6.00,      6.00,0,0,0,4,4,4
H5,152,2018,401590,      6.00,      6.00,      6.00,      6.00,0,0,0,1,1,1
H5,152,2018,401610,     12.00,      6.00,      6.00,      6.00,0,0,0,2,2,2
H5,152,2018,401691,      6.00,      6.00,      6.00,      6.00,0,0,0,1,1,1
H5,152,2018,401692,      6.00,      6.00,      6.00,      6.00,0,0,0,1,1,1
H5,152,2018,401693,     12.00,      6.00,      6.00,      6.00,0,0,0,2,2,2
H5,152,2018,401694,      6.00,      6.00,      6.00,      6.00,0,0,0,1,1,1
H5,152,2018,401695,      6.00,      6.00,      6.00,      6.00,0,0,0,1,1,1
H5,152,2018,401699,     18.00,      6.00,      6.00,      6.00,0,0,0,3,3,3
H5,152,2018,401700,      6.00,      6.00,      6.00,      6.00,0,0,0,1,1,1
H5,152,2018,410120,      6.00,      6.00,      6.00,      6.00,0,0,0,1,1,1
H5,152,2018,410150,      6.00,      6.00,      6.00,      6.00,0,0,0,1,1,1
H5,152,2018,410190,      6.00,      6.00,      6.00,      6.00,0,0,0,1,1,1
H5,152,2018,410210,      6.00,      6.00,      6.00,      6.00,0,0,0,1,1,1
H5,152,2018,410221,      6.00,      6.00,      6.00,      6.00,0,0,0,1,1,1
H5,152,2018,410229,      6.00,      6.00,      6.00,      6.00,0,0,0,1,1,1
H5,152,2018,410320,      6.00,      6.00,      6.00,      6.00,0,0,0,1,1,1
H5,152,2018,410330,      6.00,      6.00,      6.00,      6.00,0,0,0,1,1,1
H5,152,2018,410390,     12.00,      6.00,      6.00,      6.00,0,0,0,2,2,2
H5,152,2018,410411,      6.00,      6.00,      6.00,      6.00,0,0,0,1,1,1
H5,152,2018,410419,      6.00,      6.00,      6.00,      6.00,0,0,0,1,1,1
H5,152,2018,410441,      6.00,      6.00,      6.00,      6.00,0,0,0,1,1,1
H5,152,2018,410449,      6.00,      6.00,      6.00,      6.00,0,0,0,1,1,1
H5,152,2018,410510,      6.00,      6.00,      6.00,      6.00,0,0,0,1,1,1
H5,152,2018,410530,      6.00,      6.00,      6.00,      6.00,0,0,0,1,1,1
H5,152,2018,410621,      6.00,      6.00,      6.00,      6.00,0,0,0,1,1,1
H5,152,2018,410622,      6.00,      6.00,      6.00,      6.00,0,0,0,1,1,1
H5,152,2018,410631,      6.00,      6.00,      6.00,      6.00,0,0,0,1,1,1
H5,152,2018,410632,      6.00,      6.00,      6.00,      6.00,0,0,0,1,1,1
H5,152,2018,410640,      6.00,      6.00,      6.00,      6.00,0,0,0,1,1,1
H5,152,2018,410691,     12.00,      6.00,      6.00,      6.00,0,0,0,2,2,2
H5,152,2018,410692,     12.00,      6.00,      6.00,      6.00,0,0,0,2,2,2
H5,152,2018,410711,      6.00,      6.00,      6.00,      6.00,0,0,0,1,1,1
H5,152,2018,410712,      6.00,      6.00,      6.00,      6.00,0,0,0,1,1,1
H5,152,2018,410719,      6.00,      6.00,      6.00,      6.00,0,0,0,1,1,1
H5,152,2018,410791,      6.00,      6.00,      6.00,      6.00,0,0,0,1,1,1
H5,152,2018,410792,      6.00,      6.00,      6.00,      6.00,0,0,0,1,1,1
H5,152,2018,410799,      6.00,      6.00,      6.00,      6.00,0,0,0,1,1,1
H5,152,2018,411200,      6.00,      6.00,      6.00,      6.00,0,0,0,1,1,1
H5,152,2018,411310,      6.00,      6.00,      6.00,      6.00,0,0,0,1,1,1
H5,152,2018,411320,      6.00,      6.00,      6.00,      6.00,0,0,0,1,1,1
H5,152,2018,411330,      6.00,      6.00,      6.00,      6.00,0,0,0,1,1,1
H5,152,2018,411390,     12.00,      6.00,      6.00,      6.00,0,0,0,2,2,2
H5,152,2018,411410,      6.00,      6.00,      6.00,      6.00,0,0,0,1,1,1
H5,152,2018,411420,      6.00,      6.00,      6.00,      6.00,0,0,0,1,1,1
H5,152,2018,411510,      6.00,      6.00,      6.00,      6.00,0,0,0,1,1,1
H5,152,2018,411520,      6.00,      6.00,      6.00,      6.00,0,0,0,1,1,1
H5,152,2018,420100,      6.00,      6.00,      6.00,      6.00,0,0,0,1,1,1
H5,152,2018,420211,      6.00,      6.00,      6.00,      6.00,0,0,0,1,1,1
H5,152,2018,420212,     12.00,      6.00,      6.00,      6.00,0,0,0,2,2,2
H5,152,2018,420219,      6.00,      6.00,      6.00,      6.00,0,0,0,1,1,1
H5,152,2018,420221,      6.00,      6.00,      6.00,      6.00,0,0,0,1,1,1
H5,152,2018,420222,     12.00,      6.00,      6.00,      6.00,0,0,0,2,2,2
H5,152,2018,420229,      6.00,      6.00,      6.00,      6.00,0,0,0,1,1,1
H5,152,2018,420231,      6.00,      6.00,      6.00,      6.00,0,0,0,1,1,1
H5,152,2018,420232,     12.00,      6.00,      6.00,      6.00,0,0,0,2,2,2
H5,152,2018,420239,      6.00,      6.00,      6.00,      6.00,0,0,0,1,1,1
H5,152,2018,420291,      6.00,      6.00,      6.00,      6.00,0,0,0,1,1,1
H5,152,2018,420292,     12.00,      6.00,      6.00,      6.00,0,0,0,2,2,2
H5,152,2018,420299,      6.00,      6.00,      6.00,      6.00,0,0,0,1,1,1
H5,152,2018,420310,     12.00,      6.00,      6.00,      6.00,0,0,0,2,2,2
H5,152,2018,420321,      6.00,      6.00,      6.00,      6.00,0,0,0,1,1,1
H5,152,2018,420329,      6.00,      6.00,      6.00,      6.00,0,0,0,1,1,1
H5,152,2018,420330,      6.00,      6.00,      6.00,      6.00,0,0,0,1,1,1
H5,152,2018,420340,      6.00,      6.00,      6.00,      6.00,0,0,0,1,1,1
H5,152,2018,420500,      6.00,      6.00,      6.00,      6.00,0,0,0,1,1,1
H5,152,2018,420600,      6.00,      6.00,      6.00,      6.00,0,0,0,1,1,1
H5,152,2018,430110,      6.00,      6.00,      6.00,      6.00,0,0,0,1,1,1
H5,152,2018,430130,      6.00,      6.00,      6.00,      6.00,0,0,0,1,1,1
H5,152,2018,430160,      6.00,      6.00,      6.00,      6.00,0,0,0,1,1,1
H5,152,2018,430180,     12.00,      6.00,      6.00,      6.00,0,0,0,2,2,2
H5,152,2018,430190,      6.00,      6.00,      6.00,      6.00,0,0,0,1,1,1
H5,152,2018,430211,      6.00,      6.00,      6.00,      6.00,0,0,0,1,1,1
H5,152,2018,430219,     12.00,      6.00,      6.00,      6.00,0,0,0,2,2,2
H5,152,2018,430220,      6.00,      6.00,      6.00,      6.00,0,0,0,1,1,1
H5,152,2018,430230,      6.00,      6.00,      6.00,      6.00,0,0,0,1,1,1
H5,152,2018,430310,      6.00,      6.00,      6.00,      6.00,0,0,0,1,1,1
H5,152,2018,430390,      6.00,      6.00,      6.00,      6.00,0,0,0,1,1,1
H5,152,2018,430400,      6.00,      6.00,      6.00,      6.00,0,0,0,1,1,1
H5,152,2018,440111,      6.00,      6.00,      6.00,      6.00,0,0,0,1,1,1
H5,152,2018,440112,      6.00,      6.00,      6.00,      6.00,0,0,0,1,1,1
H5,152,2018,440121,     12.00,      6.00,      6.00,      6.00,0,0,0,2,2,2
H5,152,2018,440122,     30.00,      6.00,      6.00,      6.00,0,0,0,5,5,5
H5,152,2018,440131,      6.00,      6.00,      6.00,      6.00,0,0,0,1,1,1
H5,152,2018,440139,      6.00,      6.00,      6.00,      6.00,0,0,0,1,1,1
H5,152,2018,440140,      6.00,      6.00,      6.00,      6.00,0,0,0,1,1,1
H5,152,2018,440210,      6.00,      6.00,      6.00,      6.00,0,0,0,1,1,1
H5,152,2018,440290,      6.00,      6.00,      6.00,      6.00,0,0,0,1,1,1
H5,152,2018,440311,      6.00,      6.00,      6.00,      6.00,0,0,0,1,1,1
H5,152,2018,440312,      6.00,      6.00,      6.00,      6.00,0,0,0,1,1,1
H5,152,2018,440321,      6.00,      6.00,      6.00,      6.00,0,0,0,1,1,1
H5,152,2018,440322,      6.00,      6.00,      6.00,      6.00,0,0,0,1,1,1
H5,152,2018,440323,      6.00,      6.00,      6.00,      6.00,0,0,0,1,1,1
H5,152,2018,440324,      6.00,      6.00,      6.00,      6.00,0,0,0,1,1,1
H5,152,2018,440325,      6.00,      6.00,      6.00,      6.00,0,0,0,1,1,1
H5,152,2018,440326,      6.00,      6.00,      6.00,      6.00,0,0,0,1,1,1
H5,152,2018,440341,      6.00,      6.00,      6.00,      6.00,0,0,0,1,1,1
H5,152,2018,440349,      6.00,      6.00,      6.00,      6.00,0,0,0,1,1,1
H5,152,2018,440391,      6.00,      6.00,      6.00,      6.00,0,0,0,1,1,1
H5,152,2018,440393,      6.00,      6.00,      6.00,      6.00,0,0,0,1,1,1
H5,152,2018,440394,      6.00,      6.00,      6.00,      6.00,0,0,0,1,1,1
H5,152,2018,440395,      6.00,      6.00,      6.00,      6.00,0,0,0,1,1,1
H5,152,2018,440396,      6.00,      6.00,      6.00,      6.00,0,0,0,1,1,1
H5,152,2018,440397,      6.00,      6.00,      6.00,      6.00,0,0,0,1,1,1
H5,152,2018,440398,      6.00,      6.00,      6.00,      6.00,0,0,0,1,1,1
H5,152,2018,440399,      6.00,      6.00,      6.00,      6.00,0,0,0,1,1,1
H5,152,2018,440410,      6.00,      6.00,      6.00,      6.00,0,0,0,1,1,1
H5,152,2018,440420,      6.00,      6.00,      6.00,      6.00,0,0,0,1,1,1
H5,152,2018,440500,      6.00,      6.00,      6.00,      6.00,0,0,0,1,1,1
H5,152,2018,440611,      6.00,      6.00,      6.00,      6.00,0,0,0,1,1,1
H5,152,2018,440612,      6.00,      6.00,      6.00,      6.00,0,0,0,1,1,1
H5,152,2018,440691,      6.00,      6.00,      6.00,      6.00,0,0,0,1,1,1
H5,152,2018,440692,      6.00,      6.00,      6.00,      6.00,0,0,0,1,1,1
H5,152,2018,440711,     42.00,      6.00,      6.00,      6.00,0,0,0,7,7,7
H5,152,2018,440712,      6.00,      6.00,      6.00,      6.00,0,0,0,1,1,1
H5,152,2018,440719,      6.00,      6.00,      6.00,      6.00,0,0,0,1,1,1
H5,152,2018,440721,      6.00,      6.00,      6.00,      6.00,0,0,0,1,1,1
H5,152,2018,440722,      6.00,      6.00,      6.00,      6.00,0,0,0,1,1,1
H5,152,2018,440725,      6.00,      6.00,      6.00,      6.00,0,0,0,1,1,1
H5,152,2018,440726,      6.00,      6.00,      6.00,      6.00,0,0,0,1,1,1
H5,152,2018,440727,      6.00,      6.00,      6.00,      6.00,0,0,0,1,1,1
H5,152,2018,440728,      6.00,      6.00,      6.00,      6.00,0,0,0,1,1,1
H5,152,2018,440729,      6.00,      6.00,      6.00,      6.00,0,0,0,1,1,1
H5,152,2018,440791,     12.00,      6.00,      6.00,      6.00,0,0,0,2,2,2
H5,152,2018,440792,      6.00,      6.00,      6.00,      6.00,0,0,0,1,1,1
H5,152,2018,440793,      6.00,      6.00,      6.00,      6.00,0,0,0,1,1,1
H5,152,2018,440794,      6.00,      6.00,      6.00,      6.00,0,0,0,1,1,1
H5,152,2018,440795,      6.00,      6.00,      6.00,      6.00,0,0,0,1,1,1
H5,152,2018,440796,      6.00,      6.00,      6.00,      6.00,0,0,0,1,1,1
H5,152,2018,440797,      6.00,      6.00,      6.00,      6.00,0,0,0,1,1,1
H5,152,2018,440799,     24.00,      6.00,      6.00,      6.00,0,0,0,4,4,4
H5,152,2018,440810,     12.00,      6.00,      6.00,      6.00,0,0,0,2,2,2
H5,152,2018,440831,      6.00,      6.00,      6.00,      6.00,0,0,0,1,1,1
H5,152,2018,440839,      6.00,      6.00,      6.00,      6.00,0,0,0,1,1,1
H5,152,2018,440890,     36.00,      6.00,      6.00,      6.00,0,0,0,6,6,6
H5,152,2018,440910,     18.00,      6.00,      6.00,      6.00,0,0,0,3,3,3
H5,152,2018,440921,      6.00,      6.00,      6.00,      6.00,0,0,0,1,1,1
H5,152,2018,440922,      6.00,      6.00,      6.00,      6.00,0,0,0,1,1,1
H5,152,2018,440929,      6.00,      6.00,      6.00,      6.00,0,0,0,1,1,1
H5,152,2018,441011,      6.00,      6.00,      6.00,      6.00,0,0,0,1,1,1
H5,152,2018,441012,      6.00,      6.00,      6.00,      6.00,0,0,0,1,1,1
H5,152,2018,441019,      6.00,      6.00,      6.00,      6.00,0,0,0,1,1,1
H5,152,2018,441090,      6.00,      6.00,      6.00,      6.00,0,0,0,1,1,1
H5,152,2018,441112,      6.00,      6.00,      6.00,      6.00,0,0,0,1,1,1
H5,152,2018,441113,      6.00,      6.00,      6.00,      6.00,0,0,0,1,1,1
H5,152,2018,441114,      6.00,      6.00,      6.00,      6.00,0,0,0,1,1,1
H5,152,2018,441192,     18.00,      6.00,      6.00,      6.00,0,0,0,3,3,3
H5,152,2018,441193,     18.00,      6.00,      6.00,      6.00,0,0,0,3,3,3
H5,152,2018,441194,     18.00,      6.00,      6.00,      6.00,0,0,0,3,3,3
H5,152,2018,441210,      6.00,      6.00,      6.00,      6.00,0,0,0,1,1,1
H5,152,2018,441231,      6.00,      6.00,      6.00,      6.00,0,0,0,1,1,1
H5,152,2018,441233,      6.00,      6.00,      6.00,      6.00,0,0,0,1,1,1
H5,152,2018,441234,      6.00,      6.00,      6.00,      6.00,0,0,0,1,1,1
H5,152,2018,441239,      6.00,      6.00,      6.00,      6.00,0,0,0,1,1,1
H5,152,2018,441294,      6.00,      6.00,      6.00,      6.00,0,0,0,1,1,1
H5,152,2018,441299,     12.00,      6.00,      6.00,      6.00,0,0,0,2,2,2
H5,152,2018,441300,      6.00,      6.00,      6.00,      6.00,0,0,0,1,1,1
H5,152,2018,441400,      6.00,      6.00,      6.00,      6.00,0,0,0,1,1,1
H5,152,2018,441510,     12.00,      6.00,      6.00,      6.00,0,0,0,2,2,2
H5,152,2018,441520,     12.00,      6.00,      6.00,      6.00,0,0,0,2,2,2
H5,152,2018,441600,     18.00,      6.00,      6.00,      6.00,0,0,0,3,3,3
H5,152,2018,441700,     12.00,      6.00,      6.00,      6.00,0,0,0,2,2,2
H5,152,2018,441810,      6.00,      6.00,      6.00,      6.00,0,0,0,1,1,1
H5,152,2018,441820,     12.00,      6.00,      6.00,      6.00,0,0,0,2,2,2
H5,152,2018,441840,      6.00,      6.00,      6.00,      6.00,0,0,0,1,1,1
H5,152,2018,441850,      6.00,      6.00,      6.00,      6.00,0,0,0,1,1,1
H5,152,2018,441860,      6.00,      6.00,      6.00,      6.00,0,0,0,1,1,1
H5,152,2018,441873,      6.00,      6.00,      6.00,      6.00,0,0,0,1,1,1
H5,152,2018,441874,      6.00,      6.00,      6.00,      6.00,0,0,0,1,1,1
H5,152,2018,441875,      6.00,      6.00,      6.00,      6.00,0,0,0,1,1,1
H5,152,2018,441879,      6.00,      6.00,      6.00,      6.00,0,0,0,1,1,1
H5,152,2018,441891,      6.00,      6.00,      6.00,      6.00,0,0,0,1,1,1
H5,152,2018,441899,     12.00,      6.00,      6.00,      6.00,0,0,0,2,2,2
H5,152,2018,441911,      6.00,      6.00,      6.00,      6.00,0,0,0,1,1,1
H5,152,2018,441912,      6.00,      6.00,      6.00,      6.00,0,0,0,1,1,1
H5,152,2018,441919,      6.00,      6.00,      6.00,      6.00,0,0,0,1,1,1
H5,152,2018,441990,      6.00,      6.00,      6.00,      6.00,0,0,0,1,1,1
H5,152,2018,442010,     12.00,      6.00,      6.00,      6.00,0,0,0,2,2,2
H5,152,2018,442090,      6.00,      6.00,      6.00,      6.00,0,0,0,1,1,1
H5,152,2018,442110,      6.00,      6.00,      6.00,      6.00,0,0,0,1,1,1
H5,152,2018,442191,      6.00,      6.00,      6.00,      6.00,0,0,0,1,1,1
H5,152,2018,442199,     18.00,      6.00,      6.00,      6.00,0,0,0,3,3,3
H5,152,2018,450110,      6.00,      6.00,      6.00,      6.00,0,0,0,1,1,1
H5,152,2018,450190,      6.00,      6.00,      6.00,      6.00,0,0,0,1,1,1
H5,152,2018,450200,      6.00,      6.00,      6.00,      6.00,0,0,0,1,1,1
H5,152,2018,450310,      6.00,      6.00,      6.00,      6.00,0,0,0,1,1,1
H5,152,2018,450390,      6.00,      6.00,      6.00,      6.00,0,0,0,1,1,1
H5,152,2018,450410,      6.00,      6.00,      6.00,      6.00,0,0,0,1,1,1
H5,152,2018,450490,     12.00,      6.00,      6.00,      6.00,0,0,0,2,2,2
H5,152,2018,460121,      6.00,      6.00,      6.00,      6.00,0,0,0,1,1,1
H5,152,2018,460122,      6.00,      6.00,      6.00,      6.00,0,0,0,1,1,1
H5,152,2018,460129,      6.00,      6.00,      6.00,      6.00,0,0,0,1,1,1
H5,152,2018,460192,      6.00,      6.00,      6.00,      6.00,0,0,0,1,1,1
H5,152,2018,460193,      6.00,      6.00,      6.00,      6.00,0,0,0,1,1,1
H5,152,2018,460194,      6.00,      6.00,      6.00,      6.00,0,0,0,1,1,1
H5,152,2018,460199,      6.00,      6.00,      6.00,      6.00,0,0,0,1,1,1
H5,152,2018,460211,      6.00,      6.00,      6.00,      6.00,0,0,0,1,1,1
H5,152,2018,460212,      6.00,      6.00,      6.00,      6.00,0,0,0,1,1,1
H5,152,2018,460219,      6.00,      6.00,      6.00,      6.00,0,0,0,1,1,1
H5,152,2018,460290,      6.00,      6.00,      6.00,      6.00,0,0,0,1,1,1
H5,152,2018,470100,      6.00,      6.00,      6.00,      6.00,0,0,0,1,1,1
H5,152,2018,470200,      6.00,      6.00,      6.00,      6.00,0,0,0,1,1,1
H5,152,2018,470311,      6.00,      6.00,      6.00,      6.00,0,0,0,1,1,1
H5,152,2018,470319,      6.00,      6.00,      6.00,      6.00,0,0,0,1,1,1
H5,152,2018,470321,      6.00,      6.00,      6.00,      6.00,0,0,0,1,1,1
H5,152,2018,470329,     12.00,      6.00,      6.00,      6.00,0,0,0,2,2,2
H5,152,2018,470411,      6.00,      6.00,      6.00,      6.00,0,0,0,1,1,1
H5,152,2018,470419,      6.00,      6.00,      6.00,      6.00,0,0,0,1,1,1
H5,152,2018,470421,      6.00,      6.00,      6.00,      6.00,0,0,0,1,1,1
H5,152,2018,470429,      6.00,      6.00,      6.00,      6.00,0,0,0,1,1,1
H5,152,2018,470500,      6.00,      6.00,      6.00,      6.00,0,0,0,1,1,1
H5,152,2018,470610,      6.00,      6.00,      6.00,      6.00,0,0,0,1,1,1
H5,152,2018,470620,      6.00,      6.00,      6.00,      6.00,0,0,0,1,1,1
H5,152,2018,470630,      6.00,      6.00,      6.00,      6.00,0,0,0,1,1,1
H5,152,2018,470691,      6.00,      6.00,      6.00,      6.00,0,0,0,1,1,1
H5,152,2018,470692,      6.00,      6.00,      6.00,      6.00,0,0,0,1,1,1
H5,152,2018,470693,      6.00,      6.00,      6.00,      6.00,0,0,0,1,1,1
H5,152,2018,470710,     18.00,      6.00,      6.00,      6.00,0,0,0,3,3,3
H5,152,2018,470720,      6.00,      6.00,      6.00,      6.00,0,0,0,1,1,1
H5,152,2018,470730,      6.00,      6.00,      6.00,      6.00,0,0,0,1,1,1
H5,152,2018,470790,     12.00,      6.00,      6.00,      6.00,0,0,0,2,2,2
H5,152,2018,480100,     12.00,      6.00,      6.00,      6.00,0,0,0,2,2,2
H5,152,2018,480210,      6.00,      6.00,      6.00,      6.00,0,0,0,1,1,1
H5,152,2018,480220,      6.00,      6.00,      6.00,      6.00,0,0,0,1,1,1
H5,152,2018,480240,      6.00,      6.00,      6.00,      6.00,0,0,0,1,1,1
H5,152,2018,480254,      6.00,      6.00,      6.00,      6.00,0,0,0,1,1,1
H5,152,2018,480255,     18.00,      6.00,      6.00,      6.00,0,0,0,3,3,3
H5,152,2018,480256,     12.00,      6.00,      6.00,      6.00,0,0,0,2,2,2
H5,152,2018,480257,     12.00,      6.00,      6.00,      6.00,0,0,0,2,2,2
H5,152,2018,480258,     12.00,      6.00,      6.00,      6.00,0,0,0,2,2,2
H5,152,2018,480261,     12.00,      6.00,      6.00,      6.00,0,0,0,2,2,2
H5,152,2018,480262,      6.00,      6.00,      6.00,      6.00,0,0,0,1,1,1
H5,152,2018,480269,      6.00,      6.00,      6.00,      6.00,0,0,0,1,1,1
H5,152,2018,480300,     18.00,      6.00,      6.00,      6.00,0,0,0,3,3,3
H5,152,2018,480411,     12.00,      6.00,      6.00,      6.00,0,0,0,2,2,2
H5,152,2018,480419,     12.00,      6.00,      6.00,      6.00,0,0,0,2,2,2
H5,152,2018,480421,      6.00,      6.00,      6.00,      6.00,0,0,0,1,1,1
H5,152,2018,480429,      6.00,      6.00,      6.00,      6.00,0,0,0,1,1,1
H5,152,2018,480431,      6.00,      6.00,      6.00,      6.00,0,0,0,1,1,1
H5,152,2018,480439,      6.00,      6.00,      6.00,      6.00,0,0,0,1,1,1
H5,152,2018,480441,      6.00,      6.00,      6.00,      6.00,0,0,0,1,1,1
H5,152,2018,480442,      6.00,      6.00,      6.00,      6.00,0,0,0,1,1,1
H5,152,2018,480449,      6.00,      6.00,      6.00,      6.00,0,0,0,1,1,1
H5,152,2018,480451,      6.00,      6.00,      6.00,      6.00,0,0,0,1,1,1
H5,152,2018,480452,      6.00,      6.00,      6.00,      6.00,0,0,0,1,1,1
H5,152,2018,480459,      6.00,      6.00,      6.00,      6.00,0,0,0,1,1,1
H5,152,2018,480511,      6.00,      6.00,      6.00,      6.00,0,0,0,1,1,1
H5,152,2018,480512,      6.00,      6.00,      6.00,      6.00,0,0,0,1,1,1
H5,152,2018,480519,      6.00,      6.00,      6.00,      6.00,0,0,0,1,1,1
H5,152,2018,480524,      6.00,      6.00,      6.00,      6.00,0,0,0,1,1,1
H5,152,2018,480525,      6.00,      6.00,      6.00,      6.00,0,0,0,1,1,1
H5,152,2018,480530,      6.00,      6.00,      6.00,      6.00,0,0,0,1,1,1
H5,152,2018,480540,      6.00,      6.00,      6.00,      6.00,0,0,0,1,1,1
H5,152,2018,480550,      6.00,      6.00,      6.00,      6.00,0,0,0,1,1,1
H5,152,2018,480591,      6.00,      6.00,      6.00,      6.00,0,0,0,1,1,1
H5,152,2018,480592,      6.00,      6.00,      6.00,      6.00,0,0,0,1,1,1
H5,152,2018,480593,      6.00,      6.00,      6.00,      6.00,0,0,0,1,1,1
H5,152,2018,480610,      6.00,      6.00,      6.00,      6.00,0,0,0,1,1,1
H5,152,2018,480620,      6.00,      6.00,      6.00,      6.00,0,0,0,1,1,1
H5,152,2018,480630,      6.00,      6.00,      6.00,      6.00,0,0,0,1,1,1
H5,152,2018,480640,      6.00,      6.00,      6.00,      6.00,0,0,0,1,1,1
H5,152,2018,480700,      6.00,      6.00,      6.00,      6.00,0,0,0,1,1,1
H5,152,2018,480810,      6.00,      6.00,      6.00,      6.00,0,0,0,1,1,1
H5,152,2018,480840,      6.00,      6.00,      6.00,      6.00,0,0,0,1,1,1
H5,152,2018,480890,      6.00,      6.00,      6.00,      6.00,0,0,0,1,1,1
H5,152,2018,480920,     18.00,      6.00,      6.00,      6.00,0,0,0,3,3,3
H5,152,2018,480990,      6.00,      6.00,      6.00,      6.00,0,0,0,1,1,1
H5,152,2018,481013,     12.00,      6.00,      6.00,      6.00,0,0,0,2,2,2
H5,152,2018,481014,     12.00,      6.00,      6.00,      6.00,0,0,0,2,2,2
H5,152,2018,481019,     12.00,      6.00,      6.00,      6.00,0,0,0,2,2,2
H5,152,2018,481022,     12.00,      6.00,      6.00,      6.00,0,0,0,2,2,2
H5,152,2018,481029,     12.00,      6.00,      6.00,      6.00,0,0,0,2,2,2
H5,152,2018,481031,      6.00,      6.00,      6.00,      6.00,0,0,0,1,1,1
H5,152,2018,481032,      6.00,      6.00,      6.00,      6.00,0,0,0,1,1,1
H5,152,2018,481039,      6.00,      6.00,      6.00,      6.00,0,0,0,1,1,1
H5,152,2018,481092,     12.00,      6.00,      6.00,      6.00,0,0,0,2,2,2
H5,152,2018,481099,      6.00,      6.00,      6.00,      6.00,0,0,0,1,1,1
H5,152,2018,481110,      6.00,      6.00,      6.00,      6.00,0,0,0,1,1,1
H5,152,2018,481141,     12.00,      6.00,      6.00,      6.00,0,0,0,2,2,2
H5,152,2018,481149,      6.00,      6.00,      6.00,      6.00,0,0,0,1,1,1
H5,152,2018,481151,      6.00,      6.00,      6.00,      6.00,0,0,0,1,1,1
H5,152,2018,481159,      6.00,      6.00,      6.00,      6.00,0,0,0,1,1,1
H5,152,2018,481160,      6.00,      6.00,      6.00,      6.00,0,0,0,1,1,1
H5,152,2018,481190,     30.00,      6.00,      6.00,      6.00,0,0,0,5,5,5
H5,152,2018,481200,      6.00,      6.00,      6.00,      6.00,0,0,0,1,1,1
H5,152,2018,481310,      6.00,      6.00,      6.00,      6.00,0,0,0,1,1,1
H5,152,2018,481320,      6.00,      6.00,      6.00,      6.00,0,0,0,1,1,1
H5,152,2018,481390,      6.00,      6.00,      6.00,      6.00,0,0,0,1,1,1
H5,152,2018,481420,      6.00,      6.00,      6.00,      6.00,0,0,0,1,1,1
H5,152,2018,481490,      6.00,      6.00,      6.00,      6.00,0,0,0,1,1,1
H5,152,2018,481620,     18.00,      6.00,      6.00,      6.00,0,0,0,3,3,3
H5,152,2018,481690,      6.00,      6.00,      6.00,      6.00,0,0,0,1,1,1
H5,152,2018,481710,      6.00,      6.00,      6.00,      6.00,0,0,0,1,1,1
H5,152,2018,481720,      6.00,      6.00,      6.00,      6.00,0,0,0,1,1,1
H5,152,2018,481730,      6.00,      6.00,      6.00,      6.00,0,0,0,1,1,1
H5,152,2018,481810,     12.00,      6.00,      6.00,      6.00,0,0,0,2,2,2
H5,152,2018,481820,     18.00,      6.00,      6.00,      6.00,0,0,0,3,3,3
H5,152,2018,481830,     12.00,      6.00,      6.00,      6.00,0,0,0,2,2,2
H5,152,2018,481850,      6.00,      6.00,      6.00,      6.00,0,0,0,1,1,1
H5,152,2018,481890,      6.00,      6.00,      6.00,      6.00,0,0,0,1,1,1
H5,152,2018,481910,     12.00,      6.00,      6.00,      6.00,0,0,0,2,2,2
H5,152,2018,481920,     12.00,      6.00,      6.00,      6.00,0,0,0,2,2,2
H5,152,2018,481930,     12.00,      6.00,      6.00,      6.00,0,0,0,2,2,2
H5,152,2018,481940,      6.00,      6.00,      6.00,      6.00,0,0,0,1,1,1
H5,152,2018,481950,      6.00,      6.00,      6.00,      6.00,0,0,0,1,1,1
H5,152,2018,481960,      6.00,      6.00,      6.00,      6.00,0,0,0,1,1,1
H5,152,2018,482010,     12.00,      6.00,      6.00,      6.00,0,0,0,2,2,2
H5,152,2018,482020,     12.00,      6.00,      6.00,      6.00,0,0,0,2,2,2
H5,152,2018,482030,     12.00,      6.00,      6.00,      6.00,0,0,0,2,2,2
H5,152,2018,482040,      6.00,      6.00,      6.00,      6.00,0,0,0,1,1,1
H5,152,2018,482050,      6.00,      6.00,      6.00,      6.00,0,0,0,1,1,1
H5,152,2018,482090,      6.00,      6.00,      6.00,      6.00,0,0,0,1,1,1
H5,152,2018,482110,     12.00,      6.00,      6.00,      6.00,0,0,0,2,2,2
H5,152,2018,482190,      6.00,      6.00,      6.00,      6.00,0,0,0,1,1,1
H5,152,2018,482210,      6.00,      6.00,      6.00,      6.00,0,0,0,1,1,1
H5,152,2018,482290,      6.00,      6.00,      6.00,      6.00,0,0,0,1,1,1
H5,152,2018,482320,      6.00,      6.00,      6.00,      6.00,0,0,0,1,1,1
H5,152,2018,482340,      6.00,      6.00,      6.00,      6.00,0,0,0,1,1,1
H5,152,2018,482361,      6.00,      6.00,      6.00,      6.00,0,0,0,1,1,1
H5,152,2018,482369,     12.00,      6.00,      6.00,      6.00,0,0,0,2,2,2
H5,152,2018,482370,      6.00,      6.00,      6.00,      6.00,0,0,0,1,1,1
H5,152,2018,482390,     24.00,      6.00,      6.00,      6.00,0,0,0,4,4,4
H5,152,2018,490110,     12.00,      6.00,      6.00,      6.00,0,0,0,2,2,2
H5,152,2018,490191,     12.00,      6.00,      6.00,      6.00,0,0,0,2,2,2
H5,152,2018,490199,     42.00,      0.00,      6.00,      5.25,0,1,0,7,8,8
H5,152,2018,490210,      6.00,      6.00,      6.00,      6.00,0,0,0,1,1,1
H5,152,2018,490290,      6.00,      6.00,      6.00,      6.00,0,0,0,1,1,1
H5,152,2018,490300,      6.00,      6.00,      6.00,      6.00,0,0,0,1,1,1
H5,152,2018,490400,      6.00,      6.00,      6.00,      6.00,0,0,0,1,1,1
H5,152,2018,490510,      6.00,      6.00,      6.00,      6.00,0,0,0,1,1,1
H5,152,2018,490591,      6.00,      6.00,      6.00,      6.00,0,0,0,1,1,1
H5,152,2018,490599,      6.00,      6.00,      6.00,      6.00,0,0,0,1,1,1
H5,152,2018,490600,      6.00,      0.00,      6.00,      3.00,0,1,0,1,2,2
H5,152,2018,490700,      6.00,      0.00,      6.00,      2.00,0,2,0,1,3,3
H5,152,2018,490810,      6.00,      6.00,      6.00,      6.00,0,0,0,1,1,1
H5,152,2018,490890,      6.00,      6.00,      6.00,      6.00,0,0,0,1,1,1
H5,152,2018,490900,      6.00,      6.00,      6.00,      6.00,0,0,0,1,1,1
H5,152,2018,491000,      6.00,      6.00,      6.00,      6.00,0,0,0,1,1,1
H5,152,2018,491110,     18.00,      6.00,      6.00,      6.00,0,0,0,3,3,3
H5,152,2018,491191,      6.00,      6.00,      6.00,      6.00,0,0,0,1,1,1
H5,152,2018,491199,      6.00,      6.00,      6.00,      6.00,0,0,0,1,1,1
H5,152,2018,500100,      6.00,      6.00,      6.00,      6.00,0,0,0,1,1,1
H5,152,2018,500200,      6.00,      6.00,      6.00,      6.00,0,0,0,1,1,1
H5,152,2018,500300,      6.00,      6.00,      6.00,      6.00,0,0,0,1,1,1
H5,152,2018,500400,      6.00,      6.00,      6.00,      6.00,0,0,0,1,1,1
H5,152,2018,500500,      6.00,      6.00,      6.00,      6.00,0,0,0,1,1,1
H5,152,2018,500600,      6.00,      6.00,      6.00,      6.00,0,0,0,1,1,1
H5,152,2018,500710,      6.00,      6.00,      6.00,      6.00,0,0,0,1,1,1
H5,152,2018,500720,      6.00,      6.00,      6.00,      6.00,0,0,0,1,1,1
H5,152,2018,500790,      6.00,      6.00,      6.00,      6.00,0,0,0,1,1,1
H5,152,2018,510111,      6.00,      6.00,      6.00,      6.00,0,0,0,1,1,1
H5,152,2018,510119,      6.00,      6.00,      6.00,      6.00,0,0,0,1,1,1
H5,152,2018,510121,      6.00,      6.00,      6.00,      6.00,0,0,0,1,1,1
H5,152,2018,510129,      6.00,      6.00,      6.00,      6.00,0,0,0,1,1,1
H5,152,2018,510130,      6.00,      6.00,      6.00,      6.00,0,0,0,1,1,1
H5,152,2018,510211,      6.00,      6.00,      6.00,      6.00,0,0,0,1,1,1
H5,152,2018,510219,     18.00,      6.00,      6.00,      6.00,0,0,0,3,3,3
H5,152,2018,510220,      6.00,      6.00,      6.00,      6.00,0,0,0,1,1,1
H5,152,2018,510310,      6.00,      6.00,      6.00,      6.00,0,0,0,1,1,1
H5,152,2018,510320,      6.00,      6.00,      6.00,      6.00,0,0,0,1,1,1
H5,152,2018,510330,      6.00,      6.00,      6.00,      6.00,0,0,0,1,1,1
H5,152,2018,510400,      6.00,      6.00,      6.00,      6.00,0,0,0,1,1,1
H5,152,2018,510510,      6.00,      6.00,      6.00,      6.00,0,0,0,1,1,1
H5,152,2018,510521,      6.00,      6.00,      6.00,      6.00,0,0,0,1,1,1
H5,152,2018,510529,     12.00,      6.00,      6.00,      6.00,0,0,0,2,2,2
H5,152,2018,510531,      6.00,      6.00,      6.00,      6.00,0,0,0,1,1,1
H5,152,2018,510539,     18.00,      6.00,      6.00,      6.00,0,0,0,3,3,3
H5,152,2018,510540,      6.00,      6.00,      6.00,      6.00,0,0,0,1,1,1
H5,152,2018,510610,      6.00,      6.00,      6.00,      6.00,0,0,0,1,1,1
H5,152,2018,510620,      6.00,      6.00,      6.00,      6.00,0,0,0,1,1,1
H5,152,2018,510710,      6.00,      6.00,      6.00,      6.00,0,0,0,1,1,1
H5,152,2018,510720,      6.00,      6.00,      6.00,      6.00,0,0,0,1,1,1
H5,152,2018,510810,      6.00,      6.00,      6.00,      6.00,0,0,0,1,1,1
H5,152,2018,510820,      6.00,      6.00,      6.00,      6.00,0,0,0,1,1,1
H5,152,2018,510910,      6.00,      6.00,      6.00,      6.00,0,0,0,1,1,1
H5,152,2018,510990,      6.00,      6.00,      6.00,      6.00,0,0,0,1,1,1
H5,152,2018,511000,      6.00,      6.00,      6.00,      6.00,0,0,0,1,1,1
H5,152,2018,511111,      6.00,      6.00,      6.00,      6.00,0,0,0,1,1,1
H5,152,2018,511119,      6.00,      6.00,      6.00,      6.00,0,0,0,1,1,1
H5,152,2018,511120,      6.00,      6.00,      6.00,      6.00,0,0,0,1,1,1
H5,152,2018,511130,      6.00,      6.00,      6.00,      6.00,0,0,0,1,1,1
H5,152,2018,511190,      6.00,      6.00,      6.00,      6.00,0,0,0,1,1,1
H5,152,2018,511211,     12.00,      6.00,      6.00,      6.00,0,0,0,2,2,2
H5,152,2018,511219,     18.00,      6.00,      6.00,      6.00,0,0,0,3,3,3
H5,152,2018,511220,      6.00,      6.00,      6.00,      6.00,0,0,0,1,1,1
H5,152,2018,511230,      6.00,      6.00,      6.00,      6.00,0,0,0,1,1,1
H5,152,2018,511290,      6.00,      6.00,      6.00,      6.00,0,0,0,1,1,1
H5,152,2018,511300,      6.00,      6.00,      6.00,      6.00,0,0,0,1,1,1
H5,152,2018,520100,      6.00,      6.00,      6.00,      6.00,0,0,0,1,1,1
H5,152,2018,520210,      6.00,      6.00,      6.00,      6.00,0,0,0,1,1,1
H5,152,2018,520291,      6.00,      6.00,      6.00,      6.00,0,0,0,1,1,1
H5,152,2018,520299,      6.00,      6.00,      6.00,      6.00,0,0,0,1,1,1
H5,152,2018,520300,      6.00,      6.00,      6.00,      6.00,0,0,0,1,1,1
H5,152,2018,520411,      6.00,      6.00,      6.00,      6.00,0,0,0,1,1,1
H5,152,2018,520419,      6.00,      6.00,      6.00,      6.00,0,0,0,1,1,1
H5,152,2018,520420,      6.00,      6.00,      6.00,      6.00,0,0,0,1,1,1
H5,152,2018,520511,      6.00,      6.00,      6.00,      6.00,0,0,0,1,1,1
H5,152,2018,520512,      6.00,      6.00,      6.00,      6.00,0,0,0,1,1,1
H5,152,2018,520513,      6.00,      6.00,      6.00,      6.00,0,0,0,1,1,1
H5,152,2018,520514,      6.00,      6.00,      6.00,      6.00,0,0,0,1,1,1
H5,152,2018,520515,      6.00,      6.00,      6.00,      6.00,0,0,0,1,1,1
H5,152,2018,520521,      6.00,      6.00,      6.00,      6.00,0,0,0,1,1,1
H5,152,2018,520522,      6.00,      6.00,      6.00,      6.00,0,0,0,1,1,1
H5,152,2018,520523,      6.00,      6.00,      6.00,      6.00,0,0,0,1,1,1
H5,152,2018,520524,      6.00,      6.00,      6.00,      6.00,0,0,0,1,1,1
H5,152,2018,520526,      6.00,      6.00,      6.00,      6.00,0,0,0,1,1,1
H5,152,2018,520527,      6.00,      6.00,      6.00,      6.00,0,0,0,1,1,1
H5,152,2018,520528,      6.00,      6.00,      6.00,      6.00,0,0,0,1,1,1
H5,152,2018,520531,      6.00,      6.00,      6.00,      6.00,0,0,0,1,1,1
H5,152,2018,520532,      6.00,      6.00,      6.00,      6.00,0,0,0,1,1,1
H5,152,2018,520533,      6.00,      6.00,      6.00,      6.00,0,0,0,1,1,1
H5,152,2018,520534,      6.00,      6.00,      6.00,      6.00,0,0,0,1,1,1
H5,152,2018,520535,      6.00,      6.00,      6.00,      6.00,0,0,0,1,1,1
H5,152,2018,520541,      6.00,      6.00,      6.00,      6.00,0,0,0,1,1,1
H5,152,2018,520542,      6.00,      6.00,      6.00,      6.00,0,0,0,1,1,1
H5,152,2018,520543,      6.00,      6.00,      6.00,      6.00,0,0,0,1,1,1
H5,152,2018,520544,      6.00,      6.00,      6.00,      6.00,0,0,0,1,1,1
H5,152,2018,520546,      6.00,      6.00,      6.00,      6.00,0,0,0,1,1,1
H5,152,2018,520547,      6.00,      6.00,      6.00,      6.00,0,0,0,1,1,1
H5,152,2018,520548,      6.00,      6.00,      6.00,      6.00,0,0,0,1,1,1
H5,152,2018,520611,      6.00,      6.00,      6.00,      6.00,0,0,0,1,1,1
H5,152,2018,520612,      6.00,      6.00,      6.00,      6.00,0,0,0,1,1,1
H5,152,2018,520613,      6.00,      6.00,      6.00,      6.00,0,0,0,1,1,1
H5,152,2018,520614,      6.00,      6.00,      6.00,      6.00,0,0,0,1,1,1
H5,152,2018,520615,      6.00,      6.00,      6.00,      6.00,0,0,0,1,1,1
H5,152,2018,520621,      6.00,      6.00,      6.00,      6.00,0,0,0,1,1,1
H5,152,2018,520622,      6.00,      6.00,      6.00,      6.00,0,0,0,1,1,1
H5,152,2018,520623,      6.00,      6.00,      6.00,      6.00,0,0,0,1,1,1
H5,152,2018,520624,      6.00,      6.00,      6.00,      6.00,0,0,0,1,1,1
H5,152,2018,520625,      6.00,      6.00,      6.00,      6.00,0,0,0,1,1,1
H5,152,2018,520631,      6.00,      6.00,      6.00,      6.00,0,0,0,1,1,1
H5,152,2018,520632,      6.00,      6.00,      6.00,      6.00,0,0,0,1,1,1
H5,152,2018,520633,      6.00,      6.00,      6.00,      6.00,0,0,0,1,1,1
H5,152,2018,520634,      6.00,      6.00,      6.00,      6.00,0,0,0,1,1,1
H5,152,2018,520635,      6.00,      6.00,      6.00,      6.00,0,0,0,1,1,1
H5,152,2018,520641,      6.00,      6.00,      6.00,      6.00,0,0,0,1,1,1
H5,152,2018,520642,      6.00,      6.00,      6.00,      6.00,0,0,0,1,1,1
H5,152,2018,520643,      6.00,      6.00,      6.00,      6.00,0,0,0,1,1,1
H5,152,2018,520644,      6.00,      6.00,      6.00,      6.00,0,0,0,1,1,1
H5,152,2018,520645,      6.00,      6.00,      6.00,      6.00,0,0,0,1,1,1
H5,152,2018,520710,      6.00,      6.00,      6.00,      6.00,0,0,0,1,1,1
H5,152,2018,520790,      6.00,      6.00,      6.00,      6.00,0,0,0,1,1,1
H5,152,2018,520811,      6.00,      6.00,      6.00,      6.00,0,0,0,1,1,1
H5,152,2018,520812,      6.00,      6.00,      6.00,      6.00,0,0,0,1,1,1
H5,152,2018,520813,      6.00,      6.00,      6.00,      6.00,0,0,0,1,1,1
H5,152,2018,520819,      6.00,      6.00,      6.00,      6.00,0,0,0,1,1,1
H5,152,2018,520821,      6.00,      6.00,      6.00,      6.00,0,0,0,1,1,1
H5,152,2018,520822,      6.00,      6.00,      6.00,      6.00,0,0,0,1,1,1
H5,152,2018,520823,      6.00,      6.00,      6.00,      6.00,0,0,0,1,1,1
H5,152,2018,520829,      6.00,      6.00,      6.00,      6.00,0,0,0,1,1,1
H5,152,2018,520831,      6.00,      6.00,      6.00,      6.00,0,0,0,1,1,1
H5,152,2018,520832,      6.00,      6.00,      6.00,      6.00,0,0,0,1,1,1
H5,152,2018,520833,      6.00,      6.00,      6.00,      6.00,0,0,0,1,1,1
H5,152,2018,520839,      6.00,      6.00,      6.00,      6.00,0,0,0,1,1,1
H5,152,2018,520841,      6.00,      6.00,      6.00,      6.00,0,0,0,1,1,1
H5,152,2018,520842,      6.00,      6.00,      6.00,      6.00,0,0,0,1,1,1
H5,152,2018,520843,      6.00,      6.00,      6.00,      6.00,0,0,0,1,1,1
H5,152,2018,520849,      6.00,      6.00,      6.00,      6.00,0,0,0,1,1,1
H5,152,2018,520851,      6.00,      6.00,      6.00,      6.00,0,0,0,1,1,1
H5,152,2018,520852,      6.00,      6.00,      6.00,      6.00,0,0,0,1,1,1
H5,152,2018,520859,      6.00,      6.00,      6.00,      6.00,0,0,0,1,1,1
H5,152,2018,520911,      6.00,      6.00,      6.00,      6.00,0,0,0,1,1,1
H5,152,2018,520912,      6.00,      6.00,      6.00,      6.00,0,0,0,1,1,1
H5,152,2018,520919,      6.00,      6.00,      6.00,      6.00,0,0,0,1,1,1
H5,152,2018,520921,      6.00,      6.00,      6.00,      6.00,0,0,0,1,1,1
H5,152,2018,520922,      6.00,      6.00,      6.00,      6.00,0,0,0,1,1,1
H5,152,2018,520929,      6.00,      6.00,      6.00,      6.00,0,0,0,1,1,1
H5,152,2018,520931,      6.00,      6.00,      6.00,      6.00,0,0,0,1,1,1
H5,152,2018,520932,      6.00,      6.00,      6.00,      6.00,0,0,0,1,1,1
H5,152,2018,520939,      6.00,      6.00,      6.00,      6.00,0,0,0,1,1,1
H5,152,2018,520941,      6.00,      6.00,      6.00,      6.00,0,0,0,1,1,1
H5,152,2018,520942,     12.00,      6.00,      6.00,      6.00,0,0,0,2,2,2
H5,152,2018,520943,      6.00,      6.00,      6.00,      6.00,0,0,0,1,1,1
H5,152,2018,520949,      6.00,      6.00,      6.00,      6.00,0,0,0,1,1,1
H5,152,2018,520951,      6.00,      6.00,      6.00,      6.00,0,0,0,1,1,1
H5,152,2018,520952,      6.00,      6.00,      6.00,      6.00,0,0,0,1,1,1
H5,152,2018,520959,      6.00,      6.00,      6.00,      6.00,0,0,0,1,1,1
H5,152,2018,521011,      6.00,      6.00,      6.00,      6.00,0,0,0,1,1,1
H5,152,2018,521019,      6.00,      6.00,      6.00,      6.00,0,0,0,1,1,1
H5,152,2018,521021,      6.00,      6.00,      6.00,      6.00,0,0,0,1,1,1
H5,152,2018,521029,      6.00,      6.00,      6.00,      6.00,0,0,0,1,1,1
H5,152,2018,521031,      6.00,      6.00,      6.00,      6.00,0,0,0,1,1,1
H5,152,2018,521032,      6.00,      6.00,      6.00,      6.00,0,0,0,1,1,1
H5,152,2018,521039,      6.00,      6.00,      6.00,      6.00,0,0,0,1,1,1
H5,152,2018,521041,      6.00,      6.00,      6.00,      6.00,0,0,0,1,1,1
H5,152,2018,521049,      6.00,      6.00,      6.00,      6.00,0,0,0,1,1,1
H5,152,2018,521051,      6.00,      6.00,      6.00,      6.00,0,0,0,1,1,1
H5,152,2018,521059,      6.00,      6.00,      6.00,      6.00,0,0,0,1,1,1
H5,152,2018,521111,      6.00,      6.00,      6.00,      6.00,0,0,0,1,1,1
H5,152,2018,521112,      6.00,      6.00,      6.00,      6.00,0,0,0,1,1,1
H5,152,2018,521119,      6.00,      6.00,      6.00,      6.00,0,0,0,1,1,1
H5,152,2018,521120,      6.00,      6.00,      6.00,      6.00,0,0,0,1,1,1
H5,152,2018,521131,      6.00,      6.00,      6.00,      6.00,0,0,0,1,1,1
H5,152,2018,521132,      6.00,      6.00,      6.00,      6.00,0,0,0,1,1,1
H5,152,2018,521139,      6.00,      6.00,      6.00,      6.00,0,0,0,1,1,1
H5,152,2018,521141,      6.00,      6.00,      6.00,      6.00,0,0,0,1,1,1
H5,152,2018,521142,      6.00,      6.00,      6.00,      6.00,0,0,0,1,1,1
H5,152,2018,521143,      6.00,      6.00,      6.00,      6.00,0,0,0,1,1,1
H5,152,2018,521149,      6.00,      6.00,      6.00,      6.00,0,0,0,1,1,1
H5,152,2018,521151,      6.00,      6.00,      6.00,      6.00,0,0,0,1,1,1
H5,152,2018,521152,      6.00,      6.00,      6.00,      6.00,0,0,0,1,1,1
H5,152,2018,521159,      6.00,      6.00,      6.00,      6.00,0,0,0,1,1,1
H5,152,2018,521211,      6.00,      6.00,      6.00,      6.00,0,0,0,1,1,1
H5,152,2018,521212,      6.00,      6.00,      6.00,      6.00,0,0,0,1,1,1
H5,152,2018,521213,      6.00,      6.00,      6.00,      6.00,0,0,0,1,1,1
H5,152,2018,521214,      6.00,      6.00,      6.00,      6.00,0,0,0,1,1,1
H5,152,2018,521215,      6.00,      6.00,      6.00,      6.00,0,0,0,1,1,1
H5,152,2018,521221,      6.00,      6.00,      6.00,      6.00,0,0,0,1,1,1
H5,152,2018,521222,      6.00,      6.00,      6.00,      6.00,0,0,0,1,1,1
H5,152,2018,521223,      6.00,      6.00,      6.00,      6.00,0,0,0,1,1,1
H5,152,2018,521224,      6.00,      6.00,      6.00,      6.00,0,0,0,1,1,1
H5,152,2018,521225,      6.00,      6.00,      6.00,      6.00,0,0,0,1,1,1
H5,152,2018,530110,      6.00,      6.00,      6.00,      6.00,0,0,0,1,1,1
H5,152,2018,530121,      6.00,      6.00,      6.00,      6.00,0,0,0,1,1,1
H5,152,2018,530129,      6.00,      6.00,      6.00,      6.00,0,0,0,1,1,1
H5,152,2018,530130,      6.00,      6.00,      6.00,      6.00,0,0,0,1,1,1
H5,152,2018,530210,      6.00,      6.00,      6.00,      6.00,0,0,0,1,1,1
H5,152,2018,530290,      6.00,      6.00,      6.00,      6.00,0,0,0,1,1,1
H5,152,2018,530310,      6.00,      6.00,      6.00,      6.00,0,0,0,1,1,1
H5,152,2018,530390,      6.00,      6.00,      6.00,      6.00,0,0,0,1,1,1
H5,152,2018,530500,      6.00,      6.00,      6.00,      6.00,0,0,0,1,1,1
H5,152,2018,530610,      6.00,      6.00,      6.00,      6.00,0,0,0,1,1,1
H5,152,2018,530620,      6.00,      6.00,      6.00,      6.00,0,0,0,1,1,1
H5,152,2018,530710,      6.00,      6.00,      6.00,      6.00,0,0,0,1,1,1
H5,152,2018,530720,      6.00,      6.00,      6.00,      6.00,0,0,0,1,1,1
H5,152,2018,530810,      6.00,      6.00,      6.00,      6.00,0,0,0,1,1,1
H5,152,2018,530820,      6.00,      6.00,      6.00,      6.00,0,0,0,1,1,1
H5,152,2018,530890,      6.00,      6.00,      6.00,      6.00,0,0,0,1,1,1
H5,152,2018,530911,      6.00,      6.00,      6.00,      6.00,0,0,0,1,1,1
H5,152,2018,530919,      6.00,      6.00,      6.00,      6.00,0,0,0,1,1,1
H5,152,2018,530921,      6.00,      6.00,      6.00,      6.00,0,0,0,1,1,1
H5,152,2018,530929,      6.00,      6.00,      6.00,      6.00,0,0,0,1,1,1
H5,152,2018,531010,      6.00,      6.00,      6.00,      6.00,0,0,0,1,1,1
H5,152,2018,531090,      6.00,      6.00,      6.00,      6.00,0,0,0,1,1,1
H5,152,2018,531100,      6.00,      6.00,      6.00,      6.00,0,0,0,1,1,1
H5,152,2018,540110,      6.00,      6.00,      6.00,      6.00,0,0,0,1,1,1
H5,152,2018,540120,      6.00,      6.00,      6.00,      6.00,0,0,0,1,1,1
H5,152,2018,540211,      6.00,      6.00,      6.00,      6.00,0,0,0,1,1,1
H5,152,2018,540219,      6.00,      6.00,      6.00,      6.00,0,0,0,1,1,1
H5,152,2018,540220,      6.00,      6.00,      6.00,      6.00,0,0,0,1,1,1
H5,152,2018,540231,      6.00,      6.00,      6.00,      6.00,0,0,0,1,1,1
H5,152,2018,540232,      6.00,      6.00,      6.00,      6.00,0,0,0,1,1,1
H5,152,2018,540233,      6.00,      6.00,      6.00,      6.00,0,0,0,1,1,1
H5,152,2018,540234,      6.00,      6.00,      6.00,      6.00,0,0,0,1,1,1
H5,152,2018,540239,      6.00,      6.00,      6.00,      6.00,0,0,0,1,1,1
H5,152,2018,540244,      6.00,      6.00,      6.00,      6.00,0,0,0,1,1,1
H5,152,2018,540245,      6.00,      6.00,      6.00,      6.00,0,0,0,1,1,1
H5,152,2018,540246,      6.00,      6.00,      6.00,      6.00,0,0,0,1,1,1
H5,152,2018,540247,      6.00,      6.00,      6.00,      6.00,0,0,0,1,1,1
H5,152,2018,540248,      6.00,      6.00,      6.00,      6.00,0,0,0,1,1,1
H5,152,2018,540249,      6.00,      6.00,      6.00,      6.00,0,0,0,1,1,1
H5,152,2018,540251,      6.00,      6.00,      6.00,      6.00,0,0,0,1,1,1
H5,152,2018,540252,      6.00,      6.00,      6.00,      6.00,0,0,0,1,1,1
H5,152,2018,540253,      6.00,      6.00,      6.00,      6.00,0,0,0,1,1,1
H5,152,2018,540259,      6.00,      6.00,      6.00,      6.00,0,0,0,1,1,1
H5,152,2018,540261,      6.00,      6.00,      6.00,      6.00,0,0,0,1,1,1
H5,152,2018,540262,      6.00,      6.00,      6.00,      6.00,0,0,0,1,1,1
H5,152,2018,540263,      6.00,      6.00,      6.00,      6.00,0,0,0,1,1,1
H5,152,2018,540269,      6.00,      6.00,      6.00,      6.00,0,0,0,1,1,1
H5,152,2018,540310,      6.00,      6.00,      6.00,      6.00,0,0,0,1,1,1
H5,152,2018,540331,      6.00,      6.00,      6.00,      6.00,0,0,0,1,1,1
H5,152,2018,540332,      6.00,      6.00,      6.00,      6.00,0,0,0,1,1,1
H5,152,2018,540333,      6.00,      6.00,      6.00,      6.00,0,0,0,1,1,1
H5,152,2018,540339,      6.00,      6.00,      6.00,      6.00,0,0,0,1,1,1
H5,152,2018,540341,      6.00,      6.00,      6.00,      6.00,0,0,0,1,1,1
H5,152,2018,540342,      6.00,      6.00,      6.00,      6.00,0,0,0,1,1,1
H5,152,2018,540349,      6.00,      6.00,      6.00,      6.00,0,0,0,1,1,1
H5,152,2018,540411,      6.00,      6.00,      6.00,      6.00,0,0,0,1,1,1
H5,152,2018,540412,      6.00,      6.00,      6.00,      6.00,0,0,0,1,1,1
H5,152,2018,540419,      6.00,      6.00,      6.00,      6.00,0,0,0,1,1,1
H5,152,2018,540490,      6.00,      6.00,      6.00,      6.00,0,0,0,1,1,1
H5,152,2018,540500,      6.00,      6.00,      6.00,      6.00,0,0,0,1,1,1
H5,152,2018,540600,      6.00,      6.00,      6.00,      6.00,0,0,0,1,1,1
H5,152,2018,540710,      6.00,      6.00,      6.00,      6.00,0,0,0,1,1,1
H5,152,2018,540720,      6.00,      6.00,      6.00,      6.00,0,0,0,1,1,1
H5,152,2018,540730,      6.00,      6.00,      6.00,      6.00,0,0,0,1,1,1
H5,152,2018,540741,      6.00,      6.00,      6.00,      6.00,0,0,0,1,1,1
H5,152,2018,540742,      6.00,      6.00,      6.00,      6.00,0,0,0,1,1,1
H5,152,2018,540743,      6.00,      6.00,      6.00,      6.00,0,0,0,1,1,1
H5,152,2018,540744,      6.00,      6.00,      6.00,      6.00,0,0,0,1,1,1
H5,152,2018,540751,      6.00,      6.00,      6.00,      6.00,0,0,0,1,1,1
H5,152,2018,540752,     18.00,      6.00,      6.00,      6.00,0,0,0,3,3,3
H5,152,2018,540753,      6.00,      6.00,      6.00,      6.00,0,0,0,1,1,1
H5,152,2018,540754,     18.00,      6.00,      6.00,      6.00,0,0,0,3,3,3
H5,152,2018,540761,     24.00,      6.00,      6.00,      6.00,0,0,0,4,4,4
H5,152,2018,540769,      6.00,      6.00,      6.00,      6.00,0,0,0,1,1,1
H5,152,2018,540771,      6.00,      6.00,      6.00,      6.00,0,0,0,1,1,1
H5,152,2018,540772,      6.00,      6.00,      6.00,      6.00,0,0,0,1,1,1
H5,152,2018,540773,      6.00,      6.00,      6.00,      6.00,0,0,0,1,1,1
H5,152,2018,540774,      6.00,      6.00,      6.00,      6.00,0,0,0,1,1,1
H5,152,2018,540781,      6.00,      6.00,      6.00,      6.00,0,0,0,1,1,1
H5,152,2018,540782,      6.00,      6.00,      6.00,      6.00,0,0,0,1,1,1
H5,152,2018,540783,      6.00,      6.00,      6.00,      6.00,0,0,0,1,1,1
H5,152,2018,540784,      6.00,      6.00,      6.00,      6.00,0,0,0,1,1,1
H5,152,2018,540791,      6.00,      6.00,      6.00,      6.00,0,0,0,1,1,1
H5,152,2018,540792,      6.00,      6.00,      6.00,      6.00,0,0,0,1,1,1
H5,152,2018,540793,      6.00,      6.00,      6.00,      6.00,0,0,0,1,1,1
H5,152,2018,540794,      6.00,      6.00,      6.00,      6.00,0,0,0,1,1,1
H5,152,2018,540810,      6.00,      6.00,      6.00,      6.00,0,0,0,1,1,1
H5,152,2018,540821,      6.00,      6.00,      6.00,      6.00,0,0,0,1,1,1
H5,152,2018,540822,      6.00,      6.00,      6.00,      6.00,0,0,0,1,1,1
H5,152,2018,540823,      6.00,      6.00,      6.00,      6.00,0,0,0,1,1,1
H5,152,2018,540824,      6.00,      6.00,      6.00,      6.00,0,0,0,1,1,1
H5,152,2018,540831,      6.00,      6.00,      6.00,      6.00,0,0,0,1,1,1
H5,152,2018,540832,      6.00,      6.00,      6.00,      6.00,0,0,0,1,1,1
H5,152,2018,540833,      6.00,      6.00,      6.00,      6.00,0,0,0,1,1,1
H5,152,2018,540834,      6.00,      6.00,      6.00,      6.00,0,0,0,1,1,1
H5,152,2018,550110,      6.00,      6.00,      6.00,      6.00,0,0,0,1,1,1
H5,152,2018,550120,      6.00,      6.00,      6.00,      6.00,0,0,0,1,1,1
H5,152,2018,550130,      6.00,      6.00,      6.00,      6.00,0,0,0,1,1,1
H5,152,2018,550140,      6.00,      6.00,      6.00,      6.00,0,0,0,1,1,1
H5,152,2018,550190,      6.00,      6.00,      6.00,      6.00,0,0,0,1,1,1
H5,152,2018,550210,     12.00,      6.00,      6.00,      6.00,0,0,0,2,2,2
H5,152,2018,550290,      6.00,      6.00,      6.00,      6.00,0,0,0,1,1,1
H5,152,2018,550311,      6.00,      6.00,      6.00,      6.00,0,0,0,1,1,1
H5,152,2018,550319,      6.00,      6.00,      6.00,      6.00,0,0,0,1,1,1
H5,152,2018,550320,      6.00,      6.00,      6.00,      6.00,0,0,0,1,1,1
H5,152,2018,550330,      6.00,      6.00,      6.00,      6.00,0,0,0,1,1,1
H5,152,2018,550340,      6.00,      6.00,      6.00,      6.00,0,0,0,1,1,1
H5,152,2018,550390,      6.00,      6.00,      6.00,      6.00,0,0,0,1,1,1
H5,152,2018,550410,      6.00,      6.00,      6.00,      6.00,0,0,0,1,1,1
H5,152,2018,550490,      6.00,      6.00,      6.00,      6.00,0,0,0,1,1,1
H5,152,2018,550510,      6.00,      6.00,      6.00,      6.00,0,0,0,1,1,1
H5,152,2018,550520,      6.00,      6.00,      6.00,      6.00,0,0,0,1,1,1
H5,152,2018,550610,      6.00,      6.00,      6.00,      6.00,0,0,0,1,1,1
H5,152,2018,550620,      6.00,      6.00,      6.00,      6.00,0,0,0,1,1,1
H5,152,2018,550630,      6.00,      6.00,      6.00,      6.00,0,0,0,1,1,1
H5,152,2018,550640,      6.00,      6.00,      6.00,      6.00,0,0,0,1,1,1
H5,152,2018,550690,      6.00,      6.00,      6.00,      6.00,0,0,0,1,1,1
H5,152,2018,550700,      6.00,      6.00,      6.00,      6.00,0,0,0,1,1,1
H5,152,2018,550810,     12.00,      6.00,      6.00,      6.00,0,0,0,2,2,2
H5,152,2018,550820,      6.00,      6.00,      6.00,      6.00,0,0,0,1,1,1
H5,152,2018,550911,      6.00,      6.00,      6.00,      6.00,0,0,0,1,1,1
H5,152,2018,550912,      6.00,      6.00,      6.00,      6.00,0,0,0,1,1,1
H5,152,2018,550921,      6.00,      6.00,      6.00,      6.00,0,0,0,1,1,1
H5,152,2018,550922,      6.00,      6.00,      6.00,      6.00,0,0,0,1,1,1
H5,152,2018,550931,      6.00,      6.00,      6.00,      6.00,0,0,0,1,1,1
H5,152,2018,550932,      6.00,      6.00,      6.00,      6.00,0,0,0,1,1,1
H5,152,2018,550941,      6.00,      6.00,      6.00,      6.00,0,0,0,1,1,1
H5,152,2018,550942,      6.00,      6.00,      6.00,      6.00,0,0,0,1,1,1
H5,152,2018,550951,      6.00,      6.00,      6.00,      6.00,0,0,0,1,1,1
H5,152,2018,550952,      6.00,      6.00,      6.00,      6.00,0,0,0,1,1,1
H5,152,2018,550953,     18.00,      6.00,      6.00,      6.00,0,0,0,3,3,3
H5,152,2018,550959,      6.00,      6.00,      6.00,      6.00,0,0,0,1,1,1
H5,152,2018,550961,      6.00,      6.00,      6.00,      6.00,0,0,0,1,1,1
H5,152,2018,550962,      6.00,      6.00,      6.00,      6.00,0,0,0,1,1,1
H5,152,2018,550969,      6.00,      6.00,      6.00,      6.00,0,0,0,1,1,1
H5,152,2018,550991,      6.00,      6.00,      6.00,      6.00,0,0,0,1,1,1
H5,152,2018,550992,      6.00,      6.00,      6.00,      6.00,0,0,0,1,1,1
H5,152,2018,550999,      6.00,      6.00,      6.00,      6.00,0,0,0,1,1,1
H5,152,2018,551011,      6.00,      6.00,      6.00,      6.00,0,0,0,1,1,1
H5,152,2018,551012,      6.00,      6.00,      6.00,      6.00,0,0,0,1,1,1
H5,152,2018,551020,      6.00,      6.00,      6.00,      6.00,0,0,0,1,1,1
H5,152,2018,551030,      6.00,      6.00,      6.00,      6.00,0,0,0,1,1,1
H5,152,2018,551090,      6.00,      6.00,      6.00,      6.00,0,0,0,1,1,1
H5,152,2018,551110,      6.00,      6.00,      6.00,      6.00,0,0,0,1,1,1
H5,152,2018,551120,      6.00,      6.00,      6.00,      6.00,0,0,0,1,1,1
H5,152,2018,551130,      6.00,      6.00,      6.00,      6.00,0,0,0,1,1,1
H5,152,2018,551211,      6.00,      6.00,      6.00,      6.00,0,0,0,1,1,1
H5,152,2018,551219,     18.00,      6.00,      6.00,      6.00,0,0,0,3,3,3
H5,152,2018,551221,      6.00,      6.00,      6.00,      6.00,0,0,0,1,1,1
H5,152,2018,551229,      6.00,      6.00,      6.00,      6.00,0,0,0,1,1,1
H5,152,2018,551291,      6.00,      6.00,      6.00,      6.00,0,0,0,1,1,1
H5,152,2018,551299,      6.00,      6.00,      6.00,      6.00,0,0,0,1,1,1
H5,152,2018,551311,      6.00,      6.00,      6.00,      6.00,0,0,0,1,1,1
H5,152,2018,551312,      6.00,      6.00,      6.00,      6.00,0,0,0,1,1,1
H5,152,2018,551313,      6.00,      6.00,      6.00,      6.00,0,0,0,1,1,1
H5,152,2018,551319,      6.00,      6.00,      6.00,      6.00,0,0,0,1,1,1
H5,152,2018,551321,      6.00,      6.00,      6.00,      6.00,0,0,0,1,1,1
H5,152,2018,551323,      6.00,      6.00,      6.00,      6.00,0,0,0,1,1,1
H5,152,2018,551329,      6.00,      6.00,      6.00,      6.00,0,0,0,1,1,1
H5,152,2018,551331,      6.00,      6.00,      6.00,      6.00,0,0,0,1,1,1
H5,152,2018,551339,      6.00,      6.00,      6.00,      6.00,0,0,0,1,1,1
H5,152,2018,551341,      6.00,      6.00,      6.00,      6.00,0,0,0,1,1,1
H5,152,2018,551349,      6.00,      6.00,      6.00,      6.00,0,0,0,1,1,1
H5,152,2018,551411,      6.00,      6.00,      6.00,      6.00,0,0,0,1,1,1
H5,152,2018,551412,      6.00,      6.00,      6.00,      6.00,0,0,0,1,1,1
H5,152,2018,551419,      6.00,      6.00,      6.00,      6.00,0,0,0,1,1,1
H5,152,2018,551421,      6.00,      6.00,      6.00,      6.00,0,0,0,1,1,1
H5,152,2018,551422,      6.00,      6.00,      6.00,      6.00,0,0,0,1,1,1
H5,152,2018,551423,      6.00,      6.00,      6.00,      6.00,0,0,0,1,1,1
H5,152,2018,551429,      6.00,      6.00,      6.00,      6.00,0,0,0,1,1,1
H5,152,2018,551430,      6.00,      6.00,      6.00,      6.00,0,0,0,1,1,1
H5,152,2018,551441,      6.00,      6.00,      6.00,      6.00,0,0,0,1,1,1
H5,152,2018,551442,      6.00,      6.00,      6.00,      6.00,0,0,0,1,1,1
H5,152,2018,551443,      6.00,      6.00,      6.00,      6.00,0,0,0,1,1,1
H5,152,2018,551449,      6.00,      6.00,      6.00,      6.00,0,0,0,1,1,1
H5,152,2018,551511,     24.00,      6.00,      6.00,      6.00,0,0,0,4,4,4
H5,152,2018,551512,      6.00,      6.00,      6.00,      6.00,0,0,0,1,1,1
H5,152,2018,551513,     18.00,      6.00,      6.00,      6.00,0,0,0,3,3,3
H5,152,2018,551519,      6.00,      6.00,      6.00,      6.00,0,0,0,1,1,1
H5,152,2018,551521,      6.00,      6.00,      6.00,      6.00,0,0,0,1,1,1
H5,152,2018,551522,      6.00,      6.00,      6.00,      6.00,0,0,0,1,1,1
H5,152,2018,551529,      6.00,      6.00,      6.00,      6.00,0,0,0,1,1,1
H5,152,2018,551591,      6.00,      6.00,      6.00,      6.00,0,0,0,1,1,1
H5,152,2018,551599,      6.00,      6.00,      6.00,      6.00,0,0,0,1,1,1
H5,152,2018,551611,      6.00,      6.00,      6.00,      6.00,0,0,0,1,1,1
H5,152,2018,551612,      6.00,      6.00,      6.00,      6.00,0,0,0,1,1,1
H5,152,2018,551613,      6.00,      6.00,      6.00,      6.00,0,0,0,1,1,1
H5,152,2018,551614,      6.00,      6.00,      6.00,      6.00,0,0,0,1,1,1
H5,152,2018,551621,      6.00,      6.00,      6.00,      6.00,0,0,0,1,1,1
H5,152,2018,551622,      6.00,      6.00,      6.00,      6.00,0,0,0,1,1,1
H5,152,2018,551623,      6.00,      6.00,      6.00,      6.00,0,0,0,1,1,1
H5,152,2018,551624,      6.00,      6.00,      6.00,      6.00,0,0,0,1,1,1
H5,152,2018,551631,      6.00,      6.00,      6.00,      6.00,0,0,0,1,1,1
H5,152,2018,551632,      6.00,      6.00,      6.00,      6.00,0,0,0,1,1,1
H5,152,2018,551633,      6.00,      6.00,      6.00,      6.00,0,0,0,1,1,1
H5,152,2018,551634,      6.00,      6.00,      6.00,      6.00,0,0,0,1,1,1
H5,152,2018,551641,      6.00,      6.00,      6.00,      6.00,0,0,0,1,1,1
H5,152,2018,551642,      6.00,      6.00,      6.00,      6.00,0,0,0,1,1,1
H5,152,2018,551643,      6.00,      6.00,      6.00,      6.00,0,0,0,1,1,1
H5,152,2018,551644,      6.00,      6.00,      6.00,      6.00,0,0,0,1,1,1
H5,152,2018,551691,      6.00,      6.00,      6.00,      6.00,0,0,0,1,1,1
H5,152,2018,551692,      6.00,      6.00,      6.00,      6.00,0,0,0,1,1,1
H5,152,2018,551693,      6.00,      6.00,      6.00,      6.00,0,0,0,1,1,1
H5,152,2018,551694,      6.00,      6.00,      6.00,      6.00,0,0,0,1,1,1
H5,152,2018,560121,      6.00,      6.00,      6.00,      6.00,0,0,0,1,1,1
H5,152,2018,560122,      6.00,      6.00,      6.00,      6.00,0,0,0,1,1,1
H5,152,2018,560129,      6.00,      6.00,      6.00,      6.00,0,0,0,1,1,1
H5,152,2018,560130,      6.00,      6.00,      6.00,      6.00,0,0,0,1,1,1
H5,152,2018,560210,      6.00,      6.00,      6.00,      6.00,0,0,0,1,1,1
H5,152,2018,560221,      6.00,      6.00,      6.00,      6.00,0,0,0,1,1,1
H5,152,2018,560229,      6.00,      6.00,      6.00,      6.00,0,0,0,1,1,1
H5,152,2018,560290,      6.00,      6.00,      6.00,      6.00,0,0,0,1,1,1
H5,152,2018,560311,     12.00,      6.00,      6.00,      6.00,0,0,0,2,2,2
H5,152,2018,560312,     12.00,      6.00,      6.00,      6.00,0,0,0,2,2,2
H5,152,2018,560313,     12.00,      6.00,      6.00,      6.00,0,0,0,2,2,2
H5,152,2018,560314,     12.00,      6.00,      6.00,      6.00,0,0,0,2,2,2
H5,152,2018,560391,     12.00,      6.00,      6.00,      6.00,0,0,0,2,2,2
H5,152,2018,560392,     12.00,      6.00,      6.00,      6.00,0,0,0,2,2,2
H5,152,2018,560393,     12.00,      6.00,      6.00,      6.00,0,0,0,2,2,2
H5,152,2018,560394,     12.00,      6.00,      6.00,      6.00,0,0,0,2,2,2
H5,152,2018,560410,      6.00,      6.00,      6.00,      6.00,0,0,0,1,1,1
H5,152,2018,560490,      6.00,      6.00,      6.00,      6.00,0,0,0,1,1,1
H5,152,2018,560500,      6.00,      6.00,      6.00,      6.00,0,0,0,1,1,1
H5,152,2018,560600,     12.00,      6.00,      6.00,      6.00,0,0,0,2,2,2
H5,152,2018,560721,      6.00,      6.00,      6.00,      6.00,0,0,0,1,1,1
H5,152,2018,560729,      6.00,      6.00,      6.00,      6.00,0,0,0,1,1,1
H5,152,2018,560741,      6.00,      6.00,      6.00,      6.00,0,0,0,1,1,1
H5,152,2018,560749,      6.00,      6.00,      6.00,      6.00,0,0,0,1,1,1
H5,152,2018,560750,     12.00,      6.00,      6.00,      6.00,0,0,0,2,2,2
H5,152,2018,560790,      6.00,      6.00,      6.00,      6.00,0,0,0,1,1,1
H5,152,2018,560811,     12.00,      6.00,      6.00,      6.00,0,0,0,2,2,2
H5,152,2018,560819,     24.00,      6.00,      6.00,      6.00,0,0,0,4,4,4
H5,152,2018,560890,      6.00,      6.00,      6.00,      6.00,0,0,0,1,1,1
H5,152,2018,560900,      6.00,      6.00,      6.00,      6.00,0,0,0,1,1,1
H5,152,2018,570110,      6.00,      6.00,      6.00,      6.00,0,0,0,1,1,1
H5,152,2018,570190,      6.00,      6.00,      6.00,      6.00,0,0,0,1,1,1
H5,152,2018,570210,      6.00,      6.00,      6.00,      6.00,0,0,0,1,1,1
H5,152,2018,570220,      6.00,      6.00,      6.00,      6.00,0,0,0,1,1,1
H5,152,2018,570231,      6.00,      6.00,      6.00,      6.00,0,0,0,1,1,1
H5,152,2018,570232,      6.00,      6.00,      6.00,      6.00,0,0,0,1,1,1
H5,152,2018,570239,      6.00,      6.00,      6.00,      6.00,0,0,0,1,1,1
H5,152,2018,570241,      6.00,      6.00,      6.00,      6.00,0,0,0,1,1,1
H5,152,2018,570242,     12.00,      6.00,      6.00,      6.00,0,0,0,2,2,2
H5,152,2018,570249,      6.00,      6.00,      6.00,      6.00,0,0,0,1,1,1
H5,152,2018,570250,      6.00,      6.00,      6.00,      6.00,0,0,0,1,1,1
H5,152,2018,570291,      6.00,      6.00,      6.00,      6.00,0,0,0,1,1,1
H5,152,2018,570292,      6.00,      6.00,      6.00,      6.00,0,0,0,1,1,1
H5,152,2018,570299,      6.00,      6.00,      6.00,      6.00,0,0,0,1,1,1
H5,152,2018,570310,      6.00,      6.00,      6.00,      6.00,0,0,0,1,1,1
H5,152,2018,570320,      6.00,      6.00,      6.00,      6.00,0,0,0,1,1,1
H5,152,2018,570330,     36.00,      6.00,      6.00,      6.00,0,0,0,6,6,6
H5,152,2018,570390,      6.00,      6.00,      6.00,      6.00,0,0,0,1,1,1
H5,152,2018,570410,      6.00,      6.00,      6.00,      6.00,0,0,0,1,1,1
H5,152,2018,570420,      6.00,      6.00,      6.00,      6.00,0,0,0,1,1,1
H5,152,2018,570490,      6.00,      6.00,      6.00,      6.00,0,0,0,1,1,1
H5,152,2018,570500,      6.00,      6.00,      6.00,      6.00,0,0,0,1,1,1
H5,152,2018,580110,      6.00,      6.00,      6.00,      6.00,0,0,0,1,1,1
H5,152,2018,580121,      6.00,      6.00,      6.00,      6.00,0,0,0,1,1,1
H5,152,2018,580122,      6.00,      6.00,      6.00,      6.00,0,0,0,1,1,1
H5,152,2018,580123,      6.00,      6.00,      6.00,      6.00,0,0,0,1,1,1
H5,152,2018,580126,      6.00,      6.00,      6.00,      6.00,0,0,0,1,1,1
H5,152,2018,580127,      6.00,      6.00,      6.00,      6.00,0,0,0,1,1,1
H5,152,2018,580131,      6.00,      6.00,      6.00,      6.00,0,0,0,1,1,1
H5,152,2018,580132,      6.00,      6.00,      6.00,      6.00,0,0,0,1,1,1
H5,152,2018,580133,      6.00,      6.00,      6.00,      6.00,0,0,0,1,1,1
H5,152,2018,580136,      6.00,      6.00,      6.00,      6.00,0,0,0,1,1,1
H5,152,2018,580137,      6.00,      6.00,      6.00,      6.00,0,0,0,1,1,1
H5,152,2018,580190,      6.00,      6.00,      6.00,      6.00,0,0,0,1,1,1
H5,152,2018,580211,      6.00,      6.00,      6.00,      6.00,0,0,0,1,1,1
H5,152,2018,580219,      6.00,      6.00,      6.00,      6.00,0,0,0,1,1,1
H5,152,2018,580220,      6.00,      6.00,      6.00,      6.00,0,0,0,1,1,1
H5,152,2018,580230,      6.00,      6.00,      6.00,      6.00,0,0,0,1,1,1
H5,152,2018,580300,      6.00,      6.00,      6.00,      6.00,0,0,0,1,1,1
H5,152,2018,580410,      6.00,      6.00,      6.00,      6.00,0,0,0,1,1,1
H5,152,2018,580421,      6.00,      6.00,      6.00,      6.00,0,0,0,1,1,1
H5,152,2018,580429,      6.00,      6.00,      6.00,      6.00,0,0,0,1,1,1
H5,152,2018,580430,      6.00,      6.00,      6.00,      6.00,0,0,0,1,1,1
H5,152,2018,580500,      6.00,      6.00,      6.00,      6.00,0,0,0,1,1,1
H5,152,2018,580610,      6.00,      6.00,      6.00,      6.00,0,0,0,1,1,1
H5,152,2018,580620,      6.00,      6.00,      6.00,      6.00,0,0,0,1,1,1
H5,152,2018,580631,      6.00,      6.00,      6.00,      6.00,0,0,0,1,1,1
H5,152,2018,580632,      6.00,      6.00,      6.00,      6.00,0,0,0,1,1,1
H5,152,2018,580639,      6.00,      6.00,      6.00,      6.00,0,0,0,1,1,1
H5,152,2018,580640,      6.00,      6.00,      6.00,      6.00,0,0,0,1,1,1
H5,152,2018,580710,      6.00,      6.00,      6.00,      6.00,0,0,0,1,1,1
H5,152,2018,580790,      6.00,      6.00,      6.00,      6.00,0,0,0,1,1,1
H5,152,2018,580810,      6.00,      6.00,      6.00,      6.00,0,0,0,1,1,1
H5,152,2018,580890,      6.00,      6.00,      6.00,      6.00,0,0,0,1,1,1
H5,152,2018,580900,      6.00,      6.00,      6.00,      6.00,0,0,0,1,1,1
H5,152,2018,581010,      6.00,      6.00,      6.00,      6.00,0,0,0,1,1,1
H5,152,2018,581091,      6.00,      6.00,      6.00,      6.00,0,0,0,1,1,1
H5,152,2018,581092,      6.00,      6.00,      6.00,      6.00,0,0,0,1,1,1
H5,152,2018,581099,      6.00,      6.00,      6.00,      6.00,0,0,0,1,1,1
H5,152,2018,581100,      6.00,      6.00,      6.00,      6.00,0,0,0,1,1,1
H5,152,2018,590110,      6.00,      6.00,      6.00,      6.00,0,0,0,1,1,1
H5,152,2018,590190,      6.00,      6.00,      6.00,      6.00,0,0,0,1,1,1
H5,152,2018,590210,      6.00,      6.00,      6.00,      6.00,0,0,0,1,1,1
H5,152,2018,590220,      6.00,      6.00,      6.00,      6.00,0,0,0,1,1,1
H5,152,2018,590290,      6.00,      6.00,      6.00,      6.00,0,0,0,1,1,1
H5,152,2018,590310,      6.00,      6.00,      6.00,      6.00,0,0,0,1,1,1
H5,152,2018,590320,      6.00,      6.00,      6.00,      6.00,0,0,0,1,1,1
H5,152,2018,590390,      6.00,      6.00,      6.00,      6.00,0,0,0,1,1,1
H5,152,2018,590410,      6.00,      6.00,      6.00,      6.00,0,0,0,1,1,1
H5,152,2018,590490,      6.00,      6.00,      6.00,      6.00,0,0,0,1,1,1
H5,152,2018,590500,      6.00,      6.00,      6.00,      6.00,0,0,0,1,1,1
H5,152,2018,590610,      6.00,      6.00,      6.00,      6.00,0,0,0,1,1,1
H5,152,2018,590691,      6.00,      6.00,      6.00,      6.00,0,0,0,1,1,1
H5,152,2018,590699,     18.00,      6.00,      6.00,      6.00,0,0,0,3,3,3
H5,152,2018,590700,     18.00,      6.00,      6.00,      6.00,0,0,0,3,3,3
H5,152,2018,590800,      6.00,      6.00,      6.00,      6.00,0,0,0,1,1,1
H5,152,2018,590900,      6.00,      6.00,      6.00,      6.00,0,0,0,1,1,1
H5,152,2018,591000,     12.00,      6.00,      6.00,      6.00,0,0,0,2,2,2
H5,152,2018,591110,      6.00,      6.00,      6.00,      6.00,0,0,0,1,1,1
H5,152,2018,591120,      6.00,      6.00,      6.00,      6.00,0,0,0,1,1,1
H5,152,2018,591131,      6.00,      6.00,      6.00,      6.00,0,0,0,1,1,1
H5,152,2018,591132,      6.00,      6.00,      6.00,      6.00,0,0,0,1,1,1
H5,152,2018,591140,      6.00,      6.00,      6.00,      6.00,0,0,0,1,1,1
H5,152,2018,591190,      6.00,      6.00,      6.00,      6.00,0,0,0,1,1,1
H5,152,2018,600110,      6.00,      6.00,      6.00,      6.00,0,0,0,1,1,1
H5,152,2018,600121,      6.00,      6.00,      6.00,      6.00,0,0,0,1,1,1
H5,152,2018,600122,      6.00,      6.00,      6.00,      6.00,0,0,0,1,1,1
H5,152,2018,600129,      6.00,      6.00,      6.00,      6.00,0,0,0,1,1,1
H5,152,2018,600191,      6.00,      6.00,      6.00,      6.00,0,0,0,1,1,1
H5,152,2018,600192,      6.00,      6.00,      6.00,      6.00,0,0,0,1,1,1
H5,152,2018,600199,      6.00,      6.00,      6.00,      6.00,0,0,0,1,1,1
H5,152,2018,600240,      6.00,      6.00,      6.00,      6.00,0,0,0,1,1,1
H5,152,2018,600290,      6.00,      6.00,      6.00,      6.00,0,0,0,1,1,1
H5,152,2018,600310,      6.00,      6.00,      6.00,      6.00,0,0,0,1,1,1
H5,152,2018,600320,      6.00,      6.00,      6.00,      6.00,0,0,0,1,1,1
H5,152,2018,600330,      6.00,      6.00,      6.00,      6.00,0,0,0,1,1,1
H5,152,2018,600340,      6.00,      6.00,      6.00,      6.00,0,0,0,1,1,1
H5,152,2018,600390,      6.00,      6.00,      6.00,      6.00,0,0,0,1,1,1
H5,152,2018,600410,      6.00,      6.00,      6.00,      6.00,0,0,0,1,1,1
H5,152,2018,600490,      6.00,      6.00,      6.00,      6.00,0,0,0,1,1,1
H5,152,2018,600521,      6.00,      6.00,      6.00,      6.00,0,0,0,1,1,1
H5,152,2018,600522,      6.00,      6.00,      6.00,      6.00,0,0,0,1,1,1
H5,152,2018,600523,      6.00,      6.00,      6.00,      6.00,0,0,0,1,1,1
H5,152,2018,600524,      6.00,      6.00,      6.00,      6.00,0,0,0,1,1,1
H5,152,2018,600535,      6.00,      6.00,      6.00,      6.00,0,0,0,1,1,1
H5,152,2018,600536,      6.00,      6.00,      6.00,      6.00,0,0,0,1,1,1
H5,152,2018,600537,     12.00,      6.00,      6.00,      6.00,0,0,0,2,2,2
H5,152,2018,600538,     12.00,      6.00,      6.00,      6.00,0,0,0,2,2,2
H5,152,2018,600539,      6.00,      6.00,      6.00,      6.00,0,0,0,1,1,1
H5,152,2018,600541,      6.00,      6.00,      6.00,      6.00,0,0,0,1,1,1
H5,152,2018,600542,      6.00,      6.00,      6.00,      6.00,0,0,0,1,1,1
H5,152,2018,600543,      6.00,      6.00,      6.00,      6.00,0,0,0,1,1,1
H5,152,2018,600544,      6.00,      6.00,      6.00,      6.00,0,0,0,1,1,1
H5,152,2018,600590,      6.00,      6.00,      6.00,      6.00,0,0,0,1,1,1
H5,152,2018,600610,      6.00,      6.00,      6.00,      6.00,0,0,0,1,1,1
H5,152,2018,600621,      6.00,      6.00,      6.00,      6.00,0,0,0,1,1,1
H5,152,2018,600622,      6.00,      6.00,      6.00,      6.00,0,0,0,1,1,1
H5,152,2018,600623,      6.00,      6.00,      6.00,      6.00,0,0,0,1,1,1
H5,152,2018,600624,      6.00,      6.00,      6.00,      6.00,0,0,0,1,1,1
H5,152,2018,600631,      6.00,      6.00,      6.00,      6.00,0,0,0,1,1,1
H5,152,2018,600632,      6.00,      6.00,      6.00,      6.00,0,0,0,1,1,1
H5,152,2018,600633,      6.00,      6.00,      6.00,      6.00,0,0,0,1,1,1
H5,152,2018,600634,      6.00,      6.00,      6.00,      6.00,0,0,0,1,1,1
H5,152,2018,600641,      6.00,      6.00,      6.00,      6.00,0,0,0,1,1,1
H5,152,2018,600642,      6.00,      6.00,      6.00,      6.00,0,0,0,1,1,1
H5,152,2018,600643,      6.00,      6.00,      6.00,      6.00,0,0,0,1,1,1
H5,152,2018,600644,      6.00,      6.00,      6.00,      6.00,0,0,0,1,1,1
H5,152,2018,600690,      6.00,      6.00,      6.00,      6.00,0,0,0,1,1,1
H5,152,2018,610120,      6.00,      6.00,      6.00,      6.00,0,0,0,1,1,1
H5,152,2018,610130,      6.00,      6.00,      6.00,      6.00,0,0,0,1,1,1
H5,152,2018,610190,      6.00,      6.00,      6.00,      6.00,0,0,0,1,1,1
H5,152,2018,610210,      6.00,      6.00,      6.00,      6.00,0,0,0,1,1,1
H5,152,2018,610220,      6.00,      6.00,      6.00,      6.00,0,0,0,1,1,1
H5,152,2018,610230,      6.00,      6.00,      6.00,      6.00,0,0,0,1,1,1
H5,152,2018,610290,      6.00,      6.00,      6.00,      6.00,0,0,0,1,1,1
H5,152,2018,610310,      6.00,      6.00,      6.00,      6.00,0,0,0,1,1,1
H5,152,2018,610322,      6.00,      6.00,      6.00,      6.00,0,0,0,1,1,1
H5,152,2018,610323,      6.00,      6.00,      6.00,      6.00,0,0,0,1,1,1
H5,152,2018,610329,      6.00,      6.00,      6.00,      6.00,0,0,0,1,1,1
H5,152,2018,610331,      6.00,      6.00,      6.00,      6.00,0,0,0,1,1,1
H5,152,2018,610332,      6.00,      6.00,      6.00,      6.00,0,0,0,1,1,1
H5,152,2018,610333,      6.00,      6.00,      6.00,      6.00,0,0,0,1,1,1
H5,152,2018,610339,      6.00,      6.00,      6.00,      6.00,0,0,0,1,1,1
H5,152,2018,610341,      6.00,      6.00,      6.00,      6.00,0,0,0,1,1,1
H5,152,2018,610342,     12.00,      6.00,      6.00,      6.00,0,0,0,2,2,2
H5,152,2018,610343,      6.00,      6.00,      6.00,      6.00,0,0,0,1,1,1
H5,152,2018,610349,      6.00,      6.00,      6.00,      6.00,0,0,0,1,1,1
H5,152,2018,610413,      6.00,      6.00,      6.00,      6.00,0,0,0,1,1,1
H5,152,2018,610419,      6.00,      6.00,      6.00,      6.00,0,0,0,1,1,1
H5,152,2018,610422,      6.00,      6.00,      6.00,      6.00,0,0,0,1,1,1
H5,152,2018,610423,      6.00,      6.00,      6.00,      6.00,0,0,0,1,1,1
H5,152,2018,610429,      6.00,      6.00,      6.00,      6.00,0,0,0,1,1,1
H5,152,2018,610431,      6.00,      6.00,      6.00,      6.00,0,0,0,1,1,1
H5,152,2018,610432,      6.00,      6.00,      6.00,      6.00,0,0,0,1,1,1
H5,152,2018,610433,      6.00,      6.00,      6.00,      6.00,0,0,0,1,1,1
H5,152,2018,610439,      6.00,      6.00,      6.00,      6.00,0,0,0,1,1,1
H5,152,2018,610441,      6.00,      6.00,      6.00,      6.00,0,0,0,1,1,1
H5,152,2018,610442,      6.00,      6.00,      6.00,      6.00,0,0,0,1,1,1
H5,152,2018,610443,      6.00,      6.00,      6.00,      6.00,0,0,0,1,1,1
H5,152,2018,610444,      6.00,      6.00,      6.00,      6.00,0,0,0,1,1,1
H5,152,2018,610449,      6.00,      6.00,      6.00,      6.00,0,0,0,1,1,1
H5,152,2018,610451,      6.00,      6.00,      6.00,      6.00,0,0,0,1,1,1
H5,152,2018,610452,      6.00,      6.00,      6.00,      6.00,0,0,0,1,1,1
H5,152,2018,610453,      6.00,      6.00,      6.00,      6.00,0,0,0,1,1,1
H5,152,2018,610459,     12.00,      6.00,      6.00,      6.00,0,0,0,2,2,2
H5,152,2018,610461,      6.00,      6.00,      6.00,      6.00,0,0,0,1,1,1
H5,152,2018,610462,     12.00,      6.00,      6.00,      6.00,0,0,0,2,2,2
H5,152,2018,610463,      6.00,      6.00,      6.00,      6.00,0,0,0,1,1,1
H5,152,2018,610469,      6.00,      6.00,      6.00,      6.00,0,0,0,1,1,1
H5,152,2018,610510,     24.00,      6.00,      6.00,      6.00,0,0,0,4,4,4
H5,152,2018,610520,     12.00,      6.00,      6.00,      6.00,0,0,0,2,2,2
H5,152,2018,610590,      6.00,      6.00,      6.00,      6.00,0,0,0,1,1,1
H5,152,2018,610610,      6.00,      6.00,      6.00,      6.00,0,0,0,1,1,1
H5,152,2018,610620,      6.00,      6.00,      6.00,      6.00,0,0,0,1,1,1
H5,152,2018,610690,      6.00,      6.00,      6.00,      6.00,0,0,0,1,1,1
H5,152,2018,610711,      6.00,      6.00,      6.00,      6.00,0,0,0,1,1,1
H5,152,2018,610712,      6.00,      6.00,      6.00,      6.00,0,0,0,1,1,1
H5,152,2018,610719,      6.00,      6.00,      6.00,      6.00,0,0,0,1,1,1
H5,152,2018,610721,      6.00,      6.00,      6.00,      6.00,0,0,0,1,1,1
H5,152,2018,610722,      6.00,      6.00,      6.00,      6.00,0,0,0,1,1,1
H5,152,2018,610729,      6.00,      6.00,      6.00,      6.00,0,0,0,1,1,1
H5,152,2018,610791,      6.00,      6.00,      6.00,      6.00,0,0,0,1,1,1
H5,152,2018,610799,      6.00,      6.00,      6.00,      6.00,0,0,0,1,1,1
H5,152,2018,610811,      6.00,      6.00,      6.00,      6.00,0,0,0,1,1,1
H5,152,2018,610819,      6.00,      6.00,      6.00,      6.00,0,0,0,1,1,1
H5,152,2018,610821,      6.00,      6.00,      6.00,      6.00,0,0,0,1,1,1
H5,152,2018,610822,      6.00,      6.00,      6.00,      6.00,0,0,0,1,1,1
H5,152,2018,610829,      6.00,      6.00,      6.00,      6.00,0,0,0,1,1,1
H5,152,2018,610831,      6.00,      6.00,      6.00,      6.00,0,0,0,1,1,1
H5,152,2018,610832,      6.00,      6.00,      6.00,      6.00,0,0,0,1,1,1
H5,152,2018,610839,      6.00,      6.00,      6.00,      6.00,0,0,0,1,1,1
H5,152,2018,610891,      6.00,      6.00,      6.00,      6.00,0,0,0,1,1,1
H5,152,2018,610892,      6.00,      6.00,      6.00,      6.00,0,0,0,1,1,1
H5,152,2018,610899,      6.00,      6.00,      6.00,      6.00,0,0,0,1,1,1
H5,152,2018,610910,     24.00,      6.00,      6.00,      6.00,0,0,0,4,4,4
H5,152,2018,610990,     48.00,      6.00,      6.00,      6.00,0,0,0,8,8,8
H5,152,2018,611011,      6.00,      6.00,      6.00,      6.00,0,0,0,1,1,1
H5,152,2018,611012,      6.00,      6.00,      6.00,      6.00,0,0,0,1,1,1
H5,152,2018,611019,      6.00,      6.00,      6.00,      6.00,0,0,0,1,1,1
H5,152,2018,611020,      6.00,      6.00,      6.00,      6.00,0,0,0,1,1,1
H5,152,2018,611030,     24.00,      6.00,      6.00,      6.00,0,0,0,4,4,4
H5,152,2018,611090,      6.00,      6.00,      6.00,      6.00,0,0,0,1,1,1
H5,152,2018,611120,      6.00,      6.00,      6.00,      6.00,0,0,0,1,1,1
H5,152,2018,611130,      6.00,      6.00,      6.00,      6.00,0,0,0,1,1,1
H5,152,2018,611190,      6.00,      6.00,      6.00,      6.00,0,0,0,1,1,1
H5,152,2018,611211,      6.00,      6.00,      6.00,      6.00,0,0,0,1,1,1
H5,152,2018,611212,      6.00,      6.00,      6.00,      6.00,0,0,0,1,1,1
H5,152,2018,611219,      6.00,      6.00,      6.00,      6.00,0,0,0,1,1,1
H5,152,2018,611220,      6.00,      6.00,      6.00,      6.00,0,0,0,1,1,1
H5,152,2018,611231,      6.00,      6.00,      6.00,      6.00,0,0,0,1,1,1
H5,152,2018,611239,      6.00,      6.00,      6.00,      6.00,0,0,0,1,1,1
H5,152,2018,611241,      6.00,      6.00,      6.00,      6.00,0,0,0,1,1,1
H5,152,2018,611249,      6.00,      6.00,      6.00,      6.00,0,0,0,1,1,1
H5,152,2018,611300,      6.00,      6.00,      6.00,      6.00,0,0,0,1,1,1
H5,152,2018,611420,      6.00,      6.00,      6.00,      6.00,0,0,0,1,1,1
H5,152,2018,611430,     12.00,      6.00,      6.00,      6.00,0,0,0,2,2,2
H5,152,2018,611490,      6.00,      6.00,      6.00,      6.00,0,0,0,1,1,1
H5,152,2018,611510,      6.00,      6.00,      6.00,      6.00,0,0,0,1,1,1
H5,152,2018,611521,     12.00,      6.00,      6.00,      6.00,0,0,0,2,2,2
H5,152,2018,611522,      6.00,      6.00,      6.00,      6.00,0,0,0,1,1,1
H5,152,2018,611529,      6.00,      6.00,      6.00,      6.00,0,0,0,1,1,1
H5,152,2018,611530,      6.00,      6.00,      6.00,      6.00,0,0,0,1,1,1
H5,152,2018,611594,      6.00,      6.00,      6.00,      6.00,0,0,0,1,1,1
H5,152,2018,611595,     12.00,      6.00,      6.00,      6.00,0,0,0,2,2,2
H5,152,2018,611596,     12.00,      6.00,      6.00,      6.00,0,0,0,2,2,2
H5,152,2018,611599,      6.00,      6.00,      6.00,      6.00,0,0,0,1,1,1
H5,152,2018,611610,      6.00,      6.00,      6.00,      6.00,0,0,0,1,1,1
H5,152,2018,611691,      6.00,      6.00,      6.00,      6.00,0,0,0,1,1,1
H5,152,2018,611692,      6.00,      6.00,      6.00,      6.00,0,0,0,1,1,1
H5,152,2018,611693,      6.00,      6.00,      6.00,      6.00,0,0,0,1,1,1
H5,152,2018,611699,      6.00,      6.00,      6.00,      6.00,0,0,0,1,1,1
H5,152,2018,611710,     24.00,      6.00,      6.00,      6.00,0,0,0,4,4,4
H5,152,2018,611780,      6.00,      6.00,      6.00,      6.00,0,0,0,1,1,1
H5,152,2018,611790,      6.00,      6.00,      6.00,      6.00,0,0,0,1,1,1
H5,152,2018,620111,      6.00,      6.00,      6.00,      6.00,0,0,0,1,1,1
H5,152,2018,620112,      6.00,      6.00,      6.00,      6.00,0,0,0,1,1,1
H5,152,2018,620113,     12.00,      6.00,      6.00,      6.00,0,0,0,2,2,2
H5,152,2018,620119,      6.00,      6.00,      6.00,      6.00,0,0,0,1,1,1
H5,152,2018,620191,      6.00,      6.00,      6.00,      6.00,0,0,0,1,1,1
H5,152,2018,620192,     36.00,      6.00,      6.00,      6.00,0,0,0,6,6,6
H5,152,2018,620193,     36.00,      6.00,      6.00,      6.00,0,0,0,6,6,6
H5,152,2018,620199,      6.00,      6.00,      6.00,      6.00,0,0,0,1,1,1
H5,152,2018,620211,     12.00,      6.00,      6.00,      6.00,0,0,0,2,2,2
H5,152,2018,620212,      6.00,      6.00,      6.00,      6.00,0,0,0,1,1,1
H5,152,2018,620213,     12.00,      6.00,      6.00,      6.00,0,0,0,2,2,2
H5,152,2018,620219,      6.00,      6.00,      6.00,      6.00,0,0,0,1,1,1
H5,152,2018,620291,      6.00,      6.00,      6.00,      6.00,0,0,0,1,1,1
H5,152,2018,620292,      6.00,      6.00,      6.00,      6.00,0,0,0,1,1,1
H5,152,2018,620293,     12.00,      6.00,      6.00,      6.00,0,0,0,2,2,2
H5,152,2018,620299,      6.00,      6.00,      6.00,      6.00,0,0,0,1,1,1
H5,152,2018,620311,     12.00,      6.00,      6.00,      6.00,0,0,0,2,2,2
H5,152,2018,620312,      6.00,      6.00,      6.00,      6.00,0,0,0,1,1,1
H5,152,2018,620319,      6.00,      6.00,      6.00,      6.00,0,0,0,1,1,1
H5,152,2018,620322,      6.00,      6.00,      6.00,      6.00,0,0,0,1,1,1
H5,152,2018,620323,      6.00,      6.00,      6.00,      6.00,0,0,0,1,1,1
H5,152,2018,620329,      6.00,      6.00,      6.00,      6.00,0,0,0,1,1,1
H5,152,2018,620331,      6.00,      6.00,      6.00,      6.00,0,0,0,1,1,1
H5,152,2018,620332,      6.00,      6.00,      6.00,      6.00,0,0,0,1,1,1
H5,152,2018,620333,      6.00,      6.00,      6.00,      6.00,0,0,0,1,1,1
H5,152,2018,620339,      6.00,      6.00,      6.00,      6.00,0,0,0,1,1,1
H5,152,2018,620341,      6.00,      6.00,      6.00,      6.00,0,0,0,1,1,1
H5,152,2018,620342,     48.00,      6.00,      6.00,      6.00,0,0,0,8,8,8
H5,152,2018,620343,     48.00,      6.00,      6.00,      6.00,0,0,0,8,8,8
H5,152,2018,620349,      6.00,      6.00,      6.00,      6.00,0,0,0,1,1,1
H5,152,2018,620411,      6.00,      6.00,      6.00,      6.00,0,0,0,1,1,1
H5,152,2018,620412,      6.00,      6.00,      6.00,      6.00,0,0,0,1,1,1
H5,152,2018,620413,      6.00,      6.00,      6.00,      6.00,0,0,0,1,1,1
H5,152,2018,620419,      6.00,      6.00,      6.00,      6.00,0,0,0,1,1,1
H5,152,2018,620421,      6.00,      6.00,      6.00,      6.00,0,0,0,1,1,1
H5,152,2018,620422,      6.00,      6.00,      6.00,      6.00,0,0,0,1,1,1
H5,152,2018,620423,      6.00,      6.00,      6.00,      6.00,0,0,0,1,1,1
H5,152,2018,620429,      6.00,      6.00,      6.00,      6.00,0,0,0,1,1,1
H5,152,2018,620431,      6.00,      6.00,      6.00,      6.00,0,0,0,1,1,1
H5,152,2018,620432,      6.00,      6.00,      6.00,      6.00,0,0,0,1,1,1
H5,152,2018,620433,      6.00,      6.00,      6.00,      6.00,0,0,0,1,1,1
H5,152,2018,620439,      6.00,      6.00,      6.00,      6.00,0,0,0,1,1,1
H5,152,2018,620441,      6.00,      6.00,      6.00,      6.00,0,0,0,1,1,1
H5,152,2018,620442,      6.00,      6.00,      6.00,      6.00,0,0,0,1,1,1
H5,152,2018,620443,      6.00,      6.00,      6.00,      6.00,0,0,0,1,1,1
H5,152,2018,620444,      6.00,      6.00,      6.00,      6.00,0,0,0,1,1,1
H5,152,2018,620449,      6.00,      6.00,      6.00,      6.00,0,0,0,1,1,1
H5,152,2018,620451,      6.00,      6.00,      6.00,      6.00,0,0,0,1,1,1
H5,152,2018,620452,      6.00,      6.00,      6.00,      6.00,0,0,0,1,1,1
H5,152,2018,620453,      6.00,      6.00,      6.00,      6.00,0,0,0,1,1,1
H5,152,2018,620459,      6.00,      6.00,      6.00,      6.00,0,0,0,1,1,1
H5,152,2018,620461,      6.00,      6.00,      6.00,      6.00,0,0,0,1,1,1
H5,152,2018,620462,     48.00,      6.00,      6.00,      6.00,0,0,0,8,8,8
H5,152,2018,620463,     48.00,      6.00,      6.00,      6.00,0,0,0,8,8,8
H5,152,2018,620469,      6.00,      6.00,      6.00,      6.00,0,0,0,1,1,1
H5,152,2018,620520,     12.00,      6.00,      6.00,      6.00,0,0,0,2,2,2
H5,152,2018,620530,     24.00,      6.00,      6.00,      6.00,0,0,0,4,4,4
H5,152,2018,620590,      6.00,      6.00,      6.00,      6.00,0,0,0,1,1,1
H5,152,2018,620610,      6.00,      6.00,      6.00,      6.00,0,0,0,1,1,1
H5,152,2018,620620,      6.00,      6.00,      6.00,      6.00,0,0,0,1,1,1
H5,152,2018,620630,      6.00,      6.00,      6.00,      6.00,0,0,0,1,1,1
H5,152,2018,620640,     24.00,      6.00,      6.00,      6.00,0,0,0,4,4,4
H5,152,2018,620690,      6.00,      6.00,      6.00,      6.00,0,0,0,1,1,1
H5,152,2018,620711,      6.00,      6.00,      6.00,      6.00,0,0,0,1,1,1
H5,152,2018,620719,      6.00,      6.00,      6.00,      6.00,0,0,0,1,1,1
H5,152,2018,620721,      6.00,      6.00,      6.00,      6.00,0,0,0,1,1,1
H5,152,2018,620722,      6.00,      6.00,      6.00,      6.00,0,0,0,1,1,1
H5,152,2018,620729,      6.00,      6.00,      6.00,      6.00,0,0,0,1,1,1
H5,152,2018,620791,      6.00,      6.00,      6.00,      6.00,0,0,0,1,1,1
H5,152,2018,620799,      6.00,      6.00,      6.00,      6.00,0,0,0,1,1,1
H5,152,2018,620811,      6.00,      6.00,      6.00,      6.00,0,0,0,1,1,1
H5,152,2018,620819,      6.00,      6.00,      6.00,      6.00,0,0,0,1,1,1
H5,152,2018,620821,      6.00,      6.00,      6.00,      6.00,0,0,0,1,1,1
H5,152,2018,620822,      6.00,      6.00,      6.00,      6.00,0,0,0,1,1,1
H5,152,2018,620829,      6.00,      6.00,      6.00,      6.00,0,0,0,1,1,1
H5,152,2018,620891,      6.00,      6.00,      6.00,      6.00,0,0,0,1,1,1
H5,152,2018,620892,      6.00,      6.00,      6.00,      6.00,0,0,0,1,1,1
H5,152,2018,620899,      6.00,      6.00,      6.00,      6.00,0,0,0,1,1,1
H5,152,2018,620920,      6.00,      6.00,      6.00,      6.00,0,0,0,1,1,1
H5,152,2018,620930,      6.00,      6.00,      6.00,      6.00,0,0,0,1,1,1
H5,152,2018,620990,      6.00,      6.00,      6.00,      6.00,0,0,0,1,1,1
H5,152,2018,621010,     18.00,      6.00,      6.00,      6.00,0,0,0,3,3,3
H5,152,2018,621020,      6.00,      6.00,      6.00,      6.00,0,0,0,1,1,1
H5,152,2018,621030,      6.00,      6.00,      6.00,      6.00,0,0,0,1,1,1
H5,152,2018,621040,      6.00,      6.00,      6.00,      6.00,0,0,0,1,1,1
H5,152,2018,621050,      6.00,      6.00,      6.00,      6.00,0,0,0,1,1,1
H5,152,2018,621111,      6.00,      6.00,      6.00,      6.00,0,0,0,1,1,1
H5,152,2018,621112,      6.00,      6.00,      6.00,      6.00,0,0,0,1,1,1
H5,152,2018,621120,      6.00,      6.00,      6.00,      6.00,0,0,0,1,1,1
H5,152,2018,621132,      6.00,      6.00,      6.00,      6.00,0,0,0,1,1,1
H5,152,2018,621133,      6.00,      6.00,      6.00,      6.00,0,0,0,1,1,1
H5,152,2018,621139,      6.00,      6.00,      6.00,      6.00,0,0,0,1,1,1
H5,152,2018,621142,      6.00,      6.00,      6.00,      6.00,0,0,0,1,1,1
H5,152,2018,621143,      6.00,      6.00,      6.00,      6.00,0,0,0,1,1,1
H5,152,2018,621149,      6.00,      6.00,      6.00,      6.00,0,0,0,1,1,1
H5,152,2018,621210,     12.00,      6.00,      6.00,      6.00,0,0,0,2,2,2
H5,152,2018,621220,      6.00,      6.00,      6.00,      6.00,0,0,0,1,1,1
H5,152,2018,621230,      6.00,      6.00,      6.00,      6.00,0,0,0,1,1,1
H5,152,2018,621290,      6.00,      6.00,      6.00,      6.00,0,0,0,1,1,1
H5,152,2018,621320,      6.00,      6.00,      6.00,      6.00,0,0,0,1,1,1
H5,152,2018,621390,      6.00,      6.00,      6.00,      6.00,0,0,0,1,1,1
H5,152,2018,621410,      6.00,      6.00,      6.00,      6.00,0,0,0,1,1,1
H5,152,2018,621420,      6.00,      6.00,      6.00,      6.00,0,0,0,1,1,1
H5,152,2018,621430,      6.00,      6.00,      6.00,      6.00,0,0,0,1,1,1
H5,152,2018,621440,      6.00,      6.00,      6.00,      6.00,0,0,0,1,1,1
H5,152,2018,621490,      6.00,      6.00,      6.00,      6.00,0,0,0,1,1,1
H5,152,2018,621510,      6.00,      6.00,      6.00,      6.00,0,0,0,1,1,1
H5,152,2018,621520,      6.00,      6.00,      6.00,      6.00,0,0,0,1,1,1
H5,152,2018,621590,      6.00,      6.00,      6.00,      6.00,0,0,0,1,1,1
H5,152,2018,621600,      6.00,      6.00,      6.00,      6.00,0,0,0,1,1,1
H5,152,2018,621710,      6.00,      6.00,      6.00,      6.00,0,0,0,1,1,1
H5,152,2018,621790,      6.00,      6.00,      6.00,      6.00,0,0,0,1,1,1
H5,152,2018,630110,      6.00,      6.00,      6.00,      6.00,0,0,0,1,1,1
H5,152,2018,630120,      6.00,      6.00,      6.00,      6.00,0,0,0,1,1,1
H5,152,2018,630130,      6.00,      6.00,      6.00,      6.00,0,0,0,1,1,1
H5,152,2018,630140,      6.00,      6.00,      6.00,      6.00,0,0,0,1,1,1
H5,152,2018,630190,      6.00,      6.00,      6.00,      6.00,0,0,0,1,1,1
H5,152,2018,630210,      6.00,      6.00,      6.00,      6.00,0,0,0,1,1,1
H5,152,2018,630221,     12.00,      6.00,      6.00,      6.00,0,0,0,2,2,2
H5,152,2018,630222,     12.00,      6.00,      6.00,      6.00,0,0,0,2,2,2
H5,152,2018,630229,      6.00,      6.00,      6.00,      6.00,0,0,0,1,1,1
H5,152,2018,630231,     12.00,      6.00,      6.00,      6.00,0,0,0,2,2,2
H5,152,2018,630232,     12.00,      6.00,      6.00,      6.00,0,0,0,2,2,2
H5,152,2018,630239,      6.00,      6.00,      6.00,      6.00,0,0,0,1,1,1
H5,152,2018,630240,      6.00,      6.00,      6.00,      6.00,0,0,0,1,1,1
H5,152,2018,630251,      6.00,      6.00,      6.00,      6.00,0,0,0,1,1,1
H5,152,2018,630253,      6.00,      6.00,      6.00,      6.00,0,0,0,1,1,1
H5,152,2018,630259,      6.00,      6.00,      6.00,      6.00,0,0,0,1,1,1
H5,152,2018,630260,     42.00,      6.00,      6.00,      6.00,0,0,0,7,7,7
H5,152,2018,630291,     12.00,      6.00,      6.00,      6.00,0,0,0,2,2,2
H5,152,2018,630293,     12.00,      6.00,      6.00,      6.00,0,0,0,2,2,2
H5,152,2018,630299,      6.00,      6.00,      6.00,      6.00,0,0,0,1,1,1
H5,152,2018,630312,      6.00,      6.00,      6.00,      6.00,0,0,0,1,1,1
H5,152,2018,630319,      6.00,      6.00,      6.00,      6.00,0,0,0,1,1,1
H5,152,2018,630391,      6.00,      6.00,      6.00,      6.00,0,0,0,1,1,1
H5,152,2018,630392,      6.00,      6.00,      6.00,      6.00,0,0,0,1,1,1
H5,152,2018,630399,      6.00,      6.00,      6.00,      6.00,0,0,0,1,1,1
H5,152,2018,630411,      6.00,      6.00,      6.00,      6.00,0,0,0,1,1,1
H5,152,2018,630419,      6.00,      6.00,      6.00,      6.00,0,0,0,1,1,1
H5,152,2018,630420,      6.00,      6.00,      6.00,      6.00,0,0,0,1,1,1
H5,152,2018,630491,      6.00,      6.00,      6.00,      6.00,0,0,0,1,1,1
H5,152,2018,630492,      6.00,      6.00,      6.00,      6.00,0,0,0,1,1,1
H5,152,2018,630493,      6.00,      6.00,      6.00,      6.00,0,0,0,1,1,1
H5,152,2018,630499,      6.00,      6.00,      6.00,      6.00,0,0,0,1,1,1
H5,152,2018,630510,      6.00,      6.00,      6.00,      6.00,0,0,0,1,1,1
H5,152,2018,630520,      6.00,      6.00,      6.00,      6.00,0,0,0,1,1,1
H5,152,2018,630532,      6.00,      6.00,      6.00,      6.00,0,0,0,1,1,1
H5,152,2018,630533,     24.00,      6.00,      6.00,      6.00,0,0,0,4,4,4
H5,152,2018,630539,      6.00,      6.00,      6.00,      6.00,0,0,0,1,1,1
H5,152,2018,630590,      6.00,      6.00,      6.00,      6.00,0,0,0,1,1,1
H5,152,2018,630612,      6.00,      6.00,      6.00,      6.00,0,0,0,1,1,1
H5,152,2018,630619,      6.00,      6.00,      6.00,      6.00,0,0,0,1,1,1
H5,152,2018,630622,     12.00,      6.00,      6.00,      6.00,0,0,0,2,2,2
H5,152,2018,630629,      6.00,      6.00,      6.00,      6.00,0,0,0,1,1,1
H5,152,2018,630630,      6.00,      6.00,      6.00,      6.00,0,0,0,1,1,1
H5,152,2018,630640,      6.00,      6.00,      6.00,      6.00,0,0,0,1,1,1
H5,152,2018,630690,      6.00,      6.00,      6.00,      6.00,0,0,0,1,1,1
H5,152,2018,630710,      6.00,      6.00,      6.00,      6.00,0,0,0,1,1,1
H5,152,2018,630720,      6.00,      6.00,      6.00,      6.00,0,0,0,1,1,1
H5,152,2018,630790,      6.00,      6.00,      6.00,      6.00,0,0,0,1,1,1
H5,152,2018,630800,      6.00,      6.00,      6.00,      6.00,0,0,0,1,1,1
H5,152,2018,630900,     78.00,      6.00,      6.00,      6.00,0,0,0,13,13,13
H5,152,2018,631010,      6.00,      6.00,      6.00,      6.00,0,0,0,1,1,1
H5,152,2018,631090,      6.00,      6.00,      6.00,      6.00,0,0,0,1,1,1
H5,152,2018,640110,      6.00,      6.00,      6.00,      6.00,0,0,0,1,1,1
H5,152,2018,640192,      6.00,      6.00,      6.00,      6.00,0,0,0,1,1,1
H5,152,2018,640199,      6.00,      6.00,      6.00,      6.00,0,0,0,1,1,1
H5,152,2018,640212,      6.00,      6.00,      6.00,      6.00,0,0,0,1,1,1
H5,152,2018,640219,      6.00,      6.00,      6.00,      6.00,0,0,0,1,1,1
H5,152,2018,640220,      6.00,      6.00,      6.00,      6.00,0,0,0,1,1,1
H5,152,2018,640291,     12.00,      6.00,      6.00,      6.00,0,0,0,2,2,2
H5,152,2018,640299,     30.00,      6.00,      6.00,      6.00,0,0,0,5,5,5
H5,152,2018,640312,      6.00,      6.00,      6.00,      6.00,0,0,0,1,1,1
H5,152,2018,640319,      6.00,      6.00,      6.00,      6.00,0,0,0,1,1,1
H5,152,2018,640320,      6.00,      6.00,      6.00,      6.00,0,0,0,1,1,1
H5,152,2018,640340,      6.00,      6.00,      6.00,      6.00,0,0,0,1,1,1
H5,152,2018,640351,      6.00,      6.00,      6.00,      6.00,0,0,0,1,1,1
H5,152,2018,640359,      6.00,      6.00,      6.00,      6.00,0,0,0,1,1,1
H5,152,2018,640391,     18.00,      6.00,      6.00,      6.00,0,0,0,3,3,3
H5,152,2018,640399,     24.00,      6.00,      6.00,      6.00,0,0,0,4,4,4
H5,152,2018,640411,      6.00,      6.00,      6.00,      6.00,0,0,0,1,1,1
H5,152,2018,640419,      6.00,      6.00,      6.00,      6.00,0,0,0,1,1,1
H5,152,2018,640420,     12.00,      6.00,      6.00,      6.00,0,0,0,2,2,2
H5,152,2018,640510,      6.00,      6.00,      6.00,      6.00,0,0,0,1,1,1
H5,152,2018,640520,      6.00,      6.00,      6.00,      6.00,0,0,0,1,1,1
H5,152,2018,640590,      6.00,      6.00,      6.00,      6.00,0,0,0,1,1,1
H5,152,2018,640610,      6.00,      6.00,      6.00,      6.00,0,0,0,1,1,1
H5,152,2018,640620,      6.00,      6.00,      6.00,      6.00,0,0,0,1,1,1
H5,152,2018,640690,      6.00,      6.00,      6.00,      6.00,0,0,0,1,1,1
H5,152,2018,650100,      6.00,      6.00,      6.00,      6.00,0,0,0,1,1,1
H5,152,2018,650200,      6.00,      6.00,      6.00,      6.00,0,0,0,1,1,1
H5,152,2018,650400,      6.00,      6.00,      6.00,      6.00,0,0,0,1,1,1
H5,152,2018,650500,      6.00,      6.00,      6.00,      6.00,0,0,0,1,1,1
H5,152,2018,650610,      6.00,      6.00,      6.00,      6.00,0,0,0,1,1,1
H5,152,2018,650691,      6.00,      6.00,      6.00,      6.00,0,0,0,1,1,1
H5,152,2018,650699,      6.00,      6.00,      6.00,      6.00,0,0,0,1,1,1
H5,152,2018,650700,      6.00,      6.00,      6.00,      6.00,0,0,0,1,1,1
H5,152,2018,660110,      6.00,      6.00,      6.00,      6.00,0,0,0,1,1,1
H5,152,2018,660191,     12.00,      6.00,      6.00,      6.00,0,0,0,2,2,2
H5,152,2018,660199,     12.00,      6.00,      6.00,      6.00,0,0,0,2,2,2
H5,152,2018,660200,      6.00,      6.00,      6.00,      6.00,0,0,0,1,1,1
H5,152,2018,660320,      6.00,      6.00,      6.00,      6.00,0,0,0,1,1,1
H5,152,2018,660390,      6.00,      6.00,      6.00,      6.00,0,0,0,1,1,1
H5,152,2018,670100,      6.00,      6.00,      6.00,      6.00,0,0,0,1,1,1
H5,152,2018,670210,      6.00,      6.00,      6.00,      6.00,0,0,0,1,1,1
H5,152,2018,670290,      6.00,      6.00,      6.00,      6.00,0,0,0,1,1,1
H5,152,2018,670300,      6.00,      6.00,      6.00,      6.00,0,0,0,1,1,1
H5,152,2018,670411,      6.00,      6.00,      6.00,      6.00,0,0,0,1,1,1
H5,152,2018,670419,      6.00,      6.00,      6.00,      6.00,0,0,0,1,1,1
H5,152,2018,670420,      6.00,      6.00,      6.00,      6.00,0,0,0,1,1,1
H5,152,2018,670490,      6.00,      6.00,      6.00,      6.00,0,0,0,1,1,1
H5,152,2018,680100,      6.00,      6.00,      6.00,      6.00,0,0,0,1,1,1
H5,152,2018,680210,      6.00,      6.00,      6.00,      6.00,0,0,0,1,1,1
H5,152,2018,680221,      6.00,      6.00,      6.00,      6.00,0,0,0,1,1,1
H5,152,2018,680223,      6.00,      6.00,      6.00,      6.00,0,0,0,1,1,1
H5,152,2018,680229,      6.00,      6.00,      6.00,      6.00,0,0,0,1,1,1
H5,152,2018,680291,      6.00,      6.00,      6.00,      6.00,0,0,0,1,1,1
H5,152,2018,680292,      6.00,      6.00,      6.00,      6.00,0,0,0,1,1,1
H5,152,2018,680293,      6.00,      6.00,      6.00,      6.00,0,0,0,1,1,1
H5,152,2018,680299,      6.00,      6.00,      6.00,      6.00,0,0,0,1,1,1
H5,152,2018,680300,      6.00,      6.00,      6.00,      6.00,0,0,0,1,1,1
H5,152,2018,680410,      6.00,      6.00,      6.00,      6.00,0,0,0,1,1,1
H5,152,2018,680421,      6.00,      6.00,      6.00,      6.00,0,0,0,1,1,1
H5,152,2018,680422,     18.00,      6.00,      6.00,      6.00,0,0,0,3,3,3
H5,152,2018,680423,      6.00,      6.00,      6.00,      6.00,0,0,0,1,1,1
H5,152,2018,680430,      6.00,      6.00,      6.00,      6.00,0,0,0,1,1,1
H5,152,2018,680510,      6.00,      6.00,      6.00,      6.00,0,0,0,1,1,1
H5,152,2018,680520,      6.00,      6.00,      6.00,      6.00,0,0,0,1,1,1
H5,152,2018,680530,      6.00,      6.00,      6.00,      6.00,0,0,0,1,1,1
H5,152,2018,680610,      6.00,      6.00,      6.00,      6.00,0,0,0,1,1,1
H5,152,2018,680620,      6.00,      6.00,      6.00,      6.00,0,0,0,1,1,1
H5,152,2018,680690,      6.00,      6.00,      6.00,      6.00,0,0,0,1,1,1
H5,152,2018,680710,      6.00,      6.00,      6.00,      6.00,0,0,0,1,1,1
H5,152,2018,680790,      6.00,      6.00,      6.00,      6.00,0,0,0,1,1,1
H5,152,2018,680800,      6.00,      6.00,      6.00,      6.00,0,0,0,1,1,1
H5,152,2018,680911,     12.00,      6.00,      6.00,      6.00,0,0,0,2,2,2
H5,152,2018,680919,      6.00,      6.00,      6.00,      6.00,0,0,0,1,1,1
H5,152,2018,680990,      6.00,      6.00,      6.00,      6.00,0,0,0,1,1,1
H5,152,2018,681011,      6.00,      6.00,      6.00,      6.00,0,0,0,1,1,1
H5,152,2018,681019,      6.00,      6.00,      6.00,      6.00,0,0,0,1,1,1
H5,152,2018,681091,      6.00,      6.00,      6.00,      6.00,0,0,0,1,1,1
H5,152,2018,681099,      6.00,      6.00,      6.00,      6.00,0,0,0,1,1,1
H5,152,2018,681140,      6.00,      6.00,      6.00,      6.00,0,0,0,1,1,1
H5,152,2018,681181,      6.00,      6.00,      6.00,      6.00,0,0,0,1,1,1
H5,152,2018,681182,      6.00,      6.00,      6.00,      6.00,0,0,0,1,1,1
H5,152,2018,681189,      6.00,      6.00,      6.00,      6.00,0,0,0,1,1,1
H5,152,2018,681280,      6.00,      6.00,      6.00,      6.00,0,0,0,1,1,1
H5,152,2018,681291,      6.00,      6.00,      6.00,      6.00,0,0,0,1,1,1
H5,152,2018,681292,      6.00,      6.00,      6.00,      6.00,0,0,0,1,1,1
H5,152,2018,681293,      6.00,      6.00,      6.00,      6.00,0,0,0,1,1,1
H5,152,2018,681299,      6.00,      6.00,      6.00,      6.00,0,0,0,1,1,1
H5,152,2018,681320,      6.00,      6.00,      6.00,      6.00,0,0,0,1,1,1
H5,152,2018,681381,      6.00,      6.00,      6.00,      6.00,0,0,0,1,1,1
H5,152,2018,681389,      6.00,      6.00,      6.00,      6.00,0,0,0,1,1,1
H5,152,2018,681410,      6.00,      6.00,      6.00,      6.00,0,0,0,1,1,1
H5,152,2018,681490,      6.00,      6.00,      6.00,      6.00,0,0,0,1,1,1
H5,152,2018,681510,      6.00,      6.00,      6.00,      6.00,0,0,0,1,1,1
H5,152,2018,681520,      6.00,      6.00,      6.00,      6.00,0,0,0,1,1,1
H5,152,2018,681591,      6.00,      6.00,      6.00,      6.00,0,0,0,1,1,1
H5,152,2018,681599,      6.00,      6.00,      6.00,      6.00,0,0,0,1,1,1
H5,152,2018,690100,      6.00,      6.00,      6.00,      6.00,0,0,0,1,1,1
H5,152,2018,690210,      6.00,      6.00,      6.00,      6.00,0,0,0,1,1,1
H5,152,2018,690220,      6.00,      6.00,      6.00,      6.00,0,0,0,1,1,1
H5,152,2018,690290,      6.00,      6.00,      6.00,      6.00,0,0,0,1,1,1
H5,152,2018,690310,     12.00,      6.00,      6.00,      6.00,0,0,0,2,2,2
H5,152,2018,690320,     12.00,      6.00,      6.00,      6.00,0,0,0,2,2,2
H5,152,2018,690390,     12.00,      6.00,      6.00,      6.00,0,0,0,2,2,2
H5,152,2018,690410,      6.00,      6.00,      6.00,      6.00,0,0,0,1,1,1
H5,152,2018,690490,      6.00,      6.00,      6.00,      6.00,0,0,0,1,1,1
H5,152,2018,690510,      6.00,      6.00,      6.00,      6.00,0,0,0,1,1,1
H5,152,2018,690590,      6.00,      6.00,      6.00,      6.00,0,0,0,1,1,1
H5,152,2018,690600,      6.00,      6.00,      6.00,      6.00,0,0,0,1,1,1
H5,152,2018,690721,     30.00,      6.00,      6.00,      6.00,0,0,0,5,5,5
H5,152,2018,690722,     30.00,      6.00,      6.00,      6.00,0,0,0,5,5,5
H5,152,2018,690723,     30.00,      6.00,      6.00,      6.00,0,0,0,5,5,5
H5,152,2018,690730,      6.00,      6.00,      6.00,      6.00,0,0,0,1,1,1
H5,152,2018,690740,      6.00,      6.00,      6.00,      6.00,0,0,0,1,1,1
H5,152,2018,690911,      6.00,      6.00,      6.00,      6.00,0,0,0,1,1,1
H5,152,2018,690912,      6.00,      6.00,      6.00,      6.00,0,0,0,1,1,1
H5,152,2018,690919,      6.00,      6.00,      6.00,      6.00,0,0,0,1,1,1
H5,152,2018,690990,      6.00,      6.00,      6.00,      6.00,0,0,0,1,1,1
H5,152,2018,691010,      6.00,      6.00,      6.00,      6.00,0,0,0,1,1,1
H5,152,2018,691090,     36.00,      6.00,      6.00,      6.00,0,0,0,6,6,6
H5,152,2018,691110,     12.00,      6.00,      6.00,      6.00,0,0,0,2,2,2
H5,152,2018,691190,      6.00,      6.00,      6.00,      6.00,0,0,0,1,1,1
H5,152,2018,691200,     18.00,      6.00,      6.00,      6.00,0,0,0,3,3,3
H5,152,2018,691310,      6.00,      6.00,      6.00,      6.00,0,0,0,1,1,1
H5,152,2018,691390,      6.00,      6.00,      6.00,      6.00,0,0,0,1,1,1
H5,152,2018,691410,      6.00,      6.00,      6.00,      6.00,0,0,0,1,1,1
H5,152,2018,691490,      6.00,      6.00,      6.00,      6.00,0,0,0,1,1,1
H5,152,2018,700100,      6.00,      6.00,      6.00,      6.00,0,0,0,1,1,1
H5,152,2018,700210,      6.00,      6.00,      6.00,      6.00,0,0,0,1,1,1
H5,152,2018,700220,      6.00,      6.00,      6.00,      6.00,0,0,0,1,1,1
H5,152,2018,700231,      6.00,      6.00,      6.00,      6.00,0,0,0,1,1,1
H5,152,2018,700232,      6.00,      6.00,      6.00,      6.00,0,0,0,1,1,1
H5,152,2018,700239,      6.00,      6.00,      6.00,      6.00,0,0,0,1,1,1
H5,152,2018,700312,      6.00,      6.00,      6.00,      6.00,0,0,0,1,1,1
H5,152,2018,700319,      6.00,      6.00,      6.00,      6.00,0,0,0,1,1,1
H5,152,2018,700320,      6.00,      6.00,      6.00,      6.00,0,0,0,1,1,1
H5,152,2018,700330,      6.00,      6.00,      6.00,      6.00,0,0,0,1,1,1
H5,152,2018,700420,      6.00,      6.00,      6.00,      6.00,0,0,0,1,1,1
H5,152,2018,700490,      6.00,      6.00,      6.00,      6.00,0,0,0,1,1,1
H5,152,2018,700510,      6.00,      6.00,      6.00,      6.00,0,0,0,1,1,1
H5,152,2018,700521,      6.00,      6.00,      6.00,      6.00,0,0,0,1,1,1
H5,152,2018,700529,     12.00,      6.00,      6.00,      6.00,0,0,0,2,2,2
H5,152,2018,700530,      6.00,      6.00,      6.00,      6.00,0,0,0,1,1,1
H5,152,2018,700600,      6.00,      6.00,      6.00,      6.00,0,0,0,1,1,1
H5,152,2018,700711,      6.00,      6.00,      6.00,      6.00,0,0,0,1,1,1
H5,152,2018,700719,      6.00,      6.00,      6.00,      6.00,0,0,0,1,1,1
H5,152,2018,700721,      6.00,      6.00,      6.00,      6.00,0,0,0,1,1,1
H5,152,2018,700729,      6.00,      6.00,      6.00,      6.00,0,0,0,1,1,1
H5,152,2018,700800,      6.00,      6.00,      6.00,      6.00,0,0,0,1,1,1
H5,152,2018,700910,      6.00,      6.00,      6.00,      6.00,0,0,0,1,1,1
H5,152,2018,700991,      6.00,      6.00,      6.00,      6.00,0,0,0,1,1,1
H5,152,2018,700992,      6.00,      6.00,      6.00,      6.00,0,0,0,1,1,1
H5,152,2018,701010,      6.00,      6.00,      6.00,      6.00,0,0,0,1,1,1
H5,152,2018,701020,      6.00,      6.00,      6.00,      6.00,0,0,0,1,1,1
H5,152,2018,701090,     36.00,      6.00,      6.00,      6.00,0,0,0,6,6,6
H5,152,2018,701110,      6.00,      6.00,      6.00,      6.00,0,0,0,1,1,1
H5,152,2018,701120,      6.00,      6.00,      6.00,      6.00,0,0,0,1,1,1
H5,152,2018,701190,      6.00,      6.00,      6.00,      6.00,0,0,0,1,1,1
H5,152,2018,701310,      6.00,      6.00,      6.00,      6.00,0,0,0,1,1,1
H5,152,2018,701322,      6.00,      6.00,      6.00,      6.00,0,0,0,1,1,1
H5,152,2018,701328,      6.00,      6.00,      6.00,      6.00,0,0,0,1,1,1
H5,152,2018,701333,      6.00,      6.00,      6.00,      6.00,0,0,0,1,1,1
H5,152,2018,701337,      6.00,      6.00,      6.00,      6.00,0,0,0,1,1,1
H5,152,2018,701341,      6.00,      6.00,      6.00,      6.00,0,0,0,1,1,1
H5,152,2018,701342,      6.00,      6.00,      6.00,      6.00,0,0,0,1,1,1
H5,152,2018,701349,      6.00,      6.00,      6.00,      6.00,0,0,0,1,1,1
H5,152,2018,701391,      6.00,      6.00,      6.00,      6.00,0,0,0,1,1,1
H5,152,2018,701399,      6.00,      6.00,      6.00,      6.00,0,0,0,1,1,1
H5,152,2018,701400,      6.00,      6.00,      6.00,      6.00,0,0,0,1,1,1
H5,152,2018,701510,      6.00,      6.00,      6.00,      6.00,0,0,0,1,1,1
H5,152,2018,701590,      6.00,      6.00,      6.00,      6.00,0,0,0,1,1,1
H5,152,2018,701610,      6.00,      6.00,      6.00,      6.00,0,0,0,1,1,1
H5,152,2018,701690,      6.00,      6.00,      6.00,      6.00,0,0,0,1,1,1
H5,152,2018,701710,      6.00,      6.00,      6.00,      6.00,0,0,0,1,1,1
H5,152,2018,701720,      6.00,      6.00,      6.00,      6.00,0,0,0,1,1,1
H5,152,2018,701790,      6.00,      6.00,      6.00,      6.00,0,0,0,1,1,1
H5,152,2018,701810,      6.00,      6.00,      6.00,      6.00,0,0,0,1,1,1
H5,152,2018,701820,      6.00,      6.00,      6.00,      6.00,0,0,0,1,1,1
H5,152,2018,701890,      6.00,      6.00,      6.00,      6.00,0,0,0,1,1,1
H5,152,2018,701911,      6.00,      6.00,      6.00,      6.00,0,0,0,1,1,1
H5,152,2018,701912,      6.00,      6.00,      6.00,      6.00,0,0,0,1,1,1
H5,152,2018,701919,      6.00,      6.00,      6.00,      6.00,0,0,0,1,1,1
H5,152,2018,701931,      6.00,      6.00,      6.00,      6.00,0,0,0,1,1,1
H5,152,2018,701932,      6.00,      6.00,      6.00,      6.00,0,0,0,1,1,1
H5,152,2018,701939,      6.00,      6.00,      6.00,      6.00,0,0,0,1,1,1
H5,152,2018,701940,      6.00,      6.00,      6.00,      6.00,0,0,0,1,1,1
H5,152,2018,701951,      6.00,      6.00,      6.00,      6.00,0,0,0,1,1,1
H5,152,2018,701952,      6.00,      6.00,      6.00,      6.00,0,0,0,1,1,1
H5,152,2018,701959,      6.00,      6.00,      6.00,      6.00,0,0,0,1,1,1
H5,152,2018,701990,      6.00,      6.00,      6.00,      6.00,0,0,0,1,1,1
H5,152,2018,702000,      6.00,      6.00,      6.00,      6.00,0,0,0,1,1,1
H5,152,2018,710110,      6.00,      6.00,      6.00,      6.00,0,0,0,1,1,1
H5,152,2018,710121,      6.00,      6.00,      6.00,      6.00,0,0,0,1,1,1
H5,152,2018,710122,      6.00,      6.00,      6.00,      6.00,0,0,0,1,1,1
H5,152,2018,710210,      6.00,      6.00,      6.00,      6.00,0,0,0,1,1,1
H5,152,2018,710221,      6.00,      6.00,      6.00,      6.00,0,0,0,1,1,1
H5,152,2018,710229,      6.00,      6.00,      6.00,      6.00,0,0,0,1,1,1
H5,152,2018,710231,      6.00,      6.00,      6.00,      6.00,0,0,0,1,1,1
H5,152,2018,710239,      6.00,      6.00,      6.00,      6.00,0,0,0,1,1,1
H5,152,2018,710310,      6.00,      6.00,      6.00,      6.00,0,0,0,1,1,1
H5,152,2018,710391,      6.00,      6.00,      6.00,      6.00,0,0,0,1,1,1
H5,152,2018,710399,      6.00,      6.00,      6.00,      6.00,0,0,0,1,1,1
H5,152,2018,710410,      6.00,      6.00,      6.00,      6.00,0,0,0,1,1,1
H5,152,2018,710420,      6.00,      6.00,      6.00,      6.00,0,0,0,1,1,1
H5,152,2018,710490,      6.00,      6.00,      6.00,      6.00,0,0,0,1,1,1
H5,152,2018,710510,      6.00,      6.00,      6.00,      6.00,0,0,0,1,1,1
H5,152,2018,710590,      6.00,      6.00,      6.00,      6.00,0,0,0,1,1,1
H5,152,2018,710610,      6.00,      6.00,      6.00,      6.00,0,0,0,1,1,1
H5,152,2018,710691,     12.00,      6.00,      6.00,      6.00,0,0,0,2,2,2
H5,152,2018,710692,      6.00,      6.00,      6.00,      6.00,0,0,0,1,1,1
H5,152,2018,710700,      6.00,      6.00,      6.00,      6.00,0,0,0,1,1,1
H5,152,2018,710811,      6.00,      6.00,      6.00,      6.00,0,0,0,1,1,1
H5,152,2018,710812,     12.00,      6.00,      6.00,      6.00,0,0,0,2,2,2
H5,152,2018,710813,     12.00,      6.00,      6.00,      6.00,0,0,0,2,2,2
H5,152,2018,710820,      6.00,      6.00,      6.00,      6.00,0,0,0,1,1,1
H5,152,2018,710900,      6.00,      6.00,      6.00,      6.00,0,0,0,1,1,1
H5,152,2018,711011,      6.00,      6.00,      6.00,      6.00,0,0,0,1,1,1
H5,152,2018,711019,      6.00,      6.00,      6.00,      6.00,0,0,0,1,1,1
H5,152,2018,711021,      6.00,      6.00,      6.00,      6.00,0,0,0,1,1,1
H5,152,2018,711029,      6.00,      6.00,      6.00,      6.00,0,0,0,1,1,1
H5,152,2018,711031,      6.00,      6.00,      6.00,      6.00,0,0,0,1,1,1
H5,152,2018,711039,      6.00,      6.00,      6.00,      6.00,0,0,0,1,1,1
H5,152,2018,711041,      6.00,      6.00,      6.00,      6.00,0,0,0,1,1,1
H5,152,2018,711049,      6.00,      6.00,      6.00,      6.00,0,0,0,1,1,1
H5,152,2018,711100,      6.00,      6.00,      6.00,      6.00,0,0,0,1,1,1
H5,152,2018,711230,      6.00,      6.00,      6.00,      6.00,0,0,0,1,1,1
H5,152,2018,711291,      6.00,      6.00,      6.00,      6.00,0,0,0,1,1,1
H5,152,2018,711292,      6.00,      6.00,      6.00,      6.00,0,0,0,1,1,1
H5,152,2018,711299,      6.00,      6.00,      6.00,      6.00,0,0,0,1,1,1
H5,152,2018,711311,      6.00,      6.00,      6.00,      6.00,0,0,0,1,1,1
H5,152,2018,711319,      6.00,      6.00,      6.00,      6.00,0,0,0,1,1,1
H5,152,2018,711320,      6.00,      6.00,      6.00,      6.00,0,0,0,1,1,1
H5,152,2018,711411,      6.00,      6.00,      6.00,      6.00,0,0,0,1,1,1
H5,152,2018,711419,      6.00,      6.00,      6.00,      6.00,0,0,0,1,1,1
H5,152,2018,711420,      6.00,      6.00,      6.00,      6.00,0,0,0,1,1,1
H5,152,2018,711510,      6.00,      6.00,      6.00,      6.00,0,0,0,1,1,1
H5,152,2018,711590,      6.00,      6.00,      6.00,      6.00,0,0,0,1,1,1
H5,152,2018,711610,      6.00,      6.00,      6.00,      6.00,0,0,0,1,1,1
H5,152,2018,711620,      6.00,      6.00,      6.00,      6.00,0,0,0,1,1,1
H5,152,2018,711711,      6.00,      6.00,      6.00,      6.00,0,0,0,1,1,1
H5,152,2018,711719,     18.00,      6.00,      6.00,      6.00,0,0,0,3,3,3
H5,152,2018,711790,      6.00,      6.00,      6.00,      6.00,0,0,0,1,1,1
H5,152,2018,711810,      6.00,      6.00,      6.00,      6.00,0,0,0,1,1,1
H5,152,2018,711890,      6.00,      6.00,      6.00,      6.00,0,0,0,1,1,1
H5,152,2018,720110,      6.00,      6.00,      6.00,      6.00,0,0,0,1,1,1
H5,152,2018,720120,      6.00,      6.00,      6.00,      6.00,0,0,0,1,1,1
H5,152,2018,720150,      6.00,      6.00,      6.00,      6.00,0,0,0,1,1,1
H5,152,2018,720211,      6.00,      6.00,      6.00,      6.00,0,0,0,1,1,1
H5,152,2018,720219,      6.00,      6.00,      6.00,      6.00,0,0,0,1,1,1
H5,152,2018,720221,     12.00,      6.00,      6.00,      6.00,0,0,0,2,2,2
H5,152,2018,720229,      6.00,      6.00,      6.00,      6.00,0,0,0,1,1,1
H5,152,2018,720230,      6.00,      6.00,      6.00,      6.00,0,0,0,1,1,1
H5,152,2018,720241,      6.00,      6.00,      6.00,      6.00,0,0,0,1,1,1
H5,152,2018,720249,      6.00,      6.00,      6.00,      6.00,0,0,0,1,1,1
H5,152,2018,720250,      6.00,      6.00,      6.00,      6.00,0,0,0,1,1,1
H5,152,2018,720260,      6.00,      6.00,      6.00,      6.00,0,0,0,1,1,1
H5,152,2018,720270,      6.00,      6.00,      6.00,      6.00,0,0,0,1,1,1
H5,152,2018,720280,      6.00,      6.00,      6.00,      6.00,0,0,0,1,1,1
H5,152,2018,720291,      6.00,      6.00,      6.00,      6.00,0,0,0,1,1,1
H5,152,2018,720292,      6.00,      6.00,      6.00,      6.00,0,0,0,1,1,1
H5,152,2018,720293,      6.00,      6.00,      6.00,      6.00,0,0,0,1,1,1
H5,152,2018,720299,      6.00,      6.00,      6.00,      6.00,0,0,0,1,1,1
H5,152,2018,720310,      6.00,      6.00,      6.00,      6.00,0,0,0,1,1,1
H5,152,2018,720390,      6.00,      6.00,      6.00,      6.00,0,0,0,1,1,1
H5,152,2018,720410,      6.00,      6.00,      6.00,      6.00,0,0,0,1,1,1
H5,152,2018,720421,      6.00,      6.00,      6.00,      6.00,0,0,0,1,1,1
H5,152,2018,720429,      6.00,      6.00,      6.00,      6.00,0,0,0,1,1,1
H5,152,2018,720430,      6.00,      6.00,      6.00,      6.00,0,0,0,1,1,1
H5,152,2018,720441,      6.00,      6.00,      6.00,      6.00,0,0,0,1,1,1
H5,152,2018,720449,      6.00,      6.00,      6.00,      6.00,0,0,0,1,1,1
H5,152,2018,720450,      6.00,      6.00,      6.00,      6.00,0,0,0,1,1,1
H5,152,2018,720510,      6.00,      6.00,      6.00,      6.00,0,0,0,1,1,1
H5,152,2018,720521,      6.00,      6.00,      6.00,      6.00,0,0,0,1,1,1
H5,152,2018,720529,      6.00,      6.00,      6.00,      6.00,0,0,0,1,1,1
H5,152,2018,720610,      6.00,      6.00,      6.00,      6.00,0,0,0,1,1,1
H5,152,2018,720690,      6.00,      6.00,      6.00,      6.00,0,0,0,1,1,1
H5,152,2018,720711,      6.00,      6.00,      6.00,      6.00,0,0,0,1,1,1
H5,152,2018,720712,      6.00,      6.00,      6.00,      6.00,0,0,0,1,1,1
H5,152,2018,720719,      6.00,      6.00,      6.00,      6.00,0,0,0,1,1,1
H5,152,2018,720720,      6.00,      6.00,      6.00,      6.00,0,0,0,1,1,1
H5,152,2018,720810,      6.00,      6.00,      6.00,      6.00,0,0,0,1,1,1
H5,152,2018,720825,      6.00,      6.00,      6.00,      6.00,0,0,0,1,1,1
H5,152,2018,720826,      6.00,      6.00,      6.00,      6.00,0,0,0,1,1,1
H5,152,2018,720827,      6.00,      6.00,      6.00,      6.00,0,0,0,1,1,1
H5,152,2018,720836,      6.00,      6.00,      6.00,      6.00,0,0,0,1,1,1
H5,152,2018,720837,      6.00,      6.00,      6.00,      6.00,0,0,0,1,1,1
H5,152,2018,720838,      6.00,      6.00,      6.00,      6.00,0,0,0,1,1,1
H5,152,2018,720839,      6.00,      6.00,      6.00,      6.00,0,0,0,1,1,1
H5,152,2018,720840,      6.00,      6.00,      6.00,      6.00,0,0,0,1,1,1
H5,152,2018,720851,      6.00,      6.00,      6.00,      6.00,0,0,0,1,1,1
H5,152,2018,720852,      6.00,      6.00,      6.00,      6.00,0,0,0,1,1,1
H5,152,2018,720853,      6.00,      6.00,      6.00,      6.00,0,0,0,1,1,1
H5,152,2018,720854,      6.00,      6.00,      6.00,      6.00,0,0,0,1,1,1
H5,152,2018,720890,      6.00,      6.00,      6.00,      6.00,0,0,0,1,1,1
H5,152,2018,720915,      6.00,      6.00,      6.00,      6.00,0,0,0,1,1,1
H5,152,2018,720916,      6.00,      6.00,      6.00,      6.00,0,0,0,1,1,1
H5,152,2018,720917,      6.00,      6.00,      6.00,      6.00,0,0,0,1,1,1
H5,152,2018,720918,      6.00,      6.00,      6.00,      6.00,0,0,0,1,1,1
H5,152,2018,720925,      6.00,      6.00,      6.00,      6.00,0,0,0,1,1,1
H5,152,2018,720926,      6.00,      6.00,      6.00,      6.00,0,0,0,1,1,1
H5,152,2018,720927,      6.00,      6.00,      6.00,      6.00,0,0,0,1,1,1
H5,152,2018,720928,      6.00,      6.00,      6.00,      6.00,0,0,0,1,1,1
H5,152,2018,720990,      6.00,      6.00,      6.00,      6.00,0,0,0,1,1,1
H5,152,2018,721011,     12.00,      6.00,      6.00,      6.00,0,0,0,2,2,2
H5,152,2018,721012,      6.00,      6.00,      6.00,      6.00,0,0,0,1,1,1
H5,152,2018,721020,      6.00,      6.00,      6.00,      6.00,0,0,0,1,1,1
H5,152,2018,721030,      6.00,      6.00,      6.00,      6.00,0,0,0,1,1,1
H5,152,2018,721041,      6.00,      6.00,      6.00,      6.00,0,0,0,1,1,1
H5,152,2018,721049,      6.00,      6.00,      6.00,      6.00,0,0,0,1,1,1
H5,152,2018,721050,      6.00,      6.00,      6.00,      6.00,0,0,0,1,1,1
H5,152,2018,721061,      6.00,      6.00,      6.00,      6.00,0,0,0,1,1,1
H5,152,2018,721069,      6.00,      6.00,      6.00,      6.00,0,0,0,1,1,1
H5,152,2018,721070,      6.00,      6.00,      6.00,      6.00,0,0,0,1,1,1
H5,152,2018,721090,      6.00,      6.00,      6.00,      6.00,0,0,0,1,1,1
H5,152,2018,721113,      6.00,      6.00,      6.00,      6.00,0,0,0,1,1,1
H5,152,2018,721114,      6.00,      6.00,      6.00,      6.00,0,0,0,1,1,1
H5,152,2018,721119,      6.00,      6.00,      6.00,      6.00,0,0,0,1,1,1
H5,152,2018,721123,      6.00,      6.00,      6.00,      6.00,0,0,0,1,1,1
H5,152,2018,721129,     12.00,      6.00,      6.00,      6.00,0,0,0,2,2,2
H5,152,2018,721190,      6.00,      6.00,      6.00,      6.00,0,0,0,1,1,1
H5,152,2018,721210,      6.00,      6.00,      6.00,      6.00,0,0,0,1,1,1
H5,152,2018,721220,      6.00,      6.00,      6.00,      6.00,0,0,0,1,1,1
H5,152,2018,721230,      6.00,      6.00,      6.00,      6.00,0,0,0,1,1,1
H5,152,2018,721240,      6.00,      6.00,      6.00,      6.00,0,0,0,1,1,1
H5,152,2018,721250,      6.00,      6.00,      6.00,      6.00,0,0,0,1,1,1
H5,152,2018,721260,      6.00,      6.00,      6.00,      6.00,0,0,0,1,1,1
H5,152,2018,721310,      6.00,      6.00,      6.00,      6.00,0,0,0,1,1,1
H5,152,2018,721320,      6.00,      6.00,      6.00,      6.00,0,0,0,1,1,1
H5,152,2018,721391,     18.00,      6.00,      6.00,      6.00,0,0,0,3,3,3
H5,152,2018,721399,      6.00,      6.00,      6.00,      6.00,0,0,0,1,1,1
H5,152,2018,721410,      6.00,      6.00,      6.00,      6.00,0,0,0,1,1,1
H5,152,2018,721420,      6.00,      6.00,      6.00,      6.00,0,0,0,1,1,1
H5,152,2018,721430,      6.00,      6.00,      6.00,      6.00,0,0,0,1,1,1
H5,152,2018,721491,      6.00,      6.00,      6.00,      6.00,0,0,0,1,1,1
H5,152,2018,721499,      6.00,      6.00,      6.00,      6.00,0,0,0,1,1,1
H5,152,2018,721510,      6.00,      6.00,      6.00,      6.00,0,0,0,1,1,1
H5,152,2018,721550,      6.00,      6.00,      6.00,      6.00,0,0,0,1,1,1
H5,152,2018,721590,      6.00,      6.00,      6.00,      6.00,0,0,0,1,1,1
H5,152,2018,721610,      6.00,      6.00,      6.00,      6.00,0,0,0,1,1,1
H5,152,2018,721621,      6.00,      6.00,      6.00,      6.00,0,0,0,1,1,1
H5,152,2018,721622,      6.00,      6.00,      6.00,      6.00,0,0,0,1,1,1
H5,152,2018,721631,      6.00,      6.00,      6.00,      6.00,0,0,0,1,1,1
H5,152,2018,721632,      6.00,      6.00,      6.00,      6.00,0,0,0,1,1,1
H5,152,2018,721633,      6.00,      6.00,      6.00,      6.00,0,0,0,1,1,1
H5,152,2018,721640,      6.00,      6.00,      6.00,      6.00,0,0,0,1,1,1
H5,152,2018,721650,      6.00,      6.00,      6.00,      6.00,0,0,0,1,1,1
H5,152,2018,721661,      6.00,      6.00,      6.00,      6.00,0,0,0,1,1,1
H5,152,2018,721669,      6.00,      6.00,      6.00,      6.00,0,0,0,1,1,1
H5,152,2018,721691,      6.00,      6.00,      6.00,      6.00,0,0,0,1,1,1
H5,152,2018,721699,      6.00,      6.00,      6.00,      6.00,0,0,0,1,1,1
H5,152,2018,721710,      6.00,      6.00,      6.00,      6.00,0,0,0,1,1,1
H5,152,2018,721720,      6.00,      6.00,      6.00,      6.00,0,0,0,1,1,1
H5,152,2018,721730,      6.00,      6.00,      6.00,      6.00,0,0,0,1,1,1
H5,152,2018,721790,      6.00,      6.00,      6.00,      6.00,0,0,0,1,1,1
H5,152,2018,721810,      6.00,      6.00,      6.00,      6.00,0,0,0,1,1,1
H5,152,2018,721891,      6.00,      6.00,      6.00,      6.00,0,0,0,1,1,1
H5,152,2018,721899,      6.00,      6.00,      6.00,      6.00,0,0,0,1,1,1
H5,152,2018,721911,      6.00,      6.00,      6.00,      6.00,0,0,0,1,1,1
H5,152,2018,721912,      6.00,      6.00,      6.00,      6.00,0,0,0,1,1,1
H5,152,2018,721913,      6.00,      6.00,      6.00,      6.00,0,0,0,1,1,1
H5,152,2018,721914,      6.00,      6.00,      6.00,      6.00,0,0,0,1,1,1
H5,152,2018,721921,      6.00,      6.00,      6.00,      6.00,0,0,0,1,1,1
H5,152,2018,721922,      6.00,      6.00,      6.00,      6.00,0,0,0,1,1,1
H5,152,2018,721923,      6.00,      6.00,      6.00,      6.00,0,0,0,1,1,1
H5,152,2018,721924,      6.00,      6.00,      6.00,      6.00,0,0,0,1,1,1
H5,152,2018,721931,      6.00,      6.00,      6.00,      6.00,0,0,0,1,1,1
H5,152,2018,721932,      6.00,      6.00,      6.00,      6.00,0,0,0,1,1,1
H5,152,2018,721933,      6.00,      6.00,      6.00,      6.00,0,0,0,1,1,1
H5,152,2018,721934,      6.00,      6.00,      6.00,      6.00,0,0,0,1,1,1
H5,152,2018,721935,      6.00,      6.00,      6.00,      6.00,0,0,0,1,1,1
H5,152,2018,721990,      6.00,      6.00,      6.00,      6.00,0,0,0,1,1,1
H5,152,2018,722011,      6.00,      6.00,      6.00,      6.00,0,0,0,1,1,1
H5,152,2018,722012,      6.00,      6.00,      6.00,      6.00,0,0,0,1,1,1
H5,152,2018,722020,      6.00,      6.00,      6.00,      6.00,0,0,0,1,1,1
H5,152,2018,722090,      6.00,      6.00,      6.00,      6.00,0,0,0,1,1,1
H5,152,2018,722100,      6.00,      6.00,      6.00,      6.00,0,0,0,1,1,1
H5,152,2018,722211,      6.00,      6.00,      6.00,      6.00,0,0,0,1,1,1
H5,152,2018,722219,      6.00,      6.00,      6.00,      6.00,0,0,0,1,1,1
H5,152,2018,722220,      6.00,      6.00,      6.00,      6.00,0,0,0,1,1,1
H5,152,2018,722230,      6.00,      6.00,      6.00,      6.00,0,0,0,1,1,1
H5,152,2018,722240,      6.00,      6.00,      6.00,      6.00,0,0,0,1,1,1
H5,152,2018,722300,      6.00,      6.00,      6.00,      6.00,0,0,0,1,1,1
H5,152,2018,722410,      6.00,      6.00,      6.00,      6.00,0,0,0,1,1,1
H5,152,2018,722490,      6.00,      6.00,      6.00,      6.00,0,0,0,1,1,1
H5,152,2018,722511,      6.00,      6.00,      6.00,      6.00,0,0,0,1,1,1
H5,152,2018,722519,      6.00,      6.00,      6.00,      6.00,0,0,0,1,1,1
H5,152,2018,722530,      6.00,      6.00,      6.00,      6.00,0,0,0,1,1,1
H5,152,2018,722540,      6.00,      6.00,      6.00,      6.00,0,0,0,1,1,1
H5,152,2018,722550,      6.00,      6.00,      6.00,      6.00,0,0,0,1,1,1
H5,152,2018,722591,      6.00,      6.00,      6.00,      6.00,0,0,0,1,1,1
H5,152,2018,722592,      6.00,      6.00,      6.00,      6.00,0,0,0,1,1,1
H5,152,2018,722599,      6.00,      6.00,      6.00,      6.00,0,0,0,1,1,1
H5,152,2018,722611,      6.00,      6.00,      6.00,      6.00,0,0,0,1,1,1
H5,152,2018,722619,      6.00,      6.00,      6.00,      6.00,0,0,0,1,1,1
H5,152,2018,722620,      6.00,      6.00,      6.00,      6.00,0,0,0,1,1,1
H5,152,2018,722691,      6.00,      6.00,      6.00,      6.00,0,0,0,1,1,1
H5,152,2018,722692,      6.00,      6.00,      6.00,      6.00,0,0,0,1,1,1
H5,152,2018,722699,      6.00,      6.00,      6.00,      6.00,0,0,0,1,1,1
H5,152,2018,722710,      6.00,      6.00,      6.00,      6.00,0,0,0,1,1,1
H5,152,2018,722720,      6.00,      6.00,      6.00,      6.00,0,0,0,1,1,1
H5,152,2018,722790,      6.00,      6.00,      6.00,      6.00,0,0,0,1,1,1
H5,152,2018,722810,      6.00,      6.00,      6.00,      6.00,0,0,0,1,1,1
H5,152,2018,722820,      6.00,      6.00,      6.00,      6.00,0,0,0,1,1,1
H5,152,2018,722830,      6.00,      6.00,      6.00,      6.00,0,0,0,1,1,1
H5,152,2018,722840,      6.00,      6.00,      6.00,      6.00,0,0,0,1,1,1
H5,152,2018,722850,      6.00,      6.00,      6.00,      6.00,0,0,0,1,1,1
H5,152,2018,722860,      6.00,      6.00,      6.00,      6.00,0,0,0,1,1,1
H5,152,2018,722870,      6.00,      6.00,      6.00,      6.00,0,0,0,1,1,1
H5,152,2018,722880,     12.00,      6.00,      6.00,      6.00,0,0,0,2,2,2
H5,152,2018,722920,      6.00,      6.00,      6.00,      6.00,0,0,0,1,1,1
H5,152,2018,722990,      6.00,      6.00,      6.00,      6.00,0,0,0,1,1,1
H5,152,2018,730110,      6.00,      6.00,      6.00,      6.00,0,0,0,1,1,1
H5,152,2018,730120,      6.00,      6.00,      6.00,      6.00,0,0,0,1,1,1
H5,152,2018,730210,      6.00,      6.00,      6.00,      6.00,0,0,0,1,1,1
H5,152,2018,730230,      6.00,      6.00,      6.00,      6.00,0,0,0,1,1,1
H5,152,2018,730240,      6.00,      6.00,      6.00,      6.00,0,0,0,1,1,1
H5,152,2018,730290,      6.00,      6.00,      6.00,      6.00,0,0,0,1,1,1
H5,152,2018,730300,      6.00,      6.00,      6.00,      6.00,0,0,0,1,1,1
H5,152,2018,730411,      6.00,      6.00,      6.00,      6.00,0,0,0,1,1,1
H5,152,2018,730419,      6.00,      6.00,      6.00,      6.00,0,0,0,1,1,1
H5,152,2018,730422,      6.00,      6.00,      6.00,      6.00,0,0,0,1,1,1
H5,152,2018,730423,      6.00,      6.00,      6.00,      6.00,0,0,0,1,1,1
H5,152,2018,730424,      6.00,      6.00,      6.00,      6.00,0,0,0,1,1,1
H5,152,2018,730429,      6.00,      6.00,      6.00,      6.00,0,0,0,1,1,1
H5,152,2018,730431,      6.00,      6.00,      6.00,      6.00,0,0,0,1,1,1
H5,152,2018,730439,      6.00,      6.00,      6.00,      6.00,0,0,0,1,1,1
H5,152,2018,730441,     12.00,      6.00,      6.00,      6.00,0,0,0,2,2,2
H5,152,2018,730449,      6.00,      6.00,      6.00,      6.00,0,0,0,1,1,1
H5,152,2018,730451,      6.00,      6.00,      6.00,      6.00,0,0,0,1,1,1
H5,152,2018,730459,      6.00,      6.00,      6.00,      6.00,0,0,0,1,1,1
H5,152,2018,730490,      6.00,      6.00,      6.00,      6.00,0,0,0,1,1,1
H5,152,2018,730511,      6.00,      6.00,      6.00,      6.00,0,0,0,1,1,1
H5,152,2018,730512,      6.00,      6.00,      6.00,      6.00,0,0,0,1,1,1
H5,152,2018,730519,      6.00,      6.00,      6.00,      6.00,0,0,0,1,1,1
H5,152,2018,730520,      6.00,      6.00,      6.00,      6.00,0,0,0,1,1,1
H5,152,2018,730531,      6.00,      6.00,      6.00,      6.00,0,0,0,1,1,1
H5,152,2018,730539,      6.00,      6.00,      6.00,      6.00,0,0,0,1,1,1
H5,152,2018,730590,      6.00,      6.00,      6.00,      6.00,0,0,0,1,1,1
H5,152,2018,730611,      6.00,      6.00,      6.00,      6.00,0,0,0,1,1,1
H5,152,2018,730619,      6.00,      6.00,      6.00,      6.00,0,0,0,1,1,1
H5,152,2018,730621,      6.00,      6.00,      6.00,      6.00,0,0,0,1,1,1
H5,152,2018,730629,      6.00,      6.00,      6.00,      6.00,0,0,0,1,1,1
H5,152,2018,730630,      6.00,      6.00,      6.00,      6.00,0,0,0,1,1,1
H5,152,2018,730640,      6.00,      6.00,      6.00,      6.00,0,0,0,1,1,1
H5,152,2018,730650,      6.00,      6.00,      6.00,      6.00,0,0,0,1,1,1
H5,152,2018,730661,      6.00,      6.00,      6.00,      6.00,0,0,0,1,1,1
H5,152,2018,730669,      6.00,      6.00,      6.00,      6.00,0,0,0,1,1,1
H5,152,2018,730690,      6.00,      6.00,      6.00,      6.00,0,0,0,1,1,1
H5,152,2018,730711,      6.00,      6.00,      6.00,      6.00,0,0,0,1,1,1
H5,152,2018,730719,      6.00,      6.00,      6.00,      6.00,0,0,0,1,1,1
H5,152,2018,730721,      6.00,      6.00,      6.00,      6.00,0,0,0,1,1,1
H5,152,2018,730722,      6.00,      6.00,      6.00,      6.00,0,0,0,1,1,1
H5,152,2018,730723,      6.00,      6.00,      6.00,      6.00,0,0,0,1,1,1
H5,152,2018,730729,      6.00,      6.00,      6.00,      6.00,0,0,0,1,1,1
H5,152,2018,730791,      6.00,      6.00,      6.00,      6.00,0,0,0,1,1,1
H5,152,2018,730792,      6.00,      6.00,      6.00,      6.00,0,0,0,1,1,1
H5,152,2018,730793,      6.00,      6.00,      6.00,      6.00,0,0,0,1,1,1
H5,152,2018,730799,      6.00,      6.00,      6.00,      6.00,0,0,0,1,1,1
H5,152,2018,730810,      6.00,      6.00,      6.00,      6.00,0,0,0,1,1,1
H5,152,2018,730820,      6.00,      6.00,      6.00,      6.00,0,0,0,1,1,1
H5,152,2018,730830,      6.00,      6.00,      6.00,      6.00,0,0,0,1,1,1
H5,152,2018,730840,      6.00,      6.00,      6.00,      6.00,0,0,0,1,1,1
H5,152,2018,730890,      6.00,      6.00,      6.00,      6.00,0,0,0,1,1,1
H5,152,2018,730900,      6.00,      6.00,      6.00,      6.00,0,0,0,1,1,1
H5,152,2018,731010,     12.00,      6.00,      6.00,      6.00,0,0,0,2,2,2
H5,152,2018,731021,      6.00,      6.00,      6.00,      6.00,0,0,0,1,1,1
H5,152,2018,731029,     12.00,      6.00,      6.00,      6.00,0,0,0,2,2,2
H5,152,2018,731100,     24.00,      6.00,      6.00,      6.00,0,0,0,4,4,4
H5,152,2018,731210,     12.00,      6.00,      6.00,      6.00,0,0,0,2,2,2
H5,152,2018,731290,      6.00,      6.00,      6.00,      6.00,0,0,0,1,1,1
H5,152,2018,731300,      6.00,      6.00,      6.00,      6.00,0,0,0,1,1,1
H5,152,2018,731412,      6.00,      6.00,      6.00,      6.00,0,0,0,1,1,1
H5,152,2018,731414,      6.00,      6.00,      6.00,      6.00,0,0,0,1,1,1
H5,152,2018,731419,      6.00,      6.00,      6.00,      6.00,0,0,0,1,1,1
H5,152,2018,731420,      6.00,      6.00,      6.00,      6.00,0,0,0,1,1,1
H5,152,2018,731431,      6.00,      6.00,      6.00,      6.00,0,0,0,1,1,1
H5,152,2018,731439,      6.00,      6.00,      6.00,      6.00,0,0,0,1,1,1
H5,152,2018,731441,     12.00,      6.00,      6.00,      6.00,0,0,0,2,2,2
H5,152,2018,731442,      6.00,      6.00,      6.00,      6.00,0,0,0,1,1,1
H5,152,2018,731449,      6.00,      6.00,      6.00,      6.00,0,0,0,1,1,1
H5,152,2018,731450,      6.00,      6.00,      6.00,      6.00,0,0,0,1,1,1
H5,152,2018,731511,      6.00,      6.00,      6.00,      6.00,0,0,0,1,1,1
H5,152,2018,731512,      6.00,      6.00,      6.00,      6.00,0,0,0,1,1,1
H5,152,2018,731519,      6.00,      6.00,      6.00,      6.00,0,0,0,1,1,1
H5,152,2018,731520,      6.00,      6.00,      6.00,      6.00,0,0,0,1,1,1
H5,152,2018,731581,      6.00,      6.00,      6.00,      6.00,0,0,0,1,1,1
H5,152,2018,731582,      6.00,      6.00,      6.00,      6.00,0,0,0,1,1,1
H5,152,2018,731589,     12.00,      6.00,      6.00,      6.00,0,0,0,2,2,2
H5,152,2018,731590,      6.00,      6.00,      6.00,      6.00,0,0,0,1,1,1
H5,152,2018,731600,      6.00,      6.00,      6.00,      6.00,0,0,0,1,1,1
H5,152,2018,731700,     12.00,      6.00,      6.00,      6.00,0,0,0,2,2,2
H5,152,2018,731811,      6.00,      6.00,      6.00,      6.00,0,0,0,1,1,1
H5,152,2018,731812,      6.00,      6.00,      6.00,      6.00,0,0,0,1,1,1
H5,152,2018,731813,      6.00,      6.00,      6.00,      6.00,0,0,0,1,1,1
H5,152,2018,731814,      6.00,      6.00,      6.00,      6.00,0,0,0,1,1,1
H5,152,2018,731815,      6.00,      6.00,      6.00,      6.00,0,0,0,1,1,1
H5,152,2018,731816,      6.00,      6.00,      6.00,      6.00,0,0,0,1,1,1
H5,152,2018,731819,      6.00,      6.00,      6.00,      6.00,0,0,0,1,1,1
H5,152,2018,731821,      6.00,      6.00,      6.00,      6.00,0,0,0,1,1,1
H5,152,2018,731822,      6.00,      6.00,      6.00,      6.00,0,0,0,1,1,1
H5,152,2018,731823,      6.00,      6.00,      6.00,      6.00,0,0,0,1,1,1
H5,152,2018,731824,      6.00,      6.00,      6.00,      6.00,0,0,0,1,1,1
H5,152,2018,731829,      6.00,      6.00,      6.00,      6.00,0,0,0,1,1,1
H5,152,2018,731940,      6.00,      6.00,      6.00,      6.00,0,0,0,1,1,1
H5,152,2018,731990,      6.00,      6.00,      6.00,      6.00,0,0,0,1,1,1
H5,152,2018,732010,      6.00,      6.00,      6.00,      6.00,0,0,0,1,1,1
H5,152,2018,732020,      6.00,      6.00,      6.00,      6.00,0,0,0,1,1,1
H5,152,2018,732090,      6.00,      6.00,      6.00,      6.00,0,0,0,1,1,1
H5,152,2018,732111,     24.00,      6.00,      6.00,      6.00,0,0,0,4,4,4
H5,152,2018,732112,     12.00,      6.00,      6.00,      6.00,0,0,0,2,2,2
H5,152,2018,732119,     12.00,      6.00,      6.00,      6.00,0,0,0,2,2,2
H5,152,2018,732181,     36.00,      6.00,      6.00,      6.00,0,0,0,6,6,6
H5,152,2018,732182,     18.00,      6.00,      6.00,      6.00,0,0,0,3,3,3
H5,152,2018,732189,     18.00,      6.00,      6.00,      6.00,0,0,0,3,3,3
H5,152,2018,732190,      6.00,      6.00,      6.00,      6.00,0,0,0,1,1,1
H5,152,2018,732211,      6.00,      6.00,      6.00,      6.00,0,0,0,1,1,1
H5,152,2018,732219,      6.00,      6.00,      6.00,      6.00,0,0,0,1,1,1
H5,152,2018,732290,      6.00,      6.00,      6.00,      6.00,0,0,0,1,1,1
H5,152,2018,732310,      6.00,      6.00,      6.00,      6.00,0,0,0,1,1,1
H5,152,2018,732391,      6.00,      6.00,      6.00,      6.00,0,0,0,1,1,1
H5,152,2018,732392,      6.00,      6.00,      6.00,      6.00,0,0,0,1,1,1
H5,152,2018,732393,      6.00,      6.00,      6.00,      6.00,0,0,0,1,1,1
H5,152,2018,732394,      6.00,      6.00,      6.00,      6.00,0,0,0,1,1,1
H5,152,2018,732399,      6.00,      6.00,      6.00,      6.00,0,0,0,1,1,1
H5,152,2018,732410,      6.00,      6.00,      6.00,      6.00,0,0,0,1,1,1
H5,152,2018,732421,      6.00,      6.00,      6.00,      6.00,0,0,0,1,1,1
H5,152,2018,732429,      6.00,      6.00,      6.00,      6.00,0,0,0,1,1,1
H5,152,2018,732490,      6.00,      6.00,      6.00,      6.00,0,0,0,1,1,1
H5,152,2018,732510,      6.00,      6.00,      6.00,      6.00,0,0,0,1,1,1
H5,152,2018,732591,     12.00,      6.00,      6.00,      6.00,0,0,0,2,2,2
H5,152,2018,732599,      6.00,      6.00,      6.00,      6.00,0,0,0,1,1,1
H5,152,2018,732611,     12.00,      6.00,      6.00,      6.00,0,0,0,2,2,2
H5,152,2018,732619,      6.00,      6.00,      6.00,      6.00,0,0,0,1,1,1
H5,152,2018,732620,      6.00,      6.00,      6.00,      6.00,0,0,0,1,1,1
H5,152,2018,732690,      6.00,      6.00,      6.00,      6.00,0,0,0,1,1,1
H5,152,2018,740100,      6.00,      6.00,      6.00,      6.00,0,0,0,1,1,1
H5,152,2018,740200,     30.00,      6.00,      6.00,      6.00,0,0,0,5,5,5
H5,152,2018,740311,      6.00,      6.00,      6.00,      6.00,0,0,0,1,1,1
H5,152,2018,740312,      6.00,      6.00,      6.00,      6.00,0,0,0,1,1,1
H5,152,2018,740313,      6.00,      6.00,      6.00,      6.00,0,0,0,1,1,1
H5,152,2018,740319,      6.00,      6.00,      6.00,      6.00,0,0,0,1,1,1
H5,152,2018,740321,      6.00,      6.00,      6.00,      6.00,0,0,0,1,1,1
H5,152,2018,740322,      6.00,      6.00,      6.00,      6.00,0,0,0,1,1,1
H5,152,2018,740329,      6.00,      6.00,      6.00,      6.00,0,0,0,1,1,1
H5,152,2018,740400,     30.00,      6.00,      6.00,      6.00,0,0,0,5,5,5
H5,152,2018,740500,      6.00,      6.00,      6.00,      6.00,0,0,0,1,1,1
H5,152,2018,740610,      6.00,      6.00,      6.00,      6.00,0,0,0,1,1,1
H5,152,2018,740620,      6.00,      6.00,      6.00,      6.00,0,0,0,1,1,1
H5,152,2018,740710,     12.00,      6.00,      6.00,      6.00,0,0,0,2,2,2
H5,152,2018,740721,      6.00,      6.00,      6.00,      6.00,0,0,0,1,1,1
H5,152,2018,740729,      6.00,      6.00,      6.00,      6.00,0,0,0,1,1,1
H5,152,2018,740811,     12.00,      6.00,      6.00,      6.00,0,0,0,2,2,2
H5,152,2018,740819,      6.00,      6.00,      6.00,      6.00,0,0,0,1,1,1
H5,152,2018,740821,     12.00,      6.00,      6.00,      6.00,0,0,0,2,2,2
H5,152,2018,740822,      6.00,      6.00,      6.00,      6.00,0,0,0,1,1,1
H5,152,2018,740829,      6.00,      6.00,      6.00,      6.00,0,0,0,1,1,1
H5,152,2018,740911,      6.00,      6.00,      6.00,      6.00,0,0,0,1,1,1
H5,152,2018,740919,      6.00,      6.00,      6.00,      6.00,0,0,0,1,1,1
H5,152,2018,740921,      6.00,      6.00,      6.00,      6.00,0,0,0,1,1,1
H5,152,2018,740929,      6.00,      6.00,      6.00,      6.00,0,0,0,1,1,1
H5,152,2018,740931,      6.00,      6.00,      6.00,      6.00,0,0,0,1,1,1
H5,152,2018,740939,      6.00,      6.00,      6.00,      6.00,0,0,0,1,1,1
H5,152,2018,740940,      6.00,      6.00,      6.00,      6.00,0,0,0,1,1,1
H5,152,2018,740990,      6.00,      6.00,      6.00,      6.00,0,0,0,1,1,1
H5,152,2018,741011,      6.00,      6.00,      6.00,      6.00,0,0,0,1,1,1
H5,152,2018,741012,      6.00,      6.00,      6.00,      6.00,0,0,0,1,1,1
H5,152,2018,741021,      6.00,      6.00,      6.00,      6.00,0,0,0,1,1,1
H5,152,2018,741022,      6.00,      6.00,      6.00,      6.00,0,0,0,1,1,1
H5,152,2018,741110,      6.00,      6.00,      6.00,      6.00,0,0,0,1,1,1
H5,152,2018,741121,      6.00,      6.00,      6.00,      6.00,0,0,0,1,1,1
H5,152,2018,741122,      6.00,      6.00,      6.00,      6.00,0,0,0,1,1,1
H5,152,2018,741129,      6.00,      6.00,      6.00,      6.00,0,0,0,1,1,1
H5,152,2018,741210,      6.00,      6.00,      6.00,      6.00,0,0,0,1,1,1
H5,152,2018,741220,      6.00,      6.00,      6.00,      6.00,0,0,0,1,1,1
H5,152,2018,741300,      6.00,      6.00,      6.00,      6.00,0,0,0,1,1,1
H5,152,2018,741510,      6.00,      6.00,      6.00,      6.00,0,0,0,1,1,1
H5,152,2018,741521,      6.00,      6.00,      6.00,      6.00,0,0,0,1,1,1
H5,152,2018,741529,      6.00,      6.00,      6.00,      6.00,0,0,0,1,1,1
H5,152,2018,741533,      6.00,      6.00,      6.00,      6.00,0,0,0,1,1,1
H5,152,2018,741539,      6.00,      6.00,      6.00,      6.00,0,0,0,1,1,1
H5,152,2018,741810,      6.00,      6.00,      6.00,      6.00,0,0,0,1,1,1
H5,152,2018,741820,      6.00,      6.00,      6.00,      6.00,0,0,0,1,1,1
H5,152,2018,741910,      6.00,      6.00,      6.00,      6.00,0,0,0,1,1,1
H5,152,2018,741991,      6.00,      6.00,      6.00,      6.00,0,0,0,1,1,1
H5,152,2018,741999,     18.00,      6.00,      6.00,      6.00,0,0,0,3,3,3
H5,152,2018,750110,      6.00,      6.00,      6.00,      6.00,0,0,0,1,1,1
H5,152,2018,750120,      6.00,      6.00,      6.00,      6.00,0,0,0,1,1,1
H5,152,2018,750210,      6.00,      6.00,      6.00,      6.00,0,0,0,1,1,1
H5,152,2018,750220,      6.00,      6.00,      6.00,      6.00,0,0,0,1,1,1
H5,152,2018,750300,      6.00,      6.00,      6.00,      6.00,0,0,0,1,1,1
H5,152,2018,750400,      6.00,      6.00,      6.00,      6.00,0,0,0,1,1,1
H5,152,2018,750511,      6.00,      6.00,      6.00,      6.00,0,0,0,1,1,1
H5,152,2018,750512,      6.00,      6.00,      6.00,      6.00,0,0,0,1,1,1
H5,152,2018,750521,      6.00,      6.00,      6.00,      6.00,0,0,0,1,1,1
H5,152,2018,750522,      6.00,      6.00,      6.00,      6.00,0,0,0,1,1,1
H5,152,2018,750610,      6.00,      6.00,      6.00,      6.00,0,0,0,1,1,1
H5,152,2018,750620,      6.00,      6.00,      6.00,      6.00,0,0,0,1,1,1
H5,152,2018,750711,      6.00,      6.00,      6.00,      6.00,0,0,0,1,1,1
H5,152,2018,750712,      6.00,      6.00,      6.00,      6.00,0,0,0,1,1,1
H5,152,2018,750720,      6.00,      6.00,      6.00,      6.00,0,0,0,1,1,1
H5,152,2018,750810,      6.00,      6.00,      6.00,      6.00,0,0,0,1,1,1
H5,152,2018,750890,      6.00,      6.00,      6.00,      6.00,0,0,0,1,1,1
H5,152,2018,760110,      6.00,      6.00,      6.00,      6.00,0,0,0,1,1,1
H5,152,2018,760120,      6.00,      6.00,      6.00,      6.00,0,0,0,1,1,1
H5,152,2018,760200,      6.00,      6.00,      6.00,      6.00,0,0,0,1,1,1
H5,152,2018,760310,      6.00,      6.00,      6.00,      6.00,0,0,0,1,1,1
H5,152,2018,760320,      6.00,      6.00,      6.00,      6.00,0,0,0,1,1,1
H5,152,2018,760410,      6.00,      6.00,      6.00,      6.00,0,0,0,1,1,1
H5,152,2018,760421,      6.00,      6.00,      6.00,      6.00,0,0,0,1,1,1
H5,152,2018,760429,      6.00,      6.00,      6.00,      6.00,0,0,0,1,1,1
H5,152,2018,760511,      6.00,      6.00,      6.00,      6.00,0,0,0,1,1,1
H5,152,2018,760519,      6.00,      6.00,      6.00,      6.00,0,0,0,1,1,1
H5,152,2018,760521,      6.00,      6.00,      6.00,      6.00,0,0,0,1,1,1
H5,152,2018,760529,      6.00,      6.00,      6.00,      6.00,0,0,0,1,1,1
H5,152,2018,760611,      6.00,      6.00,      6.00,      6.00,0,0,0,1,1,1
H5,152,2018,760612,      6.00,      6.00,      6.00,      6.00,0,0,0,1,1,1
H5,152,2018,760691,      6.00,      6.00,      6.00,      6.00,0,0,0,1,1,1
H5,152,2018,760692,      6.00,      6.00,      6.00,      6.00,0,0,0,1,1,1
H5,152,2018,760711,      6.00,      6.00,      6.00,      6.00,0,0,0,1,1,1
H5,152,2018,760719,      6.00,      6.00,      6.00,      6.00,0,0,0,1,1,1
H5,152,2018,760720,     12.00,      6.00,      6.00,      6.00,0,0,0,2,2,2
H5,152,2018,760810,      6.00,      6.00,      6.00,      6.00,0,0,0,1,1,1
H5,152,2018,760820,      6.00,      6.00,      6.00,      6.00,0,0,0,1,1,1
H5,152,2018,760900,      6.00,      6.00,      6.00,      6.00,0,0,0,1,1,1
H5,152,2018,761010,      6.00,      6.00,      6.00,      6.00,0,0,0,1,1,1
H5,152,2018,761090,      6.00,      6.00,      6.00,      6.00,0,0,0,1,1,1
H5,152,2018,761100,      6.00,      6.00,      6.00,      6.00,0,0,0,1,1,1
H5,152,2018,761210,      6.00,      6.00,      6.00,      6.00,0,0,0,1,1,1
H5,152,2018,761290,      6.00,      6.00,      6.00,      6.00,0,0,0,1,1,1
H5,152,2018,761300,      6.00,      6.00,      6.00,      6.00,0,0,0,1,1,1
H5,152,2018,761410,      6.00,      6.00,      6.00,      6.00,0,0,0,1,1,1
H5,152,2018,761490,      6.00,      6.00,      6.00,      6.00,0,0,0,1,1,1
H5,152,2018,761510,      6.00,      6.00,      6.00,      6.00,0,0,0,1,1,1
H5,152,2018,761520,      6.00,      6.00,      6.00,      6.00,0,0,0,1,1,1
H5,152,2018,761610,      6.00,      6.00,      6.00,      6.00,0,0,0,1,1,1
H5,152,2018,761691,      6.00,      6.00,      6.00,      6.00,0,0,0,1,1,1
H5,152,2018,761699,     12.00,      6.00,      6.00,      6.00,0,0,0,2,2,2
H5,152,2018,780110,      6.00,      6.00,      6.00,      6.00,0,0,0,1,1,1
H5,152,2018,780191,      6.00,      6.00,      6.00,      6.00,0,0,0,1,1,1
H5,152,2018,780199,      6.00,      6.00,      6.00,      6.00,0,0,0,1,1,1
H5,152,2018,780200,      6.00,      6.00,      6.00,      6.00,0,0,0,1,1,1
H5,152,2018,780411,      6.00,      6.00,      6.00,      6.00,0,0,0,1,1,1
H5,152,2018,780419,      6.00,      6.00,      6.00,      6.00,0,0,0,1,1,1
H5,152,2018,780420,      6.00,      6.00,      6.00,      6.00,0,0,0,1,1,1
H5,152,2018,780600,      6.00,      6.00,      6.00,      6.00,0,0,0,1,1,1
H5,152,2018,790111,      6.00,      6.00,      6.00,      6.00,0,0,0,1,1,1
H5,152,2018,790112,      6.00,      6.00,      6.00,      6.00,0,0,0,1,1,1
H5,152,2018,790120,      6.00,      6.00,      6.00,      6.00,0,0,0,1,1,1
H5,152,2018,790200,      6.00,      6.00,      6.00,      6.00,0,0,0,1,1,1
H5,152,2018,790310,      6.00,      6.00,      6.00,      6.00,0,0,0,1,1,1
H5,152,2018,790390,      6.00,      6.00,      6.00,      6.00,0,0,0,1,1,1
H5,152,2018,790400,      6.00,      6.00,      6.00,      6.00,0,0,0,1,1,1
H5,152,2018,790500,      6.00,      6.00,      6.00,      6.00,0,0,0,1,1,1
H5,152,2018,790700,      6.00,      6.00,      6.00,      6.00,0,0,0,1,1,1
H5,152,2018,800110,      6.00,      6.00,      6.00,      6.00,0,0,0,1,1,1
H5,152,2018,800120,      6.00,      6.00,      6.00,      6.00,0,0,0,1,1,1
H5,152,2018,800200,      6.00,      6.00,      6.00,      6.00,0,0,0,1,1,1
H5,152,2018,800300,      6.00,      6.00,      6.00,      6.00,0,0,0,1,1,1
H5,152,2018,800700,      6.00,      6.00,      6.00,      6.00,0,0,0,1,1,1
H5,152,2018,810110,      6.00,      6.00,      6.00,      6.00,0,0,0,1,1,1
H5,152,2018,810194,      6.00,      6.00,      6.00,      6.00,0,0,0,1,1,1
H5,152,2018,810196,      6.00,      6.00,      6.00,      6.00,0,0,0,1,1,1
H5,152,2018,810197,      6.00,      6.00,      6.00,      6.00,0,0,0,1,1,1
H5,152,2018,810199,      6.00,      6.00,      6.00,      6.00,0,0,0,1,1,1
H5,152,2018,810210,      6.00,      6.00,      6.00,      6.00,0,0,0,1,1,1
H5,152,2018,810294,      6.00,      6.00,      6.00,      6.00,0,0,0,1,1,1
H5,152,2018,810295,      6.00,      6.00,      6.00,      6.00,0,0,0,1,1,1
H5,152,2018,810296,      6.00,      6.00,      6.00,      6.00,0,0,0,1,1,1
H5,152,2018,810297,      6.00,      6.00,      6.00,      6.00,0,0,0,1,1,1
H5,152,2018,810299,      6.00,      6.00,      6.00,      6.00,0,0,0,1,1,1
H5,152,2018,810320,      6.00,      6.00,      6.00,      6.00,0,0,0,1,1,1
H5,152,2018,810330,      6.00,      6.00,      6.00,      6.00,0,0,0,1,1,1
H5,152,2018,810390,      6.00,      6.00,      6.00,      6.00,0,0,0,1,1,1
H5,152,2018,810411,      6.00,      6.00,      6.00,      6.00,0,0,0,1,1,1
H5,152,2018,810419,      6.00,      6.00,      6.00,      6.00,0,0,0,1,1,1
H5,152,2018,810420,      6.00,      6.00,      6.00,      6.00,0,0,0,1,1,1
H5,152,2018,810430,      6.00,      6.00,      6.00,      6.00,0,0,0,1,1,1
H5,152,2018,810490,      6.00,      6.00,      6.00,      6.00,0,0,0,1,1,1
H5,152,2018,810520,      6.00,      6.00,      6.00,      6.00,0,0,0,1,1,1
H5,152,2018,810530,      6.00,      6.00,      6.00,      6.00,0,0,0,1,1,1
H5,152,2018,810590,      6.00,      6.00,      6.00,      6.00,0,0,0,1,1,1
H5,152,2018,810600,      6.00,      6.00,      6.00,      6.00,0,0,0,1,1,1
H5,152,2018,810720,      6.00,      6.00,      6.00,      6.00,0,0,0,1,1,1
H5,152,2018,810730,      6.00,      6.00,      6.00,      6.00,0,0,0,1,1,1
H5,152,2018,810790,      6.00,      6.00,      6.00,      6.00,0,0,0,1,1,1
H5,152,2018,810820,      6.00,      6.00,      6.00,      6.00,0,0,0,1,1,1
H5,152,2018,810830,      6.00,      6.00,      6.00,      6.00,0,0,0,1,1,1
H5,152,2018,810890,      6.00,      6.00,      6.00,      6.00,0,0,0,1,1,1
H5,152,2018,810920,      6.00,      6.00,      6.00,      6.00,0,0,0,1,1,1
H5,152,2018,810930,      6.00,      6.00,      6.00,      6.00,0,0,0,1,1,1
H5,152,2018,810990,      6.00,      6.00,      6.00,      6.00,0,0,0,1,1,1
H5,152,2018,811010,      6.00,      6.00,      6.00,      6.00,0,0,0,1,1,1
H5,152,2018,811020,      6.00,      6.00,      6.00,      6.00,0,0,0,1,1,1
H5,152,2018,811090,      6.00,      6.00,      6.00,      6.00,0,0,0,1,1,1
H5,152,2018,811100,      6.00,      6.00,      6.00,      6.00,0,0,0,1,1,1
H5,152,2018,811212,      6.00,      6.00,      6.00,      6.00,0,0,0,1,1,1
H5,152,2018,811213,      6.00,      6.00,      6.00,      6.00,0,0,0,1,1,1
H5,152,2018,811219,      6.00,      6.00,      6.00,      6.00,0,0,0,1,1,1
H5,152,2018,811221,      6.00,      6.00,      6.00,      6.00,0,0,0,1,1,1
H5,152,2018,811222,      6.00,      6.00,      6.00,      6.00,0,0,0,1,1,1
H5,152,2018,811229,      6.00,      6.00,      6.00,      6.00,0,0,0,1,1,1
H5,152,2018,811251,      6.00,      6.00,      6.00,      6.00,0,0,0,1,1,1
H5,152,2018,811252,      6.00,      6.00,      6.00,      6.00,0,0,0,1,1,1
H5,152,2018,811259,      6.00,      6.00,      6.00,      6.00,0,0,0,1,1,1
H5,152,2018,811292,      6.00,      6.00,      6.00,      6.00,0,0,0,1,1,1
H5,152,2018,811299,      6.00,      6.00,      6.00,      6.00,0,0,0,1,1,1
H5,152,2018,811300,      6.00,      6.00,      6.00,      6.00,0,0,0,1,1,1
H5,152,2018,820110,      6.00,      6.00,      6.00,      6.00,0,0,0,1,1,1
H5,152,2018,820130,      6.00,      6.00,      6.00,      6.00,0,0,0,1,1,1
H5,152,2018,820140,      6.00,      6.00,      6.00,      6.00,0,0,0,1,1,1
H5,152,2018,820150,      6.00,      6.00,      6.00,      6.00,0,0,0,1,1,1
H5,152,2018,820160,      6.00,      6.00,      6.00,      6.00,0,0,0,1,1,1
H5,152,2018,820190,      6.00,      6.00,      6.00,      6.00,0,0,0,1,1,1
H5,152,2018,820210,      6.00,      6.00,      6.00,      6.00,0,0,0,1,1,1
H5,152,2018,820220,      6.00,      6.00,      6.00,      6.00,0,0,0,1,1,1
H5,152,2018,820231,      6.00,      6.00,      6.00,      6.00,0,0,0,1,1,1
H5,152,2018,820239,      6.00,      6.00,      6.00,      6.00,0,0,0,1,1,1
H5,152,2018,820240,      6.00,      6.00,      6.00,      6.00,0,0,0,1,1,1
H5,152,2018,820291,      6.00,      6.00,      6.00,      6.00,0,0,0,1,1,1
H5,152,2018,820299,      6.00,      6.00,      6.00,      6.00,0,0,0,1,1,1
H5,152,2018,820310,     12.00,      6.00,      6.00,      6.00,0,0,0,2,2,2
H5,152,2018,820320,      6.00,      6.00,      6.00,      6.00,0,0,0,1,1,1
H5,152,2018,820330,      6.00,      6.00,      6.00,      6.00,0,0,0,1,1,1
H5,152,2018,820340,      6.00,      6.00,      6.00,      6.00,0,0,0,1,1,1
H5,152,2018,820411,      6.00,      6.00,      6.00,      6.00,0,0,0,1,1,1
H5,152,2018,820412,      6.00,      6.00,      6.00,      6.00,0,0,0,1,1,1
H5,152,2018,820420,      6.00,      6.00,      6.00,      6.00,0,0,0,1,1,1
H5,152,2018,820510,      6.00,      6.00,      6.00,      6.00,0,0,0,1,1,1
H5,152,2018,820520,      6.00,      6.00,      6.00,      6.00,0,0,0,1,1,1
H5,152,2018,820530,      6.00,      6.00,      6.00,      6.00,0,0,0,1,1,1
H5,152,2018,820540,      6.00,      6.00,      6.00,      6.00,0,0,0,1,1,1
H5,152,2018,820551,      6.00,      6.00,      6.00,      6.00,0,0,0,1,1,1
H5,152,2018,820559,      6.00,      6.00,      6.00,      6.00,0,0,0,1,1,1
H5,152,2018,820560,      6.00,      6.00,      6.00,      6.00,0,0,0,1,1,1
H5,152,2018,820570,      6.00,      6.00,      6.00,      6.00,0,0,0,1,1,1
H5,152,2018,820590,      6.00,      6.00,      6.00,      6.00,0,0,0,1,1,1
H5,152,2018,820600,      6.00,      6.00,      6.00,      6.00,0,0,0,1,1,1
H5,152,2018,820713,     24.00,      6.00,      6.00,      6.00,0,0,0,4,4,4
H5,152,2018,820719,     24.00,      6.00,      6.00,      6.00,0,0,0,4,4,4
H5,152,2018,820720,      6.00,      6.00,      6.00,      6.00,0,0,0,1,1,1
H5,152,2018,820730,      6.00,      6.00,      6.00,      6.00,0,0,0,1,1,1
H5,152,2018,820740,      6.00,      6.00,      6.00,      6.00,0,0,0,1,1,1
H5,152,2018,820750,     12.00,      6.00,      6.00,      6.00,0,0,0,2,2,2
H5,152,2018,820760,      6.00,      6.00,      6.00,      6.00,0,0,0,1,1,1
H5,152,2018,820770,      6.00,      6.00,      6.00,      6.00,0,0,0,1,1,1
H5,152,2018,820780,      6.00,      6.00,      6.00,      6.00,0,0,0,1,1,1
H5,152,2018,820790,      6.00,      6.00,      6.00,      6.00,0,0,0,1,1,1
H5,152,2018,820810,      6.00,      6.00,      6.00,      6.00,0,0,0,1,1,1
H5,152,2018,820820,      6.00,      6.00,      6.00,      6.00,0,0,0,1,1,1
H5,152,2018,820830,      6.00,      6.00,      6.00,      6.00,0,0,0,1,1,1
H5,152,2018,820840,      6.00,      6.00,      6.00,      6.00,0,0,0,1,1,1
H5,152,2018,820890,      6.00,      6.00,      6.00,      6.00,0,0,0,1,1,1
H5,152,2018,820900,      6.00,      6.00,      6.00,      6.00,0,0,0,1,1,1
H5,152,2018,821000,      6.00,      6.00,      6.00,      6.00,0,0,0,1,1,1
H5,152,2018,821110,      6.00,      6.00,      6.00,      6.00,0,0,0,1,1,1
H5,152,2018,821191,      6.00,      6.00,      6.00,      6.00,0,0,0,1,1,1
H5,152,2018,821192,      6.00,      6.00,      6.00,      6.00,0,0,0,1,1,1
H5,152,2018,821193,      6.00,      6.00,      6.00,      6.00,0,0,0,1,1,1
H5,152,2018,821194,      6.00,      6.00,      6.00,      6.00,0,0,0,1,1,1
H5,152,2018,821195,      6.00,      6.00,      6.00,      6.00,0,0,0,1,1,1
H5,152,2018,821210,     12.00,      6.00,      6.00,      6.00,0,0,0,2,2,2
H5,152,2018,821220,     12.00,      6.00,      6.00,      6.00,0,0,0,2,2,2
H5,152,2018,821290,      6.00,      6.00,      6.00,      6.00,0,0,0,1,1,1
H5,152,2018,821300,      6.00,      6.00,      6.00,      6.00,0,0,0,1,1,1
H5,152,2018,821410,      6.00,      6.00,      6.00,      6.00,0,0,0,1,1,1
H5,152,2018,821420,      6.00,      6.00,      6.00,      6.00,0,0,0,1,1,1
H5,152,2018,821490,      6.00,      6.00,      6.00,      6.00,0,0,0,1,1,1
H5,152,2018,821510,      6.00,      6.00,      6.00,      6.00,0,0,0,1,1,1
H5,152,2018,821520,      6.00,      6.00,      6.00,      6.00,0,0,0,1,1,1
H5,152,2018,821591,      6.00,      6.00,      6.00,      6.00,0,0,0,1,1,1
H5,152,2018,821599,      6.00,      6.00,      6.00,      6.00,0,0,0,1,1,1
H5,152,2018,830110,      6.00,      6.00,      6.00,      6.00,0,0,0,1,1,1
H5,152,2018,830120,      6.00,      6.00,      6.00,      6.00,0,0,0,1,1,1
H5,152,2018,830130,      6.00,      6.00,      6.00,      6.00,0,0,0,1,1,1
H5,152,2018,830140,      6.00,      6.00,      6.00,      6.00,0,0,0,1,1,1
H5,152,2018,830150,      6.00,      6.00,      6.00,      6.00,0,0,0,1,1,1
H5,152,2018,830160,      6.00,      6.00,      6.00,      6.00,0,0,0,1,1,1
H5,152,2018,830170,      6.00,      6.00,      6.00,      6.00,0,0,0,1,1,1
H5,152,2018,830210,      6.00,      6.00,      6.00,      6.00,0,0,0,1,1,1
H5,152,2018,830220,      6.00,      6.00,      6.00,      6.00,0,0,0,1,1,1
H5,152,2018,830230,      6.00,      6.00,      6.00,      6.00,0,0,0,1,1,1
H5,152,2018,830241,      6.00,      6.00,      6.00,      6.00,0,0,0,1,1,1
H5,152,2018,830242,     18.00,      6.00,      6.00,      6.00,0,0,0,3,3,3
H5,152,2018,830249,      6.00,      6.00,      6.00,      6.00,0,0,0,1,1,1
H5,152,2018,830250,      6.00,      6.00,      6.00,      6.00,0,0,0,1,1,1
H5,152,2018,830260,      6.00,      6.00,      6.00,      6.00,0,0,0,1,1,1
H5,152,2018,830300,      6.00,      6.00,      6.00,      6.00,0,0,0,1,1,1
H5,152,2018,830400,      6.00,      6.00,      6.00,      6.00,0,0,0,1,1,1
H5,152,2018,830510,      6.00,      6.00,      6.00,      6.00,0,0,0,1,1,1
H5,152,2018,830520,      6.00,      6.00,      6.00,      6.00,0,0,0,1,1,1
H5,152,2018,830590,      6.00,      6.00,      6.00,      6.00,0,0,0,1,1,1
H5,152,2018,830610,      6.00,      6.00,      6.00,      6.00,0,0,0,1,1,1
H5,152,2018,830621,      6.00,      6.00,      6.00,      6.00,0,0,0,1,1,1
H5,152,2018,830629,      6.00,      6.00,      6.00,      6.00,0,0,0,1,1,1
H5,152,2018,830630,      6.00,      6.00,      6.00,      6.00,0,0,0,1,1,1
H5,152,2018,830710,      6.00,      6.00,      6.00,      6.00,0,0,0,1,1,1
H5,152,2018,830790,      6.00,      6.00,      6.00,      6.00,0,0,0,1,1,1
H5,152,2018,830810,      6.00,      6.00,      6.00,      6.00,0,0,0,1,1,1
H5,152,2018,830820,      6.00,      6.00,      6.00,      6.00,0,0,0,1,1,1
H5,152,2018,830890,      6.00,      6.00,      6.00,      6.00,0,0,0,1,1,1
H5,152,2018,830910,      6.00,      6.00,      6.00,      6.00,0,0,0,1,1,1
H5,152,2018,830990,     18.00,      6.00,      6.00,      6.00,0,0,0,3,3,3
H5,152,2018,831000,      6.00,      6.00,      6.00,      6.00,0,0,0,1,1,1
H5,152,2018,831110,     12.00,      6.00,      6.00,      6.00,0,0,0,2,2,2
H5,152,2018,831120,      6.00,      6.00,      6.00,      6.00,0,0,0,1,1,1
H5,152,2018,831130,      6.00,      6.00,      6.00,      6.00,0,0,0,1,1,1
H5,152,2018,831190,      6.00,      6.00,      6.00,      6.00,0,0,0,1,1,1
H5,152,2018,840110,      0.00,      0.00,      0.00,      0.00,0,1,0,0,1,1
H5,152,2018,840120,      6.00,      6.00,      6.00,      6.00,0,0,0,1,1,1
H5,152,2018,840130,      6.00,      6.00,      6.00,      6.00,0,0,0,1,1,1
H5,152,2018,840140,      6.00,      6.00,      6.00,      6.00,0,0,0,1,1,1
H5,152,2018,840211,      6.00,      6.00,      6.00,      6.00,0,0,0,1,1,1
H5,152,2018,840212,      6.00,      6.00,      6.00,      6.00,0,0,0,1,1,1
H5,152,2018,840219,      6.00,      6.00,      6.00,      6.00,0,0,0,1,1,1
H5,152,2018,840220,      6.00,      6.00,      6.00,      6.00,0,0,0,1,1,1
H5,152,2018,840290,      6.00,      6.00,      6.00,      6.00,0,0,0,1,1,1
H5,152,2018,840310,      6.00,      6.00,      6.00,      6.00,0,0,0,1,1,1
H5,152,2018,840390,      6.00,      6.00,      6.00,      6.00,0,0,0,1,1,1
H5,152,2018,840410,      6.00,      6.00,      6.00,      6.00,0,0,0,1,1,1
H5,152,2018,840420,      6.00,      6.00,      6.00,      6.00,0,0,0,1,1,1
H5,152,2018,840490,      6.00,      6.00,      6.00,      6.00,0,0,0,1,1,1
H5,152,2018,840510,      6.00,      6.00,      6.00,      6.00,0,0,0,1,1,1
H5,152,2018,840590,      6.00,      6.00,      6.00,      6.00,0,0,0,1,1,1
H5,152,2018,840610,      6.00,      6.00,      6.00,      6.00,0,0,0,1,1,1
H5,152,2018,840681,      6.00,      6.00,      6.00,      6.00,0,0,0,1,1,1
H5,152,2018,840682,      6.00,      6.00,      6.00,      6.00,0,0,0,1,1,1
H5,152,2018,840690,      6.00,      6.00,      6.00,      6.00,0,0,0,1,1,1
H5,152,2018,840710,      6.00,      6.00,      6.00,      6.00,0,0,0,1,1,1
H5,152,2018,840721,      6.00,      6.00,      6.00,      6.00,0,0,0,1,1,1
H5,152,2018,840729,      6.00,      6.00,      6.00,      6.00,0,0,0,1,1,1
H5,152,2018,840731,      6.00,      6.00,      6.00,      6.00,0,0,0,1,1,1
H5,152,2018,840732,      6.00,      6.00,      6.00,      6.00,0,0,0,1,1,1
H5,152,2018,840733,      6.00,      6.00,      6.00,      6.00,0,0,0,1,1,1
H5,152,2018,840734,      6.00,      6.00,      6.00,      6.00,0,0,0,1,1,1
H5,152,2018,840790,     12.00,      6.00,      6.00,      6.00,0,0,0,2,2,2
H5,152,2018,840810,      6.00,      6.00,      6.00,      6.00,0,0,0,1,1,1
H5,152,2018,840820,     12.00,      6.00,      6.00,      6.00,0,0,0,2,2,2
H5,152,2018,840890,     12.00,      6.00,      6.00,      6.00,0,0,0,2,2,2
H5,152,2018,840910,      6.00,      6.00,      6.00,      6.00,0,0,0,1,1,1
H5,152,2018,840991,     24.00,      6.00,      6.00,      6.00,0,0,0,4,4,4
H5,152,2018,840999,     24.00,      6.00,      6.00,      6.00,0,0,0,4,4,4
H5,152,2018,841011,     12.00,      6.00,      6.00,      6.00,0,0,0,2,2,2
H5,152,2018,841012,     12.00,      6.00,      6.00,      6.00,0,0,0,2,2,2
H5,152,2018,841013,     12.00,      6.00,      6.00,      6.00,0,0,0,2,2,2
H5,152,2018,841090,      6.00,      6.00,      6.00,      6.00,0,0,0,1,1,1
H5,152,2018,841111,      6.00,      6.00,      6.00,      6.00,0,0,0,1,1,1
H5,152,2018,841112,      6.00,      6.00,      6.00,      6.00,0,0,0,1,1,1
H5,152,2018,841121,      6.00,      6.00,      6.00,      6.00,0,0,0,1,1,1
H5,152,2018,841122,      6.00,      6.00,      6.00,      6.00,0,0,0,1,1,1
H5,152,2018,841181,      6.00,      6.00,      6.00,      6.00,0,0,0,1,1,1
H5,152,2018,841182,      6.00,      6.00,      6.00,      6.00,0,0,0,1,1,1
H5,152,2018,841191,      6.00,      6.00,      6.00,      6.00,0,0,0,1,1,1
H5,152,2018,841199,      6.00,      6.00,      6.00,      6.00,0,0,0,1,1,1
H5,152,2018,841210,      6.00,      6.00,      6.00,      6.00,0,0,0,1,1,1
H5,152,2018,841221,      6.00,      6.00,      6.00,      6.00,0,0,0,1,1,1
H5,152,2018,841229,      6.00,      6.00,      6.00,      6.00,0,0,0,1,1,1
H5,152,2018,841231,      6.00,      6.00,      6.00,      6.00,0,0,0,1,1,1
H5,152,2018,841239,      6.00,      6.00,      6.00,      6.00,0,0,0,1,1,1
H5,152,2018,841280,      6.00,      6.00,      6.00,      6.00,0,0,0,1,1,1
H5,152,2018,841290,      6.00,      6.00,      6.00,      6.00,0,0,0,1,1,1
H5,152,2018,841311,      6.00,      6.00,      6.00,      6.00,0,0,0,1,1,1
H5,152,2018,841319,      6.00,      6.00,      6.00,      6.00,0,0,0,1,1,1
H5,152,2018,841320,      6.00,      6.00,      6.00,      6.00,0,0,0,1,1,1
H5,152,2018,841330,     12.00,      6.00,      6.00,      6.00,0,0,0,2,2,2
H5,152,2018,841340,      6.00,      6.00,      6.00,      6.00,0,0,0,1,1,1
H5,152,2018,841350,      6.00,      6.00,      6.00,      6.00,0,0,0,1,1,1
H5,152,2018,841360,      6.00,      6.00,      6.00,      6.00,0,0,0,1,1,1
H5,152,2018,841370,      6.00,      6.00,      6.00,      6.00,0,0,0,1,1,1
H5,152,2018,841381,      6.00,      6.00,      6.00,      6.00,0,0,0,1,1,1
H5,152,2018,841382,      6.00,      6.00,      6.00,      6.00,0,0,0,1,1,1
H5,152,2018,841391,      6.00,      6.00,      6.00,      6.00,0,0,0,1,1,1
H5,152,2018,841392,      6.00,      6.00,      6.00,      6.00,0,0,0,1,1,1
H5,152,2018,841410,      6.00,      6.00,      6.00,      6.00,0,0,0,1,1,1
H5,152,2018,841420,      6.00,      6.00,      6.00,      6.00,0,0,0,1,1,1
H5,152,2018,841430,     12.00,      6.00,      6.00,      6.00,0,0,0,2,2,2
H5,152,2018,841440,     12.00,      6.00,      6.00,      6.00,0,0,0,2,2,2
H5,152,2018,841451,      6.00,      6.00,      6.00,      6.00,0,0,0,1,1,1
H5,152,2018,841459,      6.00,      6.00,      6.00,      6.00,0,0,0,1,1,1
H5,152,2018,841460,      6.00,      6.00,      6.00,      6.00,0,0,0,1,1,1
H5,152,2018,841480,     12.00,      6.00,      6.00,      6.00,0,0,0,2,2,2
H5,152,2018,841490,      6.00,      6.00,      6.00,      6.00,0,0,0,1,1,1
H5,152,2018,841510,     72.00,      6.00,      6.00,      6.00,0,0,0,12,12,12
H5,152,2018,841520,      6.00,      6.00,      6.00,      6.00,0,0,0,1,1,1
H5,152,2018,841581,     12.00,      6.00,      6.00,      6.00,0,0,0,2,2,2
H5,152,2018,841582,     12.00,      6.00,      6.00,      6.00,0,0,0,2,2,2
H5,152,2018,841583,      6.00,      6.00,      6.00,      6.00,0,0,0,1,1,1
H5,152,2018,841590,      6.00,      6.00,      6.00,      6.00,0,0,0,1,1,1
H5,152,2018,841610,      6.00,      6.00,      6.00,      6.00,0,0,0,1,1,1
H5,152,2018,841620,      6.00,      6.00,      6.00,      6.00,0,0,0,1,1,1
H5,152,2018,841630,      6.00,      6.00,      6.00,      6.00,0,0,0,1,1,1
H5,152,2018,841690,      6.00,      6.00,      6.00,      6.00,0,0,0,1,1,1
H5,152,2018,841710,      6.00,      6.00,      6.00,      6.00,0,0,0,1,1,1
H5,152,2018,841720,      6.00,      6.00,      6.00,      6.00,0,0,0,1,1,1
H5,152,2018,841780,      6.00,      6.00,      6.00,      6.00,0,0,0,1,1,1
H5,152,2018,841790,      6.00,      6.00,      6.00,      6.00,0,0,0,1,1,1
H5,152,2018,841810,     30.00,      6.00,      6.00,      6.00,0,0,0,5,5,5
H5,152,2018,841821,     24.00,      6.00,      6.00,      6.00,0,0,0,4,4,4
H5,152,2018,841829,      6.00,      6.00,      6.00,      6.00,0,0,0,1,1,1
H5,152,2018,841830,      6.00,      6.00,      6.00,      6.00,0,0,0,1,1,1
H5,152,2018,841840,      6.00,      6.00,      6.00,      6.00,0,0,0,1,1,1
H5,152,2018,841850,      6.00,      6.00,      6.00,      6.00,0,0,0,1,1,1
H5,152,2018,841861,     18.00,      6.00,      6.00,      6.00,0,0,0,3,3,3
H5,152,2018,841869,     60.00,      6.00,      6.00,      6.00,0,0,0,10,10,10
H5,152,2018,841891,      6.00,      6.00,      6.00,      6.00,0,0,0,1,1,1
H5,152,2018,841899,      6.00,      6.00,      6.00,      6.00,0,0,0,1,1,1
H5,152,2018,841911,      6.00,      6.00,      6.00,      6.00,0,0,0,1,1,1
H5,152,2018,841919,      6.00,      6.00,      6.00,      6.00,0,0,0,1,1,1
H5,152,2018,841920,      6.00,      6.00,      6.00,      6.00,0,0,0,1,1,1
H5,152,2018,841931,      6.00,      6.00,      6.00,      6.00,0,0,0,1,1,1
H5,152,2018,841932,     12.00,      6.00,      6.00,      6.00,0,0,0,2,2,2
H5,152,2018,841939,      6.00,      6.00,      6.00,      6.00,0,0,0,1,1,1
H5,152,2018,841940,      6.00,      6.00,      6.00,      6.00,0,0,0,1,1,1
H5,152,2018,841950,      6.00,      6.00,      6.00,      6.00,0,0,0,1,1,1
H5,152,2018,841960,      6.00,      6.00,      6.00,      6.00,0,0,0,1,1,1
H5,152,2018,841981,      6.00,      6.00,      6.00,      6.00,0,0,0,1,1,1
H5,152,2018,841989,     18.00,      6.00,      6.00,      6.00,0,0,0,3,3,3
H5,152,2018,841990,      6.00,      6.00,      6.00,      6.00,0,0,0,1,1,1
H5,152,2018,842010,      6.00,      6.00,      6.00,      6.00,0,0,0,1,1,1
H5,152,2018,842091,      6.00,      6.00,      6.00,      6.00,0,0,0,1,1,1
H5,152,2018,842099,      6.00,      6.00,      6.00,      6.00,0,0,0,1,1,1
H5,152,2018,842111,      6.00,      6.00,      6.00,      6.00,0,0,0,1,1,1
H5,152,2018,842112,      6.00,      6.00,      6.00,      6.00,0,0,0,1,1,1
H5,152,2018,842119,      6.00,      6.00,      6.00,      6.00,0,0,0,1,1,1
H5,152,2018,842121,      6.00,      6.00,      6.00,      6.00,0,0,0,1,1,1
H5,152,2018,842122,      6.00,      6.00,      6.00,      6.00,0,0,0,1,1,1
H5,152,2018,842123,      6.00,      6.00,      6.00,      6.00,0,0,0,1,1,1
H5,152,2018,842129,      6.00,      6.00,      6.00,      6.00,0,0,0,1,1,1
H5,152,2018,842131,     12.00,      6.00,      6.00,      6.00,0,0,0,2,2,2
H5,152,2018,842139,     12.00,      6.00,      6.00,      6.00,0,0,0,2,2,2
H5,152,2018,842191,      6.00,      6.00,      6.00,      6.00,0,0,0,1,1,1
H5,152,2018,842199,      6.00,      6.00,      6.00,      6.00,0,0,0,1,1,1
H5,152,2018,842211,      6.00,      6.00,      6.00,      6.00,0,0,0,1,1,1
H5,152,2018,842219,      6.00,      6.00,      6.00,      6.00,0,0,0,1,1,1
H5,152,2018,842220,      6.00,      6.00,      6.00,      6.00,0,0,0,1,1,1
H5,152,2018,842230,     24.00,      6.00,      6.00,      6.00,0,0,0,4,4,4
H5,152,2018,842240,      6.00,      6.00,      6.00,      6.00,0,0,0,1,1,1
H5,152,2018,842290,      6.00,      6.00,      6.00,      6.00,0,0,0,1,1,1
H5,152,2018,842310,      6.00,      6.00,      6.00,      6.00,0,0,0,1,1,1
H5,152,2018,842320,      6.00,      6.00,      6.00,      6.00,0,0,0,1,1,1
H5,152,2018,842330,      6.00,      6.00,      6.00,      6.00,0,0,0,1,1,1
H5,152,2018,842381,      6.00,      6.00,      6.00,      6.00,0,0,0,1,1,1
H5,152,2018,842382,      6.00,      6.00,      6.00,      6.00,0,0,0,1,1,1
H5,152,2018,842389,      6.00,      6.00,      6.00,      6.00,0,0,0,1,1,1
H5,152,2018,842390,      6.00,      6.00,      6.00,      6.00,0,0,0,1,1,1
H5,152,2018,842410,      6.00,      6.00,      6.00,      6.00,0,0,0,1,1,1
H5,152,2018,842420,      6.00,      6.00,      6.00,      6.00,0,0,0,1,1,1
H5,152,2018,842430,      6.00,      6.00,      6.00,      6.00,0,0,0,1,1,1
H5,152,2018,842441,      6.00,      6.00,      6.00,      6.00,0,0,0,1,1,1
H5,152,2018,842449,      6.00,      6.00,      6.00,      6.00,0,0,0,1,1,1
H5,152,2018,842482,     12.00,      6.00,      6.00,      6.00,0,0,0,2,2,2
H5,152,2018,842489,      6.00,      6.00,      6.00,      6.00,0,0,0,1,1,1
H5,152,2018,842490,      6.00,      6.00,      6.00,      6.00,0,0,0,1,1,1
H5,152,2018,842511,      6.00,      6.00,      6.00,      6.00,0,0,0,1,1,1
H5,152,2018,842519,      6.00,      6.00,      6.00,      6.00,0,0,0,1,1,1
H5,152,2018,842531,      6.00,      6.00,      6.00,      6.00,0,0,0,1,1,1
H5,152,2018,842539,     12.00,      6.00,      6.00,      6.00,0,0,0,2,2,2
H5,152,2018,842541,      6.00,      6.00,      6.00,      6.00,0,0,0,1,1,1
H5,152,2018,842542,      6.00,      6.00,      6.00,      6.00,0,0,0,1,1,1
H5,152,2018,842549,      6.00,      6.00,      6.00,      6.00,0,0,0,1,1,1
H5,152,2018,842611,      6.00,      6.00,      6.00,      6.00,0,0,0,1,1,1
H5,152,2018,842612,      6.00,      6.00,      6.00,      6.00,0,0,0,1,1,1
H5,152,2018,842619,      6.00,      6.00,      6.00,      6.00,0,0,0,1,1,1
H5,152,2018,842620,      6.00,      6.00,      6.00,      6.00,0,0,0,1,1,1
H5,152,2018,842630,      6.00,      6.00,      6.00,      6.00,0,0,0,1,1,1
H5,152,2018,842641,      6.00,      6.00,      6.00,      6.00,0,0,0,1,1,1
H5,152,2018,842649,      6.00,      6.00,      6.00,      6.00,0,0,0,1,1,1
H5,152,2018,842691,      6.00,      6.00,      6.00,      6.00,0,0,0,1,1,1
H5,152,2018,842699,      6.00,      6.00,      6.00,      6.00,0,0,0,1,1,1
H5,152,2018,842710,     18.00,      6.00,      6.00,      6.00,0,0,0,3,3,3
H5,152,2018,842720,     42.00,      6.00,      6.00,      6.00,0,0,0,7,7,7
H5,152,2018,842790,      6.00,      6.00,      6.00,      6.00,0,0,0,1,1,1
H5,152,2018,842810,     24.00,      6.00,      6.00,      6.00,0,0,0,4,4,4
H5,152,2018,842820,      6.00,      6.00,      6.00,      6.00,0,0,0,1,1,1
H5,152,2018,842831,      6.00,      6.00,      6.00,      6.00,0,0,0,1,1,1
H5,152,2018,842832,      6.00,      6.00,      6.00,      6.00,0,0,0,1,1,1
H5,152,2018,842833,     12.00,      6.00,      6.00,      6.00,0,0,0,2,2,2
H5,152,2018,842839,      6.00,      6.00,      6.00,      6.00,0,0,0,1,1,1
H5,152,2018,842840,     12.00,      6.00,      6.00,      6.00,0,0,0,2,2,2
H5,152,2018,842860,      6.00,      6.00,      6.00,      6.00,0,0,0,1,1,1
H5,152,2018,842890,      6.00,      6.00,      6.00,      6.00,0,0,0,1,1,1
H5,152,2018,842911,     12.00,      6.00,      6.00,      6.00,0,0,0,2,2,2
H5,152,2018,842919,     12.00,      6.00,      6.00,      6.00,0,0,0,2,2,2
H5,152,2018,842920,     12.00,      6.00,      6.00,      6.00,0,0,0,2,2,2
H5,152,2018,842930,      6.00,      6.00,      6.00,      6.00,0,0,0,1,1,1
H5,152,2018,842940,     12.00,      6.00,      6.00,      6.00,0,0,0,2,2,2
H5,152,2018,842951,     12.00,      6.00,      6.00,      6.00,0,0,0,2,2,2
H5,152,2018,842952,     12.00,      6.00,      6.00,      6.00,0,0,0,2,2,2
H5,152,2018,842959,     24.00,      6.00,      6.00,      6.00,0,0,0,4,4,4
H5,152,2018,843010,      6.00,      6.00,      6.00,      6.00,0,0,0,1,1,1
H5,152,2018,843020,      6.00,      6.00,      6.00,      6.00,0,0,0,1,1,1
H5,152,2018,843031,      6.00,      6.00,      6.00,      6.00,0,0,0,1,1,1
H5,152,2018,843039,      6.00,      6.00,      6.00,      6.00,0,0,0,1,1,1
H5,152,2018,843041,     12.00,      6.00,      6.00,      6.00,0,0,0,2,2,2
H5,152,2018,843049,     12.00,      6.00,      6.00,      6.00,0,0,0,2,2,2
H5,152,2018,843050,      6.00,      6.00,      6.00,      6.00,0,0,0,1,1,1
H5,152,2018,843061,      6.00,      6.00,      6.00,      6.00,0,0,0,1,1,1
H5,152,2018,843069,      6.00,      6.00,      6.00,      6.00,0,0,0,1,1,1
H5,152,2018,843110,      6.00,      6.00,      6.00,      6.00,0,0,0,1,1,1
H5,152,2018,843120,      6.00,      6.00,      6.00,      6.00,0,0,0,1,1,1
H5,152,2018,843131,      6.00,      6.00,      6.00,      6.00,0,0,0,1,1,1
H5,152,2018,843139,     12.00,      6.00,      6.00,      6.00,0,0,0,2,2,2
H5,152,2018,843141,     24.00,      6.00,      6.00,      6.00,0,0,0,4,4,4
H5,152,2018,843142,      6.00,      6.00,      6.00,      6.00,0,0,0,1,1,1
H5,152,2018,843143,     18.00,      6.00,      6.00,      6.00,0,0,0,3,3,3
H5,152,2018,843149,     12.00,      6.00,      6.00,      6.00,0,0,0,2,2,2
H5,152,2018,843210,      6.00,      6.00,      6.00,      6.00,0,0,0,1,1,1
H5,152,2018,843221,      6.00,      6.00,      6.00,      6.00,0,0,0,1,1,1
H5,152,2018,843229,      6.00,      6.00,      6.00,      6.00,0,0,0,1,1,1
H5,152,2018,843231,      6.00,      6.00,      6.00,      6.00,0,0,0,1,1,1
H5,152,2018,843239,      6.00,      6.00,      6.00,      6.00,0,0,0,1,1,1
H5,152,2018,843241,      6.00,      6.00,      6.00,      6.00,0,0,0,1,1,1
H5,152,2018,843242,      6.00,      6.00,      6.00,      6.00,0,0,0,1,1,1
H5,152,2018,843280,      6.00,      6.00,      6.00,      6.00,0,0,0,1,1,1
H5,152,2018,843290,      6.00,      6.00,      6.00,      6.00,0,0,0,1,1,1
H5,152,2018,843311,      6.00,      6.00,      6.00,      6.00,0,0,0,1,1,1
H5,152,2018,843319,      6.00,      6.00,      6.00,      6.00,0,0,0,1,1,1
H5,152,2018,843320,      6.00,      6.00,      6.00,      6.00,0,0,0,1,1,1
H5,152,2018,843330,      6.00,      6.00,      6.00,      6.00,0,0,0,1,1,1
H5,152,2018,843340,      6.00,      6.00,      6.00,      6.00,0,0,0,1,1,1
H5,152,2018,843351,      6.00,      6.00,      6.00,      6.00,0,0,0,1,1,1
H5,152,2018,843352,      6.00,      6.00,      6.00,      6.00,0,0,0,1,1,1
H5,152,2018,843353,      6.00,      6.00,      6.00,      6.00,0,0,0,1,1,1
H5,152,2018,843359,     24.00,      6.00,      6.00,      6.00,0,0,0,4,4,4
H5,152,2018,843360,     12.00,      6.00,      6.00,      6.00,0,0,0,2,2,2
H5,152,2018,843390,      6.00,      6.00,      6.00,      6.00,0,0,0,1,1,1
H5,152,2018,843410,      6.00,      6.00,      6.00,      6.00,0,0,0,1,1,1
H5,152,2018,843420,      6.00,      6.00,      6.00,      6.00,0,0,0,1,1,1
H5,152,2018,843490,      6.00,      6.00,      6.00,      6.00,0,0,0,1,1,1
H5,152,2018,843510,     12.00,      6.00,      6.00,      6.00,0,0,0,2,2,2
H5,152,2018,843590,      6.00,      6.00,      6.00,      6.00,0,0,0,1,1,1
H5,152,2018,843610,      6.00,      6.00,      6.00,      6.00,0,0,0,1,1,1
H5,152,2018,843621,      6.00,      6.00,      6.00,      6.00,0,0,0,1,1,1
H5,152,2018,843629,      6.00,      6.00,      6.00,      6.00,0,0,0,1,1,1
H5,152,2018,843680,      6.00,      6.00,      6.00,      6.00,0,0,0,1,1,1
H5,152,2018,843691,      6.00,      6.00,      6.00,      6.00,0,0,0,1,1,1
H5,152,2018,843699,      6.00,      6.00,      6.00,      6.00,0,0,0,1,1,1
H5,152,2018,843710,      6.00,      6.00,      6.00,      6.00,0,0,0,1,1,1
H5,152,2018,843780,      6.00,      6.00,      6.00,      6.00,0,0,0,1,1,1
H5,152,2018,843790,      6.00,      6.00,      6.00,      6.00,0,0,0,1,1,1
H5,152,2018,843810,     12.00,      6.00,      6.00,      6.00,0,0,0,2,2,2
H5,152,2018,843820,      6.00,      6.00,      6.00,      6.00,0,0,0,1,1,1
H5,152,2018,843830,      6.00,      6.00,      6.00,      6.00,0,0,0,1,1,1
H5,152,2018,843840,      6.00,      6.00,      6.00,      6.00,0,0,0,1,1,1
H5,152,2018,843850,      6.00,      6.00,      6.00,      6.00,0,0,0,1,1,1
H5,152,2018,843860,      6.00,      6.00,      6.00,      6.00,0,0,0,1,1,1
H5,152,2018,843880,     12.00,      6.00,      6.00,      6.00,0,0,0,2,2,2
H5,152,2018,843890,      6.00,      6.00,      6.00,      6.00,0,0,0,1,1,1
H5,152,2018,843910,      6.00,      6.00,      6.00,      6.00,0,0,0,1,1,1
H5,152,2018,843920,      6.00,      6.00,      6.00,      6.00,0,0,0,1,1,1
H5,152,2018,843930,      6.00,      6.00,      6.00,      6.00,0,0,0,1,1,1
H5,152,2018,843991,      6.00,      6.00,      6.00,      6.00,0,0,0,1,1,1
H5,152,2018,843999,      6.00,      6.00,      6.00,      6.00,0,0,0,1,1,1
H5,152,2018,844010,      6.00,      6.00,      6.00,      6.00,0,0,0,1,1,1
H5,152,2018,844090,      6.00,      6.00,      6.00,      6.00,0,0,0,1,1,1
H5,152,2018,844110,     18.00,      6.00,      6.00,      6.00,0,0,0,3,3,3
H5,152,2018,844120,      6.00,      6.00,      6.00,      6.00,0,0,0,1,1,1
H5,152,2018,844130,      6.00,      6.00,      6.00,      6.00,0,0,0,1,1,1
H5,152,2018,844140,      6.00,      6.00,      6.00,      6.00,0,0,0,1,1,1
H5,152,2018,844180,      6.00,      6.00,      6.00,      6.00,0,0,0,1,1,1
H5,152,2018,844190,      6.00,      6.00,      6.00,      6.00,0,0,0,1,1,1
H5,152,2018,844230,      6.00,      6.00,      6.00,      6.00,0,0,0,1,1,1
H5,152,2018,844240,      6.00,      6.00,      6.00,      6.00,0,0,0,1,1,1
H5,152,2018,844250,      6.00,      6.00,      6.00,      6.00,0,0,0,1,1,1
H5,152,2018,844311,      6.00,      6.00,      6.00,      6.00,0,0,0,1,1,1
H5,152,2018,844312,      6.00,      6.00,      6.00,      6.00,0,0,0,1,1,1
H5,152,2018,844313,     12.00,      6.00,      6.00,      6.00,0,0,0,2,2,2
H5,152,2018,844314,      6.00,      6.00,      6.00,      6.00,0,0,0,1,1,1
H5,152,2018,844315,      6.00,      6.00,      6.00,      6.00,0,0,0,1,1,1
H5,152,2018,844316,      6.00,      6.00,      6.00,      6.00,0,0,0,1,1,1
H5,152,2018,844317,      6.00,      6.00,      6.00,      6.00,0,0,0,1,1,1
H5,152,2018,844319,      6.00,      6.00,      6.00,      6.00,0,0,0,1,1,1
H5,152,2018,844331,     18.00,      6.00,      6.00,      6.00,0,0,0,3,3,3
H5,152,2018,844332,     42.00,      6.00,      6.00,      6.00,0,0,0,7,7,7
H5,152,2018,844339,      6.00,      6.00,      6.00,      6.00,0,0,0,1,1,1
H5,152,2018,844391,      6.00,      6.00,      6.00,      6.00,0,0,0,1,1,1
H5,152,2018,844399,     12.00,      6.00,      6.00,      6.00,0,0,0,2,2,2
H5,152,2018,844400,      6.00,      6.00,      6.00,      6.00,0,0,0,1,1,1
H5,152,2018,844511,      6.00,      6.00,      6.00,      6.00,0,0,0,1,1,1
H5,152,2018,844512,      6.00,      6.00,      6.00,      6.00,0,0,0,1,1,1
H5,152,2018,844513,      6.00,      6.00,      6.00,      6.00,0,0,0,1,1,1
H5,152,2018,844519,      6.00,      6.00,      6.00,      6.00,0,0,0,1,1,1
H5,152,2018,844520,      6.00,      6.00,      6.00,      6.00,0,0,0,1,1,1
H5,152,2018,844530,      6.00,      6.00,      6.00,      6.00,0,0,0,1,1,1
H5,152,2018,844540,      6.00,      6.00,      6.00,      6.00,0,0,0,1,1,1
H5,152,2018,844590,      6.00,      6.00,      6.00,      6.00,0,0,0,1,1,1
H5,152,2018,844610,      6.00,      6.00,      6.00,      6.00,0,0,0,1,1,1
H5,152,2018,844621,      6.00,      6.00,      6.00,      6.00,0,0,0,1,1,1
H5,152,2018,844629,      6.00,      6.00,      6.00,      6.00,0,0,0,1,1,1
H5,152,2018,844630,      6.00,      6.00,      6.00,      6.00,0,0,0,1,1,1
H5,152,2018,844711,      6.00,      6.00,      6.00,      6.00,0,0,0,1,1,1
H5,152,2018,844712,      6.00,      6.00,      6.00,      6.00,0,0,0,1,1,1
H5,152,2018,844720,      6.00,      6.00,      6.00,      6.00,0,0,0,1,1,1
H5,152,2018,844790,      6.00,      6.00,      6.00,      6.00,0,0,0,1,1,1
H5,152,2018,844811,      6.00,      6.00,      6.00,      6.00,0,0,0,1,1,1
H5,152,2018,844819,      6.00,      6.00,      6.00,      6.00,0,0,0,1,1,1
H5,152,2018,844820,      6.00,      6.00,      6.00,      6.00,0,0,0,1,1,1
H5,152,2018,844831,      6.00,      6.00,      6.00,      6.00,0,0,0,1,1,1
H5,152,2018,844832,      6.00,      6.00,      6.00,      6.00,0,0,0,1,1,1
H5,152,2018,844833,      6.00,      6.00,      6.00,      6.00,0,0,0,1,1,1
H5,152,2018,844839,      6.00,      6.00,      6.00,      6.00,0,0,0,1,1,1
H5,152,2018,844842,      6.00,      6.00,      6.00,      6.00,0,0,0,1,1,1
H5,152,2018,844849,      6.00,      6.00,      6.00,      6.00,0,0,0,1,1,1
H5,152,2018,844851,      6.00,      6.00,      6.00,      6.00,0,0,0,1,1,1
H5,152,2018,844859,      6.00,      6.00,      6.00,      6.00,0,0,0,1,1,1
H5,152,2018,844900,      6.00,      6.00,      6.00,      6.00,0,0,0,1,1,1
H5,152,2018,845011,     60.00,      6.00,      6.00,      6.00,0,0,0,10,10,10
H5,152,2018,845012,      6.00,      6.00,      6.00,      6.00,0,0,0,1,1,1
H5,152,2018,845019,      6.00,      6.00,      6.00,      6.00,0,0,0,1,1,1
H5,152,2018,845020,      6.00,      6.00,      6.00,      6.00,0,0,0,1,1,1
H5,152,2018,845090,      6.00,      6.00,      6.00,      6.00,0,0,0,1,1,1
H5,152,2018,845110,      6.00,      6.00,      6.00,      6.00,0,0,0,1,1,1
H5,152,2018,845121,     18.00,      6.00,      6.00,      6.00,0,0,0,3,3,3
H5,152,2018,845129,     18.00,      6.00,      6.00,      6.00,0,0,0,3,3,3
H5,152,2018,845130,      6.00,      6.00,      6.00,      6.00,0,0,0,1,1,1
H5,152,2018,845140,      6.00,      6.00,      6.00,      6.00,0,0,0,1,1,1
H5,152,2018,845150,      6.00,      6.00,      6.00,      6.00,0,0,0,1,1,1
H5,152,2018,845180,      6.00,      6.00,      6.00,      6.00,0,0,0,1,1,1
H5,152,2018,845190,      6.00,      6.00,      6.00,      6.00,0,0,0,1,1,1
H5,152,2018,845210,      6.00,      6.00,      6.00,      6.00,0,0,0,1,1,1
H5,152,2018,845221,      6.00,      6.00,      6.00,      6.00,0,0,0,1,1,1
H5,152,2018,845229,      6.00,      6.00,      6.00,      6.00,0,0,0,1,1,1
H5,152,2018,845230,      6.00,      6.00,      6.00,      6.00,0,0,0,1,1,1
H5,152,2018,845290,      6.00,      6.00,      6.00,      6.00,0,0,0,1,1,1
H5,152,2018,845310,      6.00,      6.00,      6.00,      6.00,0,0,0,1,1,1
H5,152,2018,845320,      6.00,      6.00,      6.00,      6.00,0,0,0,1,1,1
H5,152,2018,845380,      6.00,      6.00,      6.00,      6.00,0,0,0,1,1,1
H5,152,2018,845390,      6.00,      6.00,      6.00,      6.00,0,0,0,1,1,1
H5,152,2018,845410,      6.00,      6.00,      6.00,      6.00,0,0,0,1,1,1
H5,152,2018,845420,      6.00,      6.00,      6.00,      6.00,0,0,0,1,1,1
H5,152,2018,845430,     12.00,      6.00,      6.00,      6.00,0,0,0,2,2,2
H5,152,2018,845490,      6.00,      6.00,      6.00,      6.00,0,0,0,1,1,1
H5,152,2018,845510,      6.00,      6.00,      6.00,      6.00,0,0,0,1,1,1
H5,152,2018,845521,      6.00,      6.00,      6.00,      6.00,0,0,0,1,1,1
H5,152,2018,845522,      6.00,      6.00,      6.00,      6.00,0,0,0,1,1,1
H5,152,2018,845530,      6.00,      6.00,      6.00,      6.00,0,0,0,1,1,1
H5,152,2018,845590,      6.00,      6.00,      6.00,      6.00,0,0,0,1,1,1
H5,152,2018,845611,      6.00,      6.00,      6.00,      6.00,0,0,0,1,1,1
H5,152,2018,845612,      6.00,      6.00,      6.00,      6.00,0,0,0,1,1,1
H5,152,2018,845620,      6.00,      6.00,      6.00,      6.00,0,0,0,1,1,1
H5,152,2018,845630,      6.00,      6.00,      6.00,      6.00,0,0,0,1,1,1
H5,152,2018,845640,      6.00,      6.00,      6.00,      6.00,0,0,0,1,1,1
H5,152,2018,845650,      6.00,      6.00,      6.00,      6.00,0,0,0,1,1,1
H5,152,2018,845690,      6.00,      6.00,      6.00,      6.00,0,0,0,1,1,1
H5,152,2018,845710,      6.00,      6.00,      6.00,      6.00,0,0,0,1,1,1
H5,152,2018,845720,      6.00,      6.00,      6.00,      6.00,0,0,0,1,1,1
H5,152,2018,845730,      6.00,      6.00,      6.00,      6.00,0,0,0,1,1,1
H5,152,2018,845811,      6.00,      6.00,      6.00,      6.00,0,0,0,1,1,1
H5,152,2018,845819,      6.00,      6.00,      6.00,      6.00,0,0,0,1,1,1
H5,152,2018,845891,      6.00,      6.00,      6.00,      6.00,0,0,0,1,1,1
H5,152,2018,845899,      6.00,      6.00,      6.00,      6.00,0,0,0,1,1,1
H5,152,2018,845910,      6.00,      6.00,      6.00,      6.00,0,0,0,1,1,1
H5,152,2018,845921,      6.00,      6.00,      6.00,      6.00,0,0,0,1,1,1
H5,152,2018,845929,      6.00,      6.00,      6.00,      6.00,0,0,0,1,1,1
H5,152,2018,845931,      6.00,      6.00,      6.00,      6.00,0,0,0,1,1,1
H5,152,2018,845939,      6.00,      6.00,      6.00,      6.00,0,0,0,1,1,1
H5,152,2018,845941,      6.00,      6.00,      6.00,      6.00,0,0,0,1,1,1
H5,152,2018,845949,      6.00,      6.00,      6.00,      6.00,0,0,0,1,1,1
H5,152,2018,845951,      6.00,      6.00,      6.00,      6.00,0,0,0,1,1,1
H5,152,2018,845959,      6.00,      6.00,      6.00,      6.00,0,0,0,1,1,1
H5,152,2018,845961,      6.00,      6.00,      6.00,      6.00,0,0,0,1,1,1
H5,152,2018,845969,      6.00,      6.00,      6.00,      6.00,0,0,0,1,1,1
H5,152,2018,845970,      6.00,      6.00,      6.00,      6.00,0,0,0,1,1,1
H5,152,2018,846012,      6.00,      6.00,      6.00,      6.00,0,0,0,1,1,1
H5,152,2018,846019,      6.00,      6.00,      6.00,      6.00,0,0,0,1,1,1
H5,152,2018,846022,      6.00,      6.00,      6.00,      6.00,0,0,0,1,1,1
H5,152,2018,846023,      6.00,      6.00,      6.00,      6.00,0,0,0,1,1,1
H5,152,2018,846024,      6.00,      6.00,      6.00,      6.00,0,0,0,1,1,1
H5,152,2018,846029,      6.00,      6.00,      6.00,      6.00,0,0,0,1,1,1
H5,152,2018,846031,      6.00,      6.00,      6.00,      6.00,0,0,0,1,1,1
H5,152,2018,846039,      6.00,      6.00,      6.00,      6.00,0,0,0,1,1,1
H5,152,2018,846040,      6.00,      6.00,      6.00,      6.00,0,0,0,1,1,1
H5,152,2018,846090,     18.00,      6.00,      6.00,      6.00,0,0,0,3,3,3
H5,152,2018,846120,      6.00,      6.00,      6.00,      6.00,0,0,0,1,1,1
H5,152,2018,846130,     12.00,      6.00,      6.00,      6.00,0,0,0,2,2,2
H5,152,2018,846140,      6.00,      6.00,      6.00,      6.00,0,0,0,1,1,1
H5,152,2018,846150,     12.00,      6.00,      6.00,      6.00,0,0,0,2,2,2
H5,152,2018,846190,      6.00,      6.00,      6.00,      6.00,0,0,0,1,1,1
H5,152,2018,846210,      6.00,      6.00,      6.00,      6.00,0,0,0,1,1,1
H5,152,2018,846221,      6.00,      6.00,      6.00,      6.00,0,0,0,1,1,1
H5,152,2018,846229,      6.00,      6.00,      6.00,      6.00,0,0,0,1,1,1
H5,152,2018,846231,      6.00,      6.00,      6.00,      6.00,0,0,0,1,1,1
H5,152,2018,846239,      6.00,      6.00,      6.00,      6.00,0,0,0,1,1,1
H5,152,2018,846241,      6.00,      6.00,      6.00,      6.00,0,0,0,1,1,1
H5,152,2018,846249,      6.00,      6.00,      6.00,      6.00,0,0,0,1,1,1
H5,152,2018,846291,      6.00,      6.00,      6.00,      6.00,0,0,0,1,1,1
H5,152,2018,846299,      6.00,      6.00,      6.00,      6.00,0,0,0,1,1,1
H5,152,2018,846310,      6.00,      6.00,      6.00,      6.00,0,0,0,1,1,1
H5,152,2018,846320,      6.00,      6.00,      6.00,      6.00,0,0,0,1,1,1
H5,152,2018,846330,      6.00,      6.00,      6.00,      6.00,0,0,0,1,1,1
H5,152,2018,846390,     12.00,      6.00,      6.00,      6.00,0,0,0,2,2,2
H5,152,2018,846410,      6.00,      6.00,      6.00,      6.00,0,0,0,1,1,1
H5,152,2018,846420,      6.00,      6.00,      6.00,      6.00,0,0,0,1,1,1
H5,152,2018,846490,      6.00,      6.00,      6.00,      6.00,0,0,0,1,1,1
H5,152,2018,846510,      6.00,      6.00,      6.00,      6.00,0,0,0,1,1,1
H5,152,2018,846520,      6.00,      6.00,      6.00,      6.00,0,0,0,1,1,1
H5,152,2018,846591,     18.00,      6.00,      6.00,      6.00,0,0,0,3,3,3
H5,152,2018,846592,      6.00,      6.00,      6.00,      6.00,0,0,0,1,1,1
H5,152,2018,846593,      6.00,      6.00,      6.00,      6.00,0,0,0,1,1,1
H5,152,2018,846594,      6.00,      6.00,      6.00,      6.00,0,0,0,1,1,1
H5,152,2018,846595,      6.00,      6.00,      6.00,      6.00,0,0,0,1,1,1
H5,152,2018,846596,      6.00,      6.00,      6.00,      6.00,0,0,0,1,1,1
H5,152,2018,846599,     12.00,      6.00,      6.00,      6.00,0,0,0,2,2,2
H5,152,2018,846610,      6.00,      6.00,      6.00,      6.00,0,0,0,1,1,1
H5,152,2018,846620,      6.00,      6.00,      6.00,      6.00,0,0,0,1,1,1
H5,152,2018,846630,      6.00,      6.00,      6.00,      6.00,0,0,0,1,1,1
H5,152,2018,846691,      6.00,      6.00,      6.00,      6.00,0,0,0,1,1,1
H5,152,2018,846692,      6.00,      6.00,      6.00,      6.00,0,0,0,1,1,1
H5,152,2018,846693,      6.00,      6.00,      6.00,      6.00,0,0,0,1,1,1
H5,152,2018,846694,      6.00,      6.00,      6.00,      6.00,0,0,0,1,1,1
H5,152,2018,846711,     12.00,      6.00,      6.00,      6.00,0,0,0,2,2,2
H5,152,2018,846719,      6.00,      6.00,      6.00,      6.00,0,0,0,1,1,1
H5,152,2018,846721,     12.00,      6.00,      6.00,      6.00,0,0,0,2,2,2
H5,152,2018,846722,     18.00,      6.00,      6.00,      6.00,0,0,0,3,3,3
H5,152,2018,846729,     30.00,      6.00,      6.00,      6.00,0,0,0,5,5,5
H5,152,2018,846781,      6.00,      6.00,      6.00,      6.00,0,0,0,1,1,1
H5,152,2018,846789,      6.00,      6.00,      6.00,      6.00,0,0,0,1,1,1
H5,152,2018,846791,      6.00,      6.00,      6.00,      6.00,0,0,0,1,1,1
H5,152,2018,846792,      6.00,      6.00,      6.00,      6.00,0,0,0,1,1,1
H5,152,2018,846799,      6.00,      6.00,      6.00,      6.00,0,0,0,1,1,1
H5,152,2018,846810,      6.00,      6.00,      6.00,      6.00,0,0,0,1,1,1
H5,152,2018,846820,      6.00,      6.00,      6.00,      6.00,0,0,0,1,1,1
H5,152,2018,846880,      6.00,      6.00,      6.00,      6.00,0,0,0,1,1,1
H5,152,2018,846890,      6.00,      6.00,      6.00,      6.00,0,0,0,1,1,1
H5,152,2018,847010,     12.00,      6.00,      6.00,      6.00,0,0,0,2,2,2
H5,152,2018,847021,      6.00,      6.00,      6.00,      6.00,0,0,0,1,1,1
H5,152,2018,847029,      6.00,      6.00,      6.00,      6.00,0,0,0,1,1,1
H5,152,2018,847030,      6.00,      6.00,      6.00,      6.00,0,0,0,1,1,1
H5,152,2018,847050,      6.00,      6.00,      6.00,      6.00,0,0,0,1,1,1
H5,152,2018,847090,      6.00,      6.00,      6.00,      6.00,0,0,0,1,1,1
H5,152,2018,847130,     18.00,      6.00,      6.00,      6.00,0,0,0,3,3,3
H5,152,2018,847141,     12.00,      6.00,      6.00,      6.00,0,0,0,2,2,2
H5,152,2018,847149,     12.00,      6.00,      6.00,      6.00,0,0,0,2,2,2
H5,152,2018,847150,      6.00,      6.00,      6.00,      6.00,0,0,0,1,1,1
H5,152,2018,847160,     18.00,      6.00,      6.00,      6.00,0,0,0,3,3,3
H5,152,2018,847170,     30.00,      6.00,      6.00,      6.00,0,0,0,5,5,5
H5,152,2018,847180,     18.00,      6.00,      6.00,      6.00,0,0,0,3,3,3
H5,152,2018,847190,     18.00,      6.00,      6.00,      6.00,0,0,0,3,3,3
H5,152,2018,847210,      6.00,      6.00,      6.00,      6.00,0,0,0,1,1,1
H5,152,2018,847230,      6.00,      6.00,      6.00,      6.00,0,0,0,1,1,1
H5,152,2018,847290,     24.00,      6.00,      6.00,      6.00,0,0,0,4,4,4
H5,152,2018,847321,      6.00,      6.00,      6.00,      6.00,0,0,0,1,1,1
H5,152,2018,847329,      6.00,      6.00,      6.00,      6.00,0,0,0,1,1,1
H5,152,2018,847330,      6.00,      6.00,      6.00,      6.00,0,0,0,1,1,1
H5,152,2018,847340,      6.00,      6.00,      6.00,      6.00,0,0,0,1,1,1
H5,152,2018,847350,      6.00,      6.00,      6.00,      6.00,0,0,0,1,1,1
H5,152,2018,847410,     24.00,      6.00,      6.00,      6.00,0,0,0,4,4,4
H5,152,2018,847420,      6.00,      6.00,      6.00,      6.00,0,0,0,1,1,1
H5,152,2018,847431,      6.00,      6.00,      6.00,      6.00,0,0,0,1,1,1
H5,152,2018,847432,      6.00,      6.00,      6.00,      6.00,0,0,0,1,1,1
H5,152,2018,847439,      6.00,      6.00,      6.00,      6.00,0,0,0,1,1,1
H5,152,2018,847480,      6.00,      6.00,      6.00,      6.00,0,0,0,1,1,1
H5,152,2018,847490,     12.00,      6.00,      6.00,      6.00,0,0,0,2,2,2
H5,152,2018,847510,      6.00,      6.00,      6.00,      6.00,0,0,0,1,1,1
H5,152,2018,847521,      6.00,      6.00,      6.00,      6.00,0,0,0,1,1,1
H5,152,2018,847529,      6.00,      6.00,      6.00,      6.00,0,0,0,1,1,1
H5,152,2018,847590,      6.00,      6.00,      6.00,      6.00,0,0,0,1,1,1
H5,152,2018,847621,      6.00,      6.00,      6.00,      6.00,0,0,0,1,1,1
H5,152,2018,847629,      6.00,      6.00,      6.00,      6.00,0,0,0,1,1,1
H5,152,2018,847681,      6.00,      6.00,      6.00,      6.00,0,0,0,1,1,1
H5,152,2018,847689,      6.00,      6.00,      6.00,      6.00,0,0,0,1,1,1
H5,152,2018,847690,      6.00,      6.00,      6.00,      6.00,0,0,0,1,1,1
H5,152,2018,847710,      6.00,      6.00,      6.00,      6.00,0,0,0,1,1,1
H5,152,2018,847720,      6.00,      6.00,      6.00,      6.00,0,0,0,1,1,1
H5,152,2018,847730,      6.00,      6.00,      6.00,      6.00,0,0,0,1,1,1
H5,152,2018,847740,      6.00,      6.00,      6.00,      6.00,0,0,0,1,1,1
H5,152,2018,847751,      6.00,      6.00,      6.00,      6.00,0,0,0,1,1,1
H5,152,2018,847759,      6.00,      6.00,      6.00,      6.00,0,0,0,1,1,1
H5,152,2018,847780,      6.00,      6.00,      6.00,      6.00,0,0,0,1,1,1
H5,152,2018,847790,      6.00,      6.00,      6.00,      6.00,0,0,0,1,1,1
H5,152,2018,847810,      6.00,      6.00,      6.00,      6.00,0,0,0,1,1,1
H5,152,2018,847890,      6.00,      6.00,      6.00,      6.00,0,0,0,1,1,1
H5,152,2018,847910,      6.00,      6.00,      6.00,      6.00,0,0,0,1,1,1
H5,152,2018,847920,      6.00,      6.00,      6.00,      6.00,0,0,0,1,1,1
H5,152,2018,847930,     18.00,      6.00,      6.00,      6.00,0,0,0,3,3,3
H5,152,2018,847940,      6.00,      6.00,      6.00,      6.00,0,0,0,1,1,1
H5,152,2018,847950,      6.00,      6.00,      6.00,      6.00,0,0,0,1,1,1
H5,152,2018,847960,      6.00,      6.00,      6.00,      6.00,0,0,0,1,1,1
H5,152,2018,847971,      6.00,      6.00,      6.00,      6.00,0,0,0,1,1,1
H5,152,2018,847979,      6.00,      6.00,      6.00,      6.00,0,0,0,1,1,1
H5,152,2018,847981,      6.00,      6.00,      6.00,      6.00,0,0,0,1,1,1
H5,152,2018,847982,      6.00,      6.00,      6.00,      6.00,0,0,0,1,1,1
H5,152,2018,847989,     24.00,      6.00,      6.00,      6.00,0,0,0,4,4,4
H5,152,2018,847990,      6.00,      6.00,      6.00,      6.00,0,0,0,1,1,1
H5,152,2018,848010,      6.00,      6.00,      6.00,      6.00,0,0,0,1,1,1
H5,152,2018,848020,      6.00,      6.00,      6.00,      6.00,0,0,0,1,1,1
H5,152,2018,848030,      6.00,      6.00,      6.00,      6.00,0,0,0,1,1,1
H5,152,2018,848041,      6.00,      6.00,      6.00,      6.00,0,0,0,1,1,1
H5,152,2018,848049,      6.00,      6.00,      6.00,      6.00,0,0,0,1,1,1
H5,152,2018,848050,      6.00,      6.00,      6.00,      6.00,0,0,0,1,1,1
H5,152,2018,848060,      6.00,      6.00,      6.00,      6.00,0,0,0,1,1,1
H5,152,2018,848071,      6.00,      6.00,      6.00,      6.00,0,0,0,1,1,1
H5,152,2018,848079,      6.00,      6.00,      6.00,      6.00,0,0,0,1,1,1
H5,152,2018,848110,      6.00,      6.00,      6.00,      6.00,0,0,0,1,1,1
H5,152,2018,848120,     12.00,      6.00,      6.00,      6.00,0,0,0,2,2,2
H5,152,2018,848130,     12.00,      6.00,      6.00,      6.00,0,0,0,2,2,2
H5,152,2018,848140,      6.00,      6.00,      6.00,      6.00,0,0,0,1,1,1
H5,152,2018,848180,     18.00,      6.00,      6.00,      6.00,0,0,0,3,3,3
H5,152,2018,848190,      6.00,      6.00,      6.00,      6.00,0,0,0,1,1,1
H5,152,2018,848210,     12.00,      6.00,      6.00,      6.00,0,0,0,2,2,2
H5,152,2018,848220,      6.00,      6.00,      6.00,      6.00,0,0,0,1,1,1
H5,152,2018,848230,      6.00,      6.00,      6.00,      6.00,0,0,0,1,1,1
H5,152,2018,848240,      6.00,      6.00,      6.00,      6.00,0,0,0,1,1,1
H5,152,2018,848250,      6.00,      6.00,      6.00,      6.00,0,0,0,1,1,1
H5,152,2018,848280,      6.00,      6.00,      6.00,      6.00,0,0,0,1,1,1
H5,152,2018,848291,      6.00,      6.00,      6.00,      6.00,0,0,0,1,1,1
H5,152,2018,848299,      6.00,      6.00,      6.00,      6.00,0,0,0,1,1,1
H5,152,2018,848310,     18.00,      6.00,      6.00,      6.00,0,0,0,3,3,3
H5,152,2018,848320,      6.00,      6.00,      6.00,      6.00,0,0,0,1,1,1
H5,152,2018,848330,     18.00,      6.00,      6.00,      6.00,0,0,0,3,3,3
H5,152,2018,848340,     30.00,      6.00,      6.00,      6.00,0,0,0,5,5,5
H5,152,2018,848350,      6.00,      6.00,      6.00,      6.00,0,0,0,1,1,1
H5,152,2018,848360,      6.00,      6.00,      6.00,      6.00,0,0,0,1,1,1
H5,152,2018,848390,      6.00,      6.00,      6.00,      6.00,0,0,0,1,1,1
H5,152,2018,848410,      6.00,      6.00,      6.00,      6.00,0,0,0,1,1,1
H5,152,2018,848420,      6.00,      6.00,      6.00,      6.00,0,0,0,1,1,1
H5,152,2018,848490,      6.00,      6.00,      6.00,      6.00,0,0,0,1,1,1
H5,152,2018,848610,      6.00,      6.00,      6.00,      6.00,0,0,0,1,1,1
H5,152,2018,848620,      6.00,      6.00,      6.00,      6.00,0,0,0,1,1,1
H5,152,2018,848630,      6.00,      6.00,      6.00,      6.00,0,0,0,1,1,1
H5,152,2018,848640,      6.00,      6.00,      6.00,      6.00,0,0,0,1,1,1
H5,152,2018,848690,      6.00,      6.00,      6.00,      6.00,0,0,0,1,1,1
H5,152,2018,848710,      6.00,      6.00,      6.00,      6.00,0,0,0,1,1,1
H5,152,2018,848790,     12.00,      6.00,      6.00,      6.00,0,0,0,2,2,2
H5,152,2018,850110,      6.00,      6.00,      6.00,      6.00,0,0,0,1,1,1
H5,152,2018,850120,      6.00,      6.00,      6.00,      6.00,0,0,0,1,1,1
H5,152,2018,850131,      6.00,      6.00,      6.00,      6.00,0,0,0,1,1,1
H5,152,2018,850132,     18.00,      6.00,      6.00,      6.00,0,0,0,3,3,3
H5,152,2018,850133,      6.00,      6.00,      6.00,      6.00,0,0,0,1,1,1
H5,152,2018,850134,      6.00,      6.00,      6.00,      6.00,0,0,0,1,1,1
H5,152,2018,850140,      6.00,      6.00,      6.00,      6.00,0,0,0,1,1,1
H5,152,2018,850151,      6.00,      6.00,      6.00,      6.00,0,0,0,1,1,1
H5,152,2018,850152,     18.00,      6.00,      6.00,      6.00,0,0,0,3,3,3
H5,152,2018,850153,     30.00,      6.00,      6.00,      6.00,0,0,0,5,5,5
H5,152,2018,850161,      6.00,      6.00,      6.00,      6.00,0,0,0,1,1,1
H5,152,2018,850162,      6.00,      6.00,      6.00,      6.00,0,0,0,1,1,1
H5,152,2018,850163,      6.00,      6.00,      6.00,      6.00,0,0,0,1,1,1
H5,152,2018,850164,     30.00,      6.00,      6.00,      6.00,0,0,0,5,5,5
H5,152,2018,850211,     18.00,      6.00,      6.00,      6.00,0,0,0,3,3,3
H5,152,2018,850212,     18.00,      6.00,      6.00,      6.00,0,0,0,3,3,3
H5,152,2018,850213,     18.00,      6.00,      6.00,      6.00,0,0,0,3,3,3
H5,152,2018,850220,      6.00,      6.00,      6.00,      6.00,0,0,0,1,1,1
H5,152,2018,850231,      6.00,      6.00,      6.00,      6.00,0,0,0,1,1,1
H5,152,2018,850239,     24.00,      6.00,      6.00,      6.00,0,0,0,4,4,4
H5,152,2018,850240,      6.00,      6.00,      6.00,      6.00,0,0,0,1,1,1
H5,152,2018,850300,     12.00,      6.00,      6.00,      6.00,0,0,0,2,2,2
H5,152,2018,850410,      6.00,      6.00,      6.00,      6.00,0,0,0,1,1,1
H5,152,2018,850421,     30.00,      6.00,      6.00,      6.00,0,0,0,5,5,5
H5,152,2018,850422,     24.00,      6.00,      6.00,      6.00,0,0,0,4,4,4
H5,152,2018,850423,     24.00,      6.00,      6.00,      6.00,0,0,0,4,4,4
H5,152,2018,850431,      6.00,      6.00,      6.00,      6.00,0,0,0,1,1,1
H5,152,2018,850432,      6.00,      6.00,      6.00,      6.00,0,0,0,1,1,1
H5,152,2018,850433,      6.00,      6.00,      6.00,      6.00,0,0,0,1,1,1
H5,152,2018,850434,      6.00,      6.00,      6.00,      6.00,0,0,0,1,1,1
H5,152,2018,850440,      6.00,      6.00,      6.00,      6.00,0,0,0,1,1,1
H5,152,2018,850450,      6.00,      6.00,      6.00,      6.00,0,0,0,1,1,1
H5,152,2018,850490,      6.00,      6.00,      6.00,      6.00,0,0,0,1,1,1
H5,152,2018,850511,      6.00,      6.00,      6.00,      6.00,0,0,0,1,1,1
H5,152,2018,850519,      6.00,      6.00,      6.00,      6.00,0,0,0,1,1,1
H5,152,2018,850520,      6.00,      6.00,      6.00,      6.00,0,0,0,1,1,1
H5,152,2018,850590,     12.00,      6.00,      6.00,      6.00,0,0,0,2,2,2
H5,152,2018,850610,     12.00,      6.00,      6.00,      6.00,0,0,0,2,2,2
H5,152,2018,850630,      6.00,      6.00,      6.00,      6.00,0,0,0,1,1,1
H5,152,2018,850640,     12.00,      6.00,      6.00,      6.00,0,0,0,2,2,2
H5,152,2018,850650,     12.00,      6.00,      6.00,      6.00,0,0,0,2,2,2
H5,152,2018,850660,     12.00,      6.00,      6.00,      6.00,0,0,0,2,2,2
H5,152,2018,850680,     12.00,      6.00,      6.00,      6.00,0,0,0,2,2,2
H5,152,2018,850690,      6.00,      6.00,      6.00,      6.00,0,0,0,1,1,1
H5,152,2018,850710,     12.00,      6.00,      6.00,      6.00,0,0,0,2,2,2
H5,152,2018,850720,      6.00,      6.00,      6.00,      6.00,0,0,0,1,1,1
H5,152,2018,850730,      6.00,      6.00,      6.00,      6.00,0,0,0,1,1,1
H5,152,2018,850740,      6.00,      6.00,      6.00,      6.00,0,0,0,1,1,1
H5,152,2018,850750,      6.00,      6.00,      6.00,      6.00,0,0,0,1,1,1
H5,152,2018,850760,      6.00,      6.00,      6.00,      6.00,0,0,0,1,1,1
H5,152,2018,850780,      6.00,      6.00,      6.00,      6.00,0,0,0,1,1,1
H5,152,2018,850790,      6.00,      6.00,      6.00,      6.00,0,0,0,1,1,1
H5,152,2018,850811,      6.00,      6.00,      6.00,      6.00,0,0,0,1,1,1
H5,152,2018,850819,      6.00,      6.00,      6.00,      6.00,0,0,0,1,1,1
H5,152,2018,850860,      6.00,      6.00,      6.00,      6.00,0,0,0,1,1,1
H5,152,2018,850870,      6.00,      6.00,      6.00,      6.00,0,0,0,1,1,1
H5,152,2018,850940,     18.00,      6.00,      6.00,      6.00,0,0,0,3,3,3
H5,152,2018,850980,      6.00,      6.00,      6.00,      6.00,0,0,0,1,1,1
H5,152,2018,850990,      6.00,      6.00,      6.00,      6.00,0,0,0,1,1,1
H5,152,2018,851010,      6.00,      6.00,      6.00,      6.00,0,0,0,1,1,1
H5,152,2018,851020,      6.00,      6.00,      6.00,      6.00,0,0,0,1,1,1
H5,152,2018,851030,      6.00,      6.00,      6.00,      6.00,0,0,0,1,1,1
H5,152,2018,851090,      6.00,      6.00,      6.00,      6.00,0,0,0,1,1,1
H5,152,2018,851110,      6.00,      6.00,      6.00,      6.00,0,0,0,1,1,1
H5,152,2018,851120,      6.00,      6.00,      6.00,      6.00,0,0,0,1,1,1
H5,152,2018,851130,      6.00,      6.00,      6.00,      6.00,0,0,0,1,1,1
H5,152,2018,851140,      6.00,      6.00,      6.00,      6.00,0,0,0,1,1,1
H5,152,2018,851150,      6.00,      6.00,      6.00,      6.00,0,0,0,1,1,1
H5,152,2018,851180,      6.00,      6.00,      6.00,      6.00,0,0,0,1,1,1
H5,152,2018,851190,      6.00,      6.00,      6.00,      6.00,0,0,0,1,1,1
H5,152,2018,851210,      6.00,      6.00,      6.00,      6.00,0,0,0,1,1,1
H5,152,2018,851220,     30.00,      6.00,      6.00,      6.00,0,0,0,5,5,5
H5,152,2018,851230,      6.00,      6.00,      6.00,      6.00,0,0,0,1,1,1
H5,152,2018,851240,      6.00,      6.00,      6.00,      6.00,0,0,0,1,1,1
H5,152,2018,851290,      6.00,      6.00,      6.00,      6.00,0,0,0,1,1,1
H5,152,2018,851310,     18.00,      6.00,      6.00,      6.00,0,0,0,3,3,3
H5,152,2018,851390,      6.00,      6.00,      6.00,      6.00,0,0,0,1,1,1
H5,152,2018,851410,      6.00,      6.00,      6.00,      6.00,0,0,0,1,1,1
H5,152,2018,851420,      6.00,      6.00,      6.00,      6.00,0,0,0,1,1,1
H5,152,2018,851430,      6.00,      6.00,      6.00,      6.00,0,0,0,1,1,1
H5,152,2018,851440,      6.00,      6.00,      6.00,      6.00,0,0,0,1,1,1
H5,152,2018,851490,      6.00,      6.00,      6.00,      6.00,0,0,0,1,1,1
H5,152,2018,851511,     30.00,      6.00,      6.00,      6.00,0,0,0,5,5,5
H5,152,2018,851519,      6.00,      6.00,      6.00,      6.00,0,0,0,1,1,1
H5,152,2018,851521,      6.00,      6.00,      6.00,      6.00,0,0,0,1,1,1
H5,152,2018,851529,      6.00,      6.00,      6.00,      6.00,0,0,0,1,1,1
H5,152,2018,851531,      6.00,      6.00,      6.00,      6.00,0,0,0,1,1,1
H5,152,2018,851539,     18.00,      6.00,      6.00,      6.00,0,0,0,3,3,3
H5,152,2018,851580,      6.00,      6.00,      6.00,      6.00,0,0,0,1,1,1
H5,152,2018,851590,      6.00,      6.00,      6.00,      6.00,0,0,0,1,1,1
H5,152,2018,851610,     54.00,      6.00,      6.00,      6.00,0,0,0,9,9,9
H5,152,2018,851621,      6.00,      6.00,      6.00,      6.00,0,0,0,1,1,1
H5,152,2018,851629,      6.00,      6.00,      6.00,      6.00,0,0,0,1,1,1
H5,152,2018,851631,      6.00,      6.00,      6.00,      6.00,0,0,0,1,1,1
H5,152,2018,851632,     18.00,      6.00,      6.00,      6.00,0,0,0,3,3,3
H5,152,2018,851633,      6.00,      6.00,      6.00,      6.00,0,0,0,1,1,1
H5,152,2018,851640,     12.00,      6.00,      6.00,      6.00,0,0,0,2,2,2
H5,152,2018,851650,      6.00,      6.00,      6.00,      6.00,0,0,0,1,1,1
H5,152,2018,851660,     42.00,      6.00,      6.00,      6.00,0,0,0,7,7,7
H5,152,2018,851671,      6.00,      6.00,      6.00,      6.00,0,0,0,1,1,1
H5,152,2018,851672,      6.00,      6.00,      6.00,      6.00,0,0,0,1,1,1
H5,152,2018,851679,     18.00,      6.00,      6.00,      6.00,0,0,0,3,3,3
H5,152,2018,851680,      6.00,      6.00,      6.00,      6.00,0,0,0,1,1,1
H5,152,2018,851690,      6.00,      6.00,      6.00,      6.00,0,0,0,1,1,1
H5,152,2018,851711,      6.00,      6.00,      6.00,      6.00,0,0,0,1,1,1
H5,152,2018,851712,      6.00,      6.00,      6.00,      6.00,0,0,0,1,1,1
H5,152,2018,851718,      6.00,      6.00,      6.00,      6.00,0,0,0,1,1,1
H5,152,2018,851761,      6.00,      6.00,      6.00,      6.00,0,0,0,1,1,1
H5,152,2018,851762,     36.00,      6.00,      6.00,      6.00,0,0,0,6,6,6
H5,152,2018,851769,      6.00,      6.00,      6.00,      6.00,0,0,0,1,1,1
H5,152,2018,851770,      6.00,      6.00,      6.00,      6.00,0,0,0,1,1,1
H5,152,2018,851810,      6.00,      6.00,      6.00,      6.00,0,0,0,1,1,1
H5,152,2018,851821,      6.00,      6.00,      6.00,      6.00,0,0,0,1,1,1
H5,152,2018,851822,      6.00,      6.00,      6.00,      6.00,0,0,0,1,1,1
H5,152,2018,851829,      6.00,      6.00,      6.00,      6.00,0,0,0,1,1,1
H5,152,2018,851830,     12.00,      6.00,      6.00,      6.00,0,0,0,2,2,2
H5,152,2018,851840,      6.00,      6.00,      6.00,      6.00,0,0,0,1,1,1
H5,152,2018,851850,      6.00,      6.00,      6.00,      6.00,0,0,0,1,1,1
H5,152,2018,851890,      6.00,      6.00,      6.00,      6.00,0,0,0,1,1,1
H5,152,2018,851920,      6.00,      6.00,      6.00,      6.00,0,0,0,1,1,1
H5,152,2018,851930,      6.00,      6.00,      6.00,      6.00,0,0,0,1,1,1
H5,152,2018,851950,      6.00,      6.00,      6.00,      6.00,0,0,0,1,1,1
H5,152,2018,851981,     18.00,      6.00,      6.00,      6.00,0,0,0,3,3,3
H5,152,2018,851989,      6.00,      6.00,      6.00,      6.00,0,0,0,1,1,1
H5,152,2018,852110,      6.00,      6.00,      6.00,      6.00,0,0,0,1,1,1
H5,152,2018,852190,     12.00,      6.00,      6.00,      6.00,0,0,0,2,2,2
H5,152,2018,852210,      6.00,      6.00,      6.00,      6.00,0,0,0,1,1,1
H5,152,2018,852290,      6.00,      6.00,      6.00,      6.00,0,0,0,1,1,1
H5,152,2018,852321,      6.00,      6.00,      6.00,      6.00,0,0,0,1,1,1
H5,152,2018,852329,     54.00,      6.00,      6.00,      6.00,0,0,0,9,9,9
H5,152,2018,852341,     18.00,      6.00,      6.00,      6.00,0,0,0,3,3,3
H5,152,2018,852349,     30.00,      6.00,      6.00,      6.00,0,0,0,5,5,5
H5,152,2018,852351,      6.00,      6.00,      6.00,      6.00,0,0,0,1,1,1
H5,152,2018,852352,      6.00,      6.00,      6.00,      6.00,0,0,0,1,1,1
H5,152,2018,852359,      6.00,      6.00,      6.00,      6.00,0,0,0,1,1,1
H5,152,2018,852380,      6.00,      6.00,      6.00,      6.00,0,0,0,1,1,1
H5,152,2018,852550,      6.00,      6.00,      6.00,      6.00,0,0,0,1,1,1
H5,152,2018,852560,      6.00,      6.00,      6.00,      6.00,0,0,0,1,1,1
H5,152,2018,852580,     18.00,      6.00,      6.00,      6.00,0,0,0,3,3,3
H5,152,2018,852610,      6.00,      6.00,      6.00,      6.00,0,0,0,1,1,1
H5,152,2018,852691,      6.00,      6.00,      6.00,      6.00,0,0,0,1,1,1
H5,152,2018,852692,      6.00,      6.00,      6.00,      6.00,0,0,0,1,1,1
H5,152,2018,852712,      6.00,      6.00,      6.00,      6.00,0,0,0,1,1,1
H5,152,2018,852713,      6.00,      6.00,      6.00,      6.00,0,0,0,1,1,1
H5,152,2018,852719,      6.00,      6.00,      6.00,      6.00,0,0,0,1,1,1
H5,152,2018,852721,     12.00,      6.00,      6.00,      6.00,0,0,0,2,2,2
H5,152,2018,852729,      6.00,      6.00,      6.00,      6.00,0,0,0,1,1,1
H5,152,2018,852791,     12.00,      6.00,      6.00,      6.00,0,0,0,2,2,2
H5,152,2018,852792,      6.00,      6.00,      6.00,      6.00,0,0,0,1,1,1
H5,152,2018,852799,      6.00,      6.00,      6.00,      6.00,0,0,0,1,1,1
H5,152,2018,852842,     12.00,      6.00,      6.00,      6.00,0,0,0,2,2,2
H5,152,2018,852849,     12.00,      6.00,      6.00,      6.00,0,0,0,2,2,2
H5,152,2018,852852,     24.00,      6.00,      6.00,      6.00,0,0,0,4,4,4
H5,152,2018,852859,     12.00,      6.00,      6.00,      6.00,0,0,0,2,2,2
H5,152,2018,852862,      6.00,      6.00,      6.00,      6.00,0,0,0,1,1,1
H5,152,2018,852869,      6.00,      6.00,      6.00,      6.00,0,0,0,1,1,1
H5,152,2018,852871,      6.00,      6.00,      6.00,      6.00,0,0,0,1,1,1
H5,152,2018,852872,     24.00,      6.00,      6.00,      6.00,0,0,0,4,4,4
H5,152,2018,852873,      6.00,      6.00,      6.00,      6.00,0,0,0,1,1,1
H5,152,2018,852910,      6.00,      6.00,      6.00,      6.00,0,0,0,1,1,1
H5,152,2018,852990,      6.00,      6.00,      6.00,      6.00,0,0,0,1,1,1
H5,152,2018,853010,      6.00,      6.00,      6.00,      6.00,0,0,0,1,1,1
H5,152,2018,853080,      6.00,      6.00,      6.00,      6.00,0,0,0,1,1,1
H5,152,2018,853090,      6.00,      6.00,      6.00,      6.00,0,0,0,1,1,1
H5,152,2018,853110,     12.00,      6.00,      6.00,      6.00,0,0,0,2,2,2
H5,152,2018,853120,      6.00,      6.00,      6.00,      6.00,0,0,0,1,1,1
H5,152,2018,853180,      6.00,      6.00,      6.00,      6.00,0,0,0,1,1,1
H5,152,2018,853190,      6.00,      6.00,      6.00,      6.00,0,0,0,1,1,1
H5,152,2018,853210,      6.00,      6.00,      6.00,      6.00,0,0,0,1,1,1
H5,152,2018,853221,      6.00,      6.00,      6.00,      6.00,0,0,0,1,1,1
H5,152,2018,853222,      6.00,      6.00,      6.00,      6.00,0,0,0,1,1,1
H5,152,2018,853223,      6.00,      6.00,      6.00,      6.00,0,0,0,1,1,1
H5,152,2018,853224,      6.00,      6.00,      6.00,      6.00,0,0,0,1,1,1
H5,152,2018,853225,      6.00,      6.00,      6.00,      6.00,0,0,0,1,1,1
H5,152,2018,853229,      6.00,      6.00,      6.00,      6.00,0,0,0,1,1,1
H5,152,2018,853230,      6.00,      6.00,      6.00,      6.00,0,0,0,1,1,1
H5,152,2018,853290,      6.00,      6.00,      6.00,      6.00,0,0,0,1,1,1
H5,152,2018,853310,      6.00,      6.00,      6.00,      6.00,0,0,0,1,1,1
H5,152,2018,853321,      6.00,      6.00,      6.00,      6.00,0,0,0,1,1,1
H5,152,2018,853329,      6.00,      6.00,      6.00,      6.00,0,0,0,1,1,1
H5,152,2018,853331,     18.00,      6.00,      6.00,      6.00,0,0,0,3,3,3
H5,152,2018,853339,     18.00,      6.00,      6.00,      6.00,0,0,0,3,3,3
H5,152,2018,853340,     24.00,      6.00,      6.00,      6.00,0,0,0,4,4,4
H5,152,2018,853390,      6.00,      6.00,      6.00,      6.00,0,0,0,1,1,1
H5,152,2018,853400,      6.00,      6.00,      6.00,      6.00,0,0,0,1,1,1
H5,152,2018,853510,     12.00,      6.00,      6.00,      6.00,0,0,0,2,2,2
H5,152,2018,853521,      6.00,      6.00,      6.00,      6.00,0,0,0,1,1,1
H5,152,2018,853529,      6.00,      6.00,      6.00,      6.00,0,0,0,1,1,1
H5,152,2018,853530,     18.00,      6.00,      6.00,      6.00,0,0,0,3,3,3
H5,152,2018,853540,      6.00,      6.00,      6.00,      6.00,0,0,0,1,1,1
H5,152,2018,853590,     18.00,      6.00,      6.00,      6.00,0,0,0,3,3,3
H5,152,2018,853610,     12.00,      6.00,      6.00,      6.00,0,0,0,2,2,2
H5,152,2018,853620,      6.00,      6.00,      6.00,      6.00,0,0,0,1,1,1
H5,152,2018,853630,     12.00,      6.00,      6.00,      6.00,0,0,0,2,2,2
H5,152,2018,853641,     12.00,      6.00,      6.00,      6.00,0,0,0,2,2,2
H5,152,2018,853649,     12.00,      6.00,      6.00,      6.00,0,0,0,2,2,2
H5,152,2018,853650,      6.00,      6.00,      6.00,      6.00,0,0,0,1,1,1
H5,152,2018,853661,      6.00,      6.00,      6.00,      6.00,0,0,0,1,1,1
H5,152,2018,853669,      6.00,      6.00,      6.00,      6.00,0,0,0,1,1,1
H5,152,2018,853670,      6.00,      6.00,      6.00,      6.00,0,0,0,1,1,1
H5,152,2018,853690,     18.00,      6.00,      6.00,      6.00,0,0,0,3,3,3
H5,152,2018,853710,      6.00,      6.00,      6.00,      6.00,0,0,0,1,1,1
H5,152,2018,853720,     12.00,      6.00,      6.00,      6.00,0,0,0,2,2,2
H5,152,2018,853810,      6.00,      6.00,      6.00,      6.00,0,0,0,1,1,1
H5,152,2018,853890,      6.00,      6.00,      6.00,      6.00,0,0,0,1,1,1
H5,152,2018,853910,      6.00,      6.00,      6.00,      6.00,0,0,0,1,1,1
H5,152,2018,853921,     24.00,      6.00,      6.00,      6.00,0,0,0,4,4,4
H5,152,2018,853922,      6.00,      6.00,      6.00,      6.00,0,0,0,1,1,1
H5,152,2018,853929,      6.00,      6.00,      6.00,      6.00,0,0,0,1,1,1
H5,152,2018,853931,     12.00,      6.00,      6.00,      6.00,0,0,0,2,2,2
H5,152,2018,853932,     24.00,      6.00,      6.00,      6.00,0,0,0,4,4,4
H5,152,2018,853939,      6.00,      6.00,      6.00,      6.00,0,0,0,1,1,1
H5,152,2018,853941,      6.00,      6.00,      6.00,      6.00,0,0,0,1,1,1
H5,152,2018,853949,      6.00,      6.00,      6.00,      6.00,0,0,0,1,1,1
H5,152,2018,853950,     18.00,      6.00,      6.00,      6.00,0,0,0,3,3,3
H5,152,2018,853990,      6.00,      6.00,      6.00,      6.00,0,0,0,1,1,1
H5,152,2018,854011,      6.00,      6.00,      6.00,      6.00,0,0,0,1,1,1
H5,152,2018,854012,      6.00,      6.00,      6.00,      6.00,0,0,0,1,1,1
H5,152,2018,854020,      6.00,      6.00,      6.00,      6.00,0,0,0,1,1,1
H5,152,2018,854040,      6.00,      6.00,      6.00,      6.00,0,0,0,1,1,1
H5,152,2018,854060,      6.00,      6.00,      6.00,      6.00,0,0,0,1,1,1
H5,152,2018,854071,      6.00,      6.00,      6.00,      6.00,0,0,0,1,1,1
H5,152,2018,854079,      6.00,      6.00,      6.00,      6.00,0,0,0,1,1,1
H5,152,2018,854081,      6.00,      6.00,      6.00,      6.00,0,0,0,1,1,1
H5,152,2018,854089,      6.00,      6.00,      6.00,      6.00,0,0,0,1,1,1
H5,152,2018,854091,      6.00,      6.00,      6.00,      6.00,0,0,0,1,1,1
H5,152,2018,854099,      6.00,      6.00,      6.00,      6.00,0,0,0,1,1,1
H5,152,2018,854110,      6.00,      6.00,      6.00,      6.00,0,0,0,1,1,1
H5,152,2018,854121,      6.00,      6.00,      6.00,      6.00,0,0,0,1,1,1
H5,152,2018,854129,      6.00,      6.00,      6.00,      6.00,0,0,0,1,1,1
H5,152,2018,854130,      6.00,      6.00,      6.00,      6.00,0,0,0,1,1,1
H5,152,2018,854140,      6.00,      6.00,      6.00,      6.00,0,0,0,1,1,1
H5,152,2018,854150,      6.00,      6.00,      6.00,      6.00,0,0,0,1,1,1
H5,152,2018,854160,      6.00,      6.00,      6.00,      6.00,0,0,0,1,1,1
H5,152,2018,854190,      6.00,      6.00,      6.00,      6.00,0,0,0,1,1,1
H5,152,2018,854231,      6.00,      6.00,      6.00,      6.00,0,0,0,1,1,1
H5,152,2018,854232,      6.00,      6.00,      6.00,      6.00,0,0,0,1,1,1
H5,152,2018,854233,      6.00,      6.00,      6.00,      6.00,0,0,0,1,1,1
H5,152,2018,854239,      6.00,      6.00,      6.00,      6.00,0,0,0,1,1,1
H5,152,2018,854290,      6.00,      6.00,      6.00,      6.00,0,0,0,1,1,1
H5,152,2018,854310,      6.00,      0.00,      6.00,      3.00,0,1,0,1,2,2
H5,152,2018,854320,      6.00,      6.00,      6.00,      6.00,0,0,0,1,1,1
H5,152,2018,854330,      6.00,      6.00,      6.00,      6.00,0,0,0,1,1,1
H5,152,2018,854370,     12.00,      6.00,      6.00,      6.00,0,0,0,2,2,2
H5,152,2018,854390,      6.00,      6.00,      6.00,      6.00,0,0,0,1,1,1
H5,152,2018,854411,      6.00,      6.00,      6.00,      6.00,0,0,0,1,1,1
H5,152,2018,854419,      6.00,      6.00,      6.00,      6.00,0,0,0,1,1,1
H5,152,2018,854420,      6.00,      6.00,      6.00,      6.00,0,0,0,1,1,1
H5,152,2018,854430,      6.00,      6.00,      6.00,      6.00,0,0,0,1,1,1
H5,152,2018,854442,      6.00,      6.00,      6.00,      6.00,0,0,0,1,1,1
H5,152,2018,854449,     18.00,      6.00,      6.00,      6.00,0,0,0,3,3,3
H5,152,2018,854460,     12.00,      6.00,      6.00,      6.00,0,0,0,2,2,2
H5,152,2018,854470,      6.00,      6.00,      6.00,      6.00,0,0,0,1,1,1
H5,152,2018,854511,      6.00,      6.00,      6.00,      6.00,0,0,0,1,1,1
H5,152,2018,854519,      6.00,      6.00,      6.00,      6.00,0,0,0,1,1,1
H5,152,2018,854520,      6.00,      6.00,      6.00,      6.00,0,0,0,1,1,1
H5,152,2018,854590,      6.00,      6.00,      6.00,      6.00,0,0,0,1,1,1
H5,152,2018,854610,      6.00,      6.00,      6.00,      6.00,0,0,0,1,1,1
H5,152,2018,854620,      6.00,      6.00,      6.00,      6.00,0,0,0,1,1,1
H5,152,2018,854690,      6.00,      6.00,      6.00,      6.00,0,0,0,1,1,1
H5,152,2018,854710,      6.00,      6.00,      6.00,      6.00,0,0,0,1,1,1
H5,152,2018,854720,      6.00,      6.00,      6.00,      6.00,0,0,0,1,1,1
H5,152,2018,854790,      6.00,      6.00,      6.00,      6.00,0,0,0,1,1,1
H5,152,2018,854810,     36.00,      6.00,      6.00,      6.00,0,0,0,6,6,6
H5,152,2018,854890,      6.00,      6.00,      6.00,      6.00,0,0,0,1,1,1
H5,152,2018,860110,      6.00,      6.00,      6.00,      6.00,0,0,0,1,1,1
H5,152,2018,860120,      6.00,      6.00,      6.00,      6.00,0,0,0,1,1,1
H5,152,2018,860210,      6.00,      6.00,      6.00,      6.00,0,0,0,1,1,1
H5,152,2018,860290,      6.00,      6.00,      6.00,      6.00,0,0,0,1,1,1
H5,152,2018,860310,     12.00,      6.00,      6.00,      6.00,0,0,0,2,2,2
H5,152,2018,860390,      6.00,      6.00,      6.00,      6.00,0,0,0,1,1,1
H5,152,2018,860400,      6.00,      6.00,      6.00,      6.00,0,0,0,1,1,1
H5,152,2018,860500,      6.00,      6.00,      6.00,      6.00,0,0,0,1,1,1
H5,152,2018,860610,      6.00,      6.00,      6.00,      6.00,0,0,0,1,1,1
H5,152,2018,860630,      6.00,      6.00,      6.00,      6.00,0,0,0,1,1,1
H5,152,2018,860691,      6.00,      6.00,      6.00,      6.00,0,0,0,1,1,1
H5,152,2018,860692,      6.00,      6.00,      6.00,      6.00,0,0,0,1,1,1
H5,152,2018,860699,      6.00,      6.00,      6.00,      6.00,0,0,0,1,1,1
H5,152,2018,860711,      6.00,      6.00,      6.00,      6.00,0,0,0,1,1,1
H5,152,2018,860712,      6.00,      6.00,      6.00,      6.00,0,0,0,1,1,1
H5,152,2018,860719,      6.00,      6.00,      6.00,      6.00,0,0,0,1,1,1
H5,152,2018,860721,      6.00,      6.00,      6.00,      6.00,0,0,0,1,1,1
H5,152,2018,860729,      6.00,      6.00,      6.00,      6.00,0,0,0,1,1,1
H5,152,2018,860730,      6.00,      6.00,      6.00,      6.00,0,0,0,1,1,1
H5,152,2018,860791,      6.00,      6.00,      6.00,      6.00,0,0,0,1,1,1
H5,152,2018,860799,     12.00,      6.00,      6.00,      6.00,0,0,0,2,2,2
H5,152,2018,860800,      6.00,      6.00,      6.00,      6.00,0,0,0,1,1,1
H5,152,2018,860900,      6.00,      6.00,      6.00,      6.00,0,0,0,1,1,1
H5,152,2018,870110,      6.00,      6.00,      6.00,      6.00,0,0,0,1,1,1
H5,152,2018,870120,     18.00,      6.00,      6.00,      6.00,0,0,0,3,3,3
H5,152,2018,870130,      6.00,      6.00,      6.00,      6.00,0,0,0,1,1,1
H5,152,2018,870191,     12.00,      6.00,      6.00,      6.00,0,0,0,2,2,2
H5,152,2018,870192,     12.00,      6.00,      6.00,      6.00,0,0,0,2,2,2
H5,152,2018,870193,     12.00,      6.00,      6.00,      6.00,0,0,0,2,2,2
H5,152,2018,870194,     12.00,      6.00,      6.00,      6.00,0,0,0,2,2,2
H5,152,2018,870195,     12.00,      6.00,      6.00,      6.00,0,0,0,2,2,2
H5,152,2018,870210,     24.00,      6.00,      6.00,      6.00,0,0,0,4,4,4
H5,152,2018,870220,     24.00,      6.00,      6.00,      6.00,0,0,0,4,4,4
H5,152,2018,870230,     24.00,      6.00,      6.00,      6.00,0,0,0,4,4,4
H5,152,2018,870240,      6.00,      6.00,      6.00,      6.00,0,0,0,1,1,1
H5,152,2018,870290,     30.00,      6.00,      6.00,      6.00,0,0,0,5,5,5
H5,152,2018,870310,      6.00,      6.00,      6.00,      6.00,0,0,0,1,1,1
H5,152,2018,870321,     30.00,      6.00,      6.00,      6.00,0,0,0,5,5,5
H5,152,2018,870322,     30.00,      6.00,      6.00,      6.00,0,0,0,5,5,5
H5,152,2018,870323,     30.00,      6.00,      6.00,      6.00,0,0,0,5,5,5
H5,152,2018,870324,     30.00,      6.00,      6.00,      6.00,0,0,0,5,5,5
H5,152,2018,870331,     24.00,      6.00,      6.00,      6.00,0,0,0,4,4,4
H5,152,2018,870332,     36.00,      6.00,      6.00,      6.00,0,0,0,6,6,6
H5,152,2018,870333,     24.00,      6.00,      6.00,      6.00,0,0,0,4,4,4
H5,152,2018,870340,    120.00,      6.00,      6.00,      6.00,0,0,0,20,20,20
H5,152,2018,870350,     84.00,      6.00,      6.00,      6.00,0,0,0,14,14,14
H5,152,2018,870360,    120.00,      6.00,      6.00,      6.00,0,0,0,20,20,20
H5,152,2018,870370,     84.00,      6.00,      6.00,      6.00,0,0,0,14,14,14
H5,152,2018,870380,      6.00,      6.00,      6.00,      6.00,0,0,0,1,1,1
H5,152,2018,870390,     30.00,      6.00,      6.00,      6.00,0,0,0,5,5,5
H5,152,2018,870410,     12.00,      6.00,      6.00,      6.00,0,0,0,2,2,2
H5,152,2018,870421,     78.00,      6.00,      6.00,      6.00,0,0,0,13,13,13
H5,152,2018,870422,     54.00,      6.00,      6.00,      6.00,0,0,0,9,9,9
H5,152,2018,870423,     54.00,      6.00,      6.00,      6.00,0,0,0,9,9,9
H5,152,2018,870431,     72.00,      6.00,      6.00,      6.00,0,0,0,12,12,12
H5,152,2018,870432,     48.00,      6.00,      6.00,      6.00,0,0,0,8,8,8
H5,152,2018,870490,     54.00,      6.00,      6.00,      6.00,0,0,0,9,9,9
H5,152,2018,870510,     12.00,      6.00,      6.00,      6.00,0,0,0,2,2,2
H5,152,2018,870520,     12.00,      6.00,      6.00,      6.00,0,0,0,2,2,2
H5,152,2018,870530,      0.00,      0.00,      0.00,      0.00,0,3,0,0,3,3
H5,152,2018,870540,     12.00,      6.00,      6.00,      6.00,0,0,0,2,2,2
H5,152,2018,870590,     12.00,      6.00,      6.00,      6.00,0,0,0,2,2,2
H5,152,2018,870600,     60.00,      6.00,      6.00,      6.00,0,0,0,10,10,10
H5,152,2018,870710,     18.00,      6.00,      6.00,      6.00,0,0,0,3,3,3
H5,152,2018,870790,     30.00,      6.00,      6.00,      6.00,0,0,0,5,5,5
H5,152,2018,870810,     12.00,      6.00,      6.00,      6.00,0,0,0,2,2,2
H5,152,2018,870821,      6.00,      6.00,      6.00,      6.00,0,0,0,1,1,1
H5,152,2018,870829,     36.00,      6.00,      6.00,      6.00,0,0,0,6,6,6
H5,152,2018,870830,     18.00,      6.00,      6.00,      6.00,0,0,0,3,3,3
H5,152,2018,870840,     30.00,      6.00,      6.00,      6.00,0,0,0,5,5,5
H5,152,2018,870850,      6.00,      6.00,      6.00,      6.00,0,0,0,1,1,1
H5,152,2018,870870,     12.00,      6.00,      6.00,      6.00,0,0,0,2,2,2
H5,152,2018,870880,     36.00,      6.00,      6.00,      6.00,0,0,0,6,6,6
H5,152,2018,870891,      6.00,      6.00,      6.00,      6.00,0,0,0,1,1,1
H5,152,2018,870892,      6.00,      6.00,      6.00,      6.00,0,0,0,1,1,1
H5,152,2018,870893,     36.00,      6.00,      6.00,      6.00,0,0,0,6,6,6
H5,152,2018,870894,      6.00,      6.00,      6.00,      6.00,0,0,0,1,1,1
H5,152,2018,870895,      6.00,      6.00,      6.00,      6.00,0,0,0,1,1,1
H5,152,2018,870899,     18.00,      6.00,      6.00,      6.00,0,0,0,3,3,3
H5,152,2018,870911,      6.00,      6.00,      6.00,      6.00,0,0,0,1,1,1
H5,152,2018,870919,      6.00,      6.00,      6.00,      6.00,0,0,0,1,1,1
H5,152,2018,870990,      6.00,      6.00,      6.00,      6.00,0,0,0,1,1,1
H5,152,2018,871000,      0.00,      0.00,      0.00,      0.00,0,1,0,0,1,1
H5,152,2018,871110,      6.00,      6.00,      6.00,      6.00,0,0,0,1,1,1
H5,152,2018,871120,     18.00,      6.00,      6.00,      6.00,0,0,0,3,3,3
H5,152,2018,871130,      6.00,      6.00,      6.00,      6.00,0,0,0,1,1,1
H5,152,2018,871140,      6.00,      6.00,      6.00,      6.00,0,0,0,1,1,1
H5,152,2018,871150,      6.00,      6.00,      6.00,      6.00,0,0,0,1,1,1
H5,152,2018,871160,      6.00,      6.00,      6.00,      6.00,0,0,0,1,1,1
H5,152,2018,871190,      6.00,      6.00,      6.00,      6.00,0,0,0,1,1,1
H5,152,2018,871200,     18.00,      6.00,      6.00,      6.00,0,0,0,3,3,3
H5,152,2018,871310,     12.00,      6.00,      6.00,      6.00,0,0,0,2,2,2
H5,152,2018,871390,      6.00,      6.00,      6.00,      6.00,0,0,0,1,1,1
H5,152,2018,871410,      6.00,      6.00,      6.00,      6.00,0,0,0,1,1,1
H5,152,2018,871420,      6.00,      6.00,      6.00,      6.00,0,0,0,1,1,1
H5,152,2018,871491,      6.00,      6.00,      6.00,      6.00,0,0,0,1,1,1
H5,152,2018,871492,      6.00,      6.00,      6.00,      6.00,0,0,0,1,1,1
H5,152,2018,871493,      6.00,      6.00,      6.00,      6.00,0,0,0,1,1,1
H5,152,2018,871494,      6.00,      6.00,      6.00,      6.00,0,0,0,1,1,1
H5,152,2018,871495,      6.00,      6.00,      6.00,      6.00,0,0,0,1,1,1
H5,152,2018,871496,      6.00,      6.00,      6.00,      6.00,0,0,0,1,1,1
H5,152,2018,871499,     18.00,      6.00,      6.00,      6.00,0,0,0,3,3,3
H5,152,2018,871500,     18.00,      6.00,      6.00,      6.00,0,0,0,3,3,3
H5,152,2018,871610,      6.00,      6.00,      6.00,      6.00,0,0,0,1,1,1
H5,152,2018,871620,      6.00,      6.00,      6.00,      6.00,0,0,0,1,1,1
H5,152,2018,871631,     12.00,      6.00,      6.00,      6.00,0,0,0,2,2,2
H5,152,2018,871639,     30.00,      6.00,      6.00,      6.00,0,0,0,5,5,5
H5,152,2018,871640,      6.00,      6.00,      6.00,      6.00,0,0,0,1,1,1
H5,152,2018,871680,     12.00,      6.00,      6.00,      6.00,0,0,0,2,2,2
H5,152,2018,871690,     36.00,      6.00,      6.00,      6.00,0,0,0,6,6,6
H5,152,2018,880100,      6.00,      6.00,      6.00,      6.00,0,0,0,1,1,1
H5,152,2018,880211,      0.00,      0.00,      0.00,      0.00,0,3,0,0,3,3
H5,152,2018,880212,      0.00,      0.00,      0.00,      0.00,0,3,0,0,3,3
H5,152,2018,880220,      0.00,      0.00,      0.00,      0.00,0,3,0,0,3,3
H5,152,2018,880230,      0.00,      0.00,      0.00,      0.00,0,3,0,0,3,3
H5,152,2018,880240,      0.00,      0.00,      0.00,      0.00,0,1,0,0,1,1
H5,152,2018,880260,      0.00,      0.00,      0.00,      0.00,0,1,0,0,1,1
H5,152,2018,880310,      6.00,      6.00,      6.00,      6.00,0,0,0,1,1,1
H5,152,2018,880320,      6.00,      6.00,      6.00,      6.00,0,0,0,1,1,1
H5,152,2018,880330,     12.00,      6.00,      6.00,      6.00,0,0,0,2,2,2
H5,152,2018,880390,      6.00,      6.00,      6.00,      6.00,0,0,0,1,1,1
H5,152,2018,880400,      6.00,      6.00,      6.00,      6.00,0,0,0,1,1,1
H5,152,2018,880510,      6.00,      6.00,      6.00,      6.00,0,0,0,1,1,1
H5,152,2018,880521,      6.00,      6.00,      6.00,      6.00,0,0,0,1,1,1
H5,152,2018,880529,      6.00,      6.00,      6.00,      6.00,0,0,0,1,1,1
H5,152,2018,890110,      6.00,      0.00,      6.00,      3.00,0,1,0,1,2,2
H5,152,2018,890120,      6.00,      0.00,      6.00,      2.00,0,2,0,1,3,3
H5,152,2018,890130,      6.00,      0.00,      6.00,      3.00,0,1,0,1,2,2
H5,152,2018,890190,     18.00,      0.00,      6.00,      3.00,0,3,0,3,6,6
H5,152,2018,890200,     24.00,      0.00,      6.00,      4.00,0,2,0,4,6,6
H5,152,2018,890310,      6.00,      6.00,      6.00,      6.00,0,0,0,1,1,1
H5,152,2018,890391,      6.00,      6.00,      6.00,      6.00,0,0,0,1,1,1
H5,152,2018,890392,     12.00,      6.00,      6.00,      6.00,0,0,0,2,2,2
H5,152,2018,890399,     12.00,      6.00,      6.00,      6.00,0,0,0,2,2,2
H5,152,2018,890400,     12.00,      6.00,      6.00,      6.00,0,0,0,2,2,2
H5,152,2018,890510,      6.00,      6.00,      6.00,      6.00,0,0,0,1,1,1
H5,152,2018,890520,      6.00,      6.00,      6.00,      6.00,0,0,0,1,1,1
H5,152,2018,890590,      6.00,      6.00,      6.00,      6.00,0,0,0,1,1,1
H5,152,2018,890610,      0.00,      0.00,      0.00,      0.00,0,1,0,0,1,1
H5,152,2018,890690,      6.00,      0.00,      6.00,      3.00,0,1,0,1,2,2
H5,152,2018,890710,      6.00,      6.00,      6.00,      6.00,0,0,0,1,1,1
H5,152,2018,890790,      6.00,      6.00,      6.00,      6.00,0,0,0,1,1,1
H5,152,2018,890800,      6.00,      6.00,      6.00,      6.00,0,0,0,1,1,1
H5,152,2018,900110,      6.00,      6.00,      6.00,      6.00,0,0,0,1,1,1
H5,152,2018,900120,      6.00,      6.00,      6.00,      6.00,0,0,0,1,1,1
H5,152,2018,900130,     12.00,      6.00,      6.00,      6.00,0,0,0,2,2,2
H5,152,2018,900140,     12.00,      6.00,      6.00,      6.00,0,0,0,2,2,2
H5,152,2018,900150,     12.00,      6.00,      6.00,      6.00,0,0,0,2,2,2
H5,152,2018,900190,      6.00,      6.00,      6.00,      6.00,0,0,0,1,1,1
H5,152,2018,900211,      6.00,      6.00,      6.00,      6.00,0,0,0,1,1,1
H5,152,2018,900219,      6.00,      6.00,      6.00,      6.00,0,0,0,1,1,1
H5,152,2018,900220,      6.00,      6.00,      6.00,      6.00,0,0,0,1,1,1
H5,152,2018,900290,      6.00,      6.00,      6.00,      6.00,0,0,0,1,1,1
H5,152,2018,900311,      6.00,      6.00,      6.00,      6.00,0,0,0,1,1,1
H5,152,2018,900319,     18.00,      6.00,      6.00,      6.00,0,0,0,3,3,3
H5,152,2018,900390,      6.00,      6.00,      6.00,      6.00,0,0,0,1,1,1
H5,152,2018,900410,     18.00,      6.00,      6.00,      6.00,0,0,0,3,3,3
H5,152,2018,900490,     18.00,      6.00,      6.00,      6.00,0,0,0,3,3,3
H5,152,2018,900510,      6.00,      6.00,      6.00,      6.00,0,0,0,1,1,1
H5,152,2018,900580,      6.00,      6.00,      6.00,      6.00,0,0,0,1,1,1
H5,152,2018,900590,      6.00,      6.00,      6.00,      6.00,0,0,0,1,1,1
H5,152,2018,900630,      6.00,      6.00,      6.00,      6.00,0,0,0,1,1,1
H5,152,2018,900640,      6.00,      6.00,      6.00,      6.00,0,0,0,1,1,1
H5,152,2018,900651,      6.00,      6.00,      6.00,      6.00,0,0,0,1,1,1
H5,152,2018,900652,      6.00,      6.00,      6.00,      6.00,0,0,0,1,1,1
H5,152,2018,900653,      6.00,      6.00,      6.00,      6.00,0,0,0,1,1,1
H5,152,2018,900659,      6.00,      6.00,      6.00,      6.00,0,0,0,1,1,1
H5,152,2018,900661,      6.00,      6.00,      6.00,      6.00,0,0,0,1,1,1
H5,152,2018,900669,      6.00,      6.00,      6.00,      6.00,0,0,0,1,1,1
H5,152,2018,900691,      6.00,      6.00,      6.00,      6.00,0,0,0,1,1,1
H5,152,2018,900699,      6.00,      6.00,      6.00,      6.00,0,0,0,1,1,1
H5,152,2018,900710,      6.00,      6.00,      6.00,      6.00,0,0,0,1,1,1
H5,152,2018,900720,      6.00,      6.00,      6.00,      6.00,0,0,0,1,1,1
H5,152,2018,900791,      6.00,      6.00,      6.00,      6.00,0,0,0,1,1,1
H5,152,2018,900792,      6.00,      6.00,      6.00,      6.00,0,0,0,1,1,1
H5,152,2018,900850,      6.00,      6.00,      6.00,      6.00,0,0,0,1,1,1
H5,152,2018,900890,      6.00,      6.00,      6.00,      6.00,0,0,0,1,1,1
H5,152,2018,901010,      6.00,      6.00,      6.00,      6.00,0,0,0,1,1,1
H5,152,2018,901050,      6.00,      6.00,      6.00,      6.00,0,0,0,1,1,1
H5,152,2018,901060,      6.00,      6.00,      6.00,      6.00,0,0,0,1,1,1
H5,152,2018,901090,      6.00,      6.00,      6.00,      6.00,0,0,0,1,1,1
H5,152,2018,901110,      6.00,      6.00,      6.00,      6.00,0,0,0,1,1,1
H5,152,2018,901120,      6.00,      6.00,      6.00,      6.00,0,0,0,1,1,1
H5,152,2018,901180,     12.00,      6.00,      6.00,      6.00,0,0,0,2,2,2
H5,152,2018,901190,      6.00,      6.00,      6.00,      6.00,0,0,0,1,1,1
H5,152,2018,901210,      6.00,      6.00,      6.00,      6.00,0,0,0,1,1,1
H5,152,2018,901290,      6.00,      6.00,      6.00,      6.00,0,0,0,1,1,1
H5,152,2018,901310,      6.00,      6.00,      6.00,      6.00,0,0,0,1,1,1
H5,152,2018,901320,      6.00,      6.00,      6.00,      6.00,0,0,0,1,1,1
H5,152,2018,901380,      6.00,      6.00,      6.00,      6.00,0,0,0,1,1,1
H5,152,2018,901390,      6.00,      6.00,      6.00,      6.00,0,0,0,1,1,1
H5,152,2018,901410,      6.00,      6.00,      6.00,      6.00,0,0,0,1,1,1
H5,152,2018,901420,      6.00,      6.00,      6.00,      6.00,0,0,0,1,1,1
H5,152,2018,901480,      6.00,      6.00,      6.00,      6.00,0,0,0,1,1,1
H5,152,2018,901490,      6.00,      6.00,      6.00,      6.00,0,0,0,1,1,1
H5,152,2018,901510,      6.00,      6.00,      6.00,      6.00,0,0,0,1,1,1
H5,152,2018,901520,      6.00,      6.00,      6.00,      6.00,0,0,0,1,1,1
H5,152,2018,901530,      6.00,      6.00,      6.00,      6.00,0,0,0,1,1,1
H5,152,2018,901540,      6.00,      6.00,      6.00,      6.00,0,0,0,1,1,1
H5,152,2018,901580,      6.00,      6.00,      6.00,      6.00,0,0,0,1,1,1
H5,152,2018,901590,      6.00,      6.00,      6.00,      6.00,0,0,0,1,1,1
H5,152,2018,901600,      6.00,      6.00,      6.00,      6.00,0,0,0,1,1,1
H5,152,2018,901710,      6.00,      6.00,      6.00,      6.00,0,0,0,1,1,1
H5,152,2018,901720,      6.00,      6.00,      6.00,      6.00,0,0,0,1,1,1
H5,152,2018,901730,      6.00,      6.00,      6.00,      6.00,0,0,0,1,1,1
H5,152,2018,901780,      6.00,      6.00,      6.00,      6.00,0,0,0,1,1,1
H5,152,2018,901790,      6.00,      6.00,      6.00,      6.00,0,0,0,1,1,1
H5,152,2018,901811,      6.00,      6.00,      6.00,      6.00,0,0,0,1,1,1
H5,152,2018,901812,      6.00,      6.00,      6.00,      6.00,0,0,0,1,1,1
H5,152,2018,901813,      6.00,      6.00,      6.00,      6.00,0,0,0,1,1,1
H5,152,2018,901814,      6.00,      6.00,      6.00,      6.00,0,0,0,1,1,1
H5,152,2018,901819,      6.00,      6.00,      6.00,      6.00,0,0,0,1,1,1
H5,152,2018,901820,     12.00,      6.00,      6.00,      6.00,0,0,0,2,2,2
H5,152,2018,901831,     24.00,      6.00,      6.00,      6.00,0,0,0,4,4,4
H5,152,2018,901832,     12.00,      6.00,      6.00,      6.00,0,0,0,2,2,2
H5,152,2018,901839,     30.00,      6.00,      6.00,      6.00,0,0,0,5,5,5
H5,152,2018,901841,      6.00,      6.00,      6.00,      6.00,0,0,0,1,1,1
H5,152,2018,901849,     12.00,      6.00,      6.00,      6.00,0,0,0,2,2,2
H5,152,2018,901850,     12.00,      6.00,      6.00,      6.00,0,0,0,2,2,2
H5,152,2018,901890,     60.00,      6.00,      6.00,      6.00,0,0,0,10,10,10
H5,152,2018,901910,      6.00,      6.00,      6.00,      6.00,0,0,0,1,1,1
H5,152,2018,901920,     18.00,      6.00,      6.00,      6.00,0,0,0,3,3,3
H5,152,2018,902000,     42.00,      6.00,      6.00,      6.00,0,0,0,7,7,7
H5,152,2018,902110,      6.00,      6.00,      6.00,      6.00,0,0,0,1,1,1
H5,152,2018,902121,      6.00,      6.00,      6.00,      6.00,0,0,0,1,1,1
H5,152,2018,902129,     12.00,      6.00,      6.00,      6.00,0,0,0,2,2,2
H5,152,2018,902131,     18.00,      6.00,      6.00,      6.00,0,0,0,3,3,3
H5,152,2018,902139,     36.00,      6.00,      6.00,      6.00,0,0,0,6,6,6
H5,152,2018,902140,      6.00,      6.00,      6.00,      6.00,0,0,0,1,1,1
H5,152,2018,902150,     12.00,      6.00,      6.00,      6.00,0,0,0,2,2,2
H5,152,2018,902190,      6.00,      6.00,      6.00,      6.00,0,0,0,1,1,1
H5,152,2018,902212,     12.00,      6.00,      6.00,      6.00,0,0,0,2,2,2
H5,152,2018,902213,      6.00,      6.00,      6.00,      6.00,0,0,0,1,1,1
H5,152,2018,902214,     18.00,      6.00,      6.00,      6.00,0,0,0,3,3,3
H5,152,2018,902219,      6.00,      6.00,      6.00,      6.00,0,0,0,1,1,1
H5,152,2018,902221,     18.00,      6.00,      6.00,      6.00,0,0,0,3,3,3
H5,152,2018,902229,      6.00,      6.00,      6.00,      6.00,0,0,0,1,1,1
H5,152,2018,902230,      6.00,      6.00,      6.00,      6.00,0,0,0,1,1,1
H5,152,2018,902290,     18.00,      6.00,      6.00,      6.00,0,0,0,3,3,3
H5,152,2018,902300,      6.00,      6.00,      6.00,      6.00,0,0,0,1,1,1
H5,152,2018,902410,      6.00,      6.00,      6.00,      6.00,0,0,0,1,1,1
H5,152,2018,902480,      6.00,      6.00,      6.00,      6.00,0,0,0,1,1,1
H5,152,2018,902490,      6.00,      6.00,      6.00,      6.00,0,0,0,1,1,1
H5,152,2018,902511,      6.00,      6.00,      6.00,      6.00,0,0,0,1,1,1
H5,152,2018,902519,      6.00,      6.00,      6.00,      6.00,0,0,0,1,1,1
H5,152,2018,902580,      6.00,      6.00,      6.00,      6.00,0,0,0,1,1,1
H5,152,2018,902590,      6.00,      6.00,      6.00,      6.00,0,0,0,1,1,1
H5,152,2018,902610,     12.00,      6.00,      6.00,      6.00,0,0,0,2,2,2
H5,152,2018,902620,     12.00,      6.00,      6.00,      6.00,0,0,0,2,2,2
H5,152,2018,902680,      6.00,      6.00,      6.00,      6.00,0,0,0,1,1,1
H5,152,2018,902690,      6.00,      6.00,      6.00,      6.00,0,0,0,1,1,1
H5,152,2018,902710,     12.00,      6.00,      6.00,      6.00,0,0,0,2,2,2
H5,152,2018,902720,      6.00,      6.00,      6.00,      6.00,0,0,0,1,1,1
H5,152,2018,902730,      6.00,      6.00,      6.00,      6.00,0,0,0,1,1,1
H5,152,2018,902750,      6.00,      6.00,      6.00,      6.00,0,0,0,1,1,1
H5,152,2018,902780,     12.00,      6.00,      6.00,      6.00,0,0,0,2,2,2
H5,152,2018,902790,      6.00,      6.00,      6.00,      6.00,0,0,0,1,1,1
H5,152,2018,902810,     18.00,      6.00,      6.00,      6.00,0,0,0,3,3,3
H5,152,2018,902820,     12.00,      6.00,      6.00,      6.00,0,0,0,2,2,2
H5,152,2018,902830,     12.00,      6.00,      6.00,      6.00,0,0,0,2,2,2
H5,152,2018,902890,      6.00,      6.00,      6.00,      6.00,0,0,0,1,1,1
H5,152,2018,902910,      6.00,      6.00,      6.00,      6.00,0,0,0,1,1,1
H5,152,2018,902920,      6.00,      6.00,      6.00,      6.00,0,0,0,1,1,1
H5,152,2018,902990,      6.00,      6.00,      6.00,      6.00,0,0,0,1,1,1
H5,152,2018,903010,      6.00,      6.00,      6.00,      6.00,0,0,0,1,1,1
H5,152,2018,903020,      6.00,      6.00,      6.00,      6.00,0,0,0,1,1,1
H5,152,2018,903031,      6.00,      6.00,      6.00,      6.00,0,0,0,1,1,1
H5,152,2018,903032,      6.00,      6.00,      6.00,      6.00,0,0,0,1,1,1
H5,152,2018,903033,      6.00,      6.00,      6.00,      6.00,0,0,0,1,1,1
H5,152,2018,903039,      6.00,      6.00,      6.00,      6.00,0,0,0,1,1,1
H5,152,2018,903040,      6.00,      6.00,      6.00,      6.00,0,0,0,1,1,1
H5,152,2018,903082,      6.00,      6.00,      6.00,      6.00,0,0,0,1,1,1
H5,152,2018,903084,      6.00,      6.00,      6.00,      6.00,0,0,0,1,1,1
H5,152,2018,903089,      6.00,      6.00,      6.00,      6.00,0,0,0,1,1,1
H5,152,2018,903090,      6.00,      6.00,      6.00,      6.00,0,0,0,1,1,1
H5,152,2018,903110,      6.00,      6.00,      6.00,      6.00,0,0,0,1,1,1
H5,152,2018,903120,      6.00,      6.00,      6.00,      6.00,0,0,0,1,1,1
H5,152,2018,903141,      6.00,      6.00,      6.00,      6.00,0,0,0,1,1,1
H5,152,2018,903149,     12.00,      6.00,      6.00,      6.00,0,0,0,2,2,2
H5,152,2018,903180,      6.00,      6.00,      6.00,      6.00,0,0,0,1,1,1
H5,152,2018,903190,      6.00,      6.00,      6.00,      6.00,0,0,0,1,1,1
H5,152,2018,903210,      6.00,      6.00,      6.00,      6.00,0,0,0,1,1,1
H5,152,2018,903220,      6.00,      6.00,      6.00,      6.00,0,0,0,1,1,1
H5,152,2018,903281,      6.00,      6.00,      6.00,      6.00,0,0,0,1,1,1
H5,152,2018,903289,      6.00,      6.00,      6.00,      6.00,0,0,0,1,1,1
H5,152,2018,903290,      6.00,      6.00,      6.00,      6.00,0,0,0,1,1,1
H5,152,2018,903300,      6.00,      6.00,      6.00,      6.00,0,0,0,1,1,1
H5,152,2018,910111,      6.00,      6.00,      6.00,      6.00,0,0,0,1,1,1
H5,152,2018,910119,      6.00,      6.00,      6.00,      6.00,0,0,0,1,1,1
H5,152,2018,910121,      6.00,      6.00,      6.00,      6.00,0,0,0,1,1,1
H5,152,2018,910129,      6.00,      6.00,      6.00,      6.00,0,0,0,1,1,1
H5,152,2018,910191,      6.00,      6.00,      6.00,      6.00,0,0,0,1,1,1
H5,152,2018,910199,      6.00,      6.00,      6.00,      6.00,0,0,0,1,1,1
H5,152,2018,910211,      6.00,      6.00,      6.00,      6.00,0,0,0,1,1,1
H5,152,2018,910212,      6.00,      6.00,      6.00,      6.00,0,0,0,1,1,1
H5,152,2018,910219,      6.00,      6.00,      6.00,      6.00,0,0,0,1,1,1
H5,152,2018,910221,      6.00,      6.00,      6.00,      6.00,0,0,0,1,1,1
H5,152,2018,910229,      6.00,      6.00,      6.00,      6.00,0,0,0,1,1,1
H5,152,2018,910291,      6.00,      6.00,      6.00,      6.00,0,0,0,1,1,1
H5,152,2018,910299,      6.00,      6.00,      6.00,      6.00,0,0,0,1,1,1
H5,152,2018,910310,      6.00,      6.00,      6.00,      6.00,0,0,0,1,1,1
H5,152,2018,910390,      6.00,      6.00,      6.00,      6.00,0,0,0,1,1,1
H5,152,2018,910400,      6.00,      6.00,      6.00,      6.00,0,0,0,1,1,1
H5,152,2018,910511,      6.00,      6.00,      6.00,      6.00,0,0,0,1,1,1
H5,152,2018,910519,      6.00,      6.00,      6.00,      6.00,0,0,0,1,1,1
H5,152,2018,910521,      6.00,      6.00,      6.00,      6.00,0,0,0,1,1,1
H5,152,2018,910529,      6.00,      6.00,      6.00,      6.00,0,0,0,1,1,1
H5,152,2018,910591,      6.00,      6.00,      6.00,      6.00,0,0,0,1,1,1
H5,152,2018,910599,      6.00,      6.00,      6.00,      6.00,0,0,0,1,1,1
H5,152,2018,910610,      6.00,      6.00,      6.00,      6.00,0,0,0,1,1,1
H5,152,2018,910690,      6.00,      6.00,      6.00,      6.00,0,0,0,1,1,1
H5,152,2018,910700,      6.00,      6.00,      6.00,      6.00,0,0,0,1,1,1
H5,152,2018,910811,      6.00,      6.00,      6.00,      6.00,0,0,0,1,1,1
H5,152,2018,910812,      6.00,      6.00,      6.00,      6.00,0,0,0,1,1,1
H5,152,2018,910819,      6.00,      6.00,      6.00,      6.00,0,0,0,1,1,1
H5,152,2018,910820,      6.00,      6.00,      6.00,      6.00,0,0,0,1,1,1
H5,152,2018,910890,      6.00,      6.00,      6.00,      6.00,0,0,0,1,1,1
H5,152,2018,910910,      6.00,      6.00,      6.00,      6.00,0,0,0,1,1,1
H5,152,2018,910990,      6.00,      6.00,      6.00,      6.00,0,0,0,1,1,1
H5,152,2018,911011,      6.00,      6.00,      6.00,      6.00,0,0,0,1,1,1
H5,152,2018,911012,      6.00,      6.00,      6.00,      6.00,0,0,0,1,1,1
H5,152,2018,911019,      6.00,      6.00,      6.00,      6.00,0,0,0,1,1,1
H5,152,2018,911090,      6.00,      6.00,      6.00,      6.00,0,0,0,1,1,1
H5,152,2018,911110,      6.00,      6.00,      6.00,      6.00,0,0,0,1,1,1
H5,152,2018,911120,      6.00,      6.00,      6.00,      6.00,0,0,0,1,1,1
H5,152,2018,911180,      6.00,      6.00,      6.00,      6.00,0,0,0,1,1,1
H5,152,2018,911190,      6.00,      6.00,      6.00,      6.00,0,0,0,1,1,1
H5,152,2018,911220,      6.00,      6.00,      6.00,      6.00,0,0,0,1,1,1
H5,152,2018,911290,      6.00,      6.00,      6.00,      6.00,0,0,0,1,1,1
H5,152,2018,911310,      6.00,      6.00,      6.00,      6.00,0,0,0,1,1,1
H5,152,2018,911320,      6.00,      6.00,      6.00,      6.00,0,0,0,1,1,1
H5,152,2018,911390,      6.00,      6.00,      6.00,      6.00,0,0,0,1,1,1
H5,152,2018,911410,      6.00,      6.00,      6.00,      6.00,0,0,0,1,1,1
H5,152,2018,911430,      6.00,      6.00,      6.00,      6.00,0,0,0,1,1,1
H5,152,2018,911440,      6.00,      6.00,      6.00,      6.00,0,0,0,1,1,1
H5,152,2018,911490,      6.00,      6.00,      6.00,      6.00,0,0,0,1,1,1
H5,152,2018,920110,      6.00,      6.00,      6.00,      6.00,0,0,0,1,1,1
H5,152,2018,920120,      6.00,      6.00,      6.00,      6.00,0,0,0,1,1,1
H5,152,2018,920190,      6.00,      6.00,      6.00,      6.00,0,0,0,1,1,1
H5,152,2018,920210,      6.00,      6.00,      6.00,      6.00,0,0,0,1,1,1
H5,152,2018,920290,      6.00,      6.00,      6.00,      6.00,0,0,0,1,1,1
H5,152,2018,920510,      6.00,      6.00,      6.00,      6.00,0,0,0,1,1,1
H5,152,2018,920590,      6.00,      6.00,      6.00,      6.00,0,0,0,1,1,1
H5,152,2018,920600,      6.00,      6.00,      6.00,      6.00,0,0,0,1,1,1
H5,152,2018,920710,      6.00,      6.00,      6.00,      6.00,0,0,0,1,1,1
H5,152,2018,920790,      6.00,      6.00,      6.00,      6.00,0,0,0,1,1,1
H5,152,2018,920810,      6.00,      6.00,      6.00,      6.00,0,0,0,1,1,1
H5,152,2018,920890,      6.00,      6.00,      6.00,      6.00,0,0,0,1,1,1
H5,152,2018,920930,      6.00,      6.00,      6.00,      6.00,0,0,0,1,1,1
H5,152,2018,920991,      6.00,      6.00,      6.00,      6.00,0,0,0,1,1,1
H5,152,2018,920992,      6.00,      6.00,      6.00,      6.00,0,0,0,1,1,1
H5,152,2018,920994,      6.00,      6.00,      6.00,      6.00,0,0,0,1,1,1
H5,152,2018,920999,      6.00,      6.00,      6.00,      6.00,0,0,0,1,1,1
H5,152,2018,930110,      6.00,      6.00,      6.00,      6.00,0,0,0,1,1,1
H5,152,2018,930120,      6.00,      6.00,      6.00,      6.00,0,0,0,1,1,1
H5,152,2018,930190,      6.00,      6.00,      6.00,      6.00,0,0,0,1,1,1
H5,152,2018,930200,      6.00,      6.00,      6.00,      6.00,0,0,0,1,1,1
H5,152,2018,930310,      6.00,      6.00,      6.00,      6.00,0,0,0,1,1,1
H5,152,2018,930320,      6.00,      6.00,      6.00,      6.00,0,0,0,1,1,1
H5,152,2018,930330,      6.00,      6.00,      6.00,      6.00,0,0,0,1,1,1
H5,152,2018,930390,      6.00,      6.00,      6.00,      6.00,0,0,0,1,1,1
H5,152,2018,930400,      6.00,      6.00,      6.00,      6.00,0,0,0,1,1,1
H5,152,2018,930510,      6.00,      6.00,      6.00,      6.00,0,0,0,1,1,1
H5,152,2018,930520,      6.00,      6.00,      6.00,      6.00,0,0,0,1,1,1
H5,152,2018,930591,      6.00,      6.00,      6.00,      6.00,0,0,0,1,1,1
H5,152,2018,930599,      6.00,      6.00,      6.00,      6.00,0,0,0,1,1,1
H5,152,2018,930621,     12.00,      6.00,      6.00,      6.00,0,0,0,2,2,2
H5,152,2018,930629,      6.00,      6.00,      6.00,      6.00,0,0,0,1,1,1
H5,152,2018,930630,     12.00,      6.00,      6.00,      6.00,0,0,0,2,2,2
H5,152,2018,930690,     12.00,      6.00,      6.00,      6.00,0,0,0,2,2,2
H5,152,2018,930700,      6.00,      6.00,      6.00,      6.00,0,0,0,1,1,1
H5,152,2018,940110,      6.00,      6.00,      6.00,      6.00,0,0,0,1,1,1
H5,152,2018,940120,      6.00,      6.00,      6.00,      6.00,0,0,0,1,1,1
H5,152,2018,940130,      6.00,      6.00,      6.00,      6.00,0,0,0,1,1,1
H5,152,2018,940140,      6.00,      6.00,      6.00,      6.00,0,0,0,1,1,1
H5,152,2018,940152,      6.00,      6.00,      6.00,      6.00,0,0,0,1,1,1
H5,152,2018,940153,      6.00,      6.00,      6.00,      6.00,0,0,0,1,1,1
H5,152,2018,940159,      6.00,      6.00,      6.00,      6.00,0,0,0,1,1,1
H5,152,2018,940161,     24.00,      6.00,      6.00,      6.00,0,0,0,4,4,4
H5,152,2018,940169,     24.00,      6.00,      6.00,      6.00,0,0,0,4,4,4
H5,152,2018,940171,     24.00,      6.00,      6.00,      6.00,0,0,0,4,4,4
H5,152,2018,940179,     24.00,      6.00,      6.00,      6.00,0,0,0,4,4,4
H5,152,2018,940180,     24.00,      6.00,      6.00,      6.00,0,0,0,4,4,4
H5,152,2018,940190,     18.00,      6.00,      6.00,      6.00,0,0,0,3,3,3
H5,152,2018,940210,     18.00,      6.00,      6.00,      6.00,0,0,0,3,3,3
H5,152,2018,940290,     18.00,      6.00,      6.00,      6.00,0,0,0,3,3,3
H5,152,2018,940310,      6.00,      6.00,      6.00,      6.00,0,0,0,1,1,1
H5,152,2018,940320,     24.00,      6.00,      6.00,      6.00,0,0,0,4,4,4
H5,152,2018,940330,     24.00,      6.00,      6.00,      6.00,0,0,0,4,4,4
H5,152,2018,940340,      6.00,      6.00,      6.00,      6.00,0,0,0,1,1,1
H5,152,2018,940350,     30.00,      6.00,      6.00,      6.00,0,0,0,5,5,5
H5,152,2018,940360,     24.00,      6.00,      6.00,      6.00,0,0,0,4,4,4
H5,152,2018,940370,     18.00,      6.00,      6.00,      6.00,0,0,0,3,3,3
H5,152,2018,940382,      6.00,      6.00,      6.00,      6.00,0,0,0,1,1,1
H5,152,2018,940383,      6.00,      6.00,      6.00,      6.00,0,0,0,1,1,1
H5,152,2018,940389,      6.00,      6.00,      6.00,      6.00,0,0,0,1,1,1
H5,152,2018,940390,     18.00,      6.00,      6.00,      6.00,0,0,0,3,3,3
H5,152,2018,940410,      6.00,      6.00,      6.00,      6.00,0,0,0,1,1,1
H5,152,2018,940421,      6.00,      6.00,      6.00,      6.00,0,0,0,1,1,1
H5,152,2018,940429,     12.00,      6.00,      6.00,      6.00,0,0,0,2,2,2
H5,152,2018,940430,      6.00,      6.00,      6.00,      6.00,0,0,0,1,1,1
H5,152,2018,940490,     18.00,      6.00,      6.00,      6.00,0,0,0,3,3,3
H5,152,2018,940510,     24.00,      6.00,      6.00,      6.00,0,0,0,4,4,4
H5,152,2018,940520,     24.00,      6.00,      6.00,      6.00,0,0,0,4,4,4
H5,152,2018,940530,     18.00,      6.00,      6.00,      6.00,0,0,0,3,3,3
H5,152,2018,940540,     90.00,      6.00,      6.00,      6.00,0,0,0,15,15,15
H5,152,2018,940550,      6.00,      6.00,      6.00,      6.00,0,0,0,1,1,1
H5,152,2018,940560,     12.00,      6.00,      6.00,      6.00,0,0,0,2,2,2
H5,152,2018,940591,      6.00,      6.00,      6.00,      6.00,0,0,0,1,1,1
H5,152,2018,940592,      6.00,      6.00,      6.00,      6.00,0,0,0,1,1,1
H5,152,2018,940599,      6.00,      6.00,      6.00,      6.00,0,0,0,1,1,1
H5,152,2018,940610,     24.00,      6.00,      6.00,      6.00,0,0,0,4,4,4
H5,152,2018,940690,     24.00,      6.00,      6.00,      6.00,0,0,0,4,4,4
H5,152,2018,950300,     66.00,      6.00,      6.00,      6.00,0,0,0,11,11,11
H5,152,2018,950420,      6.00,      6.00,      6.00,      6.00,0,0,0,1,1,1
H5,152,2018,950430,      6.00,      6.00,      6.00,      6.00,0,0,0,1,1,1
H5,152,2018,950440,      6.00,      6.00,      6.00,      6.00,0,0,0,1,1,1
H5,152,2018,950450,      6.00,      6.00,      6.00,      6.00,0,0,0,1,1,1
H5,152,2018,950490,      6.00,      6.00,      6.00,      6.00,0,0,0,1,1,1
H5,152,2018,950510,     18.00,      6.00,      6.00,      6.00,0,0,0,3,3,3
H5,152,2018,950590,      6.00,      6.00,      6.00,      6.00,0,0,0,1,1,1
H5,152,2018,950611,      6.00,      6.00,      6.00,      6.00,0,0,0,1,1,1
H5,152,2018,950612,      6.00,      6.00,      6.00,      6.00,0,0,0,1,1,1
H5,152,2018,950619,      6.00,      6.00,      6.00,      6.00,0,0,0,1,1,1
H5,152,2018,950621,      6.00,      6.00,      6.00,      6.00,0,0,0,1,1,1
H5,152,2018,950629,      6.00,      6.00,      6.00,      6.00,0,0,0,1,1,1
H5,152,2018,950631,      6.00,      6.00,      6.00,      6.00,0,0,0,1,1,1
H5,152,2018,950632,      6.00,      6.00,      6.00,      6.00,0,0,0,1,1,1
H5,152,2018,950639,      6.00,      6.00,      6.00,      6.00,0,0,0,1,1,1
H5,152,2018,950640,      6.00,      6.00,      6.00,      6.00,0,0,0,1,1,1
H5,152,2018,950651,      6.00,      6.00,      6.00,      6.00,0,0,0,1,1,1
H5,152,2018,950659,      6.00,      6.00,      6.00,      6.00,0,0,0,1,1,1
H5,152,2018,950661,      6.00,      6.00,      6.00,      6.00,0,0,0,1,1,1
H5,152,2018,950662,     18.00,      6.00,      6.00,      6.00,0,0,0,3,3,3
H5,152,2018,950669,      6.00,      6.00,      6.00,      6.00,0,0,0,1,1,1
H5,152,2018,950670,      6.00,      6.00,      6.00,      6.00,0,0,0,1,1,1
H5,152,2018,950691,     18.00,      6.00,      6.00,      6.00,0,0,0,3,3,3
H5,152,2018,950699,     12.00,      6.00,      6.00,      6.00,0,0,0,2,2,2
H5,152,2018,950710,      6.00,      6.00,      6.00,      6.00,0,0,0,1,1,1
H5,152,2018,950720,      6.00,      6.00,      6.00,      6.00,0,0,0,1,1,1
H5,152,2018,950730,      6.00,      6.00,      6.00,      6.00,0,0,0,1,1,1
H5,152,2018,950790,      6.00,      6.00,      6.00,      6.00,0,0,0,1,1,1
H5,152,2018,950810,      6.00,      6.00,      6.00,      6.00,0,0,0,1,1,1
H5,152,2018,950890,     18.00,      6.00,      6.00,      6.00,0,0,0,3,3,3
H5,152,2018,960110,      6.00,      6.00,      6.00,      6.00,0,0,0,1,1,1
H5,152,2018,960190,      6.00,      6.00,      6.00,      6.00,0,0,0,1,1,1
H5,152,2018,960200,      6.00,      6.00,      6.00,      6.00,0,0,0,1,1,1
H5,152,2018,960310,      6.00,      6.00,      6.00,      6.00,0,0,0,1,1,1
H5,152,2018,960321,      6.00,      6.00,      6.00,      6.00,0,0,0,1,1,1
H5,152,2018,960329,      6.00,      6.00,      6.00,      6.00,0,0,0,1,1,1
H5,152,2018,960330,      6.00,      6.00,      6.00,      6.00,0,0,0,1,1,1
H5,152,2018,960340,      6.00,      6.00,      6.00,      6.00,0,0,0,1,1,1
H5,152,2018,960350,      6.00,      6.00,      6.00,      6.00,0,0,0,1,1,1
H5,152,2018,960390,      6.00,      6.00,      6.00,      6.00,0,0,0,1,1,1
H5,152,2018,960400,      6.00,      6.00,      6.00,      6.00,0,0,0,1,1,1
H5,152,2018,960500,      6.00,      6.00,      6.00,      6.00,0,0,0,1,1,1
H5,152,2018,960610,      6.00,      6.00,      6.00,      6.00,0,0,0,1,1,1
H5,152,2018,960621,      6.00,      6.00,      6.00,      6.00,0,0,0,1,1,1
H5,152,2018,960622,      6.00,      6.00,      6.00,      6.00,0,0,0,1,1,1
H5,152,2018,960629,      6.00,      6.00,      6.00,      6.00,0,0,0,1,1,1
H5,152,2018,960630,      6.00,      6.00,      6.00,      6.00,0,0,0,1,1,1
H5,152,2018,960711,      6.00,      6.00,      6.00,      6.00,0,0,0,1,1,1
H5,152,2018,960719,      6.00,      6.00,      6.00,      6.00,0,0,0,1,1,1
H5,152,2018,960720,      6.00,      6.00,      6.00,      6.00,0,0,0,1,1,1
H5,152,2018,960810,     12.00,      6.00,      6.00,      6.00,0,0,0,2,2,2
H5,152,2018,960820,     12.00,      6.00,      6.00,      6.00,0,0,0,2,2,2
H5,152,2018,960830,      6.00,      6.00,      6.00,      6.00,0,0,0,1,1,1
H5,152,2018,960840,      6.00,      6.00,      6.00,      6.00,0,0,0,1,1,1
H5,152,2018,960850,      6.00,      6.00,      6.00,      6.00,0,0,0,1,1,1
H5,152,2018,960860,      6.00,      6.00,      6.00,      6.00,0,0,0,1,1,1
H5,152,2018,960891,      6.00,      6.00,      6.00,      6.00,0,0,0,1,1,1
H5,152,2018,960899,      6.00,      6.00,      6.00,      6.00,0,0,0,1,1,1
H5,152,2018,960910,     18.00,      6.00,      6.00,      6.00,0,0,0,3,3,3
H5,152,2018,960920,      6.00,      6.00,      6.00,      6.00,0,0,0,1,1,1
H5,152,2018,960990,      6.00,      6.00,      6.00,      6.00,0,0,0,1,1,1
H5,152,2018,961000,     12.00,      6.00,      6.00,      6.00,0,0,0,2,2,2
H5,152,2018,961100,      6.00,      6.00,      6.00,      6.00,0,0,0,1,1,1
H5,152,2018,961210,     12.00,      6.00,      6.00,      6.00,0,0,0,2,2,2
H5,152,2018,961220,      6.00,      6.00,      6.00,      6.00,0,0,0,1,1,1
H5,152,2018,961310,      6.00,      6.00,      6.00,      6.00,0,0,0,1,1,1
H5,152,2018,961320,      6.00,      6.00,      6.00,      6.00,0,0,0,1,1,1
H5,152,2018,961380,      6.00,      6.00,      6.00,      6.00,0,0,0,1,1,1
H5,152,2018,961390,      6.00,      6.00,      6.00,      6.00,0,0,0,1,1,1
H5,152,2018,961400,      6.00,      6.00,      6.00,      6.00,0,0,0,1,1,1
H5,152,2018,961511,      6.00,      6.00,      6.00,      6.00,0,0,0,1,1,1
H5,152,2018,961519,      6.00,      6.00,      6.00,      6.00,0,0,0,1,1,1
H5,152,2018,961590,      6.00,      6.00,      6.00,      6.00,0,0,0,1,1,1
H5,152,2018,961610,      6.00,      6.00,      6.00,      6.00,0,0,0,1,1,1
H5,152,2018,961620,      6.00,      6.00,      6.00,      6.00,0,0,0,1,1,1
H5,152,2018,961700,     12.00,      6.00,      6.00,      6.00,0,0,0,2,2,2
H5,152,2018,961800,      6.00,      6.00,      6.00,      6.00,0,0,0,1,1,1
H5,152,2018,961900,     24.00,      6.00,      6.00,      6.00,0,0,0,4,4,4
H5,152,2018,962000,      6.00,      6.00,      6.00,      6.00,0,0,0,1,1,1
H5,152,2018,970110,      6.00,      6.00,      6.00,      6.00,0,0,0,1,1,1
H5,152,2018,970190,      6.00,      6.00,      6.00,      6.00,0,0,0,1,1,1
H5,152,2018,970200,      6.00,      6.00,      6.00,      6.00,0,0,0,1,1,1
H5,152,2018,970300,      6.00,      6.00,      6.00,      6.00,0,0,0,1,1,1
H5,152,2018,970400,      6.00,      6.00,      6.00,      6.00,0,0,0,1,1,1
H5,152,2018,970500,      6.00,      6.00,      6.00,      6.00,0,0,0,1,1,1
H5,152,2018,970600,      6.00,      6.00,      6.00,      6.00,0,0,0,1,1,1
