NomenCode,Reporter_ISO_N,Year,ProductCode,Sum_Of_Rates,Min_Rate,Max_Rate,SimpleAverage,Nbr_NA_Lines,Nbr_Free_Lines,Nbr_AVE_Lines,Nbr_Dutiable_Lines,TotalNoOfValidLines,TotalNoOfLines
H5,152,2017,010121,      6.00,      6.00,      6.00,      6.00,0,0,0,1,1,1
H5,152,2017,010129,     12.00,      6.00,      6.00,      6.00,0,0,0,2,2,2
H5,152,2017,010130,      6.00,      6.00,      6.00,      6.00,0,0,0,1,1,1
H5,152,2017,010190,      6.00,      6.00,      6.00,      6.00,0,0,0,1,1,1
H5,152,2017,010221,      6.00,      6.00,      6.00,      6.00,0,0,0,1,1,1
H5,152,2017,010229,      6.00,      6.00,      6.00,      6.00,0,0,0,1,1,1
H5,152,2017,010231,      6.00,      6.00,      6.00,      6.00,0,0,0,1,1,1
H5,152,2017,010239,      6.00,      6.00,      6.00,      6.00,0,0,0,1,1,1
H5,152,2017,010290,      6.00,      6.00,      6.00,      6.00,0,0,0,1,1,1
H5,152,2017,010310,      6.00,      6.00,      6.00,      6.00,0,0,0,1,1,1
H5,152,2017,010391,      6.00,      6.00,      6.00,      6.00,0,0,0,1,1,1
H5,152,2017,010392,      6.00,      6.00,      6.00,      6.00,0,0,0,1,1,1
H5,152,2017,010410,     12.00,      6.00,      6.00,      6.00,0,0,0,2,2,2
H5,152,2017,010420,      6.00,      6.00,      6.00,      6.00,0,0,0,1,1,1
H5,152,2017,010511,     12.00,      6.00,      6.00,      6.00,0,0,0,2,2,2
H5,152,2017,010512,      6.00,      6.00,      6.00,      6.00,0,0,0,1,1,1
H5,152,2017,010513,      6.00,      6.00,      6.00,      6.00,0,0,0,1,1,1
H5,152,2017,010514,      6.00,      6.00,      6.00,      6.00,0,0,0,1,1,1
H5,152,2017,010515,      6.00,      6.00,      6.00,      6.00,0,0,0,1,1,1
H5,152,2017,010594,      6.00,      6.00,      6.00,      6.00,0,0,0,1,1,1
H5,152,2017,010599,      6.00,      6.00,      6.00,      6.00,0,0,0,1,1,1
H5,152,2017,010611,      6.00,      6.00,      6.00,      6.00,0,0,0,1,1,1
H5,152,2017,010612,      6.00,      6.00,      6.00,      6.00,0,0,0,1,1,1
H5,152,2017,010613,      6.00,      6.00,      6.00,      6.00,0,0,0,1,1,1
H5,152,2017,010614,      6.00,      6.00,      6.00,      6.00,0,0,0,1,1,1
H5,152,2017,010619,      6.00,      6.00,      6.00,      6.00,0,0,0,1,1,1
H5,152,2017,010620,      6.00,      6.00,      6.00,      6.00,0,0,0,1,1,1
H5,152,2017,010631,      6.00,      6.00,      6.00,      6.00,0,0,0,1,1,1
H5,152,2017,010632,      6.00,      6.00,      6.00,      6.00,0,0,0,1,1,1
H5,152,2017,010633,      6.00,      6.00,      6.00,      6.00,0,0,0,1,1,1
H5,152,2017,010639,      6.00,      6.00,      6.00,      6.00,0,0,0,1,1,1
H5,152,2017,010641,     30.00,      6.00,      6.00,      6.00,0,0,0,5,5,5
H5,152,2017,010649,      6.00,      6.00,      6.00,      6.00,0,0,0,1,1,1
H5,152,2017,010690,     18.00,      6.00,      6.00,      6.00,0,0,0,3,3,3
H5,152,2017,020110,      6.00,      6.00,      6.00,      6.00,0,0,0,1,1,1
H5,152,2017,020120,     18.00,      6.00,      6.00,      6.00,0,0,0,3,3,3
H5,152,2017,020130,     30.00,      6.00,      6.00,      6.00,0,0,0,5,5,5
H5,152,2017,020210,      6.00,      6.00,      6.00,      6.00,0,0,0,1,1,1
H5,152,2017,020220,     18.00,      6.00,      6.00,      6.00,0,0,0,3,3,3
H5,152,2017,020230,     36.00,      6.00,      6.00,      6.00,0,0,0,6,6,6
H5,152,2017,020311,      6.00,      6.00,      6.00,      6.00,0,0,0,1,1,1
H5,152,2017,020312,      6.00,      6.00,      6.00,      6.00,0,0,0,1,1,1
H5,152,2017,020319,      6.00,      6.00,      6.00,      6.00,0,0,0,1,1,1
H5,152,2017,020321,      6.00,      6.00,      6.00,      6.00,0,0,0,1,1,1
H5,152,2017,020322,     18.00,      6.00,      6.00,      6.00,0,0,0,3,3,3
H5,152,2017,020329,     42.00,      6.00,      6.00,      6.00,0,0,0,7,7,7
H5,152,2017,020410,      6.00,      6.00,      6.00,      6.00,0,0,0,1,1,1
H5,152,2017,020421,      6.00,      6.00,      6.00,      6.00,0,0,0,1,1,1
H5,152,2017,020422,      6.00,      6.00,      6.00,      6.00,0,0,0,1,1,1
H5,152,2017,020423,      6.00,      6.00,      6.00,      6.00,0,0,0,1,1,1
H5,152,2017,020430,      6.00,      6.00,      6.00,      6.00,0,0,0,1,1,1
H5,152,2017,020441,      6.00,      6.00,      6.00,      6.00,0,0,0,1,1,1
H5,152,2017,020442,     24.00,      6.00,      6.00,      6.00,0,0,0,4,4,4
H5,152,2017,020443,      6.00,      6.00,      6.00,      6.00,0,0,0,1,1,1
H5,152,2017,020450,      6.00,      6.00,      6.00,      6.00,0,0,0,1,1,1
H5,152,2017,020500,      6.00,      6.00,      6.00,      6.00,0,0,0,1,1,1
H5,152,2017,020610,      6.00,      6.00,      6.00,      6.00,0,0,0,1,1,1
H5,152,2017,020621,      6.00,      6.00,      6.00,      6.00,0,0,0,1,1,1
H5,152,2017,020622,      6.00,      6.00,      6.00,      6.00,0,0,0,1,1,1
H5,152,2017,020629,      6.00,      6.00,      6.00,      6.00,0,0,0,1,1,1
H5,152,2017,020630,      6.00,      6.00,      6.00,      6.00,0,0,0,1,1,1
H5,152,2017,020641,      6.00,      6.00,      6.00,      6.00,0,0,0,1,1,1
H5,152,2017,020649,     18.00,      6.00,      6.00,      6.00,0,0,0,3,3,3
H5,152,2017,020680,      6.00,      6.00,      6.00,      6.00,0,0,0,1,1,1
H5,152,2017,020690,      6.00,      6.00,      6.00,      6.00,0,0,0,1,1,1
H5,152,2017,020711,      6.00,      6.00,      6.00,      6.00,0,0,0,1,1,1
H5,152,2017,020712,     12.00,      6.00,      6.00,      6.00,0,0,0,2,2,2
H5,152,2017,020713,      6.00,      6.00,      6.00,      6.00,0,0,0,1,1,1
H5,152,2017,020714,     54.00,      6.00,      6.00,      6.00,0,0,0,9,9,9
H5,152,2017,020724,      6.00,      6.00,      6.00,      6.00,0,0,0,1,1,1
H5,152,2017,020725,      6.00,      6.00,      6.00,      6.00,0,0,0,1,1,1
H5,152,2017,020726,      6.00,      6.00,      6.00,      6.00,0,0,0,1,1,1
H5,152,2017,020727,     18.00,      6.00,      6.00,      6.00,0,0,0,3,3,3
H5,152,2017,020741,      6.00,      6.00,      6.00,      6.00,0,0,0,1,1,1
H5,152,2017,020742,      6.00,      6.00,      6.00,      6.00,0,0,0,1,1,1
H5,152,2017,020743,      6.00,      6.00,      6.00,      6.00,0,0,0,1,1,1
H5,152,2017,020744,      6.00,      6.00,      6.00,      6.00,0,0,0,1,1,1
H5,152,2017,020745,      6.00,      6.00,      6.00,      6.00,0,0,0,1,1,1
H5,152,2017,020751,      6.00,      6.00,      6.00,      6.00,0,0,0,1,1,1
H5,152,2017,020752,      6.00,      6.00,      6.00,      6.00,0,0,0,1,1,1
H5,152,2017,020753,      6.00,      6.00,      6.00,      6.00,0,0,0,1,1,1
H5,152,2017,020754,      6.00,      6.00,      6.00,      6.00,0,0,0,1,1,1
H5,152,2017,020755,      6.00,      6.00,      6.00,      6.00,0,0,0,1,1,1
H5,152,2017,020760,      6.00,      6.00,      6.00,      6.00,0,0,0,1,1,1
H5,152,2017,020810,      6.00,      6.00,      6.00,      6.00,0,0,0,1,1,1
H5,152,2017,020830,      6.00,      6.00,      6.00,      6.00,0,0,0,1,1,1
H5,152,2017,020840,      6.00,      6.00,      6.00,      6.00,0,0,0,1,1,1
H5,152,2017,020850,      6.00,      6.00,      6.00,      6.00,0,0,0,1,1,1
H5,152,2017,020860,     12.00,      6.00,      6.00,      6.00,0,0,0,2,2,2
H5,152,2017,020890,     18.00,      6.00,      6.00,      6.00,0,0,0,3,3,3
H5,152,2017,020910,     18.00,      6.00,      6.00,      6.00,0,0,0,3,3,3
H5,152,2017,020990,     18.00,      6.00,      6.00,      6.00,0,0,0,3,3,3
H5,152,2017,021011,      6.00,      6.00,      6.00,      6.00,0,0,0,1,1,1
H5,152,2017,021012,      6.00,      6.00,      6.00,      6.00,0,0,0,1,1,1
H5,152,2017,021019,      6.00,      6.00,      6.00,      6.00,0,0,0,1,1,1
H5,152,2017,021020,      6.00,      6.00,      6.00,      6.00,0,0,0,1,1,1
H5,152,2017,021091,      6.00,      6.00,      6.00,      6.00,0,0,0,1,1,1
H5,152,2017,021092,      6.00,      6.00,      6.00,      6.00,0,0,0,1,1,1
H5,152,2017,021093,      6.00,      6.00,      6.00,      6.00,0,0,0,1,1,1
H5,152,2017,021099,      6.00,      6.00,      6.00,      6.00,0,0,0,1,1,1
H5,152,2017,030111,      6.00,      6.00,      6.00,      6.00,0,0,0,1,1,1
H5,152,2017,030119,      6.00,      6.00,      6.00,      6.00,0,0,0,1,1,1
H5,152,2017,030191,      6.00,      6.00,      6.00,      6.00,0,0,0,1,1,1
H5,152,2017,030192,      6.00,      6.00,      6.00,      6.00,0,0,0,1,1,1
H5,152,2017,030193,      6.00,      6.00,      6.00,      6.00,0,0,0,1,1,1
H5,152,2017,030194,      6.00,      6.00,      6.00,      6.00,0,0,0,1,1,1
H5,152,2017,030195,      6.00,      6.00,      6.00,      6.00,0,0,0,1,1,1
H5,152,2017,030199,      6.00,      6.00,      6.00,      6.00,0,0,0,1,1,1
H5,152,2017,030211,     24.00,      6.00,      6.00,      6.00,0,0,0,4,4,4
H5,152,2017,030213,     30.00,      6.00,      6.00,      6.00,0,0,0,5,5,5
H5,152,2017,030214,     30.00,      6.00,      6.00,      6.00,0,0,0,5,5,5
H5,152,2017,030219,      6.00,      6.00,      6.00,      6.00,0,0,0,1,1,1
H5,152,2017,030221,      6.00,      6.00,      6.00,      6.00,0,0,0,1,1,1
H5,152,2017,030222,      6.00,      6.00,      6.00,      6.00,0,0,0,1,1,1
H5,152,2017,030223,      6.00,      6.00,      6.00,      6.00,0,0,0,1,1,1
H5,152,2017,030224,      6.00,      6.00,      6.00,      6.00,0,0,0,1,1,1
H5,152,2017,030229,     24.00,      6.00,      6.00,      6.00,0,0,0,4,4,4
H5,152,2017,030231,     18.00,      6.00,      6.00,      6.00,0,0,0,3,3,3
H5,152,2017,030232,      6.00,      6.00,      6.00,      6.00,0,0,0,1,1,1
H5,152,2017,030233,      6.00,      6.00,      6.00,      6.00,0,0,0,1,1,1
H5,152,2017,030234,      6.00,      6.00,      6.00,      6.00,0,0,0,1,1,1
H5,152,2017,030235,      6.00,      6.00,      6.00,      6.00,0,0,0,1,1,1
H5,152,2017,030236,      6.00,      6.00,      6.00,      6.00,0,0,0,1,1,1
H5,152,2017,030239,      6.00,      6.00,      6.00,      6.00,0,0,0,1,1,1
H5,152,2017,030241,      6.00,      6.00,      6.00,      6.00,0,0,0,1,1,1
H5,152,2017,030242,      6.00,      6.00,      6.00,      6.00,0,0,0,1,1,1
H5,152,2017,030243,     24.00,      6.00,      6.00,      6.00,0,0,0,4,4,4
H5,152,2017,030244,      6.00,      6.00,      6.00,      6.00,0,0,0,1,1,1
H5,152,2017,030245,     24.00,      6.00,      6.00,      6.00,0,0,0,4,4,4
H5,152,2017,030246,      6.00,      6.00,      6.00,      6.00,0,0,0,1,1,1
H5,152,2017,030247,     24.00,      6.00,      6.00,      6.00,0,0,0,4,4,4
H5,152,2017,030249,      6.00,      6.00,      6.00,      6.00,0,0,0,1,1,1
H5,152,2017,030251,      6.00,      6.00,      6.00,      6.00,0,0,0,1,1,1
H5,152,2017,030252,      6.00,      6.00,      6.00,      6.00,0,0,0,1,1,1
H5,152,2017,030253,      6.00,      6.00,      6.00,      6.00,0,0,0,1,1,1
H5,152,2017,030254,     48.00,      6.00,      6.00,      6.00,0,0,0,8,8,8
H5,152,2017,030255,      6.00,      6.00,      6.00,      6.00,0,0,0,1,1,1
H5,152,2017,030256,     30.00,      6.00,      6.00,      6.00,0,0,0,5,5,5
H5,152,2017,030259,     24.00,      6.00,      6.00,      6.00,0,0,0,4,4,4
H5,152,2017,030271,      6.00,      6.00,      6.00,      6.00,0,0,0,1,1,1
H5,152,2017,030272,      6.00,      6.00,      6.00,      6.00,0,0,0,1,1,1
H5,152,2017,030273,      6.00,      6.00,      6.00,      6.00,0,0,0,1,1,1
H5,152,2017,030274,      6.00,      6.00,      6.00,      6.00,0,0,0,1,1,1
H5,152,2017,030279,      6.00,      6.00,      6.00,      6.00,0,0,0,1,1,1
H5,152,2017,030281,    138.00,      6.00,      6.00,      6.00,0,0,0,23,23,23
H5,152,2017,030282,     12.00,      6.00,      6.00,      6.00,0,0,0,2,2,2
H5,152,2017,030283,     30.00,      6.00,      6.00,      6.00,0,0,0,5,5,5
H5,152,2017,030284,      6.00,      6.00,      6.00,      6.00,0,0,0,1,1,1
H5,152,2017,030285,      6.00,      6.00,      6.00,      6.00,0,0,0,1,1,1
H5,152,2017,030289,    108.00,      6.00,      6.00,      6.00,0,0,0,18,18,18
H5,152,2017,030291,      6.00,      6.00,      6.00,      6.00,0,0,0,1,1,1
H5,152,2017,030292,    132.00,      6.00,      6.00,      6.00,0,0,0,22,22,22
H5,152,2017,030299,     18.00,      6.00,      6.00,      6.00,0,0,0,3,3,3
H5,152,2017,030311,     36.00,      6.00,      6.00,      6.00,0,0,0,6,6,6
H5,152,2017,030312,     36.00,      6.00,      6.00,      6.00,0,0,0,6,6,6
H5,152,2017,030313,     36.00,      6.00,      6.00,      6.00,0,0,0,6,6,6
H5,152,2017,030314,     30.00,      6.00,      6.00,      6.00,0,0,0,5,5,5
H5,152,2017,030319,      6.00,      6.00,      6.00,      6.00,0,0,0,1,1,1
H5,152,2017,030323,      6.00,      6.00,      6.00,      6.00,0,0,0,1,1,1
H5,152,2017,030324,      6.00,      6.00,      6.00,      6.00,0,0,0,1,1,1
H5,152,2017,030325,      6.00,      6.00,      6.00,      6.00,0,0,0,1,1,1
H5,152,2017,030326,      6.00,      6.00,      6.00,      6.00,0,0,0,1,1,1
H5,152,2017,030329,      6.00,      6.00,      6.00,      6.00,0,0,0,1,1,1
H5,152,2017,030331,      6.00,      6.00,      6.00,      6.00,0,0,0,1,1,1
H5,152,2017,030332,      6.00,      6.00,      6.00,      6.00,0,0,0,1,1,1
H5,152,2017,030333,      6.00,      6.00,      6.00,      6.00,0,0,0,1,1,1
H5,152,2017,030334,      6.00,      6.00,      6.00,      6.00,0,0,0,1,1,1
H5,152,2017,030339,     24.00,      6.00,      6.00,      6.00,0,0,0,4,4,4
H5,152,2017,030341,     18.00,      6.00,      6.00,      6.00,0,0,0,3,3,3
H5,152,2017,030342,      6.00,      6.00,      6.00,      6.00,0,0,0,1,1,1
H5,152,2017,030343,      6.00,      6.00,      6.00,      6.00,0,0,0,1,1,1
H5,152,2017,030344,      6.00,      6.00,      6.00,      6.00,0,0,0,1,1,1
H5,152,2017,030345,      6.00,      6.00,      6.00,      6.00,0,0,0,1,1,1
H5,152,2017,030346,      6.00,      6.00,      6.00,      6.00,0,0,0,1,1,1
H5,152,2017,030349,      6.00,      6.00,      6.00,      6.00,0,0,0,1,1,1
H5,152,2017,030351,      6.00,      6.00,      6.00,      6.00,0,0,0,1,1,1
H5,152,2017,030353,     24.00,      6.00,      6.00,      6.00,0,0,0,4,4,4
H5,152,2017,030354,     18.00,      6.00,      6.00,      6.00,0,0,0,3,3,3
H5,152,2017,030355,     30.00,      6.00,      6.00,      6.00,0,0,0,5,5,5
H5,152,2017,030356,      6.00,      6.00,      6.00,      6.00,0,0,0,1,1,1
H5,152,2017,030357,     18.00,      6.00,      6.00,      6.00,0,0,0,3,3,3
H5,152,2017,030359,      6.00,      6.00,      6.00,      6.00,0,0,0,1,1,1
H5,152,2017,030363,      6.00,      6.00,      6.00,      6.00,0,0,0,1,1,1
H5,152,2017,030364,      6.00,      6.00,      6.00,      6.00,0,0,0,1,1,1
H5,152,2017,030365,      6.00,      6.00,      6.00,      6.00,0,0,0,1,1,1
H5,152,2017,030366,     48.00,      6.00,      6.00,      6.00,0,0,0,8,8,8
H5,152,2017,030367,      6.00,      6.00,      6.00,      6.00,0,0,0,1,1,1
H5,152,2017,030368,     30.00,      6.00,      6.00,      6.00,0,0,0,5,5,5
H5,152,2017,030369,     12.00,      6.00,      6.00,      6.00,0,0,0,2,2,2
H5,152,2017,030381,    132.00,      6.00,      6.00,      6.00,0,0,0,22,22,22
H5,152,2017,030382,     12.00,      6.00,      6.00,      6.00,0,0,0,2,2,2
H5,152,2017,030383,     30.00,      6.00,      6.00,      6.00,0,0,0,5,5,5
H5,152,2017,030384,      6.00,      6.00,      6.00,      6.00,0,0,0,1,1,1
H5,152,2017,030389,    180.00,      6.00,      6.00,      6.00,0,0,0,30,30,30
H5,152,2017,030391,     24.00,      6.00,      6.00,      6.00,0,0,0,4,4,4
H5,152,2017,030392,    132.00,      6.00,      6.00,      6.00,0,0,0,22,22,22
H5,152,2017,030399,     18.00,      6.00,      6.00,      6.00,0,0,0,3,3,3
H5,152,2017,030431,      6.00,      6.00,      6.00,      6.00,0,0,0,1,1,1
H5,152,2017,030432,      6.00,      6.00,      6.00,      6.00,0,0,0,1,1,1
H5,152,2017,030433,      6.00,      6.00,      6.00,      6.00,0,0,0,1,1,1
H5,152,2017,030439,      6.00,      6.00,      6.00,      6.00,0,0,0,1,1,1
H5,152,2017,030441,     12.00,      6.00,      6.00,      6.00,0,0,0,2,2,2
H5,152,2017,030442,      6.00,      6.00,      6.00,      6.00,0,0,0,1,1,1
H5,152,2017,030443,      6.00,      6.00,      6.00,      6.00,0,0,0,1,1,1
H5,152,2017,030444,     30.00,      6.00,      6.00,      6.00,0,0,0,5,5,5
H5,152,2017,030445,      6.00,      6.00,      6.00,      6.00,0,0,0,1,1,1
H5,152,2017,030446,     12.00,      6.00,      6.00,      6.00,0,0,0,2,2,2
H5,152,2017,030447,    132.00,      6.00,      6.00,      6.00,0,0,0,22,22,22
H5,152,2017,030448,     12.00,      6.00,      6.00,      6.00,0,0,0,2,2,2
H5,152,2017,030449,     42.00,      6.00,      6.00,      6.00,0,0,0,7,7,7
H5,152,2017,030451,      6.00,      6.00,      6.00,      6.00,0,0,0,1,1,1
H5,152,2017,030452,      6.00,      6.00,      6.00,      6.00,0,0,0,1,1,1
H5,152,2017,030453,      6.00,      6.00,      6.00,      6.00,0,0,0,1,1,1
H5,152,2017,030454,      6.00,      6.00,      6.00,      6.00,0,0,0,1,1,1
H5,152,2017,030455,      6.00,      6.00,      6.00,      6.00,0,0,0,1,1,1
H5,152,2017,030456,    132.00,      6.00,      6.00,      6.00,0,0,0,22,22,22
H5,152,2017,030457,     12.00,      6.00,      6.00,      6.00,0,0,0,2,2,2
H5,152,2017,030459,      6.00,      6.00,      6.00,      6.00,0,0,0,1,1,1
H5,152,2017,030461,      6.00,      6.00,      6.00,      6.00,0,0,0,1,1,1
H5,152,2017,030462,      6.00,      6.00,      6.00,      6.00,0,0,0,1,1,1
H5,152,2017,030463,      6.00,      6.00,      6.00,      6.00,0,0,0,1,1,1
H5,152,2017,030469,      6.00,      6.00,      6.00,      6.00,0,0,0,1,1,1
H5,152,2017,030471,      6.00,      6.00,      6.00,      6.00,0,0,0,1,1,1
H5,152,2017,030472,      6.00,      6.00,      6.00,      6.00,0,0,0,1,1,1
H5,152,2017,030473,      6.00,      6.00,      6.00,      6.00,0,0,0,1,1,1
H5,152,2017,030474,     24.00,      6.00,      6.00,      6.00,0,0,0,4,4,4
H5,152,2017,030475,      6.00,      6.00,      6.00,      6.00,0,0,0,1,1,1
H5,152,2017,030479,     18.00,      6.00,      6.00,      6.00,0,0,0,3,3,3
H5,152,2017,030481,     12.00,      6.00,      6.00,      6.00,0,0,0,2,2,2
H5,152,2017,030482,      6.00,      6.00,      6.00,      6.00,0,0,0,1,1,1
H5,152,2017,030483,      6.00,      6.00,      6.00,      6.00,0,0,0,1,1,1
H5,152,2017,030484,      6.00,      6.00,      6.00,      6.00,0,0,0,1,1,1
H5,152,2017,030485,     12.00,      6.00,      6.00,      6.00,0,0,0,2,2,2
H5,152,2017,030486,      6.00,      6.00,      6.00,      6.00,0,0,0,1,1,1
H5,152,2017,030487,      6.00,      6.00,      6.00,      6.00,0,0,0,1,1,1
H5,152,2017,030488,    144.00,      6.00,      6.00,      6.00,0,0,0,24,24,24
H5,152,2017,030489,     66.00,      6.00,      6.00,      6.00,0,0,0,11,11,11
H5,152,2017,030491,      6.00,      6.00,      6.00,      6.00,0,0,0,1,1,1
H5,152,2017,030492,     24.00,      6.00,      6.00,      6.00,0,0,0,4,4,4
H5,152,2017,030493,      6.00,      6.00,      6.00,      6.00,0,0,0,1,1,1
H5,152,2017,030494,      6.00,      6.00,      6.00,      6.00,0,0,0,1,1,1
H5,152,2017,030495,     48.00,      6.00,      6.00,      6.00,0,0,0,8,8,8
H5,152,2017,030496,    132.00,      6.00,      6.00,      6.00,0,0,0,22,22,22
H5,152,2017,030497,     12.00,      6.00,      6.00,      6.00,0,0,0,2,2,2
H5,152,2017,030499,    114.00,      6.00,      6.00,      6.00,0,0,0,19,19,19
H5,152,2017,030510,      6.00,      6.00,      6.00,      6.00,0,0,0,1,1,1
H5,152,2017,030520,     18.00,      6.00,      6.00,      6.00,0,0,0,3,3,3
H5,152,2017,030531,      6.00,      6.00,      6.00,      6.00,0,0,0,1,1,1
H5,152,2017,030532,      6.00,      6.00,      6.00,      6.00,0,0,0,1,1,1
H5,152,2017,030539,     42.00,      6.00,      6.00,      6.00,0,0,0,7,7,7
H5,152,2017,030541,     54.00,      6.00,      6.00,      6.00,0,0,0,9,9,9
H5,152,2017,030542,      6.00,      6.00,      6.00,      6.00,0,0,0,1,1,1
H5,152,2017,030543,     24.00,      6.00,      6.00,      6.00,0,0,0,4,4,4
H5,152,2017,030544,      6.00,      6.00,      6.00,      6.00,0,0,0,1,1,1
H5,152,2017,030549,      6.00,      6.00,      6.00,      6.00,0,0,0,1,1,1
H5,152,2017,030551,      6.00,      6.00,      6.00,      6.00,0,0,0,1,1,1
H5,152,2017,030552,      6.00,      6.00,      6.00,      6.00,0,0,0,1,1,1
H5,152,2017,030553,      6.00,      6.00,      6.00,      6.00,0,0,0,1,1,1
H5,152,2017,030554,      6.00,      6.00,      6.00,      6.00,0,0,0,1,1,1
H5,152,2017,030559,     30.00,      6.00,      6.00,      6.00,0,0,0,5,5,5
H5,152,2017,030561,      6.00,      6.00,      6.00,      6.00,0,0,0,1,1,1
H5,152,2017,030562,      6.00,      6.00,      6.00,      6.00,0,0,0,1,1,1
H5,152,2017,030563,      6.00,      6.00,      6.00,      6.00,0,0,0,1,1,1
H5,152,2017,030564,      6.00,      6.00,      6.00,      6.00,0,0,0,1,1,1
H5,152,2017,030569,     90.00,      6.00,      6.00,      6.00,0,0,0,15,15,15
H5,152,2017,030571,    132.00,      6.00,      6.00,      6.00,0,0,0,22,22,22
H5,152,2017,030572,      6.00,      6.00,      6.00,      6.00,0,0,0,1,1,1
H5,152,2017,030579,     18.00,      6.00,      6.00,      6.00,0,0,0,3,3,3
H5,152,2017,030611,     24.00,      6.00,      6.00,      6.00,0,0,0,4,4,4
H5,152,2017,030612,      6.00,      6.00,      6.00,      6.00,0,0,0,1,1,1
H5,152,2017,030614,     42.00,      6.00,      6.00,      6.00,0,0,0,7,7,7
H5,152,2017,030615,      6.00,      6.00,      6.00,      6.00,0,0,0,1,1,1
H5,152,2017,030616,      6.00,      6.00,      6.00,      6.00,0,0,0,1,1,1
H5,152,2017,030617,     54.00,      6.00,      6.00,      6.00,0,0,0,9,9,9
H5,152,2017,030619,     12.00,      6.00,      6.00,      6.00,0,0,0,2,2,2
H5,152,2017,030631,     24.00,      6.00,      6.00,      6.00,0,0,0,4,4,4
H5,152,2017,030632,      6.00,      6.00,      6.00,      6.00,0,0,0,1,1,1
H5,152,2017,030633,     42.00,      6.00,      6.00,      6.00,0,0,0,7,7,7
H5,152,2017,030634,      6.00,      6.00,      6.00,      6.00,0,0,0,1,1,1
H5,152,2017,030635,     18.00,      6.00,      6.00,      6.00,0,0,0,3,3,3
H5,152,2017,030636,     54.00,      6.00,      6.00,      6.00,0,0,0,9,9,9
H5,152,2017,030639,     12.00,      6.00,      6.00,      6.00,0,0,0,2,2,2
H5,152,2017,030691,      6.00,      6.00,      6.00,      6.00,0,0,0,1,1,1
H5,152,2017,030692,      6.00,      6.00,      6.00,      6.00,0,0,0,1,1,1
H5,152,2017,030693,      6.00,      6.00,      6.00,      6.00,0,0,0,1,1,1
H5,152,2017,030694,      6.00,      6.00,      6.00,      6.00,0,0,0,1,1,1
H5,152,2017,030695,      6.00,      6.00,      6.00,      6.00,0,0,0,1,1,1
H5,152,2017,030699,      6.00,      6.00,      6.00,      6.00,0,0,0,1,1,1
H5,152,2017,030711,     18.00,      6.00,      6.00,      6.00,0,0,0,3,3,3
H5,152,2017,030712,     18.00,      6.00,      6.00,      6.00,0,0,0,3,3,3
H5,152,2017,030719,      6.00,      6.00,      6.00,      6.00,0,0,0,1,1,1
H5,152,2017,030721,     18.00,      6.00,      6.00,      6.00,0,0,0,3,3,3
H5,152,2017,030722,     18.00,      6.00,      6.00,      6.00,0,0,0,3,3,3
H5,152,2017,030729,      6.00,      6.00,      6.00,      6.00,0,0,0,1,1,1
H5,152,2017,030731,      6.00,      6.00,      6.00,      6.00,0,0,0,1,1,1
H5,152,2017,030732,      6.00,      6.00,      6.00,      6.00,0,0,0,1,1,1
H5,152,2017,030739,      6.00,      6.00,      6.00,      6.00,0,0,0,1,1,1
H5,152,2017,030742,      6.00,      6.00,      6.00,      6.00,0,0,0,1,1,1
H5,152,2017,030743,     30.00,      6.00,      6.00,      6.00,0,0,0,5,5,5
H5,152,2017,030749,      6.00,      6.00,      6.00,      6.00,0,0,0,1,1,1
H5,152,2017,030751,     18.00,      6.00,      6.00,      6.00,0,0,0,3,3,3
H5,152,2017,030752,     18.00,      6.00,      6.00,      6.00,0,0,0,3,3,3
H5,152,2017,030759,      6.00,      6.00,      6.00,      6.00,0,0,0,1,1,1
H5,152,2017,030760,      6.00,      6.00,      6.00,      6.00,0,0,0,1,1,1
H5,152,2017,030771,     12.00,      6.00,      6.00,      6.00,0,0,0,2,2,2
H5,152,2017,030772,     48.00,      6.00,      6.00,      6.00,0,0,0,8,8,8
H5,152,2017,030779,      6.00,      6.00,      6.00,      6.00,0,0,0,1,1,1
H5,152,2017,030781,     12.00,      6.00,      6.00,      6.00,0,0,0,2,2,2
H5,152,2017,030782,      6.00,      6.00,      6.00,      6.00,0,0,0,1,1,1
H5,152,2017,030783,     18.00,      6.00,      6.00,      6.00,0,0,0,3,3,3
H5,152,2017,030784,      6.00,      6.00,      6.00,      6.00,0,0,0,1,1,1
H5,152,2017,030787,      6.00,      6.00,      6.00,      6.00,0,0,0,1,1,1
H5,152,2017,030788,      6.00,      6.00,      6.00,      6.00,0,0,0,1,1,1
H5,152,2017,030791,     12.00,      6.00,      6.00,      6.00,0,0,0,2,2,2
H5,152,2017,030792,     54.00,      6.00,      6.00,      6.00,0,0,0,9,9,9
H5,152,2017,030799,      6.00,      6.00,      6.00,      6.00,0,0,0,1,1,1
H5,152,2017,030811,      6.00,      6.00,      6.00,      6.00,0,0,0,1,1,1
H5,152,2017,030812,      6.00,      6.00,      6.00,      6.00,0,0,0,1,1,1
H5,152,2017,030819,      6.00,      6.00,      6.00,      6.00,0,0,0,1,1,1
H5,152,2017,030821,     12.00,      6.00,      6.00,      6.00,0,0,0,2,2,2
H5,152,2017,030822,     12.00,      6.00,      6.00,      6.00,0,0,0,2,2,2
H5,152,2017,030829,      6.00,      6.00,      6.00,      6.00,0,0,0,1,1,1
H5,152,2017,030830,      6.00,      6.00,      6.00,      6.00,0,0,0,1,1,1
H5,152,2017,030890,      6.00,      6.00,      6.00,      6.00,0,0,0,1,1,1
H5,152,2017,040110,      6.00,      6.00,      6.00,      6.00,0,0,0,1,1,1
H5,152,2017,040120,      6.00,      6.00,      6.00,      6.00,0,0,0,1,1,1
H5,152,2017,040140,      6.00,      6.00,      6.00,      6.00,0,0,0,1,1,1
H5,152,2017,040150,     30.00,      6.00,      6.00,      6.00,0,0,0,5,5,5
H5,152,2017,040210,      6.00,      6.00,      6.00,      6.00,0,0,0,1,1,1
H5,152,2017,040221,     54.00,      6.00,      6.00,      6.00,0,0,0,9,9,9
H5,152,2017,040229,     54.00,      6.00,      6.00,      6.00,0,0,0,9,9,9
H5,152,2017,040291,     12.00,      6.00,      6.00,      6.00,0,0,0,2,2,2
H5,152,2017,040299,     12.00,      6.00,      6.00,      6.00,0,0,0,2,2,2
H5,152,2017,040310,     18.00,      6.00,      6.00,      6.00,0,0,0,3,3,3
H5,152,2017,040390,      6.00,      6.00,      6.00,      6.00,0,0,0,1,1,1
H5,152,2017,040410,      6.00,      6.00,      6.00,      6.00,0,0,0,1,1,1
H5,152,2017,040490,      6.00,      6.00,      6.00,      6.00,0,0,0,1,1,1
H5,152,2017,040510,      6.00,      6.00,      6.00,      6.00,0,0,0,1,1,1
H5,152,2017,040520,      6.00,      6.00,      6.00,      6.00,0,0,0,1,1,1
H5,152,2017,040590,      6.00,      6.00,      6.00,      6.00,0,0,0,1,1,1
H5,152,2017,040610,     24.00,      6.00,      6.00,      6.00,0,0,0,4,4,4
H5,152,2017,040620,      6.00,      6.00,      6.00,      6.00,0,0,0,1,1,1
H5,152,2017,040630,      6.00,      6.00,      6.00,      6.00,0,0,0,1,1,1
H5,152,2017,040640,      6.00,      6.00,      6.00,      6.00,0,0,0,1,1,1
H5,152,2017,040690,     30.00,      6.00,      6.00,      6.00,0,0,0,5,5,5
H5,152,2017,040711,      6.00,      6.00,      6.00,      6.00,0,0,0,1,1,1
H5,152,2017,040719,      6.00,      6.00,      6.00,      6.00,0,0,0,1,1,1
H5,152,2017,040721,      6.00,      6.00,      6.00,      6.00,0,0,0,1,1,1
H5,152,2017,040729,      6.00,      6.00,      6.00,      6.00,0,0,0,1,1,1
H5,152,2017,040790,      6.00,      6.00,      6.00,      6.00,0,0,0,1,1,1
H5,152,2017,040811,      6.00,      6.00,      6.00,      6.00,0,0,0,1,1,1
H5,152,2017,040819,      6.00,      6.00,      6.00,      6.00,0,0,0,1,1,1
H5,152,2017,040891,      6.00,      6.00,      6.00,      6.00,0,0,0,1,1,1
H5,152,2017,040899,      6.00,      6.00,      6.00,      6.00,0,0,0,1,1,1
H5,152,2017,040900,     12.00,      6.00,      6.00,      6.00,0,0,0,2,2,2
H5,152,2017,041000,     42.00,      6.00,      6.00,      6.00,0,0,0,7,7,7
H5,152,2017,050100,      6.00,      6.00,      6.00,      6.00,0,0,0,1,1,1
H5,152,2017,050210,      6.00,      6.00,      6.00,      6.00,0,0,0,1,1,1
H5,152,2017,050290,      6.00,      6.00,      6.00,      6.00,0,0,0,1,1,1
H5,152,2017,050400,     18.00,      6.00,      6.00,      6.00,0,0,0,3,3,3
H5,152,2017,050510,      6.00,      6.00,      6.00,      6.00,0,0,0,1,1,1
H5,152,2017,050590,      6.00,      6.00,      6.00,      6.00,0,0,0,1,1,1
H5,152,2017,050610,      6.00,      6.00,      6.00,      6.00,0,0,0,1,1,1
H5,152,2017,050690,      6.00,      6.00,      6.00,      6.00,0,0,0,1,1,1
H5,152,2017,050710,      6.00,      6.00,      6.00,      6.00,0,0,0,1,1,1
H5,152,2017,050790,      6.00,      6.00,      6.00,      6.00,0,0,0,1,1,1
H5,152,2017,050800,     12.00,      6.00,      6.00,      6.00,0,0,0,2,2,2
H5,152,2017,051000,      6.00,      6.00,      6.00,      6.00,0,0,0,1,1,1
H5,152,2017,051110,      6.00,      6.00,      6.00,      6.00,0,0,0,1,1,1
H5,152,2017,051191,     24.00,      6.00,      6.00,      6.00,0,0,0,4,4,4
H5,152,2017,051199,     96.00,      6.00,      6.00,      6.00,0,0,0,16,16,16
H5,152,2017,060110,    126.00,      6.00,      6.00,      6.00,0,0,0,21,21,21
H5,152,2017,060120,     30.00,      6.00,      6.00,      6.00,0,0,0,5,5,5
H5,152,2017,060210,     12.00,      6.00,      6.00,      6.00,0,0,0,2,2,2
H5,152,2017,060220,    180.00,      6.00,      6.00,      6.00,0,0,0,30,30,30
H5,152,2017,060230,     12.00,      6.00,      6.00,      6.00,0,0,0,2,2,2
H5,152,2017,060240,      6.00,      6.00,      6.00,      6.00,0,0,0,1,1,1
H5,152,2017,060290,    216.00,      6.00,      6.00,      6.00,0,0,0,36,36,36
H5,152,2017,060311,      6.00,      6.00,      6.00,      6.00,0,0,0,1,1,1
H5,152,2017,060312,      6.00,      6.00,      6.00,      6.00,0,0,0,1,1,1
H5,152,2017,060313,      6.00,      6.00,      6.00,      6.00,0,0,0,1,1,1
H5,152,2017,060314,      6.00,      6.00,      6.00,      6.00,0,0,0,1,1,1
H5,152,2017,060315,      6.00,      6.00,      6.00,      6.00,0,0,0,1,1,1
H5,152,2017,060319,     54.00,      6.00,      6.00,      6.00,0,0,0,9,9,9
H5,152,2017,060390,      6.00,      6.00,      6.00,      6.00,0,0,0,1,1,1
H5,152,2017,060420,     12.00,      6.00,      6.00,      6.00,0,0,0,2,2,2
H5,152,2017,060490,      6.00,      6.00,      6.00,      6.00,0,0,0,1,1,1
H5,152,2017,070110,     12.00,      6.00,      6.00,      6.00,0,0,0,2,2,2
H5,152,2017,070190,      6.00,      6.00,      6.00,      6.00,0,0,0,1,1,1
H5,152,2017,070200,      6.00,      6.00,      6.00,      6.00,0,0,0,1,1,1
H5,152,2017,070310,     18.00,      6.00,      6.00,      6.00,0,0,0,3,3,3
H5,152,2017,070320,     12.00,      6.00,      6.00,      6.00,0,0,0,2,2,2
H5,152,2017,070390,      6.00,      6.00,      6.00,      6.00,0,0,0,1,1,1
H5,152,2017,070410,      6.00,      6.00,      6.00,      6.00,0,0,0,1,1,1
H5,152,2017,070420,      6.00,      6.00,      6.00,      6.00,0,0,0,1,1,1
H5,152,2017,070490,      6.00,      6.00,      6.00,      6.00,0,0,0,1,1,1
H5,152,2017,070511,      6.00,      6.00,      6.00,      6.00,0,0,0,1,1,1
H5,152,2017,070519,      6.00,      6.00,      6.00,      6.00,0,0,0,1,1,1
H5,152,2017,070521,      6.00,      6.00,      6.00,      6.00,0,0,0,1,1,1
H5,152,2017,070529,     18.00,      6.00,      6.00,      6.00,0,0,0,3,3,3
H5,152,2017,070610,      6.00,      6.00,      6.00,      6.00,0,0,0,1,1,1
H5,152,2017,070690,      6.00,      6.00,      6.00,      6.00,0,0,0,1,1,1
H5,152,2017,070700,      6.00,      6.00,      6.00,      6.00,0,0,0,1,1,1
H5,152,2017,070810,      6.00,      6.00,      6.00,      6.00,0,0,0,1,1,1
H5,152,2017,070820,      6.00,      6.00,      6.00,      6.00,0,0,0,1,1,1
H5,152,2017,070890,      6.00,      6.00,      6.00,      6.00,0,0,0,1,1,1
H5,152,2017,070920,     12.00,      6.00,      6.00,      6.00,0,0,0,2,2,2
H5,152,2017,070930,      6.00,      6.00,      6.00,      6.00,0,0,0,1,1,1
H5,152,2017,070940,      6.00,      6.00,      6.00,      6.00,0,0,0,1,1,1
H5,152,2017,070951,      6.00,      6.00,      6.00,      6.00,0,0,0,1,1,1
H5,152,2017,070959,     12.00,      6.00,      6.00,      6.00,0,0,0,2,2,2
H5,152,2017,070960,     18.00,      6.00,      6.00,      6.00,0,0,0,3,3,3
H5,152,2017,070970,      6.00,      6.00,      6.00,      6.00,0,0,0,1,1,1
H5,152,2017,070991,      6.00,      6.00,      6.00,      6.00,0,0,0,1,1,1
H5,152,2017,070992,      6.00,      6.00,      6.00,      6.00,0,0,0,1,1,1
H5,152,2017,070993,     30.00,      6.00,      6.00,      6.00,0,0,0,5,5,5
H5,152,2017,070999,     12.00,      6.00,      6.00,      6.00,0,0,0,2,2,2
H5,152,2017,071010,      6.00,      6.00,      6.00,      6.00,0,0,0,1,1,1
H5,152,2017,071021,      6.00,      6.00,      6.00,      6.00,0,0,0,1,1,1
H5,152,2017,071022,      6.00,      6.00,      6.00,      6.00,0,0,0,1,1,1
H5,152,2017,071029,     12.00,      6.00,      6.00,      6.00,0,0,0,2,2,2
H5,152,2017,071030,      6.00,      6.00,      6.00,      6.00,0,0,0,1,1,1
H5,152,2017,071040,      6.00,      6.00,      6.00,      6.00,0,0,0,1,1,1
H5,152,2017,071080,     42.00,      6.00,      6.00,      6.00,0,0,0,7,7,7
H5,152,2017,071090,      6.00,      6.00,      6.00,      6.00,0,0,0,1,1,1
H5,152,2017,071120,     12.00,      6.00,      6.00,      6.00,0,0,0,2,2,2
H5,152,2017,071140,     12.00,      6.00,      6.00,      6.00,0,0,0,2,2,2
H5,152,2017,071151,      6.00,      6.00,      6.00,      6.00,0,0,0,1,1,1
H5,152,2017,071159,      6.00,      6.00,      6.00,      6.00,0,0,0,1,1,1
H5,152,2017,071190,      6.00,      6.00,      6.00,      6.00,0,0,0,1,1,1
H5,152,2017,071220,      6.00,      6.00,      6.00,      6.00,0,0,0,1,1,1
H5,152,2017,071231,     18.00,      6.00,      6.00,      6.00,0,0,0,3,3,3
H5,152,2017,071232,     18.00,      6.00,      6.00,      6.00,0,0,0,3,3,3
H5,152,2017,071233,     18.00,      6.00,      6.00,      6.00,0,0,0,3,3,3
H5,152,2017,071239,     18.00,      6.00,      6.00,      6.00,0,0,0,3,3,3
H5,152,2017,071290,     72.00,      6.00,      6.00,      6.00,0,0,0,12,12,12
H5,152,2017,071310,     12.00,      6.00,      6.00,      6.00,0,0,0,2,2,2
H5,152,2017,071320,      6.00,      6.00,      6.00,      6.00,0,0,0,1,1,1
H5,152,2017,071331,     12.00,      6.00,      6.00,      6.00,0,0,0,2,2,2
H5,152,2017,071332,     12.00,      6.00,      6.00,      6.00,0,0,0,2,2,2
H5,152,2017,071333,     12.00,      6.00,      6.00,      6.00,0,0,0,2,2,2
H5,152,2017,071334,     12.00,      6.00,      6.00,      6.00,0,0,0,2,2,2
H5,152,2017,071335,     12.00,      6.00,      6.00,      6.00,0,0,0,2,2,2
H5,152,2017,071339,     12.00,      6.00,      6.00,      6.00,0,0,0,2,2,2
H5,152,2017,071340,      6.00,      6.00,      6.00,      6.00,0,0,0,1,1,1
H5,152,2017,071350,     12.00,      6.00,      6.00,      6.00,0,0,0,2,2,2
H5,152,2017,071360,      6.00,      6.00,      6.00,      6.00,0,0,0,1,1,1
H5,152,2017,071390,      6.00,      6.00,      6.00,      6.00,0,0,0,1,1,1
H5,152,2017,071410,      6.00,      6.00,      6.00,      6.00,0,0,0,1,1,1
H5,152,2017,071420,      6.00,      6.00,      6.00,      6.00,0,0,0,1,1,1
H5,152,2017,071430,      6.00,      6.00,      6.00,      6.00,0,0,0,1,1,1
H5,152,2017,071440,      6.00,      6.00,      6.00,      6.00,0,0,0,1,1,1
H5,152,2017,071450,      6.00,      6.00,      6.00,      6.00,0,0,0,1,1,1
H5,152,2017,071490,      6.00,      6.00,      6.00,      6.00,0,0,0,1,1,1
H5,152,2017,080111,      6.00,      6.00,      6.00,      6.00,0,0,0,1,1,1
H5,152,2017,080112,      6.00,      6.00,      6.00,      6.00,0,0,0,1,1,1
H5,152,2017,080119,      6.00,      6.00,      6.00,      6.00,0,0,0,1,1,1
H5,152,2017,080121,      6.00,      6.00,      6.00,      6.00,0,0,0,1,1,1
H5,152,2017,080122,      6.00,      6.00,      6.00,      6.00,0,0,0,1,1,1
H5,152,2017,080131,      6.00,      6.00,      6.00,      6.00,0,0,0,1,1,1
H5,152,2017,080132,      6.00,      6.00,      6.00,      6.00,0,0,0,1,1,1
H5,152,2017,080211,      6.00,      6.00,      6.00,      6.00,0,0,0,1,1,1
H5,152,2017,080212,     12.00,      6.00,      6.00,      6.00,0,0,0,2,2,2
H5,152,2017,080221,      6.00,      6.00,      6.00,      6.00,0,0,0,1,1,1
H5,152,2017,080222,      6.00,      6.00,      6.00,      6.00,0,0,0,1,1,1
H5,152,2017,080231,      6.00,      6.00,      6.00,      6.00,0,0,0,1,1,1
H5,152,2017,080232,     12.00,      6.00,      6.00,      6.00,0,0,0,2,2,2
H5,152,2017,080241,      6.00,      6.00,      6.00,      6.00,0,0,0,1,1,1
H5,152,2017,080242,      6.00,      6.00,      6.00,      6.00,0,0,0,1,1,1
H5,152,2017,080251,      6.00,      6.00,      6.00,      6.00,0,0,0,1,1,1
H5,152,2017,080252,      6.00,      6.00,      6.00,      6.00,0,0,0,1,1,1
H5,152,2017,080261,      6.00,      6.00,      6.00,      6.00,0,0,0,1,1,1
H5,152,2017,080262,      6.00,      6.00,      6.00,      6.00,0,0,0,1,1,1
H5,152,2017,080270,      6.00,      6.00,      6.00,      6.00,0,0,0,1,1,1
H5,152,2017,080280,      6.00,      6.00,      6.00,      6.00,0,0,0,1,1,1
H5,152,2017,080290,      6.00,      6.00,      6.00,      6.00,0,0,0,1,1,1
H5,152,2017,080310,      6.00,      6.00,      6.00,      6.00,0,0,0,1,1,1
H5,152,2017,080390,      6.00,      6.00,      6.00,      6.00,0,0,0,1,1,1
H5,152,2017,080410,      6.00,      6.00,      6.00,      6.00,0,0,0,1,1,1
H5,152,2017,080420,      6.00,      6.00,      6.00,      6.00,0,0,0,1,1,1
H5,152,2017,080430,      6.00,      6.00,      6.00,      6.00,0,0,0,1,1,1
H5,152,2017,080440,     30.00,      6.00,      6.00,      6.00,0,0,0,5,5,5
H5,152,2017,080450,      6.00,      6.00,      6.00,      6.00,0,0,0,1,1,1
H5,152,2017,080510,      6.00,      6.00,      6.00,      6.00,0,0,0,1,1,1
H5,152,2017,080521,      6.00,      6.00,      6.00,      6.00,0,0,0,1,1,1
H5,152,2017,080522,      6.00,      6.00,      6.00,      6.00,0,0,0,1,1,1
H5,152,2017,080529,      6.00,      6.00,      6.00,      6.00,0,0,0,1,1,1
H5,152,2017,080540,      6.00,      6.00,      6.00,      6.00,0,0,0,1,1,1
H5,152,2017,080550,     18.00,      6.00,      6.00,      6.00,0,0,0,3,3,3
H5,152,2017,080590,      6.00,      6.00,      6.00,      6.00,0,0,0,1,1,1
H5,152,2017,080610,    108.00,      6.00,      6.00,      6.00,0,0,0,18,18,18
H5,152,2017,080620,     12.00,      6.00,      6.00,      6.00,0,0,0,2,2,2
H5,152,2017,080711,      6.00,      6.00,      6.00,      6.00,0,0,0,1,1,1
H5,152,2017,080719,      6.00,      6.00,      6.00,      6.00,0,0,0,1,1,1
H5,152,2017,080720,      6.00,      6.00,      6.00,      6.00,0,0,0,1,1,1
H5,152,2017,080810,     78.00,      6.00,      6.00,      6.00,0,0,0,13,13,13
H5,152,2017,080830,     48.00,      6.00,      6.00,      6.00,0,0,0,8,8,8
H5,152,2017,080840,      6.00,      6.00,      6.00,      6.00,0,0,0,1,1,1
H5,152,2017,080910,      6.00,      6.00,      6.00,      6.00,0,0,0,1,1,1
H5,152,2017,080921,     12.00,      6.00,      6.00,      6.00,0,0,0,2,2,2
H5,152,2017,080929,     18.00,      6.00,      6.00,      6.00,0,0,0,3,3,3
H5,152,2017,080930,     18.00,      6.00,      6.00,      6.00,0,0,0,3,3,3
H5,152,2017,080940,     18.00,      6.00,      6.00,      6.00,0,0,0,3,3,3
H5,152,2017,081010,      6.00,      6.00,      6.00,      6.00,0,0,0,1,1,1
H5,152,2017,081020,     30.00,      6.00,      6.00,      6.00,0,0,0,5,5,5
H5,152,2017,081030,      6.00,      6.00,      6.00,      6.00,0,0,0,1,1,1
H5,152,2017,081040,     48.00,      6.00,      6.00,      6.00,0,0,0,8,8,8
H5,152,2017,081050,     12.00,      6.00,      6.00,      6.00,0,0,0,2,2,2
H5,152,2017,081060,      6.00,      6.00,      6.00,      6.00,0,0,0,1,1,1
H5,152,2017,081070,      6.00,      6.00,      6.00,      6.00,0,0,0,1,1,1
H5,152,2017,081090,     60.00,      6.00,      6.00,      6.00,0,0,0,10,10,10
H5,152,2017,081110,     12.00,      6.00,      6.00,      6.00,0,0,0,2,2,2
H5,152,2017,081120,     30.00,      6.00,      6.00,      6.00,0,0,0,5,5,5
H5,152,2017,081190,     60.00,      6.00,      6.00,      6.00,0,0,0,10,10,10
H5,152,2017,081210,     12.00,      6.00,      6.00,      6.00,0,0,0,2,2,2
H5,152,2017,081290,     12.00,      6.00,      6.00,      6.00,0,0,0,2,2,2
H5,152,2017,081310,      6.00,      6.00,      6.00,      6.00,0,0,0,1,1,1
H5,152,2017,081320,     12.00,      6.00,      6.00,      6.00,0,0,0,2,2,2
H5,152,2017,081330,     12.00,      6.00,      6.00,      6.00,0,0,0,2,2,2
H5,152,2017,081340,     84.00,      6.00,      6.00,      6.00,0,0,0,14,14,14
H5,152,2017,081350,      6.00,      6.00,      6.00,      6.00,0,0,0,1,1,1
H5,152,2017,081400,      6.00,      6.00,      6.00,      6.00,0,0,0,1,1,1
H5,152,2017,090111,      6.00,      6.00,      6.00,      6.00,0,0,0,1,1,1
H5,152,2017,090112,      6.00,      6.00,      6.00,      6.00,0,0,0,1,1,1
H5,152,2017,090121,     12.00,      6.00,      6.00,      6.00,0,0,0,2,2,2
H5,152,2017,090122,      6.00,      6.00,      6.00,      6.00,0,0,0,1,1,1
H5,152,2017,090190,      6.00,      6.00,      6.00,      6.00,0,0,0,1,1,1
H5,152,2017,090210,      6.00,      6.00,      6.00,      6.00,0,0,0,1,1,1
H5,152,2017,090220,     12.00,      6.00,      6.00,      6.00,0,0,0,2,2,2
H5,152,2017,090230,     12.00,      6.00,      6.00,      6.00,0,0,0,2,2,2
H5,152,2017,090240,      6.00,      6.00,      6.00,      6.00,0,0,0,1,1,1
H5,152,2017,090300,      6.00,      6.00,      6.00,      6.00,0,0,0,1,1,1
H5,152,2017,090411,      6.00,      6.00,      6.00,      6.00,0,0,0,1,1,1
H5,152,2017,090412,      6.00,      6.00,      6.00,      6.00,0,0,0,1,1,1
H5,152,2017,090421,      6.00,      6.00,      6.00,      6.00,0,0,0,1,1,1
H5,152,2017,090422,     24.00,      6.00,      6.00,      6.00,0,0,0,4,4,4
H5,152,2017,090510,      6.00,      6.00,      6.00,      6.00,0,0,0,1,1,1
H5,152,2017,090520,      6.00,      6.00,      6.00,      6.00,0,0,0,1,1,1
H5,152,2017,090611,      6.00,      6.00,      6.00,      6.00,0,0,0,1,1,1
H5,152,2017,090619,     24.00,      6.00,      6.00,      6.00,0,0,0,4,4,4
H5,152,2017,090620,      6.00,      6.00,      6.00,      6.00,0,0,0,1,1,1
H5,152,2017,090710,      6.00,      6.00,      6.00,      6.00,0,0,0,1,1,1
H5,152,2017,090720,      6.00,      6.00,      6.00,      6.00,0,0,0,1,1,1
H5,152,2017,090811,      6.00,      6.00,      6.00,      6.00,0,0,0,1,1,1
H5,152,2017,090812,      6.00,      6.00,      6.00,      6.00,0,0,0,1,1,1
H5,152,2017,090821,      6.00,      6.00,      6.00,      6.00,0,0,0,1,1,1
H5,152,2017,090822,      6.00,      6.00,      6.00,      6.00,0,0,0,1,1,1
H5,152,2017,090831,      6.00,      6.00,      6.00,      6.00,0,0,0,1,1,1
H5,152,2017,090832,      6.00,      6.00,      6.00,      6.00,0,0,0,1,1,1
H5,152,2017,090921,      6.00,      6.00,      6.00,      6.00,0,0,0,1,1,1
H5,152,2017,090922,      6.00,      6.00,      6.00,      6.00,0,0,0,1,1,1
H5,152,2017,090931,      6.00,      6.00,      6.00,      6.00,0,0,0,1,1,1
H5,152,2017,090932,      6.00,      6.00,      6.00,      6.00,0,0,0,1,1,1
H5,152,2017,090961,      6.00,      6.00,      6.00,      6.00,0,0,0,1,1,1
H5,152,2017,090962,      6.00,      6.00,      6.00,      6.00,0,0,0,1,1,1
H5,152,2017,091011,     12.00,      6.00,      6.00,      6.00,0,0,0,2,2,2
H5,152,2017,091012,      6.00,      6.00,      6.00,      6.00,0,0,0,1,1,1
H5,152,2017,091020,      6.00,      6.00,      6.00,      6.00,0,0,0,1,1,1
H5,152,2017,091030,      6.00,      6.00,      6.00,      6.00,0,0,0,1,1,1
H5,152,2017,091091,      6.00,      6.00,      6.00,      6.00,0,0,0,1,1,1
H5,152,2017,091099,      6.00,      6.00,      6.00,      6.00,0,0,0,1,1,1
H5,152,2017,100111,      6.00,      6.00,      6.00,      6.00,0,0,0,1,1,1
H5,152,2017,100119,      6.00,      6.00,      6.00,      6.00,0,0,0,1,1,1
H5,152,2017,100191,      6.00,      6.00,      6.00,      6.00,0,0,0,1,1,1
H5,152,2017,100199,    192.00,      6.00,      6.00,      6.00,0,0,0,32,32,32
H5,152,2017,100210,      6.00,      6.00,      6.00,      6.00,0,0,0,1,1,1
H5,152,2017,100290,     12.00,      6.00,      6.00,      6.00,0,0,0,2,2,2
H5,152,2017,100310,      6.00,      6.00,      6.00,      6.00,0,0,0,1,1,1
H5,152,2017,100390,     12.00,      6.00,      6.00,      6.00,0,0,0,2,2,2
H5,152,2017,100410,      6.00,      6.00,      6.00,      6.00,0,0,0,1,1,1
H5,152,2017,100490,      6.00,      6.00,      6.00,      6.00,0,0,0,1,1,1
H5,152,2017,100510,     12.00,      6.00,      6.00,      6.00,0,0,0,2,2,2
H5,152,2017,100590,     18.00,      6.00,      6.00,      6.00,0,0,0,3,3,3
H5,152,2017,100610,     12.00,      6.00,      6.00,      6.00,0,0,0,2,2,2
H5,152,2017,100620,      6.00,      6.00,      6.00,      6.00,0,0,0,1,1,1
H5,152,2017,100630,     18.00,      6.00,      6.00,      6.00,0,0,0,3,3,3
H5,152,2017,100640,      6.00,      6.00,      6.00,      6.00,0,0,0,1,1,1
H5,152,2017,100710,      6.00,      6.00,      6.00,      6.00,0,0,0,1,1,1
H5,152,2017,100790,     12.00,      6.00,      6.00,      6.00,0,0,0,2,2,2
H5,152,2017,100810,      6.00,      6.00,      6.00,      6.00,0,0,0,1,1,1
H5,152,2017,100821,      6.00,      6.00,      6.00,      6.00,0,0,0,1,1,1
H5,152,2017,100829,      6.00,      6.00,      6.00,      6.00,0,0,0,1,1,1
H5,152,2017,100830,      6.00,      6.00,      6.00,      6.00,0,0,0,1,1,1
H5,152,2017,100840,      6.00,      6.00,      6.00,      6.00,0,0,0,1,1,1
H5,152,2017,100850,     12.00,      6.00,      6.00,      6.00,0,0,0,2,2,2
H5,152,2017,100860,      6.00,      6.00,      6.00,      6.00,0,0,0,1,1,1
H5,152,2017,100890,      6.00,      6.00,      6.00,      6.00,0,0,0,1,1,1
H5,152,2017,110100,      6.00,      6.00,      6.00,      6.00,0,0,0,1,1,1
H5,152,2017,110220,      6.00,      6.00,      6.00,      6.00,0,0,0,1,1,1
H5,152,2017,110290,      6.00,      6.00,      6.00,      6.00,0,0,0,1,1,1
H5,152,2017,110311,      6.00,      6.00,      6.00,      6.00,0,0,0,1,1,1
H5,152,2017,110313,      6.00,      6.00,      6.00,      6.00,0,0,0,1,1,1
H5,152,2017,110319,      6.00,      6.00,      6.00,      6.00,0,0,0,1,1,1
H5,152,2017,110320,      6.00,      6.00,      6.00,      6.00,0,0,0,1,1,1
H5,152,2017,110412,      6.00,      6.00,      6.00,      6.00,0,0,0,1,1,1
H5,152,2017,110419,      6.00,      6.00,      6.00,      6.00,0,0,0,1,1,1
H5,152,2017,110422,     12.00,      6.00,      6.00,      6.00,0,0,0,2,2,2
H5,152,2017,110423,      6.00,      6.00,      6.00,      6.00,0,0,0,1,1,1
H5,152,2017,110429,      6.00,      6.00,      6.00,      6.00,0,0,0,1,1,1
H5,152,2017,110430,      6.00,      6.00,      6.00,      6.00,0,0,0,1,1,1
H5,152,2017,110510,      6.00,      6.00,      6.00,      6.00,0,0,0,1,1,1
H5,152,2017,110520,      6.00,      6.00,      6.00,      6.00,0,0,0,1,1,1
H5,152,2017,110610,      6.00,      6.00,      6.00,      6.00,0,0,0,1,1,1
H5,152,2017,110620,      6.00,      6.00,      6.00,      6.00,0,0,0,1,1,1
H5,152,2017,110630,      6.00,      6.00,      6.00,      6.00,0,0,0,1,1,1
H5,152,2017,110710,      6.00,      6.00,      6.00,      6.00,0,0,0,1,1,1
H5,152,2017,110720,      6.00,      6.00,      6.00,      6.00,0,0,0,1,1,1
H5,152,2017,110811,      6.00,      6.00,      6.00,      6.00,0,0,0,1,1,1
H5,152,2017,110812,      6.00,      6.00,      6.00,      6.00,0,0,0,1,1,1
H5,152,2017,110813,      6.00,      6.00,      6.00,      6.00,0,0,0,1,1,1
H5,152,2017,110814,      6.00,      6.00,      6.00,      6.00,0,0,0,1,1,1
H5,152,2017,110819,      6.00,      6.00,      6.00,      6.00,0,0,0,1,1,1
H5,152,2017,110820,      6.00,      6.00,      6.00,      6.00,0,0,0,1,1,1
H5,152,2017,110900,      6.00,      6.00,      6.00,      6.00,0,0,0,1,1,1
H5,152,2017,120110,      6.00,      6.00,      6.00,      6.00,0,0,0,1,1,1
H5,152,2017,120190,      6.00,      6.00,      6.00,      6.00,0,0,0,1,1,1
H5,152,2017,120230,      6.00,      6.00,      6.00,      6.00,0,0,0,1,1,1
H5,152,2017,120241,      6.00,      6.00,      6.00,      6.00,0,0,0,1,1,1
H5,152,2017,120242,      6.00,      6.00,      6.00,      6.00,0,0,0,1,1,1
H5,152,2017,120300,      6.00,      6.00,      6.00,      6.00,0,0,0,1,1,1
H5,152,2017,120400,     12.00,      6.00,      6.00,      6.00,0,0,0,2,2,2
H5,152,2017,120510,     12.00,      6.00,      6.00,      6.00,0,0,0,2,2,2
H5,152,2017,120590,     12.00,      6.00,      6.00,      6.00,0,0,0,2,2,2
H5,152,2017,120600,     12.00,      6.00,      6.00,      6.00,0,0,0,2,2,2
H5,152,2017,120710,      6.00,      6.00,      6.00,      6.00,0,0,0,1,1,1
H5,152,2017,120721,      6.00,      6.00,      6.00,      6.00,0,0,0,1,1,1
H5,152,2017,120729,      6.00,      6.00,      6.00,      6.00,0,0,0,1,1,1
H5,152,2017,120730,     12.00,      6.00,      6.00,      6.00,0,0,0,2,2,2
H5,152,2017,120740,     12.00,      6.00,      6.00,      6.00,0,0,0,2,2,2
H5,152,2017,120750,     12.00,      6.00,      6.00,      6.00,0,0,0,2,2,2
H5,152,2017,120760,     12.00,      6.00,      6.00,      6.00,0,0,0,2,2,2
H5,152,2017,120770,     12.00,      6.00,      6.00,      6.00,0,0,0,2,2,2
H5,152,2017,120791,     12.00,      6.00,      6.00,      6.00,0,0,0,2,2,2
H5,152,2017,120799,      6.00,      6.00,      6.00,      6.00,0,0,0,1,1,1
H5,152,2017,120810,      6.00,      6.00,      6.00,      6.00,0,0,0,1,1,1
H5,152,2017,120890,      6.00,      6.00,      6.00,      6.00,0,0,0,1,1,1
H5,152,2017,120910,      6.00,      6.00,      6.00,      6.00,0,0,0,1,1,1
H5,152,2017,120921,      6.00,      6.00,      6.00,      6.00,0,0,0,1,1,1
H5,152,2017,120922,     24.00,      6.00,      6.00,      6.00,0,0,0,4,4,4
H5,152,2017,120923,      6.00,      6.00,      6.00,      6.00,0,0,0,1,1,1
H5,152,2017,120924,      6.00,      6.00,      6.00,      6.00,0,0,0,1,1,1
H5,152,2017,120925,      6.00,      6.00,      6.00,      6.00,0,0,0,1,1,1
H5,152,2017,120929,     30.00,      6.00,      6.00,      6.00,0,0,0,5,5,5
H5,152,2017,120930,     12.00,      6.00,      6.00,      6.00,0,0,0,2,2,2
H5,152,2017,120991,    264.00,      6.00,      6.00,      6.00,0,0,0,44,44,44
H5,152,2017,120999,     18.00,      6.00,      6.00,      6.00,0,0,0,3,3,3
H5,152,2017,121010,      6.00,      6.00,      6.00,      6.00,0,0,0,1,1,1
H5,152,2017,121020,      6.00,      6.00,      6.00,      6.00,0,0,0,1,1,1
H5,152,2017,121120,      6.00,      6.00,      6.00,      6.00,0,0,0,1,1,1
H5,152,2017,121130,      6.00,      6.00,      6.00,      6.00,0,0,0,1,1,1
H5,152,2017,121140,      6.00,      6.00,      6.00,      6.00,0,0,0,1,1,1
H5,152,2017,121150,      6.00,      6.00,      6.00,      6.00,0,0,0,1,1,1
H5,152,2017,121190,    114.00,      6.00,      6.00,      6.00,0,0,0,19,19,19
H5,152,2017,121221,     48.00,      6.00,      6.00,      6.00,0,0,0,8,8,8
H5,152,2017,121229,     48.00,      6.00,      6.00,      6.00,0,0,0,8,8,8
H5,152,2017,121291,      6.00,      6.00,      6.00,      6.00,0,0,0,1,1,1
H5,152,2017,121292,      6.00,      6.00,      6.00,      6.00,0,0,0,1,1,1
H5,152,2017,121293,      6.00,      6.00,      6.00,      6.00,0,0,0,1,1,1
H5,152,2017,121294,      6.00,      6.00,      6.00,      6.00,0,0,0,1,1,1
H5,152,2017,121299,      6.00,      6.00,      6.00,      6.00,0,0,0,1,1,1
H5,152,2017,121300,      6.00,      6.00,      6.00,      6.00,0,0,0,1,1,1
H5,152,2017,121410,      6.00,      6.00,      6.00,      6.00,0,0,0,1,1,1
H5,152,2017,121490,     12.00,      6.00,      6.00,      6.00,0,0,0,2,2,2
H5,152,2017,130120,      6.00,      6.00,      6.00,      6.00,0,0,0,1,1,1
H5,152,2017,130190,      6.00,      6.00,      6.00,      6.00,0,0,0,1,1,1
H5,152,2017,130211,      6.00,      6.00,      6.00,      6.00,0,0,0,1,1,1
H5,152,2017,130212,      6.00,      6.00,      6.00,      6.00,0,0,0,1,1,1
H5,152,2017,130213,      6.00,      6.00,      6.00,      6.00,0,0,0,1,1,1
H5,152,2017,130214,      6.00,      6.00,      6.00,      6.00,0,0,0,1,1,1
H5,152,2017,130219,     12.00,      6.00,      6.00,      6.00,0,0,0,2,2,2
H5,152,2017,130220,      6.00,      6.00,      6.00,      6.00,0,0,0,1,1,1
H5,152,2017,130231,      6.00,      6.00,      6.00,      6.00,0,0,0,1,1,1
H5,152,2017,130232,      6.00,      6.00,      6.00,      6.00,0,0,0,1,1,1
H5,152,2017,130239,     12.00,      6.00,      6.00,      6.00,0,0,0,2,2,2
H5,152,2017,140110,      6.00,      6.00,      6.00,      6.00,0,0,0,1,1,1
H5,152,2017,140120,      6.00,      6.00,      6.00,      6.00,0,0,0,1,1,1
H5,152,2017,140190,      6.00,      6.00,      6.00,      6.00,0,0,0,1,1,1
H5,152,2017,140420,      6.00,      6.00,      6.00,      6.00,0,0,0,1,1,1
H5,152,2017,140490,     30.00,      6.00,      6.00,      6.00,0,0,0,5,5,5
H5,152,2017,150110,      6.00,      6.00,      6.00,      6.00,0,0,0,1,1,1
H5,152,2017,150120,      6.00,      6.00,      6.00,      6.00,0,0,0,1,1,1
H5,152,2017,150190,      6.00,      6.00,      6.00,      6.00,0,0,0,1,1,1
H5,152,2017,150210,     12.00,      6.00,      6.00,      6.00,0,0,0,2,2,2
H5,152,2017,150290,      6.00,      6.00,      6.00,      6.00,0,0,0,1,1,1
H5,152,2017,150300,      6.00,      6.00,      6.00,      6.00,0,0,0,1,1,1
H5,152,2017,150410,      6.00,      6.00,      6.00,      6.00,0,0,0,1,1,1
H5,152,2017,150420,     18.00,      6.00,      6.00,      6.00,0,0,0,3,3,3
H5,152,2017,150430,      6.00,      6.00,      6.00,      6.00,0,0,0,1,1,1
H5,152,2017,150500,      6.00,      6.00,      6.00,      6.00,0,0,0,1,1,1
H5,152,2017,150600,      6.00,      6.00,      6.00,      6.00,0,0,0,1,1,1
H5,152,2017,150710,      6.00,      6.00,      6.00,      6.00,0,0,0,1,1,1
H5,152,2017,150790,     12.00,      6.00,      6.00,      6.00,0,0,0,2,2,2
H5,152,2017,150810,      6.00,      6.00,      6.00,      6.00,0,0,0,1,1,1
H5,152,2017,150890,      6.00,      6.00,      6.00,      6.00,0,0,0,1,1,1
H5,152,2017,150910,     24.00,      6.00,      6.00,      6.00,0,0,0,4,4,4
H5,152,2017,150990,     12.00,      6.00,      6.00,      6.00,0,0,0,2,2,2
H5,152,2017,151000,      6.00,      6.00,      6.00,      6.00,0,0,0,1,1,1
H5,152,2017,151110,      6.00,      6.00,      6.00,      6.00,0,0,0,1,1,1
H5,152,2017,151190,      6.00,      6.00,      6.00,      6.00,0,0,0,1,1,1
H5,152,2017,151211,     12.00,      6.00,      6.00,      6.00,0,0,0,2,2,2
H5,152,2017,151219,     18.00,      6.00,      6.00,      6.00,0,0,0,3,3,3
H5,152,2017,151221,      6.00,      6.00,      6.00,      6.00,0,0,0,1,1,1
H5,152,2017,151229,      6.00,      6.00,      6.00,      6.00,0,0,0,1,1,1
H5,152,2017,151311,      6.00,      6.00,      6.00,      6.00,0,0,0,1,1,1
H5,152,2017,151319,      6.00,      6.00,      6.00,      6.00,0,0,0,1,1,1
H5,152,2017,151321,      6.00,      6.00,      6.00,      6.00,0,0,0,1,1,1
H5,152,2017,151329,      6.00,      6.00,      6.00,      6.00,0,0,0,1,1,1
H5,152,2017,151411,      6.00,      6.00,      6.00,      6.00,0,0,0,1,1,1
H5,152,2017,151419,      6.00,      6.00,      6.00,      6.00,0,0,0,1,1,1
H5,152,2017,151491,      6.00,      6.00,      6.00,      6.00,0,0,0,1,1,1
H5,152,2017,151499,      6.00,      6.00,      6.00,      6.00,0,0,0,1,1,1
H5,152,2017,151511,      6.00,      6.00,      6.00,      6.00,0,0,0,1,1,1
H5,152,2017,151519,      6.00,      6.00,      6.00,      6.00,0,0,0,1,1,1
H5,152,2017,151521,      6.00,      6.00,      6.00,      6.00,0,0,0,1,1,1
H5,152,2017,151529,      6.00,      6.00,      6.00,      6.00,0,0,0,1,1,1
H5,152,2017,151530,      6.00,      6.00,      6.00,      6.00,0,0,0,1,1,1
H5,152,2017,151550,      6.00,      6.00,      6.00,      6.00,0,0,0,1,1,1
H5,152,2017,151590,     42.00,      6.00,      6.00,      6.00,0,0,0,7,7,7
H5,152,2017,151610,     18.00,      6.00,      6.00,      6.00,0,0,0,3,3,3
H5,152,2017,151620,      6.00,      6.00,      6.00,      6.00,0,0,0,1,1,1
H5,152,2017,151710,     12.00,      6.00,      6.00,      6.00,0,0,0,2,2,2
H5,152,2017,151790,     18.00,      6.00,      6.00,      6.00,0,0,0,3,3,3
H5,152,2017,151800,      6.00,      6.00,      6.00,      6.00,0,0,0,1,1,1
H5,152,2017,152000,      6.00,      6.00,      6.00,      6.00,0,0,0,1,1,1
H5,152,2017,152110,      6.00,      6.00,      6.00,      6.00,0,0,0,1,1,1
H5,152,2017,152190,     18.00,      6.00,      6.00,      6.00,0,0,0,3,3,3
H5,152,2017,152200,      6.00,      6.00,      6.00,      6.00,0,0,0,1,1,1
H5,152,2017,160100,      6.00,      6.00,      6.00,      6.00,0,0,0,1,1,1
H5,152,2017,160210,      6.00,      6.00,      6.00,      6.00,0,0,0,1,1,1
H5,152,2017,160220,      6.00,      6.00,      6.00,      6.00,0,0,0,1,1,1
H5,152,2017,160231,     24.00,      6.00,      6.00,      6.00,0,0,0,4,4,4
H5,152,2017,160232,     24.00,      6.00,      6.00,      6.00,0,0,0,4,4,4
H5,152,2017,160239,      6.00,      6.00,      6.00,      6.00,0,0,0,1,1,1
H5,152,2017,160241,      6.00,      6.00,      6.00,      6.00,0,0,0,1,1,1
H5,152,2017,160242,      6.00,      6.00,      6.00,      6.00,0,0,0,1,1,1
H5,152,2017,160249,      6.00,      6.00,      6.00,      6.00,0,0,0,1,1,1
H5,152,2017,160250,      6.00,      6.00,      6.00,      6.00,0,0,0,1,1,1
H5,152,2017,160290,     48.00,      6.00,      6.00,      6.00,0,0,0,8,8,8
H5,152,2017,160300,      6.00,      6.00,      6.00,      6.00,0,0,0,1,1,1
H5,152,2017,160411,     12.00,      6.00,      6.00,      6.00,0,0,0,2,2,2
H5,152,2017,160412,      6.00,      6.00,      6.00,      6.00,0,0,0,1,1,1
H5,152,2017,160413,     24.00,      6.00,      6.00,      6.00,0,0,0,4,4,4
H5,152,2017,160414,     18.00,      6.00,      6.00,      6.00,0,0,0,3,3,3
H5,152,2017,160415,      6.00,      6.00,      6.00,      6.00,0,0,0,1,1,1
H5,152,2017,160416,     12.00,      6.00,      6.00,      6.00,0,0,0,2,2,2
H5,152,2017,160417,      6.00,      6.00,      6.00,      6.00,0,0,0,1,1,1
H5,152,2017,160418,      6.00,      6.00,      6.00,      6.00,0,0,0,1,1,1
H5,152,2017,160419,     48.00,      6.00,      6.00,      6.00,0,0,0,8,8,8
H5,152,2017,160420,     48.00,      6.00,      6.00,      6.00,0,0,0,8,8,8
H5,152,2017,160431,      6.00,      6.00,      6.00,      6.00,0,0,0,1,1,1
H5,152,2017,160432,      6.00,      6.00,      6.00,      6.00,0,0,0,1,1,1
H5,152,2017,160510,     78.00,      6.00,      6.00,      6.00,0,0,0,13,13,13
H5,152,2017,160521,    108.00,      6.00,      6.00,      6.00,0,0,0,18,18,18
H5,152,2017,160529,     60.00,      6.00,      6.00,      6.00,0,0,0,10,10,10
H5,152,2017,160530,      6.00,      6.00,      6.00,      6.00,0,0,0,1,1,1
H5,152,2017,160540,      6.00,      6.00,      6.00,      6.00,0,0,0,1,1,1
H5,152,2017,160551,      6.00,      6.00,      6.00,      6.00,0,0,0,1,1,1
H5,152,2017,160552,     12.00,      6.00,      6.00,      6.00,0,0,0,2,2,2
H5,152,2017,160553,      6.00,      6.00,      6.00,      6.00,0,0,0,1,1,1
H5,152,2017,160554,     12.00,      6.00,      6.00,      6.00,0,0,0,2,2,2
H5,152,2017,160555,      6.00,      6.00,      6.00,      6.00,0,0,0,1,1,1
H5,152,2017,160556,     24.00,      6.00,      6.00,      6.00,0,0,0,4,4,4
H5,152,2017,160557,     12.00,      6.00,      6.00,      6.00,0,0,0,2,2,2
H5,152,2017,160558,      6.00,      6.00,      6.00,      6.00,0,0,0,1,1,1
H5,152,2017,160559,     72.00,      6.00,      6.00,      6.00,0,0,0,12,12,12
H5,152,2017,160561,      6.00,      6.00,      6.00,      6.00,0,0,0,1,1,1
H5,152,2017,160562,      6.00,      6.00,      6.00,      6.00,0,0,0,1,1,1
H5,152,2017,160563,      6.00,      6.00,      6.00,      6.00,0,0,0,1,1,1
H5,152,2017,160569,      6.00,      6.00,      6.00,      6.00,0,0,0,1,1,1
H5,152,2017,170112,      6.00,      6.00,      6.00,      6.00,0,0,0,1,1,1
H5,152,2017,170113,      6.00,      6.00,      6.00,      6.00,0,0,0,1,1,1
H5,152,2017,170114,      6.00,      6.00,      6.00,      6.00,0,0,0,1,1,1
H5,152,2017,170191,      6.00,      6.00,      6.00,      6.00,0,0,0,1,1,1
H5,152,2017,170199,     18.00,      6.00,      6.00,      6.00,0,0,0,3,3,3
H5,152,2017,170211,      6.00,      6.00,      6.00,      6.00,0,0,0,1,1,1
H5,152,2017,170219,      6.00,      6.00,      6.00,      6.00,0,0,0,1,1,1
H5,152,2017,170220,      6.00,      6.00,      6.00,      6.00,0,0,0,1,1,1
H5,152,2017,170230,      6.00,      6.00,      6.00,      6.00,0,0,0,1,1,1
H5,152,2017,170240,      6.00,      6.00,      6.00,      6.00,0,0,0,1,1,1
H5,152,2017,170250,      6.00,      6.00,      6.00,      6.00,0,0,0,1,1,1
H5,152,2017,170260,     18.00,      6.00,      6.00,      6.00,0,0,0,3,3,3
H5,152,2017,170290,     18.00,      6.00,      6.00,      6.00,0,0,0,3,3,3
H5,152,2017,170310,      6.00,      6.00,      6.00,      6.00,0,0,0,1,1,1
H5,152,2017,170390,      6.00,      6.00,      6.00,      6.00,0,0,0,1,1,1
H5,152,2017,170410,     12.00,      6.00,      6.00,      6.00,0,0,0,2,2,2
H5,152,2017,170490,     42.00,      6.00,      6.00,      6.00,0,0,0,7,7,7
H5,152,2017,180100,      6.00,      6.00,      6.00,      6.00,0,0,0,1,1,1
H5,152,2017,180200,      6.00,      6.00,      6.00,      6.00,0,0,0,1,1,1
H5,152,2017,180310,      6.00,      6.00,      6.00,      6.00,0,0,0,1,1,1
H5,152,2017,180320,      6.00,      6.00,      6.00,      6.00,0,0,0,1,1,1
H5,152,2017,180400,      6.00,      6.00,      6.00,      6.00,0,0,0,1,1,1
H5,152,2017,180500,      6.00,      6.00,      6.00,      6.00,0,0,0,1,1,1
H5,152,2017,180610,     12.00,      6.00,      6.00,      6.00,0,0,0,2,2,2
H5,152,2017,180620,     12.00,      6.00,      6.00,      6.00,0,0,0,2,2,2
H5,152,2017,180631,      6.00,      6.00,      6.00,      6.00,0,0,0,1,1,1
H5,152,2017,180632,     12.00,      6.00,      6.00,      6.00,0,0,0,2,2,2
H5,152,2017,180690,      6.00,      6.00,      6.00,      6.00,0,0,0,1,1,1
H5,152,2017,190110,     12.00,      6.00,      6.00,      6.00,0,0,0,2,2,2
H5,152,2017,190120,     12.00,      6.00,      6.00,      6.00,0,0,0,2,2,2
H5,152,2017,190190,     18.00,      6.00,      6.00,      6.00,0,0,0,3,3,3
H5,152,2017,190211,      6.00,      6.00,      6.00,      6.00,0,0,0,1,1,1
H5,152,2017,190219,     18.00,      6.00,      6.00,      6.00,0,0,0,3,3,3
H5,152,2017,190220,     12.00,      6.00,      6.00,      6.00,0,0,0,2,2,2
H5,152,2017,190230,      6.00,      6.00,      6.00,      6.00,0,0,0,1,1,1
H5,152,2017,190240,      6.00,      6.00,      6.00,      6.00,0,0,0,1,1,1
H5,152,2017,190300,      6.00,      6.00,      6.00,      6.00,0,0,0,1,1,1
H5,152,2017,190410,      6.00,      6.00,      6.00,      6.00,0,0,0,1,1,1
H5,152,2017,190420,      6.00,      6.00,      6.00,      6.00,0,0,0,1,1,1
H5,152,2017,190430,      6.00,      6.00,      6.00,      6.00,0,0,0,1,1,1
H5,152,2017,190490,      6.00,      6.00,      6.00,      6.00,0,0,0,1,1,1
H5,152,2017,190510,      6.00,      6.00,      6.00,      6.00,0,0,0,1,1,1
H5,152,2017,190520,      6.00,      6.00,      6.00,      6.00,0,0,0,1,1,1
H5,152,2017,190531,      6.00,      6.00,      6.00,      6.00,0,0,0,1,1,1
H5,152,2017,190532,      6.00,      6.00,      6.00,      6.00,0,0,0,1,1,1
H5,152,2017,190540,      6.00,      6.00,      6.00,      6.00,0,0,0,1,1,1
H5,152,2017,190590,     24.00,      6.00,      6.00,      6.00,0,0,0,4,4,4
H5,152,2017,200110,      6.00,      6.00,      6.00,      6.00,0,0,0,1,1,1
H5,152,2017,200190,     24.00,      6.00,      6.00,      6.00,0,0,0,4,4,4
H5,152,2017,200210,      6.00,      6.00,      6.00,      6.00,0,0,0,1,1,1
H5,152,2017,200290,     18.00,      6.00,      6.00,      6.00,0,0,0,3,3,3
H5,152,2017,200310,     12.00,      6.00,      6.00,      6.00,0,0,0,2,2,2
H5,152,2017,200390,     12.00,      6.00,      6.00,      6.00,0,0,0,2,2,2
H5,152,2017,200410,      6.00,      6.00,      6.00,      6.00,0,0,0,1,1,1
H5,152,2017,200490,     12.00,      6.00,      6.00,      6.00,0,0,0,2,2,2
H5,152,2017,200510,      6.00,      6.00,      6.00,      6.00,0,0,0,1,1,1
H5,152,2017,200520,      6.00,      6.00,      6.00,      6.00,0,0,0,1,1,1
H5,152,2017,200540,      6.00,      6.00,      6.00,      6.00,0,0,0,1,1,1
H5,152,2017,200551,      6.00,      6.00,      6.00,      6.00,0,0,0,1,1,1
H5,152,2017,200559,      6.00,      6.00,      6.00,      6.00,0,0,0,1,1,1
H5,152,2017,200560,      6.00,      6.00,      6.00,      6.00,0,0,0,1,1,1
H5,152,2017,200570,      6.00,      6.00,      6.00,      6.00,0,0,0,1,1,1
H5,152,2017,200580,      6.00,      6.00,      6.00,      6.00,0,0,0,1,1,1
H5,152,2017,200591,      6.00,      6.00,      6.00,      6.00,0,0,0,1,1,1
H5,152,2017,200599,     12.00,      6.00,      6.00,      6.00,0,0,0,2,2,2
H5,152,2017,200600,     18.00,      6.00,      6.00,      6.00,0,0,0,3,3,3
H5,152,2017,200710,      6.00,      6.00,      6.00,      6.00,0,0,0,1,1,1
H5,152,2017,200791,      6.00,      6.00,      6.00,      6.00,0,0,0,1,1,1
H5,152,2017,200799,     84.00,      6.00,      6.00,      6.00,0,0,0,14,14,14
H5,152,2017,200811,     12.00,      6.00,      6.00,      6.00,0,0,0,2,2,2
H5,152,2017,200819,      6.00,      6.00,      6.00,      6.00,0,0,0,1,1,1
H5,152,2017,200820,     24.00,      6.00,      6.00,      6.00,0,0,0,4,4,4
H5,152,2017,200830,      6.00,      6.00,      6.00,      6.00,0,0,0,1,1,1
H5,152,2017,200840,      6.00,      6.00,      6.00,      6.00,0,0,0,1,1,1
H5,152,2017,200850,      6.00,      6.00,      6.00,      6.00,0,0,0,1,1,1
H5,152,2017,200860,     18.00,      6.00,      6.00,      6.00,0,0,0,3,3,3
H5,152,2017,200870,     18.00,      6.00,      6.00,      6.00,0,0,0,3,3,3
H5,152,2017,200880,      6.00,      6.00,      6.00,      6.00,0,0,0,1,1,1
H5,152,2017,200891,      6.00,      6.00,      6.00,      6.00,0,0,0,1,1,1
H5,152,2017,200893,      6.00,      6.00,      6.00,      6.00,0,0,0,1,1,1
H5,152,2017,200897,      6.00,      6.00,      6.00,      6.00,0,0,0,1,1,1
H5,152,2017,200899,     24.00,      6.00,      6.00,      6.00,0,0,0,4,4,4
H5,152,2017,200911,      6.00,      6.00,      6.00,      6.00,0,0,0,1,1,1
H5,152,2017,200912,      6.00,      6.00,      6.00,      6.00,0,0,0,1,1,1
H5,152,2017,200919,      6.00,      6.00,      6.00,      6.00,0,0,0,1,1,1
H5,152,2017,200921,      6.00,      6.00,      6.00,      6.00,0,0,0,1,1,1
H5,152,2017,200929,      6.00,      6.00,      6.00,      6.00,0,0,0,1,1,1
H5,152,2017,200931,      6.00,      6.00,      6.00,      6.00,0,0,0,1,1,1
H5,152,2017,200939,      6.00,      6.00,      6.00,      6.00,0,0,0,1,1,1
H5,152,2017,200941,      6.00,      6.00,      6.00,      6.00,0,0,0,1,1,1
H5,152,2017,200949,      6.00,      6.00,      6.00,      6.00,0,0,0,1,1,1
H5,152,2017,200950,      6.00,      6.00,      6.00,      6.00,0,0,0,1,1,1
H5,152,2017,200961,      6.00,      6.00,      6.00,      6.00,0,0,0,1,1,1
H5,152,2017,200969,     12.00,      6.00,      6.00,      6.00,0,0,0,2,2,2
H5,152,2017,200971,      6.00,      6.00,      6.00,      6.00,0,0,0,1,1,1
H5,152,2017,200979,     18.00,      6.00,      6.00,      6.00,0,0,0,3,3,3
H5,152,2017,200981,      6.00,      6.00,      6.00,      6.00,0,0,0,1,1,1
H5,152,2017,200989,     48.00,      6.00,      6.00,      6.00,0,0,0,8,8,8
H5,152,2017,200990,      6.00,      6.00,      6.00,      6.00,0,0,0,1,1,1
H5,152,2017,210111,     24.00,      6.00,      6.00,      6.00,0,0,0,4,4,4
H5,152,2017,210112,      6.00,      6.00,      6.00,      6.00,0,0,0,1,1,1
H5,152,2017,210120,     12.00,      6.00,      6.00,      6.00,0,0,0,2,2,2
H5,152,2017,210130,      6.00,      6.00,      6.00,      6.00,0,0,0,1,1,1
H5,152,2017,210210,      6.00,      6.00,      6.00,      6.00,0,0,0,1,1,1
H5,152,2017,210220,      6.00,      6.00,      6.00,      6.00,0,0,0,1,1,1
H5,152,2017,210230,      6.00,      6.00,      6.00,      6.00,0,0,0,1,1,1
H5,152,2017,210310,      6.00,      6.00,      6.00,      6.00,0,0,0,1,1,1
H5,152,2017,210320,     12.00,      6.00,      6.00,      6.00,0,0,0,2,2,2
H5,152,2017,210330,      6.00,      6.00,      6.00,      6.00,0,0,0,1,1,1
H5,152,2017,210390,     18.00,      6.00,      6.00,      6.00,0,0,0,3,3,3
H5,152,2017,210410,     18.00,      6.00,      6.00,      6.00,0,0,0,3,3,3
H5,152,2017,210420,     12.00,      6.00,      6.00,      6.00,0,0,0,2,2,2
H5,152,2017,210500,     18.00,      6.00,      6.00,      6.00,0,0,0,3,3,3
H5,152,2017,210610,     12.00,      6.00,      6.00,      6.00,0,0,0,2,2,2
H5,152,2017,210690,     18.00,      6.00,      6.00,      6.00,0,0,0,3,3,3
H5,152,2017,220110,      6.00,      6.00,      6.00,      6.00,0,0,0,1,1,1
H5,152,2017,220190,      6.00,      6.00,      6.00,      6.00,0,0,0,1,1,1
H5,152,2017,220210,      6.00,      6.00,      6.00,      6.00,0,0,0,1,1,1
H5,152,2017,220291,      6.00,      6.00,      6.00,      6.00,0,0,0,1,1,1
H5,152,2017,220299,     42.00,      6.00,      6.00,      6.00,0,0,0,7,7,7
H5,152,2017,220300,      6.00,      6.00,      6.00,      6.00,0,0,0,1,1,1
H5,152,2017,220410,      6.00,      6.00,      6.00,      6.00,0,0,0,1,1,1
H5,152,2017,220421,    192.00,      6.00,      6.00,      6.00,0,0,0,32,32,32
H5,152,2017,220422,      6.00,      6.00,      6.00,      6.00,0,0,0,1,1,1
H5,152,2017,220429,     36.00,      6.00,      6.00,      6.00,0,0,0,6,6,6
H5,152,2017,220430,     30.00,      6.00,      6.00,      6.00,0,0,0,5,5,5
H5,152,2017,220510,     12.00,      6.00,      6.00,      6.00,0,0,0,2,2,2
H5,152,2017,220590,      6.00,      6.00,      6.00,      6.00,0,0,0,1,1,1
H5,152,2017,220600,      6.00,      6.00,      6.00,      6.00,0,0,0,1,1,1
H5,152,2017,220710,      6.00,      6.00,      6.00,      6.00,0,0,0,1,1,1
H5,152,2017,220720,      6.00,      6.00,      6.00,      6.00,0,0,0,1,1,1
H5,152,2017,220820,     12.00,      6.00,      6.00,      6.00,0,0,0,2,2,2
H5,152,2017,220830,     18.00,      6.00,      6.00,      6.00,0,0,0,3,3,3
H5,152,2017,220840,     12.00,      6.00,      6.00,      6.00,0,0,0,2,2,2
H5,152,2017,220850,     12.00,      6.00,      6.00,      6.00,0,0,0,2,2,2
H5,152,2017,220860,      6.00,      6.00,      6.00,      6.00,0,0,0,1,1,1
H5,152,2017,220870,      6.00,      6.00,      6.00,      6.00,0,0,0,1,1,1
H5,152,2017,220890,     12.00,      6.00,      6.00,      6.00,0,0,0,2,2,2
H5,152,2017,220900,      6.00,      6.00,      6.00,      6.00,0,0,0,1,1,1
H5,152,2017,230110,     24.00,      6.00,      6.00,      6.00,0,0,0,4,4,4
H5,152,2017,230120,     42.00,      6.00,      6.00,      6.00,0,0,0,7,7,7
H5,152,2017,230210,     12.00,      6.00,      6.00,      6.00,0,0,0,2,2,2
H5,152,2017,230230,      6.00,      6.00,      6.00,      6.00,0,0,0,1,1,1
H5,152,2017,230240,      6.00,      6.00,      6.00,      6.00,0,0,0,1,1,1
H5,152,2017,230250,      6.00,      6.00,      6.00,      6.00,0,0,0,1,1,1
H5,152,2017,230310,      6.00,      6.00,      6.00,      6.00,0,0,0,1,1,1
H5,152,2017,230320,     12.00,      6.00,      6.00,      6.00,0,0,0,2,2,2
H5,152,2017,230330,      6.00,      6.00,      6.00,      6.00,0,0,0,1,1,1
H5,152,2017,230400,     24.00,      6.00,      6.00,      6.00,0,0,0,4,4,4
H5,152,2017,230500,      6.00,      6.00,      6.00,      6.00,0,0,0,1,1,1
H5,152,2017,230610,      6.00,      6.00,      6.00,      6.00,0,0,0,1,1,1
H5,152,2017,230620,      6.00,      6.00,      6.00,      6.00,0,0,0,1,1,1
H5,152,2017,230630,     24.00,      6.00,      6.00,      6.00,0,0,0,4,4,4
H5,152,2017,230641,      6.00,      6.00,      6.00,      6.00,0,0,0,1,1,1
H5,152,2017,230649,      6.00,      6.00,      6.00,      6.00,0,0,0,1,1,1
H5,152,2017,230650,      6.00,      6.00,      6.00,      6.00,0,0,0,1,1,1
H5,152,2017,230660,      6.00,      6.00,      6.00,      6.00,0,0,0,1,1,1
H5,152,2017,230690,      6.00,      6.00,      6.00,      6.00,0,0,0,1,1,1
H5,152,2017,230700,      6.00,      6.00,      6.00,      6.00,0,0,0,1,1,1
H5,152,2017,230800,      6.00,      6.00,      6.00,      6.00,0,0,0,1,1,1
H5,152,2017,230910,     30.00,      6.00,      6.00,      6.00,0,0,0,5,5,5
H5,152,2017,230990,     42.00,      6.00,      6.00,      6.00,0,0,0,7,7,7
H5,152,2017,240110,     18.00,      6.00,      6.00,      6.00,0,0,0,3,3,3
H5,152,2017,240120,     18.00,      6.00,      6.00,      6.00,0,0,0,3,3,3
H5,152,2017,240130,      6.00,      6.00,      6.00,      6.00,0,0,0,1,1,1
H5,152,2017,240210,      6.00,      6.00,      6.00,      6.00,0,0,0,1,1,1
H5,152,2017,240220,      6.00,      6.00,      6.00,      6.00,0,0,0,1,1,1
H5,152,2017,240290,      6.00,      6.00,      6.00,      6.00,0,0,0,1,1,1
H5,152,2017,240311,      6.00,      6.00,      6.00,      6.00,0,0,0,1,1,1
H5,152,2017,240319,      6.00,      6.00,      6.00,      6.00,0,0,0,1,1,1
H5,152,2017,240391,     12.00,      6.00,      6.00,      6.00,0,0,0,2,2,2
H5,152,2017,240399,      6.00,      6.00,      6.00,      6.00,0,0,0,1,1,1
H5,152,2017,250100,     24.00,      6.00,      6.00,      6.00,0,0,0,4,4,4
H5,152,2017,250200,      6.00,      6.00,      6.00,      6.00,0,0,0,1,1,1
H5,152,2017,250300,      6.00,      6.00,      6.00,      6.00,0,0,0,1,1,1
H5,152,2017,250410,      6.00,      6.00,      6.00,      6.00,0,0,0,1,1,1
H5,152,2017,250490,      6.00,      6.00,      6.00,      6.00,0,0,0,1,1,1
H5,152,2017,250510,      6.00,      6.00,      6.00,      6.00,0,0,0,1,1,1
H5,152,2017,250590,      6.00,      6.00,      6.00,      6.00,0,0,0,1,1,1
H5,152,2017,250610,      6.00,      6.00,      6.00,      6.00,0,0,0,1,1,1
H5,152,2017,250620,      6.00,      6.00,      6.00,      6.00,0,0,0,1,1,1
H5,152,2017,250700,      6.00,      6.00,      6.00,      6.00,0,0,0,1,1,1
H5,152,2017,250810,      6.00,      6.00,      6.00,      6.00,0,0,0,1,1,1
H5,152,2017,250830,      6.00,      6.00,      6.00,      6.00,0,0,0,1,1,1
H5,152,2017,250840,      6.00,      6.00,      6.00,      6.00,0,0,0,1,1,1
H5,152,2017,250850,      6.00,      6.00,      6.00,      6.00,0,0,0,1,1,1
H5,152,2017,250860,      6.00,      6.00,      6.00,      6.00,0,0,0,1,1,1
H5,152,2017,250870,      6.00,      6.00,      6.00,      6.00,0,0,0,1,1,1
H5,152,2017,250900,      6.00,      6.00,      6.00,      6.00,0,0,0,1,1,1
H5,152,2017,251010,      6.00,      6.00,      6.00,      6.00,0,0,0,1,1,1
H5,152,2017,251020,      6.00,      6.00,      6.00,      6.00,0,0,0,1,1,1
H5,152,2017,251110,      6.00,      6.00,      6.00,      6.00,0,0,0,1,1,1
H5,152,2017,251120,      6.00,      6.00,      6.00,      6.00,0,0,0,1,1,1
H5,152,2017,251200,      6.00,      6.00,      6.00,      6.00,0,0,0,1,1,1
H5,152,2017,251310,      6.00,      6.00,      6.00,      6.00,0,0,0,1,1,1
H5,152,2017,251320,      6.00,      6.00,      6.00,      6.00,0,0,0,1,1,1
H5,152,2017,251400,      6.00,      6.00,      6.00,      6.00,0,0,0,1,1,1
H5,152,2017,251511,      6.00,      6.00,      6.00,      6.00,0,0,0,1,1,1
H5,152,2017,251512,      6.00,      6.00,      6.00,      6.00,0,0,0,1,1,1
H5,152,2017,251520,      6.00,      6.00,      6.00,      6.00,0,0,0,1,1,1
H5,152,2017,251611,      6.00,      6.00,      6.00,      6.00,0,0,0,1,1,1
H5,152,2017,251612,      6.00,      6.00,      6.00,      6.00,0,0,0,1,1,1
H5,152,2017,251620,      6.00,      6.00,      6.00,      6.00,0,0,0,1,1,1
H5,152,2017,251690,      6.00,      6.00,      6.00,      6.00,0,0,0,1,1,1
H5,152,2017,251710,      6.00,      6.00,      6.00,      6.00,0,0,0,1,1,1
H5,152,2017,251720,      6.00,      6.00,      6.00,      6.00,0,0,0,1,1,1
H5,152,2017,251730,      6.00,      6.00,      6.00,      6.00,0,0,0,1,1,1
H5,152,2017,251741,      6.00,      6.00,      6.00,      6.00,0,0,0,1,1,1
H5,152,2017,251749,      6.00,      6.00,      6.00,      6.00,0,0,0,1,1,1
H5,152,2017,251810,      6.00,      6.00,      6.00,      6.00,0,0,0,1,1,1
H5,152,2017,251820,      6.00,      6.00,      6.00,      6.00,0,0,0,1,1,1
H5,152,2017,251830,      6.00,      6.00,      6.00,      6.00,0,0,0,1,1,1
H5,152,2017,251910,      6.00,      6.00,      6.00,      6.00,0,0,0,1,1,1
H5,152,2017,251990,     12.00,      6.00,      6.00,      6.00,0,0,0,2,2,2
H5,152,2017,252010,      6.00,      6.00,      6.00,      6.00,0,0,0,1,1,1
H5,152,2017,252020,      6.00,      6.00,      6.00,      6.00,0,0,0,1,1,1
H5,152,2017,252100,      6.00,      6.00,      6.00,      6.00,0,0,0,1,1,1
H5,152,2017,252210,      6.00,      6.00,      6.00,      6.00,0,0,0,1,1,1
H5,152,2017,252220,      6.00,      6.00,      6.00,      6.00,0,0,0,1,1,1
H5,152,2017,252230,      6.00,      6.00,      6.00,      6.00,0,0,0,1,1,1
H5,152,2017,252310,      6.00,      6.00,      6.00,      6.00,0,0,0,1,1,1
H5,152,2017,252321,      6.00,      6.00,      6.00,      6.00,0,0,0,1,1,1
H5,152,2017,252329,      6.00,      6.00,      6.00,      6.00,0,0,0,1,1,1
H5,152,2017,252330,      6.00,      6.00,      6.00,      6.00,0,0,0,1,1,1
H5,152,2017,252390,      6.00,      6.00,      6.00,      6.00,0,0,0,1,1,1
H5,152,2017,252410,     12.00,      6.00,      6.00,      6.00,0,0,0,2,2,2
H5,152,2017,252490,     36.00,      6.00,      6.00,      6.00,0,0,0,6,6,6
H5,152,2017,252510,      6.00,      6.00,      6.00,      6.00,0,0,0,1,1,1
H5,152,2017,252520,      6.00,      6.00,      6.00,      6.00,0,0,0,1,1,1
H5,152,2017,252530,      6.00,      6.00,      6.00,      6.00,0,0,0,1,1,1
H5,152,2017,252610,      6.00,      6.00,      6.00,      6.00,0,0,0,1,1,1
H5,152,2017,252620,      6.00,      6.00,      6.00,      6.00,0,0,0,1,1,1
H5,152,2017,252800,     18.00,      6.00,      6.00,      6.00,0,0,0,3,3,3
H5,152,2017,252910,      6.00,      6.00,      6.00,      6.00,0,0,0,1,1,1
H5,152,2017,252921,      6.00,      6.00,      6.00,      6.00,0,0,0,1,1,1
H5,152,2017,252922,      6.00,      6.00,      6.00,      6.00,0,0,0,1,1,1
H5,152,2017,252930,      6.00,      6.00,      6.00,      6.00,0,0,0,1,1,1
H5,152,2017,253010,      6.00,      6.00,      6.00,      6.00,0,0,0,1,1,1
H5,152,2017,253020,      6.00,      6.00,      6.00,      6.00,0,0,0,1,1,1
H5,152,2017,253090,     18.00,      6.00,      6.00,      6.00,0,0,0,3,3,3
H5,152,2017,260111,     18.00,      6.00,      6.00,      6.00,0,0,0,3,3,3
H5,152,2017,260112,     12.00,      6.00,      6.00,      6.00,0,0,0,2,2,2
H5,152,2017,260120,      6.00,      6.00,      6.00,      6.00,0,0,0,1,1,1
H5,152,2017,260200,      6.00,      6.00,      6.00,      6.00,0,0,0,1,1,1
H5,152,2017,260300,      6.00,      6.00,      6.00,      6.00,0,0,0,1,1,1
H5,152,2017,260400,      6.00,      6.00,      6.00,      6.00,0,0,0,1,1,1
H5,152,2017,260500,      6.00,      6.00,      6.00,      6.00,0,0,0,1,1,1
H5,152,2017,260600,      6.00,      6.00,      6.00,      6.00,0,0,0,1,1,1
H5,152,2017,260700,      6.00,      6.00,      6.00,      6.00,0,0,0,1,1,1
H5,152,2017,260800,      6.00,      6.00,      6.00,      6.00,0,0,0,1,1,1
H5,152,2017,260900,      6.00,      6.00,      6.00,      6.00,0,0,0,1,1,1
H5,152,2017,261000,      6.00,      6.00,      6.00,      6.00,0,0,0,1,1,1
H5,152,2017,261100,      6.00,      6.00,      6.00,      6.00,0,0,0,1,1,1
H5,152,2017,261210,      6.00,      6.00,      6.00,      6.00,0,0,0,1,1,1
H5,152,2017,261220,      6.00,      6.00,      6.00,      6.00,0,0,0,1,1,1
H5,152,2017,261310,     12.00,      6.00,      6.00,      6.00,0,0,0,2,2,2
H5,152,2017,261390,     12.00,      6.00,      6.00,      6.00,0,0,0,2,2,2
H5,152,2017,261400,      6.00,      6.00,      6.00,      6.00,0,0,0,1,1,1
H5,152,2017,261510,      6.00,      6.00,      6.00,      6.00,0,0,0,1,1,1
H5,152,2017,261590,      6.00,      6.00,      6.00,      6.00,0,0,0,1,1,1
H5,152,2017,261610,      6.00,      6.00,      6.00,      6.00,0,0,0,1,1,1
H5,152,2017,261690,     12.00,      6.00,      6.00,      6.00,0,0,0,2,2,2
H5,152,2017,261710,      6.00,      6.00,      6.00,      6.00,0,0,0,1,1,1
H5,152,2017,261790,      6.00,      6.00,      6.00,      6.00,0,0,0,1,1,1
H5,152,2017,261800,      6.00,      6.00,      6.00,      6.00,0,0,0,1,1,1
H5,152,2017,261900,      6.00,      6.00,      6.00,      6.00,0,0,0,1,1,1
H5,152,2017,262011,      6.00,      6.00,      6.00,      6.00,0,0,0,1,1,1
H5,152,2017,262019,      6.00,      6.00,      6.00,      6.00,0,0,0,1,1,1
H5,152,2017,262021,      6.00,      6.00,      6.00,      6.00,0,0,0,1,1,1
H5,152,2017,262029,      6.00,      6.00,      6.00,      6.00,0,0,0,1,1,1
H5,152,2017,262030,      6.00,      6.00,      6.00,      6.00,0,0,0,1,1,1
H5,152,2017,262040,      6.00,      6.00,      6.00,      6.00,0,0,0,1,1,1
H5,152,2017,262060,      6.00,      6.00,      6.00,      6.00,0,0,0,1,1,1
H5,152,2017,262091,      6.00,      6.00,      6.00,      6.00,0,0,0,1,1,1
H5,152,2017,262099,     24.00,      6.00,      6.00,      6.00,0,0,0,4,4,4
H5,152,2017,262110,      6.00,      6.00,      6.00,      6.00,0,0,0,1,1,1
H5,152,2017,262190,     12.00,      6.00,      6.00,      6.00,0,0,0,2,2,2
H5,152,2017,270111,      6.00,      6.00,      6.00,      6.00,0,0,0,1,1,1
H5,152,2017,270112,     18.00,      6.00,      6.00,      6.00,0,0,0,3,3,3
H5,152,2017,270119,      6.00,      6.00,      6.00,      6.00,0,0,0,1,1,1
H5,152,2017,270120,      6.00,      6.00,      6.00,      6.00,0,0,0,1,1,1
H5,152,2017,270210,      6.00,      6.00,      6.00,      6.00,0,0,0,1,1,1
H5,152,2017,270220,      6.00,      6.00,      6.00,      6.00,0,0,0,1,1,1
H5,152,2017,270300,      6.00,      6.00,      6.00,      6.00,0,0,0,1,1,1
H5,152,2017,270400,      6.00,      6.00,      6.00,      6.00,0,0,0,1,1,1
H5,152,2017,270500,      6.00,      6.00,      6.00,      6.00,0,0,0,1,1,1
H5,152,2017,270600,      6.00,      6.00,      6.00,      6.00,0,0,0,1,1,1
H5,152,2017,270710,      6.00,      6.00,      6.00,      6.00,0,0,0,1,1,1
H5,152,2017,270720,      6.00,      6.00,      6.00,      6.00,0,0,0,1,1,1
H5,152,2017,270730,      6.00,      6.00,      6.00,      6.00,0,0,0,1,1,1
H5,152,2017,270740,      6.00,      6.00,      6.00,      6.00,0,0,0,1,1,1
H5,152,2017,270750,      6.00,      6.00,      6.00,      6.00,0,0,0,1,1,1
H5,152,2017,270791,      6.00,      6.00,      6.00,      6.00,0,0,0,1,1,1
H5,152,2017,270799,      6.00,      6.00,      6.00,      6.00,0,0,0,1,1,1
H5,152,2017,270810,      6.00,      6.00,      6.00,      6.00,0,0,0,1,1,1
H5,152,2017,270820,      6.00,      6.00,      6.00,      6.00,0,0,0,1,1,1
H5,152,2017,270900,     12.00,      6.00,      6.00,      6.00,0,0,0,2,2,2
H5,152,2017,271000,,,,,,,,,,
H5,152,2017,271012,     66.00,      6.00,      6.00,      6.00,0,0,0,11,11,11
H5,152,2017,271019,     84.00,      6.00,      6.00,      6.00,0,0,0,14,14,14
H5,152,2017,271020,      6.00,      6.00,      6.00,      6.00,0,0,0,1,1,1
H5,152,2017,271091,      6.00,      6.00,      6.00,      6.00,0,0,0,1,1,1
H5,152,2017,271099,     12.00,      6.00,      6.00,      6.00,0,0,0,2,2,2
H5,152,2017,271111,      6.00,      6.00,      6.00,      6.00,0,0,0,1,1,1
H5,152,2017,271112,      6.00,      6.00,      6.00,      6.00,0,0,0,1,1,1
H5,152,2017,271113,      6.00,      6.00,      6.00,      6.00,0,0,0,1,1,1
H5,152,2017,271114,      6.00,      6.00,      6.00,      6.00,0,0,0,1,1,1
H5,152,2017,271119,      6.00,      6.00,      6.00,      6.00,0,0,0,1,1,1
H5,152,2017,271121,      6.00,      6.00,      6.00,      6.00,0,0,0,1,1,1
H5,152,2017,271129,      6.00,      6.00,      6.00,      6.00,0,0,0,1,1,1
H5,152,2017,271210,      6.00,      6.00,      6.00,      6.00,0,0,0,1,1,1
H5,152,2017,271220,      6.00,      6.00,      6.00,      6.00,0,0,0,1,1,1
H5,152,2017,271290,     12.00,      6.00,      6.00,      6.00,0,0,0,2,2,2
H5,152,2017,271311,      6.00,      6.00,      6.00,      6.00,0,0,0,1,1,1
H5,152,2017,271312,      6.00,      6.00,      6.00,      6.00,0,0,0,1,1,1
H5,152,2017,271320,      6.00,      6.00,      6.00,      6.00,0,0,0,1,1,1
H5,152,2017,271390,      6.00,      6.00,      6.00,      6.00,0,0,0,1,1,1
H5,152,2017,271410,      6.00,      6.00,      6.00,      6.00,0,0,0,1,1,1
H5,152,2017,271490,      6.00,      6.00,      6.00,      6.00,0,0,0,1,1,1
H5,152,2017,271500,      6.00,      6.00,      6.00,      6.00,0,0,0,1,1,1
H5,152,2017,271600,      6.00,      6.00,      6.00,      6.00,0,0,0,1,1,1
H5,152,2017,280110,      6.00,      6.00,      6.00,      6.00,0,0,0,1,1,1
H5,152,2017,280120,      6.00,      6.00,      6.00,      6.00,0,0,0,1,1,1
H5,152,2017,280130,      6.00,      6.00,      6.00,      6.00,0,0,0,1,1,1
H5,152,2017,280200,      6.00,      6.00,      6.00,      6.00,0,0,0,1,1,1
H5,152,2017,280300,      6.00,      6.00,      6.00,      6.00,0,0,0,1,1,1
H5,152,2017,280410,      6.00,      6.00,      6.00,      6.00,0,0,0,1,1,1
H5,152,2017,280421,      6.00,      6.00,      6.00,      6.00,0,0,0,1,1,1
H5,152,2017,280429,      6.00,      6.00,      6.00,      6.00,0,0,0,1,1,1
H5,152,2017,280430,      6.00,      6.00,      6.00,      6.00,0,0,0,1,1,1
H5,152,2017,280440,      6.00,      6.00,      6.00,      6.00,0,0,0,1,1,1
H5,152,2017,280450,      6.00,      6.00,      6.00,      6.00,0,0,0,1,1,1
H5,152,2017,280461,      6.00,      6.00,      6.00,      6.00,0,0,0,1,1,1
H5,152,2017,280469,      6.00,      6.00,      6.00,      6.00,0,0,0,1,1,1
H5,152,2017,280470,      6.00,      6.00,      6.00,      6.00,0,0,0,1,1,1
H5,152,2017,280480,      6.00,      6.00,      6.00,      6.00,0,0,0,1,1,1
H5,152,2017,280490,      6.00,      6.00,      6.00,      6.00,0,0,0,1,1,1
H5,152,2017,280511,      6.00,      6.00,      6.00,      6.00,0,0,0,1,1,1
H5,152,2017,280512,      6.00,      6.00,      6.00,      6.00,0,0,0,1,1,1
H5,152,2017,280519,      6.00,      6.00,      6.00,      6.00,0,0,0,1,1,1
H5,152,2017,280530,      6.00,      6.00,      6.00,      6.00,0,0,0,1,1,1
H5,152,2017,280540,      6.00,      6.00,      6.00,      6.00,0,0,0,1,1,1
H5,152,2017,280610,      6.00,      6.00,      6.00,      6.00,0,0,0,1,1,1
H5,152,2017,280620,      6.00,      6.00,      6.00,      6.00,0,0,0,1,1,1
H5,152,2017,280700,      6.00,      6.00,      6.00,      6.00,0,0,0,1,1,1
H5,152,2017,280800,      6.00,      6.00,      6.00,      6.00,0,0,0,1,1,1
H5,152,2017,280910,      6.00,      6.00,      6.00,      6.00,0,0,0,1,1,1
H5,152,2017,280920,     12.00,      6.00,      6.00,      6.00,0,0,0,2,2,2
H5,152,2017,281000,     12.00,      6.00,      6.00,      6.00,0,0,0,2,2,2
H5,152,2017,281111,      6.00,      6.00,      6.00,      6.00,0,0,0,1,1,1
H5,152,2017,281112,      6.00,      6.00,      6.00,      6.00,0,0,0,1,1,1
H5,152,2017,281119,      6.00,      6.00,      6.00,      6.00,0,0,0,1,1,1
H5,152,2017,281121,      6.00,      6.00,      6.00,      6.00,0,0,0,1,1,1
H5,152,2017,281122,      6.00,      6.00,      6.00,      6.00,0,0,0,1,1,1
H5,152,2017,281129,     18.00,      6.00,      6.00,      6.00,0,0,0,3,3,3
H5,152,2017,281211,      6.00,      6.00,      6.00,      6.00,0,0,0,1,1,1
H5,152,2017,281212,      6.00,      6.00,      6.00,      6.00,0,0,0,1,1,1
H5,152,2017,281213,      6.00,      6.00,      6.00,      6.00,0,0,0,1,1,1
H5,152,2017,281214,      6.00,      6.00,      6.00,      6.00,0,0,0,1,1,1
H5,152,2017,281215,      6.00,      6.00,      6.00,      6.00,0,0,0,1,1,1
H5,152,2017,281216,      6.00,      6.00,      6.00,      6.00,0,0,0,1,1,1
H5,152,2017,281217,      6.00,      6.00,      6.00,      6.00,0,0,0,1,1,1
H5,152,2017,281219,     12.00,      6.00,      6.00,      6.00,0,0,0,2,2,2
H5,152,2017,281290,      6.00,      6.00,      6.00,      6.00,0,0,0,1,1,1
H5,152,2017,281310,      6.00,      6.00,      6.00,      6.00,0,0,0,1,1,1
H5,152,2017,281390,     12.00,      6.00,      6.00,      6.00,0,0,0,2,2,2
H5,152,2017,281410,      6.00,      6.00,      6.00,      6.00,0,0,0,1,1,1
H5,152,2017,281420,      6.00,      6.00,      6.00,      6.00,0,0,0,1,1,1
H5,152,2017,281511,      6.00,      6.00,      6.00,      6.00,0,0,0,1,1,1
H5,152,2017,281512,      6.00,      6.00,      6.00,      6.00,0,0,0,1,1,1
H5,152,2017,281520,      6.00,      6.00,      6.00,      6.00,0,0,0,1,1,1
H5,152,2017,281530,      6.00,      6.00,      6.00,      6.00,0,0,0,1,1,1
H5,152,2017,281610,      6.00,      6.00,      6.00,      6.00,0,0,0,1,1,1
H5,152,2017,281640,      6.00,      6.00,      6.00,      6.00,0,0,0,1,1,1
H5,152,2017,281700,      6.00,      6.00,      6.00,      6.00,0,0,0,1,1,1
H5,152,2017,281810,      6.00,      6.00,      6.00,      6.00,0,0,0,1,1,1
H5,152,2017,281820,      6.00,      6.00,      6.00,      6.00,0,0,0,1,1,1
H5,152,2017,281830,      6.00,      6.00,      6.00,      6.00,0,0,0,1,1,1
H5,152,2017,281910,      6.00,      6.00,      6.00,      6.00,0,0,0,1,1,1
H5,152,2017,281990,      6.00,      6.00,      6.00,      6.00,0,0,0,1,1,1
H5,152,2017,282010,      6.00,      6.00,      6.00,      6.00,0,0,0,1,1,1
H5,152,2017,282090,      6.00,      6.00,      6.00,      6.00,0,0,0,1,1,1
H5,152,2017,282110,      6.00,      6.00,      6.00,      6.00,0,0,0,1,1,1
H5,152,2017,282120,      6.00,      6.00,      6.00,      6.00,0,0,0,1,1,1
H5,152,2017,282200,      6.00,      6.00,      6.00,      6.00,0,0,0,1,1,1
H5,152,2017,282300,      6.00,      6.00,      6.00,      6.00,0,0,0,1,1,1
H5,152,2017,282410,      6.00,      6.00,      6.00,      6.00,0,0,0,1,1,1
H5,152,2017,282490,      6.00,      6.00,      6.00,      6.00,0,0,0,1,1,1
H5,152,2017,282510,      6.00,      6.00,      6.00,      6.00,0,0,0,1,1,1
H5,152,2017,282520,     12.00,      6.00,      6.00,      6.00,0,0,0,2,2,2
H5,152,2017,282530,      6.00,      6.00,      6.00,      6.00,0,0,0,1,1,1
H5,152,2017,282540,      6.00,      6.00,      6.00,      6.00,0,0,0,1,1,1
H5,152,2017,282550,      6.00,      6.00,      6.00,      6.00,0,0,0,1,1,1
H5,152,2017,282560,      6.00,      6.00,      6.00,      6.00,0,0,0,1,1,1
H5,152,2017,282570,     18.00,      6.00,      6.00,      6.00,0,0,0,3,3,3
H5,152,2017,282580,      6.00,      6.00,      6.00,      6.00,0,0,0,1,1,1
H5,152,2017,282590,     12.00,      6.00,      6.00,      6.00,0,0,0,2,2,2
H5,152,2017,282612,      6.00,      6.00,      6.00,      6.00,0,0,0,1,1,1
H5,152,2017,282619,      6.00,      6.00,      6.00,      6.00,0,0,0,1,1,1
H5,152,2017,282630,      6.00,      6.00,      6.00,      6.00,0,0,0,1,1,1
H5,152,2017,282690,      6.00,      6.00,      6.00,      6.00,0,0,0,1,1,1
H5,152,2017,282710,      6.00,      6.00,      6.00,      6.00,0,0,0,1,1,1
H5,152,2017,282720,      6.00,      6.00,      6.00,      6.00,0,0,0,1,1,1
H5,152,2017,282731,      6.00,      6.00,      6.00,      6.00,0,0,0,1,1,1
H5,152,2017,282732,      6.00,      6.00,      6.00,      6.00,0,0,0,1,1,1
H5,152,2017,282735,      6.00,      6.00,      6.00,      6.00,0,0,0,1,1,1
H5,152,2017,282739,     24.00,      6.00,      6.00,      6.00,0,0,0,4,4,4
H5,152,2017,282741,      6.00,      6.00,      6.00,      6.00,0,0,0,1,1,1
H5,152,2017,282749,      6.00,      6.00,      6.00,      6.00,0,0,0,1,1,1
H5,152,2017,282751,      6.00,      6.00,      6.00,      6.00,0,0,0,1,1,1
H5,152,2017,282759,      6.00,      6.00,      6.00,      6.00,0,0,0,1,1,1
H5,152,2017,282760,     18.00,      6.00,      6.00,      6.00,0,0,0,3,3,3
H5,152,2017,282810,      6.00,      6.00,      6.00,      6.00,0,0,0,1,1,1
H5,152,2017,282890,      6.00,      6.00,      6.00,      6.00,0,0,0,1,1,1
H5,152,2017,282911,      6.00,      6.00,      6.00,      6.00,0,0,0,1,1,1
H5,152,2017,282919,      6.00,      6.00,      6.00,      6.00,0,0,0,1,1,1
H5,152,2017,282990,     18.00,      6.00,      6.00,      6.00,0,0,0,3,3,3
H5,152,2017,283010,     18.00,      6.00,      6.00,      6.00,0,0,0,3,3,3
H5,152,2017,283090,     18.00,      6.00,      6.00,      6.00,0,0,0,3,3,3
H5,152,2017,283110,      6.00,      6.00,      6.00,      6.00,0,0,0,1,1,1
H5,152,2017,283190,      6.00,      6.00,      6.00,      6.00,0,0,0,1,1,1
H5,152,2017,283210,      6.00,      6.00,      6.00,      6.00,0,0,0,1,1,1
H5,152,2017,283220,      6.00,      6.00,      6.00,      6.00,0,0,0,1,1,1
H5,152,2017,283230,      6.00,      6.00,      6.00,      6.00,0,0,0,1,1,1
H5,152,2017,283311,      6.00,      6.00,      6.00,      6.00,0,0,0,1,1,1
H5,152,2017,283319,      6.00,      6.00,      6.00,      6.00,0,0,0,1,1,1
H5,152,2017,283321,      6.00,      6.00,      6.00,      6.00,0,0,0,1,1,1
H5,152,2017,283322,      6.00,      6.00,      6.00,      6.00,0,0,0,1,1,1
H5,152,2017,283324,      6.00,      6.00,      6.00,      6.00,0,0,0,1,1,1
H5,152,2017,283325,      6.00,      6.00,      6.00,      6.00,0,0,0,1,1,1
H5,152,2017,283327,      6.00,      6.00,      6.00,      6.00,0,0,0,1,1,1
H5,152,2017,283329,     12.00,      6.00,      6.00,      6.00,0,0,0,2,2,2
H5,152,2017,283330,      6.00,      6.00,      6.00,      6.00,0,0,0,1,1,1
H5,152,2017,283340,      6.00,      6.00,      6.00,      6.00,0,0,0,1,1,1
H5,152,2017,283410,      6.00,      6.00,      6.00,      6.00,0,0,0,1,1,1
H5,152,2017,283421,      6.00,      6.00,      6.00,      6.00,0,0,0,1,1,1
H5,152,2017,283429,      6.00,      6.00,      6.00,      6.00,0,0,0,1,1,1
H5,152,2017,283510,      6.00,      6.00,      6.00,      6.00,0,0,0,1,1,1
H5,152,2017,283522,      6.00,      6.00,      6.00,      6.00,0,0,0,1,1,1
H5,152,2017,283524,      6.00,      6.00,      6.00,      6.00,0,0,0,1,1,1
H5,152,2017,283525,      6.00,      6.00,      6.00,      6.00,0,0,0,1,1,1
H5,152,2017,283526,      6.00,      6.00,      6.00,      6.00,0,0,0,1,1,1
H5,152,2017,283529,      6.00,      6.00,      6.00,      6.00,0,0,0,1,1,1
H5,152,2017,283531,      6.00,      6.00,      6.00,      6.00,0,0,0,1,1,1
H5,152,2017,283539,      6.00,      6.00,      6.00,      6.00,0,0,0,1,1,1
H5,152,2017,283620,     18.00,      6.00,      6.00,      6.00,0,0,0,3,3,3
H5,152,2017,283630,      6.00,      6.00,      6.00,      6.00,0,0,0,1,1,1
H5,152,2017,283640,      6.00,      6.00,      6.00,      6.00,0,0,0,1,1,1
H5,152,2017,283650,      6.00,      6.00,      6.00,      6.00,0,0,0,1,1,1
H5,152,2017,283660,      6.00,      6.00,      6.00,      6.00,0,0,0,1,1,1
H5,152,2017,283691,     18.00,      6.00,      6.00,      6.00,0,0,0,3,3,3
H5,152,2017,283692,      6.00,      6.00,      6.00,      6.00,0,0,0,1,1,1
H5,152,2017,283699,     12.00,      6.00,      6.00,      6.00,0,0,0,2,2,2
H5,152,2017,283711,     12.00,      6.00,      6.00,      6.00,0,0,0,2,2,2
H5,152,2017,283719,      6.00,      6.00,      6.00,      6.00,0,0,0,1,1,1
H5,152,2017,283720,      6.00,      6.00,      6.00,      6.00,0,0,0,1,1,1
H5,152,2017,283911,      6.00,      6.00,      6.00,      6.00,0,0,0,1,1,1
H5,152,2017,283919,      6.00,      6.00,      6.00,      6.00,0,0,0,1,1,1
H5,152,2017,283990,      6.00,      6.00,      6.00,      6.00,0,0,0,1,1,1
H5,152,2017,284011,      6.00,      6.00,      6.00,      6.00,0,0,0,1,1,1
H5,152,2017,284019,      6.00,      6.00,      6.00,      6.00,0,0,0,1,1,1
H5,152,2017,284020,      6.00,      6.00,      6.00,      6.00,0,0,0,1,1,1
H5,152,2017,284030,      6.00,      6.00,      6.00,      6.00,0,0,0,1,1,1
H5,152,2017,284130,      6.00,      6.00,      6.00,      6.00,0,0,0,1,1,1
H5,152,2017,284150,      6.00,      6.00,      6.00,      6.00,0,0,0,1,1,1
H5,152,2017,284161,      6.00,      6.00,      6.00,      6.00,0,0,0,1,1,1
H5,152,2017,284169,      6.00,      6.00,      6.00,      6.00,0,0,0,1,1,1
H5,152,2017,284170,     18.00,      6.00,      6.00,      6.00,0,0,0,3,3,3
H5,152,2017,284180,      6.00,      6.00,      6.00,      6.00,0,0,0,1,1,1
H5,152,2017,284190,     12.00,      6.00,      6.00,      6.00,0,0,0,2,2,2
H5,152,2017,284210,      6.00,      6.00,      6.00,      6.00,0,0,0,1,1,1
H5,152,2017,284290,      6.00,      6.00,      6.00,      6.00,0,0,0,1,1,1
H5,152,2017,284310,      6.00,      6.00,      6.00,      6.00,0,0,0,1,1,1
H5,152,2017,284321,      6.00,      6.00,      6.00,      6.00,0,0,0,1,1,1
H5,152,2017,284329,      6.00,      6.00,      6.00,      6.00,0,0,0,1,1,1
H5,152,2017,284330,      6.00,      6.00,      6.00,      6.00,0,0,0,1,1,1
H5,152,2017,284390,      6.00,      6.00,      6.00,      6.00,0,0,0,1,1,1
H5,152,2017,284410,      6.00,      6.00,      6.00,      6.00,0,0,0,1,1,1
H5,152,2017,284420,      6.00,      6.00,      6.00,      6.00,0,0,0,1,1,1
H5,152,2017,284430,      6.00,      6.00,      6.00,      6.00,0,0,0,1,1,1
H5,152,2017,284440,      6.00,      6.00,      6.00,      6.00,0,0,0,1,1,1
H5,152,2017,284450,      6.00,      6.00,      6.00,      6.00,0,0,0,1,1,1
H5,152,2017,284510,      6.00,      6.00,      6.00,      6.00,0,0,0,1,1,1
H5,152,2017,284590,      6.00,      6.00,      6.00,      6.00,0,0,0,1,1,1
H5,152,2017,284610,      6.00,      6.00,      6.00,      6.00,0,0,0,1,1,1
H5,152,2017,284690,      6.00,      6.00,      6.00,      6.00,0,0,0,1,1,1
H5,152,2017,284700,      6.00,      6.00,      6.00,      6.00,0,0,0,1,1,1
H5,152,2017,284910,      6.00,      6.00,      6.00,      6.00,0,0,0,1,1,1
H5,152,2017,284920,      6.00,      6.00,      6.00,      6.00,0,0,0,1,1,1
H5,152,2017,284990,      6.00,      6.00,      6.00,      6.00,0,0,0,1,1,1
H5,152,2017,285000,      6.00,      6.00,      6.00,      6.00,0,0,0,1,1,1
H5,152,2017,285210,      6.00,      6.00,      6.00,      6.00,0,0,0,1,1,1
H5,152,2017,285290,      6.00,      6.00,      6.00,      6.00,0,0,0,1,1,1
H5,152,2017,285310,      6.00,      6.00,      6.00,      6.00,0,0,0,1,1,1
H5,152,2017,285390,     24.00,      6.00,      6.00,      6.00,0,0,0,4,4,4
H5,152,2017,290110,      6.00,      6.00,      6.00,      6.00,0,0,0,1,1,1
H5,152,2017,290121,      6.00,      6.00,      6.00,      6.00,0,0,0,1,1,1
H5,152,2017,290122,      6.00,      6.00,      6.00,      6.00,0,0,0,1,1,1
H5,152,2017,290123,      6.00,      6.00,      6.00,      6.00,0,0,0,1,1,1
H5,152,2017,290124,      6.00,      6.00,      6.00,      6.00,0,0,0,1,1,1
H5,152,2017,290129,     12.00,      6.00,      6.00,      6.00,0,0,0,2,2,2
H5,152,2017,290211,      6.00,      6.00,      6.00,      6.00,0,0,0,1,1,1
H5,152,2017,290219,     18.00,      6.00,      6.00,      6.00,0,0,0,3,3,3
H5,152,2017,290220,      6.00,      6.00,      6.00,      6.00,0,0,0,1,1,1
H5,152,2017,290230,      6.00,      6.00,      6.00,      6.00,0,0,0,1,1,1
H5,152,2017,290241,      6.00,      6.00,      6.00,      6.00,0,0,0,1,1,1
H5,152,2017,290242,      6.00,      6.00,      6.00,      6.00,0,0,0,1,1,1
H5,152,2017,290243,      6.00,      6.00,      6.00,      6.00,0,0,0,1,1,1
H5,152,2017,290244,      6.00,      6.00,      6.00,      6.00,0,0,0,1,1,1
H5,152,2017,290250,      6.00,      6.00,      6.00,      6.00,0,0,0,1,1,1
H5,152,2017,290260,      6.00,      6.00,      6.00,      6.00,0,0,0,1,1,1
H5,152,2017,290270,      6.00,      6.00,      6.00,      6.00,0,0,0,1,1,1
H5,152,2017,290290,     18.00,      6.00,      6.00,      6.00,0,0,0,3,3,3
H5,152,2017,290311,      6.00,      6.00,      6.00,      6.00,0,0,0,1,1,1
H5,152,2017,290312,      6.00,      6.00,      6.00,      6.00,0,0,0,1,1,1
H5,152,2017,290313,      6.00,      6.00,      6.00,      6.00,0,0,0,1,1,1
H5,152,2017,290314,      6.00,      6.00,      6.00,      6.00,0,0,0,1,1,1
H5,152,2017,290315,      6.00,      6.00,      6.00,      6.00,0,0,0,1,1,1
H5,152,2017,290319,     12.00,      6.00,      6.00,      6.00,0,0,0,2,2,2
H5,152,2017,290321,      6.00,      6.00,      6.00,      6.00,0,0,0,1,1,1
H5,152,2017,290322,      6.00,      6.00,      6.00,      6.00,0,0,0,1,1,1
H5,152,2017,290323,      6.00,      6.00,      6.00,      6.00,0,0,0,1,1,1
H5,152,2017,290329,     12.00,      6.00,      6.00,      6.00,0,0,0,2,2,2
H5,152,2017,290331,      6.00,      6.00,      6.00,      6.00,0,0,0,1,1,1
H5,152,2017,290339,    126.00,      6.00,      6.00,      6.00,0,0,0,21,21,21
H5,152,2017,290371,      6.00,      6.00,      6.00,      6.00,0,0,0,1,1,1
H5,152,2017,290372,      6.00,      6.00,      6.00,      6.00,0,0,0,1,1,1
H5,152,2017,290373,      6.00,      6.00,      6.00,      6.00,0,0,0,1,1,1
H5,152,2017,290374,      6.00,      6.00,      6.00,      6.00,0,0,0,1,1,1
H5,152,2017,290375,      6.00,      6.00,      6.00,      6.00,0,0,0,1,1,1
H5,152,2017,290376,     18.00,      6.00,      6.00,      6.00,0,0,0,3,3,3
H5,152,2017,290377,     96.00,      6.00,      6.00,      6.00,0,0,0,16,16,16
H5,152,2017,290378,      6.00,      6.00,      6.00,      6.00,0,0,0,1,1,1
H5,152,2017,290379,     24.00,      6.00,      6.00,      6.00,0,0,0,4,4,4
H5,152,2017,290381,     24.00,      6.00,      6.00,      6.00,0,0,0,4,4,4
H5,152,2017,290382,     18.00,      6.00,      6.00,      6.00,0,0,0,3,3,3
H5,152,2017,290383,      6.00,      6.00,      6.00,      6.00,0,0,0,1,1,1
H5,152,2017,290389,      6.00,      6.00,      6.00,      6.00,0,0,0,1,1,1
H5,152,2017,290391,      6.00,      6.00,      6.00,      6.00,0,0,0,1,1,1
H5,152,2017,290392,     12.00,      6.00,      6.00,      6.00,0,0,0,2,2,2
H5,152,2017,290393,      6.00,      6.00,      6.00,      6.00,0,0,0,1,1,1
H5,152,2017,290394,      6.00,      6.00,      6.00,      6.00,0,0,0,1,1,1
H5,152,2017,290399,     42.00,      6.00,      6.00,      6.00,0,0,0,7,7,7
H5,152,2017,290410,      6.00,      6.00,      6.00,      6.00,0,0,0,1,1,1
H5,152,2017,290420,     30.00,      6.00,      6.00,      6.00,0,0,0,5,5,5
H5,152,2017,290431,      6.00,      6.00,      6.00,      6.00,0,0,0,1,1,1
H5,152,2017,290432,      6.00,      6.00,      6.00,      6.00,0,0,0,1,1,1
H5,152,2017,290433,      6.00,      6.00,      6.00,      6.00,0,0,0,1,1,1
H5,152,2017,290434,      6.00,      6.00,      6.00,      6.00,0,0,0,1,1,1
H5,152,2017,290435,      6.00,      6.00,      6.00,      6.00,0,0,0,1,1,1
H5,152,2017,290436,      6.00,      6.00,      6.00,      6.00,0,0,0,1,1,1
H5,152,2017,290491,      6.00,      6.00,      6.00,      6.00,0,0,0,1,1,1
H5,152,2017,290499,      6.00,      6.00,      6.00,      6.00,0,0,0,1,1,1
H5,152,2017,290511,      6.00,      6.00,      6.00,      6.00,0,0,0,1,1,1
H5,152,2017,290512,     12.00,      6.00,      6.00,      6.00,0,0,0,2,2,2
H5,152,2017,290513,      6.00,      6.00,      6.00,      6.00,0,0,0,1,1,1
H5,152,2017,290514,      6.00,      6.00,      6.00,      6.00,0,0,0,1,1,1
H5,152,2017,290516,     12.00,      6.00,      6.00,      6.00,0,0,0,2,2,2
H5,152,2017,290517,      6.00,      6.00,      6.00,      6.00,0,0,0,1,1,1
H5,152,2017,290519,     30.00,      6.00,      6.00,      6.00,0,0,0,5,5,5
H5,152,2017,290522,      6.00,      6.00,      6.00,      6.00,0,0,0,1,1,1
H5,152,2017,290529,      6.00,      6.00,      6.00,      6.00,0,0,0,1,1,1
H5,152,2017,290531,      6.00,      6.00,      6.00,      6.00,0,0,0,1,1,1
H5,152,2017,290532,      6.00,      6.00,      6.00,      6.00,0,0,0,1,1,1
H5,152,2017,290539,      6.00,      6.00,      6.00,      6.00,0,0,0,1,1,1
H5,152,2017,290541,      6.00,      6.00,      6.00,      6.00,0,0,0,1,1,1
H5,152,2017,290542,      6.00,      6.00,      6.00,      6.00,0,0,0,1,1,1
H5,152,2017,290543,      6.00,      6.00,      6.00,      6.00,0,0,0,1,1,1
H5,152,2017,290544,      6.00,      6.00,      6.00,      6.00,0,0,0,1,1,1
H5,152,2017,290545,      6.00,      6.00,      6.00,      6.00,0,0,0,1,1,1
H5,152,2017,290549,      6.00,      6.00,      6.00,      6.00,0,0,0,1,1,1
H5,152,2017,290551,      6.00,      6.00,      6.00,      6.00,0,0,0,1,1,1
H5,152,2017,290559,     12.00,      6.00,      6.00,      6.00,0,0,0,2,2,2
H5,152,2017,290611,      6.00,      6.00,      6.00,      6.00,0,0,0,1,1,1
H5,152,2017,290612,      6.00,      6.00,      6.00,      6.00,0,0,0,1,1,1
H5,152,2017,290613,      6.00,      6.00,      6.00,      6.00,0,0,0,1,1,1
H5,152,2017,290619,      6.00,      6.00,      6.00,      6.00,0,0,0,1,1,1
H5,152,2017,290621,      6.00,      6.00,      6.00,      6.00,0,0,0,1,1,1
H5,152,2017,290629,      6.00,      6.00,      6.00,      6.00,0,0,0,1,1,1
H5,152,2017,290711,      6.00,      6.00,      6.00,      6.00,0,0,0,1,1,1
H5,152,2017,290712,      6.00,      6.00,      6.00,      6.00,0,0,0,1,1,1
H5,152,2017,290713,      6.00,      6.00,      6.00,      6.00,0,0,0,1,1,1
H5,152,2017,290715,      6.00,      6.00,      6.00,      6.00,0,0,0,1,1,1
H5,152,2017,290719,      6.00,      6.00,      6.00,      6.00,0,0,0,1,1,1
H5,152,2017,290721,      6.00,      6.00,      6.00,      6.00,0,0,0,1,1,1
H5,152,2017,290722,      6.00,      6.00,      6.00,      6.00,0,0,0,1,1,1
H5,152,2017,290723,      6.00,      6.00,      6.00,      6.00,0,0,0,1,1,1
H5,152,2017,290729,      6.00,      6.00,      6.00,      6.00,0,0,0,1,1,1
H5,152,2017,290811,      6.00,      6.00,      6.00,      6.00,0,0,0,1,1,1
H5,152,2017,290819,     12.00,      6.00,      6.00,      6.00,0,0,0,2,2,2
H5,152,2017,290891,     12.00,      6.00,      6.00,      6.00,0,0,0,2,2,2
H5,152,2017,290892,     30.00,      6.00,      6.00,      6.00,0,0,0,5,5,5
H5,152,2017,290899,      6.00,      6.00,      6.00,      6.00,0,0,0,1,1,1
H5,152,2017,290911,      6.00,      6.00,      6.00,      6.00,0,0,0,1,1,1
H5,152,2017,290919,     18.00,      6.00,      6.00,      6.00,0,0,0,3,3,3
H5,152,2017,290920,      6.00,      6.00,      6.00,      6.00,0,0,0,1,1,1
H5,152,2017,290930,     36.00,      6.00,      6.00,      6.00,0,0,0,6,6,6
H5,152,2017,290941,      6.00,      6.00,      6.00,      6.00,0,0,0,1,1,1
H5,152,2017,290943,      6.00,      6.00,      6.00,      6.00,0,0,0,1,1,1
H5,152,2017,290944,      6.00,      6.00,      6.00,      6.00,0,0,0,1,1,1
H5,152,2017,290949,     12.00,      6.00,      6.00,      6.00,0,0,0,2,2,2
H5,152,2017,290950,      6.00,      6.00,      6.00,      6.00,0,0,0,1,1,1
H5,152,2017,290960,      6.00,      6.00,      6.00,      6.00,0,0,0,1,1,1
H5,152,2017,291010,      6.00,      6.00,      6.00,      6.00,0,0,0,1,1,1
H5,152,2017,291020,      6.00,      6.00,      6.00,      6.00,0,0,0,1,1,1
H5,152,2017,291030,      6.00,      6.00,      6.00,      6.00,0,0,0,1,1,1
H5,152,2017,291040,      6.00,      6.00,      6.00,      6.00,0,0,0,1,1,1
H5,152,2017,291050,      6.00,      6.00,      6.00,      6.00,0,0,0,1,1,1
H5,152,2017,291090,      6.00,      6.00,      6.00,      6.00,0,0,0,1,1,1
H5,152,2017,291100,      6.00,      6.00,      6.00,      6.00,0,0,0,1,1,1
H5,152,2017,291211,      6.00,      6.00,      6.00,      6.00,0,0,0,1,1,1
H5,152,2017,291212,      6.00,      6.00,      6.00,      6.00,0,0,0,1,1,1
H5,152,2017,291219,      6.00,      6.00,      6.00,      6.00,0,0,0,1,1,1
H5,152,2017,291221,      6.00,      6.00,      6.00,      6.00,0,0,0,1,1,1
H5,152,2017,291229,     12.00,      6.00,      6.00,      6.00,0,0,0,2,2,2
H5,152,2017,291241,      6.00,      6.00,      6.00,      6.00,0,0,0,1,1,1
H5,152,2017,291242,      6.00,      6.00,      6.00,      6.00,0,0,0,1,1,1
H5,152,2017,291249,     12.00,      6.00,      6.00,      6.00,0,0,0,2,2,2
H5,152,2017,291250,      6.00,      6.00,      6.00,      6.00,0,0,0,1,1,1
H5,152,2017,291260,      6.00,      6.00,      6.00,      6.00,0,0,0,1,1,1
H5,152,2017,291300,      6.00,      6.00,      6.00,      6.00,0,0,0,1,1,1
H5,152,2017,291411,      6.00,      6.00,      6.00,      6.00,0,0,0,1,1,1
H5,152,2017,291412,      6.00,      6.00,      6.00,      6.00,0,0,0,1,1,1
H5,152,2017,291413,      6.00,      6.00,      6.00,      6.00,0,0,0,1,1,1
H5,152,2017,291419,     18.00,      6.00,      6.00,      6.00,0,0,0,3,3,3
H5,152,2017,291422,      6.00,      6.00,      6.00,      6.00,0,0,0,1,1,1
H5,152,2017,291423,      6.00,      6.00,      6.00,      6.00,0,0,0,1,1,1
H5,152,2017,291429,      6.00,      6.00,      6.00,      6.00,0,0,0,1,1,1
H5,152,2017,291431,      6.00,      6.00,      6.00,      6.00,0,0,0,1,1,1
H5,152,2017,291439,      6.00,      6.00,      6.00,      6.00,0,0,0,1,1,1
H5,152,2017,291440,      6.00,      6.00,      6.00,      6.00,0,0,0,1,1,1
H5,152,2017,291450,      6.00,      6.00,      6.00,      6.00,0,0,0,1,1,1
H5,152,2017,291461,      6.00,      6.00,      6.00,      6.00,0,0,0,1,1,1
H5,152,2017,291462,      6.00,      6.00,      6.00,      6.00,0,0,0,1,1,1
H5,152,2017,291469,      6.00,      6.00,      6.00,      6.00,0,0,0,1,1,1
H5,152,2017,291471,      6.00,      6.00,      6.00,      6.00,0,0,0,1,1,1
H5,152,2017,291479,      6.00,      6.00,      6.00,      6.00,0,0,0,1,1,1
H5,152,2017,291511,      6.00,      6.00,      6.00,      6.00,0,0,0,1,1,1
H5,152,2017,291512,     18.00,      6.00,      6.00,      6.00,0,0,0,3,3,3
H5,152,2017,291513,     12.00,      6.00,      6.00,      6.00,0,0,0,2,2,2
H5,152,2017,291521,      6.00,      6.00,      6.00,      6.00,0,0,0,1,1,1
H5,152,2017,291524,      6.00,      6.00,      6.00,      6.00,0,0,0,1,1,1
H5,152,2017,291529,      6.00,      6.00,      6.00,      6.00,0,0,0,1,1,1
H5,152,2017,291531,      6.00,      6.00,      6.00,      6.00,0,0,0,1,1,1
H5,152,2017,291532,      6.00,      6.00,      6.00,      6.00,0,0,0,1,1,1
H5,152,2017,291533,      6.00,      6.00,      6.00,      6.00,0,0,0,1,1,1
H5,152,2017,291536,      6.00,      6.00,      6.00,      6.00,0,0,0,1,1,1
H5,152,2017,291539,     30.00,      6.00,      6.00,      6.00,0,0,0,5,5,5
H5,152,2017,291540,      6.00,      6.00,      6.00,      6.00,0,0,0,1,1,1
H5,152,2017,291550,      6.00,      6.00,      6.00,      6.00,0,0,0,1,1,1
H5,152,2017,291560,      6.00,      6.00,      6.00,      6.00,0,0,0,1,1,1
H5,152,2017,291570,      6.00,      6.00,      6.00,      6.00,0,0,0,1,1,1
H5,152,2017,291590,     24.00,      6.00,      6.00,      6.00,0,0,0,4,4,4
H5,152,2017,291611,      6.00,      6.00,      6.00,      6.00,0,0,0,1,1,1
H5,152,2017,291612,     12.00,      6.00,      6.00,      6.00,0,0,0,2,2,2
H5,152,2017,291613,      6.00,      6.00,      6.00,      6.00,0,0,0,1,1,1
H5,152,2017,291614,     12.00,      6.00,      6.00,      6.00,0,0,0,2,2,2
H5,152,2017,291615,      6.00,      6.00,      6.00,      6.00,0,0,0,1,1,1
H5,152,2017,291616,      6.00,      6.00,      6.00,      6.00,0,0,0,1,1,1
H5,152,2017,291619,      6.00,      6.00,      6.00,      6.00,0,0,0,1,1,1
H5,152,2017,291620,      6.00,      6.00,      6.00,      6.00,0,0,0,1,1,1
H5,152,2017,291631,     12.00,      6.00,      6.00,      6.00,0,0,0,2,2,2
H5,152,2017,291632,      6.00,      6.00,      6.00,      6.00,0,0,0,1,1,1
H5,152,2017,291634,      6.00,      6.00,      6.00,      6.00,0,0,0,1,1,1
H5,152,2017,291639,      6.00,      6.00,      6.00,      6.00,0,0,0,1,1,1
H5,152,2017,291711,      6.00,      6.00,      6.00,      6.00,0,0,0,1,1,1
H5,152,2017,291712,      6.00,      6.00,      6.00,      6.00,0,0,0,1,1,1
H5,152,2017,291713,      6.00,      6.00,      6.00,      6.00,0,0,0,1,1,1
H5,152,2017,291714,      6.00,      6.00,      6.00,      6.00,0,0,0,1,1,1
H5,152,2017,291719,      6.00,      6.00,      6.00,      6.00,0,0,0,1,1,1
H5,152,2017,291720,      6.00,      6.00,      6.00,      6.00,0,0,0,1,1,1
H5,152,2017,291732,      6.00,      6.00,      6.00,      6.00,0,0,0,1,1,1
H5,152,2017,291733,      6.00,      6.00,      6.00,      6.00,0,0,0,1,1,1
H5,152,2017,291734,     18.00,      6.00,      6.00,      6.00,0,0,0,3,3,3
H5,152,2017,291735,      6.00,      6.00,      6.00,      6.00,0,0,0,1,1,1
H5,152,2017,291736,      6.00,      6.00,      6.00,      6.00,0,0,0,1,1,1
H5,152,2017,291737,      6.00,      6.00,      6.00,      6.00,0,0,0,1,1,1
H5,152,2017,291739,      6.00,      6.00,      6.00,      6.00,0,0,0,1,1,1
H5,152,2017,291811,      6.00,      6.00,      6.00,      6.00,0,0,0,1,1,1
H5,152,2017,291812,      6.00,      6.00,      6.00,      6.00,0,0,0,1,1,1
H5,152,2017,291813,     12.00,      6.00,      6.00,      6.00,0,0,0,2,2,2
H5,152,2017,291814,      6.00,      6.00,      6.00,      6.00,0,0,0,1,1,1
H5,152,2017,291815,      6.00,      6.00,      6.00,      6.00,0,0,0,1,1,1
H5,152,2017,291816,      6.00,      6.00,      6.00,      6.00,0,0,0,1,1,1
H5,152,2017,291817,      6.00,      6.00,      6.00,      6.00,0,0,0,1,1,1
H5,152,2017,291818,      6.00,      6.00,      6.00,      6.00,0,0,0,1,1,1
H5,152,2017,291819,      6.00,      6.00,      6.00,      6.00,0,0,0,1,1,1
H5,152,2017,291821,      6.00,      6.00,      6.00,      6.00,0,0,0,1,1,1
H5,152,2017,291822,     12.00,      6.00,      6.00,      6.00,0,0,0,2,2,2
H5,152,2017,291823,      6.00,      6.00,      6.00,      6.00,0,0,0,1,1,1
H5,152,2017,291829,      6.00,      6.00,      6.00,      6.00,0,0,0,1,1,1
H5,152,2017,291830,      6.00,      6.00,      6.00,      6.00,0,0,0,1,1,1
H5,152,2017,291891,     12.00,      6.00,      6.00,      6.00,0,0,0,2,2,2
H5,152,2017,291899,     18.00,      6.00,      6.00,      6.00,0,0,0,3,3,3
H5,152,2017,291910,      6.00,      6.00,      6.00,      6.00,0,0,0,1,1,1
H5,152,2017,291990,     12.00,      6.00,      6.00,      6.00,0,0,0,2,2,2
H5,152,2017,292011,     12.00,      6.00,      6.00,      6.00,0,0,0,2,2,2
H5,152,2017,292019,      6.00,      6.00,      6.00,      6.00,0,0,0,1,1,1
H5,152,2017,292021,      6.00,      6.00,      6.00,      6.00,0,0,0,1,1,1
H5,152,2017,292022,      6.00,      6.00,      6.00,      6.00,0,0,0,1,1,1
H5,152,2017,292023,      6.00,      6.00,      6.00,      6.00,0,0,0,1,1,1
H5,152,2017,292024,      6.00,      6.00,      6.00,      6.00,0,0,0,1,1,1
H5,152,2017,292029,     12.00,      6.00,      6.00,      6.00,0,0,0,2,2,2
H5,152,2017,292030,      6.00,      6.00,      6.00,      6.00,0,0,0,1,1,1
H5,152,2017,292090,      6.00,      6.00,      6.00,      6.00,0,0,0,1,1,1
H5,152,2017,292111,     12.00,      6.00,      6.00,      6.00,0,0,0,2,2,2
H5,152,2017,292112,      6.00,      6.00,      6.00,      6.00,0,0,0,1,1,1
H5,152,2017,292113,      6.00,      6.00,      6.00,      6.00,0,0,0,1,1,1
H5,152,2017,292114,      6.00,      6.00,      6.00,      6.00,0,0,0,1,1,1
H5,152,2017,292119,     42.00,      6.00,      6.00,      6.00,0,0,0,7,7,7
H5,152,2017,292121,      6.00,      6.00,      6.00,      6.00,0,0,0,1,1,1
H5,152,2017,292122,      6.00,      6.00,      6.00,      6.00,0,0,0,1,1,1
H5,152,2017,292129,      6.00,      6.00,      6.00,      6.00,0,0,0,1,1,1
H5,152,2017,292130,      6.00,      6.00,      6.00,      6.00,0,0,0,1,1,1
H5,152,2017,292141,      6.00,      6.00,      6.00,      6.00,0,0,0,1,1,1
H5,152,2017,292142,      6.00,      6.00,      6.00,      6.00,0,0,0,1,1,1
H5,152,2017,292143,     12.00,      6.00,      6.00,      6.00,0,0,0,2,2,2
H5,152,2017,292144,      6.00,      6.00,      6.00,      6.00,0,0,0,1,1,1
H5,152,2017,292145,      6.00,      6.00,      6.00,      6.00,0,0,0,1,1,1
H5,152,2017,292146,      6.00,      6.00,      6.00,      6.00,0,0,0,1,1,1
H5,152,2017,292149,      6.00,      6.00,      6.00,      6.00,0,0,0,1,1,1
H5,152,2017,292151,      6.00,      6.00,      6.00,      6.00,0,0,0,1,1,1
H5,152,2017,292159,      6.00,      6.00,      6.00,      6.00,0,0,0,1,1,1
H5,152,2017,292211,      6.00,      6.00,      6.00,      6.00,0,0,0,1,1,1
H5,152,2017,292212,     12.00,      6.00,      6.00,      6.00,0,0,0,2,2,2
H5,152,2017,292214,      6.00,      6.00,      6.00,      6.00,0,0,0,1,1,1
H5,152,2017,292215,      6.00,      6.00,      6.00,      6.00,0,0,0,1,1,1
H5,152,2017,292216,      6.00,      6.00,      6.00,      6.00,0,0,0,1,1,1
H5,152,2017,292217,     12.00,      6.00,      6.00,      6.00,0,0,0,2,2,2
H5,152,2017,292218,      6.00,      6.00,      6.00,      6.00,0,0,0,1,1,1
H5,152,2017,292219,     30.00,      6.00,      6.00,      6.00,0,0,0,5,5,5
H5,152,2017,292221,      6.00,      6.00,      6.00,      6.00,0,0,0,1,1,1
H5,152,2017,292229,     18.00,      6.00,      6.00,      6.00,0,0,0,3,3,3
H5,152,2017,292231,      6.00,      6.00,      6.00,      6.00,0,0,0,1,1,1
H5,152,2017,292239,      6.00,      6.00,      6.00,      6.00,0,0,0,1,1,1
H5,152,2017,292241,      6.00,      6.00,      6.00,      6.00,0,0,0,1,1,1
H5,152,2017,292242,     12.00,      6.00,      6.00,      6.00,0,0,0,2,2,2
H5,152,2017,292243,      6.00,      6.00,      6.00,      6.00,0,0,0,1,1,1
H5,152,2017,292244,      6.00,      6.00,      6.00,      6.00,0,0,0,1,1,1
H5,152,2017,292249,      6.00,      6.00,      6.00,      6.00,0,0,0,1,1,1
H5,152,2017,292250,      6.00,      6.00,      6.00,      6.00,0,0,0,1,1,1
H5,152,2017,292310,      6.00,      6.00,      6.00,      6.00,0,0,0,1,1,1
H5,152,2017,292320,     12.00,      6.00,      6.00,      6.00,0,0,0,2,2,2
H5,152,2017,292330,      6.00,      6.00,      6.00,      6.00,0,0,0,1,1,1
H5,152,2017,292340,      6.00,      6.00,      6.00,      6.00,0,0,0,1,1,1
H5,152,2017,292390,      6.00,      6.00,      6.00,      6.00,0,0,0,1,1,1
H5,152,2017,292411,      6.00,      6.00,      6.00,      6.00,0,0,0,1,1,1
H5,152,2017,292412,     36.00,      6.00,      6.00,      6.00,0,0,0,6,6,6
H5,152,2017,292419,     18.00,      6.00,      6.00,      6.00,0,0,0,3,3,3
H5,152,2017,292421,      6.00,      6.00,      6.00,      6.00,0,0,0,1,1,1
H5,152,2017,292423,      6.00,      6.00,      6.00,      6.00,0,0,0,1,1,1
H5,152,2017,292424,      6.00,      6.00,      6.00,      6.00,0,0,0,1,1,1
H5,152,2017,292425,      6.00,      6.00,      6.00,      6.00,0,0,0,1,1,1
H5,152,2017,292429,     12.00,      6.00,      6.00,      6.00,0,0,0,2,2,2
H5,152,2017,292511,      6.00,      6.00,      6.00,      6.00,0,0,0,1,1,1
H5,152,2017,292512,      6.00,      6.00,      6.00,      6.00,0,0,0,1,1,1
H5,152,2017,292519,      6.00,      6.00,      6.00,      6.00,0,0,0,1,1,1
H5,152,2017,292521,      6.00,      6.00,      6.00,      6.00,0,0,0,1,1,1
H5,152,2017,292529,     30.00,      6.00,      6.00,      6.00,0,0,0,5,5,5
H5,152,2017,292610,      6.00,      6.00,      6.00,      6.00,0,0,0,1,1,1
H5,152,2017,292620,      6.00,      6.00,      6.00,      6.00,0,0,0,1,1,1
H5,152,2017,292630,      6.00,      6.00,      6.00,      6.00,0,0,0,1,1,1
H5,152,2017,292640,      6.00,      6.00,      6.00,      6.00,0,0,0,1,1,1
H5,152,2017,292690,      6.00,      6.00,      6.00,      6.00,0,0,0,1,1,1
H5,152,2017,292700,      6.00,      6.00,      6.00,      6.00,0,0,0,1,1,1
H5,152,2017,292800,     12.00,      6.00,      6.00,      6.00,0,0,0,2,2,2
H5,152,2017,292910,     18.00,      6.00,      6.00,      6.00,0,0,0,3,3,3
H5,152,2017,292990,     24.00,      6.00,      6.00,      6.00,0,0,0,4,4,4
H5,152,2017,293020,     12.00,      6.00,      6.00,      6.00,0,0,0,2,2,2
H5,152,2017,293030,      6.00,      6.00,      6.00,      6.00,0,0,0,1,1,1
H5,152,2017,293040,      6.00,      6.00,      6.00,      6.00,0,0,0,1,1,1
H5,152,2017,293060,      6.00,      6.00,      6.00,      6.00,0,0,0,1,1,1
H5,152,2017,293070,      6.00,      6.00,      6.00,      6.00,0,0,0,1,1,1
H5,152,2017,293080,     18.00,      6.00,      6.00,      6.00,0,0,0,3,3,3
H5,152,2017,293090,    114.00,      6.00,      6.00,      6.00,0,0,0,19,19,19
H5,152,2017,293110,     12.00,      6.00,      6.00,      6.00,0,0,0,2,2,2
H5,152,2017,293120,      6.00,      6.00,      6.00,      6.00,0,0,0,1,1,1
H5,152,2017,293131,      6.00,      6.00,      6.00,      6.00,0,0,0,1,1,1
H5,152,2017,293132,      6.00,      6.00,      6.00,      6.00,0,0,0,1,1,1
H5,152,2017,293133,      6.00,      6.00,      6.00,      6.00,0,0,0,1,1,1
H5,152,2017,293134,      6.00,      6.00,      6.00,      6.00,0,0,0,1,1,1
H5,152,2017,293135,      6.00,      6.00,      6.00,      6.00,0,0,0,1,1,1
H5,152,2017,293136,      6.00,      6.00,      6.00,      6.00,0,0,0,1,1,1
H5,152,2017,293137,      6.00,      6.00,      6.00,      6.00,0,0,0,1,1,1
H5,152,2017,293138,      6.00,      6.00,      6.00,      6.00,0,0,0,1,1,1
H5,152,2017,293139,     24.00,      6.00,      6.00,      6.00,0,0,0,4,4,4
H5,152,2017,293190,    102.00,      6.00,      6.00,      6.00,0,0,0,17,17,17
H5,152,2017,293211,      6.00,      6.00,      6.00,      6.00,0,0,0,1,1,1
H5,152,2017,293212,      6.00,      6.00,      6.00,      6.00,0,0,0,1,1,1
H5,152,2017,293213,      6.00,      6.00,      6.00,      6.00,0,0,0,1,1,1
H5,152,2017,293214,      6.00,      6.00,      6.00,      6.00,0,0,0,1,1,1
H5,152,2017,293219,      6.00,      6.00,      6.00,      6.00,0,0,0,1,1,1
H5,152,2017,293220,     12.00,      6.00,      6.00,      6.00,0,0,0,2,2,2
H5,152,2017,293291,      6.00,      6.00,      6.00,      6.00,0,0,0,1,1,1
H5,152,2017,293292,      6.00,      6.00,      6.00,      6.00,0,0,0,1,1,1
H5,152,2017,293293,      6.00,      6.00,      6.00,      6.00,0,0,0,1,1,1
H5,152,2017,293294,      6.00,      6.00,      6.00,      6.00,0,0,0,1,1,1
H5,152,2017,293295,      6.00,      6.00,      6.00,      6.00,0,0,0,1,1,1
H5,152,2017,293299,     30.00,      6.00,      6.00,      6.00,0,0,0,5,5,5
H5,152,2017,293311,      6.00,      6.00,      6.00,      6.00,0,0,0,1,1,1
H5,152,2017,293319,      6.00,      6.00,      6.00,      6.00,0,0,0,1,1,1
H5,152,2017,293321,      6.00,      6.00,      6.00,      6.00,0,0,0,1,1,1
H5,152,2017,293329,      6.00,      6.00,      6.00,      6.00,0,0,0,1,1,1
H5,152,2017,293331,      6.00,      6.00,      6.00,      6.00,0,0,0,1,1,1
H5,152,2017,293332,      6.00,      6.00,      6.00,      6.00,0,0,0,1,1,1
H5,152,2017,293333,      6.00,      6.00,      6.00,      6.00,0,0,0,1,1,1
H5,152,2017,293339,     24.00,      6.00,      6.00,      6.00,0,0,0,4,4,4
H5,152,2017,293341,      6.00,      6.00,      6.00,      6.00,0,0,0,1,1,1
H5,152,2017,293349,      6.00,      6.00,      6.00,      6.00,0,0,0,1,1,1
H5,152,2017,293352,      6.00,      6.00,      6.00,      6.00,0,0,0,1,1,1
H5,152,2017,293353,      6.00,      6.00,      6.00,      6.00,0,0,0,1,1,1
H5,152,2017,293354,      6.00,      6.00,      6.00,      6.00,0,0,0,1,1,1
H5,152,2017,293355,      6.00,      6.00,      6.00,      6.00,0,0,0,1,1,1
H5,152,2017,293359,      6.00,      6.00,      6.00,      6.00,0,0,0,1,1,1
H5,152,2017,293361,      6.00,      6.00,      6.00,      6.00,0,0,0,1,1,1
H5,152,2017,293369,      6.00,      6.00,      6.00,      6.00,0,0,0,1,1,1
H5,152,2017,293371,      6.00,      6.00,      6.00,      6.00,0,0,0,1,1,1
H5,152,2017,293372,      6.00,      6.00,      6.00,      6.00,0,0,0,1,1,1
H5,152,2017,293379,      6.00,      6.00,      6.00,      6.00,0,0,0,1,1,1
H5,152,2017,293391,      6.00,      6.00,      6.00,      6.00,0,0,0,1,1,1
H5,152,2017,293392,      6.00,      6.00,      6.00,      6.00,0,0,0,1,1,1
H5,152,2017,293399,     18.00,      6.00,      6.00,      6.00,0,0,0,3,3,3
H5,152,2017,293410,      6.00,      6.00,      6.00,      6.00,0,0,0,1,1,1
H5,152,2017,293420,      6.00,      6.00,      6.00,      6.00,0,0,0,1,1,1
H5,152,2017,293430,      6.00,      6.00,      6.00,      6.00,0,0,0,1,1,1
H5,152,2017,293491,      6.00,      6.00,      6.00,      6.00,0,0,0,1,1,1
H5,152,2017,293499,     36.00,      6.00,      6.00,      6.00,0,0,0,6,6,6
H5,152,2017,293510,      6.00,      6.00,      6.00,      6.00,0,0,0,1,1,1
H5,152,2017,293520,      6.00,      6.00,      6.00,      6.00,0,0,0,1,1,1
H5,152,2017,293530,      6.00,      6.00,      6.00,      6.00,0,0,0,1,1,1
H5,152,2017,293540,      6.00,      6.00,      6.00,      6.00,0,0,0,1,1,1
H5,152,2017,293550,      6.00,      6.00,      6.00,      6.00,0,0,0,1,1,1
H5,152,2017,293590,      6.00,      6.00,      6.00,      6.00,0,0,0,1,1,1
H5,152,2017,293621,      6.00,      6.00,      6.00,      6.00,0,0,0,1,1,1
H5,152,2017,293622,      6.00,      6.00,      6.00,      6.00,0,0,0,1,1,1
H5,152,2017,293623,      6.00,      6.00,      6.00,      6.00,0,0,0,1,1,1
H5,152,2017,293624,      6.00,      6.00,      6.00,      6.00,0,0,0,1,1,1
H5,152,2017,293625,      6.00,      6.00,      6.00,      6.00,0,0,0,1,1,1
H5,152,2017,293626,      6.00,      6.00,      6.00,      6.00,0,0,0,1,1,1
H5,152,2017,293627,      6.00,      6.00,      6.00,      6.00,0,0,0,1,1,1
H5,152,2017,293628,      6.00,      6.00,      6.00,      6.00,0,0,0,1,1,1
H5,152,2017,293629,      6.00,      6.00,      6.00,      6.00,0,0,0,1,1,1
H5,152,2017,293690,      6.00,      6.00,      6.00,      6.00,0,0,0,1,1,1
H5,152,2017,293711,      6.00,      6.00,      6.00,      6.00,0,0,0,1,1,1
H5,152,2017,293712,      6.00,      6.00,      6.00,      6.00,0,0,0,1,1,1
H5,152,2017,293719,      6.00,      6.00,      6.00,      6.00,0,0,0,1,1,1
H5,152,2017,293721,      6.00,      6.00,      6.00,      6.00,0,0,0,1,1,1
H5,152,2017,293722,      6.00,      6.00,      6.00,      6.00,0,0,0,1,1,1
H5,152,2017,293723,      6.00,      6.00,      6.00,      6.00,0,0,0,1,1,1
H5,152,2017,293729,      6.00,      6.00,      6.00,      6.00,0,0,0,1,1,1
H5,152,2017,293750,      6.00,      6.00,      6.00,      6.00,0,0,0,1,1,1
H5,152,2017,293790,      6.00,      6.00,      6.00,      6.00,0,0,0,1,1,1
H5,152,2017,293810,      6.00,      6.00,      6.00,      6.00,0,0,0,1,1,1
H5,152,2017,293890,      6.00,      6.00,      6.00,      6.00,0,0,0,1,1,1
H5,152,2017,293911,     18.00,      6.00,      6.00,      6.00,0,0,0,3,3,3
H5,152,2017,293919,      6.00,      6.00,      6.00,      6.00,0,0,0,1,1,1
H5,152,2017,293920,      6.00,      6.00,      6.00,      6.00,0,0,0,1,1,1
H5,152,2017,293930,      6.00,      6.00,      6.00,      6.00,0,0,0,1,1,1
H5,152,2017,293941,      6.00,      6.00,      6.00,      6.00,0,0,0,1,1,1
H5,152,2017,293942,      6.00,      6.00,      6.00,      6.00,0,0,0,1,1,1
H5,152,2017,293943,      6.00,      6.00,      6.00,      6.00,0,0,0,1,1,1
H5,152,2017,293944,      6.00,      6.00,      6.00,      6.00,0,0,0,1,1,1
H5,152,2017,293949,      6.00,      6.00,      6.00,      6.00,0,0,0,1,1,1
H5,152,2017,293951,      6.00,      6.00,      6.00,      6.00,0,0,0,1,1,1
H5,152,2017,293959,      6.00,      6.00,      6.00,      6.00,0,0,0,1,1,1
H5,152,2017,293961,      6.00,      6.00,      6.00,      6.00,0,0,0,1,1,1
H5,152,2017,293962,      6.00,      6.00,      6.00,      6.00,0,0,0,1,1,1
H5,152,2017,293963,      6.00,      6.00,      6.00,      6.00,0,0,0,1,1,1
H5,152,2017,293969,     18.00,      6.00,      6.00,      6.00,0,0,0,3,3,3
H5,152,2017,293971,      6.00,      6.00,      6.00,      6.00,0,0,0,1,1,1
H5,152,2017,293979,     24.00,      6.00,      6.00,      6.00,0,0,0,4,4,4
H5,152,2017,293980,      6.00,      6.00,      6.00,      6.00,0,0,0,1,1,1
H5,152,2017,294000,      6.00,      6.00,      6.00,      6.00,0,0,0,1,1,1
H5,152,2017,294110,      6.00,      6.00,      6.00,      6.00,0,0,0,1,1,1
H5,152,2017,294120,      6.00,      6.00,      6.00,      6.00,0,0,0,1,1,1
H5,152,2017,294130,     24.00,      6.00,      6.00,      6.00,0,0,0,4,4,4
H5,152,2017,294140,      6.00,      6.00,      6.00,      6.00,0,0,0,1,1,1
H5,152,2017,294150,      6.00,      6.00,      6.00,      6.00,0,0,0,1,1,1
H5,152,2017,294190,     36.00,      6.00,      6.00,      6.00,0,0,0,6,6,6
H5,152,2017,294200,      6.00,      6.00,      6.00,      6.00,0,0,0,1,1,1
H5,152,2017,300120,      6.00,      6.00,      6.00,      6.00,0,0,0,1,1,1
H5,152,2017,300190,      6.00,      6.00,      6.00,      6.00,0,0,0,1,1,1
H5,152,2017,300211,      6.00,      6.00,      6.00,      6.00,0,0,0,1,1,1
H5,152,2017,300212,     12.00,      6.00,      6.00,      6.00,0,0,0,2,2,2
H5,152,2017,300213,     36.00,      6.00,      6.00,      6.00,0,0,0,6,6,6
H5,152,2017,300214,     36.00,      6.00,      6.00,      6.00,0,0,0,6,6,6
H5,152,2017,300215,     36.00,      6.00,      6.00,      6.00,0,0,0,6,6,6
H5,152,2017,300219,     12.00,      6.00,      6.00,      6.00,0,0,0,2,2,2
H5,152,2017,300220,      6.00,      6.00,      6.00,      6.00,0,0,0,1,1,1
H5,152,2017,300230,      6.00,      6.00,      6.00,      6.00,0,0,0,1,1,1
H5,152,2017,300290,     30.00,      6.00,      6.00,      6.00,0,0,0,5,5,5
H5,152,2017,300310,     18.00,      6.00,      6.00,      6.00,0,0,0,3,3,3
H5,152,2017,300320,     54.00,      6.00,      6.00,      6.00,0,0,0,9,9,9
H5,152,2017,300331,     12.00,      6.00,      6.00,      6.00,0,0,0,2,2,2
H5,152,2017,300339,     18.00,      6.00,      6.00,      6.00,0,0,0,3,3,3
H5,152,2017,300341,     12.00,      6.00,      6.00,      6.00,0,0,0,2,2,2
H5,152,2017,300342,     12.00,      6.00,      6.00,      6.00,0,0,0,2,2,2
H5,152,2017,300343,     12.00,      6.00,      6.00,      6.00,0,0,0,2,2,2
H5,152,2017,300349,     12.00,      6.00,      6.00,      6.00,0,0,0,2,2,2
H5,152,2017,300360,      6.00,      6.00,      6.00,      6.00,0,0,0,1,1,1
H5,152,2017,300390,     12.00,      6.00,      6.00,      6.00,0,0,0,2,2,2
H5,152,2017,300410,     18.00,      6.00,      6.00,      6.00,0,0,0,3,3,3
H5,152,2017,300420,     60.00,      6.00,      6.00,      6.00,0,0,0,10,10,10
H5,152,2017,300431,     12.00,      6.00,      6.00,      6.00,0,0,0,2,2,2
H5,152,2017,300432,     30.00,      6.00,      6.00,      6.00,0,0,0,5,5,5
H5,152,2017,300439,     12.00,      6.00,      6.00,      6.00,0,0,0,2,2,2
H5,152,2017,300441,     18.00,      6.00,      6.00,      6.00,0,0,0,3,3,3
H5,152,2017,300442,     18.00,      6.00,      6.00,      6.00,0,0,0,3,3,3
H5,152,2017,300443,     18.00,      6.00,      6.00,      6.00,0,0,0,3,3,3
H5,152,2017,300449,     24.00,      6.00,      6.00,      6.00,0,0,0,4,4,4
H5,152,2017,300450,     18.00,      6.00,      6.00,      6.00,0,0,0,3,3,3
H5,152,2017,300460,      6.00,      6.00,      6.00,      6.00,0,0,0,1,1,1
H5,152,2017,300490,    186.00,      6.00,      6.00,      6.00,0,0,0,31,31,31
H5,152,2017,300510,     30.00,      6.00,      6.00,      6.00,0,0,0,5,5,5
H5,152,2017,300590,     18.00,      6.00,      6.00,      6.00,0,0,0,3,3,3
H5,152,2017,300610,     24.00,      6.00,      6.00,      6.00,0,0,0,4,4,4
H5,152,2017,300620,      6.00,      6.00,      6.00,      6.00,0,0,0,1,1,1
H5,152,2017,300630,      6.00,      6.00,      6.00,      6.00,0,0,0,1,1,1
H5,152,2017,300640,     12.00,      6.00,      6.00,      6.00,0,0,0,2,2,2
H5,152,2017,300650,     12.00,      6.00,      6.00,      6.00,0,0,0,2,2,2
H5,152,2017,300660,      6.00,      6.00,      6.00,      6.00,0,0,0,1,1,1
H5,152,2017,300670,      6.00,      6.00,      6.00,      6.00,0,0,0,1,1,1
H5,152,2017,300691,      6.00,      6.00,      6.00,      6.00,0,0,0,1,1,1
H5,152,2017,300692,      6.00,      6.00,      6.00,      6.00,0,0,0,1,1,1
H5,152,2017,310100,      6.00,      6.00,      6.00,      6.00,0,0,0,1,1,1
H5,152,2017,310210,      6.00,      6.00,      6.00,      6.00,0,0,0,1,1,1
H5,152,2017,310221,      6.00,      6.00,      6.00,      6.00,0,0,0,1,1,1
H5,152,2017,310229,      6.00,      6.00,      6.00,      6.00,0,0,0,1,1,1
H5,152,2017,310230,      6.00,      6.00,      6.00,      6.00,0,0,0,1,1,1
H5,152,2017,310240,      6.00,      6.00,      6.00,      6.00,0,0,0,1,1,1
H5,152,2017,310250,      6.00,      6.00,      6.00,      6.00,0,0,0,1,1,1
H5,152,2017,310260,      6.00,      6.00,      6.00,      6.00,0,0,0,1,1,1
H5,152,2017,310280,      6.00,      6.00,      6.00,      6.00,0,0,0,1,1,1
H5,152,2017,310290,     12.00,      6.00,      6.00,      6.00,0,0,0,2,2,2
H5,152,2017,310311,     18.00,      6.00,      6.00,      6.00,0,0,0,3,3,3
H5,152,2017,310319,     18.00,      6.00,      6.00,      6.00,0,0,0,3,3,3
H5,152,2017,310390,      6.00,      6.00,      6.00,      6.00,0,0,0,1,1,1
H5,152,2017,310420,      6.00,      6.00,      6.00,      6.00,0,0,0,1,1,1
H5,152,2017,310430,      6.00,      6.00,      6.00,      6.00,0,0,0,1,1,1
H5,152,2017,310490,     12.00,      6.00,      6.00,      6.00,0,0,0,2,2,2
H5,152,2017,310510,     24.00,      6.00,      6.00,      6.00,0,0,0,4,4,4
H5,152,2017,310520,      6.00,      6.00,      6.00,      6.00,0,0,0,1,1,1
H5,152,2017,310530,      6.00,      6.00,      6.00,      6.00,0,0,0,1,1,1
H5,152,2017,310540,      6.00,      6.00,      6.00,      6.00,0,0,0,1,1,1
H5,152,2017,310551,      6.00,      6.00,      6.00,      6.00,0,0,0,1,1,1
H5,152,2017,310559,      6.00,      6.00,      6.00,      6.00,0,0,0,1,1,1
H5,152,2017,310560,      6.00,      6.00,      6.00,      6.00,0,0,0,1,1,1
H5,152,2017,310590,     18.00,      6.00,      6.00,      6.00,0,0,0,3,3,3
H5,152,2017,320110,      6.00,      6.00,      6.00,      6.00,0,0,0,1,1,1
H5,152,2017,320120,      6.00,      6.00,      6.00,      6.00,0,0,0,1,1,1
H5,152,2017,320190,      6.00,      6.00,      6.00,      6.00,0,0,0,1,1,1
H5,152,2017,320210,      6.00,      6.00,      6.00,      6.00,0,0,0,1,1,1
H5,152,2017,320290,     12.00,      6.00,      6.00,      6.00,0,0,0,2,2,2
H5,152,2017,320300,     12.00,      6.00,      6.00,      6.00,0,0,0,2,2,2
H5,152,2017,320411,      6.00,      6.00,      6.00,      6.00,0,0,0,1,1,1
H5,152,2017,320412,      6.00,      6.00,      6.00,      6.00,0,0,0,1,1,1
H5,152,2017,320413,      6.00,      6.00,      6.00,      6.00,0,0,0,1,1,1
H5,152,2017,320414,      6.00,      6.00,      6.00,      6.00,0,0,0,1,1,1
H5,152,2017,320415,      6.00,      6.00,      6.00,      6.00,0,0,0,1,1,1
H5,152,2017,320416,      6.00,      6.00,      6.00,      6.00,0,0,0,1,1,1
H5,152,2017,320417,      6.00,      6.00,      6.00,      6.00,0,0,0,1,1,1
H5,152,2017,320419,     12.00,      6.00,      6.00,      6.00,0,0,0,2,2,2
H5,152,2017,320420,      6.00,      6.00,      6.00,      6.00,0,0,0,1,1,1
H5,152,2017,320490,      6.00,      6.00,      6.00,      6.00,0,0,0,1,1,1
H5,152,2017,320500,      6.00,      6.00,      6.00,      6.00,0,0,0,1,1,1
H5,152,2017,320611,     12.00,      6.00,      6.00,      6.00,0,0,0,2,2,2
H5,152,2017,320619,      6.00,      6.00,      6.00,      6.00,0,0,0,1,1,1
H5,152,2017,320620,      6.00,      6.00,      6.00,      6.00,0,0,0,1,1,1
H5,152,2017,320641,      6.00,      6.00,      6.00,      6.00,0,0,0,1,1,1
H5,152,2017,320642,      6.00,      6.00,      6.00,      6.00,0,0,0,1,1,1
H5,152,2017,320649,      6.00,      6.00,      6.00,      6.00,0,0,0,1,1,1
H5,152,2017,320650,      6.00,      6.00,      6.00,      6.00,0,0,0,1,1,1
H5,152,2017,320710,      6.00,      6.00,      6.00,      6.00,0,0,0,1,1,1
H5,152,2017,320720,      6.00,      6.00,      6.00,      6.00,0,0,0,1,1,1
H5,152,2017,320730,      6.00,      6.00,      6.00,      6.00,0,0,0,1,1,1
H5,152,2017,320740,     12.00,      6.00,      6.00,      6.00,0,0,0,2,2,2
H5,152,2017,320810,     30.00,      6.00,      6.00,      6.00,0,0,0,5,5,5
H5,152,2017,320820,     30.00,      6.00,      6.00,      6.00,0,0,0,5,5,5
H5,152,2017,320890,     30.00,      6.00,      6.00,      6.00,0,0,0,5,5,5
H5,152,2017,320910,     24.00,      6.00,      6.00,      6.00,0,0,0,4,4,4
H5,152,2017,320990,     24.00,      6.00,      6.00,      6.00,0,0,0,4,4,4
H5,152,2017,321000,      6.00,      6.00,      6.00,      6.00,0,0,0,1,1,1
H5,152,2017,321100,      6.00,      6.00,      6.00,      6.00,0,0,0,1,1,1
H5,152,2017,321210,      6.00,      6.00,      6.00,      6.00,0,0,0,1,1,1
H5,152,2017,321290,     12.00,      6.00,      6.00,      6.00,0,0,0,2,2,2
H5,152,2017,321310,      6.00,      6.00,      6.00,      6.00,0,0,0,1,1,1
H5,152,2017,321390,      6.00,      6.00,      6.00,      6.00,0,0,0,1,1,1
H5,152,2017,321410,      6.00,      6.00,      6.00,      6.00,0,0,0,1,1,1
H5,152,2017,321490,      6.00,      6.00,      6.00,      6.00,0,0,0,1,1,1
H5,152,2017,321511,      6.00,      6.00,      6.00,      6.00,0,0,0,1,1,1
H5,152,2017,321519,      6.00,      6.00,      6.00,      6.00,0,0,0,1,1,1
H5,152,2017,321590,      6.00,      6.00,      6.00,      6.00,0,0,0,1,1,1
H5,152,2017,330112,      6.00,      6.00,      6.00,      6.00,0,0,0,1,1,1
H5,152,2017,330113,      6.00,      6.00,      6.00,      6.00,0,0,0,1,1,1
H5,152,2017,330119,      6.00,      6.00,      6.00,      6.00,0,0,0,1,1,1
H5,152,2017,330124,      6.00,      6.00,      6.00,      6.00,0,0,0,1,1,1
H5,152,2017,330125,      6.00,      6.00,      6.00,      6.00,0,0,0,1,1,1
H5,152,2017,330129,      6.00,      6.00,      6.00,      6.00,0,0,0,1,1,1
H5,152,2017,330130,      6.00,      6.00,      6.00,      6.00,0,0,0,1,1,1
H5,152,2017,330190,      6.00,      6.00,      6.00,      6.00,0,0,0,1,1,1
H5,152,2017,330210,      6.00,      6.00,      6.00,      6.00,0,0,0,1,1,1
H5,152,2017,330290,     30.00,      6.00,      6.00,      6.00,0,0,0,5,5,5
H5,152,2017,330300,     12.00,      6.00,      6.00,      6.00,0,0,0,2,2,2
H5,152,2017,330410,      6.00,      6.00,      6.00,      6.00,0,0,0,1,1,1
H5,152,2017,330420,      6.00,      6.00,      6.00,      6.00,0,0,0,1,1,1
H5,152,2017,330430,     18.00,      6.00,      6.00,      6.00,0,0,0,3,3,3
H5,152,2017,330491,      6.00,      6.00,      6.00,      6.00,0,0,0,1,1,1
H5,152,2017,330499,     54.00,      6.00,      6.00,      6.00,0,0,0,9,9,9
H5,152,2017,330510,     18.00,      6.00,      6.00,      6.00,0,0,0,3,3,3
H5,152,2017,330520,      6.00,      6.00,      6.00,      6.00,0,0,0,1,1,1
H5,152,2017,330530,      6.00,      6.00,      6.00,      6.00,0,0,0,1,1,1
H5,152,2017,330590,     18.00,      6.00,      6.00,      6.00,0,0,0,3,3,3
H5,152,2017,330610,      6.00,      6.00,      6.00,      6.00,0,0,0,1,1,1
H5,152,2017,330620,      6.00,      6.00,      6.00,      6.00,0,0,0,1,1,1
H5,152,2017,330690,     18.00,      6.00,      6.00,      6.00,0,0,0,3,3,3
H5,152,2017,330710,     12.00,      6.00,      6.00,      6.00,0,0,0,2,2,2
H5,152,2017,330720,     12.00,      6.00,      6.00,      6.00,0,0,0,2,2,2
H5,152,2017,330730,      6.00,      6.00,      6.00,      6.00,0,0,0,1,1,1
H5,152,2017,330741,      6.00,      6.00,      6.00,      6.00,0,0,0,1,1,1
H5,152,2017,330749,     12.00,      6.00,      6.00,      6.00,0,0,0,2,2,2
H5,152,2017,330790,     12.00,      6.00,      6.00,      6.00,0,0,0,2,2,2
H5,152,2017,340111,      6.00,      6.00,      6.00,      6.00,0,0,0,1,1,1
H5,152,2017,340119,      6.00,      6.00,      6.00,      6.00,0,0,0,1,1,1
H5,152,2017,340120,     12.00,      6.00,      6.00,      6.00,0,0,0,2,2,2
H5,152,2017,340130,      6.00,      6.00,      6.00,      6.00,0,0,0,1,1,1
H5,152,2017,340211,      6.00,      6.00,      6.00,      6.00,0,0,0,1,1,1
H5,152,2017,340212,      6.00,      6.00,      6.00,      6.00,0,0,0,1,1,1
H5,152,2017,340213,      6.00,      6.00,      6.00,      6.00,0,0,0,1,1,1
H5,152,2017,340219,      6.00,      6.00,      6.00,      6.00,0,0,0,1,1,1
H5,152,2017,340220,     12.00,      6.00,      6.00,      6.00,0,0,0,2,2,2
H5,152,2017,340290,      6.00,      6.00,      6.00,      6.00,0,0,0,1,1,1
H5,152,2017,340311,      6.00,      6.00,      6.00,      6.00,0,0,0,1,1,1
H5,152,2017,340319,     12.00,      6.00,      6.00,      6.00,0,0,0,2,2,2
H5,152,2017,340391,      6.00,      6.00,      6.00,      6.00,0,0,0,1,1,1
H5,152,2017,340399,     12.00,      6.00,      6.00,      6.00,0,0,0,2,2,2
H5,152,2017,340420,      6.00,      6.00,      6.00,      6.00,0,0,0,1,1,1
H5,152,2017,340490,     12.00,      6.00,      6.00,      6.00,0,0,0,2,2,2
H5,152,2017,340510,     12.00,      6.00,      6.00,      6.00,0,0,0,2,2,2
H5,152,2017,340520,      6.00,      6.00,      6.00,      6.00,0,0,0,1,1,1
H5,152,2017,340530,     12.00,      6.00,      6.00,      6.00,0,0,0,2,2,2
H5,152,2017,340540,      6.00,      6.00,      6.00,      6.00,0,0,0,1,1,1
H5,152,2017,340590,     12.00,      6.00,      6.00,      6.00,0,0,0,2,2,2
H5,152,2017,340600,      6.00,      6.00,      6.00,      6.00,0,0,0,1,1,1
H5,152,2017,340700,     18.00,      6.00,      6.00,      6.00,0,0,0,3,3,3
H5,152,2017,350110,      6.00,      6.00,      6.00,      6.00,0,0,0,1,1,1
H5,152,2017,350190,      6.00,      6.00,      6.00,      6.00,0,0,0,1,1,1
H5,152,2017,350211,      6.00,      6.00,      6.00,      6.00,0,0,0,1,1,1
H5,152,2017,350219,      6.00,      6.00,      6.00,      6.00,0,0,0,1,1,1
H5,152,2017,350220,      6.00,      6.00,      6.00,      6.00,0,0,0,1,1,1
H5,152,2017,350290,      6.00,      6.00,      6.00,      6.00,0,0,0,1,1,1
H5,152,2017,350300,     12.00,      6.00,      6.00,      6.00,0,0,0,2,2,2
H5,152,2017,350400,     12.00,      6.00,      6.00,      6.00,0,0,0,2,2,2
H5,152,2017,350510,      6.00,      6.00,      6.00,      6.00,0,0,0,1,1,1
H5,152,2017,350520,      6.00,      6.00,      6.00,      6.00,0,0,0,1,1,1
H5,152,2017,350610,      6.00,      6.00,      6.00,      6.00,0,0,0,1,1,1
H5,152,2017,350691,     12.00,      6.00,      6.00,      6.00,0,0,0,2,2,2
H5,152,2017,350699,      6.00,      6.00,      6.00,      6.00,0,0,0,1,1,1
H5,152,2017,350710,     12.00,      6.00,      6.00,      6.00,0,0,0,2,2,2
H5,152,2017,350790,     18.00,      6.00,      6.00,      6.00,0,0,0,3,3,3
H5,152,2017,360100,      6.00,      6.00,      6.00,      6.00,0,0,0,1,1,1
H5,152,2017,360200,     30.00,      6.00,      6.00,      6.00,0,0,0,5,5,5
H5,152,2017,360300,     36.00,      6.00,      6.00,      6.00,0,0,0,6,6,6
H5,152,2017,360410,      6.00,      6.00,      6.00,      6.00,0,0,0,1,1,1
H5,152,2017,360490,      6.00,      6.00,      6.00,      6.00,0,0,0,1,1,1
H5,152,2017,360500,      6.00,      6.00,      6.00,      6.00,0,0,0,1,1,1
H5,152,2017,360610,      6.00,      6.00,      6.00,      6.00,0,0,0,1,1,1
H5,152,2017,360690,      6.00,      6.00,      6.00,      6.00,0,0,0,1,1,1
H5,152,2017,370110,      6.00,      6.00,      6.00,      6.00,0,0,0,1,1,1
H5,152,2017,370120,      6.00,      6.00,      6.00,      6.00,0,0,0,1,1,1
H5,152,2017,370130,      6.00,      6.00,      6.00,      6.00,0,0,0,1,1,1
H5,152,2017,370191,      6.00,      6.00,      6.00,      6.00,0,0,0,1,1,1
H5,152,2017,370199,     12.00,      6.00,      6.00,      6.00,0,0,0,2,2,2
H5,152,2017,370210,      6.00,      6.00,      6.00,      6.00,0,0,0,1,1,1
H5,152,2017,370231,      6.00,      6.00,      6.00,      6.00,0,0,0,1,1,1
H5,152,2017,370232,      6.00,      6.00,      6.00,      6.00,0,0,0,1,1,1
H5,152,2017,370239,      6.00,      6.00,      6.00,      6.00,0,0,0,1,1,1
H5,152,2017,370241,      6.00,      6.00,      6.00,      6.00,0,0,0,1,1,1
H5,152,2017,370242,      6.00,      6.00,      6.00,      6.00,0,0,0,1,1,1
H5,152,2017,370243,      6.00,      6.00,      6.00,      6.00,0,0,0,1,1,1
H5,152,2017,370244,      6.00,      6.00,      6.00,      6.00,0,0,0,1,1,1
H5,152,2017,370252,      6.00,      6.00,      6.00,      6.00,0,0,0,1,1,1
H5,152,2017,370253,      6.00,      6.00,      6.00,      6.00,0,0,0,1,1,1
H5,152,2017,370254,     12.00,      6.00,      6.00,      6.00,0,0,0,2,2,2
H5,152,2017,370255,      6.00,      6.00,      6.00,      6.00,0,0,0,1,1,1
H5,152,2017,370256,      6.00,      6.00,      6.00,      6.00,0,0,0,1,1,1
H5,152,2017,370296,      6.00,      6.00,      6.00,      6.00,0,0,0,1,1,1
H5,152,2017,370297,      6.00,      6.00,      6.00,      6.00,0,0,0,1,1,1
H5,152,2017,370298,      6.00,      6.00,      6.00,      6.00,0,0,0,1,1,1
H5,152,2017,370310,      6.00,      6.00,      6.00,      6.00,0,0,0,1,1,1
H5,152,2017,370320,      6.00,      6.00,      6.00,      6.00,0,0,0,1,1,1
H5,152,2017,370390,     18.00,      6.00,      6.00,      6.00,0,0,0,3,3,3
H5,152,2017,370400,      6.00,      6.00,      6.00,      6.00,0,0,0,1,1,1
H5,152,2017,370500,      6.00,      6.00,      6.00,      6.00,0,0,0,1,1,1
H5,152,2017,370610,      6.00,      6.00,      6.00,      6.00,0,0,0,1,1,1
H5,152,2017,370690,      6.00,      6.00,      6.00,      6.00,0,0,0,1,1,1
H5,152,2017,370710,      6.00,      6.00,      6.00,      6.00,0,0,0,1,1,1
H5,152,2017,370790,     12.00,      6.00,      6.00,      6.00,0,0,0,2,2,2
H5,152,2017,380110,      6.00,      6.00,      6.00,      6.00,0,0,0,1,1,1
H5,152,2017,380120,      6.00,      6.00,      6.00,      6.00,0,0,0,1,1,1
H5,152,2017,380130,      6.00,      6.00,      6.00,      6.00,0,0,0,1,1,1
H5,152,2017,380190,      6.00,      6.00,      6.00,      6.00,0,0,0,1,1,1
H5,152,2017,380210,      6.00,      6.00,      6.00,      6.00,0,0,0,1,1,1
H5,152,2017,380290,     12.00,      6.00,      6.00,      6.00,0,0,0,2,2,2
H5,152,2017,380300,      6.00,      6.00,      6.00,      6.00,0,0,0,1,1,1
H5,152,2017,380400,      6.00,      6.00,      6.00,      6.00,0,0,0,1,1,1
H5,152,2017,380510,      6.00,      6.00,      6.00,      6.00,0,0,0,1,1,1
H5,152,2017,380590,      6.00,      6.00,      6.00,      6.00,0,0,0,1,1,1
H5,152,2017,380610,      6.00,      6.00,      6.00,      6.00,0,0,0,1,1,1
H5,152,2017,380620,      6.00,      6.00,      6.00,      6.00,0,0,0,1,1,1
H5,152,2017,380630,      6.00,      6.00,      6.00,      6.00,0,0,0,1,1,1
H5,152,2017,380690,      6.00,      6.00,      6.00,      6.00,0,0,0,1,1,1
H5,152,2017,380700,      6.00,      6.00,      6.00,      6.00,0,0,0,1,1,1
H5,152,2017,380852,      6.00,      6.00,      6.00,      6.00,0,0,0,1,1,1
H5,152,2017,380859,      6.00,      6.00,      6.00,      6.00,0,0,0,1,1,1
H5,152,2017,380861,     12.00,      6.00,      6.00,      6.00,0,0,0,2,2,2
H5,152,2017,380862,      6.00,      6.00,      6.00,      6.00,0,0,0,1,1,1
H5,152,2017,380869,      6.00,      6.00,      6.00,      6.00,0,0,0,1,1,1
H5,152,2017,380891,     60.00,      6.00,      6.00,      6.00,0,0,0,10,10,10
H5,152,2017,380892,     24.00,      6.00,      6.00,      6.00,0,0,0,4,4,4
H5,152,2017,380893,     60.00,      6.00,      6.00,      6.00,0,0,0,10,10,10
H5,152,2017,380894,     30.00,      6.00,      6.00,      6.00,0,0,0,5,5,5
H5,152,2017,380899,     36.00,      6.00,      6.00,      6.00,0,0,0,6,6,6
H5,152,2017,380910,      6.00,      6.00,      6.00,      6.00,0,0,0,1,1,1
H5,152,2017,380991,     12.00,      6.00,      6.00,      6.00,0,0,0,2,2,2
H5,152,2017,380992,     12.00,      6.00,      6.00,      6.00,0,0,0,2,2,2
H5,152,2017,380993,     12.00,      6.00,      6.00,      6.00,0,0,0,2,2,2
H5,152,2017,381010,      6.00,      6.00,      6.00,      6.00,0,0,0,1,1,1
H5,152,2017,381090,     12.00,      6.00,      6.00,      6.00,0,0,0,2,2,2
H5,152,2017,381111,      6.00,      6.00,      6.00,      6.00,0,0,0,1,1,1
H5,152,2017,381119,     12.00,      6.00,      6.00,      6.00,0,0,0,2,2,2
H5,152,2017,381121,     18.00,      6.00,      6.00,      6.00,0,0,0,3,3,3
H5,152,2017,381129,     18.00,      6.00,      6.00,      6.00,0,0,0,3,3,3
H5,152,2017,381190,     18.00,      6.00,      6.00,      6.00,0,0,0,3,3,3
H5,152,2017,381210,      6.00,      6.00,      6.00,      6.00,0,0,0,1,1,1
H5,152,2017,381220,      6.00,      6.00,      6.00,      6.00,0,0,0,1,1,1
H5,152,2017,381231,      6.00,      6.00,      6.00,      6.00,0,0,0,1,1,1
H5,152,2017,381239,      6.00,      6.00,      6.00,      6.00,0,0,0,1,1,1
H5,152,2017,381300,     30.00,      6.00,      6.00,      6.00,0,0,0,5,5,5
H5,152,2017,381400,     24.00,      6.00,      6.00,      6.00,0,0,0,4,4,4
H5,152,2017,381511,      6.00,      6.00,      6.00,      6.00,0,0,0,1,1,1
H5,152,2017,381512,      6.00,      6.00,      6.00,      6.00,0,0,0,1,1,1
H5,152,2017,381519,      6.00,      6.00,      6.00,      6.00,0,0,0,1,1,1
H5,152,2017,381590,      6.00,      6.00,      6.00,      6.00,0,0,0,1,1,1
H5,152,2017,381600,     24.00,      6.00,      6.00,      6.00,0,0,0,4,4,4
H5,152,2017,381700,     18.00,      6.00,      6.00,      6.00,0,0,0,3,3,3
H5,152,2017,381800,      6.00,      6.00,      6.00,      6.00,0,0,0,1,1,1
H5,152,2017,381900,      6.00,      6.00,      6.00,      6.00,0,0,0,1,1,1
H5,152,2017,382000,      6.00,      6.00,      6.00,      6.00,0,0,0,1,1,1
H5,152,2017,382100,      6.00,      6.00,      6.00,      6.00,0,0,0,1,1,1
H5,152,2017,382200,      6.00,      6.00,      6.00,      6.00,0,0,0,1,1,1
H5,152,2017,382311,      6.00,      6.00,      6.00,      6.00,0,0,0,1,1,1
H5,152,2017,382312,      6.00,      6.00,      6.00,      6.00,0,0,0,1,1,1
H5,152,2017,382313,      6.00,      6.00,      6.00,      6.00,0,0,0,1,1,1
H5,152,2017,382319,      6.00,      6.00,      6.00,      6.00,0,0,0,1,1,1
H5,152,2017,382370,      6.00,      6.00,      6.00,      6.00,0,0,0,1,1,1
H5,152,2017,382410,      6.00,      6.00,      6.00,      6.00,0,0,0,1,1,1
H5,152,2017,382430,      6.00,      6.00,      6.00,      6.00,0,0,0,1,1,1
H5,152,2017,382440,      6.00,      6.00,      6.00,      6.00,0,0,0,1,1,1
H5,152,2017,382450,      6.00,      6.00,      6.00,      6.00,0,0,0,1,1,1
H5,152,2017,382460,      6.00,      6.00,      6.00,      6.00,0,0,0,1,1,1
H5,152,2017,382471,      6.00,      6.00,      6.00,      6.00,0,0,0,1,1,1
H5,152,2017,382472,      6.00,      6.00,      6.00,      6.00,0,0,0,1,1,1
H5,152,2017,382473,      6.00,      6.00,      6.00,      6.00,0,0,0,1,1,1
H5,152,2017,382474,     54.00,      6.00,      6.00,      6.00,0,0,0,9,9,9
H5,152,2017,382475,      6.00,      6.00,      6.00,      6.00,0,0,0,1,1,1
H5,152,2017,382476,      6.00,      6.00,      6.00,      6.00,0,0,0,1,1,1
H5,152,2017,382477,      6.00,      6.00,      6.00,      6.00,0,0,0,1,1,1
H5,152,2017,382478,     84.00,      6.00,      6.00,      6.00,0,0,0,14,14,14
H5,152,2017,382479,      6.00,      6.00,      6.00,      6.00,0,0,0,1,1,1
H5,152,2017,382481,     18.00,      6.00,      6.00,      6.00,0,0,0,3,3,3
H5,152,2017,382482,      6.00,      6.00,      6.00,      6.00,0,0,0,1,1,1
H5,152,2017,382483,      6.00,      6.00,      6.00,      6.00,0,0,0,1,1,1
H5,152,2017,382484,      6.00,      6.00,      6.00,      6.00,0,0,0,1,1,1
H5,152,2017,382485,      6.00,      6.00,      6.00,      6.00,0,0,0,1,1,1
H5,152,2017,382486,      6.00,      6.00,      6.00,      6.00,0,0,0,1,1,1
H5,152,2017,382487,      6.00,      6.00,      6.00,      6.00,0,0,0,1,1,1
H5,152,2017,382488,      6.00,      6.00,      6.00,      6.00,0,0,0,1,1,1
H5,152,2017,382491,      6.00,      6.00,      6.00,      6.00,0,0,0,1,1,1
H5,152,2017,382499,    108.00,      6.00,      6.00,      6.00,0,0,0,18,18,18
H5,152,2017,382510,      6.00,      6.00,      6.00,      6.00,0,0,0,1,1,1
H5,152,2017,382520,      6.00,      6.00,      6.00,      6.00,0,0,0,1,1,1
H5,152,2017,382530,      6.00,      6.00,      6.00,      6.00,0,0,0,1,1,1
H5,152,2017,382541,      6.00,      6.00,      6.00,      6.00,0,0,0,1,1,1
H5,152,2017,382549,      6.00,      6.00,      6.00,      6.00,0,0,0,1,1,1
H5,152,2017,382550,      6.00,      6.00,      6.00,      6.00,0,0,0,1,1,1
H5,152,2017,382561,      6.00,      6.00,      6.00,      6.00,0,0,0,1,1,1
H5,152,2017,382569,     18.00,      6.00,      6.00,      6.00,0,0,0,3,3,3
H5,152,2017,382590,      6.00,      6.00,      6.00,      6.00,0,0,0,1,1,1
H5,152,2017,382600,     54.00,      6.00,      6.00,      6.00,0,0,0,9,9,9
H5,152,2017,390110,     12.00,      6.00,      6.00,      6.00,0,0,0,2,2,2
H5,152,2017,390120,      6.00,      6.00,      6.00,      6.00,0,0,0,1,1,1
H5,152,2017,390130,      6.00,      6.00,      6.00,      6.00,0,0,0,1,1,1
H5,152,2017,390140,      6.00,      6.00,      6.00,      6.00,0,0,0,1,1,1
H5,152,2017,390190,      6.00,      6.00,      6.00,      6.00,0,0,0,1,1,1
H5,152,2017,390210,      6.00,      6.00,      6.00,      6.00,0,0,0,1,1,1
H5,152,2017,390220,      6.00,      6.00,      6.00,      6.00,0,0,0,1,1,1
H5,152,2017,390230,      6.00,      6.00,      6.00,      6.00,0,0,0,1,1,1
H5,152,2017,390290,      6.00,      6.00,      6.00,      6.00,0,0,0,1,1,1
H5,152,2017,390311,      6.00,      6.00,      6.00,      6.00,0,0,0,1,1,1
H5,152,2017,390319,     12.00,      6.00,      6.00,      6.00,0,0,0,2,2,2
H5,152,2017,390320,      6.00,      6.00,      6.00,      6.00,0,0,0,1,1,1
H5,152,2017,390330,      6.00,      6.00,      6.00,      6.00,0,0,0,1,1,1
H5,152,2017,390390,     12.00,      6.00,      6.00,      6.00,0,0,0,2,2,2
H5,152,2017,390410,     18.00,      6.00,      6.00,      6.00,0,0,0,3,3,3
H5,152,2017,390421,      6.00,      6.00,      6.00,      6.00,0,0,0,1,1,1
H5,152,2017,390422,      6.00,      6.00,      6.00,      6.00,0,0,0,1,1,1
H5,152,2017,390430,      6.00,      6.00,      6.00,      6.00,0,0,0,1,1,1
H5,152,2017,390440,      6.00,      6.00,      6.00,      6.00,0,0,0,1,1,1
H5,152,2017,390450,      6.00,      6.00,      6.00,      6.00,0,0,0,1,1,1
H5,152,2017,390461,      6.00,      6.00,      6.00,      6.00,0,0,0,1,1,1
H5,152,2017,390469,      6.00,      6.00,      6.00,      6.00,0,0,0,1,1,1
H5,152,2017,390490,      6.00,      6.00,      6.00,      6.00,0,0,0,1,1,1
H5,152,2017,390512,      6.00,      6.00,      6.00,      6.00,0,0,0,1,1,1
H5,152,2017,390519,      6.00,      6.00,      6.00,      6.00,0,0,0,1,1,1
H5,152,2017,390521,      6.00,      6.00,      6.00,      6.00,0,0,0,1,1,1
H5,152,2017,390529,      6.00,      6.00,      6.00,      6.00,0,0,0,1,1,1
H5,152,2017,390530,      6.00,      6.00,      6.00,      6.00,0,0,0,1,1,1
H5,152,2017,390591,      6.00,      6.00,      6.00,      6.00,0,0,0,1,1,1
H5,152,2017,390599,      6.00,      6.00,      6.00,      6.00,0,0,0,1,1,1
H5,152,2017,390610,      6.00,      6.00,      6.00,      6.00,0,0,0,1,1,1
H5,152,2017,390690,      6.00,      6.00,      6.00,      6.00,0,0,0,1,1,1
H5,152,2017,390710,      6.00,      6.00,      6.00,      6.00,0,0,0,1,1,1
H5,152,2017,390720,     24.00,      6.00,      6.00,      6.00,0,0,0,4,4,4
H5,152,2017,390730,     12.00,      6.00,      6.00,      6.00,0,0,0,2,2,2
H5,152,2017,390740,      6.00,      6.00,      6.00,      6.00,0,0,0,1,1,1
H5,152,2017,390750,      6.00,      6.00,      6.00,      6.00,0,0,0,1,1,1
H5,152,2017,390761,      6.00,      6.00,      6.00,      6.00,0,0,0,1,1,1
H5,152,2017,390769,      6.00,      6.00,      6.00,      6.00,0,0,0,1,1,1
H5,152,2017,390770,      6.00,      6.00,      6.00,      6.00,0,0,0,1,1,1
H5,152,2017,390791,      6.00,      6.00,      6.00,      6.00,0,0,0,1,1,1
H5,152,2017,390799,      6.00,      6.00,      6.00,      6.00,0,0,0,1,1,1
H5,152,2017,390810,      6.00,      6.00,      6.00,      6.00,0,0,0,1,1,1
H5,152,2017,390890,      6.00,      6.00,      6.00,      6.00,0,0,0,1,1,1
H5,152,2017,390910,     18.00,      6.00,      6.00,      6.00,0,0,0,3,3,3
H5,152,2017,390920,      6.00,      6.00,      6.00,      6.00,0,0,0,1,1,1
H5,152,2017,390931,      6.00,      6.00,      6.00,      6.00,0,0,0,1,1,1
H5,152,2017,390939,      6.00,      6.00,      6.00,      6.00,0,0,0,1,1,1
H5,152,2017,390940,      6.00,      6.00,      6.00,      6.00,0,0,0,1,1,1
H5,152,2017,390950,      6.00,      6.00,      6.00,      6.00,0,0,0,1,1,1
H5,152,2017,391000,     24.00,      6.00,      6.00,      6.00,0,0,0,4,4,4
H5,152,2017,391110,      6.00,      6.00,      6.00,      6.00,0,0,0,1,1,1
H5,152,2017,391190,      6.00,      6.00,      6.00,      6.00,0,0,0,1,1,1
H5,152,2017,391211,      6.00,      6.00,      6.00,      6.00,0,0,0,1,1,1
H5,152,2017,391212,      6.00,      6.00,      6.00,      6.00,0,0,0,1,1,1
H5,152,2017,391220,      6.00,      6.00,      6.00,      6.00,0,0,0,1,1,1
H5,152,2017,391231,      6.00,      6.00,      6.00,      6.00,0,0,0,1,1,1
H5,152,2017,391239,     36.00,      6.00,      6.00,      6.00,0,0,0,6,6,6
H5,152,2017,391290,      6.00,      6.00,      6.00,      6.00,0,0,0,1,1,1
H5,152,2017,391310,     24.00,      6.00,      6.00,      6.00,0,0,0,4,4,4
H5,152,2017,391390,      6.00,      6.00,      6.00,      6.00,0,0,0,1,1,1
H5,152,2017,391400,     12.00,      6.00,      6.00,      6.00,0,0,0,2,2,2
H5,152,2017,391510,      6.00,      6.00,      6.00,      6.00,0,0,0,1,1,1
H5,152,2017,391520,      6.00,      6.00,      6.00,      6.00,0,0,0,1,1,1
H5,152,2017,391530,      6.00,      6.00,      6.00,      6.00,0,0,0,1,1,1
H5,152,2017,391590,      6.00,      6.00,      6.00,      6.00,0,0,0,1,1,1
H5,152,2017,391610,      6.00,      6.00,      6.00,      6.00,0,0,0,1,1,1
H5,152,2017,391620,      6.00,      6.00,      6.00,      6.00,0,0,0,1,1,1
H5,152,2017,391690,      6.00,      6.00,      6.00,      6.00,0,0,0,1,1,1
H5,152,2017,391710,     12.00,      6.00,      6.00,      6.00,0,0,0,2,2,2
H5,152,2017,391721,      6.00,      6.00,      6.00,      6.00,0,0,0,1,1,1
H5,152,2017,391722,      6.00,      6.00,      6.00,      6.00,0,0,0,1,1,1
H5,152,2017,391723,      6.00,      6.00,      6.00,      6.00,0,0,0,1,1,1
H5,152,2017,391729,      6.00,      6.00,      6.00,      6.00,0,0,0,1,1,1
H5,152,2017,391731,      6.00,      6.00,      6.00,      6.00,0,0,0,1,1,1
H5,152,2017,391732,     24.00,      6.00,      6.00,      6.00,0,0,0,4,4,4
H5,152,2017,391733,     24.00,      6.00,      6.00,      6.00,0,0,0,4,4,4
H5,152,2017,391739,     24.00,      6.00,      6.00,      6.00,0,0,0,4,4,4
H5,152,2017,391740,     24.00,      6.00,      6.00,      6.00,0,0,0,4,4,4
H5,152,2017,391810,      6.00,      6.00,      6.00,      6.00,0,0,0,1,1,1
H5,152,2017,391890,      6.00,      6.00,      6.00,      6.00,0,0,0,1,1,1
H5,152,2017,391910,     30.00,      6.00,      6.00,      6.00,0,0,0,5,5,5
H5,152,2017,391990,     30.00,      6.00,      6.00,      6.00,0,0,0,5,5,5
H5,152,2017,392010,     12.00,      6.00,      6.00,      6.00,0,0,0,2,2,2
H5,152,2017,392020,     12.00,      6.00,      6.00,      6.00,0,0,0,2,2,2
H5,152,2017,392030,      6.00,      6.00,      6.00,      6.00,0,0,0,1,1,1
H5,152,2017,392043,      6.00,      6.00,      6.00,      6.00,0,0,0,1,1,1
H5,152,2017,392049,      6.00,      6.00,      6.00,      6.00,0,0,0,1,1,1
H5,152,2017,392051,      6.00,      6.00,      6.00,      6.00,0,0,0,1,1,1
H5,152,2017,392059,      6.00,      6.00,      6.00,      6.00,0,0,0,1,1,1
H5,152,2017,392061,      6.00,      6.00,      6.00,      6.00,0,0,0,1,1,1
H5,152,2017,392062,     12.00,      6.00,      6.00,      6.00,0,0,0,2,2,2
H5,152,2017,392063,     12.00,      6.00,      6.00,      6.00,0,0,0,2,2,2
H5,152,2017,392069,     12.00,      6.00,      6.00,      6.00,0,0,0,2,2,2
H5,152,2017,392071,     12.00,      6.00,      6.00,      6.00,0,0,0,2,2,2
H5,152,2017,392073,      6.00,      6.00,      6.00,      6.00,0,0,0,1,1,1
H5,152,2017,392079,      6.00,      6.00,      6.00,      6.00,0,0,0,1,1,1
H5,152,2017,392091,      6.00,      6.00,      6.00,      6.00,0,0,0,1,1,1
H5,152,2017,392092,      6.00,      6.00,      6.00,      6.00,0,0,0,1,1,1
H5,152,2017,392093,      6.00,      6.00,      6.00,      6.00,0,0,0,1,1,1
H5,152,2017,392094,      6.00,      6.00,      6.00,      6.00,0,0,0,1,1,1
H5,152,2017,392099,      6.00,      6.00,      6.00,      6.00,0,0,0,1,1,1
H5,152,2017,392111,      6.00,      6.00,      6.00,      6.00,0,0,0,1,1,1
H5,152,2017,392112,      6.00,      6.00,      6.00,      6.00,0,0,0,1,1,1
H5,152,2017,392113,      6.00,      6.00,      6.00,      6.00,0,0,0,1,1,1
H5,152,2017,392114,      6.00,      6.00,      6.00,      6.00,0,0,0,1,1,1
H5,152,2017,392119,      6.00,      6.00,      6.00,      6.00,0,0,0,1,1,1
H5,152,2017,392190,     12.00,      6.00,      6.00,      6.00,0,0,0,2,2,2
H5,152,2017,392210,      6.00,      6.00,      6.00,      6.00,0,0,0,1,1,1
H5,152,2017,392220,      6.00,      6.00,      6.00,      6.00,0,0,0,1,1,1
H5,152,2017,392290,      6.00,      6.00,      6.00,      6.00,0,0,0,1,1,1
H5,152,2017,392310,     12.00,      6.00,      6.00,      6.00,0,0,0,2,2,2
H5,152,2017,392321,     12.00,      6.00,      6.00,      6.00,0,0,0,2,2,2
H5,152,2017,392329,     12.00,      6.00,      6.00,      6.00,0,0,0,2,2,2
H5,152,2017,392330,     24.00,      6.00,      6.00,      6.00,0,0,0,4,4,4
H5,152,2017,392340,      6.00,      6.00,      6.00,      6.00,0,0,0,1,1,1
H5,152,2017,392350,     12.00,      6.00,      6.00,      6.00,0,0,0,2,2,2
H5,152,2017,392390,     18.00,      6.00,      6.00,      6.00,0,0,0,3,3,3
H5,152,2017,392410,      6.00,      6.00,      6.00,      6.00,0,0,0,1,1,1
H5,152,2017,392490,      6.00,      6.00,      6.00,      6.00,0,0,0,1,1,1
H5,152,2017,392510,      6.00,      6.00,      6.00,      6.00,0,0,0,1,1,1
H5,152,2017,392520,      6.00,      6.00,      6.00,      6.00,0,0,0,1,1,1
H5,152,2017,392530,      6.00,      6.00,      6.00,      6.00,0,0,0,1,1,1
H5,152,2017,392590,      6.00,      6.00,      6.00,      6.00,0,0,0,1,1,1
H5,152,2017,392610,      6.00,      6.00,      6.00,      6.00,0,0,0,1,1,1
H5,152,2017,392620,     24.00,      6.00,      6.00,      6.00,0,0,0,4,4,4
H5,152,2017,392630,      6.00,      6.00,      6.00,      6.00,0,0,0,1,1,1
H5,152,2017,392640,      6.00,      6.00,      6.00,      6.00,0,0,0,1,1,1
H5,152,2017,392690,     36.00,      6.00,      6.00,      6.00,0,0,0,6,6,6
H5,152,2017,400110,      6.00,      6.00,      6.00,      6.00,0,0,0,1,1,1
H5,152,2017,400121,      6.00,      6.00,      6.00,      6.00,0,0,0,1,1,1
H5,152,2017,400122,      6.00,      6.00,      6.00,      6.00,0,0,0,1,1,1
H5,152,2017,400129,      6.00,      6.00,      6.00,      6.00,0,0,0,1,1,1
H5,152,2017,400130,      6.00,      6.00,      6.00,      6.00,0,0,0,1,1,1
H5,152,2017,400211,      6.00,      6.00,      6.00,      6.00,0,0,0,1,1,1
H5,152,2017,400219,     12.00,      6.00,      6.00,      6.00,0,0,0,2,2,2
H5,152,2017,400220,     12.00,      6.00,      6.00,      6.00,0,0,0,2,2,2
H5,152,2017,400231,     12.00,      6.00,      6.00,      6.00,0,0,0,2,2,2
H5,152,2017,400239,     12.00,      6.00,      6.00,      6.00,0,0,0,2,2,2
H5,152,2017,400241,      6.00,      6.00,      6.00,      6.00,0,0,0,1,1,1
H5,152,2017,400249,      6.00,      6.00,      6.00,      6.00,0,0,0,1,1,1
H5,152,2017,400251,      6.00,      6.00,      6.00,      6.00,0,0,0,1,1,1
H5,152,2017,400259,      6.00,      6.00,      6.00,      6.00,0,0,0,1,1,1
H5,152,2017,400260,     12.00,      6.00,      6.00,      6.00,0,0,0,2,2,2
H5,152,2017,400270,     12.00,      6.00,      6.00,      6.00,0,0,0,2,2,2
H5,152,2017,400280,     12.00,      6.00,      6.00,      6.00,0,0,0,2,2,2
H5,152,2017,400291,      6.00,      6.00,      6.00,      6.00,0,0,0,1,1,1
H5,152,2017,400299,      6.00,      6.00,      6.00,      6.00,0,0,0,1,1,1
H5,152,2017,400300,      6.00,      6.00,      6.00,      6.00,0,0,0,1,1,1
H5,152,2017,400400,      6.00,      6.00,      6.00,      6.00,0,0,0,1,1,1
H5,152,2017,400510,     12.00,      6.00,      6.00,      6.00,0,0,0,2,2,2
H5,152,2017,400520,      6.00,      6.00,      6.00,      6.00,0,0,0,1,1,1
H5,152,2017,400591,      6.00,      6.00,      6.00,      6.00,0,0,0,1,1,1
H5,152,2017,400599,     12.00,      6.00,      6.00,      6.00,0,0,0,2,2,2
H5,152,2017,400610,      6.00,      6.00,      6.00,      6.00,0,0,0,1,1,1
H5,152,2017,400690,     12.00,      6.00,      6.00,      6.00,0,0,0,2,2,2
H5,152,2017,400700,      6.00,      6.00,      6.00,      6.00,0,0,0,1,1,1
H5,152,2017,400811,      6.00,      6.00,      6.00,      6.00,0,0,0,1,1,1
H5,152,2017,400819,      6.00,      6.00,      6.00,      6.00,0,0,0,1,1,1
H5,152,2017,400821,      6.00,      6.00,      6.00,      6.00,0,0,0,1,1,1
H5,152,2017,400829,      6.00,      6.00,      6.00,      6.00,0,0,0,1,1,1
H5,152,2017,400911,      6.00,      6.00,      6.00,      6.00,0,0,0,1,1,1
H5,152,2017,400912,      6.00,      6.00,      6.00,      6.00,0,0,0,1,1,1
H5,152,2017,400921,      6.00,      6.00,      6.00,      6.00,0,0,0,1,1,1
H5,152,2017,400922,      6.00,      6.00,      6.00,      6.00,0,0,0,1,1,1
H5,152,2017,400931,      6.00,      6.00,      6.00,      6.00,0,0,0,1,1,1
H5,152,2017,400932,      6.00,      6.00,      6.00,      6.00,0,0,0,1,1,1
H5,152,2017,400941,      6.00,      6.00,      6.00,      6.00,0,0,0,1,1,1
H5,152,2017,400942,      6.00,      6.00,      6.00,      6.00,0,0,0,1,1,1
H5,152,2017,401011,      6.00,      6.00,      6.00,      6.00,0,0,0,1,1,1
H5,152,2017,401012,      6.00,      6.00,      6.00,      6.00,0,0,0,1,1,1
H5,152,2017,401019,      6.00,      6.00,      6.00,      6.00,0,0,0,1,1,1
H5,152,2017,401031,      6.00,      6.00,      6.00,      6.00,0,0,0,1,1,1
H5,152,2017,401032,      6.00,      6.00,      6.00,      6.00,0,0,0,1,1,1
H5,152,2017,401033,      6.00,      6.00,      6.00,      6.00,0,0,0,1,1,1
H5,152,2017,401034,      6.00,      6.00,      6.00,      6.00,0,0,0,1,1,1
H5,152,2017,401035,      6.00,      6.00,      6.00,      6.00,0,0,0,1,1,1
H5,152,2017,401036,      6.00,      6.00,      6.00,      6.00,0,0,0,1,1,1
H5,152,2017,401039,      6.00,      6.00,      6.00,      6.00,0,0,0,1,1,1
H5,152,2017,401110,      6.00,      6.00,      6.00,      6.00,0,0,0,1,1,1
H5,152,2017,401120,      6.00,      6.00,      6.00,      6.00,0,0,0,1,1,1
H5,152,2017,401130,      6.00,      6.00,      6.00,      6.00,0,0,0,1,1,1
H5,152,2017,401140,      6.00,      6.00,      6.00,      6.00,0,0,0,1,1,1
H5,152,2017,401150,      6.00,      6.00,      6.00,      6.00,0,0,0,1,1,1
H5,152,2017,401170,      6.00,      6.00,      6.00,      6.00,0,0,0,1,1,1
H5,152,2017,401180,     12.00,      6.00,      6.00,      6.00,0,0,0,2,2,2
H5,152,2017,401190,      6.00,      6.00,      6.00,      6.00,0,0,0,1,1,1
H5,152,2017,401211,      6.00,      6.00,      6.00,      6.00,0,0,0,1,1,1
H5,152,2017,401212,      6.00,      6.00,      6.00,      6.00,0,0,0,1,1,1
H5,152,2017,401213,      6.00,      6.00,      6.00,      6.00,0,0,0,1,1,1
H5,152,2017,401219,      6.00,      6.00,      6.00,      6.00,0,0,0,1,1,1
H5,152,2017,401220,     12.00,      6.00,      6.00,      6.00,0,0,0,2,2,2
H5,152,2017,401290,     18.00,      6.00,      6.00,      6.00,0,0,0,3,3,3
H5,152,2017,401310,     12.00,      6.00,      6.00,      6.00,0,0,0,2,2,2
H5,152,2017,401320,      6.00,      6.00,      6.00,      6.00,0,0,0,1,1,1
H5,152,2017,401390,      6.00,      6.00,      6.00,      6.00,0,0,0,1,1,1
H5,152,2017,401410,      6.00,      6.00,      6.00,      6.00,0,0,0,1,1,1
H5,152,2017,401490,     12.00,      6.00,      6.00,      6.00,0,0,0,2,2,2
H5,152,2017,401511,      6.00,      6.00,      6.00,      6.00,0,0,0,1,1,1
H5,152,2017,401519,     24.00,      6.00,      6.00,      6.00,0,0,0,4,4,4
H5,152,2017,401590,      6.00,      6.00,      6.00,      6.00,0,0,0,1,1,1
H5,152,2017,401610,     12.00,      6.00,      6.00,      6.00,0,0,0,2,2,2
H5,152,2017,401691,      6.00,      6.00,      6.00,      6.00,0,0,0,1,1,1
H5,152,2017,401692,      6.00,      6.00,      6.00,      6.00,0,0,0,1,1,1
H5,152,2017,401693,     12.00,      6.00,      6.00,      6.00,0,0,0,2,2,2
H5,152,2017,401694,      6.00,      6.00,      6.00,      6.00,0,0,0,1,1,1
H5,152,2017,401695,      6.00,      6.00,      6.00,      6.00,0,0,0,1,1,1
H5,152,2017,401699,     18.00,      6.00,      6.00,      6.00,0,0,0,3,3,3
H5,152,2017,401700,      6.00,      6.00,      6.00,      6.00,0,0,0,1,1,1
H5,152,2017,410120,      6.00,      6.00,      6.00,      6.00,0,0,0,1,1,1
H5,152,2017,410150,      6.00,      6.00,      6.00,      6.00,0,0,0,1,1,1
H5,152,2017,410190,      6.00,      6.00,      6.00,      6.00,0,0,0,1,1,1
H5,152,2017,410210,      6.00,      6.00,      6.00,      6.00,0,0,0,1,1,1
H5,152,2017,410221,      6.00,      6.00,      6.00,      6.00,0,0,0,1,1,1
H5,152,2017,410229,      6.00,      6.00,      6.00,      6.00,0,0,0,1,1,1
H5,152,2017,410320,      6.00,      6.00,      6.00,      6.00,0,0,0,1,1,1
H5,152,2017,410330,      6.00,      6.00,      6.00,      6.00,0,0,0,1,1,1
H5,152,2017,410390,     12.00,      6.00,      6.00,      6.00,0,0,0,2,2,2
H5,152,2017,410411,      6.00,      6.00,      6.00,      6.00,0,0,0,1,1,1
H5,152,2017,410419,      6.00,      6.00,      6.00,      6.00,0,0,0,1,1,1
H5,152,2017,410441,      6.00,      6.00,      6.00,      6.00,0,0,0,1,1,1
H5,152,2017,410449,      6.00,      6.00,      6.00,      6.00,0,0,0,1,1,1
H5,152,2017,410510,      6.00,      6.00,      6.00,      6.00,0,0,0,1,1,1
H5,152,2017,410530,      6.00,      6.00,      6.00,      6.00,0,0,0,1,1,1
H5,152,2017,410621,      6.00,      6.00,      6.00,      6.00,0,0,0,1,1,1
H5,152,2017,410622,      6.00,      6.00,      6.00,      6.00,0,0,0,1,1,1
H5,152,2017,410631,      6.00,      6.00,      6.00,      6.00,0,0,0,1,1,1
H5,152,2017,410632,      6.00,      6.00,      6.00,      6.00,0,0,0,1,1,1
H5,152,2017,410640,      6.00,      6.00,      6.00,      6.00,0,0,0,1,1,1
H5,152,2017,410691,     12.00,      6.00,      6.00,      6.00,0,0,0,2,2,2
H5,152,2017,410692,     12.00,      6.00,      6.00,      6.00,0,0,0,2,2,2
H5,152,2017,410711,      6.00,      6.00,      6.00,      6.00,0,0,0,1,1,1
H5,152,2017,410712,      6.00,      6.00,      6.00,      6.00,0,0,0,1,1,1
H5,152,2017,410719,      6.00,      6.00,      6.00,      6.00,0,0,0,1,1,1
H5,152,2017,410791,      6.00,      6.00,      6.00,      6.00,0,0,0,1,1,1
H5,152,2017,410792,      6.00,      6.00,      6.00,      6.00,0,0,0,1,1,1
H5,152,2017,410799,      6.00,      6.00,      6.00,      6.00,0,0,0,1,1,1
H5,152,2017,411200,      6.00,      6.00,      6.00,      6.00,0,0,0,1,1,1
H5,152,2017,411310,      6.00,      6.00,      6.00,      6.00,0,0,0,1,1,1
H5,152,2017,411320,      6.00,      6.00,      6.00,      6.00,0,0,0,1,1,1
H5,152,2017,411330,      6.00,      6.00,      6.00,      6.00,0,0,0,1,1,1
H5,152,2017,411390,     12.00,      6.00,      6.00,      6.00,0,0,0,2,2,2
H5,152,2017,411410,      6.00,      6.00,      6.00,      6.00,0,0,0,1,1,1
H5,152,2017,411420,      6.00,      6.00,      6.00,      6.00,0,0,0,1,1,1
H5,152,2017,411510,      6.00,      6.00,      6.00,      6.00,0,0,0,1,1,1
H5,152,2017,411520,      6.00,      6.00,      6.00,      6.00,0,0,0,1,1,1
H5,152,2017,420100,      6.00,      6.00,      6.00,      6.00,0,0,0,1,1,1
H5,152,2017,420211,      6.00,      6.00,      6.00,      6.00,0,0,0,1,1,1
H5,152,2017,420212,     12.00,      6.00,      6.00,      6.00,0,0,0,2,2,2
H5,152,2017,420219,      6.00,      6.00,      6.00,      6.00,0,0,0,1,1,1
H5,152,2017,420221,      6.00,      6.00,      6.00,      6.00,0,0,0,1,1,1
H5,152,2017,420222,     12.00,      6.00,      6.00,      6.00,0,0,0,2,2,2
H5,152,2017,420229,      6.00,      6.00,      6.00,      6.00,0,0,0,1,1,1
H5,152,2017,420231,      6.00,      6.00,      6.00,      6.00,0,0,0,1,1,1
H5,152,2017,420232,     12.00,      6.00,      6.00,      6.00,0,0,0,2,2,2
H5,152,2017,420239,      6.00,      6.00,      6.00,      6.00,0,0,0,1,1,1
H5,152,2017,420291,      6.00,      6.00,      6.00,      6.00,0,0,0,1,1,1
H5,152,2017,420292,     12.00,      6.00,      6.00,      6.00,0,0,0,2,2,2
H5,152,2017,420299,      6.00,      6.00,      6.00,      6.00,0,0,0,1,1,1
H5,152,2017,420310,     12.00,      6.00,      6.00,      6.00,0,0,0,2,2,2
H5,152,2017,420321,      6.00,      6.00,      6.00,      6.00,0,0,0,1,1,1
H5,152,2017,420329,      6.00,      6.00,      6.00,      6.00,0,0,0,1,1,1
H5,152,2017,420330,      6.00,      6.00,      6.00,      6.00,0,0,0,1,1,1
H5,152,2017,420340,      6.00,      6.00,      6.00,      6.00,0,0,0,1,1,1
H5,152,2017,420500,      6.00,      6.00,      6.00,      6.00,0,0,0,1,1,1
H5,152,2017,420600,      6.00,      6.00,      6.00,      6.00,0,0,0,1,1,1
H5,152,2017,430110,      6.00,      6.00,      6.00,      6.00,0,0,0,1,1,1
H5,152,2017,430130,      6.00,      6.00,      6.00,      6.00,0,0,0,1,1,1
H5,152,2017,430160,      6.00,      6.00,      6.00,      6.00,0,0,0,1,1,1
H5,152,2017,430180,     12.00,      6.00,      6.00,      6.00,0,0,0,2,2,2
H5,152,2017,430190,      6.00,      6.00,      6.00,      6.00,0,0,0,1,1,1
H5,152,2017,430211,      6.00,      6.00,      6.00,      6.00,0,0,0,1,1,1
H5,152,2017,430219,     12.00,      6.00,      6.00,      6.00,0,0,0,2,2,2
H5,152,2017,430220,      6.00,      6.00,      6.00,      6.00,0,0,0,1,1,1
H5,152,2017,430230,      6.00,      6.00,      6.00,      6.00,0,0,0,1,1,1
H5,152,2017,430310,      6.00,      6.00,      6.00,      6.00,0,0,0,1,1,1
H5,152,2017,430390,      6.00,      6.00,      6.00,      6.00,0,0,0,1,1,1
H5,152,2017,430400,      6.00,      6.00,      6.00,      6.00,0,0,0,1,1,1
H5,152,2017,440111,      6.00,      6.00,      6.00,      6.00,0,0,0,1,1,1
H5,152,2017,440112,      6.00,      6.00,      6.00,      6.00,0,0,0,1,1,1
H5,152,2017,440121,     12.00,      6.00,      6.00,      6.00,0,0,0,2,2,2
H5,152,2017,440122,     30.00,      6.00,      6.00,      6.00,0,0,0,5,5,5
H5,152,2017,440131,      6.00,      6.00,      6.00,      6.00,0,0,0,1,1,1
H5,152,2017,440139,      6.00,      6.00,      6.00,      6.00,0,0,0,1,1,1
H5,152,2017,440140,      6.00,      6.00,      6.00,      6.00,0,0,0,1,1,1
H5,152,2017,440210,      6.00,      6.00,      6.00,      6.00,0,0,0,1,1,1
H5,152,2017,440290,      6.00,      6.00,      6.00,      6.00,0,0,0,1,1,1
H5,152,2017,440311,      6.00,      6.00,      6.00,      6.00,0,0,0,1,1,1
H5,152,2017,440312,      6.00,      6.00,      6.00,      6.00,0,0,0,1,1,1
H5,152,2017,440321,      6.00,      6.00,      6.00,      6.00,0,0,0,1,1,1
H5,152,2017,440322,      6.00,      6.00,      6.00,      6.00,0,0,0,1,1,1
H5,152,2017,440323,      6.00,      6.00,      6.00,      6.00,0,0,0,1,1,1
H5,152,2017,440324,      6.00,      6.00,      6.00,      6.00,0,0,0,1,1,1
H5,152,2017,440325,      6.00,      6.00,      6.00,      6.00,0,0,0,1,1,1
H5,152,2017,440326,      6.00,      6.00,      6.00,      6.00,0,0,0,1,1,1
H5,152,2017,440341,      6.00,      6.00,      6.00,      6.00,0,0,0,1,1,1
H5,152,2017,440349,      6.00,      6.00,      6.00,      6.00,0,0,0,1,1,1
H5,152,2017,440391,      6.00,      6.00,      6.00,      6.00,0,0,0,1,1,1
H5,152,2017,440393,      6.00,      6.00,      6.00,      6.00,0,0,0,1,1,1
H5,152,2017,440394,      6.00,      6.00,      6.00,      6.00,0,0,0,1,1,1
H5,152,2017,440395,      6.00,      6.00,      6.00,      6.00,0,0,0,1,1,1
H5,152,2017,440396,      6.00,      6.00,      6.00,      6.00,0,0,0,1,1,1
H5,152,2017,440397,      6.00,      6.00,      6.00,      6.00,0,0,0,1,1,1
H5,152,2017,440398,      6.00,      6.00,      6.00,      6.00,0,0,0,1,1,1
H5,152,2017,440399,      6.00,      6.00,      6.00,      6.00,0,0,0,1,1,1
H5,152,2017,440410,      6.00,      6.00,      6.00,      6.00,0,0,0,1,1,1
H5,152,2017,440420,      6.00,      6.00,      6.00,      6.00,0,0,0,1,1,1
H5,152,2017,440500,      6.00,      6.00,      6.00,      6.00,0,0,0,1,1,1
H5,152,2017,440611,      6.00,      6.00,      6.00,      6.00,0,0,0,1,1,1
H5,152,2017,440612,      6.00,      6.00,      6.00,      6.00,0,0,0,1,1,1
H5,152,2017,440691,      6.00,      6.00,      6.00,      6.00,0,0,0,1,1,1
H5,152,2017,440692,      6.00,      6.00,      6.00,      6.00,0,0,0,1,1,1
H5,152,2017,440711,     42.00,      6.00,      6.00,      6.00,0,0,0,7,7,7
H5,152,2017,440712,      6.00,      6.00,      6.00,      6.00,0,0,0,1,1,1
H5,152,2017,440719,      6.00,      6.00,      6.00,      6.00,0,0,0,1,1,1
H5,152,2017,440721,      6.00,      6.00,      6.00,      6.00,0,0,0,1,1,1
H5,152,2017,440722,      6.00,      6.00,      6.00,      6.00,0,0,0,1,1,1
H5,152,2017,440725,      6.00,      6.00,      6.00,      6.00,0,0,0,1,1,1
H5,152,2017,440726,      6.00,      6.00,      6.00,      6.00,0,0,0,1,1,1
H5,152,2017,440727,      6.00,      6.00,      6.00,      6.00,0,0,0,1,1,1
H5,152,2017,440728,      6.00,      6.00,      6.00,      6.00,0,0,0,1,1,1
H5,152,2017,440729,      6.00,      6.00,      6.00,      6.00,0,0,0,1,1,1
H5,152,2017,440791,     12.00,      6.00,      6.00,      6.00,0,0,0,2,2,2
H5,152,2017,440792,      6.00,      6.00,      6.00,      6.00,0,0,0,1,1,1
H5,152,2017,440793,      6.00,      6.00,      6.00,      6.00,0,0,0,1,1,1
H5,152,2017,440794,      6.00,      6.00,      6.00,      6.00,0,0,0,1,1,1
H5,152,2017,440795,      6.00,      6.00,      6.00,      6.00,0,0,0,1,1,1
H5,152,2017,440796,      6.00,      6.00,      6.00,      6.00,0,0,0,1,1,1
H5,152,2017,440797,      6.00,      6.00,      6.00,      6.00,0,0,0,1,1,1
H5,152,2017,440799,     24.00,      6.00,      6.00,      6.00,0,0,0,4,4,4
H5,152,2017,440810,     12.00,      6.00,      6.00,      6.00,0,0,0,2,2,2
H5,152,2017,440831,      6.00,      6.00,      6.00,      6.00,0,0,0,1,1,1
H5,152,2017,440839,      6.00,      6.00,      6.00,      6.00,0,0,0,1,1,1
H5,152,2017,440890,     36.00,      6.00,      6.00,      6.00,0,0,0,6,6,6
H5,152,2017,440910,     18.00,      6.00,      6.00,      6.00,0,0,0,3,3,3
H5,152,2017,440921,      6.00,      6.00,      6.00,      6.00,0,0,0,1,1,1
H5,152,2017,440922,      6.00,      6.00,      6.00,      6.00,0,0,0,1,1,1
H5,152,2017,440929,      6.00,      6.00,      6.00,      6.00,0,0,0,1,1,1
H5,152,2017,441011,      6.00,      6.00,      6.00,      6.00,0,0,0,1,1,1
H5,152,2017,441012,      6.00,      6.00,      6.00,      6.00,0,0,0,1,1,1
H5,152,2017,441019,      6.00,      6.00,      6.00,      6.00,0,0,0,1,1,1
H5,152,2017,441090,      6.00,      6.00,      6.00,      6.00,0,0,0,1,1,1
H5,152,2017,441112,      6.00,      6.00,      6.00,      6.00,0,0,0,1,1,1
H5,152,2017,441113,      6.00,      6.00,      6.00,      6.00,0,0,0,1,1,1
H5,152,2017,441114,      6.00,      6.00,      6.00,      6.00,0,0,0,1,1,1
H5,152,2017,441192,     18.00,      6.00,      6.00,      6.00,0,0,0,3,3,3
H5,152,2017,441193,     18.00,      6.00,      6.00,      6.00,0,0,0,3,3,3
H5,152,2017,441194,     18.00,      6.00,      6.00,      6.00,0,0,0,3,3,3
H5,152,2017,441210,      6.00,      6.00,      6.00,      6.00,0,0,0,1,1,1
H5,152,2017,441231,      6.00,      6.00,      6.00,      6.00,0,0,0,1,1,1
H5,152,2017,441233,      6.00,      6.00,      6.00,      6.00,0,0,0,1,1,1
H5,152,2017,441234,      6.00,      6.00,      6.00,      6.00,0,0,0,1,1,1
H5,152,2017,441239,      6.00,      6.00,      6.00,      6.00,0,0,0,1,1,1
H5,152,2017,441294,      6.00,      6.00,      6.00,      6.00,0,0,0,1,1,1
H5,152,2017,441299,     12.00,      6.00,      6.00,      6.00,0,0,0,2,2,2
H5,152,2017,441300,      6.00,      6.00,      6.00,      6.00,0,0,0,1,1,1
H5,152,2017,441400,      6.00,      6.00,      6.00,      6.00,0,0,0,1,1,1
H5,152,2017,441510,     12.00,      6.00,      6.00,      6.00,0,0,0,2,2,2
H5,152,2017,441520,     12.00,      6.00,      6.00,      6.00,0,0,0,2,2,2
H5,152,2017,441600,     18.00,      6.00,      6.00,      6.00,0,0,0,3,3,3
H5,152,2017,441700,     12.00,      6.00,      6.00,      6.00,0,0,0,2,2,2
H5,152,2017,441810,      6.00,      6.00,      6.00,      6.00,0,0,0,1,1,1
H5,152,2017,441820,     12.00,      6.00,      6.00,      6.00,0,0,0,2,2,2
H5,152,2017,441840,      6.00,      6.00,      6.00,      6.00,0,0,0,1,1,1
H5,152,2017,441850,      6.00,      6.00,      6.00,      6.00,0,0,0,1,1,1
H5,152,2017,441860,      6.00,      6.00,      6.00,      6.00,0,0,0,1,1,1
H5,152,2017,441873,      6.00,      6.00,      6.00,      6.00,0,0,0,1,1,1
H5,152,2017,441874,      6.00,      6.00,      6.00,      6.00,0,0,0,1,1,1
H5,152,2017,441875,      6.00,      6.00,      6.00,      6.00,0,0,0,1,1,1
H5,152,2017,441879,      6.00,      6.00,      6.00,      6.00,0,0,0,1,1,1
H5,152,2017,441891,      6.00,      6.00,      6.00,      6.00,0,0,0,1,1,1
H5,152,2017,441899,     12.00,      6.00,      6.00,      6.00,0,0,0,2,2,2
H5,152,2017,441911,      6.00,      6.00,      6.00,      6.00,0,0,0,1,1,1
H5,152,2017,441912,      6.00,      6.00,      6.00,      6.00,0,0,0,1,1,1
H5,152,2017,441919,      6.00,      6.00,      6.00,      6.00,0,0,0,1,1,1
H5,152,2017,441990,      6.00,      6.00,      6.00,      6.00,0,0,0,1,1,1
H5,152,2017,442010,     12.00,      6.00,      6.00,      6.00,0,0,0,2,2,2
H5,152,2017,442090,      6.00,      6.00,      6.00,      6.00,0,0,0,1,1,1
H5,152,2017,442110,      6.00,      6.00,      6.00,      6.00,0,0,0,1,1,1
H5,152,2017,442191,      6.00,      6.00,      6.00,      6.00,0,0,0,1,1,1
H5,152,2017,442199,     18.00,      6.00,      6.00,      6.00,0,0,0,3,3,3
H5,152,2017,450110,      6.00,      6.00,      6.00,      6.00,0,0,0,1,1,1
H5,152,2017,450190,      6.00,      6.00,      6.00,      6.00,0,0,0,1,1,1
H5,152,2017,450200,      6.00,      6.00,      6.00,      6.00,0,0,0,1,1,1
H5,152,2017,450310,      6.00,      6.00,      6.00,      6.00,0,0,0,1,1,1
H5,152,2017,450390,      6.00,      6.00,      6.00,      6.00,0,0,0,1,1,1
H5,152,2017,450410,      6.00,      6.00,      6.00,      6.00,0,0,0,1,1,1
H5,152,2017,450490,     12.00,      6.00,      6.00,      6.00,0,0,0,2,2,2
H5,152,2017,460121,      6.00,      6.00,      6.00,      6.00,0,0,0,1,1,1
H5,152,2017,460122,      6.00,      6.00,      6.00,      6.00,0,0,0,1,1,1
H5,152,2017,460129,      6.00,      6.00,      6.00,      6.00,0,0,0,1,1,1
H5,152,2017,460192,      6.00,      6.00,      6.00,      6.00,0,0,0,1,1,1
H5,152,2017,460193,      6.00,      6.00,      6.00,      6.00,0,0,0,1,1,1
H5,152,2017,460194,      6.00,      6.00,      6.00,      6.00,0,0,0,1,1,1
H5,152,2017,460199,      6.00,      6.00,      6.00,      6.00,0,0,0,1,1,1
H5,152,2017,460211,      6.00,      6.00,      6.00,      6.00,0,0,0,1,1,1
H5,152,2017,460212,      6.00,      6.00,      6.00,      6.00,0,0,0,1,1,1
H5,152,2017,460219,      6.00,      6.00,      6.00,      6.00,0,0,0,1,1,1
H5,152,2017,460290,      6.00,      6.00,      6.00,      6.00,0,0,0,1,1,1
H5,152,2017,470100,      6.00,      6.00,      6.00,      6.00,0,0,0,1,1,1
H5,152,2017,470200,      6.00,      6.00,      6.00,      6.00,0,0,0,1,1,1
H5,152,2017,470311,      6.00,      6.00,      6.00,      6.00,0,0,0,1,1,1
H5,152,2017,470319,      6.00,      6.00,      6.00,      6.00,0,0,0,1,1,1
H5,152,2017,470321,      6.00,      6.00,      6.00,      6.00,0,0,0,1,1,1
H5,152,2017,470329,     12.00,      6.00,      6.00,      6.00,0,0,0,2,2,2
H5,152,2017,470411,      6.00,      6.00,      6.00,      6.00,0,0,0,1,1,1
H5,152,2017,470419,      6.00,      6.00,      6.00,      6.00,0,0,0,1,1,1
H5,152,2017,470421,      6.00,      6.00,      6.00,      6.00,0,0,0,1,1,1
H5,152,2017,470429,      6.00,      6.00,      6.00,      6.00,0,0,0,1,1,1
H5,152,2017,470500,      6.00,      6.00,      6.00,      6.00,0,0,0,1,1,1
H5,152,2017,470610,      6.00,      6.00,      6.00,      6.00,0,0,0,1,1,1
H5,152,2017,470620,      6.00,      6.00,      6.00,      6.00,0,0,0,1,1,1
H5,152,2017,470630,      6.00,      6.00,      6.00,      6.00,0,0,0,1,1,1
H5,152,2017,470691,      6.00,      6.00,      6.00,      6.00,0,0,0,1,1,1
H5,152,2017,470692,      6.00,      6.00,      6.00,      6.00,0,0,0,1,1,1
H5,152,2017,470693,      6.00,      6.00,      6.00,      6.00,0,0,0,1,1,1
H5,152,2017,470710,     18.00,      6.00,      6.00,      6.00,0,0,0,3,3,3
H5,152,2017,470720,      6.00,      6.00,      6.00,      6.00,0,0,0,1,1,1
H5,152,2017,470730,      6.00,      6.00,      6.00,      6.00,0,0,0,1,1,1
H5,152,2017,470790,     12.00,      6.00,      6.00,      6.00,0,0,0,2,2,2
H5,152,2017,480100,     12.00,      6.00,      6.00,      6.00,0,0,0,2,2,2
H5,152,2017,480210,      6.00,      6.00,      6.00,      6.00,0,0,0,1,1,1
H5,152,2017,480220,      6.00,      6.00,      6.00,      6.00,0,0,0,1,1,1
H5,152,2017,480240,      6.00,      6.00,      6.00,      6.00,0,0,0,1,1,1
H5,152,2017,480254,      6.00,      6.00,      6.00,      6.00,0,0,0,1,1,1
H5,152,2017,480255,     18.00,      6.00,      6.00,      6.00,0,0,0,3,3,3
H5,152,2017,480256,     12.00,      6.00,      6.00,      6.00,0,0,0,2,2,2
H5,152,2017,480257,     12.00,      6.00,      6.00,      6.00,0,0,0,2,2,2
H5,152,2017,480258,     12.00,      6.00,      6.00,      6.00,0,0,0,2,2,2
H5,152,2017,480261,     12.00,      6.00,      6.00,      6.00,0,0,0,2,2,2
H5,152,2017,480262,      6.00,      6.00,      6.00,      6.00,0,0,0,1,1,1
H5,152,2017,480269,      6.00,      6.00,      6.00,      6.00,0,0,0,1,1,1
H5,152,2017,480300,     18.00,      6.00,      6.00,      6.00,0,0,0,3,3,3
H5,152,2017,480411,     12.00,      6.00,      6.00,      6.00,0,0,0,2,2,2
H5,152,2017,480419,     12.00,      6.00,      6.00,      6.00,0,0,0,2,2,2
H5,152,2017,480421,      6.00,      6.00,      6.00,      6.00,0,0,0,1,1,1
H5,152,2017,480429,      6.00,      6.00,      6.00,      6.00,0,0,0,1,1,1
H5,152,2017,480431,      6.00,      6.00,      6.00,      6.00,0,0,0,1,1,1
H5,152,2017,480439,      6.00,      6.00,      6.00,      6.00,0,0,0,1,1,1
H5,152,2017,480441,      6.00,      6.00,      6.00,      6.00,0,0,0,1,1,1
H5,152,2017,480442,      6.00,      6.00,      6.00,      6.00,0,0,0,1,1,1
H5,152,2017,480449,      6.00,      6.00,      6.00,      6.00,0,0,0,1,1,1
H5,152,2017,480451,      6.00,      6.00,      6.00,      6.00,0,0,0,1,1,1
H5,152,2017,480452,      6.00,      6.00,      6.00,      6.00,0,0,0,1,1,1
H5,152,2017,480459,      6.00,      6.00,      6.00,      6.00,0,0,0,1,1,1
H5,152,2017,480511,      6.00,      6.00,      6.00,      6.00,0,0,0,1,1,1
H5,152,2017,480512,      6.00,      6.00,      6.00,      6.00,0,0,0,1,1,1
H5,152,2017,480519,      6.00,      6.00,      6.00,      6.00,0,0,0,1,1,1
H5,152,2017,480524,      6.00,      6.00,      6.00,      6.00,0,0,0,1,1,1
H5,152,2017,480525,      6.00,      6.00,      6.00,      6.00,0,0,0,1,1,1
H5,152,2017,480530,      6.00,      6.00,      6.00,      6.00,0,0,0,1,1,1
H5,152,2017,480540,      6.00,      6.00,      6.00,      6.00,0,0,0,1,1,1
H5,152,2017,480550,      6.00,      6.00,      6.00,      6.00,0,0,0,1,1,1
H5,152,2017,480591,      6.00,      6.00,      6.00,      6.00,0,0,0,1,1,1
H5,152,2017,480592,      6.00,      6.00,      6.00,      6.00,0,0,0,1,1,1
H5,152,2017,480593,      6.00,      6.00,      6.00,      6.00,0,0,0,1,1,1
H5,152,2017,480610,      6.00,      6.00,      6.00,      6.00,0,0,0,1,1,1
H5,152,2017,480620,      6.00,      6.00,      6.00,      6.00,0,0,0,1,1,1
H5,152,2017,480630,      6.00,      6.00,      6.00,      6.00,0,0,0,1,1,1
H5,152,2017,480640,      6.00,      6.00,      6.00,      6.00,0,0,0,1,1,1
H5,152,2017,480700,      6.00,      6.00,      6.00,      6.00,0,0,0,1,1,1
H5,152,2017,480810,      6.00,      6.00,      6.00,      6.00,0,0,0,1,1,1
H5,152,2017,480840,      6.00,      6.00,      6.00,      6.00,0,0,0,1,1,1
H5,152,2017,480890,      6.00,      6.00,      6.00,      6.00,0,0,0,1,1,1
H5,152,2017,480920,     18.00,      6.00,      6.00,      6.00,0,0,0,3,3,3
H5,152,2017,480990,      6.00,      6.00,      6.00,      6.00,0,0,0,1,1,1
H5,152,2017,481013,     12.00,      6.00,      6.00,      6.00,0,0,0,2,2,2
H5,152,2017,481014,     12.00,      6.00,      6.00,      6.00,0,0,0,2,2,2
H5,152,2017,481019,     12.00,      6.00,      6.00,      6.00,0,0,0,2,2,2
H5,152,2017,481022,     12.00,      6.00,      6.00,      6.00,0,0,0,2,2,2
H5,152,2017,481029,     12.00,      6.00,      6.00,      6.00,0,0,0,2,2,2
H5,152,2017,481031,      6.00,      6.00,      6.00,      6.00,0,0,0,1,1,1
H5,152,2017,481032,      6.00,      6.00,      6.00,      6.00,0,0,0,1,1,1
H5,152,2017,481039,      6.00,      6.00,      6.00,      6.00,0,0,0,1,1,1
H5,152,2017,481092,     12.00,      6.00,      6.00,      6.00,0,0,0,2,2,2
H5,152,2017,481099,      6.00,      6.00,      6.00,      6.00,0,0,0,1,1,1
H5,152,2017,481110,      6.00,      6.00,      6.00,      6.00,0,0,0,1,1,1
H5,152,2017,481141,     12.00,      6.00,      6.00,      6.00,0,0,0,2,2,2
H5,152,2017,481149,      6.00,      6.00,      6.00,      6.00,0,0,0,1,1,1
H5,152,2017,481151,      6.00,      6.00,      6.00,      6.00,0,0,0,1,1,1
H5,152,2017,481159,      6.00,      6.00,      6.00,      6.00,0,0,0,1,1,1
H5,152,2017,481160,      6.00,      6.00,      6.00,      6.00,0,0,0,1,1,1
H5,152,2017,481190,     30.00,      6.00,      6.00,      6.00,0,0,0,5,5,5
H5,152,2017,481200,      6.00,      6.00,      6.00,      6.00,0,0,0,1,1,1
H5,152,2017,481310,      6.00,      6.00,      6.00,      6.00,0,0,0,1,1,1
H5,152,2017,481320,      6.00,      6.00,      6.00,      6.00,0,0,0,1,1,1
H5,152,2017,481390,      6.00,      6.00,      6.00,      6.00,0,0,0,1,1,1
H5,152,2017,481420,      6.00,      6.00,      6.00,      6.00,0,0,0,1,1,1
H5,152,2017,481490,      6.00,      6.00,      6.00,      6.00,0,0,0,1,1,1
H5,152,2017,481620,     18.00,      6.00,      6.00,      6.00,0,0,0,3,3,3
H5,152,2017,481690,      6.00,      6.00,      6.00,      6.00,0,0,0,1,1,1
H5,152,2017,481710,      6.00,      6.00,      6.00,      6.00,0,0,0,1,1,1
H5,152,2017,481720,      6.00,      6.00,      6.00,      6.00,0,0,0,1,1,1
H5,152,2017,481730,      6.00,      6.00,      6.00,      6.00,0,0,0,1,1,1
H5,152,2017,481810,     12.00,      6.00,      6.00,      6.00,0,0,0,2,2,2
H5,152,2017,481820,     18.00,      6.00,      6.00,      6.00,0,0,0,3,3,3
H5,152,2017,481830,     12.00,      6.00,      6.00,      6.00,0,0,0,2,2,2
H5,152,2017,481850,      6.00,      6.00,      6.00,      6.00,0,0,0,1,1,1
H5,152,2017,481890,      6.00,      6.00,      6.00,      6.00,0,0,0,1,1,1
H5,152,2017,481910,     12.00,      6.00,      6.00,      6.00,0,0,0,2,2,2
H5,152,2017,481920,     12.00,      6.00,      6.00,      6.00,0,0,0,2,2,2
H5,152,2017,481930,     12.00,      6.00,      6.00,      6.00,0,0,0,2,2,2
H5,152,2017,481940,      6.00,      6.00,      6.00,      6.00,0,0,0,1,1,1
H5,152,2017,481950,      6.00,      6.00,      6.00,      6.00,0,0,0,1,1,1
H5,152,2017,481960,      6.00,      6.00,      6.00,      6.00,0,0,0,1,1,1
H5,152,2017,482010,     12.00,      6.00,      6.00,      6.00,0,0,0,2,2,2
H5,152,2017,482020,     12.00,      6.00,      6.00,      6.00,0,0,0,2,2,2
H5,152,2017,482030,     12.00,      6.00,      6.00,      6.00,0,0,0,2,2,2
H5,152,2017,482040,      6.00,      6.00,      6.00,      6.00,0,0,0,1,1,1
H5,152,2017,482050,      6.00,      6.00,      6.00,      6.00,0,0,0,1,1,1
H5,152,2017,482090,      6.00,      6.00,      6.00,      6.00,0,0,0,1,1,1
H5,152,2017,482110,     12.00,      6.00,      6.00,      6.00,0,0,0,2,2,2
H5,152,2017,482190,      6.00,      6.00,      6.00,      6.00,0,0,0,1,1,1
H5,152,2017,482210,      6.00,      6.00,      6.00,      6.00,0,0,0,1,1,1
H5,152,2017,482290,      6.00,      6.00,      6.00,      6.00,0,0,0,1,1,1
H5,152,2017,482320,      6.00,      6.00,      6.00,      6.00,0,0,0,1,1,1
H5,152,2017,482340,      6.00,      6.00,      6.00,      6.00,0,0,0,1,1,1
H5,152,2017,482361,      6.00,      6.00,      6.00,      6.00,0,0,0,1,1,1
H5,152,2017,482369,     12.00,      6.00,      6.00,      6.00,0,0,0,2,2,2
H5,152,2017,482370,      6.00,      6.00,      6.00,      6.00,0,0,0,1,1,1
H5,152,2017,482390,     24.00,      6.00,      6.00,      6.00,0,0,0,4,4,4
H5,152,2017,490110,     12.00,      6.00,      6.00,      6.00,0,0,0,2,2,2
H5,152,2017,490191,     12.00,      6.00,      6.00,      6.00,0,0,0,2,2,2
H5,152,2017,490199,     42.00,      0.00,      6.00,      5.25,0,1,0,7,8,8
H5,152,2017,490210,      6.00,      6.00,      6.00,      6.00,0,0,0,1,1,1
H5,152,2017,490290,      6.00,      6.00,      6.00,      6.00,0,0,0,1,1,1
H5,152,2017,490300,      6.00,      6.00,      6.00,      6.00,0,0,0,1,1,1
H5,152,2017,490400,      6.00,      6.00,      6.00,      6.00,0,0,0,1,1,1
H5,152,2017,490510,      6.00,      6.00,      6.00,      6.00,0,0,0,1,1,1
H5,152,2017,490591,      6.00,      6.00,      6.00,      6.00,0,0,0,1,1,1
H5,152,2017,490599,      6.00,      6.00,      6.00,      6.00,0,0,0,1,1,1
H5,152,2017,490600,      6.00,      0.00,      6.00,      3.00,0,1,0,1,2,2
H5,152,2017,490700,      6.00,      0.00,      6.00,      2.00,0,2,0,1,3,3
H5,152,2017,490810,      6.00,      6.00,      6.00,      6.00,0,0,0,1,1,1
H5,152,2017,490890,      6.00,      6.00,      6.00,      6.00,0,0,0,1,1,1
H5,152,2017,490900,      6.00,      6.00,      6.00,      6.00,0,0,0,1,1,1
H5,152,2017,491000,      6.00,      6.00,      6.00,      6.00,0,0,0,1,1,1
H5,152,2017,491110,     18.00,      6.00,      6.00,      6.00,0,0,0,3,3,3
H5,152,2017,491191,      6.00,      6.00,      6.00,      6.00,0,0,0,1,1,1
H5,152,2017,491199,      6.00,      6.00,      6.00,      6.00,0,0,0,1,1,1
H5,152,2017,500100,      6.00,      6.00,      6.00,      6.00,0,0,0,1,1,1
H5,152,2017,500200,      6.00,      6.00,      6.00,      6.00,0,0,0,1,1,1
H5,152,2017,500300,      6.00,      6.00,      6.00,      6.00,0,0,0,1,1,1
H5,152,2017,500400,      6.00,      6.00,      6.00,      6.00,0,0,0,1,1,1
H5,152,2017,500500,      6.00,      6.00,      6.00,      6.00,0,0,0,1,1,1
H5,152,2017,500600,      6.00,      6.00,      6.00,      6.00,0,0,0,1,1,1
H5,152,2017,500710,      6.00,      6.00,      6.00,      6.00,0,0,0,1,1,1
H5,152,2017,500720,      6.00,      6.00,      6.00,      6.00,0,0,0,1,1,1
H5,152,2017,500790,      6.00,      6.00,      6.00,      6.00,0,0,0,1,1,1
H5,152,2017,510111,      6.00,      6.00,      6.00,      6.00,0,0,0,1,1,1
H5,152,2017,510119,      6.00,      6.00,      6.00,      6.00,0,0,0,1,1,1
H5,152,2017,510121,      6.00,      6.00,      6.00,      6.00,0,0,0,1,1,1
H5,152,2017,510129,      6.00,      6.00,      6.00,      6.00,0,0,0,1,1,1
H5,152,2017,510130,      6.00,      6.00,      6.00,      6.00,0,0,0,1,1,1
H5,152,2017,510211,      6.00,      6.00,      6.00,      6.00,0,0,0,1,1,1
H5,152,2017,510219,     18.00,      6.00,      6.00,      6.00,0,0,0,3,3,3
H5,152,2017,510220,      6.00,      6.00,      6.00,      6.00,0,0,0,1,1,1
H5,152,2017,510310,      6.00,      6.00,      6.00,      6.00,0,0,0,1,1,1
H5,152,2017,510320,      6.00,      6.00,      6.00,      6.00,0,0,0,1,1,1
H5,152,2017,510330,      6.00,      6.00,      6.00,      6.00,0,0,0,1,1,1
H5,152,2017,510400,      6.00,      6.00,      6.00,      6.00,0,0,0,1,1,1
H5,152,2017,510510,      6.00,      6.00,      6.00,      6.00,0,0,0,1,1,1
H5,152,2017,510521,      6.00,      6.00,      6.00,      6.00,0,0,0,1,1,1
H5,152,2017,510529,     12.00,      6.00,      6.00,      6.00,0,0,0,2,2,2
H5,152,2017,510531,      6.00,      6.00,      6.00,      6.00,0,0,0,1,1,1
H5,152,2017,510539,     18.00,      6.00,      6.00,      6.00,0,0,0,3,3,3
H5,152,2017,510540,      6.00,      6.00,      6.00,      6.00,0,0,0,1,1,1
H5,152,2017,510610,      6.00,      6.00,      6.00,      6.00,0,0,0,1,1,1
H5,152,2017,510620,      6.00,      6.00,      6.00,      6.00,0,0,0,1,1,1
H5,152,2017,510710,      6.00,      6.00,      6.00,      6.00,0,0,0,1,1,1
H5,152,2017,510720,      6.00,      6.00,      6.00,      6.00,0,0,0,1,1,1
H5,152,2017,510810,      6.00,      6.00,      6.00,      6.00,0,0,0,1,1,1
H5,152,2017,510820,      6.00,      6.00,      6.00,      6.00,0,0,0,1,1,1
H5,152,2017,510910,      6.00,      6.00,      6.00,      6.00,0,0,0,1,1,1
H5,152,2017,510990,      6.00,      6.00,      6.00,      6.00,0,0,0,1,1,1
H5,152,2017,511000,      6.00,      6.00,      6.00,      6.00,0,0,0,1,1,1
H5,152,2017,511111,      6.00,      6.00,      6.00,      6.00,0,0,0,1,1,1
H5,152,2017,511119,      6.00,      6.00,      6.00,      6.00,0,0,0,1,1,1
H5,152,2017,511120,      6.00,      6.00,      6.00,      6.00,0,0,0,1,1,1
H5,152,2017,511130,      6.00,      6.00,      6.00,      6.00,0,0,0,1,1,1
H5,152,2017,511190,      6.00,      6.00,      6.00,      6.00,0,0,0,1,1,1
H5,152,2017,511211,     12.00,      6.00,      6.00,      6.00,0,0,0,2,2,2
H5,152,2017,511219,     18.00,      6.00,      6.00,      6.00,0,0,0,3,3,3
H5,152,2017,511220,      6.00,      6.00,      6.00,      6.00,0,0,0,1,1,1
H5,152,2017,511230,      6.00,      6.00,      6.00,      6.00,0,0,0,1,1,1
H5,152,2017,511290,      6.00,      6.00,      6.00,      6.00,0,0,0,1,1,1
H5,152,2017,511300,      6.00,      6.00,      6.00,      6.00,0,0,0,1,1,1
H5,152,2017,520100,      6.00,      6.00,      6.00,      6.00,0,0,0,1,1,1
H5,152,2017,520210,      6.00,      6.00,      6.00,      6.00,0,0,0,1,1,1
H5,152,2017,520291,      6.00,      6.00,      6.00,      6.00,0,0,0,1,1,1
H5,152,2017,520299,      6.00,      6.00,      6.00,      6.00,0,0,0,1,1,1
H5,152,2017,520300,      6.00,      6.00,      6.00,      6.00,0,0,0,1,1,1
H5,152,2017,520411,      6.00,      6.00,      6.00,      6.00,0,0,0,1,1,1
H5,152,2017,520419,      6.00,      6.00,      6.00,      6.00,0,0,0,1,1,1
H5,152,2017,520420,      6.00,      6.00,      6.00,      6.00,0,0,0,1,1,1
H5,152,2017,520511,      6.00,      6.00,      6.00,      6.00,0,0,0,1,1,1
H5,152,2017,520512,      6.00,      6.00,      6.00,      6.00,0,0,0,1,1,1
H5,152,2017,520513,      6.00,      6.00,      6.00,      6.00,0,0,0,1,1,1
H5,152,2017,520514,      6.00,      6.00,      6.00,      6.00,0,0,0,1,1,1
H5,152,2017,520515,      6.00,      6.00,      6.00,      6.00,0,0,0,1,1,1
H5,152,2017,520521,      6.00,      6.00,      6.00,      6.00,0,0,0,1,1,1
H5,152,2017,520522,      6.00,      6.00,      6.00,      6.00,0,0,0,1,1,1
H5,152,2017,520523,      6.00,      6.00,      6.00,      6.00,0,0,0,1,1,1
H5,152,2017,520524,      6.00,      6.00,      6.00,      6.00,0,0,0,1,1,1
H5,152,2017,520526,      6.00,      6.00,      6.00,      6.00,0,0,0,1,1,1
H5,152,2017,520527,      6.00,      6.00,      6.00,      6.00,0,0,0,1,1,1
H5,152,2017,520528,      6.00,      6.00,      6.00,      6.00,0,0,0,1,1,1
H5,152,2017,520531,      6.00,      6.00,      6.00,      6.00,0,0,0,1,1,1
H5,152,2017,520532,      6.00,      6.00,      6.00,      6.00,0,0,0,1,1,1
H5,152,2017,520533,      6.00,      6.00,      6.00,      6.00,0,0,0,1,1,1
H5,152,2017,520534,      6.00,      6.00,      6.00,      6.00,0,0,0,1,1,1
H5,152,2017,520535,      6.00,      6.00,      6.00,      6.00,0,0,0,1,1,1
H5,152,2017,520541,      6.00,      6.00,      6.00,      6.00,0,0,0,1,1,1
H5,152,2017,520542,      6.00,      6.00,      6.00,      6.00,0,0,0,1,1,1
H5,152,2017,520543,      6.00,      6.00,      6.00,      6.00,0,0,0,1,1,1
H5,152,2017,520544,      6.00,      6.00,      6.00,      6.00,0,0,0,1,1,1
H5,152,2017,520546,      6.00,      6.00,      6.00,      6.00,0,0,0,1,1,1
H5,152,2017,520547,      6.00,      6.00,      6.00,      6.00,0,0,0,1,1,1
H5,152,2017,520548,      6.00,      6.00,      6.00,      6.00,0,0,0,1,1,1
H5,152,2017,520611,      6.00,      6.00,      6.00,      6.00,0,0,0,1,1,1
H5,152,2017,520612,      6.00,      6.00,      6.00,      6.00,0,0,0,1,1,1
H5,152,2017,520613,      6.00,      6.00,      6.00,      6.00,0,0,0,1,1,1
H5,152,2017,520614,      6.00,      6.00,      6.00,      6.00,0,0,0,1,1,1
H5,152,2017,520615,      6.00,      6.00,      6.00,      6.00,0,0,0,1,1,1
H5,152,2017,520621,      6.00,      6.00,      6.00,      6.00,0,0,0,1,1,1
H5,152,2017,520622,      6.00,      6.00,      6.00,      6.00,0,0,0,1,1,1
H5,152,2017,520623,      6.00,      6.00,      6.00,      6.00,0,0,0,1,1,1
H5,152,2017,520624,      6.00,      6.00,      6.00,      6.00,0,0,0,1,1,1
H5,152,2017,520625,      6.00,      6.00,      6.00,      6.00,0,0,0,1,1,1
H5,152,2017,520631,      6.00,      6.00,      6.00,      6.00,0,0,0,1,1,1
H5,152,2017,520632,      6.00,      6.00,      6.00,      6.00,0,0,0,1,1,1
H5,152,2017,520633,      6.00,      6.00,      6.00,      6.00,0,0,0,1,1,1
H5,152,2017,520634,      6.00,      6.00,      6.00,      6.00,0,0,0,1,1,1
H5,152,2017,520635,      6.00,      6.00,      6.00,      6.00,0,0,0,1,1,1
H5,152,2017,520641,      6.00,      6.00,      6.00,      6.00,0,0,0,1,1,1
H5,152,2017,520642,      6.00,      6.00,      6.00,      6.00,0,0,0,1,1,1
H5,152,2017,520643,      6.00,      6.00,      6.00,      6.00,0,0,0,1,1,1
H5,152,2017,520644,      6.00,      6.00,      6.00,      6.00,0,0,0,1,1,1
H5,152,2017,520645,      6.00,      6.00,      6.00,      6.00,0,0,0,1,1,1
H5,152,2017,520710,      6.00,      6.00,      6.00,      6.00,0,0,0,1,1,1
H5,152,2017,520790,      6.00,      6.00,      6.00,      6.00,0,0,0,1,1,1
H5,152,2017,520811,      6.00,      6.00,      6.00,      6.00,0,0,0,1,1,1
H5,152,2017,520812,      6.00,      6.00,      6.00,      6.00,0,0,0,1,1,1
H5,152,2017,520813,      6.00,      6.00,      6.00,      6.00,0,0,0,1,1,1
H5,152,2017,520819,      6.00,      6.00,      6.00,      6.00,0,0,0,1,1,1
H5,152,2017,520821,      6.00,      6.00,      6.00,      6.00,0,0,0,1,1,1
H5,152,2017,520822,      6.00,      6.00,      6.00,      6.00,0,0,0,1,1,1
H5,152,2017,520823,      6.00,      6.00,      6.00,      6.00,0,0,0,1,1,1
H5,152,2017,520829,      6.00,      6.00,      6.00,      6.00,0,0,0,1,1,1
H5,152,2017,520831,      6.00,      6.00,      6.00,      6.00,0,0,0,1,1,1
H5,152,2017,520832,      6.00,      6.00,      6.00,      6.00,0,0,0,1,1,1
H5,152,2017,520833,      6.00,      6.00,      6.00,      6.00,0,0,0,1,1,1
H5,152,2017,520839,      6.00,      6.00,      6.00,      6.00,0,0,0,1,1,1
H5,152,2017,520841,      6.00,      6.00,      6.00,      6.00,0,0,0,1,1,1
H5,152,2017,520842,      6.00,      6.00,      6.00,      6.00,0,0,0,1,1,1
H5,152,2017,520843,      6.00,      6.00,      6.00,      6.00,0,0,0,1,1,1
H5,152,2017,520849,      6.00,      6.00,      6.00,      6.00,0,0,0,1,1,1
H5,152,2017,520851,      6.00,      6.00,      6.00,      6.00,0,0,0,1,1,1
H5,152,2017,520852,      6.00,      6.00,      6.00,      6.00,0,0,0,1,1,1
H5,152,2017,520859,      6.00,      6.00,      6.00,      6.00,0,0,0,1,1,1
H5,152,2017,520911,      6.00,      6.00,      6.00,      6.00,0,0,0,1,1,1
H5,152,2017,520912,      6.00,      6.00,      6.00,      6.00,0,0,0,1,1,1
H5,152,2017,520919,      6.00,      6.00,      6.00,      6.00,0,0,0,1,1,1
H5,152,2017,520921,      6.00,      6.00,      6.00,      6.00,0,0,0,1,1,1
H5,152,2017,520922,      6.00,      6.00,      6.00,      6.00,0,0,0,1,1,1
H5,152,2017,520929,      6.00,      6.00,      6.00,      6.00,0,0,0,1,1,1
H5,152,2017,520931,      6.00,      6.00,      6.00,      6.00,0,0,0,1,1,1
H5,152,2017,520932,      6.00,      6.00,      6.00,      6.00,0,0,0,1,1,1
H5,152,2017,520939,      6.00,      6.00,      6.00,      6.00,0,0,0,1,1,1
H5,152,2017,520941,      6.00,      6.00,      6.00,      6.00,0,0,0,1,1,1
H5,152,2017,520942,     12.00,      6.00,      6.00,      6.00,0,0,0,2,2,2
H5,152,2017,520943,      6.00,      6.00,      6.00,      6.00,0,0,0,1,1,1
H5,152,2017,520949,      6.00,      6.00,      6.00,      6.00,0,0,0,1,1,1
H5,152,2017,520951,      6.00,      6.00,      6.00,      6.00,0,0,0,1,1,1
H5,152,2017,520952,      6.00,      6.00,      6.00,      6.00,0,0,0,1,1,1
H5,152,2017,520959,      6.00,      6.00,      6.00,      6.00,0,0,0,1,1,1
H5,152,2017,521011,      6.00,      6.00,      6.00,      6.00,0,0,0,1,1,1
H5,152,2017,521019,      6.00,      6.00,      6.00,      6.00,0,0,0,1,1,1
H5,152,2017,521021,      6.00,      6.00,      6.00,      6.00,0,0,0,1,1,1
H5,152,2017,521029,      6.00,      6.00,      6.00,      6.00,0,0,0,1,1,1
H5,152,2017,521031,      6.00,      6.00,      6.00,      6.00,0,0,0,1,1,1
H5,152,2017,521032,      6.00,      6.00,      6.00,      6.00,0,0,0,1,1,1
H5,152,2017,521039,      6.00,      6.00,      6.00,      6.00,0,0,0,1,1,1
H5,152,2017,521041,      6.00,      6.00,      6.00,      6.00,0,0,0,1,1,1
H5,152,2017,521049,      6.00,      6.00,      6.00,      6.00,0,0,0,1,1,1
H5,152,2017,521051,      6.00,      6.00,      6.00,      6.00,0,0,0,1,1,1
H5,152,2017,521059,      6.00,      6.00,      6.00,      6.00,0,0,0,1,1,1
H5,152,2017,521111,      6.00,      6.00,      6.00,      6.00,0,0,0,1,1,1
H5,152,2017,521112,      6.00,      6.00,      6.00,      6.00,0,0,0,1,1,1
H5,152,2017,521119,      6.00,      6.00,      6.00,      6.00,0,0,0,1,1,1
H5,152,2017,521120,      6.00,      6.00,      6.00,      6.00,0,0,0,1,1,1
H5,152,2017,521131,      6.00,      6.00,      6.00,      6.00,0,0,0,1,1,1
H5,152,2017,521132,      6.00,      6.00,      6.00,      6.00,0,0,0,1,1,1
H5,152,2017,521139,      6.00,      6.00,      6.00,      6.00,0,0,0,1,1,1
H5,152,2017,521141,      6.00,      6.00,      6.00,      6.00,0,0,0,1,1,1
H5,152,2017,521142,      6.00,      6.00,      6.00,      6.00,0,0,0,1,1,1
H5,152,2017,521143,      6.00,      6.00,      6.00,      6.00,0,0,0,1,1,1
H5,152,2017,521149,      6.00,      6.00,      6.00,      6.00,0,0,0,1,1,1
H5,152,2017,521151,      6.00,      6.00,      6.00,      6.00,0,0,0,1,1,1
H5,152,2017,521152,      6.00,      6.00,      6.00,      6.00,0,0,0,1,1,1
H5,152,2017,521159,      6.00,      6.00,      6.00,      6.00,0,0,0,1,1,1
H5,152,2017,521211,      6.00,      6.00,      6.00,      6.00,0,0,0,1,1,1
H5,152,2017,521212,      6.00,      6.00,      6.00,      6.00,0,0,0,1,1,1
H5,152,2017,521213,      6.00,      6.00,      6.00,      6.00,0,0,0,1,1,1
H5,152,2017,521214,      6.00,      6.00,      6.00,      6.00,0,0,0,1,1,1
H5,152,2017,521215,      6.00,      6.00,      6.00,      6.00,0,0,0,1,1,1
H5,152,2017,521221,      6.00,      6.00,      6.00,      6.00,0,0,0,1,1,1
H5,152,2017,521222,      6.00,      6.00,      6.00,      6.00,0,0,0,1,1,1
H5,152,2017,521223,      6.00,      6.00,      6.00,      6.00,0,0,0,1,1,1
H5,152,2017,521224,      6.00,      6.00,      6.00,      6.00,0,0,0,1,1,1
H5,152,2017,521225,      6.00,      6.00,      6.00,      6.00,0,0,0,1,1,1
H5,152,2017,530110,      6.00,      6.00,      6.00,      6.00,0,0,0,1,1,1
H5,152,2017,530121,      6.00,      6.00,      6.00,      6.00,0,0,0,1,1,1
H5,152,2017,530129,      6.00,      6.00,      6.00,      6.00,0,0,0,1,1,1
H5,152,2017,530130,      6.00,      6.00,      6.00,      6.00,0,0,0,1,1,1
H5,152,2017,530210,      6.00,      6.00,      6.00,      6.00,0,0,0,1,1,1
H5,152,2017,530290,      6.00,      6.00,      6.00,      6.00,0,0,0,1,1,1
H5,152,2017,530310,      6.00,      6.00,      6.00,      6.00,0,0,0,1,1,1
H5,152,2017,530390,      6.00,      6.00,      6.00,      6.00,0,0,0,1,1,1
H5,152,2017,530500,      6.00,      6.00,      6.00,      6.00,0,0,0,1,1,1
H5,152,2017,530610,      6.00,      6.00,      6.00,      6.00,0,0,0,1,1,1
H5,152,2017,530620,      6.00,      6.00,      6.00,      6.00,0,0,0,1,1,1
H5,152,2017,530710,      6.00,      6.00,      6.00,      6.00,0,0,0,1,1,1
H5,152,2017,530720,      6.00,      6.00,      6.00,      6.00,0,0,0,1,1,1
H5,152,2017,530810,      6.00,      6.00,      6.00,      6.00,0,0,0,1,1,1
H5,152,2017,530820,      6.00,      6.00,      6.00,      6.00,0,0,0,1,1,1
H5,152,2017,530890,      6.00,      6.00,      6.00,      6.00,0,0,0,1,1,1
H5,152,2017,530911,      6.00,      6.00,      6.00,      6.00,0,0,0,1,1,1
H5,152,2017,530919,      6.00,      6.00,      6.00,      6.00,0,0,0,1,1,1
H5,152,2017,530921,      6.00,      6.00,      6.00,      6.00,0,0,0,1,1,1
H5,152,2017,530929,      6.00,      6.00,      6.00,      6.00,0,0,0,1,1,1
H5,152,2017,531010,      6.00,      6.00,      6.00,      6.00,0,0,0,1,1,1
H5,152,2017,531090,      6.00,      6.00,      6.00,      6.00,0,0,0,1,1,1
H5,152,2017,531100,      6.00,      6.00,      6.00,      6.00,0,0,0,1,1,1
H5,152,2017,540110,      6.00,      6.00,      6.00,      6.00,0,0,0,1,1,1
H5,152,2017,540120,      6.00,      6.00,      6.00,      6.00,0,0,0,1,1,1
H5,152,2017,540211,      6.00,      6.00,      6.00,      6.00,0,0,0,1,1,1
H5,152,2017,540219,      6.00,      6.00,      6.00,      6.00,0,0,0,1,1,1
H5,152,2017,540220,      6.00,      6.00,      6.00,      6.00,0,0,0,1,1,1
H5,152,2017,540231,      6.00,      6.00,      6.00,      6.00,0,0,0,1,1,1
H5,152,2017,540232,      6.00,      6.00,      6.00,      6.00,0,0,0,1,1,1
H5,152,2017,540233,      6.00,      6.00,      6.00,      6.00,0,0,0,1,1,1
H5,152,2017,540234,      6.00,      6.00,      6.00,      6.00,0,0,0,1,1,1
H5,152,2017,540239,      6.00,      6.00,      6.00,      6.00,0,0,0,1,1,1
H5,152,2017,540244,      6.00,      6.00,      6.00,      6.00,0,0,0,1,1,1
H5,152,2017,540245,      6.00,      6.00,      6.00,      6.00,0,0,0,1,1,1
H5,152,2017,540246,      6.00,      6.00,      6.00,      6.00,0,0,0,1,1,1
H5,152,2017,540247,      6.00,      6.00,      6.00,      6.00,0,0,0,1,1,1
H5,152,2017,540248,      6.00,      6.00,      6.00,      6.00,0,0,0,1,1,1
H5,152,2017,540249,      6.00,      6.00,      6.00,      6.00,0,0,0,1,1,1
H5,152,2017,540251,      6.00,      6.00,      6.00,      6.00,0,0,0,1,1,1
H5,152,2017,540252,      6.00,      6.00,      6.00,      6.00,0,0,0,1,1,1
H5,152,2017,540253,      6.00,      6.00,      6.00,      6.00,0,0,0,1,1,1
H5,152,2017,540259,      6.00,      6.00,      6.00,      6.00,0,0,0,1,1,1
H5,152,2017,540261,      6.00,      6.00,      6.00,      6.00,0,0,0,1,1,1
H5,152,2017,540262,      6.00,      6.00,      6.00,      6.00,0,0,0,1,1,1
H5,152,2017,540263,      6.00,      6.00,      6.00,      6.00,0,0,0,1,1,1
H5,152,2017,540269,      6.00,      6.00,      6.00,      6.00,0,0,0,1,1,1
H5,152,2017,540310,      6.00,      6.00,      6.00,      6.00,0,0,0,1,1,1
H5,152,2017,540331,      6.00,      6.00,      6.00,      6.00,0,0,0,1,1,1
H5,152,2017,540332,      6.00,      6.00,      6.00,      6.00,0,0,0,1,1,1
H5,152,2017,540333,      6.00,      6.00,      6.00,      6.00,0,0,0,1,1,1
H5,152,2017,540339,      6.00,      6.00,      6.00,      6.00,0,0,0,1,1,1
H5,152,2017,540341,      6.00,      6.00,      6.00,      6.00,0,0,0,1,1,1
H5,152,2017,540342,      6.00,      6.00,      6.00,      6.00,0,0,0,1,1,1
H5,152,2017,540349,      6.00,      6.00,      6.00,      6.00,0,0,0,1,1,1
H5,152,2017,540411,      6.00,      6.00,      6.00,      6.00,0,0,0,1,1,1
H5,152,2017,540412,      6.00,      6.00,      6.00,      6.00,0,0,0,1,1,1
H5,152,2017,540419,      6.00,      6.00,      6.00,      6.00,0,0,0,1,1,1
H5,152,2017,540490,      6.00,      6.00,      6.00,      6.00,0,0,0,1,1,1
H5,152,2017,540500,      6.00,      6.00,      6.00,      6.00,0,0,0,1,1,1
H5,152,2017,540600,      6.00,      6.00,      6.00,      6.00,0,0,0,1,1,1
H5,152,2017,540710,      6.00,      6.00,      6.00,      6.00,0,0,0,1,1,1
H5,152,2017,540720,      6.00,      6.00,      6.00,      6.00,0,0,0,1,1,1
H5,152,2017,540730,      6.00,      6.00,      6.00,      6.00,0,0,0,1,1,1
H5,152,2017,540741,      6.00,      6.00,      6.00,      6.00,0,0,0,1,1,1
H5,152,2017,540742,      6.00,      6.00,      6.00,      6.00,0,0,0,1,1,1
H5,152,2017,540743,      6.00,      6.00,      6.00,      6.00,0,0,0,1,1,1
H5,152,2017,540744,      6.00,      6.00,      6.00,      6.00,0,0,0,1,1,1
H5,152,2017,540751,      6.00,      6.00,      6.00,      6.00,0,0,0,1,1,1
H5,152,2017,540752,     18.00,      6.00,      6.00,      6.00,0,0,0,3,3,3
H5,152,2017,540753,      6.00,      6.00,      6.00,      6.00,0,0,0,1,1,1
H5,152,2017,540754,     18.00,      6.00,      6.00,      6.00,0,0,0,3,3,3
H5,152,2017,540761,     24.00,      6.00,      6.00,      6.00,0,0,0,4,4,4
H5,152,2017,540769,      6.00,      6.00,      6.00,      6.00,0,0,0,1,1,1
H5,152,2017,540771,      6.00,      6.00,      6.00,      6.00,0,0,0,1,1,1
H5,152,2017,540772,      6.00,      6.00,      6.00,      6.00,0,0,0,1,1,1
H5,152,2017,540773,      6.00,      6.00,      6.00,      6.00,0,0,0,1,1,1
H5,152,2017,540774,      6.00,      6.00,      6.00,      6.00,0,0,0,1,1,1
H5,152,2017,540781,      6.00,      6.00,      6.00,      6.00,0,0,0,1,1,1
H5,152,2017,540782,      6.00,      6.00,      6.00,      6.00,0,0,0,1,1,1
H5,152,2017,540783,      6.00,      6.00,      6.00,      6.00,0,0,0,1,1,1
H5,152,2017,540784,      6.00,      6.00,      6.00,      6.00,0,0,0,1,1,1
H5,152,2017,540791,      6.00,      6.00,      6.00,      6.00,0,0,0,1,1,1
H5,152,2017,540792,      6.00,      6.00,      6.00,      6.00,0,0,0,1,1,1
H5,152,2017,540793,      6.00,      6.00,      6.00,      6.00,0,0,0,1,1,1
H5,152,2017,540794,      6.00,      6.00,      6.00,      6.00,0,0,0,1,1,1
H5,152,2017,540810,      6.00,      6.00,      6.00,      6.00,0,0,0,1,1,1
H5,152,2017,540821,      6.00,      6.00,      6.00,      6.00,0,0,0,1,1,1
H5,152,2017,540822,      6.00,      6.00,      6.00,      6.00,0,0,0,1,1,1
H5,152,2017,540823,      6.00,      6.00,      6.00,      6.00,0,0,0,1,1,1
H5,152,2017,540824,      6.00,      6.00,      6.00,      6.00,0,0,0,1,1,1
H5,152,2017,540831,      6.00,      6.00,      6.00,      6.00,0,0,0,1,1,1
H5,152,2017,540832,      6.00,      6.00,      6.00,      6.00,0,0,0,1,1,1
H5,152,2017,540833,      6.00,      6.00,      6.00,      6.00,0,0,0,1,1,1
H5,152,2017,540834,      6.00,      6.00,      6.00,      6.00,0,0,0,1,1,1
H5,152,2017,550110,      6.00,      6.00,      6.00,      6.00,0,0,0,1,1,1
H5,152,2017,550120,      6.00,      6.00,      6.00,      6.00,0,0,0,1,1,1
H5,152,2017,550130,      6.00,      6.00,      6.00,      6.00,0,0,0,1,1,1
H5,152,2017,550140,      6.00,      6.00,      6.00,      6.00,0,0,0,1,1,1
H5,152,2017,550190,      6.00,      6.00,      6.00,      6.00,0,0,0,1,1,1
H5,152,2017,550210,     12.00,      6.00,      6.00,      6.00,0,0,0,2,2,2
H5,152,2017,550290,      6.00,      6.00,      6.00,      6.00,0,0,0,1,1,1
H5,152,2017,550311,      6.00,      6.00,      6.00,      6.00,0,0,0,1,1,1
H5,152,2017,550319,      6.00,      6.00,      6.00,      6.00,0,0,0,1,1,1
H5,152,2017,550320,      6.00,      6.00,      6.00,      6.00,0,0,0,1,1,1
H5,152,2017,550330,      6.00,      6.00,      6.00,      6.00,0,0,0,1,1,1
H5,152,2017,550340,      6.00,      6.00,      6.00,      6.00,0,0,0,1,1,1
H5,152,2017,550390,      6.00,      6.00,      6.00,      6.00,0,0,0,1,1,1
H5,152,2017,550410,      6.00,      6.00,      6.00,      6.00,0,0,0,1,1,1
H5,152,2017,550490,      6.00,      6.00,      6.00,      6.00,0,0,0,1,1,1
H5,152,2017,550510,      6.00,      6.00,      6.00,      6.00,0,0,0,1,1,1
H5,152,2017,550520,      6.00,      6.00,      6.00,      6.00,0,0,0,1,1,1
H5,152,2017,550610,      6.00,      6.00,      6.00,      6.00,0,0,0,1,1,1
H5,152,2017,550620,      6.00,      6.00,      6.00,      6.00,0,0,0,1,1,1
H5,152,2017,550630,      6.00,      6.00,      6.00,      6.00,0,0,0,1,1,1
H5,152,2017,550640,      6.00,      6.00,      6.00,      6.00,0,0,0,1,1,1
H5,152,2017,550690,      6.00,      6.00,      6.00,      6.00,0,0,0,1,1,1
H5,152,2017,550700,      6.00,      6.00,      6.00,      6.00,0,0,0,1,1,1
H5,152,2017,550810,     12.00,      6.00,      6.00,      6.00,0,0,0,2,2,2
H5,152,2017,550820,      6.00,      6.00,      6.00,      6.00,0,0,0,1,1,1
H5,152,2017,550911,      6.00,      6.00,      6.00,      6.00,0,0,0,1,1,1
H5,152,2017,550912,      6.00,      6.00,      6.00,      6.00,0,0,0,1,1,1
H5,152,2017,550921,      6.00,      6.00,      6.00,      6.00,0,0,0,1,1,1
H5,152,2017,550922,      6.00,      6.00,      6.00,      6.00,0,0,0,1,1,1
H5,152,2017,550931,      6.00,      6.00,      6.00,      6.00,0,0,0,1,1,1
H5,152,2017,550932,      6.00,      6.00,      6.00,      6.00,0,0,0,1,1,1
H5,152,2017,550941,      6.00,      6.00,      6.00,      6.00,0,0,0,1,1,1
H5,152,2017,550942,      6.00,      6.00,      6.00,      6.00,0,0,0,1,1,1
H5,152,2017,550951,      6.00,      6.00,      6.00,      6.00,0,0,0,1,1,1
H5,152,2017,550952,      6.00,      6.00,      6.00,      6.00,0,0,0,1,1,1
H5,152,2017,550953,     18.00,      6.00,      6.00,      6.00,0,0,0,3,3,3
H5,152,2017,550959,      6.00,      6.00,      6.00,      6.00,0,0,0,1,1,1
H5,152,2017,550961,      6.00,      6.00,      6.00,      6.00,0,0,0,1,1,1
H5,152,2017,550962,      6.00,      6.00,      6.00,      6.00,0,0,0,1,1,1
H5,152,2017,550969,      6.00,      6.00,      6.00,      6.00,0,0,0,1,1,1
H5,152,2017,550991,      6.00,      6.00,      6.00,      6.00,0,0,0,1,1,1
H5,152,2017,550992,      6.00,      6.00,      6.00,      6.00,0,0,0,1,1,1
H5,152,2017,550999,      6.00,      6.00,      6.00,      6.00,0,0,0,1,1,1
H5,152,2017,551011,      6.00,      6.00,      6.00,      6.00,0,0,0,1,1,1
H5,152,2017,551012,      6.00,      6.00,      6.00,      6.00,0,0,0,1,1,1
H5,152,2017,551020,      6.00,      6.00,      6.00,      6.00,0,0,0,1,1,1
H5,152,2017,551030,      6.00,      6.00,      6.00,      6.00,0,0,0,1,1,1
H5,152,2017,551090,      6.00,      6.00,      6.00,      6.00,0,0,0,1,1,1
H5,152,2017,551110,      6.00,      6.00,      6.00,      6.00,0,0,0,1,1,1
H5,152,2017,551120,      6.00,      6.00,      6.00,      6.00,0,0,0,1,1,1
H5,152,2017,551130,      6.00,      6.00,      6.00,      6.00,0,0,0,1,1,1
H5,152,2017,551211,      6.00,      6.00,      6.00,      6.00,0,0,0,1,1,1
H5,152,2017,551219,     18.00,      6.00,      6.00,      6.00,0,0,0,3,3,3
H5,152,2017,551221,      6.00,      6.00,      6.00,      6.00,0,0,0,1,1,1
H5,152,2017,551229,      6.00,      6.00,      6.00,      6.00,0,0,0,1,1,1
H5,152,2017,551291,      6.00,      6.00,      6.00,      6.00,0,0,0,1,1,1
H5,152,2017,551299,      6.00,      6.00,      6.00,      6.00,0,0,0,1,1,1
H5,152,2017,551311,      6.00,      6.00,      6.00,      6.00,0,0,0,1,1,1
H5,152,2017,551312,      6.00,      6.00,      6.00,      6.00,0,0,0,1,1,1
H5,152,2017,551313,      6.00,      6.00,      6.00,      6.00,0,0,0,1,1,1
H5,152,2017,551319,      6.00,      6.00,      6.00,      6.00,0,0,0,1,1,1
H5,152,2017,551321,      6.00,      6.00,      6.00,      6.00,0,0,0,1,1,1
H5,152,2017,551323,      6.00,      6.00,      6.00,      6.00,0,0,0,1,1,1
H5,152,2017,551329,      6.00,      6.00,      6.00,      6.00,0,0,0,1,1,1
H5,152,2017,551331,      6.00,      6.00,      6.00,      6.00,0,0,0,1,1,1
H5,152,2017,551339,      6.00,      6.00,      6.00,      6.00,0,0,0,1,1,1
H5,152,2017,551341,      6.00,      6.00,      6.00,      6.00,0,0,0,1,1,1
H5,152,2017,551349,      6.00,      6.00,      6.00,      6.00,0,0,0,1,1,1
H5,152,2017,551411,      6.00,      6.00,      6.00,      6.00,0,0,0,1,1,1
H5,152,2017,551412,      6.00,      6.00,      6.00,      6.00,0,0,0,1,1,1
H5,152,2017,551419,      6.00,      6.00,      6.00,      6.00,0,0,0,1,1,1
H5,152,2017,551421,      6.00,      6.00,      6.00,      6.00,0,0,0,1,1,1
H5,152,2017,551422,      6.00,      6.00,      6.00,      6.00,0,0,0,1,1,1
H5,152,2017,551423,      6.00,      6.00,      6.00,      6.00,0,0,0,1,1,1
H5,152,2017,551429,      6.00,      6.00,      6.00,      6.00,0,0,0,1,1,1
H5,152,2017,551430,      6.00,      6.00,      6.00,      6.00,0,0,0,1,1,1
H5,152,2017,551441,      6.00,      6.00,      6.00,      6.00,0,0,0,1,1,1
H5,152,2017,551442,      6.00,      6.00,      6.00,      6.00,0,0,0,1,1,1
H5,152,2017,551443,      6.00,      6.00,      6.00,      6.00,0,0,0,1,1,1
H5,152,2017,551449,      6.00,      6.00,      6.00,      6.00,0,0,0,1,1,1
H5,152,2017,551511,     24.00,      6.00,      6.00,      6.00,0,0,0,4,4,4
H5,152,2017,551512,      6.00,      6.00,      6.00,      6.00,0,0,0,1,1,1
H5,152,2017,551513,     18.00,      6.00,      6.00,      6.00,0,0,0,3,3,3
H5,152,2017,551519,      6.00,      6.00,      6.00,      6.00,0,0,0,1,1,1
H5,152,2017,551521,      6.00,      6.00,      6.00,      6.00,0,0,0,1,1,1
H5,152,2017,551522,      6.00,      6.00,      6.00,      6.00,0,0,0,1,1,1
H5,152,2017,551529,      6.00,      6.00,      6.00,      6.00,0,0,0,1,1,1
H5,152,2017,551591,      6.00,      6.00,      6.00,      6.00,0,0,0,1,1,1
H5,152,2017,551599,      6.00,      6.00,      6.00,      6.00,0,0,0,1,1,1
H5,152,2017,551611,      6.00,      6.00,      6.00,      6.00,0,0,0,1,1,1
H5,152,2017,551612,      6.00,      6.00,      6.00,      6.00,0,0,0,1,1,1
H5,152,2017,551613,      6.00,      6.00,      6.00,      6.00,0,0,0,1,1,1
H5,152,2017,551614,      6.00,      6.00,      6.00,      6.00,0,0,0,1,1,1
H5,152,2017,551621,      6.00,      6.00,      6.00,      6.00,0,0,0,1,1,1
H5,152,2017,551622,      6.00,      6.00,      6.00,      6.00,0,0,0,1,1,1
H5,152,2017,551623,      6.00,      6.00,      6.00,      6.00,0,0,0,1,1,1
H5,152,2017,551624,      6.00,      6.00,      6.00,      6.00,0,0,0,1,1,1
H5,152,2017,551631,      6.00,      6.00,      6.00,      6.00,0,0,0,1,1,1
H5,152,2017,551632,      6.00,      6.00,      6.00,      6.00,0,0,0,1,1,1
H5,152,2017,551633,      6.00,      6.00,      6.00,      6.00,0,0,0,1,1,1
H5,152,2017,551634,      6.00,      6.00,      6.00,      6.00,0,0,0,1,1,1
H5,152,2017,551641,      6.00,      6.00,      6.00,      6.00,0,0,0,1,1,1
H5,152,2017,551642,      6.00,      6.00,      6.00,      6.00,0,0,0,1,1,1
H5,152,2017,551643,      6.00,      6.00,      6.00,      6.00,0,0,0,1,1,1
H5,152,2017,551644,      6.00,      6.00,      6.00,      6.00,0,0,0,1,1,1
H5,152,2017,551691,      6.00,      6.00,      6.00,      6.00,0,0,0,1,1,1
H5,152,2017,551692,      6.00,      6.00,      6.00,      6.00,0,0,0,1,1,1
H5,152,2017,551693,      6.00,      6.00,      6.00,      6.00,0,0,0,1,1,1
H5,152,2017,551694,      6.00,      6.00,      6.00,      6.00,0,0,0,1,1,1
H5,152,2017,560121,      6.00,      6.00,      6.00,      6.00,0,0,0,1,1,1
H5,152,2017,560122,      6.00,      6.00,      6.00,      6.00,0,0,0,1,1,1
H5,152,2017,560129,      6.00,      6.00,      6.00,      6.00,0,0,0,1,1,1
H5,152,2017,560130,      6.00,      6.00,      6.00,      6.00,0,0,0,1,1,1
H5,152,2017,560210,      6.00,      6.00,      6.00,      6.00,0,0,0,1,1,1
H5,152,2017,560221,      6.00,      6.00,      6.00,      6.00,0,0,0,1,1,1
H5,152,2017,560229,      6.00,      6.00,      6.00,      6.00,0,0,0,1,1,1
H5,152,2017,560290,      6.00,      6.00,      6.00,      6.00,0,0,0,1,1,1
H5,152,2017,560311,     12.00,      6.00,      6.00,      6.00,0,0,0,2,2,2
H5,152,2017,560312,     12.00,      6.00,      6.00,      6.00,0,0,0,2,2,2
H5,152,2017,560313,     12.00,      6.00,      6.00,      6.00,0,0,0,2,2,2
H5,152,2017,560314,     12.00,      6.00,      6.00,      6.00,0,0,0,2,2,2
H5,152,2017,560391,     12.00,      6.00,      6.00,      6.00,0,0,0,2,2,2
H5,152,2017,560392,     12.00,      6.00,      6.00,      6.00,0,0,0,2,2,2
H5,152,2017,560393,     12.00,      6.00,      6.00,      6.00,0,0,0,2,2,2
H5,152,2017,560394,     12.00,      6.00,      6.00,      6.00,0,0,0,2,2,2
H5,152,2017,560410,      6.00,      6.00,      6.00,      6.00,0,0,0,1,1,1
H5,152,2017,560490,      6.00,      6.00,      6.00,      6.00,0,0,0,1,1,1
H5,152,2017,560500,      6.00,      6.00,      6.00,      6.00,0,0,0,1,1,1
H5,152,2017,560600,     12.00,      6.00,      6.00,      6.00,0,0,0,2,2,2
H5,152,2017,560721,      6.00,      6.00,      6.00,      6.00,0,0,0,1,1,1
H5,152,2017,560729,      6.00,      6.00,      6.00,      6.00,0,0,0,1,1,1
H5,152,2017,560741,      6.00,      6.00,      6.00,      6.00,0,0,0,1,1,1
H5,152,2017,560749,      6.00,      6.00,      6.00,      6.00,0,0,0,1,1,1
H5,152,2017,560750,     12.00,      6.00,      6.00,      6.00,0,0,0,2,2,2
H5,152,2017,560790,      6.00,      6.00,      6.00,      6.00,0,0,0,1,1,1
H5,152,2017,560811,     12.00,      6.00,      6.00,      6.00,0,0,0,2,2,2
H5,152,2017,560819,     24.00,      6.00,      6.00,      6.00,0,0,0,4,4,4
H5,152,2017,560890,      6.00,      6.00,      6.00,      6.00,0,0,0,1,1,1
H5,152,2017,560900,      6.00,      6.00,      6.00,      6.00,0,0,0,1,1,1
H5,152,2017,570110,      6.00,      6.00,      6.00,      6.00,0,0,0,1,1,1
H5,152,2017,570190,      6.00,      6.00,      6.00,      6.00,0,0,0,1,1,1
H5,152,2017,570210,      6.00,      6.00,      6.00,      6.00,0,0,0,1,1,1
H5,152,2017,570220,      6.00,      6.00,      6.00,      6.00,0,0,0,1,1,1
H5,152,2017,570231,      6.00,      6.00,      6.00,      6.00,0,0,0,1,1,1
H5,152,2017,570232,      6.00,      6.00,      6.00,      6.00,0,0,0,1,1,1
H5,152,2017,570239,      6.00,      6.00,      6.00,      6.00,0,0,0,1,1,1
H5,152,2017,570241,      6.00,      6.00,      6.00,      6.00,0,0,0,1,1,1
H5,152,2017,570242,     12.00,      6.00,      6.00,      6.00,0,0,0,2,2,2
H5,152,2017,570249,      6.00,      6.00,      6.00,      6.00,0,0,0,1,1,1
H5,152,2017,570250,      6.00,      6.00,      6.00,      6.00,0,0,0,1,1,1
H5,152,2017,570291,      6.00,      6.00,      6.00,      6.00,0,0,0,1,1,1
H5,152,2017,570292,      6.00,      6.00,      6.00,      6.00,0,0,0,1,1,1
H5,152,2017,570299,      6.00,      6.00,      6.00,      6.00,0,0,0,1,1,1
H5,152,2017,570310,      6.00,      6.00,      6.00,      6.00,0,0,0,1,1,1
H5,152,2017,570320,      6.00,      6.00,      6.00,      6.00,0,0,0,1,1,1
H5,152,2017,570330,     36.00,      6.00,      6.00,      6.00,0,0,0,6,6,6
H5,152,2017,570390,      6.00,      6.00,      6.00,      6.00,0,0,0,1,1,1
H5,152,2017,570410,      6.00,      6.00,      6.00,      6.00,0,0,0,1,1,1
H5,152,2017,570420,      6.00,      6.00,      6.00,      6.00,0,0,0,1,1,1
H5,152,2017,570490,      6.00,      6.00,      6.00,      6.00,0,0,0,1,1,1
H5,152,2017,570500,      6.00,      6.00,      6.00,      6.00,0,0,0,1,1,1
H5,152,2017,580110,      6.00,      6.00,      6.00,      6.00,0,0,0,1,1,1
H5,152,2017,580121,      6.00,      6.00,      6.00,      6.00,0,0,0,1,1,1
H5,152,2017,580122,      6.00,      6.00,      6.00,      6.00,0,0,0,1,1,1
H5,152,2017,580123,      6.00,      6.00,      6.00,      6.00,0,0,0,1,1,1
H5,152,2017,580126,      6.00,      6.00,      6.00,      6.00,0,0,0,1,1,1
H5,152,2017,580127,      6.00,      6.00,      6.00,      6.00,0,0,0,1,1,1
H5,152,2017,580131,      6.00,      6.00,      6.00,      6.00,0,0,0,1,1,1
H5,152,2017,580132,      6.00,      6.00,      6.00,      6.00,0,0,0,1,1,1
H5,152,2017,580133,      6.00,      6.00,      6.00,      6.00,0,0,0,1,1,1
H5,152,2017,580136,      6.00,      6.00,      6.00,      6.00,0,0,0,1,1,1
H5,152,2017,580137,      6.00,      6.00,      6.00,      6.00,0,0,0,1,1,1
H5,152,2017,580190,      6.00,      6.00,      6.00,      6.00,0,0,0,1,1,1
H5,152,2017,580211,      6.00,      6.00,      6.00,      6.00,0,0,0,1,1,1
H5,152,2017,580219,      6.00,      6.00,      6.00,      6.00,0,0,0,1,1,1
H5,152,2017,580220,      6.00,      6.00,      6.00,      6.00,0,0,0,1,1,1
H5,152,2017,580230,      6.00,      6.00,      6.00,      6.00,0,0,0,1,1,1
H5,152,2017,580300,      6.00,      6.00,      6.00,      6.00,0,0,0,1,1,1
H5,152,2017,580410,      6.00,      6.00,      6.00,      6.00,0,0,0,1,1,1
H5,152,2017,580421,      6.00,      6.00,      6.00,      6.00,0,0,0,1,1,1
H5,152,2017,580429,      6.00,      6.00,      6.00,      6.00,0,0,0,1,1,1
H5,152,2017,580430,      6.00,      6.00,      6.00,      6.00,0,0,0,1,1,1
H5,152,2017,580500,      6.00,      6.00,      6.00,      6.00,0,0,0,1,1,1
H5,152,2017,580610,      6.00,      6.00,      6.00,      6.00,0,0,0,1,1,1
H5,152,2017,580620,      6.00,      6.00,      6.00,      6.00,0,0,0,1,1,1
H5,152,2017,580631,      6.00,      6.00,      6.00,      6.00,0,0,0,1,1,1
H5,152,2017,580632,      6.00,      6.00,      6.00,      6.00,0,0,0,1,1,1
H5,152,2017,580639,      6.00,      6.00,      6.00,      6.00,0,0,0,1,1,1
H5,152,2017,580640,      6.00,      6.00,      6.00,      6.00,0,0,0,1,1,1
H5,152,2017,580710,      6.00,      6.00,      6.00,      6.00,0,0,0,1,1,1
H5,152,2017,580790,      6.00,      6.00,      6.00,      6.00,0,0,0,1,1,1
H5,152,2017,580810,      6.00,      6.00,      6.00,      6.00,0,0,0,1,1,1
H5,152,2017,580890,      6.00,      6.00,      6.00,      6.00,0,0,0,1,1,1
H5,152,2017,580900,      6.00,      6.00,      6.00,      6.00,0,0,0,1,1,1
H5,152,2017,581010,      6.00,      6.00,      6.00,      6.00,0,0,0,1,1,1
H5,152,2017,581091,      6.00,      6.00,      6.00,      6.00,0,0,0,1,1,1
H5,152,2017,581092,      6.00,      6.00,      6.00,      6.00,0,0,0,1,1,1
H5,152,2017,581099,      6.00,      6.00,      6.00,      6.00,0,0,0,1,1,1
H5,152,2017,581100,      6.00,      6.00,      6.00,      6.00,0,0,0,1,1,1
H5,152,2017,590110,      6.00,      6.00,      6.00,      6.00,0,0,0,1,1,1
H5,152,2017,590190,      6.00,      6.00,      6.00,      6.00,0,0,0,1,1,1
H5,152,2017,590210,      6.00,      6.00,      6.00,      6.00,0,0,0,1,1,1
H5,152,2017,590220,      6.00,      6.00,      6.00,      6.00,0,0,0,1,1,1
H5,152,2017,590290,      6.00,      6.00,      6.00,      6.00,0,0,0,1,1,1
H5,152,2017,590310,      6.00,      6.00,      6.00,      6.00,0,0,0,1,1,1
H5,152,2017,590320,      6.00,      6.00,      6.00,      6.00,0,0,0,1,1,1
H5,152,2017,590390,      6.00,      6.00,      6.00,      6.00,0,0,0,1,1,1
H5,152,2017,590410,      6.00,      6.00,      6.00,      6.00,0,0,0,1,1,1
H5,152,2017,590490,      6.00,      6.00,      6.00,      6.00,0,0,0,1,1,1
H5,152,2017,590500,      6.00,      6.00,      6.00,      6.00,0,0,0,1,1,1
H5,152,2017,590610,      6.00,      6.00,      6.00,      6.00,0,0,0,1,1,1
H5,152,2017,590691,      6.00,      6.00,      6.00,      6.00,0,0,0,1,1,1
H5,152,2017,590699,     18.00,      6.00,      6.00,      6.00,0,0,0,3,3,3
H5,152,2017,590700,     18.00,      6.00,      6.00,      6.00,0,0,0,3,3,3
H5,152,2017,590800,      6.00,      6.00,      6.00,      6.00,0,0,0,1,1,1
H5,152,2017,590900,      6.00,      6.00,      6.00,      6.00,0,0,0,1,1,1
H5,152,2017,591000,     12.00,      6.00,      6.00,      6.00,0,0,0,2,2,2
H5,152,2017,591110,      6.00,      6.00,      6.00,      6.00,0,0,0,1,1,1
H5,152,2017,591120,      6.00,      6.00,      6.00,      6.00,0,0,0,1,1,1
H5,152,2017,591131,      6.00,      6.00,      6.00,      6.00,0,0,0,1,1,1
H5,152,2017,591132,      6.00,      6.00,      6.00,      6.00,0,0,0,1,1,1
H5,152,2017,591140,      6.00,      6.00,      6.00,      6.00,0,0,0,1,1,1
H5,152,2017,591190,      6.00,      6.00,      6.00,      6.00,0,0,0,1,1,1
H5,152,2017,600110,      6.00,      6.00,      6.00,      6.00,0,0,0,1,1,1
H5,152,2017,600121,      6.00,      6.00,      6.00,      6.00,0,0,0,1,1,1
H5,152,2017,600122,      6.00,      6.00,      6.00,      6.00,0,0,0,1,1,1
H5,152,2017,600129,      6.00,      6.00,      6.00,      6.00,0,0,0,1,1,1
H5,152,2017,600191,      6.00,      6.00,      6.00,      6.00,0,0,0,1,1,1
H5,152,2017,600192,      6.00,      6.00,      6.00,      6.00,0,0,0,1,1,1
H5,152,2017,600199,      6.00,      6.00,      6.00,      6.00,0,0,0,1,1,1
H5,152,2017,600240,      6.00,      6.00,      6.00,      6.00,0,0,0,1,1,1
H5,152,2017,600290,      6.00,      6.00,      6.00,      6.00,0,0,0,1,1,1
H5,152,2017,600310,      6.00,      6.00,      6.00,      6.00,0,0,0,1,1,1
H5,152,2017,600320,      6.00,      6.00,      6.00,      6.00,0,0,0,1,1,1
H5,152,2017,600330,      6.00,      6.00,      6.00,      6.00,0,0,0,1,1,1
H5,152,2017,600340,      6.00,      6.00,      6.00,      6.00,0,0,0,1,1,1
H5,152,2017,600390,      6.00,      6.00,      6.00,      6.00,0,0,0,1,1,1
H5,152,2017,600410,      6.00,      6.00,      6.00,      6.00,0,0,0,1,1,1
H5,152,2017,600490,      6.00,      6.00,      6.00,      6.00,0,0,0,1,1,1
H5,152,2017,600521,      6.00,      6.00,      6.00,      6.00,0,0,0,1,1,1
H5,152,2017,600522,      6.00,      6.00,      6.00,      6.00,0,0,0,1,1,1
H5,152,2017,600523,      6.00,      6.00,      6.00,      6.00,0,0,0,1,1,1
H5,152,2017,600524,      6.00,      6.00,      6.00,      6.00,0,0,0,1,1,1
H5,152,2017,600535,      6.00,      6.00,      6.00,      6.00,0,0,0,1,1,1
H5,152,2017,600536,      6.00,      6.00,      6.00,      6.00,0,0,0,1,1,1
H5,152,2017,600537,     12.00,      6.00,      6.00,      6.00,0,0,0,2,2,2
H5,152,2017,600538,     12.00,      6.00,      6.00,      6.00,0,0,0,2,2,2
H5,152,2017,600539,      6.00,      6.00,      6.00,      6.00,0,0,0,1,1,1
H5,152,2017,600541,      6.00,      6.00,      6.00,      6.00,0,0,0,1,1,1
H5,152,2017,600542,      6.00,      6.00,      6.00,      6.00,0,0,0,1,1,1
H5,152,2017,600543,      6.00,      6.00,      6.00,      6.00,0,0,0,1,1,1
H5,152,2017,600544,      6.00,      6.00,      6.00,      6.00,0,0,0,1,1,1
H5,152,2017,600590,      6.00,      6.00,      6.00,      6.00,0,0,0,1,1,1
H5,152,2017,600610,      6.00,      6.00,      6.00,      6.00,0,0,0,1,1,1
H5,152,2017,600621,      6.00,      6.00,      6.00,      6.00,0,0,0,1,1,1
H5,152,2017,600622,      6.00,      6.00,      6.00,      6.00,0,0,0,1,1,1
H5,152,2017,600623,      6.00,      6.00,      6.00,      6.00,0,0,0,1,1,1
H5,152,2017,600624,      6.00,      6.00,      6.00,      6.00,0,0,0,1,1,1
H5,152,2017,600631,      6.00,      6.00,      6.00,      6.00,0,0,0,1,1,1
H5,152,2017,600632,      6.00,      6.00,      6.00,      6.00,0,0,0,1,1,1
H5,152,2017,600633,      6.00,      6.00,      6.00,      6.00,0,0,0,1,1,1
H5,152,2017,600634,      6.00,      6.00,      6.00,      6.00,0,0,0,1,1,1
H5,152,2017,600641,      6.00,      6.00,      6.00,      6.00,0,0,0,1,1,1
H5,152,2017,600642,      6.00,      6.00,      6.00,      6.00,0,0,0,1,1,1
H5,152,2017,600643,      6.00,      6.00,      6.00,      6.00,0,0,0,1,1,1
H5,152,2017,600644,      6.00,      6.00,      6.00,      6.00,0,0,0,1,1,1
H5,152,2017,600690,      6.00,      6.00,      6.00,      6.00,0,0,0,1,1,1
H5,152,2017,610120,      6.00,      6.00,      6.00,      6.00,0,0,0,1,1,1
H5,152,2017,610130,      6.00,      6.00,      6.00,      6.00,0,0,0,1,1,1
H5,152,2017,610190,      6.00,      6.00,      6.00,      6.00,0,0,0,1,1,1
H5,152,2017,610210,      6.00,      6.00,      6.00,      6.00,0,0,0,1,1,1
H5,152,2017,610220,      6.00,      6.00,      6.00,      6.00,0,0,0,1,1,1
H5,152,2017,610230,      6.00,      6.00,      6.00,      6.00,0,0,0,1,1,1
H5,152,2017,610290,      6.00,      6.00,      6.00,      6.00,0,0,0,1,1,1
H5,152,2017,610310,      6.00,      6.00,      6.00,      6.00,0,0,0,1,1,1
H5,152,2017,610322,      6.00,      6.00,      6.00,      6.00,0,0,0,1,1,1
H5,152,2017,610323,      6.00,      6.00,      6.00,      6.00,0,0,0,1,1,1
H5,152,2017,610329,      6.00,      6.00,      6.00,      6.00,0,0,0,1,1,1
H5,152,2017,610331,      6.00,      6.00,      6.00,      6.00,0,0,0,1,1,1
H5,152,2017,610332,      6.00,      6.00,      6.00,      6.00,0,0,0,1,1,1
H5,152,2017,610333,      6.00,      6.00,      6.00,      6.00,0,0,0,1,1,1
H5,152,2017,610339,      6.00,      6.00,      6.00,      6.00,0,0,0,1,1,1
H5,152,2017,610341,      6.00,      6.00,      6.00,      6.00,0,0,0,1,1,1
H5,152,2017,610342,     12.00,      6.00,      6.00,      6.00,0,0,0,2,2,2
H5,152,2017,610343,      6.00,      6.00,      6.00,      6.00,0,0,0,1,1,1
H5,152,2017,610349,      6.00,      6.00,      6.00,      6.00,0,0,0,1,1,1
H5,152,2017,610413,      6.00,      6.00,      6.00,      6.00,0,0,0,1,1,1
H5,152,2017,610419,      6.00,      6.00,      6.00,      6.00,0,0,0,1,1,1
H5,152,2017,610422,      6.00,      6.00,      6.00,      6.00,0,0,0,1,1,1
H5,152,2017,610423,      6.00,      6.00,      6.00,      6.00,0,0,0,1,1,1
H5,152,2017,610429,      6.00,      6.00,      6.00,      6.00,0,0,0,1,1,1
H5,152,2017,610431,      6.00,      6.00,      6.00,      6.00,0,0,0,1,1,1
H5,152,2017,610432,      6.00,      6.00,      6.00,      6.00,0,0,0,1,1,1
H5,152,2017,610433,      6.00,      6.00,      6.00,      6.00,0,0,0,1,1,1
H5,152,2017,610439,      6.00,      6.00,      6.00,      6.00,0,0,0,1,1,1
H5,152,2017,610441,      6.00,      6.00,      6.00,      6.00,0,0,0,1,1,1
H5,152,2017,610442,      6.00,      6.00,      6.00,      6.00,0,0,0,1,1,1
H5,152,2017,610443,      6.00,      6.00,      6.00,      6.00,0,0,0,1,1,1
H5,152,2017,610444,      6.00,      6.00,      6.00,      6.00,0,0,0,1,1,1
H5,152,2017,610449,      6.00,      6.00,      6.00,      6.00,0,0,0,1,1,1
H5,152,2017,610451,      6.00,      6.00,      6.00,      6.00,0,0,0,1,1,1
H5,152,2017,610452,      6.00,      6.00,      6.00,      6.00,0,0,0,1,1,1
H5,152,2017,610453,      6.00,      6.00,      6.00,      6.00,0,0,0,1,1,1
H5,152,2017,610459,     12.00,      6.00,      6.00,      6.00,0,0,0,2,2,2
H5,152,2017,610461,      6.00,      6.00,      6.00,      6.00,0,0,0,1,1,1
H5,152,2017,610462,     12.00,      6.00,      6.00,      6.00,0,0,0,2,2,2
H5,152,2017,610463,      6.00,      6.00,      6.00,      6.00,0,0,0,1,1,1
H5,152,2017,610469,      6.00,      6.00,      6.00,      6.00,0,0,0,1,1,1
H5,152,2017,610510,     24.00,      6.00,      6.00,      6.00,0,0,0,4,4,4
H5,152,2017,610520,     12.00,      6.00,      6.00,      6.00,0,0,0,2,2,2
H5,152,2017,610590,      6.00,      6.00,      6.00,      6.00,0,0,0,1,1,1
H5,152,2017,610610,      6.00,      6.00,      6.00,      6.00,0,0,0,1,1,1
H5,152,2017,610620,      6.00,      6.00,      6.00,      6.00,0,0,0,1,1,1
H5,152,2017,610690,      6.00,      6.00,      6.00,      6.00,0,0,0,1,1,1
H5,152,2017,610711,      6.00,      6.00,      6.00,      6.00,0,0,0,1,1,1
H5,152,2017,610712,      6.00,      6.00,      6.00,      6.00,0,0,0,1,1,1
H5,152,2017,610719,      6.00,      6.00,      6.00,      6.00,0,0,0,1,1,1
H5,152,2017,610721,      6.00,      6.00,      6.00,      6.00,0,0,0,1,1,1
H5,152,2017,610722,      6.00,      6.00,      6.00,      6.00,0,0,0,1,1,1
H5,152,2017,610729,      6.00,      6.00,      6.00,      6.00,0,0,0,1,1,1
H5,152,2017,610791,      6.00,      6.00,      6.00,      6.00,0,0,0,1,1,1
H5,152,2017,610799,      6.00,      6.00,      6.00,      6.00,0,0,0,1,1,1
H5,152,2017,610811,      6.00,      6.00,      6.00,      6.00,0,0,0,1,1,1
H5,152,2017,610819,      6.00,      6.00,      6.00,      6.00,0,0,0,1,1,1
H5,152,2017,610821,      6.00,      6.00,      6.00,      6.00,0,0,0,1,1,1
H5,152,2017,610822,      6.00,      6.00,      6.00,      6.00,0,0,0,1,1,1
H5,152,2017,610829,      6.00,      6.00,      6.00,      6.00,0,0,0,1,1,1
H5,152,2017,610831,      6.00,      6.00,      6.00,      6.00,0,0,0,1,1,1
H5,152,2017,610832,      6.00,      6.00,      6.00,      6.00,0,0,0,1,1,1
H5,152,2017,610839,      6.00,      6.00,      6.00,      6.00,0,0,0,1,1,1
H5,152,2017,610891,      6.00,      6.00,      6.00,      6.00,0,0,0,1,1,1
H5,152,2017,610892,      6.00,      6.00,      6.00,      6.00,0,0,0,1,1,1
H5,152,2017,610899,      6.00,      6.00,      6.00,      6.00,0,0,0,1,1,1
H5,152,2017,610910,     24.00,      6.00,      6.00,      6.00,0,0,0,4,4,4
H5,152,2017,610990,     48.00,      6.00,      6.00,      6.00,0,0,0,8,8,8
H5,152,2017,611011,      6.00,      6.00,      6.00,      6.00,0,0,0,1,1,1
H5,152,2017,611012,      6.00,      6.00,      6.00,      6.00,0,0,0,1,1,1
H5,152,2017,611019,      6.00,      6.00,      6.00,      6.00,0,0,0,1,1,1
H5,152,2017,611020,      6.00,      6.00,      6.00,      6.00,0,0,0,1,1,1
H5,152,2017,611030,     24.00,      6.00,      6.00,      6.00,0,0,0,4,4,4
H5,152,2017,611090,      6.00,      6.00,      6.00,      6.00,0,0,0,1,1,1
H5,152,2017,611120,      6.00,      6.00,      6.00,      6.00,0,0,0,1,1,1
H5,152,2017,611130,      6.00,      6.00,      6.00,      6.00,0,0,0,1,1,1
H5,152,2017,611190,      6.00,      6.00,      6.00,      6.00,0,0,0,1,1,1
H5,152,2017,611211,      6.00,      6.00,      6.00,      6.00,0,0,0,1,1,1
H5,152,2017,611212,      6.00,      6.00,      6.00,      6.00,0,0,0,1,1,1
H5,152,2017,611219,      6.00,      6.00,      6.00,      6.00,0,0,0,1,1,1
H5,152,2017,611220,      6.00,      6.00,      6.00,      6.00,0,0,0,1,1,1
H5,152,2017,611231,      6.00,      6.00,      6.00,      6.00,0,0,0,1,1,1
H5,152,2017,611239,      6.00,      6.00,      6.00,      6.00,0,0,0,1,1,1
H5,152,2017,611241,      6.00,      6.00,      6.00,      6.00,0,0,0,1,1,1
H5,152,2017,611249,      6.00,      6.00,      6.00,      6.00,0,0,0,1,1,1
H5,152,2017,611300,      6.00,      6.00,      6.00,      6.00,0,0,0,1,1,1
H5,152,2017,611420,      6.00,      6.00,      6.00,      6.00,0,0,0,1,1,1
H5,152,2017,611430,     12.00,      6.00,      6.00,      6.00,0,0,0,2,2,2
H5,152,2017,611490,      6.00,      6.00,      6.00,      6.00,0,0,0,1,1,1
H5,152,2017,611510,      6.00,      6.00,      6.00,      6.00,0,0,0,1,1,1
H5,152,2017,611521,     12.00,      6.00,      6.00,      6.00,0,0,0,2,2,2
H5,152,2017,611522,      6.00,      6.00,      6.00,      6.00,0,0,0,1,1,1
H5,152,2017,611529,      6.00,      6.00,      6.00,      6.00,0,0,0,1,1,1
H5,152,2017,611530,      6.00,      6.00,      6.00,      6.00,0,0,0,1,1,1
H5,152,2017,611594,      6.00,      6.00,      6.00,      6.00,0,0,0,1,1,1
H5,152,2017,611595,     12.00,      6.00,      6.00,      6.00,0,0,0,2,2,2
H5,152,2017,611596,     12.00,      6.00,      6.00,      6.00,0,0,0,2,2,2
H5,152,2017,611599,      6.00,      6.00,      6.00,      6.00,0,0,0,1,1,1
H5,152,2017,611610,      6.00,      6.00,      6.00,      6.00,0,0,0,1,1,1
H5,152,2017,611691,      6.00,      6.00,      6.00,      6.00,0,0,0,1,1,1
H5,152,2017,611692,      6.00,      6.00,      6.00,      6.00,0,0,0,1,1,1
H5,152,2017,611693,      6.00,      6.00,      6.00,      6.00,0,0,0,1,1,1
H5,152,2017,611699,      6.00,      6.00,      6.00,      6.00,0,0,0,1,1,1
H5,152,2017,611710,     24.00,      6.00,      6.00,      6.00,0,0,0,4,4,4
H5,152,2017,611780,      6.00,      6.00,      6.00,      6.00,0,0,0,1,1,1
H5,152,2017,611790,      6.00,      6.00,      6.00,      6.00,0,0,0,1,1,1
H5,152,2017,620111,      6.00,      6.00,      6.00,      6.00,0,0,0,1,1,1
H5,152,2017,620112,      6.00,      6.00,      6.00,      6.00,0,0,0,1,1,1
H5,152,2017,620113,     12.00,      6.00,      6.00,      6.00,0,0,0,2,2,2
H5,152,2017,620119,      6.00,      6.00,      6.00,      6.00,0,0,0,1,1,1
H5,152,2017,620191,      6.00,      6.00,      6.00,      6.00,0,0,0,1,1,1
H5,152,2017,620192,     36.00,      6.00,      6.00,      6.00,0,0,0,6,6,6
H5,152,2017,620193,     36.00,      6.00,      6.00,      6.00,0,0,0,6,6,6
H5,152,2017,620199,      6.00,      6.00,      6.00,      6.00,0,0,0,1,1,1
H5,152,2017,620211,     12.00,      6.00,      6.00,      6.00,0,0,0,2,2,2
H5,152,2017,620212,      6.00,      6.00,      6.00,      6.00,0,0,0,1,1,1
H5,152,2017,620213,     12.00,      6.00,      6.00,      6.00,0,0,0,2,2,2
H5,152,2017,620219,      6.00,      6.00,      6.00,      6.00,0,0,0,1,1,1
H5,152,2017,620291,      6.00,      6.00,      6.00,      6.00,0,0,0,1,1,1
H5,152,2017,620292,      6.00,      6.00,      6.00,      6.00,0,0,0,1,1,1
H5,152,2017,620293,     12.00,      6.00,      6.00,      6.00,0,0,0,2,2,2
H5,152,2017,620299,      6.00,      6.00,      6.00,      6.00,0,0,0,1,1,1
H5,152,2017,620311,     12.00,      6.00,      6.00,      6.00,0,0,0,2,2,2
H5,152,2017,620312,      6.00,      6.00,      6.00,      6.00,0,0,0,1,1,1
H5,152,2017,620319,      6.00,      6.00,      6.00,      6.00,0,0,0,1,1,1
H5,152,2017,620322,      6.00,      6.00,      6.00,      6.00,0,0,0,1,1,1
H5,152,2017,620323,      6.00,      6.00,      6.00,      6.00,0,0,0,1,1,1
H5,152,2017,620329,      6.00,      6.00,      6.00,      6.00,0,0,0,1,1,1
H5,152,2017,620331,      6.00,      6.00,      6.00,      6.00,0,0,0,1,1,1
H5,152,2017,620332,      6.00,      6.00,      6.00,      6.00,0,0,0,1,1,1
H5,152,2017,620333,      6.00,      6.00,      6.00,      6.00,0,0,0,1,1,1
H5,152,2017,620339,      6.00,      6.00,      6.00,      6.00,0,0,0,1,1,1
H5,152,2017,620341,      6.00,      6.00,      6.00,      6.00,0,0,0,1,1,1
H5,152,2017,620342,     48.00,      6.00,      6.00,      6.00,0,0,0,8,8,8
H5,152,2017,620343,     48.00,      6.00,      6.00,      6.00,0,0,0,8,8,8
H5,152,2017,620349,      6.00,      6.00,      6.00,      6.00,0,0,0,1,1,1
H5,152,2017,620411,      6.00,      6.00,      6.00,      6.00,0,0,0,1,1,1
H5,152,2017,620412,      6.00,      6.00,      6.00,      6.00,0,0,0,1,1,1
H5,152,2017,620413,      6.00,      6.00,      6.00,      6.00,0,0,0,1,1,1
H5,152,2017,620419,      6.00,      6.00,      6.00,      6.00,0,0,0,1,1,1
H5,152,2017,620421,      6.00,      6.00,      6.00,      6.00,0,0,0,1,1,1
H5,152,2017,620422,      6.00,      6.00,      6.00,      6.00,0,0,0,1,1,1
H5,152,2017,620423,      6.00,      6.00,      6.00,      6.00,0,0,0,1,1,1
H5,152,2017,620429,      6.00,      6.00,      6.00,      6.00,0,0,0,1,1,1
H5,152,2017,620431,      6.00,      6.00,      6.00,      6.00,0,0,0,1,1,1
H5,152,2017,620432,      6.00,      6.00,      6.00,      6.00,0,0,0,1,1,1
H5,152,2017,620433,      6.00,      6.00,      6.00,      6.00,0,0,0,1,1,1
H5,152,2017,620439,      6.00,      6.00,      6.00,      6.00,0,0,0,1,1,1
H5,152,2017,620441,      6.00,      6.00,      6.00,      6.00,0,0,0,1,1,1
H5,152,2017,620442,      6.00,      6.00,      6.00,      6.00,0,0,0,1,1,1
H5,152,2017,620443,      6.00,      6.00,      6.00,      6.00,0,0,0,1,1,1
H5,152,2017,620444,      6.00,      6.00,      6.00,      6.00,0,0,0,1,1,1
H5,152,2017,620449,      6.00,      6.00,      6.00,      6.00,0,0,0,1,1,1
H5,152,2017,620451,      6.00,      6.00,      6.00,      6.00,0,0,0,1,1,1
H5,152,2017,620452,      6.00,      6.00,      6.00,      6.00,0,0,0,1,1,1
H5,152,2017,620453,      6.00,      6.00,      6.00,      6.00,0,0,0,1,1,1
H5,152,2017,620459,      6.00,      6.00,      6.00,      6.00,0,0,0,1,1,1
H5,152,2017,620461,      6.00,      6.00,      6.00,      6.00,0,0,0,1,1,1
H5,152,2017,620462,     48.00,      6.00,      6.00,      6.00,0,0,0,8,8,8
H5,152,2017,620463,     48.00,      6.00,      6.00,      6.00,0,0,0,8,8,8
H5,152,2017,620469,      6.00,      6.00,      6.00,      6.00,0,0,0,1,1,1
H5,152,2017,620520,     12.00,      6.00,      6.00,      6.00,0,0,0,2,2,2
H5,152,2017,620530,     24.00,      6.00,      6.00,      6.00,0,0,0,4,4,4
H5,152,2017,620590,      6.00,      6.00,      6.00,      6.00,0,0,0,1,1,1
H5,152,2017,620610,      6.00,      6.00,      6.00,      6.00,0,0,0,1,1,1
H5,152,2017,620620,      6.00,      6.00,      6.00,      6.00,0,0,0,1,1,1
H5,152,2017,620630,      6.00,      6.00,      6.00,      6.00,0,0,0,1,1,1
H5,152,2017,620640,     24.00,      6.00,      6.00,      6.00,0,0,0,4,4,4
H5,152,2017,620690,      6.00,      6.00,      6.00,      6.00,0,0,0,1,1,1
H5,152,2017,620711,      6.00,      6.00,      6.00,      6.00,0,0,0,1,1,1
H5,152,2017,620719,      6.00,      6.00,      6.00,      6.00,0,0,0,1,1,1
H5,152,2017,620721,      6.00,      6.00,      6.00,      6.00,0,0,0,1,1,1
H5,152,2017,620722,      6.00,      6.00,      6.00,      6.00,0,0,0,1,1,1
H5,152,2017,620729,      6.00,      6.00,      6.00,      6.00,0,0,0,1,1,1
H5,152,2017,620791,      6.00,      6.00,      6.00,      6.00,0,0,0,1,1,1
H5,152,2017,620799,      6.00,      6.00,      6.00,      6.00,0,0,0,1,1,1
H5,152,2017,620811,      6.00,      6.00,      6.00,      6.00,0,0,0,1,1,1
H5,152,2017,620819,      6.00,      6.00,      6.00,      6.00,0,0,0,1,1,1
H5,152,2017,620821,      6.00,      6.00,      6.00,      6.00,0,0,0,1,1,1
H5,152,2017,620822,      6.00,      6.00,      6.00,      6.00,0,0,0,1,1,1
H5,152,2017,620829,      6.00,      6.00,      6.00,      6.00,0,0,0,1,1,1
H5,152,2017,620891,      6.00,      6.00,      6.00,      6.00,0,0,0,1,1,1
H5,152,2017,620892,      6.00,      6.00,      6.00,      6.00,0,0,0,1,1,1
H5,152,2017,620899,      6.00,      6.00,      6.00,      6.00,0,0,0,1,1,1
H5,152,2017,620920,      6.00,      6.00,      6.00,      6.00,0,0,0,1,1,1
H5,152,2017,620930,      6.00,      6.00,      6.00,      6.00,0,0,0,1,1,1
H5,152,2017,620990,      6.00,      6.00,      6.00,      6.00,0,0,0,1,1,1
H5,152,2017,621010,     18.00,      6.00,      6.00,      6.00,0,0,0,3,3,3
H5,152,2017,621020,      6.00,      6.00,      6.00,      6.00,0,0,0,1,1,1
H5,152,2017,621030,      6.00,      6.00,      6.00,      6.00,0,0,0,1,1,1
H5,152,2017,621040,      6.00,      6.00,      6.00,      6.00,0,0,0,1,1,1
H5,152,2017,621050,      6.00,      6.00,      6.00,      6.00,0,0,0,1,1,1
H5,152,2017,621111,      6.00,      6.00,      6.00,      6.00,0,0,0,1,1,1
H5,152,2017,621112,      6.00,      6.00,      6.00,      6.00,0,0,0,1,1,1
H5,152,2017,621120,      6.00,      6.00,      6.00,      6.00,0,0,0,1,1,1
H5,152,2017,621132,      6.00,      6.00,      6.00,      6.00,0,0,0,1,1,1
H5,152,2017,621133,      6.00,      6.00,      6.00,      6.00,0,0,0,1,1,1
H5,152,2017,621139,      6.00,      6.00,      6.00,      6.00,0,0,0,1,1,1
H5,152,2017,621142,      6.00,      6.00,      6.00,      6.00,0,0,0,1,1,1
H5,152,2017,621143,      6.00,      6.00,      6.00,      6.00,0,0,0,1,1,1
H5,152,2017,621149,      6.00,      6.00,      6.00,      6.00,0,0,0,1,1,1
H5,152,2017,621210,     12.00,      6.00,      6.00,      6.00,0,0,0,2,2,2
H5,152,2017,621220,      6.00,      6.00,      6.00,      6.00,0,0,0,1,1,1
H5,152,2017,621230,      6.00,      6.00,      6.00,      6.00,0,0,0,1,1,1
H5,152,2017,621290,      6.00,      6.00,      6.00,      6.00,0,0,0,1,1,1
H5,152,2017,621320,      6.00,      6.00,      6.00,      6.00,0,0,0,1,1,1
H5,152,2017,621390,      6.00,      6.00,      6.00,      6.00,0,0,0,1,1,1
H5,152,2017,621410,      6.00,      6.00,      6.00,      6.00,0,0,0,1,1,1
H5,152,2017,621420,      6.00,      6.00,      6.00,      6.00,0,0,0,1,1,1
H5,152,2017,621430,      6.00,      6.00,      6.00,      6.00,0,0,0,1,1,1
H5,152,2017,621440,      6.00,      6.00,      6.00,      6.00,0,0,0,1,1,1
H5,152,2017,621490,      6.00,      6.00,      6.00,      6.00,0,0,0,1,1,1
H5,152,2017,621510,      6.00,      6.00,      6.00,      6.00,0,0,0,1,1,1
H5,152,2017,621520,      6.00,      6.00,      6.00,      6.00,0,0,0,1,1,1
H5,152,2017,621590,      6.00,      6.00,      6.00,      6.00,0,0,0,1,1,1
H5,152,2017,621600,      6.00,      6.00,      6.00,      6.00,0,0,0,1,1,1
H5,152,2017,621710,      6.00,      6.00,      6.00,      6.00,0,0,0,1,1,1
H5,152,2017,621790,      6.00,      6.00,      6.00,      6.00,0,0,0,1,1,1
H5,152,2017,630110,      6.00,      6.00,      6.00,      6.00,0,0,0,1,1,1
H5,152,2017,630120,      6.00,      6.00,      6.00,      6.00,0,0,0,1,1,1
H5,152,2017,630130,      6.00,      6.00,      6.00,      6.00,0,0,0,1,1,1
H5,152,2017,630140,      6.00,      6.00,      6.00,      6.00,0,0,0,1,1,1
H5,152,2017,630190,      6.00,      6.00,      6.00,      6.00,0,0,0,1,1,1
H5,152,2017,630210,      6.00,      6.00,      6.00,      6.00,0,0,0,1,1,1
H5,152,2017,630221,     12.00,      6.00,      6.00,      6.00,0,0,0,2,2,2
H5,152,2017,630222,     12.00,      6.00,      6.00,      6.00,0,0,0,2,2,2
H5,152,2017,630229,      6.00,      6.00,      6.00,      6.00,0,0,0,1,1,1
H5,152,2017,630231,     12.00,      6.00,      6.00,      6.00,0,0,0,2,2,2
H5,152,2017,630232,     12.00,      6.00,      6.00,      6.00,0,0,0,2,2,2
H5,152,2017,630239,      6.00,      6.00,      6.00,      6.00,0,0,0,1,1,1
H5,152,2017,630240,      6.00,      6.00,      6.00,      6.00,0,0,0,1,1,1
H5,152,2017,630251,      6.00,      6.00,      6.00,      6.00,0,0,0,1,1,1
H5,152,2017,630253,      6.00,      6.00,      6.00,      6.00,0,0,0,1,1,1
H5,152,2017,630259,      6.00,      6.00,      6.00,      6.00,0,0,0,1,1,1
H5,152,2017,630260,     42.00,      6.00,      6.00,      6.00,0,0,0,7,7,7
H5,152,2017,630291,     12.00,      6.00,      6.00,      6.00,0,0,0,2,2,2
H5,152,2017,630293,     12.00,      6.00,      6.00,      6.00,0,0,0,2,2,2
H5,152,2017,630299,      6.00,      6.00,      6.00,      6.00,0,0,0,1,1,1
H5,152,2017,630312,      6.00,      6.00,      6.00,      6.00,0,0,0,1,1,1
H5,152,2017,630319,      6.00,      6.00,      6.00,      6.00,0,0,0,1,1,1
H5,152,2017,630391,      6.00,      6.00,      6.00,      6.00,0,0,0,1,1,1
H5,152,2017,630392,      6.00,      6.00,      6.00,      6.00,0,0,0,1,1,1
H5,152,2017,630399,      6.00,      6.00,      6.00,      6.00,0,0,0,1,1,1
H5,152,2017,630411,      6.00,      6.00,      6.00,      6.00,0,0,0,1,1,1
H5,152,2017,630419,      6.00,      6.00,      6.00,      6.00,0,0,0,1,1,1
H5,152,2017,630420,      6.00,      6.00,      6.00,      6.00,0,0,0,1,1,1
H5,152,2017,630491,      6.00,      6.00,      6.00,      6.00,0,0,0,1,1,1
H5,152,2017,630492,      6.00,      6.00,      6.00,      6.00,0,0,0,1,1,1
H5,152,2017,630493,      6.00,      6.00,      6.00,      6.00,0,0,0,1,1,1
H5,152,2017,630499,      6.00,      6.00,      6.00,      6.00,0,0,0,1,1,1
H5,152,2017,630510,      6.00,      6.00,      6.00,      6.00,0,0,0,1,1,1
H5,152,2017,630520,      6.00,      6.00,      6.00,      6.00,0,0,0,1,1,1
H5,152,2017,630532,      6.00,      6.00,      6.00,      6.00,0,0,0,1,1,1
H5,152,2017,630533,     24.00,      6.00,      6.00,      6.00,0,0,0,4,4,4
H5,152,2017,630539,      6.00,      6.00,      6.00,      6.00,0,0,0,1,1,1
H5,152,2017,630590,      6.00,      6.00,      6.00,      6.00,0,0,0,1,1,1
H5,152,2017,630612,      6.00,      6.00,      6.00,      6.00,0,0,0,1,1,1
H5,152,2017,630619,      6.00,      6.00,      6.00,      6.00,0,0,0,1,1,1
H5,152,2017,630622,     12.00,      6.00,      6.00,      6.00,0,0,0,2,2,2
H5,152,2017,630629,      6.00,      6.00,      6.00,      6.00,0,0,0,1,1,1
H5,152,2017,630630,      6.00,      6.00,      6.00,      6.00,0,0,0,1,1,1
H5,152,2017,630640,      6.00,      6.00,      6.00,      6.00,0,0,0,1,1,1
H5,152,2017,630690,      6.00,      6.00,      6.00,      6.00,0,0,0,1,1,1
H5,152,2017,630710,      6.00,      6.00,      6.00,      6.00,0,0,0,1,1,1
H5,152,2017,630720,      6.00,      6.00,      6.00,      6.00,0,0,0,1,1,1
H5,152,2017,630790,      6.00,      6.00,      6.00,      6.00,0,0,0,1,1,1
H5,152,2017,630800,      6.00,      6.00,      6.00,      6.00,0,0,0,1,1,1
H5,152,2017,630900,     78.00,      6.00,      6.00,      6.00,0,0,0,13,13,13
H5,152,2017,631010,      6.00,      6.00,      6.00,      6.00,0,0,0,1,1,1
H5,152,2017,631090,      6.00,      6.00,      6.00,      6.00,0,0,0,1,1,1
H5,152,2017,640110,      6.00,      6.00,      6.00,      6.00,0,0,0,1,1,1
H5,152,2017,640192,      6.00,      6.00,      6.00,      6.00,0,0,0,1,1,1
H5,152,2017,640199,      6.00,      6.00,      6.00,      6.00,0,0,0,1,1,1
H5,152,2017,640212,      6.00,      6.00,      6.00,      6.00,0,0,0,1,1,1
H5,152,2017,640219,      6.00,      6.00,      6.00,      6.00,0,0,0,1,1,1
H5,152,2017,640220,      6.00,      6.00,      6.00,      6.00,0,0,0,1,1,1
H5,152,2017,640291,     12.00,      6.00,      6.00,      6.00,0,0,0,2,2,2
H5,152,2017,640299,     30.00,      6.00,      6.00,      6.00,0,0,0,5,5,5
H5,152,2017,640312,      6.00,      6.00,      6.00,      6.00,0,0,0,1,1,1
H5,152,2017,640319,      6.00,      6.00,      6.00,      6.00,0,0,0,1,1,1
H5,152,2017,640320,      6.00,      6.00,      6.00,      6.00,0,0,0,1,1,1
H5,152,2017,640340,      6.00,      6.00,      6.00,      6.00,0,0,0,1,1,1
H5,152,2017,640351,      6.00,      6.00,      6.00,      6.00,0,0,0,1,1,1
H5,152,2017,640359,      6.00,      6.00,      6.00,      6.00,0,0,0,1,1,1
H5,152,2017,640391,     18.00,      6.00,      6.00,      6.00,0,0,0,3,3,3
H5,152,2017,640399,     24.00,      6.00,      6.00,      6.00,0,0,0,4,4,4
H5,152,2017,640411,      6.00,      6.00,      6.00,      6.00,0,0,0,1,1,1
H5,152,2017,640419,      6.00,      6.00,      6.00,      6.00,0,0,0,1,1,1
H5,152,2017,640420,     12.00,      6.00,      6.00,      6.00,0,0,0,2,2,2
H5,152,2017,640510,      6.00,      6.00,      6.00,      6.00,0,0,0,1,1,1
H5,152,2017,640520,      6.00,      6.00,      6.00,      6.00,0,0,0,1,1,1
H5,152,2017,640590,      6.00,      6.00,      6.00,      6.00,0,0,0,1,1,1
H5,152,2017,640610,      6.00,      6.00,      6.00,      6.00,0,0,0,1,1,1
H5,152,2017,640620,      6.00,      6.00,      6.00,      6.00,0,0,0,1,1,1
H5,152,2017,640690,      6.00,      6.00,      6.00,      6.00,0,0,0,1,1,1
H5,152,2017,650100,      6.00,      6.00,      6.00,      6.00,0,0,0,1,1,1
H5,152,2017,650200,      6.00,      6.00,      6.00,      6.00,0,0,0,1,1,1
H5,152,2017,650400,      6.00,      6.00,      6.00,      6.00,0,0,0,1,1,1
H5,152,2017,650500,      6.00,      6.00,      6.00,      6.00,0,0,0,1,1,1
H5,152,2017,650610,      6.00,      6.00,      6.00,      6.00,0,0,0,1,1,1
H5,152,2017,650691,      6.00,      6.00,      6.00,      6.00,0,0,0,1,1,1
H5,152,2017,650699,      6.00,      6.00,      6.00,      6.00,0,0,0,1,1,1
H5,152,2017,650700,      6.00,      6.00,      6.00,      6.00,0,0,0,1,1,1
H5,152,2017,660110,      6.00,      6.00,      6.00,      6.00,0,0,0,1,1,1
H5,152,2017,660191,     12.00,      6.00,      6.00,      6.00,0,0,0,2,2,2
H5,152,2017,660199,     12.00,      6.00,      6.00,      6.00,0,0,0,2,2,2
H5,152,2017,660200,      6.00,      6.00,      6.00,      6.00,0,0,0,1,1,1
H5,152,2017,660320,      6.00,      6.00,      6.00,      6.00,0,0,0,1,1,1
H5,152,2017,660390,      6.00,      6.00,      6.00,      6.00,0,0,0,1,1,1
H5,152,2017,670100,      6.00,      6.00,      6.00,      6.00,0,0,0,1,1,1
H5,152,2017,670210,      6.00,      6.00,      6.00,      6.00,0,0,0,1,1,1
H5,152,2017,670290,      6.00,      6.00,      6.00,      6.00,0,0,0,1,1,1
H5,152,2017,670300,      6.00,      6.00,      6.00,      6.00,0,0,0,1,1,1
H5,152,2017,670411,      6.00,      6.00,      6.00,      6.00,0,0,0,1,1,1
H5,152,2017,670419,      6.00,      6.00,      6.00,      6.00,0,0,0,1,1,1
H5,152,2017,670420,      6.00,      6.00,      6.00,      6.00,0,0,0,1,1,1
H5,152,2017,670490,      6.00,      6.00,      6.00,      6.00,0,0,0,1,1,1
H5,152,2017,680100,      6.00,      6.00,      6.00,      6.00,0,0,0,1,1,1
H5,152,2017,680210,      6.00,      6.00,      6.00,      6.00,0,0,0,1,1,1
H5,152,2017,680221,      6.00,      6.00,      6.00,      6.00,0,0,0,1,1,1
H5,152,2017,680223,      6.00,      6.00,      6.00,      6.00,0,0,0,1,1,1
H5,152,2017,680229,      6.00,      6.00,      6.00,      6.00,0,0,0,1,1,1
H5,152,2017,680291,      6.00,      6.00,      6.00,      6.00,0,0,0,1,1,1
H5,152,2017,680292,      6.00,      6.00,      6.00,      6.00,0,0,0,1,1,1
H5,152,2017,680293,      6.00,      6.00,      6.00,      6.00,0,0,0,1,1,1
H5,152,2017,680299,      6.00,      6.00,      6.00,      6.00,0,0,0,1,1,1
H5,152,2017,680300,      6.00,      6.00,      6.00,      6.00,0,0,0,1,1,1
H5,152,2017,680410,      6.00,      6.00,      6.00,      6.00,0,0,0,1,1,1
H5,152,2017,680421,      6.00,      6.00,      6.00,      6.00,0,0,0,1,1,1
H5,152,2017,680422,     18.00,      6.00,      6.00,      6.00,0,0,0,3,3,3
H5,152,2017,680423,      6.00,      6.00,      6.00,      6.00,0,0,0,1,1,1
H5,152,2017,680430,      6.00,      6.00,      6.00,      6.00,0,0,0,1,1,1
H5,152,2017,680510,      6.00,      6.00,      6.00,      6.00,0,0,0,1,1,1
H5,152,2017,680520,      6.00,      6.00,      6.00,      6.00,0,0,0,1,1,1
H5,152,2017,680530,      6.00,      6.00,      6.00,      6.00,0,0,0,1,1,1
H5,152,2017,680610,      6.00,      6.00,      6.00,      6.00,0,0,0,1,1,1
H5,152,2017,680620,      6.00,      6.00,      6.00,      6.00,0,0,0,1,1,1
H5,152,2017,680690,      6.00,      6.00,      6.00,      6.00,0,0,0,1,1,1
H5,152,2017,680710,      6.00,      6.00,      6.00,      6.00,0,0,0,1,1,1
H5,152,2017,680790,      6.00,      6.00,      6.00,      6.00,0,0,0,1,1,1
H5,152,2017,680800,      6.00,      6.00,      6.00,      6.00,0,0,0,1,1,1
H5,152,2017,680911,     12.00,      6.00,      6.00,      6.00,0,0,0,2,2,2
H5,152,2017,680919,      6.00,      6.00,      6.00,      6.00,0,0,0,1,1,1
H5,152,2017,680990,      6.00,      6.00,      6.00,      6.00,0,0,0,1,1,1
H5,152,2017,681011,      6.00,      6.00,      6.00,      6.00,0,0,0,1,1,1
H5,152,2017,681019,      6.00,      6.00,      6.00,      6.00,0,0,0,1,1,1
H5,152,2017,681091,      6.00,      6.00,      6.00,      6.00,0,0,0,1,1,1
H5,152,2017,681099,      6.00,      6.00,      6.00,      6.00,0,0,0,1,1,1
H5,152,2017,681140,      6.00,      6.00,      6.00,      6.00,0,0,0,1,1,1
H5,152,2017,681181,      6.00,      6.00,      6.00,      6.00,0,0,0,1,1,1
H5,152,2017,681182,      6.00,      6.00,      6.00,      6.00,0,0,0,1,1,1
H5,152,2017,681189,      6.00,      6.00,      6.00,      6.00,0,0,0,1,1,1
H5,152,2017,681280,      6.00,      6.00,      6.00,      6.00,0,0,0,1,1,1
H5,152,2017,681291,      6.00,      6.00,      6.00,      6.00,0,0,0,1,1,1
H5,152,2017,681292,      6.00,      6.00,      6.00,      6.00,0,0,0,1,1,1
H5,152,2017,681293,      6.00,      6.00,      6.00,      6.00,0,0,0,1,1,1
H5,152,2017,681299,      6.00,      6.00,      6.00,      6.00,0,0,0,1,1,1
H5,152,2017,681320,      6.00,      6.00,      6.00,      6.00,0,0,0,1,1,1
H5,152,2017,681381,      6.00,      6.00,      6.00,      6.00,0,0,0,1,1,1
H5,152,2017,681389,      6.00,      6.00,      6.00,      6.00,0,0,0,1,1,1
H5,152,2017,681410,      6.00,      6.00,      6.00,      6.00,0,0,0,1,1,1
H5,152,2017,681490,      6.00,      6.00,      6.00,      6.00,0,0,0,1,1,1
H5,152,2017,681510,      6.00,      6.00,      6.00,      6.00,0,0,0,1,1,1
H5,152,2017,681520,      6.00,      6.00,      6.00,      6.00,0,0,0,1,1,1
H5,152,2017,681591,      6.00,      6.00,      6.00,      6.00,0,0,0,1,1,1
H5,152,2017,681599,      6.00,      6.00,      6.00,      6.00,0,0,0,1,1,1
H5,152,2017,690100,      6.00,      6.00,      6.00,      6.00,0,0,0,1,1,1
H5,152,2017,690210,      6.00,      6.00,      6.00,      6.00,0,0,0,1,1,1
H5,152,2017,690220,      6.00,      6.00,      6.00,      6.00,0,0,0,1,1,1
H5,152,2017,690290,      6.00,      6.00,      6.00,      6.00,0,0,0,1,1,1
H5,152,2017,690310,     12.00,      6.00,      6.00,      6.00,0,0,0,2,2,2
H5,152,2017,690320,     12.00,      6.00,      6.00,      6.00,0,0,0,2,2,2
H5,152,2017,690390,     12.00,      6.00,      6.00,      6.00,0,0,0,2,2,2
H5,152,2017,690410,      6.00,      6.00,      6.00,      6.00,0,0,0,1,1,1
H5,152,2017,690490,      6.00,      6.00,      6.00,      6.00,0,0,0,1,1,1
H5,152,2017,690510,      6.00,      6.00,      6.00,      6.00,0,0,0,1,1,1
H5,152,2017,690590,      6.00,      6.00,      6.00,      6.00,0,0,0,1,1,1
H5,152,2017,690600,      6.00,      6.00,      6.00,      6.00,0,0,0,1,1,1
H5,152,2017,690721,     30.00,      6.00,      6.00,      6.00,0,0,0,5,5,5
H5,152,2017,690722,     30.00,      6.00,      6.00,      6.00,0,0,0,5,5,5
H5,152,2017,690723,     30.00,      6.00,      6.00,      6.00,0,0,0,5,5,5
H5,152,2017,690730,      6.00,      6.00,      6.00,      6.00,0,0,0,1,1,1
H5,152,2017,690740,      6.00,      6.00,      6.00,      6.00,0,0,0,1,1,1
H5,152,2017,690911,      6.00,      6.00,      6.00,      6.00,0,0,0,1,1,1
H5,152,2017,690912,      6.00,      6.00,      6.00,      6.00,0,0,0,1,1,1
H5,152,2017,690919,      6.00,      6.00,      6.00,      6.00,0,0,0,1,1,1
H5,152,2017,690990,      6.00,      6.00,      6.00,      6.00,0,0,0,1,1,1
H5,152,2017,691010,      6.00,      6.00,      6.00,      6.00,0,0,0,1,1,1
H5,152,2017,691090,     36.00,      6.00,      6.00,      6.00,0,0,0,6,6,6
H5,152,2017,691110,     12.00,      6.00,      6.00,      6.00,0,0,0,2,2,2
H5,152,2017,691190,      6.00,      6.00,      6.00,      6.00,0,0,0,1,1,1
H5,152,2017,691200,     18.00,      6.00,      6.00,      6.00,0,0,0,3,3,3
H5,152,2017,691310,      6.00,      6.00,      6.00,      6.00,0,0,0,1,1,1
H5,152,2017,691390,      6.00,      6.00,      6.00,      6.00,0,0,0,1,1,1
H5,152,2017,691410,      6.00,      6.00,      6.00,      6.00,0,0,0,1,1,1
H5,152,2017,691490,      6.00,      6.00,      6.00,      6.00,0,0,0,1,1,1
H5,152,2017,700100,      6.00,      6.00,      6.00,      6.00,0,0,0,1,1,1
H5,152,2017,700210,      6.00,      6.00,      6.00,      6.00,0,0,0,1,1,1
H5,152,2017,700220,      6.00,      6.00,      6.00,      6.00,0,0,0,1,1,1
H5,152,2017,700231,      6.00,      6.00,      6.00,      6.00,0,0,0,1,1,1
H5,152,2017,700232,      6.00,      6.00,      6.00,      6.00,0,0,0,1,1,1
H5,152,2017,700239,      6.00,      6.00,      6.00,      6.00,0,0,0,1,1,1
H5,152,2017,700312,      6.00,      6.00,      6.00,      6.00,0,0,0,1,1,1
H5,152,2017,700319,      6.00,      6.00,      6.00,      6.00,0,0,0,1,1,1
H5,152,2017,700320,      6.00,      6.00,      6.00,      6.00,0,0,0,1,1,1
H5,152,2017,700330,      6.00,      6.00,      6.00,      6.00,0,0,0,1,1,1
H5,152,2017,700420,      6.00,      6.00,      6.00,      6.00,0,0,0,1,1,1
H5,152,2017,700490,      6.00,      6.00,      6.00,      6.00,0,0,0,1,1,1
H5,152,2017,700510,      6.00,      6.00,      6.00,      6.00,0,0,0,1,1,1
H5,152,2017,700521,      6.00,      6.00,      6.00,      6.00,0,0,0,1,1,1
H5,152,2017,700529,     12.00,      6.00,      6.00,      6.00,0,0,0,2,2,2
H5,152,2017,700530,      6.00,      6.00,      6.00,      6.00,0,0,0,1,1,1
H5,152,2017,700600,      6.00,      6.00,      6.00,      6.00,0,0,0,1,1,1
H5,152,2017,700711,      6.00,      6.00,      6.00,      6.00,0,0,0,1,1,1
H5,152,2017,700719,      6.00,      6.00,      6.00,      6.00,0,0,0,1,1,1
H5,152,2017,700721,      6.00,      6.00,      6.00,      6.00,0,0,0,1,1,1
H5,152,2017,700729,      6.00,      6.00,      6.00,      6.00,0,0,0,1,1,1
H5,152,2017,700800,      6.00,      6.00,      6.00,      6.00,0,0,0,1,1,1
H5,152,2017,700910,      6.00,      6.00,      6.00,      6.00,0,0,0,1,1,1
H5,152,2017,700991,      6.00,      6.00,      6.00,      6.00,0,0,0,1,1,1
H5,152,2017,700992,      6.00,      6.00,      6.00,      6.00,0,0,0,1,1,1
H5,152,2017,701010,      6.00,      6.00,      6.00,      6.00,0,0,0,1,1,1
H5,152,2017,701020,      6.00,      6.00,      6.00,      6.00,0,0,0,1,1,1
H5,152,2017,701090,     36.00,      6.00,      6.00,      6.00,0,0,0,6,6,6
H5,152,2017,701110,      6.00,      6.00,      6.00,      6.00,0,0,0,1,1,1
H5,152,2017,701120,      6.00,      6.00,      6.00,      6.00,0,0,0,1,1,1
H5,152,2017,701190,      6.00,      6.00,      6.00,      6.00,0,0,0,1,1,1
H5,152,2017,701310,      6.00,      6.00,      6.00,      6.00,0,0,0,1,1,1
H5,152,2017,701322,      6.00,      6.00,      6.00,      6.00,0,0,0,1,1,1
H5,152,2017,701328,      6.00,      6.00,      6.00,      6.00,0,0,0,1,1,1
H5,152,2017,701333,      6.00,      6.00,      6.00,      6.00,0,0,0,1,1,1
H5,152,2017,701337,      6.00,      6.00,      6.00,      6.00,0,0,0,1,1,1
H5,152,2017,701341,      6.00,      6.00,      6.00,      6.00,0,0,0,1,1,1
H5,152,2017,701342,      6.00,      6.00,      6.00,      6.00,0,0,0,1,1,1
H5,152,2017,701349,      6.00,      6.00,      6.00,      6.00,0,0,0,1,1,1
H5,152,2017,701391,      6.00,      6.00,      6.00,      6.00,0,0,0,1,1,1
H5,152,2017,701399,      6.00,      6.00,      6.00,      6.00,0,0,0,1,1,1
H5,152,2017,701400,      6.00,      6.00,      6.00,      6.00,0,0,0,1,1,1
H5,152,2017,701510,      6.00,      6.00,      6.00,      6.00,0,0,0,1,1,1
H5,152,2017,701590,      6.00,      6.00,      6.00,      6.00,0,0,0,1,1,1
H5,152,2017,701610,      6.00,      6.00,      6.00,      6.00,0,0,0,1,1,1
H5,152,2017,701690,      6.00,      6.00,      6.00,      6.00,0,0,0,1,1,1
H5,152,2017,701710,      6.00,      6.00,      6.00,      6.00,0,0,0,1,1,1
H5,152,2017,701720,      6.00,      6.00,      6.00,      6.00,0,0,0,1,1,1
H5,152,2017,701790,      6.00,      6.00,      6.00,      6.00,0,0,0,1,1,1
H5,152,2017,701810,      6.00,      6.00,      6.00,      6.00,0,0,0,1,1,1
H5,152,2017,701820,      6.00,      6.00,      6.00,      6.00,0,0,0,1,1,1
H5,152,2017,701890,      6.00,      6.00,      6.00,      6.00,0,0,0,1,1,1
H5,152,2017,701911,      6.00,      6.00,      6.00,      6.00,0,0,0,1,1,1
H5,152,2017,701912,      6.00,      6.00,      6.00,      6.00,0,0,0,1,1,1
H5,152,2017,701919,      6.00,      6.00,      6.00,      6.00,0,0,0,1,1,1
H5,152,2017,701931,      6.00,      6.00,      6.00,      6.00,0,0,0,1,1,1
H5,152,2017,701932,      6.00,      6.00,      6.00,      6.00,0,0,0,1,1,1
H5,152,2017,701939,      6.00,      6.00,      6.00,      6.00,0,0,0,1,1,1
H5,152,2017,701940,      6.00,      6.00,      6.00,      6.00,0,0,0,1,1,1
H5,152,2017,701951,      6.00,      6.00,      6.00,      6.00,0,0,0,1,1,1
H5,152,2017,701952,      6.00,      6.00,      6.00,      6.00,0,0,0,1,1,1
H5,152,2017,701959,      6.00,      6.00,      6.00,      6.00,0,0,0,1,1,1
H5,152,2017,701990,      6.00,      6.00,      6.00,      6.00,0,0,0,1,1,1
H5,152,2017,702000,      6.00,      6.00,      6.00,      6.00,0,0,0,1,1,1
H5,152,2017,710110,      6.00,      6.00,      6.00,      6.00,0,0,0,1,1,1
H5,152,2017,710121,      6.00,      6.00,      6.00,      6.00,0,0,0,1,1,1
H5,152,2017,710122,      6.00,      6.00,      6.00,      6.00,0,0,0,1,1,1
H5,152,2017,710210,      6.00,      6.00,      6.00,      6.00,0,0,0,1,1,1
H5,152,2017,710221,      6.00,      6.00,      6.00,      6.00,0,0,0,1,1,1
H5,152,2017,710229,      6.00,      6.00,      6.00,      6.00,0,0,0,1,1,1
H5,152,2017,710231,      6.00,      6.00,      6.00,      6.00,0,0,0,1,1,1
H5,152,2017,710239,      6.00,      6.00,      6.00,      6.00,0,0,0,1,1,1
H5,152,2017,710310,      6.00,      6.00,      6.00,      6.00,0,0,0,1,1,1
H5,152,2017,710391,      6.00,      6.00,      6.00,      6.00,0,0,0,1,1,1
H5,152,2017,710399,      6.00,      6.00,      6.00,      6.00,0,0,0,1,1,1
H5,152,2017,710410,      6.00,      6.00,      6.00,      6.00,0,0,0,1,1,1
H5,152,2017,710420,      6.00,      6.00,      6.00,      6.00,0,0,0,1,1,1
H5,152,2017,710490,      6.00,      6.00,      6.00,      6.00,0,0,0,1,1,1
H5,152,2017,710510,      6.00,      6.00,      6.00,      6.00,0,0,0,1,1,1
H5,152,2017,710590,      6.00,      6.00,      6.00,      6.00,0,0,0,1,1,1
H5,152,2017,710610,      6.00,      6.00,      6.00,      6.00,0,0,0,1,1,1
H5,152,2017,710691,     12.00,      6.00,      6.00,      6.00,0,0,0,2,2,2
H5,152,2017,710692,      6.00,      6.00,      6.00,      6.00,0,0,0,1,1,1
H5,152,2017,710700,      6.00,      6.00,      6.00,      6.00,0,0,0,1,1,1
H5,152,2017,710811,      6.00,      6.00,      6.00,      6.00,0,0,0,1,1,1
H5,152,2017,710812,     12.00,      6.00,      6.00,      6.00,0,0,0,2,2,2
H5,152,2017,710813,     12.00,      6.00,      6.00,      6.00,0,0,0,2,2,2
H5,152,2017,710820,      6.00,      6.00,      6.00,      6.00,0,0,0,1,1,1
H5,152,2017,710900,      6.00,      6.00,      6.00,      6.00,0,0,0,1,1,1
H5,152,2017,711011,      6.00,      6.00,      6.00,      6.00,0,0,0,1,1,1
H5,152,2017,711019,      6.00,      6.00,      6.00,      6.00,0,0,0,1,1,1
H5,152,2017,711021,      6.00,      6.00,      6.00,      6.00,0,0,0,1,1,1
H5,152,2017,711029,      6.00,      6.00,      6.00,      6.00,0,0,0,1,1,1
H5,152,2017,711031,      6.00,      6.00,      6.00,      6.00,0,0,0,1,1,1
H5,152,2017,711039,      6.00,      6.00,      6.00,      6.00,0,0,0,1,1,1
H5,152,2017,711041,      6.00,      6.00,      6.00,      6.00,0,0,0,1,1,1
H5,152,2017,711049,      6.00,      6.00,      6.00,      6.00,0,0,0,1,1,1
H5,152,2017,711100,      6.00,      6.00,      6.00,      6.00,0,0,0,1,1,1
H5,152,2017,711230,      6.00,      6.00,      6.00,      6.00,0,0,0,1,1,1
H5,152,2017,711291,      6.00,      6.00,      6.00,      6.00,0,0,0,1,1,1
H5,152,2017,711292,      6.00,      6.00,      6.00,      6.00,0,0,0,1,1,1
H5,152,2017,711299,      6.00,      6.00,      6.00,      6.00,0,0,0,1,1,1
H5,152,2017,711311,      6.00,      6.00,      6.00,      6.00,0,0,0,1,1,1
H5,152,2017,711319,      6.00,      6.00,      6.00,      6.00,0,0,0,1,1,1
H5,152,2017,711320,      6.00,      6.00,      6.00,      6.00,0,0,0,1,1,1
H5,152,2017,711411,      6.00,      6.00,      6.00,      6.00,0,0,0,1,1,1
H5,152,2017,711419,      6.00,      6.00,      6.00,      6.00,0,0,0,1,1,1
H5,152,2017,711420,      6.00,      6.00,      6.00,      6.00,0,0,0,1,1,1
H5,152,2017,711510,      6.00,      6.00,      6.00,      6.00,0,0,0,1,1,1
H5,152,2017,711590,      6.00,      6.00,      6.00,      6.00,0,0,0,1,1,1
H5,152,2017,711610,      6.00,      6.00,      6.00,      6.00,0,0,0,1,1,1
H5,152,2017,711620,      6.00,      6.00,      6.00,      6.00,0,0,0,1,1,1
H5,152,2017,711711,      6.00,      6.00,      6.00,      6.00,0,0,0,1,1,1
H5,152,2017,711719,     18.00,      6.00,      6.00,      6.00,0,0,0,3,3,3
H5,152,2017,711790,      6.00,      6.00,      6.00,      6.00,0,0,0,1,1,1
H5,152,2017,711810,      6.00,      6.00,      6.00,      6.00,0,0,0,1,1,1
H5,152,2017,711890,      6.00,      6.00,      6.00,      6.00,0,0,0,1,1,1
H5,152,2017,720110,      6.00,      6.00,      6.00,      6.00,0,0,0,1,1,1
H5,152,2017,720120,      6.00,      6.00,      6.00,      6.00,0,0,0,1,1,1
H5,152,2017,720150,      6.00,      6.00,      6.00,      6.00,0,0,0,1,1,1
H5,152,2017,720211,      6.00,      6.00,      6.00,      6.00,0,0,0,1,1,1
H5,152,2017,720219,      6.00,      6.00,      6.00,      6.00,0,0,0,1,1,1
H5,152,2017,720221,     12.00,      6.00,      6.00,      6.00,0,0,0,2,2,2
H5,152,2017,720229,      6.00,      6.00,      6.00,      6.00,0,0,0,1,1,1
H5,152,2017,720230,      6.00,      6.00,      6.00,      6.00,0,0,0,1,1,1
H5,152,2017,720241,      6.00,      6.00,      6.00,      6.00,0,0,0,1,1,1
H5,152,2017,720249,      6.00,      6.00,      6.00,      6.00,0,0,0,1,1,1
H5,152,2017,720250,      6.00,      6.00,      6.00,      6.00,0,0,0,1,1,1
H5,152,2017,720260,      6.00,      6.00,      6.00,      6.00,0,0,0,1,1,1
H5,152,2017,720270,      6.00,      6.00,      6.00,      6.00,0,0,0,1,1,1
H5,152,2017,720280,      6.00,      6.00,      6.00,      6.00,0,0,0,1,1,1
H5,152,2017,720291,      6.00,      6.00,      6.00,      6.00,0,0,0,1,1,1
H5,152,2017,720292,      6.00,      6.00,      6.00,      6.00,0,0,0,1,1,1
H5,152,2017,720293,      6.00,      6.00,      6.00,      6.00,0,0,0,1,1,1
H5,152,2017,720299,      6.00,      6.00,      6.00,      6.00,0,0,0,1,1,1
H5,152,2017,720310,      6.00,      6.00,      6.00,      6.00,0,0,0,1,1,1
H5,152,2017,720390,      6.00,      6.00,      6.00,      6.00,0,0,0,1,1,1
H5,152,2017,720410,      6.00,      6.00,      6.00,      6.00,0,0,0,1,1,1
H5,152,2017,720421,      6.00,      6.00,      6.00,      6.00,0,0,0,1,1,1
H5,152,2017,720429,      6.00,      6.00,      6.00,      6.00,0,0,0,1,1,1
H5,152,2017,720430,      6.00,      6.00,      6.00,      6.00,0,0,0,1,1,1
H5,152,2017,720441,      6.00,      6.00,      6.00,      6.00,0,0,0,1,1,1
H5,152,2017,720449,      6.00,      6.00,      6.00,      6.00,0,0,0,1,1,1
H5,152,2017,720450,      6.00,      6.00,      6.00,      6.00,0,0,0,1,1,1
H5,152,2017,720510,      6.00,      6.00,      6.00,      6.00,0,0,0,1,1,1
H5,152,2017,720521,      6.00,      6.00,      6.00,      6.00,0,0,0,1,1,1
H5,152,2017,720529,      6.00,      6.00,      6.00,      6.00,0,0,0,1,1,1
H5,152,2017,720610,      6.00,      6.00,      6.00,      6.00,0,0,0,1,1,1
H5,152,2017,720690,      6.00,      6.00,      6.00,      6.00,0,0,0,1,1,1
H5,152,2017,720711,      6.00,      6.00,      6.00,      6.00,0,0,0,1,1,1
H5,152,2017,720712,      6.00,      6.00,      6.00,      6.00,0,0,0,1,1,1
H5,152,2017,720719,      6.00,      6.00,      6.00,      6.00,0,0,0,1,1,1
H5,152,2017,720720,      6.00,      6.00,      6.00,      6.00,0,0,0,1,1,1
H5,152,2017,720810,      6.00,      6.00,      6.00,      6.00,0,0,0,1,1,1
H5,152,2017,720825,      6.00,      6.00,      6.00,      6.00,0,0,0,1,1,1
H5,152,2017,720826,      6.00,      6.00,      6.00,      6.00,0,0,0,1,1,1
H5,152,2017,720827,      6.00,      6.00,      6.00,      6.00,0,0,0,1,1,1
H5,152,2017,720836,      6.00,      6.00,      6.00,      6.00,0,0,0,1,1,1
H5,152,2017,720837,      6.00,      6.00,      6.00,      6.00,0,0,0,1,1,1
H5,152,2017,720838,      6.00,      6.00,      6.00,      6.00,0,0,0,1,1,1
H5,152,2017,720839,      6.00,      6.00,      6.00,      6.00,0,0,0,1,1,1
H5,152,2017,720840,      6.00,      6.00,      6.00,      6.00,0,0,0,1,1,1
H5,152,2017,720851,      6.00,      6.00,      6.00,      6.00,0,0,0,1,1,1
H5,152,2017,720852,      6.00,      6.00,      6.00,      6.00,0,0,0,1,1,1
H5,152,2017,720853,      6.00,      6.00,      6.00,      6.00,0,0,0,1,1,1
H5,152,2017,720854,      6.00,      6.00,      6.00,      6.00,0,0,0,1,1,1
H5,152,2017,720890,      6.00,      6.00,      6.00,      6.00,0,0,0,1,1,1
H5,152,2017,720915,      6.00,      6.00,      6.00,      6.00,0,0,0,1,1,1
H5,152,2017,720916,      6.00,      6.00,      6.00,      6.00,0,0,0,1,1,1
H5,152,2017,720917,      6.00,      6.00,      6.00,      6.00,0,0,0,1,1,1
H5,152,2017,720918,      6.00,      6.00,      6.00,      6.00,0,0,0,1,1,1
H5,152,2017,720925,      6.00,      6.00,      6.00,      6.00,0,0,0,1,1,1
H5,152,2017,720926,      6.00,      6.00,      6.00,      6.00,0,0,0,1,1,1
H5,152,2017,720927,      6.00,      6.00,      6.00,      6.00,0,0,0,1,1,1
H5,152,2017,720928,      6.00,      6.00,      6.00,      6.00,0,0,0,1,1,1
H5,152,2017,720990,      6.00,      6.00,      6.00,      6.00,0,0,0,1,1,1
H5,152,2017,721011,     12.00,      6.00,      6.00,      6.00,0,0,0,2,2,2
H5,152,2017,721012,      6.00,      6.00,      6.00,      6.00,0,0,0,1,1,1
H5,152,2017,721020,      6.00,      6.00,      6.00,      6.00,0,0,0,1,1,1
H5,152,2017,721030,      6.00,      6.00,      6.00,      6.00,0,0,0,1,1,1
H5,152,2017,721041,      6.00,      6.00,      6.00,      6.00,0,0,0,1,1,1
H5,152,2017,721049,      6.00,      6.00,      6.00,      6.00,0,0,0,1,1,1
H5,152,2017,721050,      6.00,      6.00,      6.00,      6.00,0,0,0,1,1,1
H5,152,2017,721061,      6.00,      6.00,      6.00,      6.00,0,0,0,1,1,1
H5,152,2017,721069,      6.00,      6.00,      6.00,      6.00,0,0,0,1,1,1
H5,152,2017,721070,      6.00,      6.00,      6.00,      6.00,0,0,0,1,1,1
H5,152,2017,721090,      6.00,      6.00,      6.00,      6.00,0,0,0,1,1,1
H5,152,2017,721113,      6.00,      6.00,      6.00,      6.00,0,0,0,1,1,1
H5,152,2017,721114,      6.00,      6.00,      6.00,      6.00,0,0,0,1,1,1
H5,152,2017,721119,      6.00,      6.00,      6.00,      6.00,0,0,0,1,1,1
H5,152,2017,721123,      6.00,      6.00,      6.00,      6.00,0,0,0,1,1,1
H5,152,2017,721129,     12.00,      6.00,      6.00,      6.00,0,0,0,2,2,2
H5,152,2017,721190,      6.00,      6.00,      6.00,      6.00,0,0,0,1,1,1
H5,152,2017,721210,      6.00,      6.00,      6.00,      6.00,0,0,0,1,1,1
H5,152,2017,721220,      6.00,      6.00,      6.00,      6.00,0,0,0,1,1,1
H5,152,2017,721230,      6.00,      6.00,      6.00,      6.00,0,0,0,1,1,1
H5,152,2017,721240,      6.00,      6.00,      6.00,      6.00,0,0,0,1,1,1
H5,152,2017,721250,      6.00,      6.00,      6.00,      6.00,0,0,0,1,1,1
H5,152,2017,721260,      6.00,      6.00,      6.00,      6.00,0,0,0,1,1,1
H5,152,2017,721310,      6.00,      6.00,      6.00,      6.00,0,0,0,1,1,1
H5,152,2017,721320,      6.00,      6.00,      6.00,      6.00,0,0,0,1,1,1
H5,152,2017,721391,     18.00,      6.00,      6.00,      6.00,0,0,0,3,3,3
H5,152,2017,721399,      6.00,      6.00,      6.00,      6.00,0,0,0,1,1,1
H5,152,2017,721410,      6.00,      6.00,      6.00,      6.00,0,0,0,1,1,1
H5,152,2017,721420,      6.00,      6.00,      6.00,      6.00,0,0,0,1,1,1
H5,152,2017,721430,      6.00,      6.00,      6.00,      6.00,0,0,0,1,1,1
H5,152,2017,721491,      6.00,      6.00,      6.00,      6.00,0,0,0,1,1,1
H5,152,2017,721499,      6.00,      6.00,      6.00,      6.00,0,0,0,1,1,1
H5,152,2017,721510,      6.00,      6.00,      6.00,      6.00,0,0,0,1,1,1
H5,152,2017,721550,      6.00,      6.00,      6.00,      6.00,0,0,0,1,1,1
H5,152,2017,721590,      6.00,      6.00,      6.00,      6.00,0,0,0,1,1,1
H5,152,2017,721610,      6.00,      6.00,      6.00,      6.00,0,0,0,1,1,1
H5,152,2017,721621,      6.00,      6.00,      6.00,      6.00,0,0,0,1,1,1
H5,152,2017,721622,      6.00,      6.00,      6.00,      6.00,0,0,0,1,1,1
H5,152,2017,721631,      6.00,      6.00,      6.00,      6.00,0,0,0,1,1,1
H5,152,2017,721632,      6.00,      6.00,      6.00,      6.00,0,0,0,1,1,1
H5,152,2017,721633,      6.00,      6.00,      6.00,      6.00,0,0,0,1,1,1
H5,152,2017,721640,      6.00,      6.00,      6.00,      6.00,0,0,0,1,1,1
H5,152,2017,721650,      6.00,      6.00,      6.00,      6.00,0,0,0,1,1,1
H5,152,2017,721661,      6.00,      6.00,      6.00,      6.00,0,0,0,1,1,1
H5,152,2017,721669,      6.00,      6.00,      6.00,      6.00,0,0,0,1,1,1
H5,152,2017,721691,      6.00,      6.00,      6.00,      6.00,0,0,0,1,1,1
H5,152,2017,721699,      6.00,      6.00,      6.00,      6.00,0,0,0,1,1,1
H5,152,2017,721710,      6.00,      6.00,      6.00,      6.00,0,0,0,1,1,1
H5,152,2017,721720,      6.00,      6.00,      6.00,      6.00,0,0,0,1,1,1
H5,152,2017,721730,      6.00,      6.00,      6.00,      6.00,0,0,0,1,1,1
H5,152,2017,721790,      6.00,      6.00,      6.00,      6.00,0,0,0,1,1,1
H5,152,2017,721810,      6.00,      6.00,      6.00,      6.00,0,0,0,1,1,1
H5,152,2017,721891,      6.00,      6.00,      6.00,      6.00,0,0,0,1,1,1
H5,152,2017,721899,      6.00,      6.00,      6.00,      6.00,0,0,0,1,1,1
H5,152,2017,721911,      6.00,      6.00,      6.00,      6.00,0,0,0,1,1,1
H5,152,2017,721912,      6.00,      6.00,      6.00,      6.00,0,0,0,1,1,1
H5,152,2017,721913,      6.00,      6.00,      6.00,      6.00,0,0,0,1,1,1
H5,152,2017,721914,      6.00,      6.00,      6.00,      6.00,0,0,0,1,1,1
H5,152,2017,721921,      6.00,      6.00,      6.00,      6.00,0,0,0,1,1,1
H5,152,2017,721922,      6.00,      6.00,      6.00,      6.00,0,0,0,1,1,1
H5,152,2017,721923,      6.00,      6.00,      6.00,      6.00,0,0,0,1,1,1
H5,152,2017,721924,      6.00,      6.00,      6.00,      6.00,0,0,0,1,1,1
H5,152,2017,721931,      6.00,      6.00,      6.00,      6.00,0,0,0,1,1,1
H5,152,2017,721932,      6.00,      6.00,      6.00,      6.00,0,0,0,1,1,1
H5,152,2017,721933,      6.00,      6.00,      6.00,      6.00,0,0,0,1,1,1
H5,152,2017,721934,      6.00,      6.00,      6.00,      6.00,0,0,0,1,1,1
H5,152,2017,721935,      6.00,      6.00,      6.00,      6.00,0,0,0,1,1,1
H5,152,2017,721990,      6.00,      6.00,      6.00,      6.00,0,0,0,1,1,1
H5,152,2017,722011,      6.00,      6.00,      6.00,      6.00,0,0,0,1,1,1
H5,152,2017,722012,      6.00,      6.00,      6.00,      6.00,0,0,0,1,1,1
H5,152,2017,722020,      6.00,      6.00,      6.00,      6.00,0,0,0,1,1,1
H5,152,2017,722090,      6.00,      6.00,      6.00,      6.00,0,0,0,1,1,1
H5,152,2017,722100,      6.00,      6.00,      6.00,      6.00,0,0,0,1,1,1
H5,152,2017,722211,      6.00,      6.00,      6.00,      6.00,0,0,0,1,1,1
H5,152,2017,722219,      6.00,      6.00,      6.00,      6.00,0,0,0,1,1,1
H5,152,2017,722220,      6.00,      6.00,      6.00,      6.00,0,0,0,1,1,1
H5,152,2017,722230,      6.00,      6.00,      6.00,      6.00,0,0,0,1,1,1
H5,152,2017,722240,      6.00,      6.00,      6.00,      6.00,0,0,0,1,1,1
H5,152,2017,722300,      6.00,      6.00,      6.00,      6.00,0,0,0,1,1,1
H5,152,2017,722410,      6.00,      6.00,      6.00,      6.00,0,0,0,1,1,1
H5,152,2017,722490,      6.00,      6.00,      6.00,      6.00,0,0,0,1,1,1
H5,152,2017,722511,      6.00,      6.00,      6.00,      6.00,0,0,0,1,1,1
H5,152,2017,722519,      6.00,      6.00,      6.00,      6.00,0,0,0,1,1,1
H5,152,2017,722530,      6.00,      6.00,      6.00,      6.00,0,0,0,1,1,1
H5,152,2017,722540,      6.00,      6.00,      6.00,      6.00,0,0,0,1,1,1
H5,152,2017,722550,      6.00,      6.00,      6.00,      6.00,0,0,0,1,1,1
H5,152,2017,722591,      6.00,      6.00,      6.00,      6.00,0,0,0,1,1,1
H5,152,2017,722592,      6.00,      6.00,      6.00,      6.00,0,0,0,1,1,1
H5,152,2017,722599,      6.00,      6.00,      6.00,      6.00,0,0,0,1,1,1
H5,152,2017,722611,      6.00,      6.00,      6.00,      6.00,0,0,0,1,1,1
H5,152,2017,722619,      6.00,      6.00,      6.00,      6.00,0,0,0,1,1,1
H5,152,2017,722620,      6.00,      6.00,      6.00,      6.00,0,0,0,1,1,1
H5,152,2017,722691,      6.00,      6.00,      6.00,      6.00,0,0,0,1,1,1
H5,152,2017,722692,      6.00,      6.00,      6.00,      6.00,0,0,0,1,1,1
H5,152,2017,722699,      6.00,      6.00,      6.00,      6.00,0,0,0,1,1,1
H5,152,2017,722710,      6.00,      6.00,      6.00,      6.00,0,0,0,1,1,1
H5,152,2017,722720,      6.00,      6.00,      6.00,      6.00,0,0,0,1,1,1
H5,152,2017,722790,      6.00,      6.00,      6.00,      6.00,0,0,0,1,1,1
H5,152,2017,722810,      6.00,      6.00,      6.00,      6.00,0,0,0,1,1,1
H5,152,2017,722820,      6.00,      6.00,      6.00,      6.00,0,0,0,1,1,1
H5,152,2017,722830,      6.00,      6.00,      6.00,      6.00,0,0,0,1,1,1
H5,152,2017,722840,      6.00,      6.00,      6.00,      6.00,0,0,0,1,1,1
H5,152,2017,722850,      6.00,      6.00,      6.00,      6.00,0,0,0,1,1,1
H5,152,2017,722860,      6.00,      6.00,      6.00,      6.00,0,0,0,1,1,1
H5,152,2017,722870,      6.00,      6.00,      6.00,      6.00,0,0,0,1,1,1
H5,152,2017,722880,     12.00,      6.00,      6.00,      6.00,0,0,0,2,2,2
H5,152,2017,722920,      6.00,      6.00,      6.00,      6.00,0,0,0,1,1,1
H5,152,2017,722990,      6.00,      6.00,      6.00,      6.00,0,0,0,1,1,1
H5,152,2017,730110,      6.00,      6.00,      6.00,      6.00,0,0,0,1,1,1
H5,152,2017,730120,      6.00,      6.00,      6.00,      6.00,0,0,0,1,1,1
H5,152,2017,730210,      6.00,      6.00,      6.00,      6.00,0,0,0,1,1,1
H5,152,2017,730230,      6.00,      6.00,      6.00,      6.00,0,0,0,1,1,1
H5,152,2017,730240,      6.00,      6.00,      6.00,      6.00,0,0,0,1,1,1
H5,152,2017,730290,      6.00,      6.00,      6.00,      6.00,0,0,0,1,1,1
H5,152,2017,730300,      6.00,      6.00,      6.00,      6.00,0,0,0,1,1,1
H5,152,2017,730411,      6.00,      6.00,      6.00,      6.00,0,0,0,1,1,1
H5,152,2017,730419,      6.00,      6.00,      6.00,      6.00,0,0,0,1,1,1
H5,152,2017,730422,      6.00,      6.00,      6.00,      6.00,0,0,0,1,1,1
H5,152,2017,730423,      6.00,      6.00,      6.00,      6.00,0,0,0,1,1,1
H5,152,2017,730424,      6.00,      6.00,      6.00,      6.00,0,0,0,1,1,1
H5,152,2017,730429,      6.00,      6.00,      6.00,      6.00,0,0,0,1,1,1
H5,152,2017,730431,      6.00,      6.00,      6.00,      6.00,0,0,0,1,1,1
H5,152,2017,730439,      6.00,      6.00,      6.00,      6.00,0,0,0,1,1,1
H5,152,2017,730441,     12.00,      6.00,      6.00,      6.00,0,0,0,2,2,2
H5,152,2017,730449,      6.00,      6.00,      6.00,      6.00,0,0,0,1,1,1
H5,152,2017,730451,      6.00,      6.00,      6.00,      6.00,0,0,0,1,1,1
H5,152,2017,730459,      6.00,      6.00,      6.00,      6.00,0,0,0,1,1,1
H5,152,2017,730490,      6.00,      6.00,      6.00,      6.00,0,0,0,1,1,1
H5,152,2017,730511,      6.00,      6.00,      6.00,      6.00,0,0,0,1,1,1
H5,152,2017,730512,      6.00,      6.00,      6.00,      6.00,0,0,0,1,1,1
H5,152,2017,730519,      6.00,      6.00,      6.00,      6.00,0,0,0,1,1,1
H5,152,2017,730520,      6.00,      6.00,      6.00,      6.00,0,0,0,1,1,1
H5,152,2017,730531,      6.00,      6.00,      6.00,      6.00,0,0,0,1,1,1
H5,152,2017,730539,      6.00,      6.00,      6.00,      6.00,0,0,0,1,1,1
H5,152,2017,730590,      6.00,      6.00,      6.00,      6.00,0,0,0,1,1,1
H5,152,2017,730611,      6.00,      6.00,      6.00,      6.00,0,0,0,1,1,1
H5,152,2017,730619,      6.00,      6.00,      6.00,      6.00,0,0,0,1,1,1
H5,152,2017,730621,      6.00,      6.00,      6.00,      6.00,0,0,0,1,1,1
H5,152,2017,730629,      6.00,      6.00,      6.00,      6.00,0,0,0,1,1,1
H5,152,2017,730630,      6.00,      6.00,      6.00,      6.00,0,0,0,1,1,1
H5,152,2017,730640,      6.00,      6.00,      6.00,      6.00,0,0,0,1,1,1
H5,152,2017,730650,      6.00,      6.00,      6.00,      6.00,0,0,0,1,1,1
H5,152,2017,730661,      6.00,      6.00,      6.00,      6.00,0,0,0,1,1,1
H5,152,2017,730669,      6.00,      6.00,      6.00,      6.00,0,0,0,1,1,1
H5,152,2017,730690,      6.00,      6.00,      6.00,      6.00,0,0,0,1,1,1
H5,152,2017,730711,      6.00,      6.00,      6.00,      6.00,0,0,0,1,1,1
H5,152,2017,730719,      6.00,      6.00,      6.00,      6.00,0,0,0,1,1,1
H5,152,2017,730721,      6.00,      6.00,      6.00,      6.00,0,0,0,1,1,1
H5,152,2017,730722,      6.00,      6.00,      6.00,      6.00,0,0,0,1,1,1
H5,152,2017,730723,      6.00,      6.00,      6.00,      6.00,0,0,0,1,1,1
H5,152,2017,730729,      6.00,      6.00,      6.00,      6.00,0,0,0,1,1,1
H5,152,2017,730791,      6.00,      6.00,      6.00,      6.00,0,0,0,1,1,1
H5,152,2017,730792,      6.00,      6.00,      6.00,      6.00,0,0,0,1,1,1
H5,152,2017,730793,      6.00,      6.00,      6.00,      6.00,0,0,0,1,1,1
H5,152,2017,730799,      6.00,      6.00,      6.00,      6.00,0,0,0,1,1,1
H5,152,2017,730810,      6.00,      6.00,      6.00,      6.00,0,0,0,1,1,1
H5,152,2017,730820,      6.00,      6.00,      6.00,      6.00,0,0,0,1,1,1
H5,152,2017,730830,      6.00,      6.00,      6.00,      6.00,0,0,0,1,1,1
H5,152,2017,730840,      6.00,      6.00,      6.00,      6.00,0,0,0,1,1,1
H5,152,2017,730890,      6.00,      6.00,      6.00,      6.00,0,0,0,1,1,1
H5,152,2017,730900,      6.00,      6.00,      6.00,      6.00,0,0,0,1,1,1
H5,152,2017,731010,     12.00,      6.00,      6.00,      6.00,0,0,0,2,2,2
H5,152,2017,731021,      6.00,      6.00,      6.00,      6.00,0,0,0,1,1,1
H5,152,2017,731029,     12.00,      6.00,      6.00,      6.00,0,0,0,2,2,2
H5,152,2017,731100,     24.00,      6.00,      6.00,      6.00,0,0,0,4,4,4
H5,152,2017,731210,     12.00,      6.00,      6.00,      6.00,0,0,0,2,2,2
H5,152,2017,731290,      6.00,      6.00,      6.00,      6.00,0,0,0,1,1,1
H5,152,2017,731300,      6.00,      6.00,      6.00,      6.00,0,0,0,1,1,1
H5,152,2017,731412,      6.00,      6.00,      6.00,      6.00,0,0,0,1,1,1
H5,152,2017,731414,      6.00,      6.00,      6.00,      6.00,0,0,0,1,1,1
H5,152,2017,731419,      6.00,      6.00,      6.00,      6.00,0,0,0,1,1,1
H5,152,2017,731420,      6.00,      6.00,      6.00,      6.00,0,0,0,1,1,1
H5,152,2017,731431,      6.00,      6.00,      6.00,      6.00,0,0,0,1,1,1
H5,152,2017,731439,      6.00,      6.00,      6.00,      6.00,0,0,0,1,1,1
H5,152,2017,731441,     12.00,      6.00,      6.00,      6.00,0,0,0,2,2,2
H5,152,2017,731442,      6.00,      6.00,      6.00,      6.00,0,0,0,1,1,1
H5,152,2017,731449,      6.00,      6.00,      6.00,      6.00,0,0,0,1,1,1
H5,152,2017,731450,      6.00,      6.00,      6.00,      6.00,0,0,0,1,1,1
H5,152,2017,731511,      6.00,      6.00,      6.00,      6.00,0,0,0,1,1,1
H5,152,2017,731512,      6.00,      6.00,      6.00,      6.00,0,0,0,1,1,1
H5,152,2017,731519,      6.00,      6.00,      6.00,      6.00,0,0,0,1,1,1
H5,152,2017,731520,      6.00,      6.00,      6.00,      6.00,0,0,0,1,1,1
H5,152,2017,731581,      6.00,      6.00,      6.00,      6.00,0,0,0,1,1,1
H5,152,2017,731582,      6.00,      6.00,      6.00,      6.00,0,0,0,1,1,1
H5,152,2017,731589,     12.00,      6.00,      6.00,      6.00,0,0,0,2,2,2
H5,152,2017,731590,      6.00,      6.00,      6.00,      6.00,0,0,0,1,1,1
H5,152,2017,731600,      6.00,      6.00,      6.00,      6.00,0,0,0,1,1,1
H5,152,2017,731700,     12.00,      6.00,      6.00,      6.00,0,0,0,2,2,2
H5,152,2017,731811,      6.00,      6.00,      6.00,      6.00,0,0,0,1,1,1
H5,152,2017,731812,      6.00,      6.00,      6.00,      6.00,0,0,0,1,1,1
H5,152,2017,731813,      6.00,      6.00,      6.00,      6.00,0,0,0,1,1,1
H5,152,2017,731814,      6.00,      6.00,      6.00,      6.00,0,0,0,1,1,1
H5,152,2017,731815,      6.00,      6.00,      6.00,      6.00,0,0,0,1,1,1
H5,152,2017,731816,      6.00,      6.00,      6.00,      6.00,0,0,0,1,1,1
H5,152,2017,731819,      6.00,      6.00,      6.00,      6.00,0,0,0,1,1,1
H5,152,2017,731821,      6.00,      6.00,      6.00,      6.00,0,0,0,1,1,1
H5,152,2017,731822,      6.00,      6.00,      6.00,      6.00,0,0,0,1,1,1
H5,152,2017,731823,      6.00,      6.00,      6.00,      6.00,0,0,0,1,1,1
H5,152,2017,731824,      6.00,      6.00,      6.00,      6.00,0,0,0,1,1,1
H5,152,2017,731829,      6.00,      6.00,      6.00,      6.00,0,0,0,1,1,1
H5,152,2017,731940,      6.00,      6.00,      6.00,      6.00,0,0,0,1,1,1
H5,152,2017,731990,      6.00,      6.00,      6.00,      6.00,0,0,0,1,1,1
H5,152,2017,732010,      6.00,      6.00,      6.00,      6.00,0,0,0,1,1,1
H5,152,2017,732020,      6.00,      6.00,      6.00,      6.00,0,0,0,1,1,1
H5,152,2017,732090,      6.00,      6.00,      6.00,      6.00,0,0,0,1,1,1
H5,152,2017,732111,     24.00,      6.00,      6.00,      6.00,0,0,0,4,4,4
H5,152,2017,732112,     12.00,      6.00,      6.00,      6.00,0,0,0,2,2,2
H5,152,2017,732119,     12.00,      6.00,      6.00,      6.00,0,0,0,2,2,2
H5,152,2017,732181,     36.00,      6.00,      6.00,      6.00,0,0,0,6,6,6
H5,152,2017,732182,     18.00,      6.00,      6.00,      6.00,0,0,0,3,3,3
H5,152,2017,732189,     18.00,      6.00,      6.00,      6.00,0,0,0,3,3,3
H5,152,2017,732190,      6.00,      6.00,      6.00,      6.00,0,0,0,1,1,1
H5,152,2017,732211,      6.00,      6.00,      6.00,      6.00,0,0,0,1,1,1
H5,152,2017,732219,      6.00,      6.00,      6.00,      6.00,0,0,0,1,1,1
H5,152,2017,732290,      6.00,      6.00,      6.00,      6.00,0,0,0,1,1,1
H5,152,2017,732310,      6.00,      6.00,      6.00,      6.00,0,0,0,1,1,1
H5,152,2017,732391,      6.00,      6.00,      6.00,      6.00,0,0,0,1,1,1
H5,152,2017,732392,      6.00,      6.00,      6.00,      6.00,0,0,0,1,1,1
H5,152,2017,732393,      6.00,      6.00,      6.00,      6.00,0,0,0,1,1,1
H5,152,2017,732394,      6.00,      6.00,      6.00,      6.00,0,0,0,1,1,1
H5,152,2017,732399,      6.00,      6.00,      6.00,      6.00,0,0,0,1,1,1
H5,152,2017,732410,      6.00,      6.00,      6.00,      6.00,0,0,0,1,1,1
H5,152,2017,732421,      6.00,      6.00,      6.00,      6.00,0,0,0,1,1,1
H5,152,2017,732429,      6.00,      6.00,      6.00,      6.00,0,0,0,1,1,1
H5,152,2017,732490,      6.00,      6.00,      6.00,      6.00,0,0,0,1,1,1
H5,152,2017,732510,      6.00,      6.00,      6.00,      6.00,0,0,0,1,1,1
H5,152,2017,732591,     12.00,      6.00,      6.00,      6.00,0,0,0,2,2,2
H5,152,2017,732599,      6.00,      6.00,      6.00,      6.00,0,0,0,1,1,1
H5,152,2017,732611,     12.00,      6.00,      6.00,      6.00,0,0,0,2,2,2
H5,152,2017,732619,      6.00,      6.00,      6.00,      6.00,0,0,0,1,1,1
H5,152,2017,732620,      6.00,      6.00,      6.00,      6.00,0,0,0,1,1,1
H5,152,2017,732690,      6.00,      6.00,      6.00,      6.00,0,0,0,1,1,1
H5,152,2017,740100,      6.00,      6.00,      6.00,      6.00,0,0,0,1,1,1
H5,152,2017,740200,     30.00,      6.00,      6.00,      6.00,0,0,0,5,5,5
H5,152,2017,740311,      6.00,      6.00,      6.00,      6.00,0,0,0,1,1,1
H5,152,2017,740312,      6.00,      6.00,      6.00,      6.00,0,0,0,1,1,1
H5,152,2017,740313,      6.00,      6.00,      6.00,      6.00,0,0,0,1,1,1
H5,152,2017,740319,      6.00,      6.00,      6.00,      6.00,0,0,0,1,1,1
H5,152,2017,740321,      6.00,      6.00,      6.00,      6.00,0,0,0,1,1,1
H5,152,2017,740322,      6.00,      6.00,      6.00,      6.00,0,0,0,1,1,1
H5,152,2017,740329,      6.00,      6.00,      6.00,      6.00,0,0,0,1,1,1
H5,152,2017,740400,     30.00,      6.00,      6.00,      6.00,0,0,0,5,5,5
H5,152,2017,740500,      6.00,      6.00,      6.00,      6.00,0,0,0,1,1,1
H5,152,2017,740610,      6.00,      6.00,      6.00,      6.00,0,0,0,1,1,1
H5,152,2017,740620,      6.00,      6.00,      6.00,      6.00,0,0,0,1,1,1
H5,152,2017,740710,     12.00,      6.00,      6.00,      6.00,0,0,0,2,2,2
H5,152,2017,740721,      6.00,      6.00,      6.00,      6.00,0,0,0,1,1,1
H5,152,2017,740729,      6.00,      6.00,      6.00,      6.00,0,0,0,1,1,1
H5,152,2017,740811,     12.00,      6.00,      6.00,      6.00,0,0,0,2,2,2
H5,152,2017,740819,      6.00,      6.00,      6.00,      6.00,0,0,0,1,1,1
H5,152,2017,740821,     12.00,      6.00,      6.00,      6.00,0,0,0,2,2,2
H5,152,2017,740822,      6.00,      6.00,      6.00,      6.00,0,0,0,1,1,1
H5,152,2017,740829,      6.00,      6.00,      6.00,      6.00,0,0,0,1,1,1
H5,152,2017,740911,      6.00,      6.00,      6.00,      6.00,0,0,0,1,1,1
H5,152,2017,740919,      6.00,      6.00,      6.00,      6.00,0,0,0,1,1,1
H5,152,2017,740921,      6.00,      6.00,      6.00,      6.00,0,0,0,1,1,1
H5,152,2017,740929,      6.00,      6.00,      6.00,      6.00,0,0,0,1,1,1
H5,152,2017,740931,      6.00,      6.00,      6.00,      6.00,0,0,0,1,1,1
H5,152,2017,740939,      6.00,      6.00,      6.00,      6.00,0,0,0,1,1,1
H5,152,2017,740940,      6.00,      6.00,      6.00,      6.00,0,0,0,1,1,1
H5,152,2017,740990,      6.00,      6.00,      6.00,      6.00,0,0,0,1,1,1
H5,152,2017,741011,      6.00,      6.00,      6.00,      6.00,0,0,0,1,1,1
H5,152,2017,741012,      6.00,      6.00,      6.00,      6.00,0,0,0,1,1,1
H5,152,2017,741021,      6.00,      6.00,      6.00,      6.00,0,0,0,1,1,1
H5,152,2017,741022,      6.00,      6.00,      6.00,      6.00,0,0,0,1,1,1
H5,152,2017,741110,      6.00,      6.00,      6.00,      6.00,0,0,0,1,1,1
H5,152,2017,741121,      6.00,      6.00,      6.00,      6.00,0,0,0,1,1,1
H5,152,2017,741122,      6.00,      6.00,      6.00,      6.00,0,0,0,1,1,1
H5,152,2017,741129,      6.00,      6.00,      6.00,      6.00,0,0,0,1,1,1
H5,152,2017,741210,      6.00,      6.00,      6.00,      6.00,0,0,0,1,1,1
H5,152,2017,741220,      6.00,      6.00,      6.00,      6.00,0,0,0,1,1,1
H5,152,2017,741300,      6.00,      6.00,      6.00,      6.00,0,0,0,1,1,1
H5,152,2017,741510,      6.00,      6.00,      6.00,      6.00,0,0,0,1,1,1
H5,152,2017,741521,      6.00,      6.00,      6.00,      6.00,0,0,0,1,1,1
H5,152,2017,741529,      6.00,      6.00,      6.00,      6.00,0,0,0,1,1,1
H5,152,2017,741533,      6.00,      6.00,      6.00,      6.00,0,0,0,1,1,1
H5,152,2017,741539,      6.00,      6.00,      6.00,      6.00,0,0,0,1,1,1
H5,152,2017,741810,      6.00,      6.00,      6.00,      6.00,0,0,0,1,1,1
H5,152,2017,741820,      6.00,      6.00,      6.00,      6.00,0,0,0,1,1,1
H5,152,2017,741910,      6.00,      6.00,      6.00,      6.00,0,0,0,1,1,1
H5,152,2017,741991,      6.00,      6.00,      6.00,      6.00,0,0,0,1,1,1
H5,152,2017,741999,     18.00,      6.00,      6.00,      6.00,0,0,0,3,3,3
H5,152,2017,750110,      6.00,      6.00,      6.00,      6.00,0,0,0,1,1,1
H5,152,2017,750120,      6.00,      6.00,      6.00,      6.00,0,0,0,1,1,1
H5,152,2017,750210,      6.00,      6.00,      6.00,      6.00,0,0,0,1,1,1
H5,152,2017,750220,      6.00,      6.00,      6.00,      6.00,0,0,0,1,1,1
H5,152,2017,750300,      6.00,      6.00,      6.00,      6.00,0,0,0,1,1,1
H5,152,2017,750400,      6.00,      6.00,      6.00,      6.00,0,0,0,1,1,1
H5,152,2017,750511,      6.00,      6.00,      6.00,      6.00,0,0,0,1,1,1
H5,152,2017,750512,      6.00,      6.00,      6.00,      6.00,0,0,0,1,1,1
H5,152,2017,750521,      6.00,      6.00,      6.00,      6.00,0,0,0,1,1,1
H5,152,2017,750522,      6.00,      6.00,      6.00,      6.00,0,0,0,1,1,1
H5,152,2017,750610,      6.00,      6.00,      6.00,      6.00,0,0,0,1,1,1
H5,152,2017,750620,      6.00,      6.00,      6.00,      6.00,0,0,0,1,1,1
H5,152,2017,750711,      6.00,      6.00,      6.00,      6.00,0,0,0,1,1,1
H5,152,2017,750712,      6.00,      6.00,      6.00,      6.00,0,0,0,1,1,1
H5,152,2017,750720,      6.00,      6.00,      6.00,      6.00,0,0,0,1,1,1
H5,152,2017,750810,      6.00,      6.00,      6.00,      6.00,0,0,0,1,1,1
H5,152,2017,750890,      6.00,      6.00,      6.00,      6.00,0,0,0,1,1,1
H5,152,2017,760110,      6.00,      6.00,      6.00,      6.00,0,0,0,1,1,1
H5,152,2017,760120,      6.00,      6.00,      6.00,      6.00,0,0,0,1,1,1
H5,152,2017,760200,      6.00,      6.00,      6.00,      6.00,0,0,0,1,1,1
H5,152,2017,760310,      6.00,      6.00,      6.00,      6.00,0,0,0,1,1,1
H5,152,2017,760320,      6.00,      6.00,      6.00,      6.00,0,0,0,1,1,1
H5,152,2017,760410,      6.00,      6.00,      6.00,      6.00,0,0,0,1,1,1
H5,152,2017,760421,      6.00,      6.00,      6.00,      6.00,0,0,0,1,1,1
H5,152,2017,760429,      6.00,      6.00,      6.00,      6.00,0,0,0,1,1,1
H5,152,2017,760511,      6.00,      6.00,      6.00,      6.00,0,0,0,1,1,1
H5,152,2017,760519,      6.00,      6.00,      6.00,      6.00,0,0,0,1,1,1
H5,152,2017,760521,      6.00,      6.00,      6.00,      6.00,0,0,0,1,1,1
H5,152,2017,760529,      6.00,      6.00,      6.00,      6.00,0,0,0,1,1,1
H5,152,2017,760611,      6.00,      6.00,      6.00,      6.00,0,0,0,1,1,1
H5,152,2017,760612,      6.00,      6.00,      6.00,      6.00,0,0,0,1,1,1
H5,152,2017,760691,      6.00,      6.00,      6.00,      6.00,0,0,0,1,1,1
H5,152,2017,760692,      6.00,      6.00,      6.00,      6.00,0,0,0,1,1,1
H5,152,2017,760711,      6.00,      6.00,      6.00,      6.00,0,0,0,1,1,1
H5,152,2017,760719,      6.00,      6.00,      6.00,      6.00,0,0,0,1,1,1
H5,152,2017,760720,     12.00,      6.00,      6.00,      6.00,0,0,0,2,2,2
H5,152,2017,760810,      6.00,      6.00,      6.00,      6.00,0,0,0,1,1,1
H5,152,2017,760820,      6.00,      6.00,      6.00,      6.00,0,0,0,1,1,1
H5,152,2017,760900,      6.00,      6.00,      6.00,      6.00,0,0,0,1,1,1
H5,152,2017,761010,      6.00,      6.00,      6.00,      6.00,0,0,0,1,1,1
H5,152,2017,761090,      6.00,      6.00,      6.00,      6.00,0,0,0,1,1,1
H5,152,2017,761100,      6.00,      6.00,      6.00,      6.00,0,0,0,1,1,1
H5,152,2017,761210,      6.00,      6.00,      6.00,      6.00,0,0,0,1,1,1
H5,152,2017,761290,      6.00,      6.00,      6.00,      6.00,0,0,0,1,1,1
H5,152,2017,761300,      6.00,      6.00,      6.00,      6.00,0,0,0,1,1,1
H5,152,2017,761410,      6.00,      6.00,      6.00,      6.00,0,0,0,1,1,1
H5,152,2017,761490,      6.00,      6.00,      6.00,      6.00,0,0,0,1,1,1
H5,152,2017,761510,      6.00,      6.00,      6.00,      6.00,0,0,0,1,1,1
H5,152,2017,761520,      6.00,      6.00,      6.00,      6.00,0,0,0,1,1,1
H5,152,2017,761610,      6.00,      6.00,      6.00,      6.00,0,0,0,1,1,1
H5,152,2017,761691,      6.00,      6.00,      6.00,      6.00,0,0,0,1,1,1
H5,152,2017,761699,     12.00,      6.00,      6.00,      6.00,0,0,0,2,2,2
H5,152,2017,780110,      6.00,      6.00,      6.00,      6.00,0,0,0,1,1,1
H5,152,2017,780191,      6.00,      6.00,      6.00,      6.00,0,0,0,1,1,1
H5,152,2017,780199,      6.00,      6.00,      6.00,      6.00,0,0,0,1,1,1
H5,152,2017,780200,      6.00,      6.00,      6.00,      6.00,0,0,0,1,1,1
H5,152,2017,780411,      6.00,      6.00,      6.00,      6.00,0,0,0,1,1,1
H5,152,2017,780419,      6.00,      6.00,      6.00,      6.00,0,0,0,1,1,1
H5,152,2017,780420,      6.00,      6.00,      6.00,      6.00,0,0,0,1,1,1
H5,152,2017,780600,      6.00,      6.00,      6.00,      6.00,0,0,0,1,1,1
H5,152,2017,790111,      6.00,      6.00,      6.00,      6.00,0,0,0,1,1,1
H5,152,2017,790112,      6.00,      6.00,      6.00,      6.00,0,0,0,1,1,1
H5,152,2017,790120,      6.00,      6.00,      6.00,      6.00,0,0,0,1,1,1
H5,152,2017,790200,      6.00,      6.00,      6.00,      6.00,0,0,0,1,1,1
H5,152,2017,790310,      6.00,      6.00,      6.00,      6.00,0,0,0,1,1,1
H5,152,2017,790390,      6.00,      6.00,      6.00,      6.00,0,0,0,1,1,1
H5,152,2017,790400,      6.00,      6.00,      6.00,      6.00,0,0,0,1,1,1
H5,152,2017,790500,      6.00,      6.00,      6.00,      6.00,0,0,0,1,1,1
H5,152,2017,790700,      6.00,      6.00,      6.00,      6.00,0,0,0,1,1,1
H5,152,2017,800110,      6.00,      6.00,      6.00,      6.00,0,0,0,1,1,1
H5,152,2017,800120,      6.00,      6.00,      6.00,      6.00,0,0,0,1,1,1
H5,152,2017,800200,      6.00,      6.00,      6.00,      6.00,0,0,0,1,1,1
H5,152,2017,800300,      6.00,      6.00,      6.00,      6.00,0,0,0,1,1,1
H5,152,2017,800700,      6.00,      6.00,      6.00,      6.00,0,0,0,1,1,1
H5,152,2017,810110,      6.00,      6.00,      6.00,      6.00,0,0,0,1,1,1
H5,152,2017,810194,      6.00,      6.00,      6.00,      6.00,0,0,0,1,1,1
H5,152,2017,810196,      6.00,      6.00,      6.00,      6.00,0,0,0,1,1,1
H5,152,2017,810197,      6.00,      6.00,      6.00,      6.00,0,0,0,1,1,1
H5,152,2017,810199,      6.00,      6.00,      6.00,      6.00,0,0,0,1,1,1
H5,152,2017,810210,      6.00,      6.00,      6.00,      6.00,0,0,0,1,1,1
H5,152,2017,810294,      6.00,      6.00,      6.00,      6.00,0,0,0,1,1,1
H5,152,2017,810295,      6.00,      6.00,      6.00,      6.00,0,0,0,1,1,1
H5,152,2017,810296,      6.00,      6.00,      6.00,      6.00,0,0,0,1,1,1
H5,152,2017,810297,      6.00,      6.00,      6.00,      6.00,0,0,0,1,1,1
H5,152,2017,810299,      6.00,      6.00,      6.00,      6.00,0,0,0,1,1,1
H5,152,2017,810320,      6.00,      6.00,      6.00,      6.00,0,0,0,1,1,1
H5,152,2017,810330,      6.00,      6.00,      6.00,      6.00,0,0,0,1,1,1
H5,152,2017,810390,      6.00,      6.00,      6.00,      6.00,0,0,0,1,1,1
H5,152,2017,810411,      6.00,      6.00,      6.00,      6.00,0,0,0,1,1,1
H5,152,2017,810419,      6.00,      6.00,      6.00,      6.00,0,0,0,1,1,1
H5,152,2017,810420,      6.00,      6.00,      6.00,      6.00,0,0,0,1,1,1
H5,152,2017,810430,      6.00,      6.00,      6.00,      6.00,0,0,0,1,1,1
H5,152,2017,810490,      6.00,      6.00,      6.00,      6.00,0,0,0,1,1,1
H5,152,2017,810520,      6.00,      6.00,      6.00,      6.00,0,0,0,1,1,1
H5,152,2017,810530,      6.00,      6.00,      6.00,      6.00,0,0,0,1,1,1
H5,152,2017,810590,      6.00,      6.00,      6.00,      6.00,0,0,0,1,1,1
H5,152,2017,810600,      6.00,      6.00,      6.00,      6.00,0,0,0,1,1,1
H5,152,2017,810720,      6.00,      6.00,      6.00,      6.00,0,0,0,1,1,1
H5,152,2017,810730,      6.00,      6.00,      6.00,      6.00,0,0,0,1,1,1
H5,152,2017,810790,      6.00,      6.00,      6.00,      6.00,0,0,0,1,1,1
H5,152,2017,810820,      6.00,      6.00,      6.00,      6.00,0,0,0,1,1,1
H5,152,2017,810830,      6.00,      6.00,      6.00,      6.00,0,0,0,1,1,1
H5,152,2017,810890,      6.00,      6.00,      6.00,      6.00,0,0,0,1,1,1
H5,152,2017,810920,      6.00,      6.00,      6.00,      6.00,0,0,0,1,1,1
H5,152,2017,810930,      6.00,      6.00,      6.00,      6.00,0,0,0,1,1,1
H5,152,2017,810990,      6.00,      6.00,      6.00,      6.00,0,0,0,1,1,1
H5,152,2017,811010,      6.00,      6.00,      6.00,      6.00,0,0,0,1,1,1
H5,152,2017,811020,      6.00,      6.00,      6.00,      6.00,0,0,0,1,1,1
H5,152,2017,811090,      6.00,      6.00,      6.00,      6.00,0,0,0,1,1,1
H5,152,2017,811100,      6.00,      6.00,      6.00,      6.00,0,0,0,1,1,1
H5,152,2017,811212,      6.00,      6.00,      6.00,      6.00,0,0,0,1,1,1
H5,152,2017,811213,      6.00,      6.00,      6.00,      6.00,0,0,0,1,1,1
H5,152,2017,811219,      6.00,      6.00,      6.00,      6.00,0,0,0,1,1,1
H5,152,2017,811221,      6.00,      6.00,      6.00,      6.00,0,0,0,1,1,1
H5,152,2017,811222,      6.00,      6.00,      6.00,      6.00,0,0,0,1,1,1
H5,152,2017,811229,      6.00,      6.00,      6.00,      6.00,0,0,0,1,1,1
H5,152,2017,811251,      6.00,      6.00,      6.00,      6.00,0,0,0,1,1,1
H5,152,2017,811252,      6.00,      6.00,      6.00,      6.00,0,0,0,1,1,1
H5,152,2017,811259,      6.00,      6.00,      6.00,      6.00,0,0,0,1,1,1
H5,152,2017,811292,      6.00,      6.00,      6.00,      6.00,0,0,0,1,1,1
H5,152,2017,811299,      6.00,      6.00,      6.00,      6.00,0,0,0,1,1,1
H5,152,2017,811300,      6.00,      6.00,      6.00,      6.00,0,0,0,1,1,1
H5,152,2017,820110,      6.00,      6.00,      6.00,      6.00,0,0,0,1,1,1
H5,152,2017,820130,      6.00,      6.00,      6.00,      6.00,0,0,0,1,1,1
H5,152,2017,820140,      6.00,      6.00,      6.00,      6.00,0,0,0,1,1,1
H5,152,2017,820150,      6.00,      6.00,      6.00,      6.00,0,0,0,1,1,1
H5,152,2017,820160,      6.00,      6.00,      6.00,      6.00,0,0,0,1,1,1
H5,152,2017,820190,      6.00,      6.00,      6.00,      6.00,0,0,0,1,1,1
H5,152,2017,820210,      6.00,      6.00,      6.00,      6.00,0,0,0,1,1,1
H5,152,2017,820220,      6.00,      6.00,      6.00,      6.00,0,0,0,1,1,1
H5,152,2017,820231,      6.00,      6.00,      6.00,      6.00,0,0,0,1,1,1
H5,152,2017,820239,      6.00,      6.00,      6.00,      6.00,0,0,0,1,1,1
H5,152,2017,820240,      6.00,      6.00,      6.00,      6.00,0,0,0,1,1,1
H5,152,2017,820291,      6.00,      6.00,      6.00,      6.00,0,0,0,1,1,1
H5,152,2017,820299,      6.00,      6.00,      6.00,      6.00,0,0,0,1,1,1
H5,152,2017,820310,     12.00,      6.00,      6.00,      6.00,0,0,0,2,2,2
H5,152,2017,820320,      6.00,      6.00,      6.00,      6.00,0,0,0,1,1,1
H5,152,2017,820330,      6.00,      6.00,      6.00,      6.00,0,0,0,1,1,1
H5,152,2017,820340,      6.00,      6.00,      6.00,      6.00,0,0,0,1,1,1
H5,152,2017,820411,      6.00,      6.00,      6.00,      6.00,0,0,0,1,1,1
H5,152,2017,820412,      6.00,      6.00,      6.00,      6.00,0,0,0,1,1,1
H5,152,2017,820420,      6.00,      6.00,      6.00,      6.00,0,0,0,1,1,1
H5,152,2017,820510,      6.00,      6.00,      6.00,      6.00,0,0,0,1,1,1
H5,152,2017,820520,      6.00,      6.00,      6.00,      6.00,0,0,0,1,1,1
H5,152,2017,820530,      6.00,      6.00,      6.00,      6.00,0,0,0,1,1,1
H5,152,2017,820540,      6.00,      6.00,      6.00,      6.00,0,0,0,1,1,1
H5,152,2017,820551,      6.00,      6.00,      6.00,      6.00,0,0,0,1,1,1
H5,152,2017,820559,      6.00,      6.00,      6.00,      6.00,0,0,0,1,1,1
H5,152,2017,820560,      6.00,      6.00,      6.00,      6.00,0,0,0,1,1,1
H5,152,2017,820570,      6.00,      6.00,      6.00,      6.00,0,0,0,1,1,1
H5,152,2017,820590,      6.00,      6.00,      6.00,      6.00,0,0,0,1,1,1
H5,152,2017,820600,      6.00,      6.00,      6.00,      6.00,0,0,0,1,1,1
H5,152,2017,820713,     24.00,      6.00,      6.00,      6.00,0,0,0,4,4,4
H5,152,2017,820719,     24.00,      6.00,      6.00,      6.00,0,0,0,4,4,4
H5,152,2017,820720,      6.00,      6.00,      6.00,      6.00,0,0,0,1,1,1
H5,152,2017,820730,      6.00,      6.00,      6.00,      6.00,0,0,0,1,1,1
H5,152,2017,820740,      6.00,      6.00,      6.00,      6.00,0,0,0,1,1,1
H5,152,2017,820750,     12.00,      6.00,      6.00,      6.00,0,0,0,2,2,2
H5,152,2017,820760,      6.00,      6.00,      6.00,      6.00,0,0,0,1,1,1
H5,152,2017,820770,      6.00,      6.00,      6.00,      6.00,0,0,0,1,1,1
H5,152,2017,820780,      6.00,      6.00,      6.00,      6.00,0,0,0,1,1,1
H5,152,2017,820790,      6.00,      6.00,      6.00,      6.00,0,0,0,1,1,1
H5,152,2017,820810,      6.00,      6.00,      6.00,      6.00,0,0,0,1,1,1
H5,152,2017,820820,      6.00,      6.00,      6.00,      6.00,0,0,0,1,1,1
H5,152,2017,820830,      6.00,      6.00,      6.00,      6.00,0,0,0,1,1,1
H5,152,2017,820840,      6.00,      6.00,      6.00,      6.00,0,0,0,1,1,1
H5,152,2017,820890,      6.00,      6.00,      6.00,      6.00,0,0,0,1,1,1
H5,152,2017,820900,      6.00,      6.00,      6.00,      6.00,0,0,0,1,1,1
H5,152,2017,821000,      6.00,      6.00,      6.00,      6.00,0,0,0,1,1,1
H5,152,2017,821110,      6.00,      6.00,      6.00,      6.00,0,0,0,1,1,1
H5,152,2017,821191,      6.00,      6.00,      6.00,      6.00,0,0,0,1,1,1
H5,152,2017,821192,      6.00,      6.00,      6.00,      6.00,0,0,0,1,1,1
H5,152,2017,821193,      6.00,      6.00,      6.00,      6.00,0,0,0,1,1,1
H5,152,2017,821194,      6.00,      6.00,      6.00,      6.00,0,0,0,1,1,1
H5,152,2017,821195,      6.00,      6.00,      6.00,      6.00,0,0,0,1,1,1
H5,152,2017,821210,     12.00,      6.00,      6.00,      6.00,0,0,0,2,2,2
H5,152,2017,821220,     12.00,      6.00,      6.00,      6.00,0,0,0,2,2,2
H5,152,2017,821290,      6.00,      6.00,      6.00,      6.00,0,0,0,1,1,1
H5,152,2017,821300,      6.00,      6.00,      6.00,      6.00,0,0,0,1,1,1
H5,152,2017,821410,      6.00,      6.00,      6.00,      6.00,0,0,0,1,1,1
H5,152,2017,821420,      6.00,      6.00,      6.00,      6.00,0,0,0,1,1,1
H5,152,2017,821490,      6.00,      6.00,      6.00,      6.00,0,0,0,1,1,1
H5,152,2017,821510,      6.00,      6.00,      6.00,      6.00,0,0,0,1,1,1
H5,152,2017,821520,      6.00,      6.00,      6.00,      6.00,0,0,0,1,1,1
H5,152,2017,821591,      6.00,      6.00,      6.00,      6.00,0,0,0,1,1,1
H5,152,2017,821599,      6.00,      6.00,      6.00,      6.00,0,0,0,1,1,1
H5,152,2017,830110,      6.00,      6.00,      6.00,      6.00,0,0,0,1,1,1
H5,152,2017,830120,      6.00,      6.00,      6.00,      6.00,0,0,0,1,1,1
H5,152,2017,830130,      6.00,      6.00,      6.00,      6.00,0,0,0,1,1,1
H5,152,2017,830140,      6.00,      6.00,      6.00,      6.00,0,0,0,1,1,1
H5,152,2017,830150,      6.00,      6.00,      6.00,      6.00,0,0,0,1,1,1
H5,152,2017,830160,      6.00,      6.00,      6.00,      6.00,0,0,0,1,1,1
H5,152,2017,830170,      6.00,      6.00,      6.00,      6.00,0,0,0,1,1,1
H5,152,2017,830210,      6.00,      6.00,      6.00,      6.00,0,0,0,1,1,1
H5,152,2017,830220,      6.00,      6.00,      6.00,      6.00,0,0,0,1,1,1
H5,152,2017,830230,      6.00,      6.00,      6.00,      6.00,0,0,0,1,1,1
H5,152,2017,830241,      6.00,      6.00,      6.00,      6.00,0,0,0,1,1,1
H5,152,2017,830242,     18.00,      6.00,      6.00,      6.00,0,0,0,3,3,3
H5,152,2017,830249,      6.00,      6.00,      6.00,      6.00,0,0,0,1,1,1
H5,152,2017,830250,      6.00,      6.00,      6.00,      6.00,0,0,0,1,1,1
H5,152,2017,830260,      6.00,      6.00,      6.00,      6.00,0,0,0,1,1,1
H5,152,2017,830300,      6.00,      6.00,      6.00,      6.00,0,0,0,1,1,1
H5,152,2017,830400,      6.00,      6.00,      6.00,      6.00,0,0,0,1,1,1
H5,152,2017,830510,      6.00,      6.00,      6.00,      6.00,0,0,0,1,1,1
H5,152,2017,830520,      6.00,      6.00,      6.00,      6.00,0,0,0,1,1,1
H5,152,2017,830590,      6.00,      6.00,      6.00,      6.00,0,0,0,1,1,1
H5,152,2017,830610,      6.00,      6.00,      6.00,      6.00,0,0,0,1,1,1
H5,152,2017,830621,      6.00,      6.00,      6.00,      6.00,0,0,0,1,1,1
H5,152,2017,830629,      6.00,      6.00,      6.00,      6.00,0,0,0,1,1,1
H5,152,2017,830630,      6.00,      6.00,      6.00,      6.00,0,0,0,1,1,1
H5,152,2017,830710,      6.00,      6.00,      6.00,      6.00,0,0,0,1,1,1
H5,152,2017,830790,      6.00,      6.00,      6.00,      6.00,0,0,0,1,1,1
H5,152,2017,830810,      6.00,      6.00,      6.00,      6.00,0,0,0,1,1,1
H5,152,2017,830820,      6.00,      6.00,      6.00,      6.00,0,0,0,1,1,1
H5,152,2017,830890,      6.00,      6.00,      6.00,      6.00,0,0,0,1,1,1
H5,152,2017,830910,      6.00,      6.00,      6.00,      6.00,0,0,0,1,1,1
H5,152,2017,830990,     18.00,      6.00,      6.00,      6.00,0,0,0,3,3,3
H5,152,2017,831000,      6.00,      6.00,      6.00,      6.00,0,0,0,1,1,1
H5,152,2017,831110,     12.00,      6.00,      6.00,      6.00,0,0,0,2,2,2
H5,152,2017,831120,      6.00,      6.00,      6.00,      6.00,0,0,0,1,1,1
H5,152,2017,831130,      6.00,      6.00,      6.00,      6.00,0,0,0,1,1,1
H5,152,2017,831190,      6.00,      6.00,      6.00,      6.00,0,0,0,1,1,1
H5,152,2017,840110,      0.00,      0.00,      0.00,      0.00,0,1,0,0,1,1
H5,152,2017,840120,      6.00,      6.00,      6.00,      6.00,0,0,0,1,1,1
H5,152,2017,840130,      6.00,      6.00,      6.00,      6.00,0,0,0,1,1,1
H5,152,2017,840140,      6.00,      6.00,      6.00,      6.00,0,0,0,1,1,1
H5,152,2017,840211,      6.00,      6.00,      6.00,      6.00,0,0,0,1,1,1
H5,152,2017,840212,      6.00,      6.00,      6.00,      6.00,0,0,0,1,1,1
H5,152,2017,840219,      6.00,      6.00,      6.00,      6.00,0,0,0,1,1,1
H5,152,2017,840220,      6.00,      6.00,      6.00,      6.00,0,0,0,1,1,1
H5,152,2017,840290,      6.00,      6.00,      6.00,      6.00,0,0,0,1,1,1
H5,152,2017,840310,      6.00,      6.00,      6.00,      6.00,0,0,0,1,1,1
H5,152,2017,840390,      6.00,      6.00,      6.00,      6.00,0,0,0,1,1,1
H5,152,2017,840410,      6.00,      6.00,      6.00,      6.00,0,0,0,1,1,1
H5,152,2017,840420,      6.00,      6.00,      6.00,      6.00,0,0,0,1,1,1
H5,152,2017,840490,      6.00,      6.00,      6.00,      6.00,0,0,0,1,1,1
H5,152,2017,840510,      6.00,      6.00,      6.00,      6.00,0,0,0,1,1,1
H5,152,2017,840590,      6.00,      6.00,      6.00,      6.00,0,0,0,1,1,1
H5,152,2017,840610,      6.00,      6.00,      6.00,      6.00,0,0,0,1,1,1
H5,152,2017,840681,      6.00,      6.00,      6.00,      6.00,0,0,0,1,1,1
H5,152,2017,840682,      6.00,      6.00,      6.00,      6.00,0,0,0,1,1,1
H5,152,2017,840690,      6.00,      6.00,      6.00,      6.00,0,0,0,1,1,1
H5,152,2017,840710,      6.00,      6.00,      6.00,      6.00,0,0,0,1,1,1
H5,152,2017,840721,      6.00,      6.00,      6.00,      6.00,0,0,0,1,1,1
H5,152,2017,840729,      6.00,      6.00,      6.00,      6.00,0,0,0,1,1,1
H5,152,2017,840731,      6.00,      6.00,      6.00,      6.00,0,0,0,1,1,1
H5,152,2017,840732,      6.00,      6.00,      6.00,      6.00,0,0,0,1,1,1
H5,152,2017,840733,      6.00,      6.00,      6.00,      6.00,0,0,0,1,1,1
H5,152,2017,840734,      6.00,      6.00,      6.00,      6.00,0,0,0,1,1,1
H5,152,2017,840790,     12.00,      6.00,      6.00,      6.00,0,0,0,2,2,2
H5,152,2017,840810,      6.00,      6.00,      6.00,      6.00,0,0,0,1,1,1
H5,152,2017,840820,     12.00,      6.00,      6.00,      6.00,0,0,0,2,2,2
H5,152,2017,840890,     12.00,      6.00,      6.00,      6.00,0,0,0,2,2,2
H5,152,2017,840910,      6.00,      6.00,      6.00,      6.00,0,0,0,1,1,1
H5,152,2017,840991,     24.00,      6.00,      6.00,      6.00,0,0,0,4,4,4
H5,152,2017,840999,     24.00,      6.00,      6.00,      6.00,0,0,0,4,4,4
H5,152,2017,841011,     12.00,      6.00,      6.00,      6.00,0,0,0,2,2,2
H5,152,2017,841012,     12.00,      6.00,      6.00,      6.00,0,0,0,2,2,2
H5,152,2017,841013,     12.00,      6.00,      6.00,      6.00,0,0,0,2,2,2
H5,152,2017,841090,      6.00,      6.00,      6.00,      6.00,0,0,0,1,1,1
H5,152,2017,841111,      6.00,      6.00,      6.00,      6.00,0,0,0,1,1,1
H5,152,2017,841112,      6.00,      6.00,      6.00,      6.00,0,0,0,1,1,1
H5,152,2017,841121,      6.00,      6.00,      6.00,      6.00,0,0,0,1,1,1
H5,152,2017,841122,      6.00,      6.00,      6.00,      6.00,0,0,0,1,1,1
H5,152,2017,841181,      6.00,      6.00,      6.00,      6.00,0,0,0,1,1,1
H5,152,2017,841182,      6.00,      6.00,      6.00,      6.00,0,0,0,1,1,1
H5,152,2017,841191,      6.00,      6.00,      6.00,      6.00,0,0,0,1,1,1
H5,152,2017,841199,      6.00,      6.00,      6.00,      6.00,0,0,0,1,1,1
H5,152,2017,841210,      6.00,      6.00,      6.00,      6.00,0,0,0,1,1,1
H5,152,2017,841221,      6.00,      6.00,      6.00,      6.00,0,0,0,1,1,1
H5,152,2017,841229,      6.00,      6.00,      6.00,      6.00,0,0,0,1,1,1
H5,152,2017,841231,      6.00,      6.00,      6.00,      6.00,0,0,0,1,1,1
H5,152,2017,841239,      6.00,      6.00,      6.00,      6.00,0,0,0,1,1,1
H5,152,2017,841280,      6.00,      6.00,      6.00,      6.00,0,0,0,1,1,1
H5,152,2017,841290,      6.00,      6.00,      6.00,      6.00,0,0,0,1,1,1
H5,152,2017,841311,      6.00,      6.00,      6.00,      6.00,0,0,0,1,1,1
H5,152,2017,841319,      6.00,      6.00,      6.00,      6.00,0,0,0,1,1,1
H5,152,2017,841320,      6.00,      6.00,      6.00,      6.00,0,0,0,1,1,1
H5,152,2017,841330,     12.00,      6.00,      6.00,      6.00,0,0,0,2,2,2
H5,152,2017,841340,      6.00,      6.00,      6.00,      6.00,0,0,0,1,1,1
H5,152,2017,841350,      6.00,      6.00,      6.00,      6.00,0,0,0,1,1,1
H5,152,2017,841360,      6.00,      6.00,      6.00,      6.00,0,0,0,1,1,1
H5,152,2017,841370,      6.00,      6.00,      6.00,      6.00,0,0,0,1,1,1
H5,152,2017,841381,      6.00,      6.00,      6.00,      6.00,0,0,0,1,1,1
H5,152,2017,841382,      6.00,      6.00,      6.00,      6.00,0,0,0,1,1,1
H5,152,2017,841391,      6.00,      6.00,      6.00,      6.00,0,0,0,1,1,1
H5,152,2017,841392,      6.00,      6.00,      6.00,      6.00,0,0,0,1,1,1
H5,152,2017,841410,      6.00,      6.00,      6.00,      6.00,0,0,0,1,1,1
H5,152,2017,841420,      6.00,      6.00,      6.00,      6.00,0,0,0,1,1,1
H5,152,2017,841430,     12.00,      6.00,      6.00,      6.00,0,0,0,2,2,2
H5,152,2017,841440,     12.00,      6.00,      6.00,      6.00,0,0,0,2,2,2
H5,152,2017,841451,      6.00,      6.00,      6.00,      6.00,0,0,0,1,1,1
H5,152,2017,841459,      6.00,      6.00,      6.00,      6.00,0,0,0,1,1,1
H5,152,2017,841460,      6.00,      6.00,      6.00,      6.00,0,0,0,1,1,1
H5,152,2017,841480,     12.00,      6.00,      6.00,      6.00,0,0,0,2,2,2
H5,152,2017,841490,      6.00,      6.00,      6.00,      6.00,0,0,0,1,1,1
H5,152,2017,841510,     72.00,      6.00,      6.00,      6.00,0,0,0,12,12,12
H5,152,2017,841520,      6.00,      6.00,      6.00,      6.00,0,0,0,1,1,1
H5,152,2017,841581,     12.00,      6.00,      6.00,      6.00,0,0,0,2,2,2
H5,152,2017,841582,     12.00,      6.00,      6.00,      6.00,0,0,0,2,2,2
H5,152,2017,841583,      6.00,      6.00,      6.00,      6.00,0,0,0,1,1,1
H5,152,2017,841590,      6.00,      6.00,      6.00,      6.00,0,0,0,1,1,1
H5,152,2017,841610,      6.00,      6.00,      6.00,      6.00,0,0,0,1,1,1
H5,152,2017,841620,      6.00,      6.00,      6.00,      6.00,0,0,0,1,1,1
H5,152,2017,841630,      6.00,      6.00,      6.00,      6.00,0,0,0,1,1,1
H5,152,2017,841690,      6.00,      6.00,      6.00,      6.00,0,0,0,1,1,1
H5,152,2017,841710,      6.00,      6.00,      6.00,      6.00,0,0,0,1,1,1
H5,152,2017,841720,      6.00,      6.00,      6.00,      6.00,0,0,0,1,1,1
H5,152,2017,841780,      6.00,      6.00,      6.00,      6.00,0,0,0,1,1,1
H5,152,2017,841790,      6.00,      6.00,      6.00,      6.00,0,0,0,1,1,1
H5,152,2017,841810,     30.00,      6.00,      6.00,      6.00,0,0,0,5,5,5
H5,152,2017,841821,     24.00,      6.00,      6.00,      6.00,0,0,0,4,4,4
H5,152,2017,841829,      6.00,      6.00,      6.00,      6.00,0,0,0,1,1,1
H5,152,2017,841830,      6.00,      6.00,      6.00,      6.00,0,0,0,1,1,1
H5,152,2017,841840,      6.00,      6.00,      6.00,      6.00,0,0,0,1,1,1
H5,152,2017,841850,      6.00,      6.00,      6.00,      6.00,0,0,0,1,1,1
H5,152,2017,841861,     18.00,      6.00,      6.00,      6.00,0,0,0,3,3,3
H5,152,2017,841869,     60.00,      6.00,      6.00,      6.00,0,0,0,10,10,10
H5,152,2017,841891,      6.00,      6.00,      6.00,      6.00,0,0,0,1,1,1
H5,152,2017,841899,      6.00,      6.00,      6.00,      6.00,0,0,0,1,1,1
H5,152,2017,841911,      6.00,      6.00,      6.00,      6.00,0,0,0,1,1,1
H5,152,2017,841919,      6.00,      6.00,      6.00,      6.00,0,0,0,1,1,1
H5,152,2017,841920,      6.00,      6.00,      6.00,      6.00,0,0,0,1,1,1
H5,152,2017,841931,      6.00,      6.00,      6.00,      6.00,0,0,0,1,1,1
H5,152,2017,841932,     12.00,      6.00,      6.00,      6.00,0,0,0,2,2,2
H5,152,2017,841939,      6.00,      6.00,      6.00,      6.00,0,0,0,1,1,1
H5,152,2017,841940,      6.00,      6.00,      6.00,      6.00,0,0,0,1,1,1
H5,152,2017,841950,      6.00,      6.00,      6.00,      6.00,0,0,0,1,1,1
H5,152,2017,841960,      6.00,      6.00,      6.00,      6.00,0,0,0,1,1,1
H5,152,2017,841981,      6.00,      6.00,      6.00,      6.00,0,0,0,1,1,1
H5,152,2017,841989,     18.00,      6.00,      6.00,      6.00,0,0,0,3,3,3
H5,152,2017,841990,      6.00,      6.00,      6.00,      6.00,0,0,0,1,1,1
H5,152,2017,842010,      6.00,      6.00,      6.00,      6.00,0,0,0,1,1,1
H5,152,2017,842091,      6.00,      6.00,      6.00,      6.00,0,0,0,1,1,1
H5,152,2017,842099,      6.00,      6.00,      6.00,      6.00,0,0,0,1,1,1
H5,152,2017,842111,      6.00,      6.00,      6.00,      6.00,0,0,0,1,1,1
H5,152,2017,842112,      6.00,      6.00,      6.00,      6.00,0,0,0,1,1,1
H5,152,2017,842119,      6.00,      6.00,      6.00,      6.00,0,0,0,1,1,1
H5,152,2017,842121,      6.00,      6.00,      6.00,      6.00,0,0,0,1,1,1
H5,152,2017,842122,      6.00,      6.00,      6.00,      6.00,0,0,0,1,1,1
H5,152,2017,842123,      6.00,      6.00,      6.00,      6.00,0,0,0,1,1,1
H5,152,2017,842129,      6.00,      6.00,      6.00,      6.00,0,0,0,1,1,1
H5,152,2017,842131,     12.00,      6.00,      6.00,      6.00,0,0,0,2,2,2
H5,152,2017,842139,     12.00,      6.00,      6.00,      6.00,0,0,0,2,2,2
H5,152,2017,842191,      6.00,      6.00,      6.00,      6.00,0,0,0,1,1,1
H5,152,2017,842199,      6.00,      6.00,      6.00,      6.00,0,0,0,1,1,1
H5,152,2017,842211,      6.00,      6.00,      6.00,      6.00,0,0,0,1,1,1
H5,152,2017,842219,      6.00,      6.00,      6.00,      6.00,0,0,0,1,1,1
H5,152,2017,842220,      6.00,      6.00,      6.00,      6.00,0,0,0,1,1,1
H5,152,2017,842230,     24.00,      6.00,      6.00,      6.00,0,0,0,4,4,4
H5,152,2017,842240,      6.00,      6.00,      6.00,      6.00,0,0,0,1,1,1
H5,152,2017,842290,      6.00,      6.00,      6.00,      6.00,0,0,0,1,1,1
H5,152,2017,842310,      6.00,      6.00,      6.00,      6.00,0,0,0,1,1,1
H5,152,2017,842320,      6.00,      6.00,      6.00,      6.00,0,0,0,1,1,1
H5,152,2017,842330,      6.00,      6.00,      6.00,      6.00,0,0,0,1,1,1
H5,152,2017,842381,      6.00,      6.00,      6.00,      6.00,0,0,0,1,1,1
H5,152,2017,842382,      6.00,      6.00,      6.00,      6.00,0,0,0,1,1,1
H5,152,2017,842389,      6.00,      6.00,      6.00,      6.00,0,0,0,1,1,1
H5,152,2017,842390,      6.00,      6.00,      6.00,      6.00,0,0,0,1,1,1
H5,152,2017,842410,      6.00,      6.00,      6.00,      6.00,0,0,0,1,1,1
H5,152,2017,842420,      6.00,      6.00,      6.00,      6.00,0,0,0,1,1,1
H5,152,2017,842430,      6.00,      6.00,      6.00,      6.00,0,0,0,1,1,1
H5,152,2017,842441,      6.00,      6.00,      6.00,      6.00,0,0,0,1,1,1
H5,152,2017,842449,      6.00,      6.00,      6.00,      6.00,0,0,0,1,1,1
H5,152,2017,842482,     12.00,      6.00,      6.00,      6.00,0,0,0,2,2,2
H5,152,2017,842489,      6.00,      6.00,      6.00,      6.00,0,0,0,1,1,1
H5,152,2017,842490,      6.00,      6.00,      6.00,      6.00,0,0,0,1,1,1
H5,152,2017,842511,      6.00,      6.00,      6.00,      6.00,0,0,0,1,1,1
H5,152,2017,842519,      6.00,      6.00,      6.00,      6.00,0,0,0,1,1,1
H5,152,2017,842531,      6.00,      6.00,      6.00,      6.00,0,0,0,1,1,1
H5,152,2017,842539,     12.00,      6.00,      6.00,      6.00,0,0,0,2,2,2
H5,152,2017,842541,      6.00,      6.00,      6.00,      6.00,0,0,0,1,1,1
H5,152,2017,842542,      6.00,      6.00,      6.00,      6.00,0,0,0,1,1,1
H5,152,2017,842549,      6.00,      6.00,      6.00,      6.00,0,0,0,1,1,1
H5,152,2017,842611,      6.00,      6.00,      6.00,      6.00,0,0,0,1,1,1
H5,152,2017,842612,      6.00,      6.00,      6.00,      6.00,0,0,0,1,1,1
H5,152,2017,842619,      6.00,      6.00,      6.00,      6.00,0,0,0,1,1,1
H5,152,2017,842620,      6.00,      6.00,      6.00,      6.00,0,0,0,1,1,1
H5,152,2017,842630,      6.00,      6.00,      6.00,      6.00,0,0,0,1,1,1
H5,152,2017,842641,      6.00,      6.00,      6.00,      6.00,0,0,0,1,1,1
H5,152,2017,842649,      6.00,      6.00,      6.00,      6.00,0,0,0,1,1,1
H5,152,2017,842691,      6.00,      6.00,      6.00,      6.00,0,0,0,1,1,1
H5,152,2017,842699,      6.00,      6.00,      6.00,      6.00,0,0,0,1,1,1
H5,152,2017,842710,     18.00,      6.00,      6.00,      6.00,0,0,0,3,3,3
H5,152,2017,842720,     42.00,      6.00,      6.00,      6.00,0,0,0,7,7,7
H5,152,2017,842790,      6.00,      6.00,      6.00,      6.00,0,0,0,1,1,1
H5,152,2017,842810,     24.00,      6.00,      6.00,      6.00,0,0,0,4,4,4
H5,152,2017,842820,      6.00,      6.00,      6.00,      6.00,0,0,0,1,1,1
H5,152,2017,842831,      6.00,      6.00,      6.00,      6.00,0,0,0,1,1,1
H5,152,2017,842832,      6.00,      6.00,      6.00,      6.00,0,0,0,1,1,1
H5,152,2017,842833,     12.00,      6.00,      6.00,      6.00,0,0,0,2,2,2
H5,152,2017,842839,      6.00,      6.00,      6.00,      6.00,0,0,0,1,1,1
H5,152,2017,842840,     12.00,      6.00,      6.00,      6.00,0,0,0,2,2,2
H5,152,2017,842860,      6.00,      6.00,      6.00,      6.00,0,0,0,1,1,1
H5,152,2017,842890,      6.00,      6.00,      6.00,      6.00,0,0,0,1,1,1
H5,152,2017,842911,     12.00,      6.00,      6.00,      6.00,0,0,0,2,2,2
H5,152,2017,842919,     12.00,      6.00,      6.00,      6.00,0,0,0,2,2,2
H5,152,2017,842920,     12.00,      6.00,      6.00,      6.00,0,0,0,2,2,2
H5,152,2017,842930,      6.00,      6.00,      6.00,      6.00,0,0,0,1,1,1
H5,152,2017,842940,     12.00,      6.00,      6.00,      6.00,0,0,0,2,2,2
H5,152,2017,842951,     12.00,      6.00,      6.00,      6.00,0,0,0,2,2,2
H5,152,2017,842952,     12.00,      6.00,      6.00,      6.00,0,0,0,2,2,2
H5,152,2017,842959,     24.00,      6.00,      6.00,      6.00,0,0,0,4,4,4
H5,152,2017,843010,      6.00,      6.00,      6.00,      6.00,0,0,0,1,1,1
H5,152,2017,843020,      6.00,      6.00,      6.00,      6.00,0,0,0,1,1,1
H5,152,2017,843031,      6.00,      6.00,      6.00,      6.00,0,0,0,1,1,1
H5,152,2017,843039,      6.00,      6.00,      6.00,      6.00,0,0,0,1,1,1
H5,152,2017,843041,     12.00,      6.00,      6.00,      6.00,0,0,0,2,2,2
H5,152,2017,843049,     12.00,      6.00,      6.00,      6.00,0,0,0,2,2,2
H5,152,2017,843050,      6.00,      6.00,      6.00,      6.00,0,0,0,1,1,1
H5,152,2017,843061,      6.00,      6.00,      6.00,      6.00,0,0,0,1,1,1
H5,152,2017,843069,      6.00,      6.00,      6.00,      6.00,0,0,0,1,1,1
H5,152,2017,843110,      6.00,      6.00,      6.00,      6.00,0,0,0,1,1,1
H5,152,2017,843120,      6.00,      6.00,      6.00,      6.00,0,0,0,1,1,1
H5,152,2017,843131,      6.00,      6.00,      6.00,      6.00,0,0,0,1,1,1
H5,152,2017,843139,     12.00,      6.00,      6.00,      6.00,0,0,0,2,2,2
H5,152,2017,843141,     24.00,      6.00,      6.00,      6.00,0,0,0,4,4,4
H5,152,2017,843142,      6.00,      6.00,      6.00,      6.00,0,0,0,1,1,1
H5,152,2017,843143,     18.00,      6.00,      6.00,      6.00,0,0,0,3,3,3
H5,152,2017,843149,     12.00,      6.00,      6.00,      6.00,0,0,0,2,2,2
H5,152,2017,843210,      6.00,      6.00,      6.00,      6.00,0,0,0,1,1,1
H5,152,2017,843221,      6.00,      6.00,      6.00,      6.00,0,0,0,1,1,1
H5,152,2017,843229,      6.00,      6.00,      6.00,      6.00,0,0,0,1,1,1
H5,152,2017,843231,      6.00,      6.00,      6.00,      6.00,0,0,0,1,1,1
H5,152,2017,843239,      6.00,      6.00,      6.00,      6.00,0,0,0,1,1,1
H5,152,2017,843241,      6.00,      6.00,      6.00,      6.00,0,0,0,1,1,1
H5,152,2017,843242,      6.00,      6.00,      6.00,      6.00,0,0,0,1,1,1
H5,152,2017,843280,      6.00,      6.00,      6.00,      6.00,0,0,0,1,1,1
H5,152,2017,843290,      6.00,      6.00,      6.00,      6.00,0,0,0,1,1,1
H5,152,2017,843311,      6.00,      6.00,      6.00,      6.00,0,0,0,1,1,1
H5,152,2017,843319,      6.00,      6.00,      6.00,      6.00,0,0,0,1,1,1
H5,152,2017,843320,      6.00,      6.00,      6.00,      6.00,0,0,0,1,1,1
H5,152,2017,843330,      6.00,      6.00,      6.00,      6.00,0,0,0,1,1,1
H5,152,2017,843340,      6.00,      6.00,      6.00,      6.00,0,0,0,1,1,1
H5,152,2017,843351,      6.00,      6.00,      6.00,      6.00,0,0,0,1,1,1
H5,152,2017,843352,      6.00,      6.00,      6.00,      6.00,0,0,0,1,1,1
H5,152,2017,843353,      6.00,      6.00,      6.00,      6.00,0,0,0,1,1,1
H5,152,2017,843359,     24.00,      6.00,      6.00,      6.00,0,0,0,4,4,4
H5,152,2017,843360,     12.00,      6.00,      6.00,      6.00,0,0,0,2,2,2
H5,152,2017,843390,      6.00,      6.00,      6.00,      6.00,0,0,0,1,1,1
H5,152,2017,843410,      6.00,      6.00,      6.00,      6.00,0,0,0,1,1,1
H5,152,2017,843420,      6.00,      6.00,      6.00,      6.00,0,0,0,1,1,1
H5,152,2017,843490,      6.00,      6.00,      6.00,      6.00,0,0,0,1,1,1
H5,152,2017,843510,     12.00,      6.00,      6.00,      6.00,0,0,0,2,2,2
H5,152,2017,843590,      6.00,      6.00,      6.00,      6.00,0,0,0,1,1,1
H5,152,2017,843610,      6.00,      6.00,      6.00,      6.00,0,0,0,1,1,1
H5,152,2017,843621,      6.00,      6.00,      6.00,      6.00,0,0,0,1,1,1
H5,152,2017,843629,      6.00,      6.00,      6.00,      6.00,0,0,0,1,1,1
H5,152,2017,843680,      6.00,      6.00,      6.00,      6.00,0,0,0,1,1,1
H5,152,2017,843691,      6.00,      6.00,      6.00,      6.00,0,0,0,1,1,1
H5,152,2017,843699,      6.00,      6.00,      6.00,      6.00,0,0,0,1,1,1
H5,152,2017,843710,      6.00,      6.00,      6.00,      6.00,0,0,0,1,1,1
H5,152,2017,843780,      6.00,      6.00,      6.00,      6.00,0,0,0,1,1,1
H5,152,2017,843790,      6.00,      6.00,      6.00,      6.00,0,0,0,1,1,1
H5,152,2017,843810,     12.00,      6.00,      6.00,      6.00,0,0,0,2,2,2
H5,152,2017,843820,      6.00,      6.00,      6.00,      6.00,0,0,0,1,1,1
H5,152,2017,843830,      6.00,      6.00,      6.00,      6.00,0,0,0,1,1,1
H5,152,2017,843840,      6.00,      6.00,      6.00,      6.00,0,0,0,1,1,1
H5,152,2017,843850,      6.00,      6.00,      6.00,      6.00,0,0,0,1,1,1
H5,152,2017,843860,      6.00,      6.00,      6.00,      6.00,0,0,0,1,1,1
H5,152,2017,843880,     12.00,      6.00,      6.00,      6.00,0,0,0,2,2,2
H5,152,2017,843890,      6.00,      6.00,      6.00,      6.00,0,0,0,1,1,1
H5,152,2017,843910,      6.00,      6.00,      6.00,      6.00,0,0,0,1,1,1
H5,152,2017,843920,      6.00,      6.00,      6.00,      6.00,0,0,0,1,1,1
H5,152,2017,843930,      6.00,      6.00,      6.00,      6.00,0,0,0,1,1,1
H5,152,2017,843991,      6.00,      6.00,      6.00,      6.00,0,0,0,1,1,1
H5,152,2017,843999,      6.00,      6.00,      6.00,      6.00,0,0,0,1,1,1
H5,152,2017,844010,      6.00,      6.00,      6.00,      6.00,0,0,0,1,1,1
H5,152,2017,844090,      6.00,      6.00,      6.00,      6.00,0,0,0,1,1,1
H5,152,2017,844110,     18.00,      6.00,      6.00,      6.00,0,0,0,3,3,3
H5,152,2017,844120,      6.00,      6.00,      6.00,      6.00,0,0,0,1,1,1
H5,152,2017,844130,      6.00,      6.00,      6.00,      6.00,0,0,0,1,1,1
H5,152,2017,844140,      6.00,      6.00,      6.00,      6.00,0,0,0,1,1,1
H5,152,2017,844180,      6.00,      6.00,      6.00,      6.00,0,0,0,1,1,1
H5,152,2017,844190,      6.00,      6.00,      6.00,      6.00,0,0,0,1,1,1
H5,152,2017,844230,      6.00,      6.00,      6.00,      6.00,0,0,0,1,1,1
H5,152,2017,844240,      6.00,      6.00,      6.00,      6.00,0,0,0,1,1,1
H5,152,2017,844250,      6.00,      6.00,      6.00,      6.00,0,0,0,1,1,1
H5,152,2017,844311,      6.00,      6.00,      6.00,      6.00,0,0,0,1,1,1
H5,152,2017,844312,      6.00,      6.00,      6.00,      6.00,0,0,0,1,1,1
H5,152,2017,844313,     12.00,      6.00,      6.00,      6.00,0,0,0,2,2,2
H5,152,2017,844314,      6.00,      6.00,      6.00,      6.00,0,0,0,1,1,1
H5,152,2017,844315,      6.00,      6.00,      6.00,      6.00,0,0,0,1,1,1
H5,152,2017,844316,      6.00,      6.00,      6.00,      6.00,0,0,0,1,1,1
H5,152,2017,844317,      6.00,      6.00,      6.00,      6.00,0,0,0,1,1,1
H5,152,2017,844319,      6.00,      6.00,      6.00,      6.00,0,0,0,1,1,1
H5,152,2017,844331,     18.00,      6.00,      6.00,      6.00,0,0,0,3,3,3
H5,152,2017,844332,     42.00,      6.00,      6.00,      6.00,0,0,0,7,7,7
H5,152,2017,844339,      6.00,      6.00,      6.00,      6.00,0,0,0,1,1,1
H5,152,2017,844391,      6.00,      6.00,      6.00,      6.00,0,0,0,1,1,1
H5,152,2017,844399,     12.00,      6.00,      6.00,      6.00,0,0,0,2,2,2
H5,152,2017,844400,      6.00,      6.00,      6.00,      6.00,0,0,0,1,1,1
H5,152,2017,844511,      6.00,      6.00,      6.00,      6.00,0,0,0,1,1,1
H5,152,2017,844512,      6.00,      6.00,      6.00,      6.00,0,0,0,1,1,1
H5,152,2017,844513,      6.00,      6.00,      6.00,      6.00,0,0,0,1,1,1
H5,152,2017,844519,      6.00,      6.00,      6.00,      6.00,0,0,0,1,1,1
H5,152,2017,844520,      6.00,      6.00,      6.00,      6.00,0,0,0,1,1,1
H5,152,2017,844530,      6.00,      6.00,      6.00,      6.00,0,0,0,1,1,1
H5,152,2017,844540,      6.00,      6.00,      6.00,      6.00,0,0,0,1,1,1
H5,152,2017,844590,      6.00,      6.00,      6.00,      6.00,0,0,0,1,1,1
H5,152,2017,844610,      6.00,      6.00,      6.00,      6.00,0,0,0,1,1,1
H5,152,2017,844621,      6.00,      6.00,      6.00,      6.00,0,0,0,1,1,1
H5,152,2017,844629,      6.00,      6.00,      6.00,      6.00,0,0,0,1,1,1
H5,152,2017,844630,      6.00,      6.00,      6.00,      6.00,0,0,0,1,1,1
H5,152,2017,844711,      6.00,      6.00,      6.00,      6.00,0,0,0,1,1,1
H5,152,2017,844712,      6.00,      6.00,      6.00,      6.00,0,0,0,1,1,1
H5,152,2017,844720,      6.00,      6.00,      6.00,      6.00,0,0,0,1,1,1
H5,152,2017,844790,      6.00,      6.00,      6.00,      6.00,0,0,0,1,1,1
H5,152,2017,844811,      6.00,      6.00,      6.00,      6.00,0,0,0,1,1,1
H5,152,2017,844819,      6.00,      6.00,      6.00,      6.00,0,0,0,1,1,1
H5,152,2017,844820,      6.00,      6.00,      6.00,      6.00,0,0,0,1,1,1
H5,152,2017,844831,      6.00,      6.00,      6.00,      6.00,0,0,0,1,1,1
H5,152,2017,844832,      6.00,      6.00,      6.00,      6.00,0,0,0,1,1,1
H5,152,2017,844833,      6.00,      6.00,      6.00,      6.00,0,0,0,1,1,1
H5,152,2017,844839,      6.00,      6.00,      6.00,      6.00,0,0,0,1,1,1
H5,152,2017,844842,      6.00,      6.00,      6.00,      6.00,0,0,0,1,1,1
H5,152,2017,844849,      6.00,      6.00,      6.00,      6.00,0,0,0,1,1,1
H5,152,2017,844851,      6.00,      6.00,      6.00,      6.00,0,0,0,1,1,1
H5,152,2017,844859,      6.00,      6.00,      6.00,      6.00,0,0,0,1,1,1
H5,152,2017,844900,      6.00,      6.00,      6.00,      6.00,0,0,0,1,1,1
H5,152,2017,845011,     60.00,      6.00,      6.00,      6.00,0,0,0,10,10,10
H5,152,2017,845012,      6.00,      6.00,      6.00,      6.00,0,0,0,1,1,1
H5,152,2017,845019,      6.00,      6.00,      6.00,      6.00,0,0,0,1,1,1
H5,152,2017,845020,      6.00,      6.00,      6.00,      6.00,0,0,0,1,1,1
H5,152,2017,845090,      6.00,      6.00,      6.00,      6.00,0,0,0,1,1,1
H5,152,2017,845110,      6.00,      6.00,      6.00,      6.00,0,0,0,1,1,1
H5,152,2017,845121,     18.00,      6.00,      6.00,      6.00,0,0,0,3,3,3
H5,152,2017,845129,     18.00,      6.00,      6.00,      6.00,0,0,0,3,3,3
H5,152,2017,845130,      6.00,      6.00,      6.00,      6.00,0,0,0,1,1,1
H5,152,2017,845140,      6.00,      6.00,      6.00,      6.00,0,0,0,1,1,1
H5,152,2017,845150,      6.00,      6.00,      6.00,      6.00,0,0,0,1,1,1
H5,152,2017,845180,      6.00,      6.00,      6.00,      6.00,0,0,0,1,1,1
H5,152,2017,845190,      6.00,      6.00,      6.00,      6.00,0,0,0,1,1,1
H5,152,2017,845210,      6.00,      6.00,      6.00,      6.00,0,0,0,1,1,1
H5,152,2017,845221,      6.00,      6.00,      6.00,      6.00,0,0,0,1,1,1
H5,152,2017,845229,      6.00,      6.00,      6.00,      6.00,0,0,0,1,1,1
H5,152,2017,845230,      6.00,      6.00,      6.00,      6.00,0,0,0,1,1,1
H5,152,2017,845290,      6.00,      6.00,      6.00,      6.00,0,0,0,1,1,1
H5,152,2017,845310,      6.00,      6.00,      6.00,      6.00,0,0,0,1,1,1
H5,152,2017,845320,      6.00,      6.00,      6.00,      6.00,0,0,0,1,1,1
H5,152,2017,845380,      6.00,      6.00,      6.00,      6.00,0,0,0,1,1,1
H5,152,2017,845390,      6.00,      6.00,      6.00,      6.00,0,0,0,1,1,1
H5,152,2017,845410,      6.00,      6.00,      6.00,      6.00,0,0,0,1,1,1
H5,152,2017,845420,      6.00,      6.00,      6.00,      6.00,0,0,0,1,1,1
H5,152,2017,845430,     12.00,      6.00,      6.00,      6.00,0,0,0,2,2,2
H5,152,2017,845490,      6.00,      6.00,      6.00,      6.00,0,0,0,1,1,1
H5,152,2017,845510,      6.00,      6.00,      6.00,      6.00,0,0,0,1,1,1
H5,152,2017,845521,      6.00,      6.00,      6.00,      6.00,0,0,0,1,1,1
H5,152,2017,845522,      6.00,      6.00,      6.00,      6.00,0,0,0,1,1,1
H5,152,2017,845530,      6.00,      6.00,      6.00,      6.00,0,0,0,1,1,1
H5,152,2017,845590,      6.00,      6.00,      6.00,      6.00,0,0,0,1,1,1
H5,152,2017,845611,      6.00,      6.00,      6.00,      6.00,0,0,0,1,1,1
H5,152,2017,845612,      6.00,      6.00,      6.00,      6.00,0,0,0,1,1,1
H5,152,2017,845620,      6.00,      6.00,      6.00,      6.00,0,0,0,1,1,1
H5,152,2017,845630,      6.00,      6.00,      6.00,      6.00,0,0,0,1,1,1
H5,152,2017,845640,      6.00,      6.00,      6.00,      6.00,0,0,0,1,1,1
H5,152,2017,845650,      6.00,      6.00,      6.00,      6.00,0,0,0,1,1,1
H5,152,2017,845690,      6.00,      6.00,      6.00,      6.00,0,0,0,1,1,1
H5,152,2017,845710,      6.00,      6.00,      6.00,      6.00,0,0,0,1,1,1
H5,152,2017,845720,      6.00,      6.00,      6.00,      6.00,0,0,0,1,1,1
H5,152,2017,845730,      6.00,      6.00,      6.00,      6.00,0,0,0,1,1,1
H5,152,2017,845811,      6.00,      6.00,      6.00,      6.00,0,0,0,1,1,1
H5,152,2017,845819,      6.00,      6.00,      6.00,      6.00,0,0,0,1,1,1
H5,152,2017,845891,      6.00,      6.00,      6.00,      6.00,0,0,0,1,1,1
H5,152,2017,845899,      6.00,      6.00,      6.00,      6.00,0,0,0,1,1,1
H5,152,2017,845910,      6.00,      6.00,      6.00,      6.00,0,0,0,1,1,1
H5,152,2017,845921,      6.00,      6.00,      6.00,      6.00,0,0,0,1,1,1
H5,152,2017,845929,      6.00,      6.00,      6.00,      6.00,0,0,0,1,1,1
H5,152,2017,845931,      6.00,      6.00,      6.00,      6.00,0,0,0,1,1,1
H5,152,2017,845939,      6.00,      6.00,      6.00,      6.00,0,0,0,1,1,1
H5,152,2017,845941,      6.00,      6.00,      6.00,      6.00,0,0,0,1,1,1
H5,152,2017,845949,      6.00,      6.00,      6.00,      6.00,0,0,0,1,1,1
H5,152,2017,845951,      6.00,      6.00,      6.00,      6.00,0,0,0,1,1,1
H5,152,2017,845959,      6.00,      6.00,      6.00,      6.00,0,0,0,1,1,1
H5,152,2017,845961,      6.00,      6.00,      6.00,      6.00,0,0,0,1,1,1
H5,152,2017,845969,      6.00,      6.00,      6.00,      6.00,0,0,0,1,1,1
H5,152,2017,845970,      6.00,      6.00,      6.00,      6.00,0,0,0,1,1,1
H5,152,2017,846012,      6.00,      6.00,      6.00,      6.00,0,0,0,1,1,1
H5,152,2017,846019,      6.00,      6.00,      6.00,      6.00,0,0,0,1,1,1
H5,152,2017,846022,      6.00,      6.00,      6.00,      6.00,0,0,0,1,1,1
H5,152,2017,846023,      6.00,      6.00,      6.00,      6.00,0,0,0,1,1,1
H5,152,2017,846024,      6.00,      6.00,      6.00,      6.00,0,0,0,1,1,1
H5,152,2017,846029,      6.00,      6.00,      6.00,      6.00,0,0,0,1,1,1
H5,152,2017,846031,      6.00,      6.00,      6.00,      6.00,0,0,0,1,1,1
H5,152,2017,846039,      6.00,      6.00,      6.00,      6.00,0,0,0,1,1,1
H5,152,2017,846040,      6.00,      6.00,      6.00,      6.00,0,0,0,1,1,1
H5,152,2017,846090,     18.00,      6.00,      6.00,      6.00,0,0,0,3,3,3
H5,152,2017,846120,      6.00,      6.00,      6.00,      6.00,0,0,0,1,1,1
H5,152,2017,846130,     12.00,      6.00,      6.00,      6.00,0,0,0,2,2,2
H5,152,2017,846140,      6.00,      6.00,      6.00,      6.00,0,0,0,1,1,1
H5,152,2017,846150,     12.00,      6.00,      6.00,      6.00,0,0,0,2,2,2
H5,152,2017,846190,      6.00,      6.00,      6.00,      6.00,0,0,0,1,1,1
H5,152,2017,846210,      6.00,      6.00,      6.00,      6.00,0,0,0,1,1,1
H5,152,2017,846221,      6.00,      6.00,      6.00,      6.00,0,0,0,1,1,1
H5,152,2017,846229,      6.00,      6.00,      6.00,      6.00,0,0,0,1,1,1
H5,152,2017,846231,      6.00,      6.00,      6.00,      6.00,0,0,0,1,1,1
H5,152,2017,846239,      6.00,      6.00,      6.00,      6.00,0,0,0,1,1,1
H5,152,2017,846241,      6.00,      6.00,      6.00,      6.00,0,0,0,1,1,1
H5,152,2017,846249,      6.00,      6.00,      6.00,      6.00,0,0,0,1,1,1
H5,152,2017,846291,      6.00,      6.00,      6.00,      6.00,0,0,0,1,1,1
H5,152,2017,846299,      6.00,      6.00,      6.00,      6.00,0,0,0,1,1,1
H5,152,2017,846310,      6.00,      6.00,      6.00,      6.00,0,0,0,1,1,1
H5,152,2017,846320,      6.00,      6.00,      6.00,      6.00,0,0,0,1,1,1
H5,152,2017,846330,      6.00,      6.00,      6.00,      6.00,0,0,0,1,1,1
H5,152,2017,846390,     12.00,      6.00,      6.00,      6.00,0,0,0,2,2,2
H5,152,2017,846410,      6.00,      6.00,      6.00,      6.00,0,0,0,1,1,1
H5,152,2017,846420,      6.00,      6.00,      6.00,      6.00,0,0,0,1,1,1
H5,152,2017,846490,      6.00,      6.00,      6.00,      6.00,0,0,0,1,1,1
H5,152,2017,846510,      6.00,      6.00,      6.00,      6.00,0,0,0,1,1,1
H5,152,2017,846520,      6.00,      6.00,      6.00,      6.00,0,0,0,1,1,1
H5,152,2017,846591,     18.00,      6.00,      6.00,      6.00,0,0,0,3,3,3
H5,152,2017,846592,      6.00,      6.00,      6.00,      6.00,0,0,0,1,1,1
H5,152,2017,846593,      6.00,      6.00,      6.00,      6.00,0,0,0,1,1,1
H5,152,2017,846594,      6.00,      6.00,      6.00,      6.00,0,0,0,1,1,1
H5,152,2017,846595,      6.00,      6.00,      6.00,      6.00,0,0,0,1,1,1
H5,152,2017,846596,      6.00,      6.00,      6.00,      6.00,0,0,0,1,1,1
H5,152,2017,846599,     12.00,      6.00,      6.00,      6.00,0,0,0,2,2,2
H5,152,2017,846610,      6.00,      6.00,      6.00,      6.00,0,0,0,1,1,1
H5,152,2017,846620,      6.00,      6.00,      6.00,      6.00,0,0,0,1,1,1
H5,152,2017,846630,      6.00,      6.00,      6.00,      6.00,0,0,0,1,1,1
H5,152,2017,846691,      6.00,      6.00,      6.00,      6.00,0,0,0,1,1,1
H5,152,2017,846692,      6.00,      6.00,      6.00,      6.00,0,0,0,1,1,1
H5,152,2017,846693,      6.00,      6.00,      6.00,      6.00,0,0,0,1,1,1
H5,152,2017,846694,      6.00,      6.00,      6.00,      6.00,0,0,0,1,1,1
H5,152,2017,846711,     12.00,      6.00,      6.00,      6.00,0,0,0,2,2,2
H5,152,2017,846719,      6.00,      6.00,      6.00,      6.00,0,0,0,1,1,1
H5,152,2017,846721,     12.00,      6.00,      6.00,      6.00,0,0,0,2,2,2
H5,152,2017,846722,     18.00,      6.00,      6.00,      6.00,0,0,0,3,3,3
H5,152,2017,846729,     30.00,      6.00,      6.00,      6.00,0,0,0,5,5,5
H5,152,2017,846781,      6.00,      6.00,      6.00,      6.00,0,0,0,1,1,1
H5,152,2017,846789,      6.00,      6.00,      6.00,      6.00,0,0,0,1,1,1
H5,152,2017,846791,      6.00,      6.00,      6.00,      6.00,0,0,0,1,1,1
H5,152,2017,846792,      6.00,      6.00,      6.00,      6.00,0,0,0,1,1,1
H5,152,2017,846799,      6.00,      6.00,      6.00,      6.00,0,0,0,1,1,1
H5,152,2017,846810,      6.00,      6.00,      6.00,      6.00,0,0,0,1,1,1
H5,152,2017,846820,      6.00,      6.00,      6.00,      6.00,0,0,0,1,1,1
H5,152,2017,846880,      6.00,      6.00,      6.00,      6.00,0,0,0,1,1,1
H5,152,2017,846890,      6.00,      6.00,      6.00,      6.00,0,0,0,1,1,1
H5,152,2017,847010,     12.00,      6.00,      6.00,      6.00,0,0,0,2,2,2
H5,152,2017,847021,      6.00,      6.00,      6.00,      6.00,0,0,0,1,1,1
H5,152,2017,847029,      6.00,      6.00,      6.00,      6.00,0,0,0,1,1,1
H5,152,2017,847030,      6.00,      6.00,      6.00,      6.00,0,0,0,1,1,1
H5,152,2017,847050,      6.00,      6.00,      6.00,      6.00,0,0,0,1,1,1
H5,152,2017,847090,      6.00,      6.00,      6.00,      6.00,0,0,0,1,1,1
H5,152,2017,847130,     18.00,      6.00,      6.00,      6.00,0,0,0,3,3,3
H5,152,2017,847141,     12.00,      6.00,      6.00,      6.00,0,0,0,2,2,2
H5,152,2017,847149,     12.00,      6.00,      6.00,      6.00,0,0,0,2,2,2
H5,152,2017,847150,      6.00,      6.00,      6.00,      6.00,0,0,0,1,1,1
H5,152,2017,847160,     18.00,      6.00,      6.00,      6.00,0,0,0,3,3,3
H5,152,2017,847170,     30.00,      6.00,      6.00,      6.00,0,0,0,5,5,5
H5,152,2017,847180,     18.00,      6.00,      6.00,      6.00,0,0,0,3,3,3
H5,152,2017,847190,     18.00,      6.00,      6.00,      6.00,0,0,0,3,3,3
H5,152,2017,847210,      6.00,      6.00,      6.00,      6.00,0,0,0,1,1,1
H5,152,2017,847230,      6.00,      6.00,      6.00,      6.00,0,0,0,1,1,1
H5,152,2017,847290,     24.00,      6.00,      6.00,      6.00,0,0,0,4,4,4
H5,152,2017,847321,      6.00,      6.00,      6.00,      6.00,0,0,0,1,1,1
H5,152,2017,847329,      6.00,      6.00,      6.00,      6.00,0,0,0,1,1,1
H5,152,2017,847330,      6.00,      6.00,      6.00,      6.00,0,0,0,1,1,1
H5,152,2017,847340,      6.00,      6.00,      6.00,      6.00,0,0,0,1,1,1
H5,152,2017,847350,      6.00,      6.00,      6.00,      6.00,0,0,0,1,1,1
H5,152,2017,847410,     24.00,      6.00,      6.00,      6.00,0,0,0,4,4,4
H5,152,2017,847420,      6.00,      6.00,      6.00,      6.00,0,0,0,1,1,1
H5,152,2017,847431,      6.00,      6.00,      6.00,      6.00,0,0,0,1,1,1
H5,152,2017,847432,      6.00,      6.00,      6.00,      6.00,0,0,0,1,1,1
H5,152,2017,847439,      6.00,      6.00,      6.00,      6.00,0,0,0,1,1,1
H5,152,2017,847480,      6.00,      6.00,      6.00,      6.00,0,0,0,1,1,1
H5,152,2017,847490,     12.00,      6.00,      6.00,      6.00,0,0,0,2,2,2
H5,152,2017,847510,      6.00,      6.00,      6.00,      6.00,0,0,0,1,1,1
H5,152,2017,847521,      6.00,      6.00,      6.00,      6.00,0,0,0,1,1,1
H5,152,2017,847529,      6.00,      6.00,      6.00,      6.00,0,0,0,1,1,1
H5,152,2017,847590,      6.00,      6.00,      6.00,      6.00,0,0,0,1,1,1
H5,152,2017,847621,      6.00,      6.00,      6.00,      6.00,0,0,0,1,1,1
H5,152,2017,847629,      6.00,      6.00,      6.00,      6.00,0,0,0,1,1,1
H5,152,2017,847681,      6.00,      6.00,      6.00,      6.00,0,0,0,1,1,1
H5,152,2017,847689,      6.00,      6.00,      6.00,      6.00,0,0,0,1,1,1
H5,152,2017,847690,      6.00,      6.00,      6.00,      6.00,0,0,0,1,1,1
H5,152,2017,847710,      6.00,      6.00,      6.00,      6.00,0,0,0,1,1,1
H5,152,2017,847720,      6.00,      6.00,      6.00,      6.00,0,0,0,1,1,1
H5,152,2017,847730,      6.00,      6.00,      6.00,      6.00,0,0,0,1,1,1
H5,152,2017,847740,      6.00,      6.00,      6.00,      6.00,0,0,0,1,1,1
H5,152,2017,847751,      6.00,      6.00,      6.00,      6.00,0,0,0,1,1,1
H5,152,2017,847759,      6.00,      6.00,      6.00,      6.00,0,0,0,1,1,1
H5,152,2017,847780,      6.00,      6.00,      6.00,      6.00,0,0,0,1,1,1
H5,152,2017,847790,      6.00,      6.00,      6.00,      6.00,0,0,0,1,1,1
H5,152,2017,847810,      6.00,      6.00,      6.00,      6.00,0,0,0,1,1,1
H5,152,2017,847890,      6.00,      6.00,      6.00,      6.00,0,0,0,1,1,1
H5,152,2017,847910,      6.00,      6.00,      6.00,      6.00,0,0,0,1,1,1
H5,152,2017,847920,      6.00,      6.00,      6.00,      6.00,0,0,0,1,1,1
H5,152,2017,847930,     18.00,      6.00,      6.00,      6.00,0,0,0,3,3,3
H5,152,2017,847940,      6.00,      6.00,      6.00,      6.00,0,0,0,1,1,1
H5,152,2017,847950,      6.00,      6.00,      6.00,      6.00,0,0,0,1,1,1
H5,152,2017,847960,      6.00,      6.00,      6.00,      6.00,0,0,0,1,1,1
H5,152,2017,847971,      6.00,      6.00,      6.00,      6.00,0,0,0,1,1,1
H5,152,2017,847979,      6.00,      6.00,      6.00,      6.00,0,0,0,1,1,1
H5,152,2017,847981,      6.00,      6.00,      6.00,      6.00,0,0,0,1,1,1
H5,152,2017,847982,      6.00,      6.00,      6.00,      6.00,0,0,0,1,1,1
H5,152,2017,847989,     24.00,      6.00,      6.00,      6.00,0,0,0,4,4,4
H5,152,2017,847990,      6.00,      6.00,      6.00,      6.00,0,0,0,1,1,1
H5,152,2017,848010,      6.00,      6.00,      6.00,      6.00,0,0,0,1,1,1
H5,152,2017,848020,      6.00,      6.00,      6.00,      6.00,0,0,0,1,1,1
H5,152,2017,848030,      6.00,      6.00,      6.00,      6.00,0,0,0,1,1,1
H5,152,2017,848041,      6.00,      6.00,      6.00,      6.00,0,0,0,1,1,1
H5,152,2017,848049,      6.00,      6.00,      6.00,      6.00,0,0,0,1,1,1
H5,152,2017,848050,      6.00,      6.00,      6.00,      6.00,0,0,0,1,1,1
H5,152,2017,848060,      6.00,      6.00,      6.00,      6.00,0,0,0,1,1,1
H5,152,2017,848071,      6.00,      6.00,      6.00,      6.00,0,0,0,1,1,1
H5,152,2017,848079,      6.00,      6.00,      6.00,      6.00,0,0,0,1,1,1
H5,152,2017,848110,      6.00,      6.00,      6.00,      6.00,0,0,0,1,1,1
H5,152,2017,848120,     12.00,      6.00,      6.00,      6.00,0,0,0,2,2,2
H5,152,2017,848130,     12.00,      6.00,      6.00,      6.00,0,0,0,2,2,2
H5,152,2017,848140,      6.00,      6.00,      6.00,      6.00,0,0,0,1,1,1
H5,152,2017,848180,     18.00,      6.00,      6.00,      6.00,0,0,0,3,3,3
H5,152,2017,848190,      6.00,      6.00,      6.00,      6.00,0,0,0,1,1,1
H5,152,2017,848210,     12.00,      6.00,      6.00,      6.00,0,0,0,2,2,2
H5,152,2017,848220,      6.00,      6.00,      6.00,      6.00,0,0,0,1,1,1
H5,152,2017,848230,      6.00,      6.00,      6.00,      6.00,0,0,0,1,1,1
H5,152,2017,848240,      6.00,      6.00,      6.00,      6.00,0,0,0,1,1,1
H5,152,2017,848250,      6.00,      6.00,      6.00,      6.00,0,0,0,1,1,1
H5,152,2017,848280,      6.00,      6.00,      6.00,      6.00,0,0,0,1,1,1
H5,152,2017,848291,      6.00,      6.00,      6.00,      6.00,0,0,0,1,1,1
H5,152,2017,848299,      6.00,      6.00,      6.00,      6.00,0,0,0,1,1,1
H5,152,2017,848310,     18.00,      6.00,      6.00,      6.00,0,0,0,3,3,3
H5,152,2017,848320,      6.00,      6.00,      6.00,      6.00,0,0,0,1,1,1
H5,152,2017,848330,     18.00,      6.00,      6.00,      6.00,0,0,0,3,3,3
H5,152,2017,848340,     30.00,      6.00,      6.00,      6.00,0,0,0,5,5,5
H5,152,2017,848350,      6.00,      6.00,      6.00,      6.00,0,0,0,1,1,1
H5,152,2017,848360,      6.00,      6.00,      6.00,      6.00,0,0,0,1,1,1
H5,152,2017,848390,      6.00,      6.00,      6.00,      6.00,0,0,0,1,1,1
H5,152,2017,848410,      6.00,      6.00,      6.00,      6.00,0,0,0,1,1,1
H5,152,2017,848420,      6.00,      6.00,      6.00,      6.00,0,0,0,1,1,1
H5,152,2017,848490,      6.00,      6.00,      6.00,      6.00,0,0,0,1,1,1
H5,152,2017,848610,      6.00,      6.00,      6.00,      6.00,0,0,0,1,1,1
H5,152,2017,848620,      6.00,      6.00,      6.00,      6.00,0,0,0,1,1,1
H5,152,2017,848630,      6.00,      6.00,      6.00,      6.00,0,0,0,1,1,1
H5,152,2017,848640,      6.00,      6.00,      6.00,      6.00,0,0,0,1,1,1
H5,152,2017,848690,      6.00,      6.00,      6.00,      6.00,0,0,0,1,1,1
H5,152,2017,848710,      6.00,      6.00,      6.00,      6.00,0,0,0,1,1,1
H5,152,2017,848790,     12.00,      6.00,      6.00,      6.00,0,0,0,2,2,2
H5,152,2017,850110,      6.00,      6.00,      6.00,      6.00,0,0,0,1,1,1
H5,152,2017,850120,      6.00,      6.00,      6.00,      6.00,0,0,0,1,1,1
H5,152,2017,850131,      6.00,      6.00,      6.00,      6.00,0,0,0,1,1,1
H5,152,2017,850132,     18.00,      6.00,      6.00,      6.00,0,0,0,3,3,3
H5,152,2017,850133,      6.00,      6.00,      6.00,      6.00,0,0,0,1,1,1
H5,152,2017,850134,      6.00,      6.00,      6.00,      6.00,0,0,0,1,1,1
H5,152,2017,850140,      6.00,      6.00,      6.00,      6.00,0,0,0,1,1,1
H5,152,2017,850151,      6.00,      6.00,      6.00,      6.00,0,0,0,1,1,1
H5,152,2017,850152,     18.00,      6.00,      6.00,      6.00,0,0,0,3,3,3
H5,152,2017,850153,     30.00,      6.00,      6.00,      6.00,0,0,0,5,5,5
H5,152,2017,850161,      6.00,      6.00,      6.00,      6.00,0,0,0,1,1,1
H5,152,2017,850162,      6.00,      6.00,      6.00,      6.00,0,0,0,1,1,1
H5,152,2017,850163,      6.00,      6.00,      6.00,      6.00,0,0,0,1,1,1
H5,152,2017,850164,     30.00,      6.00,      6.00,      6.00,0,0,0,5,5,5
H5,152,2017,850211,     18.00,      6.00,      6.00,      6.00,0,0,0,3,3,3
H5,152,2017,850212,     18.00,      6.00,      6.00,      6.00,0,0,0,3,3,3
H5,152,2017,850213,     18.00,      6.00,      6.00,      6.00,0,0,0,3,3,3
H5,152,2017,850220,      6.00,      6.00,      6.00,      6.00,0,0,0,1,1,1
H5,152,2017,850231,      6.00,      6.00,      6.00,      6.00,0,0,0,1,1,1
H5,152,2017,850239,     24.00,      6.00,      6.00,      6.00,0,0,0,4,4,4
H5,152,2017,850240,      6.00,      6.00,      6.00,      6.00,0,0,0,1,1,1
H5,152,2017,850300,     12.00,      6.00,      6.00,      6.00,0,0,0,2,2,2
H5,152,2017,850410,      6.00,      6.00,      6.00,      6.00,0,0,0,1,1,1
H5,152,2017,850421,     30.00,      6.00,      6.00,      6.00,0,0,0,5,5,5
H5,152,2017,850422,     24.00,      6.00,      6.00,      6.00,0,0,0,4,4,4
H5,152,2017,850423,     24.00,      6.00,      6.00,      6.00,0,0,0,4,4,4
H5,152,2017,850431,      6.00,      6.00,      6.00,      6.00,0,0,0,1,1,1
H5,152,2017,850432,      6.00,      6.00,      6.00,      6.00,0,0,0,1,1,1
H5,152,2017,850433,      6.00,      6.00,      6.00,      6.00,0,0,0,1,1,1
H5,152,2017,850434,      6.00,      6.00,      6.00,      6.00,0,0,0,1,1,1
H5,152,2017,850440,      6.00,      6.00,      6.00,      6.00,0,0,0,1,1,1
H5,152,2017,850450,      6.00,      6.00,      6.00,      6.00,0,0,0,1,1,1
H5,152,2017,850490,      6.00,      6.00,      6.00,      6.00,0,0,0,1,1,1
H5,152,2017,850511,      6.00,      6.00,      6.00,      6.00,0,0,0,1,1,1
H5,152,2017,850519,      6.00,      6.00,      6.00,      6.00,0,0,0,1,1,1
H5,152,2017,850520,      6.00,      6.00,      6.00,      6.00,0,0,0,1,1,1
H5,152,2017,850590,     12.00,      6.00,      6.00,      6.00,0,0,0,2,2,2
H5,152,2017,850610,     12.00,      6.00,      6.00,      6.00,0,0,0,2,2,2
H5,152,2017,850630,      6.00,      6.00,      6.00,      6.00,0,0,0,1,1,1
H5,152,2017,850640,     12.00,      6.00,      6.00,      6.00,0,0,0,2,2,2
H5,152,2017,850650,     12.00,      6.00,      6.00,      6.00,0,0,0,2,2,2
H5,152,2017,850660,     12.00,      6.00,      6.00,      6.00,0,0,0,2,2,2
H5,152,2017,850680,     12.00,      6.00,      6.00,      6.00,0,0,0,2,2,2
H5,152,2017,850690,      6.00,      6.00,      6.00,      6.00,0,0,0,1,1,1
H5,152,2017,850710,     12.00,      6.00,      6.00,      6.00,0,0,0,2,2,2
H5,152,2017,850720,      6.00,      6.00,      6.00,      6.00,0,0,0,1,1,1
H5,152,2017,850730,      6.00,      6.00,      6.00,      6.00,0,0,0,1,1,1
H5,152,2017,850740,      6.00,      6.00,      6.00,      6.00,0,0,0,1,1,1
H5,152,2017,850750,      6.00,      6.00,      6.00,      6.00,0,0,0,1,1,1
H5,152,2017,850760,      6.00,      6.00,      6.00,      6.00,0,0,0,1,1,1
H5,152,2017,850780,      6.00,      6.00,      6.00,      6.00,0,0,0,1,1,1
H5,152,2017,850790,      6.00,      6.00,      6.00,      6.00,0,0,0,1,1,1
H5,152,2017,850811,      6.00,      6.00,      6.00,      6.00,0,0,0,1,1,1
H5,152,2017,850819,      6.00,      6.00,      6.00,      6.00,0,0,0,1,1,1
H5,152,2017,850860,      6.00,      6.00,      6.00,      6.00,0,0,0,1,1,1
H5,152,2017,850870,      6.00,      6.00,      6.00,      6.00,0,0,0,1,1,1
H5,152,2017,850940,     18.00,      6.00,      6.00,      6.00,0,0,0,3,3,3
H5,152,2017,850980,      6.00,      6.00,      6.00,      6.00,0,0,0,1,1,1
H5,152,2017,850990,      6.00,      6.00,      6.00,      6.00,0,0,0,1,1,1
H5,152,2017,851010,      6.00,      6.00,      6.00,      6.00,0,0,0,1,1,1
H5,152,2017,851020,      6.00,      6.00,      6.00,      6.00,0,0,0,1,1,1
H5,152,2017,851030,      6.00,      6.00,      6.00,      6.00,0,0,0,1,1,1
H5,152,2017,851090,      6.00,      6.00,      6.00,      6.00,0,0,0,1,1,1
H5,152,2017,851110,      6.00,      6.00,      6.00,      6.00,0,0,0,1,1,1
H5,152,2017,851120,      6.00,      6.00,      6.00,      6.00,0,0,0,1,1,1
H5,152,2017,851130,      6.00,      6.00,      6.00,      6.00,0,0,0,1,1,1
H5,152,2017,851140,      6.00,      6.00,      6.00,      6.00,0,0,0,1,1,1
H5,152,2017,851150,      6.00,      6.00,      6.00,      6.00,0,0,0,1,1,1
H5,152,2017,851180,      6.00,      6.00,      6.00,      6.00,0,0,0,1,1,1
H5,152,2017,851190,      6.00,      6.00,      6.00,      6.00,0,0,0,1,1,1
H5,152,2017,851210,      6.00,      6.00,      6.00,      6.00,0,0,0,1,1,1
H5,152,2017,851220,     30.00,      6.00,      6.00,      6.00,0,0,0,5,5,5
H5,152,2017,851230,      6.00,      6.00,      6.00,      6.00,0,0,0,1,1,1
H5,152,2017,851240,      6.00,      6.00,      6.00,      6.00,0,0,0,1,1,1
H5,152,2017,851290,      6.00,      6.00,      6.00,      6.00,0,0,0,1,1,1
H5,152,2017,851310,     18.00,      6.00,      6.00,      6.00,0,0,0,3,3,3
H5,152,2017,851390,      6.00,      6.00,      6.00,      6.00,0,0,0,1,1,1
H5,152,2017,851410,      6.00,      6.00,      6.00,      6.00,0,0,0,1,1,1
H5,152,2017,851420,      6.00,      6.00,      6.00,      6.00,0,0,0,1,1,1
H5,152,2017,851430,      6.00,      6.00,      6.00,      6.00,0,0,0,1,1,1
H5,152,2017,851440,      6.00,      6.00,      6.00,      6.00,0,0,0,1,1,1
H5,152,2017,851490,      6.00,      6.00,      6.00,      6.00,0,0,0,1,1,1
H5,152,2017,851511,     30.00,      6.00,      6.00,      6.00,0,0,0,5,5,5
H5,152,2017,851519,      6.00,      6.00,      6.00,      6.00,0,0,0,1,1,1
H5,152,2017,851521,      6.00,      6.00,      6.00,      6.00,0,0,0,1,1,1
H5,152,2017,851529,      6.00,      6.00,      6.00,      6.00,0,0,0,1,1,1
H5,152,2017,851531,      6.00,      6.00,      6.00,      6.00,0,0,0,1,1,1
H5,152,2017,851539,     18.00,      6.00,      6.00,      6.00,0,0,0,3,3,3
H5,152,2017,851580,      6.00,      6.00,      6.00,      6.00,0,0,0,1,1,1
H5,152,2017,851590,      6.00,      6.00,      6.00,      6.00,0,0,0,1,1,1
H5,152,2017,851610,     54.00,      6.00,      6.00,      6.00,0,0,0,9,9,9
H5,152,2017,851621,      6.00,      6.00,      6.00,      6.00,0,0,0,1,1,1
H5,152,2017,851629,      6.00,      6.00,      6.00,      6.00,0,0,0,1,1,1
H5,152,2017,851631,      6.00,      6.00,      6.00,      6.00,0,0,0,1,1,1
H5,152,2017,851632,     18.00,      6.00,      6.00,      6.00,0,0,0,3,3,3
H5,152,2017,851633,      6.00,      6.00,      6.00,      6.00,0,0,0,1,1,1
H5,152,2017,851640,     12.00,      6.00,      6.00,      6.00,0,0,0,2,2,2
H5,152,2017,851650,      6.00,      6.00,      6.00,      6.00,0,0,0,1,1,1
H5,152,2017,851660,     42.00,      6.00,      6.00,      6.00,0,0,0,7,7,7
H5,152,2017,851671,      6.00,      6.00,      6.00,      6.00,0,0,0,1,1,1
H5,152,2017,851672,      6.00,      6.00,      6.00,      6.00,0,0,0,1,1,1
H5,152,2017,851679,     18.00,      6.00,      6.00,      6.00,0,0,0,3,3,3
H5,152,2017,851680,      6.00,      6.00,      6.00,      6.00,0,0,0,1,1,1
H5,152,2017,851690,      6.00,      6.00,      6.00,      6.00,0,0,0,1,1,1
H5,152,2017,851711,      6.00,      6.00,      6.00,      6.00,0,0,0,1,1,1
H5,152,2017,851712,      6.00,      6.00,      6.00,      6.00,0,0,0,1,1,1
H5,152,2017,851718,      6.00,      6.00,      6.00,      6.00,0,0,0,1,1,1
H5,152,2017,851761,      6.00,      6.00,      6.00,      6.00,0,0,0,1,1,1
H5,152,2017,851762,     36.00,      6.00,      6.00,      6.00,0,0,0,6,6,6
H5,152,2017,851769,      6.00,      6.00,      6.00,      6.00,0,0,0,1,1,1
H5,152,2017,851770,      6.00,      6.00,      6.00,      6.00,0,0,0,1,1,1
H5,152,2017,851810,      6.00,      6.00,      6.00,      6.00,0,0,0,1,1,1
H5,152,2017,851821,      6.00,      6.00,      6.00,      6.00,0,0,0,1,1,1
H5,152,2017,851822,      6.00,      6.00,      6.00,      6.00,0,0,0,1,1,1
H5,152,2017,851829,      6.00,      6.00,      6.00,      6.00,0,0,0,1,1,1
H5,152,2017,851830,     12.00,      6.00,      6.00,      6.00,0,0,0,2,2,2
H5,152,2017,851840,      6.00,      6.00,      6.00,      6.00,0,0,0,1,1,1
H5,152,2017,851850,      6.00,      6.00,      6.00,      6.00,0,0,0,1,1,1
H5,152,2017,851890,      6.00,      6.00,      6.00,      6.00,0,0,0,1,1,1
H5,152,2017,851920,      6.00,      6.00,      6.00,      6.00,0,0,0,1,1,1
H5,152,2017,851930,      6.00,      6.00,      6.00,      6.00,0,0,0,1,1,1
H5,152,2017,851950,      6.00,      6.00,      6.00,      6.00,0,0,0,1,1,1
H5,152,2017,851981,     18.00,      6.00,      6.00,      6.00,0,0,0,3,3,3
H5,152,2017,851989,      6.00,      6.00,      6.00,      6.00,0,0,0,1,1,1
H5,152,2017,852110,      6.00,      6.00,      6.00,      6.00,0,0,0,1,1,1
H5,152,2017,852190,     12.00,      6.00,      6.00,      6.00,0,0,0,2,2,2
H5,152,2017,852210,      6.00,      6.00,      6.00,      6.00,0,0,0,1,1,1
H5,152,2017,852290,      6.00,      6.00,      6.00,      6.00,0,0,0,1,1,1
H5,152,2017,852321,      6.00,      6.00,      6.00,      6.00,0,0,0,1,1,1
H5,152,2017,852329,     54.00,      6.00,      6.00,      6.00,0,0,0,9,9,9
H5,152,2017,852341,     18.00,      6.00,      6.00,      6.00,0,0,0,3,3,3
H5,152,2017,852349,     30.00,      6.00,      6.00,      6.00,0,0,0,5,5,5
H5,152,2017,852351,      6.00,      6.00,      6.00,      6.00,0,0,0,1,1,1
H5,152,2017,852352,      6.00,      6.00,      6.00,      6.00,0,0,0,1,1,1
H5,152,2017,852359,      6.00,      6.00,      6.00,      6.00,0,0,0,1,1,1
H5,152,2017,852380,      6.00,      6.00,      6.00,      6.00,0,0,0,1,1,1
H5,152,2017,852550,      6.00,      6.00,      6.00,      6.00,0,0,0,1,1,1
H5,152,2017,852560,      6.00,      6.00,      6.00,      6.00,0,0,0,1,1,1
H5,152,2017,852580,     18.00,      6.00,      6.00,      6.00,0,0,0,3,3,3
H5,152,2017,852610,      6.00,      6.00,      6.00,      6.00,0,0,0,1,1,1
H5,152,2017,852691,      6.00,      6.00,      6.00,      6.00,0,0,0,1,1,1
H5,152,2017,852692,      6.00,      6.00,      6.00,      6.00,0,0,0,1,1,1
H5,152,2017,852712,      6.00,      6.00,      6.00,      6.00,0,0,0,1,1,1
H5,152,2017,852713,      6.00,      6.00,      6.00,      6.00,0,0,0,1,1,1
H5,152,2017,852719,      6.00,      6.00,      6.00,      6.00,0,0,0,1,1,1
H5,152,2017,852721,     12.00,      6.00,      6.00,      6.00,0,0,0,2,2,2
H5,152,2017,852729,      6.00,      6.00,      6.00,      6.00,0,0,0,1,1,1
H5,152,2017,852791,     12.00,      6.00,      6.00,      6.00,0,0,0,2,2,2
H5,152,2017,852792,      6.00,      6.00,      6.00,      6.00,0,0,0,1,1,1
H5,152,2017,852799,      6.00,      6.00,      6.00,      6.00,0,0,0,1,1,1
H5,152,2017,852842,     12.00,      6.00,      6.00,      6.00,0,0,0,2,2,2
H5,152,2017,852849,     12.00,      6.00,      6.00,      6.00,0,0,0,2,2,2
H5,152,2017,852852,     24.00,      6.00,      6.00,      6.00,0,0,0,4,4,4
H5,152,2017,852859,     12.00,      6.00,      6.00,      6.00,0,0,0,2,2,2
H5,152,2017,852862,      6.00,      6.00,      6.00,      6.00,0,0,0,1,1,1
H5,152,2017,852869,      6.00,      6.00,      6.00,      6.00,0,0,0,1,1,1
H5,152,2017,852871,      6.00,      6.00,      6.00,      6.00,0,0,0,1,1,1
H5,152,2017,852872,     24.00,      6.00,      6.00,      6.00,0,0,0,4,4,4
H5,152,2017,852873,      6.00,      6.00,      6.00,      6.00,0,0,0,1,1,1
H5,152,2017,852910,      6.00,      6.00,      6.00,      6.00,0,0,0,1,1,1
H5,152,2017,852990,      6.00,      6.00,      6.00,      6.00,0,0,0,1,1,1
H5,152,2017,853010,      6.00,      6.00,      6.00,      6.00,0,0,0,1,1,1
H5,152,2017,853080,      6.00,      6.00,      6.00,      6.00,0,0,0,1,1,1
H5,152,2017,853090,      6.00,      6.00,      6.00,      6.00,0,0,0,1,1,1
H5,152,2017,853110,     12.00,      6.00,      6.00,      6.00,0,0,0,2,2,2
H5,152,2017,853120,      6.00,      6.00,      6.00,      6.00,0,0,0,1,1,1
H5,152,2017,853180,      6.00,      6.00,      6.00,      6.00,0,0,0,1,1,1
H5,152,2017,853190,      6.00,      6.00,      6.00,      6.00,0,0,0,1,1,1
H5,152,2017,853210,      6.00,      6.00,      6.00,      6.00,0,0,0,1,1,1
H5,152,2017,853221,      6.00,      6.00,      6.00,      6.00,0,0,0,1,1,1
H5,152,2017,853222,      6.00,      6.00,      6.00,      6.00,0,0,0,1,1,1
H5,152,2017,853223,      6.00,      6.00,      6.00,      6.00,0,0,0,1,1,1
H5,152,2017,853224,      6.00,      6.00,      6.00,      6.00,0,0,0,1,1,1
H5,152,2017,853225,      6.00,      6.00,      6.00,      6.00,0,0,0,1,1,1
H5,152,2017,853229,      6.00,      6.00,      6.00,      6.00,0,0,0,1,1,1
H5,152,2017,853230,      6.00,      6.00,      6.00,      6.00,0,0,0,1,1,1
H5,152,2017,853290,      6.00,      6.00,      6.00,      6.00,0,0,0,1,1,1
H5,152,2017,853310,      6.00,      6.00,      6.00,      6.00,0,0,0,1,1,1
H5,152,2017,853321,      6.00,      6.00,      6.00,      6.00,0,0,0,1,1,1
H5,152,2017,853329,      6.00,      6.00,      6.00,      6.00,0,0,0,1,1,1
H5,152,2017,853331,     18.00,      6.00,      6.00,      6.00,0,0,0,3,3,3
H5,152,2017,853339,     18.00,      6.00,      6.00,      6.00,0,0,0,3,3,3
H5,152,2017,853340,     24.00,      6.00,      6.00,      6.00,0,0,0,4,4,4
H5,152,2017,853390,      6.00,      6.00,      6.00,      6.00,0,0,0,1,1,1
H5,152,2017,853400,      6.00,      6.00,      6.00,      6.00,0,0,0,1,1,1
H5,152,2017,853510,     12.00,      6.00,      6.00,      6.00,0,0,0,2,2,2
H5,152,2017,853521,      6.00,      6.00,      6.00,      6.00,0,0,0,1,1,1
H5,152,2017,853529,      6.00,      6.00,      6.00,      6.00,0,0,0,1,1,1
H5,152,2017,853530,     18.00,      6.00,      6.00,      6.00,0,0,0,3,3,3
H5,152,2017,853540,      6.00,      6.00,      6.00,      6.00,0,0,0,1,1,1
H5,152,2017,853590,     18.00,      6.00,      6.00,      6.00,0,0,0,3,3,3
H5,152,2017,853610,     12.00,      6.00,      6.00,      6.00,0,0,0,2,2,2
H5,152,2017,853620,      6.00,      6.00,      6.00,      6.00,0,0,0,1,1,1
H5,152,2017,853630,     12.00,      6.00,      6.00,      6.00,0,0,0,2,2,2
H5,152,2017,853641,     12.00,      6.00,      6.00,      6.00,0,0,0,2,2,2
H5,152,2017,853649,     12.00,      6.00,      6.00,      6.00,0,0,0,2,2,2
H5,152,2017,853650,      6.00,      6.00,      6.00,      6.00,0,0,0,1,1,1
H5,152,2017,853661,      6.00,      6.00,      6.00,      6.00,0,0,0,1,1,1
H5,152,2017,853669,      6.00,      6.00,      6.00,      6.00,0,0,0,1,1,1
H5,152,2017,853670,      6.00,      6.00,      6.00,      6.00,0,0,0,1,1,1
H5,152,2017,853690,     18.00,      6.00,      6.00,      6.00,0,0,0,3,3,3
H5,152,2017,853710,      6.00,      6.00,      6.00,      6.00,0,0,0,1,1,1
H5,152,2017,853720,     12.00,      6.00,      6.00,      6.00,0,0,0,2,2,2
H5,152,2017,853810,      6.00,      6.00,      6.00,      6.00,0,0,0,1,1,1
H5,152,2017,853890,      6.00,      6.00,      6.00,      6.00,0,0,0,1,1,1
H5,152,2017,853910,      6.00,      6.00,      6.00,      6.00,0,0,0,1,1,1
H5,152,2017,853921,     24.00,      6.00,      6.00,      6.00,0,0,0,4,4,4
H5,152,2017,853922,      6.00,      6.00,      6.00,      6.00,0,0,0,1,1,1
H5,152,2017,853929,      6.00,      6.00,      6.00,      6.00,0,0,0,1,1,1
H5,152,2017,853931,     12.00,      6.00,      6.00,      6.00,0,0,0,2,2,2
H5,152,2017,853932,     24.00,      6.00,      6.00,      6.00,0,0,0,4,4,4
H5,152,2017,853939,      6.00,      6.00,      6.00,      6.00,0,0,0,1,1,1
H5,152,2017,853941,      6.00,      6.00,      6.00,      6.00,0,0,0,1,1,1
H5,152,2017,853949,      6.00,      6.00,      6.00,      6.00,0,0,0,1,1,1
H5,152,2017,853950,     18.00,      6.00,      6.00,      6.00,0,0,0,3,3,3
H5,152,2017,853990,      6.00,      6.00,      6.00,      6.00,0,0,0,1,1,1
H5,152,2017,854011,      6.00,      6.00,      6.00,      6.00,0,0,0,1,1,1
H5,152,2017,854012,      6.00,      6.00,      6.00,      6.00,0,0,0,1,1,1
H5,152,2017,854020,      6.00,      6.00,      6.00,      6.00,0,0,0,1,1,1
H5,152,2017,854040,      6.00,      6.00,      6.00,      6.00,0,0,0,1,1,1
H5,152,2017,854060,      6.00,      6.00,      6.00,      6.00,0,0,0,1,1,1
H5,152,2017,854071,      6.00,      6.00,      6.00,      6.00,0,0,0,1,1,1
H5,152,2017,854079,      6.00,      6.00,      6.00,      6.00,0,0,0,1,1,1
H5,152,2017,854081,      6.00,      6.00,      6.00,      6.00,0,0,0,1,1,1
H5,152,2017,854089,      6.00,      6.00,      6.00,      6.00,0,0,0,1,1,1
H5,152,2017,854091,      6.00,      6.00,      6.00,      6.00,0,0,0,1,1,1
H5,152,2017,854099,      6.00,      6.00,      6.00,      6.00,0,0,0,1,1,1
H5,152,2017,854110,      6.00,      6.00,      6.00,      6.00,0,0,0,1,1,1
H5,152,2017,854121,      6.00,      6.00,      6.00,      6.00,0,0,0,1,1,1
H5,152,2017,854129,      6.00,      6.00,      6.00,      6.00,0,0,0,1,1,1
H5,152,2017,854130,      6.00,      6.00,      6.00,      6.00,0,0,0,1,1,1
H5,152,2017,854140,      6.00,      6.00,      6.00,      6.00,0,0,0,1,1,1
H5,152,2017,854150,      6.00,      6.00,      6.00,      6.00,0,0,0,1,1,1
H5,152,2017,854160,      6.00,      6.00,      6.00,      6.00,0,0,0,1,1,1
H5,152,2017,854190,      6.00,      6.00,      6.00,      6.00,0,0,0,1,1,1
H5,152,2017,854231,      6.00,      6.00,      6.00,      6.00,0,0,0,1,1,1
H5,152,2017,854232,      6.00,      6.00,      6.00,      6.00,0,0,0,1,1,1
H5,152,2017,854233,      6.00,      6.00,      6.00,      6.00,0,0,0,1,1,1
H5,152,2017,854239,      6.00,      6.00,      6.00,      6.00,0,0,0,1,1,1
H5,152,2017,854290,      6.00,      6.00,      6.00,      6.00,0,0,0,1,1,1
H5,152,2017,854310,      6.00,      0.00,      6.00,      3.00,0,1,0,1,2,2
H5,152,2017,854320,      6.00,      6.00,      6.00,      6.00,0,0,0,1,1,1
H5,152,2017,854330,      6.00,      6.00,      6.00,      6.00,0,0,0,1,1,1
H5,152,2017,854370,     12.00,      6.00,      6.00,      6.00,0,0,0,2,2,2
H5,152,2017,854390,      6.00,      6.00,      6.00,      6.00,0,0,0,1,1,1
H5,152,2017,854411,      6.00,      6.00,      6.00,      6.00,0,0,0,1,1,1
H5,152,2017,854419,      6.00,      6.00,      6.00,      6.00,0,0,0,1,1,1
H5,152,2017,854420,      6.00,      6.00,      6.00,      6.00,0,0,0,1,1,1
H5,152,2017,854430,      6.00,      6.00,      6.00,      6.00,0,0,0,1,1,1
H5,152,2017,854442,      6.00,      6.00,      6.00,      6.00,0,0,0,1,1,1
H5,152,2017,854449,     18.00,      6.00,      6.00,      6.00,0,0,0,3,3,3
H5,152,2017,854460,     12.00,      6.00,      6.00,      6.00,0,0,0,2,2,2
H5,152,2017,854470,      6.00,      6.00,      6.00,      6.00,0,0,0,1,1,1
H5,152,2017,854511,      6.00,      6.00,      6.00,      6.00,0,0,0,1,1,1
H5,152,2017,854519,      6.00,      6.00,      6.00,      6.00,0,0,0,1,1,1
H5,152,2017,854520,      6.00,      6.00,      6.00,      6.00,0,0,0,1,1,1
H5,152,2017,854590,      6.00,      6.00,      6.00,      6.00,0,0,0,1,1,1
H5,152,2017,854610,      6.00,      6.00,      6.00,      6.00,0,0,0,1,1,1
H5,152,2017,854620,      6.00,      6.00,      6.00,      6.00,0,0,0,1,1,1
H5,152,2017,854690,      6.00,      6.00,      6.00,      6.00,0,0,0,1,1,1
H5,152,2017,854710,      6.00,      6.00,      6.00,      6.00,0,0,0,1,1,1
H5,152,2017,854720,      6.00,      6.00,      6.00,      6.00,0,0,0,1,1,1
H5,152,2017,854790,      6.00,      6.00,      6.00,      6.00,0,0,0,1,1,1
H5,152,2017,854810,     36.00,      6.00,      6.00,      6.00,0,0,0,6,6,6
H5,152,2017,854890,      6.00,      6.00,      6.00,      6.00,0,0,0,1,1,1
H5,152,2017,860110,      6.00,      6.00,      6.00,      6.00,0,0,0,1,1,1
H5,152,2017,860120,      6.00,      6.00,      6.00,      6.00,0,0,0,1,1,1
H5,152,2017,860210,      6.00,      6.00,      6.00,      6.00,0,0,0,1,1,1
H5,152,2017,860290,      6.00,      6.00,      6.00,      6.00,0,0,0,1,1,1
H5,152,2017,860310,     12.00,      6.00,      6.00,      6.00,0,0,0,2,2,2
H5,152,2017,860390,      6.00,      6.00,      6.00,      6.00,0,0,0,1,1,1
H5,152,2017,860400,      6.00,      6.00,      6.00,      6.00,0,0,0,1,1,1
H5,152,2017,860500,      6.00,      6.00,      6.00,      6.00,0,0,0,1,1,1
H5,152,2017,860610,      6.00,      6.00,      6.00,      6.00,0,0,0,1,1,1
H5,152,2017,860630,      6.00,      6.00,      6.00,      6.00,0,0,0,1,1,1
H5,152,2017,860691,      6.00,      6.00,      6.00,      6.00,0,0,0,1,1,1
H5,152,2017,860692,      6.00,      6.00,      6.00,      6.00,0,0,0,1,1,1
H5,152,2017,860699,      6.00,      6.00,      6.00,      6.00,0,0,0,1,1,1
H5,152,2017,860711,      6.00,      6.00,      6.00,      6.00,0,0,0,1,1,1
H5,152,2017,860712,      6.00,      6.00,      6.00,      6.00,0,0,0,1,1,1
H5,152,2017,860719,      6.00,      6.00,      6.00,      6.00,0,0,0,1,1,1
H5,152,2017,860721,      6.00,      6.00,      6.00,      6.00,0,0,0,1,1,1
H5,152,2017,860729,      6.00,      6.00,      6.00,      6.00,0,0,0,1,1,1
H5,152,2017,860730,      6.00,      6.00,      6.00,      6.00,0,0,0,1,1,1
H5,152,2017,860791,      6.00,      6.00,      6.00,      6.00,0,0,0,1,1,1
H5,152,2017,860799,     12.00,      6.00,      6.00,      6.00,0,0,0,2,2,2
H5,152,2017,860800,      6.00,      6.00,      6.00,      6.00,0,0,0,1,1,1
H5,152,2017,860900,      6.00,      6.00,      6.00,      6.00,0,0,0,1,1,1
H5,152,2017,870110,      6.00,      6.00,      6.00,      6.00,0,0,0,1,1,1
H5,152,2017,870120,     18.00,      6.00,      6.00,      6.00,0,0,0,3,3,3
H5,152,2017,870130,      6.00,      6.00,      6.00,      6.00,0,0,0,1,1,1
H5,152,2017,870191,     12.00,      6.00,      6.00,      6.00,0,0,0,2,2,2
H5,152,2017,870192,     12.00,      6.00,      6.00,      6.00,0,0,0,2,2,2
H5,152,2017,870193,     12.00,      6.00,      6.00,      6.00,0,0,0,2,2,2
H5,152,2017,870194,     12.00,      6.00,      6.00,      6.00,0,0,0,2,2,2
H5,152,2017,870195,     12.00,      6.00,      6.00,      6.00,0,0,0,2,2,2
H5,152,2017,870210,     24.00,      6.00,      6.00,      6.00,0,0,0,4,4,4
H5,152,2017,870220,     24.00,      6.00,      6.00,      6.00,0,0,0,4,4,4
H5,152,2017,870230,     24.00,      6.00,      6.00,      6.00,0,0,0,4,4,4
H5,152,2017,870240,      6.00,      6.00,      6.00,      6.00,0,0,0,1,1,1
H5,152,2017,870290,     30.00,      6.00,      6.00,      6.00,0,0,0,5,5,5
H5,152,2017,870310,      6.00,      6.00,      6.00,      6.00,0,0,0,1,1,1
H5,152,2017,870321,     30.00,      6.00,      6.00,      6.00,0,0,0,5,5,5
H5,152,2017,870322,     30.00,      6.00,      6.00,      6.00,0,0,0,5,5,5
H5,152,2017,870323,     30.00,      6.00,      6.00,      6.00,0,0,0,5,5,5
H5,152,2017,870324,     30.00,      6.00,      6.00,      6.00,0,0,0,5,5,5
H5,152,2017,870331,     24.00,      6.00,      6.00,      6.00,0,0,0,4,4,4
H5,152,2017,870332,     36.00,      6.00,      6.00,      6.00,0,0,0,6,6,6
H5,152,2017,870333,     24.00,      6.00,      6.00,      6.00,0,0,0,4,4,4
H5,152,2017,870340,    120.00,      6.00,      6.00,      6.00,0,0,0,20,20,20
H5,152,2017,870350,     84.00,      6.00,      6.00,      6.00,0,0,0,14,14,14
H5,152,2017,870360,    120.00,      6.00,      6.00,      6.00,0,0,0,20,20,20
H5,152,2017,870370,     84.00,      6.00,      6.00,      6.00,0,0,0,14,14,14
H5,152,2017,870380,      6.00,      6.00,      6.00,      6.00,0,0,0,1,1,1
H5,152,2017,870390,     30.00,      6.00,      6.00,      6.00,0,0,0,5,5,5
H5,152,2017,870410,     12.00,      6.00,      6.00,      6.00,0,0,0,2,2,2
H5,152,2017,870421,     78.00,      6.00,      6.00,      6.00,0,0,0,13,13,13
H5,152,2017,870422,     54.00,      6.00,      6.00,      6.00,0,0,0,9,9,9
H5,152,2017,870423,     54.00,      6.00,      6.00,      6.00,0,0,0,9,9,9
H5,152,2017,870431,     72.00,      6.00,      6.00,      6.00,0,0,0,12,12,12
H5,152,2017,870432,     48.00,      6.00,      6.00,      6.00,0,0,0,8,8,8
H5,152,2017,870490,     54.00,      6.00,      6.00,      6.00,0,0,0,9,9,9
H5,152,2017,870510,     12.00,      6.00,      6.00,      6.00,0,0,0,2,2,2
H5,152,2017,870520,     12.00,      6.00,      6.00,      6.00,0,0,0,2,2,2
H5,152,2017,870530,      0.00,      0.00,      0.00,      0.00,0,3,0,0,3,3
H5,152,2017,870540,     12.00,      6.00,      6.00,      6.00,0,0,0,2,2,2
H5,152,2017,870590,     12.00,      6.00,      6.00,      6.00,0,0,0,2,2,2
H5,152,2017,870600,     60.00,      6.00,      6.00,      6.00,0,0,0,10,10,10
H5,152,2017,870710,     18.00,      6.00,      6.00,      6.00,0,0,0,3,3,3
H5,152,2017,870790,     30.00,      6.00,      6.00,      6.00,0,0,0,5,5,5
H5,152,2017,870810,     12.00,      6.00,      6.00,      6.00,0,0,0,2,2,2
H5,152,2017,870821,      6.00,      6.00,      6.00,      6.00,0,0,0,1,1,1
H5,152,2017,870829,     36.00,      6.00,      6.00,      6.00,0,0,0,6,6,6
H5,152,2017,870830,     18.00,      6.00,      6.00,      6.00,0,0,0,3,3,3
H5,152,2017,870840,     30.00,      6.00,      6.00,      6.00,0,0,0,5,5,5
H5,152,2017,870850,      6.00,      6.00,      6.00,      6.00,0,0,0,1,1,1
H5,152,2017,870870,     12.00,      6.00,      6.00,      6.00,0,0,0,2,2,2
H5,152,2017,870880,     36.00,      6.00,      6.00,      6.00,0,0,0,6,6,6
H5,152,2017,870891,      6.00,      6.00,      6.00,      6.00,0,0,0,1,1,1
H5,152,2017,870892,      6.00,      6.00,      6.00,      6.00,0,0,0,1,1,1
H5,152,2017,870893,     36.00,      6.00,      6.00,      6.00,0,0,0,6,6,6
H5,152,2017,870894,      6.00,      6.00,      6.00,      6.00,0,0,0,1,1,1
H5,152,2017,870895,      6.00,      6.00,      6.00,      6.00,0,0,0,1,1,1
H5,152,2017,870899,     18.00,      6.00,      6.00,      6.00,0,0,0,3,3,3
H5,152,2017,870911,      6.00,      6.00,      6.00,      6.00,0,0,0,1,1,1
H5,152,2017,870919,      6.00,      6.00,      6.00,      6.00,0,0,0,1,1,1
H5,152,2017,870990,      6.00,      6.00,      6.00,      6.00,0,0,0,1,1,1
H5,152,2017,871000,      0.00,      0.00,      0.00,      0.00,0,1,0,0,1,1
H5,152,2017,871110,      6.00,      6.00,      6.00,      6.00,0,0,0,1,1,1
H5,152,2017,871120,     18.00,      6.00,      6.00,      6.00,0,0,0,3,3,3
H5,152,2017,871130,      6.00,      6.00,      6.00,      6.00,0,0,0,1,1,1
H5,152,2017,871140,      6.00,      6.00,      6.00,      6.00,0,0,0,1,1,1
H5,152,2017,871150,      6.00,      6.00,      6.00,      6.00,0,0,0,1,1,1
H5,152,2017,871160,      6.00,      6.00,      6.00,      6.00,0,0,0,1,1,1
H5,152,2017,871190,      6.00,      6.00,      6.00,      6.00,0,0,0,1,1,1
H5,152,2017,871200,     18.00,      6.00,      6.00,      6.00,0,0,0,3,3,3
H5,152,2017,871310,     12.00,      6.00,      6.00,      6.00,0,0,0,2,2,2
H5,152,2017,871390,      6.00,      6.00,      6.00,      6.00,0,0,0,1,1,1
H5,152,2017,871410,      6.00,      6.00,      6.00,      6.00,0,0,0,1,1,1
H5,152,2017,871420,      6.00,      6.00,      6.00,      6.00,0,0,0,1,1,1
H5,152,2017,871491,      6.00,      6.00,      6.00,      6.00,0,0,0,1,1,1
H5,152,2017,871492,      6.00,      6.00,      6.00,      6.00,0,0,0,1,1,1
H5,152,2017,871493,      6.00,      6.00,      6.00,      6.00,0,0,0,1,1,1
H5,152,2017,871494,      6.00,      6.00,      6.00,      6.00,0,0,0,1,1,1
H5,152,2017,871495,      6.00,      6.00,      6.00,      6.00,0,0,0,1,1,1
H5,152,2017,871496,      6.00,      6.00,      6.00,      6.00,0,0,0,1,1,1
H5,152,2017,871499,     18.00,      6.00,      6.00,      6.00,0,0,0,3,3,3
H5,152,2017,871500,     18.00,      6.00,      6.00,      6.00,0,0,0,3,3,3
H5,152,2017,871610,      6.00,      6.00,      6.00,      6.00,0,0,0,1,1,1
H5,152,2017,871620,      6.00,      6.00,      6.00,      6.00,0,0,0,1,1,1
H5,152,2017,871631,     12.00,      6.00,      6.00,      6.00,0,0,0,2,2,2
H5,152,2017,871639,     30.00,      6.00,      6.00,      6.00,0,0,0,5,5,5
H5,152,2017,871640,      6.00,      6.00,      6.00,      6.00,0,0,0,1,1,1
H5,152,2017,871680,     12.00,      6.00,      6.00,      6.00,0,0,0,2,2,2
H5,152,2017,871690,     36.00,      6.00,      6.00,      6.00,0,0,0,6,6,6
H5,152,2017,880100,      6.00,      6.00,      6.00,      6.00,0,0,0,1,1,1
H5,152,2017,880211,      0.00,      0.00,      0.00,      0.00,0,3,0,0,3,3
H5,152,2017,880212,      0.00,      0.00,      0.00,      0.00,0,3,0,0,3,3
H5,152,2017,880220,      0.00,      0.00,      0.00,      0.00,0,3,0,0,3,3
H5,152,2017,880230,      0.00,      0.00,      0.00,      0.00,0,3,0,0,3,3
H5,152,2017,880240,      0.00,      0.00,      0.00,      0.00,0,1,0,0,1,1
H5,152,2017,880260,      0.00,      0.00,      0.00,      0.00,0,1,0,0,1,1
H5,152,2017,880310,      6.00,      6.00,      6.00,      6.00,0,0,0,1,1,1
H5,152,2017,880320,      6.00,      6.00,      6.00,      6.00,0,0,0,1,1,1
H5,152,2017,880330,     12.00,      6.00,      6.00,      6.00,0,0,0,2,2,2
H5,152,2017,880390,      6.00,      6.00,      6.00,      6.00,0,0,0,1,1,1
H5,152,2017,880400,      6.00,      6.00,      6.00,      6.00,0,0,0,1,1,1
H5,152,2017,880510,      6.00,      6.00,      6.00,      6.00,0,0,0,1,1,1
H5,152,2017,880521,      6.00,      6.00,      6.00,      6.00,0,0,0,1,1,1
H5,152,2017,880529,      6.00,      6.00,      6.00,      6.00,0,0,0,1,1,1
H5,152,2017,890110,      6.00,      0.00,      6.00,      3.00,0,1,0,1,2,2
H5,152,2017,890120,      6.00,      0.00,      6.00,      2.00,0,2,0,1,3,3
H5,152,2017,890130,      6.00,      0.00,      6.00,      3.00,0,1,0,1,2,2
H5,152,2017,890190,     18.00,      0.00,      6.00,      3.00,0,3,0,3,6,6
H5,152,2017,890200,     24.00,      0.00,      6.00,      4.00,0,2,0,4,6,6
H5,152,2017,890310,      6.00,      6.00,      6.00,      6.00,0,0,0,1,1,1
H5,152,2017,890391,      6.00,      6.00,      6.00,      6.00,0,0,0,1,1,1
H5,152,2017,890392,     12.00,      6.00,      6.00,      6.00,0,0,0,2,2,2
H5,152,2017,890399,     12.00,      6.00,      6.00,      6.00,0,0,0,2,2,2
H5,152,2017,890400,     12.00,      6.00,      6.00,      6.00,0,0,0,2,2,2
H5,152,2017,890510,      6.00,      6.00,      6.00,      6.00,0,0,0,1,1,1
H5,152,2017,890520,      6.00,      6.00,      6.00,      6.00,0,0,0,1,1,1
H5,152,2017,890590,      6.00,      6.00,      6.00,      6.00,0,0,0,1,1,1
H5,152,2017,890610,      0.00,      0.00,      0.00,      0.00,0,1,0,0,1,1
H5,152,2017,890690,      6.00,      0.00,      6.00,      3.00,0,1,0,1,2,2
H5,152,2017,890710,      6.00,      6.00,      6.00,      6.00,0,0,0,1,1,1
H5,152,2017,890790,      6.00,      6.00,      6.00,      6.00,0,0,0,1,1,1
H5,152,2017,890800,      6.00,      6.00,      6.00,      6.00,0,0,0,1,1,1
H5,152,2017,900110,      6.00,      6.00,      6.00,      6.00,0,0,0,1,1,1
H5,152,2017,900120,      6.00,      6.00,      6.00,      6.00,0,0,0,1,1,1
H5,152,2017,900130,     12.00,      6.00,      6.00,      6.00,0,0,0,2,2,2
H5,152,2017,900140,     12.00,      6.00,      6.00,      6.00,0,0,0,2,2,2
H5,152,2017,900150,     12.00,      6.00,      6.00,      6.00,0,0,0,2,2,2
H5,152,2017,900190,      6.00,      6.00,      6.00,      6.00,0,0,0,1,1,1
H5,152,2017,900211,      6.00,      6.00,      6.00,      6.00,0,0,0,1,1,1
H5,152,2017,900219,      6.00,      6.00,      6.00,      6.00,0,0,0,1,1,1
H5,152,2017,900220,      6.00,      6.00,      6.00,      6.00,0,0,0,1,1,1
H5,152,2017,900290,      6.00,      6.00,      6.00,      6.00,0,0,0,1,1,1
H5,152,2017,900311,      6.00,      6.00,      6.00,      6.00,0,0,0,1,1,1
H5,152,2017,900319,     18.00,      6.00,      6.00,      6.00,0,0,0,3,3,3
H5,152,2017,900390,      6.00,      6.00,      6.00,      6.00,0,0,0,1,1,1
H5,152,2017,900410,     18.00,      6.00,      6.00,      6.00,0,0,0,3,3,3
H5,152,2017,900490,     18.00,      6.00,      6.00,      6.00,0,0,0,3,3,3
H5,152,2017,900510,      6.00,      6.00,      6.00,      6.00,0,0,0,1,1,1
H5,152,2017,900580,      6.00,      6.00,      6.00,      6.00,0,0,0,1,1,1
H5,152,2017,900590,      6.00,      6.00,      6.00,      6.00,0,0,0,1,1,1
H5,152,2017,900630,      6.00,      6.00,      6.00,      6.00,0,0,0,1,1,1
H5,152,2017,900640,      6.00,      6.00,      6.00,      6.00,0,0,0,1,1,1
H5,152,2017,900651,      6.00,      6.00,      6.00,      6.00,0,0,0,1,1,1
H5,152,2017,900652,      6.00,      6.00,      6.00,      6.00,0,0,0,1,1,1
H5,152,2017,900653,      6.00,      6.00,      6.00,      6.00,0,0,0,1,1,1
H5,152,2017,900659,      6.00,      6.00,      6.00,      6.00,0,0,0,1,1,1
H5,152,2017,900661,      6.00,      6.00,      6.00,      6.00,0,0,0,1,1,1
H5,152,2017,900669,      6.00,      6.00,      6.00,      6.00,0,0,0,1,1,1
H5,152,2017,900691,      6.00,      6.00,      6.00,      6.00,0,0,0,1,1,1
H5,152,2017,900699,      6.00,      6.00,      6.00,      6.00,0,0,0,1,1,1
H5,152,2017,900710,      6.00,      6.00,      6.00,      6.00,0,0,0,1,1,1
H5,152,2017,900720,      6.00,      6.00,      6.00,      6.00,0,0,0,1,1,1
H5,152,2017,900791,      6.00,      6.00,      6.00,      6.00,0,0,0,1,1,1
H5,152,2017,900792,      6.00,      6.00,      6.00,      6.00,0,0,0,1,1,1
H5,152,2017,900850,      6.00,      6.00,      6.00,      6.00,0,0,0,1,1,1
H5,152,2017,900890,      6.00,      6.00,      6.00,      6.00,0,0,0,1,1,1
H5,152,2017,901010,      6.00,      6.00,      6.00,      6.00,0,0,0,1,1,1
H5,152,2017,901050,      6.00,      6.00,      6.00,      6.00,0,0,0,1,1,1
H5,152,2017,901060,      6.00,      6.00,      6.00,      6.00,0,0,0,1,1,1
H5,152,2017,901090,      6.00,      6.00,      6.00,      6.00,0,0,0,1,1,1
H5,152,2017,901110,      6.00,      6.00,      6.00,      6.00,0,0,0,1,1,1
H5,152,2017,901120,      6.00,      6.00,      6.00,      6.00,0,0,0,1,1,1
H5,152,2017,901180,     12.00,      6.00,      6.00,      6.00,0,0,0,2,2,2
H5,152,2017,901190,      6.00,      6.00,      6.00,      6.00,0,0,0,1,1,1
H5,152,2017,901210,      6.00,      6.00,      6.00,      6.00,0,0,0,1,1,1
H5,152,2017,901290,      6.00,      6.00,      6.00,      6.00,0,0,0,1,1,1
H5,152,2017,901310,      6.00,      6.00,      6.00,      6.00,0,0,0,1,1,1
H5,152,2017,901320,      6.00,      6.00,      6.00,      6.00,0,0,0,1,1,1
H5,152,2017,901380,      6.00,      6.00,      6.00,      6.00,0,0,0,1,1,1
H5,152,2017,901390,      6.00,      6.00,      6.00,      6.00,0,0,0,1,1,1
H5,152,2017,901410,      6.00,      6.00,      6.00,      6.00,0,0,0,1,1,1
H5,152,2017,901420,      6.00,      6.00,      6.00,      6.00,0,0,0,1,1,1
H5,152,2017,901480,      6.00,      6.00,      6.00,      6.00,0,0,0,1,1,1
H5,152,2017,901490,      6.00,      6.00,      6.00,      6.00,0,0,0,1,1,1
H5,152,2017,901510,      6.00,      6.00,      6.00,      6.00,0,0,0,1,1,1
H5,152,2017,901520,      6.00,      6.00,      6.00,      6.00,0,0,0,1,1,1
H5,152,2017,901530,      6.00,      6.00,      6.00,      6.00,0,0,0,1,1,1
H5,152,2017,901540,      6.00,      6.00,      6.00,      6.00,0,0,0,1,1,1
H5,152,2017,901580,      6.00,      6.00,      6.00,      6.00,0,0,0,1,1,1
H5,152,2017,901590,      6.00,      6.00,      6.00,      6.00,0,0,0,1,1,1
H5,152,2017,901600,      6.00,      6.00,      6.00,      6.00,0,0,0,1,1,1
H5,152,2017,901710,      6.00,      6.00,      6.00,      6.00,0,0,0,1,1,1
H5,152,2017,901720,      6.00,      6.00,      6.00,      6.00,0,0,0,1,1,1
H5,152,2017,901730,      6.00,      6.00,      6.00,      6.00,0,0,0,1,1,1
H5,152,2017,901780,      6.00,      6.00,      6.00,      6.00,0,0,0,1,1,1
H5,152,2017,901790,      6.00,      6.00,      6.00,      6.00,0,0,0,1,1,1
H5,152,2017,901811,      6.00,      6.00,      6.00,      6.00,0,0,0,1,1,1
H5,152,2017,901812,      6.00,      6.00,      6.00,      6.00,0,0,0,1,1,1
H5,152,2017,901813,      6.00,      6.00,      6.00,      6.00,0,0,0,1,1,1
H5,152,2017,901814,      6.00,      6.00,      6.00,      6.00,0,0,0,1,1,1
H5,152,2017,901819,      6.00,      6.00,      6.00,      6.00,0,0,0,1,1,1
H5,152,2017,901820,     12.00,      6.00,      6.00,      6.00,0,0,0,2,2,2
H5,152,2017,901831,     24.00,      6.00,      6.00,      6.00,0,0,0,4,4,4
H5,152,2017,901832,     12.00,      6.00,      6.00,      6.00,0,0,0,2,2,2
H5,152,2017,901839,     30.00,      6.00,      6.00,      6.00,0,0,0,5,5,5
H5,152,2017,901841,      6.00,      6.00,      6.00,      6.00,0,0,0,1,1,1
H5,152,2017,901849,     12.00,      6.00,      6.00,      6.00,0,0,0,2,2,2
H5,152,2017,901850,     12.00,      6.00,      6.00,      6.00,0,0,0,2,2,2
H5,152,2017,901890,     60.00,      6.00,      6.00,      6.00,0,0,0,10,10,10
H5,152,2017,901910,      6.00,      6.00,      6.00,      6.00,0,0,0,1,1,1
H5,152,2017,901920,     18.00,      6.00,      6.00,      6.00,0,0,0,3,3,3
H5,152,2017,902000,     42.00,      6.00,      6.00,      6.00,0,0,0,7,7,7
H5,152,2017,902110,      6.00,      6.00,      6.00,      6.00,0,0,0,1,1,1
H5,152,2017,902121,      6.00,      6.00,      6.00,      6.00,0,0,0,1,1,1
H5,152,2017,902129,     12.00,      6.00,      6.00,      6.00,0,0,0,2,2,2
H5,152,2017,902131,     18.00,      6.00,      6.00,      6.00,0,0,0,3,3,3
H5,152,2017,902139,     36.00,      6.00,      6.00,      6.00,0,0,0,6,6,6
H5,152,2017,902140,      6.00,      6.00,      6.00,      6.00,0,0,0,1,1,1
H5,152,2017,902150,     12.00,      6.00,      6.00,      6.00,0,0,0,2,2,2
H5,152,2017,902190,      6.00,      6.00,      6.00,      6.00,0,0,0,1,1,1
H5,152,2017,902212,     12.00,      6.00,      6.00,      6.00,0,0,0,2,2,2
H5,152,2017,902213,      6.00,      6.00,      6.00,      6.00,0,0,0,1,1,1
H5,152,2017,902214,     18.00,      6.00,      6.00,      6.00,0,0,0,3,3,3
H5,152,2017,902219,      6.00,      6.00,      6.00,      6.00,0,0,0,1,1,1
H5,152,2017,902221,     18.00,      6.00,      6.00,      6.00,0,0,0,3,3,3
H5,152,2017,902229,      6.00,      6.00,      6.00,      6.00,0,0,0,1,1,1
H5,152,2017,902230,      6.00,      6.00,      6.00,      6.00,0,0,0,1,1,1
H5,152,2017,902290,     18.00,      6.00,      6.00,      6.00,0,0,0,3,3,3
H5,152,2017,902300,      6.00,      6.00,      6.00,      6.00,0,0,0,1,1,1
H5,152,2017,902410,      6.00,      6.00,      6.00,      6.00,0,0,0,1,1,1
H5,152,2017,902480,      6.00,      6.00,      6.00,      6.00,0,0,0,1,1,1
H5,152,2017,902490,      6.00,      6.00,      6.00,      6.00,0,0,0,1,1,1
H5,152,2017,902511,      6.00,      6.00,      6.00,      6.00,0,0,0,1,1,1
H5,152,2017,902519,      6.00,      6.00,      6.00,      6.00,0,0,0,1,1,1
H5,152,2017,902580,      6.00,      6.00,      6.00,      6.00,0,0,0,1,1,1
H5,152,2017,902590,      6.00,      6.00,      6.00,      6.00,0,0,0,1,1,1
H5,152,2017,902610,     12.00,      6.00,      6.00,      6.00,0,0,0,2,2,2
H5,152,2017,902620,     12.00,      6.00,      6.00,      6.00,0,0,0,2,2,2
H5,152,2017,902680,      6.00,      6.00,      6.00,      6.00,0,0,0,1,1,1
H5,152,2017,902690,      6.00,      6.00,      6.00,      6.00,0,0,0,1,1,1
H5,152,2017,902710,     12.00,      6.00,      6.00,      6.00,0,0,0,2,2,2
H5,152,2017,902720,      6.00,      6.00,      6.00,      6.00,0,0,0,1,1,1
H5,152,2017,902730,      6.00,      6.00,      6.00,      6.00,0,0,0,1,1,1
H5,152,2017,902750,      6.00,      6.00,      6.00,      6.00,0,0,0,1,1,1
H5,152,2017,902780,     12.00,      6.00,      6.00,      6.00,0,0,0,2,2,2
H5,152,2017,902790,      6.00,      6.00,      6.00,      6.00,0,0,0,1,1,1
H5,152,2017,902810,     18.00,      6.00,      6.00,      6.00,0,0,0,3,3,3
H5,152,2017,902820,     12.00,      6.00,      6.00,      6.00,0,0,0,2,2,2
H5,152,2017,902830,     12.00,      6.00,      6.00,      6.00,0,0,0,2,2,2
H5,152,2017,902890,      6.00,      6.00,      6.00,      6.00,0,0,0,1,1,1
H5,152,2017,902910,      6.00,      6.00,      6.00,      6.00,0,0,0,1,1,1
H5,152,2017,902920,      6.00,      6.00,      6.00,      6.00,0,0,0,1,1,1
H5,152,2017,902990,      6.00,      6.00,      6.00,      6.00,0,0,0,1,1,1
H5,152,2017,903010,      6.00,      6.00,      6.00,      6.00,0,0,0,1,1,1
H5,152,2017,903020,      6.00,      6.00,      6.00,      6.00,0,0,0,1,1,1
H5,152,2017,903031,      6.00,      6.00,      6.00,      6.00,0,0,0,1,1,1
H5,152,2017,903032,      6.00,      6.00,      6.00,      6.00,0,0,0,1,1,1
H5,152,2017,903033,      6.00,      6.00,      6.00,      6.00,0,0,0,1,1,1
H5,152,2017,903039,      6.00,      6.00,      6.00,      6.00,0,0,0,1,1,1
H5,152,2017,903040,      6.00,      6.00,      6.00,      6.00,0,0,0,1,1,1
H5,152,2017,903082,      6.00,      6.00,      6.00,      6.00,0,0,0,1,1,1
H5,152,2017,903084,      6.00,      6.00,      6.00,      6.00,0,0,0,1,1,1
H5,152,2017,903089,      6.00,      6.00,      6.00,      6.00,0,0,0,1,1,1
H5,152,2017,903090,      6.00,      6.00,      6.00,      6.00,0,0,0,1,1,1
H5,152,2017,903110,      6.00,      6.00,      6.00,      6.00,0,0,0,1,1,1
H5,152,2017,903120,      6.00,      6.00,      6.00,      6.00,0,0,0,1,1,1
H5,152,2017,903141,      6.00,      6.00,      6.00,      6.00,0,0,0,1,1,1
H5,152,2017,903149,     12.00,      6.00,      6.00,      6.00,0,0,0,2,2,2
H5,152,2017,903180,      6.00,      6.00,      6.00,      6.00,0,0,0,1,1,1
H5,152,2017,903190,      6.00,      6.00,      6.00,      6.00,0,0,0,1,1,1
H5,152,2017,903210,      6.00,      6.00,      6.00,      6.00,0,0,0,1,1,1
H5,152,2017,903220,      6.00,      6.00,      6.00,      6.00,0,0,0,1,1,1
H5,152,2017,903281,      6.00,      6.00,      6.00,      6.00,0,0,0,1,1,1
H5,152,2017,903289,      6.00,      6.00,      6.00,      6.00,0,0,0,1,1,1
H5,152,2017,903290,      6.00,      6.00,      6.00,      6.00,0,0,0,1,1,1
H5,152,2017,903300,      6.00,      6.00,      6.00,      6.00,0,0,0,1,1,1
H5,152,2017,910111,      6.00,      6.00,      6.00,      6.00,0,0,0,1,1,1
H5,152,2017,910119,      6.00,      6.00,      6.00,      6.00,0,0,0,1,1,1
H5,152,2017,910121,      6.00,      6.00,      6.00,      6.00,0,0,0,1,1,1
H5,152,2017,910129,      6.00,      6.00,      6.00,      6.00,0,0,0,1,1,1
H5,152,2017,910191,      6.00,      6.00,      6.00,      6.00,0,0,0,1,1,1
H5,152,2017,910199,      6.00,      6.00,      6.00,      6.00,0,0,0,1,1,1
H5,152,2017,910211,      6.00,      6.00,      6.00,      6.00,0,0,0,1,1,1
H5,152,2017,910212,      6.00,      6.00,      6.00,      6.00,0,0,0,1,1,1
H5,152,2017,910219,      6.00,      6.00,      6.00,      6.00,0,0,0,1,1,1
H5,152,2017,910221,      6.00,      6.00,      6.00,      6.00,0,0,0,1,1,1
H5,152,2017,910229,      6.00,      6.00,      6.00,      6.00,0,0,0,1,1,1
H5,152,2017,910291,      6.00,      6.00,      6.00,      6.00,0,0,0,1,1,1
H5,152,2017,910299,      6.00,      6.00,      6.00,      6.00,0,0,0,1,1,1
H5,152,2017,910310,      6.00,      6.00,      6.00,      6.00,0,0,0,1,1,1
H5,152,2017,910390,      6.00,      6.00,      6.00,      6.00,0,0,0,1,1,1
H5,152,2017,910400,      6.00,      6.00,      6.00,      6.00,0,0,0,1,1,1
H5,152,2017,910511,      6.00,      6.00,      6.00,      6.00,0,0,0,1,1,1
H5,152,2017,910519,      6.00,      6.00,      6.00,      6.00,0,0,0,1,1,1
H5,152,2017,910521,      6.00,      6.00,      6.00,      6.00,0,0,0,1,1,1
H5,152,2017,910529,      6.00,      6.00,      6.00,      6.00,0,0,0,1,1,1
H5,152,2017,910591,      6.00,      6.00,      6.00,      6.00,0,0,0,1,1,1
H5,152,2017,910599,      6.00,      6.00,      6.00,      6.00,0,0,0,1,1,1
H5,152,2017,910610,      6.00,      6.00,      6.00,      6.00,0,0,0,1,1,1
H5,152,2017,910690,      6.00,      6.00,      6.00,      6.00,0,0,0,1,1,1
H5,152,2017,910700,      6.00,      6.00,      6.00,      6.00,0,0,0,1,1,1
H5,152,2017,910811,      6.00,      6.00,      6.00,      6.00,0,0,0,1,1,1
H5,152,2017,910812,      6.00,      6.00,      6.00,      6.00,0,0,0,1,1,1
H5,152,2017,910819,      6.00,      6.00,      6.00,      6.00,0,0,0,1,1,1
H5,152,2017,910820,      6.00,      6.00,      6.00,      6.00,0,0,0,1,1,1
H5,152,2017,910890,      6.00,      6.00,      6.00,      6.00,0,0,0,1,1,1
H5,152,2017,910910,      6.00,      6.00,      6.00,      6.00,0,0,0,1,1,1
H5,152,2017,910990,      6.00,      6.00,      6.00,      6.00,0,0,0,1,1,1
H5,152,2017,911011,      6.00,      6.00,      6.00,      6.00,0,0,0,1,1,1
H5,152,2017,911012,      6.00,      6.00,      6.00,      6.00,0,0,0,1,1,1
H5,152,2017,911019,      6.00,      6.00,      6.00,      6.00,0,0,0,1,1,1
H5,152,2017,911090,      6.00,      6.00,      6.00,      6.00,0,0,0,1,1,1
H5,152,2017,911110,      6.00,      6.00,      6.00,      6.00,0,0,0,1,1,1
H5,152,2017,911120,      6.00,      6.00,      6.00,      6.00,0,0,0,1,1,1
H5,152,2017,911180,      6.00,      6.00,      6.00,      6.00,0,0,0,1,1,1
H5,152,2017,911190,      6.00,      6.00,      6.00,      6.00,0,0,0,1,1,1
H5,152,2017,911220,      6.00,      6.00,      6.00,      6.00,0,0,0,1,1,1
H5,152,2017,911290,      6.00,      6.00,      6.00,      6.00,0,0,0,1,1,1
H5,152,2017,911310,      6.00,      6.00,      6.00,      6.00,0,0,0,1,1,1
H5,152,2017,911320,      6.00,      6.00,      6.00,      6.00,0,0,0,1,1,1
H5,152,2017,911390,      6.00,      6.00,      6.00,      6.00,0,0,0,1,1,1
H5,152,2017,911410,      6.00,      6.00,      6.00,      6.00,0,0,0,1,1,1
H5,152,2017,911430,      6.00,      6.00,      6.00,      6.00,0,0,0,1,1,1
H5,152,2017,911440,      6.00,      6.00,      6.00,      6.00,0,0,0,1,1,1
H5,152,2017,911490,      6.00,      6.00,      6.00,      6.00,0,0,0,1,1,1
H5,152,2017,920110,      6.00,      6.00,      6.00,      6.00,0,0,0,1,1,1
H5,152,2017,920120,      6.00,      6.00,      6.00,      6.00,0,0,0,1,1,1
H5,152,2017,920190,      6.00,      6.00,      6.00,      6.00,0,0,0,1,1,1
H5,152,2017,920210,      6.00,      6.00,      6.00,      6.00,0,0,0,1,1,1
H5,152,2017,920290,      6.00,      6.00,      6.00,      6.00,0,0,0,1,1,1
H5,152,2017,920510,      6.00,      6.00,      6.00,      6.00,0,0,0,1,1,1
H5,152,2017,920590,      6.00,      6.00,      6.00,      6.00,0,0,0,1,1,1
H5,152,2017,920600,      6.00,      6.00,      6.00,      6.00,0,0,0,1,1,1
H5,152,2017,920710,      6.00,      6.00,      6.00,      6.00,0,0,0,1,1,1
H5,152,2017,920790,      6.00,      6.00,      6.00,      6.00,0,0,0,1,1,1
H5,152,2017,920810,      6.00,      6.00,      6.00,      6.00,0,0,0,1,1,1
H5,152,2017,920890,      6.00,      6.00,      6.00,      6.00,0,0,0,1,1,1
H5,152,2017,920930,      6.00,      6.00,      6.00,      6.00,0,0,0,1,1,1
H5,152,2017,920991,      6.00,      6.00,      6.00,      6.00,0,0,0,1,1,1
H5,152,2017,920992,      6.00,      6.00,      6.00,      6.00,0,0,0,1,1,1
H5,152,2017,920994,      6.00,      6.00,      6.00,      6.00,0,0,0,1,1,1
H5,152,2017,920999,      6.00,      6.00,      6.00,      6.00,0,0,0,1,1,1
H5,152,2017,930110,      6.00,      6.00,      6.00,      6.00,0,0,0,1,1,1
H5,152,2017,930120,      6.00,      6.00,      6.00,      6.00,0,0,0,1,1,1
H5,152,2017,930190,      6.00,      6.00,      6.00,      6.00,0,0,0,1,1,1
H5,152,2017,930200,      6.00,      6.00,      6.00,      6.00,0,0,0,1,1,1
H5,152,2017,930310,      6.00,      6.00,      6.00,      6.00,0,0,0,1,1,1
H5,152,2017,930320,      6.00,      6.00,      6.00,      6.00,0,0,0,1,1,1
H5,152,2017,930330,      6.00,      6.00,      6.00,      6.00,0,0,0,1,1,1
H5,152,2017,930390,      6.00,      6.00,      6.00,      6.00,0,0,0,1,1,1
H5,152,2017,930400,      6.00,      6.00,      6.00,      6.00,0,0,0,1,1,1
H5,152,2017,930510,      6.00,      6.00,      6.00,      6.00,0,0,0,1,1,1
H5,152,2017,930520,      6.00,      6.00,      6.00,      6.00,0,0,0,1,1,1
H5,152,2017,930591,      6.00,      6.00,      6.00,      6.00,0,0,0,1,1,1
H5,152,2017,930599,      6.00,      6.00,      6.00,      6.00,0,0,0,1,1,1
H5,152,2017,930621,     12.00,      6.00,      6.00,      6.00,0,0,0,2,2,2
H5,152,2017,930629,      6.00,      6.00,      6.00,      6.00,0,0,0,1,1,1
H5,152,2017,930630,     12.00,      6.00,      6.00,      6.00,0,0,0,2,2,2
H5,152,2017,930690,     12.00,      6.00,      6.00,      6.00,0,0,0,2,2,2
H5,152,2017,930700,      6.00,      6.00,      6.00,      6.00,0,0,0,1,1,1
H5,152,2017,940110,      6.00,      6.00,      6.00,      6.00,0,0,0,1,1,1
H5,152,2017,940120,      6.00,      6.00,      6.00,      6.00,0,0,0,1,1,1
H5,152,2017,940130,      6.00,      6.00,      6.00,      6.00,0,0,0,1,1,1
H5,152,2017,940140,      6.00,      6.00,      6.00,      6.00,0,0,0,1,1,1
H5,152,2017,940152,      6.00,      6.00,      6.00,      6.00,0,0,0,1,1,1
H5,152,2017,940153,      6.00,      6.00,      6.00,      6.00,0,0,0,1,1,1
H5,152,2017,940159,      6.00,      6.00,      6.00,      6.00,0,0,0,1,1,1
H5,152,2017,940161,     24.00,      6.00,      6.00,      6.00,0,0,0,4,4,4
H5,152,2017,940169,     24.00,      6.00,      6.00,      6.00,0,0,0,4,4,4
H5,152,2017,940171,     24.00,      6.00,      6.00,      6.00,0,0,0,4,4,4
H5,152,2017,940179,     24.00,      6.00,      6.00,      6.00,0,0,0,4,4,4
H5,152,2017,940180,     24.00,      6.00,      6.00,      6.00,0,0,0,4,4,4
H5,152,2017,940190,     18.00,      6.00,      6.00,      6.00,0,0,0,3,3,3
H5,152,2017,940210,     18.00,      6.00,      6.00,      6.00,0,0,0,3,3,3
H5,152,2017,940290,     18.00,      6.00,      6.00,      6.00,0,0,0,3,3,3
H5,152,2017,940310,      6.00,      6.00,      6.00,      6.00,0,0,0,1,1,1
H5,152,2017,940320,     24.00,      6.00,      6.00,      6.00,0,0,0,4,4,4
H5,152,2017,940330,     24.00,      6.00,      6.00,      6.00,0,0,0,4,4,4
H5,152,2017,940340,      6.00,      6.00,      6.00,      6.00,0,0,0,1,1,1
H5,152,2017,940350,     30.00,      6.00,      6.00,      6.00,0,0,0,5,5,5
H5,152,2017,940360,     24.00,      6.00,      6.00,      6.00,0,0,0,4,4,4
H5,152,2017,940370,     18.00,      6.00,      6.00,      6.00,0,0,0,3,3,3
H5,152,2017,940382,      6.00,      6.00,      6.00,      6.00,0,0,0,1,1,1
H5,152,2017,940383,      6.00,      6.00,      6.00,      6.00,0,0,0,1,1,1
H5,152,2017,940389,      6.00,      6.00,      6.00,      6.00,0,0,0,1,1,1
H5,152,2017,940390,     18.00,      6.00,      6.00,      6.00,0,0,0,3,3,3
H5,152,2017,940410,      6.00,      6.00,      6.00,      6.00,0,0,0,1,1,1
H5,152,2017,940421,      6.00,      6.00,      6.00,      6.00,0,0,0,1,1,1
H5,152,2017,940429,     12.00,      6.00,      6.00,      6.00,0,0,0,2,2,2
H5,152,2017,940430,      6.00,      6.00,      6.00,      6.00,0,0,0,1,1,1
H5,152,2017,940490,     18.00,      6.00,      6.00,      6.00,0,0,0,3,3,3
H5,152,2017,940510,     24.00,      6.00,      6.00,      6.00,0,0,0,4,4,4
H5,152,2017,940520,     24.00,      6.00,      6.00,      6.00,0,0,0,4,4,4
H5,152,2017,940530,     18.00,      6.00,      6.00,      6.00,0,0,0,3,3,3
H5,152,2017,940540,     90.00,      6.00,      6.00,      6.00,0,0,0,15,15,15
H5,152,2017,940550,      6.00,      6.00,      6.00,      6.00,0,0,0,1,1,1
H5,152,2017,940560,     12.00,      6.00,      6.00,      6.00,0,0,0,2,2,2
H5,152,2017,940591,      6.00,      6.00,      6.00,      6.00,0,0,0,1,1,1
H5,152,2017,940592,      6.00,      6.00,      6.00,      6.00,0,0,0,1,1,1
H5,152,2017,940599,      6.00,      6.00,      6.00,      6.00,0,0,0,1,1,1
H5,152,2017,940610,     24.00,      6.00,      6.00,      6.00,0,0,0,4,4,4
H5,152,2017,940690,     24.00,      6.00,      6.00,      6.00,0,0,0,4,4,4
H5,152,2017,950300,     66.00,      6.00,      6.00,      6.00,0,0,0,11,11,11
H5,152,2017,950420,      6.00,      6.00,      6.00,      6.00,0,0,0,1,1,1
H5,152,2017,950430,      6.00,      6.00,      6.00,      6.00,0,0,0,1,1,1
H5,152,2017,950440,      6.00,      6.00,      6.00,      6.00,0,0,0,1,1,1
H5,152,2017,950450,      6.00,      6.00,      6.00,      6.00,0,0,0,1,1,1
H5,152,2017,950490,      6.00,      6.00,      6.00,      6.00,0,0,0,1,1,1
H5,152,2017,950510,     18.00,      6.00,      6.00,      6.00,0,0,0,3,3,3
H5,152,2017,950590,      6.00,      6.00,      6.00,      6.00,0,0,0,1,1,1
H5,152,2017,950611,      6.00,      6.00,      6.00,      6.00,0,0,0,1,1,1
H5,152,2017,950612,      6.00,      6.00,      6.00,      6.00,0,0,0,1,1,1
H5,152,2017,950619,      6.00,      6.00,      6.00,      6.00,0,0,0,1,1,1
H5,152,2017,950621,      6.00,      6.00,      6.00,      6.00,0,0,0,1,1,1
H5,152,2017,950629,      6.00,      6.00,      6.00,      6.00,0,0,0,1,1,1
H5,152,2017,950631,      6.00,      6.00,      6.00,      6.00,0,0,0,1,1,1
H5,152,2017,950632,      6.00,      6.00,      6.00,      6.00,0,0,0,1,1,1
H5,152,2017,950639,      6.00,      6.00,      6.00,      6.00,0,0,0,1,1,1
H5,152,2017,950640,      6.00,      6.00,      6.00,      6.00,0,0,0,1,1,1
H5,152,2017,950651,      6.00,      6.00,      6.00,      6.00,0,0,0,1,1,1
H5,152,2017,950659,      6.00,      6.00,      6.00,      6.00,0,0,0,1,1,1
H5,152,2017,950661,      6.00,      6.00,      6.00,      6.00,0,0,0,1,1,1
H5,152,2017,950662,     18.00,      6.00,      6.00,      6.00,0,0,0,3,3,3
H5,152,2017,950669,      6.00,      6.00,      6.00,      6.00,0,0,0,1,1,1
H5,152,2017,950670,      6.00,      6.00,      6.00,      6.00,0,0,0,1,1,1
H5,152,2017,950691,     18.00,      6.00,      6.00,      6.00,0,0,0,3,3,3
H5,152,2017,950699,     12.00,      6.00,      6.00,      6.00,0,0,0,2,2,2
H5,152,2017,950710,      6.00,      6.00,      6.00,      6.00,0,0,0,1,1,1
H5,152,2017,950720,      6.00,      6.00,      6.00,      6.00,0,0,0,1,1,1
H5,152,2017,950730,      6.00,      6.00,      6.00,      6.00,0,0,0,1,1,1
H5,152,2017,950790,      6.00,      6.00,      6.00,      6.00,0,0,0,1,1,1
H5,152,2017,950810,      6.00,      6.00,      6.00,      6.00,0,0,0,1,1,1
H5,152,2017,950890,     18.00,      6.00,      6.00,      6.00,0,0,0,3,3,3
H5,152,2017,960110,      6.00,      6.00,      6.00,      6.00,0,0,0,1,1,1
H5,152,2017,960190,      6.00,      6.00,      6.00,      6.00,0,0,0,1,1,1
H5,152,2017,960200,      6.00,      6.00,      6.00,      6.00,0,0,0,1,1,1
H5,152,2017,960310,      6.00,      6.00,      6.00,      6.00,0,0,0,1,1,1
H5,152,2017,960321,      6.00,      6.00,      6.00,      6.00,0,0,0,1,1,1
H5,152,2017,960329,      6.00,      6.00,      6.00,      6.00,0,0,0,1,1,1
H5,152,2017,960330,      6.00,      6.00,      6.00,      6.00,0,0,0,1,1,1
H5,152,2017,960340,      6.00,      6.00,      6.00,      6.00,0,0,0,1,1,1
H5,152,2017,960350,      6.00,      6.00,      6.00,      6.00,0,0,0,1,1,1
H5,152,2017,960390,      6.00,      6.00,      6.00,      6.00,0,0,0,1,1,1
H5,152,2017,960400,      6.00,      6.00,      6.00,      6.00,0,0,0,1,1,1
H5,152,2017,960500,      6.00,      6.00,      6.00,      6.00,0,0,0,1,1,1
H5,152,2017,960610,      6.00,      6.00,      6.00,      6.00,0,0,0,1,1,1
H5,152,2017,960621,      6.00,      6.00,      6.00,      6.00,0,0,0,1,1,1
H5,152,2017,960622,      6.00,      6.00,      6.00,      6.00,0,0,0,1,1,1
H5,152,2017,960629,      6.00,      6.00,      6.00,      6.00,0,0,0,1,1,1
H5,152,2017,960630,      6.00,      6.00,      6.00,      6.00,0,0,0,1,1,1
H5,152,2017,960711,      6.00,      6.00,      6.00,      6.00,0,0,0,1,1,1
H5,152,2017,960719,      6.00,      6.00,      6.00,      6.00,0,0,0,1,1,1
H5,152,2017,960720,      6.00,      6.00,      6.00,      6.00,0,0,0,1,1,1
H5,152,2017,960810,     12.00,      6.00,      6.00,      6.00,0,0,0,2,2,2
H5,152,2017,960820,     12.00,      6.00,      6.00,      6.00,0,0,0,2,2,2
H5,152,2017,960830,      6.00,      6.00,      6.00,      6.00,0,0,0,1,1,1
H5,152,2017,960840,      6.00,      6.00,      6.00,      6.00,0,0,0,1,1,1
H5,152,2017,960850,      6.00,      6.00,      6.00,      6.00,0,0,0,1,1,1
H5,152,2017,960860,      6.00,      6.00,      6.00,      6.00,0,0,0,1,1,1
H5,152,2017,960891,      6.00,      6.00,      6.00,      6.00,0,0,0,1,1,1
H5,152,2017,960899,      6.00,      6.00,      6.00,      6.00,0,0,0,1,1,1
H5,152,2017,960910,     18.00,      6.00,      6.00,      6.00,0,0,0,3,3,3
H5,152,2017,960920,      6.00,      6.00,      6.00,      6.00,0,0,0,1,1,1
H5,152,2017,960990,      6.00,      6.00,      6.00,      6.00,0,0,0,1,1,1
H5,152,2017,961000,     12.00,      6.00,      6.00,      6.00,0,0,0,2,2,2
H5,152,2017,961100,      6.00,      6.00,      6.00,      6.00,0,0,0,1,1,1
H5,152,2017,961210,     12.00,      6.00,      6.00,      6.00,0,0,0,2,2,2
H5,152,2017,961220,      6.00,      6.00,      6.00,      6.00,0,0,0,1,1,1
H5,152,2017,961310,      6.00,      6.00,      6.00,      6.00,0,0,0,1,1,1
H5,152,2017,961320,      6.00,      6.00,      6.00,      6.00,0,0,0,1,1,1
H5,152,2017,961380,      6.00,      6.00,      6.00,      6.00,0,0,0,1,1,1
H5,152,2017,961390,      6.00,      6.00,      6.00,      6.00,0,0,0,1,1,1
H5,152,2017,961400,      6.00,      6.00,      6.00,      6.00,0,0,0,1,1,1
H5,152,2017,961511,      6.00,      6.00,      6.00,      6.00,0,0,0,1,1,1
H5,152,2017,961519,      6.00,      6.00,      6.00,      6.00,0,0,0,1,1,1
H5,152,2017,961590,      6.00,      6.00,      6.00,      6.00,0,0,0,1,1,1
H5,152,2017,961610,      6.00,      6.00,      6.00,      6.00,0,0,0,1,1,1
H5,152,2017,961620,      6.00,      6.00,      6.00,      6.00,0,0,0,1,1,1
H5,152,2017,961700,     12.00,      6.00,      6.00,      6.00,0,0,0,2,2,2
H5,152,2017,961800,      6.00,      6.00,      6.00,      6.00,0,0,0,1,1,1
H5,152,2017,961900,     24.00,      6.00,      6.00,      6.00,0,0,0,4,4,4
H5,152,2017,962000,      6.00,      6.00,      6.00,      6.00,0,0,0,1,1,1
H5,152,2017,970110,      6.00,      6.00,      6.00,      6.00,0,0,0,1,1,1
H5,152,2017,970190,      6.00,      6.00,      6.00,      6.00,0,0,0,1,1,1
H5,152,2017,970200,      6.00,      6.00,      6.00,      6.00,0,0,0,1,1,1
H5,152,2017,970300,      6.00,      6.00,      6.00,      6.00,0,0,0,1,1,1
H5,152,2017,970400,      6.00,      6.00,      6.00,      6.00,0,0,0,1,1,1
H5,152,2017,970500,      6.00,      6.00,      6.00,      6.00,0,0,0,1,1,1
H5,152,2017,970600,      6.00,      6.00,      6.00,      6.00,0,0,0,1,1,1
