NomenCode,Reporter_ISO_N,Year,ProductCode,Partner,ExcludedFrom,Sum_Of_Rates,Min_Rate,Max_Rate,SimpleAverage,TotalNoOfLines,Nbr_Pref_Lines,Nbr_MFN_Lines,Nbr_NA_Lines
H5,096,2022,630420,01D,   ,      0.00,      0.00,      0.00,      0.00,1,1,0,0
H5,096,2022,090111,156,   ,      0.00,      0.00,      0.00,      0.00,2,2,0,0
H5,096,2022,090112,156,   ,      0.00,      0.00,      0.00,      0.00,2,2,0,0
H5,096,2022,090121,156,   ,      0.00,      0.00,      0.00,      0.00,2,2,0,0
H5,096,2022,090122,156,   ,      0.00,      0.00,      0.00,      0.00,2,2,0,0
H5,096,2022,090210,156,   ,      0.00,      0.00,      0.00,      0.00,2,2,0,0
H5,096,2022,090220,156,   ,      0.00,      0.00,      0.00,      0.00,2,2,0,0
H5,096,2022,090230,156,   ,      0.00,      0.00,      0.00,      0.00,2,2,0,0
H5,096,2022,090240,156,   ,      0.00,      0.00,      0.00,      0.00,2,2,0,0
H5,096,2022,271012,156,   ,      0.00,      0.00,      0.00,      0.00,22,14,8,0
H5,096,2022,271019,156,   ,      0.00,      0.00,      0.00,      0.00,16,8,8,0
H5,096,2022,340111,156,   ,      0.00,      0.00,      0.00,      0.00,4,3,1,0
H5,096,2022,340119,156,   ,      0.00,      0.00,      0.00,      0.00,2,1,1,0
H5,096,2022,340120,156,   ,      0.00,      0.00,      0.00,      0.00,3,3,0,0
H5,096,2022,340130,156,   ,      0.00,      0.00,      0.00,      0.00,1,1,0,0
H5,096,2022,340220,156,   ,      0.00,      0.00,      0.00,      0.00,4,4,0,0
H5,096,2022,340290,156,   ,      0.00,      0.00,      0.00,      0.00,10,10,0,0
H5,096,2022,340311,156,   ,      0.00,      0.00,      0.00,      0.00,3,3,0,0
H5,096,2022,340319,156,   ,      0.00,      0.00,      0.00,      0.00,4,4,0,0
H5,096,2022,340391,156,   ,      0.00,      0.00,      0.00,      0.00,3,3,0,0
H5,096,2022,340399,156,   ,      0.00,      0.00,      0.00,      0.00,4,4,0,0
H5,096,2022,340540,156,   ,      0.00,      0.00,      0.00,      0.00,2,2,0,0
H5,096,2022,440121,156,   ,      0.00,      0.00,      0.00,      0.00,1,1,0,0
H5,096,2022,440122,156,   ,      0.00,      0.00,      0.00,      0.00,1,1,0,0
H5,096,2022,440131,156,   ,      0.00,      0.00,      0.00,      0.00,1,1,0,0
H5,096,2022,440139,156,   ,      0.00,      0.00,      0.00,      0.00,1,1,0,0
H5,096,2022,440140,156,   ,      0.00,      0.00,      0.00,      0.00,1,1,0,0
H5,096,2022,440311,156,   ,      0.00,      0.00,      0.00,      0.00,2,2,0,0
H5,096,2022,440312,156,   ,      0.00,      0.00,      0.00,      0.00,2,2,0,0
H5,096,2022,440321,156,   ,      0.00,      0.00,      0.00,      0.00,2,2,0,0
H5,096,2022,440322,156,   ,      0.00,      0.00,      0.00,      0.00,2,2,0,0
H5,096,2022,440323,156,   ,      0.00,      0.00,      0.00,      0.00,2,2,0,0
H5,096,2022,440324,156,   ,      0.00,      0.00,      0.00,      0.00,2,2,0,0
H5,096,2022,440325,156,   ,      0.00,      0.00,      0.00,      0.00,2,2,0,0
H5,096,2022,440326,156,   ,      0.00,      0.00,      0.00,      0.00,2,2,0,0
H5,096,2022,440341,156,   ,      0.00,      0.00,      0.00,      0.00,2,2,0,0
H5,096,2022,440349,156,   ,      0.00,      0.00,      0.00,      0.00,2,2,0,0
H5,096,2022,440391,156,   ,      0.00,      0.00,      0.00,      0.00,2,2,0,0
H5,096,2022,440393,156,   ,      0.00,      0.00,      0.00,      0.00,2,2,0,0
H5,096,2022,440394,156,   ,      0.00,      0.00,      0.00,      0.00,2,2,0,0
H5,096,2022,440395,156,   ,      0.00,      0.00,      0.00,      0.00,2,2,0,0
H5,096,2022,440396,156,   ,      0.00,      0.00,      0.00,      0.00,2,2,0,0
H5,096,2022,440397,156,   ,      0.00,      0.00,      0.00,      0.00,2,2,0,0
H5,096,2022,440398,156,   ,      0.00,      0.00,      0.00,      0.00,2,2,0,0
H5,096,2022,440399,156,   ,      0.00,      0.00,      0.00,      0.00,2,2,0,0
H5,096,2022,440410,156,   ,      0.00,      0.00,      0.00,      0.00,1,1,0,0
H5,096,2022,440420,156,   ,      0.00,      0.00,      0.00,      0.00,2,2,0,0
H5,096,2022,440500,156,   ,      0.00,      0.00,      0.00,      0.00,2,2,0,0
H5,096,2022,440611,156,   ,      0.00,      0.00,      0.00,      0.00,1,1,0,0
H5,096,2022,440612,156,   ,      0.00,      0.00,      0.00,      0.00,1,1,0,0
H5,096,2022,440691,156,   ,      0.00,      0.00,      0.00,      0.00,1,1,0,0
H5,096,2022,440692,156,   ,      0.00,      0.00,      0.00,      0.00,1,1,0,0
H5,096,2022,440711,156,   ,      0.00,      0.00,      0.00,      0.00,1,1,0,0
H5,096,2022,440712,156,   ,      0.00,      0.00,      0.00,      0.00,1,1,0,0
H5,096,2022,440719,156,   ,      0.00,      0.00,      0.00,      0.00,1,1,0,0
H5,096,2022,440721,156,   ,      0.00,      0.00,      0.00,      0.00,2,2,0,0
H5,096,2022,440722,156,   ,      0.00,      0.00,      0.00,      0.00,2,2,0,0
H5,096,2022,440725,156,   ,      0.00,      0.00,      0.00,      0.00,4,4,0,0
H5,096,2022,440726,156,   ,      0.00,      0.00,      0.00,      0.00,2,2,0,0
H5,096,2022,440727,156,   ,      0.00,      0.00,      0.00,      0.00,2,2,0,0
H5,096,2022,440728,156,   ,      0.00,      0.00,      0.00,      0.00,2,2,0,0
H5,096,2022,440729,156,   ,      0.00,      0.00,      0.00,      0.00,24,24,0,0
H5,096,2022,440791,156,   ,      0.00,      0.00,      0.00,      0.00,2,2,0,0
H5,096,2022,440792,156,   ,      0.00,      0.00,      0.00,      0.00,2,2,0,0
H5,096,2022,440793,156,   ,      0.00,      0.00,      0.00,      0.00,2,2,0,0
H5,096,2022,440794,156,   ,      0.00,      0.00,      0.00,      0.00,2,2,0,0
H5,096,2022,440795,156,   ,      0.00,      0.00,      0.00,      0.00,2,2,0,0
H5,096,2022,440796,156,   ,      0.00,      0.00,      0.00,      0.00,2,2,0,0
H5,096,2022,440797,156,   ,      0.00,      0.00,      0.00,      0.00,2,2,0,0
H5,096,2022,440799,156,   ,      0.00,      0.00,      0.00,      0.00,2,2,0,0
H5,096,2022,440810,156,   ,      0.00,      0.00,      0.00,      0.00,3,3,0,0
H5,096,2022,440831,156,   ,      0.00,      0.00,      0.00,      0.00,1,1,0,0
H5,096,2022,440839,156,   ,      0.00,      0.00,      0.00,      0.00,3,3,0,0
H5,096,2022,440890,156,   ,      0.00,      0.00,      0.00,      0.00,2,2,0,0
H5,096,2022,440910,156,   ,      0.00,      0.00,      0.00,      0.00,1,1,0,0
H5,096,2022,440921,156,   ,      0.00,      0.00,      0.00,      0.00,1,1,0,0
H5,096,2022,440922,156,   ,      0.00,      0.00,      0.00,      0.00,1,1,0,0
H5,096,2022,440929,156,   ,      0.00,      0.00,      0.00,      0.00,1,1,0,0
H5,096,2022,441011,156,   ,      0.00,      0.00,      0.00,      0.00,1,1,0,0
H5,096,2022,441012,156,   ,      0.00,      0.00,      0.00,      0.00,1,1,0,0
H5,096,2022,441019,156,   ,      0.00,      0.00,      0.00,      0.00,1,1,0,0
H5,096,2022,441090,156,   ,      0.00,      0.00,      0.00,      0.00,1,1,0,0
H5,096,2022,441210,156,   ,      0.00,      0.00,      0.00,      0.00,1,1,0,0
H5,096,2022,441231,156,   ,      0.00,      0.00,      0.00,      0.00,1,1,0,0
H5,096,2022,441233,156,   ,      0.00,      0.00,      0.00,      0.00,1,1,0,0
H5,096,2022,441234,156,   ,      0.00,      0.00,      0.00,      0.00,1,1,0,0
H5,096,2022,441294,156,   ,      0.00,      0.00,      0.00,      0.00,1,1,0,0
H5,096,2022,441299,156,   ,      0.00,      0.00,      0.00,      0.00,4,4,0,0
H5,096,2022,441300,156,   ,      0.00,      0.00,      0.00,      0.00,1,1,0,0
H5,096,2022,441600,156,   ,      0.00,      0.00,      0.00,      0.00,2,1,1,0
H5,096,2022,441850,156,   ,      0.00,      0.00,      0.00,      0.00,1,1,0,0
H5,096,2022,441860,156,   ,      0.00,      0.00,      0.00,      0.00,1,1,0,0
H5,096,2022,441873,156,   ,      0.00,      0.00,      0.00,      0.00,2,2,0,0
H5,096,2022,441874,156,   ,      0.00,      0.00,      0.00,      0.00,1,1,0,0
H5,096,2022,441875,156,   ,      0.00,      0.00,      0.00,      0.00,1,1,0,0
H5,096,2022,441879,156,   ,      0.00,      0.00,      0.00,      0.00,1,1,0,0
H5,096,2022,441891,156,   ,      0.00,      0.00,      0.00,      0.00,1,1,0,0
H5,096,2022,441899,156,   ,      0.00,      0.00,      0.00,      0.00,2,2,0,0
H5,096,2022,442191,156,   ,      0.00,      0.00,      0.00,      0.00,7,1,6,0
H5,096,2022,442199,156,   ,      0.00,      0.00,      0.00,      0.00,11,2,9,0
H5,096,2022,460121,156,   ,      0.00,      0.00,      0.00,      0.00,1,1,0,0
H5,096,2022,460122,156,   ,      0.00,      0.00,      0.00,      0.00,1,1,0,0
H5,096,2022,460129,156,   ,      0.00,      0.00,      0.00,      0.00,1,1,0,0
H5,096,2022,460199,156,   ,      0.00,      0.00,      0.00,      0.00,4,1,3,0
H5,096,2022,590210,156,   ,      0.00,      0.00,      0.00,      0.00,4,4,0,0
H5,096,2022,590220,156,   ,      0.00,      0.00,      0.00,      0.00,3,3,0,0
H5,096,2022,590290,156,   ,      0.00,      0.00,      0.00,      0.00,2,2,0,0
H5,096,2022,590310,156,   ,      0.00,      0.00,      0.00,      0.00,2,2,0,0
H5,096,2022,590320,156,   ,      0.00,      0.00,      0.00,      0.00,1,1,0,0
H5,096,2022,590390,156,   ,      0.00,      0.00,      0.00,      0.00,2,2,0,0
H5,096,2022,590410,156,   ,      0.00,      0.00,      0.00,      0.00,1,1,0,0
H5,096,2022,590490,156,   ,      0.00,      0.00,      0.00,      0.00,1,1,0,0
H5,096,2022,590691,156,   ,      0.00,      0.00,      0.00,      0.00,1,1,0,0
H5,096,2022,590699,156,   ,      0.00,      0.00,      0.00,      0.00,2,2,0,0
H5,096,2022,590700,156,   ,      0.00,      0.00,      0.00,      0.00,6,5,1,0
H5,096,2022,630110,156,   ,      0.00,      0.00,      0.00,      0.00,1,1,0,0
H5,096,2022,630120,156,   ,      0.00,      0.00,      0.00,      0.00,1,1,0,0
H5,096,2022,630130,156,   ,      0.00,      0.00,      0.00,      0.00,2,2,0,0
H5,096,2022,630140,156,   ,      0.00,      0.00,      0.00,      0.00,2,2,0,0
H5,096,2022,630190,156,   ,      0.00,      0.00,      0.00,      0.00,2,2,0,0
H5,096,2022,630210,156,   ,      0.00,      0.00,      0.00,      0.00,1,1,0,0
H5,096,2022,630221,156,   ,      0.00,      0.00,      0.00,      0.00,1,1,0,0
H5,096,2022,630222,156,   ,      0.00,      0.00,      0.00,      0.00,2,2,0,0
H5,096,2022,630229,156,   ,      0.00,      0.00,      0.00,      0.00,1,1,0,0
H5,096,2022,630231,156,   ,      0.00,      0.00,      0.00,      0.00,1,1,0,0
H5,096,2022,630232,156,   ,      0.00,      0.00,      0.00,      0.00,2,2,0,0
H5,096,2022,630240,156,   ,      0.00,      0.00,      0.00,      0.00,1,1,0,0
H5,096,2022,630251,156,   ,      0.00,      0.00,      0.00,      0.00,2,2,0,0
H5,096,2022,630253,156,   ,      0.00,      0.00,      0.00,      0.00,1,1,0,0
H5,096,2022,630259,156,   ,      0.00,      0.00,      0.00,      0.00,2,2,0,0
H5,096,2022,630293,156,   ,      0.00,      0.00,      0.00,      0.00,1,1,0,0
H5,096,2022,630312,156,   ,      0.00,      0.00,      0.00,      0.00,1,1,0,0
H5,096,2022,630319,156,   ,      0.00,      0.00,      0.00,      0.00,2,2,0,0
H5,096,2022,630391,156,   ,      0.00,      0.00,      0.00,      0.00,1,1,0,0
H5,096,2022,630392,156,   ,      0.00,      0.00,      0.00,      0.00,1,1,0,0
H5,096,2022,630399,156,   ,      0.00,      0.00,      0.00,      0.00,1,1,0,0
H5,096,2022,630411,156,   ,      0.00,      0.00,      0.00,      0.00,1,1,0,0
H5,096,2022,630419,156,   ,      0.00,      0.00,      0.00,      0.00,3,3,0,0
H5,096,2022,630420,156,   ,      0.00,      0.00,      0.00,      0.00,1,1,0,0
H5,096,2022,630491,156,   ,      0.00,      0.00,      0.00,      0.00,2,1,1,0
H5,096,2022,630492,156,   ,      0.00,      0.00,      0.00,      0.00,1,1,0,0
H5,096,2022,630493,156,   ,      0.00,      0.00,      0.00,      0.00,1,1,0,0
H5,096,2022,630499,156,   ,      0.00,      0.00,      0.00,      0.00,1,1,0,0
H5,096,2022,630619,156,   ,      0.00,      0.00,      0.00,      0.00,3,3,0,0
H5,096,2022,630629,156,   ,      0.00,      0.00,      0.00,      0.00,2,2,0,0
H5,096,2022,630640,156,   ,      0.00,      0.00,      0.00,      0.00,2,2,0,0
H5,096,2022,630690,156,   ,      0.00,      0.00,      0.00,      0.00,3,3,0,0
H5,096,2022,630710,156,   ,      0.00,      0.00,      0.00,      0.00,3,2,1,0
H5,096,2022,631010,156,   ,      0.00,      0.00,      0.00,      0.00,2,1,1,0
H5,096,2022,631090,156,   ,      0.00,      0.00,      0.00,      0.00,2,1,1,0
H5,096,2022,640110,156,   ,      0.00,      0.00,      0.00,      0.00,1,1,0,0
H5,096,2022,640192,156,   ,      0.00,      0.00,      0.00,      0.00,1,1,0,0
H5,096,2022,640212,156,   ,      0.00,      0.00,      0.00,      0.00,1,1,0,0
H5,096,2022,640219,156,   ,      0.00,      0.00,      0.00,      0.00,2,2,0,0
H5,096,2022,640220,156,   ,      0.00,      0.00,      0.00,      0.00,1,1,0,0
H5,096,2022,640291,156,   ,      0.00,      0.00,      0.00,      0.00,3,3,0,0
H5,096,2022,640312,156,   ,      0.00,      0.00,      0.00,      0.00,1,1,0,0
H5,096,2022,640319,156,   ,      0.00,      0.00,      0.00,      0.00,4,4,0,0
H5,096,2022,640320,156,   ,      0.00,      0.00,      0.00,      0.00,1,1,0,0
H5,096,2022,640340,156,   ,      0.00,      0.00,      0.00,      0.00,1,1,0,0
H5,096,2022,640351,156,   ,      0.00,      0.00,      0.00,      0.00,1,1,0,0
H5,096,2022,640391,156,   ,      0.00,      0.00,      0.00,      0.00,3,3,0,0
H5,096,2022,640520,156,   ,      0.00,      0.00,      0.00,      0.00,1,1,0,0
H5,096,2022,640610,156,   ,      0.00,      0.00,      0.00,      0.00,2,1,1,0
H5,096,2022,640620,156,   ,      0.00,      0.00,      0.00,      0.00,2,2,0,0
H5,096,2022,640690,156,   ,      0.00,      0.00,      0.00,      0.00,11,7,4,0
H5,096,2022,852329,156,   ,      0.00,      0.00,      0.00,      0.00,32,14,18,0
H5,096,2022,852349,156,   ,      0.00,      0.00,      0.00,      0.00,11,6,5,0
H5,096,2022,852351,156,   ,      0.00,      0.00,      0.00,      0.00,8,3,5,0
H5,096,2022,852359,156,   ,      0.00,      0.00,      0.00,      0.00,6,1,5,0
H5,096,2022,852380,156,   ,      0.00,      0.00,      0.00,      0.00,6,2,4,0
H5,096,2022,920110,156,   ,      0.00,      0.00,      0.00,      0.00,1,1,0,0
H5,096,2022,920120,156,   ,      0.00,      0.00,      0.00,      0.00,1,1,0,0
H5,096,2022,920190,156,   ,      0.00,      0.00,      0.00,      0.00,1,1,0,0
H5,096,2022,920210,156,   ,      0.00,      0.00,      0.00,      0.00,1,1,0,0
H5,096,2022,920290,156,   ,      0.00,      0.00,      0.00,      0.00,1,1,0,0
H5,096,2022,920510,156,   ,      0.00,      0.00,      0.00,      0.00,1,1,0,0
H5,096,2022,920590,156,   ,      0.00,      0.00,      0.00,      0.00,2,2,0,0
H5,096,2022,920600,156,   ,      0.00,      0.00,      0.00,      0.00,1,1,0,0
H5,096,2022,920710,156,   ,      0.00,      0.00,      0.00,      0.00,1,1,0,0
H5,096,2022,920790,156,   ,      0.00,      0.00,      0.00,      0.00,1,1,0,0
H5,096,2022,920890,156,   ,      0.00,      0.00,      0.00,      0.00,2,1,1,0
H5,096,2022,920930,156,   ,      0.00,      0.00,      0.00,      0.00,1,1,0,0
H5,096,2022,920991,156,   ,      0.00,      0.00,      0.00,      0.00,2,2,0,0
H5,096,2022,920992,156,   ,      0.00,      0.00,      0.00,      0.00,1,1,0,0
H5,096,2022,920994,156,   ,      0.00,      0.00,      0.00,      0.00,1,1,0,0
H5,096,2022,920999,156,   ,      0.00,      0.00,      0.00,      0.00,1,1,0,0
H5,096,2022,940120,156,   ,      0.00,      0.00,      0.00,      0.00,2,2,0,0
H5,096,2022,940130,156,   ,      0.00,      0.00,      0.00,      0.00,1,1,0,0
H5,096,2022,940140,156,   ,      0.00,      0.00,      0.00,      0.00,1,1,0,0
H5,096,2022,940152,156,   ,      0.00,      0.00,      0.00,      0.00,1,1,0,0
H5,096,2022,940153,156,   ,      0.00,      0.00,      0.00,      0.00,1,1,0,0
H5,096,2022,940159,156,   ,      0.00,      0.00,      0.00,      0.00,1,1,0,0
H5,096,2022,940161,156,   ,      0.00,      0.00,      0.00,      0.00,1,1,0,0
H5,096,2022,940171,156,   ,      0.00,      0.00,      0.00,      0.00,1,1,0,0
H5,096,2022,940179,156,   ,      0.00,      0.00,      0.00,      0.00,2,2,0,0
H5,096,2022,940190,156,   ,      0.00,      0.00,      0.00,      0.00,6,6,0,0
H5,096,2022,940210,156,   ,      0.00,      0.00,      0.00,      0.00,2,2,0,0
H5,096,2022,940290,156,   ,      0.00,      0.00,      0.00,      0.00,3,3,0,0
H5,096,2022,940310,156,   ,      0.00,      0.00,      0.00,      0.00,1,1,0,0
H5,096,2022,940320,156,   ,      0.00,      0.00,      0.00,      0.00,2,2,0,0
H5,096,2022,940340,156,   ,      0.00,      0.00,      0.00,      0.00,1,1,0,0
H5,096,2022,940390,156,   ,      0.00,      0.00,      0.00,      0.00,2,1,1,0
H5,096,2022,940410,156,   ,      0.00,      0.00,      0.00,      0.00,1,1,0,0
H5,096,2022,940421,156,   ,      0.00,      0.00,      0.00,      0.00,2,2,0,0
H5,096,2022,940429,156,   ,      0.00,      0.00,      0.00,      0.00,3,3,0,0
H5,096,2022,940430,156,   ,      0.00,      0.00,      0.00,      0.00,1,1,0,0
H5,096,2022,940560,156,   ,      0.00,      0.00,      0.00,      0.00,2,1,1,0
H5,096,2022,940599,156,   ,      0.00,      0.00,      0.00,      0.00,6,1,5,0
H5,096,2022,950300,156,   ,      0.00,      0.00,      0.00,      0.00,14,1,13,0
H5,096,2022,950510,156,   ,      0.00,      0.00,      0.00,      0.00,1,1,0,0
H5,096,2022,950590,156,   ,      0.00,      0.00,      0.00,      0.00,1,1,0,0
H5,096,2022,950640,156,   ,      0.00,      0.00,      0.00,      0.00,2,2,0,0
H5,096,2022,090111,344,   ,,,,,2,2,0,2
H5,096,2022,090112,344,   ,,,,,2,2,0,2
H5,096,2022,090121,344,   ,,,,,2,2,0,2
H5,096,2022,090122,344,   ,,,,,2,2,0,2
H5,096,2022,090210,344,   ,,,,,2,2,0,2
H5,096,2022,090220,344,   ,,,,,2,2,0,2
H5,096,2022,090230,344,   ,,,,,2,2,0,2
H5,096,2022,090240,344,   ,,,,,2,2,0,2
H5,096,2022,271019,344,   ,      0.00,      0.00,      0.00,      0.00,16,1,15,8
H5,096,2022,340120,344,   ,     11.00,      3.00,      5.00,      3.67,3,2,1,0
H5,096,2022,340290,344,   ,     42.00,      3.00,      5.00,      4.20,10,4,6,0
H5,096,2022,340311,344,   ,,,,,3,1,2,3
H5,096,2022,340319,344,   ,,,,,4,1,3,4
H5,096,2022,340391,344,   ,,,,,3,1,2,3
H5,096,2022,340399,344,   ,,,,,4,1,3,4
H5,096,2022,440121,344,   ,      3.00,      3.00,      3.00,      3.00,1,1,0,0
H5,096,2022,440122,344,   ,      3.00,      3.00,      3.00,      3.00,1,1,0,0
H5,096,2022,440131,344,   ,      3.00,      3.00,      3.00,      3.00,1,1,0,0
H5,096,2022,440311,344,   ,      6.00,      3.00,      3.00,      3.00,2,2,0,0
H5,096,2022,440312,344,   ,      6.00,      3.00,      3.00,      3.00,2,2,0,0
H5,096,2022,440321,344,   ,      6.00,      3.00,      3.00,      3.00,2,2,0,0
H5,096,2022,440322,344,   ,      6.00,      3.00,      3.00,      3.00,2,2,0,0
H5,096,2022,440323,344,   ,      6.00,      3.00,      3.00,      3.00,2,2,0,0
H5,096,2022,440324,344,   ,      6.00,      3.00,      3.00,      3.00,2,2,0,0
H5,096,2022,440325,344,   ,      6.00,      3.00,      3.00,      3.00,2,2,0,0
H5,096,2022,440326,344,   ,      6.00,      3.00,      3.00,      3.00,2,2,0,0
H5,096,2022,440341,344,   ,      6.00,      3.00,      3.00,      3.00,2,2,0,0
H5,096,2022,440349,344,   ,      6.00,      3.00,      3.00,      3.00,2,2,0,0
H5,096,2022,440391,344,   ,      6.00,      3.00,      3.00,      3.00,2,2,0,0
H5,096,2022,440393,344,   ,      6.00,      3.00,      3.00,      3.00,2,2,0,0
H5,096,2022,440394,344,   ,      6.00,      3.00,      3.00,      3.00,2,2,0,0
H5,096,2022,440395,344,   ,      6.00,      3.00,      3.00,      3.00,2,2,0,0
H5,096,2022,440396,344,   ,      6.00,      3.00,      3.00,      3.00,2,2,0,0
H5,096,2022,440397,344,   ,      6.00,      3.00,      3.00,      3.00,2,2,0,0
H5,096,2022,440398,344,   ,      6.00,      3.00,      3.00,      3.00,2,2,0,0
H5,096,2022,440399,344,   ,      6.00,      3.00,      3.00,      3.00,2,2,0,0
H5,096,2022,440410,344,   ,      3.00,      3.00,      3.00,      3.00,1,1,0,0
H5,096,2022,440420,344,   ,      6.00,      3.00,      3.00,      3.00,2,2,0,0
H5,096,2022,440500,344,   ,      6.00,      3.00,      3.00,      3.00,2,2,0,0
H5,096,2022,440611,344,   ,      3.00,      3.00,      3.00,      3.00,1,1,0,0
H5,096,2022,440612,344,   ,      3.00,      3.00,      3.00,      3.00,1,1,0,0
H5,096,2022,440691,344,   ,      3.00,      3.00,      3.00,      3.00,1,1,0,0
H5,096,2022,440692,344,   ,      3.00,      3.00,      3.00,      3.00,1,1,0,0
H5,096,2022,440721,344,   ,      6.00,      3.00,      3.00,      3.00,2,2,0,0
H5,096,2022,440722,344,   ,      6.00,      3.00,      3.00,      3.00,2,2,0,0
H5,096,2022,440725,344,   ,     12.00,      3.00,      3.00,      3.00,4,4,0,0
H5,096,2022,440726,344,   ,      6.00,      3.00,      3.00,      3.00,2,2,0,0
H5,096,2022,440727,344,   ,      6.00,      3.00,      3.00,      3.00,2,2,0,0
H5,096,2022,440728,344,   ,      6.00,      3.00,      3.00,      3.00,2,2,0,0
H5,096,2022,440729,344,   ,     74.00,      3.00,      5.00,      3.08,24,23,1,0
H5,096,2022,440791,344,   ,      6.00,      3.00,      3.00,      3.00,2,2,0,0
H5,096,2022,440792,344,   ,      6.00,      3.00,      3.00,      3.00,2,2,0,0
H5,096,2022,440793,344,   ,      6.00,      3.00,      3.00,      3.00,2,2,0,0
H5,096,2022,440794,344,   ,      6.00,      3.00,      3.00,      3.00,2,2,0,0
H5,096,2022,440795,344,   ,      6.00,      3.00,      3.00,      3.00,2,2,0,0
H5,096,2022,440796,344,   ,      8.00,      3.00,      5.00,      4.00,2,1,1,0
H5,096,2022,440797,344,   ,      8.00,      3.00,      5.00,      4.00,2,1,1,0
H5,096,2022,440799,344,   ,      8.00,      3.00,      5.00,      4.00,2,1,1,0
H5,096,2022,440810,344,   ,      9.00,      3.00,      3.00,      3.00,3,3,0,0
H5,096,2022,440831,344,   ,      3.00,      3.00,      3.00,      3.00,1,1,0,0
H5,096,2022,440839,344,   ,      9.00,      3.00,      3.00,      3.00,3,3,0,0
H5,096,2022,440890,344,   ,      6.00,      3.00,      3.00,      3.00,2,2,0,0
H5,096,2022,440921,344,   ,      3.00,      3.00,      3.00,      3.00,1,1,0,0
H5,096,2022,441012,344,   ,      3.00,      3.00,      3.00,      3.00,1,1,0,0
H5,096,2022,441019,344,   ,      3.00,      3.00,      3.00,      3.00,1,1,0,0
H5,096,2022,441300,344,   ,      3.00,      3.00,      3.00,      3.00,1,1,0,0
H5,096,2022,441600,344,   ,      3.00,      0.00,      3.00,      1.50,2,1,1,0
H5,096,2022,441850,344,   ,      3.00,      3.00,      3.00,      3.00,1,1,0,0
H5,096,2022,441860,344,   ,      3.00,      3.00,      3.00,      3.00,1,1,0,0
H5,096,2022,441873,344,   ,      8.00,      3.00,      5.00,      4.00,2,1,1,0
H5,096,2022,441874,344,   ,      3.00,      3.00,      3.00,      3.00,1,1,0,0
H5,096,2022,441891,344,   ,      3.00,      3.00,      3.00,      3.00,1,1,0,0
H5,096,2022,441899,344,   ,      8.00,      3.00,      5.00,      4.00,2,1,1,0
H5,096,2022,442191,344,   ,      3.00,      0.00,      3.00,      0.43,7,1,6,0
H5,096,2022,442199,344,   ,      6.00,      0.00,      3.00,      0.55,11,2,9,0
H5,096,2022,460121,344,   ,      7.00,      7.00,      7.00,      7.00,1,1,0,0
H5,096,2022,460122,344,   ,      7.00,      7.00,      7.00,      7.00,1,1,0,0
H5,096,2022,460129,344,   ,      7.00,      7.00,      7.00,      7.00,1,1,0,0
H5,096,2022,590210,344,   ,     31.00,      7.00,     10.00,      7.75,4,3,1,0
H5,096,2022,590220,344,   ,     21.00,      7.00,      7.00,      7.00,3,3,0,0
H5,096,2022,590290,344,   ,     14.00,      7.00,      7.00,      7.00,2,2,0,0
H5,096,2022,590320,344,   ,      7.00,      7.00,      7.00,      7.00,1,1,0,0
H5,096,2022,590490,344,   ,      7.00,      7.00,      7.00,      7.00,1,1,0,0
H5,096,2022,590691,344,   ,      7.00,      7.00,      7.00,      7.00,1,1,0,0
H5,096,2022,590699,344,   ,     14.00,      7.00,      7.00,      7.00,2,2,0,0
H5,096,2022,590700,344,   ,     35.00,      0.00,      7.00,      5.83,6,5,1,0
H5,096,2022,630110,344,   ,      3.00,      3.00,      3.00,      3.00,1,1,0,0
H5,096,2022,630140,344,   ,      6.00,      3.00,      3.00,      3.00,2,2,0,0
H5,096,2022,630229,344,   ,      3.00,      3.00,      3.00,      3.00,1,1,0,0
H5,096,2022,630232,344,   ,      8.00,      3.00,      5.00,      4.00,2,1,1,0
H5,096,2022,630253,344,   ,      3.00,      3.00,      3.00,      3.00,1,1,0,0
H5,096,2022,630312,344,   ,      3.00,      3.00,      3.00,      3.00,1,1,0,0
H5,096,2022,630419,344,   ,     13.00,      3.00,      5.00,      4.33,3,1,2,0
H5,096,2022,630420,344,   ,      0.00,      0.00,      0.00,      0.00,1,1,0,0
H5,096,2022,630619,344,   ,     11.00,      3.00,      5.00,      3.67,3,2,1,0
H5,096,2022,630640,344,   ,      6.00,      3.00,      3.00,      3.00,2,2,0,0
H5,096,2022,630690,344,   ,      9.00,      3.00,      3.00,      3.00,3,3,0,0
H5,096,2022,630710,344,   ,      8.00,      0.00,      5.00,      2.67,3,1,2,0
H5,096,2022,631010,344,   ,      3.00,      0.00,      3.00,      1.50,2,1,1,0
H5,096,2022,640219,344,   ,      8.00,      3.00,      5.00,      4.00,2,1,1,0
H5,096,2022,640291,344,   ,     11.00,      3.00,      5.00,      3.67,3,2,1,0
H5,096,2022,640312,344,   ,      3.00,      3.00,      3.00,      3.00,1,1,0,0
H5,096,2022,640319,344,   ,     18.00,      3.00,      5.00,      4.50,4,1,3,0
H5,096,2022,640411,344,   ,     13.00,      3.00,      5.00,      4.33,3,1,2,0
H5,096,2022,640610,344,   ,      3.00,      0.00,      3.00,      1.50,2,1,1,0
H5,096,2022,640620,344,   ,      0.00,      0.00,      0.00,      0.00,2,2,0,0
H5,096,2022,640690,344,   ,     25.00,      0.00,      5.00,      2.27,11,5,6,0
H5,096,2022,852329,344,   ,     46.00,      0.00,      5.00,      1.44,32,12,20,0
H5,096,2022,852349,344,   ,     28.00,      0.00,      5.00,      2.55,11,1,10,0
H5,096,2022,852351,344,   ,      9.00,      0.00,      3.00,      1.13,8,3,5,0
H5,096,2022,852359,344,   ,      3.00,      0.00,      3.00,      0.50,6,1,5,0
H5,096,2022,852380,344,   ,      8.00,      0.00,      5.00,      1.33,6,1,5,0
H5,096,2022,920510,344,   ,      7.00,      7.00,      7.00,      7.00,1,1,0,0
H5,096,2022,920710,344,   ,      7.00,      7.00,      7.00,      7.00,1,1,0,0
H5,096,2022,920930,344,   ,      7.00,      7.00,      7.00,      7.00,1,1,0,0
H5,096,2022,920991,344,   ,     14.00,      7.00,      7.00,      7.00,2,2,0,0
H5,096,2022,940190,344,   ,     24.00,      3.00,      5.00,      4.00,6,3,3,0
H5,096,2022,940210,344,   ,      8.00,      3.00,      5.00,      4.00,2,1,1,0
H5,096,2022,940370,344,   ,      8.00,      0.00,      5.00,      2.67,3,1,2,0
H5,096,2022,940540,344,   ,     38.00,      3.00,      5.00,      4.75,8,1,7,0
H5,096,2022,940599,344,   ,      3.00,      0.00,      3.00,      0.50,6,1,5,0
H5,096,2022,090111,356,   ,,,,,2,2,0,2
H5,096,2022,090112,356,   ,,,,,2,2,0,2
H5,096,2022,090121,356,   ,,,,,2,2,0,2
H5,096,2022,090122,356,   ,,,,,2,2,0,2
H5,096,2022,090220,356,   ,,,,,2,2,0,2
H5,096,2022,090230,356,   ,,,,,2,2,0,2
H5,096,2022,090240,356,   ,,,,,2,2,0,2
H5,096,2022,210690,356,   ,      0.00,      0.00,      0.00,      0.00,30,7,23,0
H5,096,2022,340119,356,   ,      4.00,      0.00,      4.00,      2.00,2,1,1,0
H5,096,2022,340130,356,   ,      4.00,      4.00,      4.00,      4.00,1,1,0,0
H5,096,2022,340290,356,   ,     40.00,      4.00,      4.00,      4.00,10,10,0,0
H5,096,2022,440121,356,   ,      0.00,      0.00,      0.00,      0.00,1,1,0,0
H5,096,2022,440122,356,   ,      0.00,      0.00,      0.00,      0.00,1,1,0,0
H5,096,2022,440131,356,   ,      0.00,      0.00,      0.00,      0.00,1,1,0,0
H5,096,2022,440139,356,   ,      0.00,      0.00,      0.00,      0.00,1,1,0,0
H5,096,2022,440140,356,   ,      0.00,      0.00,      0.00,      0.00,1,1,0,0
H5,096,2022,440311,356,   ,      0.00,      0.00,      0.00,      0.00,2,2,0,0
H5,096,2022,440312,356,   ,      0.00,      0.00,      0.00,      0.00,2,2,0,0
H5,096,2022,440321,356,   ,      0.00,      0.00,      0.00,      0.00,2,2,0,0
H5,096,2022,440322,356,   ,      0.00,      0.00,      0.00,      0.00,2,2,0,0
H5,096,2022,440323,356,   ,      0.00,      0.00,      0.00,      0.00,2,2,0,0
H5,096,2022,440324,356,   ,      0.00,      0.00,      0.00,      0.00,2,2,0,0
H5,096,2022,440325,356,   ,      0.00,      0.00,      0.00,      0.00,2,2,0,0
H5,096,2022,440326,356,   ,      0.00,      0.00,      0.00,      0.00,2,2,0,0
H5,096,2022,440341,356,   ,      0.00,      0.00,      0.00,      0.00,2,2,0,0
H5,096,2022,440349,356,   ,      0.00,      0.00,      0.00,      0.00,2,2,0,0
H5,096,2022,440391,356,   ,      0.00,      0.00,      0.00,      0.00,2,2,0,0
H5,096,2022,440393,356,   ,      0.00,      0.00,      0.00,      0.00,2,2,0,0
H5,096,2022,440394,356,   ,      0.00,      0.00,      0.00,      0.00,2,2,0,0
H5,096,2022,440395,356,   ,      0.00,      0.00,      0.00,      0.00,2,2,0,0
H5,096,2022,440396,356,   ,      0.00,      0.00,      0.00,      0.00,2,2,0,0
H5,096,2022,440397,356,   ,      0.00,      0.00,      0.00,      0.00,2,2,0,0
H5,096,2022,440398,356,   ,      0.00,      0.00,      0.00,      0.00,2,2,0,0
H5,096,2022,440399,356,   ,      0.00,      0.00,      0.00,      0.00,2,2,0,0
H5,096,2022,440410,356,   ,      0.00,      0.00,      0.00,      0.00,1,1,0,0
H5,096,2022,440420,356,   ,      0.00,      0.00,      0.00,      0.00,2,2,0,0
H5,096,2022,440500,356,   ,      0.00,      0.00,      0.00,      0.00,2,2,0,0
H5,096,2022,440611,356,   ,      0.00,      0.00,      0.00,      0.00,1,1,0,0
H5,096,2022,440612,356,   ,      0.00,      0.00,      0.00,      0.00,1,1,0,0
H5,096,2022,440691,356,   ,      0.00,      0.00,      0.00,      0.00,1,1,0,0
H5,096,2022,440692,356,   ,      0.00,      0.00,      0.00,      0.00,1,1,0,0
H5,096,2022,440711,356,   ,      0.00,      0.00,      0.00,      0.00,1,1,0,0
H5,096,2022,440712,356,   ,      0.00,      0.00,      0.00,      0.00,1,1,0,0
H5,096,2022,440719,356,   ,      0.00,      0.00,      0.00,      0.00,1,1,0,0
H5,096,2022,440721,356,   ,      0.00,      0.00,      0.00,      0.00,2,2,0,0
H5,096,2022,440722,356,   ,      0.00,      0.00,      0.00,      0.00,2,2,0,0
H5,096,2022,440725,356,   ,      0.00,      0.00,      0.00,      0.00,4,4,0,0
H5,096,2022,440726,356,   ,      0.00,      0.00,      0.00,      0.00,2,2,0,0
H5,096,2022,440727,356,   ,      0.00,      0.00,      0.00,      0.00,2,2,0,0
H5,096,2022,440728,356,   ,      0.00,      0.00,      0.00,      0.00,2,2,0,0
H5,096,2022,440729,356,   ,      0.00,      0.00,      0.00,      0.00,24,24,0,0
H5,096,2022,440791,356,   ,      0.00,      0.00,      0.00,      0.00,2,2,0,0
H5,096,2022,440792,356,   ,      0.00,      0.00,      0.00,      0.00,2,2,0,0
H5,096,2022,440793,356,   ,      0.00,      0.00,      0.00,      0.00,2,2,0,0
H5,096,2022,440794,356,   ,      0.00,      0.00,      0.00,      0.00,2,2,0,0
H5,096,2022,440795,356,   ,      0.00,      0.00,      0.00,      0.00,2,2,0,0
H5,096,2022,440796,356,   ,      0.00,      0.00,      0.00,      0.00,2,2,0,0
H5,096,2022,440797,356,   ,      0.00,      0.00,      0.00,      0.00,2,2,0,0
H5,096,2022,440799,356,   ,      0.00,      0.00,      0.00,      0.00,2,2,0,0
H5,096,2022,440810,356,   ,      0.00,      0.00,      0.00,      0.00,3,3,0,0
H5,096,2022,440831,356,   ,      0.00,      0.00,      0.00,      0.00,1,1,0,0
H5,096,2022,440839,356,   ,      0.00,      0.00,      0.00,      0.00,3,3,0,0
H5,096,2022,440890,356,   ,      0.00,      0.00,      0.00,      0.00,2,2,0,0
H5,096,2022,440910,356,   ,      0.00,      0.00,      0.00,      0.00,1,1,0,0
H5,096,2022,440921,356,   ,      0.00,      0.00,      0.00,      0.00,1,1,0,0
H5,096,2022,440922,356,   ,      0.00,      0.00,      0.00,      0.00,1,1,0,0
H5,096,2022,440929,356,   ,      0.00,      0.00,      0.00,      0.00,1,1,0,0
H5,096,2022,441011,356,   ,      0.00,      0.00,      0.00,      0.00,1,1,0,0
H5,096,2022,441012,356,   ,      0.00,      0.00,      0.00,      0.00,1,1,0,0
H5,096,2022,441019,356,   ,      0.00,      0.00,      0.00,      0.00,1,1,0,0
H5,096,2022,441090,356,   ,      0.00,      0.00,      0.00,      0.00,1,1,0,0
H5,096,2022,441210,356,   ,      0.00,      0.00,      0.00,      0.00,1,1,0,0
H5,096,2022,441231,356,   ,      0.00,      0.00,      0.00,      0.00,1,1,0,0
H5,096,2022,441233,356,   ,      0.00,      0.00,      0.00,      0.00,1,1,0,0
H5,096,2022,441234,356,   ,      0.00,      0.00,      0.00,      0.00,1,1,0,0
H5,096,2022,441239,356,   ,      0.00,      0.00,      0.00,      0.00,1,1,0,0
H5,096,2022,441294,356,   ,      0.00,      0.00,      0.00,      0.00,1,1,0,0
H5,096,2022,441299,356,   ,      0.00,      0.00,      0.00,      0.00,4,4,0,0
H5,096,2022,441300,356,   ,      0.00,      0.00,      0.00,      0.00,1,1,0,0
H5,096,2022,441600,356,   ,      4.00,      0.00,      4.00,      2.00,2,1,1,0
H5,096,2022,441850,356,   ,      0.00,      0.00,      0.00,      0.00,1,1,0,0
H5,096,2022,441860,356,   ,      0.00,      0.00,      0.00,      0.00,1,1,0,0
H5,096,2022,441873,356,   ,      0.00,      0.00,      0.00,      0.00,2,2,0,0
H5,096,2022,441874,356,   ,      0.00,      0.00,      0.00,      0.00,1,1,0,0
H5,096,2022,441875,356,   ,      0.00,      0.00,      0.00,      0.00,1,1,0,0
H5,096,2022,441879,356,   ,      0.00,      0.00,      0.00,      0.00,1,1,0,0
H5,096,2022,441891,356,   ,      0.00,      0.00,      0.00,      0.00,1,1,0,0
H5,096,2022,441899,356,   ,      0.00,      0.00,      0.00,      0.00,2,2,0,0
H5,096,2022,442191,356,   ,      4.00,      0.00,      4.00,      0.57,7,1,6,0
H5,096,2022,442199,356,   ,      8.00,      0.00,      4.00,      0.73,11,2,9,0
H5,096,2022,630110,356,   ,      0.00,      0.00,      0.00,      0.00,1,1,0,0
H5,096,2022,640212,356,   ,      4.00,      4.00,      4.00,      4.00,1,1,0,0
H5,096,2022,640312,356,   ,      4.00,      4.00,      4.00,      4.00,1,1,0,0
H5,096,2022,640319,356,   ,     16.00,      4.00,      4.00,      4.00,4,4,0,0
H5,096,2022,640391,356,   ,     12.00,      4.00,      4.00,      4.00,3,3,0,0
H5,096,2022,640399,356,   ,     12.00,      4.00,      4.00,      4.00,3,3,0,0
H5,096,2022,640690,356,   ,     34.00,      0.00,      5.00,      3.09,11,1,10,0
H5,096,2022,852329,356,   ,      0.00,      0.00,      0.00,      0.00,32,14,18,0
H5,096,2022,852349,356,   ,      0.00,      0.00,      0.00,      0.00,11,6,5,0
H5,096,2022,852351,356,   ,      0.00,      0.00,      0.00,      0.00,8,3,5,0
H5,096,2022,852359,356,   ,      0.00,      0.00,      0.00,      0.00,6,1,5,0
H5,096,2022,852380,356,   ,      0.00,      0.00,      0.00,      0.00,6,2,4,0
H5,096,2022,920110,356,   ,      5.00,      5.00,      5.00,      5.00,1,1,0,0
H5,096,2022,920120,356,   ,      5.00,      5.00,      5.00,      5.00,1,1,0,0
H5,096,2022,920190,356,   ,      5.00,      5.00,      5.00,      5.00,1,1,0,0
H5,096,2022,920210,356,   ,      5.00,      5.00,      5.00,      5.00,1,1,0,0
H5,096,2022,920290,356,   ,      5.00,      5.00,      5.00,      5.00,1,1,0,0
H5,096,2022,920510,356,   ,      5.00,      5.00,      5.00,      5.00,1,1,0,0
H5,096,2022,920590,356,   ,     10.00,      5.00,      5.00,      5.00,2,2,0,0
H5,096,2022,920710,356,   ,      5.00,      5.00,      5.00,      5.00,1,1,0,0
H5,096,2022,920790,356,   ,      5.00,      5.00,      5.00,      5.00,1,1,0,0
H5,096,2022,920890,356,   ,      5.00,      0.00,      5.00,      2.50,2,1,1,0
H5,096,2022,920930,356,   ,      5.00,      5.00,      5.00,      5.00,1,1,0,0
H5,096,2022,920991,356,   ,     10.00,      5.00,      5.00,      5.00,2,2,0,0
H5,096,2022,920992,356,   ,      5.00,      5.00,      5.00,      5.00,1,1,0,0
H5,096,2022,920994,356,   ,      5.00,      5.00,      5.00,      5.00,1,1,0,0
H5,096,2022,920999,356,   ,      5.00,      5.00,      5.00,      5.00,1,1,0,0
H5,096,2022,940120,356,   ,      8.00,      4.00,      4.00,      4.00,2,2,0,0
H5,096,2022,940130,356,   ,      4.00,      4.00,      4.00,      4.00,1,1,0,0
H5,096,2022,940140,356,   ,      4.00,      4.00,      4.00,      4.00,1,1,0,0
H5,096,2022,940152,356,   ,      4.00,      4.00,      4.00,      4.00,1,1,0,0
H5,096,2022,940153,356,   ,      4.00,      4.00,      4.00,      4.00,1,1,0,0
H5,096,2022,940159,356,   ,      4.00,      4.00,      4.00,      4.00,1,1,0,0
H5,096,2022,940161,356,   ,      4.00,      4.00,      4.00,      4.00,1,1,0,0
H5,096,2022,940169,356,   ,      8.00,      4.00,      4.00,      4.00,2,2,0,0
H5,096,2022,940171,356,   ,      4.00,      4.00,      4.00,      4.00,1,1,0,0
H5,096,2022,940180,356,   ,      4.00,      4.00,      4.00,      4.00,1,1,0,0
H5,096,2022,940190,356,   ,     24.00,      4.00,      4.00,      4.00,6,6,0,0
H5,096,2022,940290,356,   ,     12.00,      4.00,      4.00,      4.00,3,3,0,0
H5,096,2022,940340,356,   ,      4.00,      4.00,      4.00,      4.00,1,1,0,0
H5,096,2022,940370,356,   ,      8.00,      0.00,      4.00,      2.67,3,2,1,0
H5,096,2022,940390,356,   ,      4.00,      0.00,      4.00,      2.00,2,1,1,0
H5,096,2022,940410,356,   ,      4.00,      4.00,      4.00,      4.00,1,1,0,0
H5,096,2022,940421,356,   ,      8.00,      4.00,      4.00,      4.00,2,2,0,0
H5,096,2022,940429,356,   ,     12.00,      4.00,      4.00,      4.00,3,3,0,0
H5,096,2022,940430,356,   ,      4.00,      4.00,      4.00,      4.00,1,1,0,0
H5,096,2022,940530,356,   ,      0.00,      0.00,      0.00,      0.00,1,1,0,0
H5,096,2022,950300,356,   ,      0.00,      0.00,      0.00,      0.00,14,1,13,0
H5,096,2022,950590,356,   ,      5.00,      5.00,      5.00,      5.00,1,1,0,0
H5,096,2022,950640,356,   ,      0.00,      0.00,      0.00,      0.00,2,2,0,0
H5,096,2022,090111,392,   ,      0.00,      0.00,      0.00,      0.00,2,2,0,0
H5,096,2022,090112,392,   ,      0.00,      0.00,      0.00,      0.00,2,2,0,0
H5,096,2022,090121,392,   ,      0.00,      0.00,      0.00,      0.00,2,2,0,0
H5,096,2022,090122,392,   ,      0.00,      0.00,      0.00,      0.00,2,2,0,0
H5,096,2022,090210,392,   ,      0.00,      0.00,      0.00,      0.00,2,2,0,0
H5,096,2022,090220,392,   ,      0.00,      0.00,      0.00,      0.00,2,2,0,0
H5,096,2022,090230,392,   ,      0.00,      0.00,      0.00,      0.00,2,2,0,0
H5,096,2022,090240,392,   ,      0.00,      0.00,      0.00,      0.00,2,2,0,0
H5,096,2022,271012,392,   ,      0.00,      0.00,      0.00,      0.00,22,14,8,0
H5,096,2022,271019,392,   ,      0.00,      0.00,      0.00,      0.00,16,8,8,0
H5,096,2022,340111,392,   ,      0.00,      0.00,      0.00,      0.00,4,3,1,0
H5,096,2022,340119,392,   ,      0.00,      0.00,      0.00,      0.00,2,1,1,0
H5,096,2022,340120,392,   ,      0.00,      0.00,      0.00,      0.00,3,3,0,0
H5,096,2022,340130,392,   ,      0.00,      0.00,      0.00,      0.00,1,1,0,0
H5,096,2022,340220,392,   ,      0.00,      0.00,      0.00,      0.00,4,4,0,0
H5,096,2022,340290,392,   ,      0.00,      0.00,      0.00,      0.00,10,10,0,0
H5,096,2022,340311,392,   ,      0.00,      0.00,      0.00,      0.00,3,3,0,0
H5,096,2022,340319,392,   ,      0.00,      0.00,      0.00,      0.00,4,4,0,0
H5,096,2022,340391,392,   ,      0.00,      0.00,      0.00,      0.00,3,3,0,0
H5,096,2022,340399,392,   ,      0.00,      0.00,      0.00,      0.00,4,4,0,0
H5,096,2022,340540,392,   ,      0.00,      0.00,      0.00,      0.00,2,2,0,0
H5,096,2022,440121,392,   ,      0.00,      0.00,      0.00,      0.00,1,1,0,0
H5,096,2022,440122,392,   ,      0.00,      0.00,      0.00,      0.00,1,1,0,0
H5,096,2022,440131,392,   ,      0.00,      0.00,      0.00,      0.00,1,1,0,0
H5,096,2022,440139,392,   ,      0.00,      0.00,      0.00,      0.00,1,1,0,0
H5,096,2022,440140,392,   ,      0.00,      0.00,      0.00,      0.00,1,1,0,0
H5,096,2022,440311,392,   ,      0.00,      0.00,      0.00,      0.00,2,2,0,0
H5,096,2022,440312,392,   ,      0.00,      0.00,      0.00,      0.00,2,2,0,0
H5,096,2022,440321,392,   ,      0.00,      0.00,      0.00,      0.00,2,2,0,0
H5,096,2022,440322,392,   ,      0.00,      0.00,      0.00,      0.00,2,2,0,0
H5,096,2022,440323,392,   ,      0.00,      0.00,      0.00,      0.00,2,2,0,0
H5,096,2022,440324,392,   ,      0.00,      0.00,      0.00,      0.00,2,2,0,0
H5,096,2022,440325,392,   ,      0.00,      0.00,      0.00,      0.00,2,2,0,0
H5,096,2022,440326,392,   ,      0.00,      0.00,      0.00,      0.00,2,2,0,0
H5,096,2022,440341,392,   ,      0.00,      0.00,      0.00,      0.00,2,2,0,0
H5,096,2022,440349,392,   ,      0.00,      0.00,      0.00,      0.00,2,2,0,0
H5,096,2022,440391,392,   ,      0.00,      0.00,      0.00,      0.00,2,2,0,0
H5,096,2022,440393,392,   ,      0.00,      0.00,      0.00,      0.00,2,2,0,0
H5,096,2022,440394,392,   ,      0.00,      0.00,      0.00,      0.00,2,2,0,0
H5,096,2022,440395,392,   ,      0.00,      0.00,      0.00,      0.00,2,2,0,0
H5,096,2022,440396,392,   ,      0.00,      0.00,      0.00,      0.00,2,2,0,0
H5,096,2022,440397,392,   ,      0.00,      0.00,      0.00,      0.00,2,2,0,0
H5,096,2022,440398,392,   ,      0.00,      0.00,      0.00,      0.00,2,2,0,0
H5,096,2022,440399,392,   ,      0.00,      0.00,      0.00,      0.00,2,2,0,0
H5,096,2022,440410,392,   ,      0.00,      0.00,      0.00,      0.00,1,1,0,0
H5,096,2022,440420,392,   ,      0.00,      0.00,      0.00,      0.00,2,2,0,0
H5,096,2022,440500,392,   ,      0.00,      0.00,      0.00,      0.00,2,2,0,0
H5,096,2022,440611,392,   ,      0.00,      0.00,      0.00,      0.00,1,1,0,0
H5,096,2022,440612,392,   ,      0.00,      0.00,      0.00,      0.00,1,1,0,0
H5,096,2022,440691,392,   ,      0.00,      0.00,      0.00,      0.00,1,1,0,0
H5,096,2022,440692,392,   ,      0.00,      0.00,      0.00,      0.00,1,1,0,0
H5,096,2022,440711,392,   ,      0.00,      0.00,      0.00,      0.00,1,1,0,0
H5,096,2022,440712,392,   ,      0.00,      0.00,      0.00,      0.00,1,1,0,0
H5,096,2022,440719,392,   ,      0.00,      0.00,      0.00,      0.00,1,1,0,0
H5,096,2022,440721,392,   ,      0.00,      0.00,      0.00,      0.00,2,2,0,0
H5,096,2022,440722,392,   ,      0.00,      0.00,      0.00,      0.00,2,2,0,0
H5,096,2022,440725,392,   ,      0.00,      0.00,      0.00,      0.00,4,4,0,0
H5,096,2022,440726,392,   ,      0.00,      0.00,      0.00,      0.00,2,2,0,0
H5,096,2022,440727,392,   ,      0.00,      0.00,      0.00,      0.00,2,2,0,0
H5,096,2022,440728,392,   ,      0.00,      0.00,      0.00,      0.00,2,2,0,0
H5,096,2022,440729,392,   ,      0.00,      0.00,      0.00,      0.00,24,24,0,0
H5,096,2022,440791,392,   ,      0.00,      0.00,      0.00,      0.00,2,2,0,0
H5,096,2022,440792,392,   ,      0.00,      0.00,      0.00,      0.00,2,2,0,0
H5,096,2022,440793,392,   ,      0.00,      0.00,      0.00,      0.00,2,2,0,0
H5,096,2022,440794,392,   ,      0.00,      0.00,      0.00,      0.00,2,2,0,0
H5,096,2022,440795,392,   ,      0.00,      0.00,      0.00,      0.00,2,2,0,0
H5,096,2022,440796,392,   ,      0.00,      0.00,      0.00,      0.00,2,2,0,0
H5,096,2022,440797,392,   ,      0.00,      0.00,      0.00,      0.00,2,2,0,0
H5,096,2022,440799,392,   ,      0.00,      0.00,      0.00,      0.00,2,2,0,0
H5,096,2022,440810,392,   ,      0.00,      0.00,      0.00,      0.00,3,3,0,0
H5,096,2022,440831,392,   ,      0.00,      0.00,      0.00,      0.00,1,1,0,0
H5,096,2022,440839,392,   ,      0.00,      0.00,      0.00,      0.00,3,3,0,0
H5,096,2022,440890,392,   ,      0.00,      0.00,      0.00,      0.00,2,2,0,0
H5,096,2022,440910,392,   ,      0.00,      0.00,      0.00,      0.00,1,1,0,0
H5,096,2022,440921,392,   ,      0.00,      0.00,      0.00,      0.00,1,1,0,0
H5,096,2022,440922,392,   ,      0.00,      0.00,      0.00,      0.00,1,1,0,0
H5,096,2022,440929,392,   ,      0.00,      0.00,      0.00,      0.00,1,1,0,0
H5,096,2022,441011,392,   ,      0.00,      0.00,      0.00,      0.00,1,1,0,0
H5,096,2022,441012,392,   ,      0.00,      0.00,      0.00,      0.00,1,1,0,0
H5,096,2022,441019,392,   ,      0.00,      0.00,      0.00,      0.00,1,1,0,0
H5,096,2022,441090,392,   ,      0.00,      0.00,      0.00,      0.00,1,1,0,0
H5,096,2022,441210,392,   ,      0.00,      0.00,      0.00,      0.00,1,1,0,0
H5,096,2022,441231,392,   ,      0.00,      0.00,      0.00,      0.00,1,1,0,0
H5,096,2022,441233,392,   ,      0.00,      0.00,      0.00,      0.00,1,1,0,0
H5,096,2022,441234,392,   ,      0.00,      0.00,      0.00,      0.00,1,1,0,0
H5,096,2022,441239,392,   ,      0.00,      0.00,      0.00,      0.00,1,1,0,0
H5,096,2022,441294,392,   ,      0.00,      0.00,      0.00,      0.00,1,1,0,0
H5,096,2022,441299,392,   ,      0.00,      0.00,      0.00,      0.00,4,4,0,0
H5,096,2022,441300,392,   ,      0.00,      0.00,      0.00,      0.00,1,1,0,0
H5,096,2022,441600,392,   ,      0.00,      0.00,      0.00,      0.00,2,1,1,0
H5,096,2022,441850,392,   ,      0.00,      0.00,      0.00,      0.00,1,1,0,0
H5,096,2022,441860,392,   ,      0.00,      0.00,      0.00,      0.00,1,1,0,0
H5,096,2022,441873,392,   ,      0.00,      0.00,      0.00,      0.00,2,2,0,0
H5,096,2022,441874,392,   ,      0.00,      0.00,      0.00,      0.00,1,1,0,0
H5,096,2022,441875,392,   ,      0.00,      0.00,      0.00,      0.00,1,1,0,0
H5,096,2022,441879,392,   ,      0.00,      0.00,      0.00,      0.00,1,1,0,0
H5,096,2022,441891,392,   ,      0.00,      0.00,      0.00,      0.00,1,1,0,0
H5,096,2022,441899,392,   ,      0.00,      0.00,      0.00,      0.00,2,2,0,0
H5,096,2022,442191,392,   ,      0.00,      0.00,      0.00,      0.00,7,1,6,0
H5,096,2022,442199,392,   ,      0.00,      0.00,      0.00,      0.00,11,2,9,0
H5,096,2022,460121,392,   ,      0.00,      0.00,      0.00,      0.00,1,1,0,0
H5,096,2022,460122,392,   ,      0.00,      0.00,      0.00,      0.00,1,1,0,0
H5,096,2022,460129,392,   ,      0.00,      0.00,      0.00,      0.00,1,1,0,0
H5,096,2022,460199,392,   ,      0.00,      0.00,      0.00,      0.00,4,1,3,0
H5,096,2022,590210,392,   ,      0.00,      0.00,      0.00,      0.00,4,4,0,0
H5,096,2022,590220,392,   ,      0.00,      0.00,      0.00,      0.00,3,3,0,0
H5,096,2022,590290,392,   ,      0.00,      0.00,      0.00,      0.00,2,2,0,0
H5,096,2022,590310,392,   ,      0.00,      0.00,      0.00,      0.00,2,2,0,0
H5,096,2022,590320,392,   ,      0.00,      0.00,      0.00,      0.00,1,1,0,0
H5,096,2022,590390,392,   ,      0.00,      0.00,      0.00,      0.00,2,2,0,0
H5,096,2022,590410,392,   ,      0.00,      0.00,      0.00,      0.00,1,1,0,0
H5,096,2022,590490,392,   ,      0.00,      0.00,      0.00,      0.00,1,1,0,0
H5,096,2022,590691,392,   ,      0.00,      0.00,      0.00,      0.00,1,1,0,0
H5,096,2022,590699,392,   ,      0.00,      0.00,      0.00,      0.00,2,2,0,0
H5,096,2022,590700,392,   ,      0.00,      0.00,      0.00,      0.00,6,5,1,0
H5,096,2022,630110,392,   ,      0.00,      0.00,      0.00,      0.00,1,1,0,0
H5,096,2022,630120,392,   ,      0.00,      0.00,      0.00,      0.00,1,1,0,0
H5,096,2022,630130,392,   ,      0.00,      0.00,      0.00,      0.00,2,2,0,0
H5,096,2022,630140,392,   ,      0.00,      0.00,      0.00,      0.00,2,2,0,0
H5,096,2022,630190,392,   ,      0.00,      0.00,      0.00,      0.00,2,2,0,0
H5,096,2022,630210,392,   ,      0.00,      0.00,      0.00,      0.00,1,1,0,0
H5,096,2022,630221,392,   ,      0.00,      0.00,      0.00,      0.00,1,1,0,0
H5,096,2022,630222,392,   ,      0.00,      0.00,      0.00,      0.00,2,2,0,0
H5,096,2022,630229,392,   ,      0.00,      0.00,      0.00,      0.00,1,1,0,0
H5,096,2022,630231,392,   ,      0.00,      0.00,      0.00,      0.00,1,1,0,0
H5,096,2022,630232,392,   ,      0.00,      0.00,      0.00,      0.00,2,2,0,0
H5,096,2022,630239,392,   ,      0.00,      0.00,      0.00,      0.00,1,1,0,0
H5,096,2022,630240,392,   ,      0.00,      0.00,      0.00,      0.00,1,1,0,0
H5,096,2022,630251,392,   ,      0.00,      0.00,      0.00,      0.00,2,2,0,0
H5,096,2022,630253,392,   ,      0.00,      0.00,      0.00,      0.00,1,1,0,0
H5,096,2022,630259,392,   ,      0.00,      0.00,      0.00,      0.00,2,2,0,0
H5,096,2022,630260,392,   ,      0.00,      0.00,      0.00,      0.00,1,1,0,0
H5,096,2022,630291,392,   ,      0.00,      0.00,      0.00,      0.00,1,1,0,0
H5,096,2022,630293,392,   ,      0.00,      0.00,      0.00,      0.00,1,1,0,0
H5,096,2022,630299,392,   ,      0.00,      0.00,      0.00,      0.00,2,2,0,0
H5,096,2022,630312,392,   ,      0.00,      0.00,      0.00,      0.00,1,1,0,0
H5,096,2022,630319,392,   ,      0.00,      0.00,      0.00,      0.00,2,2,0,0
H5,096,2022,630391,392,   ,      0.00,      0.00,      0.00,      0.00,1,1,0,0
H5,096,2022,630392,392,   ,      0.00,      0.00,      0.00,      0.00,1,1,0,0
H5,096,2022,630399,392,   ,      0.00,      0.00,      0.00,      0.00,1,1,0,0
H5,096,2022,630411,392,   ,      0.00,      0.00,      0.00,      0.00,1,1,0,0
H5,096,2022,630419,392,   ,      0.00,      0.00,      0.00,      0.00,3,3,0,0
H5,096,2022,630420,392,   ,      0.00,      0.00,      0.00,      0.00,1,1,0,0
H5,096,2022,630491,392,   ,      0.00,      0.00,      0.00,      0.00,2,1,1,0
H5,096,2022,630492,392,   ,      0.00,      0.00,      0.00,      0.00,1,1,0,0
H5,096,2022,630493,392,   ,      0.00,      0.00,      0.00,      0.00,1,1,0,0
H5,096,2022,630499,392,   ,      0.00,      0.00,      0.00,      0.00,1,1,0,0
H5,096,2022,630619,392,   ,      0.00,      0.00,      0.00,      0.00,3,3,0,0
H5,096,2022,630629,392,   ,      0.00,      0.00,      0.00,      0.00,2,2,0,0
H5,096,2022,630640,392,   ,      0.00,      0.00,      0.00,      0.00,2,2,0,0
H5,096,2022,630690,392,   ,      0.00,      0.00,      0.00,      0.00,3,3,0,0
H5,096,2022,630710,392,   ,      0.00,      0.00,      0.00,      0.00,3,2,1,0
H5,096,2022,631010,392,   ,      0.00,      0.00,      0.00,      0.00,2,1,1,0
H5,096,2022,631090,392,   ,      0.00,      0.00,      0.00,      0.00,2,1,1,0
H5,096,2022,640110,392,   ,      0.00,      0.00,      0.00,      0.00,1,1,0,0
H5,096,2022,640192,392,   ,      0.00,      0.00,      0.00,      0.00,1,1,0,0
H5,096,2022,640199,392,   ,      0.00,      0.00,      0.00,      0.00,2,2,0,0
H5,096,2022,640212,392,   ,      0.00,      0.00,      0.00,      0.00,1,1,0,0
H5,096,2022,640219,392,   ,      0.00,      0.00,      0.00,      0.00,2,2,0,0
H5,096,2022,640220,392,   ,      0.00,      0.00,      0.00,      0.00,1,1,0,0
H5,096,2022,640291,392,   ,      0.00,      0.00,      0.00,      0.00,3,3,0,0
H5,096,2022,640299,392,   ,      0.00,      0.00,      0.00,      0.00,2,2,0,0
H5,096,2022,640312,392,   ,      0.00,      0.00,      0.00,      0.00,1,1,0,0
H5,096,2022,640319,392,   ,      0.00,      0.00,      0.00,      0.00,4,4,0,0
H5,096,2022,640320,392,   ,      0.00,      0.00,      0.00,      0.00,1,1,0,0
H5,096,2022,640340,392,   ,      0.00,      0.00,      0.00,      0.00,1,1,0,0
H5,096,2022,640351,392,   ,      0.00,      0.00,      0.00,      0.00,1,1,0,0
H5,096,2022,640359,392,   ,      0.00,      0.00,      0.00,      0.00,2,2,0,0
H5,096,2022,640391,392,   ,      0.00,      0.00,      0.00,      0.00,3,3,0,0
H5,096,2022,640399,392,   ,      0.00,      0.00,      0.00,      0.00,3,3,0,0
H5,096,2022,640411,392,   ,      0.00,      0.00,      0.00,      0.00,3,3,0,0
H5,096,2022,640419,392,   ,      0.00,      0.00,      0.00,      0.00,1,1,0,0
H5,096,2022,640420,392,   ,      0.00,      0.00,      0.00,      0.00,1,1,0,0
H5,096,2022,640510,392,   ,      0.00,      0.00,      0.00,      0.00,1,1,0,0
H5,096,2022,640520,392,   ,      0.00,      0.00,      0.00,      0.00,1,1,0,0
H5,096,2022,640590,392,   ,      0.00,      0.00,      0.00,      0.00,1,1,0,0
H5,096,2022,640610,392,   ,      0.00,      0.00,      0.00,      0.00,2,1,1,0
H5,096,2022,640620,392,   ,      0.00,      0.00,      0.00,      0.00,2,2,0,0
H5,096,2022,640690,392,   ,      0.00,      0.00,      0.00,      0.00,11,7,4,0
H5,096,2022,852329,392,   ,      0.00,      0.00,      0.00,      0.00,32,14,18,0
H5,096,2022,852349,392,   ,      0.00,      0.00,      0.00,      0.00,11,6,5,0
H5,096,2022,852351,392,   ,      0.00,      0.00,      0.00,      0.00,8,3,5,0
H5,096,2022,852359,392,   ,      0.00,      0.00,      0.00,      0.00,6,1,5,0
H5,096,2022,852380,392,   ,      0.00,      0.00,      0.00,      0.00,6,2,4,0
H5,096,2022,920110,392,   ,      0.00,      0.00,      0.00,      0.00,1,1,0,0
H5,096,2022,920120,392,   ,      0.00,      0.00,      0.00,      0.00,1,1,0,0
H5,096,2022,920190,392,   ,      0.00,      0.00,      0.00,      0.00,1,1,0,0
H5,096,2022,920210,392,   ,      0.00,      0.00,      0.00,      0.00,1,1,0,0
H5,096,2022,920290,392,   ,      0.00,      0.00,      0.00,      0.00,1,1,0,0
H5,096,2022,920510,392,   ,      0.00,      0.00,      0.00,      0.00,1,1,0,0
H5,096,2022,920590,392,   ,      0.00,      0.00,      0.00,      0.00,2,2,0,0
H5,096,2022,920600,392,   ,      0.00,      0.00,      0.00,      0.00,1,1,0,0
H5,096,2022,920710,392,   ,      0.00,      0.00,      0.00,      0.00,1,1,0,0
H5,096,2022,920790,392,   ,      0.00,      0.00,      0.00,      0.00,1,1,0,0
H5,096,2022,920890,392,   ,      0.00,      0.00,      0.00,      0.00,2,1,1,0
H5,096,2022,920930,392,   ,      0.00,      0.00,      0.00,      0.00,1,1,0,0
H5,096,2022,920991,392,   ,      0.00,      0.00,      0.00,      0.00,2,2,0,0
H5,096,2022,920992,392,   ,      0.00,      0.00,      0.00,      0.00,1,1,0,0
H5,096,2022,920994,392,   ,      0.00,      0.00,      0.00,      0.00,1,1,0,0
H5,096,2022,920999,392,   ,      0.00,      0.00,      0.00,      0.00,1,1,0,0
H5,096,2022,940120,392,   ,      0.00,      0.00,      0.00,      0.00,2,2,0,0
H5,096,2022,940130,392,   ,      0.00,      0.00,      0.00,      0.00,1,1,0,0
H5,096,2022,940140,392,   ,      0.00,      0.00,      0.00,      0.00,1,1,0,0
H5,096,2022,940152,392,   ,      0.00,      0.00,      0.00,      0.00,1,1,0,0
H5,096,2022,940153,392,   ,      0.00,      0.00,      0.00,      0.00,1,1,0,0
H5,096,2022,940159,392,   ,      0.00,      0.00,      0.00,      0.00,1,1,0,0
H5,096,2022,940161,392,   ,      0.00,      0.00,      0.00,      0.00,1,1,0,0
H5,096,2022,940169,392,   ,      0.00,      0.00,      0.00,      0.00,2,2,0,0
H5,096,2022,940171,392,   ,      0.00,      0.00,      0.00,      0.00,1,1,0,0
H5,096,2022,940179,392,   ,      0.00,      0.00,      0.00,      0.00,2,2,0,0
H5,096,2022,940180,392,   ,      0.00,      0.00,      0.00,      0.00,1,1,0,0
H5,096,2022,940190,392,   ,      0.00,      0.00,      0.00,      0.00,6,6,0,0
H5,096,2022,940210,392,   ,      0.00,      0.00,      0.00,      0.00,2,2,0,0
H5,096,2022,940290,392,   ,      0.00,      0.00,      0.00,      0.00,3,3,0,0
H5,096,2022,940310,392,   ,      0.00,      0.00,      0.00,      0.00,1,1,0,0
H5,096,2022,940320,392,   ,      0.00,      0.00,      0.00,      0.00,2,2,0,0
H5,096,2022,940330,392,   ,      0.00,      0.00,      0.00,      0.00,1,1,0,0
H5,096,2022,940340,392,   ,      0.00,      0.00,      0.00,      0.00,1,1,0,0
H5,096,2022,940350,392,   ,      0.00,      0.00,      0.00,      0.00,1,1,0,0
H5,096,2022,940360,392,   ,      0.00,      0.00,      0.00,      0.00,2,2,0,0
H5,096,2022,940370,392,   ,      0.00,      0.00,      0.00,      0.00,3,2,1,0
H5,096,2022,940382,392,   ,      0.00,      0.00,      0.00,      0.00,1,1,0,0
H5,096,2022,940383,392,   ,      0.00,      0.00,      0.00,      0.00,1,1,0,0
H5,096,2022,940389,392,   ,      0.00,      0.00,      0.00,      0.00,2,2,0,0
H5,096,2022,940390,392,   ,      0.00,      0.00,      0.00,      0.00,2,1,1,0
H5,096,2022,940410,392,   ,      0.00,      0.00,      0.00,      0.00,1,1,0,0
H5,096,2022,940421,392,   ,      0.00,      0.00,      0.00,      0.00,2,2,0,0
H5,096,2022,940429,392,   ,      0.00,      0.00,      0.00,      0.00,3,3,0,0
H5,096,2022,940430,392,   ,      0.00,      0.00,      0.00,      0.00,1,1,0,0
H5,096,2022,940490,392,   ,      0.00,      0.00,      0.00,      0.00,2,2,0,0
H5,096,2022,940510,392,   ,      0.00,      0.00,      0.00,      0.00,4,4,0,0
H5,096,2022,940520,392,   ,      0.00,      0.00,      0.00,      0.00,2,2,0,0
H5,096,2022,940530,392,   ,      0.00,      0.00,      0.00,      0.00,1,1,0,0
H5,096,2022,940540,392,   ,      0.00,      0.00,      0.00,      0.00,8,8,0,0
H5,096,2022,940560,392,   ,      0.00,      0.00,      0.00,      0.00,2,1,1,0
H5,096,2022,940599,392,   ,      0.00,      0.00,      0.00,      0.00,6,1,5,0
H5,096,2022,950300,392,   ,      0.00,      0.00,      0.00,      0.00,14,1,13,0
H5,096,2022,950510,392,   ,      0.00,      0.00,      0.00,      0.00,1,1,0,0
H5,096,2022,950590,392,   ,      0.00,      0.00,      0.00,      0.00,1,1,0,0
H5,096,2022,950640,392,   ,      0.00,      0.00,      0.00,      0.00,2,2,0,0
H5,096,2022,090111,410,   ,      0.00,      0.00,      0.00,      0.00,2,2,0,0
H5,096,2022,090112,410,   ,      0.00,      0.00,      0.00,      0.00,2,2,0,0
H5,096,2022,090121,410,   ,      0.00,      0.00,      0.00,      0.00,2,2,0,0
H5,096,2022,090122,410,   ,      0.00,      0.00,      0.00,      0.00,2,2,0,0
H5,096,2022,090210,410,   ,      0.00,      0.00,      0.00,      0.00,2,2,0,0
H5,096,2022,090220,410,   ,      0.00,      0.00,      0.00,      0.00,2,2,0,0
H5,096,2022,090230,410,   ,      0.00,      0.00,      0.00,      0.00,2,2,0,0
H5,096,2022,090240,410,   ,      0.00,      0.00,      0.00,      0.00,2,2,0,0
H5,096,2022,210690,410,   ,      0.00,      0.00,      0.00,      0.00,30,7,23,0
H5,096,2022,271012,410,   ,      0.00,      0.00,      0.00,      0.00,22,14,8,0
H5,096,2022,271019,410,   ,      0.00,      0.00,      0.00,      0.00,16,8,8,0
H5,096,2022,330210,410,   ,      0.00,      0.00,      0.00,      0.00,3,2,1,0
H5,096,2022,340111,410,   ,      0.00,      0.00,      0.00,      0.00,4,3,1,0
H5,096,2022,340119,410,   ,      0.00,      0.00,      0.00,      0.00,2,1,1,0
H5,096,2022,340120,410,   ,      0.00,      0.00,      0.00,      0.00,3,3,0,0
H5,096,2022,340130,410,   ,      0.00,      0.00,      0.00,      0.00,1,1,0,0
H5,096,2022,340220,410,   ,      0.00,      0.00,      0.00,      0.00,4,4,0,0
H5,096,2022,340290,410,   ,      0.00,      0.00,      0.00,      0.00,10,10,0,0
H5,096,2022,340311,410,   ,      0.00,      0.00,      0.00,      0.00,3,3,0,0
H5,096,2022,340319,410,   ,      0.00,      0.00,      0.00,      0.00,4,4,0,0
H5,096,2022,340391,410,   ,      0.00,      0.00,      0.00,      0.00,3,3,0,0
H5,096,2022,340399,410,   ,      0.00,      0.00,      0.00,      0.00,4,4,0,0
H5,096,2022,340540,410,   ,      0.00,      0.00,      0.00,      0.00,2,2,0,0
H5,096,2022,440121,410,   ,      0.00,      0.00,      0.00,      0.00,1,1,0,0
H5,096,2022,440122,410,   ,      0.00,      0.00,      0.00,      0.00,1,1,0,0
H5,096,2022,440131,410,   ,      0.00,      0.00,      0.00,      0.00,1,1,0,0
H5,096,2022,440139,410,   ,      0.00,      0.00,      0.00,      0.00,1,1,0,0
H5,096,2022,440140,410,   ,      0.00,      0.00,      0.00,      0.00,1,1,0,0
H5,096,2022,440311,410,   ,      0.00,      0.00,      0.00,      0.00,2,2,0,0
H5,096,2022,440312,410,   ,      0.00,      0.00,      0.00,      0.00,2,2,0,0
H5,096,2022,440321,410,   ,      0.00,      0.00,      0.00,      0.00,2,2,0,0
H5,096,2022,440322,410,   ,      0.00,      0.00,      0.00,      0.00,2,2,0,0
H5,096,2022,440323,410,   ,      0.00,      0.00,      0.00,      0.00,2,2,0,0
H5,096,2022,440324,410,   ,      0.00,      0.00,      0.00,      0.00,2,2,0,0
H5,096,2022,440325,410,   ,      0.00,      0.00,      0.00,      0.00,2,2,0,0
H5,096,2022,440326,410,   ,      0.00,      0.00,      0.00,      0.00,2,2,0,0
H5,096,2022,440341,410,   ,      0.00,      0.00,      0.00,      0.00,2,2,0,0
H5,096,2022,440349,410,   ,      0.00,      0.00,      0.00,      0.00,2,2,0,0
H5,096,2022,440391,410,   ,      0.00,      0.00,      0.00,      0.00,2,2,0,0
H5,096,2022,440393,410,   ,      0.00,      0.00,      0.00,      0.00,2,2,0,0
H5,096,2022,440394,410,   ,      0.00,      0.00,      0.00,      0.00,2,2,0,0
H5,096,2022,440395,410,   ,      0.00,      0.00,      0.00,      0.00,2,2,0,0
H5,096,2022,440396,410,   ,      0.00,      0.00,      0.00,      0.00,2,2,0,0
H5,096,2022,440397,410,   ,      0.00,      0.00,      0.00,      0.00,2,2,0,0
H5,096,2022,440398,410,   ,      0.00,      0.00,      0.00,      0.00,2,2,0,0
H5,096,2022,440399,410,   ,      0.00,      0.00,      0.00,      0.00,2,2,0,0
H5,096,2022,440410,410,   ,      0.00,      0.00,      0.00,      0.00,1,1,0,0
H5,096,2022,440420,410,   ,      0.00,      0.00,      0.00,      0.00,2,2,0,0
H5,096,2022,440500,410,   ,      0.00,      0.00,      0.00,      0.00,2,2,0,0
H5,096,2022,440611,410,   ,      0.00,      0.00,      0.00,      0.00,1,1,0,0
H5,096,2022,440612,410,   ,      0.00,      0.00,      0.00,      0.00,1,1,0,0
H5,096,2022,440691,410,   ,      0.00,      0.00,      0.00,      0.00,1,1,0,0
H5,096,2022,440692,410,   ,      0.00,      0.00,      0.00,      0.00,1,1,0,0
H5,096,2022,440711,410,   ,      0.00,      0.00,      0.00,      0.00,1,1,0,0
H5,096,2022,440712,410,   ,      0.00,      0.00,      0.00,      0.00,1,1,0,0
H5,096,2022,440719,410,   ,      0.00,      0.00,      0.00,      0.00,1,1,0,0
H5,096,2022,440721,410,   ,      0.00,      0.00,      0.00,      0.00,2,2,0,0
H5,096,2022,440722,410,   ,      0.00,      0.00,      0.00,      0.00,2,2,0,0
H5,096,2022,440725,410,   ,      0.00,      0.00,      0.00,      0.00,4,4,0,0
H5,096,2022,440726,410,   ,      0.00,      0.00,      0.00,      0.00,2,2,0,0
H5,096,2022,440727,410,   ,      0.00,      0.00,      0.00,      0.00,2,2,0,0
H5,096,2022,440728,410,   ,      0.00,      0.00,      0.00,      0.00,2,2,0,0
H5,096,2022,440729,410,   ,      0.00,      0.00,      0.00,      0.00,24,24,0,0
H5,096,2022,440791,410,   ,      0.00,      0.00,      0.00,      0.00,2,2,0,0
H5,096,2022,440792,410,   ,      0.00,      0.00,      0.00,      0.00,2,2,0,0
H5,096,2022,440793,410,   ,      0.00,      0.00,      0.00,      0.00,2,2,0,0
H5,096,2022,440794,410,   ,      0.00,      0.00,      0.00,      0.00,2,2,0,0
H5,096,2022,440795,410,   ,      0.00,      0.00,      0.00,      0.00,2,2,0,0
H5,096,2022,440796,410,   ,      0.00,      0.00,      0.00,      0.00,2,2,0,0
H5,096,2022,440797,410,   ,      0.00,      0.00,      0.00,      0.00,2,2,0,0
H5,096,2022,440799,410,   ,      0.00,      0.00,      0.00,      0.00,2,2,0,0
H5,096,2022,440810,410,   ,      0.00,      0.00,      0.00,      0.00,3,3,0,0
H5,096,2022,440831,410,   ,      0.00,      0.00,      0.00,      0.00,1,1,0,0
H5,096,2022,440839,410,   ,      0.00,      0.00,      0.00,      0.00,3,3,0,0
H5,096,2022,440890,410,   ,      0.00,      0.00,      0.00,      0.00,2,2,0,0
H5,096,2022,440910,410,   ,      0.00,      0.00,      0.00,      0.00,1,1,0,0
H5,096,2022,440921,410,   ,      0.00,      0.00,      0.00,      0.00,1,1,0,0
H5,096,2022,440922,410,   ,      0.00,      0.00,      0.00,      0.00,1,1,0,0
H5,096,2022,440929,410,   ,      0.00,      0.00,      0.00,      0.00,1,1,0,0
H5,096,2022,441011,410,   ,      0.00,      0.00,      0.00,      0.00,1,1,0,0
H5,096,2022,441012,410,   ,      0.00,      0.00,      0.00,      0.00,1,1,0,0
H5,096,2022,441019,410,   ,      0.00,      0.00,      0.00,      0.00,1,1,0,0
H5,096,2022,441090,410,   ,      0.00,      0.00,      0.00,      0.00,1,1,0,0
H5,096,2022,441210,410,   ,      0.00,      0.00,      0.00,      0.00,1,1,0,0
H5,096,2022,441231,410,   ,      0.00,      0.00,      0.00,      0.00,1,1,0,0
H5,096,2022,441233,410,   ,      0.00,      0.00,      0.00,      0.00,1,1,0,0
H5,096,2022,441234,410,   ,      0.00,      0.00,      0.00,      0.00,1,1,0,0
H5,096,2022,441239,410,   ,      0.00,      0.00,      0.00,      0.00,1,1,0,0
H5,096,2022,441294,410,   ,      0.00,      0.00,      0.00,      0.00,1,1,0,0
H5,096,2022,441299,410,   ,      0.00,      0.00,      0.00,      0.00,4,4,0,0
H5,096,2022,441300,410,   ,      0.00,      0.00,      0.00,      0.00,1,1,0,0
H5,096,2022,441600,410,   ,      0.00,      0.00,      0.00,      0.00,2,1,1,0
H5,096,2022,441850,410,   ,      0.00,      0.00,      0.00,      0.00,1,1,0,0
H5,096,2022,441860,410,   ,      0.00,      0.00,      0.00,      0.00,1,1,0,0
H5,096,2022,441873,410,   ,      0.00,      0.00,      0.00,      0.00,2,2,0,0
H5,096,2022,441874,410,   ,      0.00,      0.00,      0.00,      0.00,1,1,0,0
H5,096,2022,441875,410,   ,      0.00,      0.00,      0.00,      0.00,1,1,0,0
H5,096,2022,441879,410,   ,      0.00,      0.00,      0.00,      0.00,1,1,0,0
H5,096,2022,441891,410,   ,      0.00,      0.00,      0.00,      0.00,1,1,0,0
H5,096,2022,441899,410,   ,      0.00,      0.00,      0.00,      0.00,2,2,0,0
H5,096,2022,442191,410,   ,      0.00,      0.00,      0.00,      0.00,7,1,6,0
H5,096,2022,442199,410,   ,      0.00,      0.00,      0.00,      0.00,11,2,9,0
H5,096,2022,460121,410,   ,      0.00,      0.00,      0.00,      0.00,1,1,0,0
H5,096,2022,460122,410,   ,      0.00,      0.00,      0.00,      0.00,1,1,0,0
H5,096,2022,460129,410,   ,      0.00,      0.00,      0.00,      0.00,1,1,0,0
H5,096,2022,460199,410,   ,      0.00,      0.00,      0.00,      0.00,4,1,3,0
H5,096,2022,590210,410,   ,      0.00,      0.00,      0.00,      0.00,4,4,0,0
H5,096,2022,590220,410,   ,      0.00,      0.00,      0.00,      0.00,3,3,0,0
H5,096,2022,590290,410,   ,      0.00,      0.00,      0.00,      0.00,2,2,0,0
H5,096,2022,590310,410,   ,      0.00,      0.00,      0.00,      0.00,2,2,0,0
H5,096,2022,590320,410,   ,      0.00,      0.00,      0.00,      0.00,1,1,0,0
H5,096,2022,590390,410,   ,      0.00,      0.00,      0.00,      0.00,2,2,0,0
H5,096,2022,590410,410,   ,      0.00,      0.00,      0.00,      0.00,1,1,0,0
H5,096,2022,590490,410,   ,      0.00,      0.00,      0.00,      0.00,1,1,0,0
H5,096,2022,590691,410,   ,      0.00,      0.00,      0.00,      0.00,1,1,0,0
H5,096,2022,590699,410,   ,      0.00,      0.00,      0.00,      0.00,2,2,0,0
H5,096,2022,590700,410,   ,      0.00,      0.00,      0.00,      0.00,6,5,1,0
H5,096,2022,630110,410,   ,      0.00,      0.00,      0.00,      0.00,1,1,0,0
H5,096,2022,630120,410,   ,      0.00,      0.00,      0.00,      0.00,1,1,0,0
H5,096,2022,630130,410,   ,      0.00,      0.00,      0.00,      0.00,2,2,0,0
H5,096,2022,630140,410,   ,      0.00,      0.00,      0.00,      0.00,2,2,0,0
H5,096,2022,630190,410,   ,      0.00,      0.00,      0.00,      0.00,2,2,0,0
H5,096,2022,630210,410,   ,      0.00,      0.00,      0.00,      0.00,1,1,0,0
H5,096,2022,630221,410,   ,      0.00,      0.00,      0.00,      0.00,1,1,0,0
H5,096,2022,630222,410,   ,      0.00,      0.00,      0.00,      0.00,2,2,0,0
H5,096,2022,630229,410,   ,      0.00,      0.00,      0.00,      0.00,1,1,0,0
H5,096,2022,630231,410,   ,      0.00,      0.00,      0.00,      0.00,1,1,0,0
H5,096,2022,630232,410,   ,      0.00,      0.00,      0.00,      0.00,2,2,0,0
H5,096,2022,630239,410,   ,      0.00,      0.00,      0.00,      0.00,1,1,0,0
H5,096,2022,630240,410,   ,      0.00,      0.00,      0.00,      0.00,1,1,0,0
H5,096,2022,630251,410,   ,      0.00,      0.00,      0.00,      0.00,2,2,0,0
H5,096,2022,630253,410,   ,      0.00,      0.00,      0.00,      0.00,1,1,0,0
H5,096,2022,630259,410,   ,      0.00,      0.00,      0.00,      0.00,2,2,0,0
H5,096,2022,630260,410,   ,      0.00,      0.00,      0.00,      0.00,1,1,0,0
H5,096,2022,630291,410,   ,      0.00,      0.00,      0.00,      0.00,1,1,0,0
H5,096,2022,630293,410,   ,      0.00,      0.00,      0.00,      0.00,1,1,0,0
H5,096,2022,630299,410,   ,      0.00,      0.00,      0.00,      0.00,2,2,0,0
H5,096,2022,630312,410,   ,      0.00,      0.00,      0.00,      0.00,1,1,0,0
H5,096,2022,630319,410,   ,      0.00,      0.00,      0.00,      0.00,2,2,0,0
H5,096,2022,630391,410,   ,      0.00,      0.00,      0.00,      0.00,1,1,0,0
H5,096,2022,630392,410,   ,      0.00,      0.00,      0.00,      0.00,1,1,0,0
H5,096,2022,630399,410,   ,      0.00,      0.00,      0.00,      0.00,1,1,0,0
H5,096,2022,630411,410,   ,      0.00,      0.00,      0.00,      0.00,1,1,0,0
H5,096,2022,630419,410,   ,      0.00,      0.00,      0.00,      0.00,3,3,0,0
H5,096,2022,630420,410,   ,      0.00,      0.00,      0.00,      0.00,1,1,0,0
H5,096,2022,630491,410,   ,      0.00,      0.00,      0.00,      0.00,2,1,1,0
H5,096,2022,630492,410,   ,      0.00,      0.00,      0.00,      0.00,1,1,0,0
H5,096,2022,630493,410,   ,      0.00,      0.00,      0.00,      0.00,1,1,0,0
H5,096,2022,630499,410,   ,      0.00,      0.00,      0.00,      0.00,1,1,0,0
H5,096,2022,630619,410,   ,      0.00,      0.00,      0.00,      0.00,3,3,0,0
H5,096,2022,630629,410,   ,      0.00,      0.00,      0.00,      0.00,2,2,0,0
H5,096,2022,630640,410,   ,      0.00,      0.00,      0.00,      0.00,2,2,0,0
H5,096,2022,630690,410,   ,      0.00,      0.00,      0.00,      0.00,3,3,0,0
H5,096,2022,630710,410,   ,      0.00,      0.00,      0.00,      0.00,3,2,1,0
H5,096,2022,631010,410,   ,      0.00,      0.00,      0.00,      0.00,2,1,1,0
H5,096,2022,631090,410,   ,      0.00,      0.00,      0.00,      0.00,2,1,1,0
H5,096,2022,640110,410,   ,      0.00,      0.00,      0.00,      0.00,1,1,0,0
H5,096,2022,640192,410,   ,      0.00,      0.00,      0.00,      0.00,1,1,0,0
H5,096,2022,640199,410,   ,      0.00,      0.00,      0.00,      0.00,2,2,0,0
H5,096,2022,640212,410,   ,      0.00,      0.00,      0.00,      0.00,1,1,0,0
H5,096,2022,640219,410,   ,      0.00,      0.00,      0.00,      0.00,2,2,0,0
H5,096,2022,640220,410,   ,      0.00,      0.00,      0.00,      0.00,1,1,0,0
H5,096,2022,640291,410,   ,      0.00,      0.00,      0.00,      0.00,3,3,0,0
H5,096,2022,640299,410,   ,      0.00,      0.00,      0.00,      0.00,2,2,0,0
H5,096,2022,640312,410,   ,      0.00,      0.00,      0.00,      0.00,1,1,0,0
H5,096,2022,640319,410,   ,      0.00,      0.00,      0.00,      0.00,4,4,0,0
H5,096,2022,640320,410,   ,      0.00,      0.00,      0.00,      0.00,1,1,0,0
H5,096,2022,640340,410,   ,      0.00,      0.00,      0.00,      0.00,1,1,0,0
H5,096,2022,640351,410,   ,      0.00,      0.00,      0.00,      0.00,1,1,0,0
H5,096,2022,640359,410,   ,      0.00,      0.00,      0.00,      0.00,2,2,0,0
H5,096,2022,640391,410,   ,      0.00,      0.00,      0.00,      0.00,3,3,0,0
H5,096,2022,640399,410,   ,      0.00,      0.00,      0.00,      0.00,3,3,0,0
H5,096,2022,640411,410,   ,      0.00,      0.00,      0.00,      0.00,3,3,0,0
H5,096,2022,640419,410,   ,      0.00,      0.00,      0.00,      0.00,1,1,0,0
H5,096,2022,640420,410,   ,      0.00,      0.00,      0.00,      0.00,1,1,0,0
H5,096,2022,640510,410,   ,      0.00,      0.00,      0.00,      0.00,1,1,0,0
H5,096,2022,640520,410,   ,      0.00,      0.00,      0.00,      0.00,1,1,0,0
H5,096,2022,640590,410,   ,      0.00,      0.00,      0.00,      0.00,1,1,0,0
H5,096,2022,640610,410,   ,      0.00,      0.00,      0.00,      0.00,2,1,1,0
H5,096,2022,640620,410,   ,      0.00,      0.00,      0.00,      0.00,2,2,0,0
H5,096,2022,640690,410,   ,      0.00,      0.00,      0.00,      0.00,11,7,4,0
H5,096,2022,852329,410,   ,      0.00,      0.00,      0.00,      0.00,32,14,18,0
H5,096,2022,852349,410,   ,      0.00,      0.00,      0.00,      0.00,11,6,5,0
H5,096,2022,852351,410,   ,      0.00,      0.00,      0.00,      0.00,8,3,5,0
H5,096,2022,852359,410,   ,      0.00,      0.00,      0.00,      0.00,6,1,5,0
H5,096,2022,852380,410,   ,      0.00,      0.00,      0.00,      0.00,6,2,4,0
H5,096,2022,920110,410,   ,      0.00,      0.00,      0.00,      0.00,1,1,0,0
H5,096,2022,920120,410,   ,      0.00,      0.00,      0.00,      0.00,1,1,0,0
H5,096,2022,920190,410,   ,      0.00,      0.00,      0.00,      0.00,1,1,0,0
H5,096,2022,920210,410,   ,      0.00,      0.00,      0.00,      0.00,1,1,0,0
H5,096,2022,920290,410,   ,      0.00,      0.00,      0.00,      0.00,1,1,0,0
H5,096,2022,920510,410,   ,      0.00,      0.00,      0.00,      0.00,1,1,0,0
H5,096,2022,920590,410,   ,      0.00,      0.00,      0.00,      0.00,2,2,0,0
H5,096,2022,920600,410,   ,      0.00,      0.00,      0.00,      0.00,1,1,0,0
H5,096,2022,920710,410,   ,      0.00,      0.00,      0.00,      0.00,1,1,0,0
H5,096,2022,920790,410,   ,      0.00,      0.00,      0.00,      0.00,1,1,0,0
H5,096,2022,920890,410,   ,      0.00,      0.00,      0.00,      0.00,2,1,1,0
H5,096,2022,920930,410,   ,      0.00,      0.00,      0.00,      0.00,1,1,0,0
H5,096,2022,920991,410,   ,      0.00,      0.00,      0.00,      0.00,2,2,0,0
H5,096,2022,920992,410,   ,      0.00,      0.00,      0.00,      0.00,1,1,0,0
H5,096,2022,920994,410,   ,      0.00,      0.00,      0.00,      0.00,1,1,0,0
H5,096,2022,920999,410,   ,      0.00,      0.00,      0.00,      0.00,1,1,0,0
H5,096,2022,940120,410,   ,      0.00,      0.00,      0.00,      0.00,2,2,0,0
H5,096,2022,940130,410,   ,      0.00,      0.00,      0.00,      0.00,1,1,0,0
H5,096,2022,940140,410,   ,      0.00,      0.00,      0.00,      0.00,1,1,0,0
H5,096,2022,940152,410,   ,      0.00,      0.00,      0.00,      0.00,1,1,0,0
H5,096,2022,940153,410,   ,      0.00,      0.00,      0.00,      0.00,1,1,0,0
H5,096,2022,940159,410,   ,      0.00,      0.00,      0.00,      0.00,1,1,0,0
H5,096,2022,940161,410,   ,      0.00,      0.00,      0.00,      0.00,1,1,0,0
H5,096,2022,940171,410,   ,      0.00,      0.00,      0.00,      0.00,1,1,0,0
H5,096,2022,940179,410,   ,      0.00,      0.00,      0.00,      0.00,2,2,0,0
H5,096,2022,940180,410,   ,      0.00,      0.00,      0.00,      0.00,1,1,0,0
H5,096,2022,940190,410,   ,      0.00,      0.00,      0.00,      0.00,6,6,0,0
H5,096,2022,940210,410,   ,      0.00,      0.00,      0.00,      0.00,2,2,0,0
H5,096,2022,940290,410,   ,      0.00,      0.00,      0.00,      0.00,3,3,0,0
H5,096,2022,940310,410,   ,      0.00,      0.00,      0.00,      0.00,1,1,0,0
H5,096,2022,940320,410,   ,      0.00,      0.00,      0.00,      0.00,2,2,0,0
H5,096,2022,940330,410,   ,      0.00,      0.00,      0.00,      0.00,1,1,0,0
H5,096,2022,940340,410,   ,      0.00,      0.00,      0.00,      0.00,1,1,0,0
H5,096,2022,940350,410,   ,      0.00,      0.00,      0.00,      0.00,1,1,0,0
H5,096,2022,940370,410,   ,      0.00,      0.00,      0.00,      0.00,3,2,1,0
H5,096,2022,940382,410,   ,      0.00,      0.00,      0.00,      0.00,1,1,0,0
H5,096,2022,940383,410,   ,      0.00,      0.00,      0.00,      0.00,1,1,0,0
H5,096,2022,940389,410,   ,      0.00,      0.00,      0.00,      0.00,2,2,0,0
H5,096,2022,940390,410,   ,      0.00,      0.00,      0.00,      0.00,2,1,1,0
H5,096,2022,940410,410,   ,      0.00,      0.00,      0.00,      0.00,1,1,0,0
H5,096,2022,940421,410,   ,      0.00,      0.00,      0.00,      0.00,2,2,0,0
H5,096,2022,940429,410,   ,      0.00,      0.00,      0.00,      0.00,3,3,0,0
H5,096,2022,940430,410,   ,      0.00,      0.00,      0.00,      0.00,1,1,0,0
H5,096,2022,940490,410,   ,      0.00,      0.00,      0.00,      0.00,2,2,0,0
H5,096,2022,940510,410,   ,      0.00,      0.00,      0.00,      0.00,4,4,0,0
H5,096,2022,940520,410,   ,      0.00,      0.00,      0.00,      0.00,2,2,0,0
H5,096,2022,940530,410,   ,      0.00,      0.00,      0.00,      0.00,1,1,0,0
H5,096,2022,940540,410,   ,      0.00,      0.00,      0.00,      0.00,8,8,0,0
H5,096,2022,940560,410,   ,      0.00,      0.00,      0.00,      0.00,2,1,1,0
H5,096,2022,940599,410,   ,      0.00,      0.00,      0.00,      0.00,6,1,5,0
H5,096,2022,950300,410,   ,      0.00,      0.00,      0.00,      0.00,14,1,13,0
H5,096,2022,950510,410,   ,      0.00,      0.00,      0.00,      0.00,1,1,0,0
H5,096,2022,950590,410,   ,      0.00,      0.00,      0.00,      0.00,1,1,0,0
H5,096,2022,950640,410,   ,      0.00,      0.00,      0.00,      0.00,2,2,0,0
H5,096,2022,090111,C02,   ,      0.00,      0.00,      0.00,      0.00,2,2,0,0
H5,096,2022,090112,C02,   ,      0.00,      0.00,      0.00,      0.00,2,2,0,0
H5,096,2022,090121,C02,   ,      0.00,      0.00,      0.00,      0.00,2,2,0,0
H5,096,2022,090122,C02,   ,      0.00,      0.00,      0.00,      0.00,2,2,0,0
H5,096,2022,090210,C02,   ,      0.00,      0.00,      0.00,      0.00,2,2,0,0
H5,096,2022,090220,C02,   ,      0.00,      0.00,      0.00,      0.00,2,2,0,0
H5,096,2022,090230,C02,   ,      0.00,      0.00,      0.00,      0.00,2,2,0,0
H5,096,2022,090240,C02,   ,      0.00,      0.00,      0.00,      0.00,2,2,0,0
H5,096,2022,271012,C02,   ,      0.00,      0.00,      0.00,      0.00,22,14,8,0
H5,096,2022,271019,C02,   ,      0.00,      0.00,      0.00,      0.00,16,8,8,0
H5,096,2022,340111,C02,   ,      0.00,      0.00,      0.00,      0.00,4,3,1,0
H5,096,2022,340119,C02,   ,      0.00,      0.00,      0.00,      0.00,2,1,1,0
H5,096,2022,340120,C02,   ,      0.00,      0.00,      0.00,      0.00,3,3,0,0
H5,096,2022,340130,C02,   ,      0.00,      0.00,      0.00,      0.00,1,1,0,0
H5,096,2022,340220,C02,   ,      0.00,      0.00,      0.00,      0.00,4,4,0,0
H5,096,2022,340290,C02,   ,      0.00,      0.00,      0.00,      0.00,10,10,0,0
H5,096,2022,340311,C02,   ,      0.00,      0.00,      0.00,      0.00,3,3,0,0
H5,096,2022,340319,C02,   ,      0.00,      0.00,      0.00,      0.00,4,4,0,0
H5,096,2022,340391,C02,   ,      0.00,      0.00,      0.00,      0.00,3,3,0,0
H5,096,2022,340399,C02,   ,      0.00,      0.00,      0.00,      0.00,4,4,0,0
H5,096,2022,340540,C02,   ,      0.00,      0.00,      0.00,      0.00,2,2,0,0
H5,096,2022,440121,C02,   ,      0.00,      0.00,      0.00,      0.00,1,1,0,0
H5,096,2022,440122,C02,   ,      0.00,      0.00,      0.00,      0.00,1,1,0,0
H5,096,2022,440131,C02,   ,      0.00,      0.00,      0.00,      0.00,1,1,0,0
H5,096,2022,440139,C02,   ,      0.00,      0.00,      0.00,      0.00,1,1,0,0
H5,096,2022,440140,C02,   ,      0.00,      0.00,      0.00,      0.00,1,1,0,0
H5,096,2022,440311,C02,   ,      0.00,      0.00,      0.00,      0.00,2,2,0,0
H5,096,2022,440312,C02,   ,      0.00,      0.00,      0.00,      0.00,2,2,0,0
H5,096,2022,440321,C02,   ,      0.00,      0.00,      0.00,      0.00,2,2,0,0
H5,096,2022,440322,C02,   ,      0.00,      0.00,      0.00,      0.00,2,2,0,0
H5,096,2022,440323,C02,   ,      0.00,      0.00,      0.00,      0.00,2,2,0,0
H5,096,2022,440324,C02,   ,      0.00,      0.00,      0.00,      0.00,2,2,0,0
H5,096,2022,440325,C02,   ,      0.00,      0.00,      0.00,      0.00,2,2,0,0
H5,096,2022,440326,C02,   ,      0.00,      0.00,      0.00,      0.00,2,2,0,0
H5,096,2022,440341,C02,   ,      0.00,      0.00,      0.00,      0.00,2,2,0,0
H5,096,2022,440349,C02,   ,      0.00,      0.00,      0.00,      0.00,2,2,0,0
H5,096,2022,440391,C02,   ,      0.00,      0.00,      0.00,      0.00,2,2,0,0
H5,096,2022,440393,C02,   ,      0.00,      0.00,      0.00,      0.00,2,2,0,0
H5,096,2022,440394,C02,   ,      0.00,      0.00,      0.00,      0.00,2,2,0,0
H5,096,2022,440395,C02,   ,      0.00,      0.00,      0.00,      0.00,2,2,0,0
H5,096,2022,440396,C02,   ,      0.00,      0.00,      0.00,      0.00,2,2,0,0
H5,096,2022,440397,C02,   ,      0.00,      0.00,      0.00,      0.00,2,2,0,0
H5,096,2022,440398,C02,   ,      0.00,      0.00,      0.00,      0.00,2,2,0,0
H5,096,2022,440399,C02,   ,      0.00,      0.00,      0.00,      0.00,2,2,0,0
H5,096,2022,440410,C02,   ,      0.00,      0.00,      0.00,      0.00,1,1,0,0
H5,096,2022,440420,C02,   ,      0.00,      0.00,      0.00,      0.00,2,2,0,0
H5,096,2022,440500,C02,   ,      0.00,      0.00,      0.00,      0.00,2,2,0,0
H5,096,2022,440611,C02,   ,      0.00,      0.00,      0.00,      0.00,1,1,0,0
H5,096,2022,440612,C02,   ,      0.00,      0.00,      0.00,      0.00,1,1,0,0
H5,096,2022,440691,C02,   ,      0.00,      0.00,      0.00,      0.00,1,1,0,0
H5,096,2022,440692,C02,   ,      0.00,      0.00,      0.00,      0.00,1,1,0,0
H5,096,2022,440711,C02,   ,      0.00,      0.00,      0.00,      0.00,1,1,0,0
H5,096,2022,440712,C02,   ,      0.00,      0.00,      0.00,      0.00,1,1,0,0
H5,096,2022,440719,C02,   ,      0.00,      0.00,      0.00,      0.00,1,1,0,0
H5,096,2022,440721,C02,   ,      0.00,      0.00,      0.00,      0.00,2,2,0,0
H5,096,2022,440722,C02,   ,      0.00,      0.00,      0.00,      0.00,2,2,0,0
H5,096,2022,440725,C02,   ,      0.00,      0.00,      0.00,      0.00,4,4,0,0
H5,096,2022,440726,C02,   ,      0.00,      0.00,      0.00,      0.00,2,2,0,0
H5,096,2022,440727,C02,   ,      0.00,      0.00,      0.00,      0.00,2,2,0,0
H5,096,2022,440728,C02,   ,      0.00,      0.00,      0.00,      0.00,2,2,0,0
H5,096,2022,440729,C02,   ,      0.00,      0.00,      0.00,      0.00,24,24,0,0
H5,096,2022,440791,C02,   ,      0.00,      0.00,      0.00,      0.00,2,2,0,0
H5,096,2022,440792,C02,   ,      0.00,      0.00,      0.00,      0.00,2,2,0,0
H5,096,2022,440793,C02,   ,      0.00,      0.00,      0.00,      0.00,2,2,0,0
H5,096,2022,440794,C02,   ,      0.00,      0.00,      0.00,      0.00,2,2,0,0
H5,096,2022,440795,C02,   ,      0.00,      0.00,      0.00,      0.00,2,2,0,0
H5,096,2022,440796,C02,   ,      0.00,      0.00,      0.00,      0.00,2,2,0,0
H5,096,2022,440797,C02,   ,      0.00,      0.00,      0.00,      0.00,2,2,0,0
H5,096,2022,440799,C02,   ,      0.00,      0.00,      0.00,      0.00,2,2,0,0
H5,096,2022,440810,C02,   ,      0.00,      0.00,      0.00,      0.00,3,3,0,0
H5,096,2022,440831,C02,   ,      0.00,      0.00,      0.00,      0.00,1,1,0,0
H5,096,2022,440839,C02,   ,      0.00,      0.00,      0.00,      0.00,3,3,0,0
H5,096,2022,440890,C02,   ,      0.00,      0.00,      0.00,      0.00,2,2,0,0
H5,096,2022,440910,C02,   ,      0.00,      0.00,      0.00,      0.00,1,1,0,0
H5,096,2022,440921,C02,   ,      0.00,      0.00,      0.00,      0.00,1,1,0,0
H5,096,2022,440922,C02,   ,      0.00,      0.00,      0.00,      0.00,1,1,0,0
H5,096,2022,440929,C02,   ,      0.00,      0.00,      0.00,      0.00,1,1,0,0
H5,096,2022,441011,C02,   ,      0.00,      0.00,      0.00,      0.00,1,1,0,0
H5,096,2022,441012,C02,   ,      0.00,      0.00,      0.00,      0.00,1,1,0,0
H5,096,2022,441019,C02,   ,      0.00,      0.00,      0.00,      0.00,1,1,0,0
H5,096,2022,441090,C02,   ,      0.00,      0.00,      0.00,      0.00,1,1,0,0
H5,096,2022,441210,C02,   ,      0.00,      0.00,      0.00,      0.00,1,1,0,0
H5,096,2022,441231,C02,   ,      0.00,      0.00,      0.00,      0.00,1,1,0,0
H5,096,2022,441233,C02,   ,      0.00,      0.00,      0.00,      0.00,1,1,0,0
H5,096,2022,441234,C02,   ,      0.00,      0.00,      0.00,      0.00,1,1,0,0
H5,096,2022,441239,C02,   ,      0.00,      0.00,      0.00,      0.00,1,1,0,0
H5,096,2022,441294,C02,   ,      0.00,      0.00,      0.00,      0.00,1,1,0,0
H5,096,2022,441299,C02,   ,      0.00,      0.00,      0.00,      0.00,4,4,0,0
H5,096,2022,441300,C02,   ,      0.00,      0.00,      0.00,      0.00,1,1,0,0
H5,096,2022,441600,C02,   ,      0.00,      0.00,      0.00,      0.00,2,1,1,0
H5,096,2022,441850,C02,   ,      0.00,      0.00,      0.00,      0.00,1,1,0,0
H5,096,2022,441860,C02,   ,      0.00,      0.00,      0.00,      0.00,1,1,0,0
H5,096,2022,441873,C02,   ,      0.00,      0.00,      0.00,      0.00,2,2,0,0
H5,096,2022,441874,C02,   ,      0.00,      0.00,      0.00,      0.00,1,1,0,0
H5,096,2022,441875,C02,   ,      0.00,      0.00,      0.00,      0.00,1,1,0,0
H5,096,2022,441879,C02,   ,      0.00,      0.00,      0.00,      0.00,1,1,0,0
H5,096,2022,441891,C02,   ,      0.00,      0.00,      0.00,      0.00,1,1,0,0
H5,096,2022,441899,C02,   ,      0.00,      0.00,      0.00,      0.00,2,2,0,0
H5,096,2022,442191,C02,   ,      0.00,      0.00,      0.00,      0.00,7,1,6,0
H5,096,2022,442199,C02,   ,      0.00,      0.00,      0.00,      0.00,11,2,9,0
H5,096,2022,460121,C02,   ,      0.00,      0.00,      0.00,      0.00,1,1,0,0
H5,096,2022,460122,C02,   ,      0.00,      0.00,      0.00,      0.00,1,1,0,0
H5,096,2022,460129,C02,   ,      0.00,      0.00,      0.00,      0.00,1,1,0,0
H5,096,2022,460199,C02,   ,      0.00,      0.00,      0.00,      0.00,4,1,3,0
H5,096,2022,590210,C02,   ,      0.00,      0.00,      0.00,      0.00,4,4,0,0
H5,096,2022,590220,C02,   ,      0.00,      0.00,      0.00,      0.00,3,3,0,0
H5,096,2022,590290,C02,   ,      0.00,      0.00,      0.00,      0.00,2,2,0,0
H5,096,2022,590310,C02,   ,      0.00,      0.00,      0.00,      0.00,2,2,0,0
H5,096,2022,590320,C02,   ,      0.00,      0.00,      0.00,      0.00,1,1,0,0
H5,096,2022,590390,C02,   ,      0.00,      0.00,      0.00,      0.00,2,2,0,0
H5,096,2022,590410,C02,   ,      0.00,      0.00,      0.00,      0.00,1,1,0,0
H5,096,2022,590490,C02,   ,      0.00,      0.00,      0.00,      0.00,1,1,0,0
H5,096,2022,590691,C02,   ,      0.00,      0.00,      0.00,      0.00,1,1,0,0
H5,096,2022,590699,C02,   ,      0.00,      0.00,      0.00,      0.00,2,2,0,0
H5,096,2022,590700,C02,   ,      0.00,      0.00,      0.00,      0.00,6,5,1,0
H5,096,2022,630110,C02,   ,      0.00,      0.00,      0.00,      0.00,1,1,0,0
H5,096,2022,630120,C02,   ,      0.00,      0.00,      0.00,      0.00,1,1,0,0
H5,096,2022,630130,C02,   ,      0.00,      0.00,      0.00,      0.00,2,2,0,0
H5,096,2022,630140,C02,   ,      0.00,      0.00,      0.00,      0.00,2,2,0,0
H5,096,2022,630190,C02,   ,      0.00,      0.00,      0.00,      0.00,2,2,0,0
H5,096,2022,630210,C02,   ,      0.00,      0.00,      0.00,      0.00,1,1,0,0
H5,096,2022,630221,C02,   ,      0.00,      0.00,      0.00,      0.00,1,1,0,0
H5,096,2022,630222,C02,   ,      0.00,      0.00,      0.00,      0.00,2,2,0,0
H5,096,2022,630229,C02,   ,      0.00,      0.00,      0.00,      0.00,1,1,0,0
H5,096,2022,630231,C02,   ,      0.00,      0.00,      0.00,      0.00,1,1,0,0
H5,096,2022,630232,C02,   ,      0.00,      0.00,      0.00,      0.00,2,2,0,0
H5,096,2022,630239,C02,   ,      0.00,      0.00,      0.00,      0.00,1,1,0,0
H5,096,2022,630240,C02,   ,      0.00,      0.00,      0.00,      0.00,1,1,0,0
H5,096,2022,630251,C02,   ,      0.00,      0.00,      0.00,      0.00,2,2,0,0
H5,096,2022,630253,C02,   ,      0.00,      0.00,      0.00,      0.00,1,1,0,0
H5,096,2022,630259,C02,   ,      0.00,      0.00,      0.00,      0.00,2,2,0,0
H5,096,2022,630260,C02,   ,      0.00,      0.00,      0.00,      0.00,1,1,0,0
H5,096,2022,630291,C02,   ,      0.00,      0.00,      0.00,      0.00,1,1,0,0
H5,096,2022,630293,C02,   ,      0.00,      0.00,      0.00,      0.00,1,1,0,0
H5,096,2022,630299,C02,   ,      0.00,      0.00,      0.00,      0.00,2,2,0,0
H5,096,2022,630312,C02,   ,      0.00,      0.00,      0.00,      0.00,1,1,0,0
H5,096,2022,630319,C02,   ,      0.00,      0.00,      0.00,      0.00,2,2,0,0
H5,096,2022,630391,C02,   ,      0.00,      0.00,      0.00,      0.00,1,1,0,0
H5,096,2022,630392,C02,   ,      0.00,      0.00,      0.00,      0.00,1,1,0,0
H5,096,2022,630399,C02,   ,      0.00,      0.00,      0.00,      0.00,1,1,0,0
H5,096,2022,630411,C02,   ,      0.00,      0.00,      0.00,      0.00,1,1,0,0
H5,096,2022,630419,C02,   ,      0.00,      0.00,      0.00,      0.00,3,3,0,0
H5,096,2022,630420,C02,   ,      0.00,      0.00,      0.00,      0.00,1,1,0,0
H5,096,2022,630491,C02,   ,      0.00,      0.00,      0.00,      0.00,2,1,1,0
H5,096,2022,630492,C02,   ,      0.00,      0.00,      0.00,      0.00,1,1,0,0
H5,096,2022,630493,C02,   ,      0.00,      0.00,      0.00,      0.00,1,1,0,0
H5,096,2022,630499,C02,   ,      0.00,      0.00,      0.00,      0.00,1,1,0,0
H5,096,2022,630619,C02,   ,      0.00,      0.00,      0.00,      0.00,3,3,0,0
H5,096,2022,630629,C02,   ,      0.00,      0.00,      0.00,      0.00,2,2,0,0
H5,096,2022,630640,C02,   ,      0.00,      0.00,      0.00,      0.00,2,2,0,0
H5,096,2022,630690,C02,   ,      0.00,      0.00,      0.00,      0.00,3,3,0,0
H5,096,2022,630710,C02,   ,      0.00,      0.00,      0.00,      0.00,3,2,1,0
H5,096,2022,631010,C02,   ,      0.00,      0.00,      0.00,      0.00,2,1,1,0
H5,096,2022,631090,C02,   ,      0.00,      0.00,      0.00,      0.00,2,1,1,0
H5,096,2022,640110,C02,   ,      0.00,      0.00,      0.00,      0.00,1,1,0,0
H5,096,2022,640192,C02,   ,      0.00,      0.00,      0.00,      0.00,1,1,0,0
H5,096,2022,640199,C02,   ,      0.00,      0.00,      0.00,      0.00,2,2,0,0
H5,096,2022,640212,C02,   ,      0.00,      0.00,      0.00,      0.00,1,1,0,0
H5,096,2022,640219,C02,   ,      0.00,      0.00,      0.00,      0.00,2,2,0,0
H5,096,2022,640220,C02,   ,      0.00,      0.00,      0.00,      0.00,1,1,0,0
H5,096,2022,640291,C02,   ,      0.00,      0.00,      0.00,      0.00,3,3,0,0
H5,096,2022,640299,C02,   ,      0.00,      0.00,      0.00,      0.00,2,2,0,0
H5,096,2022,640312,C02,   ,      0.00,      0.00,      0.00,      0.00,1,1,0,0
H5,096,2022,640319,C02,   ,      0.00,      0.00,      0.00,      0.00,4,4,0,0
H5,096,2022,640320,C02,   ,      0.00,      0.00,      0.00,      0.00,1,1,0,0
H5,096,2022,640340,C02,   ,      0.00,      0.00,      0.00,      0.00,1,1,0,0
H5,096,2022,640351,C02,   ,      0.00,      0.00,      0.00,      0.00,1,1,0,0
H5,096,2022,640359,C02,   ,      0.00,      0.00,      0.00,      0.00,2,2,0,0
H5,096,2022,640391,C02,   ,      0.00,      0.00,      0.00,      0.00,3,3,0,0
H5,096,2022,640399,C02,   ,      0.00,      0.00,      0.00,      0.00,3,3,0,0
H5,096,2022,640411,C02,   ,      0.00,      0.00,      0.00,      0.00,3,3,0,0
H5,096,2022,640419,C02,   ,      0.00,      0.00,      0.00,      0.00,1,1,0,0
H5,096,2022,640420,C02,   ,      0.00,      0.00,      0.00,      0.00,1,1,0,0
H5,096,2022,640510,C02,   ,      0.00,      0.00,      0.00,      0.00,1,1,0,0
H5,096,2022,640520,C02,   ,      0.00,      0.00,      0.00,      0.00,1,1,0,0
H5,096,2022,640590,C02,   ,      0.00,      0.00,      0.00,      0.00,1,1,0,0
H5,096,2022,640610,C02,   ,      0.00,      0.00,      0.00,      0.00,2,1,1,0
H5,096,2022,640620,C02,   ,      0.00,      0.00,      0.00,      0.00,2,2,0,0
H5,096,2022,640690,C02,   ,      0.00,      0.00,      0.00,      0.00,11,7,4,0
H5,096,2022,852329,C02,   ,      0.00,      0.00,      0.00,      0.00,32,14,18,0
H5,096,2022,852349,C02,   ,      0.00,      0.00,      0.00,      0.00,11,6,5,0
H5,096,2022,852351,C02,   ,      0.00,      0.00,      0.00,      0.00,8,3,5,0
H5,096,2022,852359,C02,   ,      0.00,      0.00,      0.00,      0.00,6,1,5,0
H5,096,2022,852380,C02,   ,      0.00,      0.00,      0.00,      0.00,6,2,4,0
H5,096,2022,920110,C02,   ,      0.00,      0.00,      0.00,      0.00,1,1,0,0
H5,096,2022,920120,C02,   ,      0.00,      0.00,      0.00,      0.00,1,1,0,0
H5,096,2022,920190,C02,   ,      0.00,      0.00,      0.00,      0.00,1,1,0,0
H5,096,2022,920210,C02,   ,      0.00,      0.00,      0.00,      0.00,1,1,0,0
H5,096,2022,920290,C02,   ,      0.00,      0.00,      0.00,      0.00,1,1,0,0
H5,096,2022,920510,C02,   ,      0.00,      0.00,      0.00,      0.00,1,1,0,0
H5,096,2022,920590,C02,   ,      0.00,      0.00,      0.00,      0.00,2,2,0,0
H5,096,2022,920600,C02,   ,      0.00,      0.00,      0.00,      0.00,1,1,0,0
H5,096,2022,920710,C02,   ,      0.00,      0.00,      0.00,      0.00,1,1,0,0
H5,096,2022,920790,C02,   ,      0.00,      0.00,      0.00,      0.00,1,1,0,0
H5,096,2022,920890,C02,   ,      0.00,      0.00,      0.00,      0.00,2,1,1,0
H5,096,2022,920930,C02,   ,      0.00,      0.00,      0.00,      0.00,1,1,0,0
H5,096,2022,920991,C02,   ,      0.00,      0.00,      0.00,      0.00,2,2,0,0
H5,096,2022,920992,C02,   ,      0.00,      0.00,      0.00,      0.00,1,1,0,0
H5,096,2022,920994,C02,   ,      0.00,      0.00,      0.00,      0.00,1,1,0,0
H5,096,2022,920999,C02,   ,      0.00,      0.00,      0.00,      0.00,1,1,0,0
H5,096,2022,940120,C02,   ,      0.00,      0.00,      0.00,      0.00,2,2,0,0
H5,096,2022,940130,C02,   ,      0.00,      0.00,      0.00,      0.00,1,1,0,0
H5,096,2022,940140,C02,   ,      0.00,      0.00,      0.00,      0.00,1,1,0,0
H5,096,2022,940152,C02,   ,      0.00,      0.00,      0.00,      0.00,1,1,0,0
H5,096,2022,940153,C02,   ,      0.00,      0.00,      0.00,      0.00,1,1,0,0
H5,096,2022,940159,C02,   ,      0.00,      0.00,      0.00,      0.00,1,1,0,0
H5,096,2022,940161,C02,   ,      0.00,      0.00,      0.00,      0.00,1,1,0,0
H5,096,2022,940169,C02,   ,      0.00,      0.00,      0.00,      0.00,2,2,0,0
H5,096,2022,940171,C02,   ,      0.00,      0.00,      0.00,      0.00,1,1,0,0
H5,096,2022,940179,C02,   ,      0.00,      0.00,      0.00,      0.00,2,2,0,0
H5,096,2022,940180,C02,   ,      0.00,      0.00,      0.00,      0.00,1,1,0,0
H5,096,2022,940190,C02,   ,      0.00,      0.00,      0.00,      0.00,6,6,0,0
H5,096,2022,940210,C02,   ,      0.00,      0.00,      0.00,      0.00,2,2,0,0
H5,096,2022,940290,C02,   ,      0.00,      0.00,      0.00,      0.00,3,3,0,0
H5,096,2022,940310,C02,   ,      0.00,      0.00,      0.00,      0.00,1,1,0,0
H5,096,2022,940320,C02,   ,      0.00,      0.00,      0.00,      0.00,2,2,0,0
H5,096,2022,940330,C02,   ,      0.00,      0.00,      0.00,      0.00,1,1,0,0
H5,096,2022,940340,C02,   ,      0.00,      0.00,      0.00,      0.00,1,1,0,0
H5,096,2022,940350,C02,   ,      0.00,      0.00,      0.00,      0.00,1,1,0,0
H5,096,2022,940360,C02,   ,      0.00,      0.00,      0.00,      0.00,2,2,0,0
H5,096,2022,940370,C02,   ,      0.00,      0.00,      0.00,      0.00,3,2,1,0
H5,096,2022,940382,C02,   ,      0.00,      0.00,      0.00,      0.00,1,1,0,0
H5,096,2022,940383,C02,   ,      0.00,      0.00,      0.00,      0.00,1,1,0,0
H5,096,2022,940389,C02,   ,      0.00,      0.00,      0.00,      0.00,2,2,0,0
H5,096,2022,940390,C02,   ,      0.00,      0.00,      0.00,      0.00,2,1,1,0
H5,096,2022,940410,C02,   ,      0.00,      0.00,      0.00,      0.00,1,1,0,0
H5,096,2022,940421,C02,   ,      0.00,      0.00,      0.00,      0.00,2,2,0,0
H5,096,2022,940429,C02,   ,      0.00,      0.00,      0.00,      0.00,3,3,0,0
H5,096,2022,940430,C02,   ,      0.00,      0.00,      0.00,      0.00,1,1,0,0
H5,096,2022,940490,C02,   ,      0.00,      0.00,      0.00,      0.00,2,2,0,0
H5,096,2022,940510,C02,   ,      0.00,      0.00,      0.00,      0.00,4,4,0,0
H5,096,2022,940520,C02,   ,      0.00,      0.00,      0.00,      0.00,2,2,0,0
H5,096,2022,940530,C02,   ,      0.00,      0.00,      0.00,      0.00,1,1,0,0
H5,096,2022,940540,C02,   ,      0.00,      0.00,      0.00,      0.00,8,8,0,0
H5,096,2022,940560,C02,   ,      0.00,      0.00,      0.00,      0.00,2,1,1,0
H5,096,2022,940599,C02,   ,      0.00,      0.00,      0.00,      0.00,6,1,5,0
H5,096,2022,950300,C02,   ,      0.00,      0.00,      0.00,      0.00,14,1,13,0
H5,096,2022,950510,C02,   ,      0.00,      0.00,      0.00,      0.00,1,1,0,0
H5,096,2022,950590,C02,   ,      0.00,      0.00,      0.00,      0.00,1,1,0,0
H5,096,2022,950640,C02,   ,      0.00,      0.00,      0.00,      0.00,2,2,0,0
H5,096,2022,090111,N52,   ,      0.00,      0.00,      0.00,      0.00,2,2,0,0
H5,096,2022,090112,N52,   ,      0.00,      0.00,      0.00,      0.00,2,2,0,0
H5,096,2022,090121,N52,   ,      0.00,      0.00,      0.00,      0.00,2,2,0,0
H5,096,2022,090122,N52,   ,      0.00,      0.00,      0.00,      0.00,2,2,0,0
H5,096,2022,090210,N52,   ,      0.00,      0.00,      0.00,      0.00,2,2,0,0
H5,096,2022,090220,N52,   ,      0.00,      0.00,      0.00,      0.00,2,2,0,0
H5,096,2022,090230,N52,   ,      0.00,      0.00,      0.00,      0.00,2,2,0,0
H5,096,2022,090240,N52,   ,      0.00,      0.00,      0.00,      0.00,2,2,0,0
H5,096,2022,210690,N52,   ,      0.00,      0.00,      0.00,      0.00,30,7,23,0
H5,096,2022,271012,N52,   ,      0.00,      0.00,      0.00,      0.00,22,14,8,0
H5,096,2022,271019,N52,   ,      0.00,      0.00,      0.00,      0.00,16,8,8,0
H5,096,2022,330210,N52,   ,      0.00,      0.00,      0.00,      0.00,3,2,1,0
H5,096,2022,340111,N52,   ,      0.00,      0.00,      0.00,      0.00,4,3,1,0
H5,096,2022,340119,N52,   ,      0.00,      0.00,      0.00,      0.00,2,1,1,0
H5,096,2022,340120,N52,   ,      0.00,      0.00,      0.00,      0.00,3,3,0,0
H5,096,2022,340130,N52,   ,      0.00,      0.00,      0.00,      0.00,1,1,0,0
H5,096,2022,340220,N52,   ,      0.00,      0.00,      0.00,      0.00,4,4,0,0
H5,096,2022,340290,N52,   ,      0.00,      0.00,      0.00,      0.00,10,10,0,0
H5,096,2022,340311,N52,   ,      0.00,      0.00,      0.00,      0.00,3,3,0,0
H5,096,2022,340319,N52,   ,      0.00,      0.00,      0.00,      0.00,4,4,0,0
H5,096,2022,340391,N52,   ,      0.00,      0.00,      0.00,      0.00,3,3,0,0
H5,096,2022,340399,N52,   ,      0.00,      0.00,      0.00,      0.00,4,4,0,0
H5,096,2022,340540,N52,   ,      0.00,      0.00,      0.00,      0.00,2,2,0,0
H5,096,2022,440121,N52,   ,      0.00,      0.00,      0.00,      0.00,1,1,0,0
H5,096,2022,440122,N52,   ,      0.00,      0.00,      0.00,      0.00,1,1,0,0
H5,096,2022,440131,N52,   ,      0.00,      0.00,      0.00,      0.00,1,1,0,0
H5,096,2022,440139,N52,   ,      0.00,      0.00,      0.00,      0.00,1,1,0,0
H5,096,2022,440140,N52,   ,      0.00,      0.00,      0.00,      0.00,1,1,0,0
H5,096,2022,440311,N52,   ,      0.00,      0.00,      0.00,      0.00,2,2,0,0
H5,096,2022,440312,N52,   ,      0.00,      0.00,      0.00,      0.00,2,2,0,0
H5,096,2022,440321,N52,   ,      0.00,      0.00,      0.00,      0.00,2,2,0,0
H5,096,2022,440322,N52,   ,      0.00,      0.00,      0.00,      0.00,2,2,0,0
H5,096,2022,440323,N52,   ,      0.00,      0.00,      0.00,      0.00,2,2,0,0
H5,096,2022,440324,N52,   ,      0.00,      0.00,      0.00,      0.00,2,2,0,0
H5,096,2022,440325,N52,   ,      0.00,      0.00,      0.00,      0.00,2,2,0,0
H5,096,2022,440326,N52,   ,      0.00,      0.00,      0.00,      0.00,2,2,0,0
H5,096,2022,440341,N52,   ,      0.00,      0.00,      0.00,      0.00,2,2,0,0
H5,096,2022,440349,N52,   ,      0.00,      0.00,      0.00,      0.00,2,2,0,0
H5,096,2022,440391,N52,   ,      0.00,      0.00,      0.00,      0.00,2,2,0,0
H5,096,2022,440393,N52,   ,      0.00,      0.00,      0.00,      0.00,2,2,0,0
H5,096,2022,440394,N52,   ,      0.00,      0.00,      0.00,      0.00,2,2,0,0
H5,096,2022,440395,N52,   ,      0.00,      0.00,      0.00,      0.00,2,2,0,0
H5,096,2022,440396,N52,   ,      0.00,      0.00,      0.00,      0.00,2,2,0,0
H5,096,2022,440397,N52,   ,      0.00,      0.00,      0.00,      0.00,2,2,0,0
H5,096,2022,440398,N52,   ,      0.00,      0.00,      0.00,      0.00,2,2,0,0
H5,096,2022,440399,N52,   ,      0.00,      0.00,      0.00,      0.00,2,2,0,0
H5,096,2022,440410,N52,   ,      0.00,      0.00,      0.00,      0.00,1,1,0,0
H5,096,2022,440420,N52,   ,      0.00,      0.00,      0.00,      0.00,2,2,0,0
H5,096,2022,440500,N52,   ,      0.00,      0.00,      0.00,      0.00,2,2,0,0
H5,096,2022,440611,N52,   ,      0.00,      0.00,      0.00,      0.00,1,1,0,0
H5,096,2022,440612,N52,   ,      0.00,      0.00,      0.00,      0.00,1,1,0,0
H5,096,2022,440691,N52,   ,      0.00,      0.00,      0.00,      0.00,1,1,0,0
H5,096,2022,440692,N52,   ,      0.00,      0.00,      0.00,      0.00,1,1,0,0
H5,096,2022,440711,N52,   ,      0.00,      0.00,      0.00,      0.00,1,1,0,0
H5,096,2022,440712,N52,   ,      0.00,      0.00,      0.00,      0.00,1,1,0,0
H5,096,2022,440719,N52,   ,      0.00,      0.00,      0.00,      0.00,1,1,0,0
H5,096,2022,440721,N52,   ,      0.00,      0.00,      0.00,      0.00,2,2,0,0
H5,096,2022,440722,N52,   ,      0.00,      0.00,      0.00,      0.00,2,2,0,0
H5,096,2022,440725,N52,   ,      0.00,      0.00,      0.00,      0.00,4,4,0,0
H5,096,2022,440726,N52,   ,      0.00,      0.00,      0.00,      0.00,2,2,0,0
H5,096,2022,440727,N52,   ,      0.00,      0.00,      0.00,      0.00,2,2,0,0
H5,096,2022,440728,N52,   ,      0.00,      0.00,      0.00,      0.00,2,2,0,0
H5,096,2022,440729,N52,   ,      0.00,      0.00,      0.00,      0.00,24,24,0,0
H5,096,2022,440791,N52,   ,      0.00,      0.00,      0.00,      0.00,2,2,0,0
H5,096,2022,440792,N52,   ,      0.00,      0.00,      0.00,      0.00,2,2,0,0
H5,096,2022,440793,N52,   ,      0.00,      0.00,      0.00,      0.00,2,2,0,0
H5,096,2022,440794,N52,   ,      0.00,      0.00,      0.00,      0.00,2,2,0,0
H5,096,2022,440795,N52,   ,      0.00,      0.00,      0.00,      0.00,2,2,0,0
H5,096,2022,440796,N52,   ,      0.00,      0.00,      0.00,      0.00,2,2,0,0
H5,096,2022,440797,N52,   ,      0.00,      0.00,      0.00,      0.00,2,2,0,0
H5,096,2022,440799,N52,   ,      0.00,      0.00,      0.00,      0.00,2,2,0,0
H5,096,2022,440810,N52,   ,      0.00,      0.00,      0.00,      0.00,3,3,0,0
H5,096,2022,440831,N52,   ,      0.00,      0.00,      0.00,      0.00,1,1,0,0
H5,096,2022,440839,N52,   ,      0.00,      0.00,      0.00,      0.00,3,3,0,0
H5,096,2022,440890,N52,   ,      0.00,      0.00,      0.00,      0.00,2,2,0,0
H5,096,2022,440910,N52,   ,      0.00,      0.00,      0.00,      0.00,1,1,0,0
H5,096,2022,440921,N52,   ,      0.00,      0.00,      0.00,      0.00,1,1,0,0
H5,096,2022,440922,N52,   ,      0.00,      0.00,      0.00,      0.00,1,1,0,0
H5,096,2022,440929,N52,   ,      0.00,      0.00,      0.00,      0.00,1,1,0,0
H5,096,2022,441011,N52,   ,      0.00,      0.00,      0.00,      0.00,1,1,0,0
H5,096,2022,441012,N52,   ,      0.00,      0.00,      0.00,      0.00,1,1,0,0
H5,096,2022,441019,N52,   ,      0.00,      0.00,      0.00,      0.00,1,1,0,0
H5,096,2022,441090,N52,   ,      0.00,      0.00,      0.00,      0.00,1,1,0,0
H5,096,2022,441210,N52,   ,      0.00,      0.00,      0.00,      0.00,1,1,0,0
H5,096,2022,441231,N52,   ,      0.00,      0.00,      0.00,      0.00,1,1,0,0
H5,096,2022,441233,N52,   ,      0.00,      0.00,      0.00,      0.00,1,1,0,0
H5,096,2022,441234,N52,   ,      0.00,      0.00,      0.00,      0.00,1,1,0,0
H5,096,2022,441239,N52,   ,      0.00,      0.00,      0.00,      0.00,1,1,0,0
H5,096,2022,441294,N52,   ,      0.00,      0.00,      0.00,      0.00,1,1,0,0
H5,096,2022,441299,N52,   ,      0.00,      0.00,      0.00,      0.00,4,4,0,0
H5,096,2022,441300,N52,   ,      0.00,      0.00,      0.00,      0.00,1,1,0,0
H5,096,2022,441600,N52,   ,      0.00,      0.00,      0.00,      0.00,2,1,1,0
H5,096,2022,441850,N52,   ,      0.00,      0.00,      0.00,      0.00,1,1,0,0
H5,096,2022,441860,N52,   ,      0.00,      0.00,      0.00,      0.00,1,1,0,0
H5,096,2022,441873,N52,   ,      0.00,      0.00,      0.00,      0.00,2,2,0,0
H5,096,2022,441874,N52,   ,      0.00,      0.00,      0.00,      0.00,1,1,0,0
H5,096,2022,441875,N52,   ,      0.00,      0.00,      0.00,      0.00,1,1,0,0
H5,096,2022,441879,N52,   ,      0.00,      0.00,      0.00,      0.00,1,1,0,0
H5,096,2022,441891,N52,   ,      0.00,      0.00,      0.00,      0.00,1,1,0,0
H5,096,2022,441899,N52,   ,      0.00,      0.00,      0.00,      0.00,2,2,0,0
H5,096,2022,442191,N52,   ,      0.00,      0.00,      0.00,      0.00,7,1,6,0
H5,096,2022,442199,N52,   ,      0.00,      0.00,      0.00,      0.00,11,2,9,0
H5,096,2022,460121,N52,   ,      0.00,      0.00,      0.00,      0.00,1,1,0,0
H5,096,2022,460122,N52,   ,      0.00,      0.00,      0.00,      0.00,1,1,0,0
H5,096,2022,460129,N52,   ,      0.00,      0.00,      0.00,      0.00,1,1,0,0
H5,096,2022,460199,N52,   ,      0.00,      0.00,      0.00,      0.00,4,1,3,0
H5,096,2022,590210,N52,   ,      0.00,      0.00,      0.00,      0.00,4,4,0,0
H5,096,2022,590220,N52,   ,      0.00,      0.00,      0.00,      0.00,3,3,0,0
H5,096,2022,590290,N52,   ,      0.00,      0.00,      0.00,      0.00,2,2,0,0
H5,096,2022,590310,N52,   ,      0.00,      0.00,      0.00,      0.00,2,2,0,0
H5,096,2022,590320,N52,   ,      0.00,      0.00,      0.00,      0.00,1,1,0,0
H5,096,2022,590390,N52,   ,      0.00,      0.00,      0.00,      0.00,2,2,0,0
H5,096,2022,590410,N52,   ,      0.00,      0.00,      0.00,      0.00,1,1,0,0
H5,096,2022,590490,N52,   ,      0.00,      0.00,      0.00,      0.00,1,1,0,0
H5,096,2022,590691,N52,   ,      0.00,      0.00,      0.00,      0.00,1,1,0,0
H5,096,2022,590699,N52,   ,      0.00,      0.00,      0.00,      0.00,2,2,0,0
H5,096,2022,590700,N52,   ,      0.00,      0.00,      0.00,      0.00,6,5,1,0
H5,096,2022,630110,N52,   ,      0.00,      0.00,      0.00,      0.00,1,1,0,0
H5,096,2022,630120,N52,   ,      0.00,      0.00,      0.00,      0.00,1,1,0,0
H5,096,2022,630130,N52,   ,      0.00,      0.00,      0.00,      0.00,2,2,0,0
H5,096,2022,630140,N52,   ,      0.00,      0.00,      0.00,      0.00,2,2,0,0
H5,096,2022,630190,N52,   ,      0.00,      0.00,      0.00,      0.00,2,2,0,0
H5,096,2022,630210,N52,   ,      0.00,      0.00,      0.00,      0.00,1,1,0,0
H5,096,2022,630221,N52,   ,      0.00,      0.00,      0.00,      0.00,1,1,0,0
H5,096,2022,630222,N52,   ,      0.00,      0.00,      0.00,      0.00,2,2,0,0
H5,096,2022,630229,N52,   ,      0.00,      0.00,      0.00,      0.00,1,1,0,0
H5,096,2022,630231,N52,   ,      0.00,      0.00,      0.00,      0.00,1,1,0,0
H5,096,2022,630232,N52,   ,      0.00,      0.00,      0.00,      0.00,2,2,0,0
H5,096,2022,630239,N52,   ,      0.00,      0.00,      0.00,      0.00,1,1,0,0
H5,096,2022,630240,N52,   ,      0.00,      0.00,      0.00,      0.00,1,1,0,0
H5,096,2022,630251,N52,   ,      0.00,      0.00,      0.00,      0.00,2,2,0,0
H5,096,2022,630253,N52,   ,      0.00,      0.00,      0.00,      0.00,1,1,0,0
H5,096,2022,630259,N52,   ,      0.00,      0.00,      0.00,      0.00,2,2,0,0
H5,096,2022,630260,N52,   ,      0.00,      0.00,      0.00,      0.00,1,1,0,0
H5,096,2022,630291,N52,   ,      0.00,      0.00,      0.00,      0.00,1,1,0,0
H5,096,2022,630293,N52,   ,      0.00,      0.00,      0.00,      0.00,1,1,0,0
H5,096,2022,630299,N52,   ,      0.00,      0.00,      0.00,      0.00,2,2,0,0
H5,096,2022,630312,N52,   ,      0.00,      0.00,      0.00,      0.00,1,1,0,0
H5,096,2022,630319,N52,   ,      0.00,      0.00,      0.00,      0.00,2,2,0,0
H5,096,2022,630391,N52,   ,      0.00,      0.00,      0.00,      0.00,1,1,0,0
H5,096,2022,630392,N52,   ,      0.00,      0.00,      0.00,      0.00,1,1,0,0
H5,096,2022,630399,N52,   ,      0.00,      0.00,      0.00,      0.00,1,1,0,0
H5,096,2022,630411,N52,   ,      0.00,      0.00,      0.00,      0.00,1,1,0,0
H5,096,2022,630419,N52,   ,      0.00,      0.00,      0.00,      0.00,3,3,0,0
H5,096,2022,630420,N52,   ,      0.00,      0.00,      0.00,      0.00,1,1,0,0
H5,096,2022,630491,N52,   ,      0.00,      0.00,      0.00,      0.00,2,1,1,0
H5,096,2022,630492,N52,   ,      0.00,      0.00,      0.00,      0.00,1,1,0,0
H5,096,2022,630493,N52,   ,      0.00,      0.00,      0.00,      0.00,1,1,0,0
H5,096,2022,630499,N52,   ,      0.00,      0.00,      0.00,      0.00,1,1,0,0
H5,096,2022,630619,N52,   ,      0.00,      0.00,      0.00,      0.00,3,3,0,0
H5,096,2022,630629,N52,   ,      0.00,      0.00,      0.00,      0.00,2,2,0,0
H5,096,2022,630640,N52,   ,      0.00,      0.00,      0.00,      0.00,2,2,0,0
H5,096,2022,630690,N52,   ,      0.00,      0.00,      0.00,      0.00,3,3,0,0
H5,096,2022,630710,N52,   ,      0.00,      0.00,      0.00,      0.00,3,2,1,0
H5,096,2022,631010,N52,   ,      0.00,      0.00,      0.00,      0.00,2,1,1,0
H5,096,2022,631090,N52,   ,      0.00,      0.00,      0.00,      0.00,2,1,1,0
H5,096,2022,640110,N52,   ,      0.00,      0.00,      0.00,      0.00,1,1,0,0
H5,096,2022,640192,N52,   ,      0.00,      0.00,      0.00,      0.00,1,1,0,0
H5,096,2022,640199,N52,   ,      0.00,      0.00,      0.00,      0.00,2,2,0,0
H5,096,2022,640212,N52,   ,      0.00,      0.00,      0.00,      0.00,1,1,0,0
H5,096,2022,640219,N52,   ,      0.00,      0.00,      0.00,      0.00,2,2,0,0
H5,096,2022,640220,N52,   ,      0.00,      0.00,      0.00,      0.00,1,1,0,0
H5,096,2022,640291,N52,   ,      0.00,      0.00,      0.00,      0.00,3,3,0,0
H5,096,2022,640299,N52,   ,      0.00,      0.00,      0.00,      0.00,2,2,0,0
H5,096,2022,640312,N52,   ,      0.00,      0.00,      0.00,      0.00,1,1,0,0
H5,096,2022,640319,N52,   ,      0.00,      0.00,      0.00,      0.00,4,4,0,0
H5,096,2022,640320,N52,   ,      0.00,      0.00,      0.00,      0.00,1,1,0,0
H5,096,2022,640340,N52,   ,      0.00,      0.00,      0.00,      0.00,1,1,0,0
H5,096,2022,640351,N52,   ,      0.00,      0.00,      0.00,      0.00,1,1,0,0
H5,096,2022,640359,N52,   ,      0.00,      0.00,      0.00,      0.00,2,2,0,0
H5,096,2022,640391,N52,   ,      0.00,      0.00,      0.00,      0.00,3,3,0,0
H5,096,2022,640399,N52,   ,      0.00,      0.00,      0.00,      0.00,3,3,0,0
H5,096,2022,640411,N52,   ,      0.00,      0.00,      0.00,      0.00,3,3,0,0
H5,096,2022,640419,N52,   ,      0.00,      0.00,      0.00,      0.00,1,1,0,0
H5,096,2022,640420,N52,   ,      0.00,      0.00,      0.00,      0.00,1,1,0,0
H5,096,2022,640510,N52,   ,      0.00,      0.00,      0.00,      0.00,1,1,0,0
H5,096,2022,640520,N52,   ,      0.00,      0.00,      0.00,      0.00,1,1,0,0
H5,096,2022,640590,N52,   ,      0.00,      0.00,      0.00,      0.00,1,1,0,0
H5,096,2022,640610,N52,   ,      0.00,      0.00,      0.00,      0.00,2,1,1,0
H5,096,2022,640620,N52,   ,      0.00,      0.00,      0.00,      0.00,2,2,0,0
H5,096,2022,640690,N52,   ,      0.00,      0.00,      0.00,      0.00,11,7,4,0
H5,096,2022,852329,N52,   ,      0.00,      0.00,      0.00,      0.00,32,14,18,0
H5,096,2022,852349,N52,   ,      0.00,      0.00,      0.00,      0.00,11,6,5,0
H5,096,2022,852351,N52,   ,      0.00,      0.00,      0.00,      0.00,8,3,5,0
H5,096,2022,852359,N52,   ,      0.00,      0.00,      0.00,      0.00,6,1,5,0
H5,096,2022,852380,N52,   ,      0.00,      0.00,      0.00,      0.00,6,2,4,0
H5,096,2022,920110,N52,   ,      0.00,      0.00,      0.00,      0.00,1,1,0,0
H5,096,2022,920120,N52,   ,      0.00,      0.00,      0.00,      0.00,1,1,0,0
H5,096,2022,920190,N52,   ,      0.00,      0.00,      0.00,      0.00,1,1,0,0
H5,096,2022,920210,N52,   ,      0.00,      0.00,      0.00,      0.00,1,1,0,0
H5,096,2022,920290,N52,   ,      0.00,      0.00,      0.00,      0.00,1,1,0,0
H5,096,2022,920510,N52,   ,      0.00,      0.00,      0.00,      0.00,1,1,0,0
H5,096,2022,920590,N52,   ,      0.00,      0.00,      0.00,      0.00,2,2,0,0
H5,096,2022,920600,N52,   ,      0.00,      0.00,      0.00,      0.00,1,1,0,0
H5,096,2022,920710,N52,   ,      0.00,      0.00,      0.00,      0.00,1,1,0,0
H5,096,2022,920790,N52,   ,      0.00,      0.00,      0.00,      0.00,1,1,0,0
H5,096,2022,920890,N52,   ,      0.00,      0.00,      0.00,      0.00,2,1,1,0
H5,096,2022,920930,N52,   ,      0.00,      0.00,      0.00,      0.00,1,1,0,0
H5,096,2022,920991,N52,   ,      0.00,      0.00,      0.00,      0.00,2,2,0,0
H5,096,2022,920992,N52,   ,      0.00,      0.00,      0.00,      0.00,1,1,0,0
H5,096,2022,920994,N52,   ,      0.00,      0.00,      0.00,      0.00,1,1,0,0
H5,096,2022,920999,N52,   ,      0.00,      0.00,      0.00,      0.00,1,1,0,0
H5,096,2022,940120,N52,   ,      0.00,      0.00,      0.00,      0.00,2,2,0,0
H5,096,2022,940130,N52,   ,      0.00,      0.00,      0.00,      0.00,1,1,0,0
H5,096,2022,940140,N52,   ,      0.00,      0.00,      0.00,      0.00,1,1,0,0
H5,096,2022,940152,N52,   ,      0.00,      0.00,      0.00,      0.00,1,1,0,0
H5,096,2022,940153,N52,   ,      0.00,      0.00,      0.00,      0.00,1,1,0,0
H5,096,2022,940159,N52,   ,      0.00,      0.00,      0.00,      0.00,1,1,0,0
H5,096,2022,940161,N52,   ,      0.00,      0.00,      0.00,      0.00,1,1,0,0
H5,096,2022,940169,N52,   ,      0.00,      0.00,      0.00,      0.00,2,2,0,0
H5,096,2022,940171,N52,   ,      0.00,      0.00,      0.00,      0.00,1,1,0,0
H5,096,2022,940179,N52,   ,      0.00,      0.00,      0.00,      0.00,2,2,0,0
H5,096,2022,940180,N52,   ,      0.00,      0.00,      0.00,      0.00,1,1,0,0
H5,096,2022,940190,N52,   ,      0.00,      0.00,      0.00,      0.00,6,6,0,0
H5,096,2022,940210,N52,   ,      0.00,      0.00,      0.00,      0.00,2,2,0,0
H5,096,2022,940290,N52,   ,      0.00,      0.00,      0.00,      0.00,3,3,0,0
H5,096,2022,940310,N52,   ,      0.00,      0.00,      0.00,      0.00,1,1,0,0
H5,096,2022,940320,N52,   ,      0.00,      0.00,      0.00,      0.00,2,2,0,0
H5,096,2022,940330,N52,   ,      0.00,      0.00,      0.00,      0.00,1,1,0,0
H5,096,2022,940340,N52,   ,      0.00,      0.00,      0.00,      0.00,1,1,0,0
H5,096,2022,940350,N52,   ,      0.00,      0.00,      0.00,      0.00,1,1,0,0
H5,096,2022,940360,N52,   ,      0.00,      0.00,      0.00,      0.00,2,2,0,0
H5,096,2022,940370,N52,   ,      0.00,      0.00,      0.00,      0.00,3,2,1,0
H5,096,2022,940382,N52,   ,      0.00,      0.00,      0.00,      0.00,1,1,0,0
H5,096,2022,940383,N52,   ,      0.00,      0.00,      0.00,      0.00,1,1,0,0
H5,096,2022,940389,N52,   ,      0.00,      0.00,      0.00,      0.00,2,2,0,0
H5,096,2022,940390,N52,   ,      0.00,      0.00,      0.00,      0.00,2,1,1,0
H5,096,2022,940410,N52,   ,      0.00,      0.00,      0.00,      0.00,1,1,0,0
H5,096,2022,940421,N52,   ,      0.00,      0.00,      0.00,      0.00,2,2,0,0
H5,096,2022,940429,N52,   ,      0.00,      0.00,      0.00,      0.00,3,3,0,0
H5,096,2022,940430,N52,   ,      0.00,      0.00,      0.00,      0.00,1,1,0,0
H5,096,2022,940490,N52,   ,      0.00,      0.00,      0.00,      0.00,2,2,0,0
H5,096,2022,940510,N52,   ,      0.00,      0.00,      0.00,      0.00,4,4,0,0
H5,096,2022,940520,N52,   ,      0.00,      0.00,      0.00,      0.00,2,2,0,0
H5,096,2022,940530,N52,   ,      0.00,      0.00,      0.00,      0.00,1,1,0,0
H5,096,2022,940540,N52,   ,      0.00,      0.00,      0.00,      0.00,8,8,0,0
H5,096,2022,940560,N52,   ,      0.00,      0.00,      0.00,      0.00,2,1,1,0
H5,096,2022,940599,N52,   ,      0.00,      0.00,      0.00,      0.00,6,1,5,0
H5,096,2022,950300,N52,   ,      0.00,      0.00,      0.00,      0.00,14,1,13,0
H5,096,2022,950510,N52,   ,      0.00,      0.00,      0.00,      0.00,1,1,0,0
H5,096,2022,950590,N52,   ,      0.00,      0.00,      0.00,      0.00,1,1,0,0
H5,096,2022,950640,N52,   ,      0.00,      0.00,      0.00,      0.00,2,2,0,0
H5,096,2022,090111,T00,   ,      0.00,      0.00,      0.00,      0.00,2,2,0,0
H5,096,2022,090112,T00,   ,      0.00,      0.00,      0.00,      0.00,2,2,0,0
H5,096,2022,090121,T00,   ,      0.00,      0.00,      0.00,      0.00,2,2,0,0
H5,096,2022,090122,T00,   ,      0.00,      0.00,      0.00,      0.00,2,2,0,0
H5,096,2022,090210,T00,   ,      0.00,      0.00,      0.00,      0.00,2,2,0,0
H5,096,2022,090220,T00,   ,      0.00,      0.00,      0.00,      0.00,2,2,0,0
H5,096,2022,090230,T00,   ,      0.00,      0.00,      0.00,      0.00,2,2,0,0
H5,096,2022,090240,T00,   ,      0.00,      0.00,      0.00,      0.00,2,2,0,0
H5,096,2022,271012,T00,   ,      0.00,      0.00,      0.00,      0.00,22,14,8,0
H5,096,2022,271019,T00,   ,      0.00,      0.00,      0.00,      0.00,16,8,8,0
H5,096,2022,340111,T00,   ,      0.00,      0.00,      0.00,      0.00,4,3,1,0
H5,096,2022,340119,T00,   ,      0.00,      0.00,      0.00,      0.00,2,1,1,0
H5,096,2022,340120,T00,   ,      0.00,      0.00,      0.00,      0.00,3,3,0,0
H5,096,2022,340130,T00,   ,      0.00,      0.00,      0.00,      0.00,1,1,0,0
H5,096,2022,340220,T00,   ,      0.00,      0.00,      0.00,      0.00,4,4,0,0
H5,096,2022,340290,T00,   ,      0.00,      0.00,      0.00,      0.00,10,10,0,0
H5,096,2022,340311,T00,   ,      0.00,      0.00,      0.00,      0.00,3,3,0,0
H5,096,2022,340319,T00,   ,      0.00,      0.00,      0.00,      0.00,4,4,0,0
H5,096,2022,340391,T00,   ,      0.00,      0.00,      0.00,      0.00,3,3,0,0
H5,096,2022,340399,T00,   ,      0.00,      0.00,      0.00,      0.00,4,4,0,0
H5,096,2022,340540,T00,   ,      0.00,      0.00,      0.00,      0.00,2,2,0,0
H5,096,2022,440121,T00,   ,      0.00,      0.00,      0.00,      0.00,1,1,0,0
H5,096,2022,440122,T00,   ,      0.00,      0.00,      0.00,      0.00,1,1,0,0
H5,096,2022,440131,T00,   ,      0.00,      0.00,      0.00,      0.00,1,1,0,0
H5,096,2022,440139,T00,   ,      0.00,      0.00,      0.00,      0.00,1,1,0,0
H5,096,2022,440140,T00,   ,      0.00,      0.00,      0.00,      0.00,1,1,0,0
H5,096,2022,440311,T00,   ,      0.00,      0.00,      0.00,      0.00,2,2,0,0
H5,096,2022,440312,T00,   ,      0.00,      0.00,      0.00,      0.00,2,2,0,0
H5,096,2022,440321,T00,   ,      0.00,      0.00,      0.00,      0.00,2,2,0,0
H5,096,2022,440322,T00,   ,      0.00,      0.00,      0.00,      0.00,2,2,0,0
H5,096,2022,440323,T00,   ,      0.00,      0.00,      0.00,      0.00,2,2,0,0
H5,096,2022,440324,T00,   ,      0.00,      0.00,      0.00,      0.00,2,2,0,0
H5,096,2022,440325,T00,   ,      0.00,      0.00,      0.00,      0.00,2,2,0,0
H5,096,2022,440326,T00,   ,      0.00,      0.00,      0.00,      0.00,2,2,0,0
H5,096,2022,440341,T00,   ,      0.00,      0.00,      0.00,      0.00,2,2,0,0
H5,096,2022,440349,T00,   ,      0.00,      0.00,      0.00,      0.00,2,2,0,0
H5,096,2022,440391,T00,   ,      0.00,      0.00,      0.00,      0.00,2,2,0,0
H5,096,2022,440393,T00,   ,      0.00,      0.00,      0.00,      0.00,2,2,0,0
H5,096,2022,440394,T00,   ,      0.00,      0.00,      0.00,      0.00,2,2,0,0
H5,096,2022,440395,T00,   ,      0.00,      0.00,      0.00,      0.00,2,2,0,0
H5,096,2022,440396,T00,   ,      0.00,      0.00,      0.00,      0.00,2,2,0,0
H5,096,2022,440397,T00,   ,      0.00,      0.00,      0.00,      0.00,2,2,0,0
H5,096,2022,440398,T00,   ,      0.00,      0.00,      0.00,      0.00,2,2,0,0
H5,096,2022,440399,T00,   ,      0.00,      0.00,      0.00,      0.00,2,2,0,0
H5,096,2022,440410,T00,   ,      0.00,      0.00,      0.00,      0.00,1,1,0,0
H5,096,2022,440420,T00,   ,      0.00,      0.00,      0.00,      0.00,2,2,0,0
H5,096,2022,440500,T00,   ,      0.00,      0.00,      0.00,      0.00,2,2,0,0
H5,096,2022,440611,T00,   ,      0.00,      0.00,      0.00,      0.00,1,1,0,0
H5,096,2022,440612,T00,   ,      0.00,      0.00,      0.00,      0.00,1,1,0,0
H5,096,2022,440691,T00,   ,      0.00,      0.00,      0.00,      0.00,1,1,0,0
H5,096,2022,440692,T00,   ,      0.00,      0.00,      0.00,      0.00,1,1,0,0
H5,096,2022,440711,T00,   ,      0.00,      0.00,      0.00,      0.00,1,1,0,0
H5,096,2022,440712,T00,   ,      0.00,      0.00,      0.00,      0.00,1,1,0,0
H5,096,2022,440719,T00,   ,      0.00,      0.00,      0.00,      0.00,1,1,0,0
H5,096,2022,440721,T00,   ,      0.00,      0.00,      0.00,      0.00,2,2,0,0
H5,096,2022,440722,T00,   ,      0.00,      0.00,      0.00,      0.00,2,2,0,0
H5,096,2022,440725,T00,   ,      0.00,      0.00,      0.00,      0.00,4,4,0,0
H5,096,2022,440726,T00,   ,      0.00,      0.00,      0.00,      0.00,2,2,0,0
H5,096,2022,440727,T00,   ,      0.00,      0.00,      0.00,      0.00,2,2,0,0
H5,096,2022,440728,T00,   ,      0.00,      0.00,      0.00,      0.00,2,2,0,0
H5,096,2022,440729,T00,   ,      0.00,      0.00,      0.00,      0.00,24,24,0,0
H5,096,2022,440791,T00,   ,      0.00,      0.00,      0.00,      0.00,2,2,0,0
H5,096,2022,440792,T00,   ,      0.00,      0.00,      0.00,      0.00,2,2,0,0
H5,096,2022,440793,T00,   ,      0.00,      0.00,      0.00,      0.00,2,2,0,0
H5,096,2022,440794,T00,   ,      0.00,      0.00,      0.00,      0.00,2,2,0,0
H5,096,2022,440795,T00,   ,      0.00,      0.00,      0.00,      0.00,2,2,0,0
H5,096,2022,440796,T00,   ,      0.00,      0.00,      0.00,      0.00,2,2,0,0
H5,096,2022,440797,T00,   ,      0.00,      0.00,      0.00,      0.00,2,2,0,0
H5,096,2022,440799,T00,   ,      0.00,      0.00,      0.00,      0.00,2,2,0,0
H5,096,2022,440810,T00,   ,      0.00,      0.00,      0.00,      0.00,3,3,0,0
H5,096,2022,440831,T00,   ,      0.00,      0.00,      0.00,      0.00,1,1,0,0
H5,096,2022,440839,T00,   ,      0.00,      0.00,      0.00,      0.00,3,3,0,0
H5,096,2022,440890,T00,   ,      0.00,      0.00,      0.00,      0.00,2,2,0,0
H5,096,2022,440910,T00,   ,      0.00,      0.00,      0.00,      0.00,1,1,0,0
H5,096,2022,440921,T00,   ,      0.00,      0.00,      0.00,      0.00,1,1,0,0
H5,096,2022,440922,T00,   ,      0.00,      0.00,      0.00,      0.00,1,1,0,0
H5,096,2022,440929,T00,   ,      0.00,      0.00,      0.00,      0.00,1,1,0,0
H5,096,2022,441011,T00,   ,      0.00,      0.00,      0.00,      0.00,1,1,0,0
H5,096,2022,441012,T00,   ,      0.00,      0.00,      0.00,      0.00,1,1,0,0
H5,096,2022,441019,T00,   ,      0.00,      0.00,      0.00,      0.00,1,1,0,0
H5,096,2022,441090,T00,   ,      0.00,      0.00,      0.00,      0.00,1,1,0,0
H5,096,2022,441210,T00,   ,      0.00,      0.00,      0.00,      0.00,1,1,0,0
H5,096,2022,441231,T00,   ,      0.00,      0.00,      0.00,      0.00,1,1,0,0
H5,096,2022,441233,T00,   ,      0.00,      0.00,      0.00,      0.00,1,1,0,0
H5,096,2022,441234,T00,   ,      0.00,      0.00,      0.00,      0.00,1,1,0,0
H5,096,2022,441239,T00,   ,      0.00,      0.00,      0.00,      0.00,1,1,0,0
H5,096,2022,441294,T00,   ,      0.00,      0.00,      0.00,      0.00,1,1,0,0
H5,096,2022,441299,T00,   ,      0.00,      0.00,      0.00,      0.00,4,4,0,0
H5,096,2022,441300,T00,   ,      0.00,      0.00,      0.00,      0.00,1,1,0,0
H5,096,2022,441600,T00,   ,      0.00,      0.00,      0.00,      0.00,2,1,1,0
H5,096,2022,441850,T00,   ,      0.00,      0.00,      0.00,      0.00,1,1,0,0
H5,096,2022,441860,T00,   ,      0.00,      0.00,      0.00,      0.00,1,1,0,0
H5,096,2022,441873,T00,   ,      0.00,      0.00,      0.00,      0.00,2,2,0,0
H5,096,2022,441874,T00,   ,      0.00,      0.00,      0.00,      0.00,1,1,0,0
H5,096,2022,441875,T00,   ,      0.00,      0.00,      0.00,      0.00,1,1,0,0
H5,096,2022,441879,T00,   ,      0.00,      0.00,      0.00,      0.00,1,1,0,0
H5,096,2022,441891,T00,   ,      0.00,      0.00,      0.00,      0.00,1,1,0,0
H5,096,2022,441899,T00,   ,      0.00,      0.00,      0.00,      0.00,2,2,0,0
H5,096,2022,442191,T00,   ,      0.00,      0.00,      0.00,      0.00,7,1,6,0
H5,096,2022,442199,T00,   ,      0.00,      0.00,      0.00,      0.00,11,2,9,0
H5,096,2022,460121,T00,   ,      0.00,      0.00,      0.00,      0.00,1,1,0,0
H5,096,2022,460122,T00,   ,      0.00,      0.00,      0.00,      0.00,1,1,0,0
H5,096,2022,460129,T00,   ,      0.00,      0.00,      0.00,      0.00,1,1,0,0
H5,096,2022,460199,T00,   ,      0.00,      0.00,      0.00,      0.00,4,1,3,0
H5,096,2022,590210,T00,   ,      0.00,      0.00,      0.00,      0.00,4,4,0,0
H5,096,2022,590220,T00,   ,      0.00,      0.00,      0.00,      0.00,3,3,0,0
H5,096,2022,590290,T00,   ,      0.00,      0.00,      0.00,      0.00,2,2,0,0
H5,096,2022,590310,T00,   ,      0.00,      0.00,      0.00,      0.00,2,2,0,0
H5,096,2022,590320,T00,   ,      0.00,      0.00,      0.00,      0.00,1,1,0,0
H5,096,2022,590390,T00,   ,      0.00,      0.00,      0.00,      0.00,2,2,0,0
H5,096,2022,590410,T00,   ,      0.00,      0.00,      0.00,      0.00,1,1,0,0
H5,096,2022,590490,T00,   ,      0.00,      0.00,      0.00,      0.00,1,1,0,0
H5,096,2022,590691,T00,   ,      0.00,      0.00,      0.00,      0.00,1,1,0,0
H5,096,2022,590699,T00,   ,      0.00,      0.00,      0.00,      0.00,2,2,0,0
H5,096,2022,590700,T00,   ,      0.00,      0.00,      0.00,      0.00,6,5,1,0
H5,096,2022,630110,T00,   ,      0.00,      0.00,      0.00,      0.00,1,1,0,0
H5,096,2022,630120,T00,   ,      0.00,      0.00,      0.00,      0.00,1,1,0,0
H5,096,2022,630130,T00,   ,      0.00,      0.00,      0.00,      0.00,2,2,0,0
H5,096,2022,630140,T00,   ,      0.00,      0.00,      0.00,      0.00,2,2,0,0
H5,096,2022,630190,T00,   ,      0.00,      0.00,      0.00,      0.00,2,2,0,0
H5,096,2022,630210,T00,   ,      0.00,      0.00,      0.00,      0.00,1,1,0,0
H5,096,2022,630221,T00,   ,      0.00,      0.00,      0.00,      0.00,1,1,0,0
H5,096,2022,630222,T00,   ,      0.00,      0.00,      0.00,      0.00,2,2,0,0
H5,096,2022,630229,T00,   ,      0.00,      0.00,      0.00,      0.00,1,1,0,0
H5,096,2022,630231,T00,   ,      0.00,      0.00,      0.00,      0.00,1,1,0,0
H5,096,2022,630232,T00,   ,      0.00,      0.00,      0.00,      0.00,2,2,0,0
H5,096,2022,630239,T00,   ,      0.00,      0.00,      0.00,      0.00,1,1,0,0
H5,096,2022,630240,T00,   ,      0.00,      0.00,      0.00,      0.00,1,1,0,0
H5,096,2022,630251,T00,   ,      0.00,      0.00,      0.00,      0.00,2,2,0,0
H5,096,2022,630253,T00,   ,      0.00,      0.00,      0.00,      0.00,1,1,0,0
H5,096,2022,630259,T00,   ,      0.00,      0.00,      0.00,      0.00,2,2,0,0
H5,096,2022,630260,T00,   ,      0.00,      0.00,      0.00,      0.00,1,1,0,0
H5,096,2022,630291,T00,   ,      0.00,      0.00,      0.00,      0.00,1,1,0,0
H5,096,2022,630293,T00,   ,      0.00,      0.00,      0.00,      0.00,1,1,0,0
H5,096,2022,630299,T00,   ,      0.00,      0.00,      0.00,      0.00,2,2,0,0
H5,096,2022,630312,T00,   ,      0.00,      0.00,      0.00,      0.00,1,1,0,0
H5,096,2022,630319,T00,   ,      0.00,      0.00,      0.00,      0.00,2,2,0,0
H5,096,2022,630391,T00,   ,      0.00,      0.00,      0.00,      0.00,1,1,0,0
H5,096,2022,630392,T00,   ,      0.00,      0.00,      0.00,      0.00,1,1,0,0
H5,096,2022,630399,T00,   ,      0.00,      0.00,      0.00,      0.00,1,1,0,0
H5,096,2022,630411,T00,   ,      0.00,      0.00,      0.00,      0.00,1,1,0,0
H5,096,2022,630419,T00,   ,      0.00,      0.00,      0.00,      0.00,3,3,0,0
H5,096,2022,630420,T00,   ,      0.00,      0.00,      0.00,      0.00,1,1,0,0
H5,096,2022,630491,T00,   ,      0.00,      0.00,      0.00,      0.00,2,1,1,0
H5,096,2022,630492,T00,   ,      0.00,      0.00,      0.00,      0.00,1,1,0,0
H5,096,2022,630493,T00,   ,      0.00,      0.00,      0.00,      0.00,1,1,0,0
H5,096,2022,630499,T00,   ,      0.00,      0.00,      0.00,      0.00,1,1,0,0
H5,096,2022,630619,T00,   ,      0.00,      0.00,      0.00,      0.00,3,3,0,0
H5,096,2022,630629,T00,   ,      0.00,      0.00,      0.00,      0.00,2,2,0,0
H5,096,2022,630640,T00,   ,      0.00,      0.00,      0.00,      0.00,2,2,0,0
H5,096,2022,630690,T00,   ,      0.00,      0.00,      0.00,      0.00,3,3,0,0
H5,096,2022,630710,T00,   ,      0.00,      0.00,      0.00,      0.00,3,2,1,0
H5,096,2022,631010,T00,   ,      0.00,      0.00,      0.00,      0.00,2,1,1,0
H5,096,2022,631090,T00,   ,      0.00,      0.00,      0.00,      0.00,2,1,1,0
H5,096,2022,640110,T00,   ,      0.00,      0.00,      0.00,      0.00,1,1,0,0
H5,096,2022,640192,T00,   ,      0.00,      0.00,      0.00,      0.00,1,1,0,0
H5,096,2022,640199,T00,   ,      0.00,      0.00,      0.00,      0.00,2,2,0,0
H5,096,2022,640212,T00,   ,      0.00,      0.00,      0.00,      0.00,1,1,0,0
H5,096,2022,640219,T00,   ,      0.00,      0.00,      0.00,      0.00,2,2,0,0
H5,096,2022,640220,T00,   ,      0.00,      0.00,      0.00,      0.00,1,1,0,0
H5,096,2022,640291,T00,   ,      0.00,      0.00,      0.00,      0.00,3,3,0,0
H5,096,2022,640299,T00,   ,      0.00,      0.00,      0.00,      0.00,2,2,0,0
H5,096,2022,640312,T00,   ,      0.00,      0.00,      0.00,      0.00,1,1,0,0
H5,096,2022,640319,T00,   ,      0.00,      0.00,      0.00,      0.00,4,4,0,0
H5,096,2022,640320,T00,   ,      0.00,      0.00,      0.00,      0.00,1,1,0,0
H5,096,2022,640340,T00,   ,      0.00,      0.00,      0.00,      0.00,1,1,0,0
H5,096,2022,640351,T00,   ,      0.00,      0.00,      0.00,      0.00,1,1,0,0
H5,096,2022,640359,T00,   ,      0.00,      0.00,      0.00,      0.00,2,2,0,0
H5,096,2022,640391,T00,   ,      0.00,      0.00,      0.00,      0.00,3,3,0,0
H5,096,2022,640399,T00,   ,      0.00,      0.00,      0.00,      0.00,3,3,0,0
H5,096,2022,640411,T00,   ,      0.00,      0.00,      0.00,      0.00,3,3,0,0
H5,096,2022,640419,T00,   ,      0.00,      0.00,      0.00,      0.00,1,1,0,0
H5,096,2022,640420,T00,   ,      0.00,      0.00,      0.00,      0.00,1,1,0,0
H5,096,2022,640510,T00,   ,      0.00,      0.00,      0.00,      0.00,1,1,0,0
H5,096,2022,640520,T00,   ,      0.00,      0.00,      0.00,      0.00,1,1,0,0
H5,096,2022,640590,T00,   ,      0.00,      0.00,      0.00,      0.00,1,1,0,0
H5,096,2022,640610,T00,   ,      0.00,      0.00,      0.00,      0.00,2,1,1,0
H5,096,2022,640620,T00,   ,      0.00,      0.00,      0.00,      0.00,2,2,0,0
H5,096,2022,640690,T00,   ,      0.00,      0.00,      0.00,      0.00,11,7,4,0
H5,096,2022,852329,T00,   ,      0.00,      0.00,      0.00,      0.00,32,14,18,0
H5,096,2022,852349,T00,   ,      0.00,      0.00,      0.00,      0.00,11,6,5,0
H5,096,2022,852351,T00,   ,      0.00,      0.00,      0.00,      0.00,8,3,5,0
H5,096,2022,852359,T00,   ,      0.00,      0.00,      0.00,      0.00,6,1,5,0
H5,096,2022,852380,T00,   ,      0.00,      0.00,      0.00,      0.00,6,2,4,0
H5,096,2022,920110,T00,   ,      0.00,      0.00,      0.00,      0.00,1,1,0,0
H5,096,2022,920120,T00,   ,      0.00,      0.00,      0.00,      0.00,1,1,0,0
H5,096,2022,920190,T00,   ,      0.00,      0.00,      0.00,      0.00,1,1,0,0
H5,096,2022,920210,T00,   ,      0.00,      0.00,      0.00,      0.00,1,1,0,0
H5,096,2022,920290,T00,   ,      0.00,      0.00,      0.00,      0.00,1,1,0,0
H5,096,2022,920510,T00,   ,      0.00,      0.00,      0.00,      0.00,1,1,0,0
H5,096,2022,920590,T00,   ,      0.00,      0.00,      0.00,      0.00,2,2,0,0
H5,096,2022,920600,T00,   ,      0.00,      0.00,      0.00,      0.00,1,1,0,0
H5,096,2022,920710,T00,   ,      0.00,      0.00,      0.00,      0.00,1,1,0,0
H5,096,2022,920790,T00,   ,      0.00,      0.00,      0.00,      0.00,1,1,0,0
H5,096,2022,920890,T00,   ,      0.00,      0.00,      0.00,      0.00,2,1,1,0
H5,096,2022,920930,T00,   ,      0.00,      0.00,      0.00,      0.00,1,1,0,0
H5,096,2022,920991,T00,   ,      0.00,      0.00,      0.00,      0.00,2,2,0,0
H5,096,2022,920992,T00,   ,      0.00,      0.00,      0.00,      0.00,1,1,0,0
H5,096,2022,920994,T00,   ,      0.00,      0.00,      0.00,      0.00,1,1,0,0
H5,096,2022,920999,T00,   ,      0.00,      0.00,      0.00,      0.00,1,1,0,0
H5,096,2022,940120,T00,   ,      0.00,      0.00,      0.00,      0.00,2,2,0,0
H5,096,2022,940130,T00,   ,      0.00,      0.00,      0.00,      0.00,1,1,0,0
H5,096,2022,940140,T00,   ,      0.00,      0.00,      0.00,      0.00,1,1,0,0
H5,096,2022,940152,T00,   ,      0.00,      0.00,      0.00,      0.00,1,1,0,0
H5,096,2022,940153,T00,   ,      0.00,      0.00,      0.00,      0.00,1,1,0,0
H5,096,2022,940159,T00,   ,      0.00,      0.00,      0.00,      0.00,1,1,0,0
H5,096,2022,940161,T00,   ,      0.00,      0.00,      0.00,      0.00,1,1,0,0
H5,096,2022,940169,T00,   ,      0.00,      0.00,      0.00,      0.00,2,2,0,0
H5,096,2022,940171,T00,   ,      0.00,      0.00,      0.00,      0.00,1,1,0,0
H5,096,2022,940179,T00,   ,      0.00,      0.00,      0.00,      0.00,2,2,0,0
H5,096,2022,940180,T00,   ,      0.00,      0.00,      0.00,      0.00,1,1,0,0
H5,096,2022,940190,T00,   ,      0.00,      0.00,      0.00,      0.00,6,6,0,0
H5,096,2022,940210,T00,   ,      0.00,      0.00,      0.00,      0.00,2,2,0,0
H5,096,2022,940290,T00,   ,      0.00,      0.00,      0.00,      0.00,3,3,0,0
H5,096,2022,940310,T00,   ,      0.00,      0.00,      0.00,      0.00,1,1,0,0
H5,096,2022,940320,T00,   ,      0.00,      0.00,      0.00,      0.00,2,2,0,0
H5,096,2022,940330,T00,   ,      0.00,      0.00,      0.00,      0.00,1,1,0,0
H5,096,2022,940340,T00,   ,      0.00,      0.00,      0.00,      0.00,1,1,0,0
H5,096,2022,940350,T00,   ,      0.00,      0.00,      0.00,      0.00,1,1,0,0
H5,096,2022,940360,T00,   ,      0.00,      0.00,      0.00,      0.00,2,2,0,0
H5,096,2022,940370,T00,   ,      0.00,      0.00,      0.00,      0.00,3,2,1,0
H5,096,2022,940382,T00,   ,      0.00,      0.00,      0.00,      0.00,1,1,0,0
H5,096,2022,940383,T00,   ,      0.00,      0.00,      0.00,      0.00,1,1,0,0
H5,096,2022,940389,T00,   ,      0.00,      0.00,      0.00,      0.00,2,2,0,0
H5,096,2022,940390,T00,   ,      0.00,      0.00,      0.00,      0.00,2,1,1,0
H5,096,2022,940410,T00,   ,      0.00,      0.00,      0.00,      0.00,1,1,0,0
H5,096,2022,940421,T00,   ,      0.00,      0.00,      0.00,      0.00,2,2,0,0
H5,096,2022,940429,T00,   ,      0.00,      0.00,      0.00,      0.00,3,3,0,0
H5,096,2022,940430,T00,   ,      0.00,      0.00,      0.00,      0.00,1,1,0,0
H5,096,2022,940490,T00,   ,      0.00,      0.00,      0.00,      0.00,2,2,0,0
H5,096,2022,940510,T00,   ,      0.00,      0.00,      0.00,      0.00,4,4,0,0
H5,096,2022,940520,T00,   ,      0.00,      0.00,      0.00,      0.00,2,2,0,0
H5,096,2022,940530,T00,   ,      0.00,      0.00,      0.00,      0.00,1,1,0,0
H5,096,2022,940540,T00,   ,      0.00,      0.00,      0.00,      0.00,8,8,0,0
H5,096,2022,940560,T00,   ,      0.00,      0.00,      0.00,      0.00,2,1,1,0
H5,096,2022,940599,T00,   ,      0.00,      0.00,      0.00,      0.00,6,1,5,0
H5,096,2022,950300,T00,   ,      0.00,      0.00,      0.00,      0.00,14,1,13,0
H5,096,2022,950510,T00,   ,      0.00,      0.00,      0.00,      0.00,1,1,0,0
H5,096,2022,950590,T00,   ,      0.00,      0.00,      0.00,      0.00,1,1,0,0
H5,096,2022,950640,T00,   ,      0.00,      0.00,      0.00,      0.00,2,2,0,0
